# WaveFront *.obj file (generated by Autodesk ATF)

mtllib Chainstay v3.mtl

g Body13

v 9.000000 0.005000 4.750000
v 9.000000 0.005000 4.650000
v 8.023957 0.005000 4.650000
v 8.023957 0.005000 4.750000
v 20.308824 0.005000 4.650000
v 20.355882 0.005000 4.750000
v 20.355882 0.005000 4.650000
v 9.000000 -0.005000 4.650000
v 8.023957 -0.005000 4.650000
v 9.000000 -0.005000 4.750000
v 8.023957 -0.005000 4.750000
v 20.355882 -0.005000 4.750000
v 20.355882 -0.005000 4.650000
v 20.308824 -0.005000 4.650000
v -6.907895 -0.005000 4.650000
v -6.950000 -0.005000 4.750000
v -6.950000 -0.005000 4.650000
v -6.907895 0.005000 4.650000
v -6.950000 0.005000 4.650000
v -1.949359 -0.005000 4.650000
v -1.949359 0.005000 4.650000
v 3.714961 0.005000 4.650000
v 3.714961 -0.005000 4.650000
v -6.950000 0.005000 4.750000
v -1.949359 0.005000 4.750000
v 3.714961 0.005000 4.750000
v -1.949359 -0.005000 4.750000
v 3.714961 -0.005000 4.750000
v -6.950000 13.400000 4.750000
v -4.950000 13.400000 0.000000
v -4.950000 11.900000 0.000000
v -6.739474 11.900000 4.250000
v -6.739474 -11.900000 4.250000
v -4.950000 -11.900000 0.000000
v -4.950000 -13.400000 0.000000
v -6.950000 -13.400000 4.750000
v -2.537716 -11.900000 4.250000
v -2.924881 -11.900000 3.993441
v -3.286296 -11.900000 3.701723
v -3.618779 -11.900000 3.377416
v -3.919402 -11.900000 3.023374
v -4.185518 -11.900000 2.642714
v -4.414786 -11.900000 2.238787
v -4.605185 -11.900000 1.815151
v -4.755040 -11.900000 1.375533
v -4.863032 -11.900000 0.923806
v -4.928210 -11.900000 0.463945
v -4.926650 -13.400000 0.480228
v -4.856821 -13.400000 0.955926
v -4.741170 -13.400000 1.422605
v -4.580790 -13.400000 1.875863
v -4.377194 -13.400000 2.311423
v -4.132301 -13.400000 2.725176
v -3.848423 -13.400000 3.113220
v -3.528238 -13.400000 3.471892
v -3.174767 -13.400000 3.797810
v -2.791343 -13.400000 4.087897
v -2.381585 -13.400000 4.339418
v -1.949359 -13.400000 4.550000
v -1.949359 -13.400000 4.750000
v -4.928210 11.900000 0.463945
v -4.863032 11.900000 0.923806
v -4.755040 11.900000 1.375533
v -4.605185 11.900000 1.815151
v -4.414786 11.900000 2.238787
v -4.185518 11.900000 2.642714
v -3.919402 11.900000 3.023374
v -3.618779 11.900000 3.377416
v -3.286296 11.900000 3.701723
v -2.924881 11.900000 3.993441
v -2.537716 11.900000 4.250000
v -1.949359 13.400000 4.550000
v -1.949359 13.400000 4.750000
v -4.926650 13.400000 0.480228
v -4.856821 13.400000 0.955926
v -4.741170 13.400000 1.422605
v -4.580790 13.400000 1.875863
v -4.377194 13.400000 2.311423
v -4.132301 13.400000 2.725176
v -3.848423 13.400000 3.113220
v -3.528238 13.400000 3.471892
v -3.174767 13.400000 3.797810
v -2.791343 13.400000 4.087897
v -2.381585 13.400000 4.339418
v -2.381585 4.466667 4.339418
v -2.381585 -4.466667 4.339418
v 8.588256 13.400000 -4.750000
v 8.710269 13.400000 -4.734884
v 8.824906 13.400000 -4.690451
v 8.925234 13.400000 -4.619386
v 9.005187 13.400000 -4.525987
v 9.059930 13.400000 -4.415900
v 9.086155 13.400000 -4.295783
v 9.082275 13.400000 -4.172898
v 9.048525 13.400000 -4.054674
v 8.986945 13.400000 -3.948261
v 8.901260 13.400000 -3.860092
v 8.901260 11.500000 -3.860092
v 8.986945 11.500000 -3.948261
v 9.048525 11.500000 -4.054674
v 9.082275 11.500000 -4.172898
v 9.086155 11.500000 -4.295783
v 9.059930 11.500000 -4.415900
v 9.005187 11.500000 -4.525987
v 8.925234 11.500000 -4.619386
v 8.824906 11.500000 -4.690451
v 8.710269 11.500000 -4.734884
v 8.588256 11.500000 -4.750000
v 8.533029 13.400000 -3.533074
v 8.199116 13.400000 -3.171085
v 7.902825 13.400000 -2.777707
v 7.647089 13.400000 -2.356835
v 7.434441 13.400000 -1.912633
v 7.266983 13.400000 -1.449500
v 7.146375 13.400000 -0.972020
v 7.073809 13.400000 -0.484917
v 7.050005 13.400000 0.006985
v 7.075197 13.400000 0.498818
v 7.149137 13.400000 0.985713
v 7.271093 13.400000 1.462852
v 7.439856 13.400000 1.925510
v 7.653758 13.400000 2.369110
v 7.910680 13.400000 2.789259
v 8.208080 13.400000 3.181799
v 8.208080 11.500000 3.181799
v 7.910680 11.500000 2.789259
v 7.653758 11.500000 2.369110
v 7.439856 11.500000 1.925510
v 7.271093 11.500000 1.462852
v 7.149137 11.500000 0.985713
v 7.075197 11.500000 0.498818
v 7.050005 11.500000 0.006985
v 7.073809 11.500000 -0.484917
v 7.146375 11.500000 -0.972020
v 7.266983 11.500000 -1.449500
v 7.434441 11.500000 -1.912633
v 7.647089 11.500000 -2.356835
v 7.902825 11.500000 -2.777707
v 8.199116 11.500000 -3.171085
v 8.533029 11.500000 -3.533074
v 8.834726 13.400000 3.928606
v 8.902787 13.400000 4.034307
v 8.942331 13.400000 4.153644
v 8.950858 13.400000 4.279072
v 8.927828 13.400000 4.402663
v 8.874697 13.400000 4.516602
v 8.794825 13.400000 4.613687
v 8.693260 13.400000 4.687779
v 8.576424 13.400000 4.734195
v 8.451704 13.400000 4.750000
v 8.451704 11.500000 4.750000
v 8.576424 11.500000 4.734195
v 8.693260 11.500000 4.687779
v 8.794825 11.500000 4.613687
v 8.874697 11.500000 4.516602
v 8.927828 11.500000 4.402663
v 8.950858 11.500000 4.279072
v 8.942331 11.500000 4.153644
v 8.902787 11.500000 4.034307
v 8.834726 11.500000 3.928606
v 2.788663 10.000000 3.845238
v 2.697198 10.000000 3.930989
v 2.629941 10.000000 4.036798
v 2.591120 10.000000 4.156013
v 2.583177 10.000000 4.281137
v 2.606612 10.000000 4.404303
v 2.659951 10.000000 4.517768
v 2.739839 10.000000 4.614396
v 2.841255 10.000000 4.688112
v 2.957820 10.000000 4.734281
v 3.082207 10.000000 4.750000
v 3.082207 11.900000 4.750000
v 2.957820 11.900000 4.734281
v 2.841255 11.900000 4.688112
v 2.739839 11.900000 4.614396
v 2.659951 11.900000 4.517768
v 2.606612 11.900000 4.404303
v 2.583177 11.900000 4.281137
v 2.591120 11.900000 4.156013
v 2.629941 11.900000 4.036798
v 2.697198 11.900000 3.930989
v 2.788663 11.900000 3.845238
v 3.133970 11.900000 3.569416
v 3.452148 11.900000 3.262695
v 3.740441 11.900000 2.927730
v 3.996355 11.900000 2.567420
v 4.217674 11.900000 2.184886
v 4.402482 11.900000 1.783438
v 4.549180 11.900000 1.366551
v 4.656497 11.900000 0.937835
v 4.723505 11.900000 0.501000
v 4.723505 10.000000 0.501000
v 4.656497 10.000000 0.937835
v 4.549180 10.000000 1.366551
v 4.402482 10.000000 1.783438
v 4.217674 10.000000 2.184886
v 3.996355 10.000000 2.567420
v 3.740441 10.000000 2.927730
v 3.452148 10.000000 3.262695
v 3.133970 10.000000 3.569416
v 5.850000 10.000000 0.501000
v 5.979396 10.000000 0.483967
v 6.099975 10.000000 0.434027
v 6.203523 10.000000 0.354584
v 6.282984 10.000000 0.251049
v 6.332944 10.000000 0.130478
v 6.350000 10.000000 0.001085
v 6.328712 10.000000 -0.519525
v 6.264813 10.000000 -1.036638
v 6.158734 10.000000 -1.546771
v 6.011188 10.000000 -2.046489
v 5.823169 10.000000 -2.532429
v 5.595944 10.000000 -3.001318
v 5.331041 10.000000 -3.450000
v 13.568439 10.000000 -3.450000
v 13.692740 10.000000 -3.465697
v 13.809237 10.000000 -3.511803
v 13.910614 10.000000 -3.585423
v 13.990506 10.000000 -3.681935
v 14.043897 10.000000 -3.795278
v 14.067435 10.000000 -3.918335
v 14.059641 10.000000 -4.043381
v 14.021005 10.000000 -4.162564
v 13.953953 10.000000 -4.268400
v 13.862695 10.000000 -4.354244
v 13.752961 10.000000 -4.414706
v 14.125957 10.000000 -4.247683
v 14.483215 10.000000 -4.049215
v 14.822091 10.000000 -3.820773
v 15.140076 10.000000 -3.564046
v 15.434815 10.000000 -3.280936
v 15.704128 10.000000 -2.973539
v 17.839908 10.000000 -0.313004
v 17.905161 10.000000 -0.206949
v 17.942185 10.000000 -0.088059
v 17.948681 10.000000 0.036293
v 17.924248 10.000000 0.158394
v 17.870401 10.000000 0.270671
v 17.790480 10.000000 0.366160
v 17.689442 10.000000 0.438939
v 17.573552 10.000000 0.484494
v 17.450000 10.000000 0.500000
v 16.723611 10.000000 0.500000
v 16.652323 10.000000 0.958328
v 16.536672 10.000000 1.407518
v 16.377761 10.000000 1.843287
v 16.177106 10.000000 2.261478
v 15.936620 10.000000 2.658105
v 15.658595 10.000000 3.029386
v 15.345684 10.000000 3.371779
v 15.000870 10.000000 3.682021
v 14.627441 10.000000 3.957152
v 14.228957 10.000000 4.194550
v 13.809219 10.000000 4.391950
v 13.372229 10.000000 4.547470
v 12.922154 10.000000 4.659628
v 12.463286 10.000000 4.727353
v 12.000000 10.000000 4.750000
v 8.023957 10.000000 4.750000
v 8.023957 10.000000 3.550000
v 3.714961 10.000000 3.550000
v 3.714961 10.000000 4.750000
v 11.275000 13.000000 0.987421
v 11.417464 12.890412 1.077626
v 11.570965 12.772334 1.147412
v 11.732596 12.648003 1.195458
v 11.899293 12.519775 1.220853
v 12.067898 12.390078 1.223117
v 12.235217 12.261371 1.202205
v 12.398079 12.136093 1.158515
v 12.553399 12.016616 1.092875
v 12.698233 11.905206 1.006527
v 12.829837 11.803972 0.901108
v 12.945718 11.714832 0.778615
v 13.043681 11.639476 0.641370
v 13.121868 11.579332 0.491973
v 13.178799 11.535539 0.333254
v 13.213395 11.508927 0.168221
v 13.225000 11.500000 0.000000
v 13.213395 11.508927 -0.168221
v 13.178799 11.535539 -0.333254
v 13.121868 11.579332 -0.491973
v 13.043681 11.639476 -0.641370
v 12.945718 11.714832 -0.778615
v 12.829837 11.803972 -0.901108
v 12.698233 11.905206 -1.006527
v 12.553399 12.016616 -1.092875
v 12.398079 12.136093 -1.158515
v 12.235217 12.261371 -1.202205
v 12.067898 12.390078 -1.223117
v 11.899293 12.519775 -1.220853
v 11.732596 12.648003 -1.195458
v 11.570965 12.772334 -1.147412
v 11.417464 12.890412 -1.077626
v 11.275000 13.000000 -0.987421
v -1.625000 12.200000 -0.000000
v -1.600313 12.200000 0.282178
v -1.527001 12.200000 0.555783
v -1.407291 12.200000 0.812500
v -1.244822 12.200000 1.044530
v -1.044530 12.200000 1.244822
v -0.812500 12.200000 1.407291
v -0.555783 12.200000 1.527001
v -0.282178 12.200000 1.600313
v 0.000000 12.200000 1.625000
v 0.282178 12.200000 1.600313
v 0.555783 12.200000 1.527001
v 0.812500 12.200000 1.407291
v 1.044530 12.200000 1.244822
v 1.244822 12.200000 1.044530
v 1.407291 12.200000 0.812500
v 1.527001 12.200000 0.555783
v 1.600313 12.200000 0.282178
v 1.625000 12.200000 0.000000
v 1.600313 12.200000 -0.282178
v 1.527001 12.200000 -0.555783
v 1.407291 12.200000 -0.812500
v 1.244822 12.200000 -1.044530
v 1.044530 12.200000 -1.244822
v 0.812500 12.200000 -1.407291
v 0.555783 12.200000 -1.527001
v 0.282178 12.200000 -1.600313
v 0.000000 12.200000 -1.625000
v -0.282178 12.200000 -1.600313
v -0.555783 12.200000 -1.527001
v -0.812500 12.200000 -1.407291
v -1.044530 12.200000 -1.244822
v -1.244822 12.200000 -1.044530
v -1.407291 12.200000 -0.812500
v -1.527001 12.200000 -0.555783
v -1.600313 12.200000 -0.282178
v -1.925000 11.900000 0.000000
v -1.900072 11.900000 -0.308792
v -1.825933 11.900000 -0.609586
v -1.704503 11.900000 -0.894592
v -1.538927 11.900000 -1.156429
v -1.333494 11.900000 -1.388315
v -1.093525 11.900000 -1.584244
v -0.825233 11.900000 -1.739142
v -0.535569 11.900000 -1.848997
v -0.232033 11.900000 -1.910965
v 0.077512 11.900000 -1.923439
v 0.385049 11.900000 -1.886097
v 0.682614 11.900000 -1.799906
v 0.962500 11.900000 -1.667099
v 1.217457 11.900000 -1.491115
v 1.440883 11.900000 -1.276511
v 1.626991 11.900000 -1.028847
v 1.770960 11.900000 -0.754536
v 1.869063 11.900000 -0.460683
v 1.918758 11.900000 -0.154898
v 1.918758 11.900000 0.154898
v 1.869063 11.900000 0.460683
v 1.770960 11.900000 0.754536
v 1.626991 11.900000 1.028847
v 1.440883 11.900000 1.276511
v 1.217457 11.900000 1.491115
v 0.962500 11.900000 1.667099
v 0.682614 11.900000 1.799906
v 0.385049 11.900000 1.886097
v 0.077512 11.900000 1.923439
v -0.232033 11.900000 1.910965
v -0.535569 11.900000 1.848997
v -0.825233 11.900000 1.739142
v -1.093525 11.900000 1.584244
v -1.333494 11.900000 1.388315
v -1.538927 11.900000 1.156429
v -1.704503 11.900000 0.894592
v -1.825933 11.900000 0.609586
v -1.900072 11.900000 0.308792
v 0.000000 11.900000 4.750000
v -0.480550 11.900000 4.725629
v -0.956168 11.900000 4.652767
v -1.421975 11.900000 4.532161
v -1.873190 11.900000 4.365050
v -2.305184 11.900000 4.153146
v -2.713524 11.900000 3.898626
v -3.094019 11.900000 3.604101
v -3.442766 11.900000 3.272593
v -3.756185 11.900000 2.907503
v -4.031060 11.900000 2.512579
v -4.264572 11.900000 2.091872
v -4.454323 11.900000 1.649700
v -4.598366 11.900000 1.190600
v -4.695225 11.900000 0.719282
v -4.743903 11.900000 0.240584
v -4.743903 11.900000 -0.240584
v -4.695225 11.900000 -0.719282
v -4.598366 11.900000 -1.190600
v -4.454323 11.900000 -1.649700
v -4.264572 11.900000 -2.091872
v -4.031060 11.900000 -2.512579
v -3.756185 11.900000 -2.907503
v -3.442766 11.900000 -3.272593
v -3.094019 11.900000 -3.604101
v -2.713524 11.900000 -3.898626
v -2.305184 11.900000 -4.153146
v -1.873190 11.900000 -4.365050
v -1.421975 11.900000 -4.532161
v -0.956168 11.900000 -4.652767
v -0.480550 11.900000 -4.725629
v -0.000000 11.900000 -4.750000
v 5.372150 11.900000 -4.750000
v 5.248982 11.900000 -4.734592
v 5.133404 11.900000 -4.689318
v 5.032540 11.900000 -4.616967
v 4.952608 11.900000 -4.522000
v 4.898533 11.900000 -4.410269
v 4.873647 11.900000 -4.288660
v 4.879486 11.900000 -4.164669
v 4.915688 11.900000 -4.045937
v 4.980023 11.900000 -3.939781
v 5.291907 11.900000 -3.509732
v 5.566754 11.900000 -3.055119
v 5.802640 11.900000 -2.579123
v 5.997913 11.900000 -2.085076
v 6.151207 11.900000 -1.576435
v 6.261450 11.900000 -1.056762
v 6.327869 11.900000 -0.529692
v 6.350000 11.900000 0.001085
v 6.332944 11.900000 0.130478
v 6.282984 11.900000 0.251049
v 6.203523 11.900000 0.354584
v 6.099975 11.900000 0.434027
v 5.979396 11.900000 0.483967
v 5.850000 11.900000 0.501000
v -1.625000 13.400000 0.000000
v -1.600313 13.400000 0.282178
v -1.527001 13.400000 0.555783
v -1.407291 13.400000 0.812500
v -1.244822 13.400000 1.044530
v -1.044530 13.400000 1.244822
v -0.812500 13.400000 1.407291
v -0.555783 13.400000 1.527001
v -0.282178 13.400000 1.600313
v 0.000000 13.400000 1.625000
v 0.282178 13.400000 1.600313
v 0.555783 13.400000 1.527001
v 0.812500 13.400000 1.407291
v 1.044530 13.400000 1.244822
v 1.244822 13.400000 1.044530
v 1.407291 13.400000 0.812500
v 1.527001 13.400000 0.555783
v 1.600313 13.400000 0.282178
v 1.625000 13.400000 0.000000
v 1.600313 13.400000 -0.282178
v 1.527001 13.400000 -0.555783
v 1.407291 13.400000 -0.812500
v 1.244822 13.400000 -1.044530
v 1.044530 13.400000 -1.244822
v 0.812500 13.400000 -1.407291
v 0.555783 13.400000 -1.527001
v 0.282178 13.400000 -1.600313
v 0.000000 13.400000 -1.625000
v -0.282178 13.400000 -1.600313
v -0.555783 13.400000 -1.527001
v -0.812500 13.400000 -1.407291
v -1.044530 13.400000 -1.244822
v -1.244822 13.400000 -1.044530
v -1.407291 13.400000 -0.812500
v -1.527001 13.400000 -0.555783
v -1.600313 13.400000 -0.282178
v 11.103655 13.000000 0.834979
v 10.963727 13.000000 0.653271
v 10.860121 13.000000 0.448666
v 10.796468 13.000000 0.228335
v 10.775000 13.000000 -0.000000
v 10.796468 13.000000 -0.228335
v 10.860121 13.000000 -0.448666
v 10.963727 13.000000 -0.653271
v 11.103655 13.000000 -0.834979
v 13.201462 11.500000 -0.238986
v 13.131752 11.500000 -0.468787
v 13.018550 11.500000 -0.680574
v 12.866206 11.500000 -0.866206
v 12.680574 11.500000 -1.018550
v 12.468787 11.500000 -1.131752
v 12.238986 11.500000 -1.201462
v 12.000000 11.500000 -1.225000
v 11.761014 11.500000 -1.201462
v 11.531213 11.500000 -1.131752
v 11.319426 11.500000 -1.018550
v 11.133794 11.500000 -0.866206
v 10.981450 11.500000 -0.680574
v 10.868248 11.500000 -0.468787
v 10.798538 11.500000 -0.238986
v 10.775000 11.500000 0.000000
v 10.798538 11.500000 0.238986
v 10.868248 11.500000 0.468787
v 10.981450 11.500000 0.680574
v 11.133794 11.500000 0.866206
v 11.319426 11.500000 1.018550
v 11.531213 11.500000 1.131752
v 11.761014 11.500000 1.201462
v 12.000000 11.500000 1.225000
v 12.238986 11.500000 1.201462
v 12.468787 11.500000 1.131752
v 12.680574 11.500000 1.018550
v 12.866206 11.500000 0.866206
v 13.018550 11.500000 0.680574
v 13.131752 11.500000 0.468787
v 13.201462 11.500000 0.238986
v 16.723611 11.500000 0.500000
v 16.652323 11.500000 0.958328
v 16.536672 11.500000 1.407518
v 16.377761 11.500000 1.843287
v 16.177106 11.500000 2.261478
v 15.936620 11.500000 2.658105
v 15.658595 11.500000 3.029386
v 15.345684 11.500000 3.371779
v 15.000870 11.500000 3.682021
v 14.627441 11.500000 3.957152
v 14.228957 11.500000 4.194550
v 13.809219 11.500000 4.391950
v 13.372229 11.500000 4.547470
v 12.922154 11.500000 4.659628
v 12.463286 11.500000 4.727353
v 12.000000 11.500000 4.750000
v 15.704128 11.500000 -2.973539
v 17.839908 11.500000 -0.313004
v 17.905161 11.500000 -0.206949
v 17.942185 11.500000 -0.088059
v 17.948681 11.500000 0.036293
v 17.924248 11.500000 0.158394
v 17.870401 11.500000 0.270671
v 17.790480 11.500000 0.366160
v 17.689442 11.500000 0.438939
v 17.573552 11.500000 0.484494
v 17.450000 11.500000 0.500000
v 15.390845 11.500000 -3.326360
v 15.044103 11.500000 -3.646359
v 14.667324 11.500000 -3.930379
v 14.264227 11.500000 -4.175617
v 13.838787 11.500000 -4.379653
v 13.395204 11.500000 -4.540474
v 12.937854 11.500000 -4.656493
v 12.471250 11.500000 -4.726566
v 11.999996 11.500000 -4.750000
v 0.000000 13.400000 4.750000
v -0.480550 13.400000 4.725629
v -0.956168 13.400000 4.652767
v -1.421975 13.400000 4.532161
v -1.873190 13.400000 4.365050
v -2.305184 13.400000 4.153146
v -2.713524 13.400000 3.898626
v -3.094019 13.400000 3.604101
v -3.442766 13.400000 3.272593
v -3.756185 13.400000 2.907503
v -4.031060 13.400000 2.512579
v -4.264572 13.400000 2.091872
v -4.454323 13.400000 1.649700
v -4.598366 13.400000 1.190600
v -4.695225 13.400000 0.719282
v -4.743903 13.400000 0.240584
v -4.743903 13.400000 -0.240584
v -4.695225 13.400000 -0.719282
v -4.598366 13.400000 -1.190600
v -4.454323 13.400000 -1.649700
v -4.264572 13.400000 -2.091872
v -4.031060 13.400000 -2.512579
v -3.756185 13.400000 -2.907503
v -3.442766 13.400000 -3.272593
v -3.094019 13.400000 -3.604101
v -2.713524 13.400000 -3.898626
v -2.305184 13.400000 -4.153146
v -1.873190 13.400000 -4.365050
v -1.421975 13.400000 -4.532161
v -0.956168 13.400000 -4.652767
v -0.480550 13.400000 -4.725629
v -0.000000 13.400000 -4.750000
v 13.568439 -10.000000 -3.450000
v 13.692740 -10.000000 -3.465697
v 13.809237 -10.000000 -3.511803
v 13.910614 -10.000000 -3.585423
v 13.990506 -10.000000 -3.681935
v 14.043897 -10.000000 -3.795278
v 14.067435 -10.000000 -3.918335
v 14.059641 -10.000000 -4.043381
v 14.021005 -10.000000 -4.162564
v 13.953953 -10.000000 -4.268400
v 13.862695 -10.000000 -4.354244
v 13.752961 -10.000000 -4.414706
v 13.692740 -7.500000 -3.465697
v 13.692740 -5.000000 -3.465697
v 13.692740 -2.500000 -3.465697
v 13.692740 0.000000 -3.465697
v 13.692740 2.500000 -3.465697
v 13.692740 5.000000 -3.465697
v 13.692740 7.500000 -3.465697
v 13.809237 -7.500000 -3.511803
v 13.809237 -5.000000 -3.511803
v 13.809237 -2.500000 -3.511803
v 13.809237 0.000000 -3.511803
v 13.809237 2.500000 -3.511803
v 13.809237 5.000000 -3.511803
v 13.809237 7.500000 -3.511803
v 13.910614 -7.500000 -3.585423
v 13.910614 -5.000000 -3.585423
v 13.910614 -2.500000 -3.585423
v 13.910614 0.000000 -3.585423
v 13.910614 2.500000 -3.585423
v 13.910614 5.000000 -3.585423
v 13.910614 7.500000 -3.585423
v 13.990506 -7.500000 -3.681935
v 13.990506 -5.000000 -3.681935
v 13.990506 -2.500000 -3.681935
v 13.990506 0.000000 -3.681935
v 13.990506 2.500000 -3.681935
v 13.990506 5.000000 -3.681935
v 13.990506 7.500000 -3.681935
v 14.043897 -7.500000 -3.795278
v 14.043897 -5.000000 -3.795278
v 14.043897 -2.500000 -3.795278
v 14.043897 0.000000 -3.795278
v 14.043897 2.500000 -3.795278
v 14.043897 5.000000 -3.795278
v 14.043897 7.500000 -3.795278
v 14.067435 -7.500000 -3.918335
v 14.067435 -5.000000 -3.918335
v 14.067435 -2.500000 -3.918335
v 14.067435 0.000000 -3.918335
v 14.067435 2.500000 -3.918335
v 14.067435 5.000000 -3.918335
v 14.067435 7.500000 -3.918335
v 14.059641 -7.500000 -4.043381
v 14.059641 -5.000000 -4.043381
v 14.059641 -2.500000 -4.043381
v 14.059641 0.000000 -4.043381
v 14.059641 2.500000 -4.043381
v 14.059641 5.000000 -4.043381
v 14.059641 7.500000 -4.043381
v 14.021005 -7.500000 -4.162564
v 14.021005 -5.000000 -4.162564
v 14.021005 -2.500000 -4.162564
v 14.021005 0.000000 -4.162564
v 14.021005 2.500000 -4.162564
v 14.021005 5.000000 -4.162564
v 14.021005 7.500000 -4.162564
v 13.953953 -7.500000 -4.268400
v 13.953953 -5.000000 -4.268400
v 13.953953 -2.500000 -4.268400
v 13.953953 0.000000 -4.268400
v 13.953953 2.500000 -4.268400
v 13.953953 5.000000 -4.268400
v 13.953953 7.500000 -4.268400
v 13.862695 -7.500000 -4.354244
v 13.862695 -5.000000 -4.354244
v 13.862695 -2.500000 -4.354244
v 13.862695 0.000000 -4.354244
v 13.862695 2.500000 -4.354244
v 13.862695 5.000000 -4.354244
v 13.862695 7.500000 -4.354244
v 5.331041 -10.000000 -3.450000
v 8.901260 -13.400000 -3.860092
v 8.986945 -13.400000 -3.948261
v 9.048525 -13.400000 -4.054674
v 9.082275 -13.400000 -4.172898
v 9.086155 -13.400000 -4.295783
v 9.059930 -13.400000 -4.415900
v 9.005187 -13.400000 -4.525987
v 8.925234 -13.400000 -4.619386
v 8.824906 -13.400000 -4.690451
v 8.710269 -13.400000 -4.734884
v 8.588256 -13.400000 -4.750000
v 8.588256 -11.500000 -4.750000
v 8.710269 -11.500000 -4.734884
v 8.824906 -11.500000 -4.690451
v 8.925234 -11.500000 -4.619386
v 9.005187 -11.500000 -4.525987
v 9.059930 -11.500000 -4.415900
v 9.086155 -11.500000 -4.295783
v 9.082275 -11.500000 -4.172898
v 9.048525 -11.500000 -4.054674
v 8.986945 -11.500000 -3.948261
v 8.901260 -11.500000 -3.860092
v 8.533029 -11.500000 -3.533074
v 8.199116 -11.500000 -3.171085
v 7.902825 -11.500000 -2.777707
v 7.647089 -11.500000 -2.356835
v 7.434441 -11.500000 -1.912633
v 7.266983 -11.500000 -1.449500
v 7.146375 -11.500000 -0.972020
v 7.073809 -11.500000 -0.484917
v 7.050005 -11.500000 0.006985
v 7.075197 -11.500000 0.498818
v 7.149137 -11.500000 0.985713
v 7.271093 -11.500000 1.462852
v 7.439856 -11.500000 1.925510
v 7.653758 -11.500000 2.369110
v 7.910680 -11.500000 2.789259
v 8.208080 -11.500000 3.181799
v 8.208080 -13.400000 3.181799
v 7.910680 -13.400000 2.789259
v 7.653758 -13.400000 2.369110
v 7.439856 -13.400000 1.925510
v 7.271093 -13.400000 1.462852
v 7.149137 -13.400000 0.985713
v 7.075197 -13.400000 0.498818
v 7.050005 -13.400000 0.006985
v 7.073809 -13.400000 -0.484917
v 7.146375 -13.400000 -0.972020
v 7.266983 -13.400000 -1.449500
v 7.434441 -13.400000 -1.912633
v 7.647089 -13.400000 -2.356835
v 7.902825 -13.400000 -2.777707
v 8.199116 -13.400000 -3.171085
v 8.533029 -13.400000 -3.533074
v 8.451704 -13.400000 4.750000
v 8.576424 -13.400000 4.734195
v 8.693260 -13.400000 4.687779
v 8.794825 -13.400000 4.613687
v 8.874697 -13.400000 4.516602
v 8.927828 -13.400000 4.402663
v 8.950858 -13.400000 4.279072
v 8.942331 -13.400000 4.153644
v 8.902787 -13.400000 4.034307
v 8.834726 -13.400000 3.928606
v 8.834726 -11.500000 3.928606
v 8.902787 -11.500000 4.034307
v 8.942331 -11.500000 4.153644
v 8.950858 -11.500000 4.279072
v 8.927828 -11.500000 4.402663
v 8.874697 -11.500000 4.516602
v 8.794825 -11.500000 4.613687
v 8.693260 -11.500000 4.687779
v 8.576424 -11.500000 4.734195
v 8.451704 -11.500000 4.750000
v 5.372150 -11.900000 -4.750000
v 5.248982 -11.900000 -4.734592
v 5.133404 -11.900000 -4.689318
v 5.032540 -11.900000 -4.616967
v 4.952608 -11.900000 -4.522000
v 4.898533 -11.900000 -4.410269
v 4.873647 -11.900000 -4.288660
v 4.879486 -11.900000 -4.164669
v 4.915688 -11.900000 -4.045937
v 4.980023 -11.900000 -3.939781
v 5.248982 -9.255556 -4.734592
v 5.248982 -6.611111 -4.734592
v 5.248982 -3.966667 -4.734592
v 5.248982 -1.322222 -4.734592
v 5.248982 1.322222 -4.734592
v 5.248982 3.966667 -4.734592
v 5.248982 6.611111 -4.734592
v 5.248982 9.255556 -4.734592
v 5.133404 -9.255556 -4.689318
v 5.133404 -6.611111 -4.689318
v 5.133404 -3.966667 -4.689318
v 5.133404 -1.322222 -4.689318
v 5.133404 1.322222 -4.689318
v 5.133404 3.966667 -4.689318
v 5.133404 6.611111 -4.689318
v 5.133404 9.255556 -4.689318
v 5.032540 -9.255556 -4.616967
v 5.032540 -6.611111 -4.616967
v 5.032540 -3.966667 -4.616967
v 5.032540 -1.322222 -4.616967
v 5.032540 1.322222 -4.616967
v 5.032540 3.966667 -4.616967
v 5.032540 6.611111 -4.616967
v 5.032540 9.255556 -4.616967
v 4.952608 -9.255556 -4.522000
v 4.952608 -6.611111 -4.522000
v 4.952608 -3.966667 -4.522000
v 4.952608 -1.322222 -4.522000
v 4.952608 1.322222 -4.522000
v 4.952608 3.966667 -4.522000
v 4.952608 6.611111 -4.522000
v 4.952608 9.255556 -4.522000
v 4.898533 -9.255556 -4.410269
v 4.898533 -6.611111 -4.410269
v 4.898533 -3.966667 -4.410269
v 4.898533 -1.322222 -4.410269
v 4.898533 1.322222 -4.410269
v 4.898533 3.966667 -4.410269
v 4.898533 6.611111 -4.410269
v 4.898533 9.255556 -4.410269
v 4.873647 -9.255556 -4.288660
v 4.873647 -6.611111 -4.288660
v 4.873647 -3.966667 -4.288660
v 4.873647 -1.322222 -4.288660
v 4.873647 1.322222 -4.288660
v 4.873647 3.966667 -4.288660
v 4.873647 6.611111 -4.288660
v 4.873647 9.255556 -4.288660
v 4.879486 -9.255556 -4.164669
v 4.879486 -6.611111 -4.164669
v 4.879486 -3.966667 -4.164669
v 4.879486 -1.322222 -4.164669
v 4.879486 1.322222 -4.164669
v 4.879486 3.966667 -4.164669
v 4.879486 6.611111 -4.164669
v 4.879486 9.255556 -4.164669
v 4.915688 -9.255556 -4.045937
v 4.915688 -6.611111 -4.045937
v 4.915688 -3.966667 -4.045937
v 4.915688 -1.322222 -4.045937
v 4.915688 1.322222 -4.045937
v 4.915688 3.966667 -4.045937
v 4.915688 6.611111 -4.045937
v 4.915688 9.255556 -4.045937
v -0.000000 -13.400000 -4.750000
v -0.000000 -11.900000 -4.750000
v 11.999996 -11.500000 -4.750000
v 3.082207 -10.000000 4.750000
v 2.957820 -10.000000 4.734281
v 2.841255 -10.000000 4.688112
v 2.739839 -10.000000 4.614396
v 2.659951 -10.000000 4.517768
v 2.606612 -10.000000 4.404303
v 2.583177 -10.000000 4.281137
v 2.591120 -10.000000 4.156013
v 2.629941 -10.000000 4.036798
v 2.697198 -10.000000 3.930989
v 2.788663 -10.000000 3.845238
v 2.788663 -11.900000 3.845238
v 2.697198 -11.900000 3.930989
v 2.629941 -11.900000 4.036798
v 2.591120 -11.900000 4.156013
v 2.583177 -11.900000 4.281137
v 2.606612 -11.900000 4.404303
v 2.659951 -11.900000 4.517768
v 2.739839 -11.900000 4.614396
v 2.841255 -11.900000 4.688112
v 2.957820 -11.900000 4.734281
v 3.082207 -11.900000 4.750000
v 3.133970 -10.000000 3.569416
v 3.452148 -10.000000 3.262695
v 3.740441 -10.000000 2.927730
v 3.996355 -10.000000 2.567420
v 4.217674 -10.000000 2.184886
v 4.402482 -10.000000 1.783438
v 4.549180 -10.000000 1.366551
v 4.656497 -10.000000 0.937835
v 4.723505 -10.000000 0.501000
v 4.723505 -11.900000 0.501000
v 4.656497 -11.900000 0.937835
v 4.549180 -11.900000 1.366551
v 4.402482 -11.900000 1.783438
v 4.217674 -11.900000 2.184886
v 3.996355 -11.900000 2.567420
v 3.740441 -11.900000 2.927730
v 3.452148 -11.900000 3.262695
v 3.133970 -11.900000 3.569416
v 3.714961 -10.000000 4.750000
v 3.714961 -10.000000 3.550000
v 8.023957 -10.000000 3.550000
v 8.023957 -10.000000 4.750000
v 12.000000 -10.000000 4.750000
v 12.463286 -10.000000 4.727353
v 12.922154 -10.000000 4.659628
v 13.372229 -10.000000 4.547470
v 13.809219 -10.000000 4.391950
v 14.228957 -10.000000 4.194550
v 14.627441 -10.000000 3.957152
v 15.000870 -10.000000 3.682021
v 15.345684 -10.000000 3.371779
v 15.658595 -10.000000 3.029386
v 15.936620 -10.000000 2.658105
v 16.177106 -10.000000 2.261478
v 16.377761 -10.000000 1.843287
v 16.536672 -10.000000 1.407518
v 16.652323 -10.000000 0.958328
v 16.723611 -10.000000 0.500000
v 17.450000 -10.000000 0.500000
v 17.573552 -10.000000 0.484494
v 17.689442 -10.000000 0.438939
v 17.790480 -10.000000 0.366160
v 17.870401 -10.000000 0.270671
v 17.924248 -10.000000 0.158394
v 17.948681 -10.000000 0.036293
v 17.942185 -10.000000 -0.088059
v 17.905161 -10.000000 -0.206949
v 17.839908 -10.000000 -0.313004
v 15.704128 -10.000000 -2.973539
v 15.434815 -10.000000 -3.280936
v 15.140076 -10.000000 -3.564046
v 14.822091 -10.000000 -3.820773
v 14.483215 -10.000000 -4.049215
v 14.125957 -10.000000 -4.247683
v 5.595944 -10.000000 -3.001318
v 5.823169 -10.000000 -2.532429
v 6.011188 -10.000000 -2.046489
v 6.158734 -10.000000 -1.546771
v 6.264813 -10.000000 -1.036638
v 6.328712 -10.000000 -0.519525
v 6.350000 -10.000000 0.001085
v 6.332944 -10.000000 0.130478
v 6.282984 -10.000000 0.251049
v 6.203523 -10.000000 0.354584
v 6.099975 -10.000000 0.434027
v 5.979396 -10.000000 0.483967
v 5.850000 -10.000000 0.501000
v 13.225000 -11.500000 0.000000
v 13.213395 -11.508927 0.168221
v 13.178799 -11.535539 0.333254
v 13.121868 -11.579332 0.491973
v 13.043681 -11.639476 0.641370
v 12.945718 -11.714832 0.778615
v 12.829837 -11.803972 0.901108
v 12.698233 -11.905206 1.006527
v 12.553399 -12.016616 1.092875
v 12.398079 -12.136093 1.158515
v 12.235217 -12.261371 1.202205
v 12.067898 -12.390078 1.223117
v 11.899293 -12.519775 1.220853
v 11.732596 -12.648003 1.195458
v 11.570965 -12.772334 1.147412
v 11.417464 -12.890412 1.077626
v 11.275000 -13.000000 0.987421
v 11.275000 -13.000000 -0.987421
v 11.417464 -12.890412 -1.077626
v 11.570965 -12.772334 -1.147412
v 11.732596 -12.648003 -1.195458
v 11.899293 -12.519775 -1.220853
v 12.067898 -12.390078 -1.223117
v 12.235217 -12.261371 -1.202205
v 12.398079 -12.136093 -1.158515
v 12.553399 -12.016616 -1.092875
v 12.698233 -11.905206 -1.006527
v 12.829837 -11.803972 -0.901108
v 12.945718 -11.714832 -0.778615
v 13.043681 -11.639476 -0.641370
v 13.121868 -11.579332 -0.491973
v 13.178799 -11.535539 -0.333254
v 13.213395 -11.508927 -0.168221
v -1.625000 -12.200000 -0.000000
v -1.600313 -12.200000 -0.282178
v -1.527001 -12.200000 -0.555783
v -1.407291 -12.200000 -0.812500
v -1.244822 -12.200000 -1.044530
v -1.044530 -12.200000 -1.244822
v -0.812500 -12.200000 -1.407291
v -0.555783 -12.200000 -1.527001
v -0.282178 -12.200000 -1.600313
v 0.000000 -12.200000 -1.625000
v 0.282178 -12.200000 -1.600313
v 0.555783 -12.200000 -1.527001
v 0.812500 -12.200000 -1.407291
v 1.044530 -12.200000 -1.244822
v 1.244822 -12.200000 -1.044530
v 1.407291 -12.200000 -0.812500
v 1.527001 -12.200000 -0.555783
v 1.600313 -12.200000 -0.282178
v 1.625000 -12.200000 0.000000
v 1.600313 -12.200000 0.282178
v 1.527001 -12.200000 0.555783
v 1.407291 -12.200000 0.812500
v 1.244822 -12.200000 1.044530
v 1.044530 -12.200000 1.244822
v 0.812500 -12.200000 1.407291
v 0.555783 -12.200000 1.527001
v 0.282178 -12.200000 1.600313
v 0.000000 -12.200000 1.625000
v -0.282178 -12.200000 1.600313
v -0.555783 -12.200000 1.527001
v -0.812500 -12.200000 1.407291
v -1.044530 -12.200000 1.244822
v -1.244822 -12.200000 1.044530
v -1.407291 -12.200000 0.812500
v -1.527001 -12.200000 0.555783
v -1.600313 -12.200000 0.282178
v -1.925000 -11.900000 0.000000
v -1.900072 -11.900000 0.308792
v -1.825933 -11.900000 0.609586
v -1.704503 -11.900000 0.894592
v -1.538927 -11.900000 1.156429
v -1.333494 -11.900000 1.388315
v -1.093525 -11.900000 1.584244
v -0.825233 -11.900000 1.739142
v -0.535569 -11.900000 1.848997
v -0.232033 -11.900000 1.910965
v 0.077512 -11.900000 1.923439
v 0.385049 -11.900000 1.886097
v 0.682614 -11.900000 1.799906
v 0.962500 -11.900000 1.667099
v 1.217457 -11.900000 1.491115
v 1.440883 -11.900000 1.276511
v 1.626991 -11.900000 1.028847
v 1.770960 -11.900000 0.754536
v 1.869063 -11.900000 0.460683
v 1.918758 -11.900000 0.154898
v 1.918758 -11.900000 -0.154898
v 1.869063 -11.900000 -0.460683
v 1.770960 -11.900000 -0.754536
v 1.626991 -11.900000 -1.028847
v 1.440883 -11.900000 -1.276511
v 1.217457 -11.900000 -1.491115
v 0.962500 -11.900000 -1.667099
v 0.682614 -11.900000 -1.799906
v 0.385049 -11.900000 -1.886097
v 0.077512 -11.900000 -1.923439
v -0.232033 -11.900000 -1.910965
v -0.535569 -11.900000 -1.848997
v -0.825233 -11.900000 -1.739142
v -1.093525 -11.900000 -1.584244
v -1.333494 -11.900000 -1.388315
v -1.538927 -11.900000 -1.156429
v -1.704503 -11.900000 -0.894592
v -1.825933 -11.900000 -0.609586
v -1.900072 -11.900000 -0.308792
v 5.850000 -11.900000 0.501000
v 5.979396 -11.900000 0.483967
v 6.099975 -11.900000 0.434027
v 6.203523 -11.900000 0.354584
v 6.282984 -11.900000 0.251049
v 6.332944 -11.900000 0.130478
v 6.350000 -11.900000 0.001085
v 6.327869 -11.900000 -0.529692
v 6.261450 -11.900000 -1.056762
v 6.151207 -11.900000 -1.576435
v 5.997913 -11.900000 -2.085076
v 5.802640 -11.900000 -2.579123
v 5.566754 -11.900000 -3.055119
v 5.291907 -11.900000 -3.509732
v -0.480550 -11.900000 -4.725629
v -0.956168 -11.900000 -4.652767
v -1.421975 -11.900000 -4.532161
v -1.873190 -11.900000 -4.365050
v -2.305184 -11.900000 -4.153146
v -2.713524 -11.900000 -3.898626
v -3.094019 -11.900000 -3.604101
v -3.442766 -11.900000 -3.272593
v -3.756185 -11.900000 -2.907503
v -4.031060 -11.900000 -2.512579
v -4.264572 -11.900000 -2.091872
v -4.454323 -11.900000 -1.649700
v -4.598366 -11.900000 -1.190600
v -4.695225 -11.900000 -0.719282
v -4.743903 -11.900000 -0.240584
v -4.743903 -11.900000 0.240584
v -4.695225 -11.900000 0.719282
v -4.598366 -11.900000 1.190600
v -4.454323 -11.900000 1.649700
v -4.264572 -11.900000 2.091872
v -4.031060 -11.900000 2.512579
v -3.756185 -11.900000 2.907503
v -3.442766 -11.900000 3.272593
v -3.094019 -11.900000 3.604101
v -2.713524 -11.900000 3.898626
v -2.305184 -11.900000 4.153146
v -1.873190 -11.900000 4.365050
v -1.421975 -11.900000 4.532161
v -0.956168 -11.900000 4.652767
v -0.480550 -11.900000 4.725629
v 0.000000 -11.900000 4.750000
v -1.625000 -13.400000 0.000000
v -1.600313 -13.400000 -0.282178
v -1.527001 -13.400000 -0.555783
v -1.407291 -13.400000 -0.812500
v -1.244822 -13.400000 -1.044530
v -1.044530 -13.400000 -1.244822
v -0.812500 -13.400000 -1.407291
v -0.555783 -13.400000 -1.527001
v -0.282178 -13.400000 -1.600313
v 0.000000 -13.400000 -1.625000
v 0.282178 -13.400000 -1.600313
v 0.555783 -13.400000 -1.527001
v 0.812500 -13.400000 -1.407291
v 1.044530 -13.400000 -1.244822
v 1.244822 -13.400000 -1.044530
v 1.407291 -13.400000 -0.812500
v 1.527001 -13.400000 -0.555783
v 1.600313 -13.400000 -0.282178
v 1.625000 -13.400000 0.000000
v 1.600313 -13.400000 0.282178
v 1.527001 -13.400000 0.555783
v 1.407291 -13.400000 0.812500
v 1.244822 -13.400000 1.044530
v 1.044530 -13.400000 1.244822
v 0.812500 -13.400000 1.407291
v 0.555783 -13.400000 1.527001
v 0.282178 -13.400000 1.600313
v 0.000000 -13.400000 1.625000
v -0.282178 -13.400000 1.600313
v -0.555783 -13.400000 1.527001
v -0.812500 -13.400000 1.407291
v -1.044530 -13.400000 1.244822
v -1.244822 -13.400000 1.044530
v -1.407291 -13.400000 0.812500
v -1.527001 -13.400000 0.555783
v -1.600313 -13.400000 0.282178
v 13.201462 -11.500000 0.238986
v 13.131752 -11.500000 0.468787
v 13.018550 -11.500000 0.680574
v 12.866206 -11.500000 0.866206
v 12.680574 -11.500000 1.018550
v 12.468787 -11.500000 1.131752
v 12.238986 -11.500000 1.201462
v 12.000000 -11.500000 1.225000
v 11.761014 -11.500000 1.201462
v 11.531213 -11.500000 1.131752
v 11.319426 -11.500000 1.018550
v 11.133794 -11.500000 0.866206
v 10.981450 -11.500000 0.680574
v 10.868248 -11.500000 0.468787
v 10.798538 -11.500000 0.238986
v 10.775000 -11.500000 0.000000
v 10.798538 -11.500000 -0.238986
v 10.868248 -11.500000 -0.468787
v 10.981450 -11.500000 -0.680574
v 11.133794 -11.500000 -0.866206
v 11.319426 -11.500000 -1.018550
v 11.531213 -11.500000 -1.131752
v 11.761014 -11.500000 -1.201462
v 12.000000 -11.500000 -1.225000
v 12.238986 -11.500000 -1.201462
v 12.468787 -11.500000 -1.131752
v 12.680574 -11.500000 -1.018550
v 12.866206 -11.500000 -0.866206
v 13.018550 -11.500000 -0.680574
v 13.131752 -11.500000 -0.468787
v 13.201462 -11.500000 -0.238986
v 11.103655 -13.000000 -0.834979
v 10.963727 -13.000000 -0.653271
v 10.860121 -13.000000 -0.448666
v 10.796468 -13.000000 -0.228335
v 10.775000 -13.000000 -0.000000
v 10.796468 -13.000000 0.228335
v 10.860121 -13.000000 0.448666
v 10.963727 -13.000000 0.653271
v 11.103655 -13.000000 0.834979
v 12.000000 -11.500000 4.750000
v 12.463286 -11.500000 4.727353
v 12.922154 -11.500000 4.659628
v 13.372229 -11.500000 4.547470
v 13.809219 -11.500000 4.391950
v 14.228957 -11.500000 4.194550
v 14.627441 -11.500000 3.957152
v 15.000870 -11.500000 3.682021
v 15.345684 -11.500000 3.371779
v 15.658595 -11.500000 3.029386
v 15.936620 -11.500000 2.658105
v 16.177106 -11.500000 2.261478
v 16.377761 -11.500000 1.843287
v 16.536672 -11.500000 1.407518
v 16.652323 -11.500000 0.958328
v 16.723611 -11.500000 0.500000
v 15.704128 -11.500000 -2.973539
v 15.390845 -11.500000 -3.326360
v 15.044103 -11.500000 -3.646359
v 14.667324 -11.500000 -3.930379
v 14.264227 -11.500000 -4.175617
v 13.838787 -11.500000 -4.379653
v 13.395204 -11.500000 -4.540474
v 12.937854 -11.500000 -4.656493
v 12.471250 -11.500000 -4.726566
v 13.395204 -3.833333 -4.540474
v 13.395204 3.833333 -4.540474
v 12.937854 -3.833333 -4.656493
v 12.937854 3.833333 -4.656493
v 12.471250 -3.833333 -4.726566
v 12.471250 3.833333 -4.726566
v 17.839908 -11.500000 -0.313004
v 17.450000 -11.500000 0.500000
v 17.573552 -11.500000 0.484494
v 17.689442 -11.500000 0.438939
v 17.790480 -11.500000 0.366160
v 17.870401 -11.500000 0.270671
v 17.924248 -11.500000 0.158394
v 17.948681 -11.500000 0.036293
v 17.942185 -11.500000 -0.088059
v 17.905161 -11.500000 -0.206949
v 5.291907 0.000000 -3.509732
v -0.480550 -13.400000 -4.725629
v -0.956168 -13.400000 -4.652767
v -1.421975 -13.400000 -4.532161
v -1.873190 -13.400000 -4.365050
v -2.305184 -13.400000 -4.153146
v -2.713524 -13.400000 -3.898626
v -3.094019 -13.400000 -3.604101
v -3.442766 -13.400000 -3.272593
v -3.756185 -13.400000 -2.907503
v -4.031060 -13.400000 -2.512579
v -4.264572 -13.400000 -2.091872
v -4.454323 -13.400000 -1.649700
v -4.598366 -13.400000 -1.190600
v -4.695225 -13.400000 -0.719282
v -4.743903 -13.400000 -0.240584
v -4.743903 -13.400000 0.240584
v -4.695225 -13.400000 0.719282
v -4.598366 -13.400000 1.190600
v -4.454323 -13.400000 1.649700
v -4.264572 -13.400000 2.091872
v -4.031060 -13.400000 2.512579
v -3.756185 -13.400000 2.907503
v -3.442766 -13.400000 3.272593
v -3.094019 -13.400000 3.604101
v -2.713524 -13.400000 3.898626
v -2.305184 -13.400000 4.153146
v -1.873190 -13.400000 4.365050
v -1.421975 -13.400000 4.532161
v -0.956168 -13.400000 4.652767
v -0.480550 -13.400000 4.725629
v 0.000000 -13.400000 4.750000
v 20.355882 -11.500000 4.750000
v 18.450000 -11.500000 0.700000
v 18.450000 -10.000000 0.700000
v 20.120588 -10.000000 4.250000
v 20.120588 10.000000 4.250000
v 18.450000 10.000000 0.700000
v 18.450000 11.500000 0.700000
v 20.355882 11.500000 4.750000
v 5.091169 6.153846 -3.250000
v 13.568439 6.153846 -3.250000
v 13.568439 4.653846 -3.250000
v 5.091169 4.653846 -3.250000
v 17.477270 6.153846 4.250000
v 17.477270 4.653846 4.250000
v 9.000000 6.153846 4.250000
v 9.000000 4.653846 4.250000
v 9.000000 6.153846 4.750000
v 13.949359 6.153846 4.750000
v 13.949359 6.153846 4.550000
v 14.149865 6.153846 4.458764
v 14.346113 6.153846 4.358698
v 14.537716 6.153846 4.250000
v 13.949359 11.500000 4.750000
v 13.949359 11.500000 4.550000
v 14.363924 11.500000 4.349065
v 14.758012 11.500000 4.110459
v 15.128211 11.500000 3.836248
v 15.471313 11.500000 3.528808
v 15.784348 11.500000 3.190801
v 16.064602 11.500000 2.825156
v 16.309650 11.500000 2.435040
v 16.517367 11.500000 2.023832
v 16.685955 11.500000 1.595093
v 16.813954 11.500000 1.152538
v 16.900255 11.500000 0.700000
v 16.900255 10.000000 0.700000
v 16.807125 10.000000 1.180700
v 16.666959 10.000000 1.649848
v 16.481129 10.000000 2.102852
v 16.251453 10.000000 2.535281
v 15.980178 10.000000 2.942903
v 15.669960 10.000000 3.321731
v 15.323832 10.000000 3.668057
v 14.945182 10.000000 3.978492
v 14.537716 10.000000 4.250000
v 13.568439 -6.153846 -3.250000
v 5.091169 -6.153846 -3.250000
v 5.091169 -4.653846 -3.250000
v 13.568439 -4.653846 -3.250000
v 17.477270 -6.153846 4.250000
v 17.477270 -4.653846 4.250000
v 9.000000 -6.153846 4.250000
v 9.000000 -4.653846 4.250000
v 14.537716 -6.153846 4.250000
v 14.537716 -10.000000 4.250000
v 9.000000 -6.153846 4.750000
v 13.949359 -6.153846 4.750000
v 14.346113 -6.153846 4.358698
v 14.149865 -6.153846 4.458764
v 13.949359 -6.153846 4.550000
v 13.949359 -11.500000 4.550000
v 13.949359 -11.500000 4.750000
v 14.945182 -10.000000 3.978492
v 15.323832 -10.000000 3.668057
v 15.669960 -10.000000 3.321731
v 15.980178 -10.000000 2.942903
v 16.251453 -10.000000 2.535281
v 16.481129 -10.000000 2.102852
v 16.666959 -10.000000 1.649848
v 16.807125 -10.000000 1.180700
v 16.900255 -10.000000 0.700000
v 16.900255 -11.500000 0.700000
v 16.813954 -11.500000 1.152538
v 16.685955 -11.500000 1.595093
v 16.517367 -11.500000 2.023832
v 16.309650 -11.500000 2.435040
v 16.064602 -11.500000 2.825156
v 15.784348 -11.500000 3.190801
v 15.471313 -11.500000 3.528808
v 15.128211 -11.500000 3.836248
v 14.758012 -11.500000 4.110459
v 14.363924 -11.500000 4.349065
vt 0.097604 0.010000 0.000000
vt -0.000000 0.010000 0.000000
vt 0.097604 0.000000 0.000000
vt 0.000000 0.000000 0.000000
vt 1.228487 0.010000 0.000000
vt 1.233193 0.000000 0.000000
vt 1.233193 0.010000 0.000000
vt 0.518992 -0.000500 0.000000
vt 0.616596 -0.000500 0.000000
vt 0.518992 0.000500 0.000000
vt 0.616596 0.000500 0.000000
vt 1.135588 0.000000 0.000000
vt 1.233193 -0.000000 0.000000
vt 1.135588 0.010000 0.000000
vt 1.233193 0.010000 0.000000
vt -0.000000 0.000000 0.000000
vt 0.001000 0.000000 0.000000
vt -0.000000 0.010000 0.000000
vt 0.001000 0.010000 0.000000
vt -0.000000 0.000000 0.000000
vt 0.004706 0.010000 0.000000
vt -0.000000 0.010000 0.000000
vt -0.611890 0.000500 0.000000
vt -0.616596 0.000500 0.000000
vt -0.611890 -0.000500 0.000000
vt -0.616596 -0.000500 0.000000
vt 1.062286 0.010000 0.000000
vt 1.066496 0.000000 0.000000
vt 1.066496 0.010000 0.000000
vt 0.529038 -0.000500 0.000000
vt 0.533248 -0.000500 0.000000
vt 0.529038 0.000500 0.000000
vt 0.533248 0.000500 0.000000
vt 0.033184 0.000500 0.000000
vt -0.533248 0.000500 0.000000
vt 0.033184 -0.000500 0.000000
vt -0.533248 -0.000500 0.000000
vt 0.000000 0.000000 0.000000
vt 0.004211 0.010000 0.000000
vt -0.000000 0.010000 0.000000
vt 0.500064 -0.000000 0.000000
vt 1.066496 -0.000000 0.000000
vt 0.500064 0.010000 0.000000
vt 1.066496 0.010000 0.000000
vt 0.566432 0.010000 0.000000
vt 0.000000 0.010000 0.000000
vt 0.566432 -0.000000 0.000000
vt -0.000000 0.000000 0.000000
vt -0.000000 0.000000 0.000000
vt 0.001000 0.000000 0.000000
vt -0.000000 0.010000 0.000000
vt 0.001000 0.010000 0.000000
vt -0.000000 -1.340000 0.000000
vt -0.000000 -0.000500 0.000000
vt -0.054251 -1.190000 0.000000
vt -0.010850 -0.000500 0.000000
vt -0.010850 0.000500 0.000000
vt -0.054251 1.190000 0.000000
vt -0.000000 0.000500 0.000000
vt -0.000000 1.340000 0.000000
vt -0.515388 1.340000 0.000000
vt -0.515388 1.190000 0.000000
vt -0.515388 -1.190000 0.000000
vt -0.515388 -1.340000 0.000000
vt -0.212500 -0.031141 0.000000
vt 0.212500 -0.210088 0.000000
vt -0.166105 -0.028962 0.000000
vt -0.120119 -0.022444 0.000000
vt -0.074947 -0.011645 0.000000
vt -0.030985 0.003341 0.000000
vt 0.011379 0.022381 0.000000
vt 0.051771 0.045308 0.000000
vt 0.089837 0.071919 0.000000
vt 0.125242 0.101982 0.000000
vt 0.157672 0.135230 0.000000
vt 0.186844 0.171371 0.000000
vt 0.212500 0.210088 0.000000
vt 0.450000 -0.050032 0.000000
vt 0.401977 -0.047697 0.000000
vt -0.025000 -0.250032 0.000000
vt 0.354407 -0.040714 0.000000
vt 0.307740 -0.029149 0.000000
vt 0.262414 -0.013111 0.000000
vt 0.218858 0.007249 0.000000
vt 0.177482 0.031738 0.000000
vt 0.138678 0.060126 0.000000
vt 0.102811 0.092144 0.000000
vt 0.070219 0.127491 0.000000
vt 0.041210 0.165834 0.000000
vt 0.016058 0.206809 0.000000
vt -0.025000 0.250032 0.000000
vt -0.005000 0.250032 0.000000
vt 0.212500 -0.031141 0.000000
vt 0.166105 -0.028962 0.000000
vt -0.212500 -0.210088 0.000000
vt 0.120119 -0.022444 0.000000
vt 0.074947 -0.011645 0.000000
vt 0.030985 0.003341 0.000000
vt -0.011379 0.022381 0.000000
vt -0.051771 0.045308 0.000000
vt -0.089837 0.071919 0.000000
vt -0.125242 0.101982 0.000000
vt -0.157672 0.135230 0.000000
vt -0.186844 0.171371 0.000000
vt -0.212500 0.210088 0.000000
vt -0.000000 1.190000 0.000000
vt -0.420176 1.190000 0.000000
vt -0.000000 -1.190000 0.000000
vt -0.420176 -1.190000 0.000000
vt -0.020000 -0.000500 0.000000
vt -0.020000 -1.340000 0.000000
vt -0.010000 -0.000500 0.000000
vt -0.000000 -1.340000 0.000000
vt -0.010000 0.000500 0.000000
vt -0.000000 1.340000 0.000000
vt -0.020000 1.340000 0.000000
vt -0.020000 0.000500 0.000000
vt -1.190000 -0.777544 0.000000
vt -1.340000 -0.777544 0.000000
vt -1.190000 -0.824007 0.000000
vt -1.340000 -0.825643 0.000000
vt -1.190000 -0.870470 0.000000
vt -1.340000 -0.873741 0.000000
vt -1.190000 -0.916932 0.000000
vt -1.340000 -0.921840 0.000000
vt -1.190000 -0.963395 0.000000
vt -1.340000 -0.969938 0.000000
vt -1.190000 -1.009858 0.000000
vt -1.340000 -1.018037 0.000000
vt -1.190000 -1.056320 0.000000
vt -1.340000 -1.066135 0.000000
vt -1.190000 -1.102783 0.000000
vt -1.340000 -1.114233 0.000000
vt -1.190000 -1.149246 0.000000
vt -1.340000 -1.162332 0.000000
vt -1.190000 -1.195709 0.000000
vt -1.340000 -1.210430 0.000000
vt -1.190000 -1.242171 0.000000
vt -1.340000 -1.258529 0.000000
vt -1.190000 -1.288634 0.000000
vt -1.340000 -1.306627 0.000000
vt -0.446667 -1.306627 0.000000
vt -1.340000 -1.354726 0.000000
vt 1.340000 -1.354726 0.000000
vt 0.446667 -1.306627 0.000000
vt 1.340000 -1.306627 0.000000
vt 1.190000 -1.288634 0.000000
vt 1.340000 -1.258529 0.000000
vt 1.190000 -1.242171 0.000000
vt 1.340000 -1.210430 0.000000
vt 1.190000 -1.195709 0.000000
vt 1.340000 -1.162332 0.000000
vt 1.190000 -1.149246 0.000000
vt 1.340000 -1.114233 0.000000
vt 1.190000 -1.102783 0.000000
vt 1.340000 -1.066135 0.000000
vt 1.190000 -1.056320 0.000000
vt 1.340000 -1.018037 0.000000
vt 1.190000 -1.009858 0.000000
vt 1.340000 -0.969938 0.000000
vt 1.190000 -0.963395 0.000000
vt 1.340000 -0.921840 0.000000
vt 1.190000 -0.916932 0.000000
vt 1.340000 -0.873741 0.000000
vt 1.190000 -0.870470 0.000000
vt 1.340000 -0.825643 0.000000
vt 1.190000 -0.824007 0.000000
vt 1.340000 -0.777544 0.000000
vt 1.190000 -0.777544 0.000000
vt 0.005000 0.250032 0.000000
vt -0.016058 0.206809 0.000000
vt 0.025000 0.250032 0.000000
vt 0.025000 -0.250032 0.000000
vt -0.041210 0.165834 0.000000
vt -0.070219 0.127491 0.000000
vt -0.102811 0.092144 0.000000
vt -0.138678 0.060126 0.000000
vt -0.177482 0.031738 0.000000
vt -0.218858 0.007249 0.000000
vt -0.262414 -0.013111 0.000000
vt -0.307740 -0.029149 0.000000
vt -0.354407 -0.040714 0.000000
vt -0.401977 -0.047697 0.000000
vt -0.450000 -0.050032 0.000000
vt 0.190000 0.061629 0.000000
vt -0.000000 0.061629 0.000000
vt 0.190000 0.049303 0.000000
vt -0.000000 0.049303 0.000000
vt 0.190000 0.036978 0.000000
vt -0.000000 0.036978 0.000000
vt 0.190000 0.024652 0.000000
vt -0.000000 0.024652 0.000000
vt 0.190000 0.012326 0.000000
vt -0.000000 0.012326 0.000000
vt 0.190000 0.000000 0.000000
vt -0.000000 0.000000 0.000000
vt 0.190000 -0.012326 0.000000
vt -0.000000 -0.012326 0.000000
vt 0.190000 -0.024652 0.000000
vt -0.000000 -0.024652 0.000000
vt 0.190000 -0.036978 0.000000
vt -0.000000 -0.036978 0.000000
vt 0.190000 -0.049303 0.000000
vt -0.000000 -0.049303 0.000000
vt 0.190000 -0.061629 0.000000
vt -0.000000 -0.061629 0.000000
vt -0.190000 0.193639 0.000000
vt -0.000000 0.193639 0.000000
vt -0.190000 0.242907 0.000000
vt -0.000000 0.242907 0.000000
vt -0.190000 0.292175 0.000000
vt -0.000000 0.292175 0.000000
vt -0.190000 0.341443 0.000000
vt 0.000000 0.341443 0.000000
vt -0.190000 0.390712 0.000000
vt -0.000000 0.390712 0.000000
vt -0.190000 0.439980 0.000000
vt -0.000000 0.439980 0.000000
vt -0.190000 0.489248 0.000000
vt 0.000000 0.489248 0.000000
vt -0.190000 0.538516 0.000000
vt 0.000000 0.538516 0.000000
vt -0.190000 0.587784 0.000000
vt -0.000000 0.587784 0.000000
vt -0.190000 0.637052 0.000000
vt 0.000000 0.637052 0.000000
vt -0.190000 0.686320 0.000000
vt 0.000000 0.686320 0.000000
vt -0.190000 0.735588 0.000000
vt -0.000000 0.735588 0.000000
vt -0.190000 0.784856 0.000000
vt 0.000000 0.784856 0.000000
vt -0.190000 0.834124 0.000000
vt -0.000000 0.834124 0.000000
vt -0.190000 0.883393 0.000000
vt -0.000000 0.883393 0.000000
vt -0.190000 0.932661 0.000000
vt 0.000000 0.932661 0.000000
vt -0.190000 0.981929 0.000000
vt -0.000000 0.981929 0.000000
vt 0.190000 0.056723 0.000000
vt -0.000000 0.056723 0.000000
vt 0.190000 0.044118 0.000000
vt -0.000000 0.044118 0.000000
vt 0.190000 0.031513 0.000000
vt -0.000000 0.031513 0.000000
vt 0.190000 0.018908 0.000000
vt -0.000000 0.018908 0.000000
vt 0.190000 0.006303 0.000000
vt -0.000000 0.006303 0.000000
vt 0.190000 -0.006303 0.000000
vt -0.000000 -0.006303 0.000000
vt 0.190000 -0.018908 0.000000
vt -0.000000 -0.018908 0.000000
vt 0.190000 -0.031513 0.000000
vt -0.000000 -0.031513 0.000000
vt 0.190000 -0.044118 0.000000
vt -0.000000 -0.044118 0.000000
vt 0.190000 -0.056723 0.000000
vt -0.000000 -0.056723 0.000000
vt -0.000000 -0.062853 0.000000
vt 0.190000 -0.062853 0.000000
vt -0.000000 -0.050283 0.000000
vt 0.190000 -0.050283 0.000000
vt -0.000000 -0.037712 0.000000
vt 0.190000 -0.037712 0.000000
vt -0.000000 -0.025141 0.000000
vt 0.190000 -0.025141 0.000000
vt -0.000000 -0.012571 0.000000
vt 0.190000 -0.012571 0.000000
vt -0.000000 0.000000 0.000000
vt 0.190000 0.000000 0.000000
vt -0.000000 0.012571 0.000000
vt 0.190000 0.012571 0.000000
vt -0.000000 0.025141 0.000000
vt 0.190000 0.025141 0.000000
vt -0.000000 0.037712 0.000000
vt 0.190000 0.037712 0.000000
vt -0.000000 0.050283 0.000000
vt 0.190000 0.050283 0.000000
vt -0.000000 0.062853 0.000000
vt 0.190000 0.062853 0.000000
vt -0.190000 -0.448087 0.000000
vt -0.000000 -0.448087 0.000000
vt -0.190000 -0.403876 0.000000
vt -0.000000 -0.403876 0.000000
vt -0.190000 -0.359666 0.000000
vt -0.000000 -0.359666 0.000000
vt -0.190000 -0.315456 0.000000
vt -0.000000 -0.315456 0.000000
vt -0.190000 -0.271245 0.000000
vt -0.000000 -0.271245 0.000000
vt -0.190000 -0.227035 0.000000
vt -0.000000 -0.227035 0.000000
vt -0.190000 -0.182824 0.000000
vt -0.000000 -0.182824 0.000000
vt -0.190000 -0.138614 0.000000
vt -0.000000 -0.138614 0.000000
vt -0.190000 -0.094404 0.000000
vt -0.000000 -0.094404 0.000000
vt -0.190000 -0.050193 0.000000
vt -0.000000 -0.050193 0.000000
vt -0.473428 -0.601718 0.000000
vt -0.468811 -0.613375 0.000000
vt -0.475000 -0.589279 0.000000
vt -0.461440 -0.623516 0.000000
vt -0.451777 -0.631505 0.000000
vt -0.440430 -0.636839 0.000000
vt -0.475000 -0.526004 0.000000
vt -0.428114 -0.639182 0.000000
vt -0.415601 -0.638388 0.000000
vt -0.403680 -0.634506 0.000000
vt -0.393099 -0.627780 0.000000
vt -0.384524 -0.618634 0.000000
vt -0.355000 -0.526004 0.000000
vt -0.356942 -0.584103 0.000000
vt -0.326269 -0.552285 0.000000
vt -0.292773 -0.523456 0.000000
vt -0.355000 -0.095104 0.000000
vt -0.256742 -0.497865 0.000000
vt -0.218489 -0.475733 0.000000
vt -0.178344 -0.457252 0.000000
vt -0.048397 -0.299560 0.000000
vt -0.043403 -0.287502 0.000000
vt -0.136655 -0.442582 0.000000
vt -0.050100 -0.312500 0.000000
vt -0.093783 -0.431850 0.000000
vt -0.050100 -0.425150 0.000000
vt -0.035458 -0.277148 0.000000
vt -0.025105 -0.269202 0.000000
vt -0.184329 0.740276 0.000000
vt -0.140752 0.756167 0.000000
vt -0.013048 -0.264206 0.000000
vt -0.095833 0.767732 0.000000
vt -0.050000 0.774861 0.000000
vt -0.000109 -0.262500 0.000000
vt 0.051953 -0.264629 0.000000
vt 0.345000 0.459344 0.000000
vt 0.103664 -0.271019 0.000000
vt 0.154677 -0.281627 0.000000
vt 0.204649 -0.296381 0.000000
vt 0.253243 -0.315183 0.000000
vt 0.300132 -0.337906 0.000000
vt 0.345000 -0.364396 0.000000
vt 0.297354 0.672913 0.000000
vt 0.346570 0.471774 0.000000
vt 0.328094 0.645982 0.000000
vt 0.351180 0.483424 0.000000
vt 0.356405 0.616508 0.000000
vt 0.358542 0.493561 0.000000
vt 0.368193 0.501551 0.000000
vt 0.382077 0.584709 0.000000
vt 0.379528 0.506890 0.000000
vt 0.391834 0.509244 0.000000
vt 0.404922 0.550822 0.000000
vt 0.404338 0.508464 0.000000
vt 0.416256 0.504601 0.000000
vt 0.424768 0.515096 0.000000
vt 0.426840 0.497895 0.000000
vt 0.435424 0.488770 0.000000
vt 0.441471 0.477796 0.000000
vt 0.031300 0.886491 0.000000
vt 0.020695 0.893016 0.000000
vt 0.008806 0.896718 0.000000
vt -0.003629 0.897368 0.000000
vt -0.015839 0.894925 0.000000
vt -0.050000 0.847500 0.000000
vt -0.027067 0.889540 0.000000
vt -0.036616 0.881548 0.000000
vt -0.043894 0.871444 0.000000
vt -0.048449 0.859855 0.000000
vt -0.226148 0.720211 0.000000
vt -0.265811 0.696162 0.000000
vt -0.302939 0.668360 0.000000
vt -0.337178 0.637068 0.000000
vt -0.368202 0.602587 0.000000
vt -0.395715 0.565244 0.000000
vt -0.475000 0.302500 0.000000
vt -0.419455 0.525396 0.000000
vt -0.439195 0.483422 0.000000
vt -0.454747 0.439723 0.000000
vt -0.465963 0.394715 0.000000
vt -0.472735 0.348829 0.000000
vt -0.475000 -0.095104 0.000000
vt 0.246018 0.098742 0.000000
vt 0.228045 0.107763 0.000000
vt 0.246018 -0.098742 0.000000
vt 0.228045 -0.107763 0.000000
vt 0.208678 0.114741 0.000000
vt 0.208678 -0.114741 0.000000
vt 0.188287 0.119546 0.000000
vt 0.188287 -0.119546 0.000000
vt 0.167255 0.122085 0.000000
vt 0.167255 -0.122085 0.000000
vt 0.145984 0.122312 0.000000
vt 0.124874 0.120221 0.000000
vt 0.104327 0.115852 0.000000
vt 0.084731 0.109287 0.000000
vt 0.066459 0.100653 0.000000
vt 0.049855 0.090111 0.000000
vt 0.035235 0.077862 0.000000
vt 0.022876 0.064137 0.000000
vt 0.013011 0.049197 0.000000
vt 0.005829 0.033325 0.000000
vt 0.001464 0.016822 0.000000
vt 0.000000 0.000000 0.000000
vt 0.001464 -0.016822 0.000000
vt 0.005829 -0.033325 0.000000
vt 0.013011 -0.049197 0.000000
vt 0.022876 -0.064137 0.000000
vt 0.035235 -0.077862 0.000000
vt 0.049855 -0.090111 0.000000
vt 0.066459 -0.100653 0.000000
vt 0.084731 -0.109287 0.000000
vt 0.104327 -0.115852 0.000000
vt 0.124874 -0.120221 0.000000
vt 0.145984 -0.122312 0.000000
vt 0.021213 -0.526653 0.000000
vt -0.021213 -0.529036 0.000000
vt 0.021213 -0.557633 0.000000
vt -0.021213 -0.557633 0.000000
vt 0.021213 0.557633 0.000000
vt -0.021213 0.557633 0.000000
vt -0.021213 0.529036 0.000000
vt -0.021213 -0.500440 0.000000
vt 0.021213 -0.495674 0.000000
vt -0.021213 -0.471843 0.000000
vt 0.021213 -0.464694 0.000000
vt -0.021213 -0.443247 0.000000
vt 0.021213 -0.433714 0.000000
vt -0.021213 -0.414650 0.000000
vt 0.021213 -0.402735 0.000000
vt -0.021213 -0.386053 0.000000
vt 0.021213 -0.371755 0.000000
vt -0.021213 -0.357457 0.000000
vt 0.021213 -0.340776 0.000000
vt -0.021213 -0.328860 0.000000
vt 0.021213 -0.309796 0.000000
vt -0.021213 -0.300264 0.000000
vt 0.021213 -0.278816 0.000000
vt -0.021213 -0.271667 0.000000
vt 0.021213 -0.247837 0.000000
vt -0.021213 -0.243071 0.000000
vt 0.021213 -0.216857 0.000000
vt -0.021213 -0.214474 0.000000
vt 0.021213 -0.185878 0.000000
vt -0.021213 -0.185878 0.000000
vt -0.021213 -0.157281 0.000000
vt 0.021213 -0.154898 0.000000
vt -0.021213 -0.128684 0.000000
vt 0.021213 -0.123918 0.000000
vt -0.021213 -0.100088 0.000000
vt 0.021213 -0.092939 0.000000
vt -0.021213 -0.071491 0.000000
vt 0.021213 -0.061959 0.000000
vt -0.021213 -0.042895 0.000000
vt 0.021213 -0.030980 0.000000
vt -0.021213 -0.014298 0.000000
vt 0.021213 0.000000 0.000000
vt -0.021213 0.014298 0.000000
vt 0.021213 0.030980 0.000000
vt -0.021213 0.042895 0.000000
vt 0.021213 0.061959 0.000000
vt -0.021213 0.071491 0.000000
vt 0.021213 0.092939 0.000000
vt -0.021213 0.100088 0.000000
vt 0.021213 0.123918 0.000000
vt -0.021213 0.128684 0.000000
vt 0.021213 0.154898 0.000000
vt -0.021213 0.157281 0.000000
vt 0.021213 0.185878 0.000000
vt -0.021213 0.185878 0.000000
vt -0.021213 0.214474 0.000000
vt 0.021213 0.216857 0.000000
vt -0.021213 0.243071 0.000000
vt 0.021213 0.247837 0.000000
vt -0.021213 0.271667 0.000000
vt 0.021213 0.278816 0.000000
vt -0.021213 0.300264 0.000000
vt 0.021213 0.309796 0.000000
vt -0.021213 0.328860 0.000000
vt 0.021213 0.340776 0.000000
vt -0.021213 0.357457 0.000000
vt 0.021213 0.371755 0.000000
vt -0.021213 0.386053 0.000000
vt 0.021213 0.402735 0.000000
vt -0.021213 0.414650 0.000000
vt 0.021213 0.433714 0.000000
vt -0.021213 0.443247 0.000000
vt 0.021213 0.464694 0.000000
vt -0.021213 0.471843 0.000000
vt 0.021213 0.495674 0.000000
vt -0.021213 0.500440 0.000000
vt 0.021213 0.526653 0.000000
vt -0.172792 -0.093783 0.000000
vt 0.105952 -0.046068 0.000000
vt -0.179492 -0.050100 0.000000
vt 0.100982 -0.015490 0.000000
vt 0.100982 0.015490 0.000000
vt -0.162060 -0.136655 0.000000
vt 0.115762 -0.075454 0.000000
vt -0.147390 -0.178344 0.000000
vt 0.130159 -0.102885 0.000000
vt -0.128909 -0.218489 0.000000
vt -0.106777 -0.256742 0.000000
vt 0.148770 -0.127651 0.000000
vt -0.081186 -0.292773 0.000000
vt 0.171112 -0.149111 0.000000
vt -0.052357 -0.326269 0.000000
vt -0.020539 -0.356942 0.000000
vt 0.196608 -0.166710 0.000000
vt 0.013992 -0.384524 0.000000
vt 0.224597 -0.179991 0.000000
vt 0.023138 -0.393099 0.000000
vt 0.029864 -0.403680 0.000000
vt 0.033746 -0.415601 0.000000
vt 0.292858 -0.475000 0.000000
vt 0.254353 -0.188610 0.000000
vt 0.034540 -0.428114 0.000000
vt 0.032197 -0.440430 0.000000
vt 0.026863 -0.451777 0.000000
vt 0.018874 -0.461440 0.000000
vt 0.008733 -0.468811 0.000000
vt -0.002924 -0.473428 0.000000
vt -0.015363 -0.475000 0.000000
vt 0.285107 -0.192344 0.000000
vt 0.340913 -0.472563 0.000000
vt 0.316061 -0.191096 0.000000
vt 0.388475 -0.465277 0.000000
vt 0.435056 -0.453216 0.000000
vt 0.346415 -0.184900 0.000000
vt 0.480177 -0.436505 0.000000
vt 0.523376 -0.415315 0.000000
vt 0.375381 -0.173914 0.000000
vt 0.564210 -0.389863 0.000000
vt 0.402211 -0.158424 0.000000
vt 0.602260 -0.360410 0.000000
vt 0.637135 -0.327259 0.000000
vt 0.426207 -0.138831 0.000000
vt 0.668477 -0.290750 0.000000
vt 0.695964 -0.251258 0.000000
vt 0.446751 -0.115643 0.000000
vt 0.719315 -0.209187 0.000000
vt 0.463308 -0.089459 0.000000
vt 0.738290 -0.164970 0.000000
vt 0.475451 -0.060959 0.000000
vt 0.752695 -0.119060 0.000000
vt 0.762381 -0.071928 0.000000
vt 0.482865 -0.030879 0.000000
vt 0.767248 -0.024058 0.000000
vt 0.485358 -0.000000 0.000000
vt 0.767248 0.024058 0.000000
vt 0.482865 0.030879 0.000000
vt 0.762381 0.071928 0.000000
vt 0.475451 0.060959 0.000000
vt 0.752695 0.119060 0.000000
vt 0.738290 0.164970 0.000000
vt 0.463308 0.089459 0.000000
vt 0.719315 0.209187 0.000000
vt 0.446751 0.115643 0.000000
vt 0.695964 0.251258 0.000000
vt 0.426207 0.138831 0.000000
vt 0.668477 0.290750 0.000000
vt 0.637135 0.327259 0.000000
vt 0.402211 0.158424 0.000000
vt 0.602260 0.360410 0.000000
vt 0.564210 0.389863 0.000000
vt 0.375381 0.173914 0.000000
vt 0.523376 0.415315 0.000000
vt 0.346415 0.184900 0.000000
vt 0.480177 0.436505 0.000000
vt 0.435056 0.453216 0.000000
vt 0.316061 0.191096 0.000000
vt 0.388475 0.465277 0.000000
vt 0.340913 0.472563 0.000000
vt 0.285107 0.192344 0.000000
vt 0.292858 0.475000 0.000000
vt 0.254353 0.188610 0.000000
vt 0.224597 0.179991 0.000000
vt 0.196608 0.166710 0.000000
vt -0.195091 0.416467 0.000000
vt -0.198711 0.404594 0.000000
vt -0.244357 0.475000 0.000000
vt -0.232040 0.473459 0.000000
vt -0.220482 0.468932 0.000000
vt -0.210396 0.461697 0.000000
vt -0.202403 0.452200 0.000000
vt -0.196995 0.441027 0.000000
vt -0.194507 0.428866 0.000000
vt 0.171112 0.149111 0.000000
vt -0.205144 0.393978 0.000000
vt 0.148770 0.127651 0.000000
vt -0.236333 0.350973 0.000000
vt -0.263817 0.305512 0.000000
vt 0.130159 0.102885 0.000000
vt -0.287406 0.257912 0.000000
vt -0.306933 0.208508 0.000000
vt 0.115762 0.075454 0.000000
vt -0.322263 0.157644 0.000000
vt -0.333287 0.105676 0.000000
vt -0.339929 0.052969 0.000000
vt -0.342142 -0.000109 0.000000
vt -0.292142 -0.050100 0.000000
vt -0.340436 -0.013048 0.000000
vt -0.335440 -0.025105 0.000000
vt -0.327494 -0.035458 0.000000
vt -0.317139 -0.043403 0.000000
vt -0.305082 -0.048397 0.000000
vt 0.105952 0.046068 0.000000
vt -0.000000 -0.482147 0.000000
vt -0.120000 -0.482147 0.000000
vt -0.000000 -0.510509 0.000000
vt -0.120000 -0.510509 0.000000
vt -0.000000 0.510509 0.000000
vt -0.120000 0.510509 0.000000
vt -0.000000 0.482147 0.000000
vt -0.120000 0.482147 0.000000
vt -0.000000 0.453786 0.000000
vt -0.120000 0.453786 0.000000
vt -0.000000 0.425424 0.000000
vt -0.120000 0.425424 0.000000
vt -0.000000 0.397062 0.000000
vt -0.120000 0.397062 0.000000
vt -0.000000 0.368701 0.000000
vt -0.120000 0.368701 0.000000
vt -0.000000 0.340339 0.000000
vt -0.120000 0.340339 0.000000
vt -0.000000 0.311978 0.000000
vt -0.120000 0.311978 0.000000
vt -0.000000 0.283616 0.000000
vt -0.120000 0.283616 0.000000
vt -0.000000 0.255254 0.000000
vt -0.120000 0.255254 0.000000
vt -0.000000 0.226893 0.000000
vt -0.120000 0.226893 0.000000
vt -0.000000 0.198531 0.000000
vt -0.120000 0.198531 0.000000
vt -0.000000 0.170170 0.000000
vt -0.120000 0.170170 0.000000
vt -0.000000 0.141808 0.000000
vt -0.120000 0.141808 0.000000
vt -0.000000 0.113446 0.000000
vt -0.120000 0.113446 0.000000
vt -0.000000 0.085085 0.000000
vt -0.120000 0.085085 0.000000
vt -0.000000 0.056723 0.000000
vt -0.120000 0.056723 0.000000
vt -0.000000 0.028362 0.000000
vt -0.120000 0.028362 0.000000
vt -0.000000 0.000000 0.000000
vt -0.120000 0.000000 0.000000
vt -0.000000 -0.028362 0.000000
vt -0.120000 -0.028362 0.000000
vt -0.000000 -0.056723 0.000000
vt -0.120000 -0.056723 0.000000
vt -0.000000 -0.085085 0.000000
vt -0.120000 -0.085085 0.000000
vt -0.000000 -0.113446 0.000000
vt -0.120000 -0.113446 0.000000
vt -0.000000 -0.141808 0.000000
vt -0.120000 -0.141808 0.000000
vt -0.000000 -0.170170 0.000000
vt -0.120000 -0.170170 0.000000
vt -0.000000 -0.198531 0.000000
vt -0.120000 -0.198531 0.000000
vt -0.000000 -0.226893 0.000000
vt -0.120000 -0.226893 0.000000
vt -0.000000 -0.255254 0.000000
vt -0.120000 -0.255254 0.000000
vt -0.000000 -0.283616 0.000000
vt -0.120000 -0.283616 0.000000
vt -0.000000 -0.311978 0.000000
vt -0.120000 -0.311978 0.000000
vt -0.000000 -0.340339 0.000000
vt -0.120000 -0.340339 0.000000
vt -0.000000 -0.368701 0.000000
vt -0.120000 -0.368701 0.000000
vt -0.000000 -0.397062 0.000000
vt -0.120000 -0.397062 0.000000
vt -0.000000 -0.425424 0.000000
vt -0.120000 -0.425424 0.000000
vt -0.000000 -0.453786 0.000000
vt -0.120000 -0.453786 0.000000
vt -0.000000 0.000000 0.000000
vt 0.000893 0.016875 0.000000
vt -0.000000 0.024053 0.000000
vt 0.003554 0.033751 0.000000
vt 0.000000 0.048106 0.000000
vt 0.007933 0.050626 0.000000
vt 0.013948 0.067502 0.000000
vt -0.000000 0.072158 0.000000
vt 0.021483 0.084377 0.000000
vt 0.000000 0.096211 0.000000
vt 0.030397 0.101252 0.000000
vt 0.000000 0.120264 0.000000
vt 0.040521 0.118128 0.000000
vt 0.051662 0.135003 0.000000
vt 0.000000 0.144317 0.000000
vt 0.063609 0.151878 0.000000
vt 0.000000 0.168370 0.000000
vt 0.076137 0.168754 0.000000
vt 0.089008 0.185629 0.000000
vt -0.000000 0.192423 0.000000
vt 0.101977 0.202505 0.000000
vt -0.000000 0.216475 0.000000
vt 0.114800 0.219380 0.000000
vt 0.127233 0.236255 0.000000
vt -0.000000 0.240528 0.000000
vt 0.139041 0.253131 0.000000
vt -0.000000 0.264581 0.000000
vt 0.150000 0.270006 0.000000
vt -0.000000 0.288634 0.000000
vt 0.150000 0.292974 0.000000
vt -0.000000 0.312687 0.000000
vt 0.150000 0.315942 0.000000
vt -0.000000 0.336739 0.000000
vt 0.150000 0.338910 0.000000
vt -0.000000 0.360792 0.000000
vt 0.150000 0.361877 0.000000
vt -0.000000 0.384845 0.000000
vt 0.150000 0.384845 0.000000
vt -0.000000 -0.384845 0.000000
vt 0.150000 -0.384845 0.000000
vt 0.150000 -0.361877 0.000000
vt -0.000000 -0.360792 0.000000
vt 0.150000 -0.338910 0.000000
vt -0.000000 -0.336739 0.000000
vt 0.150000 -0.315942 0.000000
vt -0.000000 -0.312687 0.000000
vt 0.150000 -0.292974 0.000000
vt -0.000000 -0.288634 0.000000
vt 0.150000 -0.270006 0.000000
vt -0.000000 -0.264581 0.000000
vt 0.139041 -0.253131 0.000000
vt -0.000000 -0.240528 0.000000
vt 0.127233 -0.236255 0.000000
vt 0.114800 -0.219380 0.000000
vt -0.000000 -0.216475 0.000000
vt 0.101977 -0.202505 0.000000
vt -0.000000 -0.192423 0.000000
vt 0.089008 -0.185629 0.000000
vt -0.000000 -0.168370 0.000000
vt 0.076137 -0.168754 0.000000
vt 0.063609 -0.151878 0.000000
vt -0.000000 -0.144317 0.000000
vt 0.051662 -0.135003 0.000000
vt -0.000000 -0.120264 0.000000
vt 0.040521 -0.118128 0.000000
vt 0.030397 -0.101252 0.000000
vt -0.000000 -0.096211 0.000000
vt 0.021483 -0.084377 0.000000
vt -0.000000 -0.072158 0.000000
vt 0.013948 -0.067502 0.000000
vt 0.007933 -0.050626 0.000000
vt -0.000000 -0.048106 0.000000
vt 0.003554 -0.033751 0.000000
vt -0.000000 -0.024053 0.000000
vt 0.000893 -0.016875 0.000000
vt 0.098742 -0.072500 0.000000
vt -0.098742 -0.072500 0.000000
vt 0.083498 -0.089635 0.000000
vt -0.083498 -0.089635 0.000000
vt 0.065327 -0.103627 0.000000
vt -0.065327 -0.103627 0.000000
vt 0.044867 -0.113988 0.000000
vt -0.044867 -0.113988 0.000000
vt 0.022833 -0.120353 0.000000
vt -0.022833 -0.120353 0.000000
vt -0.000000 -0.122500 0.000000
vt 0.150000 0.696035 0.000000
vt -0.000000 0.696035 0.000000
vt 0.150000 0.649633 0.000000
vt -0.000000 0.649633 0.000000
vt 0.150000 0.603231 0.000000
vt -0.000000 0.603231 0.000000
vt 0.150000 0.556828 0.000000
vt -0.000000 0.556828 0.000000
vt 0.150000 0.510426 0.000000
vt -0.000000 0.510426 0.000000
vt 0.150000 0.464024 0.000000
vt -0.000000 0.464024 0.000000
vt 0.150000 0.417621 0.000000
vt -0.000000 0.417621 0.000000
vt 0.150000 0.371219 0.000000
vt -0.000000 0.371219 0.000000
vt 0.150000 0.324817 0.000000
vt -0.000000 0.324817 0.000000
vt 0.150000 0.278414 0.000000
vt -0.000000 0.278414 0.000000
vt 0.150000 0.232012 0.000000
vt -0.000000 0.232012 0.000000
vt 0.150000 0.185609 0.000000
vt -0.000000 0.185609 0.000000
vt 0.150000 0.139207 0.000000
vt -0.000000 0.139207 0.000000
vt 0.150000 0.092805 0.000000
vt -0.000000 0.092805 0.000000
vt 0.150000 0.046402 0.000000
vt -0.000000 0.046402 0.000000
vt 0.150000 0.000000 0.000000
vt -0.000000 0.000000 0.000000
vt -0.341174 0.000000 0.000000
vt -0.000000 0.000000 0.000000
vt -0.341174 0.150000 0.000000
vt -0.000000 0.150000 0.000000
vt 0.150000 0.112361 0.000000
vt -0.000000 0.112361 0.000000
vt 0.150000 0.099876 0.000000
vt -0.000000 0.099876 0.000000
vt 0.150000 0.087392 0.000000
vt -0.000000 0.087392 0.000000
vt 0.150000 0.074907 0.000000
vt -0.000000 0.074907 0.000000
vt 0.150000 0.062423 0.000000
vt -0.000000 0.062423 0.000000
vt 0.150000 0.049938 0.000000
vt -0.000000 0.049938 0.000000
vt 0.150000 0.037454 0.000000
vt -0.000000 0.037454 0.000000
vt 0.150000 0.024969 0.000000
vt -0.000000 0.024969 0.000000
vt 0.150000 0.012485 0.000000
vt -0.000000 0.012485 0.000000
vt 0.150000 0.000000 0.000000
vt -0.000000 0.000000 0.000000
vt -0.072639 0.000000 0.000000
vt 0.000000 0.000000 0.000000
vt -0.072639 0.150000 0.000000
vt 0.000000 0.150000 0.000000
vt -0.023899 0.422646 0.000000
vt 0.000000 0.425000 0.000000
vt 0.050000 0.774861 0.000000
vt 0.023899 0.422646 0.000000
vt 0.095833 0.767732 0.000000
vt 0.046879 0.415675 0.000000
vt 0.140752 0.756167 0.000000
vt 0.184329 0.740276 0.000000
vt 0.068057 0.404355 0.000000
vt 0.226148 0.720211 0.000000
vt 0.086621 0.389121 0.000000
vt 0.265811 0.696162 0.000000
vt 0.302939 0.668360 0.000000
vt 0.101855 0.370557 0.000000
vt 0.337178 0.637068 0.000000
vt 0.368202 0.602587 0.000000
vt 0.113175 0.349379 0.000000
vt 0.395715 0.565244 0.000000
vt 0.419455 0.525396 0.000000
vt 0.439195 0.483422 0.000000
vt 0.120146 0.326399 0.000000
vt 0.454747 0.439723 0.000000
vt 0.465963 0.394715 0.000000
vt 0.472735 0.348829 0.000000
vt 0.122500 0.302500 0.000000
vt 0.475000 0.302500 0.000000
vt 0.120146 0.278601 0.000000
vt 0.113175 0.255621 0.000000
vt 0.101855 0.234443 0.000000
vt 0.392861 -0.014027 0.000000
vt 0.403431 -0.007221 0.000000
vt 0.415364 -0.003267 0.000000
vt 0.427907 -0.002414 0.000000
vt 0.318180 -0.076692 0.000000
vt 0.086621 0.215879 0.000000
vt 0.278926 -0.106432 0.000000
vt 0.236911 -0.132124 0.000000
vt 0.068057 0.200645 0.000000
vt 0.192551 -0.153514 0.000000
vt 0.046879 0.189325 0.000000
vt 0.146285 -0.170391 0.000000
vt 0.098571 -0.182586 0.000000
vt 0.023899 0.182354 0.000000
vt 0.049882 -0.189980 0.000000
vt 0.000000 0.180000 0.000000
vt 0.000698 -0.192500 0.000000
vt -0.048492 -0.190119 0.000000
vt -0.097202 -0.182863 0.000000
vt -0.144950 -0.170802 0.000000
vt -0.191263 -0.154056 0.000000
vt -0.235683 -0.132791 0.000000
vt -0.277771 -0.107218 0.000000
vt -0.317108 -0.077588 0.000000
vt -0.353307 -0.044197 0.000000
vt -0.386009 -0.007374 0.000000
vt -0.394826 0.001195 0.000000
vt -0.405467 0.007352 0.000000
vt -0.417290 0.010728 0.000000
vt -0.023899 0.182354 0.000000
vt -0.046879 0.189325 0.000000
vt -0.068057 0.200645 0.000000
vt -0.086621 0.215879 0.000000
vt -0.429578 0.011116 0.000000
vt -0.101855 0.234443 0.000000
vt -0.113175 0.255621 0.000000
vt -0.475000 0.302500 0.000000
vt -0.120146 0.278601 0.000000
vt -0.122500 0.302500 0.000000
vt -0.472657 0.349625 0.000000
vt -0.120146 0.326399 0.000000
vt -0.465649 0.396285 0.000000
vt -0.454047 0.442020 0.000000
vt -0.437965 0.486379 0.000000
vt -0.113175 0.349379 0.000000
vt -0.417562 0.528923 0.000000
vt -0.393038 0.569232 0.000000
vt -0.101855 0.370557 0.000000
vt -0.364636 0.606910 0.000000
vt -0.332636 0.641584 0.000000
vt -0.297354 0.672913 0.000000
vt -0.086621 0.389121 0.000000
vt -0.068057 0.404355 0.000000
vt -0.046879 0.415675 0.000000
vt -0.031300 0.886491 0.000000
vt 0.050000 0.847500 0.000000
vt 0.048449 0.859855 0.000000
vt 0.440266 -0.004717 0.000000
vt 0.451660 -0.010030 0.000000
vt 0.461369 -0.018018 0.000000
vt 0.468778 -0.028174 0.000000
vt 0.473419 -0.039858 0.000000
vt 0.475000 -0.052330 0.000000
vt 0.043894 0.871444 0.000000
vt 0.036616 0.881548 0.000000
vt 0.027067 0.889540 0.000000
vt 0.015839 0.894925 0.000000
vt 0.003629 0.897368 0.000000
vt -0.008806 0.896718 0.000000
vt -0.020695 0.893016 0.000000
vt -0.475000 -0.038674 0.000000
vt -0.473488 -0.026473 0.000000
vt -0.469045 -0.015009 0.000000
vt -0.461939 -0.004977 0.000000
vt -0.452599 0.003019 0.000000
vt -0.441590 0.008493 0.000000
vt -0.112649 0.000000 0.000000
vt -0.000000 -0.000000 0.000000
vt -0.112649 0.190000 0.000000
vt 0.000000 0.190000 0.000000
vt -0.190000 0.000000 0.000000
vt -0.000000 0.000000 0.000000
vt -0.190000 0.013089 0.000000
vt -0.000000 0.013089 0.000000
vt -0.190000 0.026177 0.000000
vt -0.000000 0.026177 0.000000
vt -0.190000 0.039266 0.000000
vt -0.000000 0.039266 0.000000
vt -0.190000 0.052354 0.000000
vt 0.000000 0.052354 0.000000
vt -0.190000 0.065443 0.000000
vt -0.000000 0.065443 0.000000
vt -0.190000 0.078531 0.000000
vt 0.000000 0.078531 0.000000
vt -0.107225 0.190000 0.000000
vt -0.204714 0.190000 0.000000
vt -0.107225 0.000000 0.000000
vt -0.204714 0.000000 0.000000
vt 0.150000 -0.746128 0.000000
vt -0.000000 -0.746128 0.000000
vt 0.150000 -0.794266 0.000000
vt -0.000000 -0.794266 0.000000
vt 0.150000 -0.842403 0.000000
vt -0.000000 -0.842403 0.000000
vt 0.150000 -0.890540 0.000000
vt -0.000000 -0.890540 0.000000
vt 0.150000 -0.938677 0.000000
vt -0.000000 -0.938677 0.000000
vt 0.150000 -0.986815 0.000000
vt -0.000000 -0.986815 0.000000
vt 0.150000 -1.034952 0.000000
vt -0.000000 -1.034952 0.000000
vt 0.150000 -1.083089 0.000000
vt -0.000000 -1.083089 0.000000
vt 0.150000 -1.131227 0.000000
vt -0.000000 -1.131227 0.000000
vt 0.150000 -1.179364 0.000000
vt -0.000000 -1.179364 0.000000
vt 0.150000 -1.227501 0.000000
vt -0.000000 -1.227501 0.000000
vt 0.150000 -1.275639 0.000000
vt -0.000000 -1.275639 0.000000
vt 0.150000 -1.323776 0.000000
vt -0.000000 -1.323776 0.000000
vt 0.150000 -1.371913 0.000000
vt -0.000000 -1.371913 0.000000
vt 0.150000 -1.420051 0.000000
vt -0.000000 -1.420051 0.000000
vt 0.150000 -1.468188 0.000000
vt -0.000000 -1.468188 0.000000
vt 0.150000 -1.516325 0.000000
vt -0.000000 -1.516325 0.000000
vt 0.150000 -1.564462 0.000000
vt -0.000000 -1.564462 0.000000
vt 0.150000 -1.612600 0.000000
vt -0.000000 -1.612600 0.000000
vt 0.150000 -1.660737 0.000000
vt -0.000000 -1.660737 0.000000
vt 0.150000 -1.708874 0.000000
vt -0.000000 -1.708874 0.000000
vt 0.150000 -1.757012 0.000000
vt -0.000000 -1.757012 0.000000
vt 0.150000 -1.805149 0.000000
vt -0.000000 -1.805149 0.000000
vt 0.150000 -1.853286 0.000000
vt -0.000000 -1.853286 0.000000
vt 0.150000 -1.901424 0.000000
vt -0.000000 -1.901424 0.000000
vt 0.150000 -1.949561 0.000000
vt -0.000000 -1.949561 0.000000
vt 0.150000 -1.997698 0.000000
vt -0.000000 -1.997698 0.000000
vt 0.150000 -2.045836 0.000000
vt -0.000000 -2.045836 0.000000
vt 0.150000 -2.093973 0.000000
vt -0.000000 -2.093973 0.000000
vt 0.150000 -2.142110 0.000000
vt -0.000000 -2.142110 0.000000
vt 0.150000 -2.190247 0.000000
vt -0.000000 -2.190247 0.000000
vt 0.150000 -2.238385 0.000000
vt -0.000000 -2.238385 0.000000
vt 0.560445 0.353307 0.000000
vt 0.597268 0.386009 0.000000
vt 0.565967 0.475000 0.000000
vt 0.605836 0.394826 0.000000
vt 0.611994 0.405467 0.000000
vt 0.615369 0.417290 0.000000
vt 0.615757 0.429578 0.000000
vt 0.613135 0.441590 0.000000
vt 0.607661 0.452599 0.000000
vt 0.599665 0.461939 0.000000
vt 0.589633 0.469045 0.000000
vt 0.578169 0.473488 0.000000
vt 0.527054 0.317108 0.000000
vt -0.292858 0.475000 0.000000
vt 0.497424 0.277771 0.000000
vt 0.471851 0.235683 0.000000
vt -0.211608 0.140729 0.000000
vt -0.188405 0.124482 0.000000
vt -0.340913 0.472563 0.000000
vt -0.292858 0.162500 0.000000
vt -0.264640 0.160031 0.000000
vt -0.237280 0.152700 0.000000
vt -0.388475 0.465277 0.000000
vt -0.435056 0.453216 0.000000
vt -0.321076 0.160031 0.000000
vt -0.480177 0.436505 0.000000
vt -0.523376 0.415315 0.000000
vt -0.564210 0.389863 0.000000
vt -0.348436 0.152700 0.000000
vt -0.602260 0.360410 0.000000
vt -0.637135 0.327259 0.000000
vt -0.374108 0.140729 0.000000
vt -0.668477 0.290750 0.000000
vt -0.397311 0.124482 0.000000
vt -0.695964 0.251258 0.000000
vt -0.719315 0.209187 0.000000
vt -0.417340 0.104453 0.000000
vt -0.738290 0.164970 0.000000
vt -0.433587 0.081250 0.000000
vt -0.752695 0.119060 0.000000
vt -0.445558 0.055578 0.000000
vt -0.762381 0.071928 0.000000
vt -0.452889 0.028218 0.000000
vt -0.767248 0.024058 0.000000
vt -0.455358 -0.000000 0.000000
vt -0.767248 -0.024058 0.000000
vt -0.452889 -0.028218 0.000000
vt -0.762381 -0.071928 0.000000
vt -0.445558 -0.055578 0.000000
vt -0.752695 -0.119060 0.000000
vt -0.433587 -0.081250 0.000000
vt -0.738290 -0.164970 0.000000
vt -0.417340 -0.104453 0.000000
vt -0.719315 -0.209187 0.000000
vt -0.397311 -0.124482 0.000000
vt -0.695964 -0.251258 0.000000
vt -0.668477 -0.290750 0.000000
vt -0.374108 -0.140729 0.000000
vt -0.637135 -0.327259 0.000000
vt -0.348436 -0.152700 0.000000
vt -0.602260 -0.360410 0.000000
vt -0.564210 -0.389863 0.000000
vt -0.321076 -0.160031 0.000000
vt -0.523376 -0.415315 0.000000
vt -0.480177 -0.436505 0.000000
vt -0.435056 -0.453216 0.000000
vt -0.292858 -0.162500 0.000000
vt -0.388475 -0.465277 0.000000
vt -0.340913 -0.472563 0.000000
vt -0.292858 -0.475000 0.000000
vt -0.264640 -0.160031 0.000000
vt -0.237280 -0.152700 0.000000
vt -0.211608 -0.140729 0.000000
vt 0.472518 -0.236911 0.000000
vt -0.188405 -0.124482 0.000000
vt 0.451128 -0.192551 0.000000
vt -0.168376 -0.104453 0.000000
vt 0.434251 -0.146285 0.000000
vt -0.152129 -0.081250 0.000000
vt 0.422056 -0.098571 0.000000
vt -0.140158 -0.055578 0.000000
vt 0.414662 -0.049882 0.000000
vt -0.132827 -0.028218 0.000000
vt 0.412142 -0.000698 0.000000
vt -0.130358 -0.000000 0.000000
vt -0.132827 0.028218 0.000000
vt 0.414523 0.048492 0.000000
vt -0.140158 0.055578 0.000000
vt 0.421779 0.097202 0.000000
vt -0.152129 0.081250 0.000000
vt 0.433840 0.144950 0.000000
vt -0.168376 0.104453 0.000000
vt 0.450586 0.191263 0.000000
vt 0.498210 -0.278926 0.000000
vt 0.552312 -0.475000 0.000000
vt 0.527950 -0.318180 0.000000
vt 0.590615 -0.392861 0.000000
vt 0.597421 -0.403431 0.000000
vt 0.601375 -0.415364 0.000000
vt 0.602228 -0.427907 0.000000
vt 0.599925 -0.440266 0.000000
vt 0.594612 -0.451660 0.000000
vt 0.586624 -0.461369 0.000000
vt 0.576468 -0.468778 0.000000
vt 0.564784 -0.473419 0.000000
vt -0.150000 -0.069090 0.000000
vt -1.150000 -0.056528 0.000000
vt -2.150000 -0.069090 0.000000
vt -1.400000 -0.056528 0.000000
vt -1.650000 -0.056528 0.000000
vt -1.650000 -0.043967 0.000000
vt -1.900000 -0.043967 0.000000
vt -1.900000 -0.031405 0.000000
vt -2.150000 -0.031405 0.000000
vt -2.150000 -0.018843 0.000000
vt -1.900000 -0.018843 0.000000
vt -2.150000 -0.006281 0.000000
vt -1.900000 -0.006281 0.000000
vt -2.150000 0.006281 0.000000
vt -1.900000 0.006281 0.000000
vt -2.150000 0.018843 0.000000
vt -1.900000 0.018843 0.000000
vt -2.150000 0.031405 0.000000
vt -1.900000 0.031405 0.000000
vt -2.150000 0.043967 0.000000
vt -1.900000 0.043967 0.000000
vt -2.150000 0.056528 0.000000
vt -1.900000 0.056528 0.000000
vt -2.150000 0.069090 0.000000
vt -1.650000 0.056528 0.000000
vt -1.400000 0.056528 0.000000
vt -1.400000 0.043967 0.000000
vt -1.150000 0.043967 0.000000
vt -1.150000 0.031405 0.000000
vt -0.900000 0.031405 0.000000
vt -0.900000 0.018843 0.000000
vt -0.650000 0.018843 0.000000
vt -0.650000 0.006281 0.000000
vt -0.400000 0.006281 0.000000
vt -0.400000 -0.006281 0.000000
vt -0.150000 -0.006281 0.000000
vt -0.150000 -0.018843 0.000000
vt -0.400000 -0.018843 0.000000
vt -0.150000 -0.031405 0.000000
vt -0.400000 -0.031405 0.000000
vt -0.150000 -0.043967 0.000000
vt -0.400000 -0.043967 0.000000
vt -0.150000 -0.056528 0.000000
vt -0.400000 -0.056528 0.000000
vt -0.650000 -0.056528 0.000000
vt -0.900000 -0.056528 0.000000
vt -0.900000 -0.043967 0.000000
vt -1.150000 -0.043967 0.000000
vt -1.150000 -0.031405 0.000000
vt -1.400000 -0.031405 0.000000
vt -1.400000 -0.018843 0.000000
vt -1.650000 -0.018843 0.000000
vt -1.650000 -0.006281 0.000000
vt -0.150000 0.006281 0.000000
vt -0.400000 0.018843 0.000000
vt -0.650000 0.031405 0.000000
vt -0.900000 0.043967 0.000000
vt -1.150000 0.056528 0.000000
vt -0.150000 0.018843 0.000000
vt -0.400000 0.031405 0.000000
vt -0.650000 0.043967 0.000000
vt -0.900000 0.056528 0.000000
vt -0.150000 0.069090 0.000000
vt -0.150000 0.031405 0.000000
vt -0.400000 0.043967 0.000000
vt -0.650000 0.056528 0.000000
vt -0.150000 0.043967 0.000000
vt -0.400000 0.056528 0.000000
vt -0.150000 0.056528 0.000000
vt -2.150000 -0.043967 0.000000
vt -1.900000 -0.056528 0.000000
vt -2.150000 -0.056528 0.000000
vt -0.650000 -0.043967 0.000000
vt -0.650000 -0.031405 0.000000
vt -0.650000 -0.018843 0.000000
vt -0.650000 -0.006281 0.000000
vt -1.400000 -0.043967 0.000000
vt -0.900000 -0.031405 0.000000
vt -1.150000 -0.018843 0.000000
vt -1.400000 -0.006281 0.000000
vt -1.650000 0.006281 0.000000
vt -1.650000 -0.031405 0.000000
vt -0.900000 -0.018843 0.000000
vt -0.900000 -0.006281 0.000000
vt -0.900000 0.006281 0.000000
vt -1.150000 -0.006281 0.000000
vt -1.400000 0.006281 0.000000
vt -1.650000 0.018843 0.000000
vt -1.150000 0.006281 0.000000
vt -1.150000 0.018843 0.000000
vt -1.400000 0.018843 0.000000
vt -1.650000 0.031405 0.000000
vt -1.400000 0.031405 0.000000
vt -1.650000 0.043967 0.000000
vt 0.823740 2.000000 0.000000
vt 0.000000 2.000000 0.000000
vt 0.823740 0.000000 0.000000
vt 0.000000 0.000000 0.000000
vt -0.190000 -0.061629 0.000000
vt -0.000000 -0.061629 0.000000
vt -0.190000 -0.049303 0.000000
vt -0.000000 -0.049303 0.000000
vt -0.190000 -0.036978 0.000000
vt -0.000000 -0.036978 0.000000
vt -0.190000 -0.024652 0.000000
vt -0.000000 -0.024652 0.000000
vt -0.190000 -0.012326 0.000000
vt -0.000000 -0.012326 0.000000
vt -0.190000 0.000000 0.000000
vt -0.000000 0.000000 0.000000
vt -0.190000 0.012326 0.000000
vt -0.000000 0.012326 0.000000
vt -0.190000 0.024652 0.000000
vt -0.000000 0.024652 0.000000
vt -0.190000 0.036978 0.000000
vt -0.000000 0.036978 0.000000
vt -0.190000 0.049303 0.000000
vt -0.000000 0.049303 0.000000
vt -0.190000 0.061629 0.000000
vt -0.000000 0.061629 0.000000
vt 0.000000 0.193639 0.000000
vt 0.190000 0.193639 0.000000
vt 0.000000 0.242907 0.000000
vt 0.190000 0.242907 0.000000
vt 0.000000 0.292175 0.000000
vt 0.190000 0.292175 0.000000
vt -0.000000 0.341443 0.000000
vt 0.190000 0.341443 0.000000
vt 0.000000 0.390712 0.000000
vt 0.190000 0.390712 0.000000
vt 0.000000 0.439980 0.000000
vt 0.190000 0.439980 0.000000
vt -0.000000 0.489248 0.000000
vt 0.190000 0.489248 0.000000
vt -0.000000 0.538516 0.000000
vt 0.190000 0.538516 0.000000
vt 0.000000 0.587784 0.000000
vt 0.190000 0.587784 0.000000
vt -0.000000 0.637052 0.000000
vt 0.190000 0.637052 0.000000
vt -0.000000 0.686320 0.000000
vt 0.190000 0.686320 0.000000
vt 0.000000 0.735588 0.000000
vt 0.190000 0.735588 0.000000
vt -0.000000 0.784856 0.000000
vt 0.190000 0.784856 0.000000
vt 0.000000 0.834124 0.000000
vt 0.190000 0.834124 0.000000
vt 0.000000 0.883393 0.000000
vt 0.190000 0.883393 0.000000
vt -0.000000 0.932661 0.000000
vt 0.190000 0.932661 0.000000
vt 0.000000 0.981929 0.000000
vt 0.190000 0.981929 0.000000
vt -0.190000 -0.056723 0.000000
vt -0.000000 -0.056723 0.000000
vt -0.190000 -0.044118 0.000000
vt -0.000000 -0.044118 0.000000
vt -0.190000 -0.031513 0.000000
vt -0.000000 -0.031513 0.000000
vt -0.190000 -0.018908 0.000000
vt -0.000000 -0.018908 0.000000
vt -0.190000 -0.006303 0.000000
vt -0.000000 -0.006303 0.000000
vt -0.190000 0.006303 0.000000
vt -0.000000 0.006303 0.000000
vt -0.190000 0.018908 0.000000
vt -0.000000 0.018908 0.000000
vt -0.190000 0.031513 0.000000
vt -0.000000 0.031513 0.000000
vt -0.190000 0.044118 0.000000
vt -0.000000 0.044118 0.000000
vt -0.190000 0.056723 0.000000
vt -0.000000 0.056723 0.000000
vt -0.000000 -0.056002 0.000000
vt -1.322222 -0.043557 0.000000
vt -2.380000 -0.056002 0.000000
vt -1.586667 -0.043557 0.000000
vt -1.851111 -0.043557 0.000000
vt -1.851111 -0.031112 0.000000
vt -2.115556 -0.031112 0.000000
vt -2.115556 -0.018667 0.000000
vt -2.380000 -0.018667 0.000000
vt -2.380000 -0.006222 0.000000
vt -2.115556 -0.006222 0.000000
vt -2.380000 0.006222 0.000000
vt -2.115556 0.006222 0.000000
vt -2.380000 0.018667 0.000000
vt -2.115556 0.018667 0.000000
vt -2.380000 0.031112 0.000000
vt -2.115556 0.031112 0.000000
vt -2.380000 0.043557 0.000000
vt -2.115556 0.043557 0.000000
vt -2.380000 0.056002 0.000000
vt -1.851111 0.043557 0.000000
vt -1.586667 0.043557 0.000000
vt -1.586667 0.031112 0.000000
vt -1.322222 0.031112 0.000000
vt -1.322222 0.018667 0.000000
vt -1.057778 0.018667 0.000000
vt -1.057778 0.006222 0.000000
vt -0.793333 0.006222 0.000000
vt -0.793333 -0.006222 0.000000
vt -0.528889 -0.006222 0.000000
vt -0.528889 -0.018667 0.000000
vt -0.264444 -0.018667 0.000000
vt -0.264444 -0.031112 0.000000
vt -0.000000 -0.031112 0.000000
vt -0.000000 -0.043557 0.000000
vt -0.264444 -0.043557 0.000000
vt -0.528889 -0.043557 0.000000
vt -0.793333 -0.043557 0.000000
vt -0.793333 -0.031112 0.000000
vt -1.057778 -0.031112 0.000000
vt -1.057778 -0.018667 0.000000
vt -1.322222 -0.018667 0.000000
vt -1.322222 -0.006222 0.000000
vt -1.586667 -0.006222 0.000000
vt -1.586667 0.006222 0.000000
vt -1.851111 0.006222 0.000000
vt -1.851111 0.018667 0.000000
vt -0.000000 -0.018667 0.000000
vt -0.264444 -0.006222 0.000000
vt -0.528889 0.006222 0.000000
vt -0.793333 0.018667 0.000000
vt -1.057778 0.031112 0.000000
vt -1.322222 0.043557 0.000000
vt -0.000000 -0.006222 0.000000
vt -0.264444 0.006222 0.000000
vt -0.528889 0.018667 0.000000
vt -0.793333 0.031112 0.000000
vt -1.057778 0.043557 0.000000
vt -0.000000 0.006222 0.000000
vt -0.264444 0.018667 0.000000
vt -0.528889 0.031112 0.000000
vt -0.793333 0.043557 0.000000
vt -0.000000 0.056002 0.000000
vt -0.000000 0.018667 0.000000
vt -0.264444 0.031112 0.000000
vt -0.528889 0.043557 0.000000
vt -0.000000 0.031112 0.000000
vt -0.264444 0.043557 0.000000
vt -0.000000 0.043557 0.000000
vt -2.380000 -0.031112 0.000000
vt -2.115556 -0.043557 0.000000
vt -2.380000 -0.043557 0.000000
vt -0.528889 -0.031112 0.000000
vt -1.057778 -0.043557 0.000000
vt -1.322222 -0.031112 0.000000
vt -1.586667 -0.031112 0.000000
vt -1.586667 -0.018667 0.000000
vt -0.793333 -0.018667 0.000000
vt -1.057778 -0.006222 0.000000
vt -1.322222 0.006222 0.000000
vt -1.586667 0.018667 0.000000
vt -1.851111 0.031112 0.000000
vt -1.851111 -0.018667 0.000000
vt -1.851111 -0.006222 0.000000
vt 0.201891 0.000000 0.000000
vt 0.523501 0.150000 0.000000
vt 0.201891 0.190000 0.000000
vt 0.201891 2.490000 0.000000
vt -0.139284 2.490000 0.000000
vt 1.060716 0.000000 0.000000
vt 1.060716 0.150000 0.000000
vt 0.523501 2.530000 0.000000
vt 0.201891 2.680000 0.000000
vt 1.060716 2.680000 0.000000
vt 1.060716 2.530000 0.000000
vt -0.139284 0.190000 0.000000
vt -0.000000 0.062853 0.000000
vt -0.190000 0.062853 0.000000
vt -0.000000 0.050283 0.000000
vt -0.190000 0.050283 0.000000
vt -0.000000 0.037712 0.000000
vt -0.190000 0.037712 0.000000
vt -0.000000 0.025141 0.000000
vt -0.190000 0.025141 0.000000
vt -0.000000 0.012571 0.000000
vt -0.190000 0.012571 0.000000
vt -0.000000 0.000000 0.000000
vt -0.190000 0.000000 0.000000
vt -0.000000 -0.012571 0.000000
vt -0.190000 -0.012571 0.000000
vt -0.000000 -0.025141 0.000000
vt -0.190000 -0.025141 0.000000
vt -0.000000 -0.037712 0.000000
vt -0.190000 -0.037712 0.000000
vt -0.000000 -0.050283 0.000000
vt -0.190000 -0.050283 0.000000
vt -0.000000 -0.062853 0.000000
vt -0.190000 -0.062853 0.000000
vt 0.000000 -0.448087 0.000000
vt 0.190000 -0.448087 0.000000
vt 0.000000 -0.403876 0.000000
vt 0.190000 -0.403876 0.000000
vt 0.000000 -0.359666 0.000000
vt 0.190000 -0.359666 0.000000
vt 0.000000 -0.315456 0.000000
vt 0.190000 -0.315456 0.000000
vt 0.000000 -0.271245 0.000000
vt 0.190000 -0.271245 0.000000
vt 0.000000 -0.227035 0.000000
vt 0.190000 -0.227035 0.000000
vt 0.000000 -0.182824 0.000000
vt 0.190000 -0.182824 0.000000
vt 0.000000 -0.138614 0.000000
vt 0.190000 -0.138614 0.000000
vt 0.000000 -0.094404 0.000000
vt 0.190000 -0.094404 0.000000
vt 0.000000 -0.050193 0.000000
vt 0.190000 -0.050193 0.000000
vt 0.393099 -0.627780 0.000000
vt 0.475000 -0.526004 0.000000
vt 0.384524 -0.618634 0.000000
vt 0.355000 -0.526004 0.000000
vt 0.356942 -0.584103 0.000000
vt 0.326269 -0.552285 0.000000
vt 0.292773 -0.523456 0.000000
vt 0.355000 -0.095104 0.000000
vt 0.256742 -0.497865 0.000000
vt 0.218489 -0.475733 0.000000
vt 0.178344 -0.457252 0.000000
vt 0.048397 -0.299560 0.000000
vt 0.136655 -0.442582 0.000000
vt 0.050100 -0.312500 0.000000
vt 0.093783 -0.431850 0.000000
vt 0.050100 -0.425150 0.000000
vt 0.403680 -0.634506 0.000000
vt 0.415601 -0.638388 0.000000
vt 0.428114 -0.639182 0.000000
vt 0.440430 -0.636839 0.000000
vt 0.475000 -0.589279 0.000000
vt 0.451777 -0.631505 0.000000
vt 0.461440 -0.623516 0.000000
vt 0.468811 -0.613375 0.000000
vt 0.473428 -0.601718 0.000000
vt 0.475000 -0.095104 0.000000
vt 0.475000 0.302500 0.000000
vt 0.395715 0.565244 0.000000
vt 0.368202 0.602587 0.000000
vt 0.472735 0.348829 0.000000
vt 0.465963 0.394715 0.000000
vt 0.454747 0.439723 0.000000
vt 0.439195 0.483422 0.000000
vt 0.419455 0.525396 0.000000
vt 0.337178 0.637068 0.000000
vt 0.302939 0.668360 0.000000
vt 0.265811 0.696162 0.000000
vt 0.226148 0.720211 0.000000
vt 0.184329 0.740276 0.000000
vt 0.025105 -0.269202 0.000000
vt 0.140752 0.756167 0.000000
vt 0.013048 -0.264206 0.000000
vt 0.095833 0.767732 0.000000
vt 0.050000 0.774861 0.000000
vt 0.050000 0.847500 0.000000
vt 0.015839 0.894925 0.000000
vt 0.003629 0.897368 0.000000
vt -0.008806 0.896718 0.000000
vt 0.048449 0.859855 0.000000
vt 0.043894 0.871444 0.000000
vt 0.036616 0.881548 0.000000
vt 0.027067 0.889540 0.000000
vt -0.020695 0.893016 0.000000
vt -0.031300 0.886491 0.000000
vt -0.297354 0.672913 0.000000
vt -0.328094 0.645982 0.000000
vt -0.346570 0.471774 0.000000
vt -0.345000 0.459344 0.000000
vt -0.051953 -0.264629 0.000000
vt 0.000109 -0.262500 0.000000
vt -0.351180 0.483424 0.000000
vt -0.356405 0.616508 0.000000
vt -0.358542 0.493561 0.000000
vt -0.368193 0.501551 0.000000
vt -0.382077 0.584709 0.000000
vt -0.379528 0.506890 0.000000
vt -0.391834 0.509244 0.000000
vt -0.404922 0.550822 0.000000
vt -0.404338 0.508464 0.000000
vt -0.416256 0.504601 0.000000
vt -0.424768 0.515096 0.000000
vt -0.426840 0.497895 0.000000
vt -0.435424 0.488770 0.000000
vt -0.441471 0.477796 0.000000
vt -0.345000 -0.364396 0.000000
vt -0.300132 -0.337906 0.000000
vt -0.253243 -0.315183 0.000000
vt -0.204649 -0.296381 0.000000
vt -0.154677 -0.281627 0.000000
vt -0.103664 -0.271019 0.000000
vt 0.035458 -0.277148 0.000000
vt 0.043403 -0.287502 0.000000
vt -0.001464 -0.016822 0.000000
vt -0.000000 0.000000 0.000000
vt -0.167255 -0.122085 0.000000
vt -0.001464 0.016822 0.000000
vt -0.005829 0.033325 0.000000
vt -0.013011 0.049197 0.000000
vt -0.022876 0.064137 0.000000
vt -0.035235 0.077862 0.000000
vt -0.049855 0.090111 0.000000
vt -0.066459 0.100653 0.000000
vt -0.084731 0.109287 0.000000
vt -0.104327 0.115852 0.000000
vt -0.124874 0.120221 0.000000
vt -0.145984 0.122312 0.000000
vt -0.167255 0.122085 0.000000
vt -0.188287 -0.119546 0.000000
vt -0.188287 0.119546 0.000000
vt -0.208678 -0.114741 0.000000
vt -0.208678 0.114741 0.000000
vt -0.228045 -0.107763 0.000000
vt -0.228045 0.107763 0.000000
vt -0.246018 -0.098742 0.000000
vt -0.246018 0.098742 0.000000
vt -0.145984 -0.122312 0.000000
vt -0.124874 -0.120221 0.000000
vt -0.104327 -0.115852 0.000000
vt -0.084731 -0.109287 0.000000
vt -0.066459 -0.100653 0.000000
vt -0.049855 -0.090111 0.000000
vt -0.035235 -0.077862 0.000000
vt -0.022876 -0.064137 0.000000
vt -0.013011 -0.049197 0.000000
vt -0.005829 -0.033325 0.000000
vt -0.021213 0.526653 0.000000
vt 0.021213 0.529036 0.000000
vt -0.021213 0.557633 0.000000
vt 0.021213 0.557633 0.000000
vt -0.021213 -0.557633 0.000000
vt 0.021213 -0.557633 0.000000
vt 0.021213 -0.529036 0.000000
vt 0.021213 0.500440 0.000000
vt -0.021213 0.495674 0.000000
vt 0.021213 0.471843 0.000000
vt -0.021213 0.464694 0.000000
vt 0.021213 0.443247 0.000000
vt -0.021213 0.433714 0.000000
vt 0.021213 0.414650 0.000000
vt -0.021213 0.402735 0.000000
vt 0.021213 0.386053 0.000000
vt -0.021213 0.371755 0.000000
vt 0.021213 0.357457 0.000000
vt -0.021213 0.340776 0.000000
vt 0.021213 0.328860 0.000000
vt -0.021213 0.309796 0.000000
vt 0.021213 0.300264 0.000000
vt -0.021213 0.278816 0.000000
vt 0.021213 0.271667 0.000000
vt -0.021213 0.247837 0.000000
vt 0.021213 0.243071 0.000000
vt -0.021213 0.216857 0.000000
vt 0.021213 0.214474 0.000000
vt -0.021213 0.185878 0.000000
vt 0.021213 0.185878 0.000000
vt 0.021213 0.157281 0.000000
vt -0.021213 0.154898 0.000000
vt 0.021213 0.128684 0.000000
vt -0.021213 0.123918 0.000000
vt 0.021213 0.100088 0.000000
vt -0.021213 0.092939 0.000000
vt 0.021213 0.071491 0.000000
vt -0.021213 0.061959 0.000000
vt 0.021213 0.042895 0.000000
vt -0.021213 0.030980 0.000000
vt 0.021213 0.014298 0.000000
vt -0.021213 0.000000 0.000000
vt 0.021213 -0.014298 0.000000
vt -0.021213 -0.030980 0.000000
vt 0.021213 -0.042895 0.000000
vt -0.021213 -0.061959 0.000000
vt 0.021213 -0.071491 0.000000
vt -0.021213 -0.092939 0.000000
vt 0.021213 -0.100088 0.000000
vt -0.021213 -0.123918 0.000000
vt 0.021213 -0.128684 0.000000
vt -0.021213 -0.154898 0.000000
vt 0.021213 -0.157281 0.000000
vt -0.021213 -0.185878 0.000000
vt 0.021213 -0.185878 0.000000
vt 0.021213 -0.214474 0.000000
vt -0.021213 -0.216857 0.000000
vt 0.021213 -0.243071 0.000000
vt -0.021213 -0.247837 0.000000
vt 0.021213 -0.271667 0.000000
vt -0.021213 -0.278816 0.000000
vt 0.021213 -0.300264 0.000000
vt -0.021213 -0.309796 0.000000
vt 0.021213 -0.328860 0.000000
vt -0.021213 -0.340776 0.000000
vt 0.021213 -0.357457 0.000000
vt -0.021213 -0.371755 0.000000
vt 0.021213 -0.386053 0.000000
vt -0.021213 -0.402735 0.000000
vt 0.021213 -0.414650 0.000000
vt -0.021213 -0.433714 0.000000
vt 0.021213 -0.443247 0.000000
vt -0.021213 -0.464694 0.000000
vt 0.021213 -0.471843 0.000000
vt -0.021213 -0.495674 0.000000
vt 0.021213 -0.500440 0.000000
vt -0.021213 -0.526653 0.000000
vt 0.020539 -0.356942 0.000000
vt -0.196608 -0.166710 0.000000
vt -0.013992 -0.384524 0.000000
vt -0.224597 -0.179991 0.000000
vt -0.023138 -0.393099 0.000000
vt -0.029864 -0.403680 0.000000
vt -0.254353 -0.188610 0.000000
vt -0.292858 -0.475000 0.000000
vt -0.285107 -0.192344 0.000000
vt -0.340913 -0.472563 0.000000
vt -0.316061 -0.191096 0.000000
vt -0.388475 -0.465277 0.000000
vt -0.435056 -0.453216 0.000000
vt -0.346415 -0.184900 0.000000
vt -0.480177 -0.436505 0.000000
vt -0.523376 -0.415315 0.000000
vt -0.375381 -0.173914 0.000000
vt -0.564210 -0.389863 0.000000
vt -0.402211 -0.158424 0.000000
vt -0.602260 -0.360410 0.000000
vt -0.637135 -0.327259 0.000000
vt -0.426207 -0.138831 0.000000
vt -0.668477 -0.290750 0.000000
vt -0.695964 -0.251258 0.000000
vt -0.446751 -0.115643 0.000000
vt -0.719315 -0.209187 0.000000
vt -0.463308 -0.089459 0.000000
vt -0.738290 -0.164970 0.000000
vt -0.475451 -0.060959 0.000000
vt -0.752695 -0.119060 0.000000
vt -0.762381 -0.071928 0.000000
vt -0.482865 -0.030879 0.000000
vt -0.767248 -0.024058 0.000000
vt -0.485358 -0.000000 0.000000
vt -0.767248 0.024058 0.000000
vt -0.482865 0.030879 0.000000
vt -0.762381 0.071928 0.000000
vt -0.475451 0.060959 0.000000
vt -0.752695 0.119060 0.000000
vt -0.738290 0.164970 0.000000
vt -0.463308 0.089459 0.000000
vt -0.719315 0.209187 0.000000
vt -0.446751 0.115643 0.000000
vt -0.695964 0.251258 0.000000
vt -0.426207 0.138831 0.000000
vt -0.668477 0.290750 0.000000
vt -0.637135 0.327259 0.000000
vt -0.402211 0.158424 0.000000
vt -0.602260 0.360410 0.000000
vt -0.564210 0.389863 0.000000
vt -0.375381 0.173914 0.000000
vt -0.523376 0.415315 0.000000
vt -0.346415 0.184900 0.000000
vt -0.480177 0.436505 0.000000
vt -0.435056 0.453216 0.000000
vt -0.316061 0.191096 0.000000
vt -0.388475 0.465277 0.000000
vt -0.340913 0.472563 0.000000
vt -0.285107 0.192344 0.000000
vt -0.292858 0.475000 0.000000
vt -0.254353 0.188610 0.000000
vt -0.224597 0.179991 0.000000
vt -0.171112 -0.149111 0.000000
vt 0.052357 -0.326269 0.000000
vt 0.081186 -0.292773 0.000000
vt -0.148770 -0.127651 0.000000
vt 0.106777 -0.256742 0.000000
vt -0.130159 -0.102885 0.000000
vt 0.128909 -0.218489 0.000000
vt 0.147390 -0.178344 0.000000
vt -0.115762 -0.075454 0.000000
vt 0.162060 -0.136655 0.000000
vt -0.105952 -0.046068 0.000000
vt 0.172792 -0.093783 0.000000
vt 0.179492 -0.050100 0.000000
vt 0.292142 -0.050100 0.000000
vt 0.342142 -0.000109 0.000000
vt 0.339929 0.052969 0.000000
vt 0.333287 0.105676 0.000000
vt 0.305082 -0.048397 0.000000
vt 0.317139 -0.043403 0.000000
vt 0.327494 -0.035458 0.000000
vt 0.335440 -0.025105 0.000000
vt 0.340436 -0.013048 0.000000
vt 0.322263 0.157644 0.000000
vt -0.115762 0.075454 0.000000
vt -0.105952 0.046068 0.000000
vt 0.306933 0.208508 0.000000
vt -0.130159 0.102885 0.000000
vt 0.287406 0.257912 0.000000
vt 0.263817 0.305512 0.000000
vt -0.148770 0.127651 0.000000
vt 0.236333 0.350973 0.000000
vt 0.205144 0.393978 0.000000
vt -0.171112 0.149111 0.000000
vt 0.198711 0.404594 0.000000
vt -0.196608 0.166710 0.000000
vt 0.195091 0.416467 0.000000
vt 0.194507 0.428866 0.000000
vt 0.196995 0.441027 0.000000
vt 0.202403 0.452200 0.000000
vt 0.210396 0.461697 0.000000
vt 0.220482 0.468932 0.000000
vt 0.232040 0.473459 0.000000
vt 0.244357 0.475000 0.000000
vt 0.015363 -0.475000 0.000000
vt 0.002924 -0.473428 0.000000
vt -0.008733 -0.468811 0.000000
vt -0.018874 -0.461440 0.000000
vt -0.026863 -0.451777 0.000000
vt -0.032197 -0.440430 0.000000
vt -0.034540 -0.428114 0.000000
vt -0.033746 -0.415601 0.000000
vt -0.100982 0.015490 0.000000
vt -0.100982 -0.015490 0.000000
vt 0.000000 0.482147 0.000000
vt 0.120000 0.482147 0.000000
vt 0.000000 0.510509 0.000000
vt 0.120000 0.510509 0.000000
vt 0.000000 -0.510509 0.000000
vt 0.120000 -0.510509 0.000000
vt 0.000000 -0.482147 0.000000
vt 0.120000 -0.482147 0.000000
vt 0.000000 -0.453786 0.000000
vt 0.120000 -0.453786 0.000000
vt 0.000000 -0.425424 0.000000
vt 0.120000 -0.425424 0.000000
vt 0.000000 -0.397062 0.000000
vt 0.120000 -0.397062 0.000000
vt 0.000000 -0.368701 0.000000
vt 0.120000 -0.368701 0.000000
vt 0.000000 -0.340339 0.000000
vt 0.120000 -0.340339 0.000000
vt 0.000000 -0.311978 0.000000
vt 0.120000 -0.311978 0.000000
vt 0.000000 -0.283616 0.000000
vt 0.120000 -0.283616 0.000000
vt 0.000000 -0.255254 0.000000
vt 0.120000 -0.255254 0.000000
vt 0.000000 -0.226893 0.000000
vt 0.120000 -0.226893 0.000000
vt 0.000000 -0.198531 0.000000
vt 0.120000 -0.198531 0.000000
vt 0.000000 -0.170170 0.000000
vt 0.120000 -0.170170 0.000000
vt 0.000000 -0.141808 0.000000
vt 0.120000 -0.141808 0.000000
vt 0.000000 -0.113446 0.000000
vt 0.120000 -0.113446 0.000000
vt 0.000000 -0.085085 0.000000
vt 0.120000 -0.085085 0.000000
vt 0.000000 -0.056723 0.000000
vt 0.120000 -0.056723 0.000000
vt 0.000000 -0.028362 0.000000
vt 0.120000 -0.028362 0.000000
vt 0.000000 0.000000 0.000000
vt 0.120000 0.000000 0.000000
vt 0.000000 0.028362 0.000000
vt 0.120000 0.028362 0.000000
vt 0.000000 0.056723 0.000000
vt 0.120000 0.056723 0.000000
vt 0.000000 0.085085 0.000000
vt 0.120000 0.085085 0.000000
vt 0.000000 0.113446 0.000000
vt 0.120000 0.113446 0.000000
vt 0.000000 0.141808 0.000000
vt 0.120000 0.141808 0.000000
vt 0.000000 0.170170 0.000000
vt 0.120000 0.170170 0.000000
vt 0.000000 0.198531 0.000000
vt 0.120000 0.198531 0.000000
vt 0.000000 0.226893 0.000000
vt 0.120000 0.226893 0.000000
vt 0.000000 0.255254 0.000000
vt 0.120000 0.255254 0.000000
vt 0.000000 0.283616 0.000000
vt 0.120000 0.283616 0.000000
vt 0.000000 0.311978 0.000000
vt 0.120000 0.311978 0.000000
vt 0.000000 0.340339 0.000000
vt 0.120000 0.340339 0.000000
vt 0.000000 0.368701 0.000000
vt 0.120000 0.368701 0.000000
vt 0.000000 0.397062 0.000000
vt 0.120000 0.397062 0.000000
vt 0.000000 0.425424 0.000000
vt 0.120000 0.425424 0.000000
vt 0.000000 0.453786 0.000000
vt 0.120000 0.453786 0.000000
vt -0.139041 0.253131 0.000000
vt -0.000000 0.264581 0.000000
vt -0.150000 0.270006 0.000000
vt -0.000000 0.288634 0.000000
vt -0.150000 0.292974 0.000000
vt -0.000000 0.312687 0.000000
vt -0.150000 0.315942 0.000000
vt -0.000000 0.336739 0.000000
vt -0.150000 0.338910 0.000000
vt -0.000000 0.360792 0.000000
vt -0.150000 0.361877 0.000000
vt -0.000000 0.384845 0.000000
vt -0.150000 0.384845 0.000000
vt -0.150000 -0.384845 0.000000
vt -0.000000 -0.384845 0.000000
vt -0.150000 -0.361877 0.000000
vt 0.000000 -0.360792 0.000000
vt -0.150000 -0.338910 0.000000
vt 0.000000 -0.336739 0.000000
vt -0.150000 -0.315942 0.000000
vt 0.000000 -0.312687 0.000000
vt -0.150000 -0.292974 0.000000
vt -0.000000 -0.288634 0.000000
vt -0.150000 -0.270006 0.000000
vt -0.000000 -0.264581 0.000000
vt -0.139041 -0.253131 0.000000
vt -0.000000 -0.240528 0.000000
vt -0.127233 -0.236255 0.000000
vt 0.000000 -0.216475 0.000000
vt -0.114800 -0.219380 0.000000
vt -0.101977 -0.202505 0.000000
vt -0.000000 -0.192423 0.000000
vt -0.089008 -0.185629 0.000000
vt -0.000000 -0.168370 0.000000
vt -0.076137 -0.168754 0.000000
vt -0.063609 -0.151878 0.000000
vt -0.000000 -0.144317 0.000000
vt -0.051662 -0.135003 0.000000
vt -0.000000 -0.120264 0.000000
vt -0.040521 -0.118128 0.000000
vt -0.030397 -0.101252 0.000000
vt -0.000000 -0.096211 0.000000
vt -0.021483 -0.084377 0.000000
vt -0.000000 -0.072158 0.000000
vt -0.013948 -0.067502 0.000000
vt -0.000000 -0.048106 0.000000
vt -0.007933 -0.050626 0.000000
vt -0.003554 -0.033751 0.000000
vt -0.000000 -0.024053 0.000000
vt -0.000893 -0.016875 0.000000
vt -0.000000 0.000000 0.000000
vt -0.000000 0.240528 0.000000
vt -0.127233 0.236255 0.000000
vt -0.114800 0.219380 0.000000
vt -0.000000 0.216475 0.000000
vt -0.101977 0.202505 0.000000
vt -0.000000 0.192423 0.000000
vt -0.089008 0.185629 0.000000
vt -0.000000 0.168370 0.000000
vt -0.076137 0.168754 0.000000
vt -0.063609 0.151878 0.000000
vt -0.000000 0.144317 0.000000
vt -0.051662 0.135003 0.000000
vt -0.000000 0.120264 0.000000
vt -0.040521 0.118128 0.000000
vt -0.030397 0.101252 0.000000
vt -0.000000 0.096211 0.000000
vt -0.021483 0.084377 0.000000
vt -0.000000 0.072158 0.000000
vt -0.013948 0.067502 0.000000
vt -0.007933 0.050626 0.000000
vt -0.000000 0.048106 0.000000
vt -0.003554 0.033751 0.000000
vt -0.000000 0.024053 0.000000
vt -0.000893 0.016875 0.000000
vt 0.098742 -0.072500 0.000000
vt -0.098742 -0.072500 0.000000
vt 0.083498 -0.089635 0.000000
vt -0.083498 -0.089635 0.000000
vt 0.065327 -0.103627 0.000000
vt -0.065327 -0.103627 0.000000
vt 0.044867 -0.113988 0.000000
vt -0.044867 -0.113988 0.000000
vt 0.022833 -0.120353 0.000000
vt -0.022833 -0.120353 0.000000
vt 0.000000 -0.122500 0.000000
vt 0.000000 0.000000 0.000000
vt 0.430900 0.000000 0.000000
vt 0.000000 2.000000 0.000000
vt 0.430900 2.000000 0.000000
vt -0.000000 0.999500 0.000000
vt -0.000000 0.000000 0.000000
vt 0.010000 0.999500 0.000000
vt 0.120000 0.000000 0.000000
vt 0.010000 1.000500 0.000000
vt 0.120000 2.000000 0.000000
vt -0.000000 2.000000 0.000000
vt -0.000000 1.000500 0.000000
vt 0.120000 1.000500 0.000000
vt 0.120000 2.000000 0.000000
vt 0.110000 1.000500 0.000000
vt 0.000000 2.000000 0.000000
vt 0.000000 0.000000 0.000000
vt 0.110000 0.999500 0.000000
vt 0.120000 0.000000 0.000000
vt 0.120000 0.999500 0.000000
vt -0.150000 0.000000 0.000000
vt -0.000000 0.000000 0.000000
vt -0.150000 0.046402 0.000000
vt -0.000000 0.046402 0.000000
vt -0.150000 0.092805 0.000000
vt -0.000000 0.092805 0.000000
vt -0.150000 0.139207 0.000000
vt -0.000000 0.139207 0.000000
vt -0.150000 0.185609 0.000000
vt -0.000000 0.185609 0.000000
vt -0.150000 0.232012 0.000000
vt -0.000000 0.232012 0.000000
vt -0.150000 0.278414 0.000000
vt -0.000000 0.278414 0.000000
vt -0.150000 0.324817 0.000000
vt -0.000000 0.324817 0.000000
vt -0.150000 0.371219 0.000000
vt -0.000000 0.371219 0.000000
vt -0.150000 0.417621 0.000000
vt -0.000000 0.417621 0.000000
vt -0.150000 0.464024 0.000000
vt -0.000000 0.464024 0.000000
vt -0.150000 0.510426 0.000000
vt -0.000000 0.510426 0.000000
vt -0.150000 0.556828 0.000000
vt -0.000000 0.556828 0.000000
vt -0.150000 0.603231 0.000000
vt -0.000000 0.603231 0.000000
vt -0.150000 0.649633 0.000000
vt -0.000000 0.649633 0.000000
vt -0.150000 0.696035 0.000000
vt -0.000000 0.696035 0.000000
vt -0.150000 1.271835 0.000000
vt -0.000000 1.303445 0.000000
vt -0.150000 1.312716 0.000000
vt -0.000000 1.350648 0.000000
vt -0.766667 1.350648 0.000000
vt -0.766667 1.397851 0.000000
vt -1.533333 1.397851 0.000000
vt -1.533333 1.445054 0.000000
vt -2.300000 1.445054 0.000000
vt -2.300000 1.492257 0.000000
vt -0.766667 1.445054 0.000000
vt -0.000000 1.492257 0.000000
vt -0.000000 1.445054 0.000000
vt -0.000000 1.397851 0.000000
vt -0.000000 1.256242 0.000000
vt -0.150000 1.230954 0.000000
vt -0.000000 1.209039 0.000000
vt -0.150000 1.190073 0.000000
vt -0.000000 1.161836 0.000000
vt -0.150000 1.149192 0.000000
vt -0.000000 1.114633 0.000000
vt -0.150000 1.108311 0.000000
vt -0.000000 1.067429 0.000000
vt -0.150000 1.067429 0.000000
vt -2.300000 1.397851 0.000000
vt -1.533333 1.350648 0.000000
vt -2.300000 1.350648 0.000000
vt -2.150000 1.312716 0.000000
vt -2.300000 1.303445 0.000000
vt -2.150000 1.271835 0.000000
vt -2.300000 1.256242 0.000000
vt -2.150000 1.230954 0.000000
vt -2.300000 1.209039 0.000000
vt -2.150000 1.190073 0.000000
vt -2.300000 1.161836 0.000000
vt -2.150000 1.149192 0.000000
vt -2.300000 1.114633 0.000000
vt -2.150000 1.108311 0.000000
vt -2.300000 1.067429 0.000000
vt -2.150000 1.067429 0.000000
vt 0.000000 0.000000 0.000000
vt 0.341174 0.000000 0.000000
vt 0.000000 0.150000 0.000000
vt 0.341174 0.150000 0.000000
vt -0.150000 0.000000 0.000000
vt -0.000000 0.000000 0.000000
vt -0.150000 0.012485 0.000000
vt -0.000000 0.012485 0.000000
vt -0.150000 0.024969 0.000000
vt -0.000000 0.024969 0.000000
vt -0.150000 0.037454 0.000000
vt -0.000000 0.037454 0.000000
vt -0.150000 0.049938 0.000000
vt -0.000000 0.049938 0.000000
vt -0.150000 0.062423 0.000000
vt -0.000000 0.062423 0.000000
vt -0.150000 0.074907 0.000000
vt -0.000000 0.074907 0.000000
vt -0.150000 0.087392 0.000000
vt -0.000000 0.087392 0.000000
vt -0.150000 0.099876 0.000000
vt -0.000000 0.099876 0.000000
vt -0.150000 0.112361 0.000000
vt -0.000000 0.112361 0.000000
vt -0.000000 0.000000 0.000000
vt 0.072639 0.000000 0.000000
vt -0.000000 0.150000 0.000000
vt 0.072639 0.150000 0.000000
vt -0.023899 0.422646 0.000000
vt -0.000000 0.425000 0.000000
vt -0.050000 0.774861 0.000000
vt 0.023899 0.422646 0.000000
vt 0.046879 0.415675 0.000000
vt 0.297354 0.672913 0.000000
vt 0.068057 0.404355 0.000000
vt 0.086621 0.389121 0.000000
vt 0.101855 0.370557 0.000000
vt 0.332636 0.641584 0.000000
vt 0.364636 0.606910 0.000000
vt 0.393038 0.569232 0.000000
vt 0.113175 0.349379 0.000000
vt 0.417562 0.528923 0.000000
vt 0.437965 0.486379 0.000000
vt 0.120146 0.326399 0.000000
vt 0.454047 0.442020 0.000000
vt 0.465649 0.396285 0.000000
vt 0.472657 0.349625 0.000000
vt 0.122500 0.302500 0.000000
vt 0.475000 0.302500 0.000000
vt 0.120146 0.278601 0.000000
vt 0.113175 0.255621 0.000000
vt 0.429578 0.011116 0.000000
vt 0.101855 0.234443 0.000000
vt 0.086621 0.215879 0.000000
vt 0.068057 0.200645 0.000000
vt 0.046879 0.189325 0.000000
vt 0.023899 0.182354 0.000000
vt -0.000000 0.180000 0.000000
vt 0.048492 -0.190119 0.000000
vt 0.097202 -0.182863 0.000000
vt 0.144950 -0.170802 0.000000
vt -0.023899 0.182354 0.000000
vt -0.049882 -0.189980 0.000000
vt -0.000698 -0.192500 0.000000
vt -0.098571 -0.182586 0.000000
vt -0.046879 0.189325 0.000000
vt -0.146285 -0.170391 0.000000
vt -0.192551 -0.153514 0.000000
vt -0.068057 0.200645 0.000000
vt -0.236911 -0.132124 0.000000
vt -0.086621 0.215879 0.000000
vt -0.278926 -0.106432 0.000000
vt -0.318180 -0.076692 0.000000
vt -0.101855 0.234443 0.000000
vt -0.392861 -0.014027 0.000000
vt -0.113175 0.255621 0.000000
vt -0.403431 -0.007221 0.000000
vt -0.475000 0.302500 0.000000
vt -0.415364 -0.003267 0.000000
vt -0.427907 -0.002414 0.000000
vt -0.440266 -0.004717 0.000000
vt -0.451660 -0.010030 0.000000
vt -0.461369 -0.018018 0.000000
vt -0.468778 -0.028174 0.000000
vt -0.473419 -0.039858 0.000000
vt -0.475000 -0.052330 0.000000
vt -0.120146 0.278601 0.000000
vt -0.122500 0.302500 0.000000
vt -0.472735 0.348829 0.000000
vt -0.120146 0.326399 0.000000
vt -0.465963 0.394715 0.000000
vt -0.454747 0.439723 0.000000
vt -0.439195 0.483422 0.000000
vt -0.113175 0.349379 0.000000
vt -0.419455 0.525396 0.000000
vt -0.395715 0.565244 0.000000
vt -0.368202 0.602587 0.000000
vt -0.101855 0.370557 0.000000
vt -0.337178 0.637068 0.000000
vt -0.302939 0.668360 0.000000
vt -0.086621 0.389121 0.000000
vt -0.265811 0.696162 0.000000
vt -0.226148 0.720211 0.000000
vt -0.068057 0.404355 0.000000
vt -0.184329 0.740276 0.000000
vt -0.046879 0.415675 0.000000
vt -0.140752 0.756167 0.000000
vt -0.095833 0.767732 0.000000
vt 0.191263 -0.154056 0.000000
vt 0.235683 -0.132791 0.000000
vt 0.277771 -0.107218 0.000000
vt 0.317108 -0.077588 0.000000
vt 0.353307 -0.044197 0.000000
vt 0.386009 -0.007374 0.000000
vt 0.394826 0.001195 0.000000
vt 0.405467 0.007352 0.000000
vt 0.417290 0.010728 0.000000
vt 0.441590 0.008493 0.000000
vt 0.452599 0.003019 0.000000
vt 0.461939 -0.004977 0.000000
vt 0.469045 -0.015009 0.000000
vt 0.473488 -0.026473 0.000000
vt 0.475000 -0.038674 0.000000
vt 0.031300 0.886491 0.000000
vt -0.050000 0.847500 0.000000
vt -0.048449 0.859855 0.000000
vt -0.043894 0.871444 0.000000
vt -0.036616 0.881548 0.000000
vt -0.027067 0.889540 0.000000
vt -0.015839 0.894925 0.000000
vt -0.003629 0.897368 0.000000
vt 0.008806 0.896718 0.000000
vt 0.020695 0.893016 0.000000
vt -0.000000 0.000000 0.000000
vt 0.112649 0.000000 0.000000
vt -0.000000 0.190000 0.000000
vt 0.112649 0.190000 0.000000
vt 0.190000 0.078531 0.000000
vt -0.000000 0.078531 0.000000
vt 0.190000 0.065443 0.000000
vt 0.000000 0.065443 0.000000
vt 0.190000 0.052354 0.000000
vt -0.000000 0.052354 0.000000
vt 0.190000 0.039266 0.000000
vt 0.000000 0.039266 0.000000
vt 0.190000 0.026177 0.000000
vt 0.000000 0.026177 0.000000
vt 0.190000 0.013089 0.000000
vt 0.000000 0.013089 0.000000
vt 0.190000 0.000000 0.000000
vt 0.000000 0.000000 0.000000
vt 2.380000 0.371975 0.000000
vt 2.380000 0.425115 0.000000
vt 1.190000 0.371975 0.000000
vt 0.000000 0.425115 0.000000
vt 0.000000 0.371975 0.000000
vt 0.190000 0.364834 0.000000
vt 0.000000 0.318836 0.000000
vt 0.190000 0.312715 0.000000
vt 0.000000 0.265697 0.000000
vt 0.190000 0.260596 0.000000
vt 0.000000 0.212557 0.000000
vt 0.190000 0.208477 0.000000
vt 0.000000 0.159418 0.000000
vt 0.190000 0.156358 0.000000
vt 0.000000 0.106279 0.000000
vt 0.190000 0.104238 0.000000
vt 0.000000 0.053139 0.000000
vt 0.190000 0.052119 0.000000
vt 0.000000 0.000000 0.000000
vt 0.190000 -0.000000 0.000000
vt 2.190000 0.364834 0.000000
vt 2.380000 0.318836 0.000000
vt 2.190000 0.312715 0.000000
vt 2.380000 0.265697 0.000000
vt 2.190000 0.260596 0.000000
vt 2.380000 0.212557 0.000000
vt 2.190000 0.208477 0.000000
vt 2.380000 0.159418 0.000000
vt 2.190000 0.156358 0.000000
vt 2.380000 0.106279 0.000000
vt 2.190000 0.104238 0.000000
vt 2.380000 0.053139 0.000000
vt 2.190000 0.052119 0.000000
vt 2.380000 0.000000 0.000000
vt 2.190000 -0.000000 0.000000
vt 0.107225 0.000000 0.000000
vt 0.204714 0.000000 0.000000
vt 0.107225 0.190000 0.000000
vt 0.204714 0.190000 0.000000
vt -0.150000 0.746128 0.000000
vt -0.000000 0.746128 0.000000
vt -0.150000 0.794266 0.000000
vt -0.000000 0.794266 0.000000
vt -0.150000 0.842403 0.000000
vt -0.000000 0.842403 0.000000
vt -0.150000 0.890540 0.000000
vt -0.000000 0.890540 0.000000
vt -0.150000 0.938677 0.000000
vt -0.000000 0.938677 0.000000
vt -0.150000 0.986815 0.000000
vt -0.000000 0.986815 0.000000
vt -0.150000 1.034952 0.000000
vt -0.000000 1.034952 0.000000
vt -0.150000 1.083089 0.000000
vt -0.000000 1.083089 0.000000
vt -0.150000 1.131227 0.000000
vt -0.000000 1.131227 0.000000
vt -0.150000 1.179364 0.000000
vt -0.000000 1.179364 0.000000
vt -0.150000 1.227501 0.000000
vt -0.000000 1.227501 0.000000
vt -0.150000 1.275639 0.000000
vt -0.000000 1.275639 0.000000
vt -0.150000 1.323776 0.000000
vt -0.000000 1.323776 0.000000
vt -0.150000 1.371913 0.000000
vt -0.000000 1.371913 0.000000
vt -0.150000 1.420051 0.000000
vt -0.000000 1.420051 0.000000
vt -0.150000 1.468188 0.000000
vt -0.000000 1.468188 0.000000
vt -0.150000 1.516325 0.000000
vt -0.000000 1.516325 0.000000
vt -0.150000 1.564462 0.000000
vt -0.000000 1.564462 0.000000
vt -0.150000 1.612600 0.000000
vt -0.000000 1.612600 0.000000
vt -0.150000 1.660737 0.000000
vt -0.000000 1.660737 0.000000
vt -0.150000 1.708874 0.000000
vt -0.000000 1.708874 0.000000
vt -0.150000 1.757012 0.000000
vt -0.000000 1.757012 0.000000
vt -0.150000 1.805149 0.000000
vt -0.000000 1.805149 0.000000
vt -0.150000 1.853286 0.000000
vt -0.000000 1.853286 0.000000
vt -0.150000 1.901424 0.000000
vt -0.000000 1.901424 0.000000
vt -0.150000 1.949561 0.000000
vt -0.000000 1.949561 0.000000
vt -0.150000 1.997698 0.000000
vt -0.000000 1.997698 0.000000
vt -0.150000 2.045836 0.000000
vt -0.000000 2.045836 0.000000
vt -0.150000 2.093973 0.000000
vt -0.000000 2.093973 0.000000
vt -0.150000 2.142110 0.000000
vt -0.000000 2.142110 0.000000
vt -0.150000 2.190247 0.000000
vt -0.000000 2.190247 0.000000
vt -0.150000 2.238385 0.000000
vt -0.000000 2.238385 0.000000
vt -0.578169 0.473488 0.000000
vt -0.589633 0.469045 0.000000
vt -0.565967 0.475000 0.000000
vt -0.599665 0.461939 0.000000
vt -0.607661 0.452599 0.000000
vt -0.613135 0.441590 0.000000
vt -0.615757 0.429578 0.000000
vt -0.615369 0.417290 0.000000
vt -0.611994 0.405467 0.000000
vt -0.605836 0.394826 0.000000
vt -0.597268 0.386009 0.000000
vt -0.560445 0.353307 0.000000
vt -0.527054 0.317108 0.000000
vt 0.292858 0.475000 0.000000
vt -0.497424 0.277771 0.000000
vt -0.471851 0.235683 0.000000
vt -0.450586 0.191263 0.000000
vt 0.188405 0.124482 0.000000
vt 0.211608 0.140729 0.000000
vt 0.237280 0.152700 0.000000
vt 0.264640 0.160031 0.000000
vt 0.168376 0.104453 0.000000
vt -0.433840 0.144950 0.000000
vt 0.152129 0.081250 0.000000
vt -0.421779 0.097202 0.000000
vt 0.140158 0.055578 0.000000
vt -0.414523 0.048492 0.000000
vt 0.132827 0.028218 0.000000
vt -0.412142 -0.000698 0.000000
vt 0.130358 0.000000 0.000000
vt 0.132827 -0.028218 0.000000
vt -0.414662 -0.049882 0.000000
vt 0.140158 -0.055578 0.000000
vt -0.422056 -0.098571 0.000000
vt 0.152129 -0.081250 0.000000
vt -0.434251 -0.146285 0.000000
vt 0.168376 -0.104453 0.000000
vt -0.451128 -0.192551 0.000000
vt 0.188405 -0.124482 0.000000
vt -0.472518 -0.236911 0.000000
vt 0.211608 -0.140729 0.000000
vt 0.292858 -0.475000 0.000000
vt 0.237280 -0.152700 0.000000
vt 0.264640 -0.160031 0.000000
vt 0.292858 -0.162500 0.000000
vt 0.340913 -0.472563 0.000000
vt 0.388475 -0.465277 0.000000
vt -0.498210 -0.278926 0.000000
vt -0.552312 -0.475000 0.000000
vt -0.527950 -0.318180 0.000000
vt -0.590615 -0.392861 0.000000
vt -0.597421 -0.403431 0.000000
vt -0.601375 -0.415364 0.000000
vt -0.602228 -0.427907 0.000000
vt -0.599925 -0.440266 0.000000
vt -0.594612 -0.451660 0.000000
vt -0.586624 -0.461369 0.000000
vt -0.576468 -0.468778 0.000000
vt -0.564784 -0.473419 0.000000
vt 0.435056 -0.453216 0.000000
vt 0.321076 -0.160031 0.000000
vt 0.480177 -0.436505 0.000000
vt 0.523376 -0.415315 0.000000
vt 0.564210 -0.389863 0.000000
vt 0.348436 -0.152700 0.000000
vt 0.602260 -0.360410 0.000000
vt 0.637135 -0.327259 0.000000
vt 0.374108 -0.140729 0.000000
vt 0.668477 -0.290750 0.000000
vt 0.397311 -0.124482 0.000000
vt 0.695964 -0.251258 0.000000
vt 0.719315 -0.209187 0.000000
vt 0.417340 -0.104453 0.000000
vt 0.738290 -0.164970 0.000000
vt 0.433587 -0.081250 0.000000
vt 0.752695 -0.119060 0.000000
vt 0.445558 -0.055578 0.000000
vt 0.762381 -0.071928 0.000000
vt 0.452889 -0.028218 0.000000
vt 0.767248 -0.024058 0.000000
vt 0.455358 -0.000000 0.000000
vt 0.767248 0.024058 0.000000
vt 0.452889 0.028218 0.000000
vt 0.762381 0.071928 0.000000
vt 0.445558 0.055578 0.000000
vt 0.752695 0.119060 0.000000
vt 0.433587 0.081250 0.000000
vt 0.738290 0.164970 0.000000
vt 0.417340 0.104453 0.000000
vt 0.719315 0.209187 0.000000
vt 0.397311 0.124482 0.000000
vt 0.695964 0.251258 0.000000
vt 0.668477 0.290750 0.000000
vt 0.374108 0.140729 0.000000
vt 0.637135 0.327259 0.000000
vt 0.348436 0.152700 0.000000
vt 0.602260 0.360410 0.000000
vt 0.564210 0.389863 0.000000
vt 0.321076 0.160031 0.000000
vt 0.523376 0.415315 0.000000
vt 0.480177 0.436505 0.000000
vt 0.435056 0.453216 0.000000
vt 0.292858 0.162500 0.000000
vt 0.388475 0.465277 0.000000
vt 0.340913 0.472563 0.000000
vt 0.055260 -1.150000 0.000000
vt 0.055260 -0.000500 0.000000
vt -0.000000 -1.000000 0.000000
vt 0.044208 -0.000500 0.000000
vt 0.044208 0.000500 0.000000
vt -0.000000 1.000000 0.000000
vt 0.055260 0.000500 0.000000
vt 0.055260 1.150000 0.000000
vt -0.392344 1.150000 0.000000
vt -0.392344 1.000000 0.000000
vt -0.392344 -1.000000 0.000000
vt -0.392344 -1.150000 0.000000
vt -0.847727 0.000000 0.000000
vt -0.000000 0.000000 0.000000
vt -0.847727 0.150000 0.000000
vt -0.000000 0.150000 0.000000
vt -0.845748 0.000000 0.000000
vt -0.000000 0.000000 0.000000
vt -0.845748 0.150000 0.000000
vt -0.000000 0.150000 0.000000
vt -0.845748 0.000000 0.000000
vt -0.000000 0.000000 0.000000
vt -0.845748 0.150000 0.000000
vt -0.000000 0.150000 0.000000
vt 0.375000 -0.619305 0.000000
vt 0.375000 0.228422 0.000000
vt -0.375000 -0.228422 0.000000
vt -0.375000 0.619305 0.000000
vt 0.218050 -0.025000 0.000000
vt 0.218050 -0.005000 0.000000
vt -0.276886 -0.025000 0.000000
vt -0.276886 0.025000 0.000000
vt 0.238101 0.004124 0.000000
vt 0.257726 0.014130 0.000000
vt 0.276886 0.025000 0.000000
vt 0.179958 0.775000 0.000000
vt -0.667769 0.775000 0.000000
vt 0.570841 0.025000 0.000000
vt -0.020000 0.615385 0.000000
vt -0.000000 0.615385 0.000000
vt -0.020000 1.150000 0.000000
vt -0.000000 1.150000 0.000000
vt -1.000000 -0.266454 0.000000
vt -0.615385 -0.266454 0.000000
vt -1.150000 -0.246449 0.000000
vt -0.615385 -0.244424 0.000000
vt -0.615385 -0.222393 0.000000
vt -0.615385 -0.200363 0.000000
vt -1.150000 -0.200363 0.000000
vt -1.150000 -0.292535 0.000000
vt -1.000000 -0.315438 0.000000
vt -1.150000 -0.338621 0.000000
vt -1.000000 -0.364422 0.000000
vt -1.150000 -0.384707 0.000000
vt -1.000000 -0.413406 0.000000
vt -1.150000 -0.430793 0.000000
vt -1.000000 -0.462390 0.000000
vt -1.150000 -0.476879 0.000000
vt -1.000000 -0.511373 0.000000
vt -1.150000 -0.522965 0.000000
vt -1.000000 -0.560357 0.000000
vt -1.150000 -0.569051 0.000000
vt -1.000000 -0.609341 0.000000
vt -1.150000 -0.615137 0.000000
vt -1.000000 -0.658325 0.000000
vt -1.150000 -0.661223 0.000000
vt -1.000000 -0.707309 0.000000
vt -1.150000 -0.707309 0.000000
vt 0.000000 0.150000 0.000000
vt -0.154974 0.150000 0.000000
vt -0.000000 -0.000000 0.000000
vt -0.154974 0.000000 0.000000
vt -0.177500 0.279144 0.000000
vt 0.037215 -0.084802 0.000000
vt 0.177500 0.112085 0.000000
vt 0.082515 -0.066219 0.000000
vt 0.129430 -0.052203 0.000000
vt -0.177500 -0.279144 0.000000
vt -0.150349 -0.238397 0.000000
vt -0.119306 -0.200532 0.000000
vt -0.084673 -0.165919 0.000000
vt -0.046790 -0.134897 0.000000
vt -0.006028 -0.107770 0.000000
vt 0.177500 -0.042890 0.000000
vt -0.380000 0.129738 0.000000
vt -0.247617 -0.063525 0.000000
vt 0.025000 0.320326 0.000000
vt -0.206496 -0.084297 0.000000
vt -0.167484 -0.108802 0.000000
vt -0.380000 -0.025237 0.000000
vt -0.334746 -0.033867 0.000000
vt -0.290491 -0.046667 0.000000
vt -0.130920 -0.136827 0.000000
vt -0.097119 -0.168131 0.000000
vt -0.066375 -0.202441 0.000000
vt -0.038954 -0.239461 0.000000
vt 0.025000 -0.320326 0.000000
vt -0.015094 -0.278870 0.000000
vt 0.005000 -0.320326 0.000000
vt 0.000000 0.000000 0.000000
vt 0.847727 0.000000 0.000000
vt 0.000000 0.150000 0.000000
vt 0.847727 0.150000 0.000000
vt 0.000000 0.000000 0.000000
vt 0.845748 0.000000 0.000000
vt 0.000000 0.150000 0.000000
vt 0.845748 0.150000 0.000000
vt 0.000000 0.000000 0.000000
vt 0.845748 0.000000 0.000000
vt 0.000000 0.150000 0.000000
vt 0.845748 0.150000 0.000000
vt -0.375000 -0.619305 0.000000
vt 0.375000 -0.228422 0.000000
vt -0.375000 0.228422 0.000000
vt 0.375000 0.619305 0.000000
vt 0.000000 0.615385 0.000000
vt 0.293955 0.615385 0.000000
vt 0.000000 1.000000 0.000000
vt 0.558287 1.000000 0.000000
vt 0.293955 0.465385 0.000000
vt 0.558287 -1.000000 0.000000
vt 0.293955 -0.465385 0.000000
vt 0.293955 -0.615385 0.000000
vt -0.553772 0.465385 0.000000
vt -0.553772 -0.465385 0.000000
vt 0.000000 -0.615385 0.000000
vt 0.000000 -1.000000 0.000000
vt -0.000000 -0.000500 0.000000
vt -0.000000 -0.615385 0.000000
vt 0.010000 -0.000500 0.000000
vt 0.050000 -0.465385 0.000000
vt 0.010000 0.000500 0.000000
vt 0.050000 0.465385 0.000000
vt 0.000000 0.615385 0.000000
vt 0.050000 0.615385 0.000000
vt 0.050000 -0.615385 0.000000
vt -0.000000 0.000500 0.000000
vt -0.218050 -0.025000 0.000000
vt 0.276886 -0.025000 0.000000
vt -0.218050 -0.005000 0.000000
vt 0.276886 0.025000 0.000000
vt -0.238101 0.004124 0.000000
vt -0.257726 0.014130 0.000000
vt -0.276886 0.025000 0.000000
vt -0.179958 0.775000 0.000000
vt -0.570841 0.025000 0.000000
vt 0.667769 0.775000 0.000000
vt 0.000000 0.615385 0.000000
vt 0.020000 0.615385 0.000000
vt 0.000000 1.150000 0.000000
vt 0.020000 1.150000 0.000000
vt 0.615385 -0.200363 0.000000
vt 0.615385 -0.222393 0.000000
vt 1.150000 -0.200363 0.000000
vt 1.150000 -0.246449 0.000000
vt 0.615385 -0.244424 0.000000
vt 0.615385 -0.266454 0.000000
vt 1.000000 -0.266454 0.000000
vt 1.150000 -0.292535 0.000000
vt 1.000000 -0.315438 0.000000
vt 1.150000 -0.338621 0.000000
vt 1.000000 -0.364422 0.000000
vt 1.150000 -0.384707 0.000000
vt 1.000000 -0.413406 0.000000
vt 1.150000 -0.430793 0.000000
vt 1.000000 -0.462390 0.000000
vt 1.150000 -0.476879 0.000000
vt 1.000000 -0.511373 0.000000
vt 1.150000 -0.522965 0.000000
vt 1.000000 -0.560357 0.000000
vt 1.150000 -0.569051 0.000000
vt 1.000000 -0.609341 0.000000
vt 1.150000 -0.615137 0.000000
vt 1.000000 -0.658325 0.000000
vt 1.150000 -0.661223 0.000000
vt 1.000000 -0.707309 0.000000
vt 1.150000 -0.707309 0.000000
vt 0.154974 0.150000 0.000000
vt -0.000000 0.150000 0.000000
vt 0.154974 0.000000 0.000000
vt -0.000000 0.000000 0.000000
vt -0.177500 0.112085 0.000000
vt -0.037215 -0.084802 0.000000
vt 0.177500 0.279144 0.000000
vt 0.006028 -0.107770 0.000000
vt 0.046790 -0.134897 0.000000
vt -0.177500 -0.042890 0.000000
vt -0.129430 -0.052203 0.000000
vt -0.082515 -0.066219 0.000000
vt 0.084673 -0.165919 0.000000
vt 0.119306 -0.200532 0.000000
vt 0.150349 -0.238397 0.000000
vt 0.177500 -0.279144 0.000000
vt -0.000000 -1.150000 0.000000
vt 0.640652 -0.615385 0.000000
vt 0.000000 -0.000500 0.000000
vt 1.135588 -0.000500 0.000000
vt 0.000000 0.000500 0.000000
vt 1.135588 0.000500 0.000000
vt 0.640652 0.615385 0.000000
vt 1.135588 0.615385 0.000000
vt 0.640652 -1.150000 0.000000
vt 1.135588 -0.615385 0.000000
vt 1.233193 -0.000500 0.000000
vt 1.233193 0.000500 0.000000
vt 1.664092 -0.000500 0.000000
vt 1.664092 0.000500 0.000000
vt 2.230524 -0.000500 0.000000
vt 2.230524 0.000500 0.000000
vt 2.730588 -0.000500 0.000000
vt 2.730588 0.000500 0.000000
vt 1.664092 -1.000000 0.000000
vt 1.233193 -1.000000 0.000000
vt 1.190418 -1.150000 0.000000
vt 0.835588 -1.000000 0.000000
vt 0.835588 -1.150000 0.000000
vt 1.727368 -1.190000 0.000000
vt 1.190418 -1.340000 0.000000
vt 2.035588 -1.340000 0.000000
vt 2.035588 -1.190000 0.000000
vt 1.727368 -1.000000 0.000000
vt 2.230524 -1.340000 0.000000
vt 2.730588 -1.340000 0.000000
vt 2.730588 1.340000 0.000000
vt 2.230524 1.340000 0.000000
vt 1.233193 1.000000 0.000000
vt 1.664092 1.000000 0.000000
vt 1.190418 1.150000 0.000000
vt 1.727368 1.190000 0.000000
vt 1.190418 1.340000 0.000000
vt 2.035588 1.340000 0.000000
vt 2.035588 1.190000 0.000000
vt 1.727368 1.000000 0.000000
vt 0.835588 1.150000 0.000000
vt 0.835588 1.000000 0.000000
vt 0.640652 1.150000 0.000000
vt 0.000000 1.150000 0.000000
vt -0.025000 0.320326 0.000000
vt 0.247617 -0.063525 0.000000
vt 0.380000 0.129738 0.000000
vt 0.290491 -0.046667 0.000000
vt 0.334746 -0.033867 0.000000
vt -0.025000 -0.320326 0.000000
vt 0.038954 -0.239461 0.000000
vt 0.066375 -0.202441 0.000000
vt 0.097119 -0.168131 0.000000
vt -0.005000 -0.320326 0.000000
vt 0.015094 -0.278870 0.000000
vt 0.130920 -0.136827 0.000000
vt 0.167484 -0.108802 0.000000
vt 0.206496 -0.084297 0.000000
vt 0.380000 -0.025237 0.000000
vn 0.000000 0.100000 0.000000
vn 0.000000 0.100000 0.000000
vn 0.000000 0.100000 0.000000
vn 0.000000 0.100000 0.000000
vn 0.000000 0.100000 0.000000
vn 0.000000 0.100000 0.000000
vn 0.000000 0.100000 0.000000
vn 0.000000 0.000000 -0.100000
vn 0.000000 0.000000 -0.100000
vn 0.000000 0.000000 -0.100000
vn 0.000000 0.000000 -0.100000
vn 0.000000 -0.100000 0.000000
vn 0.000000 -0.100000 0.000000
vn 0.000000 -0.100000 0.000000
vn 0.000000 -0.100000 0.000000
vn 0.100000 0.000000 0.000000
vn 0.100000 0.000000 0.000000
vn 0.100000 0.000000 0.000000
vn 0.100000 0.000000 0.000000
vn 0.000000 -0.100000 0.000000
vn 0.000000 -0.100000 0.000000
vn 0.000000 -0.100000 0.000000
vn 0.000000 0.000000 -0.100000
vn 0.000000 0.000000 -0.100000
vn 0.000000 0.000000 -0.100000
vn 0.000000 0.000000 -0.100000
vn 0.000000 -0.100000 0.000000
vn 0.000000 -0.100000 0.000000
vn 0.000000 -0.100000 0.000000
vn 0.000000 0.000000 -0.100000
vn 0.000000 0.000000 -0.100000
vn 0.000000 0.000000 -0.100000
vn 0.000000 0.000000 -0.100000
vn 0.000000 0.000000 -0.100000
vn 0.000000 0.000000 -0.100000
vn 0.000000 0.000000 -0.100000
vn 0.000000 0.000000 -0.100000
vn 0.000000 0.100000 0.000000
vn 0.000000 0.100000 0.000000
vn 0.000000 0.100000 0.000000
vn 0.000000 0.100000 0.000000
vn 0.000000 0.100000 0.000000
vn 0.000000 0.100000 0.000000
vn 0.000000 0.100000 0.000000
vn 0.000000 -0.100000 0.000000
vn 0.000000 -0.100000 0.000000
vn 0.000000 -0.100000 0.000000
vn 0.000000 -0.100000 0.000000
vn -0.100000 0.000000 -0.000000
vn -0.100000 0.000000 -0.000000
vn -0.100000 0.000000 -0.000000
vn -0.100000 0.000000 -0.000000
vn -0.092164 0.000000 -0.038806
vn -0.092164 0.000000 -0.038806
vn -0.092164 0.000000 -0.038806
vn -0.092164 0.000000 -0.038806
vn -0.092164 0.000000 -0.038806
vn -0.092164 0.000000 -0.038806
vn -0.092164 0.000000 -0.038806
vn -0.092164 0.000000 -0.038806
vn -0.092164 0.000000 -0.038806
vn -0.092164 0.000000 -0.038806
vn -0.092164 0.000000 -0.038806
vn -0.092164 0.000000 -0.038806
vn 0.000000 0.100000 0.000000
vn 0.000000 0.100000 0.000000
vn 0.000000 0.100000 0.000000
vn 0.000000 0.100000 0.000000
vn 0.000000 0.100000 0.000000
vn 0.000000 0.100000 0.000000
vn 0.000000 0.100000 0.000000
vn 0.000000 0.100000 0.000000
vn 0.000000 0.100000 0.000000
vn 0.000000 0.100000 0.000000
vn 0.000000 0.100000 0.000000
vn 0.000000 0.100000 0.000000
vn 0.000000 0.100000 0.000000
vn 0.000000 -0.100000 0.000000
vn 0.000000 -0.100000 0.000000
vn 0.000000 -0.100000 0.000000
vn 0.000000 -0.100000 0.000000
vn 0.000000 -0.100000 0.000000
vn 0.000000 -0.100000 0.000000
vn 0.000000 -0.100000 0.000000
vn 0.000000 -0.100000 0.000000
vn 0.000000 -0.100000 0.000000
vn 0.000000 -0.100000 0.000000
vn 0.000000 -0.100000 0.000000
vn 0.000000 -0.100000 0.000000
vn 0.000000 -0.100000 0.000000
vn 0.000000 -0.100000 0.000000
vn 0.000000 -0.100000 0.000000
vn 0.000000 -0.100000 0.000000
vn 0.000000 -0.100000 0.000000
vn 0.000000 -0.100000 0.000000
vn 0.000000 -0.100000 0.000000
vn 0.000000 -0.100000 0.000000
vn 0.000000 -0.100000 0.000000
vn 0.000000 -0.100000 0.000000
vn 0.000000 -0.100000 0.000000
vn 0.000000 -0.100000 0.000000
vn 0.000000 -0.100000 0.000000
vn 0.000000 -0.100000 0.000000
vn 0.000000 -0.100000 0.000000
vn 0.000000 -0.100000 0.000000
vn 0.000000 0.000000 -0.100000
vn 0.000000 0.000000 -0.100000
vn 0.000000 0.000000 -0.100000
vn 0.000000 0.000000 -0.100000
vn 0.100000 0.000000 0.000000
vn 0.100000 0.000000 0.000000
vn 0.100000 0.000000 0.000000
vn 0.100000 0.000000 0.000000
vn 0.100000 0.000000 0.000000
vn 0.100000 0.000000 0.000000
vn 0.100000 0.000000 0.000000
vn 0.100000 0.000000 0.000000
vn 0.100000 -0.000000 0.000000
vn 0.100000 -0.000000 0.000000
vn 0.099560 0.000000 -0.009373
vn 0.099528 0.000000 -0.009702
vn 0.098243 0.000000 -0.018663
vn 0.098118 0.000000 -0.019312
vn 0.096061 0.000000 -0.027789
vn 0.095781 0.000000 -0.028739
vn 0.093034 0.000000 -0.036670
vn 0.092541 0.000000 -0.037896
vn 0.089188 0.000000 -0.045228
vn 0.088428 0.000000 -0.046695
vn 0.084556 0.000000 -0.053388
vn 0.083481 0.000000 -0.055054
vn 0.079180 0.000000 -0.061078
vn 0.077746 0.000000 -0.062893
vn 0.073107 0.000000 -0.068231
vn 0.071278 0.000000 -0.070139
vn 0.066390 0.000000 -0.074782
vn 0.064137 0.000000 -0.076723
vn 0.059089 0.000000 -0.080676
vn 0.056391 0.000000 -0.082584
vn 0.051267 0.000000 -0.085859
vn 0.048113 0.000000 -0.087665
vn 0.048113 0.000000 -0.087665
vn 0.039381 0.000000 -0.091919
vn 0.039381 0.000000 -0.091919
vn 0.048113 0.000000 -0.087665
vn 0.048113 0.000000 -0.087665
vn 0.051267 0.000000 -0.085859
vn 0.056391 0.000000 -0.082584
vn 0.059089 0.000000 -0.080676
vn 0.064137 0.000000 -0.076723
vn 0.066390 0.000000 -0.074782
vn 0.071278 0.000000 -0.070139
vn 0.073107 0.000000 -0.068231
vn 0.077746 0.000000 -0.062893
vn 0.079180 0.000000 -0.061078
vn 0.083481 0.000000 -0.055054
vn 0.084556 0.000000 -0.053388
vn 0.088428 0.000000 -0.046695
vn 0.089188 0.000000 -0.045228
vn 0.092541 0.000000 -0.037896
vn 0.093034 0.000000 -0.036670
vn 0.095781 0.000000 -0.028739
vn 0.096061 0.000000 -0.027789
vn 0.098118 0.000000 -0.019312
vn 0.098243 0.000000 -0.018663
vn 0.099528 0.000000 -0.009702
vn 0.099560 0.000000 -0.009373
vn 0.100000 -0.000000 0.000000
vn 0.100000 -0.000000 0.000000
vn 0.000000 0.100000 0.000000
vn 0.000000 0.100000 0.000000
vn 0.000000 0.100000 0.000000
vn 0.000000 0.100000 0.000000
vn 0.000000 0.100000 0.000000
vn 0.000000 0.100000 0.000000
vn 0.000000 0.100000 0.000000
vn 0.000000 0.100000 0.000000
vn 0.000000 0.100000 0.000000
vn 0.000000 0.100000 0.000000
vn 0.000000 0.100000 0.000000
vn 0.000000 0.100000 0.000000
vn 0.000000 0.100000 0.000000
vn 0.000000 0.100000 0.000000
vn 0.000000 0.100000 0.000000
vn 0.000000 0.000000 -0.100000
vn 0.000000 0.000000 -0.100000
vn 0.024403 0.000000 -0.096977
vn 0.024403 0.000000 -0.096977
vn 0.047330 0.000000 -0.088090
vn 0.047330 0.000000 -0.088090
vn 0.067396 0.000000 -0.073877
vn 0.067396 0.000000 -0.073877
vn 0.083386 0.000000 -0.055197
vn 0.083386 0.000000 -0.055197
vn 0.094335 0.000000 -0.033180
vn 0.094335 0.000000 -0.033180
vn 0.099580 0.000000 -0.009157
vn 0.099580 0.000000 -0.009157
vn 0.098804 0.000000 0.015420
vn 0.098804 0.000000 0.015420
vn 0.092054 0.000000 0.039065
vn 0.092054 0.000000 0.039065
vn 0.079738 0.000000 0.060348
vn 0.079738 0.000000 0.060348
vn 0.062601 0.000000 0.077982
vn 0.062601 0.000000 0.077982
vn 0.070040 0.000000 0.071375
vn 0.070040 0.000000 0.071375
vn 0.076786 0.000000 0.064062
vn 0.076786 0.000000 0.064062
vn 0.082771 0.000000 0.056115
vn 0.082771 0.000000 0.056115
vn 0.087938 0.000000 0.047613
vn 0.087938 0.000000 0.047613
vn 0.092234 0.000000 0.038639
vn 0.092234 0.000000 0.038639
vn 0.095617 0.000000 0.029283
vn 0.095617 0.000000 0.029283
vn 0.098053 0.000000 0.019637
vn 0.098053 0.000000 0.019637
vn 0.099519 0.000000 0.009796
vn 0.099519 0.000000 0.009796
vn 0.100000 0.000000 -0.000141
vn 0.100000 0.000000 -0.000141
vn 0.099491 0.000000 -0.010077
vn 0.099491 0.000000 -0.010077
vn 0.097997 0.000000 -0.019913
vn 0.097997 0.000000 -0.019913
vn 0.095533 0.000000 -0.029553
vn 0.095533 0.000000 -0.029553
vn 0.092124 0.000000 -0.038899
vn 0.092124 0.000000 -0.038899
vn 0.087803 0.000000 -0.047861
vn 0.087803 0.000000 -0.047861
vn 0.082613 0.000000 -0.056349
vn 0.082613 0.000000 -0.056349
vn 0.076604 0.000000 -0.064279
vn 0.076604 0.000000 -0.064279
vn 0.076604 0.000000 -0.064279
vn 0.076604 0.000000 -0.064279
vn 0.090217 0.000000 -0.043139
vn 0.090217 0.000000 -0.043139
vn 0.098126 0.000000 -0.019271
vn 0.098126 0.000000 -0.019271
vn 0.099831 0.000000 0.005814
vn 0.099831 0.000000 0.005814
vn 0.095225 0.000000 0.030533
vn 0.095225 0.000000 0.030533
vn 0.084599 0.000000 0.053320
vn 0.084599 0.000000 0.053320
vn 0.068624 0.000000 0.072737
vn 0.068624 0.000000 0.072737
vn 0.048311 0.000000 0.087556
vn 0.048311 0.000000 0.087556
vn 0.024944 0.000000 0.096839
vn 0.024944 0.000000 0.096839
vn 0.000000 0.000000 0.100000
vn 0.000000 0.000000 0.100000
vn -0.058709 0.000000 -0.080952
vn -0.058709 0.000000 -0.080952
vn -0.077002 0.000000 -0.063802
vn -0.077002 0.000000 -0.063802
vn -0.090453 0.000000 -0.042640
vn -0.090453 0.000000 -0.042640
vn -0.098217 0.000000 -0.018797
vn -0.098217 0.000000 -0.018797
vn -0.099806 0.000000 0.006227
vn -0.099806 0.000000 0.006227
vn -0.095119 0.000000 0.030861
vn -0.095119 0.000000 0.030861
vn -0.084451 0.000000 0.053554
vn -0.084451 0.000000 0.053554
vn -0.068474 0.000000 0.072879
vn -0.068474 0.000000 0.072879
vn -0.048190 0.000000 0.087622
vn -0.048190 0.000000 0.087622
vn -0.024877 0.000000 0.096856
vn -0.024877 0.000000 0.096856
vn -0.000000 0.000000 0.100000
vn -0.000000 0.000000 0.100000
vn -0.065978 0.000000 -0.075146
vn -0.065978 0.000000 -0.075146
vn -0.072677 0.000000 -0.068688
vn -0.072677 0.000000 -0.068688
vn -0.078746 0.000000 -0.061636
vn -0.078746 0.000000 -0.061636
vn -0.084134 0.000000 -0.054051
vn -0.084134 0.000000 -0.054051
vn -0.088793 0.000000 -0.045998
vn -0.088793 0.000000 -0.045998
vn -0.092684 0.000000 -0.037546
vn -0.092684 0.000000 -0.037546
vn -0.095772 0.000000 -0.028769
vn -0.095772 0.000000 -0.028769
vn -0.098032 0.000000 -0.019744
vn -0.098032 0.000000 -0.019744
vn -0.099442 0.000000 -0.010547
vn -0.099442 0.000000 -0.010547
vn 0.000000 -0.100000 0.000000
vn 0.000000 -0.100000 0.000000
vn 0.000000 -0.100000 0.000000
vn 0.000000 -0.100000 0.000000
vn 0.000000 -0.100000 0.000000
vn 0.000000 -0.100000 0.000000
vn 0.000000 -0.100000 0.000000
vn 0.000000 -0.100000 0.000000
vn 0.000000 -0.100000 0.000000
vn 0.000000 -0.100000 0.000000
vn 0.000000 -0.100000 0.000000
vn 0.000000 -0.100000 0.000000
vn 0.000000 -0.100000 0.000000
vn 0.000000 -0.100000 0.000000
vn 0.000000 -0.100000 0.000000
vn 0.000000 -0.100000 0.000000
vn 0.000000 -0.100000 0.000000
vn 0.000000 -0.100000 0.000000
vn 0.000000 -0.100000 0.000000
vn 0.000000 -0.100000 0.000000
vn 0.000000 -0.100000 0.000000
vn 0.000000 -0.100000 0.000000
vn 0.000000 -0.100000 0.000000
vn 0.000000 -0.100000 0.000000
vn 0.000000 -0.100000 0.000000
vn 0.000000 -0.100000 0.000000
vn 0.000000 -0.100000 0.000000
vn 0.000000 -0.100000 0.000000
vn 0.000000 -0.100000 0.000000
vn 0.000000 -0.100000 0.000000
vn 0.000000 -0.100000 0.000000
vn 0.000000 -0.100000 0.000000
vn 0.000000 -0.100000 0.000000
vn 0.000000 -0.100000 0.000000
vn 0.000000 -0.100000 0.000000
vn 0.000000 -0.100000 0.000000
vn 0.000000 -0.100000 0.000000
vn 0.000000 -0.100000 0.000000
vn 0.000000 -0.100000 0.000000
vn 0.000000 -0.100000 0.000000
vn 0.000000 -0.100000 0.000000
vn 0.000000 -0.100000 0.000000
vn 0.000000 -0.100000 0.000000
vn 0.000000 -0.100000 0.000000
vn 0.000000 -0.100000 0.000000
vn 0.000000 -0.100000 0.000000
vn 0.000000 -0.100000 0.000000
vn 0.000000 -0.100000 0.000000
vn 0.000000 -0.100000 0.000000
vn 0.000000 -0.100000 0.000000
vn 0.000000 -0.100000 0.000000
vn 0.000000 -0.100000 0.000000
vn 0.000000 -0.100000 0.000000
vn 0.000000 -0.100000 0.000000
vn 0.000000 -0.100000 0.000000
vn 0.000000 -0.100000 0.000000
vn 0.000000 -0.100000 0.000000
vn 0.000000 -0.100000 0.000000
vn 0.000000 -0.100000 0.000000
vn 0.000000 -0.100000 0.000000
vn 0.000000 -0.100000 0.000000
vn 0.000000 -0.100000 0.000000
vn 0.000000 -0.100000 0.000000
vn 0.000000 -0.100000 0.000000
vn 0.000000 -0.100000 0.000000
vn 0.000000 -0.100000 0.000000
vn 0.000000 -0.100000 0.000000
vn 0.000000 -0.100000 0.000000
vn 0.000000 -0.100000 0.000000
vn 0.000000 -0.100000 0.000000
vn 0.000000 -0.100000 0.000000
vn 0.000000 -0.100000 0.000000
vn 0.000000 -0.100000 0.000000
vn 0.000000 -0.100000 0.000000
vn 0.000000 -0.100000 0.000000
vn 0.000000 -0.100000 0.000000
vn 0.000000 -0.100000 0.000000
vn 0.000000 -0.100000 0.000000
vn 0.000000 -0.100000 0.000000
vn 0.000000 -0.100000 0.000000
vn 0.000000 -0.100000 0.000000
vn 0.000000 -0.100000 0.000000
vn 0.060971 0.079262 0.000000
vn 0.060971 0.079262 0.000000
vn 0.060971 0.079262 0.000000
vn 0.060971 0.079262 0.000000
vn 0.060971 0.079262 0.000000
vn 0.060971 0.079262 0.000000
vn 0.060971 0.079262 0.000000
vn 0.060971 0.079262 0.000000
vn 0.060971 0.079262 0.000000
vn 0.060971 0.079262 0.000000
vn 0.060971 0.079262 0.000000
vn 0.060971 0.079262 0.000000
vn 0.060971 0.079262 0.000000
vn 0.060971 0.079262 0.000000
vn 0.060971 0.079262 0.000000
vn 0.060971 0.079262 0.000000
vn 0.060971 0.079262 0.000000
vn 0.060971 0.079262 0.000000
vn 0.060971 0.079262 0.000000
vn 0.060971 0.079262 0.000000
vn 0.060971 0.079262 0.000000
vn 0.060971 0.079262 0.000000
vn 0.060971 0.079262 0.000000
vn 0.060971 0.079262 0.000000
vn 0.060971 0.079262 0.000000
vn 0.060971 0.079262 0.000000
vn 0.060971 0.079262 0.000000
vn 0.060971 0.079262 0.000000
vn 0.060971 0.079262 0.000000
vn 0.060971 0.079262 0.000000
vn 0.060971 0.079262 0.000000
vn 0.060971 0.079262 0.000000
vn 0.060971 0.079262 0.000000
vn 0.069636 -0.070711 -0.012279
vn 0.069795 -0.070711 -0.011343
vn 0.070711 -0.070711 -0.000000
vn 0.070711 -0.070711 -0.000000
vn 0.069795 -0.070711 0.011343
vn 0.067072 -0.070711 -0.022392
vn 0.066446 -0.070711 -0.024184
vn 0.062611 -0.070711 -0.032861
vn 0.061237 -0.070711 -0.035355
vn 0.056529 -0.070711 -0.042479
vn 0.054168 -0.070711 -0.045452
vn 0.048983 -0.070711 -0.050997
vn 0.045452 -0.070711 -0.054168
vn 0.040168 -0.070711 -0.058194
vn 0.035355 -0.070711 -0.061237
vn 0.030313 -0.070711 -0.063884
vn 0.024184 -0.070711 -0.066446
vn 0.019673 -0.070711 -0.067919
vn 0.012279 -0.070711 -0.069636
vn 0.008523 -0.070711 -0.070195
vn -0.000000 -0.070711 -0.070711
vn -0.002847 -0.070711 -0.070653
vn -0.012279 -0.070711 -0.069636
vn -0.014144 -0.070711 -0.069282
vn -0.024184 -0.070711 -0.066446
vn -0.025074 -0.070711 -0.066116
vn -0.035355 -0.070711 -0.061237
vn -0.035355 -0.070711 -0.061237
vn -0.044721 -0.070711 -0.054773
vn -0.045452 -0.070711 -0.054168
vn -0.052928 -0.070711 -0.046890
vn -0.054168 -0.070711 -0.045452
vn -0.059764 -0.070711 -0.037792
vn -0.061237 -0.070711 -0.035355
vn -0.065052 -0.070711 -0.027716
vn -0.066446 -0.070711 -0.024184
vn -0.068656 -0.070711 -0.016922
vn -0.069636 -0.070711 -0.012279
vn -0.070481 -0.070711 -0.005690
vn -0.070711 -0.070711 0.000000
vn -0.070481 -0.070711 0.005690
vn -0.069636 -0.070711 0.012279
vn -0.068656 -0.070711 0.016922
vn -0.066446 -0.070711 0.024184
vn -0.065052 -0.070711 0.027716
vn -0.061237 -0.070711 0.035355
vn -0.059764 -0.070711 0.037792
vn -0.054168 -0.070711 0.045452
vn -0.052928 -0.070711 0.046890
vn -0.045452 -0.070711 0.054168
vn -0.044721 -0.070711 0.054773
vn -0.035355 -0.070711 0.061237
vn -0.035355 -0.070711 0.061237
vn -0.025074 -0.070711 0.066116
vn -0.024184 -0.070711 0.066446
vn -0.014144 -0.070711 0.069282
vn -0.012279 -0.070711 0.069636
vn -0.002847 -0.070711 0.070653
vn -0.000000 -0.070711 0.070711
vn 0.008523 -0.070711 0.070195
vn 0.012279 -0.070711 0.069636
vn 0.019673 -0.070711 0.067919
vn 0.024184 -0.070711 0.066446
vn 0.030313 -0.070711 0.063884
vn 0.035355 -0.070711 0.061237
vn 0.040168 -0.070711 0.058194
vn 0.045452 -0.070711 0.054168
vn 0.048983 -0.070711 0.050997
vn 0.054168 -0.070711 0.045452
vn 0.056529 -0.070711 0.042479
vn 0.061237 -0.070711 0.035355
vn 0.062611 -0.070711 0.032861
vn 0.066446 -0.070711 0.024184
vn 0.067072 -0.070711 0.022392
vn 0.069636 -0.070711 0.012279
vn 0.000000 -0.100000 0.000000
vn 0.000000 -0.100000 0.000000
vn 0.000000 -0.100000 0.000000
vn 0.000000 -0.100000 0.000000
vn 0.000000 -0.100000 0.000000
vn 0.000000 -0.100000 0.000000
vn 0.000000 -0.100000 0.000000
vn 0.000000 -0.100000 0.000000
vn 0.000000 -0.100000 0.000000
vn 0.000000 -0.100000 0.000000
vn 0.000000 -0.100000 0.000000
vn 0.000000 -0.100000 0.000000
vn 0.000000 -0.100000 0.000000
vn 0.000000 -0.100000 0.000000
vn 0.000000 -0.100000 0.000000
vn 0.000000 -0.100000 0.000000
vn 0.000000 -0.100000 0.000000
vn 0.000000 -0.100000 0.000000
vn 0.000000 -0.100000 0.000000
vn 0.000000 -0.100000 0.000000
vn 0.000000 -0.100000 0.000000
vn 0.000000 -0.100000 0.000000
vn 0.000000 -0.100000 0.000000
vn 0.000000 -0.100000 0.000000
vn 0.000000 -0.100000 0.000000
vn 0.000000 -0.100000 0.000000
vn 0.000000 -0.100000 0.000000
vn 0.000000 -0.100000 0.000000
vn 0.000000 -0.100000 0.000000
vn 0.000000 -0.100000 0.000000
vn 0.000000 -0.100000 0.000000
vn 0.000000 -0.100000 0.000000
vn 0.000000 -0.100000 0.000000
vn 0.000000 -0.100000 0.000000
vn 0.000000 -0.100000 0.000000
vn 0.000000 -0.100000 0.000000
vn 0.000000 -0.100000 0.000000
vn 0.000000 -0.100000 0.000000
vn 0.000000 -0.100000 0.000000
vn 0.000000 -0.100000 0.000000
vn 0.000000 -0.100000 0.000000
vn 0.000000 -0.100000 0.000000
vn 0.000000 -0.100000 0.000000
vn 0.000000 -0.100000 0.000000
vn 0.000000 -0.100000 0.000000
vn 0.000000 -0.100000 0.000000
vn 0.000000 -0.100000 0.000000
vn 0.000000 -0.100000 0.000000
vn 0.000000 -0.100000 0.000000
vn 0.000000 -0.100000 0.000000
vn 0.000000 -0.100000 0.000000
vn 0.000000 -0.100000 0.000000
vn 0.000000 -0.100000 0.000000
vn 0.000000 -0.100000 0.000000
vn 0.000000 -0.100000 0.000000
vn 0.000000 -0.100000 0.000000
vn 0.000000 -0.100000 0.000000
vn 0.000000 -0.100000 0.000000
vn 0.000000 -0.100000 0.000000
vn 0.000000 -0.100000 0.000000
vn 0.000000 -0.100000 0.000000
vn 0.000000 -0.100000 0.000000
vn 0.000000 -0.100000 0.000000
vn 0.000000 -0.100000 0.000000
vn 0.000000 -0.100000 0.000000
vn 0.000000 -0.100000 0.000000
vn 0.000000 -0.100000 0.000000
vn 0.000000 -0.100000 0.000000
vn 0.000000 -0.100000 0.000000
vn 0.000000 -0.100000 0.000000
vn 0.000000 -0.100000 0.000000
vn 0.000000 -0.100000 0.000000
vn 0.000000 -0.100000 0.000000
vn 0.000000 -0.100000 0.000000
vn 0.000000 -0.100000 0.000000
vn 0.000000 -0.100000 0.000000
vn 0.000000 -0.100000 0.000000
vn 0.000000 -0.100000 0.000000
vn 0.000000 -0.100000 0.000000
vn 0.000000 -0.100000 0.000000
vn 0.000000 -0.100000 0.000000
vn 0.000000 -0.100000 0.000000
vn 0.000000 -0.100000 0.000000
vn 0.000000 -0.100000 0.000000
vn 0.000000 -0.100000 0.000000
vn 0.000000 -0.100000 0.000000
vn 0.000000 -0.100000 0.000000
vn 0.000000 -0.100000 0.000000
vn 0.000000 -0.100000 0.000000
vn 0.000000 -0.100000 0.000000
vn 0.000000 -0.100000 0.000000
vn 0.000000 -0.100000 0.000000
vn 0.000000 -0.100000 0.000000
vn 0.000000 -0.100000 0.000000
vn 0.000000 -0.100000 0.000000
vn 0.000000 -0.100000 0.000000
vn 0.000000 -0.100000 0.000000
vn 0.000000 -0.100000 0.000000
vn 0.000000 -0.100000 0.000000
vn 0.000000 -0.100000 0.000000
vn 0.000000 -0.100000 0.000000
vn 0.000000 -0.100000 0.000000
vn 0.000000 -0.100000 0.000000
vn 0.000000 -0.100000 0.000000
vn 0.000000 -0.100000 0.000000
vn 0.000000 -0.100000 0.000000
vn 0.000000 -0.100000 0.000000
vn 0.000000 -0.100000 0.000000
vn 0.000000 -0.100000 0.000000
vn 0.000000 -0.100000 0.000000
vn 0.000000 -0.100000 0.000000
vn 0.000000 -0.100000 0.000000
vn 0.000000 -0.100000 0.000000
vn 0.000000 -0.100000 0.000000
vn 0.000000 -0.100000 0.000000
vn 0.098481 0.000000 -0.017365
vn 0.098481 0.000000 -0.017365
vn 0.100000 0.000000 -0.000000
vn 0.100000 0.000000 -0.000000
vn 0.098481 0.000000 0.017365
vn 0.098481 0.000000 0.017365
vn 0.093969 0.000000 0.034202
vn 0.093969 0.000000 0.034202
vn 0.086603 0.000000 0.050000
vn 0.086603 0.000000 0.050000
vn 0.076604 0.000000 0.064279
vn 0.076604 0.000000 0.064279
vn 0.064279 0.000000 0.076604
vn 0.064279 0.000000 0.076604
vn 0.050000 0.000000 0.086603
vn 0.050000 0.000000 0.086603
vn 0.034202 0.000000 0.093969
vn 0.034202 0.000000 0.093969
vn 0.017365 0.000000 0.098481
vn 0.017365 0.000000 0.098481
vn -0.000000 0.000000 0.100000
vn -0.000000 0.000000 0.100000
vn -0.017365 0.000000 0.098481
vn -0.017365 0.000000 0.098481
vn -0.034202 0.000000 0.093969
vn -0.034202 0.000000 0.093969
vn -0.050000 0.000000 0.086603
vn -0.050000 0.000000 0.086603
vn -0.064279 0.000000 0.076604
vn -0.064279 0.000000 0.076604
vn -0.076604 0.000000 0.064279
vn -0.076604 0.000000 0.064279
vn -0.086603 0.000000 0.050000
vn -0.086603 0.000000 0.050000
vn -0.093969 0.000000 0.034202
vn -0.093969 0.000000 0.034202
vn -0.098481 0.000000 0.017365
vn -0.098481 0.000000 0.017365
vn -0.100000 0.000000 0.000000
vn -0.100000 0.000000 0.000000
vn -0.098481 0.000000 -0.017365
vn -0.098481 0.000000 -0.017365
vn -0.093969 0.000000 -0.034202
vn -0.093969 0.000000 -0.034202
vn -0.086603 0.000000 -0.050000
vn -0.086603 0.000000 -0.050000
vn -0.076604 0.000000 -0.064279
vn -0.076604 0.000000 -0.064279
vn -0.064279 0.000000 -0.076604
vn -0.064279 0.000000 -0.076604
vn -0.050000 0.000000 -0.086603
vn -0.050000 0.000000 -0.086603
vn -0.034202 0.000000 -0.093969
vn -0.034202 0.000000 -0.093969
vn -0.017365 0.000000 -0.098481
vn -0.017365 0.000000 -0.098481
vn -0.000000 0.000000 -0.100000
vn -0.000000 0.000000 -0.100000
vn 0.017365 0.000000 -0.098481
vn 0.017365 0.000000 -0.098481
vn 0.034202 0.000000 -0.093969
vn 0.034202 0.000000 -0.093969
vn 0.050000 0.000000 -0.086603
vn 0.050000 0.000000 -0.086603
vn 0.064279 0.000000 -0.076604
vn 0.064279 0.000000 -0.076604
vn 0.076604 0.000000 -0.064279
vn 0.076604 0.000000 -0.064279
vn 0.086603 0.000000 -0.050000
vn 0.086603 0.000000 -0.050000
vn 0.093969 0.000000 -0.034202
vn 0.093969 0.000000 -0.034202
vn 0.100000 0.000000 0.000000
vn 0.099053 -0.000000 0.013732
vn 0.098079 -0.000000 0.019509
vn 0.096228 -0.000000 0.027204
vn 0.092388 -0.000000 0.038268
vn 0.091581 -0.000000 0.040161
vn 0.085198 -0.000000 0.052357
vn 0.083147 -0.000000 0.055557
vn 0.077201 -0.000000 0.063560
vn 0.070711 -0.000000 0.070711
vn 0.067742 -0.000000 0.073560
vn 0.055557 -0.000000 0.083147
vn 0.056999 -0.000000 0.082165
vn 0.045175 -0.000000 0.089214
vn 0.038268 -0.000000 0.092388
vn 0.032496 -0.000000 0.094573
vn 0.019509 -0.000000 0.098079
vn 0.019201 -0.000000 0.098139
vn 0.005543 -0.000000 0.099846
vn 0.000000 -0.000000 0.100000
vn -0.008221 0.000000 0.099662
vn -0.019509 0.000000 0.098079
vn -0.021829 0.000000 0.097588
vn -0.035023 0.000000 0.093666
vn -0.038268 0.000000 0.092388
vn -0.047554 0.000000 0.087969
vn -0.055557 0.000000 0.083147
vn -0.059184 0.000000 0.080606
vn -0.070711 0.000000 0.070711
vn -0.073171 0.000000 0.068162
vn -0.083147 0.000000 0.055557
vn -0.084594 0.000000 0.053328
vn -0.092388 0.000000 0.038268
vn -0.093051 0.000000 0.036626
vn -0.098079 0.000000 0.019509
vn -0.098247 0.000000 0.018640
vn -0.100000 0.000000 0.000000
vn -0.100000 0.000000 0.000000
vn -0.098247 0.000000 -0.018640
vn -0.098079 0.000000 -0.019509
vn -0.093051 0.000000 -0.036626
vn -0.092388 0.000000 -0.038268
vn -0.084594 0.000000 -0.053328
vn -0.083147 0.000000 -0.055557
vn -0.073171 0.000000 -0.068162
vn -0.070711 0.000000 -0.070711
vn -0.059184 0.000000 -0.080606
vn -0.055557 0.000000 -0.083147
vn -0.047554 0.000000 -0.087969
vn -0.038268 0.000000 -0.092388
vn -0.035023 0.000000 -0.093666
vn -0.021829 0.000000 -0.097588
vn -0.019509 0.000000 -0.098079
vn -0.008221 0.000000 -0.099662
vn 0.000000 0.000000 -0.100000
vn 0.005543 0.000000 -0.099846
vn 0.019509 0.000000 -0.098079
vn 0.019201 0.000000 -0.098139
vn 0.032496 0.000000 -0.094573
vn 0.038268 0.000000 -0.092388
vn 0.045175 0.000000 -0.089214
vn 0.055557 0.000000 -0.083147
vn 0.056999 0.000000 -0.082165
vn 0.067742 0.000000 -0.073560
vn 0.070711 0.000000 -0.070711
vn 0.077201 0.000000 -0.063560
vn 0.083147 0.000000 -0.055557
vn 0.085198 0.000000 -0.052357
vn 0.091581 0.000000 -0.040161
vn 0.092388 0.000000 -0.038268
vn 0.096228 0.000000 -0.027204
vn 0.098079 0.000000 -0.019509
vn 0.099053 0.000000 -0.013732
vn 0.000000 0.100000 0.000000
vn 0.000000 0.100000 0.000000
vn 0.000000 0.100000 0.000000
vn 0.000000 0.100000 0.000000
vn 0.000000 0.100000 0.000000
vn 0.000000 0.100000 0.000000
vn 0.000000 0.100000 0.000000
vn 0.000000 0.100000 0.000000
vn 0.000000 0.100000 0.000000
vn 0.000000 0.100000 0.000000
vn 0.000000 0.100000 0.000000
vn 0.099444 0.000000 0.010526
vn 0.099444 0.000000 0.010526
vn 0.097944 0.000000 0.020175
vn 0.097944 0.000000 0.020175
vn 0.095509 0.000000 0.029632
vn 0.095509 0.000000 0.029632
vn 0.092163 0.000000 0.038806
vn 0.092163 0.000000 0.038806
vn 0.087939 0.000000 0.047610
vn 0.087939 0.000000 0.047610
vn 0.082876 0.000000 0.055960
vn 0.082876 0.000000 0.055960
vn 0.077023 0.000000 0.063777
vn 0.077023 0.000000 0.063777
vn 0.070435 0.000000 0.070985
vn 0.070435 0.000000 0.070985
vn 0.063176 0.000000 0.077516
vn 0.063176 0.000000 0.077516
vn 0.055315 0.000000 0.083308
vn 0.055315 0.000000 0.083308
vn 0.046925 0.000000 0.088306
vn 0.046925 0.000000 0.088306
vn 0.038089 0.000000 0.092462
vn 0.038089 0.000000 0.092462
vn 0.028889 0.000000 0.095736
vn 0.028889 0.000000 0.095736
vn 0.019414 0.000000 0.098097
vn 0.019414 0.000000 0.098097
vn 0.009753 0.000000 0.099523
vn 0.009753 0.000000 0.099523
vn -0.000000 0.000000 0.100000
vn -0.000000 0.000000 0.100000
vn 0.077982 0.000000 -0.062601
vn 0.077982 0.000000 -0.062601
vn 0.077982 0.000000 -0.062601
vn 0.077982 0.000000 -0.062601
vn 0.077982 0.000000 -0.062601
vn 0.077982 0.000000 -0.062601
vn 0.091032 0.000000 -0.041390
vn 0.091032 0.000000 -0.041390
vn 0.098437 0.000000 -0.017612
vn 0.098437 0.000000 -0.017612
vn 0.099736 0.000000 0.007259
vn 0.099736 0.000000 0.007259
vn 0.094850 0.000000 0.031679
vn 0.094850 0.000000 0.031679
vn 0.084080 0.000000 0.054134
vn 0.084080 0.000000 0.054134
vn 0.068096 0.000000 0.073232
vn 0.068096 0.000000 0.073232
vn 0.047888 0.000000 0.087788
vn 0.047888 0.000000 0.087788
vn 0.024710 0.000000 0.096899
vn 0.024710 0.000000 0.096899
vn -0.000000 0.000000 0.100000
vn -0.000000 0.000000 0.100000
vn 0.000000 0.000000 0.100000
vn 0.000000 0.000000 0.100000
vn 0.000000 0.000000 0.100000
vn 0.000000 0.000000 0.100000
vn -0.000000 0.100000 -0.000000
vn -0.000000 0.100000 -0.000000
vn -0.000000 0.100000 -0.000000
vn -0.000000 0.100000 -0.000000
vn -0.000000 0.100000 -0.000000
vn -0.000000 0.100000 -0.000000
vn -0.000000 0.100000 -0.000000
vn -0.000000 0.100000 -0.000000
vn -0.000000 0.100000 -0.000000
vn -0.000000 0.100000 -0.000000
vn -0.000000 0.100000 -0.000000
vn -0.000000 0.100000 -0.000000
vn -0.000000 0.100000 -0.000000
vn -0.000000 0.100000 -0.000000
vn -0.000000 0.100000 -0.000000
vn -0.000000 0.100000 -0.000000
vn -0.000000 0.100000 -0.000000
vn -0.000000 0.100000 -0.000000
vn -0.000000 0.100000 -0.000000
vn -0.000000 0.100000 -0.000000
vn -0.000000 0.100000 -0.000000
vn -0.000000 0.100000 -0.000000
vn -0.000000 0.100000 -0.000000
vn -0.000000 0.100000 -0.000000
vn -0.000000 0.100000 -0.000000
vn -0.000000 0.100000 -0.000000
vn -0.000000 0.100000 -0.000000
vn -0.000000 0.100000 -0.000000
vn -0.000000 0.100000 -0.000000
vn -0.000000 0.100000 -0.000000
vn -0.000000 0.100000 -0.000000
vn -0.000000 0.100000 -0.000000
vn -0.000000 0.100000 -0.000000
vn -0.000000 0.100000 -0.000000
vn -0.000000 0.100000 -0.000000
vn -0.000000 0.100000 -0.000000
vn -0.000000 0.100000 -0.000000
vn -0.000000 0.100000 -0.000000
vn -0.000000 0.100000 -0.000000
vn -0.000000 0.100000 -0.000000
vn -0.000000 0.100000 -0.000000
vn -0.000000 0.100000 -0.000000
vn -0.000000 0.100000 -0.000000
vn -0.000000 0.100000 -0.000000
vn -0.000000 0.100000 -0.000000
vn -0.000000 0.100000 -0.000000
vn -0.000000 0.100000 -0.000000
vn -0.000000 0.100000 -0.000000
vn -0.000000 0.100000 -0.000000
vn -0.000000 0.100000 -0.000000
vn -0.000000 0.100000 -0.000000
vn -0.000000 0.100000 -0.000000
vn -0.000000 0.100000 -0.000000
vn -0.000000 0.100000 -0.000000
vn -0.000000 0.100000 -0.000000
vn -0.000000 0.100000 -0.000000
vn -0.000000 0.100000 -0.000000
vn -0.000000 0.100000 -0.000000
vn -0.000000 0.100000 -0.000000
vn -0.000000 0.100000 -0.000000
vn -0.000000 0.100000 -0.000000
vn -0.000000 0.100000 -0.000000
vn -0.000000 0.100000 -0.000000
vn -0.000000 0.100000 -0.000000
vn -0.000000 0.100000 -0.000000
vn -0.000000 0.100000 -0.000000
vn -0.000000 0.100000 -0.000000
vn -0.000000 0.100000 -0.000000
vn -0.000000 0.100000 -0.000000
vn -0.000000 0.100000 -0.000000
vn -0.000000 0.100000 -0.000000
vn -0.000000 0.100000 -0.000000
vn -0.000000 0.100000 -0.000000
vn -0.000000 0.100000 -0.000000
vn -0.000000 0.100000 -0.000000
vn -0.000000 0.100000 -0.000000
vn -0.000000 0.100000 -0.000000
vn -0.000000 0.100000 -0.000000
vn -0.000000 0.100000 -0.000000
vn -0.000000 0.100000 -0.000000
vn -0.000000 0.100000 -0.000000
vn -0.000000 0.100000 -0.000000
vn -0.000000 0.100000 -0.000000
vn -0.000000 0.100000 -0.000000
vn -0.000000 0.100000 -0.000000
vn -0.000000 0.100000 -0.000000
vn -0.000000 0.100000 -0.000000
vn -0.000000 0.100000 -0.000000
vn -0.000000 0.100000 -0.000000
vn -0.000000 0.100000 -0.000000
vn -0.000000 0.100000 -0.000000
vn -0.000000 0.100000 -0.000000
vn -0.000000 0.100000 -0.000000
vn -0.000000 0.100000 -0.000000
vn -0.000000 0.100000 -0.000000
vn -0.000000 0.100000 -0.000000
vn -0.000000 0.100000 -0.000000
vn -0.000000 0.100000 -0.000000
vn -0.000000 0.100000 -0.000000
vn -0.000000 0.100000 -0.000000
vn -0.000000 0.100000 -0.000000
vn -0.000000 0.100000 -0.000000
vn -0.000000 0.100000 -0.000000
vn -0.000000 0.100000 -0.000000
vn -0.000000 0.100000 -0.000000
vn 0.000000 0.000000 -0.100000
vn 0.000000 0.000000 -0.100000
vn 0.000000 0.000000 -0.100000
vn 0.000000 0.000000 -0.100000
vn 0.000000 0.000000 -0.100000
vn 0.000000 0.000000 -0.100000
vn -0.025879 0.000000 -0.096593
vn -0.025879 0.000000 -0.096593
vn -0.049995 0.000000 -0.086605
vn -0.049995 0.000000 -0.086605
vn -0.070705 0.000000 -0.070717
vn -0.070705 0.000000 -0.070717
vn -0.086597 0.000000 -0.050010
vn -0.086597 0.000000 -0.050010
vn -0.096589 0.000000 -0.025896
vn -0.096589 0.000000 -0.025896
vn -0.100000 0.000000 -0.000017
vn -0.100000 0.000000 -0.000017
vn 0.000000 0.000000 0.100000
vn 0.000000 0.000000 0.100000
vn -0.010117 0.000000 0.099487
vn -0.010117 0.000000 0.099487
vn -0.020130 0.000000 0.097953
vn -0.020130 0.000000 0.097953
vn -0.029936 0.000000 0.095414
vn -0.029936 0.000000 0.095414
vn -0.039436 0.000000 0.091896
vn -0.039436 0.000000 0.091896
vn -0.048530 0.000000 0.087435
vn -0.048530 0.000000 0.087435
vn -0.057127 0.000000 0.082076
vn -0.057127 0.000000 0.082076
vn -0.065137 0.000000 0.075876
vn -0.065137 0.000000 0.075876
vn -0.072479 0.000000 0.068897
vn -0.072479 0.000000 0.068897
vn -0.079078 0.000000 0.061211
vn -0.079078 0.000000 0.061211
vn -0.084864 0.000000 0.052896
vn -0.084864 0.000000 0.052896
vn -0.089780 0.000000 0.044039
vn -0.089780 0.000000 0.044039
vn -0.093775 0.000000 0.034731
vn -0.093775 0.000000 0.034731
vn -0.096808 0.000000 0.025065
vn -0.096808 0.000000 0.025065
vn -0.098847 0.000000 0.015143
vn -0.098847 0.000000 0.015143
vn -0.099872 0.000000 0.005065
vn -0.099872 0.000000 0.005065
vn -0.099872 0.000000 -0.005065
vn -0.099872 0.000000 -0.005065
vn -0.098847 0.000000 -0.015143
vn -0.098847 0.000000 -0.015143
vn -0.096808 0.000000 -0.025065
vn -0.096808 0.000000 -0.025065
vn -0.093775 0.000000 -0.034731
vn -0.093775 0.000000 -0.034731
vn -0.089780 0.000000 -0.044039
vn -0.089780 0.000000 -0.044039
vn -0.084864 0.000000 -0.052896
vn -0.084864 0.000000 -0.052896
vn -0.079078 0.000000 -0.061211
vn -0.079078 0.000000 -0.061211
vn -0.072479 0.000000 -0.068897
vn -0.072479 0.000000 -0.068897
vn -0.065137 0.000000 -0.075876
vn -0.065137 0.000000 -0.075876
vn -0.057127 0.000000 -0.082076
vn -0.057127 0.000000 -0.082076
vn -0.048530 0.000000 -0.087435
vn -0.048530 0.000000 -0.087435
vn -0.039436 0.000000 -0.091896
vn -0.039436 0.000000 -0.091896
vn -0.029936 0.000000 -0.095414
vn -0.029936 0.000000 -0.095414
vn -0.020130 0.000000 -0.097953
vn -0.020130 0.000000 -0.097953
vn -0.010117 0.000000 -0.099487
vn -0.010117 0.000000 -0.099487
vn -0.000000 0.000000 -0.100000
vn -0.000000 0.000000 -0.100000
vn -0.000000 0.100000 -0.000000
vn -0.000000 0.100000 -0.000000
vn -0.000000 0.100000 -0.000000
vn -0.000000 0.100000 -0.000000
vn -0.000000 0.100000 -0.000000
vn -0.000000 0.100000 -0.000000
vn -0.000000 0.100000 -0.000000
vn -0.000000 0.100000 -0.000000
vn -0.000000 0.100000 -0.000000
vn -0.000000 0.100000 -0.000000
vn -0.000000 0.100000 -0.000000
vn -0.000000 0.100000 -0.000000
vn -0.000000 0.100000 -0.000000
vn -0.000000 0.100000 -0.000000
vn -0.000000 0.100000 -0.000000
vn -0.000000 0.100000 -0.000000
vn -0.000000 0.100000 -0.000000
vn -0.000000 0.100000 -0.000000
vn -0.000000 0.100000 -0.000000
vn -0.000000 0.100000 -0.000000
vn -0.000000 0.100000 -0.000000
vn -0.000000 0.100000 -0.000000
vn -0.000000 0.100000 -0.000000
vn -0.000000 0.100000 -0.000000
vn -0.000000 0.100000 -0.000000
vn -0.000000 0.100000 -0.000000
vn -0.000000 0.100000 -0.000000
vn -0.000000 0.100000 -0.000000
vn -0.000000 0.100000 -0.000000
vn -0.000000 0.100000 -0.000000
vn -0.000000 0.100000 -0.000000
vn -0.000000 0.100000 -0.000000
vn -0.000000 0.100000 -0.000000
vn -0.000000 0.100000 -0.000000
vn -0.000000 0.100000 -0.000000
vn -0.000000 0.100000 -0.000000
vn -0.000000 0.100000 -0.000000
vn -0.000000 0.100000 -0.000000
vn -0.000000 0.100000 -0.000000
vn -0.000000 0.100000 -0.000000
vn -0.000000 0.100000 -0.000000
vn -0.000000 0.100000 -0.000000
vn -0.000000 0.100000 -0.000000
vn -0.000000 0.100000 -0.000000
vn -0.000000 0.100000 -0.000000
vn -0.000000 0.100000 -0.000000
vn -0.000000 0.100000 -0.000000
vn -0.000000 0.100000 -0.000000
vn -0.000000 0.100000 -0.000000
vn -0.000000 0.100000 -0.000000
vn -0.000000 0.100000 -0.000000
vn -0.000000 0.100000 -0.000000
vn -0.000000 0.100000 -0.000000
vn -0.000000 0.100000 -0.000000
vn -0.000000 0.100000 -0.000000
vn -0.000000 0.100000 -0.000000
vn -0.000000 0.100000 -0.000000
vn -0.000000 0.100000 -0.000000
vn -0.000000 0.100000 -0.000000
vn -0.000000 0.100000 -0.000000
vn -0.000000 0.100000 -0.000000
vn -0.000000 0.100000 -0.000000
vn -0.000000 0.100000 -0.000000
vn -0.000000 0.100000 -0.000000
vn -0.000000 0.100000 -0.000000
vn -0.000000 0.100000 -0.000000
vn -0.000000 0.100000 -0.000000
vn -0.000000 0.100000 -0.000000
vn -0.000000 0.100000 -0.000000
vn -0.000000 0.100000 -0.000000
vn -0.000000 0.100000 -0.000000
vn -0.000000 0.100000 -0.000000
vn -0.000000 0.100000 -0.000000
vn -0.000000 0.100000 -0.000000
vn -0.000000 0.100000 -0.000000
vn -0.000000 0.100000 -0.000000
vn -0.000000 0.100000 -0.000000
vn -0.000000 0.100000 -0.000000
vn -0.000000 0.100000 -0.000000
vn -0.000000 0.100000 -0.000000
vn -0.000000 0.100000 -0.000000
vn -0.000000 0.100000 -0.000000
vn -0.000000 0.100000 -0.000000
vn -0.000000 0.100000 -0.000000
vn -0.000000 0.100000 -0.000000
vn -0.000000 0.100000 -0.000000
vn -0.000000 0.100000 -0.000000
vn -0.000000 0.100000 -0.000000
vn -0.000000 0.100000 -0.000000
vn -0.000000 0.100000 -0.000000
vn -0.000000 0.100000 -0.000000
vn -0.000000 0.100000 -0.000000
vn -0.000000 0.100000 -0.000000
vn -0.000000 0.100000 -0.000000
vn -0.000000 0.100000 -0.000000
vn -0.000000 0.100000 -0.000000
vn -0.000000 0.100000 -0.000000
vn -0.000000 0.100000 -0.000000
vn -0.000000 0.100000 -0.000000
vn -0.000000 0.100000 -0.000000
vn -0.000000 0.100000 -0.000000
vn -0.000000 0.100000 -0.000000
vn -0.000000 0.100000 -0.000000
vn -0.000000 0.100000 -0.000000
vn -0.000000 0.100000 -0.000000
vn 0.000000 -0.000000 0.100000
vn 0.024860 -0.000000 0.096861
vn 0.000000 -0.000000 0.100000
vn 0.024860 -0.000000 0.096861
vn 0.024860 -0.000000 0.096861
vn 0.048160 -0.000000 0.087639
vn 0.048160 -0.000000 0.087639
vn 0.068435 -0.000000 0.072915
vn 0.068435 -0.000000 0.072915
vn 0.084414 -0.000000 0.053613
vn 0.084414 -0.000000 0.053613
vn 0.095092 -0.000000 0.030944
vn 0.095092 -0.000000 0.030944
vn 0.099799 -0.000000 0.006333
vn 0.099799 -0.000000 0.006333
vn 0.098241 0.000000 -0.018676
vn 0.098241 0.000000 -0.018676
vn 0.090513 0.000000 -0.042513
vn 0.090513 0.000000 -0.042513
vn 0.077103 0.000000 -0.063680
vn 0.077103 0.000000 -0.063680
vn 0.058851 0.000000 -0.080849
vn 0.058851 0.000000 -0.080849
vn 0.036904 0.000000 -0.092941
vn 0.058851 0.000000 -0.080849
vn 0.058851 0.000000 -0.080849
vn 0.077103 0.000000 -0.063680
vn 0.077103 0.000000 -0.063680
vn 0.090513 0.000000 -0.042513
vn 0.090513 0.000000 -0.042513
vn 0.098241 0.000000 -0.018676
vn 0.098241 0.000000 -0.018676
vn 0.099799 -0.000000 0.006333
vn 0.099799 -0.000000 0.006333
vn 0.095092 -0.000000 0.030944
vn 0.095092 -0.000000 0.030944
vn 0.084414 -0.000000 0.053613
vn 0.084414 -0.000000 0.053613
vn 0.068435 -0.000000 0.072915
vn 0.068435 -0.000000 0.072915
vn 0.048160 -0.000000 0.087639
vn 0.048160 -0.000000 0.087639
vn 0.024860 -0.000000 0.096861
vn 0.024860 -0.000000 0.096861
vn 0.024860 -0.000000 0.096861
vn 0.024860 -0.000000 0.096861
vn 0.048160 -0.000000 0.087639
vn 0.048160 -0.000000 0.087639
vn 0.068435 -0.000000 0.072915
vn 0.068435 -0.000000 0.072915
vn 0.084414 -0.000000 0.053613
vn 0.084414 -0.000000 0.053613
vn 0.095092 -0.000000 0.030944
vn 0.099799 -0.000000 0.006333
vn 0.098241 0.000000 -0.018676
vn 0.090513 0.000000 -0.042513
vn 0.077103 0.000000 -0.063680
vn 0.058851 0.000000 -0.080849
vn 0.098241 0.000000 -0.018676
vn 0.090513 0.000000 -0.042513
vn 0.077103 0.000000 -0.063680
vn 0.058851 0.000000 -0.080849
vn 0.036904 0.000000 -0.092941
vn 0.090513 0.000000 -0.042513
vn 0.077103 0.000000 -0.063680
vn 0.058851 0.000000 -0.080849
vn 0.077103 0.000000 -0.063680
vn 0.058851 0.000000 -0.080849
vn 0.058851 0.000000 -0.080849
vn 0.048160 -0.000000 0.087639
vn 0.024860 -0.000000 0.096861
vn 0.024860 -0.000000 0.096861
vn 0.048160 -0.000000 0.087639
vn 0.068435 -0.000000 0.072915
vn 0.084414 -0.000000 0.053613
vn 0.095092 -0.000000 0.030944
vn 0.048160 -0.000000 0.087639
vn 0.068435 -0.000000 0.072915
vn 0.084414 -0.000000 0.053613
vn 0.095092 -0.000000 0.030944
vn 0.099799 -0.000000 0.006333
vn 0.068435 -0.000000 0.072915
vn 0.084414 -0.000000 0.053613
vn 0.095092 -0.000000 0.030944
vn 0.099799 -0.000000 0.006333
vn 0.095092 -0.000000 0.030944
vn 0.099799 -0.000000 0.006333
vn 0.098241 0.000000 -0.018676
vn 0.099799 -0.000000 0.006333
vn 0.098241 0.000000 -0.018676
vn 0.098241 0.000000 -0.018676
vn 0.090513 0.000000 -0.042513
vn 0.090513 0.000000 -0.042513
vn 0.077103 0.000000 -0.063680
vn 0.000000 -0.000000 0.100000
vn 0.000000 -0.000000 0.100000
vn 0.062601 -0.000000 0.077982
vn 0.062601 -0.000000 0.077982
vn 0.079738 -0.000000 0.060348
vn 0.079738 -0.000000 0.060348
vn 0.092054 -0.000000 0.039065
vn 0.092054 -0.000000 0.039065
vn 0.098804 -0.000000 0.015420
vn 0.098804 -0.000000 0.015420
vn 0.099580 0.000000 -0.009157
vn 0.099580 0.000000 -0.009157
vn 0.094335 0.000000 -0.033180
vn 0.094335 0.000000 -0.033180
vn 0.083386 0.000000 -0.055197
vn 0.083386 0.000000 -0.055197
vn 0.067396 0.000000 -0.073877
vn 0.067396 0.000000 -0.073877
vn 0.047330 0.000000 -0.088090
vn 0.047330 0.000000 -0.088090
vn 0.024403 0.000000 -0.096977
vn 0.024403 0.000000 -0.096977
vn 0.000000 0.000000 -0.100000
vn 0.000000 0.000000 -0.100000
vn 0.070040 -0.000000 0.071375
vn 0.070040 -0.000000 0.071375
vn 0.076786 -0.000000 0.064062
vn 0.076786 -0.000000 0.064062
vn 0.082771 -0.000000 0.056115
vn 0.082771 -0.000000 0.056115
vn 0.087938 -0.000000 0.047613
vn 0.087938 -0.000000 0.047613
vn 0.092234 -0.000000 0.038639
vn 0.092234 -0.000000 0.038639
vn 0.095617 -0.000000 0.029283
vn 0.095617 -0.000000 0.029283
vn 0.098053 -0.000000 0.019637
vn 0.098053 -0.000000 0.019637
vn 0.099519 -0.000000 0.009796
vn 0.099519 -0.000000 0.009796
vn 0.100000 0.000000 -0.000141
vn 0.100000 0.000000 -0.000141
vn 0.099491 0.000000 -0.010077
vn 0.099491 0.000000 -0.010077
vn 0.097997 0.000000 -0.019913
vn 0.097997 0.000000 -0.019913
vn 0.095533 0.000000 -0.029553
vn 0.095533 0.000000 -0.029553
vn 0.092124 0.000000 -0.038899
vn 0.092124 0.000000 -0.038899
vn 0.087803 0.000000 -0.047861
vn 0.087803 0.000000 -0.047861
vn 0.082613 0.000000 -0.056349
vn 0.082613 0.000000 -0.056349
vn 0.076604 0.000000 -0.064279
vn 0.076604 0.000000 -0.064279
vn 0.000000 0.000000 0.100000
vn 0.000000 0.000000 0.100000
vn 0.024944 -0.000000 0.096839
vn 0.024944 -0.000000 0.096839
vn 0.048311 -0.000000 0.087556
vn 0.048311 -0.000000 0.087556
vn 0.068624 -0.000000 0.072737
vn 0.068624 -0.000000 0.072737
vn 0.084599 -0.000000 0.053320
vn 0.084599 -0.000000 0.053320
vn 0.095225 -0.000000 0.030533
vn 0.095225 -0.000000 0.030533
vn 0.099831 -0.000000 0.005814
vn 0.099831 -0.000000 0.005814
vn 0.098126 0.000000 -0.019271
vn 0.098126 0.000000 -0.019271
vn 0.090217 0.000000 -0.043139
vn 0.090217 0.000000 -0.043139
vn 0.076604 0.000000 -0.064279
vn 0.076604 0.000000 -0.064279
vn 0.000000 0.000000 -0.100000
vn -0.024634 0.000000 -0.096918
vn 0.000000 0.000000 -0.100000
vn -0.024634 0.000000 -0.096918
vn -0.024634 0.000000 -0.096918
vn -0.047749 0.000000 -0.087864
vn -0.047749 0.000000 -0.087864
vn -0.067922 0.000000 -0.073393
vn -0.067922 0.000000 -0.073393
vn -0.083908 0.000000 -0.054400
vn -0.083908 0.000000 -0.054400
vn -0.094724 0.000000 -0.032054
vn -0.094724 0.000000 -0.032054
vn -0.099701 0.000000 -0.007732
vn -0.099701 0.000000 -0.007732
vn -0.098533 0.000000 0.017066
vn -0.098533 0.000000 0.017066
vn -0.091293 0.000000 0.040813
vn -0.091293 0.000000 0.040813
vn -0.078426 0.000000 0.062044
vn -0.091293 0.000000 0.040813
vn -0.091293 0.000000 0.040813
vn -0.098533 0.000000 0.017066
vn -0.098533 0.000000 0.017066
vn -0.099701 0.000000 -0.007732
vn -0.099701 0.000000 -0.007732
vn -0.094724 0.000000 -0.032054
vn -0.094724 0.000000 -0.032054
vn -0.083908 0.000000 -0.054400
vn -0.083908 0.000000 -0.054400
vn -0.067922 0.000000 -0.073393
vn -0.067922 0.000000 -0.073393
vn -0.047749 0.000000 -0.087864
vn -0.047749 0.000000 -0.087864
vn -0.024634 0.000000 -0.096918
vn -0.024634 0.000000 -0.096918
vn -0.024634 0.000000 -0.096918
vn -0.024634 0.000000 -0.096918
vn -0.047749 0.000000 -0.087864
vn -0.047749 0.000000 -0.087864
vn -0.067922 0.000000 -0.073393
vn -0.067922 0.000000 -0.073393
vn -0.083908 0.000000 -0.054400
vn -0.083908 0.000000 -0.054400
vn -0.094724 0.000000 -0.032054
vn -0.094724 0.000000 -0.032054
vn -0.099701 0.000000 -0.007732
vn -0.067922 0.000000 -0.073393
vn -0.083908 0.000000 -0.054400
vn -0.094724 0.000000 -0.032054
vn -0.099701 0.000000 -0.007732
vn -0.098533 0.000000 0.017066
vn -0.091293 0.000000 0.040813
vn -0.083908 0.000000 -0.054400
vn -0.094724 0.000000 -0.032054
vn -0.099701 0.000000 -0.007732
vn -0.098533 0.000000 0.017066
vn -0.091293 0.000000 0.040813
vn -0.094724 0.000000 -0.032054
vn -0.099701 0.000000 -0.007732
vn -0.098533 0.000000 0.017066
vn -0.091293 0.000000 0.040813
vn -0.078426 0.000000 0.062044
vn -0.099701 0.000000 -0.007732
vn -0.098533 0.000000 0.017066
vn -0.091293 0.000000 0.040813
vn -0.098533 0.000000 0.017066
vn -0.091293 0.000000 0.040813
vn -0.091293 0.000000 0.040813
vn -0.047749 0.000000 -0.087864
vn -0.024634 0.000000 -0.096918
vn -0.024634 0.000000 -0.096918
vn -0.047749 0.000000 -0.087864
vn -0.024634 0.000000 -0.096918
vn -0.047749 0.000000 -0.087864
vn -0.047749 0.000000 -0.087864
vn -0.067922 0.000000 -0.073393
vn -0.067922 0.000000 -0.073393
vn -0.083908 0.000000 -0.054400
vn -0.094724 0.000000 -0.032054
vn -0.099701 0.000000 -0.007732
vn -0.098533 0.000000 0.017066
vn -0.067922 0.000000 -0.073393
vn -0.083908 0.000000 -0.054400
vn 0.000000 0.000000 -0.100000
vn 0.000000 0.000000 -0.100000
vn 0.000000 0.000000 -0.100000
vn 0.000000 0.000000 -0.100000
vn 0.000000 0.000000 -0.100000
vn 0.000000 0.000000 -0.100000
vn -0.000000 0.000000 0.100000
vn -0.000000 0.000000 0.100000
vn -0.024877 0.000000 0.096856
vn -0.024877 0.000000 0.096856
vn -0.048190 0.000000 0.087622
vn -0.048190 0.000000 0.087622
vn -0.068474 0.000000 0.072879
vn -0.068474 0.000000 0.072879
vn -0.084451 0.000000 0.053554
vn -0.084451 0.000000 0.053554
vn -0.095119 0.000000 0.030861
vn -0.095119 0.000000 0.030861
vn -0.099806 0.000000 0.006227
vn -0.099806 0.000000 0.006227
vn -0.098217 0.000000 -0.018797
vn -0.098217 0.000000 -0.018797
vn -0.090453 0.000000 -0.042640
vn -0.090453 0.000000 -0.042640
vn -0.077002 0.000000 -0.063802
vn -0.077002 0.000000 -0.063802
vn -0.058709 0.000000 -0.080952
vn -0.058709 0.000000 -0.080952
vn -0.065978 0.000000 -0.075146
vn -0.065978 0.000000 -0.075146
vn -0.072677 0.000000 -0.068688
vn -0.072677 0.000000 -0.068688
vn -0.078746 0.000000 -0.061636
vn -0.078746 0.000000 -0.061636
vn -0.084134 0.000000 -0.054051
vn -0.084134 0.000000 -0.054051
vn -0.088793 0.000000 -0.045998
vn -0.088793 0.000000 -0.045998
vn -0.092684 0.000000 -0.037546
vn -0.092684 0.000000 -0.037546
vn -0.095772 0.000000 -0.028769
vn -0.095772 0.000000 -0.028769
vn -0.098032 0.000000 -0.019744
vn -0.098032 0.000000 -0.019744
vn -0.099442 0.000000 -0.010547
vn -0.099442 0.000000 -0.010547
vn 0.000000 0.100000 0.000000
vn 0.000000 0.100000 0.000000
vn 0.000000 0.100000 0.000000
vn 0.000000 0.100000 0.000000
vn 0.000000 0.100000 0.000000
vn 0.000000 0.100000 0.000000
vn 0.000000 0.100000 0.000000
vn 0.000000 0.100000 0.000000
vn 0.000000 0.100000 0.000000
vn 0.000000 0.100000 0.000000
vn 0.000000 0.100000 0.000000
vn 0.000000 0.100000 0.000000
vn 0.000000 0.100000 0.000000
vn 0.000000 0.100000 0.000000
vn 0.000000 0.100000 0.000000
vn 0.000000 0.100000 0.000000
vn 0.000000 0.100000 0.000000
vn 0.000000 0.100000 0.000000
vn 0.000000 0.100000 0.000000
vn 0.000000 0.100000 0.000000
vn 0.000000 0.100000 0.000000
vn 0.000000 0.100000 0.000000
vn 0.000000 0.100000 0.000000
vn 0.000000 0.100000 0.000000
vn 0.000000 0.100000 0.000000
vn 0.000000 0.100000 0.000000
vn 0.000000 0.100000 0.000000
vn 0.000000 0.100000 0.000000
vn 0.000000 0.100000 0.000000
vn 0.000000 0.100000 0.000000
vn 0.000000 0.100000 0.000000
vn 0.000000 0.100000 0.000000
vn 0.000000 0.100000 0.000000
vn 0.000000 0.100000 0.000000
vn 0.000000 0.100000 0.000000
vn 0.000000 0.100000 0.000000
vn 0.000000 0.100000 0.000000
vn 0.000000 0.100000 0.000000
vn 0.000000 0.100000 0.000000
vn 0.000000 0.100000 0.000000
vn 0.000000 0.100000 0.000000
vn 0.000000 0.100000 0.000000
vn 0.000000 0.100000 0.000000
vn 0.000000 0.100000 0.000000
vn 0.000000 0.100000 0.000000
vn 0.000000 0.100000 0.000000
vn 0.000000 0.100000 0.000000
vn 0.000000 0.100000 0.000000
vn 0.000000 0.100000 0.000000
vn 0.000000 0.100000 0.000000
vn 0.000000 0.100000 0.000000
vn 0.000000 0.100000 0.000000
vn 0.000000 0.100000 0.000000
vn 0.000000 0.100000 0.000000
vn 0.000000 0.100000 0.000000
vn 0.000000 0.100000 0.000000
vn 0.000000 0.100000 0.000000
vn 0.000000 0.100000 0.000000
vn 0.000000 0.100000 0.000000
vn 0.000000 0.100000 0.000000
vn 0.000000 0.100000 0.000000
vn 0.000000 0.100000 0.000000
vn 0.000000 0.100000 0.000000
vn 0.000000 0.100000 0.000000
vn 0.000000 0.100000 0.000000
vn 0.000000 0.100000 0.000000
vn 0.000000 0.100000 0.000000
vn 0.000000 0.100000 0.000000
vn 0.000000 0.100000 0.000000
vn 0.000000 0.100000 0.000000
vn 0.000000 0.100000 0.000000
vn 0.000000 0.100000 0.000000
vn 0.000000 0.100000 0.000000
vn 0.000000 0.100000 0.000000
vn 0.000000 0.100000 0.000000
vn 0.000000 0.100000 0.000000
vn 0.000000 0.100000 0.000000
vn 0.000000 0.100000 0.000000
vn 0.000000 0.100000 0.000000
vn 0.000000 0.100000 0.000000
vn 0.000000 0.100000 0.000000
vn 0.000000 0.100000 0.000000
vn 0.060971 -0.079262 0.000000
vn 0.060971 -0.079262 0.000000
vn 0.060971 -0.079262 0.000000
vn 0.060971 -0.079262 0.000000
vn 0.060971 -0.079262 0.000000
vn 0.060971 -0.079262 0.000000
vn 0.060971 -0.079262 0.000000
vn 0.060971 -0.079262 0.000000
vn 0.060971 -0.079262 0.000000
vn 0.060971 -0.079262 0.000000
vn 0.060971 -0.079262 0.000000
vn 0.060971 -0.079262 0.000000
vn 0.060971 -0.079262 0.000000
vn 0.060971 -0.079262 0.000000
vn 0.060971 -0.079262 0.000000
vn 0.060971 -0.079262 0.000000
vn 0.060971 -0.079262 0.000000
vn 0.060971 -0.079262 0.000000
vn 0.060971 -0.079262 0.000000
vn 0.060971 -0.079262 0.000000
vn 0.060971 -0.079262 0.000000
vn 0.060971 -0.079262 0.000000
vn 0.060971 -0.079262 0.000000
vn 0.060971 -0.079262 0.000000
vn 0.060971 -0.079262 0.000000
vn 0.060971 -0.079262 0.000000
vn 0.060971 -0.079262 0.000000
vn 0.060971 -0.079262 0.000000
vn 0.060971 -0.079262 0.000000
vn 0.060971 -0.079262 0.000000
vn 0.060971 -0.079262 0.000000
vn 0.060971 -0.079262 0.000000
vn 0.060971 -0.079262 0.000000
vn 0.069636 0.070711 0.012279
vn 0.069795 0.070711 0.011343
vn 0.070711 0.070711 0.000000
vn 0.070711 0.070711 0.000000
vn 0.069795 0.070711 -0.011343
vn 0.067072 0.070711 0.022392
vn 0.066446 0.070711 0.024184
vn 0.062611 0.070711 0.032861
vn 0.061237 0.070711 0.035355
vn 0.056529 0.070711 0.042479
vn 0.054168 0.070711 0.045452
vn 0.048983 0.070711 0.050997
vn 0.045452 0.070711 0.054168
vn 0.040168 0.070711 0.058194
vn 0.035355 0.070711 0.061237
vn 0.030313 0.070711 0.063884
vn 0.024184 0.070711 0.066446
vn 0.019673 0.070711 0.067919
vn 0.012279 0.070711 0.069636
vn 0.008523 0.070711 0.070195
vn -0.000000 0.070711 0.070711
vn -0.002847 0.070711 0.070653
vn -0.012279 0.070711 0.069636
vn -0.014144 0.070711 0.069282
vn -0.024184 0.070711 0.066446
vn -0.025074 0.070711 0.066116
vn -0.035355 0.070711 0.061237
vn -0.035355 0.070711 0.061237
vn -0.044721 0.070711 0.054773
vn -0.045452 0.070711 0.054168
vn -0.052928 0.070711 0.046890
vn -0.054168 0.070711 0.045452
vn -0.059764 0.070711 0.037792
vn -0.061237 0.070711 0.035355
vn -0.065052 0.070711 0.027716
vn -0.066446 0.070711 0.024184
vn -0.068656 0.070711 0.016922
vn -0.069636 0.070711 0.012279
vn -0.070481 0.070711 0.005690
vn -0.070711 0.070711 0.000000
vn -0.070481 0.070711 -0.005690
vn -0.069636 0.070711 -0.012279
vn -0.068656 0.070711 -0.016922
vn -0.066446 0.070711 -0.024184
vn -0.065052 0.070711 -0.027716
vn -0.061237 0.070711 -0.035355
vn -0.059764 0.070711 -0.037792
vn -0.054168 0.070711 -0.045452
vn -0.052928 0.070711 -0.046890
vn -0.045452 0.070711 -0.054168
vn -0.044721 0.070711 -0.054773
vn -0.035355 0.070711 -0.061237
vn -0.035355 0.070711 -0.061237
vn -0.025074 0.070711 -0.066116
vn -0.024184 0.070711 -0.066446
vn -0.014144 0.070711 -0.069282
vn -0.012279 0.070711 -0.069636
vn -0.002847 0.070711 -0.070653
vn -0.000000 0.070711 -0.070711
vn 0.008523 0.070711 -0.070195
vn 0.012279 0.070711 -0.069636
vn 0.019673 0.070711 -0.067919
vn 0.024184 0.070711 -0.066446
vn 0.030313 0.070711 -0.063884
vn 0.035355 0.070711 -0.061237
vn 0.040168 0.070711 -0.058194
vn 0.045452 0.070711 -0.054168
vn 0.048983 0.070711 -0.050997
vn 0.054168 0.070711 -0.045452
vn 0.056529 0.070711 -0.042479
vn 0.061237 0.070711 -0.035355
vn 0.062611 0.070711 -0.032861
vn 0.066446 0.070711 -0.024184
vn 0.067072 0.070711 -0.022392
vn 0.069636 0.070711 -0.012279
vn 0.000000 0.100000 0.000000
vn 0.000000 0.100000 0.000000
vn 0.000000 0.100000 0.000000
vn 0.000000 0.100000 0.000000
vn 0.000000 0.100000 0.000000
vn 0.000000 0.100000 0.000000
vn 0.000000 0.100000 0.000000
vn 0.000000 0.100000 0.000000
vn 0.000000 0.100000 0.000000
vn 0.000000 0.100000 0.000000
vn 0.000000 0.100000 0.000000
vn 0.000000 0.100000 0.000000
vn 0.000000 0.100000 0.000000
vn 0.000000 0.100000 0.000000
vn 0.000000 0.100000 0.000000
vn 0.000000 0.100000 0.000000
vn 0.000000 0.100000 0.000000
vn 0.000000 0.100000 0.000000
vn 0.000000 0.100000 0.000000
vn 0.000000 0.100000 0.000000
vn 0.000000 0.100000 0.000000
vn 0.000000 0.100000 0.000000
vn 0.000000 0.100000 0.000000
vn 0.000000 0.100000 0.000000
vn 0.000000 0.100000 0.000000
vn 0.000000 0.100000 0.000000
vn 0.000000 0.100000 0.000000
vn 0.000000 0.100000 0.000000
vn 0.000000 0.100000 0.000000
vn 0.000000 0.100000 0.000000
vn 0.000000 0.100000 0.000000
vn 0.000000 0.100000 0.000000
vn 0.000000 0.100000 0.000000
vn 0.000000 0.100000 0.000000
vn 0.000000 0.100000 0.000000
vn 0.000000 0.100000 0.000000
vn 0.000000 0.100000 0.000000
vn 0.000000 0.100000 0.000000
vn 0.000000 0.100000 0.000000
vn 0.000000 0.100000 0.000000
vn 0.000000 0.100000 0.000000
vn 0.000000 0.100000 0.000000
vn 0.000000 0.100000 0.000000
vn 0.000000 0.100000 0.000000
vn 0.000000 0.100000 0.000000
vn 0.000000 0.100000 0.000000
vn 0.000000 0.100000 0.000000
vn 0.000000 0.100000 0.000000
vn 0.000000 0.100000 0.000000
vn 0.000000 0.100000 0.000000
vn 0.000000 0.100000 0.000000
vn 0.000000 0.100000 0.000000
vn 0.000000 0.100000 0.000000
vn 0.000000 0.100000 0.000000
vn 0.000000 0.100000 0.000000
vn 0.000000 0.100000 0.000000
vn 0.000000 0.100000 0.000000
vn 0.000000 0.100000 0.000000
vn 0.000000 0.100000 0.000000
vn 0.000000 0.100000 0.000000
vn 0.000000 0.100000 0.000000
vn 0.000000 0.100000 0.000000
vn 0.000000 0.100000 0.000000
vn 0.000000 0.100000 0.000000
vn 0.000000 0.100000 0.000000
vn 0.000000 0.100000 0.000000
vn 0.000000 0.100000 0.000000
vn 0.000000 0.100000 0.000000
vn 0.000000 0.100000 0.000000
vn 0.000000 0.100000 0.000000
vn 0.000000 0.100000 0.000000
vn 0.000000 0.100000 0.000000
vn 0.000000 0.100000 0.000000
vn 0.000000 0.100000 0.000000
vn 0.000000 0.100000 0.000000
vn 0.000000 0.100000 0.000000
vn 0.000000 0.100000 0.000000
vn 0.000000 0.100000 0.000000
vn 0.000000 0.100000 0.000000
vn 0.000000 0.100000 0.000000
vn 0.000000 0.100000 0.000000
vn 0.000000 0.100000 0.000000
vn 0.000000 0.100000 0.000000
vn 0.000000 0.100000 0.000000
vn 0.000000 0.100000 0.000000
vn 0.000000 0.100000 0.000000
vn 0.000000 0.100000 0.000000
vn 0.000000 0.100000 0.000000
vn 0.000000 0.100000 0.000000
vn 0.000000 0.100000 0.000000
vn 0.000000 0.100000 0.000000
vn 0.000000 0.100000 0.000000
vn 0.000000 0.100000 0.000000
vn 0.000000 0.100000 0.000000
vn 0.000000 0.100000 0.000000
vn 0.000000 0.100000 0.000000
vn 0.000000 0.100000 0.000000
vn 0.000000 0.100000 0.000000
vn 0.000000 0.100000 0.000000
vn 0.000000 0.100000 0.000000
vn 0.000000 0.100000 0.000000
vn 0.000000 0.100000 0.000000
vn 0.000000 0.100000 0.000000
vn 0.000000 0.100000 0.000000
vn 0.000000 0.100000 0.000000
vn 0.000000 0.100000 0.000000
vn 0.000000 0.100000 0.000000
vn 0.000000 0.100000 0.000000
vn 0.000000 0.100000 0.000000
vn 0.000000 0.100000 0.000000
vn 0.000000 0.100000 0.000000
vn 0.000000 0.100000 0.000000
vn 0.000000 0.100000 0.000000
vn 0.000000 0.100000 0.000000
vn 0.000000 0.100000 0.000000
vn 0.098481 -0.000000 0.017365
vn 0.098481 -0.000000 0.017365
vn 0.100000 -0.000000 0.000000
vn 0.100000 -0.000000 0.000000
vn 0.098481 0.000000 -0.017365
vn 0.098481 0.000000 -0.017365
vn 0.093969 0.000000 -0.034202
vn 0.093969 0.000000 -0.034202
vn 0.086603 0.000000 -0.050000
vn 0.086603 0.000000 -0.050000
vn 0.076604 0.000000 -0.064279
vn 0.076604 0.000000 -0.064279
vn 0.064279 0.000000 -0.076604
vn 0.064279 0.000000 -0.076604
vn 0.050000 0.000000 -0.086603
vn 0.050000 0.000000 -0.086603
vn 0.034202 0.000000 -0.093969
vn 0.034202 0.000000 -0.093969
vn 0.017365 0.000000 -0.098481
vn 0.017365 0.000000 -0.098481
vn -0.000000 0.000000 -0.100000
vn -0.000000 0.000000 -0.100000
vn -0.017365 0.000000 -0.098481
vn -0.017365 0.000000 -0.098481
vn -0.034202 0.000000 -0.093969
vn -0.034202 0.000000 -0.093969
vn -0.050000 0.000000 -0.086603
vn -0.050000 0.000000 -0.086603
vn -0.064279 0.000000 -0.076604
vn -0.064279 0.000000 -0.076604
vn -0.076604 0.000000 -0.064279
vn -0.076604 0.000000 -0.064279
vn -0.086603 0.000000 -0.050000
vn -0.086603 0.000000 -0.050000
vn -0.093969 0.000000 -0.034202
vn -0.093969 0.000000 -0.034202
vn -0.098481 0.000000 -0.017365
vn -0.098481 0.000000 -0.017365
vn -0.100000 0.000000 0.000000
vn -0.100000 0.000000 0.000000
vn -0.098481 0.000000 0.017365
vn -0.098481 0.000000 0.017365
vn -0.093969 0.000000 0.034202
vn -0.093969 0.000000 0.034202
vn -0.086603 0.000000 0.050000
vn -0.086603 0.000000 0.050000
vn -0.076604 0.000000 0.064279
vn -0.076604 0.000000 0.064279
vn -0.064279 0.000000 0.076604
vn -0.064279 0.000000 0.076604
vn -0.050000 0.000000 0.086603
vn -0.050000 0.000000 0.086603
vn -0.034202 0.000000 0.093969
vn -0.034202 0.000000 0.093969
vn -0.017365 0.000000 0.098481
vn -0.017365 0.000000 0.098481
vn -0.000000 0.000000 0.100000
vn -0.000000 0.000000 0.100000
vn 0.017365 -0.000000 0.098481
vn 0.017365 -0.000000 0.098481
vn 0.034202 -0.000000 0.093969
vn 0.034202 -0.000000 0.093969
vn 0.050000 -0.000000 0.086603
vn 0.050000 -0.000000 0.086603
vn 0.064279 -0.000000 0.076604
vn 0.064279 -0.000000 0.076604
vn 0.076604 -0.000000 0.064279
vn 0.076604 -0.000000 0.064279
vn 0.086603 -0.000000 0.050000
vn 0.086603 -0.000000 0.050000
vn 0.093969 -0.000000 0.034202
vn 0.093969 -0.000000 0.034202
vn -0.047554 0.000000 0.087969
vn -0.055557 0.000000 0.083147
vn -0.059184 0.000000 0.080606
vn -0.070711 0.000000 0.070711
vn -0.073171 0.000000 0.068162
vn -0.083147 0.000000 0.055557
vn -0.084594 0.000000 0.053328
vn -0.092388 0.000000 0.038268
vn -0.093051 0.000000 0.036626
vn -0.098079 0.000000 0.019509
vn -0.098247 0.000000 0.018640
vn -0.100000 0.000000 0.000000
vn -0.100000 0.000000 0.000000
vn -0.098247 0.000000 -0.018640
vn -0.098079 0.000000 -0.019509
vn -0.093051 0.000000 -0.036626
vn -0.092388 0.000000 -0.038268
vn -0.084594 0.000000 -0.053328
vn -0.083147 0.000000 -0.055557
vn -0.073171 0.000000 -0.068162
vn -0.070711 0.000000 -0.070711
vn -0.059184 0.000000 -0.080606
vn -0.055557 0.000000 -0.083147
vn -0.047554 0.000000 -0.087969
vn -0.038268 0.000000 -0.092388
vn -0.035023 0.000000 -0.093666
vn -0.019509 0.000000 -0.098079
vn -0.021829 0.000000 -0.097588
vn -0.008221 0.000000 -0.099662
vn 0.000000 0.000000 -0.100000
vn 0.005543 0.000000 -0.099846
vn 0.019509 0.000000 -0.098079
vn 0.019201 0.000000 -0.098139
vn 0.032496 0.000000 -0.094573
vn 0.038268 0.000000 -0.092388
vn 0.045175 0.000000 -0.089214
vn 0.055557 0.000000 -0.083147
vn 0.056999 0.000000 -0.082165
vn 0.067742 0.000000 -0.073560
vn 0.070711 0.000000 -0.070711
vn 0.077201 0.000000 -0.063560
vn 0.083147 0.000000 -0.055557
vn 0.085198 0.000000 -0.052357
vn 0.092388 0.000000 -0.038268
vn 0.091581 0.000000 -0.040161
vn 0.096228 0.000000 -0.027204
vn 0.098079 0.000000 -0.019509
vn 0.099053 0.000000 -0.013732
vn 0.100000 0.000000 0.000000
vn -0.038268 0.000000 0.092388
vn -0.035023 0.000000 0.093666
vn -0.021829 0.000000 0.097588
vn -0.019509 0.000000 0.098079
vn -0.008221 0.000000 0.099662
vn 0.000000 0.000000 0.100000
vn 0.005543 0.000000 0.099846
vn 0.019509 0.000000 0.098079
vn 0.019201 0.000000 0.098139
vn 0.032496 0.000000 0.094573
vn 0.038268 0.000000 0.092388
vn 0.045175 0.000000 0.089214
vn 0.055557 0.000000 0.083147
vn 0.056999 0.000000 0.082165
vn 0.067742 0.000000 0.073560
vn 0.070711 0.000000 0.070711
vn 0.077201 0.000000 0.063560
vn 0.083147 0.000000 0.055557
vn 0.085198 0.000000 0.052357
vn 0.091581 0.000000 0.040161
vn 0.092388 0.000000 0.038268
vn 0.096228 0.000000 0.027204
vn 0.098079 0.000000 0.019509
vn 0.099053 0.000000 0.013732
vn 0.000000 -0.100000 0.000000
vn 0.000000 -0.100000 0.000000
vn 0.000000 -0.100000 0.000000
vn 0.000000 -0.100000 0.000000
vn 0.000000 -0.100000 0.000000
vn 0.000000 -0.100000 0.000000
vn 0.000000 -0.100000 0.000000
vn 0.000000 -0.100000 0.000000
vn 0.000000 -0.100000 0.000000
vn 0.000000 -0.100000 0.000000
vn 0.000000 -0.100000 0.000000
vn -0.000000 0.000000 -0.100000
vn -0.000000 0.000000 -0.100000
vn -0.000000 0.000000 -0.100000
vn -0.000000 0.000000 -0.100000
vn 0.100000 0.000000 -0.000000
vn 0.100000 0.000000 -0.000000
vn 0.100000 0.000000 -0.000000
vn 0.100000 0.000000 -0.000000
vn 0.100000 0.000000 -0.000000
vn 0.100000 0.000000 -0.000000
vn 0.100000 0.000000 -0.000000
vn 0.100000 0.000000 -0.000000
vn -0.100000 0.000000 -0.000000
vn -0.100000 0.000000 -0.000000
vn -0.100000 0.000000 -0.000000
vn -0.100000 0.000000 -0.000000
vn -0.100000 0.000000 -0.000000
vn -0.100000 0.000000 -0.000000
vn -0.100000 0.000000 -0.000000
vn -0.100000 0.000000 -0.000000
vn -0.000000 0.000000 0.100000
vn -0.000000 0.000000 0.100000
vn 0.009753 -0.000000 0.099523
vn 0.009753 -0.000000 0.099523
vn 0.019414 -0.000000 0.098097
vn 0.019414 -0.000000 0.098097
vn 0.028889 -0.000000 0.095736
vn 0.028889 -0.000000 0.095736
vn 0.038089 -0.000000 0.092462
vn 0.038089 -0.000000 0.092462
vn 0.046925 -0.000000 0.088306
vn 0.046925 -0.000000 0.088306
vn 0.055315 -0.000000 0.083308
vn 0.055315 -0.000000 0.083308
vn 0.063176 -0.000000 0.077516
vn 0.063176 -0.000000 0.077516
vn 0.070435 -0.000000 0.070985
vn 0.070435 -0.000000 0.070985
vn 0.077023 -0.000000 0.063777
vn 0.077023 -0.000000 0.063777
vn 0.082876 -0.000000 0.055960
vn 0.082876 -0.000000 0.055960
vn 0.087939 -0.000000 0.047610
vn 0.087939 -0.000000 0.047610
vn 0.092163 -0.000000 0.038806
vn 0.092163 -0.000000 0.038806
vn 0.095509 -0.000000 0.029632
vn 0.095509 -0.000000 0.029632
vn 0.097944 -0.000000 0.020175
vn 0.097944 -0.000000 0.020175
vn 0.099444 -0.000000 0.010526
vn 0.099444 -0.000000 0.010526
vn 0.044757 0.000000 -0.089425
vn 0.038711 0.000000 -0.092203
vn 0.029373 0.000000 -0.095589
vn 0.029373 0.000000 -0.095589
vn 0.019744 0.000000 -0.098031
vn 0.019744 0.000000 -0.098031
vn 0.009921 0.000000 -0.099507
vn 0.009921 0.000000 -0.099507
vn -0.000000 0.000000 -0.100000
vn 0.009921 0.000000 -0.099507
vn -0.000000 0.000000 -0.100000
vn 0.009921 0.000000 -0.099507
vn 0.019744 0.000000 -0.098031
vn 0.047668 0.000000 -0.087908
vn 0.052278 0.000000 -0.085247
vn 0.056154 0.000000 -0.082745
vn 0.059412 0.000000 -0.080437
vn 0.064086 0.000000 -0.076765
vn 0.066107 0.000000 -0.075033
vn 0.071386 0.000000 -0.070029
vn 0.072312 0.000000 -0.069072
vn 0.077982 0.000000 -0.062601
vn 0.077982 0.000000 -0.062601
vn 0.019744 0.000000 -0.098031
vn 0.029373 0.000000 -0.095589
vn 0.029373 0.000000 -0.095589
vn 0.038711 0.000000 -0.092203
vn 0.044757 0.000000 -0.089425
vn 0.047668 0.000000 -0.087908
vn 0.052278 0.000000 -0.085247
vn 0.056154 0.000000 -0.082745
vn 0.059412 0.000000 -0.080437
vn 0.064086 0.000000 -0.076765
vn 0.066107 0.000000 -0.075033
vn 0.071386 0.000000 -0.070029
vn 0.072312 0.000000 -0.069072
vn 0.077982 0.000000 -0.062601
vn 0.077982 0.000000 -0.062601
vn 0.077982 0.000000 -0.062601
vn 0.077982 0.000000 -0.062601
vn 0.077982 0.000000 -0.062601
vn 0.077982 0.000000 -0.062601
vn -0.000000 0.000000 0.100000
vn -0.000000 0.000000 0.100000
vn 0.024710 -0.000000 0.096899
vn 0.024710 -0.000000 0.096899
vn 0.047888 -0.000000 0.087788
vn 0.047888 -0.000000 0.087788
vn 0.068096 -0.000000 0.073232
vn 0.068096 -0.000000 0.073232
vn 0.084080 -0.000000 0.054134
vn 0.084080 -0.000000 0.054134
vn 0.094850 -0.000000 0.031679
vn 0.094850 -0.000000 0.031679
vn 0.099736 -0.000000 0.007259
vn 0.099736 -0.000000 0.007259
vn 0.098437 0.000000 -0.017612
vn 0.098437 0.000000 -0.017612
vn 0.091032 0.000000 -0.041390
vn 0.091032 0.000000 -0.041390
vn 0.077982 0.000000 -0.062601
vn 0.077982 0.000000 -0.062601
vn 0.000000 -0.000000 0.100000
vn 0.000000 -0.000000 0.100000
vn 0.000000 -0.000000 0.100000
vn 0.000000 -0.000000 0.100000
vn 0.000000 -0.100000 0.000000
vn 0.000000 -0.100000 0.000000
vn 0.000000 -0.100000 0.000000
vn 0.000000 -0.100000 0.000000
vn 0.000000 -0.100000 0.000000
vn 0.000000 -0.100000 0.000000
vn 0.000000 -0.100000 0.000000
vn 0.000000 -0.100000 0.000000
vn 0.000000 -0.100000 0.000000
vn 0.000000 -0.100000 0.000000
vn 0.000000 -0.100000 0.000000
vn 0.000000 -0.100000 0.000000
vn 0.000000 -0.100000 0.000000
vn 0.000000 -0.100000 0.000000
vn 0.000000 -0.100000 0.000000
vn 0.000000 -0.100000 0.000000
vn 0.000000 -0.100000 0.000000
vn 0.000000 -0.100000 0.000000
vn 0.000000 -0.100000 0.000000
vn 0.000000 -0.100000 0.000000
vn 0.000000 -0.100000 0.000000
vn 0.000000 -0.100000 0.000000
vn 0.000000 -0.100000 0.000000
vn 0.000000 -0.100000 0.000000
vn 0.000000 -0.100000 0.000000
vn 0.000000 -0.100000 0.000000
vn 0.000000 -0.100000 0.000000
vn 0.000000 -0.100000 0.000000
vn 0.000000 -0.100000 0.000000
vn 0.000000 -0.100000 0.000000
vn 0.000000 -0.100000 0.000000
vn 0.000000 -0.100000 0.000000
vn 0.000000 -0.100000 0.000000
vn 0.000000 -0.100000 0.000000
vn 0.000000 -0.100000 0.000000
vn 0.000000 -0.100000 0.000000
vn 0.000000 -0.100000 0.000000
vn 0.000000 -0.100000 0.000000
vn 0.000000 -0.100000 0.000000
vn 0.000000 -0.100000 0.000000
vn 0.000000 -0.100000 0.000000
vn 0.000000 -0.100000 0.000000
vn 0.000000 -0.100000 0.000000
vn 0.000000 -0.100000 0.000000
vn 0.000000 -0.100000 0.000000
vn 0.000000 -0.100000 0.000000
vn 0.000000 -0.100000 0.000000
vn 0.000000 -0.100000 0.000000
vn 0.000000 -0.100000 0.000000
vn 0.000000 -0.100000 0.000000
vn 0.000000 -0.100000 0.000000
vn 0.000000 -0.100000 0.000000
vn 0.000000 -0.100000 0.000000
vn 0.000000 -0.100000 0.000000
vn 0.000000 -0.100000 0.000000
vn 0.000000 -0.100000 0.000000
vn 0.000000 -0.100000 0.000000
vn 0.000000 -0.100000 0.000000
vn 0.000000 -0.100000 0.000000
vn 0.000000 -0.100000 0.000000
vn 0.000000 -0.100000 0.000000
vn 0.000000 -0.100000 0.000000
vn 0.000000 -0.100000 0.000000
vn 0.000000 -0.100000 0.000000
vn 0.000000 -0.100000 0.000000
vn 0.000000 -0.100000 0.000000
vn 0.000000 -0.100000 0.000000
vn 0.000000 -0.100000 0.000000
vn 0.000000 -0.100000 0.000000
vn 0.000000 -0.100000 0.000000
vn 0.000000 -0.100000 0.000000
vn 0.000000 -0.100000 0.000000
vn 0.000000 -0.100000 0.000000
vn 0.000000 -0.100000 0.000000
vn 0.000000 -0.100000 0.000000
vn 0.000000 -0.100000 0.000000
vn 0.000000 -0.100000 0.000000
vn 0.000000 -0.100000 0.000000
vn 0.000000 -0.100000 0.000000
vn 0.000000 -0.100000 0.000000
vn 0.000000 -0.100000 0.000000
vn 0.000000 -0.100000 0.000000
vn 0.000000 -0.100000 0.000000
vn 0.000000 -0.100000 0.000000
vn 0.000000 -0.100000 0.000000
vn 0.000000 -0.100000 0.000000
vn 0.000000 -0.100000 0.000000
vn 0.000000 -0.100000 0.000000
vn 0.000000 -0.100000 0.000000
vn 0.000000 -0.100000 0.000000
vn 0.000000 -0.100000 0.000000
vn 0.000000 -0.100000 0.000000
vn 0.000000 -0.100000 0.000000
vn 0.000000 -0.100000 0.000000
vn 0.000000 -0.100000 0.000000
vn 0.000000 -0.100000 0.000000
vn 0.000000 -0.100000 0.000000
vn 0.000000 -0.100000 0.000000
vn 0.000000 -0.100000 0.000000
vn 0.000000 -0.100000 0.000000
vn 0.000000 -0.100000 0.000000
vn 0.000000 -0.100000 0.000000
vn 0.000000 -0.100000 0.000000
vn 0.000000 -0.100000 0.000000
vn 0.000000 -0.100000 0.000000
vn 0.000000 0.000000 -0.100000
vn 0.000000 0.000000 -0.100000
vn 0.000000 0.000000 -0.100000
vn 0.000000 0.000000 -0.100000
vn -0.100000 0.000000 -0.000017
vn -0.100000 0.000000 -0.000017
vn -0.096589 0.000000 -0.025896
vn -0.096589 0.000000 -0.025896
vn -0.086597 0.000000 -0.050010
vn -0.086597 0.000000 -0.050010
vn -0.070705 0.000000 -0.070717
vn -0.070705 0.000000 -0.070717
vn -0.049995 0.000000 -0.086605
vn -0.049995 0.000000 -0.086605
vn -0.025879 0.000000 -0.096593
vn -0.025879 0.000000 -0.096593
vn 0.000000 0.000000 -0.100000
vn 0.000000 0.000000 -0.100000
vn -0.083337 0.000000 0.055271
vn -0.083337 0.000000 0.055271
vn -0.083337 0.000000 0.055271
vn -0.083953 0.000000 0.054331
vn -0.087665 0.000000 0.048112
vn -0.088125 0.000000 0.047265
vn -0.091380 0.000000 0.040616
vn -0.091703 0.000000 0.039881
vn -0.094455 0.000000 0.032836
vn -0.094664 0.000000 0.032228
vn -0.096869 0.000000 0.024826
vn -0.096988 0.000000 0.024359
vn -0.098606 0.000000 0.016642
vn -0.098658 0.000000 0.016325
vn -0.099651 0.000000 0.008342
vn -0.099665 0.000000 0.008181
vn -0.083953 0.000000 0.054331
vn -0.087665 0.000000 0.048112
vn -0.088125 0.000000 0.047265
vn -0.091380 0.000000 0.040616
vn -0.091703 0.000000 0.039881
vn -0.094455 0.000000 0.032836
vn -0.094664 0.000000 0.032228
vn -0.096869 0.000000 0.024826
vn -0.096988 0.000000 0.024359
vn -0.098606 0.000000 0.016642
vn -0.098658 0.000000 0.016325
vn -0.099651 0.000000 0.008342
vn -0.099665 0.000000 0.008181
vn -0.000000 0.000000 -0.100000
vn -0.000000 0.000000 -0.100000
vn -0.010117 0.000000 -0.099487
vn -0.010117 0.000000 -0.099487
vn -0.020130 0.000000 -0.097953
vn -0.020130 0.000000 -0.097953
vn -0.029936 0.000000 -0.095414
vn -0.029936 0.000000 -0.095414
vn -0.039436 0.000000 -0.091896
vn -0.039436 0.000000 -0.091896
vn -0.048530 0.000000 -0.087435
vn -0.048530 0.000000 -0.087435
vn -0.057127 0.000000 -0.082076
vn -0.057127 0.000000 -0.082076
vn -0.065137 0.000000 -0.075876
vn -0.065137 0.000000 -0.075876
vn -0.072479 0.000000 -0.068897
vn -0.072479 0.000000 -0.068897
vn -0.079078 0.000000 -0.061211
vn -0.079078 0.000000 -0.061211
vn -0.084864 0.000000 -0.052896
vn -0.084864 0.000000 -0.052896
vn -0.089780 0.000000 -0.044039
vn -0.089780 0.000000 -0.044039
vn -0.093775 0.000000 -0.034731
vn -0.093775 0.000000 -0.034731
vn -0.096808 0.000000 -0.025065
vn -0.096808 0.000000 -0.025065
vn -0.098847 0.000000 -0.015143
vn -0.098847 0.000000 -0.015143
vn -0.099872 0.000000 -0.005065
vn -0.099872 0.000000 -0.005065
vn -0.099872 0.000000 0.005065
vn -0.099872 0.000000 0.005065
vn -0.098847 0.000000 0.015143
vn -0.098847 0.000000 0.015143
vn -0.096808 0.000000 0.025065
vn -0.096808 0.000000 0.025065
vn -0.093775 0.000000 0.034731
vn -0.093775 0.000000 0.034731
vn -0.089780 0.000000 0.044039
vn -0.089780 0.000000 0.044039
vn -0.084864 0.000000 0.052896
vn -0.084864 0.000000 0.052896
vn -0.079078 0.000000 0.061211
vn -0.079078 0.000000 0.061211
vn -0.072479 0.000000 0.068897
vn -0.072479 0.000000 0.068897
vn -0.065137 0.000000 0.075876
vn -0.065137 0.000000 0.075876
vn -0.057127 0.000000 0.082076
vn -0.057127 0.000000 0.082076
vn -0.048530 0.000000 0.087435
vn -0.048530 0.000000 0.087435
vn -0.039436 0.000000 0.091896
vn -0.039436 0.000000 0.091896
vn -0.029936 0.000000 0.095414
vn -0.029936 0.000000 0.095414
vn -0.020130 0.000000 0.097953
vn -0.020130 0.000000 0.097953
vn -0.010117 0.000000 0.099487
vn -0.010117 0.000000 0.099487
vn -0.000000 0.000000 0.100000
vn -0.000000 0.000000 0.100000
vn 0.000000 -0.100000 0.000000
vn 0.000000 -0.100000 0.000000
vn 0.000000 -0.100000 0.000000
vn 0.000000 -0.100000 0.000000
vn 0.000000 -0.100000 0.000000
vn 0.000000 -0.100000 0.000000
vn 0.000000 -0.100000 0.000000
vn 0.000000 -0.100000 0.000000
vn 0.000000 -0.100000 0.000000
vn 0.000000 -0.100000 0.000000
vn 0.000000 -0.100000 0.000000
vn 0.000000 -0.100000 0.000000
vn 0.000000 -0.100000 0.000000
vn 0.000000 -0.100000 0.000000
vn 0.000000 -0.100000 0.000000
vn 0.000000 -0.100000 0.000000
vn 0.000000 -0.100000 0.000000
vn 0.000000 -0.100000 0.000000
vn 0.000000 -0.100000 0.000000
vn 0.000000 -0.100000 0.000000
vn 0.000000 -0.100000 0.000000
vn 0.000000 -0.100000 0.000000
vn 0.000000 -0.100000 0.000000
vn 0.000000 -0.100000 0.000000
vn 0.000000 -0.100000 0.000000
vn 0.000000 -0.100000 0.000000
vn 0.000000 -0.100000 0.000000
vn 0.000000 -0.100000 0.000000
vn 0.000000 -0.100000 0.000000
vn 0.000000 -0.100000 0.000000
vn 0.000000 -0.100000 0.000000
vn 0.000000 -0.100000 0.000000
vn 0.000000 -0.100000 0.000000
vn 0.000000 -0.100000 0.000000
vn 0.000000 -0.100000 0.000000
vn 0.000000 -0.100000 0.000000
vn 0.000000 -0.100000 0.000000
vn 0.000000 -0.100000 0.000000
vn 0.000000 -0.100000 0.000000
vn 0.000000 -0.100000 0.000000
vn 0.000000 -0.100000 0.000000
vn 0.000000 -0.100000 0.000000
vn 0.000000 -0.100000 0.000000
vn 0.000000 -0.100000 0.000000
vn 0.000000 -0.100000 0.000000
vn 0.000000 -0.100000 0.000000
vn 0.000000 -0.100000 0.000000
vn 0.000000 -0.100000 0.000000
vn 0.000000 -0.100000 0.000000
vn 0.000000 -0.100000 0.000000
vn 0.000000 -0.100000 0.000000
vn 0.000000 -0.100000 0.000000
vn 0.000000 -0.100000 0.000000
vn 0.000000 -0.100000 0.000000
vn 0.000000 -0.100000 0.000000
vn 0.000000 -0.100000 0.000000
vn 0.000000 -0.100000 0.000000
vn 0.000000 -0.100000 0.000000
vn 0.000000 -0.100000 0.000000
vn 0.000000 -0.100000 0.000000
vn 0.000000 -0.100000 0.000000
vn 0.000000 -0.100000 0.000000
vn 0.000000 -0.100000 0.000000
vn 0.000000 -0.100000 0.000000
vn 0.000000 -0.100000 0.000000
vn 0.000000 -0.100000 0.000000
vn 0.000000 -0.100000 0.000000
vn 0.000000 -0.100000 0.000000
vn 0.000000 -0.100000 0.000000
vn 0.000000 -0.100000 0.000000
vn 0.000000 -0.100000 0.000000
vn 0.000000 -0.100000 0.000000
vn 0.000000 -0.100000 0.000000
vn 0.000000 -0.100000 0.000000
vn 0.000000 -0.100000 0.000000
vn 0.000000 -0.100000 0.000000
vn 0.000000 -0.100000 0.000000
vn 0.000000 -0.100000 0.000000
vn 0.000000 -0.100000 0.000000
vn 0.000000 -0.100000 0.000000
vn 0.000000 -0.100000 0.000000
vn 0.000000 -0.100000 0.000000
vn 0.000000 -0.100000 0.000000
vn 0.000000 -0.100000 0.000000
vn 0.000000 -0.100000 0.000000
vn 0.000000 -0.100000 0.000000
vn 0.000000 -0.100000 0.000000
vn 0.000000 -0.100000 0.000000
vn 0.000000 -0.100000 0.000000
vn 0.000000 -0.100000 0.000000
vn 0.000000 -0.100000 0.000000
vn 0.000000 -0.100000 0.000000
vn 0.000000 -0.100000 0.000000
vn 0.000000 -0.100000 0.000000
vn 0.000000 -0.100000 0.000000
vn 0.000000 -0.100000 0.000000
vn 0.000000 -0.100000 0.000000
vn 0.000000 -0.100000 0.000000
vn 0.000000 -0.100000 0.000000
vn 0.000000 -0.100000 0.000000
vn 0.000000 -0.100000 0.000000
vn 0.000000 -0.100000 0.000000
vn 0.000000 -0.100000 0.000000
vn 0.000000 -0.100000 0.000000
vn 0.000000 -0.100000 0.000000
vn 0.090482 0.000000 -0.042580
vn 0.090482 0.000000 -0.042580
vn 0.090482 0.000000 -0.042580
vn 0.090482 0.000000 -0.042580
vn 0.090482 0.000000 -0.042580
vn 0.090482 0.000000 -0.042580
vn 0.090482 0.000000 -0.042580
vn 0.090482 0.000000 -0.042580
vn 0.090482 0.000000 -0.042580
vn 0.090482 0.000000 -0.042580
vn 0.090482 0.000000 -0.042580
vn 0.090482 0.000000 -0.042580
vn -0.000000 0.000000 -0.100000
vn -0.000000 0.000000 -0.100000
vn -0.000000 0.000000 -0.100000
vn -0.000000 0.000000 -0.100000
vn 0.088679 0.000000 -0.046217
vn 0.088679 0.000000 -0.046217
vn 0.088679 0.000000 -0.046217
vn 0.088679 0.000000 -0.046217
vn -0.088679 0.000000 0.046217
vn -0.088679 0.000000 0.046217
vn -0.088679 0.000000 0.046217
vn -0.088679 0.000000 0.046217
vn 0.000000 -0.100000 0.000000
vn 0.000000 -0.100000 0.000000
vn 0.000000 -0.100000 0.000000
vn 0.000000 -0.100000 0.000000
vn -0.000000 0.100000 -0.000000
vn -0.000000 0.100000 -0.000000
vn -0.000000 0.100000 -0.000000
vn -0.000000 0.100000 -0.000000
vn -0.000000 0.100000 -0.000000
vn -0.000000 0.100000 -0.000000
vn -0.000000 0.100000 -0.000000
vn -0.000000 0.100000 -0.000000
vn -0.000000 0.100000 -0.000000
vn -0.000000 0.100000 -0.000000
vn -0.100000 0.000000 -0.000000
vn -0.100000 0.000000 -0.000000
vn -0.100000 0.000000 -0.000000
vn -0.100000 0.000000 -0.000000
vn -0.051267 0.000000 -0.085859
vn -0.051267 0.000000 -0.085859
vn -0.047756 0.000000 -0.087860
vn -0.047396 0.000000 -0.088055
vn -0.043432 0.000000 -0.090076
vn -0.039381 0.000000 -0.091919
vn -0.039381 0.000000 -0.091919
vn -0.055717 0.000000 -0.083040
vn -0.059499 0.000000 -0.080374
vn -0.063196 0.000000 -0.077500
vn -0.067148 0.000000 -0.074102
vn -0.070128 0.000000 -0.071289
vn -0.074141 0.000000 -0.067106
vn -0.076451 0.000000 -0.064461
vn -0.080408 0.000000 -0.059453
vn -0.082113 0.000000 -0.057074
vn -0.085888 0.000000 -0.051218
vn -0.087064 0.000000 -0.049193
vn -0.090528 0.000000 -0.042482
vn -0.091260 0.000000 -0.040885
vn -0.094282 0.000000 -0.033330
vn -0.094666 0.000000 -0.032224
vn -0.097114 0.000000 -0.023853
vn -0.097252 0.000000 -0.023284
vn -0.098995 0.000000 -0.014141
vn -0.098995 0.000000 -0.014141
vn 0.000000 0.000000 -0.100000
vn 0.000000 0.000000 -0.100000
vn 0.000000 0.000000 -0.100000
vn 0.000000 0.000000 -0.100000
vn 0.000000 -0.100000 0.000000
vn 0.000000 -0.100000 0.000000
vn 0.000000 -0.100000 0.000000
vn 0.000000 -0.100000 0.000000
vn 0.000000 -0.100000 0.000000
vn 0.000000 -0.100000 0.000000
vn 0.000000 -0.100000 0.000000
vn 0.000000 -0.100000 0.000000
vn 0.000000 -0.100000 0.000000
vn 0.000000 -0.100000 0.000000
vn 0.000000 -0.100000 0.000000
vn 0.000000 -0.100000 0.000000
vn 0.000000 0.100000 0.000000
vn 0.000000 0.100000 0.000000
vn 0.000000 0.100000 0.000000
vn 0.000000 0.100000 0.000000
vn 0.000000 0.100000 0.000000
vn 0.000000 0.100000 0.000000
vn 0.000000 0.100000 0.000000
vn 0.000000 0.100000 0.000000
vn 0.000000 0.100000 0.000000
vn 0.000000 0.100000 0.000000
vn 0.000000 0.100000 0.000000
vn 0.000000 0.100000 0.000000
vn 0.000000 0.100000 0.000000
vn 0.000000 0.100000 0.000000
vn 0.000000 0.100000 0.000000
vn -0.000000 0.000000 -0.100000
vn -0.000000 0.000000 -0.100000
vn -0.000000 0.000000 -0.100000
vn -0.000000 0.000000 -0.100000
vn 0.088679 0.000000 -0.046217
vn 0.088679 0.000000 -0.046217
vn 0.088679 0.000000 -0.046217
vn 0.088679 0.000000 -0.046217
vn -0.088679 0.000000 0.046217
vn -0.088679 0.000000 0.046217
vn -0.088679 0.000000 0.046217
vn -0.088679 0.000000 0.046217
vn 0.000000 0.100000 0.000000
vn 0.000000 0.100000 0.000000
vn 0.000000 0.100000 0.000000
vn 0.000000 0.100000 0.000000
vn 0.000000 0.000000 -0.100000
vn 0.000000 0.000000 -0.100000
vn 0.000000 0.000000 -0.100000
vn 0.000000 0.000000 -0.100000
vn 0.000000 0.000000 -0.100000
vn 0.000000 0.000000 -0.100000
vn 0.000000 0.000000 -0.100000
vn 0.000000 0.000000 -0.100000
vn 0.000000 0.000000 -0.100000
vn 0.000000 0.000000 -0.100000
vn 0.000000 0.000000 -0.100000
vn 0.000000 0.000000 -0.100000
vn -0.100000 0.000000 0.000000
vn -0.100000 0.000000 0.000000
vn -0.100000 0.000000 0.000000
vn -0.100000 0.000000 0.000000
vn -0.100000 0.000000 0.000000
vn -0.100000 0.000000 0.000000
vn -0.100000 0.000000 0.000000
vn -0.100000 0.000000 0.000000
vn -0.100000 0.000000 0.000000
vn -0.100000 0.000000 0.000000
vn 0.000000 -0.100000 0.000000
vn 0.000000 -0.100000 0.000000
vn 0.000000 -0.100000 0.000000
vn 0.000000 -0.100000 0.000000
vn 0.000000 -0.100000 0.000000
vn 0.000000 -0.100000 0.000000
vn 0.000000 -0.100000 0.000000
vn 0.000000 -0.100000 0.000000
vn 0.000000 -0.100000 0.000000
vn 0.000000 -0.100000 0.000000
vn -0.100000 0.000000 -0.000000
vn -0.100000 0.000000 -0.000000
vn -0.100000 0.000000 -0.000000
vn -0.100000 0.000000 -0.000000
vn -0.039381 0.000000 -0.091919
vn -0.043432 0.000000 -0.090076
vn -0.039381 0.000000 -0.091919
vn -0.047756 0.000000 -0.087860
vn -0.047396 0.000000 -0.088055
vn -0.051267 0.000000 -0.085859
vn -0.051267 0.000000 -0.085859
vn -0.055717 0.000000 -0.083040
vn -0.059499 0.000000 -0.080374
vn -0.063196 0.000000 -0.077500
vn -0.067148 0.000000 -0.074102
vn -0.070128 0.000000 -0.071289
vn -0.074141 0.000000 -0.067106
vn -0.076451 0.000000 -0.064461
vn -0.080408 0.000000 -0.059453
vn -0.082113 0.000000 -0.057074
vn -0.085888 0.000000 -0.051218
vn -0.087064 0.000000 -0.049193
vn -0.090528 0.000000 -0.042482
vn -0.091260 0.000000 -0.040885
vn -0.094282 0.000000 -0.033330
vn -0.094666 0.000000 -0.032224
vn -0.097114 0.000000 -0.023853
vn -0.097252 0.000000 -0.023284
vn -0.098995 0.000000 -0.014141
vn -0.098995 0.000000 -0.014141
vn 0.000000 0.000000 -0.100000
vn 0.000000 0.000000 -0.100000
vn 0.000000 0.000000 -0.100000
vn 0.000000 0.000000 -0.100000
vn 0.000000 0.100000 0.000000
vn 0.000000 0.100000 0.000000
vn 0.000000 0.100000 0.000000
vn 0.000000 0.100000 0.000000
vn 0.000000 0.100000 0.000000
vn 0.000000 0.100000 0.000000
vn 0.000000 0.100000 0.000000
vn 0.000000 0.100000 0.000000
vn 0.000000 0.100000 0.000000
vn 0.000000 0.100000 0.000000
vn 0.000000 0.100000 0.000000
vn 0.000000 0.100000 0.000000
vn -0.000000 0.000000 0.100000
vn -0.000000 0.000000 0.100000
vn -0.000000 0.000000 0.100000
vn -0.000000 0.000000 0.100000
vn -0.000000 0.000000 0.100000
vn -0.000000 0.000000 0.100000
vn -0.000000 0.000000 0.100000
vn -0.000000 0.000000 0.100000
vn -0.000000 0.000000 0.100000
vn -0.000000 0.000000 0.100000
vn -0.000000 0.000000 0.100000
vn -0.000000 0.000000 0.100000
vn -0.000000 0.000000 0.100000
vn -0.000000 0.000000 0.100000
vn -0.000000 0.000000 0.100000
vn -0.000000 0.000000 0.100000
vn -0.000000 0.000000 0.100000
vn -0.000000 0.000000 0.100000
vn -0.000000 0.000000 0.100000
vn -0.000000 0.000000 0.100000
vn -0.000000 0.000000 0.100000
vn -0.000000 0.000000 0.100000
vn -0.000000 0.000000 0.100000
vn -0.000000 0.000000 0.100000
vn -0.000000 0.000000 0.100000
vn -0.000000 0.000000 0.100000
vn -0.000000 0.000000 0.100000
vn -0.000000 0.000000 0.100000
vn -0.000000 0.000000 0.100000
vn -0.000000 0.000000 0.100000
vn -0.000000 0.000000 0.100000
vn -0.000000 0.000000 0.100000
vn -0.000000 0.000000 0.100000
vn -0.000000 0.000000 0.100000
vn -0.000000 0.000000 0.100000
vn -0.000000 0.000000 0.100000
vn -0.000000 0.000000 0.100000
vn -0.000000 0.000000 0.100000
vn -0.000000 0.000000 0.100000
vn -0.000000 0.000000 0.100000
vn 0.000000 -0.100000 0.000000
vn 0.000000 -0.100000 0.000000
vn 0.000000 -0.100000 0.000000
vn 0.000000 -0.100000 0.000000
vn 0.000000 -0.100000 0.000000
vn 0.000000 -0.100000 0.000000
vn 0.000000 -0.100000 0.000000
vn 0.000000 -0.100000 0.000000
vn 0.000000 -0.100000 0.000000
vn 0.000000 -0.100000 0.000000
vn 0.000000 -0.100000 0.000000
vn 0.000000 -0.100000 0.000000
vn 0.000000 -0.100000 0.000000
vn 0.000000 -0.100000 0.000000
vn 0.000000 -0.100000 0.000000
usemtl Steel_-_Satin
f 2/1/1 3/2/2 1/3/3
f 1/3/3 3/2/2 4/4/4
f 5/5/5 6/6/6 7/7/7
f 8/8/8 9/9/9 2/10/10
f 2/10/10 9/9/9 3/11/11
f 10/12/12 11/13/13 8/14/14
f 8/14/14 11/13/13 9/15/15
f 6/16/16 12/17/17 7/18/18
f 7/18/18 12/17/17 13/19/19
f 12/20/20 14/21/21 13/22/22
f 5/23/23 7/24/24 14/25/25
f 14/25/25 7/24/24 13/26/26
f 15/27/27 16/28/28 17/29/29
f 15/30/30 17/31/31 18/32/32
f 18/32/32 17/31/31 19/33/33
f 21/34/34 22/35/35 20/36/36
f 20/36/36 22/35/35 23/37/37
f 24/38/38 18/39/39 19/40/40
f 25/41/41 26/42/42 21/43/43
f 21/43/43 26/42/42 22/44/44
f 20/45/45 23/46/46 27/47/47
f 27/47/47 23/46/46 28/48/48
f 16/49/49 24/50/50 17/51/51
f 17/51/51 24/50/50 19/52/52
f 36/53/53 16/54/54 33/55/55
f 33/55/55 16/54/54 15/56/56
f 33/55/55 15/56/56 18/57/57
f 33/55/55 18/57/57 32/58/58
f 32/58/58 18/57/57 24/59/59
f 32/58/58 24/59/59 29/60/60
f 29/60/60 30/61/61 32/58/58
f 32/58/58 30/61/61 31/62/62
f 34/63/63 35/64/64 33/55/55
f 33/55/55 35/64/64 36/53/53
f 34/65/65 33/66/66 47/67/67
f 47/67/67 33/66/66 46/68/68
f 46/68/68 33/66/66 45/69/69
f 45/69/69 33/66/66 44/70/70
f 44/70/70 33/66/66 43/71/71
f 43/71/71 33/66/66 42/72/72
f 42/72/72 33/66/66 41/73/73
f 41/73/73 33/66/66 40/74/74
f 40/74/74 33/66/66 39/75/75
f 39/75/75 33/66/66 38/76/76
f 38/76/76 33/66/66 37/77/77
f 35/78/78 48/79/79 36/80/80
f 36/80/80 48/79/79 49/81/81
f 36/80/80 49/81/81 50/82/82
f 50/82/82 51/83/83 36/80/80
f 36/80/80 51/83/83 52/84/84
f 36/80/80 52/84/84 53/85/85
f 53/85/85 54/86/86 36/80/80
f 36/80/80 54/86/86 55/87/87
f 36/80/80 55/87/87 56/88/88
f 56/88/88 57/89/89 36/80/80
f 36/80/80 57/89/89 58/90/90
f 36/80/80 58/90/90 60/91/91
f 60/91/91 58/90/90 59/92/92
f 31/93/93 61/94/94 32/95/95
f 32/95/95 61/94/94 62/96/96
f 32/95/95 62/96/96 63/97/97
f 63/97/97 64/98/98 32/95/95
f 32/95/95 64/98/98 65/99/99
f 32/95/95 65/99/99 66/100/100
f 66/100/100 67/101/101 32/95/95
f 32/95/95 67/101/101 68/102/102
f 32/95/95 68/102/102 69/103/103
f 69/103/103 70/104/104 32/95/95
f 32/95/95 70/104/104 71/105/105
f 32/106/106 71/107/107 33/108/108
f 33/108/108 71/107/107 37/109/109
f 27/110/110 60/111/111 20/112/112
f 20/112/112 60/111/111 59/113/113
f 20/112/112 59/113/113 21/114/114
f 21/114/114 59/113/113 72/115/115
f 21/114/114 72/115/115 73/116/116
f 73/116/116 25/117/117 21/114/114
f 31/118/118 30/119/119 61/120/120
f 61/120/120 30/119/119 74/121/121
f 61/120/120 74/121/121 62/122/122
f 62/122/122 74/121/121 75/123/123
f 62/122/122 75/123/123 63/124/124
f 63/124/124 75/123/123 76/125/125
f 63/124/124 76/125/125 64/126/126
f 64/126/126 76/125/125 77/127/127
f 64/126/126 77/127/127 65/128/128
f 65/128/128 77/127/127 78/129/129
f 65/128/128 78/129/129 66/130/130
f 66/130/130 78/129/129 79/131/131
f 66/130/130 79/131/131 67/132/132
f 67/132/132 79/131/131 80/133/133
f 67/132/132 80/133/133 68/134/134
f 68/134/134 80/133/133 81/135/135
f 68/134/134 81/135/135 69/136/136
f 69/136/136 81/135/135 82/137/137
f 69/136/136 82/137/137 70/138/138
f 70/138/138 82/137/137 83/139/139
f 70/138/138 83/139/139 71/140/140
f 71/140/140 83/139/139 84/141/141
f 71/140/140 84/141/141 85/142/142
f 85/142/142 84/141/141 72/143/143
f 85/142/142 72/143/143 59/144/144
f 85/142/142 59/144/144 86/145/145
f 86/145/145 59/144/144 58/146/146
f 86/145/145 58/146/146 37/147/147
f 37/147/147 58/146/146 57/148/148
f 37/147/147 57/148/148 38/149/149
f 38/149/149 57/148/148 56/150/150
f 38/149/149 56/150/150 39/151/151
f 39/151/151 56/150/150 55/152/152
f 39/151/151 55/152/152 40/153/153
f 40/153/153 55/152/152 54/154/154
f 40/153/153 54/154/154 41/155/155
f 41/155/155 54/154/154 53/156/156
f 41/155/155 53/156/156 42/157/157
f 42/157/157 53/156/156 52/158/158
f 42/157/157 52/158/158 43/159/159
f 43/159/159 52/158/158 51/160/160
f 43/159/159 51/160/160 44/161/161
f 44/161/161 51/160/160 50/162/162
f 44/161/161 50/162/162 45/163/163
f 45/163/163 50/162/162 49/164/164
f 45/163/163 49/164/164 46/165/165
f 46/165/165 49/164/164 48/166/166
f 46/165/165 48/166/166 47/167/167
f 47/167/167 48/166/166 35/168/168
f 47/167/167 35/168/168 34/169/169
f 37/147/147 71/140/140 86/145/145
f 86/145/145 71/140/140 85/142/142
f 72/170/170 84/171/171 73/172/172
f 73/172/172 84/171/171 29/173/173
f 29/173/173 84/171/171 83/174/174
f 29/173/173 83/174/174 82/175/175
f 82/175/175 81/176/176 29/173/173
f 29/173/173 81/176/176 80/177/177
f 29/173/173 80/177/177 79/178/178
f 79/178/178 78/179/179 29/173/173
f 29/173/173 78/179/179 77/180/180
f 29/173/173 77/180/180 76/181/181
f 76/181/181 75/182/182 29/173/173
f 29/173/173 75/182/182 74/183/183
f 29/173/173 74/183/183 30/184/184
f 108/185/185 87/186/186 107/187/187
f 107/187/187 87/186/186 88/188/188
f 107/187/187 88/188/188 106/189/189
f 106/189/189 88/188/188 89/190/190
f 106/189/189 89/190/190 105/191/191
f 105/191/191 89/190/190 90/192/192
f 105/191/191 90/192/192 104/193/193
f 104/193/193 90/192/192 91/194/194
f 104/193/193 91/194/194 103/195/195
f 103/195/195 91/194/194 92/196/196
f 103/195/195 92/196/196 102/197/197
f 102/197/197 92/196/196 93/198/198
f 102/197/197 93/198/198 101/199/199
f 101/199/199 93/198/198 94/200/200
f 101/199/199 94/200/200 100/201/201
f 100/201/201 94/200/200 95/202/202
f 100/201/201 95/202/202 99/203/203
f 99/203/203 95/202/202 96/204/204
f 99/203/203 96/204/204 98/205/205
f 98/205/205 96/204/204 97/206/206
f 98/207/205 97/208/206 140/209/207
f 140/209/207 97/208/206 109/210/208
f 140/209/207 109/210/208 139/211/209
f 139/211/209 109/210/208 110/212/210
f 139/211/209 110/212/210 138/213/211
f 138/213/211 110/212/210 111/214/212
f 138/213/211 111/214/212 137/215/213
f 137/215/213 111/214/212 112/216/214
f 137/215/213 112/216/214 136/217/215
f 136/217/215 112/216/214 113/218/216
f 136/217/215 113/218/216 135/219/217
f 135/219/217 113/218/216 114/220/218
f 135/219/217 114/220/218 134/221/219
f 134/221/219 114/220/218 115/222/220
f 134/221/219 115/222/220 133/223/221
f 133/223/221 115/222/220 116/224/222
f 133/223/221 116/224/222 132/225/223
f 132/225/223 116/224/222 117/226/224
f 132/225/223 117/226/224 131/227/225
f 131/227/225 117/226/224 118/228/226
f 131/227/225 118/228/226 130/229/227
f 130/229/227 118/228/226 119/230/228
f 130/229/227 119/230/228 129/231/229
f 129/231/229 119/230/228 120/232/230
f 129/231/229 120/232/230 128/233/231
f 128/233/231 120/232/230 121/234/232
f 128/233/231 121/234/232 127/235/233
f 127/235/233 121/234/232 122/236/234
f 127/235/233 122/236/234 126/237/235
f 126/237/235 122/236/234 123/238/236
f 126/237/235 123/238/236 125/239/237
f 125/239/237 123/238/236 124/240/238
f 160/241/239 141/242/240 159/243/241
f 159/243/241 141/242/240 142/244/242
f 159/243/241 142/244/242 158/245/243
f 158/245/243 142/244/242 143/246/244
f 158/245/243 143/246/244 157/247/245
f 157/247/245 143/246/244 144/248/246
f 157/247/245 144/248/246 156/249/247
f 156/249/247 144/248/246 145/250/248
f 156/249/247 145/250/248 155/251/249
f 155/251/249 145/250/248 146/252/250
f 155/251/249 146/252/250 154/253/251
f 154/253/251 146/252/250 147/254/252
f 154/253/251 147/254/252 153/255/253
f 153/255/253 147/254/252 148/256/254
f 153/255/253 148/256/254 152/257/255
f 152/257/255 148/256/254 149/258/256
f 152/257/255 149/258/256 151/259/257
f 151/259/257 149/258/256 150/260/258
f 182/261/259 161/262/260 181/263/261
f 181/263/261 161/262/260 162/264/262
f 181/263/261 162/264/262 180/265/263
f 180/265/263 162/264/262 163/266/264
f 180/265/263 163/266/264 179/267/265
f 179/267/265 163/266/264 164/268/266
f 179/267/265 164/268/266 178/269/267
f 178/269/267 164/268/266 165/270/268
f 178/269/267 165/270/268 177/271/269
f 177/271/269 165/270/268 166/272/270
f 177/271/269 166/272/270 176/273/271
f 176/273/271 166/272/270 167/274/272
f 176/273/271 167/274/272 175/275/273
f 175/275/273 167/274/272 168/276/274
f 175/275/273 168/276/274 174/277/275
f 174/277/275 168/276/274 169/278/276
f 174/277/275 169/278/276 173/279/277
f 173/279/277 169/278/276 170/280/278
f 173/279/277 170/280/278 172/281/279
f 172/281/279 170/280/278 171/282/280
f 161/283/260 182/284/259 200/285/281
f 200/285/281 182/284/259 183/286/282
f 200/285/281 183/286/282 199/287/283
f 199/287/283 183/286/282 184/288/284
f 199/287/283 184/288/284 198/289/285
f 198/289/285 184/288/284 185/290/286
f 198/289/285 185/290/286 197/291/287
f 197/291/287 185/290/286 186/292/288
f 197/291/287 186/292/288 196/293/289
f 196/293/289 186/292/288 187/294/290
f 196/293/289 187/294/290 195/295/291
f 195/295/291 187/294/290 188/296/292
f 195/295/291 188/296/292 194/297/293
f 194/297/293 188/296/292 189/298/294
f 194/297/293 189/298/294 193/299/295
f 193/299/295 189/298/294 190/300/296
f 193/299/295 190/300/296 192/301/297
f 192/301/297 190/300/296 191/302/298
f 170/303/299 169/304/300 171/305/301
f 171/305/301 169/304/300 168/306/302
f 171/305/301 168/306/302 167/307/303
f 167/307/303 166/308/304 171/305/301
f 171/305/301 166/308/304 262/309/305
f 262/309/305 166/308/304 165/310/306
f 262/309/305 165/310/306 164/311/307
f 164/311/307 163/312/308 262/309/305
f 262/309/305 163/312/308 162/313/309
f 262/309/305 162/313/309 161/314/310
f 262/309/305 161/314/310 261/315/311
f 261/315/311 161/314/310 200/316/312
f 261/315/311 200/316/312 199/317/313
f 199/317/313 198/318/314 261/315/311
f 261/315/311 198/318/314 260/319/315
f 260/319/315 198/318/314 197/320/316
f 260/319/315 197/320/316 196/321/317
f 196/321/317 195/322/318 260/319/315
f 260/319/315 195/322/318 202/323/319
f 260/319/315 202/323/319 203/324/320
f 195/322/318 194/325/321 202/323/319
f 202/323/319 194/325/321 201/326/322
f 201/326/322 194/325/321 193/327/323
f 201/326/322 193/327/323 192/328/324
f 203/324/320 204/329/325 260/319/315
f 260/319/315 204/329/325 205/330/326
f 260/319/315 205/330/326 246/331/327
f 246/331/327 205/330/326 245/332/328
f 245/332/328 205/330/326 206/333/329
f 245/332/328 206/333/329 244/334/330
f 244/334/330 206/333/329 243/335/331
f 243/335/331 206/333/329 207/336/332
f 243/335/331 207/336/332 208/337/333
f 243/335/331 208/337/333 215/338/334
f 215/338/334 208/337/333 209/339/335
f 215/338/334 209/339/335 210/340/336
f 210/340/336 211/341/337 215/338/334
f 215/338/334 211/341/337 212/342/338
f 215/338/334 212/342/338 213/343/339
f 213/343/339 214/344/340 215/338/334
f 243/335/331 215/338/334 232/345/341
f 232/345/341 215/338/334 216/346/342
f 232/345/341 216/346/342 231/347/343
f 231/347/343 216/346/342 217/348/344
f 231/347/343 217/348/344 230/349/345
f 230/349/345 217/348/344 218/350/346
f 230/349/345 218/350/346 219/351/347
f 230/349/345 219/351/347 229/352/348
f 229/352/348 219/351/347 220/353/349
f 229/352/348 220/353/349 221/354/350
f 229/352/348 221/354/350 228/355/351
f 228/355/351 221/354/350 222/356/352
f 228/355/351 222/356/352 223/357/353
f 228/355/351 223/357/353 227/358/354
f 227/358/354 223/357/353 224/359/355
f 227/358/354 224/359/355 225/360/356
f 225/360/356 226/361/357 227/358/354
f 232/345/341 233/362/358 243/335/331
f 243/335/331 233/362/358 234/363/359
f 243/335/331 234/363/359 235/364/360
f 235/364/360 236/365/361 243/335/331
f 243/335/331 236/365/361 237/366/362
f 243/335/331 237/366/362 242/367/363
f 242/367/363 237/366/362 238/368/364
f 242/367/363 238/368/364 239/369/365
f 239/369/365 240/370/366 242/367/363
f 242/367/363 240/370/366 241/371/367
f 246/331/327 247/372/368 260/319/315
f 260/319/315 247/372/368 248/373/369
f 260/319/315 248/373/369 249/374/370
f 249/374/370 250/375/371 260/319/315
f 260/319/315 250/375/371 251/376/372
f 260/319/315 251/376/372 252/377/373
f 260/319/315 252/377/373 258/378/374
f 258/378/374 252/377/373 253/379/375
f 258/378/374 253/379/375 254/380/376
f 254/380/376 255/381/377 258/378/374
f 258/378/374 255/381/377 256/382/378
f 258/378/374 256/382/378 257/383/379
f 258/378/374 259/384/380 260/319/315
f 263/385/381 264/386/382 295/387/383
f 295/387/383 264/386/382 294/388/384
f 294/388/384 264/386/382 265/389/385
f 294/388/384 265/389/385 293/390/386
f 293/390/386 265/389/385 266/391/387
f 293/390/386 266/391/387 292/392/388
f 292/392/388 266/391/387 267/393/389
f 292/392/388 267/393/389 291/394/390
f 291/394/390 267/393/389 268/395/391
f 291/394/390 268/395/391 269/396/392
f 269/396/392 270/397/393 291/394/390
f 291/394/390 270/397/393 271/398/394
f 291/394/390 271/398/394 272/399/395
f 272/399/395 273/400/396 291/394/390
f 291/394/390 273/400/396 274/401/397
f 291/394/390 274/401/397 275/402/398
f 275/402/398 276/403/399 291/394/390
f 291/394/390 276/403/399 277/404/400
f 291/394/390 277/404/400 278/405/401
f 278/405/401 279/406/402 291/394/390
f 291/394/390 279/406/402 280/407/403
f 291/394/390 280/407/403 281/408/404
f 281/408/404 282/409/405 291/394/390
f 291/394/390 282/409/405 283/410/406
f 291/394/390 283/410/406 284/411/407
f 284/411/407 285/412/408 291/394/390
f 291/394/390 285/412/408 286/413/409
f 291/394/390 286/413/409 287/414/410
f 287/414/410 288/415/411 291/394/390
f 291/394/390 288/415/411 289/416/412
f 291/394/390 289/416/412 290/417/413
f 297/418/414 370/419/415 296/420/416
f 296/420/416 370/419/415 332/421/417
f 296/422/416 332/423/417 333/424/418
f 370/419/415 297/418/414 369/425/419
f 369/425/419 297/418/414 298/426/420
f 369/425/419 298/426/420 368/427/421
f 368/427/421 298/426/420 299/428/422
f 368/427/421 299/428/422 367/429/423
f 367/429/423 299/428/422 300/430/424
f 367/429/423 300/430/424 366/431/425
f 366/431/425 300/430/424 301/432/426
f 366/431/425 301/432/426 365/433/427
f 365/433/427 301/432/426 302/434/428
f 365/433/427 302/434/428 364/435/429
f 364/435/429 302/434/428 303/436/430
f 364/435/429 303/436/430 363/437/431
f 363/437/431 303/436/430 304/438/432
f 363/437/431 304/438/432 362/439/433
f 362/439/433 304/438/432 305/440/434
f 362/439/433 305/440/434 361/441/435
f 361/441/435 305/440/434 306/442/436
f 361/441/435 306/442/436 360/443/437
f 360/443/437 306/442/436 307/444/438
f 360/443/437 307/444/438 359/445/439
f 359/445/439 307/444/438 308/446/440
f 359/445/439 308/446/440 358/447/441
f 358/447/441 308/446/440 357/448/442
f 357/448/442 308/446/440 309/449/443
f 357/448/442 309/449/443 356/450/444
f 356/450/444 309/449/443 310/451/445
f 356/450/444 310/451/445 355/452/446
f 355/452/446 310/451/445 311/453/447
f 355/452/446 311/453/447 354/454/448
f 354/454/448 311/453/447 312/455/449
f 354/454/448 312/455/449 353/456/450
f 353/456/450 312/455/449 313/457/451
f 353/456/450 313/457/451 352/458/452
f 352/458/452 313/457/451 314/459/453
f 352/458/452 314/459/453 351/460/454
f 351/460/454 314/459/453 315/461/455
f 351/460/454 315/461/455 350/462/456
f 350/462/456 315/461/455 316/463/457
f 350/462/456 316/463/457 349/464/458
f 349/464/458 316/463/457 317/465/459
f 349/464/458 317/465/459 348/466/460
f 348/466/460 317/465/459 318/467/461
f 348/466/460 318/467/461 347/468/462
f 347/468/462 318/467/461 319/469/463
f 347/468/462 319/469/463 346/470/464
f 346/470/464 319/469/463 320/471/465
f 346/470/464 320/471/465 345/472/466
f 345/472/466 320/471/465 344/473/467
f 344/473/467 320/471/465 321/474/468
f 344/473/467 321/474/468 343/475/469
f 343/475/469 321/474/468 322/476/470
f 343/475/469 322/476/470 342/477/471
f 342/477/471 322/476/470 323/478/472
f 342/477/471 323/478/472 341/479/473
f 341/479/473 323/478/472 324/480/474
f 341/479/473 324/480/474 340/481/475
f 340/481/475 324/480/474 325/482/476
f 340/481/475 325/482/476 339/483/477
f 339/483/477 325/482/476 326/484/478
f 339/483/477 326/484/478 338/485/479
f 338/485/479 326/484/478 327/486/480
f 338/485/479 327/486/480 337/487/481
f 337/487/481 327/486/480 328/488/482
f 337/487/481 328/488/482 336/489/483
f 336/489/483 328/488/482 329/490/484
f 336/489/483 329/490/484 335/491/485
f 335/491/485 329/490/484 330/492/486
f 335/491/485 330/492/486 334/493/487
f 334/493/487 330/492/486 331/494/488
f 334/493/487 331/494/488 333/424/418
f 333/424/418 331/494/488 296/422/416
f 190/495/489 353/496/490 191/497/491
f 191/497/491 353/496/490 352/498/492
f 191/497/491 352/498/492 351/499/493
f 190/495/489 189/500/494 353/496/490
f 353/496/490 189/500/494 354/501/495
f 354/501/495 189/500/494 188/502/496
f 354/501/495 188/502/496 355/503/497
f 355/503/497 188/502/496 187/504/498
f 355/503/497 187/504/498 186/505/499
f 355/503/497 186/505/499 356/506/500
f 356/506/500 186/505/499 185/507/501
f 356/506/500 185/507/501 357/508/502
f 357/508/502 185/507/501 184/509/503
f 357/508/502 184/509/503 183/510/504
f 357/508/502 183/510/504 358/511/505
f 358/511/505 183/510/504 182/512/506
f 358/511/505 182/512/506 359/513/507
f 359/513/507 182/512/506 181/514/508
f 359/513/507 181/514/508 180/515/509
f 179/516/510 371/517/511 180/515/509
f 180/515/509 371/517/511 360/518/512
f 180/515/509 360/518/512 359/513/507
f 179/516/510 178/519/513 371/517/511
f 371/517/511 178/519/513 177/520/514
f 371/517/511 177/520/514 176/521/515
f 176/521/515 175/522/516 371/517/511
f 371/517/511 175/522/516 174/523/517
f 371/517/511 174/523/517 173/524/518
f 173/524/518 172/525/519 371/517/511
f 360/518/512 371/517/511 361/526/520
f 361/526/520 371/517/511 372/527/521
f 361/526/520 372/527/521 362/528/522
f 362/528/522 372/527/521 373/529/523
f 362/528/522 373/529/523 374/530/524
f 362/528/522 374/530/524 363/531/525
f 363/531/525 374/530/524 375/532/526
f 363/531/525 375/532/526 376/533/527
f 363/531/525 376/533/527 364/534/528
f 364/534/528 376/533/527 377/535/529
f 364/534/528 377/535/529 365/536/530
f 365/536/530 377/535/529 378/537/531
f 365/536/530 378/537/531 379/538/532
f 365/536/530 379/538/532 366/539/533
f 366/539/533 379/538/532 380/540/534
f 366/539/533 380/540/534 381/541/535
f 366/539/533 381/541/535 367/542/536
f 367/542/536 381/541/535 382/543/537
f 367/542/536 382/543/537 368/544/538
f 368/544/538 382/543/537 383/545/539
f 368/544/538 383/545/539 369/546/540
f 369/546/540 383/545/539 384/547/541
f 369/546/540 384/547/541 385/548/542
f 369/546/540 385/548/542 370/549/543
f 370/549/543 385/548/542 386/550/544
f 370/549/543 386/550/544 332/551/545
f 332/551/545 386/550/544 387/552/546
f 332/551/545 387/552/546 333/553/547
f 333/553/547 387/552/546 388/554/548
f 333/553/547 388/554/548 334/555/549
f 334/555/549 388/554/548 389/556/550
f 334/555/549 389/556/550 390/557/551
f 334/555/549 390/557/551 335/558/552
f 335/558/552 390/557/551 391/559/553
f 335/558/552 391/559/553 336/560/554
f 336/560/554 391/559/553 392/561/555
f 336/560/554 392/561/555 337/562/556
f 337/562/556 392/561/555 393/563/557
f 337/562/556 393/563/557 394/564/558
f 337/562/556 394/564/558 338/565/559
f 338/565/559 394/564/558 395/566/560
f 338/565/559 395/566/560 396/567/561
f 338/565/559 396/567/561 339/568/562
f 339/568/562 396/567/561 397/569/563
f 339/568/562 397/569/563 340/570/564
f 340/570/564 397/569/563 398/571/565
f 340/570/564 398/571/565 399/572/566
f 340/570/564 399/572/566 341/573/567
f 341/573/567 399/572/566 400/574/568
f 341/573/567 400/574/568 401/575/569
f 341/573/567 401/575/569 342/576/570
f 342/576/570 401/575/569 402/577/571
f 342/576/570 402/577/571 343/578/572
f 343/578/572 402/577/571 344/579/573
f 344/579/573 402/577/571 345/580/574
f 345/580/574 402/577/571 410/581/575
f 345/580/574 410/581/575 411/582/576
f 403/583/577 404/584/578 402/577/571
f 402/577/571 404/584/578 405/585/579
f 402/577/571 405/585/579 406/586/580
f 406/586/580 407/587/581 402/577/571
f 402/577/571 407/587/581 408/588/582
f 402/577/571 408/588/582 409/589/583
f 409/589/583 410/581/575 402/577/571
f 345/580/574 411/582/576 346/590/584
f 346/590/584 411/582/576 412/591/585
f 346/590/584 412/591/585 347/592/586
f 347/592/586 412/591/585 413/593/587
f 347/592/586 413/593/587 414/594/588
f 347/592/586 414/594/588 348/595/589
f 348/595/589 414/594/588 415/596/590
f 348/595/589 415/596/590 416/597/591
f 348/595/589 416/597/591 349/598/592
f 349/598/592 416/597/591 417/599/593
f 349/598/592 417/599/593 191/497/491
f 191/497/491 417/599/593 418/600/594
f 191/497/491 418/600/594 419/601/595
f 419/601/595 420/602/596 191/497/491
f 191/497/491 420/602/596 426/603/597
f 426/603/597 420/602/596 421/604/598
f 426/603/597 421/604/598 422/605/599
f 422/605/599 423/606/600 426/603/597
f 426/603/597 423/606/600 424/607/601
f 426/603/597 424/607/601 425/608/602
f 351/499/493 350/609/603 191/497/491
f 191/497/491 350/609/603 349/598/592
f 428/610/604 297/611/605 427/612/606
f 427/612/606 297/611/605 296/613/607
f 427/614/606 296/615/607 462/616/608
f 462/616/608 296/615/607 331/617/609
f 462/616/608 331/617/609 461/618/610
f 461/618/610 331/617/609 330/619/611
f 461/618/610 330/619/611 460/620/612
f 460/620/612 330/619/611 329/621/613
f 460/620/612 329/621/613 459/622/614
f 459/622/614 329/621/613 328/623/615
f 459/622/614 328/623/615 458/624/616
f 458/624/616 328/623/615 327/625/617
f 458/624/616 327/625/617 457/626/618
f 457/626/618 327/625/617 326/627/619
f 457/626/618 326/627/619 456/628/620
f 456/628/620 326/627/619 325/629/621
f 456/628/620 325/629/621 455/630/622
f 455/630/622 325/629/621 324/631/623
f 455/630/622 324/631/623 454/632/624
f 454/632/624 324/631/623 323/633/625
f 454/632/624 323/633/625 453/634/626
f 453/634/626 323/633/625 322/635/627
f 453/634/626 322/635/627 452/636/628
f 452/636/628 322/635/627 321/637/629
f 452/636/628 321/637/629 451/638/630
f 451/638/630 321/637/629 320/639/631
f 451/638/630 320/639/631 450/640/632
f 450/640/632 320/639/631 319/641/633
f 450/640/632 319/641/633 449/642/634
f 449/642/634 319/641/633 318/643/635
f 449/642/634 318/643/635 448/644/636
f 448/644/636 318/643/635 317/645/637
f 448/644/636 317/645/637 447/646/638
f 447/646/638 317/645/637 316/647/639
f 447/646/638 316/647/639 446/648/640
f 446/648/640 316/647/639 315/649/641
f 446/648/640 315/649/641 445/650/642
f 445/650/642 315/649/641 314/651/643
f 445/650/642 314/651/643 444/652/644
f 444/652/644 314/651/643 313/653/645
f 444/652/644 313/653/645 443/654/646
f 443/654/646 313/653/645 312/655/647
f 443/654/646 312/655/647 442/656/648
f 442/656/648 312/655/647 311/657/649
f 442/656/648 311/657/649 441/658/650
f 441/658/650 311/657/649 310/659/651
f 441/658/650 310/659/651 440/660/652
f 440/660/652 310/659/651 309/661/653
f 440/660/652 309/661/653 439/662/654
f 439/662/654 309/661/653 308/663/655
f 439/662/654 308/663/655 438/664/656
f 438/664/656 308/663/655 307/665/657
f 438/664/656 307/665/657 437/666/658
f 437/666/658 307/665/657 306/667/659
f 437/666/658 306/667/659 436/668/660
f 436/668/660 306/667/659 305/669/661
f 436/668/660 305/669/661 435/670/662
f 435/670/662 305/669/661 304/671/663
f 435/670/662 304/671/663 434/672/664
f 434/672/664 304/671/663 303/673/665
f 434/672/664 303/673/665 433/674/666
f 433/674/666 303/673/665 302/675/667
f 433/674/666 302/675/667 432/676/668
f 432/676/668 302/675/667 301/677/669
f 432/676/668 301/677/669 431/678/670
f 431/678/670 301/677/669 300/679/671
f 431/678/670 300/679/671 430/680/672
f 430/680/672 300/679/671 299/681/673
f 430/680/672 299/681/673 429/682/674
f 429/682/674 299/681/673 298/683/675
f 429/682/674 298/683/675 428/610/604
f 428/610/604 298/683/675 297/611/605
f 279/684/676 278/685/677 502/686/678
f 502/686/678 278/685/677 277/687/679
f 502/686/678 277/687/679 501/688/680
f 501/688/680 277/687/679 276/689/681
f 501/688/680 276/689/681 275/690/682
f 501/688/680 275/690/682 500/691/683
f 500/691/683 275/690/682 274/692/684
f 500/691/683 274/692/684 499/693/685
f 499/693/685 274/692/684 273/694/686
f 499/693/685 273/694/686 498/695/687
f 498/695/687 273/694/686 272/696/688
f 498/695/687 272/696/688 271/697/689
f 498/695/687 271/697/689 497/698/690
f 497/698/690 271/697/689 270/699/691
f 497/698/690 270/699/691 496/700/692
f 496/700/692 270/699/691 269/701/693
f 496/700/692 269/701/693 268/702/694
f 496/700/692 268/702/694 495/703/695
f 495/703/695 268/702/694 267/704/696
f 495/703/695 267/704/696 494/705/697
f 494/705/697 267/704/696 266/706/698
f 494/705/697 266/706/698 265/707/699
f 494/705/697 265/707/699 493/708/700
f 493/708/700 265/707/699 264/709/701
f 493/708/700 264/709/701 492/710/702
f 492/710/702 264/709/701 263/711/703
f 492/710/702 263/711/703 491/712/704
f 491/712/704 263/711/703 463/713/705
f 491/712/704 463/713/705 490/714/706
f 490/714/706 463/713/705 464/715/707
f 490/714/706 464/715/707 489/716/708
f 489/716/708 464/715/707 465/717/709
f 489/716/708 465/717/709 488/718/710
f 488/718/710 465/717/709 466/719/711
f 488/718/710 466/719/711 487/720/712
f 487/720/712 466/719/711 467/721/713
f 487/722/712 467/723/713 468/724/714
f 487/722/712 468/724/714 486/725/715
f 486/725/715 468/724/714 469/726/716
f 486/725/715 469/726/716 485/727/717
f 485/727/717 469/726/716 470/728/718
f 485/727/717 470/728/718 484/729/719
f 484/729/719 470/728/718 471/730/720
f 484/729/719 471/730/720 483/731/721
f 483/731/721 471/730/720 295/732/722
f 483/731/721 295/732/722 482/733/723
f 482/733/723 295/732/722 294/734/724
f 482/733/723 294/734/724 481/735/725
f 481/735/725 294/734/724 293/736/726
f 481/735/725 293/736/726 292/737/727
f 481/735/725 292/737/727 480/738/728
f 480/738/728 292/737/727 291/739/729
f 480/738/728 291/739/729 479/740/730
f 479/740/730 291/739/729 290/741/731
f 479/740/730 290/741/731 478/742/732
f 478/742/732 290/741/731 289/743/733
f 478/742/732 289/743/733 288/744/734
f 478/742/732 288/744/734 477/745/735
f 477/745/735 288/744/734 287/746/736
f 477/745/735 287/746/736 476/747/737
f 476/747/737 287/746/736 286/748/738
f 476/747/737 286/748/738 285/749/739
f 476/747/737 285/749/739 475/750/740
f 475/750/740 285/749/739 284/751/741
f 475/750/740 284/751/741 474/752/742
f 474/752/742 284/751/741 283/753/743
f 474/752/742 283/753/743 282/754/744
f 474/752/742 282/754/744 473/755/745
f 473/755/745 282/754/744 281/756/746
f 473/755/745 281/756/746 472/757/747
f 472/757/747 281/756/746 280/758/748
f 472/757/747 280/758/748 279/684/676
f 263/759/749 295/760/750 463/761/751
f 463/761/751 295/760/750 471/762/752
f 463/761/751 471/762/752 464/763/753
f 464/763/753 471/762/752 470/764/754
f 464/763/753 470/764/754 465/765/755
f 465/765/755 470/764/754 469/766/756
f 465/765/755 469/766/756 466/767/757
f 466/767/757 469/766/756 468/768/758
f 466/767/757 468/768/758 467/769/759
f 243/770/760 503/771/761 244/772/762
f 244/772/762 503/771/761 504/773/763
f 244/772/762 504/773/763 245/774/764
f 245/774/764 504/773/763 505/775/765
f 245/774/764 505/775/765 246/776/766
f 246/776/766 505/775/765 506/777/767
f 246/776/766 506/777/767 247/778/768
f 247/778/768 506/777/767 507/779/769
f 247/778/768 507/779/769 248/780/770
f 248/780/770 507/779/769 508/781/771
f 248/780/770 508/781/771 249/782/772
f 249/782/772 508/781/771 509/783/773
f 249/782/772 509/783/773 250/784/774
f 250/784/774 509/783/773 510/785/775
f 250/784/774 510/785/775 251/786/776
f 251/786/776 510/785/775 511/787/777
f 251/786/776 511/787/777 252/788/778
f 252/788/778 511/787/777 512/789/779
f 252/788/778 512/789/779 253/790/780
f 253/790/780 512/789/779 513/791/781
f 253/790/780 513/791/781 254/792/782
f 254/792/782 513/791/781 514/793/783
f 254/792/782 514/793/783 255/794/784
f 255/794/784 514/793/783 515/795/785
f 255/794/784 515/795/785 256/796/786
f 256/796/786 515/795/785 516/797/787
f 256/796/786 516/797/787 257/798/788
f 257/798/788 516/797/787 517/799/789
f 257/798/788 517/799/789 258/800/790
f 258/800/790 517/799/789 518/801/791
f 519/802/792 520/803/793 232/804/794
f 232/804/794 520/803/793 233/805/795
f 233/806/796 520/807/797 234/808/798
f 234/808/798 520/807/797 521/809/799
f 234/808/798 521/809/799 235/810/800
f 235/810/800 521/809/799 522/811/801
f 235/810/800 522/811/801 236/812/802
f 236/812/802 522/811/801 523/813/803
f 236/812/802 523/813/803 237/814/804
f 237/814/804 523/813/803 524/815/805
f 237/814/804 524/815/805 238/816/806
f 238/816/806 524/815/805 525/817/807
f 238/816/806 525/817/807 239/818/808
f 239/818/808 525/817/807 526/819/809
f 239/818/808 526/819/809 240/820/810
f 240/820/810 526/819/809 527/821/811
f 240/820/810 527/821/811 241/822/812
f 241/822/812 527/821/811 528/823/813
f 241/822/812 528/823/813 242/824/814
f 242/824/814 528/823/813 529/825/815
f 529/826/816 503/827/817 242/828/818
f 242/828/818 503/827/817 243/829/819
f 472/830/820 279/831/821 503/832/822
f 503/832/822 279/831/821 502/833/823
f 503/832/822 502/833/823 504/834/824
f 504/834/824 502/833/823 501/835/825
f 504/834/824 501/835/825 505/836/826
f 505/836/826 501/835/825 506/837/827
f 506/837/827 501/835/825 500/838/828
f 506/837/827 500/838/828 507/839/829
f 507/839/829 500/838/828 499/840/830
f 507/839/829 499/840/830 508/841/831
f 508/841/831 499/840/830 509/842/832
f 509/842/832 499/840/830 498/843/833
f 509/842/832 498/843/833 510/844/834
f 510/844/834 498/843/833 511/845/835
f 511/845/835 498/843/833 497/846/836
f 511/845/835 497/846/836 512/847/837
f 512/847/837 497/846/836 513/848/838
f 513/848/838 497/846/836 514/849/839
f 514/849/839 497/846/836 496/850/840
f 514/849/839 496/850/840 515/851/841
f 515/851/841 496/850/840 516/852/842
f 516/852/842 496/850/840 517/853/843
f 517/853/843 496/850/840 495/854/844
f 517/853/843 495/854/844 518/855/845
f 518/855/845 495/854/844 494/856/846
f 518/855/845 494/856/846 493/857/847
f 492/858/848 160/859/849 493/857/847
f 493/857/847 160/859/849 159/860/850
f 493/857/847 159/860/850 518/855/845
f 518/855/845 159/860/850 158/861/851
f 518/855/845 158/861/851 157/862/852
f 160/859/849 492/858/848 125/863/853
f 125/863/853 492/858/848 491/864/854
f 125/863/853 491/864/854 126/865/855
f 126/865/855 491/864/854 127/866/856
f 127/866/856 491/864/854 490/867/857
f 127/866/856 490/867/857 128/868/858
f 128/868/858 490/867/857 489/869/859
f 128/868/858 489/869/859 129/870/860
f 129/870/860 489/869/859 130/871/861
f 130/871/861 489/869/859 488/872/862
f 130/871/861 488/872/862 131/873/863
f 131/873/863 488/872/862 487/874/864
f 131/873/863 487/874/864 132/875/865
f 132/875/865 487/874/864 133/876/866
f 133/876/866 487/874/864 134/877/867
f 134/877/867 487/874/864 135/878/868
f 135/878/868 487/874/864 136/879/869
f 136/879/869 487/874/864 137/880/870
f 137/880/870 487/874/864 138/881/871
f 138/881/871 487/874/864 139/882/872
f 139/882/872 487/874/864 140/883/873
f 140/883/873 487/874/864 98/884/874
f 98/884/874 487/874/864 99/885/875
f 99/885/875 487/874/864 100/886/876
f 100/886/876 487/874/864 101/887/877
f 101/887/877 487/874/864 486/888/878
f 101/887/877 486/888/878 485/889/879
f 485/889/879 484/890/880 101/887/877
f 101/887/877 484/890/880 483/891/881
f 101/887/877 483/891/881 102/892/882
f 102/892/882 483/891/881 482/893/883
f 102/892/882 482/893/883 481/894/884
f 102/892/882 481/894/884 538/895/885
f 538/895/885 481/894/884 480/896/886
f 538/895/885 480/896/886 479/897/887
f 538/895/885 479/897/887 537/898/888
f 537/898/888 479/897/887 478/899/889
f 537/898/888 478/899/889 536/900/890
f 536/900/890 478/899/889 535/901/891
f 535/901/891 478/899/889 534/902/892
f 534/902/892 478/899/889 477/903/893
f 534/902/892 477/903/893 533/904/894
f 533/904/894 477/903/893 532/905/895
f 532/905/895 477/903/893 476/906/896
f 532/905/895 476/906/896 531/907/897
f 531/907/897 476/906/896 530/908/898
f 530/908/898 476/906/896 519/909/899
f 519/909/899 476/906/896 475/910/900
f 519/909/899 475/910/900 474/911/901
f 474/911/901 473/912/902 519/909/899
f 519/909/899 473/912/902 503/832/822
f 519/909/899 503/832/822 520/913/903
f 520/913/903 503/832/822 529/914/904
f 520/913/903 529/914/904 528/915/905
f 473/912/902 472/830/820 503/832/822
f 157/862/852 156/916/906 518/855/845
f 518/855/845 156/916/906 155/917/907
f 518/855/845 155/917/907 154/918/908
f 154/918/908 153/919/909 518/855/845
f 518/855/845 153/919/909 152/920/910
f 518/855/845 152/920/910 151/921/911
f 528/915/905 527/922/912 520/913/903
f 520/913/903 527/922/912 526/923/913
f 520/913/903 526/923/913 525/924/914
f 525/924/914 524/925/915 520/913/903
f 520/913/903 524/925/915 523/926/916
f 520/913/903 523/926/916 522/927/917
f 522/927/917 521/928/918 520/913/903
f 108/929/919 107/930/920 538/895/885
f 538/895/885 107/930/920 106/931/921
f 538/895/885 106/931/921 105/932/922
f 105/932/922 104/933/923 538/895/885
f 538/895/885 104/933/923 103/934/924
f 538/895/885 103/934/924 102/892/882
f 191/935/925 426/936/926 192/937/927
f 192/937/927 426/936/926 201/938/928
f 201/939/929 426/940/930 202/941/931
f 202/941/931 426/940/930 425/942/932
f 202/941/931 425/942/932 203/943/933
f 203/943/933 425/942/932 424/944/934
f 203/943/933 424/944/934 204/945/935
f 204/945/935 424/944/934 423/946/936
f 204/945/935 423/946/936 205/947/937
f 205/947/937 423/946/936 422/948/938
f 205/947/937 422/948/938 206/949/939
f 206/949/939 422/948/938 421/950/940
f 206/949/939 421/950/940 207/951/941
f 207/951/941 421/950/940 420/952/942
f 160/953/239 125/954/237 141/955/240
f 141/955/240 125/954/237 124/956/238
f 371/957/943 539/958/944 372/959/945
f 372/959/945 539/958/944 540/960/946
f 372/959/945 540/960/946 373/961/947
f 373/961/947 540/960/946 541/962/948
f 373/961/947 541/962/948 374/963/949
f 374/963/949 541/962/948 542/964/950
f 374/963/949 542/964/950 375/965/951
f 375/965/951 542/964/950 543/966/952
f 375/965/951 543/966/952 376/967/953
f 376/967/953 543/966/952 544/968/954
f 376/967/953 544/968/954 377/969/955
f 377/969/955 544/968/954 545/970/956
f 377/969/955 545/970/956 378/971/957
f 378/971/957 545/970/956 546/972/958
f 378/971/957 546/972/958 379/973/959
f 379/973/959 546/972/958 547/974/960
f 379/973/959 547/974/960 380/975/961
f 380/975/961 547/974/960 548/976/962
f 380/975/961 548/976/962 381/977/963
f 381/977/963 548/976/962 549/978/964
f 381/977/963 549/978/964 382/979/965
f 382/979/965 549/978/964 550/980/966
f 382/979/965 550/980/966 383/981/967
f 383/981/967 550/980/966 551/982/968
f 383/981/967 551/982/968 384/983/969
f 384/983/969 551/982/968 552/984/970
f 384/983/969 552/984/970 385/985/971
f 385/985/971 552/984/970 553/986/972
f 385/985/971 553/986/972 386/987/973
f 386/987/973 553/986/972 554/988/974
f 386/987/973 554/988/974 387/989/975
f 387/989/975 554/988/974 555/990/976
f 387/989/975 555/990/976 388/991/977
f 388/991/977 555/990/976 556/992/978
f 388/991/977 556/992/978 389/993/979
f 389/993/979 556/992/978 557/994/980
f 389/993/979 557/994/980 390/995/981
f 390/995/981 557/994/980 558/996/982
f 390/995/981 558/996/982 391/997/983
f 391/997/983 558/996/982 559/998/984
f 391/997/983 559/998/984 392/999/985
f 392/999/985 559/998/984 560/1000/986
f 392/999/985 560/1000/986 393/1001/987
f 393/1001/987 560/1000/986 561/1002/988
f 393/1001/987 561/1002/988 394/1003/989
f 394/1003/989 561/1002/988 562/1004/990
f 394/1003/989 562/1004/990 395/1005/991
f 395/1005/991 562/1004/990 563/1006/992
f 395/1005/991 563/1006/992 396/1007/993
f 396/1007/993 563/1006/992 564/1008/994
f 396/1007/993 564/1008/994 397/1009/995
f 397/1009/995 564/1008/994 565/1010/996
f 397/1009/995 565/1010/996 398/1011/997
f 398/1011/997 565/1010/996 566/1012/998
f 398/1011/997 566/1012/998 399/1013/999
f 399/1013/999 566/1012/998 567/1014/1000
f 399/1013/999 567/1014/1000 400/1015/1001
f 400/1015/1001 567/1014/1000 568/1016/1002
f 400/1015/1001 568/1016/1002 401/1017/1003
f 401/1017/1003 568/1016/1002 569/1018/1004
f 401/1017/1003 569/1018/1004 402/1019/1005
f 402/1019/1005 569/1018/1004 570/1020/1006
f 109/1021/1007 97/1022/1008 87/1023/1009
f 87/1023/1009 97/1022/1008 96/1024/1010
f 87/1023/1009 96/1024/1010 95/1025/1011
f 95/1025/1011 94/1026/1012 87/1023/1009
f 87/1023/1009 94/1026/1012 93/1027/1013
f 87/1023/1009 93/1027/1013 92/1028/1014
f 92/1028/1014 91/1029/1015 87/1023/1009
f 87/1023/1009 91/1029/1015 90/1030/1016
f 87/1023/1009 90/1030/1016 89/1031/1017
f 89/1031/1017 88/1032/1018 87/1023/1009
f 109/1021/1007 87/1023/1009 110/1033/1019
f 110/1033/1019 87/1023/1009 570/1034/1020
f 110/1033/1019 570/1034/1020 111/1035/1021
f 111/1035/1021 570/1034/1020 112/1036/1022
f 112/1036/1022 570/1034/1020 451/1037/1023
f 112/1036/1022 451/1037/1023 450/1038/1024
f 569/1039/1025 454/1040/1026 570/1034/1020
f 570/1034/1020 454/1040/1026 453/1041/1027
f 570/1034/1020 453/1041/1027 452/1042/1028
f 569/1039/1025 568/1043/1029 454/1040/1026
f 454/1040/1026 568/1043/1029 567/1044/1030
f 454/1040/1026 567/1044/1030 455/1045/1031
f 455/1045/1031 567/1044/1030 566/1046/1032
f 455/1045/1031 566/1046/1032 565/1047/1033
f 565/1047/1033 564/1048/1034 455/1045/1031
f 455/1045/1031 564/1048/1034 456/1049/1035
f 456/1049/1035 564/1048/1034 563/1050/1036
f 456/1049/1035 563/1050/1036 562/1051/1037
f 456/1049/1035 562/1051/1037 457/1052/1038
f 457/1052/1038 562/1051/1037 561/1053/1039
f 457/1052/1038 561/1053/1039 458/1054/1040
f 458/1054/1040 561/1053/1039 560/1055/1041
f 458/1054/1040 560/1055/1041 559/1056/1042
f 458/1054/1040 559/1056/1042 459/1057/1043
f 459/1057/1043 559/1056/1042 558/1058/1044
f 459/1057/1043 558/1058/1044 460/1059/1045
f 460/1059/1045 558/1058/1044 557/1060/1046
f 460/1059/1045 557/1060/1046 461/1061/1047
f 461/1061/1047 557/1060/1046 556/1062/1048
f 461/1061/1047 556/1062/1048 462/1063/1049
f 462/1063/1049 556/1062/1048 555/1064/1050
f 462/1063/1049 555/1064/1050 427/1065/1051
f 427/1065/1051 555/1064/1050 554/1066/1052
f 427/1065/1051 554/1066/1052 428/1067/1053
f 428/1067/1053 554/1066/1052 553/1068/1054
f 428/1067/1053 553/1068/1054 429/1069/1055
f 429/1069/1055 553/1068/1054 552/1070/1056
f 429/1069/1055 552/1070/1056 430/1071/1057
f 430/1071/1057 552/1070/1056 551/1072/1058
f 430/1071/1057 551/1072/1058 431/1073/1059
f 431/1073/1059 551/1072/1058 550/1074/1060
f 431/1073/1059 550/1074/1060 432/1075/1061
f 432/1075/1061 550/1074/1060 549/1076/1062
f 432/1075/1061 549/1076/1062 548/1077/1063
f 432/1075/1061 548/1077/1063 433/1078/1064
f 433/1078/1064 548/1077/1063 547/1079/1065
f 433/1078/1064 547/1079/1065 434/1080/1066
f 434/1080/1066 547/1079/1065 546/1081/1067
f 434/1080/1066 546/1081/1067 545/1082/1068
f 434/1080/1066 545/1082/1068 435/1083/1069
f 435/1083/1069 545/1082/1068 544/1084/1070
f 435/1083/1069 544/1084/1070 543/1085/1071
f 543/1085/1071 542/1086/1072 435/1083/1069
f 435/1083/1069 542/1086/1072 436/1087/1073
f 436/1087/1073 542/1086/1072 541/1088/1074
f 436/1087/1073 541/1088/1074 540/1089/1075
f 540/1089/1075 539/1090/1076 436/1087/1073
f 436/1087/1073 539/1090/1076 437/1091/1077
f 437/1091/1077 539/1090/1076 438/1092/1078
f 438/1092/1078 539/1090/1076 439/1093/1079
f 439/1093/1079 539/1090/1076 122/1094/1080
f 439/1093/1079 122/1094/1080 440/1095/1081
f 440/1095/1081 122/1094/1080 121/1096/1082
f 440/1095/1081 121/1096/1082 441/1097/1083
f 441/1097/1083 121/1096/1082 120/1098/1084
f 441/1097/1083 120/1098/1084 442/1099/1085
f 442/1099/1085 120/1098/1084 119/1100/1086
f 442/1099/1085 119/1100/1086 443/1101/1087
f 443/1101/1087 119/1100/1086 118/1102/1088
f 443/1101/1087 118/1102/1088 444/1103/1089
f 444/1103/1089 118/1102/1088 117/1104/1090
f 444/1103/1089 117/1104/1090 445/1105/1091
f 445/1105/1091 117/1104/1090 446/1106/1092
f 446/1106/1092 117/1104/1090 116/1107/1093
f 446/1106/1092 116/1107/1093 447/1108/1094
f 447/1108/1094 116/1107/1093 115/1109/1095
f 447/1108/1094 115/1109/1095 448/1110/1096
f 448/1110/1096 115/1109/1095 114/1111/1097
f 448/1110/1096 114/1111/1097 449/1112/1098
f 449/1112/1098 114/1111/1097 113/1113/1099
f 449/1112/1098 113/1113/1099 450/1038/1024
f 450/1038/1024 113/1113/1099 112/1036/1022
f 122/1094/1080 539/1090/1076 123/1114/1100
f 123/1114/1100 539/1090/1076 150/1115/1101
f 123/1114/1100 150/1115/1101 124/1116/1102
f 124/1116/1102 150/1115/1101 141/1117/1103
f 141/1117/1103 150/1115/1101 142/1118/1104
f 142/1118/1104 150/1115/1101 143/1119/1105
f 143/1119/1105 150/1115/1101 144/1120/1106
f 144/1120/1106 150/1115/1101 145/1121/1107
f 145/1121/1107 150/1115/1101 146/1122/1108
f 146/1122/1108 150/1115/1101 147/1123/1109
f 147/1123/1109 150/1115/1101 148/1124/1110
f 148/1124/1110 150/1115/1101 149/1125/1111
f 452/1042/1028 451/1037/1023 570/1034/1020
f 571/1126/1112 586/1127/1113 215/1128/1114
f 215/1128/1114 586/1127/1113 587/1129/1115
f 215/1128/1114 587/1129/1115 588/1130/1116
f 588/1130/1116 587/1129/1115 595/1131/1117
f 588/1130/1116 595/1131/1117 596/1132/1118
f 596/1132/1118 595/1131/1117 603/1133/1119
f 596/1132/1118 603/1133/1119 218/1134/1120
f 218/1134/1120 603/1133/1119 219/1135/1121
f 219/1135/1121 603/1133/1119 610/1136/1122
f 219/1135/1121 610/1136/1122 220/1137/1123
f 220/1137/1123 610/1136/1122 617/1138/1124
f 220/1137/1123 617/1138/1124 221/1139/1125
f 221/1139/1125 617/1138/1124 624/1140/1126
f 221/1139/1125 624/1140/1126 222/1141/1127
f 222/1141/1127 624/1140/1126 631/1142/1128
f 222/1141/1127 631/1142/1128 223/1143/1129
f 223/1143/1129 631/1142/1128 638/1144/1130
f 223/1143/1129 638/1144/1130 224/1145/1131
f 224/1145/1131 638/1144/1130 645/1146/1132
f 224/1145/1131 645/1146/1132 225/1147/1133
f 225/1147/1133 645/1146/1132 652/1148/1134
f 225/1147/1133 652/1148/1134 226/1149/1135
f 226/1149/1135 652/1148/1134 651/1150/1136
f 226/1149/1135 651/1150/1136 650/1151/1137
f 650/1151/1137 651/1150/1136 643/1152/1138
f 650/1151/1137 643/1152/1138 642/1153/1139
f 642/1153/1139 643/1152/1138 635/1154/1140
f 642/1153/1139 635/1154/1140 634/1155/1141
f 634/1155/1141 635/1154/1140 627/1156/1142
f 634/1155/1141 627/1156/1142 626/1157/1143
f 626/1157/1143 627/1156/1142 619/1158/1144
f 626/1157/1143 619/1158/1144 618/1159/1145
f 618/1159/1145 619/1158/1144 611/1160/1146
f 618/1159/1145 611/1160/1146 576/1161/1147
f 576/1161/1147 611/1160/1146 575/1162/1148
f 575/1162/1148 611/1160/1146 604/1163/1149
f 575/1162/1148 604/1163/1149 574/1164/1150
f 574/1164/1150 604/1163/1149 597/1165/1151
f 574/1164/1150 597/1165/1151 573/1166/1152
f 573/1166/1152 597/1165/1151 590/1167/1153
f 573/1166/1152 590/1167/1153 572/1168/1154
f 572/1168/1154 590/1167/1153 583/1169/1155
f 572/1168/1154 583/1169/1155 571/1126/1112
f 571/1126/1112 583/1169/1155 584/1170/1156
f 571/1126/1112 584/1170/1156 585/1171/1157
f 585/1171/1157 584/1170/1156 592/1172/1158
f 585/1171/1157 592/1172/1158 593/1173/1159
f 593/1173/1159 592/1172/1158 600/1174/1160
f 593/1173/1159 600/1174/1160 601/1175/1161
f 601/1175/1161 600/1174/1160 608/1176/1162
f 601/1175/1161 608/1176/1162 609/1177/1163
f 609/1177/1163 608/1176/1162 616/1178/1164
f 609/1177/1163 616/1178/1164 617/1138/1124
f 617/1138/1124 616/1178/1164 624/1140/1126
f 576/1161/1147 577/1179/1165 618/1159/1145
f 618/1159/1145 577/1179/1165 625/1180/1166
f 618/1159/1145 625/1180/1166 626/1157/1143
f 626/1157/1143 625/1180/1166 633/1181/1167
f 626/1157/1143 633/1181/1167 634/1155/1141
f 634/1155/1141 633/1181/1167 641/1182/1168
f 634/1155/1141 641/1182/1168 642/1153/1139
f 642/1153/1139 641/1182/1168 649/1183/1169
f 642/1153/1139 649/1183/1169 650/1151/1137
f 650/1151/1137 649/1183/1169 226/1149/1135
f 577/1179/1165 578/1184/1170 625/1180/1166
f 625/1180/1166 578/1184/1170 632/1185/1171
f 625/1180/1166 632/1185/1171 633/1181/1167
f 633/1181/1167 632/1185/1171 640/1186/1172
f 633/1181/1167 640/1186/1172 641/1182/1168
f 641/1182/1168 640/1186/1172 648/1187/1173
f 641/1182/1168 648/1187/1173 649/1183/1169
f 649/1183/1169 648/1187/1173 582/1188/1174
f 649/1183/1169 582/1188/1174 226/1149/1135
f 578/1184/1170 579/1189/1175 632/1185/1171
f 632/1185/1171 579/1189/1175 639/1190/1176
f 632/1185/1171 639/1190/1176 640/1186/1172
f 640/1186/1172 639/1190/1176 647/1191/1177
f 640/1186/1172 647/1191/1177 648/1187/1173
f 648/1187/1173 647/1191/1177 582/1188/1174
f 579/1189/1175 580/1192/1178 639/1190/1176
f 639/1190/1176 580/1192/1178 646/1193/1179
f 639/1190/1176 646/1193/1179 647/1191/1177
f 647/1191/1177 646/1193/1179 582/1188/1174
f 580/1192/1178 581/1194/1180 646/1193/1179
f 646/1193/1179 581/1194/1180 582/1188/1174
f 218/1134/1120 217/1195/1181 596/1132/1118
f 596/1132/1118 217/1195/1181 589/1196/1182
f 596/1132/1118 589/1196/1182 588/1130/1116
f 588/1130/1116 589/1196/1182 215/1128/1114
f 217/1195/1181 216/1197/1183 589/1196/1182
f 589/1196/1182 216/1197/1183 215/1128/1114
f 586/1127/1113 571/1126/1112 585/1171/1157
f 584/1170/1156 583/1169/1155 591/1198/1184
f 591/1198/1184 583/1169/1155 590/1167/1153
f 591/1198/1184 590/1167/1153 598/1199/1185
f 598/1199/1185 590/1167/1153 597/1165/1151
f 598/1199/1185 597/1165/1151 605/1200/1186
f 605/1200/1186 597/1165/1151 604/1163/1149
f 605/1200/1186 604/1163/1149 612/1201/1187
f 612/1201/1187 604/1163/1149 611/1160/1146
f 612/1201/1187 611/1160/1146 619/1158/1144
f 585/1171/1157 593/1173/1159 586/1127/1113
f 586/1127/1113 593/1173/1159 594/1202/1188
f 586/1127/1113 594/1202/1188 587/1129/1115
f 587/1129/1115 594/1202/1188 595/1131/1117
f 584/1170/1156 591/1198/1184 592/1172/1158
f 592/1172/1158 591/1198/1184 599/1203/1189
f 592/1172/1158 599/1203/1189 600/1174/1160
f 600/1174/1160 599/1203/1189 607/1204/1190
f 600/1174/1160 607/1204/1190 608/1176/1162
f 608/1176/1162 607/1204/1190 615/1205/1191
f 608/1176/1162 615/1205/1191 616/1178/1164
f 616/1178/1164 615/1205/1191 623/1206/1192
f 616/1178/1164 623/1206/1192 624/1140/1126
f 624/1140/1126 623/1206/1192 631/1142/1128
f 599/1203/1189 591/1198/1184 598/1199/1185
f 593/1173/1159 601/1175/1161 594/1202/1188
f 594/1202/1188 601/1175/1161 602/1207/1193
f 594/1202/1188 602/1207/1193 595/1131/1117
f 595/1131/1117 602/1207/1193 603/1133/1119
f 599/1203/1189 598/1199/1185 606/1208/1194
f 606/1208/1194 598/1199/1185 605/1200/1186
f 606/1208/1194 605/1200/1186 613/1209/1195
f 613/1209/1195 605/1200/1186 612/1201/1187
f 613/1209/1195 612/1201/1187 620/1210/1196
f 620/1210/1196 612/1201/1187 619/1158/1144
f 620/1210/1196 619/1158/1144 627/1156/1142
f 610/1136/1122 603/1133/1119 602/1207/1193
f 610/1136/1122 602/1207/1193 609/1177/1163
f 609/1177/1163 602/1207/1193 601/1175/1161
f 599/1203/1189 606/1208/1194 607/1204/1190
f 607/1204/1190 606/1208/1194 614/1211/1197
f 607/1204/1190 614/1211/1197 615/1205/1191
f 615/1205/1191 614/1211/1197 622/1212/1198
f 615/1205/1191 622/1212/1198 623/1206/1192
f 623/1206/1192 622/1212/1198 630/1213/1199
f 623/1206/1192 630/1213/1199 631/1142/1128
f 631/1142/1128 630/1213/1199 638/1144/1130
f 614/1211/1197 606/1208/1194 613/1209/1195
f 617/1138/1124 610/1136/1122 609/1177/1163
f 614/1211/1197 613/1209/1195 621/1214/1200
f 621/1214/1200 613/1209/1195 620/1210/1196
f 621/1214/1200 620/1210/1196 628/1215/1201
f 628/1215/1201 620/1210/1196 627/1156/1142
f 628/1215/1201 627/1156/1142 635/1154/1140
f 614/1211/1197 621/1214/1200 622/1212/1198
f 622/1212/1198 621/1214/1200 629/1216/1202
f 622/1212/1198 629/1216/1202 630/1213/1199
f 630/1213/1199 629/1216/1202 637/1217/1203
f 630/1213/1199 637/1217/1203 638/1144/1130
f 638/1144/1130 637/1217/1203 645/1146/1132
f 629/1216/1202 621/1214/1200 628/1215/1201
f 629/1216/1202 628/1215/1201 636/1218/1204
f 636/1218/1204 628/1215/1201 635/1154/1140
f 636/1218/1204 635/1154/1140 643/1152/1138
f 629/1216/1202 636/1218/1204 637/1217/1203
f 637/1217/1203 636/1218/1204 644/1219/1205
f 637/1217/1203 644/1219/1205 645/1146/1132
f 645/1146/1132 644/1219/1205 652/1148/1134
f 644/1219/1205 636/1218/1204 643/1152/1138
f 652/1148/1134 644/1219/1205 651/1150/1136
f 651/1150/1136 644/1219/1205 643/1152/1138
f 215/1220/1114 214/1221/1206 571/1222/1112
f 571/1222/1112 214/1221/1206 653/1223/1207
f 675/1224/1208 654/1225/1209 674/1226/1210
f 674/1226/1210 654/1225/1209 655/1227/1211
f 674/1226/1210 655/1227/1211 673/1228/1212
f 673/1228/1212 655/1227/1211 656/1229/1213
f 673/1228/1212 656/1229/1213 672/1230/1214
f 672/1230/1214 656/1229/1213 657/1231/1215
f 672/1230/1214 657/1231/1215 671/1232/1216
f 671/1232/1216 657/1231/1215 658/1233/1217
f 671/1232/1216 658/1233/1217 670/1234/1218
f 670/1234/1218 658/1233/1217 659/1235/1219
f 670/1234/1218 659/1235/1219 669/1236/1220
f 669/1236/1220 659/1235/1219 660/1237/1221
f 669/1236/1220 660/1237/1221 668/1238/1222
f 668/1238/1222 660/1237/1221 661/1239/1223
f 668/1238/1222 661/1239/1223 667/1240/1224
f 667/1240/1224 661/1239/1223 662/1241/1225
f 667/1240/1224 662/1241/1225 666/1242/1226
f 666/1242/1226 662/1241/1225 663/1243/1227
f 666/1242/1226 663/1243/1227 665/1244/1228
f 665/1244/1228 663/1243/1227 664/1245/1229
f 654/1246/1209 675/1247/1208 707/1248/1230
f 707/1248/1230 675/1247/1208 676/1249/1231
f 707/1248/1230 676/1249/1231 706/1250/1232
f 706/1250/1232 676/1249/1231 677/1251/1233
f 706/1250/1232 677/1251/1233 705/1252/1234
f 705/1252/1234 677/1251/1233 678/1253/1235
f 705/1252/1234 678/1253/1235 704/1254/1236
f 704/1254/1236 678/1253/1235 679/1255/1237
f 704/1254/1236 679/1255/1237 703/1256/1238
f 703/1256/1238 679/1255/1237 680/1257/1239
f 703/1256/1238 680/1257/1239 702/1258/1240
f 702/1258/1240 680/1257/1239 681/1259/1241
f 702/1258/1240 681/1259/1241 701/1260/1242
f 701/1260/1242 681/1259/1241 682/1261/1243
f 701/1260/1242 682/1261/1243 700/1262/1244
f 700/1262/1244 682/1261/1243 683/1263/1245
f 700/1262/1244 683/1263/1245 699/1264/1246
f 699/1264/1246 683/1263/1245 684/1265/1247
f 699/1264/1246 684/1265/1247 698/1266/1248
f 698/1266/1248 684/1265/1247 685/1267/1249
f 698/1266/1248 685/1267/1249 697/1268/1250
f 697/1268/1250 685/1267/1249 686/1269/1251
f 697/1268/1250 686/1269/1251 696/1270/1252
f 696/1270/1252 686/1269/1251 687/1271/1253
f 696/1270/1252 687/1271/1253 695/1272/1254
f 695/1272/1254 687/1271/1253 688/1273/1255
f 695/1272/1254 688/1273/1255 694/1274/1256
f 694/1274/1256 688/1273/1255 689/1275/1257
f 694/1274/1256 689/1275/1257 693/1276/1258
f 693/1276/1258 689/1275/1257 690/1277/1259
f 693/1276/1258 690/1277/1259 692/1278/1260
f 692/1278/1260 690/1277/1259 691/1279/1261
f 727/1280/1262 708/1281/1263 726/1282/1264
f 726/1282/1264 708/1281/1263 709/1283/1265
f 726/1282/1264 709/1283/1265 725/1284/1266
f 725/1284/1266 709/1283/1265 710/1285/1267
f 725/1284/1266 710/1285/1267 724/1286/1268
f 724/1286/1268 710/1285/1267 711/1287/1269
f 724/1286/1268 711/1287/1269 723/1288/1270
f 723/1288/1270 711/1287/1269 712/1289/1271
f 723/1288/1270 712/1289/1271 722/1290/1272
f 722/1290/1272 712/1289/1271 713/1291/1273
f 722/1290/1272 713/1291/1273 721/1292/1274
f 721/1292/1274 713/1291/1273 714/1293/1275
f 721/1292/1274 714/1293/1275 720/1294/1276
f 720/1294/1276 714/1293/1275 715/1295/1277
f 720/1294/1276 715/1295/1277 719/1296/1278
f 719/1296/1278 715/1295/1277 716/1297/1279
f 719/1296/1278 716/1297/1279 718/1298/1280
f 718/1298/1280 716/1297/1279 717/1299/1281
f 728/1300/1282 742/1301/1283 403/1302/1284
f 403/1302/1284 742/1301/1283 743/1303/1285
f 403/1302/1284 743/1303/1285 744/1304/1286
f 744/1304/1286 743/1303/1285 752/1305/1287
f 744/1304/1286 752/1305/1287 753/1306/1288
f 753/1306/1288 752/1305/1287 761/1307/1289
f 753/1306/1288 761/1307/1289 406/1308/1290
f 406/1308/1290 761/1307/1289 407/1309/1291
f 407/1309/1291 761/1307/1289 769/1310/1292
f 407/1309/1291 769/1310/1292 408/1311/1293
f 408/1311/1293 769/1310/1292 777/1312/1294
f 408/1311/1293 777/1312/1294 409/1313/1295
f 409/1313/1295 777/1312/1294 785/1314/1296
f 409/1313/1295 785/1314/1296 410/1315/1297
f 410/1315/1297 785/1314/1296 793/1316/1298
f 410/1315/1297 793/1316/1298 411/1317/1299
f 411/1317/1299 793/1316/1298 801/1318/1300
f 411/1317/1299 801/1318/1300 412/1319/1301
f 412/1319/1301 801/1318/1300 800/1320/1302
f 412/1319/1301 800/1320/1302 799/1321/1303
f 799/1321/1303 800/1320/1302 791/1322/1304
f 799/1321/1303 791/1322/1304 790/1323/1305
f 790/1323/1305 791/1322/1304 782/1324/1306
f 790/1323/1305 782/1324/1306 781/1325/1307
f 781/1325/1307 782/1324/1306 773/1326/1308
f 781/1325/1307 773/1326/1308 772/1327/1309
f 772/1327/1309 773/1326/1308 764/1328/1310
f 772/1327/1309 764/1328/1310 763/1329/1311
f 763/1329/1311 764/1328/1310 755/1330/1312
f 763/1329/1311 755/1330/1312 754/1331/1313
f 754/1331/1313 755/1330/1312 746/1332/1314
f 754/1331/1313 746/1332/1314 730/1333/1315
f 730/1333/1315 746/1332/1314 729/1334/1316
f 729/1334/1316 746/1332/1314 738/1335/1317
f 729/1334/1316 738/1335/1317 728/1300/1282
f 728/1300/1282 738/1335/1317 739/1336/1318
f 728/1300/1282 739/1336/1318 740/1337/1319
f 740/1337/1319 739/1336/1318 748/1338/1320
f 740/1337/1319 748/1338/1320 749/1339/1321
f 749/1339/1321 748/1338/1320 757/1340/1322
f 749/1339/1321 757/1340/1322 758/1341/1323
f 758/1341/1323 757/1340/1322 766/1342/1324
f 758/1341/1323 766/1342/1324 767/1343/1325
f 767/1343/1325 766/1342/1324 775/1344/1326
f 767/1343/1325 775/1344/1326 776/1345/1327
f 776/1345/1327 775/1344/1326 784/1346/1328
f 776/1345/1327 784/1346/1328 785/1314/1296
f 785/1314/1296 784/1346/1328 793/1316/1298
f 730/1333/1315 731/1347/1329 754/1331/1313
f 754/1331/1313 731/1347/1329 762/1348/1330
f 754/1331/1313 762/1348/1330 763/1329/1311
f 763/1329/1311 762/1348/1330 771/1349/1331
f 763/1329/1311 771/1349/1331 772/1327/1309
f 772/1327/1309 771/1349/1331 780/1350/1332
f 772/1327/1309 780/1350/1332 781/1325/1307
f 781/1325/1307 780/1350/1332 789/1351/1333
f 781/1325/1307 789/1351/1333 790/1323/1305
f 790/1323/1305 789/1351/1333 798/1352/1334
f 790/1323/1305 798/1352/1334 799/1321/1303
f 799/1321/1303 798/1352/1334 412/1319/1301
f 731/1347/1329 732/1353/1335 762/1348/1330
f 762/1348/1330 732/1353/1335 770/1354/1336
f 762/1348/1330 770/1354/1336 771/1349/1331
f 771/1349/1331 770/1354/1336 779/1355/1337
f 771/1349/1331 779/1355/1337 780/1350/1332
f 780/1350/1332 779/1355/1337 788/1356/1338
f 780/1350/1332 788/1356/1338 789/1351/1333
f 789/1351/1333 788/1356/1338 797/1357/1339
f 789/1351/1333 797/1357/1339 798/1352/1334
f 798/1352/1334 797/1357/1339 412/1319/1301
f 732/1353/1335 733/1358/1340 770/1354/1336
f 770/1354/1336 733/1358/1340 778/1359/1341
f 770/1354/1336 778/1359/1341 779/1355/1337
f 779/1355/1337 778/1359/1341 787/1360/1342
f 779/1355/1337 787/1360/1342 788/1356/1338
f 788/1356/1338 787/1360/1342 796/1361/1343
f 788/1356/1338 796/1361/1343 797/1357/1339
f 797/1357/1339 796/1361/1343 737/1362/1344
f 797/1357/1339 737/1362/1344 412/1319/1301
f 733/1358/1340 734/1363/1345 778/1359/1341
f 778/1359/1341 734/1363/1345 786/1364/1346
f 778/1359/1341 786/1364/1346 787/1360/1342
f 787/1360/1342 786/1364/1346 795/1365/1347
f 787/1360/1342 795/1365/1347 796/1361/1343
f 796/1361/1343 795/1365/1347 737/1362/1344
f 734/1363/1345 735/1366/1348 786/1364/1346
f 786/1364/1346 735/1366/1348 794/1367/1349
f 786/1364/1346 794/1367/1349 795/1365/1347
f 795/1365/1347 794/1367/1349 737/1362/1344
f 735/1366/1348 736/1368/1350 794/1367/1349
f 794/1367/1349 736/1368/1350 737/1362/1344
f 406/1308/1290 405/1369/1351 753/1306/1288
f 753/1306/1288 405/1369/1351 745/1370/1352
f 753/1306/1288 745/1370/1352 744/1304/1286
f 744/1304/1286 745/1370/1352 403/1302/1284
f 405/1369/1351 404/1371/1353 745/1370/1352
f 745/1370/1352 404/1371/1353 403/1302/1284
f 739/1336/1318 738/1335/1317 747/1372/1354
f 747/1372/1354 738/1335/1317 746/1332/1314
f 747/1372/1354 746/1332/1314 755/1330/1312
f 742/1301/1283 728/1300/1282 741/1373/1355
f 741/1373/1355 728/1300/1282 740/1337/1319
f 741/1373/1355 740/1337/1319 749/1339/1321
f 742/1301/1283 741/1373/1355 750/1374/1356
f 750/1374/1356 741/1373/1355 749/1339/1321
f 750/1374/1356 749/1339/1321 758/1341/1323
f 743/1303/1285 742/1301/1283 751/1375/1357
f 751/1375/1357 742/1301/1283 750/1374/1356
f 751/1375/1357 750/1374/1356 759/1376/1358
f 759/1376/1358 750/1374/1356 758/1341/1323
f 759/1376/1358 758/1341/1323 767/1343/1325
f 739/1336/1318 747/1372/1354 748/1338/1320
f 748/1338/1320 747/1372/1354 756/1377/1359
f 748/1338/1320 756/1377/1359 757/1340/1322
f 757/1340/1322 756/1377/1359 765/1378/1360
f 757/1340/1322 765/1378/1360 766/1342/1324
f 766/1342/1324 765/1378/1360 774/1379/1361
f 766/1342/1324 774/1379/1361 775/1344/1326
f 775/1344/1326 774/1379/1361 783/1380/1362
f 775/1344/1326 783/1380/1362 784/1346/1328
f 784/1346/1328 783/1380/1362 792/1381/1363
f 784/1346/1328 792/1381/1363 793/1316/1298
f 793/1316/1298 792/1381/1363 801/1318/1300
f 756/1377/1359 747/1372/1354 755/1330/1312
f 743/1303/1285 751/1375/1357 752/1305/1287
f 752/1305/1287 751/1375/1357 760/1382/1364
f 752/1305/1287 760/1382/1364 761/1307/1289
f 761/1307/1289 760/1382/1364 769/1310/1292
f 760/1382/1364 751/1375/1357 759/1376/1358
f 765/1378/1360 756/1377/1359 764/1328/1310
f 764/1328/1310 756/1377/1359 755/1330/1312
f 760/1382/1364 759/1376/1358 768/1383/1365
f 768/1383/1365 759/1376/1358 767/1343/1325
f 768/1383/1365 767/1343/1325 776/1345/1327
f 774/1379/1361 765/1378/1360 773/1326/1308
f 773/1326/1308 765/1378/1360 764/1328/1310
f 777/1312/1294 769/1310/1292 768/1383/1365
f 768/1383/1365 769/1310/1292 760/1382/1364
f 777/1312/1294 768/1383/1365 776/1345/1327
f 783/1380/1362 774/1379/1361 782/1324/1306
f 782/1324/1306 774/1379/1361 773/1326/1308
f 785/1314/1296 777/1312/1294 776/1345/1327
f 792/1381/1363 783/1380/1362 791/1322/1304
f 791/1322/1304 783/1380/1362 782/1324/1306
f 801/1318/1300 792/1381/1363 800/1320/1302
f 800/1320/1302 792/1381/1363 791/1322/1304
f 664/1384/1229 728/1385/1282 665/1386/1228
f 665/1386/1228 728/1385/1282 108/1387/185
f 665/1386/1228 108/1387/185 538/1388/1366
f 664/1384/1229 802/1389/1367 728/1385/1282
f 728/1385/1282 802/1389/1367 803/1390/1368
f 728/1385/1282 403/1391/1284 108/1387/185
f 108/1387/185 403/1391/1284 87/1392/186
f 87/1392/186 403/1391/1284 570/1393/1369
f 570/1393/1369 403/1391/1284 402/1394/1370
f 538/1388/1366 804/1395/1371 665/1386/1228
f 826/1396/1372 805/1397/1373 825/1398/1374
f 825/1398/1374 805/1397/1373 806/1399/1375
f 825/1398/1374 806/1399/1375 824/1400/1376
f 824/1400/1376 806/1399/1375 807/1401/1377
f 824/1400/1376 807/1401/1377 823/1402/1378
f 823/1402/1378 807/1401/1377 808/1403/1379
f 823/1402/1378 808/1403/1379 822/1404/1380
f 822/1404/1380 808/1403/1379 809/1405/1381
f 822/1404/1380 809/1405/1381 821/1406/1382
f 821/1406/1382 809/1405/1381 810/1407/1383
f 821/1406/1382 810/1407/1383 820/1408/1384
f 820/1408/1384 810/1407/1383 811/1409/1385
f 820/1408/1384 811/1409/1385 819/1410/1386
f 819/1410/1386 811/1409/1385 812/1411/1387
f 819/1410/1386 812/1411/1387 818/1412/1388
f 818/1412/1388 812/1411/1387 813/1413/1389
f 818/1412/1388 813/1413/1389 817/1414/1390
f 817/1414/1390 813/1413/1389 814/1415/1391
f 817/1414/1390 814/1415/1391 816/1416/1392
f 816/1416/1392 814/1415/1391 815/1417/1393
f 816/1418/1392 815/1419/1393 844/1420/1394
f 844/1420/1394 815/1419/1393 827/1421/1395
f 844/1420/1394 827/1421/1395 843/1422/1396
f 843/1422/1396 827/1421/1395 828/1423/1397
f 843/1422/1396 828/1423/1397 842/1424/1398
f 842/1424/1398 828/1423/1397 829/1425/1399
f 842/1424/1398 829/1425/1399 841/1426/1400
f 841/1426/1400 829/1425/1399 830/1427/1401
f 841/1426/1400 830/1427/1401 840/1428/1402
f 840/1428/1402 830/1427/1401 831/1429/1403
f 840/1428/1402 831/1429/1403 839/1430/1404
f 839/1430/1404 831/1429/1403 832/1431/1405
f 839/1430/1404 832/1431/1405 838/1432/1406
f 838/1432/1406 832/1431/1405 833/1433/1407
f 838/1432/1406 833/1433/1407 837/1434/1408
f 837/1434/1408 833/1433/1407 834/1435/1409
f 837/1434/1408 834/1435/1409 836/1436/1410
f 836/1436/1410 834/1435/1409 835/1437/1411
f 814/1438/1412 845/1439/1413 815/1440/1414
f 815/1440/1414 845/1439/1413 846/1441/1415
f 815/1440/1414 846/1441/1415 827/1442/1416
f 827/1442/1416 846/1441/1415 828/1443/1417
f 828/1443/1417 846/1441/1415 829/1444/1418
f 829/1444/1418 846/1441/1415 847/1445/1419
f 829/1444/1418 847/1445/1419 830/1446/1420
f 830/1446/1420 847/1445/1419 831/1447/1421
f 831/1447/1421 847/1445/1419 832/1448/1422
f 832/1448/1422 847/1445/1419 892/1449/1423
f 832/1448/1422 892/1449/1423 833/1450/1424
f 833/1450/1424 892/1449/1423 893/1451/1425
f 833/1450/1424 893/1451/1425 834/1452/1426
f 834/1452/1426 893/1451/1425 835/1453/1427
f 814/1438/1412 813/1454/1428 845/1439/1413
f 845/1439/1413 813/1454/1428 812/1455/1429
f 845/1439/1413 812/1455/1429 811/1456/1430
f 811/1456/1430 810/1457/1431 845/1439/1413
f 845/1439/1413 810/1457/1431 805/1458/1432
f 805/1458/1432 810/1457/1431 809/1459/1433
f 805/1458/1432 809/1459/1433 808/1460/1434
f 808/1460/1434 807/1461/1435 805/1458/1432
f 805/1458/1432 807/1461/1435 806/1462/1436
f 848/1463/1437 849/1464/1438 847/1445/1419
f 847/1445/1419 849/1464/1438 855/1465/1439
f 847/1445/1419 855/1465/1439 856/1466/1440
f 850/1467/1441 851/1468/1442 849/1464/1438
f 849/1464/1438 851/1468/1442 852/1469/1443
f 849/1464/1438 852/1469/1443 853/1470/1444
f 853/1470/1444 854/1471/1445 849/1464/1438
f 849/1464/1438 854/1471/1445 855/1465/1439
f 856/1466/1440 857/1472/1446 847/1445/1419
f 847/1445/1419 857/1472/1446 858/1473/1447
f 847/1445/1419 858/1473/1447 859/1474/1448
f 859/1474/1448 860/1475/1449 847/1445/1419
f 847/1445/1419 860/1475/1449 861/1476/1450
f 847/1445/1419 861/1476/1450 889/1477/1451
f 889/1477/1451 861/1476/1450 862/1478/1452
f 889/1477/1451 862/1478/1452 888/1479/1453
f 888/1479/1453 862/1478/1452 863/1480/1454
f 888/1479/1453 863/1480/1454 864/1481/1455
f 865/1482/1456 870/1483/1457 864/1481/1455
f 864/1481/1455 870/1483/1457 871/1484/1458
f 864/1481/1455 871/1484/1458 872/1485/1459
f 866/1486/1460 867/1487/1461 865/1482/1456
f 865/1482/1456 867/1487/1461 868/1488/1462
f 865/1482/1456 868/1488/1462 869/1489/1463
f 869/1489/1463 870/1483/1457 865/1482/1456
f 872/1485/1459 873/1490/1464 864/1481/1455
f 864/1481/1455 873/1490/1464 874/1491/1465
f 864/1481/1455 874/1491/1465 875/1492/1466
f 876/1493/1467 572/1494/1468 875/1492/1466
f 875/1492/1466 572/1494/1468 571/1495/1469
f 875/1492/1466 571/1495/1469 864/1481/1455
f 864/1481/1455 571/1495/1469 886/1496/1470
f 864/1481/1455 886/1496/1470 887/1497/1471
f 572/1494/1468 876/1493/1467 573/1498/1472
f 573/1498/1472 876/1493/1467 877/1499/1473
f 573/1498/1472 877/1499/1473 574/1500/1474
f 574/1500/1474 877/1499/1473 575/1501/1475
f 575/1501/1475 877/1499/1473 878/1502/1476
f 575/1501/1475 878/1502/1476 576/1503/1477
f 576/1503/1477 878/1502/1476 577/1504/1478
f 577/1504/1478 878/1502/1476 879/1505/1479
f 577/1504/1478 879/1505/1479 578/1506/1480
f 578/1506/1480 879/1505/1479 579/1507/1481
f 579/1507/1481 879/1505/1479 880/1508/1482
f 579/1507/1481 880/1508/1482 580/1509/1483
f 580/1509/1483 880/1508/1482 581/1510/1484
f 581/1510/1484 880/1508/1482 582/1511/1485
f 653/1512/1486 881/1513/1487 571/1495/1469
f 571/1495/1469 881/1513/1487 882/1514/1488
f 571/1495/1469 882/1514/1488 883/1515/1489
f 883/1515/1489 884/1516/1490 571/1495/1469
f 571/1495/1469 884/1516/1490 885/1517/1491
f 571/1495/1469 885/1517/1491 886/1496/1470
f 887/1497/1471 888/1479/1453 864/1481/1455
f 889/1477/1451 890/1518/1492 847/1445/1419
f 847/1445/1419 890/1518/1492 891/1519/1493
f 847/1445/1419 891/1519/1493 892/1449/1423
f 926/1520/1494 894/1521/1495 915/1522/1496
f 915/1522/1496 894/1521/1495 895/1523/1497
f 915/1522/1496 895/1523/1497 896/1524/1498
f 896/1524/1498 897/1525/1499 915/1522/1496
f 915/1522/1496 897/1525/1499 898/1526/1500
f 915/1522/1496 898/1526/1500 899/1527/1501
f 899/1527/1501 900/1528/1502 915/1522/1496
f 915/1522/1496 900/1528/1502 901/1529/1503
f 915/1522/1496 901/1529/1503 902/1530/1504
f 902/1530/1504 903/1531/1505 915/1522/1496
f 915/1522/1496 903/1531/1505 904/1532/1506
f 915/1522/1496 904/1532/1506 905/1533/1507
f 905/1533/1507 906/1534/1508 915/1522/1496
f 915/1522/1496 906/1534/1508 914/1535/1509
f 914/1535/1509 906/1534/1508 907/1536/1510
f 914/1535/1509 907/1536/1510 913/1537/1511
f 913/1537/1511 907/1536/1510 908/1538/1512
f 913/1537/1511 908/1538/1512 912/1539/1513
f 912/1539/1513 908/1538/1512 909/1540/1514
f 912/1539/1513 909/1540/1514 911/1541/1515
f 911/1541/1515 909/1540/1514 910/1542/1516
f 916/1543/1517 917/1544/1518 915/1522/1496
f 915/1522/1496 917/1544/1518 918/1545/1519
f 915/1522/1496 918/1545/1519 919/1546/1520
f 919/1546/1520 920/1547/1521 915/1522/1496
f 915/1522/1496 920/1547/1521 921/1548/1522
f 915/1522/1496 921/1548/1522 922/1549/1523
f 922/1549/1523 923/1550/1524 915/1522/1496
f 915/1522/1496 923/1550/1524 924/1551/1525
f 915/1522/1496 924/1551/1525 925/1552/1526
f 925/1552/1526 926/1520/1494 915/1522/1496
f 928/1553/1527 1001/1554/1528 927/1555/1529
f 927/1555/1529 1001/1554/1528 963/1556/1530
f 927/1557/1529 963/1558/1530 964/1559/1531
f 1001/1554/1528 928/1553/1527 1000/1560/1532
f 1000/1560/1532 928/1553/1527 929/1561/1533
f 1000/1560/1532 929/1561/1533 999/1562/1534
f 999/1562/1534 929/1561/1533 930/1563/1535
f 999/1562/1534 930/1563/1535 998/1564/1536
f 998/1564/1536 930/1563/1535 931/1565/1537
f 998/1564/1536 931/1565/1537 997/1566/1538
f 997/1566/1538 931/1565/1537 932/1567/1539
f 997/1566/1538 932/1567/1539 996/1568/1540
f 996/1568/1540 932/1567/1539 933/1569/1541
f 996/1568/1540 933/1569/1541 995/1570/1542
f 995/1570/1542 933/1569/1541 934/1571/1543
f 995/1570/1542 934/1571/1543 994/1572/1544
f 994/1572/1544 934/1571/1543 935/1573/1545
f 994/1572/1544 935/1573/1545 993/1574/1546
f 993/1574/1546 935/1573/1545 936/1575/1547
f 993/1574/1546 936/1575/1547 992/1576/1548
f 992/1576/1548 936/1575/1547 937/1577/1549
f 992/1576/1548 937/1577/1549 991/1578/1550
f 991/1578/1550 937/1577/1549 938/1579/1551
f 991/1578/1550 938/1579/1551 990/1580/1552
f 990/1580/1552 938/1579/1551 939/1581/1553
f 990/1580/1552 939/1581/1553 989/1582/1554
f 989/1582/1554 939/1581/1553 988/1583/1555
f 988/1583/1555 939/1581/1553 940/1584/1556
f 988/1583/1555 940/1584/1556 987/1585/1557
f 987/1585/1557 940/1584/1556 941/1586/1558
f 987/1585/1557 941/1586/1558 986/1587/1559
f 986/1587/1559 941/1586/1558 942/1588/1560
f 986/1587/1559 942/1588/1560 985/1589/1561
f 985/1589/1561 942/1588/1560 943/1590/1562
f 985/1589/1561 943/1590/1562 984/1591/1563
f 984/1591/1563 943/1590/1562 944/1592/1564
f 984/1591/1563 944/1592/1564 983/1593/1565
f 983/1593/1565 944/1592/1564 945/1594/1566
f 983/1593/1565 945/1594/1566 982/1595/1567
f 982/1595/1567 945/1594/1566 946/1596/1568
f 982/1595/1567 946/1596/1568 981/1597/1569
f 981/1597/1569 946/1596/1568 947/1598/1570
f 981/1597/1569 947/1598/1570 980/1599/1571
f 980/1599/1571 947/1598/1570 948/1600/1572
f 980/1599/1571 948/1600/1572 979/1601/1573
f 979/1601/1573 948/1600/1572 949/1602/1574
f 979/1601/1573 949/1602/1574 978/1603/1575
f 978/1603/1575 949/1602/1574 950/1604/1576
f 978/1603/1575 950/1604/1576 977/1605/1577
f 977/1605/1577 950/1604/1576 951/1606/1578
f 977/1605/1577 951/1606/1578 976/1607/1579
f 976/1607/1579 951/1606/1578 975/1608/1580
f 975/1608/1580 951/1606/1578 952/1609/1581
f 975/1608/1580 952/1609/1581 974/1610/1582
f 974/1610/1582 952/1609/1581 953/1611/1583
f 974/1610/1582 953/1611/1583 973/1612/1584
f 973/1612/1584 953/1611/1583 954/1613/1585
f 973/1612/1584 954/1613/1585 972/1614/1586
f 972/1614/1586 954/1613/1585 955/1615/1587
f 972/1614/1586 955/1615/1587 971/1616/1588
f 971/1616/1588 955/1615/1587 956/1617/1589
f 971/1616/1588 956/1617/1589 970/1618/1590
f 970/1618/1590 956/1617/1589 957/1619/1591
f 970/1618/1590 957/1619/1591 969/1620/1592
f 969/1620/1592 957/1619/1591 958/1621/1593
f 969/1620/1592 958/1621/1593 968/1622/1594
f 968/1622/1594 958/1621/1593 959/1623/1595
f 968/1622/1594 959/1623/1595 967/1624/1596
f 967/1624/1596 959/1623/1595 960/1625/1597
f 967/1624/1596 960/1625/1597 966/1626/1598
f 966/1626/1598 960/1625/1597 961/1627/1599
f 966/1626/1598 961/1627/1599 965/1628/1600
f 965/1628/1600 961/1627/1599 962/1629/1601
f 965/1628/1600 962/1629/1601 964/1559/1531
f 964/1559/1531 962/1629/1601 927/1557/1529
f 844/1630/1602 976/1631/1603 816/1632/1604
f 816/1632/1604 976/1631/1603 975/1633/1605
f 816/1632/1604 975/1633/1605 817/1634/1606
f 817/1634/1606 975/1633/1605 818/1635/1607
f 818/1635/1607 975/1633/1605 974/1636/1608
f 818/1635/1607 974/1636/1608 1046/1637/1609
f 1046/1637/1609 974/1636/1608 973/1638/1610
f 1046/1637/1609 973/1638/1610 1045/1639/1611
f 1045/1639/1611 973/1638/1610 972/1640/1612
f 1045/1639/1611 972/1640/1612 1044/1641/1613
f 1044/1641/1613 972/1640/1612 1043/1642/1614
f 1043/1642/1614 972/1640/1612 971/1643/1615
f 1043/1642/1614 971/1643/1615 1042/1644/1616
f 1042/1644/1616 971/1643/1615 1041/1645/1617
f 1041/1645/1617 971/1643/1615 970/1646/1618
f 1041/1645/1617 970/1646/1618 1040/1647/1619
f 1040/1647/1619 970/1646/1618 969/1648/1620
f 1040/1647/1619 969/1648/1620 1039/1649/1621
f 1039/1649/1621 969/1648/1620 1038/1650/1622
f 1038/1650/1622 969/1648/1620 968/1651/1623
f 1038/1650/1622 968/1651/1623 1037/1652/1624
f 1037/1652/1624 968/1651/1623 1036/1653/1625
f 1036/1653/1625 968/1651/1623 967/1654/1626
f 1036/1653/1625 967/1654/1626 1035/1655/1627
f 1035/1655/1627 967/1654/1626 966/1656/1628
f 1035/1655/1627 966/1656/1628 1034/1657/1629
f 1034/1657/1629 966/1656/1628 965/1658/1630
f 1034/1657/1629 965/1658/1630 1033/1659/1631
f 1033/1659/1631 965/1658/1630 1032/1660/1632
f 1032/1660/1632 965/1658/1630 964/1661/1633
f 1032/1660/1632 964/1661/1633 1031/1662/1634
f 1031/1662/1634 964/1661/1633 963/1663/1635
f 1031/1662/1634 963/1663/1635 1030/1664/1636
f 1030/1664/1636 963/1663/1635 1001/1665/1637
f 1030/1664/1636 1001/1665/1637 1029/1666/1638
f 1029/1666/1638 1001/1665/1637 1000/1667/1639
f 1029/1666/1638 1000/1667/1639 1028/1668/1640
f 1028/1668/1640 1000/1667/1639 1027/1669/1641
f 1027/1669/1641 1000/1667/1639 999/1670/1642
f 1027/1669/1641 999/1670/1642 1026/1671/1643
f 1026/1671/1643 999/1670/1642 998/1672/1644
f 1026/1671/1643 998/1672/1644 1025/1673/1645
f 1025/1673/1645 998/1672/1644 997/1674/1646
f 1025/1673/1645 997/1674/1646 1024/1675/1647
f 1024/1675/1647 997/1674/1646 1023/1676/1648
f 1023/1676/1648 997/1674/1646 996/1677/1649
f 1023/1676/1648 996/1677/1649 1022/1678/1650
f 1022/1678/1650 996/1677/1649 1021/1679/1651
f 1021/1679/1651 996/1677/1649 995/1680/1652
f 1021/1679/1651 995/1680/1652 1020/1681/1653
f 1020/1681/1653 995/1680/1652 994/1682/1654
f 1020/1681/1653 994/1682/1654 1019/1683/1655
f 1019/1683/1655 994/1682/1654 1018/1684/1656
f 1018/1684/1656 994/1682/1654 993/1685/1657
f 1018/1684/1656 993/1685/1657 1017/1686/1658
f 1017/1686/1658 993/1685/1657 1016/1687/1659
f 1016/1687/1659 993/1685/1657 992/1688/1660
f 1016/1687/1659 992/1688/1660 803/1689/1661
f 803/1689/1661 992/1688/1660 991/1690/1662
f 803/1689/1661 991/1690/1662 990/1691/1663
f 976/1631/1603 844/1630/1602 977/1692/1664
f 977/1692/1664 844/1630/1602 843/1693/1665
f 977/1692/1664 843/1693/1665 842/1694/1666
f 977/1692/1664 842/1694/1666 978/1695/1667
f 978/1695/1667 842/1694/1666 841/1696/1668
f 978/1695/1667 841/1696/1668 979/1697/1669
f 979/1697/1669 841/1696/1668 840/1698/1670
f 979/1697/1669 840/1698/1670 839/1699/1671
f 979/1697/1669 839/1699/1671 980/1700/1672
f 980/1700/1672 839/1699/1671 838/1701/1673
f 980/1700/1672 838/1701/1673 981/1702/1674
f 981/1702/1674 838/1701/1673 837/1703/1675
f 981/1702/1674 837/1703/1675 836/1704/1676
f 1002/1705/1677 1008/1706/1678 836/1704/1676
f 836/1704/1676 1008/1706/1678 1009/1707/1679
f 836/1704/1676 1009/1707/1679 1010/1708/1680
f 1003/1709/1681 1004/1710/1682 1002/1705/1677
f 1002/1705/1677 1004/1710/1682 1005/1711/1683
f 1002/1705/1677 1005/1711/1683 1006/1712/1684
f 1006/1712/1684 1007/1713/1685 1002/1705/1677
f 1002/1705/1677 1007/1713/1685 1008/1706/1678
f 1010/1708/1680 1011/1714/1686 836/1704/1676
f 836/1704/1676 1011/1714/1686 985/1715/1687
f 836/1704/1676 985/1715/1687 984/1716/1688
f 1011/1714/1686 1012/1717/1689 985/1715/1687
f 985/1715/1687 1012/1717/1689 986/1718/1690
f 986/1718/1690 1012/1717/1689 1013/1719/1691
f 986/1718/1690 1013/1719/1691 1014/1720/1692
f 986/1718/1690 1014/1720/1692 987/1721/1693
f 987/1721/1693 1014/1720/1692 1015/1722/1694
f 987/1721/1693 1015/1722/1694 737/1723/1695
f 987/1721/1693 737/1723/1695 988/1724/1696
f 988/1724/1696 737/1723/1695 736/1725/1697
f 988/1724/1696 736/1725/1697 989/1726/1698
f 989/1726/1698 736/1725/1697 735/1727/1699
f 989/1726/1698 735/1727/1699 803/1689/1661
f 803/1689/1661 735/1727/1699 734/1728/1700
f 803/1689/1661 734/1728/1700 733/1729/1701
f 733/1729/1701 732/1730/1702 803/1689/1661
f 803/1689/1661 732/1730/1702 731/1731/1703
f 803/1689/1661 731/1731/1703 730/1732/1704
f 730/1732/1704 729/1733/1705 803/1689/1661
f 803/1689/1661 729/1733/1705 728/1734/1706
f 826/1735/1707 825/1736/1708 1046/1637/1609
f 1046/1637/1609 825/1736/1708 824/1737/1709
f 1046/1637/1609 824/1737/1709 823/1738/1710
f 823/1738/1710 822/1739/1711 1046/1637/1609
f 1046/1637/1609 822/1739/1711 821/1740/1712
f 1046/1637/1609 821/1740/1712 820/1741/1713
f 820/1741/1713 819/1742/1714 1046/1637/1609
f 1046/1637/1609 819/1742/1714 818/1635/1607
f 990/1691/1663 989/1726/1698 803/1689/1661
f 984/1716/1688 983/1743/1715 836/1704/1676
f 836/1704/1676 983/1743/1715 982/1744/1716
f 836/1704/1676 982/1744/1716 981/1702/1674
f 1048/1745/1717 928/1746/1718 1047/1747/1719
f 1047/1747/1719 928/1746/1718 927/1748/1720
f 1047/1749/1719 927/1750/1720 1082/1751/1721
f 1082/1751/1721 927/1750/1720 962/1752/1722
f 1082/1751/1721 962/1752/1722 1081/1753/1723
f 1081/1753/1723 962/1752/1722 961/1754/1724
f 1081/1753/1723 961/1754/1724 1080/1755/1725
f 1080/1755/1725 961/1754/1724 960/1756/1726
f 1080/1755/1725 960/1756/1726 1079/1757/1727
f 1079/1757/1727 960/1756/1726 959/1758/1728
f 1079/1757/1727 959/1758/1728 1078/1759/1729
f 1078/1759/1729 959/1758/1728 958/1760/1730
f 1078/1759/1729 958/1760/1730 1077/1761/1731
f 1077/1761/1731 958/1760/1730 957/1762/1732
f 1077/1761/1731 957/1762/1732 1076/1763/1733
f 1076/1763/1733 957/1762/1732 956/1764/1734
f 1076/1763/1733 956/1764/1734 1075/1765/1735
f 1075/1765/1735 956/1764/1734 955/1766/1736
f 1075/1765/1735 955/1766/1736 1074/1767/1737
f 1074/1767/1737 955/1766/1736 954/1768/1738
f 1074/1767/1737 954/1768/1738 1073/1769/1739
f 1073/1769/1739 954/1768/1738 953/1770/1740
f 1073/1769/1739 953/1770/1740 1072/1771/1741
f 1072/1771/1741 953/1770/1740 952/1772/1742
f 1072/1771/1741 952/1772/1742 1071/1773/1743
f 1071/1773/1743 952/1772/1742 951/1774/1744
f 1071/1773/1743 951/1774/1744 1070/1775/1745
f 1070/1775/1745 951/1774/1744 950/1776/1746
f 1070/1775/1745 950/1776/1746 1069/1777/1747
f 1069/1777/1747 950/1776/1746 949/1778/1748
f 1069/1777/1747 949/1778/1748 1068/1779/1749
f 1068/1779/1749 949/1778/1748 948/1780/1750
f 1068/1779/1749 948/1780/1750 1067/1781/1751
f 1067/1781/1751 948/1780/1750 947/1782/1752
f 1067/1781/1751 947/1782/1752 1066/1783/1753
f 1066/1783/1753 947/1782/1752 946/1784/1754
f 1066/1783/1753 946/1784/1754 1065/1785/1755
f 1065/1785/1755 946/1784/1754 945/1786/1756
f 1065/1785/1755 945/1786/1756 1064/1787/1757
f 1064/1787/1757 945/1786/1756 944/1788/1758
f 1064/1787/1757 944/1788/1758 1063/1789/1759
f 1063/1789/1759 944/1788/1758 943/1790/1760
f 1063/1789/1759 943/1790/1760 1062/1791/1761
f 1062/1791/1761 943/1790/1760 942/1792/1762
f 1062/1791/1761 942/1792/1762 1061/1793/1763
f 1061/1793/1763 942/1792/1762 941/1794/1764
f 1061/1793/1763 941/1794/1764 1060/1795/1765
f 1060/1795/1765 941/1794/1764 940/1796/1766
f 1060/1795/1765 940/1796/1766 1059/1797/1767
f 1059/1797/1767 940/1796/1766 939/1798/1768
f 1059/1797/1767 939/1798/1768 1058/1799/1769
f 1058/1799/1769 939/1798/1768 938/1800/1770
f 1058/1799/1769 938/1800/1770 1057/1801/1771
f 1057/1801/1771 938/1800/1770 937/1802/1772
f 1057/1801/1771 937/1802/1772 1056/1803/1773
f 1056/1803/1773 937/1802/1772 936/1804/1774
f 1056/1803/1773 936/1804/1774 1055/1805/1775
f 1055/1805/1775 936/1804/1774 935/1806/1776
f 1055/1805/1775 935/1806/1776 1054/1807/1777
f 1054/1807/1777 935/1806/1776 934/1808/1778
f 1054/1807/1777 934/1808/1778 1053/1809/1779
f 1053/1809/1779 934/1808/1778 933/1810/1780
f 1053/1809/1779 933/1810/1780 1052/1811/1781
f 1052/1811/1781 933/1810/1780 932/1812/1782
f 1052/1811/1781 932/1812/1782 1051/1813/1783
f 1051/1813/1783 932/1812/1782 931/1814/1784
f 1051/1813/1783 931/1814/1784 1050/1815/1785
f 1050/1815/1785 931/1814/1784 930/1816/1786
f 1050/1815/1785 930/1816/1786 1049/1817/1787
f 1049/1817/1787 930/1816/1786 929/1818/1788
f 1049/1817/1787 929/1818/1788 1048/1745/1717
f 1048/1745/1717 929/1818/1788 928/1746/1718
f 909/1819/1789 1093/1820/1790 910/1821/1791
f 910/1821/1791 1093/1820/1790 1094/1822/1792
f 910/1821/1791 1094/1822/1792 1122/1823/1793
f 1122/1823/1793 1094/1822/1792 1095/1824/1794
f 1122/1823/1793 1095/1824/1794 1121/1825/1795
f 1121/1825/1795 1095/1824/1794 1096/1826/1796
f 1121/1825/1795 1096/1826/1796 1120/1827/1797
f 1120/1827/1797 1096/1826/1796 1097/1828/1798
f 1120/1827/1797 1097/1828/1798 1119/1829/1799
f 1119/1829/1799 1097/1828/1798 1098/1830/1800
f 1119/1829/1799 1098/1830/1800 1118/1831/1801
f 1118/1832/1801 1098/1833/1800 1117/1834/1802
f 1117/1834/1802 1098/1833/1800 1099/1835/1803
f 1117/1834/1802 1099/1835/1803 1116/1836/1804
f 1116/1836/1804 1099/1835/1803 1100/1837/1805
f 1116/1836/1804 1100/1837/1805 1115/1838/1806
f 1115/1838/1806 1100/1837/1805 1101/1839/1807
f 1115/1838/1806 1101/1839/1807 1114/1840/1808
f 1114/1840/1808 1101/1839/1807 1102/1841/1809
f 1114/1840/1808 1102/1841/1809 911/1842/1810
f 911/1842/1810 1102/1841/1809 1103/1843/1811
f 911/1842/1810 1103/1843/1811 912/1844/1812
f 912/1844/1812 1103/1843/1811 1104/1845/1813
f 912/1844/1812 1104/1845/1813 913/1846/1814
f 913/1846/1814 1104/1845/1813 1105/1847/1815
f 913/1846/1814 1105/1847/1815 914/1848/1816
f 914/1848/1816 1105/1847/1815 915/1849/1817
f 915/1849/1817 1105/1847/1815 1106/1850/1818
f 915/1849/1817 1106/1850/1818 916/1851/1819
f 916/1851/1819 1106/1850/1818 1107/1852/1820
f 916/1851/1819 1107/1852/1820 917/1853/1821
f 917/1853/1821 1107/1852/1820 918/1854/1822
f 918/1854/1822 1107/1852/1820 1108/1855/1823
f 918/1854/1822 1108/1855/1823 919/1856/1824
f 919/1856/1824 1108/1855/1823 1109/1857/1825
f 919/1856/1824 1109/1857/1825 920/1858/1826
f 920/1858/1826 1109/1857/1825 921/1859/1827
f 921/1859/1827 1109/1857/1825 1110/1860/1828
f 921/1859/1827 1110/1860/1828 922/1861/1829
f 922/1861/1829 1110/1860/1828 1111/1862/1830
f 922/1861/1829 1111/1862/1830 923/1863/1831
f 923/1863/1831 1111/1862/1830 1112/1864/1832
f 923/1863/1831 1112/1864/1832 924/1865/1833
f 924/1865/1833 1112/1864/1832 925/1866/1834
f 925/1866/1834 1112/1864/1832 1113/1867/1835
f 925/1866/1834 1113/1867/1835 926/1868/1836
f 926/1868/1836 1113/1867/1835 894/1869/1837
f 1093/1820/1790 909/1819/1789 1092/1870/1838
f 1092/1870/1838 909/1819/1789 908/1871/1839
f 1092/1870/1838 908/1871/1839 907/1872/1840
f 1092/1870/1838 907/1872/1840 1091/1873/1841
f 1091/1873/1841 907/1872/1840 906/1874/1842
f 1091/1873/1841 906/1874/1842 1090/1875/1843
f 1090/1875/1843 906/1874/1842 905/1876/1844
f 1090/1875/1843 905/1876/1844 1089/1877/1845
f 1089/1877/1845 905/1876/1844 904/1878/1846
f 1089/1877/1845 904/1878/1846 903/1879/1847
f 1089/1877/1845 903/1879/1847 1088/1880/1848
f 1088/1880/1848 903/1879/1847 902/1881/1849
f 1088/1880/1848 902/1881/1849 1087/1882/1850
f 1087/1882/1850 902/1881/1849 901/1883/1851
f 1087/1882/1850 901/1883/1851 900/1884/1852
f 1087/1882/1850 900/1884/1852 1086/1885/1853
f 1086/1885/1853 900/1884/1852 899/1886/1854
f 1086/1885/1853 899/1886/1854 1085/1887/1855
f 1085/1887/1855 899/1886/1854 898/1888/1856
f 1085/1887/1855 898/1888/1856 897/1889/1857
f 1085/1887/1855 897/1889/1857 1084/1890/1858
f 1084/1890/1858 897/1889/1857 896/1891/1859
f 1084/1890/1858 896/1891/1859 1083/1892/1860
f 1083/1892/1860 896/1891/1859 895/1893/1861
f 1083/1892/1860 895/1893/1861 894/1869/1837
f 911/1894/1862 910/1895/1863 1114/1896/1864
f 1114/1896/1864 910/1895/1863 1122/1897/1865
f 1114/1896/1864 1122/1897/1865 1115/1898/1866
f 1115/1898/1866 1122/1897/1865 1121/1899/1867
f 1115/1898/1866 1121/1899/1867 1116/1900/1868
f 1116/1900/1868 1121/1899/1867 1120/1901/1869
f 1116/1900/1868 1120/1901/1869 1117/1902/1870
f 1117/1902/1870 1120/1901/1869 1119/1903/1871
f 1117/1902/1870 1119/1903/1871 1118/1904/1872
f 847/1905/1873 846/1906/1874 260/1907/1875
f 260/1907/1875 846/1906/1874 261/1908/1876
f 11/1909/1877 848/1910/1878 9/1911/1879
f 9/1911/1879 848/1910/1878 847/1912/1880
f 9/1911/1879 847/1912/1880 3/1913/1881
f 3/1913/1881 847/1912/1880 260/1914/1882
f 3/1913/1881 260/1914/1882 259/1915/1883
f 259/1915/1883 4/1916/1884 3/1913/1881
f 26/1917/1885 262/1918/1886 22/1919/1887
f 22/1919/1887 262/1918/1886 261/1920/1888
f 22/1919/1887 261/1920/1888 846/1921/1889
f 22/1919/1887 846/1921/1889 23/1922/1890
f 23/1922/1890 846/1921/1889 845/1923/1891
f 23/1922/1890 845/1923/1891 28/1924/1892
f 849/1925/1893 1123/1926/1894 850/1927/1895
f 850/1927/1895 1123/1926/1894 1124/1928/1896
f 850/1927/1895 1124/1928/1896 851/1929/1897
f 851/1929/1897 1124/1928/1896 1125/1930/1898
f 851/1929/1897 1125/1930/1898 852/1931/1899
f 852/1931/1899 1125/1930/1898 1126/1932/1900
f 852/1931/1899 1126/1932/1900 853/1933/1901
f 853/1933/1901 1126/1932/1900 1127/1934/1902
f 853/1933/1901 1127/1934/1902 854/1935/1903
f 854/1935/1903 1127/1934/1902 1128/1936/1904
f 854/1935/1903 1128/1936/1904 855/1937/1905
f 855/1937/1905 1128/1936/1904 1129/1938/1906
f 855/1937/1905 1129/1938/1906 856/1939/1907
f 856/1939/1907 1129/1938/1906 1130/1940/1908
f 856/1939/1907 1130/1940/1908 857/1941/1909
f 857/1941/1909 1130/1940/1908 1131/1942/1910
f 857/1941/1909 1131/1942/1910 858/1943/1911
f 858/1943/1911 1131/1942/1910 1132/1944/1912
f 858/1943/1911 1132/1944/1912 859/1945/1913
f 859/1945/1913 1132/1944/1912 1133/1946/1914
f 859/1945/1913 1133/1946/1914 860/1947/1915
f 860/1947/1915 1133/1946/1914 1134/1948/1916
f 860/1947/1915 1134/1948/1916 861/1949/1917
f 861/1949/1917 1134/1948/1916 1135/1950/1918
f 861/1949/1917 1135/1950/1918 862/1951/1919
f 862/1951/1919 1135/1950/1918 1136/1952/1920
f 862/1951/1919 1136/1952/1920 863/1953/1921
f 863/1953/1921 1136/1952/1920 1137/1954/1922
f 863/1953/1921 1137/1954/1922 864/1955/1923
f 864/1955/1923 1137/1954/1922 1138/1956/1924
f 880/1957/1925 1144/1958/1926 582/1959/1174
f 582/1959/1174 1144/1958/1926 1145/1960/1927
f 582/1959/1174 1145/1960/1927 1148/1961/1928
f 1148/1961/1928 1145/1960/1927 1150/1962/1929
f 1148/1961/1928 1150/1962/1929 1151/1963/1930
f 1151/1963/1930 1150/1962/1929 1153/1964/1931
f 1151/1963/1930 1153/1964/1931 537/1965/1932
f 537/1965/1932 1153/1964/1931 538/1966/1933
f 538/1966/1933 1153/1964/1931 1152/1967/1934
f 538/1966/1933 1152/1967/1934 804/1968/1935
f 804/1968/1935 1152/1967/1934 1147/1969/1936
f 1147/1969/1936 1152/1967/1934 1146/1970/1937
f 1146/1970/1937 1152/1967/1934 1150/1962/1929
f 1146/1970/1937 1150/1962/1929 1145/1960/1927
f 1144/1958/1926 880/1957/1925 1143/1971/1938
f 1143/1971/1938 880/1957/1925 879/1972/1939
f 1143/1971/1938 879/1972/1939 1142/1973/1940
f 1142/1973/1940 879/1972/1939 878/1974/1941
f 1142/1973/1940 878/1974/1941 1141/1975/1942
f 1141/1975/1942 878/1974/1941 877/1976/1943
f 1141/1975/1942 877/1976/1943 1140/1977/1944
f 1140/1977/1944 877/1976/1943 876/1978/1945
f 1140/1977/1944 876/1978/1945 1139/1979/1946
f 1139/1979/1946 876/1978/1945 875/1980/1947
f 537/1965/1932 536/1981/1948 1151/1963/1930
f 1151/1963/1930 536/1981/1948 1149/1982/1949
f 1151/1963/1930 1149/1982/1949 1148/1961/1928
f 1148/1961/1928 1149/1982/1949 582/1959/1174
f 536/1981/1948 535/1983/1950 1149/1982/1949
f 1149/1982/1949 535/1983/1950 226/1984/1135
f 1149/1982/1949 226/1984/1135 582/1959/1174
f 535/1983/1950 534/1985/1951 226/1984/1135
f 226/1984/1135 534/1985/1951 227/1986/1952
f 227/1986/1952 534/1985/1951 533/1987/1953
f 227/1986/1952 533/1987/1953 228/1988/1954
f 228/1988/1954 533/1987/1953 532/1989/1955
f 228/1988/1954 532/1989/1955 229/1990/1956
f 229/1990/1956 532/1989/1955 531/1991/1957
f 229/1990/1956 531/1991/1957 230/1992/1958
f 230/1992/1958 531/1991/1957 530/1993/1959
f 230/1992/1958 530/1993/1959 231/1994/1960
f 231/1994/1960 530/1993/1959 519/1995/1961
f 231/1994/1960 519/1995/1961 232/1996/1962
f 1153/1964/1931 1150/1962/1929 1152/1967/1934
f 1154/1997/1963 1139/1998/1964 874/1999/1965
f 874/1999/1965 1139/1998/1964 875/2000/1966
f 865/2001/1967 1155/2002/1968 866/2003/1969
f 866/2003/1969 1155/2002/1968 1156/2004/1970
f 866/2003/1969 1156/2004/1970 867/2005/1971
f 867/2005/1971 1156/2004/1970 1157/2006/1972
f 867/2005/1971 1157/2006/1972 868/2007/1973
f 868/2007/1973 1157/2006/1972 1158/2008/1974
f 868/2007/1973 1158/2008/1974 869/2009/1975
f 869/2009/1975 1158/2008/1974 1159/2010/1976
f 869/2009/1975 1159/2010/1976 870/2011/1977
f 870/2011/1977 1159/2010/1976 1160/2012/1978
f 870/2011/1977 1160/2012/1978 871/2013/1979
f 871/2013/1979 1160/2012/1978 1161/2014/1980
f 871/2013/1979 1161/2014/1980 872/2015/1981
f 872/2015/1981 1161/2014/1980 1162/2016/1982
f 872/2015/1981 1162/2016/1982 873/2017/1983
f 873/2017/1983 1162/2016/1982 1163/2018/1984
f 873/2017/1983 1163/2018/1984 874/2019/1985
f 874/2019/1985 1163/2018/1984 1154/2020/1986
f 1138/2021/1987 1155/2022/1988 864/2023/1989
f 864/2023/1989 1155/2022/1988 865/2024/1990
f 1083/2025/1991 894/2026/1992 1138/2027/1993
f 1138/2027/1993 894/2026/1992 1113/2028/1994
f 1138/2027/1993 1113/2028/1994 1112/2029/1995
f 1138/2027/1993 1112/2029/1995 1139/2030/1996
f 1139/2030/1996 1112/2029/1995 1111/2031/1997
f 1139/2030/1996 1111/2031/1997 1110/2032/1998
f 1110/2032/1998 1109/2033/1999 1139/2030/1996
f 1139/2030/1996 1109/2033/1999 1140/2034/2000
f 1140/2034/2000 1109/2033/1999 1141/2035/2001
f 1141/2035/2001 1109/2033/1999 1142/2036/2002
f 1142/2036/2002 1109/2033/1999 1108/2037/2003
f 1142/2036/2002 1108/2037/2003 1143/2038/2004
f 1143/2038/2004 1108/2037/2003 1144/2039/2005
f 1144/2039/2005 1108/2037/2003 1107/2040/2006
f 1144/2039/2005 1107/2040/2006 1145/2041/2007
f 1145/2041/2007 1107/2040/2006 1146/2042/2008
f 1146/2042/2008 1107/2040/2006 1147/2043/2009
f 1147/2043/2009 1107/2040/2006 1106/2044/2010
f 1147/2043/2009 1106/2044/2010 804/2045/2011
f 804/2045/2011 1106/2044/2010 1105/2046/2012
f 804/2045/2011 1105/2046/2012 1104/2047/2013
f 804/2045/2011 1104/2047/2013 671/2048/2014
f 671/2048/2014 1104/2047/2013 1103/2049/2015
f 671/2048/2014 1103/2049/2015 1102/2050/2016
f 1102/2050/2016 1101/2051/2017 671/2048/2014
f 671/2048/2014 1101/2051/2017 1100/2052/2018
f 671/2048/2014 1100/2052/2018 1099/2053/2019
f 1098/2054/2020 683/2055/2021 1099/2053/2019
f 1099/2053/2019 683/2055/2021 682/2056/2022
f 1099/2053/2019 682/2056/2022 681/2057/2023
f 1097/2058/2024 685/2059/2025 1098/2054/2020
f 1098/2054/2020 685/2059/2025 684/2060/2026
f 1098/2054/2020 684/2060/2026 683/2055/2021
f 685/2059/2025 1097/2058/2024 686/2061/2027
f 686/2061/2027 1097/2058/2024 1096/2062/2028
f 686/2061/2027 1096/2062/2028 687/2063/2029
f 687/2063/2029 1096/2062/2028 688/2064/2030
f 688/2064/2030 1096/2062/2028 1095/2065/2031
f 688/2064/2030 1095/2065/2031 689/2066/2032
f 689/2066/2032 1095/2065/2031 1094/2067/2033
f 689/2066/2032 1094/2067/2033 690/2068/2034
f 690/2068/2034 1094/2067/2033 691/2069/2035
f 691/2069/2035 1094/2067/2033 1093/2070/2036
f 691/2069/2035 1093/2070/2036 718/2071/2037
f 718/2071/2037 1093/2070/2036 1092/2072/2038
f 718/2071/2037 1092/2072/2038 719/2073/2039
f 719/2073/2039 1092/2072/2038 1123/2074/2040
f 719/2073/2039 1123/2074/2040 720/2075/2041
f 720/2075/2041 1123/2074/2040 721/2076/2042
f 721/2076/2042 1123/2074/2040 722/2077/2043
f 722/2077/2043 1123/2074/2040 723/2078/2044
f 723/2078/2044 1123/2074/2040 724/2079/2045
f 724/2079/2045 1123/2074/2040 725/2080/2046
f 725/2080/2046 1123/2074/2040 726/2081/2047
f 726/2081/2047 1123/2074/2040 727/2082/2048
f 1092/2072/2038 1091/2083/2049 1123/2074/2040
f 1123/2074/2040 1091/2083/2049 1090/2084/2050
f 1123/2074/2040 1090/2084/2050 1124/2085/2051
f 1124/2085/2051 1090/2084/2050 1089/2086/2052
f 1124/2085/2051 1089/2086/2052 1125/2087/2053
f 1125/2087/2053 1089/2086/2052 1126/2088/2054
f 1126/2088/2054 1089/2086/2052 1127/2089/2055
f 1127/2089/2055 1089/2086/2052 1088/2090/2056
f 1127/2089/2055 1088/2090/2056 1128/2091/2057
f 1128/2091/2057 1088/2090/2056 1129/2092/2058
f 1129/2092/2058 1088/2090/2056 1130/2093/2059
f 1130/2093/2059 1088/2090/2056 1087/2094/2060
f 1130/2093/2059 1087/2094/2060 1131/2095/2061
f 1131/2095/2061 1087/2094/2060 1132/2096/2062
f 1132/2096/2062 1087/2094/2060 1086/2097/2063
f 1132/2096/2062 1086/2097/2063 1133/2098/2064
f 1133/2098/2064 1086/2097/2063 1134/2099/2065
f 1134/2099/2065 1086/2097/2063 1085/2100/2066
f 1134/2099/2065 1085/2100/2066 1135/2101/2067
f 1135/2101/2067 1085/2100/2066 1084/2102/2068
f 1135/2101/2067 1084/2102/2068 1136/2103/2069
f 1136/2103/2069 1084/2102/2068 1137/2104/2070
f 1137/2104/2070 1084/2102/2068 1083/2025/1991
f 1137/2104/2070 1083/2025/1991 1138/2027/1993
f 681/2057/2023 680/2105/2071 1099/2053/2019
f 1099/2053/2019 680/2105/2071 679/2106/2072
f 1099/2053/2019 679/2106/2072 678/2107/2073
f 678/2107/2073 677/2108/2074 1099/2053/2019
f 1099/2053/2019 677/2108/2074 676/2109/2075
f 1099/2053/2019 676/2109/2075 675/2110/2076
f 675/2110/2076 674/2111/2077 1099/2053/2019
f 1099/2053/2019 674/2111/2077 673/2112/2078
f 1099/2053/2019 673/2112/2078 672/2113/2079
f 672/2113/2079 671/2048/2014 1099/2053/2019
f 671/2048/2014 670/2114/2080 804/2045/2011
f 804/2045/2011 670/2114/2080 669/2115/2081
f 804/2045/2011 669/2115/2081 668/2116/2082
f 668/2116/2082 667/2117/2083 804/2045/2011
f 804/2045/2011 667/2117/2083 666/2118/2084
f 804/2045/2011 666/2118/2084 665/2119/2085
f 1139/2030/1996 1154/2120/2086 1138/2027/1993
f 1138/2027/1993 1154/2120/2086 1155/2121/2087
f 1155/2121/2087 1154/2120/2086 1156/2122/2088
f 1156/2122/2088 1154/2120/2086 1157/2123/2089
f 1157/2123/2089 1154/2120/2086 1158/2124/2090
f 1158/2124/2090 1154/2120/2086 1159/2125/2091
f 1159/2125/2091 1154/2120/2086 1160/2126/2092
f 1160/2126/2092 1154/2120/2086 1161/2127/2093
f 1161/2127/2093 1154/2120/2086 1162/2128/2094
f 1162/2128/2094 1154/2120/2086 1163/2129/2095
f 1002/2130/2096 836/2131/2097 893/2132/2098
f 893/2132/2098 836/2131/2097 835/2133/2099
f 887/2134/2100 1008/2135/2101 888/2136/2102
f 888/2136/2102 1008/2135/2101 1007/2137/2103
f 888/2136/2102 1007/2137/2103 889/2138/2104
f 889/2138/2104 1007/2137/2103 1006/2139/2105
f 889/2138/2104 1006/2139/2105 890/2140/2106
f 890/2140/2106 1006/2139/2105 1005/2141/2107
f 890/2140/2106 1005/2141/2107 891/2142/2108
f 891/2142/2108 1005/2141/2107 1004/2143/2109
f 891/2142/2108 1004/2143/2109 892/2144/2110
f 892/2144/2110 1004/2143/2109 1003/2145/2111
f 892/2144/2110 1003/2145/2111 893/2146/2112
f 893/2146/2112 1003/2145/2111 1002/2147/2113
f 413/2148/2114 412/2149/1301 1164/2150/2115
f 1164/2150/2115 412/2149/1301 737/2151/1344
f 1164/2150/2115 737/2151/1344 1015/2152/2116
f 1164/2150/2115 1015/2152/2116 653/2153/2117
f 653/2153/2117 1015/2152/2116 1014/2154/2118
f 653/2153/2117 1014/2154/2118 881/2155/2119
f 881/2155/2119 1014/2154/2118 1013/2156/2120
f 881/2155/2119 1013/2156/2120 882/2157/2121
f 882/2157/2121 1013/2156/2120 1012/2158/2122
f 882/2157/2121 1012/2158/2122 883/2159/2123
f 883/2159/2123 1012/2158/2122 1011/2160/2124
f 883/2159/2123 1011/2160/2124 884/2161/2125
f 884/2161/2125 1011/2160/2124 1010/2162/2126
f 884/2161/2125 1010/2162/2126 885/2163/2127
f 885/2163/2127 1010/2162/2126 1009/2164/2128
f 885/2163/2127 1009/2164/2128 886/2165/2129
f 886/2165/2129 1009/2164/2128 1008/2166/2101
f 886/2165/2129 1008/2166/2101 887/2167/2100
f 653/2153/2117 214/2168/2130 1164/2150/2115
f 1164/2150/2115 214/2168/2130 413/2148/2114
f 413/2148/2114 214/2168/2130 414/2169/2131
f 414/2169/2131 214/2168/2130 213/2170/2132
f 414/2169/2131 213/2170/2132 415/2171/2133
f 415/2171/2133 213/2170/2132 212/2172/2134
f 415/2171/2133 212/2172/2134 416/2173/2135
f 416/2173/2135 212/2172/2134 211/2174/2136
f 416/2173/2135 211/2174/2136 417/2175/2137
f 417/2175/2137 211/2174/2136 210/2176/2138
f 417/2175/2137 210/2176/2138 418/2177/2139
f 418/2177/2139 210/2176/2138 209/2178/2140
f 418/2177/2139 209/2178/2140 419/2179/2141
f 419/2179/2141 209/2178/2140 208/2180/2142
f 419/2179/2141 208/2180/2142 420/2181/942
f 420/2181/942 208/2180/2142 207/2182/941
f 717/2183/1281 692/2184/1260 718/2185/1280
f 718/2185/1280 692/2184/1260 691/2186/1261
f 803/2187/2143 802/2188/2144 1016/2189/2145
f 1016/2189/2145 802/2188/2144 1165/2190/2146
f 1016/2189/2145 1165/2190/2146 1017/2191/2147
f 1017/2191/2147 1165/2190/2146 1166/2192/2148
f 1017/2191/2147 1166/2192/2148 1018/2193/2149
f 1018/2193/2149 1166/2192/2148 1167/2194/2150
f 1018/2193/2149 1167/2194/2150 1019/2195/2151
f 1019/2195/2151 1167/2194/2150 1168/2196/2152
f 1019/2195/2151 1168/2196/2152 1020/2197/2153
f 1020/2197/2153 1168/2196/2152 1169/2198/2154
f 1020/2197/2153 1169/2198/2154 1021/2199/2155
f 1021/2199/2155 1169/2198/2154 1170/2200/2156
f 1021/2199/2155 1170/2200/2156 1022/2201/2157
f 1022/2201/2157 1170/2200/2156 1171/2202/2158
f 1022/2201/2157 1171/2202/2158 1023/2203/2159
f 1023/2203/2159 1171/2202/2158 1172/2204/2160
f 1023/2203/2159 1172/2204/2160 1024/2205/2161
f 1024/2205/2161 1172/2204/2160 1173/2206/2162
f 1024/2205/2161 1173/2206/2162 1025/2207/2163
f 1025/2207/2163 1173/2206/2162 1174/2208/2164
f 1025/2207/2163 1174/2208/2164 1026/2209/2165
f 1026/2209/2165 1174/2208/2164 1175/2210/2166
f 1026/2209/2165 1175/2210/2166 1027/2211/2167
f 1027/2211/2167 1175/2210/2166 1176/2212/2168
f 1027/2211/2167 1176/2212/2168 1028/2213/2169
f 1028/2213/2169 1176/2212/2168 1177/2214/2170
f 1028/2213/2169 1177/2214/2170 1029/2215/2171
f 1029/2215/2171 1177/2214/2170 1178/2216/2172
f 1029/2215/2171 1178/2216/2172 1030/2217/2173
f 1030/2217/2173 1178/2216/2172 1179/2218/2174
f 1030/2217/2173 1179/2218/2174 1031/2219/2175
f 1031/2219/2175 1179/2218/2174 1180/2220/2176
f 1031/2219/2175 1180/2220/2176 1032/2221/2177
f 1032/2221/2177 1180/2220/2176 1181/2222/2178
f 1032/2221/2177 1181/2222/2178 1033/2223/2179
f 1033/2223/2179 1181/2222/2178 1182/2224/2180
f 1033/2223/2179 1182/2224/2180 1034/2225/2181
f 1034/2225/2181 1182/2224/2180 1183/2226/2182
f 1034/2225/2181 1183/2226/2182 1035/2227/2183
f 1035/2227/2183 1183/2226/2182 1184/2228/2184
f 1035/2227/2183 1184/2228/2184 1036/2229/2185
f 1036/2229/2185 1184/2228/2184 1185/2230/2186
f 1036/2229/2185 1185/2230/2186 1037/2231/2187
f 1037/2231/2187 1185/2230/2186 1186/2232/2188
f 1037/2231/2187 1186/2232/2188 1038/2233/2189
f 1038/2233/2189 1186/2232/2188 1187/2234/2190
f 1038/2233/2189 1187/2234/2190 1039/2235/2191
f 1039/2235/2191 1187/2234/2190 1188/2236/2192
f 1039/2235/2191 1188/2236/2192 1040/2237/2193
f 1040/2237/2193 1188/2236/2192 1189/2238/2194
f 1040/2237/2193 1189/2238/2194 1041/2239/2195
f 1041/2239/2195 1189/2238/2194 1190/2240/2196
f 1041/2239/2195 1190/2240/2196 1042/2241/2197
f 1042/2241/2197 1190/2240/2196 1191/2242/2198
f 1042/2241/2197 1191/2242/2198 1043/2243/2199
f 1043/2243/2199 1191/2242/2198 1192/2244/2200
f 1043/2243/2199 1192/2244/2200 1044/2245/2201
f 1044/2245/2201 1192/2244/2200 1193/2246/2202
f 1044/2245/2201 1193/2246/2202 1045/2247/2203
f 1045/2247/2203 1193/2246/2202 1194/2248/2204
f 1045/2247/2203 1194/2248/2204 1046/2249/2205
f 1046/2249/2205 1194/2248/2204 1195/2250/2206
f 663/2251/2207 662/2252/2208 664/2253/2209
f 664/2253/2209 662/2252/2208 661/2254/2210
f 664/2253/2209 661/2254/2210 660/2255/2211
f 660/2255/2211 659/2256/2212 664/2253/2209
f 664/2253/2209 659/2256/2212 658/2257/2213
f 664/2253/2209 658/2257/2213 657/2258/2214
f 657/2258/2214 656/2259/2215 664/2253/2209
f 664/2253/2209 656/2259/2215 655/2260/2216
f 664/2253/2209 655/2260/2216 654/2261/2217
f 654/2261/2217 707/2262/2218 664/2253/2209
f 664/2253/2209 707/2262/2218 706/2263/2219
f 664/2253/2209 706/2263/2219 802/2264/2220
f 802/2264/2220 706/2263/2219 705/2265/2221
f 802/2264/2220 705/2265/2221 704/2266/2222
f 703/2267/2223 1060/2268/2224 704/2266/2222
f 704/2266/2222 1060/2268/2224 1059/2269/2225
f 704/2266/2222 1059/2269/2225 802/2264/2220
f 802/2264/2220 1059/2269/2225 1058/2270/2226
f 802/2264/2220 1058/2270/2226 1057/2271/2227
f 1060/2268/2224 703/2267/2223 1061/2272/2228
f 1061/2272/2228 703/2267/2223 702/2273/2229
f 1061/2272/2228 702/2273/2229 1062/2274/2230
f 1062/2274/2230 702/2273/2229 701/2275/2231
f 1062/2274/2230 701/2275/2231 1063/2276/2232
f 1063/2276/2232 701/2275/2231 700/2277/2233
f 1063/2276/2232 700/2277/2233 1064/2278/2234
f 1064/2278/2234 700/2277/2233 699/2279/2235
f 1064/2278/2234 699/2279/2235 1065/2280/2236
f 1065/2280/2236 699/2279/2235 1066/2281/2237
f 1066/2281/2237 699/2279/2235 698/2282/2238
f 1066/2281/2237 698/2282/2238 1067/2283/2239
f 1067/2283/2239 698/2282/2238 697/2284/2240
f 1067/2283/2239 697/2284/2240 1068/2285/2241
f 1068/2285/2241 697/2284/2240 696/2286/2242
f 1068/2285/2241 696/2286/2242 1069/2287/2243
f 1069/2287/2243 696/2286/2242 695/2288/2244
f 1069/2287/2243 695/2288/2244 1070/2289/2245
f 1070/2289/2245 695/2288/2244 694/2290/2246
f 1070/2289/2245 694/2290/2246 1071/2291/2247
f 1071/2291/2247 694/2290/2246 1195/2292/2248
f 1071/2291/2247 1195/2292/2248 1072/2293/2249
f 1072/2293/2249 1195/2292/2248 1073/2294/2250
f 1073/2294/2250 1195/2292/2248 1074/2295/2251
f 1074/2295/2251 1195/2292/2248 1194/2296/2252
f 1074/2295/2251 1194/2296/2252 1193/2297/2253
f 694/2290/2246 693/2298/2254 1195/2292/2248
f 1195/2292/2248 693/2298/2254 708/2299/2255
f 708/2299/2255 693/2298/2254 692/2300/2256
f 708/2299/2255 692/2300/2256 717/2301/2257
f 717/2301/2257 716/2302/2258 708/2299/2255
f 708/2299/2255 716/2302/2258 715/2303/2259
f 708/2299/2255 715/2303/2259 714/2304/2260
f 714/2304/2260 713/2305/2261 708/2299/2255
f 708/2299/2255 713/2305/2261 712/2306/2262
f 708/2299/2255 712/2306/2262 711/2307/2263
f 711/2307/2263 710/2308/2264 708/2299/2255
f 708/2299/2255 710/2308/2264 709/2309/2265
f 1193/2297/2253 1192/2310/2266 1074/2295/2251
f 1074/2295/2251 1192/2310/2266 1075/2311/2267
f 1075/2311/2267 1192/2310/2266 1191/2312/2268
f 1075/2311/2267 1191/2312/2268 1190/2313/2269
f 1190/2313/2269 1189/2314/2270 1075/2311/2267
f 1075/2311/2267 1189/2314/2270 1076/2315/2271
f 1076/2315/2271 1189/2314/2270 1188/2316/2272
f 1076/2315/2271 1188/2316/2272 1187/2317/2273
f 1076/2315/2271 1187/2317/2273 1077/2318/2274
f 1077/2318/2274 1187/2317/2273 1186/2319/2275
f 1077/2318/2274 1186/2319/2275 1078/2320/2276
f 1078/2320/2276 1186/2319/2275 1185/2321/2277
f 1078/2320/2276 1185/2321/2277 1184/2322/2278
f 1078/2320/2276 1184/2322/2278 1079/2323/2279
f 1079/2323/2279 1184/2322/2278 1183/2324/2280
f 1079/2323/2279 1183/2324/2280 1080/2325/2281
f 1080/2325/2281 1183/2324/2280 1182/2326/2282
f 1080/2325/2281 1182/2326/2282 1081/2327/2283
f 1081/2327/2283 1182/2326/2282 1181/2328/2284
f 1081/2327/2283 1181/2328/2284 1082/2329/2285
f 1082/2329/2285 1181/2328/2284 1180/2330/2286
f 1082/2329/2285 1180/2330/2286 1047/2331/2287
f 1047/2331/2287 1180/2330/2286 1179/2332/2288
f 1047/2331/2287 1179/2332/2288 1048/2333/2289
f 1048/2333/2289 1179/2332/2288 1178/2334/2290
f 1048/2333/2289 1178/2334/2290 1049/2335/2291
f 1049/2335/2291 1178/2334/2290 1177/2336/2292
f 1049/2335/2291 1177/2336/2292 1050/2337/2293
f 1050/2337/2293 1177/2336/2292 1176/2338/2294
f 1050/2337/2293 1176/2338/2294 1051/2339/2295
f 1051/2339/2295 1176/2338/2294 1175/2340/2296
f 1051/2339/2295 1175/2340/2296 1052/2341/2297
f 1052/2341/2297 1175/2340/2296 1174/2342/2298
f 1052/2341/2297 1174/2342/2298 1173/2343/2299
f 1052/2341/2297 1173/2343/2299 1053/2344/2300
f 1053/2344/2300 1173/2343/2299 1172/2345/2301
f 1053/2344/2300 1172/2345/2301 1054/2346/2302
f 1054/2346/2302 1172/2345/2301 1171/2347/2303
f 1054/2346/2302 1171/2347/2303 1170/2348/2304
f 1054/2346/2302 1170/2348/2304 1055/2349/2305
f 1055/2349/2305 1170/2348/2304 1169/2350/2306
f 1055/2349/2305 1169/2350/2306 1168/2351/2307
f 1168/2351/2307 1167/2352/2308 1055/2349/2305
f 1055/2349/2305 1167/2352/2308 1056/2353/2309
f 1056/2353/2309 1167/2352/2308 1166/2354/2310
f 1056/2353/2309 1166/2354/2310 1165/2355/2311
f 1165/2355/2311 802/2264/2220 1056/2353/2309
f 1056/2353/2309 802/2264/2220 1057/2271/2227
f 1203/2356/2312 6/2357/2313 1200/2358/2314
f 1200/2358/2314 6/2357/2313 5/2359/2315
f 1200/2358/2314 5/2359/2315 14/2360/2316
f 1200/2358/2314 14/2360/2316 1199/2361/2317
f 1199/2361/2317 14/2360/2316 12/2362/2318
f 1199/2361/2317 12/2362/2318 1196/2363/2319
f 1196/2363/2319 1197/2364/2320 1199/2361/2317
f 1199/2361/2317 1197/2364/2320 1198/2365/2321
f 1201/2366/2322 1202/2367/2323 1200/2358/2314
f 1200/2358/2314 1202/2367/2323 1203/2356/2312
f 1204/2368/2324 1205/2369/2325 1207/2370/2326
f 1207/2370/2326 1205/2369/2325 1206/2371/2327
f 1205/2372/2328 1208/2373/2329 1206/2374/2330
f 1206/2374/2330 1208/2373/2329 1209/2375/2331
f 1210/2376/2332 1204/2377/2333 1211/2378/2334
f 1211/2378/2334 1204/2377/2333 1207/2379/2335
f 1207/2380/2336 1206/2381/2337 1211/2382/2338
f 1211/2382/2338 1206/2381/2337 1209/2383/2339
f 1213/2384/2340 1214/2385/2341 1212/2386/2342
f 1212/2386/2342 1214/2385/2341 1210/2387/2343
f 1210/2387/2343 1214/2385/2341 1215/2388/2344
f 1210/2387/2343 1215/2388/2344 1216/2389/2345
f 1216/2389/2345 1217/2390/2346 1210/2387/2343
f 1210/2387/2343 1217/2390/2346 1205/2391/2347
f 1210/2387/2343 1205/2391/2347 1204/2392/2348
f 1217/2390/2346 1208/2393/2349 1205/2391/2347
f 1214/2394/2350 1213/2395/2351 1219/2396/2352
f 1219/2396/2352 1213/2395/2351 1218/2397/2353
f 1240/2398/2354 1217/2399/2355 1220/2400/2356
f 1220/2400/2356 1217/2399/2355 1216/2401/2357
f 1220/2400/2356 1216/2401/2357 1215/2402/2358
f 1214/2403/2359 1219/2404/2360 1215/2402/2358
f 1215/2402/2358 1219/2404/2360 1220/2400/2356
f 1220/2400/2356 1221/2405/2361 1240/2398/2354
f 1240/2398/2354 1221/2405/2361 1239/2406/2362
f 1239/2406/2362 1221/2405/2361 1222/2407/2363
f 1239/2406/2362 1222/2407/2363 1238/2408/2364
f 1238/2408/2364 1222/2407/2363 1223/2409/2365
f 1238/2408/2364 1223/2409/2365 1237/2410/2366
f 1237/2410/2366 1223/2409/2365 1224/2411/2367
f 1237/2410/2366 1224/2411/2367 1236/2412/2368
f 1236/2412/2368 1224/2411/2367 1225/2413/2369
f 1236/2412/2368 1225/2413/2369 1235/2414/2370
f 1235/2414/2370 1225/2413/2369 1226/2415/2371
f 1235/2414/2370 1226/2415/2371 1234/2416/2372
f 1234/2416/2372 1226/2415/2371 1227/2417/2373
f 1234/2416/2372 1227/2417/2373 1233/2418/2374
f 1233/2418/2374 1227/2417/2373 1228/2419/2375
f 1233/2418/2374 1228/2419/2375 1232/2420/2376
f 1232/2420/2376 1228/2419/2375 1229/2421/2377
f 1232/2420/2376 1229/2421/2377 1231/2422/2378
f 1231/2422/2378 1229/2421/2377 1230/2423/2379
f 1201/2424/2380 1231/2425/2381 1202/2426/2382
f 1202/2426/2382 1231/2425/2381 1230/2427/2383
f 1200/2428/2384 1234/2429/2385 1201/2430/2386
f 1201/2430/2386 1234/2429/2385 1233/2431/2387
f 1201/2430/2386 1233/2431/2387 1232/2432/2388
f 1240/2433/2389 1239/2434/2390 1200/2428/2384
f 1200/2428/2384 1239/2434/2390 1238/2435/2391
f 1200/2428/2384 1238/2435/2391 1237/2436/2392
f 1237/2436/2392 1236/2437/2393 1200/2428/2384
f 1200/2428/2384 1236/2437/2393 1235/2438/2394
f 1200/2428/2384 1235/2438/2394 1234/2429/2385
f 1232/2432/2388 1231/2439/2395 1201/2430/2386
f 1202/2440/2396 1227/2441/2397 1203/2442/2398
f 1203/2442/2398 1227/2441/2397 1226/2443/2399
f 1203/2442/2398 1226/2443/2399 1225/2444/2400
f 1230/2445/2401 1229/2446/2402 1202/2440/2396
f 1202/2440/2396 1229/2446/2402 1228/2447/2403
f 1202/2440/2396 1228/2447/2403 1227/2441/2397
f 1225/2444/2400 1224/2448/2404 1203/2442/2398
f 1203/2442/2398 1224/2448/2404 1223/2449/2405
f 1203/2442/2398 1223/2449/2405 1222/2450/2406
f 1222/2450/2406 1221/2451/2407 1203/2442/2398
f 1203/2442/2398 1221/2451/2407 1218/2452/2408
f 1218/2452/2408 1221/2451/2407 1220/2453/2409
f 1218/2452/2408 1220/2453/2409 1219/2454/2410
f 1241/2455/2411 1242/2456/2412 1244/2457/2413
f 1244/2457/2413 1242/2456/2412 1243/2458/2414
f 1245/2459/2415 1241/2460/2416 1246/2461/2417
f 1246/2461/2417 1241/2460/2416 1244/2462/2418
f 1242/2463/2419 1247/2464/2420 1243/2465/2421
f 1243/2465/2421 1247/2464/2420 1248/2466/2422
f 1243/2467/2423 1248/2468/2424 1244/2469/2425
f 1244/2469/2425 1248/2468/2424 1246/2470/2426
f 1249/2471/2427 1245/2472/2428 1250/2473/2429
f 1250/2473/2429 1245/2472/2428 1199/2474/2430
f 1199/2474/2430 1245/2472/2428 1246/2475/2431
f 1199/2474/2430 1246/2475/2431 1200/2476/2432
f 1200/2476/2432 1246/2475/2431 1209/2477/2433
f 1200/2476/2432 1209/2477/2433 1208/2478/2434
f 1246/2475/2431 1248/2479/2435 1209/2477/2433
f 1209/2477/2433 1248/2479/2435 1211/2480/2436
f 1217/2481/2437 1240/2482/2438 1208/2478/2434
f 1208/2478/2434 1240/2482/2438 1200/2476/2432
f 1/2483/2439 1212/2484/2440 2/2485/2441
f 2/2485/2441 1212/2484/2440 1211/2486/2442
f 2/2485/2441 1211/2486/2442 8/2487/2443
f 8/2487/2443 1211/2486/2442 1248/2488/2444
f 8/2487/2443 1248/2488/2444 1251/2489/2445
f 1251/2489/2445 1248/2488/2444 1247/2490/2446
f 1212/2484/2440 1210/2491/2447 1211/2486/2442
f 1251/2489/2445 10/2492/2448 8/2487/2443
f 1252/2493/2449 1251/2494/2450 1255/2495/2451
f 1255/2495/2451 1251/2494/2450 1247/2496/2452
f 1255/2495/2451 1247/2496/2452 1254/2497/2453
f 1254/2497/2453 1247/2496/2452 1253/2498/2454
f 1253/2498/2454 1247/2496/2452 1249/2499/2455
f 1249/2499/2455 1247/2496/2452 1241/2500/2456
f 1249/2499/2455 1241/2500/2456 1245/2501/2457
f 1247/2496/2452 1242/2502/2458 1241/2500/2456
f 1252/2503/2459 1255/2504/2460 1257/2505/2461
f 1257/2505/2461 1255/2504/2460 1256/2506/2462
f 1255/2507/2463 1254/2508/2464 1256/2509/2465
f 1256/2509/2465 1254/2508/2464 1277/2510/2466
f 1277/2510/2466 1254/2508/2464 1253/2511/2467
f 1277/2510/2466 1253/2511/2467 1249/2512/2468
f 1249/2512/2468 1250/2513/2469 1277/2510/2466
f 1277/2510/2466 1250/2513/2469 1276/2514/2470
f 1276/2514/2470 1250/2513/2469 1258/2515/2471
f 1276/2514/2470 1258/2515/2471 1275/2516/2472
f 1275/2516/2472 1258/2515/2471 1259/2517/2473
f 1275/2516/2472 1259/2517/2473 1274/2518/2474
f 1274/2518/2474 1259/2517/2473 1260/2519/2475
f 1274/2518/2474 1260/2519/2475 1273/2520/2476
f 1273/2520/2476 1260/2519/2475 1261/2521/2477
f 1273/2520/2476 1261/2521/2477 1272/2522/2478
f 1272/2522/2478 1261/2521/2477 1262/2523/2479
f 1272/2522/2478 1262/2523/2479 1271/2524/2480
f 1271/2524/2480 1262/2523/2479 1263/2525/2481
f 1271/2524/2480 1263/2525/2481 1270/2526/2482
f 1270/2526/2482 1263/2525/2481 1264/2527/2483
f 1270/2526/2482 1264/2527/2483 1269/2528/2484
f 1269/2528/2484 1264/2527/2483 1265/2529/2485
f 1269/2528/2484 1265/2529/2485 1268/2530/2486
f 1268/2530/2486 1265/2529/2485 1266/2531/2487
f 1268/2530/2486 1266/2531/2487 1267/2532/2488
f 1266/2533/2489 1198/2534/2490 1267/2535/2491
f 1267/2535/2491 1198/2534/2490 1197/2536/2492
f 1198/2537/2493 1263/2538/2494 1199/2539/2495
f 1199/2539/2495 1263/2538/2494 1262/2540/2496
f 1199/2539/2495 1262/2540/2496 1261/2541/2497
f 1266/2542/2498 1265/2543/2499 1198/2537/2493
f 1198/2537/2493 1265/2543/2499 1264/2544/2500
f 1198/2537/2493 1264/2544/2500 1263/2538/2494
f 1261/2541/2497 1260/2545/2501 1199/2539/2495
f 1199/2539/2495 1260/2545/2501 1259/2546/2502
f 1199/2539/2495 1259/2546/2502 1258/2547/2503
f 1258/2547/2503 1250/2548/2504 1199/2539/2495
f 1203/2549/2505 1213/2550/2506 6/2551/2507
f 6/2551/2507 1213/2550/2506 1/2552/2508
f 6/2551/2507 1/2552/2508 12/2553/2509
f 12/2553/2509 1/2552/2508 10/2554/2510
f 12/2553/2509 10/2554/2510 1252/2555/2511
f 1252/2555/2511 10/2554/2510 1251/2556/2512
f 1203/2549/2505 1218/2557/2513 1213/2550/2506
f 1213/2550/2506 1212/2558/2514 1/2552/2508
f 1/2552/2508 4/2559/2515 10/2554/2510
f 10/2554/2510 4/2559/2515 11/2560/2516
f 11/2560/2516 4/2559/2515 26/2561/2517
f 11/2560/2516 26/2561/2517 28/2562/2518
f 28/2562/2518 26/2561/2517 25/2563/2519
f 28/2562/2518 25/2563/2519 27/2564/2520
f 27/2564/2520 25/2563/2519 24/2565/2521
f 27/2564/2520 24/2565/2521 16/2566/2522
f 26/2561/2517 4/2559/2515 262/2567/2523
f 262/2567/2523 4/2559/2515 259/2568/2524
f 262/2567/2523 259/2568/2524 151/2569/2525
f 151/2569/2525 259/2568/2524 258/2570/790
f 151/2569/2525 258/2570/790 518/2571/791
f 262/2567/2523 151/2569/2525 172/2572/2526
f 172/2572/2526 151/2569/2525 150/2573/2527
f 172/2572/2526 150/2573/2527 539/2574/2528
f 539/2574/2528 371/2575/2529 172/2572/2526
f 172/2572/2526 171/2576/2530 262/2567/2523
f 73/2577/2531 29/2578/2532 25/2563/2519
f 25/2563/2519 29/2578/2532 24/2565/2521
f 36/2579/2533 60/2580/2534 16/2566/2522
f 16/2566/2522 60/2580/2534 27/2564/2520
f 11/2560/2516 28/2562/2518 848/2581/2535
f 848/2581/2535 28/2562/2518 845/2582/2536
f 848/2581/2535 845/2582/2536 727/2583/2537
f 727/2583/2537 845/2582/2536 826/2584/2538
f 727/2583/2537 826/2584/2538 708/2585/2539
f 708/2585/2539 826/2584/2538 1195/2586/2540
f 1195/2586/2540 826/2584/2538 1046/2587/2541
f 845/2582/2536 805/2588/2542 826/2584/2538
f 1123/2589/1894 849/2590/1893 727/2583/2537
f 727/2583/2537 849/2590/1893 848/2581/2535
f 1257/2591/2543 1196/2592/2544 1252/2555/2511
f 1252/2555/2511 1196/2592/2544 12/2553/2509
f 1196/2593/2545 1270/2594/2546 1197/2595/2547
f 1197/2595/2547 1270/2594/2546 1269/2596/2548
f 1197/2595/2547 1269/2596/2548 1268/2597/2549
f 1257/2598/2550 1276/2599/2551 1196/2593/2545
f 1196/2593/2545 1276/2599/2551 1275/2600/2552
f 1196/2593/2545 1275/2600/2552 1274/2601/2553
f 1256/2602/2554 1277/2603/2555 1257/2598/2550
f 1257/2598/2550 1277/2603/2555 1276/2599/2551
f 1274/2601/2553 1273/2604/2556 1196/2593/2545
f 1196/2593/2545 1273/2604/2556 1272/2605/2557
f 1196/2593/2545 1272/2605/2557 1271/2606/2558
f 1271/2606/2558 1270/2594/2546 1196/2593/2545
f 1268/2597/2549 1267/2607/2559 1197/2595/2547
g Body1

v 9.000000 0.005000 4.750000
v 9.000000 0.005000 4.650000
v 8.023957 0.005000 4.650000
v 8.023957 0.005000 4.750000
v 20.308824 0.005000 4.650000
v 20.355882 0.005000 4.750000
v 20.355882 0.005000 4.650000
v 9.000000 -0.005000 4.650000
v 8.023957 -0.005000 4.650000
v 9.000000 -0.005000 4.750000
v 8.023957 -0.005000 4.750000
v 20.355882 -0.005000 4.750000
v 20.355882 -0.005000 4.650000
v 20.308824 -0.005000 4.650000
v -6.907895 -0.005000 4.650000
v -6.950000 -0.005000 4.750000
v -6.950000 -0.005000 4.650000
v -6.907895 0.005000 4.650000
v -6.950000 0.005000 4.650000
v -1.949359 -0.005000 4.650000
v -1.949359 0.005000 4.650000
v 3.714961 0.005000 4.650000
v 3.714961 -0.005000 4.650000
v -6.950000 0.005000 4.750000
v -1.949359 0.005000 4.750000
v 3.714961 0.005000 4.750000
v -1.949359 -0.005000 4.750000
v 3.714961 -0.005000 4.750000
v -6.950000 13.400000 4.750000
v -4.950000 13.400000 0.000000
v -4.950000 11.900000 0.000000
v -6.739474 11.900000 4.250000
v -6.739474 -11.900000 4.250000
v -4.950000 -11.900000 0.000000
v -4.950000 -13.400000 0.000000
v -6.950000 -13.400000 4.750000
v -2.537716 -11.900000 4.250000
v -2.924881 -11.900000 3.993441
v -3.286296 -11.900000 3.701723
v -3.618779 -11.900000 3.377416
v -3.919402 -11.900000 3.023374
v -4.185518 -11.900000 2.642714
v -4.414786 -11.900000 2.238787
v -4.605185 -11.900000 1.815151
v -4.755040 -11.900000 1.375533
v -4.863032 -11.900000 0.923806
v -4.928210 -11.900000 0.463945
v -4.926650 -13.400000 0.480228
v -4.856821 -13.400000 0.955926
v -4.741170 -13.400000 1.422605
v -4.580790 -13.400000 1.875863
v -4.377194 -13.400000 2.311423
v -4.132301 -13.400000 2.725176
v -3.848423 -13.400000 3.113220
v -3.528238 -13.400000 3.471892
v -3.174767 -13.400000 3.797810
v -2.791343 -13.400000 4.087897
v -2.381585 -13.400000 4.339418
v -1.949359 -13.400000 4.550000
v -1.949359 -13.400000 4.750000
v -4.928210 11.900000 0.463945
v -4.863032 11.900000 0.923806
v -4.755040 11.900000 1.375533
v -4.605185 11.900000 1.815151
v -4.414786 11.900000 2.238787
v -4.185518 11.900000 2.642714
v -3.919402 11.900000 3.023374
v -3.618779 11.900000 3.377416
v -3.286296 11.900000 3.701723
v -2.924881 11.900000 3.993441
v -2.537716 11.900000 4.250000
v -1.949359 13.400000 4.550000
v -1.949359 13.400000 4.750000
v -4.926650 13.400000 0.480228
v -4.856821 13.400000 0.955926
v -4.741170 13.400000 1.422605
v -4.580790 13.400000 1.875863
v -4.377194 13.400000 2.311423
v -4.132301 13.400000 2.725176
v -3.848423 13.400000 3.113220
v -3.528238 13.400000 3.471892
v -3.174767 13.400000 3.797810
v -2.791343 13.400000 4.087897
v -2.381585 13.400000 4.339418
v -2.381585 4.466667 4.339418
v -2.381585 -4.466667 4.339418
v 8.588256 13.400000 -4.750000
v 8.710269 13.400000 -4.734884
v 8.824906 13.400000 -4.690451
v 8.925234 13.400000 -4.619386
v 9.005187 13.400000 -4.525987
v 9.059930 13.400000 -4.415900
v 9.086155 13.400000 -4.295783
v 9.082275 13.400000 -4.172898
v 9.048525 13.400000 -4.054674
v 8.986945 13.400000 -3.948261
v 8.901260 13.400000 -3.860092
v 8.901260 11.500000 -3.860092
v 8.986945 11.500000 -3.948261
v 9.048525 11.500000 -4.054674
v 9.082275 11.500000 -4.172898
v 9.086155 11.500000 -4.295783
v 9.059930 11.500000 -4.415900
v 9.005187 11.500000 -4.525987
v 8.925234 11.500000 -4.619386
v 8.824906 11.500000 -4.690451
v 8.710269 11.500000 -4.734884
v 8.588256 11.500000 -4.750000
v 8.533029 13.400000 -3.533074
v 8.199116 13.400000 -3.171085
v 7.902825 13.400000 -2.777707
v 7.647089 13.400000 -2.356835
v 7.434441 13.400000 -1.912633
v 7.266983 13.400000 -1.449500
v 7.146375 13.400000 -0.972020
v 7.073809 13.400000 -0.484917
v 7.050005 13.400000 0.006985
v 7.075197 13.400000 0.498818
v 7.149137 13.400000 0.985713
v 7.271093 13.400000 1.462852
v 7.439856 13.400000 1.925510
v 7.653758 13.400000 2.369110
v 7.910680 13.400000 2.789259
v 8.208080 13.400000 3.181799
v 8.208080 11.500000 3.181799
v 7.910680 11.500000 2.789259
v 7.653758 11.500000 2.369110
v 7.439856 11.500000 1.925510
v 7.271093 11.500000 1.462852
v 7.149137 11.500000 0.985713
v 7.075197 11.500000 0.498818
v 7.050005 11.500000 0.006985
v 7.073809 11.500000 -0.484917
v 7.146375 11.500000 -0.972020
v 7.266983 11.500000 -1.449500
v 7.434441 11.500000 -1.912633
v 7.647089 11.500000 -2.356835
v 7.902825 11.500000 -2.777707
v 8.199116 11.500000 -3.171085
v 8.533029 11.500000 -3.533074
v 8.834726 13.400000 3.928606
v 8.902787 13.400000 4.034307
v 8.942331 13.400000 4.153644
v 8.950858 13.400000 4.279072
v 8.927828 13.400000 4.402663
v 8.874697 13.400000 4.516602
v 8.794825 13.400000 4.613687
v 8.693260 13.400000 4.687779
v 8.576424 13.400000 4.734195
v 8.451704 13.400000 4.750000
v 8.451704 11.500000 4.750000
v 8.576424 11.500000 4.734195
v 8.693260 11.500000 4.687779
v 8.794825 11.500000 4.613687
v 8.874697 11.500000 4.516602
v 8.927828 11.500000 4.402663
v 8.950858 11.500000 4.279072
v 8.942331 11.500000 4.153644
v 8.902787 11.500000 4.034307
v 8.834726 11.500000 3.928606
v 2.788663 10.000000 3.845238
v 2.697198 10.000000 3.930989
v 2.629941 10.000000 4.036798
v 2.591120 10.000000 4.156013
v 2.583177 10.000000 4.281137
v 2.606612 10.000000 4.404303
v 2.659951 10.000000 4.517768
v 2.739839 10.000000 4.614396
v 2.841255 10.000000 4.688112
v 2.957820 10.000000 4.734281
v 3.082207 10.000000 4.750000
v 3.082207 11.900000 4.750000
v 2.957820 11.900000 4.734281
v 2.841255 11.900000 4.688112
v 2.739839 11.900000 4.614396
v 2.659951 11.900000 4.517768
v 2.606612 11.900000 4.404303
v 2.583177 11.900000 4.281137
v 2.591120 11.900000 4.156013
v 2.629941 11.900000 4.036798
v 2.697198 11.900000 3.930989
v 2.788663 11.900000 3.845238
v 3.133970 11.900000 3.569416
v 3.452148 11.900000 3.262695
v 3.740441 11.900000 2.927730
v 3.996355 11.900000 2.567420
v 4.217674 11.900000 2.184886
v 4.402482 11.900000 1.783438
v 4.549180 11.900000 1.366551
v 4.656497 11.900000 0.937835
v 4.723505 11.900000 0.501000
v 4.723505 10.000000 0.501000
v 4.656497 10.000000 0.937835
v 4.549180 10.000000 1.366551
v 4.402482 10.000000 1.783438
v 4.217674 10.000000 2.184886
v 3.996355 10.000000 2.567420
v 3.740441 10.000000 2.927730
v 3.452148 10.000000 3.262695
v 3.133970 10.000000 3.569416
v 5.850000 10.000000 0.501000
v 5.979396 10.000000 0.483967
v 6.099975 10.000000 0.434027
v 6.203523 10.000000 0.354584
v 6.282984 10.000000 0.251049
v 6.332944 10.000000 0.130478
v 6.350000 10.000000 0.001085
v 6.328712 10.000000 -0.519525
v 6.264813 10.000000 -1.036638
v 6.158734 10.000000 -1.546771
v 6.011188 10.000000 -2.046489
v 5.823169 10.000000 -2.532429
v 5.595944 10.000000 -3.001318
v 5.331041 10.000000 -3.450000
v 13.568439 10.000000 -3.450000
v 13.692740 10.000000 -3.465697
v 13.809237 10.000000 -3.511803
v 13.910614 10.000000 -3.585423
v 13.990506 10.000000 -3.681935
v 14.043897 10.000000 -3.795278
v 14.067435 10.000000 -3.918335
v 14.059641 10.000000 -4.043381
v 14.021005 10.000000 -4.162564
v 13.953953 10.000000 -4.268400
v 13.862695 10.000000 -4.354244
v 13.752961 10.000000 -4.414706
v 14.125957 10.000000 -4.247683
v 14.483215 10.000000 -4.049215
v 14.822091 10.000000 -3.820773
v 15.140076 10.000000 -3.564046
v 15.434815 10.000000 -3.280936
v 15.704128 10.000000 -2.973539
v 17.839908 10.000000 -0.313004
v 17.905161 10.000000 -0.206949
v 17.942185 10.000000 -0.088059
v 17.948681 10.000000 0.036293
v 17.924248 10.000000 0.158394
v 17.870401 10.000000 0.270671
v 17.790480 10.000000 0.366160
v 17.689442 10.000000 0.438939
v 17.573552 10.000000 0.484494
v 17.450000 10.000000 0.500000
v 16.723611 10.000000 0.500000
v 16.652323 10.000000 0.958328
v 16.536672 10.000000 1.407518
v 16.377761 10.000000 1.843287
v 16.177106 10.000000 2.261478
v 15.936620 10.000000 2.658105
v 15.658595 10.000000 3.029386
v 15.345684 10.000000 3.371779
v 15.000870 10.000000 3.682021
v 14.627441 10.000000 3.957152
v 14.228957 10.000000 4.194550
v 13.809219 10.000000 4.391950
v 13.372229 10.000000 4.547470
v 12.922154 10.000000 4.659628
v 12.463286 10.000000 4.727353
v 12.000000 10.000000 4.750000
v 8.023957 10.000000 4.750000
v 8.023957 10.000000 3.550000
v 3.714961 10.000000 3.550000
v 3.714961 10.000000 4.750000
v 11.275000 13.000000 0.987421
v 11.417464 12.890412 1.077626
v 11.570965 12.772334 1.147412
v 11.732596 12.648003 1.195458
v 11.899293 12.519775 1.220853
v 12.067898 12.390078 1.223117
v 12.235217 12.261371 1.202205
v 12.398079 12.136093 1.158515
v 12.553399 12.016616 1.092875
v 12.698233 11.905206 1.006527
v 12.829837 11.803972 0.901108
v 12.945718 11.714832 0.778615
v 13.043681 11.639476 0.641370
v 13.121868 11.579332 0.491973
v 13.178799 11.535539 0.333254
v 13.213395 11.508927 0.168221
v 13.225000 11.500000 0.000000
v 13.213395 11.508927 -0.168221
v 13.178799 11.535539 -0.333254
v 13.121868 11.579332 -0.491973
v 13.043681 11.639476 -0.641370
v 12.945718 11.714832 -0.778615
v 12.829837 11.803972 -0.901108
v 12.698233 11.905206 -1.006527
v 12.553399 12.016616 -1.092875
v 12.398079 12.136093 -1.158515
v 12.235217 12.261371 -1.202205
v 12.067898 12.390078 -1.223117
v 11.899293 12.519775 -1.220853
v 11.732596 12.648003 -1.195458
v 11.570965 12.772334 -1.147412
v 11.417464 12.890412 -1.077626
v 11.275000 13.000000 -0.987421
v -1.625000 12.200000 -0.000000
v -1.600313 12.200000 0.282178
v -1.527001 12.200000 0.555783
v -1.407291 12.200000 0.812500
v -1.244822 12.200000 1.044530
v -1.044530 12.200000 1.244822
v -0.812500 12.200000 1.407291
v -0.555783 12.200000 1.527001
v -0.282178 12.200000 1.600313
v 0.000000 12.200000 1.625000
v 0.282178 12.200000 1.600313
v 0.555783 12.200000 1.527001
v 0.812500 12.200000 1.407291
v 1.044530 12.200000 1.244822
v 1.244822 12.200000 1.044530
v 1.407291 12.200000 0.812500
v 1.527001 12.200000 0.555783
v 1.600313 12.200000 0.282178
v 1.625000 12.200000 0.000000
v 1.600313 12.200000 -0.282178
v 1.527001 12.200000 -0.555783
v 1.407291 12.200000 -0.812500
v 1.244822 12.200000 -1.044530
v 1.044530 12.200000 -1.244822
v 0.812500 12.200000 -1.407291
v 0.555783 12.200000 -1.527001
v 0.282178 12.200000 -1.600313
v 0.000000 12.200000 -1.625000
v -0.282178 12.200000 -1.600313
v -0.555783 12.200000 -1.527001
v -0.812500 12.200000 -1.407291
v -1.044530 12.200000 -1.244822
v -1.244822 12.200000 -1.044530
v -1.407291 12.200000 -0.812500
v -1.527001 12.200000 -0.555783
v -1.600313 12.200000 -0.282178
v -1.925000 11.900000 0.000000
v -1.900072 11.900000 -0.308792
v -1.825933 11.900000 -0.609586
v -1.704503 11.900000 -0.894592
v -1.538927 11.900000 -1.156429
v -1.333494 11.900000 -1.388315
v -1.093525 11.900000 -1.584244
v -0.825233 11.900000 -1.739142
v -0.535569 11.900000 -1.848997
v -0.232033 11.900000 -1.910965
v 0.077512 11.900000 -1.923439
v 0.385049 11.900000 -1.886097
v 0.682614 11.900000 -1.799906
v 0.962500 11.900000 -1.667099
v 1.217457 11.900000 -1.491115
v 1.440883 11.900000 -1.276511
v 1.626991 11.900000 -1.028847
v 1.770960 11.900000 -0.754536
v 1.869063 11.900000 -0.460683
v 1.918758 11.900000 -0.154898
v 1.918758 11.900000 0.154898
v 1.869063 11.900000 0.460683
v 1.770960 11.900000 0.754536
v 1.626991 11.900000 1.028847
v 1.440883 11.900000 1.276511
v 1.217457 11.900000 1.491115
v 0.962500 11.900000 1.667099
v 0.682614 11.900000 1.799906
v 0.385049 11.900000 1.886097
v 0.077512 11.900000 1.923439
v -0.232033 11.900000 1.910965
v -0.535569 11.900000 1.848997
v -0.825233 11.900000 1.739142
v -1.093525 11.900000 1.584244
v -1.333494 11.900000 1.388315
v -1.538927 11.900000 1.156429
v -1.704503 11.900000 0.894592
v -1.825933 11.900000 0.609586
v -1.900072 11.900000 0.308792
v 0.000000 11.900000 4.750000
v -0.480550 11.900000 4.725629
v -0.956168 11.900000 4.652767
v -1.421975 11.900000 4.532161
v -1.873190 11.900000 4.365050
v -2.305184 11.900000 4.153146
v -2.713524 11.900000 3.898626
v -3.094019 11.900000 3.604101
v -3.442766 11.900000 3.272593
v -3.756185 11.900000 2.907503
v -4.031060 11.900000 2.512579
v -4.264572 11.900000 2.091872
v -4.454323 11.900000 1.649700
v -4.598366 11.900000 1.190600
v -4.695225 11.900000 0.719282
v -4.743903 11.900000 0.240584
v -4.743903 11.900000 -0.240584
v -4.695225 11.900000 -0.719282
v -4.598366 11.900000 -1.190600
v -4.454323 11.900000 -1.649700
v -4.264572 11.900000 -2.091872
v -4.031060 11.900000 -2.512579
v -3.756185 11.900000 -2.907503
v -3.442766 11.900000 -3.272593
v -3.094019 11.900000 -3.604101
v -2.713524 11.900000 -3.898626
v -2.305184 11.900000 -4.153146
v -1.873190 11.900000 -4.365050
v -1.421975 11.900000 -4.532161
v -0.956168 11.900000 -4.652767
v -0.480550 11.900000 -4.725629
v -0.000000 11.900000 -4.750000
v 5.372150 11.900000 -4.750000
v 5.248982 11.900000 -4.734592
v 5.133404 11.900000 -4.689318
v 5.032540 11.900000 -4.616967
v 4.952608 11.900000 -4.522000
v 4.898533 11.900000 -4.410269
v 4.873647 11.900000 -4.288660
v 4.879486 11.900000 -4.164669
v 4.915688 11.900000 -4.045937
v 4.980023 11.900000 -3.939781
v 5.291907 11.900000 -3.509732
v 5.566754 11.900000 -3.055119
v 5.802640 11.900000 -2.579123
v 5.997913 11.900000 -2.085076
v 6.151207 11.900000 -1.576435
v 6.261450 11.900000 -1.056762
v 6.327869 11.900000 -0.529692
v 6.350000 11.900000 0.001085
v 6.332944 11.900000 0.130478
v 6.282984 11.900000 0.251049
v 6.203523 11.900000 0.354584
v 6.099975 11.900000 0.434027
v 5.979396 11.900000 0.483967
v 5.850000 11.900000 0.501000
v -1.625000 13.400000 0.000000
v -1.600313 13.400000 0.282178
v -1.527001 13.400000 0.555783
v -1.407291 13.400000 0.812500
v -1.244822 13.400000 1.044530
v -1.044530 13.400000 1.244822
v -0.812500 13.400000 1.407291
v -0.555783 13.400000 1.527001
v -0.282178 13.400000 1.600313
v 0.000000 13.400000 1.625000
v 0.282178 13.400000 1.600313
v 0.555783 13.400000 1.527001
v 0.812500 13.400000 1.407291
v 1.044530 13.400000 1.244822
v 1.244822 13.400000 1.044530
v 1.407291 13.400000 0.812500
v 1.527001 13.400000 0.555783
v 1.600313 13.400000 0.282178
v 1.625000 13.400000 0.000000
v 1.600313 13.400000 -0.282178
v 1.527001 13.400000 -0.555783
v 1.407291 13.400000 -0.812500
v 1.244822 13.400000 -1.044530
v 1.044530 13.400000 -1.244822
v 0.812500 13.400000 -1.407291
v 0.555783 13.400000 -1.527001
v 0.282178 13.400000 -1.600313
v 0.000000 13.400000 -1.625000
v -0.282178 13.400000 -1.600313
v -0.555783 13.400000 -1.527001
v -0.812500 13.400000 -1.407291
v -1.044530 13.400000 -1.244822
v -1.244822 13.400000 -1.044530
v -1.407291 13.400000 -0.812500
v -1.527001 13.400000 -0.555783
v -1.600313 13.400000 -0.282178
v 11.103655 13.000000 0.834979
v 10.963727 13.000000 0.653271
v 10.860121 13.000000 0.448666
v 10.796468 13.000000 0.228335
v 10.775000 13.000000 -0.000000
v 10.796468 13.000000 -0.228335
v 10.860121 13.000000 -0.448666
v 10.963727 13.000000 -0.653271
v 11.103655 13.000000 -0.834979
v 13.201462 11.500000 -0.238986
v 13.131752 11.500000 -0.468787
v 13.018550 11.500000 -0.680574
v 12.866206 11.500000 -0.866206
v 12.680574 11.500000 -1.018550
v 12.468787 11.500000 -1.131752
v 12.238986 11.500000 -1.201462
v 12.000000 11.500000 -1.225000
v 11.761014 11.500000 -1.201462
v 11.531213 11.500000 -1.131752
v 11.319426 11.500000 -1.018550
v 11.133794 11.500000 -0.866206
v 10.981450 11.500000 -0.680574
v 10.868248 11.500000 -0.468787
v 10.798538 11.500000 -0.238986
v 10.775000 11.500000 0.000000
v 10.798538 11.500000 0.238986
v 10.868248 11.500000 0.468787
v 10.981450 11.500000 0.680574
v 11.133794 11.500000 0.866206
v 11.319426 11.500000 1.018550
v 11.531213 11.500000 1.131752
v 11.761014 11.500000 1.201462
v 12.000000 11.500000 1.225000
v 12.238986 11.500000 1.201462
v 12.468787 11.500000 1.131752
v 12.680574 11.500000 1.018550
v 12.866206 11.500000 0.866206
v 13.018550 11.500000 0.680574
v 13.131752 11.500000 0.468787
v 13.201462 11.500000 0.238986
v 16.723611 11.500000 0.500000
v 16.652323 11.500000 0.958328
v 16.536672 11.500000 1.407518
v 16.377761 11.500000 1.843287
v 16.177106 11.500000 2.261478
v 15.936620 11.500000 2.658105
v 15.658595 11.500000 3.029386
v 15.345684 11.500000 3.371779
v 15.000870 11.500000 3.682021
v 14.627441 11.500000 3.957152
v 14.228957 11.500000 4.194550
v 13.809219 11.500000 4.391950
v 13.372229 11.500000 4.547470
v 12.922154 11.500000 4.659628
v 12.463286 11.500000 4.727353
v 12.000000 11.500000 4.750000
v 15.704128 11.500000 -2.973539
v 17.839908 11.500000 -0.313004
v 17.905161 11.500000 -0.206949
v 17.942185 11.500000 -0.088059
v 17.948681 11.500000 0.036293
v 17.924248 11.500000 0.158394
v 17.870401 11.500000 0.270671
v 17.790480 11.500000 0.366160
v 17.689442 11.500000 0.438939
v 17.573552 11.500000 0.484494
v 17.450000 11.500000 0.500000
v 15.390845 11.500000 -3.326360
v 15.044103 11.500000 -3.646359
v 14.667324 11.500000 -3.930379
v 14.264227 11.500000 -4.175617
v 13.838787 11.500000 -4.379653
v 13.395204 11.500000 -4.540474
v 12.937854 11.500000 -4.656493
v 12.471250 11.500000 -4.726566
v 11.999996 11.500000 -4.750000
v 0.000000 13.400000 4.750000
v -0.480550 13.400000 4.725629
v -0.956168 13.400000 4.652767
v -1.421975 13.400000 4.532161
v -1.873190 13.400000 4.365050
v -2.305184 13.400000 4.153146
v -2.713524 13.400000 3.898626
v -3.094019 13.400000 3.604101
v -3.442766 13.400000 3.272593
v -3.756185 13.400000 2.907503
v -4.031060 13.400000 2.512579
v -4.264572 13.400000 2.091872
v -4.454323 13.400000 1.649700
v -4.598366 13.400000 1.190600
v -4.695225 13.400000 0.719282
v -4.743903 13.400000 0.240584
v -4.743903 13.400000 -0.240584
v -4.695225 13.400000 -0.719282
v -4.598366 13.400000 -1.190600
v -4.454323 13.400000 -1.649700
v -4.264572 13.400000 -2.091872
v -4.031060 13.400000 -2.512579
v -3.756185 13.400000 -2.907503
v -3.442766 13.400000 -3.272593
v -3.094019 13.400000 -3.604101
v -2.713524 13.400000 -3.898626
v -2.305184 13.400000 -4.153146
v -1.873190 13.400000 -4.365050
v -1.421975 13.400000 -4.532161
v -0.956168 13.400000 -4.652767
v -0.480550 13.400000 -4.725629
v -0.000000 13.400000 -4.750000
v 13.568439 -10.000000 -3.450000
v 13.692740 -10.000000 -3.465697
v 13.809237 -10.000000 -3.511803
v 13.910614 -10.000000 -3.585423
v 13.990506 -10.000000 -3.681935
v 14.043897 -10.000000 -3.795278
v 14.067435 -10.000000 -3.918335
v 14.059641 -10.000000 -4.043381
v 14.021005 -10.000000 -4.162564
v 13.953953 -10.000000 -4.268400
v 13.862695 -10.000000 -4.354244
v 13.752961 -10.000000 -4.414706
v 13.692740 -7.500000 -3.465697
v 13.692740 -5.000000 -3.465697
v 13.692740 -2.500000 -3.465697
v 13.692740 0.000000 -3.465697
v 13.692740 2.500000 -3.465697
v 13.692740 5.000000 -3.465697
v 13.692740 7.500000 -3.465697
v 13.809237 -7.500000 -3.511803
v 13.809237 -5.000000 -3.511803
v 13.809237 -2.500000 -3.511803
v 13.809237 0.000000 -3.511803
v 13.809237 2.500000 -3.511803
v 13.809237 5.000000 -3.511803
v 13.809237 7.500000 -3.511803
v 13.910614 -7.500000 -3.585423
v 13.910614 -5.000000 -3.585423
v 13.910614 -2.500000 -3.585423
v 13.910614 0.000000 -3.585423
v 13.910614 2.500000 -3.585423
v 13.910614 5.000000 -3.585423
v 13.910614 7.500000 -3.585423
v 13.990506 -7.500000 -3.681935
v 13.990506 -5.000000 -3.681935
v 13.990506 -2.500000 -3.681935
v 13.990506 0.000000 -3.681935
v 13.990506 2.500000 -3.681935
v 13.990506 5.000000 -3.681935
v 13.990506 7.500000 -3.681935
v 14.043897 -7.500000 -3.795278
v 14.043897 -5.000000 -3.795278
v 14.043897 -2.500000 -3.795278
v 14.043897 0.000000 -3.795278
v 14.043897 2.500000 -3.795278
v 14.043897 5.000000 -3.795278
v 14.043897 7.500000 -3.795278
v 14.067435 -7.500000 -3.918335
v 14.067435 -5.000000 -3.918335
v 14.067435 -2.500000 -3.918335
v 14.067435 0.000000 -3.918335
v 14.067435 2.500000 -3.918335
v 14.067435 5.000000 -3.918335
v 14.067435 7.500000 -3.918335
v 14.059641 -7.500000 -4.043381
v 14.059641 -5.000000 -4.043381
v 14.059641 -2.500000 -4.043381
v 14.059641 0.000000 -4.043381
v 14.059641 2.500000 -4.043381
v 14.059641 5.000000 -4.043381
v 14.059641 7.500000 -4.043381
v 14.021005 -7.500000 -4.162564
v 14.021005 -5.000000 -4.162564
v 14.021005 -2.500000 -4.162564
v 14.021005 0.000000 -4.162564
v 14.021005 2.500000 -4.162564
v 14.021005 5.000000 -4.162564
v 14.021005 7.500000 -4.162564
v 13.953953 -7.500000 -4.268400
v 13.953953 -5.000000 -4.268400
v 13.953953 -2.500000 -4.268400
v 13.953953 0.000000 -4.268400
v 13.953953 2.500000 -4.268400
v 13.953953 5.000000 -4.268400
v 13.953953 7.500000 -4.268400
v 13.862695 -7.500000 -4.354244
v 13.862695 -5.000000 -4.354244
v 13.862695 -2.500000 -4.354244
v 13.862695 0.000000 -4.354244
v 13.862695 2.500000 -4.354244
v 13.862695 5.000000 -4.354244
v 13.862695 7.500000 -4.354244
v 5.331041 -10.000000 -3.450000
v 8.901260 -13.400000 -3.860092
v 8.986945 -13.400000 -3.948261
v 9.048525 -13.400000 -4.054674
v 9.082275 -13.400000 -4.172898
v 9.086155 -13.400000 -4.295783
v 9.059930 -13.400000 -4.415900
v 9.005187 -13.400000 -4.525987
v 8.925234 -13.400000 -4.619386
v 8.824906 -13.400000 -4.690451
v 8.710269 -13.400000 -4.734884
v 8.588256 -13.400000 -4.750000
v 8.588256 -11.500000 -4.750000
v 8.710269 -11.500000 -4.734884
v 8.824906 -11.500000 -4.690451
v 8.925234 -11.500000 -4.619386
v 9.005187 -11.500000 -4.525987
v 9.059930 -11.500000 -4.415900
v 9.086155 -11.500000 -4.295783
v 9.082275 -11.500000 -4.172898
v 9.048525 -11.500000 -4.054674
v 8.986945 -11.500000 -3.948261
v 8.901260 -11.500000 -3.860092
v 8.533029 -11.500000 -3.533074
v 8.199116 -11.500000 -3.171085
v 7.902825 -11.500000 -2.777707
v 7.647089 -11.500000 -2.356835
v 7.434441 -11.500000 -1.912633
v 7.266983 -11.500000 -1.449500
v 7.146375 -11.500000 -0.972020
v 7.073809 -11.500000 -0.484917
v 7.050005 -11.500000 0.006985
v 7.075197 -11.500000 0.498818
v 7.149137 -11.500000 0.985713
v 7.271093 -11.500000 1.462852
v 7.439856 -11.500000 1.925510
v 7.653758 -11.500000 2.369110
v 7.910680 -11.500000 2.789259
v 8.208080 -11.500000 3.181799
v 8.208080 -13.400000 3.181799
v 7.910680 -13.400000 2.789259
v 7.653758 -13.400000 2.369110
v 7.439856 -13.400000 1.925510
v 7.271093 -13.400000 1.462852
v 7.149137 -13.400000 0.985713
v 7.075197 -13.400000 0.498818
v 7.050005 -13.400000 0.006985
v 7.073809 -13.400000 -0.484917
v 7.146375 -13.400000 -0.972020
v 7.266983 -13.400000 -1.449500
v 7.434441 -13.400000 -1.912633
v 7.647089 -13.400000 -2.356835
v 7.902825 -13.400000 -2.777707
v 8.199116 -13.400000 -3.171085
v 8.533029 -13.400000 -3.533074
v 8.451704 -13.400000 4.750000
v 8.576424 -13.400000 4.734195
v 8.693260 -13.400000 4.687779
v 8.794825 -13.400000 4.613687
v 8.874697 -13.400000 4.516602
v 8.927828 -13.400000 4.402663
v 8.950858 -13.400000 4.279072
v 8.942331 -13.400000 4.153644
v 8.902787 -13.400000 4.034307
v 8.834726 -13.400000 3.928606
v 8.834726 -11.500000 3.928606
v 8.902787 -11.500000 4.034307
v 8.942331 -11.500000 4.153644
v 8.950858 -11.500000 4.279072
v 8.927828 -11.500000 4.402663
v 8.874697 -11.500000 4.516602
v 8.794825 -11.500000 4.613687
v 8.693260 -11.500000 4.687779
v 8.576424 -11.500000 4.734195
v 8.451704 -11.500000 4.750000
v 5.372150 -11.900000 -4.750000
v 5.248982 -11.900000 -4.734592
v 5.133404 -11.900000 -4.689318
v 5.032540 -11.900000 -4.616967
v 4.952608 -11.900000 -4.522000
v 4.898533 -11.900000 -4.410269
v 4.873647 -11.900000 -4.288660
v 4.879486 -11.900000 -4.164669
v 4.915688 -11.900000 -4.045937
v 4.980023 -11.900000 -3.939781
v 5.248982 -9.255556 -4.734592
v 5.248982 -6.611111 -4.734592
v 5.248982 -3.966667 -4.734592
v 5.248982 -1.322222 -4.734592
v 5.248982 1.322222 -4.734592
v 5.248982 3.966667 -4.734592
v 5.248982 6.611111 -4.734592
v 5.248982 9.255556 -4.734592
v 5.133404 -9.255556 -4.689318
v 5.133404 -6.611111 -4.689318
v 5.133404 -3.966667 -4.689318
v 5.133404 -1.322222 -4.689318
v 5.133404 1.322222 -4.689318
v 5.133404 3.966667 -4.689318
v 5.133404 6.611111 -4.689318
v 5.133404 9.255556 -4.689318
v 5.032540 -9.255556 -4.616967
v 5.032540 -6.611111 -4.616967
v 5.032540 -3.966667 -4.616967
v 5.032540 -1.322222 -4.616967
v 5.032540 1.322222 -4.616967
v 5.032540 3.966667 -4.616967
v 5.032540 6.611111 -4.616967
v 5.032540 9.255556 -4.616967
v 4.952608 -9.255556 -4.522000
v 4.952608 -6.611111 -4.522000
v 4.952608 -3.966667 -4.522000
v 4.952608 -1.322222 -4.522000
v 4.952608 1.322222 -4.522000
v 4.952608 3.966667 -4.522000
v 4.952608 6.611111 -4.522000
v 4.952608 9.255556 -4.522000
v 4.898533 -9.255556 -4.410269
v 4.898533 -6.611111 -4.410269
v 4.898533 -3.966667 -4.410269
v 4.898533 -1.322222 -4.410269
v 4.898533 1.322222 -4.410269
v 4.898533 3.966667 -4.410269
v 4.898533 6.611111 -4.410269
v 4.898533 9.255556 -4.410269
v 4.873647 -9.255556 -4.288660
v 4.873647 -6.611111 -4.288660
v 4.873647 -3.966667 -4.288660
v 4.873647 -1.322222 -4.288660
v 4.873647 1.322222 -4.288660
v 4.873647 3.966667 -4.288660
v 4.873647 6.611111 -4.288660
v 4.873647 9.255556 -4.288660
v 4.879486 -9.255556 -4.164669
v 4.879486 -6.611111 -4.164669
v 4.879486 -3.966667 -4.164669
v 4.879486 -1.322222 -4.164669
v 4.879486 1.322222 -4.164669
v 4.879486 3.966667 -4.164669
v 4.879486 6.611111 -4.164669
v 4.879486 9.255556 -4.164669
v 4.915688 -9.255556 -4.045937
v 4.915688 -6.611111 -4.045937
v 4.915688 -3.966667 -4.045937
v 4.915688 -1.322222 -4.045937
v 4.915688 1.322222 -4.045937
v 4.915688 3.966667 -4.045937
v 4.915688 6.611111 -4.045937
v 4.915688 9.255556 -4.045937
v -0.000000 -13.400000 -4.750000
v -0.000000 -11.900000 -4.750000
v 11.999996 -11.500000 -4.750000
v 3.082207 -10.000000 4.750000
v 2.957820 -10.000000 4.734281
v 2.841255 -10.000000 4.688112
v 2.739839 -10.000000 4.614396
v 2.659951 -10.000000 4.517768
v 2.606612 -10.000000 4.404303
v 2.583177 -10.000000 4.281137
v 2.591120 -10.000000 4.156013
v 2.629941 -10.000000 4.036798
v 2.697198 -10.000000 3.930989
v 2.788663 -10.000000 3.845238
v 2.788663 -11.900000 3.845238
v 2.697198 -11.900000 3.930989
v 2.629941 -11.900000 4.036798
v 2.591120 -11.900000 4.156013
v 2.583177 -11.900000 4.281137
v 2.606612 -11.900000 4.404303
v 2.659951 -11.900000 4.517768
v 2.739839 -11.900000 4.614396
v 2.841255 -11.900000 4.688112
v 2.957820 -11.900000 4.734281
v 3.082207 -11.900000 4.750000
v 3.133970 -10.000000 3.569416
v 3.452148 -10.000000 3.262695
v 3.740441 -10.000000 2.927730
v 3.996355 -10.000000 2.567420
v 4.217674 -10.000000 2.184886
v 4.402482 -10.000000 1.783438
v 4.549180 -10.000000 1.366551
v 4.656497 -10.000000 0.937835
v 4.723505 -10.000000 0.501000
v 4.723505 -11.900000 0.501000
v 4.656497 -11.900000 0.937835
v 4.549180 -11.900000 1.366551
v 4.402482 -11.900000 1.783438
v 4.217674 -11.900000 2.184886
v 3.996355 -11.900000 2.567420
v 3.740441 -11.900000 2.927730
v 3.452148 -11.900000 3.262695
v 3.133970 -11.900000 3.569416
v 3.714961 -10.000000 4.750000
v 3.714961 -10.000000 3.550000
v 8.023957 -10.000000 3.550000
v 8.023957 -10.000000 4.750000
v 12.000000 -10.000000 4.750000
v 12.463286 -10.000000 4.727353
v 12.922154 -10.000000 4.659628
v 13.372229 -10.000000 4.547470
v 13.809219 -10.000000 4.391950
v 14.228957 -10.000000 4.194550
v 14.627441 -10.000000 3.957152
v 15.000870 -10.000000 3.682021
v 15.345684 -10.000000 3.371779
v 15.658595 -10.000000 3.029386
v 15.936620 -10.000000 2.658105
v 16.177106 -10.000000 2.261478
v 16.377761 -10.000000 1.843287
v 16.536672 -10.000000 1.407518
v 16.652323 -10.000000 0.958328
v 16.723611 -10.000000 0.500000
v 17.450000 -10.000000 0.500000
v 17.573552 -10.000000 0.484494
v 17.689442 -10.000000 0.438939
v 17.790480 -10.000000 0.366160
v 17.870401 -10.000000 0.270671
v 17.924248 -10.000000 0.158394
v 17.948681 -10.000000 0.036293
v 17.942185 -10.000000 -0.088059
v 17.905161 -10.000000 -0.206949
v 17.839908 -10.000000 -0.313004
v 15.704128 -10.000000 -2.973539
v 15.434815 -10.000000 -3.280936
v 15.140076 -10.000000 -3.564046
v 14.822091 -10.000000 -3.820773
v 14.483215 -10.000000 -4.049215
v 14.125957 -10.000000 -4.247683
v 5.595944 -10.000000 -3.001318
v 5.823169 -10.000000 -2.532429
v 6.011188 -10.000000 -2.046489
v 6.158734 -10.000000 -1.546771
v 6.264813 -10.000000 -1.036638
v 6.328712 -10.000000 -0.519525
v 6.350000 -10.000000 0.001085
v 6.332944 -10.000000 0.130478
v 6.282984 -10.000000 0.251049
v 6.203523 -10.000000 0.354584
v 6.099975 -10.000000 0.434027
v 5.979396 -10.000000 0.483967
v 5.850000 -10.000000 0.501000
v 13.225000 -11.500000 0.000000
v 13.213395 -11.508927 0.168221
v 13.178799 -11.535539 0.333254
v 13.121868 -11.579332 0.491973
v 13.043681 -11.639476 0.641370
v 12.945718 -11.714832 0.778615
v 12.829837 -11.803972 0.901108
v 12.698233 -11.905206 1.006527
v 12.553399 -12.016616 1.092875
v 12.398079 -12.136093 1.158515
v 12.235217 -12.261371 1.202205
v 12.067898 -12.390078 1.223117
v 11.899293 -12.519775 1.220853
v 11.732596 -12.648003 1.195458
v 11.570965 -12.772334 1.147412
v 11.417464 -12.890412 1.077626
v 11.275000 -13.000000 0.987421
v 11.275000 -13.000000 -0.987421
v 11.417464 -12.890412 -1.077626
v 11.570965 -12.772334 -1.147412
v 11.732596 -12.648003 -1.195458
v 11.899293 -12.519775 -1.220853
v 12.067898 -12.390078 -1.223117
v 12.235217 -12.261371 -1.202205
v 12.398079 -12.136093 -1.158515
v 12.553399 -12.016616 -1.092875
v 12.698233 -11.905206 -1.006527
v 12.829837 -11.803972 -0.901108
v 12.945718 -11.714832 -0.778615
v 13.043681 -11.639476 -0.641370
v 13.121868 -11.579332 -0.491973
v 13.178799 -11.535539 -0.333254
v 13.213395 -11.508927 -0.168221
v -1.625000 -12.200000 -0.000000
v -1.600313 -12.200000 -0.282178
v -1.527001 -12.200000 -0.555783
v -1.407291 -12.200000 -0.812500
v -1.244822 -12.200000 -1.044530
v -1.044530 -12.200000 -1.244822
v -0.812500 -12.200000 -1.407291
v -0.555783 -12.200000 -1.527001
v -0.282178 -12.200000 -1.600313
v 0.000000 -12.200000 -1.625000
v 0.282178 -12.200000 -1.600313
v 0.555783 -12.200000 -1.527001
v 0.812500 -12.200000 -1.407291
v 1.044530 -12.200000 -1.244822
v 1.244822 -12.200000 -1.044530
v 1.407291 -12.200000 -0.812500
v 1.527001 -12.200000 -0.555783
v 1.600313 -12.200000 -0.282178
v 1.625000 -12.200000 0.000000
v 1.600313 -12.200000 0.282178
v 1.527001 -12.200000 0.555783
v 1.407291 -12.200000 0.812500
v 1.244822 -12.200000 1.044530
v 1.044530 -12.200000 1.244822
v 0.812500 -12.200000 1.407291
v 0.555783 -12.200000 1.527001
v 0.282178 -12.200000 1.600313
v 0.000000 -12.200000 1.625000
v -0.282178 -12.200000 1.600313
v -0.555783 -12.200000 1.527001
v -0.812500 -12.200000 1.407291
v -1.044530 -12.200000 1.244822
v -1.244822 -12.200000 1.044530
v -1.407291 -12.200000 0.812500
v -1.527001 -12.200000 0.555783
v -1.600313 -12.200000 0.282178
v -1.925000 -11.900000 0.000000
v -1.900072 -11.900000 0.308792
v -1.825933 -11.900000 0.609586
v -1.704503 -11.900000 0.894592
v -1.538927 -11.900000 1.156429
v -1.333494 -11.900000 1.388315
v -1.093525 -11.900000 1.584244
v -0.825233 -11.900000 1.739142
v -0.535569 -11.900000 1.848997
v -0.232033 -11.900000 1.910965
v 0.077512 -11.900000 1.923439
v 0.385049 -11.900000 1.886097
v 0.682614 -11.900000 1.799906
v 0.962500 -11.900000 1.667099
v 1.217457 -11.900000 1.491115
v 1.440883 -11.900000 1.276511
v 1.626991 -11.900000 1.028847
v 1.770960 -11.900000 0.754536
v 1.869063 -11.900000 0.460683
v 1.918758 -11.900000 0.154898
v 1.918758 -11.900000 -0.154898
v 1.869063 -11.900000 -0.460683
v 1.770960 -11.900000 -0.754536
v 1.626991 -11.900000 -1.028847
v 1.440883 -11.900000 -1.276511
v 1.217457 -11.900000 -1.491115
v 0.962500 -11.900000 -1.667099
v 0.682614 -11.900000 -1.799906
v 0.385049 -11.900000 -1.886097
v 0.077512 -11.900000 -1.923439
v -0.232033 -11.900000 -1.910965
v -0.535569 -11.900000 -1.848997
v -0.825233 -11.900000 -1.739142
v -1.093525 -11.900000 -1.584244
v -1.333494 -11.900000 -1.388315
v -1.538927 -11.900000 -1.156429
v -1.704503 -11.900000 -0.894592
v -1.825933 -11.900000 -0.609586
v -1.900072 -11.900000 -0.308792
v 5.850000 -11.900000 0.501000
v 5.979396 -11.900000 0.483967
v 6.099975 -11.900000 0.434027
v 6.203523 -11.900000 0.354584
v 6.282984 -11.900000 0.251049
v 6.332944 -11.900000 0.130478
v 6.350000 -11.900000 0.001085
v 6.327869 -11.900000 -0.529692
v 6.261450 -11.900000 -1.056762
v 6.151207 -11.900000 -1.576435
v 5.997913 -11.900000 -2.085076
v 5.802640 -11.900000 -2.579123
v 5.566754 -11.900000 -3.055119
v 5.291907 -11.900000 -3.509732
v -0.480550 -11.900000 -4.725629
v -0.956168 -11.900000 -4.652767
v -1.421975 -11.900000 -4.532161
v -1.873190 -11.900000 -4.365050
v -2.305184 -11.900000 -4.153146
v -2.713524 -11.900000 -3.898626
v -3.094019 -11.900000 -3.604101
v -3.442766 -11.900000 -3.272593
v -3.756185 -11.900000 -2.907503
v -4.031060 -11.900000 -2.512579
v -4.264572 -11.900000 -2.091872
v -4.454323 -11.900000 -1.649700
v -4.598366 -11.900000 -1.190600
v -4.695225 -11.900000 -0.719282
v -4.743903 -11.900000 -0.240584
v -4.743903 -11.900000 0.240584
v -4.695225 -11.900000 0.719282
v -4.598366 -11.900000 1.190600
v -4.454323 -11.900000 1.649700
v -4.264572 -11.900000 2.091872
v -4.031060 -11.900000 2.512579
v -3.756185 -11.900000 2.907503
v -3.442766 -11.900000 3.272593
v -3.094019 -11.900000 3.604101
v -2.713524 -11.900000 3.898626
v -2.305184 -11.900000 4.153146
v -1.873190 -11.900000 4.365050
v -1.421975 -11.900000 4.532161
v -0.956168 -11.900000 4.652767
v -0.480550 -11.900000 4.725629
v 0.000000 -11.900000 4.750000
v -1.625000 -13.400000 0.000000
v -1.600313 -13.400000 -0.282178
v -1.527001 -13.400000 -0.555783
v -1.407291 -13.400000 -0.812500
v -1.244822 -13.400000 -1.044530
v -1.044530 -13.400000 -1.244822
v -0.812500 -13.400000 -1.407291
v -0.555783 -13.400000 -1.527001
v -0.282178 -13.400000 -1.600313
v 0.000000 -13.400000 -1.625000
v 0.282178 -13.400000 -1.600313
v 0.555783 -13.400000 -1.527001
v 0.812500 -13.400000 -1.407291
v 1.044530 -13.400000 -1.244822
v 1.244822 -13.400000 -1.044530
v 1.407291 -13.400000 -0.812500
v 1.527001 -13.400000 -0.555783
v 1.600313 -13.400000 -0.282178
v 1.625000 -13.400000 0.000000
v 1.600313 -13.400000 0.282178
v 1.527001 -13.400000 0.555783
v 1.407291 -13.400000 0.812500
v 1.244822 -13.400000 1.044530
v 1.044530 -13.400000 1.244822
v 0.812500 -13.400000 1.407291
v 0.555783 -13.400000 1.527001
v 0.282178 -13.400000 1.600313
v 0.000000 -13.400000 1.625000
v -0.282178 -13.400000 1.600313
v -0.555783 -13.400000 1.527001
v -0.812500 -13.400000 1.407291
v -1.044530 -13.400000 1.244822
v -1.244822 -13.400000 1.044530
v -1.407291 -13.400000 0.812500
v -1.527001 -13.400000 0.555783
v -1.600313 -13.400000 0.282178
v 13.201462 -11.500000 0.238986
v 13.131752 -11.500000 0.468787
v 13.018550 -11.500000 0.680574
v 12.866206 -11.500000 0.866206
v 12.680574 -11.500000 1.018550
v 12.468787 -11.500000 1.131752
v 12.238986 -11.500000 1.201462
v 12.000000 -11.500000 1.225000
v 11.761014 -11.500000 1.201462
v 11.531213 -11.500000 1.131752
v 11.319426 -11.500000 1.018550
v 11.133794 -11.500000 0.866206
v 10.981450 -11.500000 0.680574
v 10.868248 -11.500000 0.468787
v 10.798538 -11.500000 0.238986
v 10.775000 -11.500000 0.000000
v 10.798538 -11.500000 -0.238986
v 10.868248 -11.500000 -0.468787
v 10.981450 -11.500000 -0.680574
v 11.133794 -11.500000 -0.866206
v 11.319426 -11.500000 -1.018550
v 11.531213 -11.500000 -1.131752
v 11.761014 -11.500000 -1.201462
v 12.000000 -11.500000 -1.225000
v 12.238986 -11.500000 -1.201462
v 12.468787 -11.500000 -1.131752
v 12.680574 -11.500000 -1.018550
v 12.866206 -11.500000 -0.866206
v 13.018550 -11.500000 -0.680574
v 13.131752 -11.500000 -0.468787
v 13.201462 -11.500000 -0.238986
v 11.103655 -13.000000 -0.834979
v 10.963727 -13.000000 -0.653271
v 10.860121 -13.000000 -0.448666
v 10.796468 -13.000000 -0.228335
v 10.775000 -13.000000 -0.000000
v 10.796468 -13.000000 0.228335
v 10.860121 -13.000000 0.448666
v 10.963727 -13.000000 0.653271
v 11.103655 -13.000000 0.834979
v 12.000000 -11.500000 4.750000
v 12.463286 -11.500000 4.727353
v 12.922154 -11.500000 4.659628
v 13.372229 -11.500000 4.547470
v 13.809219 -11.500000 4.391950
v 14.228957 -11.500000 4.194550
v 14.627441 -11.500000 3.957152
v 15.000870 -11.500000 3.682021
v 15.345684 -11.500000 3.371779
v 15.658595 -11.500000 3.029386
v 15.936620 -11.500000 2.658105
v 16.177106 -11.500000 2.261478
v 16.377761 -11.500000 1.843287
v 16.536672 -11.500000 1.407518
v 16.652323 -11.500000 0.958328
v 16.723611 -11.500000 0.500000
v 15.704128 -11.500000 -2.973539
v 15.390845 -11.500000 -3.326360
v 15.044103 -11.500000 -3.646359
v 14.667324 -11.500000 -3.930379
v 14.264227 -11.500000 -4.175617
v 13.838787 -11.500000 -4.379653
v 13.395204 -11.500000 -4.540474
v 12.937854 -11.500000 -4.656493
v 12.471250 -11.500000 -4.726566
v 13.395204 -3.833333 -4.540474
v 13.395204 3.833333 -4.540474
v 12.937854 -3.833333 -4.656493
v 12.937854 3.833333 -4.656493
v 12.471250 -3.833333 -4.726566
v 12.471250 3.833333 -4.726566
v 17.839908 -11.500000 -0.313004
v 17.450000 -11.500000 0.500000
v 17.573552 -11.500000 0.484494
v 17.689442 -11.500000 0.438939
v 17.790480 -11.500000 0.366160
v 17.870401 -11.500000 0.270671
v 17.924248 -11.500000 0.158394
v 17.948681 -11.500000 0.036293
v 17.942185 -11.500000 -0.088059
v 17.905161 -11.500000 -0.206949
v 5.291907 0.000000 -3.509732
v -0.480550 -13.400000 -4.725629
v -0.956168 -13.400000 -4.652767
v -1.421975 -13.400000 -4.532161
v -1.873190 -13.400000 -4.365050
v -2.305184 -13.400000 -4.153146
v -2.713524 -13.400000 -3.898626
v -3.094019 -13.400000 -3.604101
v -3.442766 -13.400000 -3.272593
v -3.756185 -13.400000 -2.907503
v -4.031060 -13.400000 -2.512579
v -4.264572 -13.400000 -2.091872
v -4.454323 -13.400000 -1.649700
v -4.598366 -13.400000 -1.190600
v -4.695225 -13.400000 -0.719282
v -4.743903 -13.400000 -0.240584
v -4.743903 -13.400000 0.240584
v -4.695225 -13.400000 0.719282
v -4.598366 -13.400000 1.190600
v -4.454323 -13.400000 1.649700
v -4.264572 -13.400000 2.091872
v -4.031060 -13.400000 2.512579
v -3.756185 -13.400000 2.907503
v -3.442766 -13.400000 3.272593
v -3.094019 -13.400000 3.604101
v -2.713524 -13.400000 3.898626
v -2.305184 -13.400000 4.153146
v -1.873190 -13.400000 4.365050
v -1.421975 -13.400000 4.532161
v -0.956168 -13.400000 4.652767
v -0.480550 -13.400000 4.725629
v 0.000000 -13.400000 4.750000
v 20.355882 -11.500000 4.750000
v 18.450000 -11.500000 0.700000
v 18.450000 -10.000000 0.700000
v 20.120588 -10.000000 4.250000
v 20.120588 10.000000 4.250000
v 18.450000 10.000000 0.700000
v 18.450000 11.500000 0.700000
v 20.355882 11.500000 4.750000
v 5.091169 6.153846 -3.250000
v 13.568439 6.153846 -3.250000
v 13.568439 4.653846 -3.250000
v 5.091169 4.653846 -3.250000
v 17.477270 6.153846 4.250000
v 17.477270 4.653846 4.250000
v 9.000000 6.153846 4.250000
v 9.000000 4.653846 4.250000
v 9.000000 6.153846 4.750000
v 13.949359 6.153846 4.750000
v 13.949359 6.153846 4.550000
v 14.149865 6.153846 4.458764
v 14.346113 6.153846 4.358698
v 14.537716 6.153846 4.250000
v 13.949359 11.500000 4.750000
v 13.949359 11.500000 4.550000
v 14.363924 11.500000 4.349065
v 14.758012 11.500000 4.110459
v 15.128211 11.500000 3.836248
v 15.471313 11.500000 3.528808
v 15.784348 11.500000 3.190801
v 16.064602 11.500000 2.825156
v 16.309650 11.500000 2.435040
v 16.517367 11.500000 2.023832
v 16.685955 11.500000 1.595093
v 16.813954 11.500000 1.152538
v 16.900255 11.500000 0.700000
v 16.900255 10.000000 0.700000
v 16.807125 10.000000 1.180700
v 16.666959 10.000000 1.649848
v 16.481129 10.000000 2.102852
v 16.251453 10.000000 2.535281
v 15.980178 10.000000 2.942903
v 15.669960 10.000000 3.321731
v 15.323832 10.000000 3.668057
v 14.945182 10.000000 3.978492
v 14.537716 10.000000 4.250000
v 13.568439 -6.153846 -3.250000
v 5.091169 -6.153846 -3.250000
v 5.091169 -4.653846 -3.250000
v 13.568439 -4.653846 -3.250000
v 17.477270 -6.153846 4.250000
v 17.477270 -4.653846 4.250000
v 9.000000 -6.153846 4.250000
v 9.000000 -4.653846 4.250000
v 14.537716 -6.153846 4.250000
v 14.537716 -10.000000 4.250000
v 9.000000 -6.153846 4.750000
v 13.949359 -6.153846 4.750000
v 14.346113 -6.153846 4.358698
v 14.149865 -6.153846 4.458764
v 13.949359 -6.153846 4.550000
v 13.949359 -11.500000 4.550000
v 13.949359 -11.500000 4.750000
v 14.945182 -10.000000 3.978492
v 15.323832 -10.000000 3.668057
v 15.669960 -10.000000 3.321731
v 15.980178 -10.000000 2.942903
v 16.251453 -10.000000 2.535281
v 16.481129 -10.000000 2.102852
v 16.666959 -10.000000 1.649848
v 16.807125 -10.000000 1.180700
v 16.900255 -10.000000 0.700000
v 16.900255 -11.500000 0.700000
v 16.813954 -11.500000 1.152538
v 16.685955 -11.500000 1.595093
v 16.517367 -11.500000 2.023832
v 16.309650 -11.500000 2.435040
v 16.064602 -11.500000 2.825156
v 15.784348 -11.500000 3.190801
v 15.471313 -11.500000 3.528808
v 15.128211 -11.500000 3.836248
v 14.758012 -11.500000 4.110459
v 14.363924 -11.500000 4.349065
vt 0.097604 0.010000 0.000000
vt -0.000000 0.010000 0.000000
vt 0.097604 0.000000 0.000000
vt 0.000000 0.000000 0.000000
vt 1.228487 0.010000 0.000000
vt 1.233193 0.000000 0.000000
vt 1.233193 0.010000 0.000000
vt 0.518992 -0.000500 0.000000
vt 0.616596 -0.000500 0.000000
vt 0.518992 0.000500 0.000000
vt 0.616596 0.000500 0.000000
vt 1.135588 0.000000 0.000000
vt 1.233193 -0.000000 0.000000
vt 1.135588 0.010000 0.000000
vt 1.233193 0.010000 0.000000
vt -0.000000 0.000000 0.000000
vt 0.001000 0.000000 0.000000
vt -0.000000 0.010000 0.000000
vt 0.001000 0.010000 0.000000
vt -0.000000 0.000000 0.000000
vt 0.004706 0.010000 0.000000
vt -0.000000 0.010000 0.000000
vt -0.611890 0.000500 0.000000
vt -0.616596 0.000500 0.000000
vt -0.611890 -0.000500 0.000000
vt -0.616596 -0.000500 0.000000
vt 1.062286 0.010000 0.000000
vt 1.066496 0.000000 0.000000
vt 1.066496 0.010000 0.000000
vt 0.529038 -0.000500 0.000000
vt 0.533248 -0.000500 0.000000
vt 0.529038 0.000500 0.000000
vt 0.533248 0.000500 0.000000
vt 0.033184 0.000500 0.000000
vt -0.533248 0.000500 0.000000
vt 0.033184 -0.000500 0.000000
vt -0.533248 -0.000500 0.000000
vt 0.000000 0.000000 0.000000
vt 0.004211 0.010000 0.000000
vt -0.000000 0.010000 0.000000
vt 0.500064 -0.000000 0.000000
vt 1.066496 -0.000000 0.000000
vt 0.500064 0.010000 0.000000
vt 1.066496 0.010000 0.000000
vt 0.566432 0.010000 0.000000
vt 0.000000 0.010000 0.000000
vt 0.566432 -0.000000 0.000000
vt -0.000000 0.000000 0.000000
vt -0.000000 0.000000 0.000000
vt 0.001000 0.000000 0.000000
vt -0.000000 0.010000 0.000000
vt 0.001000 0.010000 0.000000
vt -0.000000 -1.340000 0.000000
vt -0.000000 -0.000500 0.000000
vt -0.054251 -1.190000 0.000000
vt -0.010850 -0.000500 0.000000
vt -0.010850 0.000500 0.000000
vt -0.054251 1.190000 0.000000
vt -0.000000 0.000500 0.000000
vt -0.000000 1.340000 0.000000
vt -0.515388 1.340000 0.000000
vt -0.515388 1.190000 0.000000
vt -0.515388 -1.190000 0.000000
vt -0.515388 -1.340000 0.000000
vt -0.212500 -0.031141 0.000000
vt 0.212500 -0.210088 0.000000
vt -0.166105 -0.028962 0.000000
vt -0.120119 -0.022444 0.000000
vt -0.074947 -0.011645 0.000000
vt -0.030985 0.003341 0.000000
vt 0.011379 0.022381 0.000000
vt 0.051771 0.045308 0.000000
vt 0.089837 0.071919 0.000000
vt 0.125242 0.101982 0.000000
vt 0.157672 0.135230 0.000000
vt 0.186844 0.171371 0.000000
vt 0.212500 0.210088 0.000000
vt 0.450000 -0.050032 0.000000
vt 0.401977 -0.047697 0.000000
vt -0.025000 -0.250032 0.000000
vt 0.354407 -0.040714 0.000000
vt 0.307740 -0.029149 0.000000
vt 0.262414 -0.013111 0.000000
vt 0.218858 0.007249 0.000000
vt 0.177482 0.031738 0.000000
vt 0.138678 0.060126 0.000000
vt 0.102811 0.092144 0.000000
vt 0.070219 0.127491 0.000000
vt 0.041210 0.165834 0.000000
vt 0.016058 0.206809 0.000000
vt -0.025000 0.250032 0.000000
vt -0.005000 0.250032 0.000000
vt 0.212500 -0.031141 0.000000
vt 0.166105 -0.028962 0.000000
vt -0.212500 -0.210088 0.000000
vt 0.120119 -0.022444 0.000000
vt 0.074947 -0.011645 0.000000
vt 0.030985 0.003341 0.000000
vt -0.011379 0.022381 0.000000
vt -0.051771 0.045308 0.000000
vt -0.089837 0.071919 0.000000
vt -0.125242 0.101982 0.000000
vt -0.157672 0.135230 0.000000
vt -0.186844 0.171371 0.000000
vt -0.212500 0.210088 0.000000
vt -0.000000 1.190000 0.000000
vt -0.420176 1.190000 0.000000
vt -0.000000 -1.190000 0.000000
vt -0.420176 -1.190000 0.000000
vt -0.020000 -0.000500 0.000000
vt -0.020000 -1.340000 0.000000
vt -0.010000 -0.000500 0.000000
vt -0.000000 -1.340000 0.000000
vt -0.010000 0.000500 0.000000
vt -0.000000 1.340000 0.000000
vt -0.020000 1.340000 0.000000
vt -0.020000 0.000500 0.000000
vt -1.190000 -0.777544 0.000000
vt -1.340000 -0.777544 0.000000
vt -1.190000 -0.824007 0.000000
vt -1.340000 -0.825643 0.000000
vt -1.190000 -0.870470 0.000000
vt -1.340000 -0.873741 0.000000
vt -1.190000 -0.916932 0.000000
vt -1.340000 -0.921840 0.000000
vt -1.190000 -0.963395 0.000000
vt -1.340000 -0.969938 0.000000
vt -1.190000 -1.009858 0.000000
vt -1.340000 -1.018037 0.000000
vt -1.190000 -1.056320 0.000000
vt -1.340000 -1.066135 0.000000
vt -1.190000 -1.102783 0.000000
vt -1.340000 -1.114233 0.000000
vt -1.190000 -1.149246 0.000000
vt -1.340000 -1.162332 0.000000
vt -1.190000 -1.195709 0.000000
vt -1.340000 -1.210430 0.000000
vt -1.190000 -1.242171 0.000000
vt -1.340000 -1.258529 0.000000
vt -1.190000 -1.288634 0.000000
vt -1.340000 -1.306627 0.000000
vt -0.446667 -1.306627 0.000000
vt -1.340000 -1.354726 0.000000
vt 1.340000 -1.354726 0.000000
vt 0.446667 -1.306627 0.000000
vt 1.340000 -1.306627 0.000000
vt 1.190000 -1.288634 0.000000
vt 1.340000 -1.258529 0.000000
vt 1.190000 -1.242171 0.000000
vt 1.340000 -1.210430 0.000000
vt 1.190000 -1.195709 0.000000
vt 1.340000 -1.162332 0.000000
vt 1.190000 -1.149246 0.000000
vt 1.340000 -1.114233 0.000000
vt 1.190000 -1.102783 0.000000
vt 1.340000 -1.066135 0.000000
vt 1.190000 -1.056320 0.000000
vt 1.340000 -1.018037 0.000000
vt 1.190000 -1.009858 0.000000
vt 1.340000 -0.969938 0.000000
vt 1.190000 -0.963395 0.000000
vt 1.340000 -0.921840 0.000000
vt 1.190000 -0.916932 0.000000
vt 1.340000 -0.873741 0.000000
vt 1.190000 -0.870470 0.000000
vt 1.340000 -0.825643 0.000000
vt 1.190000 -0.824007 0.000000
vt 1.340000 -0.777544 0.000000
vt 1.190000 -0.777544 0.000000
vt 0.005000 0.250032 0.000000
vt -0.016058 0.206809 0.000000
vt 0.025000 0.250032 0.000000
vt 0.025000 -0.250032 0.000000
vt -0.041210 0.165834 0.000000
vt -0.070219 0.127491 0.000000
vt -0.102811 0.092144 0.000000
vt -0.138678 0.060126 0.000000
vt -0.177482 0.031738 0.000000
vt -0.218858 0.007249 0.000000
vt -0.262414 -0.013111 0.000000
vt -0.307740 -0.029149 0.000000
vt -0.354407 -0.040714 0.000000
vt -0.401977 -0.047697 0.000000
vt -0.450000 -0.050032 0.000000
vt 0.190000 0.061629 0.000000
vt -0.000000 0.061629 0.000000
vt 0.190000 0.049303 0.000000
vt -0.000000 0.049303 0.000000
vt 0.190000 0.036978 0.000000
vt -0.000000 0.036978 0.000000
vt 0.190000 0.024652 0.000000
vt -0.000000 0.024652 0.000000
vt 0.190000 0.012326 0.000000
vt -0.000000 0.012326 0.000000
vt 0.190000 0.000000 0.000000
vt -0.000000 0.000000 0.000000
vt 0.190000 -0.012326 0.000000
vt -0.000000 -0.012326 0.000000
vt 0.190000 -0.024652 0.000000
vt -0.000000 -0.024652 0.000000
vt 0.190000 -0.036978 0.000000
vt -0.000000 -0.036978 0.000000
vt 0.190000 -0.049303 0.000000
vt -0.000000 -0.049303 0.000000
vt 0.190000 -0.061629 0.000000
vt -0.000000 -0.061629 0.000000
vt -0.190000 0.193639 0.000000
vt -0.000000 0.193639 0.000000
vt -0.190000 0.242907 0.000000
vt -0.000000 0.242907 0.000000
vt -0.190000 0.292175 0.000000
vt -0.000000 0.292175 0.000000
vt -0.190000 0.341443 0.000000
vt 0.000000 0.341443 0.000000
vt -0.190000 0.390712 0.000000
vt -0.000000 0.390712 0.000000
vt -0.190000 0.439980 0.000000
vt -0.000000 0.439980 0.000000
vt -0.190000 0.489248 0.000000
vt 0.000000 0.489248 0.000000
vt -0.190000 0.538516 0.000000
vt 0.000000 0.538516 0.000000
vt -0.190000 0.587784 0.000000
vt -0.000000 0.587784 0.000000
vt -0.190000 0.637052 0.000000
vt 0.000000 0.637052 0.000000
vt -0.190000 0.686320 0.000000
vt 0.000000 0.686320 0.000000
vt -0.190000 0.735588 0.000000
vt -0.000000 0.735588 0.000000
vt -0.190000 0.784856 0.000000
vt 0.000000 0.784856 0.000000
vt -0.190000 0.834124 0.000000
vt -0.000000 0.834124 0.000000
vt -0.190000 0.883393 0.000000
vt -0.000000 0.883393 0.000000
vt -0.190000 0.932661 0.000000
vt 0.000000 0.932661 0.000000
vt -0.190000 0.981929 0.000000
vt -0.000000 0.981929 0.000000
vt 0.190000 0.056723 0.000000
vt -0.000000 0.056723 0.000000
vt 0.190000 0.044118 0.000000
vt -0.000000 0.044118 0.000000
vt 0.190000 0.031513 0.000000
vt -0.000000 0.031513 0.000000
vt 0.190000 0.018908 0.000000
vt -0.000000 0.018908 0.000000
vt 0.190000 0.006303 0.000000
vt -0.000000 0.006303 0.000000
vt 0.190000 -0.006303 0.000000
vt -0.000000 -0.006303 0.000000
vt 0.190000 -0.018908 0.000000
vt -0.000000 -0.018908 0.000000
vt 0.190000 -0.031513 0.000000
vt -0.000000 -0.031513 0.000000
vt 0.190000 -0.044118 0.000000
vt -0.000000 -0.044118 0.000000
vt 0.190000 -0.056723 0.000000
vt -0.000000 -0.056723 0.000000
vt -0.000000 -0.062853 0.000000
vt 0.190000 -0.062853 0.000000
vt -0.000000 -0.050283 0.000000
vt 0.190000 -0.050283 0.000000
vt -0.000000 -0.037712 0.000000
vt 0.190000 -0.037712 0.000000
vt -0.000000 -0.025141 0.000000
vt 0.190000 -0.025141 0.000000
vt -0.000000 -0.012571 0.000000
vt 0.190000 -0.012571 0.000000
vt -0.000000 0.000000 0.000000
vt 0.190000 0.000000 0.000000
vt -0.000000 0.012571 0.000000
vt 0.190000 0.012571 0.000000
vt -0.000000 0.025141 0.000000
vt 0.190000 0.025141 0.000000
vt -0.000000 0.037712 0.000000
vt 0.190000 0.037712 0.000000
vt -0.000000 0.050283 0.000000
vt 0.190000 0.050283 0.000000
vt -0.000000 0.062853 0.000000
vt 0.190000 0.062853 0.000000
vt -0.190000 -0.448087 0.000000
vt -0.000000 -0.448087 0.000000
vt -0.190000 -0.403876 0.000000
vt -0.000000 -0.403876 0.000000
vt -0.190000 -0.359666 0.000000
vt -0.000000 -0.359666 0.000000
vt -0.190000 -0.315456 0.000000
vt -0.000000 -0.315456 0.000000
vt -0.190000 -0.271245 0.000000
vt -0.000000 -0.271245 0.000000
vt -0.190000 -0.227035 0.000000
vt -0.000000 -0.227035 0.000000
vt -0.190000 -0.182824 0.000000
vt -0.000000 -0.182824 0.000000
vt -0.190000 -0.138614 0.000000
vt -0.000000 -0.138614 0.000000
vt -0.190000 -0.094404 0.000000
vt -0.000000 -0.094404 0.000000
vt -0.190000 -0.050193 0.000000
vt -0.000000 -0.050193 0.000000
vt -0.473428 -0.601718 0.000000
vt -0.468811 -0.613375 0.000000
vt -0.475000 -0.589279 0.000000
vt -0.461440 -0.623516 0.000000
vt -0.451777 -0.631505 0.000000
vt -0.440430 -0.636839 0.000000
vt -0.475000 -0.526004 0.000000
vt -0.428114 -0.639182 0.000000
vt -0.415601 -0.638388 0.000000
vt -0.403680 -0.634506 0.000000
vt -0.393099 -0.627780 0.000000
vt -0.384524 -0.618634 0.000000
vt -0.355000 -0.526004 0.000000
vt -0.356942 -0.584103 0.000000
vt -0.326269 -0.552285 0.000000
vt -0.292773 -0.523456 0.000000
vt -0.355000 -0.095104 0.000000
vt -0.256742 -0.497865 0.000000
vt -0.218489 -0.475733 0.000000
vt -0.178344 -0.457252 0.000000
vt -0.048397 -0.299560 0.000000
vt -0.043403 -0.287502 0.000000
vt -0.136655 -0.442582 0.000000
vt -0.050100 -0.312500 0.000000
vt -0.093783 -0.431850 0.000000
vt -0.050100 -0.425150 0.000000
vt -0.035458 -0.277148 0.000000
vt -0.025105 -0.269202 0.000000
vt -0.184329 0.740276 0.000000
vt -0.140752 0.756167 0.000000
vt -0.013048 -0.264206 0.000000
vt -0.095833 0.767732 0.000000
vt -0.050000 0.774861 0.000000
vt -0.000109 -0.262500 0.000000
vt 0.051953 -0.264629 0.000000
vt 0.345000 0.459344 0.000000
vt 0.103664 -0.271019 0.000000
vt 0.154677 -0.281627 0.000000
vt 0.204649 -0.296381 0.000000
vt 0.253243 -0.315183 0.000000
vt 0.300132 -0.337906 0.000000
vt 0.345000 -0.364396 0.000000
vt 0.297354 0.672913 0.000000
vt 0.346570 0.471774 0.000000
vt 0.328094 0.645982 0.000000
vt 0.351180 0.483424 0.000000
vt 0.356405 0.616508 0.000000
vt 0.358542 0.493561 0.000000
vt 0.368193 0.501551 0.000000
vt 0.382077 0.584709 0.000000
vt 0.379528 0.506890 0.000000
vt 0.391834 0.509244 0.000000
vt 0.404922 0.550822 0.000000
vt 0.404338 0.508464 0.000000
vt 0.416256 0.504601 0.000000
vt 0.424768 0.515096 0.000000
vt 0.426840 0.497895 0.000000
vt 0.435424 0.488770 0.000000
vt 0.441471 0.477796 0.000000
vt 0.031300 0.886491 0.000000
vt 0.020695 0.893016 0.000000
vt 0.008806 0.896718 0.000000
vt -0.003629 0.897368 0.000000
vt -0.015839 0.894925 0.000000
vt -0.050000 0.847500 0.000000
vt -0.027067 0.889540 0.000000
vt -0.036616 0.881548 0.000000
vt -0.043894 0.871444 0.000000
vt -0.048449 0.859855 0.000000
vt -0.226148 0.720211 0.000000
vt -0.265811 0.696162 0.000000
vt -0.302939 0.668360 0.000000
vt -0.337178 0.637068 0.000000
vt -0.368202 0.602587 0.000000
vt -0.395715 0.565244 0.000000
vt -0.475000 0.302500 0.000000
vt -0.419455 0.525396 0.000000
vt -0.439195 0.483422 0.000000
vt -0.454747 0.439723 0.000000
vt -0.465963 0.394715 0.000000
vt -0.472735 0.348829 0.000000
vt -0.475000 -0.095104 0.000000
vt 0.246018 0.098742 0.000000
vt 0.228045 0.107763 0.000000
vt 0.246018 -0.098742 0.000000
vt 0.228045 -0.107763 0.000000
vt 0.208678 0.114741 0.000000
vt 0.208678 -0.114741 0.000000
vt 0.188287 0.119546 0.000000
vt 0.188287 -0.119546 0.000000
vt 0.167255 0.122085 0.000000
vt 0.167255 -0.122085 0.000000
vt 0.145984 0.122312 0.000000
vt 0.124874 0.120221 0.000000
vt 0.104327 0.115852 0.000000
vt 0.084731 0.109287 0.000000
vt 0.066459 0.100653 0.000000
vt 0.049855 0.090111 0.000000
vt 0.035235 0.077862 0.000000
vt 0.022876 0.064137 0.000000
vt 0.013011 0.049197 0.000000
vt 0.005829 0.033325 0.000000
vt 0.001464 0.016822 0.000000
vt 0.000000 0.000000 0.000000
vt 0.001464 -0.016822 0.000000
vt 0.005829 -0.033325 0.000000
vt 0.013011 -0.049197 0.000000
vt 0.022876 -0.064137 0.000000
vt 0.035235 -0.077862 0.000000
vt 0.049855 -0.090111 0.000000
vt 0.066459 -0.100653 0.000000
vt 0.084731 -0.109287 0.000000
vt 0.104327 -0.115852 0.000000
vt 0.124874 -0.120221 0.000000
vt 0.145984 -0.122312 0.000000
vt 0.021213 -0.526653 0.000000
vt -0.021213 -0.529036 0.000000
vt 0.021213 -0.557633 0.000000
vt -0.021213 -0.557633 0.000000
vt 0.021213 0.557633 0.000000
vt -0.021213 0.557633 0.000000
vt -0.021213 0.529036 0.000000
vt -0.021213 -0.500440 0.000000
vt 0.021213 -0.495674 0.000000
vt -0.021213 -0.471843 0.000000
vt 0.021213 -0.464694 0.000000
vt -0.021213 -0.443247 0.000000
vt 0.021213 -0.433714 0.000000
vt -0.021213 -0.414650 0.000000
vt 0.021213 -0.402735 0.000000
vt -0.021213 -0.386053 0.000000
vt 0.021213 -0.371755 0.000000
vt -0.021213 -0.357457 0.000000
vt 0.021213 -0.340776 0.000000
vt -0.021213 -0.328860 0.000000
vt 0.021213 -0.309796 0.000000
vt -0.021213 -0.300264 0.000000
vt 0.021213 -0.278816 0.000000
vt -0.021213 -0.271667 0.000000
vt 0.021213 -0.247837 0.000000
vt -0.021213 -0.243071 0.000000
vt 0.021213 -0.216857 0.000000
vt -0.021213 -0.214474 0.000000
vt 0.021213 -0.185878 0.000000
vt -0.021213 -0.185878 0.000000
vt -0.021213 -0.157281 0.000000
vt 0.021213 -0.154898 0.000000
vt -0.021213 -0.128684 0.000000
vt 0.021213 -0.123918 0.000000
vt -0.021213 -0.100088 0.000000
vt 0.021213 -0.092939 0.000000
vt -0.021213 -0.071491 0.000000
vt 0.021213 -0.061959 0.000000
vt -0.021213 -0.042895 0.000000
vt 0.021213 -0.030980 0.000000
vt -0.021213 -0.014298 0.000000
vt 0.021213 0.000000 0.000000
vt -0.021213 0.014298 0.000000
vt 0.021213 0.030980 0.000000
vt -0.021213 0.042895 0.000000
vt 0.021213 0.061959 0.000000
vt -0.021213 0.071491 0.000000
vt 0.021213 0.092939 0.000000
vt -0.021213 0.100088 0.000000
vt 0.021213 0.123918 0.000000
vt -0.021213 0.128684 0.000000
vt 0.021213 0.154898 0.000000
vt -0.021213 0.157281 0.000000
vt 0.021213 0.185878 0.000000
vt -0.021213 0.185878 0.000000
vt -0.021213 0.214474 0.000000
vt 0.021213 0.216857 0.000000
vt -0.021213 0.243071 0.000000
vt 0.021213 0.247837 0.000000
vt -0.021213 0.271667 0.000000
vt 0.021213 0.278816 0.000000
vt -0.021213 0.300264 0.000000
vt 0.021213 0.309796 0.000000
vt -0.021213 0.328860 0.000000
vt 0.021213 0.340776 0.000000
vt -0.021213 0.357457 0.000000
vt 0.021213 0.371755 0.000000
vt -0.021213 0.386053 0.000000
vt 0.021213 0.402735 0.000000
vt -0.021213 0.414650 0.000000
vt 0.021213 0.433714 0.000000
vt -0.021213 0.443247 0.000000
vt 0.021213 0.464694 0.000000
vt -0.021213 0.471843 0.000000
vt 0.021213 0.495674 0.000000
vt -0.021213 0.500440 0.000000
vt 0.021213 0.526653 0.000000
vt -0.172792 -0.093783 0.000000
vt 0.105952 -0.046068 0.000000
vt -0.179492 -0.050100 0.000000
vt 0.100982 -0.015490 0.000000
vt 0.100982 0.015490 0.000000
vt -0.162060 -0.136655 0.000000
vt 0.115762 -0.075454 0.000000
vt -0.147390 -0.178344 0.000000
vt 0.130159 -0.102885 0.000000
vt -0.128909 -0.218489 0.000000
vt -0.106777 -0.256742 0.000000
vt 0.148770 -0.127651 0.000000
vt -0.081186 -0.292773 0.000000
vt 0.171112 -0.149111 0.000000
vt -0.052357 -0.326269 0.000000
vt -0.020539 -0.356942 0.000000
vt 0.196608 -0.166710 0.000000
vt 0.013992 -0.384524 0.000000
vt 0.224597 -0.179991 0.000000
vt 0.023138 -0.393099 0.000000
vt 0.029864 -0.403680 0.000000
vt 0.033746 -0.415601 0.000000
vt 0.292858 -0.475000 0.000000
vt 0.254353 -0.188610 0.000000
vt 0.034540 -0.428114 0.000000
vt 0.032197 -0.440430 0.000000
vt 0.026863 -0.451777 0.000000
vt 0.018874 -0.461440 0.000000
vt 0.008733 -0.468811 0.000000
vt -0.002924 -0.473428 0.000000
vt -0.015363 -0.475000 0.000000
vt 0.285107 -0.192344 0.000000
vt 0.340913 -0.472563 0.000000
vt 0.316061 -0.191096 0.000000
vt 0.388475 -0.465277 0.000000
vt 0.435056 -0.453216 0.000000
vt 0.346415 -0.184900 0.000000
vt 0.480177 -0.436505 0.000000
vt 0.523376 -0.415315 0.000000
vt 0.375381 -0.173914 0.000000
vt 0.564210 -0.389863 0.000000
vt 0.402211 -0.158424 0.000000
vt 0.602260 -0.360410 0.000000
vt 0.637135 -0.327259 0.000000
vt 0.426207 -0.138831 0.000000
vt 0.668477 -0.290750 0.000000
vt 0.695964 -0.251258 0.000000
vt 0.446751 -0.115643 0.000000
vt 0.719315 -0.209187 0.000000
vt 0.463308 -0.089459 0.000000
vt 0.738290 -0.164970 0.000000
vt 0.475451 -0.060959 0.000000
vt 0.752695 -0.119060 0.000000
vt 0.762381 -0.071928 0.000000
vt 0.482865 -0.030879 0.000000
vt 0.767248 -0.024058 0.000000
vt 0.485358 -0.000000 0.000000
vt 0.767248 0.024058 0.000000
vt 0.482865 0.030879 0.000000
vt 0.762381 0.071928 0.000000
vt 0.475451 0.060959 0.000000
vt 0.752695 0.119060 0.000000
vt 0.738290 0.164970 0.000000
vt 0.463308 0.089459 0.000000
vt 0.719315 0.209187 0.000000
vt 0.446751 0.115643 0.000000
vt 0.695964 0.251258 0.000000
vt 0.426207 0.138831 0.000000
vt 0.668477 0.290750 0.000000
vt 0.637135 0.327259 0.000000
vt 0.402211 0.158424 0.000000
vt 0.602260 0.360410 0.000000
vt 0.564210 0.389863 0.000000
vt 0.375381 0.173914 0.000000
vt 0.523376 0.415315 0.000000
vt 0.346415 0.184900 0.000000
vt 0.480177 0.436505 0.000000
vt 0.435056 0.453216 0.000000
vt 0.316061 0.191096 0.000000
vt 0.388475 0.465277 0.000000
vt 0.340913 0.472563 0.000000
vt 0.285107 0.192344 0.000000
vt 0.292858 0.475000 0.000000
vt 0.254353 0.188610 0.000000
vt 0.224597 0.179991 0.000000
vt 0.196608 0.166710 0.000000
vt -0.195091 0.416467 0.000000
vt -0.198711 0.404594 0.000000
vt -0.244357 0.475000 0.000000
vt -0.232040 0.473459 0.000000
vt -0.220482 0.468932 0.000000
vt -0.210396 0.461697 0.000000
vt -0.202403 0.452200 0.000000
vt -0.196995 0.441027 0.000000
vt -0.194507 0.428866 0.000000
vt 0.171112 0.149111 0.000000
vt -0.205144 0.393978 0.000000
vt 0.148770 0.127651 0.000000
vt -0.236333 0.350973 0.000000
vt -0.263817 0.305512 0.000000
vt 0.130159 0.102885 0.000000
vt -0.287406 0.257912 0.000000
vt -0.306933 0.208508 0.000000
vt 0.115762 0.075454 0.000000
vt -0.322263 0.157644 0.000000
vt -0.333287 0.105676 0.000000
vt -0.339929 0.052969 0.000000
vt -0.342142 -0.000109 0.000000
vt -0.292142 -0.050100 0.000000
vt -0.340436 -0.013048 0.000000
vt -0.335440 -0.025105 0.000000
vt -0.327494 -0.035458 0.000000
vt -0.317139 -0.043403 0.000000
vt -0.305082 -0.048397 0.000000
vt 0.105952 0.046068 0.000000
vt -0.000000 -0.482147 0.000000
vt -0.120000 -0.482147 0.000000
vt -0.000000 -0.510509 0.000000
vt -0.120000 -0.510509 0.000000
vt -0.000000 0.510509 0.000000
vt -0.120000 0.510509 0.000000
vt -0.000000 0.482147 0.000000
vt -0.120000 0.482147 0.000000
vt -0.000000 0.453786 0.000000
vt -0.120000 0.453786 0.000000
vt -0.000000 0.425424 0.000000
vt -0.120000 0.425424 0.000000
vt -0.000000 0.397062 0.000000
vt -0.120000 0.397062 0.000000
vt -0.000000 0.368701 0.000000
vt -0.120000 0.368701 0.000000
vt -0.000000 0.340339 0.000000
vt -0.120000 0.340339 0.000000
vt -0.000000 0.311978 0.000000
vt -0.120000 0.311978 0.000000
vt -0.000000 0.283616 0.000000
vt -0.120000 0.283616 0.000000
vt -0.000000 0.255254 0.000000
vt -0.120000 0.255254 0.000000
vt -0.000000 0.226893 0.000000
vt -0.120000 0.226893 0.000000
vt -0.000000 0.198531 0.000000
vt -0.120000 0.198531 0.000000
vt -0.000000 0.170170 0.000000
vt -0.120000 0.170170 0.000000
vt -0.000000 0.141808 0.000000
vt -0.120000 0.141808 0.000000
vt -0.000000 0.113446 0.000000
vt -0.120000 0.113446 0.000000
vt -0.000000 0.085085 0.000000
vt -0.120000 0.085085 0.000000
vt -0.000000 0.056723 0.000000
vt -0.120000 0.056723 0.000000
vt -0.000000 0.028362 0.000000
vt -0.120000 0.028362 0.000000
vt -0.000000 0.000000 0.000000
vt -0.120000 0.000000 0.000000
vt -0.000000 -0.028362 0.000000
vt -0.120000 -0.028362 0.000000
vt -0.000000 -0.056723 0.000000
vt -0.120000 -0.056723 0.000000
vt -0.000000 -0.085085 0.000000
vt -0.120000 -0.085085 0.000000
vt -0.000000 -0.113446 0.000000
vt -0.120000 -0.113446 0.000000
vt -0.000000 -0.141808 0.000000
vt -0.120000 -0.141808 0.000000
vt -0.000000 -0.170170 0.000000
vt -0.120000 -0.170170 0.000000
vt -0.000000 -0.198531 0.000000
vt -0.120000 -0.198531 0.000000
vt -0.000000 -0.226893 0.000000
vt -0.120000 -0.226893 0.000000
vt -0.000000 -0.255254 0.000000
vt -0.120000 -0.255254 0.000000
vt -0.000000 -0.283616 0.000000
vt -0.120000 -0.283616 0.000000
vt -0.000000 -0.311978 0.000000
vt -0.120000 -0.311978 0.000000
vt -0.000000 -0.340339 0.000000
vt -0.120000 -0.340339 0.000000
vt -0.000000 -0.368701 0.000000
vt -0.120000 -0.368701 0.000000
vt -0.000000 -0.397062 0.000000
vt -0.120000 -0.397062 0.000000
vt -0.000000 -0.425424 0.000000
vt -0.120000 -0.425424 0.000000
vt -0.000000 -0.453786 0.000000
vt -0.120000 -0.453786 0.000000
vt -0.000000 0.000000 0.000000
vt 0.000893 0.016875 0.000000
vt -0.000000 0.024053 0.000000
vt 0.003554 0.033751 0.000000
vt 0.000000 0.048106 0.000000
vt 0.007933 0.050626 0.000000
vt 0.013948 0.067502 0.000000
vt -0.000000 0.072158 0.000000
vt 0.021483 0.084377 0.000000
vt 0.000000 0.096211 0.000000
vt 0.030397 0.101252 0.000000
vt 0.000000 0.120264 0.000000
vt 0.040521 0.118128 0.000000
vt 0.051662 0.135003 0.000000
vt 0.000000 0.144317 0.000000
vt 0.063609 0.151878 0.000000
vt 0.000000 0.168370 0.000000
vt 0.076137 0.168754 0.000000
vt 0.089008 0.185629 0.000000
vt -0.000000 0.192423 0.000000
vt 0.101977 0.202505 0.000000
vt -0.000000 0.216475 0.000000
vt 0.114800 0.219380 0.000000
vt 0.127233 0.236255 0.000000
vt -0.000000 0.240528 0.000000
vt 0.139041 0.253131 0.000000
vt -0.000000 0.264581 0.000000
vt 0.150000 0.270006 0.000000
vt -0.000000 0.288634 0.000000
vt 0.150000 0.292974 0.000000
vt -0.000000 0.312687 0.000000
vt 0.150000 0.315942 0.000000
vt -0.000000 0.336739 0.000000
vt 0.150000 0.338910 0.000000
vt -0.000000 0.360792 0.000000
vt 0.150000 0.361877 0.000000
vt -0.000000 0.384845 0.000000
vt 0.150000 0.384845 0.000000
vt -0.000000 -0.384845 0.000000
vt 0.150000 -0.384845 0.000000
vt 0.150000 -0.361877 0.000000
vt -0.000000 -0.360792 0.000000
vt 0.150000 -0.338910 0.000000
vt -0.000000 -0.336739 0.000000
vt 0.150000 -0.315942 0.000000
vt -0.000000 -0.312687 0.000000
vt 0.150000 -0.292974 0.000000
vt -0.000000 -0.288634 0.000000
vt 0.150000 -0.270006 0.000000
vt -0.000000 -0.264581 0.000000
vt 0.139041 -0.253131 0.000000
vt -0.000000 -0.240528 0.000000
vt 0.127233 -0.236255 0.000000
vt 0.114800 -0.219380 0.000000
vt -0.000000 -0.216475 0.000000
vt 0.101977 -0.202505 0.000000
vt -0.000000 -0.192423 0.000000
vt 0.089008 -0.185629 0.000000
vt -0.000000 -0.168370 0.000000
vt 0.076137 -0.168754 0.000000
vt 0.063609 -0.151878 0.000000
vt -0.000000 -0.144317 0.000000
vt 0.051662 -0.135003 0.000000
vt -0.000000 -0.120264 0.000000
vt 0.040521 -0.118128 0.000000
vt 0.030397 -0.101252 0.000000
vt -0.000000 -0.096211 0.000000
vt 0.021483 -0.084377 0.000000
vt -0.000000 -0.072158 0.000000
vt 0.013948 -0.067502 0.000000
vt 0.007933 -0.050626 0.000000
vt -0.000000 -0.048106 0.000000
vt 0.003554 -0.033751 0.000000
vt -0.000000 -0.024053 0.000000
vt 0.000893 -0.016875 0.000000
vt 0.098742 -0.072500 0.000000
vt -0.098742 -0.072500 0.000000
vt 0.083498 -0.089635 0.000000
vt -0.083498 -0.089635 0.000000
vt 0.065327 -0.103627 0.000000
vt -0.065327 -0.103627 0.000000
vt 0.044867 -0.113988 0.000000
vt -0.044867 -0.113988 0.000000
vt 0.022833 -0.120353 0.000000
vt -0.022833 -0.120353 0.000000
vt -0.000000 -0.122500 0.000000
vt 0.150000 0.696035 0.000000
vt -0.000000 0.696035 0.000000
vt 0.150000 0.649633 0.000000
vt -0.000000 0.649633 0.000000
vt 0.150000 0.603231 0.000000
vt -0.000000 0.603231 0.000000
vt 0.150000 0.556828 0.000000
vt -0.000000 0.556828 0.000000
vt 0.150000 0.510426 0.000000
vt -0.000000 0.510426 0.000000
vt 0.150000 0.464024 0.000000
vt -0.000000 0.464024 0.000000
vt 0.150000 0.417621 0.000000
vt -0.000000 0.417621 0.000000
vt 0.150000 0.371219 0.000000
vt -0.000000 0.371219 0.000000
vt 0.150000 0.324817 0.000000
vt -0.000000 0.324817 0.000000
vt 0.150000 0.278414 0.000000
vt -0.000000 0.278414 0.000000
vt 0.150000 0.232012 0.000000
vt -0.000000 0.232012 0.000000
vt 0.150000 0.185609 0.000000
vt -0.000000 0.185609 0.000000
vt 0.150000 0.139207 0.000000
vt -0.000000 0.139207 0.000000
vt 0.150000 0.092805 0.000000
vt -0.000000 0.092805 0.000000
vt 0.150000 0.046402 0.000000
vt -0.000000 0.046402 0.000000
vt 0.150000 0.000000 0.000000
vt -0.000000 0.000000 0.000000
vt -0.341174 0.000000 0.000000
vt -0.000000 0.000000 0.000000
vt -0.341174 0.150000 0.000000
vt -0.000000 0.150000 0.000000
vt 0.150000 0.112361 0.000000
vt -0.000000 0.112361 0.000000
vt 0.150000 0.099876 0.000000
vt -0.000000 0.099876 0.000000
vt 0.150000 0.087392 0.000000
vt -0.000000 0.087392 0.000000
vt 0.150000 0.074907 0.000000
vt -0.000000 0.074907 0.000000
vt 0.150000 0.062423 0.000000
vt -0.000000 0.062423 0.000000
vt 0.150000 0.049938 0.000000
vt -0.000000 0.049938 0.000000
vt 0.150000 0.037454 0.000000
vt -0.000000 0.037454 0.000000
vt 0.150000 0.024969 0.000000
vt -0.000000 0.024969 0.000000
vt 0.150000 0.012485 0.000000
vt -0.000000 0.012485 0.000000
vt 0.150000 0.000000 0.000000
vt -0.000000 0.000000 0.000000
vt -0.072639 0.000000 0.000000
vt 0.000000 0.000000 0.000000
vt -0.072639 0.150000 0.000000
vt 0.000000 0.150000 0.000000
vt -0.023899 0.422646 0.000000
vt 0.000000 0.425000 0.000000
vt 0.050000 0.774861 0.000000
vt 0.023899 0.422646 0.000000
vt 0.095833 0.767732 0.000000
vt 0.046879 0.415675 0.000000
vt 0.140752 0.756167 0.000000
vt 0.184329 0.740276 0.000000
vt 0.068057 0.404355 0.000000
vt 0.226148 0.720211 0.000000
vt 0.086621 0.389121 0.000000
vt 0.265811 0.696162 0.000000
vt 0.302939 0.668360 0.000000
vt 0.101855 0.370557 0.000000
vt 0.337178 0.637068 0.000000
vt 0.368202 0.602587 0.000000
vt 0.113175 0.349379 0.000000
vt 0.395715 0.565244 0.000000
vt 0.419455 0.525396 0.000000
vt 0.439195 0.483422 0.000000
vt 0.120146 0.326399 0.000000
vt 0.454747 0.439723 0.000000
vt 0.465963 0.394715 0.000000
vt 0.472735 0.348829 0.000000
vt 0.122500 0.302500 0.000000
vt 0.475000 0.302500 0.000000
vt 0.120146 0.278601 0.000000
vt 0.113175 0.255621 0.000000
vt 0.101855 0.234443 0.000000
vt 0.392861 -0.014027 0.000000
vt 0.403431 -0.007221 0.000000
vt 0.415364 -0.003267 0.000000
vt 0.427907 -0.002414 0.000000
vt 0.318180 -0.076692 0.000000
vt 0.086621 0.215879 0.000000
vt 0.278926 -0.106432 0.000000
vt 0.236911 -0.132124 0.000000
vt 0.068057 0.200645 0.000000
vt 0.192551 -0.153514 0.000000
vt 0.046879 0.189325 0.000000
vt 0.146285 -0.170391 0.000000
vt 0.098571 -0.182586 0.000000
vt 0.023899 0.182354 0.000000
vt 0.049882 -0.189980 0.000000
vt 0.000000 0.180000 0.000000
vt 0.000698 -0.192500 0.000000
vt -0.048492 -0.190119 0.000000
vt -0.097202 -0.182863 0.000000
vt -0.144950 -0.170802 0.000000
vt -0.191263 -0.154056 0.000000
vt -0.235683 -0.132791 0.000000
vt -0.277771 -0.107218 0.000000
vt -0.317108 -0.077588 0.000000
vt -0.353307 -0.044197 0.000000
vt -0.386009 -0.007374 0.000000
vt -0.394826 0.001195 0.000000
vt -0.405467 0.007352 0.000000
vt -0.417290 0.010728 0.000000
vt -0.023899 0.182354 0.000000
vt -0.046879 0.189325 0.000000
vt -0.068057 0.200645 0.000000
vt -0.086621 0.215879 0.000000
vt -0.429578 0.011116 0.000000
vt -0.101855 0.234443 0.000000
vt -0.113175 0.255621 0.000000
vt -0.475000 0.302500 0.000000
vt -0.120146 0.278601 0.000000
vt -0.122500 0.302500 0.000000
vt -0.472657 0.349625 0.000000
vt -0.120146 0.326399 0.000000
vt -0.465649 0.396285 0.000000
vt -0.454047 0.442020 0.000000
vt -0.437965 0.486379 0.000000
vt -0.113175 0.349379 0.000000
vt -0.417562 0.528923 0.000000
vt -0.393038 0.569232 0.000000
vt -0.101855 0.370557 0.000000
vt -0.364636 0.606910 0.000000
vt -0.332636 0.641584 0.000000
vt -0.297354 0.672913 0.000000
vt -0.086621 0.389121 0.000000
vt -0.068057 0.404355 0.000000
vt -0.046879 0.415675 0.000000
vt -0.031300 0.886491 0.000000
vt 0.050000 0.847500 0.000000
vt 0.048449 0.859855 0.000000
vt 0.440266 -0.004717 0.000000
vt 0.451660 -0.010030 0.000000
vt 0.461369 -0.018018 0.000000
vt 0.468778 -0.028174 0.000000
vt 0.473419 -0.039858 0.000000
vt 0.475000 -0.052330 0.000000
vt 0.043894 0.871444 0.000000
vt 0.036616 0.881548 0.000000
vt 0.027067 0.889540 0.000000
vt 0.015839 0.894925 0.000000
vt 0.003629 0.897368 0.000000
vt -0.008806 0.896718 0.000000
vt -0.020695 0.893016 0.000000
vt -0.475000 -0.038674 0.000000
vt -0.473488 -0.026473 0.000000
vt -0.469045 -0.015009 0.000000
vt -0.461939 -0.004977 0.000000
vt -0.452599 0.003019 0.000000
vt -0.441590 0.008493 0.000000
vt -0.112649 0.000000 0.000000
vt -0.000000 -0.000000 0.000000
vt -0.112649 0.190000 0.000000
vt 0.000000 0.190000 0.000000
vt -0.190000 0.000000 0.000000
vt -0.000000 0.000000 0.000000
vt -0.190000 0.013089 0.000000
vt -0.000000 0.013089 0.000000
vt -0.190000 0.026177 0.000000
vt -0.000000 0.026177 0.000000
vt -0.190000 0.039266 0.000000
vt -0.000000 0.039266 0.000000
vt -0.190000 0.052354 0.000000
vt 0.000000 0.052354 0.000000
vt -0.190000 0.065443 0.000000
vt -0.000000 0.065443 0.000000
vt -0.190000 0.078531 0.000000
vt 0.000000 0.078531 0.000000
vt -0.107225 0.190000 0.000000
vt -0.204714 0.190000 0.000000
vt -0.107225 0.000000 0.000000
vt -0.204714 0.000000 0.000000
vt 0.150000 -0.746128 0.000000
vt -0.000000 -0.746128 0.000000
vt 0.150000 -0.794266 0.000000
vt -0.000000 -0.794266 0.000000
vt 0.150000 -0.842403 0.000000
vt -0.000000 -0.842403 0.000000
vt 0.150000 -0.890540 0.000000
vt -0.000000 -0.890540 0.000000
vt 0.150000 -0.938677 0.000000
vt -0.000000 -0.938677 0.000000
vt 0.150000 -0.986815 0.000000
vt -0.000000 -0.986815 0.000000
vt 0.150000 -1.034952 0.000000
vt -0.000000 -1.034952 0.000000
vt 0.150000 -1.083089 0.000000
vt -0.000000 -1.083089 0.000000
vt 0.150000 -1.131227 0.000000
vt -0.000000 -1.131227 0.000000
vt 0.150000 -1.179364 0.000000
vt -0.000000 -1.179364 0.000000
vt 0.150000 -1.227501 0.000000
vt -0.000000 -1.227501 0.000000
vt 0.150000 -1.275639 0.000000
vt -0.000000 -1.275639 0.000000
vt 0.150000 -1.323776 0.000000
vt -0.000000 -1.323776 0.000000
vt 0.150000 -1.371913 0.000000
vt -0.000000 -1.371913 0.000000
vt 0.150000 -1.420051 0.000000
vt -0.000000 -1.420051 0.000000
vt 0.150000 -1.468188 0.000000
vt -0.000000 -1.468188 0.000000
vt 0.150000 -1.516325 0.000000
vt -0.000000 -1.516325 0.000000
vt 0.150000 -1.564462 0.000000
vt -0.000000 -1.564462 0.000000
vt 0.150000 -1.612600 0.000000
vt -0.000000 -1.612600 0.000000
vt 0.150000 -1.660737 0.000000
vt -0.000000 -1.660737 0.000000
vt 0.150000 -1.708874 0.000000
vt -0.000000 -1.708874 0.000000
vt 0.150000 -1.757012 0.000000
vt -0.000000 -1.757012 0.000000
vt 0.150000 -1.805149 0.000000
vt -0.000000 -1.805149 0.000000
vt 0.150000 -1.853286 0.000000
vt -0.000000 -1.853286 0.000000
vt 0.150000 -1.901424 0.000000
vt -0.000000 -1.901424 0.000000
vt 0.150000 -1.949561 0.000000
vt -0.000000 -1.949561 0.000000
vt 0.150000 -1.997698 0.000000
vt -0.000000 -1.997698 0.000000
vt 0.150000 -2.045836 0.000000
vt -0.000000 -2.045836 0.000000
vt 0.150000 -2.093973 0.000000
vt -0.000000 -2.093973 0.000000
vt 0.150000 -2.142110 0.000000
vt -0.000000 -2.142110 0.000000
vt 0.150000 -2.190247 0.000000
vt -0.000000 -2.190247 0.000000
vt 0.150000 -2.238385 0.000000
vt -0.000000 -2.238385 0.000000
vt 0.560445 0.353307 0.000000
vt 0.597268 0.386009 0.000000
vt 0.565967 0.475000 0.000000
vt 0.605836 0.394826 0.000000
vt 0.611994 0.405467 0.000000
vt 0.615369 0.417290 0.000000
vt 0.615757 0.429578 0.000000
vt 0.613135 0.441590 0.000000
vt 0.607661 0.452599 0.000000
vt 0.599665 0.461939 0.000000
vt 0.589633 0.469045 0.000000
vt 0.578169 0.473488 0.000000
vt 0.527054 0.317108 0.000000
vt -0.292858 0.475000 0.000000
vt 0.497424 0.277771 0.000000
vt 0.471851 0.235683 0.000000
vt -0.211608 0.140729 0.000000
vt -0.188405 0.124482 0.000000
vt -0.340913 0.472563 0.000000
vt -0.292858 0.162500 0.000000
vt -0.264640 0.160031 0.000000
vt -0.237280 0.152700 0.000000
vt -0.388475 0.465277 0.000000
vt -0.435056 0.453216 0.000000
vt -0.321076 0.160031 0.000000
vt -0.480177 0.436505 0.000000
vt -0.523376 0.415315 0.000000
vt -0.564210 0.389863 0.000000
vt -0.348436 0.152700 0.000000
vt -0.602260 0.360410 0.000000
vt -0.637135 0.327259 0.000000
vt -0.374108 0.140729 0.000000
vt -0.668477 0.290750 0.000000
vt -0.397311 0.124482 0.000000
vt -0.695964 0.251258 0.000000
vt -0.719315 0.209187 0.000000
vt -0.417340 0.104453 0.000000
vt -0.738290 0.164970 0.000000
vt -0.433587 0.081250 0.000000
vt -0.752695 0.119060 0.000000
vt -0.445558 0.055578 0.000000
vt -0.762381 0.071928 0.000000
vt -0.452889 0.028218 0.000000
vt -0.767248 0.024058 0.000000
vt -0.455358 -0.000000 0.000000
vt -0.767248 -0.024058 0.000000
vt -0.452889 -0.028218 0.000000
vt -0.762381 -0.071928 0.000000
vt -0.445558 -0.055578 0.000000
vt -0.752695 -0.119060 0.000000
vt -0.433587 -0.081250 0.000000
vt -0.738290 -0.164970 0.000000
vt -0.417340 -0.104453 0.000000
vt -0.719315 -0.209187 0.000000
vt -0.397311 -0.124482 0.000000
vt -0.695964 -0.251258 0.000000
vt -0.668477 -0.290750 0.000000
vt -0.374108 -0.140729 0.000000
vt -0.637135 -0.327259 0.000000
vt -0.348436 -0.152700 0.000000
vt -0.602260 -0.360410 0.000000
vt -0.564210 -0.389863 0.000000
vt -0.321076 -0.160031 0.000000
vt -0.523376 -0.415315 0.000000
vt -0.480177 -0.436505 0.000000
vt -0.435056 -0.453216 0.000000
vt -0.292858 -0.162500 0.000000
vt -0.388475 -0.465277 0.000000
vt -0.340913 -0.472563 0.000000
vt -0.292858 -0.475000 0.000000
vt -0.264640 -0.160031 0.000000
vt -0.237280 -0.152700 0.000000
vt -0.211608 -0.140729 0.000000
vt 0.472518 -0.236911 0.000000
vt -0.188405 -0.124482 0.000000
vt 0.451128 -0.192551 0.000000
vt -0.168376 -0.104453 0.000000
vt 0.434251 -0.146285 0.000000
vt -0.152129 -0.081250 0.000000
vt 0.422056 -0.098571 0.000000
vt -0.140158 -0.055578 0.000000
vt 0.414662 -0.049882 0.000000
vt -0.132827 -0.028218 0.000000
vt 0.412142 -0.000698 0.000000
vt -0.130358 -0.000000 0.000000
vt -0.132827 0.028218 0.000000
vt 0.414523 0.048492 0.000000
vt -0.140158 0.055578 0.000000
vt 0.421779 0.097202 0.000000
vt -0.152129 0.081250 0.000000
vt 0.433840 0.144950 0.000000
vt -0.168376 0.104453 0.000000
vt 0.450586 0.191263 0.000000
vt 0.498210 -0.278926 0.000000
vt 0.552312 -0.475000 0.000000
vt 0.527950 -0.318180 0.000000
vt 0.590615 -0.392861 0.000000
vt 0.597421 -0.403431 0.000000
vt 0.601375 -0.415364 0.000000
vt 0.602228 -0.427907 0.000000
vt 0.599925 -0.440266 0.000000
vt 0.594612 -0.451660 0.000000
vt 0.586624 -0.461369 0.000000
vt 0.576468 -0.468778 0.000000
vt 0.564784 -0.473419 0.000000
vt -0.150000 -0.069090 0.000000
vt -1.150000 -0.056528 0.000000
vt -2.150000 -0.069090 0.000000
vt -1.400000 -0.056528 0.000000
vt -1.650000 -0.056528 0.000000
vt -1.650000 -0.043967 0.000000
vt -1.900000 -0.043967 0.000000
vt -1.900000 -0.031405 0.000000
vt -2.150000 -0.031405 0.000000
vt -2.150000 -0.018843 0.000000
vt -1.900000 -0.018843 0.000000
vt -2.150000 -0.006281 0.000000
vt -1.900000 -0.006281 0.000000
vt -2.150000 0.006281 0.000000
vt -1.900000 0.006281 0.000000
vt -2.150000 0.018843 0.000000
vt -1.900000 0.018843 0.000000
vt -2.150000 0.031405 0.000000
vt -1.900000 0.031405 0.000000
vt -2.150000 0.043967 0.000000
vt -1.900000 0.043967 0.000000
vt -2.150000 0.056528 0.000000
vt -1.900000 0.056528 0.000000
vt -2.150000 0.069090 0.000000
vt -1.650000 0.056528 0.000000
vt -1.400000 0.056528 0.000000
vt -1.400000 0.043967 0.000000
vt -1.150000 0.043967 0.000000
vt -1.150000 0.031405 0.000000
vt -0.900000 0.031405 0.000000
vt -0.900000 0.018843 0.000000
vt -0.650000 0.018843 0.000000
vt -0.650000 0.006281 0.000000
vt -0.400000 0.006281 0.000000
vt -0.400000 -0.006281 0.000000
vt -0.150000 -0.006281 0.000000
vt -0.150000 -0.018843 0.000000
vt -0.400000 -0.018843 0.000000
vt -0.150000 -0.031405 0.000000
vt -0.400000 -0.031405 0.000000
vt -0.150000 -0.043967 0.000000
vt -0.400000 -0.043967 0.000000
vt -0.150000 -0.056528 0.000000
vt -0.400000 -0.056528 0.000000
vt -0.650000 -0.056528 0.000000
vt -0.900000 -0.056528 0.000000
vt -0.900000 -0.043967 0.000000
vt -1.150000 -0.043967 0.000000
vt -1.150000 -0.031405 0.000000
vt -1.400000 -0.031405 0.000000
vt -1.400000 -0.018843 0.000000
vt -1.650000 -0.018843 0.000000
vt -1.650000 -0.006281 0.000000
vt -0.150000 0.006281 0.000000
vt -0.400000 0.018843 0.000000
vt -0.650000 0.031405 0.000000
vt -0.900000 0.043967 0.000000
vt -1.150000 0.056528 0.000000
vt -0.150000 0.018843 0.000000
vt -0.400000 0.031405 0.000000
vt -0.650000 0.043967 0.000000
vt -0.900000 0.056528 0.000000
vt -0.150000 0.069090 0.000000
vt -0.150000 0.031405 0.000000
vt -0.400000 0.043967 0.000000
vt -0.650000 0.056528 0.000000
vt -0.150000 0.043967 0.000000
vt -0.400000 0.056528 0.000000
vt -0.150000 0.056528 0.000000
vt -2.150000 -0.043967 0.000000
vt -1.900000 -0.056528 0.000000
vt -2.150000 -0.056528 0.000000
vt -0.650000 -0.043967 0.000000
vt -0.650000 -0.031405 0.000000
vt -0.650000 -0.018843 0.000000
vt -0.650000 -0.006281 0.000000
vt -1.400000 -0.043967 0.000000
vt -0.900000 -0.031405 0.000000
vt -1.150000 -0.018843 0.000000
vt -1.400000 -0.006281 0.000000
vt -1.650000 0.006281 0.000000
vt -1.650000 -0.031405 0.000000
vt -0.900000 -0.018843 0.000000
vt -0.900000 -0.006281 0.000000
vt -0.900000 0.006281 0.000000
vt -1.150000 -0.006281 0.000000
vt -1.400000 0.006281 0.000000
vt -1.650000 0.018843 0.000000
vt -1.150000 0.006281 0.000000
vt -1.150000 0.018843 0.000000
vt -1.400000 0.018843 0.000000
vt -1.650000 0.031405 0.000000
vt -1.400000 0.031405 0.000000
vt -1.650000 0.043967 0.000000
vt 0.823740 2.000000 0.000000
vt 0.000000 2.000000 0.000000
vt 0.823740 0.000000 0.000000
vt 0.000000 0.000000 0.000000
vt -0.190000 -0.061629 0.000000
vt -0.000000 -0.061629 0.000000
vt -0.190000 -0.049303 0.000000
vt -0.000000 -0.049303 0.000000
vt -0.190000 -0.036978 0.000000
vt -0.000000 -0.036978 0.000000
vt -0.190000 -0.024652 0.000000
vt -0.000000 -0.024652 0.000000
vt -0.190000 -0.012326 0.000000
vt -0.000000 -0.012326 0.000000
vt -0.190000 0.000000 0.000000
vt -0.000000 0.000000 0.000000
vt -0.190000 0.012326 0.000000
vt -0.000000 0.012326 0.000000
vt -0.190000 0.024652 0.000000
vt -0.000000 0.024652 0.000000
vt -0.190000 0.036978 0.000000
vt -0.000000 0.036978 0.000000
vt -0.190000 0.049303 0.000000
vt -0.000000 0.049303 0.000000
vt -0.190000 0.061629 0.000000
vt -0.000000 0.061629 0.000000
vt 0.000000 0.193639 0.000000
vt 0.190000 0.193639 0.000000
vt 0.000000 0.242907 0.000000
vt 0.190000 0.242907 0.000000
vt 0.000000 0.292175 0.000000
vt 0.190000 0.292175 0.000000
vt -0.000000 0.341443 0.000000
vt 0.190000 0.341443 0.000000
vt 0.000000 0.390712 0.000000
vt 0.190000 0.390712 0.000000
vt 0.000000 0.439980 0.000000
vt 0.190000 0.439980 0.000000
vt -0.000000 0.489248 0.000000
vt 0.190000 0.489248 0.000000
vt -0.000000 0.538516 0.000000
vt 0.190000 0.538516 0.000000
vt 0.000000 0.587784 0.000000
vt 0.190000 0.587784 0.000000
vt -0.000000 0.637052 0.000000
vt 0.190000 0.637052 0.000000
vt -0.000000 0.686320 0.000000
vt 0.190000 0.686320 0.000000
vt 0.000000 0.735588 0.000000
vt 0.190000 0.735588 0.000000
vt -0.000000 0.784856 0.000000
vt 0.190000 0.784856 0.000000
vt 0.000000 0.834124 0.000000
vt 0.190000 0.834124 0.000000
vt 0.000000 0.883393 0.000000
vt 0.190000 0.883393 0.000000
vt -0.000000 0.932661 0.000000
vt 0.190000 0.932661 0.000000
vt 0.000000 0.981929 0.000000
vt 0.190000 0.981929 0.000000
vt -0.190000 -0.056723 0.000000
vt -0.000000 -0.056723 0.000000
vt -0.190000 -0.044118 0.000000
vt -0.000000 -0.044118 0.000000
vt -0.190000 -0.031513 0.000000
vt -0.000000 -0.031513 0.000000
vt -0.190000 -0.018908 0.000000
vt -0.000000 -0.018908 0.000000
vt -0.190000 -0.006303 0.000000
vt -0.000000 -0.006303 0.000000
vt -0.190000 0.006303 0.000000
vt -0.000000 0.006303 0.000000
vt -0.190000 0.018908 0.000000
vt -0.000000 0.018908 0.000000
vt -0.190000 0.031513 0.000000
vt -0.000000 0.031513 0.000000
vt -0.190000 0.044118 0.000000
vt -0.000000 0.044118 0.000000
vt -0.190000 0.056723 0.000000
vt -0.000000 0.056723 0.000000
vt -0.000000 -0.056002 0.000000
vt -1.322222 -0.043557 0.000000
vt -2.380000 -0.056002 0.000000
vt -1.586667 -0.043557 0.000000
vt -1.851111 -0.043557 0.000000
vt -1.851111 -0.031112 0.000000
vt -2.115556 -0.031112 0.000000
vt -2.115556 -0.018667 0.000000
vt -2.380000 -0.018667 0.000000
vt -2.380000 -0.006222 0.000000
vt -2.115556 -0.006222 0.000000
vt -2.380000 0.006222 0.000000
vt -2.115556 0.006222 0.000000
vt -2.380000 0.018667 0.000000
vt -2.115556 0.018667 0.000000
vt -2.380000 0.031112 0.000000
vt -2.115556 0.031112 0.000000
vt -2.380000 0.043557 0.000000
vt -2.115556 0.043557 0.000000
vt -2.380000 0.056002 0.000000
vt -1.851111 0.043557 0.000000
vt -1.586667 0.043557 0.000000
vt -1.586667 0.031112 0.000000
vt -1.322222 0.031112 0.000000
vt -1.322222 0.018667 0.000000
vt -1.057778 0.018667 0.000000
vt -1.057778 0.006222 0.000000
vt -0.793333 0.006222 0.000000
vt -0.793333 -0.006222 0.000000
vt -0.528889 -0.006222 0.000000
vt -0.528889 -0.018667 0.000000
vt -0.264444 -0.018667 0.000000
vt -0.264444 -0.031112 0.000000
vt -0.000000 -0.031112 0.000000
vt -0.000000 -0.043557 0.000000
vt -0.264444 -0.043557 0.000000
vt -0.528889 -0.043557 0.000000
vt -0.793333 -0.043557 0.000000
vt -0.793333 -0.031112 0.000000
vt -1.057778 -0.031112 0.000000
vt -1.057778 -0.018667 0.000000
vt -1.322222 -0.018667 0.000000
vt -1.322222 -0.006222 0.000000
vt -1.586667 -0.006222 0.000000
vt -1.586667 0.006222 0.000000
vt -1.851111 0.006222 0.000000
vt -1.851111 0.018667 0.000000
vt -0.000000 -0.018667 0.000000
vt -0.264444 -0.006222 0.000000
vt -0.528889 0.006222 0.000000
vt -0.793333 0.018667 0.000000
vt -1.057778 0.031112 0.000000
vt -1.322222 0.043557 0.000000
vt -0.000000 -0.006222 0.000000
vt -0.264444 0.006222 0.000000
vt -0.528889 0.018667 0.000000
vt -0.793333 0.031112 0.000000
vt -1.057778 0.043557 0.000000
vt -0.000000 0.006222 0.000000
vt -0.264444 0.018667 0.000000
vt -0.528889 0.031112 0.000000
vt -0.793333 0.043557 0.000000
vt -0.000000 0.056002 0.000000
vt -0.000000 0.018667 0.000000
vt -0.264444 0.031112 0.000000
vt -0.528889 0.043557 0.000000
vt -0.000000 0.031112 0.000000
vt -0.264444 0.043557 0.000000
vt -0.000000 0.043557 0.000000
vt -2.380000 -0.031112 0.000000
vt -2.115556 -0.043557 0.000000
vt -2.380000 -0.043557 0.000000
vt -0.528889 -0.031112 0.000000
vt -1.057778 -0.043557 0.000000
vt -1.322222 -0.031112 0.000000
vt -1.586667 -0.031112 0.000000
vt -1.586667 -0.018667 0.000000
vt -0.793333 -0.018667 0.000000
vt -1.057778 -0.006222 0.000000
vt -1.322222 0.006222 0.000000
vt -1.586667 0.018667 0.000000
vt -1.851111 0.031112 0.000000
vt -1.851111 -0.018667 0.000000
vt -1.851111 -0.006222 0.000000
vt 0.201891 0.000000 0.000000
vt 0.523501 0.150000 0.000000
vt 0.201891 0.190000 0.000000
vt 0.201891 2.490000 0.000000
vt -0.139284 2.490000 0.000000
vt 1.060716 0.000000 0.000000
vt 1.060716 0.150000 0.000000
vt 0.523501 2.530000 0.000000
vt 0.201891 2.680000 0.000000
vt 1.060716 2.680000 0.000000
vt 1.060716 2.530000 0.000000
vt -0.139284 0.190000 0.000000
vt -0.000000 0.062853 0.000000
vt -0.190000 0.062853 0.000000
vt -0.000000 0.050283 0.000000
vt -0.190000 0.050283 0.000000
vt -0.000000 0.037712 0.000000
vt -0.190000 0.037712 0.000000
vt -0.000000 0.025141 0.000000
vt -0.190000 0.025141 0.000000
vt -0.000000 0.012571 0.000000
vt -0.190000 0.012571 0.000000
vt -0.000000 0.000000 0.000000
vt -0.190000 0.000000 0.000000
vt -0.000000 -0.012571 0.000000
vt -0.190000 -0.012571 0.000000
vt -0.000000 -0.025141 0.000000
vt -0.190000 -0.025141 0.000000
vt -0.000000 -0.037712 0.000000
vt -0.190000 -0.037712 0.000000
vt -0.000000 -0.050283 0.000000
vt -0.190000 -0.050283 0.000000
vt -0.000000 -0.062853 0.000000
vt -0.190000 -0.062853 0.000000
vt 0.000000 -0.448087 0.000000
vt 0.190000 -0.448087 0.000000
vt 0.000000 -0.403876 0.000000
vt 0.190000 -0.403876 0.000000
vt 0.000000 -0.359666 0.000000
vt 0.190000 -0.359666 0.000000
vt 0.000000 -0.315456 0.000000
vt 0.190000 -0.315456 0.000000
vt 0.000000 -0.271245 0.000000
vt 0.190000 -0.271245 0.000000
vt 0.000000 -0.227035 0.000000
vt 0.190000 -0.227035 0.000000
vt 0.000000 -0.182824 0.000000
vt 0.190000 -0.182824 0.000000
vt 0.000000 -0.138614 0.000000
vt 0.190000 -0.138614 0.000000
vt 0.000000 -0.094404 0.000000
vt 0.190000 -0.094404 0.000000
vt 0.000000 -0.050193 0.000000
vt 0.190000 -0.050193 0.000000
vt 0.393099 -0.627780 0.000000
vt 0.475000 -0.526004 0.000000
vt 0.384524 -0.618634 0.000000
vt 0.355000 -0.526004 0.000000
vt 0.356942 -0.584103 0.000000
vt 0.326269 -0.552285 0.000000
vt 0.292773 -0.523456 0.000000
vt 0.355000 -0.095104 0.000000
vt 0.256742 -0.497865 0.000000
vt 0.218489 -0.475733 0.000000
vt 0.178344 -0.457252 0.000000
vt 0.048397 -0.299560 0.000000
vt 0.136655 -0.442582 0.000000
vt 0.050100 -0.312500 0.000000
vt 0.093783 -0.431850 0.000000
vt 0.050100 -0.425150 0.000000
vt 0.403680 -0.634506 0.000000
vt 0.415601 -0.638388 0.000000
vt 0.428114 -0.639182 0.000000
vt 0.440430 -0.636839 0.000000
vt 0.475000 -0.589279 0.000000
vt 0.451777 -0.631505 0.000000
vt 0.461440 -0.623516 0.000000
vt 0.468811 -0.613375 0.000000
vt 0.473428 -0.601718 0.000000
vt 0.475000 -0.095104 0.000000
vt 0.475000 0.302500 0.000000
vt 0.395715 0.565244 0.000000
vt 0.368202 0.602587 0.000000
vt 0.472735 0.348829 0.000000
vt 0.465963 0.394715 0.000000
vt 0.454747 0.439723 0.000000
vt 0.439195 0.483422 0.000000
vt 0.419455 0.525396 0.000000
vt 0.337178 0.637068 0.000000
vt 0.302939 0.668360 0.000000
vt 0.265811 0.696162 0.000000
vt 0.226148 0.720211 0.000000
vt 0.184329 0.740276 0.000000
vt 0.025105 -0.269202 0.000000
vt 0.140752 0.756167 0.000000
vt 0.013048 -0.264206 0.000000
vt 0.095833 0.767732 0.000000
vt 0.050000 0.774861 0.000000
vt 0.050000 0.847500 0.000000
vt 0.015839 0.894925 0.000000
vt 0.003629 0.897368 0.000000
vt -0.008806 0.896718 0.000000
vt 0.048449 0.859855 0.000000
vt 0.043894 0.871444 0.000000
vt 0.036616 0.881548 0.000000
vt 0.027067 0.889540 0.000000
vt -0.020695 0.893016 0.000000
vt -0.031300 0.886491 0.000000
vt -0.297354 0.672913 0.000000
vt -0.328094 0.645982 0.000000
vt -0.346570 0.471774 0.000000
vt -0.345000 0.459344 0.000000
vt -0.051953 -0.264629 0.000000
vt 0.000109 -0.262500 0.000000
vt -0.351180 0.483424 0.000000
vt -0.356405 0.616508 0.000000
vt -0.358542 0.493561 0.000000
vt -0.368193 0.501551 0.000000
vt -0.382077 0.584709 0.000000
vt -0.379528 0.506890 0.000000
vt -0.391834 0.509244 0.000000
vt -0.404922 0.550822 0.000000
vt -0.404338 0.508464 0.000000
vt -0.416256 0.504601 0.000000
vt -0.424768 0.515096 0.000000
vt -0.426840 0.497895 0.000000
vt -0.435424 0.488770 0.000000
vt -0.441471 0.477796 0.000000
vt -0.345000 -0.364396 0.000000
vt -0.300132 -0.337906 0.000000
vt -0.253243 -0.315183 0.000000
vt -0.204649 -0.296381 0.000000
vt -0.154677 -0.281627 0.000000
vt -0.103664 -0.271019 0.000000
vt 0.035458 -0.277148 0.000000
vt 0.043403 -0.287502 0.000000
vt -0.001464 -0.016822 0.000000
vt -0.000000 0.000000 0.000000
vt -0.167255 -0.122085 0.000000
vt -0.001464 0.016822 0.000000
vt -0.005829 0.033325 0.000000
vt -0.013011 0.049197 0.000000
vt -0.022876 0.064137 0.000000
vt -0.035235 0.077862 0.000000
vt -0.049855 0.090111 0.000000
vt -0.066459 0.100653 0.000000
vt -0.084731 0.109287 0.000000
vt -0.104327 0.115852 0.000000
vt -0.124874 0.120221 0.000000
vt -0.145984 0.122312 0.000000
vt -0.167255 0.122085 0.000000
vt -0.188287 -0.119546 0.000000
vt -0.188287 0.119546 0.000000
vt -0.208678 -0.114741 0.000000
vt -0.208678 0.114741 0.000000
vt -0.228045 -0.107763 0.000000
vt -0.228045 0.107763 0.000000
vt -0.246018 -0.098742 0.000000
vt -0.246018 0.098742 0.000000
vt -0.145984 -0.122312 0.000000
vt -0.124874 -0.120221 0.000000
vt -0.104327 -0.115852 0.000000
vt -0.084731 -0.109287 0.000000
vt -0.066459 -0.100653 0.000000
vt -0.049855 -0.090111 0.000000
vt -0.035235 -0.077862 0.000000
vt -0.022876 -0.064137 0.000000
vt -0.013011 -0.049197 0.000000
vt -0.005829 -0.033325 0.000000
vt -0.021213 0.526653 0.000000
vt 0.021213 0.529036 0.000000
vt -0.021213 0.557633 0.000000
vt 0.021213 0.557633 0.000000
vt -0.021213 -0.557633 0.000000
vt 0.021213 -0.557633 0.000000
vt 0.021213 -0.529036 0.000000
vt 0.021213 0.500440 0.000000
vt -0.021213 0.495674 0.000000
vt 0.021213 0.471843 0.000000
vt -0.021213 0.464694 0.000000
vt 0.021213 0.443247 0.000000
vt -0.021213 0.433714 0.000000
vt 0.021213 0.414650 0.000000
vt -0.021213 0.402735 0.000000
vt 0.021213 0.386053 0.000000
vt -0.021213 0.371755 0.000000
vt 0.021213 0.357457 0.000000
vt -0.021213 0.340776 0.000000
vt 0.021213 0.328860 0.000000
vt -0.021213 0.309796 0.000000
vt 0.021213 0.300264 0.000000
vt -0.021213 0.278816 0.000000
vt 0.021213 0.271667 0.000000
vt -0.021213 0.247837 0.000000
vt 0.021213 0.243071 0.000000
vt -0.021213 0.216857 0.000000
vt 0.021213 0.214474 0.000000
vt -0.021213 0.185878 0.000000
vt 0.021213 0.185878 0.000000
vt 0.021213 0.157281 0.000000
vt -0.021213 0.154898 0.000000
vt 0.021213 0.128684 0.000000
vt -0.021213 0.123918 0.000000
vt 0.021213 0.100088 0.000000
vt -0.021213 0.092939 0.000000
vt 0.021213 0.071491 0.000000
vt -0.021213 0.061959 0.000000
vt 0.021213 0.042895 0.000000
vt -0.021213 0.030980 0.000000
vt 0.021213 0.014298 0.000000
vt -0.021213 0.000000 0.000000
vt 0.021213 -0.014298 0.000000
vt -0.021213 -0.030980 0.000000
vt 0.021213 -0.042895 0.000000
vt -0.021213 -0.061959 0.000000
vt 0.021213 -0.071491 0.000000
vt -0.021213 -0.092939 0.000000
vt 0.021213 -0.100088 0.000000
vt -0.021213 -0.123918 0.000000
vt 0.021213 -0.128684 0.000000
vt -0.021213 -0.154898 0.000000
vt 0.021213 -0.157281 0.000000
vt -0.021213 -0.185878 0.000000
vt 0.021213 -0.185878 0.000000
vt 0.021213 -0.214474 0.000000
vt -0.021213 -0.216857 0.000000
vt 0.021213 -0.243071 0.000000
vt -0.021213 -0.247837 0.000000
vt 0.021213 -0.271667 0.000000
vt -0.021213 -0.278816 0.000000
vt 0.021213 -0.300264 0.000000
vt -0.021213 -0.309796 0.000000
vt 0.021213 -0.328860 0.000000
vt -0.021213 -0.340776 0.000000
vt 0.021213 -0.357457 0.000000
vt -0.021213 -0.371755 0.000000
vt 0.021213 -0.386053 0.000000
vt -0.021213 -0.402735 0.000000
vt 0.021213 -0.414650 0.000000
vt -0.021213 -0.433714 0.000000
vt 0.021213 -0.443247 0.000000
vt -0.021213 -0.464694 0.000000
vt 0.021213 -0.471843 0.000000
vt -0.021213 -0.495674 0.000000
vt 0.021213 -0.500440 0.000000
vt -0.021213 -0.526653 0.000000
vt 0.020539 -0.356942 0.000000
vt -0.196608 -0.166710 0.000000
vt -0.013992 -0.384524 0.000000
vt -0.224597 -0.179991 0.000000
vt -0.023138 -0.393099 0.000000
vt -0.029864 -0.403680 0.000000
vt -0.254353 -0.188610 0.000000
vt -0.292858 -0.475000 0.000000
vt -0.285107 -0.192344 0.000000
vt -0.340913 -0.472563 0.000000
vt -0.316061 -0.191096 0.000000
vt -0.388475 -0.465277 0.000000
vt -0.435056 -0.453216 0.000000
vt -0.346415 -0.184900 0.000000
vt -0.480177 -0.436505 0.000000
vt -0.523376 -0.415315 0.000000
vt -0.375381 -0.173914 0.000000
vt -0.564210 -0.389863 0.000000
vt -0.402211 -0.158424 0.000000
vt -0.602260 -0.360410 0.000000
vt -0.637135 -0.327259 0.000000
vt -0.426207 -0.138831 0.000000
vt -0.668477 -0.290750 0.000000
vt -0.695964 -0.251258 0.000000
vt -0.446751 -0.115643 0.000000
vt -0.719315 -0.209187 0.000000
vt -0.463308 -0.089459 0.000000
vt -0.738290 -0.164970 0.000000
vt -0.475451 -0.060959 0.000000
vt -0.752695 -0.119060 0.000000
vt -0.762381 -0.071928 0.000000
vt -0.482865 -0.030879 0.000000
vt -0.767248 -0.024058 0.000000
vt -0.485358 -0.000000 0.000000
vt -0.767248 0.024058 0.000000
vt -0.482865 0.030879 0.000000
vt -0.762381 0.071928 0.000000
vt -0.475451 0.060959 0.000000
vt -0.752695 0.119060 0.000000
vt -0.738290 0.164970 0.000000
vt -0.463308 0.089459 0.000000
vt -0.719315 0.209187 0.000000
vt -0.446751 0.115643 0.000000
vt -0.695964 0.251258 0.000000
vt -0.426207 0.138831 0.000000
vt -0.668477 0.290750 0.000000
vt -0.637135 0.327259 0.000000
vt -0.402211 0.158424 0.000000
vt -0.602260 0.360410 0.000000
vt -0.564210 0.389863 0.000000
vt -0.375381 0.173914 0.000000
vt -0.523376 0.415315 0.000000
vt -0.346415 0.184900 0.000000
vt -0.480177 0.436505 0.000000
vt -0.435056 0.453216 0.000000
vt -0.316061 0.191096 0.000000
vt -0.388475 0.465277 0.000000
vt -0.340913 0.472563 0.000000
vt -0.285107 0.192344 0.000000
vt -0.292858 0.475000 0.000000
vt -0.254353 0.188610 0.000000
vt -0.224597 0.179991 0.000000
vt -0.171112 -0.149111 0.000000
vt 0.052357 -0.326269 0.000000
vt 0.081186 -0.292773 0.000000
vt -0.148770 -0.127651 0.000000
vt 0.106777 -0.256742 0.000000
vt -0.130159 -0.102885 0.000000
vt 0.128909 -0.218489 0.000000
vt 0.147390 -0.178344 0.000000
vt -0.115762 -0.075454 0.000000
vt 0.162060 -0.136655 0.000000
vt -0.105952 -0.046068 0.000000
vt 0.172792 -0.093783 0.000000
vt 0.179492 -0.050100 0.000000
vt 0.292142 -0.050100 0.000000
vt 0.342142 -0.000109 0.000000
vt 0.339929 0.052969 0.000000
vt 0.333287 0.105676 0.000000
vt 0.305082 -0.048397 0.000000
vt 0.317139 -0.043403 0.000000
vt 0.327494 -0.035458 0.000000
vt 0.335440 -0.025105 0.000000
vt 0.340436 -0.013048 0.000000
vt 0.322263 0.157644 0.000000
vt -0.115762 0.075454 0.000000
vt -0.105952 0.046068 0.000000
vt 0.306933 0.208508 0.000000
vt -0.130159 0.102885 0.000000
vt 0.287406 0.257912 0.000000
vt 0.263817 0.305512 0.000000
vt -0.148770 0.127651 0.000000
vt 0.236333 0.350973 0.000000
vt 0.205144 0.393978 0.000000
vt -0.171112 0.149111 0.000000
vt 0.198711 0.404594 0.000000
vt -0.196608 0.166710 0.000000
vt 0.195091 0.416467 0.000000
vt 0.194507 0.428866 0.000000
vt 0.196995 0.441027 0.000000
vt 0.202403 0.452200 0.000000
vt 0.210396 0.461697 0.000000
vt 0.220482 0.468932 0.000000
vt 0.232040 0.473459 0.000000
vt 0.244357 0.475000 0.000000
vt 0.015363 -0.475000 0.000000
vt 0.002924 -0.473428 0.000000
vt -0.008733 -0.468811 0.000000
vt -0.018874 -0.461440 0.000000
vt -0.026863 -0.451777 0.000000
vt -0.032197 -0.440430 0.000000
vt -0.034540 -0.428114 0.000000
vt -0.033746 -0.415601 0.000000
vt -0.100982 0.015490 0.000000
vt -0.100982 -0.015490 0.000000
vt 0.000000 0.482147 0.000000
vt 0.120000 0.482147 0.000000
vt 0.000000 0.510509 0.000000
vt 0.120000 0.510509 0.000000
vt 0.000000 -0.510509 0.000000
vt 0.120000 -0.510509 0.000000
vt 0.000000 -0.482147 0.000000
vt 0.120000 -0.482147 0.000000
vt 0.000000 -0.453786 0.000000
vt 0.120000 -0.453786 0.000000
vt 0.000000 -0.425424 0.000000
vt 0.120000 -0.425424 0.000000
vt 0.000000 -0.397062 0.000000
vt 0.120000 -0.397062 0.000000
vt 0.000000 -0.368701 0.000000
vt 0.120000 -0.368701 0.000000
vt 0.000000 -0.340339 0.000000
vt 0.120000 -0.340339 0.000000
vt 0.000000 -0.311978 0.000000
vt 0.120000 -0.311978 0.000000
vt 0.000000 -0.283616 0.000000
vt 0.120000 -0.283616 0.000000
vt 0.000000 -0.255254 0.000000
vt 0.120000 -0.255254 0.000000
vt 0.000000 -0.226893 0.000000
vt 0.120000 -0.226893 0.000000
vt 0.000000 -0.198531 0.000000
vt 0.120000 -0.198531 0.000000
vt 0.000000 -0.170170 0.000000
vt 0.120000 -0.170170 0.000000
vt 0.000000 -0.141808 0.000000
vt 0.120000 -0.141808 0.000000
vt 0.000000 -0.113446 0.000000
vt 0.120000 -0.113446 0.000000
vt 0.000000 -0.085085 0.000000
vt 0.120000 -0.085085 0.000000
vt 0.000000 -0.056723 0.000000
vt 0.120000 -0.056723 0.000000
vt 0.000000 -0.028362 0.000000
vt 0.120000 -0.028362 0.000000
vt 0.000000 0.000000 0.000000
vt 0.120000 0.000000 0.000000
vt 0.000000 0.028362 0.000000
vt 0.120000 0.028362 0.000000
vt 0.000000 0.056723 0.000000
vt 0.120000 0.056723 0.000000
vt 0.000000 0.085085 0.000000
vt 0.120000 0.085085 0.000000
vt 0.000000 0.113446 0.000000
vt 0.120000 0.113446 0.000000
vt 0.000000 0.141808 0.000000
vt 0.120000 0.141808 0.000000
vt 0.000000 0.170170 0.000000
vt 0.120000 0.170170 0.000000
vt 0.000000 0.198531 0.000000
vt 0.120000 0.198531 0.000000
vt 0.000000 0.226893 0.000000
vt 0.120000 0.226893 0.000000
vt 0.000000 0.255254 0.000000
vt 0.120000 0.255254 0.000000
vt 0.000000 0.283616 0.000000
vt 0.120000 0.283616 0.000000
vt 0.000000 0.311978 0.000000
vt 0.120000 0.311978 0.000000
vt 0.000000 0.340339 0.000000
vt 0.120000 0.340339 0.000000
vt 0.000000 0.368701 0.000000
vt 0.120000 0.368701 0.000000
vt 0.000000 0.397062 0.000000
vt 0.120000 0.397062 0.000000
vt 0.000000 0.425424 0.000000
vt 0.120000 0.425424 0.000000
vt 0.000000 0.453786 0.000000
vt 0.120000 0.453786 0.000000
vt -0.139041 0.253131 0.000000
vt -0.000000 0.264581 0.000000
vt -0.150000 0.270006 0.000000
vt -0.000000 0.288634 0.000000
vt -0.150000 0.292974 0.000000
vt -0.000000 0.312687 0.000000
vt -0.150000 0.315942 0.000000
vt -0.000000 0.336739 0.000000
vt -0.150000 0.338910 0.000000
vt -0.000000 0.360792 0.000000
vt -0.150000 0.361877 0.000000
vt -0.000000 0.384845 0.000000
vt -0.150000 0.384845 0.000000
vt -0.150000 -0.384845 0.000000
vt -0.000000 -0.384845 0.000000
vt -0.150000 -0.361877 0.000000
vt 0.000000 -0.360792 0.000000
vt -0.150000 -0.338910 0.000000
vt 0.000000 -0.336739 0.000000
vt -0.150000 -0.315942 0.000000
vt 0.000000 -0.312687 0.000000
vt -0.150000 -0.292974 0.000000
vt -0.000000 -0.288634 0.000000
vt -0.150000 -0.270006 0.000000
vt -0.000000 -0.264581 0.000000
vt -0.139041 -0.253131 0.000000
vt -0.000000 -0.240528 0.000000
vt -0.127233 -0.236255 0.000000
vt 0.000000 -0.216475 0.000000
vt -0.114800 -0.219380 0.000000
vt -0.101977 -0.202505 0.000000
vt -0.000000 -0.192423 0.000000
vt -0.089008 -0.185629 0.000000
vt -0.000000 -0.168370 0.000000
vt -0.076137 -0.168754 0.000000
vt -0.063609 -0.151878 0.000000
vt -0.000000 -0.144317 0.000000
vt -0.051662 -0.135003 0.000000
vt -0.000000 -0.120264 0.000000
vt -0.040521 -0.118128 0.000000
vt -0.030397 -0.101252 0.000000
vt -0.000000 -0.096211 0.000000
vt -0.021483 -0.084377 0.000000
vt -0.000000 -0.072158 0.000000
vt -0.013948 -0.067502 0.000000
vt -0.000000 -0.048106 0.000000
vt -0.007933 -0.050626 0.000000
vt -0.003554 -0.033751 0.000000
vt -0.000000 -0.024053 0.000000
vt -0.000893 -0.016875 0.000000
vt -0.000000 0.000000 0.000000
vt -0.000000 0.240528 0.000000
vt -0.127233 0.236255 0.000000
vt -0.114800 0.219380 0.000000
vt -0.000000 0.216475 0.000000
vt -0.101977 0.202505 0.000000
vt -0.000000 0.192423 0.000000
vt -0.089008 0.185629 0.000000
vt -0.000000 0.168370 0.000000
vt -0.076137 0.168754 0.000000
vt -0.063609 0.151878 0.000000
vt -0.000000 0.144317 0.000000
vt -0.051662 0.135003 0.000000
vt -0.000000 0.120264 0.000000
vt -0.040521 0.118128 0.000000
vt -0.030397 0.101252 0.000000
vt -0.000000 0.096211 0.000000
vt -0.021483 0.084377 0.000000
vt -0.000000 0.072158 0.000000
vt -0.013948 0.067502 0.000000
vt -0.007933 0.050626 0.000000
vt -0.000000 0.048106 0.000000
vt -0.003554 0.033751 0.000000
vt -0.000000 0.024053 0.000000
vt -0.000893 0.016875 0.000000
vt 0.098742 -0.072500 0.000000
vt -0.098742 -0.072500 0.000000
vt 0.083498 -0.089635 0.000000
vt -0.083498 -0.089635 0.000000
vt 0.065327 -0.103627 0.000000
vt -0.065327 -0.103627 0.000000
vt 0.044867 -0.113988 0.000000
vt -0.044867 -0.113988 0.000000
vt 0.022833 -0.120353 0.000000
vt -0.022833 -0.120353 0.000000
vt 0.000000 -0.122500 0.000000
vt 0.000000 0.000000 0.000000
vt 0.430900 0.000000 0.000000
vt 0.000000 2.000000 0.000000
vt 0.430900 2.000000 0.000000
vt -0.000000 0.999500 0.000000
vt -0.000000 0.000000 0.000000
vt 0.010000 0.999500 0.000000
vt 0.120000 0.000000 0.000000
vt 0.010000 1.000500 0.000000
vt 0.120000 2.000000 0.000000
vt -0.000000 2.000000 0.000000
vt -0.000000 1.000500 0.000000
vt 0.120000 1.000500 0.000000
vt 0.120000 2.000000 0.000000
vt 0.110000 1.000500 0.000000
vt 0.000000 2.000000 0.000000
vt 0.000000 0.000000 0.000000
vt 0.110000 0.999500 0.000000
vt 0.120000 0.000000 0.000000
vt 0.120000 0.999500 0.000000
vt -0.150000 0.000000 0.000000
vt -0.000000 0.000000 0.000000
vt -0.150000 0.046402 0.000000
vt -0.000000 0.046402 0.000000
vt -0.150000 0.092805 0.000000
vt -0.000000 0.092805 0.000000
vt -0.150000 0.139207 0.000000
vt -0.000000 0.139207 0.000000
vt -0.150000 0.185609 0.000000
vt -0.000000 0.185609 0.000000
vt -0.150000 0.232012 0.000000
vt -0.000000 0.232012 0.000000
vt -0.150000 0.278414 0.000000
vt -0.000000 0.278414 0.000000
vt -0.150000 0.324817 0.000000
vt -0.000000 0.324817 0.000000
vt -0.150000 0.371219 0.000000
vt -0.000000 0.371219 0.000000
vt -0.150000 0.417621 0.000000
vt -0.000000 0.417621 0.000000
vt -0.150000 0.464024 0.000000
vt -0.000000 0.464024 0.000000
vt -0.150000 0.510426 0.000000
vt -0.000000 0.510426 0.000000
vt -0.150000 0.556828 0.000000
vt -0.000000 0.556828 0.000000
vt -0.150000 0.603231 0.000000
vt -0.000000 0.603231 0.000000
vt -0.150000 0.649633 0.000000
vt -0.000000 0.649633 0.000000
vt -0.150000 0.696035 0.000000
vt -0.000000 0.696035 0.000000
vt -0.150000 1.271835 0.000000
vt -0.000000 1.303445 0.000000
vt -0.150000 1.312716 0.000000
vt -0.000000 1.350648 0.000000
vt -0.766667 1.350648 0.000000
vt -0.766667 1.397851 0.000000
vt -1.533333 1.397851 0.000000
vt -1.533333 1.445054 0.000000
vt -2.300000 1.445054 0.000000
vt -2.300000 1.492257 0.000000
vt -0.766667 1.445054 0.000000
vt -0.000000 1.492257 0.000000
vt -0.000000 1.445054 0.000000
vt -0.000000 1.397851 0.000000
vt -0.000000 1.256242 0.000000
vt -0.150000 1.230954 0.000000
vt -0.000000 1.209039 0.000000
vt -0.150000 1.190073 0.000000
vt -0.000000 1.161836 0.000000
vt -0.150000 1.149192 0.000000
vt -0.000000 1.114633 0.000000
vt -0.150000 1.108311 0.000000
vt -0.000000 1.067429 0.000000
vt -0.150000 1.067429 0.000000
vt -2.300000 1.397851 0.000000
vt -1.533333 1.350648 0.000000
vt -2.300000 1.350648 0.000000
vt -2.150000 1.312716 0.000000
vt -2.300000 1.303445 0.000000
vt -2.150000 1.271835 0.000000
vt -2.300000 1.256242 0.000000
vt -2.150000 1.230954 0.000000
vt -2.300000 1.209039 0.000000
vt -2.150000 1.190073 0.000000
vt -2.300000 1.161836 0.000000
vt -2.150000 1.149192 0.000000
vt -2.300000 1.114633 0.000000
vt -2.150000 1.108311 0.000000
vt -2.300000 1.067429 0.000000
vt -2.150000 1.067429 0.000000
vt 0.000000 0.000000 0.000000
vt 0.341174 0.000000 0.000000
vt 0.000000 0.150000 0.000000
vt 0.341174 0.150000 0.000000
vt -0.150000 0.000000 0.000000
vt -0.000000 0.000000 0.000000
vt -0.150000 0.012485 0.000000
vt -0.000000 0.012485 0.000000
vt -0.150000 0.024969 0.000000
vt -0.000000 0.024969 0.000000
vt -0.150000 0.037454 0.000000
vt -0.000000 0.037454 0.000000
vt -0.150000 0.049938 0.000000
vt -0.000000 0.049938 0.000000
vt -0.150000 0.062423 0.000000
vt -0.000000 0.062423 0.000000
vt -0.150000 0.074907 0.000000
vt -0.000000 0.074907 0.000000
vt -0.150000 0.087392 0.000000
vt -0.000000 0.087392 0.000000
vt -0.150000 0.099876 0.000000
vt -0.000000 0.099876 0.000000
vt -0.150000 0.112361 0.000000
vt -0.000000 0.112361 0.000000
vt -0.000000 0.000000 0.000000
vt 0.072639 0.000000 0.000000
vt -0.000000 0.150000 0.000000
vt 0.072639 0.150000 0.000000
vt -0.023899 0.422646 0.000000
vt -0.000000 0.425000 0.000000
vt -0.050000 0.774861 0.000000
vt 0.023899 0.422646 0.000000
vt 0.046879 0.415675 0.000000
vt 0.297354 0.672913 0.000000
vt 0.068057 0.404355 0.000000
vt 0.086621 0.389121 0.000000
vt 0.101855 0.370557 0.000000
vt 0.332636 0.641584 0.000000
vt 0.364636 0.606910 0.000000
vt 0.393038 0.569232 0.000000
vt 0.113175 0.349379 0.000000
vt 0.417562 0.528923 0.000000
vt 0.437965 0.486379 0.000000
vt 0.120146 0.326399 0.000000
vt 0.454047 0.442020 0.000000
vt 0.465649 0.396285 0.000000
vt 0.472657 0.349625 0.000000
vt 0.122500 0.302500 0.000000
vt 0.475000 0.302500 0.000000
vt 0.120146 0.278601 0.000000
vt 0.113175 0.255621 0.000000
vt 0.429578 0.011116 0.000000
vt 0.101855 0.234443 0.000000
vt 0.086621 0.215879 0.000000
vt 0.068057 0.200645 0.000000
vt 0.046879 0.189325 0.000000
vt 0.023899 0.182354 0.000000
vt -0.000000 0.180000 0.000000
vt 0.048492 -0.190119 0.000000
vt 0.097202 -0.182863 0.000000
vt 0.144950 -0.170802 0.000000
vt -0.023899 0.182354 0.000000
vt -0.049882 -0.189980 0.000000
vt -0.000698 -0.192500 0.000000
vt -0.098571 -0.182586 0.000000
vt -0.046879 0.189325 0.000000
vt -0.146285 -0.170391 0.000000
vt -0.192551 -0.153514 0.000000
vt -0.068057 0.200645 0.000000
vt -0.236911 -0.132124 0.000000
vt -0.086621 0.215879 0.000000
vt -0.278926 -0.106432 0.000000
vt -0.318180 -0.076692 0.000000
vt -0.101855 0.234443 0.000000
vt -0.392861 -0.014027 0.000000
vt -0.113175 0.255621 0.000000
vt -0.403431 -0.007221 0.000000
vt -0.475000 0.302500 0.000000
vt -0.415364 -0.003267 0.000000
vt -0.427907 -0.002414 0.000000
vt -0.440266 -0.004717 0.000000
vt -0.451660 -0.010030 0.000000
vt -0.461369 -0.018018 0.000000
vt -0.468778 -0.028174 0.000000
vt -0.473419 -0.039858 0.000000
vt -0.475000 -0.052330 0.000000
vt -0.120146 0.278601 0.000000
vt -0.122500 0.302500 0.000000
vt -0.472735 0.348829 0.000000
vt -0.120146 0.326399 0.000000
vt -0.465963 0.394715 0.000000
vt -0.454747 0.439723 0.000000
vt -0.439195 0.483422 0.000000
vt -0.113175 0.349379 0.000000
vt -0.419455 0.525396 0.000000
vt -0.395715 0.565244 0.000000
vt -0.368202 0.602587 0.000000
vt -0.101855 0.370557 0.000000
vt -0.337178 0.637068 0.000000
vt -0.302939 0.668360 0.000000
vt -0.086621 0.389121 0.000000
vt -0.265811 0.696162 0.000000
vt -0.226148 0.720211 0.000000
vt -0.068057 0.404355 0.000000
vt -0.184329 0.740276 0.000000
vt -0.046879 0.415675 0.000000
vt -0.140752 0.756167 0.000000
vt -0.095833 0.767732 0.000000
vt 0.191263 -0.154056 0.000000
vt 0.235683 -0.132791 0.000000
vt 0.277771 -0.107218 0.000000
vt 0.317108 -0.077588 0.000000
vt 0.353307 -0.044197 0.000000
vt 0.386009 -0.007374 0.000000
vt 0.394826 0.001195 0.000000
vt 0.405467 0.007352 0.000000
vt 0.417290 0.010728 0.000000
vt 0.441590 0.008493 0.000000
vt 0.452599 0.003019 0.000000
vt 0.461939 -0.004977 0.000000
vt 0.469045 -0.015009 0.000000
vt 0.473488 -0.026473 0.000000
vt 0.475000 -0.038674 0.000000
vt 0.031300 0.886491 0.000000
vt -0.050000 0.847500 0.000000
vt -0.048449 0.859855 0.000000
vt -0.043894 0.871444 0.000000
vt -0.036616 0.881548 0.000000
vt -0.027067 0.889540 0.000000
vt -0.015839 0.894925 0.000000
vt -0.003629 0.897368 0.000000
vt 0.008806 0.896718 0.000000
vt 0.020695 0.893016 0.000000
vt -0.000000 0.000000 0.000000
vt 0.112649 0.000000 0.000000
vt -0.000000 0.190000 0.000000
vt 0.112649 0.190000 0.000000
vt 0.190000 0.078531 0.000000
vt -0.000000 0.078531 0.000000
vt 0.190000 0.065443 0.000000
vt 0.000000 0.065443 0.000000
vt 0.190000 0.052354 0.000000
vt -0.000000 0.052354 0.000000
vt 0.190000 0.039266 0.000000
vt 0.000000 0.039266 0.000000
vt 0.190000 0.026177 0.000000
vt 0.000000 0.026177 0.000000
vt 0.190000 0.013089 0.000000
vt 0.000000 0.013089 0.000000
vt 0.190000 0.000000 0.000000
vt 0.000000 0.000000 0.000000
vt 2.380000 0.371975 0.000000
vt 2.380000 0.425115 0.000000
vt 1.190000 0.371975 0.000000
vt 0.000000 0.425115 0.000000
vt 0.000000 0.371975 0.000000
vt 0.190000 0.364834 0.000000
vt 0.000000 0.318836 0.000000
vt 0.190000 0.312715 0.000000
vt 0.000000 0.265697 0.000000
vt 0.190000 0.260596 0.000000
vt 0.000000 0.212557 0.000000
vt 0.190000 0.208477 0.000000
vt 0.000000 0.159418 0.000000
vt 0.190000 0.156358 0.000000
vt 0.000000 0.106279 0.000000
vt 0.190000 0.104238 0.000000
vt 0.000000 0.053139 0.000000
vt 0.190000 0.052119 0.000000
vt 0.000000 0.000000 0.000000
vt 0.190000 -0.000000 0.000000
vt 2.190000 0.364834 0.000000
vt 2.380000 0.318836 0.000000
vt 2.190000 0.312715 0.000000
vt 2.380000 0.265697 0.000000
vt 2.190000 0.260596 0.000000
vt 2.380000 0.212557 0.000000
vt 2.190000 0.208477 0.000000
vt 2.380000 0.159418 0.000000
vt 2.190000 0.156358 0.000000
vt 2.380000 0.106279 0.000000
vt 2.190000 0.104238 0.000000
vt 2.380000 0.053139 0.000000
vt 2.190000 0.052119 0.000000
vt 2.380000 0.000000 0.000000
vt 2.190000 -0.000000 0.000000
vt 0.107225 0.000000 0.000000
vt 0.204714 0.000000 0.000000
vt 0.107225 0.190000 0.000000
vt 0.204714 0.190000 0.000000
vt -0.150000 0.746128 0.000000
vt -0.000000 0.746128 0.000000
vt -0.150000 0.794266 0.000000
vt -0.000000 0.794266 0.000000
vt -0.150000 0.842403 0.000000
vt -0.000000 0.842403 0.000000
vt -0.150000 0.890540 0.000000
vt -0.000000 0.890540 0.000000
vt -0.150000 0.938677 0.000000
vt -0.000000 0.938677 0.000000
vt -0.150000 0.986815 0.000000
vt -0.000000 0.986815 0.000000
vt -0.150000 1.034952 0.000000
vt -0.000000 1.034952 0.000000
vt -0.150000 1.083089 0.000000
vt -0.000000 1.083089 0.000000
vt -0.150000 1.131227 0.000000
vt -0.000000 1.131227 0.000000
vt -0.150000 1.179364 0.000000
vt -0.000000 1.179364 0.000000
vt -0.150000 1.227501 0.000000
vt -0.000000 1.227501 0.000000
vt -0.150000 1.275639 0.000000
vt -0.000000 1.275639 0.000000
vt -0.150000 1.323776 0.000000
vt -0.000000 1.323776 0.000000
vt -0.150000 1.371913 0.000000
vt -0.000000 1.371913 0.000000
vt -0.150000 1.420051 0.000000
vt -0.000000 1.420051 0.000000
vt -0.150000 1.468188 0.000000
vt -0.000000 1.468188 0.000000
vt -0.150000 1.516325 0.000000
vt -0.000000 1.516325 0.000000
vt -0.150000 1.564462 0.000000
vt -0.000000 1.564462 0.000000
vt -0.150000 1.612600 0.000000
vt -0.000000 1.612600 0.000000
vt -0.150000 1.660737 0.000000
vt -0.000000 1.660737 0.000000
vt -0.150000 1.708874 0.000000
vt -0.000000 1.708874 0.000000
vt -0.150000 1.757012 0.000000
vt -0.000000 1.757012 0.000000
vt -0.150000 1.805149 0.000000
vt -0.000000 1.805149 0.000000
vt -0.150000 1.853286 0.000000
vt -0.000000 1.853286 0.000000
vt -0.150000 1.901424 0.000000
vt -0.000000 1.901424 0.000000
vt -0.150000 1.949561 0.000000
vt -0.000000 1.949561 0.000000
vt -0.150000 1.997698 0.000000
vt -0.000000 1.997698 0.000000
vt -0.150000 2.045836 0.000000
vt -0.000000 2.045836 0.000000
vt -0.150000 2.093973 0.000000
vt -0.000000 2.093973 0.000000
vt -0.150000 2.142110 0.000000
vt -0.000000 2.142110 0.000000
vt -0.150000 2.190247 0.000000
vt -0.000000 2.190247 0.000000
vt -0.150000 2.238385 0.000000
vt -0.000000 2.238385 0.000000
vt -0.578169 0.473488 0.000000
vt -0.589633 0.469045 0.000000
vt -0.565967 0.475000 0.000000
vt -0.599665 0.461939 0.000000
vt -0.607661 0.452599 0.000000
vt -0.613135 0.441590 0.000000
vt -0.615757 0.429578 0.000000
vt -0.615369 0.417290 0.000000
vt -0.611994 0.405467 0.000000
vt -0.605836 0.394826 0.000000
vt -0.597268 0.386009 0.000000
vt -0.560445 0.353307 0.000000
vt -0.527054 0.317108 0.000000
vt 0.292858 0.475000 0.000000
vt -0.497424 0.277771 0.000000
vt -0.471851 0.235683 0.000000
vt -0.450586 0.191263 0.000000
vt 0.188405 0.124482 0.000000
vt 0.211608 0.140729 0.000000
vt 0.237280 0.152700 0.000000
vt 0.264640 0.160031 0.000000
vt 0.168376 0.104453 0.000000
vt -0.433840 0.144950 0.000000
vt 0.152129 0.081250 0.000000
vt -0.421779 0.097202 0.000000
vt 0.140158 0.055578 0.000000
vt -0.414523 0.048492 0.000000
vt 0.132827 0.028218 0.000000
vt -0.412142 -0.000698 0.000000
vt 0.130358 0.000000 0.000000
vt 0.132827 -0.028218 0.000000
vt -0.414662 -0.049882 0.000000
vt 0.140158 -0.055578 0.000000
vt -0.422056 -0.098571 0.000000
vt 0.152129 -0.081250 0.000000
vt -0.434251 -0.146285 0.000000
vt 0.168376 -0.104453 0.000000
vt -0.451128 -0.192551 0.000000
vt 0.188405 -0.124482 0.000000
vt -0.472518 -0.236911 0.000000
vt 0.211608 -0.140729 0.000000
vt 0.292858 -0.475000 0.000000
vt 0.237280 -0.152700 0.000000
vt 0.264640 -0.160031 0.000000
vt 0.292858 -0.162500 0.000000
vt 0.340913 -0.472563 0.000000
vt 0.388475 -0.465277 0.000000
vt -0.498210 -0.278926 0.000000
vt -0.552312 -0.475000 0.000000
vt -0.527950 -0.318180 0.000000
vt -0.590615 -0.392861 0.000000
vt -0.597421 -0.403431 0.000000
vt -0.601375 -0.415364 0.000000
vt -0.602228 -0.427907 0.000000
vt -0.599925 -0.440266 0.000000
vt -0.594612 -0.451660 0.000000
vt -0.586624 -0.461369 0.000000
vt -0.576468 -0.468778 0.000000
vt -0.564784 -0.473419 0.000000
vt 0.435056 -0.453216 0.000000
vt 0.321076 -0.160031 0.000000
vt 0.480177 -0.436505 0.000000
vt 0.523376 -0.415315 0.000000
vt 0.564210 -0.389863 0.000000
vt 0.348436 -0.152700 0.000000
vt 0.602260 -0.360410 0.000000
vt 0.637135 -0.327259 0.000000
vt 0.374108 -0.140729 0.000000
vt 0.668477 -0.290750 0.000000
vt 0.397311 -0.124482 0.000000
vt 0.695964 -0.251258 0.000000
vt 0.719315 -0.209187 0.000000
vt 0.417340 -0.104453 0.000000
vt 0.738290 -0.164970 0.000000
vt 0.433587 -0.081250 0.000000
vt 0.752695 -0.119060 0.000000
vt 0.445558 -0.055578 0.000000
vt 0.762381 -0.071928 0.000000
vt 0.452889 -0.028218 0.000000
vt 0.767248 -0.024058 0.000000
vt 0.455358 -0.000000 0.000000
vt 0.767248 0.024058 0.000000
vt 0.452889 0.028218 0.000000
vt 0.762381 0.071928 0.000000
vt 0.445558 0.055578 0.000000
vt 0.752695 0.119060 0.000000
vt 0.433587 0.081250 0.000000
vt 0.738290 0.164970 0.000000
vt 0.417340 0.104453 0.000000
vt 0.719315 0.209187 0.000000
vt 0.397311 0.124482 0.000000
vt 0.695964 0.251258 0.000000
vt 0.668477 0.290750 0.000000
vt 0.374108 0.140729 0.000000
vt 0.637135 0.327259 0.000000
vt 0.348436 0.152700 0.000000
vt 0.602260 0.360410 0.000000
vt 0.564210 0.389863 0.000000
vt 0.321076 0.160031 0.000000
vt 0.523376 0.415315 0.000000
vt 0.480177 0.436505 0.000000
vt 0.435056 0.453216 0.000000
vt 0.292858 0.162500 0.000000
vt 0.388475 0.465277 0.000000
vt 0.340913 0.472563 0.000000
vt 0.055260 -1.150000 0.000000
vt 0.055260 -0.000500 0.000000
vt -0.000000 -1.000000 0.000000
vt 0.044208 -0.000500 0.000000
vt 0.044208 0.000500 0.000000
vt -0.000000 1.000000 0.000000
vt 0.055260 0.000500 0.000000
vt 0.055260 1.150000 0.000000
vt -0.392344 1.150000 0.000000
vt -0.392344 1.000000 0.000000
vt -0.392344 -1.000000 0.000000
vt -0.392344 -1.150000 0.000000
vt -0.847727 0.000000 0.000000
vt -0.000000 0.000000 0.000000
vt -0.847727 0.150000 0.000000
vt -0.000000 0.150000 0.000000
vt -0.845748 0.000000 0.000000
vt -0.000000 0.000000 0.000000
vt -0.845748 0.150000 0.000000
vt -0.000000 0.150000 0.000000
vt -0.845748 0.000000 0.000000
vt -0.000000 0.000000 0.000000
vt -0.845748 0.150000 0.000000
vt -0.000000 0.150000 0.000000
vt 0.375000 -0.619305 0.000000
vt 0.375000 0.228422 0.000000
vt -0.375000 -0.228422 0.000000
vt -0.375000 0.619305 0.000000
vt 0.218050 -0.025000 0.000000
vt 0.218050 -0.005000 0.000000
vt -0.276886 -0.025000 0.000000
vt -0.276886 0.025000 0.000000
vt 0.238101 0.004124 0.000000
vt 0.257726 0.014130 0.000000
vt 0.276886 0.025000 0.000000
vt 0.179958 0.775000 0.000000
vt -0.667769 0.775000 0.000000
vt 0.570841 0.025000 0.000000
vt -0.020000 0.615385 0.000000
vt -0.000000 0.615385 0.000000
vt -0.020000 1.150000 0.000000
vt -0.000000 1.150000 0.000000
vt -1.000000 -0.266454 0.000000
vt -0.615385 -0.266454 0.000000
vt -1.150000 -0.246449 0.000000
vt -0.615385 -0.244424 0.000000
vt -0.615385 -0.222393 0.000000
vt -0.615385 -0.200363 0.000000
vt -1.150000 -0.200363 0.000000
vt -1.150000 -0.292535 0.000000
vt -1.000000 -0.315438 0.000000
vt -1.150000 -0.338621 0.000000
vt -1.000000 -0.364422 0.000000
vt -1.150000 -0.384707 0.000000
vt -1.000000 -0.413406 0.000000
vt -1.150000 -0.430793 0.000000
vt -1.000000 -0.462390 0.000000
vt -1.150000 -0.476879 0.000000
vt -1.000000 -0.511373 0.000000
vt -1.150000 -0.522965 0.000000
vt -1.000000 -0.560357 0.000000
vt -1.150000 -0.569051 0.000000
vt -1.000000 -0.609341 0.000000
vt -1.150000 -0.615137 0.000000
vt -1.000000 -0.658325 0.000000
vt -1.150000 -0.661223 0.000000
vt -1.000000 -0.707309 0.000000
vt -1.150000 -0.707309 0.000000
vt 0.000000 0.150000 0.000000
vt -0.154974 0.150000 0.000000
vt -0.000000 -0.000000 0.000000
vt -0.154974 0.000000 0.000000
vt -0.177500 0.279144 0.000000
vt 0.037215 -0.084802 0.000000
vt 0.177500 0.112085 0.000000
vt 0.082515 -0.066219 0.000000
vt 0.129430 -0.052203 0.000000
vt -0.177500 -0.279144 0.000000
vt -0.150349 -0.238397 0.000000
vt -0.119306 -0.200532 0.000000
vt -0.084673 -0.165919 0.000000
vt -0.046790 -0.134897 0.000000
vt -0.006028 -0.107770 0.000000
vt 0.177500 -0.042890 0.000000
vt -0.380000 0.129738 0.000000
vt -0.247617 -0.063525 0.000000
vt 0.025000 0.320326 0.000000
vt -0.206496 -0.084297 0.000000
vt -0.167484 -0.108802 0.000000
vt -0.380000 -0.025237 0.000000
vt -0.334746 -0.033867 0.000000
vt -0.290491 -0.046667 0.000000
vt -0.130920 -0.136827 0.000000
vt -0.097119 -0.168131 0.000000
vt -0.066375 -0.202441 0.000000
vt -0.038954 -0.239461 0.000000
vt 0.025000 -0.320326 0.000000
vt -0.015094 -0.278870 0.000000
vt 0.005000 -0.320326 0.000000
vt 0.000000 0.000000 0.000000
vt 0.847727 0.000000 0.000000
vt 0.000000 0.150000 0.000000
vt 0.847727 0.150000 0.000000
vt 0.000000 0.000000 0.000000
vt 0.845748 0.000000 0.000000
vt 0.000000 0.150000 0.000000
vt 0.845748 0.150000 0.000000
vt 0.000000 0.000000 0.000000
vt 0.845748 0.000000 0.000000
vt 0.000000 0.150000 0.000000
vt 0.845748 0.150000 0.000000
vt -0.375000 -0.619305 0.000000
vt 0.375000 -0.228422 0.000000
vt -0.375000 0.228422 0.000000
vt 0.375000 0.619305 0.000000
vt 0.000000 0.615385 0.000000
vt 0.293955 0.615385 0.000000
vt 0.000000 1.000000 0.000000
vt 0.558287 1.000000 0.000000
vt 0.293955 0.465385 0.000000
vt 0.558287 -1.000000 0.000000
vt 0.293955 -0.465385 0.000000
vt 0.293955 -0.615385 0.000000
vt -0.553772 0.465385 0.000000
vt -0.553772 -0.465385 0.000000
vt 0.000000 -0.615385 0.000000
vt 0.000000 -1.000000 0.000000
vt -0.000000 -0.000500 0.000000
vt -0.000000 -0.615385 0.000000
vt 0.010000 -0.000500 0.000000
vt 0.050000 -0.465385 0.000000
vt 0.010000 0.000500 0.000000
vt 0.050000 0.465385 0.000000
vt 0.000000 0.615385 0.000000
vt 0.050000 0.615385 0.000000
vt 0.050000 -0.615385 0.000000
vt -0.000000 0.000500 0.000000
vt -0.218050 -0.025000 0.000000
vt 0.276886 -0.025000 0.000000
vt -0.218050 -0.005000 0.000000
vt 0.276886 0.025000 0.000000
vt -0.238101 0.004124 0.000000
vt -0.257726 0.014130 0.000000
vt -0.276886 0.025000 0.000000
vt -0.179958 0.775000 0.000000
vt -0.570841 0.025000 0.000000
vt 0.667769 0.775000 0.000000
vt 0.000000 0.615385 0.000000
vt 0.020000 0.615385 0.000000
vt 0.000000 1.150000 0.000000
vt 0.020000 1.150000 0.000000
vt 0.615385 -0.200363 0.000000
vt 0.615385 -0.222393 0.000000
vt 1.150000 -0.200363 0.000000
vt 1.150000 -0.246449 0.000000
vt 0.615385 -0.244424 0.000000
vt 0.615385 -0.266454 0.000000
vt 1.000000 -0.266454 0.000000
vt 1.150000 -0.292535 0.000000
vt 1.000000 -0.315438 0.000000
vt 1.150000 -0.338621 0.000000
vt 1.000000 -0.364422 0.000000
vt 1.150000 -0.384707 0.000000
vt 1.000000 -0.413406 0.000000
vt 1.150000 -0.430793 0.000000
vt 1.000000 -0.462390 0.000000
vt 1.150000 -0.476879 0.000000
vt 1.000000 -0.511373 0.000000
vt 1.150000 -0.522965 0.000000
vt 1.000000 -0.560357 0.000000
vt 1.150000 -0.569051 0.000000
vt 1.000000 -0.609341 0.000000
vt 1.150000 -0.615137 0.000000
vt 1.000000 -0.658325 0.000000
vt 1.150000 -0.661223 0.000000
vt 1.000000 -0.707309 0.000000
vt 1.150000 -0.707309 0.000000
vt 0.154974 0.150000 0.000000
vt -0.000000 0.150000 0.000000
vt 0.154974 0.000000 0.000000
vt -0.000000 0.000000 0.000000
vt -0.177500 0.112085 0.000000
vt -0.037215 -0.084802 0.000000
vt 0.177500 0.279144 0.000000
vt 0.006028 -0.107770 0.000000
vt 0.046790 -0.134897 0.000000
vt -0.177500 -0.042890 0.000000
vt -0.129430 -0.052203 0.000000
vt -0.082515 -0.066219 0.000000
vt 0.084673 -0.165919 0.000000
vt 0.119306 -0.200532 0.000000
vt 0.150349 -0.238397 0.000000
vt 0.177500 -0.279144 0.000000
vt -0.000000 -1.150000 0.000000
vt 0.640652 -0.615385 0.000000
vt 0.000000 -0.000500 0.000000
vt 1.135588 -0.000500 0.000000
vt 0.000000 0.000500 0.000000
vt 1.135588 0.000500 0.000000
vt 0.640652 0.615385 0.000000
vt 1.135588 0.615385 0.000000
vt 0.640652 -1.150000 0.000000
vt 1.135588 -0.615385 0.000000
vt 1.233193 -0.000500 0.000000
vt 1.233193 0.000500 0.000000
vt 1.664092 -0.000500 0.000000
vt 1.664092 0.000500 0.000000
vt 2.230524 -0.000500 0.000000
vt 2.230524 0.000500 0.000000
vt 2.730588 -0.000500 0.000000
vt 2.730588 0.000500 0.000000
vt 1.664092 -1.000000 0.000000
vt 1.233193 -1.000000 0.000000
vt 1.190418 -1.150000 0.000000
vt 0.835588 -1.000000 0.000000
vt 0.835588 -1.150000 0.000000
vt 1.727368 -1.190000 0.000000
vt 1.190418 -1.340000 0.000000
vt 2.035588 -1.340000 0.000000
vt 2.035588 -1.190000 0.000000
vt 1.727368 -1.000000 0.000000
vt 2.230524 -1.340000 0.000000
vt 2.730588 -1.340000 0.000000
vt 2.730588 1.340000 0.000000
vt 2.230524 1.340000 0.000000
vt 1.233193 1.000000 0.000000
vt 1.664092 1.000000 0.000000
vt 1.190418 1.150000 0.000000
vt 1.727368 1.190000 0.000000
vt 1.190418 1.340000 0.000000
vt 2.035588 1.340000 0.000000
vt 2.035588 1.190000 0.000000
vt 1.727368 1.000000 0.000000
vt 0.835588 1.150000 0.000000
vt 0.835588 1.000000 0.000000
vt 0.640652 1.150000 0.000000
vt 0.000000 1.150000 0.000000
vt -0.025000 0.320326 0.000000
vt 0.247617 -0.063525 0.000000
vt 0.380000 0.129738 0.000000
vt 0.290491 -0.046667 0.000000
vt 0.334746 -0.033867 0.000000
vt -0.025000 -0.320326 0.000000
vt 0.038954 -0.239461 0.000000
vt 0.066375 -0.202441 0.000000
vt 0.097119 -0.168131 0.000000
vt -0.005000 -0.320326 0.000000
vt 0.015094 -0.278870 0.000000
vt 0.130920 -0.136827 0.000000
vt 0.167484 -0.108802 0.000000
vt 0.206496 -0.084297 0.000000
vt 0.380000 -0.025237 0.000000
vn 0.000000 0.100000 0.000000
vn 0.000000 0.100000 0.000000
vn 0.000000 0.100000 0.000000
vn 0.000000 0.100000 0.000000
vn 0.000000 0.100000 0.000000
vn 0.000000 0.100000 0.000000
vn 0.000000 0.100000 0.000000
vn 0.000000 0.000000 -0.100000
vn 0.000000 0.000000 -0.100000
vn 0.000000 0.000000 -0.100000
vn 0.000000 0.000000 -0.100000
vn 0.000000 -0.100000 0.000000
vn 0.000000 -0.100000 0.000000
vn 0.000000 -0.100000 0.000000
vn 0.000000 -0.100000 0.000000
vn 0.100000 0.000000 0.000000
vn 0.100000 0.000000 0.000000
vn 0.100000 0.000000 0.000000
vn 0.100000 0.000000 0.000000
vn 0.000000 -0.100000 0.000000
vn 0.000000 -0.100000 0.000000
vn 0.000000 -0.100000 0.000000
vn 0.000000 0.000000 -0.100000
vn 0.000000 0.000000 -0.100000
vn 0.000000 0.000000 -0.100000
vn 0.000000 0.000000 -0.100000
vn 0.000000 -0.100000 0.000000
vn 0.000000 -0.100000 0.000000
vn 0.000000 -0.100000 0.000000
vn 0.000000 0.000000 -0.100000
vn 0.000000 0.000000 -0.100000
vn 0.000000 0.000000 -0.100000
vn 0.000000 0.000000 -0.100000
vn 0.000000 0.000000 -0.100000
vn 0.000000 0.000000 -0.100000
vn 0.000000 0.000000 -0.100000
vn 0.000000 0.000000 -0.100000
vn 0.000000 0.100000 0.000000
vn 0.000000 0.100000 0.000000
vn 0.000000 0.100000 0.000000
vn 0.000000 0.100000 0.000000
vn 0.000000 0.100000 0.000000
vn 0.000000 0.100000 0.000000
vn 0.000000 0.100000 0.000000
vn 0.000000 -0.100000 0.000000
vn 0.000000 -0.100000 0.000000
vn 0.000000 -0.100000 0.000000
vn 0.000000 -0.100000 0.000000
vn -0.100000 0.000000 -0.000000
vn -0.100000 0.000000 -0.000000
vn -0.100000 0.000000 -0.000000
vn -0.100000 0.000000 -0.000000
vn -0.092164 0.000000 -0.038806
vn -0.092164 0.000000 -0.038806
vn -0.092164 0.000000 -0.038806
vn -0.092164 0.000000 -0.038806
vn -0.092164 0.000000 -0.038806
vn -0.092164 0.000000 -0.038806
vn -0.092164 0.000000 -0.038806
vn -0.092164 0.000000 -0.038806
vn -0.092164 0.000000 -0.038806
vn -0.092164 0.000000 -0.038806
vn -0.092164 0.000000 -0.038806
vn -0.092164 0.000000 -0.038806
vn 0.000000 0.100000 0.000000
vn 0.000000 0.100000 0.000000
vn 0.000000 0.100000 0.000000
vn 0.000000 0.100000 0.000000
vn 0.000000 0.100000 0.000000
vn 0.000000 0.100000 0.000000
vn 0.000000 0.100000 0.000000
vn 0.000000 0.100000 0.000000
vn 0.000000 0.100000 0.000000
vn 0.000000 0.100000 0.000000
vn 0.000000 0.100000 0.000000
vn 0.000000 0.100000 0.000000
vn 0.000000 0.100000 0.000000
vn 0.000000 -0.100000 0.000000
vn 0.000000 -0.100000 0.000000
vn 0.000000 -0.100000 0.000000
vn 0.000000 -0.100000 0.000000
vn 0.000000 -0.100000 0.000000
vn 0.000000 -0.100000 0.000000
vn 0.000000 -0.100000 0.000000
vn 0.000000 -0.100000 0.000000
vn 0.000000 -0.100000 0.000000
vn 0.000000 -0.100000 0.000000
vn 0.000000 -0.100000 0.000000
vn 0.000000 -0.100000 0.000000
vn 0.000000 -0.100000 0.000000
vn 0.000000 -0.100000 0.000000
vn 0.000000 -0.100000 0.000000
vn 0.000000 -0.100000 0.000000
vn 0.000000 -0.100000 0.000000
vn 0.000000 -0.100000 0.000000
vn 0.000000 -0.100000 0.000000
vn 0.000000 -0.100000 0.000000
vn 0.000000 -0.100000 0.000000
vn 0.000000 -0.100000 0.000000
vn 0.000000 -0.100000 0.000000
vn 0.000000 -0.100000 0.000000
vn 0.000000 -0.100000 0.000000
vn 0.000000 -0.100000 0.000000
vn 0.000000 -0.100000 0.000000
vn 0.000000 -0.100000 0.000000
vn 0.000000 0.000000 -0.100000
vn 0.000000 0.000000 -0.100000
vn 0.000000 0.000000 -0.100000
vn 0.000000 0.000000 -0.100000
vn 0.100000 0.000000 0.000000
vn 0.100000 0.000000 0.000000
vn 0.100000 0.000000 0.000000
vn 0.100000 0.000000 0.000000
vn 0.100000 0.000000 0.000000
vn 0.100000 0.000000 0.000000
vn 0.100000 0.000000 0.000000
vn 0.100000 0.000000 0.000000
vn 0.100000 -0.000000 0.000000
vn 0.100000 -0.000000 0.000000
vn 0.099560 0.000000 -0.009373
vn 0.099528 0.000000 -0.009702
vn 0.098243 0.000000 -0.018663
vn 0.098118 0.000000 -0.019312
vn 0.096061 0.000000 -0.027789
vn 0.095781 0.000000 -0.028739
vn 0.093034 0.000000 -0.036670
vn 0.092541 0.000000 -0.037896
vn 0.089188 0.000000 -0.045228
vn 0.088428 0.000000 -0.046695
vn 0.084556 0.000000 -0.053388
vn 0.083481 0.000000 -0.055054
vn 0.079180 0.000000 -0.061078
vn 0.077746 0.000000 -0.062893
vn 0.073107 0.000000 -0.068231
vn 0.071278 0.000000 -0.070139
vn 0.066390 0.000000 -0.074782
vn 0.064137 0.000000 -0.076723
vn 0.059089 0.000000 -0.080676
vn 0.056391 0.000000 -0.082584
vn 0.051267 0.000000 -0.085859
vn 0.048113 0.000000 -0.087665
vn 0.048113 0.000000 -0.087665
vn 0.039381 0.000000 -0.091919
vn 0.039381 0.000000 -0.091919
vn 0.048113 0.000000 -0.087665
vn 0.048113 0.000000 -0.087665
vn 0.051267 0.000000 -0.085859
vn 0.056391 0.000000 -0.082584
vn 0.059089 0.000000 -0.080676
vn 0.064137 0.000000 -0.076723
vn 0.066390 0.000000 -0.074782
vn 0.071278 0.000000 -0.070139
vn 0.073107 0.000000 -0.068231
vn 0.077746 0.000000 -0.062893
vn 0.079180 0.000000 -0.061078
vn 0.083481 0.000000 -0.055054
vn 0.084556 0.000000 -0.053388
vn 0.088428 0.000000 -0.046695
vn 0.089188 0.000000 -0.045228
vn 0.092541 0.000000 -0.037896
vn 0.093034 0.000000 -0.036670
vn 0.095781 0.000000 -0.028739
vn 0.096061 0.000000 -0.027789
vn 0.098118 0.000000 -0.019312
vn 0.098243 0.000000 -0.018663
vn 0.099528 0.000000 -0.009702
vn 0.099560 0.000000 -0.009373
vn 0.100000 -0.000000 0.000000
vn 0.100000 -0.000000 0.000000
vn 0.000000 0.100000 0.000000
vn 0.000000 0.100000 0.000000
vn 0.000000 0.100000 0.000000
vn 0.000000 0.100000 0.000000
vn 0.000000 0.100000 0.000000
vn 0.000000 0.100000 0.000000
vn 0.000000 0.100000 0.000000
vn 0.000000 0.100000 0.000000
vn 0.000000 0.100000 0.000000
vn 0.000000 0.100000 0.000000
vn 0.000000 0.100000 0.000000
vn 0.000000 0.100000 0.000000
vn 0.000000 0.100000 0.000000
vn 0.000000 0.100000 0.000000
vn 0.000000 0.100000 0.000000
vn 0.000000 0.000000 -0.100000
vn 0.000000 0.000000 -0.100000
vn 0.024403 0.000000 -0.096977
vn 0.024403 0.000000 -0.096977
vn 0.047330 0.000000 -0.088090
vn 0.047330 0.000000 -0.088090
vn 0.067396 0.000000 -0.073877
vn 0.067396 0.000000 -0.073877
vn 0.083386 0.000000 -0.055197
vn 0.083386 0.000000 -0.055197
vn 0.094335 0.000000 -0.033180
vn 0.094335 0.000000 -0.033180
vn 0.099580 0.000000 -0.009157
vn 0.099580 0.000000 -0.009157
vn 0.098804 0.000000 0.015420
vn 0.098804 0.000000 0.015420
vn 0.092054 0.000000 0.039065
vn 0.092054 0.000000 0.039065
vn 0.079738 0.000000 0.060348
vn 0.079738 0.000000 0.060348
vn 0.062601 0.000000 0.077982
vn 0.062601 0.000000 0.077982
vn 0.070040 0.000000 0.071375
vn 0.070040 0.000000 0.071375
vn 0.076786 0.000000 0.064062
vn 0.076786 0.000000 0.064062
vn 0.082771 0.000000 0.056115
vn 0.082771 0.000000 0.056115
vn 0.087938 0.000000 0.047613
vn 0.087938 0.000000 0.047613
vn 0.092234 0.000000 0.038639
vn 0.092234 0.000000 0.038639
vn 0.095617 0.000000 0.029283
vn 0.095617 0.000000 0.029283
vn 0.098053 0.000000 0.019637
vn 0.098053 0.000000 0.019637
vn 0.099519 0.000000 0.009796
vn 0.099519 0.000000 0.009796
vn 0.100000 0.000000 -0.000141
vn 0.100000 0.000000 -0.000141
vn 0.099491 0.000000 -0.010077
vn 0.099491 0.000000 -0.010077
vn 0.097997 0.000000 -0.019913
vn 0.097997 0.000000 -0.019913
vn 0.095533 0.000000 -0.029553
vn 0.095533 0.000000 -0.029553
vn 0.092124 0.000000 -0.038899
vn 0.092124 0.000000 -0.038899
vn 0.087803 0.000000 -0.047861
vn 0.087803 0.000000 -0.047861
vn 0.082613 0.000000 -0.056349
vn 0.082613 0.000000 -0.056349
vn 0.076604 0.000000 -0.064279
vn 0.076604 0.000000 -0.064279
vn 0.076604 0.000000 -0.064279
vn 0.076604 0.000000 -0.064279
vn 0.090217 0.000000 -0.043139
vn 0.090217 0.000000 -0.043139
vn 0.098126 0.000000 -0.019271
vn 0.098126 0.000000 -0.019271
vn 0.099831 0.000000 0.005814
vn 0.099831 0.000000 0.005814
vn 0.095225 0.000000 0.030533
vn 0.095225 0.000000 0.030533
vn 0.084599 0.000000 0.053320
vn 0.084599 0.000000 0.053320
vn 0.068624 0.000000 0.072737
vn 0.068624 0.000000 0.072737
vn 0.048311 0.000000 0.087556
vn 0.048311 0.000000 0.087556
vn 0.024944 0.000000 0.096839
vn 0.024944 0.000000 0.096839
vn 0.000000 0.000000 0.100000
vn 0.000000 0.000000 0.100000
vn -0.058709 0.000000 -0.080952
vn -0.058709 0.000000 -0.080952
vn -0.077002 0.000000 -0.063802
vn -0.077002 0.000000 -0.063802
vn -0.090453 0.000000 -0.042640
vn -0.090453 0.000000 -0.042640
vn -0.098217 0.000000 -0.018797
vn -0.098217 0.000000 -0.018797
vn -0.099806 0.000000 0.006227
vn -0.099806 0.000000 0.006227
vn -0.095119 0.000000 0.030861
vn -0.095119 0.000000 0.030861
vn -0.084451 0.000000 0.053554
vn -0.084451 0.000000 0.053554
vn -0.068474 0.000000 0.072879
vn -0.068474 0.000000 0.072879
vn -0.048190 0.000000 0.087622
vn -0.048190 0.000000 0.087622
vn -0.024877 0.000000 0.096856
vn -0.024877 0.000000 0.096856
vn -0.000000 0.000000 0.100000
vn -0.000000 0.000000 0.100000
vn -0.065978 0.000000 -0.075146
vn -0.065978 0.000000 -0.075146
vn -0.072677 0.000000 -0.068688
vn -0.072677 0.000000 -0.068688
vn -0.078746 0.000000 -0.061636
vn -0.078746 0.000000 -0.061636
vn -0.084134 0.000000 -0.054051
vn -0.084134 0.000000 -0.054051
vn -0.088793 0.000000 -0.045998
vn -0.088793 0.000000 -0.045998
vn -0.092684 0.000000 -0.037546
vn -0.092684 0.000000 -0.037546
vn -0.095772 0.000000 -0.028769
vn -0.095772 0.000000 -0.028769
vn -0.098032 0.000000 -0.019744
vn -0.098032 0.000000 -0.019744
vn -0.099442 0.000000 -0.010547
vn -0.099442 0.000000 -0.010547
vn 0.000000 -0.100000 0.000000
vn 0.000000 -0.100000 0.000000
vn 0.000000 -0.100000 0.000000
vn 0.000000 -0.100000 0.000000
vn 0.000000 -0.100000 0.000000
vn 0.000000 -0.100000 0.000000
vn 0.000000 -0.100000 0.000000
vn 0.000000 -0.100000 0.000000
vn 0.000000 -0.100000 0.000000
vn 0.000000 -0.100000 0.000000
vn 0.000000 -0.100000 0.000000
vn 0.000000 -0.100000 0.000000
vn 0.000000 -0.100000 0.000000
vn 0.000000 -0.100000 0.000000
vn 0.000000 -0.100000 0.000000
vn 0.000000 -0.100000 0.000000
vn 0.000000 -0.100000 0.000000
vn 0.000000 -0.100000 0.000000
vn 0.000000 -0.100000 0.000000
vn 0.000000 -0.100000 0.000000
vn 0.000000 -0.100000 0.000000
vn 0.000000 -0.100000 0.000000
vn 0.000000 -0.100000 0.000000
vn 0.000000 -0.100000 0.000000
vn 0.000000 -0.100000 0.000000
vn 0.000000 -0.100000 0.000000
vn 0.000000 -0.100000 0.000000
vn 0.000000 -0.100000 0.000000
vn 0.000000 -0.100000 0.000000
vn 0.000000 -0.100000 0.000000
vn 0.000000 -0.100000 0.000000
vn 0.000000 -0.100000 0.000000
vn 0.000000 -0.100000 0.000000
vn 0.000000 -0.100000 0.000000
vn 0.000000 -0.100000 0.000000
vn 0.000000 -0.100000 0.000000
vn 0.000000 -0.100000 0.000000
vn 0.000000 -0.100000 0.000000
vn 0.000000 -0.100000 0.000000
vn 0.000000 -0.100000 0.000000
vn 0.000000 -0.100000 0.000000
vn 0.000000 -0.100000 0.000000
vn 0.000000 -0.100000 0.000000
vn 0.000000 -0.100000 0.000000
vn 0.000000 -0.100000 0.000000
vn 0.000000 -0.100000 0.000000
vn 0.000000 -0.100000 0.000000
vn 0.000000 -0.100000 0.000000
vn 0.000000 -0.100000 0.000000
vn 0.000000 -0.100000 0.000000
vn 0.000000 -0.100000 0.000000
vn 0.000000 -0.100000 0.000000
vn 0.000000 -0.100000 0.000000
vn 0.000000 -0.100000 0.000000
vn 0.000000 -0.100000 0.000000
vn 0.000000 -0.100000 0.000000
vn 0.000000 -0.100000 0.000000
vn 0.000000 -0.100000 0.000000
vn 0.000000 -0.100000 0.000000
vn 0.000000 -0.100000 0.000000
vn 0.000000 -0.100000 0.000000
vn 0.000000 -0.100000 0.000000
vn 0.000000 -0.100000 0.000000
vn 0.000000 -0.100000 0.000000
vn 0.000000 -0.100000 0.000000
vn 0.000000 -0.100000 0.000000
vn 0.000000 -0.100000 0.000000
vn 0.000000 -0.100000 0.000000
vn 0.000000 -0.100000 0.000000
vn 0.000000 -0.100000 0.000000
vn 0.000000 -0.100000 0.000000
vn 0.000000 -0.100000 0.000000
vn 0.000000 -0.100000 0.000000
vn 0.000000 -0.100000 0.000000
vn 0.000000 -0.100000 0.000000
vn 0.000000 -0.100000 0.000000
vn 0.000000 -0.100000 0.000000
vn 0.000000 -0.100000 0.000000
vn 0.000000 -0.100000 0.000000
vn 0.000000 -0.100000 0.000000
vn 0.000000 -0.100000 0.000000
vn 0.000000 -0.100000 0.000000
vn 0.060971 0.079262 0.000000
vn 0.060971 0.079262 0.000000
vn 0.060971 0.079262 0.000000
vn 0.060971 0.079262 0.000000
vn 0.060971 0.079262 0.000000
vn 0.060971 0.079262 0.000000
vn 0.060971 0.079262 0.000000
vn 0.060971 0.079262 0.000000
vn 0.060971 0.079262 0.000000
vn 0.060971 0.079262 0.000000
vn 0.060971 0.079262 0.000000
vn 0.060971 0.079262 0.000000
vn 0.060971 0.079262 0.000000
vn 0.060971 0.079262 0.000000
vn 0.060971 0.079262 0.000000
vn 0.060971 0.079262 0.000000
vn 0.060971 0.079262 0.000000
vn 0.060971 0.079262 0.000000
vn 0.060971 0.079262 0.000000
vn 0.060971 0.079262 0.000000
vn 0.060971 0.079262 0.000000
vn 0.060971 0.079262 0.000000
vn 0.060971 0.079262 0.000000
vn 0.060971 0.079262 0.000000
vn 0.060971 0.079262 0.000000
vn 0.060971 0.079262 0.000000
vn 0.060971 0.079262 0.000000
vn 0.060971 0.079262 0.000000
vn 0.060971 0.079262 0.000000
vn 0.060971 0.079262 0.000000
vn 0.060971 0.079262 0.000000
vn 0.060971 0.079262 0.000000
vn 0.060971 0.079262 0.000000
vn 0.069636 -0.070711 -0.012279
vn 0.069795 -0.070711 -0.011343
vn 0.070711 -0.070711 -0.000000
vn 0.070711 -0.070711 -0.000000
vn 0.069795 -0.070711 0.011343
vn 0.067072 -0.070711 -0.022392
vn 0.066446 -0.070711 -0.024184
vn 0.062611 -0.070711 -0.032861
vn 0.061237 -0.070711 -0.035355
vn 0.056529 -0.070711 -0.042479
vn 0.054168 -0.070711 -0.045452
vn 0.048983 -0.070711 -0.050997
vn 0.045452 -0.070711 -0.054168
vn 0.040168 -0.070711 -0.058194
vn 0.035355 -0.070711 -0.061237
vn 0.030313 -0.070711 -0.063884
vn 0.024184 -0.070711 -0.066446
vn 0.019673 -0.070711 -0.067919
vn 0.012279 -0.070711 -0.069636
vn 0.008523 -0.070711 -0.070195
vn -0.000000 -0.070711 -0.070711
vn -0.002847 -0.070711 -0.070653
vn -0.012279 -0.070711 -0.069636
vn -0.014144 -0.070711 -0.069282
vn -0.024184 -0.070711 -0.066446
vn -0.025074 -0.070711 -0.066116
vn -0.035355 -0.070711 -0.061237
vn -0.035355 -0.070711 -0.061237
vn -0.044721 -0.070711 -0.054773
vn -0.045452 -0.070711 -0.054168
vn -0.052928 -0.070711 -0.046890
vn -0.054168 -0.070711 -0.045452
vn -0.059764 -0.070711 -0.037792
vn -0.061237 -0.070711 -0.035355
vn -0.065052 -0.070711 -0.027716
vn -0.066446 -0.070711 -0.024184
vn -0.068656 -0.070711 -0.016922
vn -0.069636 -0.070711 -0.012279
vn -0.070481 -0.070711 -0.005690
vn -0.070711 -0.070711 0.000000
vn -0.070481 -0.070711 0.005690
vn -0.069636 -0.070711 0.012279
vn -0.068656 -0.070711 0.016922
vn -0.066446 -0.070711 0.024184
vn -0.065052 -0.070711 0.027716
vn -0.061237 -0.070711 0.035355
vn -0.059764 -0.070711 0.037792
vn -0.054168 -0.070711 0.045452
vn -0.052928 -0.070711 0.046890
vn -0.045452 -0.070711 0.054168
vn -0.044721 -0.070711 0.054773
vn -0.035355 -0.070711 0.061237
vn -0.035355 -0.070711 0.061237
vn -0.025074 -0.070711 0.066116
vn -0.024184 -0.070711 0.066446
vn -0.014144 -0.070711 0.069282
vn -0.012279 -0.070711 0.069636
vn -0.002847 -0.070711 0.070653
vn -0.000000 -0.070711 0.070711
vn 0.008523 -0.070711 0.070195
vn 0.012279 -0.070711 0.069636
vn 0.019673 -0.070711 0.067919
vn 0.024184 -0.070711 0.066446
vn 0.030313 -0.070711 0.063884
vn 0.035355 -0.070711 0.061237
vn 0.040168 -0.070711 0.058194
vn 0.045452 -0.070711 0.054168
vn 0.048983 -0.070711 0.050997
vn 0.054168 -0.070711 0.045452
vn 0.056529 -0.070711 0.042479
vn 0.061237 -0.070711 0.035355
vn 0.062611 -0.070711 0.032861
vn 0.066446 -0.070711 0.024184
vn 0.067072 -0.070711 0.022392
vn 0.069636 -0.070711 0.012279
vn 0.000000 -0.100000 0.000000
vn 0.000000 -0.100000 0.000000
vn 0.000000 -0.100000 0.000000
vn 0.000000 -0.100000 0.000000
vn 0.000000 -0.100000 0.000000
vn 0.000000 -0.100000 0.000000
vn 0.000000 -0.100000 0.000000
vn 0.000000 -0.100000 0.000000
vn 0.000000 -0.100000 0.000000
vn 0.000000 -0.100000 0.000000
vn 0.000000 -0.100000 0.000000
vn 0.000000 -0.100000 0.000000
vn 0.000000 -0.100000 0.000000
vn 0.000000 -0.100000 0.000000
vn 0.000000 -0.100000 0.000000
vn 0.000000 -0.100000 0.000000
vn 0.000000 -0.100000 0.000000
vn 0.000000 -0.100000 0.000000
vn 0.000000 -0.100000 0.000000
vn 0.000000 -0.100000 0.000000
vn 0.000000 -0.100000 0.000000
vn 0.000000 -0.100000 0.000000
vn 0.000000 -0.100000 0.000000
vn 0.000000 -0.100000 0.000000
vn 0.000000 -0.100000 0.000000
vn 0.000000 -0.100000 0.000000
vn 0.000000 -0.100000 0.000000
vn 0.000000 -0.100000 0.000000
vn 0.000000 -0.100000 0.000000
vn 0.000000 -0.100000 0.000000
vn 0.000000 -0.100000 0.000000
vn 0.000000 -0.100000 0.000000
vn 0.000000 -0.100000 0.000000
vn 0.000000 -0.100000 0.000000
vn 0.000000 -0.100000 0.000000
vn 0.000000 -0.100000 0.000000
vn 0.000000 -0.100000 0.000000
vn 0.000000 -0.100000 0.000000
vn 0.000000 -0.100000 0.000000
vn 0.000000 -0.100000 0.000000
vn 0.000000 -0.100000 0.000000
vn 0.000000 -0.100000 0.000000
vn 0.000000 -0.100000 0.000000
vn 0.000000 -0.100000 0.000000
vn 0.000000 -0.100000 0.000000
vn 0.000000 -0.100000 0.000000
vn 0.000000 -0.100000 0.000000
vn 0.000000 -0.100000 0.000000
vn 0.000000 -0.100000 0.000000
vn 0.000000 -0.100000 0.000000
vn 0.000000 -0.100000 0.000000
vn 0.000000 -0.100000 0.000000
vn 0.000000 -0.100000 0.000000
vn 0.000000 -0.100000 0.000000
vn 0.000000 -0.100000 0.000000
vn 0.000000 -0.100000 0.000000
vn 0.000000 -0.100000 0.000000
vn 0.000000 -0.100000 0.000000
vn 0.000000 -0.100000 0.000000
vn 0.000000 -0.100000 0.000000
vn 0.000000 -0.100000 0.000000
vn 0.000000 -0.100000 0.000000
vn 0.000000 -0.100000 0.000000
vn 0.000000 -0.100000 0.000000
vn 0.000000 -0.100000 0.000000
vn 0.000000 -0.100000 0.000000
vn 0.000000 -0.100000 0.000000
vn 0.000000 -0.100000 0.000000
vn 0.000000 -0.100000 0.000000
vn 0.000000 -0.100000 0.000000
vn 0.000000 -0.100000 0.000000
vn 0.000000 -0.100000 0.000000
vn 0.000000 -0.100000 0.000000
vn 0.000000 -0.100000 0.000000
vn 0.000000 -0.100000 0.000000
vn 0.000000 -0.100000 0.000000
vn 0.000000 -0.100000 0.000000
vn 0.000000 -0.100000 0.000000
vn 0.000000 -0.100000 0.000000
vn 0.000000 -0.100000 0.000000
vn 0.000000 -0.100000 0.000000
vn 0.000000 -0.100000 0.000000
vn 0.000000 -0.100000 0.000000
vn 0.000000 -0.100000 0.000000
vn 0.000000 -0.100000 0.000000
vn 0.000000 -0.100000 0.000000
vn 0.000000 -0.100000 0.000000
vn 0.000000 -0.100000 0.000000
vn 0.000000 -0.100000 0.000000
vn 0.000000 -0.100000 0.000000
vn 0.000000 -0.100000 0.000000
vn 0.000000 -0.100000 0.000000
vn 0.000000 -0.100000 0.000000
vn 0.000000 -0.100000 0.000000
vn 0.000000 -0.100000 0.000000
vn 0.000000 -0.100000 0.000000
vn 0.000000 -0.100000 0.000000
vn 0.000000 -0.100000 0.000000
vn 0.000000 -0.100000 0.000000
vn 0.000000 -0.100000 0.000000
vn 0.000000 -0.100000 0.000000
vn 0.000000 -0.100000 0.000000
vn 0.000000 -0.100000 0.000000
vn 0.000000 -0.100000 0.000000
vn 0.000000 -0.100000 0.000000
vn 0.000000 -0.100000 0.000000
vn 0.000000 -0.100000 0.000000
vn 0.000000 -0.100000 0.000000
vn 0.000000 -0.100000 0.000000
vn 0.000000 -0.100000 0.000000
vn 0.000000 -0.100000 0.000000
vn 0.000000 -0.100000 0.000000
vn 0.000000 -0.100000 0.000000
vn 0.000000 -0.100000 0.000000
vn 0.000000 -0.100000 0.000000
vn 0.098481 0.000000 -0.017365
vn 0.098481 0.000000 -0.017365
vn 0.100000 0.000000 -0.000000
vn 0.100000 0.000000 -0.000000
vn 0.098481 0.000000 0.017365
vn 0.098481 0.000000 0.017365
vn 0.093969 0.000000 0.034202
vn 0.093969 0.000000 0.034202
vn 0.086603 0.000000 0.050000
vn 0.086603 0.000000 0.050000
vn 0.076604 0.000000 0.064279
vn 0.076604 0.000000 0.064279
vn 0.064279 0.000000 0.076604
vn 0.064279 0.000000 0.076604
vn 0.050000 0.000000 0.086603
vn 0.050000 0.000000 0.086603
vn 0.034202 0.000000 0.093969
vn 0.034202 0.000000 0.093969
vn 0.017365 0.000000 0.098481
vn 0.017365 0.000000 0.098481
vn -0.000000 0.000000 0.100000
vn -0.000000 0.000000 0.100000
vn -0.017365 0.000000 0.098481
vn -0.017365 0.000000 0.098481
vn -0.034202 0.000000 0.093969
vn -0.034202 0.000000 0.093969
vn -0.050000 0.000000 0.086603
vn -0.050000 0.000000 0.086603
vn -0.064279 0.000000 0.076604
vn -0.064279 0.000000 0.076604
vn -0.076604 0.000000 0.064279
vn -0.076604 0.000000 0.064279
vn -0.086603 0.000000 0.050000
vn -0.086603 0.000000 0.050000
vn -0.093969 0.000000 0.034202
vn -0.093969 0.000000 0.034202
vn -0.098481 0.000000 0.017365
vn -0.098481 0.000000 0.017365
vn -0.100000 0.000000 0.000000
vn -0.100000 0.000000 0.000000
vn -0.098481 0.000000 -0.017365
vn -0.098481 0.000000 -0.017365
vn -0.093969 0.000000 -0.034202
vn -0.093969 0.000000 -0.034202
vn -0.086603 0.000000 -0.050000
vn -0.086603 0.000000 -0.050000
vn -0.076604 0.000000 -0.064279
vn -0.076604 0.000000 -0.064279
vn -0.064279 0.000000 -0.076604
vn -0.064279 0.000000 -0.076604
vn -0.050000 0.000000 -0.086603
vn -0.050000 0.000000 -0.086603
vn -0.034202 0.000000 -0.093969
vn -0.034202 0.000000 -0.093969
vn -0.017365 0.000000 -0.098481
vn -0.017365 0.000000 -0.098481
vn -0.000000 0.000000 -0.100000
vn -0.000000 0.000000 -0.100000
vn 0.017365 0.000000 -0.098481
vn 0.017365 0.000000 -0.098481
vn 0.034202 0.000000 -0.093969
vn 0.034202 0.000000 -0.093969
vn 0.050000 0.000000 -0.086603
vn 0.050000 0.000000 -0.086603
vn 0.064279 0.000000 -0.076604
vn 0.064279 0.000000 -0.076604
vn 0.076604 0.000000 -0.064279
vn 0.076604 0.000000 -0.064279
vn 0.086603 0.000000 -0.050000
vn 0.086603 0.000000 -0.050000
vn 0.093969 0.000000 -0.034202
vn 0.093969 0.000000 -0.034202
vn 0.100000 0.000000 0.000000
vn 0.099053 -0.000000 0.013732
vn 0.098079 -0.000000 0.019509
vn 0.096228 -0.000000 0.027204
vn 0.092388 -0.000000 0.038268
vn 0.091581 -0.000000 0.040161
vn 0.085198 -0.000000 0.052357
vn 0.083147 -0.000000 0.055557
vn 0.077201 -0.000000 0.063560
vn 0.070711 -0.000000 0.070711
vn 0.067742 -0.000000 0.073560
vn 0.055557 -0.000000 0.083147
vn 0.056999 -0.000000 0.082165
vn 0.045175 -0.000000 0.089214
vn 0.038268 -0.000000 0.092388
vn 0.032496 -0.000000 0.094573
vn 0.019509 -0.000000 0.098079
vn 0.019201 -0.000000 0.098139
vn 0.005543 -0.000000 0.099846
vn 0.000000 -0.000000 0.100000
vn -0.008221 0.000000 0.099662
vn -0.019509 0.000000 0.098079
vn -0.021829 0.000000 0.097588
vn -0.035023 0.000000 0.093666
vn -0.038268 0.000000 0.092388
vn -0.047554 0.000000 0.087969
vn -0.055557 0.000000 0.083147
vn -0.059184 0.000000 0.080606
vn -0.070711 0.000000 0.070711
vn -0.073171 0.000000 0.068162
vn -0.083147 0.000000 0.055557
vn -0.084594 0.000000 0.053328
vn -0.092388 0.000000 0.038268
vn -0.093051 0.000000 0.036626
vn -0.098079 0.000000 0.019509
vn -0.098247 0.000000 0.018640
vn -0.100000 0.000000 0.000000
vn -0.100000 0.000000 0.000000
vn -0.098247 0.000000 -0.018640
vn -0.098079 0.000000 -0.019509
vn -0.093051 0.000000 -0.036626
vn -0.092388 0.000000 -0.038268
vn -0.084594 0.000000 -0.053328
vn -0.083147 0.000000 -0.055557
vn -0.073171 0.000000 -0.068162
vn -0.070711 0.000000 -0.070711
vn -0.059184 0.000000 -0.080606
vn -0.055557 0.000000 -0.083147
vn -0.047554 0.000000 -0.087969
vn -0.038268 0.000000 -0.092388
vn -0.035023 0.000000 -0.093666
vn -0.021829 0.000000 -0.097588
vn -0.019509 0.000000 -0.098079
vn -0.008221 0.000000 -0.099662
vn 0.000000 0.000000 -0.100000
vn 0.005543 0.000000 -0.099846
vn 0.019509 0.000000 -0.098079
vn 0.019201 0.000000 -0.098139
vn 0.032496 0.000000 -0.094573
vn 0.038268 0.000000 -0.092388
vn 0.045175 0.000000 -0.089214
vn 0.055557 0.000000 -0.083147
vn 0.056999 0.000000 -0.082165
vn 0.067742 0.000000 -0.073560
vn 0.070711 0.000000 -0.070711
vn 0.077201 0.000000 -0.063560
vn 0.083147 0.000000 -0.055557
vn 0.085198 0.000000 -0.052357
vn 0.091581 0.000000 -0.040161
vn 0.092388 0.000000 -0.038268
vn 0.096228 0.000000 -0.027204
vn 0.098079 0.000000 -0.019509
vn 0.099053 0.000000 -0.013732
vn 0.000000 0.100000 0.000000
vn 0.000000 0.100000 0.000000
vn 0.000000 0.100000 0.000000
vn 0.000000 0.100000 0.000000
vn 0.000000 0.100000 0.000000
vn 0.000000 0.100000 0.000000
vn 0.000000 0.100000 0.000000
vn 0.000000 0.100000 0.000000
vn 0.000000 0.100000 0.000000
vn 0.000000 0.100000 0.000000
vn 0.000000 0.100000 0.000000
vn 0.099444 0.000000 0.010526
vn 0.099444 0.000000 0.010526
vn 0.097944 0.000000 0.020175
vn 0.097944 0.000000 0.020175
vn 0.095509 0.000000 0.029632
vn 0.095509 0.000000 0.029632
vn 0.092163 0.000000 0.038806
vn 0.092163 0.000000 0.038806
vn 0.087939 0.000000 0.047610
vn 0.087939 0.000000 0.047610
vn 0.082876 0.000000 0.055960
vn 0.082876 0.000000 0.055960
vn 0.077023 0.000000 0.063777
vn 0.077023 0.000000 0.063777
vn 0.070435 0.000000 0.070985
vn 0.070435 0.000000 0.070985
vn 0.063176 0.000000 0.077516
vn 0.063176 0.000000 0.077516
vn 0.055315 0.000000 0.083308
vn 0.055315 0.000000 0.083308
vn 0.046925 0.000000 0.088306
vn 0.046925 0.000000 0.088306
vn 0.038089 0.000000 0.092462
vn 0.038089 0.000000 0.092462
vn 0.028889 0.000000 0.095736
vn 0.028889 0.000000 0.095736
vn 0.019414 0.000000 0.098097
vn 0.019414 0.000000 0.098097
vn 0.009753 0.000000 0.099523
vn 0.009753 0.000000 0.099523
vn -0.000000 0.000000 0.100000
vn -0.000000 0.000000 0.100000
vn 0.077982 0.000000 -0.062601
vn 0.077982 0.000000 -0.062601
vn 0.077982 0.000000 -0.062601
vn 0.077982 0.000000 -0.062601
vn 0.077982 0.000000 -0.062601
vn 0.077982 0.000000 -0.062601
vn 0.091032 0.000000 -0.041390
vn 0.091032 0.000000 -0.041390
vn 0.098437 0.000000 -0.017612
vn 0.098437 0.000000 -0.017612
vn 0.099736 0.000000 0.007259
vn 0.099736 0.000000 0.007259
vn 0.094850 0.000000 0.031679
vn 0.094850 0.000000 0.031679
vn 0.084080 0.000000 0.054134
vn 0.084080 0.000000 0.054134
vn 0.068096 0.000000 0.073232
vn 0.068096 0.000000 0.073232
vn 0.047888 0.000000 0.087788
vn 0.047888 0.000000 0.087788
vn 0.024710 0.000000 0.096899
vn 0.024710 0.000000 0.096899
vn -0.000000 0.000000 0.100000
vn -0.000000 0.000000 0.100000
vn 0.000000 0.000000 0.100000
vn 0.000000 0.000000 0.100000
vn 0.000000 0.000000 0.100000
vn 0.000000 0.000000 0.100000
vn -0.000000 0.100000 -0.000000
vn -0.000000 0.100000 -0.000000
vn -0.000000 0.100000 -0.000000
vn -0.000000 0.100000 -0.000000
vn -0.000000 0.100000 -0.000000
vn -0.000000 0.100000 -0.000000
vn -0.000000 0.100000 -0.000000
vn -0.000000 0.100000 -0.000000
vn -0.000000 0.100000 -0.000000
vn -0.000000 0.100000 -0.000000
vn -0.000000 0.100000 -0.000000
vn -0.000000 0.100000 -0.000000
vn -0.000000 0.100000 -0.000000
vn -0.000000 0.100000 -0.000000
vn -0.000000 0.100000 -0.000000
vn -0.000000 0.100000 -0.000000
vn -0.000000 0.100000 -0.000000
vn -0.000000 0.100000 -0.000000
vn -0.000000 0.100000 -0.000000
vn -0.000000 0.100000 -0.000000
vn -0.000000 0.100000 -0.000000
vn -0.000000 0.100000 -0.000000
vn -0.000000 0.100000 -0.000000
vn -0.000000 0.100000 -0.000000
vn -0.000000 0.100000 -0.000000
vn -0.000000 0.100000 -0.000000
vn -0.000000 0.100000 -0.000000
vn -0.000000 0.100000 -0.000000
vn -0.000000 0.100000 -0.000000
vn -0.000000 0.100000 -0.000000
vn -0.000000 0.100000 -0.000000
vn -0.000000 0.100000 -0.000000
vn -0.000000 0.100000 -0.000000
vn -0.000000 0.100000 -0.000000
vn -0.000000 0.100000 -0.000000
vn -0.000000 0.100000 -0.000000
vn -0.000000 0.100000 -0.000000
vn -0.000000 0.100000 -0.000000
vn -0.000000 0.100000 -0.000000
vn -0.000000 0.100000 -0.000000
vn -0.000000 0.100000 -0.000000
vn -0.000000 0.100000 -0.000000
vn -0.000000 0.100000 -0.000000
vn -0.000000 0.100000 -0.000000
vn -0.000000 0.100000 -0.000000
vn -0.000000 0.100000 -0.000000
vn -0.000000 0.100000 -0.000000
vn -0.000000 0.100000 -0.000000
vn -0.000000 0.100000 -0.000000
vn -0.000000 0.100000 -0.000000
vn -0.000000 0.100000 -0.000000
vn -0.000000 0.100000 -0.000000
vn -0.000000 0.100000 -0.000000
vn -0.000000 0.100000 -0.000000
vn -0.000000 0.100000 -0.000000
vn -0.000000 0.100000 -0.000000
vn -0.000000 0.100000 -0.000000
vn -0.000000 0.100000 -0.000000
vn -0.000000 0.100000 -0.000000
vn -0.000000 0.100000 -0.000000
vn -0.000000 0.100000 -0.000000
vn -0.000000 0.100000 -0.000000
vn -0.000000 0.100000 -0.000000
vn -0.000000 0.100000 -0.000000
vn -0.000000 0.100000 -0.000000
vn -0.000000 0.100000 -0.000000
vn -0.000000 0.100000 -0.000000
vn -0.000000 0.100000 -0.000000
vn -0.000000 0.100000 -0.000000
vn -0.000000 0.100000 -0.000000
vn -0.000000 0.100000 -0.000000
vn -0.000000 0.100000 -0.000000
vn -0.000000 0.100000 -0.000000
vn -0.000000 0.100000 -0.000000
vn -0.000000 0.100000 -0.000000
vn -0.000000 0.100000 -0.000000
vn -0.000000 0.100000 -0.000000
vn -0.000000 0.100000 -0.000000
vn -0.000000 0.100000 -0.000000
vn -0.000000 0.100000 -0.000000
vn -0.000000 0.100000 -0.000000
vn -0.000000 0.100000 -0.000000
vn -0.000000 0.100000 -0.000000
vn -0.000000 0.100000 -0.000000
vn -0.000000 0.100000 -0.000000
vn -0.000000 0.100000 -0.000000
vn -0.000000 0.100000 -0.000000
vn -0.000000 0.100000 -0.000000
vn -0.000000 0.100000 -0.000000
vn -0.000000 0.100000 -0.000000
vn -0.000000 0.100000 -0.000000
vn -0.000000 0.100000 -0.000000
vn -0.000000 0.100000 -0.000000
vn -0.000000 0.100000 -0.000000
vn -0.000000 0.100000 -0.000000
vn -0.000000 0.100000 -0.000000
vn -0.000000 0.100000 -0.000000
vn -0.000000 0.100000 -0.000000
vn -0.000000 0.100000 -0.000000
vn -0.000000 0.100000 -0.000000
vn -0.000000 0.100000 -0.000000
vn -0.000000 0.100000 -0.000000
vn -0.000000 0.100000 -0.000000
vn -0.000000 0.100000 -0.000000
vn -0.000000 0.100000 -0.000000
vn 0.000000 0.000000 -0.100000
vn 0.000000 0.000000 -0.100000
vn 0.000000 0.000000 -0.100000
vn 0.000000 0.000000 -0.100000
vn 0.000000 0.000000 -0.100000
vn 0.000000 0.000000 -0.100000
vn -0.025879 0.000000 -0.096593
vn -0.025879 0.000000 -0.096593
vn -0.049995 0.000000 -0.086605
vn -0.049995 0.000000 -0.086605
vn -0.070705 0.000000 -0.070717
vn -0.070705 0.000000 -0.070717
vn -0.086597 0.000000 -0.050010
vn -0.086597 0.000000 -0.050010
vn -0.096589 0.000000 -0.025896
vn -0.096589 0.000000 -0.025896
vn -0.100000 0.000000 -0.000017
vn -0.100000 0.000000 -0.000017
vn 0.000000 0.000000 0.100000
vn 0.000000 0.000000 0.100000
vn -0.010117 0.000000 0.099487
vn -0.010117 0.000000 0.099487
vn -0.020130 0.000000 0.097953
vn -0.020130 0.000000 0.097953
vn -0.029936 0.000000 0.095414
vn -0.029936 0.000000 0.095414
vn -0.039436 0.000000 0.091896
vn -0.039436 0.000000 0.091896
vn -0.048530 0.000000 0.087435
vn -0.048530 0.000000 0.087435
vn -0.057127 0.000000 0.082076
vn -0.057127 0.000000 0.082076
vn -0.065137 0.000000 0.075876
vn -0.065137 0.000000 0.075876
vn -0.072479 0.000000 0.068897
vn -0.072479 0.000000 0.068897
vn -0.079078 0.000000 0.061211
vn -0.079078 0.000000 0.061211
vn -0.084864 0.000000 0.052896
vn -0.084864 0.000000 0.052896
vn -0.089780 0.000000 0.044039
vn -0.089780 0.000000 0.044039
vn -0.093775 0.000000 0.034731
vn -0.093775 0.000000 0.034731
vn -0.096808 0.000000 0.025065
vn -0.096808 0.000000 0.025065
vn -0.098847 0.000000 0.015143
vn -0.098847 0.000000 0.015143
vn -0.099872 0.000000 0.005065
vn -0.099872 0.000000 0.005065
vn -0.099872 0.000000 -0.005065
vn -0.099872 0.000000 -0.005065
vn -0.098847 0.000000 -0.015143
vn -0.098847 0.000000 -0.015143
vn -0.096808 0.000000 -0.025065
vn -0.096808 0.000000 -0.025065
vn -0.093775 0.000000 -0.034731
vn -0.093775 0.000000 -0.034731
vn -0.089780 0.000000 -0.044039
vn -0.089780 0.000000 -0.044039
vn -0.084864 0.000000 -0.052896
vn -0.084864 0.000000 -0.052896
vn -0.079078 0.000000 -0.061211
vn -0.079078 0.000000 -0.061211
vn -0.072479 0.000000 -0.068897
vn -0.072479 0.000000 -0.068897
vn -0.065137 0.000000 -0.075876
vn -0.065137 0.000000 -0.075876
vn -0.057127 0.000000 -0.082076
vn -0.057127 0.000000 -0.082076
vn -0.048530 0.000000 -0.087435
vn -0.048530 0.000000 -0.087435
vn -0.039436 0.000000 -0.091896
vn -0.039436 0.000000 -0.091896
vn -0.029936 0.000000 -0.095414
vn -0.029936 0.000000 -0.095414
vn -0.020130 0.000000 -0.097953
vn -0.020130 0.000000 -0.097953
vn -0.010117 0.000000 -0.099487
vn -0.010117 0.000000 -0.099487
vn -0.000000 0.000000 -0.100000
vn -0.000000 0.000000 -0.100000
vn -0.000000 0.100000 -0.000000
vn -0.000000 0.100000 -0.000000
vn -0.000000 0.100000 -0.000000
vn -0.000000 0.100000 -0.000000
vn -0.000000 0.100000 -0.000000
vn -0.000000 0.100000 -0.000000
vn -0.000000 0.100000 -0.000000
vn -0.000000 0.100000 -0.000000
vn -0.000000 0.100000 -0.000000
vn -0.000000 0.100000 -0.000000
vn -0.000000 0.100000 -0.000000
vn -0.000000 0.100000 -0.000000
vn -0.000000 0.100000 -0.000000
vn -0.000000 0.100000 -0.000000
vn -0.000000 0.100000 -0.000000
vn -0.000000 0.100000 -0.000000
vn -0.000000 0.100000 -0.000000
vn -0.000000 0.100000 -0.000000
vn -0.000000 0.100000 -0.000000
vn -0.000000 0.100000 -0.000000
vn -0.000000 0.100000 -0.000000
vn -0.000000 0.100000 -0.000000
vn -0.000000 0.100000 -0.000000
vn -0.000000 0.100000 -0.000000
vn -0.000000 0.100000 -0.000000
vn -0.000000 0.100000 -0.000000
vn -0.000000 0.100000 -0.000000
vn -0.000000 0.100000 -0.000000
vn -0.000000 0.100000 -0.000000
vn -0.000000 0.100000 -0.000000
vn -0.000000 0.100000 -0.000000
vn -0.000000 0.100000 -0.000000
vn -0.000000 0.100000 -0.000000
vn -0.000000 0.100000 -0.000000
vn -0.000000 0.100000 -0.000000
vn -0.000000 0.100000 -0.000000
vn -0.000000 0.100000 -0.000000
vn -0.000000 0.100000 -0.000000
vn -0.000000 0.100000 -0.000000
vn -0.000000 0.100000 -0.000000
vn -0.000000 0.100000 -0.000000
vn -0.000000 0.100000 -0.000000
vn -0.000000 0.100000 -0.000000
vn -0.000000 0.100000 -0.000000
vn -0.000000 0.100000 -0.000000
vn -0.000000 0.100000 -0.000000
vn -0.000000 0.100000 -0.000000
vn -0.000000 0.100000 -0.000000
vn -0.000000 0.100000 -0.000000
vn -0.000000 0.100000 -0.000000
vn -0.000000 0.100000 -0.000000
vn -0.000000 0.100000 -0.000000
vn -0.000000 0.100000 -0.000000
vn -0.000000 0.100000 -0.000000
vn -0.000000 0.100000 -0.000000
vn -0.000000 0.100000 -0.000000
vn -0.000000 0.100000 -0.000000
vn -0.000000 0.100000 -0.000000
vn -0.000000 0.100000 -0.000000
vn -0.000000 0.100000 -0.000000
vn -0.000000 0.100000 -0.000000
vn -0.000000 0.100000 -0.000000
vn -0.000000 0.100000 -0.000000
vn -0.000000 0.100000 -0.000000
vn -0.000000 0.100000 -0.000000
vn -0.000000 0.100000 -0.000000
vn -0.000000 0.100000 -0.000000
vn -0.000000 0.100000 -0.000000
vn -0.000000 0.100000 -0.000000
vn -0.000000 0.100000 -0.000000
vn -0.000000 0.100000 -0.000000
vn -0.000000 0.100000 -0.000000
vn -0.000000 0.100000 -0.000000
vn -0.000000 0.100000 -0.000000
vn -0.000000 0.100000 -0.000000
vn -0.000000 0.100000 -0.000000
vn -0.000000 0.100000 -0.000000
vn -0.000000 0.100000 -0.000000
vn -0.000000 0.100000 -0.000000
vn -0.000000 0.100000 -0.000000
vn -0.000000 0.100000 -0.000000
vn -0.000000 0.100000 -0.000000
vn -0.000000 0.100000 -0.000000
vn -0.000000 0.100000 -0.000000
vn -0.000000 0.100000 -0.000000
vn -0.000000 0.100000 -0.000000
vn -0.000000 0.100000 -0.000000
vn -0.000000 0.100000 -0.000000
vn -0.000000 0.100000 -0.000000
vn -0.000000 0.100000 -0.000000
vn -0.000000 0.100000 -0.000000
vn -0.000000 0.100000 -0.000000
vn -0.000000 0.100000 -0.000000
vn -0.000000 0.100000 -0.000000
vn -0.000000 0.100000 -0.000000
vn -0.000000 0.100000 -0.000000
vn -0.000000 0.100000 -0.000000
vn -0.000000 0.100000 -0.000000
vn -0.000000 0.100000 -0.000000
vn -0.000000 0.100000 -0.000000
vn -0.000000 0.100000 -0.000000
vn -0.000000 0.100000 -0.000000
vn -0.000000 0.100000 -0.000000
vn -0.000000 0.100000 -0.000000
vn -0.000000 0.100000 -0.000000
vn 0.000000 -0.000000 0.100000
vn 0.024860 -0.000000 0.096861
vn 0.000000 -0.000000 0.100000
vn 0.024860 -0.000000 0.096861
vn 0.024860 -0.000000 0.096861
vn 0.048160 -0.000000 0.087639
vn 0.048160 -0.000000 0.087639
vn 0.068435 -0.000000 0.072915
vn 0.068435 -0.000000 0.072915
vn 0.084414 -0.000000 0.053613
vn 0.084414 -0.000000 0.053613
vn 0.095092 -0.000000 0.030944
vn 0.095092 -0.000000 0.030944
vn 0.099799 -0.000000 0.006333
vn 0.099799 -0.000000 0.006333
vn 0.098241 0.000000 -0.018676
vn 0.098241 0.000000 -0.018676
vn 0.090513 0.000000 -0.042513
vn 0.090513 0.000000 -0.042513
vn 0.077103 0.000000 -0.063680
vn 0.077103 0.000000 -0.063680
vn 0.058851 0.000000 -0.080849
vn 0.058851 0.000000 -0.080849
vn 0.036904 0.000000 -0.092941
vn 0.058851 0.000000 -0.080849
vn 0.058851 0.000000 -0.080849
vn 0.077103 0.000000 -0.063680
vn 0.077103 0.000000 -0.063680
vn 0.090513 0.000000 -0.042513
vn 0.090513 0.000000 -0.042513
vn 0.098241 0.000000 -0.018676
vn 0.098241 0.000000 -0.018676
vn 0.099799 -0.000000 0.006333
vn 0.099799 -0.000000 0.006333
vn 0.095092 -0.000000 0.030944
vn 0.095092 -0.000000 0.030944
vn 0.084414 -0.000000 0.053613
vn 0.084414 -0.000000 0.053613
vn 0.068435 -0.000000 0.072915
vn 0.068435 -0.000000 0.072915
vn 0.048160 -0.000000 0.087639
vn 0.048160 -0.000000 0.087639
vn 0.024860 -0.000000 0.096861
vn 0.024860 -0.000000 0.096861
vn 0.024860 -0.000000 0.096861
vn 0.024860 -0.000000 0.096861
vn 0.048160 -0.000000 0.087639
vn 0.048160 -0.000000 0.087639
vn 0.068435 -0.000000 0.072915
vn 0.068435 -0.000000 0.072915
vn 0.084414 -0.000000 0.053613
vn 0.084414 -0.000000 0.053613
vn 0.095092 -0.000000 0.030944
vn 0.099799 -0.000000 0.006333
vn 0.098241 0.000000 -0.018676
vn 0.090513 0.000000 -0.042513
vn 0.077103 0.000000 -0.063680
vn 0.058851 0.000000 -0.080849
vn 0.098241 0.000000 -0.018676
vn 0.090513 0.000000 -0.042513
vn 0.077103 0.000000 -0.063680
vn 0.058851 0.000000 -0.080849
vn 0.036904 0.000000 -0.092941
vn 0.090513 0.000000 -0.042513
vn 0.077103 0.000000 -0.063680
vn 0.058851 0.000000 -0.080849
vn 0.077103 0.000000 -0.063680
vn 0.058851 0.000000 -0.080849
vn 0.058851 0.000000 -0.080849
vn 0.048160 -0.000000 0.087639
vn 0.024860 -0.000000 0.096861
vn 0.024860 -0.000000 0.096861
vn 0.048160 -0.000000 0.087639
vn 0.068435 -0.000000 0.072915
vn 0.084414 -0.000000 0.053613
vn 0.095092 -0.000000 0.030944
vn 0.048160 -0.000000 0.087639
vn 0.068435 -0.000000 0.072915
vn 0.084414 -0.000000 0.053613
vn 0.095092 -0.000000 0.030944
vn 0.099799 -0.000000 0.006333
vn 0.068435 -0.000000 0.072915
vn 0.084414 -0.000000 0.053613
vn 0.095092 -0.000000 0.030944
vn 0.099799 -0.000000 0.006333
vn 0.095092 -0.000000 0.030944
vn 0.099799 -0.000000 0.006333
vn 0.098241 0.000000 -0.018676
vn 0.099799 -0.000000 0.006333
vn 0.098241 0.000000 -0.018676
vn 0.098241 0.000000 -0.018676
vn 0.090513 0.000000 -0.042513
vn 0.090513 0.000000 -0.042513
vn 0.077103 0.000000 -0.063680
vn 0.000000 -0.000000 0.100000
vn 0.000000 -0.000000 0.100000
vn 0.062601 -0.000000 0.077982
vn 0.062601 -0.000000 0.077982
vn 0.079738 -0.000000 0.060348
vn 0.079738 -0.000000 0.060348
vn 0.092054 -0.000000 0.039065
vn 0.092054 -0.000000 0.039065
vn 0.098804 -0.000000 0.015420
vn 0.098804 -0.000000 0.015420
vn 0.099580 0.000000 -0.009157
vn 0.099580 0.000000 -0.009157
vn 0.094335 0.000000 -0.033180
vn 0.094335 0.000000 -0.033180
vn 0.083386 0.000000 -0.055197
vn 0.083386 0.000000 -0.055197
vn 0.067396 0.000000 -0.073877
vn 0.067396 0.000000 -0.073877
vn 0.047330 0.000000 -0.088090
vn 0.047330 0.000000 -0.088090
vn 0.024403 0.000000 -0.096977
vn 0.024403 0.000000 -0.096977
vn 0.000000 0.000000 -0.100000
vn 0.000000 0.000000 -0.100000
vn 0.070040 -0.000000 0.071375
vn 0.070040 -0.000000 0.071375
vn 0.076786 -0.000000 0.064062
vn 0.076786 -0.000000 0.064062
vn 0.082771 -0.000000 0.056115
vn 0.082771 -0.000000 0.056115
vn 0.087938 -0.000000 0.047613
vn 0.087938 -0.000000 0.047613
vn 0.092234 -0.000000 0.038639
vn 0.092234 -0.000000 0.038639
vn 0.095617 -0.000000 0.029283
vn 0.095617 -0.000000 0.029283
vn 0.098053 -0.000000 0.019637
vn 0.098053 -0.000000 0.019637
vn 0.099519 -0.000000 0.009796
vn 0.099519 -0.000000 0.009796
vn 0.100000 0.000000 -0.000141
vn 0.100000 0.000000 -0.000141
vn 0.099491 0.000000 -0.010077
vn 0.099491 0.000000 -0.010077
vn 0.097997 0.000000 -0.019913
vn 0.097997 0.000000 -0.019913
vn 0.095533 0.000000 -0.029553
vn 0.095533 0.000000 -0.029553
vn 0.092124 0.000000 -0.038899
vn 0.092124 0.000000 -0.038899
vn 0.087803 0.000000 -0.047861
vn 0.087803 0.000000 -0.047861
vn 0.082613 0.000000 -0.056349
vn 0.082613 0.000000 -0.056349
vn 0.076604 0.000000 -0.064279
vn 0.076604 0.000000 -0.064279
vn 0.000000 0.000000 0.100000
vn 0.000000 0.000000 0.100000
vn 0.024944 -0.000000 0.096839
vn 0.024944 -0.000000 0.096839
vn 0.048311 -0.000000 0.087556
vn 0.048311 -0.000000 0.087556
vn 0.068624 -0.000000 0.072737
vn 0.068624 -0.000000 0.072737
vn 0.084599 -0.000000 0.053320
vn 0.084599 -0.000000 0.053320
vn 0.095225 -0.000000 0.030533
vn 0.095225 -0.000000 0.030533
vn 0.099831 -0.000000 0.005814
vn 0.099831 -0.000000 0.005814
vn 0.098126 0.000000 -0.019271
vn 0.098126 0.000000 -0.019271
vn 0.090217 0.000000 -0.043139
vn 0.090217 0.000000 -0.043139
vn 0.076604 0.000000 -0.064279
vn 0.076604 0.000000 -0.064279
vn 0.000000 0.000000 -0.100000
vn -0.024634 0.000000 -0.096918
vn 0.000000 0.000000 -0.100000
vn -0.024634 0.000000 -0.096918
vn -0.024634 0.000000 -0.096918
vn -0.047749 0.000000 -0.087864
vn -0.047749 0.000000 -0.087864
vn -0.067922 0.000000 -0.073393
vn -0.067922 0.000000 -0.073393
vn -0.083908 0.000000 -0.054400
vn -0.083908 0.000000 -0.054400
vn -0.094724 0.000000 -0.032054
vn -0.094724 0.000000 -0.032054
vn -0.099701 0.000000 -0.007732
vn -0.099701 0.000000 -0.007732
vn -0.098533 0.000000 0.017066
vn -0.098533 0.000000 0.017066
vn -0.091293 0.000000 0.040813
vn -0.091293 0.000000 0.040813
vn -0.078426 0.000000 0.062044
vn -0.091293 0.000000 0.040813
vn -0.091293 0.000000 0.040813
vn -0.098533 0.000000 0.017066
vn -0.098533 0.000000 0.017066
vn -0.099701 0.000000 -0.007732
vn -0.099701 0.000000 -0.007732
vn -0.094724 0.000000 -0.032054
vn -0.094724 0.000000 -0.032054
vn -0.083908 0.000000 -0.054400
vn -0.083908 0.000000 -0.054400
vn -0.067922 0.000000 -0.073393
vn -0.067922 0.000000 -0.073393
vn -0.047749 0.000000 -0.087864
vn -0.047749 0.000000 -0.087864
vn -0.024634 0.000000 -0.096918
vn -0.024634 0.000000 -0.096918
vn -0.024634 0.000000 -0.096918
vn -0.024634 0.000000 -0.096918
vn -0.047749 0.000000 -0.087864
vn -0.047749 0.000000 -0.087864
vn -0.067922 0.000000 -0.073393
vn -0.067922 0.000000 -0.073393
vn -0.083908 0.000000 -0.054400
vn -0.083908 0.000000 -0.054400
vn -0.094724 0.000000 -0.032054
vn -0.094724 0.000000 -0.032054
vn -0.099701 0.000000 -0.007732
vn -0.067922 0.000000 -0.073393
vn -0.083908 0.000000 -0.054400
vn -0.094724 0.000000 -0.032054
vn -0.099701 0.000000 -0.007732
vn -0.098533 0.000000 0.017066
vn -0.091293 0.000000 0.040813
vn -0.083908 0.000000 -0.054400
vn -0.094724 0.000000 -0.032054
vn -0.099701 0.000000 -0.007732
vn -0.098533 0.000000 0.017066
vn -0.091293 0.000000 0.040813
vn -0.094724 0.000000 -0.032054
vn -0.099701 0.000000 -0.007732
vn -0.098533 0.000000 0.017066
vn -0.091293 0.000000 0.040813
vn -0.078426 0.000000 0.062044
vn -0.099701 0.000000 -0.007732
vn -0.098533 0.000000 0.017066
vn -0.091293 0.000000 0.040813
vn -0.098533 0.000000 0.017066
vn -0.091293 0.000000 0.040813
vn -0.091293 0.000000 0.040813
vn -0.047749 0.000000 -0.087864
vn -0.024634 0.000000 -0.096918
vn -0.024634 0.000000 -0.096918
vn -0.047749 0.000000 -0.087864
vn -0.024634 0.000000 -0.096918
vn -0.047749 0.000000 -0.087864
vn -0.047749 0.000000 -0.087864
vn -0.067922 0.000000 -0.073393
vn -0.067922 0.000000 -0.073393
vn -0.083908 0.000000 -0.054400
vn -0.094724 0.000000 -0.032054
vn -0.099701 0.000000 -0.007732
vn -0.098533 0.000000 0.017066
vn -0.067922 0.000000 -0.073393
vn -0.083908 0.000000 -0.054400
vn 0.000000 0.000000 -0.100000
vn 0.000000 0.000000 -0.100000
vn 0.000000 0.000000 -0.100000
vn 0.000000 0.000000 -0.100000
vn 0.000000 0.000000 -0.100000
vn 0.000000 0.000000 -0.100000
vn -0.000000 0.000000 0.100000
vn -0.000000 0.000000 0.100000
vn -0.024877 0.000000 0.096856
vn -0.024877 0.000000 0.096856
vn -0.048190 0.000000 0.087622
vn -0.048190 0.000000 0.087622
vn -0.068474 0.000000 0.072879
vn -0.068474 0.000000 0.072879
vn -0.084451 0.000000 0.053554
vn -0.084451 0.000000 0.053554
vn -0.095119 0.000000 0.030861
vn -0.095119 0.000000 0.030861
vn -0.099806 0.000000 0.006227
vn -0.099806 0.000000 0.006227
vn -0.098217 0.000000 -0.018797
vn -0.098217 0.000000 -0.018797
vn -0.090453 0.000000 -0.042640
vn -0.090453 0.000000 -0.042640
vn -0.077002 0.000000 -0.063802
vn -0.077002 0.000000 -0.063802
vn -0.058709 0.000000 -0.080952
vn -0.058709 0.000000 -0.080952
vn -0.065978 0.000000 -0.075146
vn -0.065978 0.000000 -0.075146
vn -0.072677 0.000000 -0.068688
vn -0.072677 0.000000 -0.068688
vn -0.078746 0.000000 -0.061636
vn -0.078746 0.000000 -0.061636
vn -0.084134 0.000000 -0.054051
vn -0.084134 0.000000 -0.054051
vn -0.088793 0.000000 -0.045998
vn -0.088793 0.000000 -0.045998
vn -0.092684 0.000000 -0.037546
vn -0.092684 0.000000 -0.037546
vn -0.095772 0.000000 -0.028769
vn -0.095772 0.000000 -0.028769
vn -0.098032 0.000000 -0.019744
vn -0.098032 0.000000 -0.019744
vn -0.099442 0.000000 -0.010547
vn -0.099442 0.000000 -0.010547
vn 0.000000 0.100000 0.000000
vn 0.000000 0.100000 0.000000
vn 0.000000 0.100000 0.000000
vn 0.000000 0.100000 0.000000
vn 0.000000 0.100000 0.000000
vn 0.000000 0.100000 0.000000
vn 0.000000 0.100000 0.000000
vn 0.000000 0.100000 0.000000
vn 0.000000 0.100000 0.000000
vn 0.000000 0.100000 0.000000
vn 0.000000 0.100000 0.000000
vn 0.000000 0.100000 0.000000
vn 0.000000 0.100000 0.000000
vn 0.000000 0.100000 0.000000
vn 0.000000 0.100000 0.000000
vn 0.000000 0.100000 0.000000
vn 0.000000 0.100000 0.000000
vn 0.000000 0.100000 0.000000
vn 0.000000 0.100000 0.000000
vn 0.000000 0.100000 0.000000
vn 0.000000 0.100000 0.000000
vn 0.000000 0.100000 0.000000
vn 0.000000 0.100000 0.000000
vn 0.000000 0.100000 0.000000
vn 0.000000 0.100000 0.000000
vn 0.000000 0.100000 0.000000
vn 0.000000 0.100000 0.000000
vn 0.000000 0.100000 0.000000
vn 0.000000 0.100000 0.000000
vn 0.000000 0.100000 0.000000
vn 0.000000 0.100000 0.000000
vn 0.000000 0.100000 0.000000
vn 0.000000 0.100000 0.000000
vn 0.000000 0.100000 0.000000
vn 0.000000 0.100000 0.000000
vn 0.000000 0.100000 0.000000
vn 0.000000 0.100000 0.000000
vn 0.000000 0.100000 0.000000
vn 0.000000 0.100000 0.000000
vn 0.000000 0.100000 0.000000
vn 0.000000 0.100000 0.000000
vn 0.000000 0.100000 0.000000
vn 0.000000 0.100000 0.000000
vn 0.000000 0.100000 0.000000
vn 0.000000 0.100000 0.000000
vn 0.000000 0.100000 0.000000
vn 0.000000 0.100000 0.000000
vn 0.000000 0.100000 0.000000
vn 0.000000 0.100000 0.000000
vn 0.000000 0.100000 0.000000
vn 0.000000 0.100000 0.000000
vn 0.000000 0.100000 0.000000
vn 0.000000 0.100000 0.000000
vn 0.000000 0.100000 0.000000
vn 0.000000 0.100000 0.000000
vn 0.000000 0.100000 0.000000
vn 0.000000 0.100000 0.000000
vn 0.000000 0.100000 0.000000
vn 0.000000 0.100000 0.000000
vn 0.000000 0.100000 0.000000
vn 0.000000 0.100000 0.000000
vn 0.000000 0.100000 0.000000
vn 0.000000 0.100000 0.000000
vn 0.000000 0.100000 0.000000
vn 0.000000 0.100000 0.000000
vn 0.000000 0.100000 0.000000
vn 0.000000 0.100000 0.000000
vn 0.000000 0.100000 0.000000
vn 0.000000 0.100000 0.000000
vn 0.000000 0.100000 0.000000
vn 0.000000 0.100000 0.000000
vn 0.000000 0.100000 0.000000
vn 0.000000 0.100000 0.000000
vn 0.000000 0.100000 0.000000
vn 0.000000 0.100000 0.000000
vn 0.000000 0.100000 0.000000
vn 0.000000 0.100000 0.000000
vn 0.000000 0.100000 0.000000
vn 0.000000 0.100000 0.000000
vn 0.000000 0.100000 0.000000
vn 0.000000 0.100000 0.000000
vn 0.000000 0.100000 0.000000
vn 0.060971 -0.079262 0.000000
vn 0.060971 -0.079262 0.000000
vn 0.060971 -0.079262 0.000000
vn 0.060971 -0.079262 0.000000
vn 0.060971 -0.079262 0.000000
vn 0.060971 -0.079262 0.000000
vn 0.060971 -0.079262 0.000000
vn 0.060971 -0.079262 0.000000
vn 0.060971 -0.079262 0.000000
vn 0.060971 -0.079262 0.000000
vn 0.060971 -0.079262 0.000000
vn 0.060971 -0.079262 0.000000
vn 0.060971 -0.079262 0.000000
vn 0.060971 -0.079262 0.000000
vn 0.060971 -0.079262 0.000000
vn 0.060971 -0.079262 0.000000
vn 0.060971 -0.079262 0.000000
vn 0.060971 -0.079262 0.000000
vn 0.060971 -0.079262 0.000000
vn 0.060971 -0.079262 0.000000
vn 0.060971 -0.079262 0.000000
vn 0.060971 -0.079262 0.000000
vn 0.060971 -0.079262 0.000000
vn 0.060971 -0.079262 0.000000
vn 0.060971 -0.079262 0.000000
vn 0.060971 -0.079262 0.000000
vn 0.060971 -0.079262 0.000000
vn 0.060971 -0.079262 0.000000
vn 0.060971 -0.079262 0.000000
vn 0.060971 -0.079262 0.000000
vn 0.060971 -0.079262 0.000000
vn 0.060971 -0.079262 0.000000
vn 0.060971 -0.079262 0.000000
vn 0.069636 0.070711 0.012279
vn 0.069795 0.070711 0.011343
vn 0.070711 0.070711 0.000000
vn 0.070711 0.070711 0.000000
vn 0.069795 0.070711 -0.011343
vn 0.067072 0.070711 0.022392
vn 0.066446 0.070711 0.024184
vn 0.062611 0.070711 0.032861
vn 0.061237 0.070711 0.035355
vn 0.056529 0.070711 0.042479
vn 0.054168 0.070711 0.045452
vn 0.048983 0.070711 0.050997
vn 0.045452 0.070711 0.054168
vn 0.040168 0.070711 0.058194
vn 0.035355 0.070711 0.061237
vn 0.030313 0.070711 0.063884
vn 0.024184 0.070711 0.066446
vn 0.019673 0.070711 0.067919
vn 0.012279 0.070711 0.069636
vn 0.008523 0.070711 0.070195
vn -0.000000 0.070711 0.070711
vn -0.002847 0.070711 0.070653
vn -0.012279 0.070711 0.069636
vn -0.014144 0.070711 0.069282
vn -0.024184 0.070711 0.066446
vn -0.025074 0.070711 0.066116
vn -0.035355 0.070711 0.061237
vn -0.035355 0.070711 0.061237
vn -0.044721 0.070711 0.054773
vn -0.045452 0.070711 0.054168
vn -0.052928 0.070711 0.046890
vn -0.054168 0.070711 0.045452
vn -0.059764 0.070711 0.037792
vn -0.061237 0.070711 0.035355
vn -0.065052 0.070711 0.027716
vn -0.066446 0.070711 0.024184
vn -0.068656 0.070711 0.016922
vn -0.069636 0.070711 0.012279
vn -0.070481 0.070711 0.005690
vn -0.070711 0.070711 0.000000
vn -0.070481 0.070711 -0.005690
vn -0.069636 0.070711 -0.012279
vn -0.068656 0.070711 -0.016922
vn -0.066446 0.070711 -0.024184
vn -0.065052 0.070711 -0.027716
vn -0.061237 0.070711 -0.035355
vn -0.059764 0.070711 -0.037792
vn -0.054168 0.070711 -0.045452
vn -0.052928 0.070711 -0.046890
vn -0.045452 0.070711 -0.054168
vn -0.044721 0.070711 -0.054773
vn -0.035355 0.070711 -0.061237
vn -0.035355 0.070711 -0.061237
vn -0.025074 0.070711 -0.066116
vn -0.024184 0.070711 -0.066446
vn -0.014144 0.070711 -0.069282
vn -0.012279 0.070711 -0.069636
vn -0.002847 0.070711 -0.070653
vn -0.000000 0.070711 -0.070711
vn 0.008523 0.070711 -0.070195
vn 0.012279 0.070711 -0.069636
vn 0.019673 0.070711 -0.067919
vn 0.024184 0.070711 -0.066446
vn 0.030313 0.070711 -0.063884
vn 0.035355 0.070711 -0.061237
vn 0.040168 0.070711 -0.058194
vn 0.045452 0.070711 -0.054168
vn 0.048983 0.070711 -0.050997
vn 0.054168 0.070711 -0.045452
vn 0.056529 0.070711 -0.042479
vn 0.061237 0.070711 -0.035355
vn 0.062611 0.070711 -0.032861
vn 0.066446 0.070711 -0.024184
vn 0.067072 0.070711 -0.022392
vn 0.069636 0.070711 -0.012279
vn 0.000000 0.100000 0.000000
vn 0.000000 0.100000 0.000000
vn 0.000000 0.100000 0.000000
vn 0.000000 0.100000 0.000000
vn 0.000000 0.100000 0.000000
vn 0.000000 0.100000 0.000000
vn 0.000000 0.100000 0.000000
vn 0.000000 0.100000 0.000000
vn 0.000000 0.100000 0.000000
vn 0.000000 0.100000 0.000000
vn 0.000000 0.100000 0.000000
vn 0.000000 0.100000 0.000000
vn 0.000000 0.100000 0.000000
vn 0.000000 0.100000 0.000000
vn 0.000000 0.100000 0.000000
vn 0.000000 0.100000 0.000000
vn 0.000000 0.100000 0.000000
vn 0.000000 0.100000 0.000000
vn 0.000000 0.100000 0.000000
vn 0.000000 0.100000 0.000000
vn 0.000000 0.100000 0.000000
vn 0.000000 0.100000 0.000000
vn 0.000000 0.100000 0.000000
vn 0.000000 0.100000 0.000000
vn 0.000000 0.100000 0.000000
vn 0.000000 0.100000 0.000000
vn 0.000000 0.100000 0.000000
vn 0.000000 0.100000 0.000000
vn 0.000000 0.100000 0.000000
vn 0.000000 0.100000 0.000000
vn 0.000000 0.100000 0.000000
vn 0.000000 0.100000 0.000000
vn 0.000000 0.100000 0.000000
vn 0.000000 0.100000 0.000000
vn 0.000000 0.100000 0.000000
vn 0.000000 0.100000 0.000000
vn 0.000000 0.100000 0.000000
vn 0.000000 0.100000 0.000000
vn 0.000000 0.100000 0.000000
vn 0.000000 0.100000 0.000000
vn 0.000000 0.100000 0.000000
vn 0.000000 0.100000 0.000000
vn 0.000000 0.100000 0.000000
vn 0.000000 0.100000 0.000000
vn 0.000000 0.100000 0.000000
vn 0.000000 0.100000 0.000000
vn 0.000000 0.100000 0.000000
vn 0.000000 0.100000 0.000000
vn 0.000000 0.100000 0.000000
vn 0.000000 0.100000 0.000000
vn 0.000000 0.100000 0.000000
vn 0.000000 0.100000 0.000000
vn 0.000000 0.100000 0.000000
vn 0.000000 0.100000 0.000000
vn 0.000000 0.100000 0.000000
vn 0.000000 0.100000 0.000000
vn 0.000000 0.100000 0.000000
vn 0.000000 0.100000 0.000000
vn 0.000000 0.100000 0.000000
vn 0.000000 0.100000 0.000000
vn 0.000000 0.100000 0.000000
vn 0.000000 0.100000 0.000000
vn 0.000000 0.100000 0.000000
vn 0.000000 0.100000 0.000000
vn 0.000000 0.100000 0.000000
vn 0.000000 0.100000 0.000000
vn 0.000000 0.100000 0.000000
vn 0.000000 0.100000 0.000000
vn 0.000000 0.100000 0.000000
vn 0.000000 0.100000 0.000000
vn 0.000000 0.100000 0.000000
vn 0.000000 0.100000 0.000000
vn 0.000000 0.100000 0.000000
vn 0.000000 0.100000 0.000000
vn 0.000000 0.100000 0.000000
vn 0.000000 0.100000 0.000000
vn 0.000000 0.100000 0.000000
vn 0.000000 0.100000 0.000000
vn 0.000000 0.100000 0.000000
vn 0.000000 0.100000 0.000000
vn 0.000000 0.100000 0.000000
vn 0.000000 0.100000 0.000000
vn 0.000000 0.100000 0.000000
vn 0.000000 0.100000 0.000000
vn 0.000000 0.100000 0.000000
vn 0.000000 0.100000 0.000000
vn 0.000000 0.100000 0.000000
vn 0.000000 0.100000 0.000000
vn 0.000000 0.100000 0.000000
vn 0.000000 0.100000 0.000000
vn 0.000000 0.100000 0.000000
vn 0.000000 0.100000 0.000000
vn 0.000000 0.100000 0.000000
vn 0.000000 0.100000 0.000000
vn 0.000000 0.100000 0.000000
vn 0.000000 0.100000 0.000000
vn 0.000000 0.100000 0.000000
vn 0.000000 0.100000 0.000000
vn 0.000000 0.100000 0.000000
vn 0.000000 0.100000 0.000000
vn 0.000000 0.100000 0.000000
vn 0.000000 0.100000 0.000000
vn 0.000000 0.100000 0.000000
vn 0.000000 0.100000 0.000000
vn 0.000000 0.100000 0.000000
vn 0.000000 0.100000 0.000000
vn 0.000000 0.100000 0.000000
vn 0.000000 0.100000 0.000000
vn 0.000000 0.100000 0.000000
vn 0.000000 0.100000 0.000000
vn 0.000000 0.100000 0.000000
vn 0.000000 0.100000 0.000000
vn 0.000000 0.100000 0.000000
vn 0.000000 0.100000 0.000000
vn 0.000000 0.100000 0.000000
vn 0.098481 -0.000000 0.017365
vn 0.098481 -0.000000 0.017365
vn 0.100000 -0.000000 0.000000
vn 0.100000 -0.000000 0.000000
vn 0.098481 0.000000 -0.017365
vn 0.098481 0.000000 -0.017365
vn 0.093969 0.000000 -0.034202
vn 0.093969 0.000000 -0.034202
vn 0.086603 0.000000 -0.050000
vn 0.086603 0.000000 -0.050000
vn 0.076604 0.000000 -0.064279
vn 0.076604 0.000000 -0.064279
vn 0.064279 0.000000 -0.076604
vn 0.064279 0.000000 -0.076604
vn 0.050000 0.000000 -0.086603
vn 0.050000 0.000000 -0.086603
vn 0.034202 0.000000 -0.093969
vn 0.034202 0.000000 -0.093969
vn 0.017365 0.000000 -0.098481
vn 0.017365 0.000000 -0.098481
vn -0.000000 0.000000 -0.100000
vn -0.000000 0.000000 -0.100000
vn -0.017365 0.000000 -0.098481
vn -0.017365 0.000000 -0.098481
vn -0.034202 0.000000 -0.093969
vn -0.034202 0.000000 -0.093969
vn -0.050000 0.000000 -0.086603
vn -0.050000 0.000000 -0.086603
vn -0.064279 0.000000 -0.076604
vn -0.064279 0.000000 -0.076604
vn -0.076604 0.000000 -0.064279
vn -0.076604 0.000000 -0.064279
vn -0.086603 0.000000 -0.050000
vn -0.086603 0.000000 -0.050000
vn -0.093969 0.000000 -0.034202
vn -0.093969 0.000000 -0.034202
vn -0.098481 0.000000 -0.017365
vn -0.098481 0.000000 -0.017365
vn -0.100000 0.000000 0.000000
vn -0.100000 0.000000 0.000000
vn -0.098481 0.000000 0.017365
vn -0.098481 0.000000 0.017365
vn -0.093969 0.000000 0.034202
vn -0.093969 0.000000 0.034202
vn -0.086603 0.000000 0.050000
vn -0.086603 0.000000 0.050000
vn -0.076604 0.000000 0.064279
vn -0.076604 0.000000 0.064279
vn -0.064279 0.000000 0.076604
vn -0.064279 0.000000 0.076604
vn -0.050000 0.000000 0.086603
vn -0.050000 0.000000 0.086603
vn -0.034202 0.000000 0.093969
vn -0.034202 0.000000 0.093969
vn -0.017365 0.000000 0.098481
vn -0.017365 0.000000 0.098481
vn -0.000000 0.000000 0.100000
vn -0.000000 0.000000 0.100000
vn 0.017365 -0.000000 0.098481
vn 0.017365 -0.000000 0.098481
vn 0.034202 -0.000000 0.093969
vn 0.034202 -0.000000 0.093969
vn 0.050000 -0.000000 0.086603
vn 0.050000 -0.000000 0.086603
vn 0.064279 -0.000000 0.076604
vn 0.064279 -0.000000 0.076604
vn 0.076604 -0.000000 0.064279
vn 0.076604 -0.000000 0.064279
vn 0.086603 -0.000000 0.050000
vn 0.086603 -0.000000 0.050000
vn 0.093969 -0.000000 0.034202
vn 0.093969 -0.000000 0.034202
vn -0.047554 0.000000 0.087969
vn -0.055557 0.000000 0.083147
vn -0.059184 0.000000 0.080606
vn -0.070711 0.000000 0.070711
vn -0.073171 0.000000 0.068162
vn -0.083147 0.000000 0.055557
vn -0.084594 0.000000 0.053328
vn -0.092388 0.000000 0.038268
vn -0.093051 0.000000 0.036626
vn -0.098079 0.000000 0.019509
vn -0.098247 0.000000 0.018640
vn -0.100000 0.000000 0.000000
vn -0.100000 0.000000 0.000000
vn -0.098247 0.000000 -0.018640
vn -0.098079 0.000000 -0.019509
vn -0.093051 0.000000 -0.036626
vn -0.092388 0.000000 -0.038268
vn -0.084594 0.000000 -0.053328
vn -0.083147 0.000000 -0.055557
vn -0.073171 0.000000 -0.068162
vn -0.070711 0.000000 -0.070711
vn -0.059184 0.000000 -0.080606
vn -0.055557 0.000000 -0.083147
vn -0.047554 0.000000 -0.087969
vn -0.038268 0.000000 -0.092388
vn -0.035023 0.000000 -0.093666
vn -0.019509 0.000000 -0.098079
vn -0.021829 0.000000 -0.097588
vn -0.008221 0.000000 -0.099662
vn 0.000000 0.000000 -0.100000
vn 0.005543 0.000000 -0.099846
vn 0.019509 0.000000 -0.098079
vn 0.019201 0.000000 -0.098139
vn 0.032496 0.000000 -0.094573
vn 0.038268 0.000000 -0.092388
vn 0.045175 0.000000 -0.089214
vn 0.055557 0.000000 -0.083147
vn 0.056999 0.000000 -0.082165
vn 0.067742 0.000000 -0.073560
vn 0.070711 0.000000 -0.070711
vn 0.077201 0.000000 -0.063560
vn 0.083147 0.000000 -0.055557
vn 0.085198 0.000000 -0.052357
vn 0.092388 0.000000 -0.038268
vn 0.091581 0.000000 -0.040161
vn 0.096228 0.000000 -0.027204
vn 0.098079 0.000000 -0.019509
vn 0.099053 0.000000 -0.013732
vn 0.100000 0.000000 0.000000
vn -0.038268 0.000000 0.092388
vn -0.035023 0.000000 0.093666
vn -0.021829 0.000000 0.097588
vn -0.019509 0.000000 0.098079
vn -0.008221 0.000000 0.099662
vn 0.000000 0.000000 0.100000
vn 0.005543 0.000000 0.099846
vn 0.019509 0.000000 0.098079
vn 0.019201 0.000000 0.098139
vn 0.032496 0.000000 0.094573
vn 0.038268 0.000000 0.092388
vn 0.045175 0.000000 0.089214
vn 0.055557 0.000000 0.083147
vn 0.056999 0.000000 0.082165
vn 0.067742 0.000000 0.073560
vn 0.070711 0.000000 0.070711
vn 0.077201 0.000000 0.063560
vn 0.083147 0.000000 0.055557
vn 0.085198 0.000000 0.052357
vn 0.091581 0.000000 0.040161
vn 0.092388 0.000000 0.038268
vn 0.096228 0.000000 0.027204
vn 0.098079 0.000000 0.019509
vn 0.099053 0.000000 0.013732
vn 0.000000 -0.100000 0.000000
vn 0.000000 -0.100000 0.000000
vn 0.000000 -0.100000 0.000000
vn 0.000000 -0.100000 0.000000
vn 0.000000 -0.100000 0.000000
vn 0.000000 -0.100000 0.000000
vn 0.000000 -0.100000 0.000000
vn 0.000000 -0.100000 0.000000
vn 0.000000 -0.100000 0.000000
vn 0.000000 -0.100000 0.000000
vn 0.000000 -0.100000 0.000000
vn -0.000000 0.000000 -0.100000
vn -0.000000 0.000000 -0.100000
vn -0.000000 0.000000 -0.100000
vn -0.000000 0.000000 -0.100000
vn 0.100000 0.000000 -0.000000
vn 0.100000 0.000000 -0.000000
vn 0.100000 0.000000 -0.000000
vn 0.100000 0.000000 -0.000000
vn 0.100000 0.000000 -0.000000
vn 0.100000 0.000000 -0.000000
vn 0.100000 0.000000 -0.000000
vn 0.100000 0.000000 -0.000000
vn -0.100000 0.000000 -0.000000
vn -0.100000 0.000000 -0.000000
vn -0.100000 0.000000 -0.000000
vn -0.100000 0.000000 -0.000000
vn -0.100000 0.000000 -0.000000
vn -0.100000 0.000000 -0.000000
vn -0.100000 0.000000 -0.000000
vn -0.100000 0.000000 -0.000000
vn -0.000000 0.000000 0.100000
vn -0.000000 0.000000 0.100000
vn 0.009753 -0.000000 0.099523
vn 0.009753 -0.000000 0.099523
vn 0.019414 -0.000000 0.098097
vn 0.019414 -0.000000 0.098097
vn 0.028889 -0.000000 0.095736
vn 0.028889 -0.000000 0.095736
vn 0.038089 -0.000000 0.092462
vn 0.038089 -0.000000 0.092462
vn 0.046925 -0.000000 0.088306
vn 0.046925 -0.000000 0.088306
vn 0.055315 -0.000000 0.083308
vn 0.055315 -0.000000 0.083308
vn 0.063176 -0.000000 0.077516
vn 0.063176 -0.000000 0.077516
vn 0.070435 -0.000000 0.070985
vn 0.070435 -0.000000 0.070985
vn 0.077023 -0.000000 0.063777
vn 0.077023 -0.000000 0.063777
vn 0.082876 -0.000000 0.055960
vn 0.082876 -0.000000 0.055960
vn 0.087939 -0.000000 0.047610
vn 0.087939 -0.000000 0.047610
vn 0.092163 -0.000000 0.038806
vn 0.092163 -0.000000 0.038806
vn 0.095509 -0.000000 0.029632
vn 0.095509 -0.000000 0.029632
vn 0.097944 -0.000000 0.020175
vn 0.097944 -0.000000 0.020175
vn 0.099444 -0.000000 0.010526
vn 0.099444 -0.000000 0.010526
vn 0.044757 0.000000 -0.089425
vn 0.038711 0.000000 -0.092203
vn 0.029373 0.000000 -0.095589
vn 0.029373 0.000000 -0.095589
vn 0.019744 0.000000 -0.098031
vn 0.019744 0.000000 -0.098031
vn 0.009921 0.000000 -0.099507
vn 0.009921 0.000000 -0.099507
vn -0.000000 0.000000 -0.100000
vn 0.009921 0.000000 -0.099507
vn -0.000000 0.000000 -0.100000
vn 0.009921 0.000000 -0.099507
vn 0.019744 0.000000 -0.098031
vn 0.047668 0.000000 -0.087908
vn 0.052278 0.000000 -0.085247
vn 0.056154 0.000000 -0.082745
vn 0.059412 0.000000 -0.080437
vn 0.064086 0.000000 -0.076765
vn 0.066107 0.000000 -0.075033
vn 0.071386 0.000000 -0.070029
vn 0.072312 0.000000 -0.069072
vn 0.077982 0.000000 -0.062601
vn 0.077982 0.000000 -0.062601
vn 0.019744 0.000000 -0.098031
vn 0.029373 0.000000 -0.095589
vn 0.029373 0.000000 -0.095589
vn 0.038711 0.000000 -0.092203
vn 0.044757 0.000000 -0.089425
vn 0.047668 0.000000 -0.087908
vn 0.052278 0.000000 -0.085247
vn 0.056154 0.000000 -0.082745
vn 0.059412 0.000000 -0.080437
vn 0.064086 0.000000 -0.076765
vn 0.066107 0.000000 -0.075033
vn 0.071386 0.000000 -0.070029
vn 0.072312 0.000000 -0.069072
vn 0.077982 0.000000 -0.062601
vn 0.077982 0.000000 -0.062601
vn 0.077982 0.000000 -0.062601
vn 0.077982 0.000000 -0.062601
vn 0.077982 0.000000 -0.062601
vn 0.077982 0.000000 -0.062601
vn -0.000000 0.000000 0.100000
vn -0.000000 0.000000 0.100000
vn 0.024710 -0.000000 0.096899
vn 0.024710 -0.000000 0.096899
vn 0.047888 -0.000000 0.087788
vn 0.047888 -0.000000 0.087788
vn 0.068096 -0.000000 0.073232
vn 0.068096 -0.000000 0.073232
vn 0.084080 -0.000000 0.054134
vn 0.084080 -0.000000 0.054134
vn 0.094850 -0.000000 0.031679
vn 0.094850 -0.000000 0.031679
vn 0.099736 -0.000000 0.007259
vn 0.099736 -0.000000 0.007259
vn 0.098437 0.000000 -0.017612
vn 0.098437 0.000000 -0.017612
vn 0.091032 0.000000 -0.041390
vn 0.091032 0.000000 -0.041390
vn 0.077982 0.000000 -0.062601
vn 0.077982 0.000000 -0.062601
vn 0.000000 -0.000000 0.100000
vn 0.000000 -0.000000 0.100000
vn 0.000000 -0.000000 0.100000
vn 0.000000 -0.000000 0.100000
vn 0.000000 -0.100000 0.000000
vn 0.000000 -0.100000 0.000000
vn 0.000000 -0.100000 0.000000
vn 0.000000 -0.100000 0.000000
vn 0.000000 -0.100000 0.000000
vn 0.000000 -0.100000 0.000000
vn 0.000000 -0.100000 0.000000
vn 0.000000 -0.100000 0.000000
vn 0.000000 -0.100000 0.000000
vn 0.000000 -0.100000 0.000000
vn 0.000000 -0.100000 0.000000
vn 0.000000 -0.100000 0.000000
vn 0.000000 -0.100000 0.000000
vn 0.000000 -0.100000 0.000000
vn 0.000000 -0.100000 0.000000
vn 0.000000 -0.100000 0.000000
vn 0.000000 -0.100000 0.000000
vn 0.000000 -0.100000 0.000000
vn 0.000000 -0.100000 0.000000
vn 0.000000 -0.100000 0.000000
vn 0.000000 -0.100000 0.000000
vn 0.000000 -0.100000 0.000000
vn 0.000000 -0.100000 0.000000
vn 0.000000 -0.100000 0.000000
vn 0.000000 -0.100000 0.000000
vn 0.000000 -0.100000 0.000000
vn 0.000000 -0.100000 0.000000
vn 0.000000 -0.100000 0.000000
vn 0.000000 -0.100000 0.000000
vn 0.000000 -0.100000 0.000000
vn 0.000000 -0.100000 0.000000
vn 0.000000 -0.100000 0.000000
vn 0.000000 -0.100000 0.000000
vn 0.000000 -0.100000 0.000000
vn 0.000000 -0.100000 0.000000
vn 0.000000 -0.100000 0.000000
vn 0.000000 -0.100000 0.000000
vn 0.000000 -0.100000 0.000000
vn 0.000000 -0.100000 0.000000
vn 0.000000 -0.100000 0.000000
vn 0.000000 -0.100000 0.000000
vn 0.000000 -0.100000 0.000000
vn 0.000000 -0.100000 0.000000
vn 0.000000 -0.100000 0.000000
vn 0.000000 -0.100000 0.000000
vn 0.000000 -0.100000 0.000000
vn 0.000000 -0.100000 0.000000
vn 0.000000 -0.100000 0.000000
vn 0.000000 -0.100000 0.000000
vn 0.000000 -0.100000 0.000000
vn 0.000000 -0.100000 0.000000
vn 0.000000 -0.100000 0.000000
vn 0.000000 -0.100000 0.000000
vn 0.000000 -0.100000 0.000000
vn 0.000000 -0.100000 0.000000
vn 0.000000 -0.100000 0.000000
vn 0.000000 -0.100000 0.000000
vn 0.000000 -0.100000 0.000000
vn 0.000000 -0.100000 0.000000
vn 0.000000 -0.100000 0.000000
vn 0.000000 -0.100000 0.000000
vn 0.000000 -0.100000 0.000000
vn 0.000000 -0.100000 0.000000
vn 0.000000 -0.100000 0.000000
vn 0.000000 -0.100000 0.000000
vn 0.000000 -0.100000 0.000000
vn 0.000000 -0.100000 0.000000
vn 0.000000 -0.100000 0.000000
vn 0.000000 -0.100000 0.000000
vn 0.000000 -0.100000 0.000000
vn 0.000000 -0.100000 0.000000
vn 0.000000 -0.100000 0.000000
vn 0.000000 -0.100000 0.000000
vn 0.000000 -0.100000 0.000000
vn 0.000000 -0.100000 0.000000
vn 0.000000 -0.100000 0.000000
vn 0.000000 -0.100000 0.000000
vn 0.000000 -0.100000 0.000000
vn 0.000000 -0.100000 0.000000
vn 0.000000 -0.100000 0.000000
vn 0.000000 -0.100000 0.000000
vn 0.000000 -0.100000 0.000000
vn 0.000000 -0.100000 0.000000
vn 0.000000 -0.100000 0.000000
vn 0.000000 -0.100000 0.000000
vn 0.000000 -0.100000 0.000000
vn 0.000000 -0.100000 0.000000
vn 0.000000 -0.100000 0.000000
vn 0.000000 -0.100000 0.000000
vn 0.000000 -0.100000 0.000000
vn 0.000000 -0.100000 0.000000
vn 0.000000 -0.100000 0.000000
vn 0.000000 -0.100000 0.000000
vn 0.000000 -0.100000 0.000000
vn 0.000000 -0.100000 0.000000
vn 0.000000 -0.100000 0.000000
vn 0.000000 -0.100000 0.000000
vn 0.000000 -0.100000 0.000000
vn 0.000000 -0.100000 0.000000
vn 0.000000 -0.100000 0.000000
vn 0.000000 -0.100000 0.000000
vn 0.000000 -0.100000 0.000000
vn 0.000000 -0.100000 0.000000
vn 0.000000 -0.100000 0.000000
vn 0.000000 -0.100000 0.000000
vn 0.000000 0.000000 -0.100000
vn 0.000000 0.000000 -0.100000
vn 0.000000 0.000000 -0.100000
vn 0.000000 0.000000 -0.100000
vn -0.100000 0.000000 -0.000017
vn -0.100000 0.000000 -0.000017
vn -0.096589 0.000000 -0.025896
vn -0.096589 0.000000 -0.025896
vn -0.086597 0.000000 -0.050010
vn -0.086597 0.000000 -0.050010
vn -0.070705 0.000000 -0.070717
vn -0.070705 0.000000 -0.070717
vn -0.049995 0.000000 -0.086605
vn -0.049995 0.000000 -0.086605
vn -0.025879 0.000000 -0.096593
vn -0.025879 0.000000 -0.096593
vn 0.000000 0.000000 -0.100000
vn 0.000000 0.000000 -0.100000
vn -0.083337 0.000000 0.055271
vn -0.083337 0.000000 0.055271
vn -0.083337 0.000000 0.055271
vn -0.083953 0.000000 0.054331
vn -0.087665 0.000000 0.048112
vn -0.088125 0.000000 0.047265
vn -0.091380 0.000000 0.040616
vn -0.091703 0.000000 0.039881
vn -0.094455 0.000000 0.032836
vn -0.094664 0.000000 0.032228
vn -0.096869 0.000000 0.024826
vn -0.096988 0.000000 0.024359
vn -0.098606 0.000000 0.016642
vn -0.098658 0.000000 0.016325
vn -0.099651 0.000000 0.008342
vn -0.099665 0.000000 0.008181
vn -0.083953 0.000000 0.054331
vn -0.087665 0.000000 0.048112
vn -0.088125 0.000000 0.047265
vn -0.091380 0.000000 0.040616
vn -0.091703 0.000000 0.039881
vn -0.094455 0.000000 0.032836
vn -0.094664 0.000000 0.032228
vn -0.096869 0.000000 0.024826
vn -0.096988 0.000000 0.024359
vn -0.098606 0.000000 0.016642
vn -0.098658 0.000000 0.016325
vn -0.099651 0.000000 0.008342
vn -0.099665 0.000000 0.008181
vn -0.000000 0.000000 -0.100000
vn -0.000000 0.000000 -0.100000
vn -0.010117 0.000000 -0.099487
vn -0.010117 0.000000 -0.099487
vn -0.020130 0.000000 -0.097953
vn -0.020130 0.000000 -0.097953
vn -0.029936 0.000000 -0.095414
vn -0.029936 0.000000 -0.095414
vn -0.039436 0.000000 -0.091896
vn -0.039436 0.000000 -0.091896
vn -0.048530 0.000000 -0.087435
vn -0.048530 0.000000 -0.087435
vn -0.057127 0.000000 -0.082076
vn -0.057127 0.000000 -0.082076
vn -0.065137 0.000000 -0.075876
vn -0.065137 0.000000 -0.075876
vn -0.072479 0.000000 -0.068897
vn -0.072479 0.000000 -0.068897
vn -0.079078 0.000000 -0.061211
vn -0.079078 0.000000 -0.061211
vn -0.084864 0.000000 -0.052896
vn -0.084864 0.000000 -0.052896
vn -0.089780 0.000000 -0.044039
vn -0.089780 0.000000 -0.044039
vn -0.093775 0.000000 -0.034731
vn -0.093775 0.000000 -0.034731
vn -0.096808 0.000000 -0.025065
vn -0.096808 0.000000 -0.025065
vn -0.098847 0.000000 -0.015143
vn -0.098847 0.000000 -0.015143
vn -0.099872 0.000000 -0.005065
vn -0.099872 0.000000 -0.005065
vn -0.099872 0.000000 0.005065
vn -0.099872 0.000000 0.005065
vn -0.098847 0.000000 0.015143
vn -0.098847 0.000000 0.015143
vn -0.096808 0.000000 0.025065
vn -0.096808 0.000000 0.025065
vn -0.093775 0.000000 0.034731
vn -0.093775 0.000000 0.034731
vn -0.089780 0.000000 0.044039
vn -0.089780 0.000000 0.044039
vn -0.084864 0.000000 0.052896
vn -0.084864 0.000000 0.052896
vn -0.079078 0.000000 0.061211
vn -0.079078 0.000000 0.061211
vn -0.072479 0.000000 0.068897
vn -0.072479 0.000000 0.068897
vn -0.065137 0.000000 0.075876
vn -0.065137 0.000000 0.075876
vn -0.057127 0.000000 0.082076
vn -0.057127 0.000000 0.082076
vn -0.048530 0.000000 0.087435
vn -0.048530 0.000000 0.087435
vn -0.039436 0.000000 0.091896
vn -0.039436 0.000000 0.091896
vn -0.029936 0.000000 0.095414
vn -0.029936 0.000000 0.095414
vn -0.020130 0.000000 0.097953
vn -0.020130 0.000000 0.097953
vn -0.010117 0.000000 0.099487
vn -0.010117 0.000000 0.099487
vn -0.000000 0.000000 0.100000
vn -0.000000 0.000000 0.100000
vn 0.000000 -0.100000 0.000000
vn 0.000000 -0.100000 0.000000
vn 0.000000 -0.100000 0.000000
vn 0.000000 -0.100000 0.000000
vn 0.000000 -0.100000 0.000000
vn 0.000000 -0.100000 0.000000
vn 0.000000 -0.100000 0.000000
vn 0.000000 -0.100000 0.000000
vn 0.000000 -0.100000 0.000000
vn 0.000000 -0.100000 0.000000
vn 0.000000 -0.100000 0.000000
vn 0.000000 -0.100000 0.000000
vn 0.000000 -0.100000 0.000000
vn 0.000000 -0.100000 0.000000
vn 0.000000 -0.100000 0.000000
vn 0.000000 -0.100000 0.000000
vn 0.000000 -0.100000 0.000000
vn 0.000000 -0.100000 0.000000
vn 0.000000 -0.100000 0.000000
vn 0.000000 -0.100000 0.000000
vn 0.000000 -0.100000 0.000000
vn 0.000000 -0.100000 0.000000
vn 0.000000 -0.100000 0.000000
vn 0.000000 -0.100000 0.000000
vn 0.000000 -0.100000 0.000000
vn 0.000000 -0.100000 0.000000
vn 0.000000 -0.100000 0.000000
vn 0.000000 -0.100000 0.000000
vn 0.000000 -0.100000 0.000000
vn 0.000000 -0.100000 0.000000
vn 0.000000 -0.100000 0.000000
vn 0.000000 -0.100000 0.000000
vn 0.000000 -0.100000 0.000000
vn 0.000000 -0.100000 0.000000
vn 0.000000 -0.100000 0.000000
vn 0.000000 -0.100000 0.000000
vn 0.000000 -0.100000 0.000000
vn 0.000000 -0.100000 0.000000
vn 0.000000 -0.100000 0.000000
vn 0.000000 -0.100000 0.000000
vn 0.000000 -0.100000 0.000000
vn 0.000000 -0.100000 0.000000
vn 0.000000 -0.100000 0.000000
vn 0.000000 -0.100000 0.000000
vn 0.000000 -0.100000 0.000000
vn 0.000000 -0.100000 0.000000
vn 0.000000 -0.100000 0.000000
vn 0.000000 -0.100000 0.000000
vn 0.000000 -0.100000 0.000000
vn 0.000000 -0.100000 0.000000
vn 0.000000 -0.100000 0.000000
vn 0.000000 -0.100000 0.000000
vn 0.000000 -0.100000 0.000000
vn 0.000000 -0.100000 0.000000
vn 0.000000 -0.100000 0.000000
vn 0.000000 -0.100000 0.000000
vn 0.000000 -0.100000 0.000000
vn 0.000000 -0.100000 0.000000
vn 0.000000 -0.100000 0.000000
vn 0.000000 -0.100000 0.000000
vn 0.000000 -0.100000 0.000000
vn 0.000000 -0.100000 0.000000
vn 0.000000 -0.100000 0.000000
vn 0.000000 -0.100000 0.000000
vn 0.000000 -0.100000 0.000000
vn 0.000000 -0.100000 0.000000
vn 0.000000 -0.100000 0.000000
vn 0.000000 -0.100000 0.000000
vn 0.000000 -0.100000 0.000000
vn 0.000000 -0.100000 0.000000
vn 0.000000 -0.100000 0.000000
vn 0.000000 -0.100000 0.000000
vn 0.000000 -0.100000 0.000000
vn 0.000000 -0.100000 0.000000
vn 0.000000 -0.100000 0.000000
vn 0.000000 -0.100000 0.000000
vn 0.000000 -0.100000 0.000000
vn 0.000000 -0.100000 0.000000
vn 0.000000 -0.100000 0.000000
vn 0.000000 -0.100000 0.000000
vn 0.000000 -0.100000 0.000000
vn 0.000000 -0.100000 0.000000
vn 0.000000 -0.100000 0.000000
vn 0.000000 -0.100000 0.000000
vn 0.000000 -0.100000 0.000000
vn 0.000000 -0.100000 0.000000
vn 0.000000 -0.100000 0.000000
vn 0.000000 -0.100000 0.000000
vn 0.000000 -0.100000 0.000000
vn 0.000000 -0.100000 0.000000
vn 0.000000 -0.100000 0.000000
vn 0.000000 -0.100000 0.000000
vn 0.000000 -0.100000 0.000000
vn 0.000000 -0.100000 0.000000
vn 0.000000 -0.100000 0.000000
vn 0.000000 -0.100000 0.000000
vn 0.000000 -0.100000 0.000000
vn 0.000000 -0.100000 0.000000
vn 0.000000 -0.100000 0.000000
vn 0.000000 -0.100000 0.000000
vn 0.000000 -0.100000 0.000000
vn 0.000000 -0.100000 0.000000
vn 0.000000 -0.100000 0.000000
vn 0.000000 -0.100000 0.000000
vn 0.000000 -0.100000 0.000000
vn 0.090482 0.000000 -0.042580
vn 0.090482 0.000000 -0.042580
vn 0.090482 0.000000 -0.042580
vn 0.090482 0.000000 -0.042580
vn 0.090482 0.000000 -0.042580
vn 0.090482 0.000000 -0.042580
vn 0.090482 0.000000 -0.042580
vn 0.090482 0.000000 -0.042580
vn 0.090482 0.000000 -0.042580
vn 0.090482 0.000000 -0.042580
vn 0.090482 0.000000 -0.042580
vn 0.090482 0.000000 -0.042580
vn -0.000000 0.000000 -0.100000
vn -0.000000 0.000000 -0.100000
vn -0.000000 0.000000 -0.100000
vn -0.000000 0.000000 -0.100000
vn 0.088679 0.000000 -0.046217
vn 0.088679 0.000000 -0.046217
vn 0.088679 0.000000 -0.046217
vn 0.088679 0.000000 -0.046217
vn -0.088679 0.000000 0.046217
vn -0.088679 0.000000 0.046217
vn -0.088679 0.000000 0.046217
vn -0.088679 0.000000 0.046217
vn 0.000000 -0.100000 0.000000
vn 0.000000 -0.100000 0.000000
vn 0.000000 -0.100000 0.000000
vn 0.000000 -0.100000 0.000000
vn -0.000000 0.100000 -0.000000
vn -0.000000 0.100000 -0.000000
vn -0.000000 0.100000 -0.000000
vn -0.000000 0.100000 -0.000000
vn -0.000000 0.100000 -0.000000
vn -0.000000 0.100000 -0.000000
vn -0.000000 0.100000 -0.000000
vn -0.000000 0.100000 -0.000000
vn -0.000000 0.100000 -0.000000
vn -0.000000 0.100000 -0.000000
vn -0.100000 0.000000 -0.000000
vn -0.100000 0.000000 -0.000000
vn -0.100000 0.000000 -0.000000
vn -0.100000 0.000000 -0.000000
vn -0.051267 0.000000 -0.085859
vn -0.051267 0.000000 -0.085859
vn -0.047756 0.000000 -0.087860
vn -0.047396 0.000000 -0.088055
vn -0.043432 0.000000 -0.090076
vn -0.039381 0.000000 -0.091919
vn -0.039381 0.000000 -0.091919
vn -0.055717 0.000000 -0.083040
vn -0.059499 0.000000 -0.080374
vn -0.063196 0.000000 -0.077500
vn -0.067148 0.000000 -0.074102
vn -0.070128 0.000000 -0.071289
vn -0.074141 0.000000 -0.067106
vn -0.076451 0.000000 -0.064461
vn -0.080408 0.000000 -0.059453
vn -0.082113 0.000000 -0.057074
vn -0.085888 0.000000 -0.051218
vn -0.087064 0.000000 -0.049193
vn -0.090528 0.000000 -0.042482
vn -0.091260 0.000000 -0.040885
vn -0.094282 0.000000 -0.033330
vn -0.094666 0.000000 -0.032224
vn -0.097114 0.000000 -0.023853
vn -0.097252 0.000000 -0.023284
vn -0.098995 0.000000 -0.014141
vn -0.098995 0.000000 -0.014141
vn 0.000000 0.000000 -0.100000
vn 0.000000 0.000000 -0.100000
vn 0.000000 0.000000 -0.100000
vn 0.000000 0.000000 -0.100000
vn 0.000000 -0.100000 0.000000
vn 0.000000 -0.100000 0.000000
vn 0.000000 -0.100000 0.000000
vn 0.000000 -0.100000 0.000000
vn 0.000000 -0.100000 0.000000
vn 0.000000 -0.100000 0.000000
vn 0.000000 -0.100000 0.000000
vn 0.000000 -0.100000 0.000000
vn 0.000000 -0.100000 0.000000
vn 0.000000 -0.100000 0.000000
vn 0.000000 -0.100000 0.000000
vn 0.000000 -0.100000 0.000000
vn 0.000000 0.100000 0.000000
vn 0.000000 0.100000 0.000000
vn 0.000000 0.100000 0.000000
vn 0.000000 0.100000 0.000000
vn 0.000000 0.100000 0.000000
vn 0.000000 0.100000 0.000000
vn 0.000000 0.100000 0.000000
vn 0.000000 0.100000 0.000000
vn 0.000000 0.100000 0.000000
vn 0.000000 0.100000 0.000000
vn 0.000000 0.100000 0.000000
vn 0.000000 0.100000 0.000000
vn 0.000000 0.100000 0.000000
vn 0.000000 0.100000 0.000000
vn 0.000000 0.100000 0.000000
vn -0.000000 0.000000 -0.100000
vn -0.000000 0.000000 -0.100000
vn -0.000000 0.000000 -0.100000
vn -0.000000 0.000000 -0.100000
vn 0.088679 0.000000 -0.046217
vn 0.088679 0.000000 -0.046217
vn 0.088679 0.000000 -0.046217
vn 0.088679 0.000000 -0.046217
vn -0.088679 0.000000 0.046217
vn -0.088679 0.000000 0.046217
vn -0.088679 0.000000 0.046217
vn -0.088679 0.000000 0.046217
vn 0.000000 0.100000 0.000000
vn 0.000000 0.100000 0.000000
vn 0.000000 0.100000 0.000000
vn 0.000000 0.100000 0.000000
vn 0.000000 0.000000 -0.100000
vn 0.000000 0.000000 -0.100000
vn 0.000000 0.000000 -0.100000
vn 0.000000 0.000000 -0.100000
vn 0.000000 0.000000 -0.100000
vn 0.000000 0.000000 -0.100000
vn 0.000000 0.000000 -0.100000
vn 0.000000 0.000000 -0.100000
vn 0.000000 0.000000 -0.100000
vn 0.000000 0.000000 -0.100000
vn 0.000000 0.000000 -0.100000
vn 0.000000 0.000000 -0.100000
vn -0.100000 0.000000 0.000000
vn -0.100000 0.000000 0.000000
vn -0.100000 0.000000 0.000000
vn -0.100000 0.000000 0.000000
vn -0.100000 0.000000 0.000000
vn -0.100000 0.000000 0.000000
vn -0.100000 0.000000 0.000000
vn -0.100000 0.000000 0.000000
vn -0.100000 0.000000 0.000000
vn -0.100000 0.000000 0.000000
vn 0.000000 -0.100000 0.000000
vn 0.000000 -0.100000 0.000000
vn 0.000000 -0.100000 0.000000
vn 0.000000 -0.100000 0.000000
vn 0.000000 -0.100000 0.000000
vn 0.000000 -0.100000 0.000000
vn 0.000000 -0.100000 0.000000
vn 0.000000 -0.100000 0.000000
vn 0.000000 -0.100000 0.000000
vn 0.000000 -0.100000 0.000000
vn -0.100000 0.000000 -0.000000
vn -0.100000 0.000000 -0.000000
vn -0.100000 0.000000 -0.000000
vn -0.100000 0.000000 -0.000000
vn -0.039381 0.000000 -0.091919
vn -0.043432 0.000000 -0.090076
vn -0.039381 0.000000 -0.091919
vn -0.047756 0.000000 -0.087860
vn -0.047396 0.000000 -0.088055
vn -0.051267 0.000000 -0.085859
vn -0.051267 0.000000 -0.085859
vn -0.055717 0.000000 -0.083040
vn -0.059499 0.000000 -0.080374
vn -0.063196 0.000000 -0.077500
vn -0.067148 0.000000 -0.074102
vn -0.070128 0.000000 -0.071289
vn -0.074141 0.000000 -0.067106
vn -0.076451 0.000000 -0.064461
vn -0.080408 0.000000 -0.059453
vn -0.082113 0.000000 -0.057074
vn -0.085888 0.000000 -0.051218
vn -0.087064 0.000000 -0.049193
vn -0.090528 0.000000 -0.042482
vn -0.091260 0.000000 -0.040885
vn -0.094282 0.000000 -0.033330
vn -0.094666 0.000000 -0.032224
vn -0.097114 0.000000 -0.023853
vn -0.097252 0.000000 -0.023284
vn -0.098995 0.000000 -0.014141
vn -0.098995 0.000000 -0.014141
vn 0.000000 0.000000 -0.100000
vn 0.000000 0.000000 -0.100000
vn 0.000000 0.000000 -0.100000
vn 0.000000 0.000000 -0.100000
vn 0.000000 0.100000 0.000000
vn 0.000000 0.100000 0.000000
vn 0.000000 0.100000 0.000000
vn 0.000000 0.100000 0.000000
vn 0.000000 0.100000 0.000000
vn 0.000000 0.100000 0.000000
vn 0.000000 0.100000 0.000000
vn 0.000000 0.100000 0.000000
vn 0.000000 0.100000 0.000000
vn 0.000000 0.100000 0.000000
vn 0.000000 0.100000 0.000000
vn 0.000000 0.100000 0.000000
vn -0.000000 0.000000 0.100000
vn -0.000000 0.000000 0.100000
vn -0.000000 0.000000 0.100000
vn -0.000000 0.000000 0.100000
vn -0.000000 0.000000 0.100000
vn -0.000000 0.000000 0.100000
vn -0.000000 0.000000 0.100000
vn -0.000000 0.000000 0.100000
vn -0.000000 0.000000 0.100000
vn -0.000000 0.000000 0.100000
vn -0.000000 0.000000 0.100000
vn -0.000000 0.000000 0.100000
vn -0.000000 0.000000 0.100000
vn -0.000000 0.000000 0.100000
vn -0.000000 0.000000 0.100000
vn -0.000000 0.000000 0.100000
vn -0.000000 0.000000 0.100000
vn -0.000000 0.000000 0.100000
vn -0.000000 0.000000 0.100000
vn -0.000000 0.000000 0.100000
vn -0.000000 0.000000 0.100000
vn -0.000000 0.000000 0.100000
vn -0.000000 0.000000 0.100000
vn -0.000000 0.000000 0.100000
vn -0.000000 0.000000 0.100000
vn -0.000000 0.000000 0.100000
vn -0.000000 0.000000 0.100000
vn -0.000000 0.000000 0.100000
vn -0.000000 0.000000 0.100000
vn -0.000000 0.000000 0.100000
vn -0.000000 0.000000 0.100000
vn -0.000000 0.000000 0.100000
vn -0.000000 0.000000 0.100000
vn -0.000000 0.000000 0.100000
vn -0.000000 0.000000 0.100000
vn -0.000000 0.000000 0.100000
vn -0.000000 0.000000 0.100000
vn -0.000000 0.000000 0.100000
vn -0.000000 0.000000 0.100000
vn -0.000000 0.000000 0.100000
vn 0.000000 -0.100000 0.000000
vn 0.000000 -0.100000 0.000000
vn 0.000000 -0.100000 0.000000
vn 0.000000 -0.100000 0.000000
vn 0.000000 -0.100000 0.000000
vn 0.000000 -0.100000 0.000000
vn 0.000000 -0.100000 0.000000
vn 0.000000 -0.100000 0.000000
vn 0.000000 -0.100000 0.000000
vn 0.000000 -0.100000 0.000000
vn 0.000000 -0.100000 0.000000
vn 0.000000 -0.100000 0.000000
vn 0.000000 -0.100000 0.000000
vn 0.000000 -0.100000 0.000000
vn 0.000000 -0.100000 0.000000
f 1279/2608/2560 1280/2609/2561 1278/2610/2562
f 1278/2610/2562 1280/2609/2561 1281/2611/2563
f 1282/2612/2564 1283/2613/2565 1284/2614/2566
f 1285/2615/2567 1286/2616/2568 1279/2617/2569
f 1279/2617/2569 1286/2616/2568 1280/2618/2570
f 1287/2619/2571 1288/2620/2572 1285/2621/2573
f 1285/2621/2573 1288/2620/2572 1286/2622/2574
f 1283/2623/2575 1289/2624/2576 1284/2625/2577
f 1284/2625/2577 1289/2624/2576 1290/2626/2578
f 1289/2627/2579 1291/2628/2580 1290/2629/2581
f 1282/2630/2582 1284/2631/2583 1291/2632/2584
f 1291/2632/2584 1284/2631/2583 1290/2633/2585
f 1292/2634/2586 1293/2635/2587 1294/2636/2588
f 1292/2637/2589 1294/2638/2590 1295/2639/2591
f 1295/2639/2591 1294/2638/2590 1296/2640/2592
f 1298/2641/2593 1299/2642/2594 1297/2643/2595
f 1297/2643/2595 1299/2642/2594 1300/2644/2596
f 1301/2645/2597 1295/2646/2598 1296/2647/2599
f 1302/2648/2600 1303/2649/2601 1298/2650/2602
f 1298/2650/2602 1303/2649/2601 1299/2651/2603
f 1297/2652/2604 1300/2653/2605 1304/2654/2606
f 1304/2654/2606 1300/2653/2605 1305/2655/2607
f 1293/2656/2608 1301/2657/2609 1294/2658/2610
f 1294/2658/2610 1301/2657/2609 1296/2659/2611
f 1313/2660/2612 1293/2661/2613 1310/2662/2614
f 1310/2662/2614 1293/2661/2613 1292/2663/2615
f 1310/2662/2614 1292/2663/2615 1295/2664/2616
f 1310/2662/2614 1295/2664/2616 1309/2665/2617
f 1309/2665/2617 1295/2664/2616 1301/2666/2618
f 1309/2665/2617 1301/2666/2618 1306/2667/2619
f 1306/2667/2619 1307/2668/2620 1309/2665/2617
f 1309/2665/2617 1307/2668/2620 1308/2669/2621
f 1311/2670/2622 1312/2671/2623 1310/2662/2614
f 1310/2662/2614 1312/2671/2623 1313/2660/2612
f 1311/2672/2624 1310/2673/2625 1324/2674/2626
f 1324/2674/2626 1310/2673/2625 1323/2675/2627
f 1323/2675/2627 1310/2673/2625 1322/2676/2628
f 1322/2676/2628 1310/2673/2625 1321/2677/2629
f 1321/2677/2629 1310/2673/2625 1320/2678/2630
f 1320/2678/2630 1310/2673/2625 1319/2679/2631
f 1319/2679/2631 1310/2673/2625 1318/2680/2632
f 1318/2680/2632 1310/2673/2625 1317/2681/2633
f 1317/2681/2633 1310/2673/2625 1316/2682/2634
f 1316/2682/2634 1310/2673/2625 1315/2683/2635
f 1315/2683/2635 1310/2673/2625 1314/2684/2636
f 1312/2685/2637 1325/2686/2638 1313/2687/2639
f 1313/2687/2639 1325/2686/2638 1326/2688/2640
f 1313/2687/2639 1326/2688/2640 1327/2689/2641
f 1327/2689/2641 1328/2690/2642 1313/2687/2639
f 1313/2687/2639 1328/2690/2642 1329/2691/2643
f 1313/2687/2639 1329/2691/2643 1330/2692/2644
f 1330/2692/2644 1331/2693/2645 1313/2687/2639
f 1313/2687/2639 1331/2693/2645 1332/2694/2646
f 1313/2687/2639 1332/2694/2646 1333/2695/2647
f 1333/2695/2647 1334/2696/2648 1313/2687/2639
f 1313/2687/2639 1334/2696/2648 1335/2697/2649
f 1313/2687/2639 1335/2697/2649 1337/2698/2650
f 1337/2698/2650 1335/2697/2649 1336/2699/2651
f 1308/2700/2652 1338/2701/2653 1309/2702/2654
f 1309/2702/2654 1338/2701/2653 1339/2703/2655
f 1309/2702/2654 1339/2703/2655 1340/2704/2656
f 1340/2704/2656 1341/2705/2657 1309/2702/2654
f 1309/2702/2654 1341/2705/2657 1342/2706/2658
f 1309/2702/2654 1342/2706/2658 1343/2707/2659
f 1343/2707/2659 1344/2708/2660 1309/2702/2654
f 1309/2702/2654 1344/2708/2660 1345/2709/2661
f 1309/2702/2654 1345/2709/2661 1346/2710/2662
f 1346/2710/2662 1347/2711/2663 1309/2702/2654
f 1309/2702/2654 1347/2711/2663 1348/2712/2664
f 1309/2713/2665 1348/2714/2666 1310/2715/2667
f 1310/2715/2667 1348/2714/2666 1314/2716/2668
f 1304/2717/2669 1337/2718/2670 1297/2719/2671
f 1297/2719/2671 1337/2718/2670 1336/2720/2672
f 1297/2719/2671 1336/2720/2672 1298/2721/2673
f 1298/2721/2673 1336/2720/2672 1349/2722/2674
f 1298/2721/2673 1349/2722/2674 1350/2723/2675
f 1350/2723/2675 1302/2724/2676 1298/2721/2673
f 1308/2725/2677 1307/2726/2678 1338/2727/2679
f 1338/2727/2679 1307/2726/2678 1351/2728/2680
f 1338/2727/2679 1351/2728/2680 1339/2729/2681
f 1339/2729/2681 1351/2728/2680 1352/2730/2682
f 1339/2729/2681 1352/2730/2682 1340/2731/2683
f 1340/2731/2683 1352/2730/2682 1353/2732/2684
f 1340/2731/2683 1353/2732/2684 1341/2733/2685
f 1341/2733/2685 1353/2732/2684 1354/2734/2686
f 1341/2733/2685 1354/2734/2686 1342/2735/2687
f 1342/2735/2687 1354/2734/2686 1355/2736/2688
f 1342/2735/2687 1355/2736/2688 1343/2737/2689
f 1343/2737/2689 1355/2736/2688 1356/2738/2690
f 1343/2737/2689 1356/2738/2690 1344/2739/2691
f 1344/2739/2691 1356/2738/2690 1357/2740/2692
f 1344/2739/2691 1357/2740/2692 1345/2741/2693
f 1345/2741/2693 1357/2740/2692 1358/2742/2694
f 1345/2741/2693 1358/2742/2694 1346/2743/2695
f 1346/2743/2695 1358/2742/2694 1359/2744/2696
f 1346/2743/2695 1359/2744/2696 1347/2745/2697
f 1347/2745/2697 1359/2744/2696 1360/2746/2698
f 1347/2745/2697 1360/2746/2698 1348/2747/2699
f 1348/2747/2699 1360/2746/2698 1361/2748/2700
f 1348/2747/2699 1361/2748/2700 1362/2749/2701
f 1362/2749/2701 1361/2748/2700 1349/2750/2702
f 1362/2749/2701 1349/2750/2702 1336/2751/2703
f 1362/2749/2701 1336/2751/2703 1363/2752/2704
f 1363/2752/2704 1336/2751/2703 1335/2753/2705
f 1363/2752/2704 1335/2753/2705 1314/2754/2706
f 1314/2754/2706 1335/2753/2705 1334/2755/2707
f 1314/2754/2706 1334/2755/2707 1315/2756/2708
f 1315/2756/2708 1334/2755/2707 1333/2757/2709
f 1315/2756/2708 1333/2757/2709 1316/2758/2710
f 1316/2758/2710 1333/2757/2709 1332/2759/2711
f 1316/2758/2710 1332/2759/2711 1317/2760/2712
f 1317/2760/2712 1332/2759/2711 1331/2761/2713
f 1317/2760/2712 1331/2761/2713 1318/2762/2714
f 1318/2762/2714 1331/2761/2713 1330/2763/2715
f 1318/2762/2714 1330/2763/2715 1319/2764/2716
f 1319/2764/2716 1330/2763/2715 1329/2765/2717
f 1319/2764/2716 1329/2765/2717 1320/2766/2718
f 1320/2766/2718 1329/2765/2717 1328/2767/2719
f 1320/2766/2718 1328/2767/2719 1321/2768/2720
f 1321/2768/2720 1328/2767/2719 1327/2769/2721
f 1321/2768/2720 1327/2769/2721 1322/2770/2722
f 1322/2770/2722 1327/2769/2721 1326/2771/2723
f 1322/2770/2722 1326/2771/2723 1323/2772/2724
f 1323/2772/2724 1326/2771/2723 1325/2773/2725
f 1323/2772/2724 1325/2773/2725 1324/2774/2726
f 1324/2774/2726 1325/2773/2725 1312/2775/2727
f 1324/2774/2726 1312/2775/2727 1311/2776/2728
f 1314/2754/2706 1348/2747/2699 1363/2752/2704
f 1363/2752/2704 1348/2747/2699 1362/2749/2701
f 1349/2777/2729 1361/2778/2730 1350/2779/2731
f 1350/2779/2731 1361/2778/2730 1306/2780/2732
f 1306/2780/2732 1361/2778/2730 1360/2781/2733
f 1306/2780/2732 1360/2781/2733 1359/2782/2734
f 1359/2782/2734 1358/2783/2735 1306/2780/2732
f 1306/2780/2732 1358/2783/2735 1357/2784/2736
f 1306/2780/2732 1357/2784/2736 1356/2785/2737
f 1356/2785/2737 1355/2786/2738 1306/2780/2732
f 1306/2780/2732 1355/2786/2738 1354/2787/2739
f 1306/2780/2732 1354/2787/2739 1353/2788/2740
f 1353/2788/2740 1352/2789/2741 1306/2780/2732
f 1306/2780/2732 1352/2789/2741 1351/2790/2742
f 1306/2780/2732 1351/2790/2742 1307/2791/2743
f 1385/2792/2744 1364/2793/2745 1384/2794/2746
f 1384/2794/2746 1364/2793/2745 1365/2795/2747
f 1384/2794/2746 1365/2795/2747 1383/2796/2748
f 1383/2796/2748 1365/2795/2747 1366/2797/2749
f 1383/2796/2748 1366/2797/2749 1382/2798/2750
f 1382/2798/2750 1366/2797/2749 1367/2799/2751
f 1382/2798/2750 1367/2799/2751 1381/2800/2752
f 1381/2800/2752 1367/2799/2751 1368/2801/2753
f 1381/2800/2752 1368/2801/2753 1380/2802/2754
f 1380/2802/2754 1368/2801/2753 1369/2803/2755
f 1380/2802/2754 1369/2803/2755 1379/2804/2756
f 1379/2804/2756 1369/2803/2755 1370/2805/2757
f 1379/2804/2756 1370/2805/2757 1378/2806/2758
f 1378/2806/2758 1370/2805/2757 1371/2807/2759
f 1378/2806/2758 1371/2807/2759 1377/2808/2760
f 1377/2808/2760 1371/2807/2759 1372/2809/2761
f 1377/2808/2760 1372/2809/2761 1376/2810/2762
f 1376/2810/2762 1372/2809/2761 1373/2811/2763
f 1376/2810/2762 1373/2811/2763 1375/2812/2764
f 1375/2812/2764 1373/2811/2763 1374/2813/2765
f 1375/2814/2764 1374/2815/2765 1417/2816/2766
f 1417/2816/2766 1374/2815/2765 1386/2817/2767
f 1417/2816/2766 1386/2817/2767 1416/2818/2768
f 1416/2818/2768 1386/2817/2767 1387/2819/2769
f 1416/2818/2768 1387/2819/2769 1415/2820/2770
f 1415/2820/2770 1387/2819/2769 1388/2821/2771
f 1415/2820/2770 1388/2821/2771 1414/2822/2772
f 1414/2822/2772 1388/2821/2771 1389/2823/2773
f 1414/2822/2772 1389/2823/2773 1413/2824/2774
f 1413/2824/2774 1389/2823/2773 1390/2825/2775
f 1413/2824/2774 1390/2825/2775 1412/2826/2776
f 1412/2826/2776 1390/2825/2775 1391/2827/2777
f 1412/2826/2776 1391/2827/2777 1411/2828/2778
f 1411/2828/2778 1391/2827/2777 1392/2829/2779
f 1411/2828/2778 1392/2829/2779 1410/2830/2780
f 1410/2830/2780 1392/2829/2779 1393/2831/2781
f 1410/2830/2780 1393/2831/2781 1409/2832/2782
f 1409/2832/2782 1393/2831/2781 1394/2833/2783
f 1409/2832/2782 1394/2833/2783 1408/2834/2784
f 1408/2834/2784 1394/2833/2783 1395/2835/2785
f 1408/2834/2784 1395/2835/2785 1407/2836/2786
f 1407/2836/2786 1395/2835/2785 1396/2837/2787
f 1407/2836/2786 1396/2837/2787 1406/2838/2788
f 1406/2838/2788 1396/2837/2787 1397/2839/2789
f 1406/2838/2788 1397/2839/2789 1405/2840/2790
f 1405/2840/2790 1397/2839/2789 1398/2841/2791
f 1405/2840/2790 1398/2841/2791 1404/2842/2792
f 1404/2842/2792 1398/2841/2791 1399/2843/2793
f 1404/2842/2792 1399/2843/2793 1403/2844/2794
f 1403/2844/2794 1399/2843/2793 1400/2845/2795
f 1403/2844/2794 1400/2845/2795 1402/2846/2796
f 1402/2846/2796 1400/2845/2795 1401/2847/2797
f 1437/2848/2798 1418/2849/2799 1436/2850/2800
f 1436/2850/2800 1418/2849/2799 1419/2851/2801
f 1436/2850/2800 1419/2851/2801 1435/2852/2802
f 1435/2852/2802 1419/2851/2801 1420/2853/2803
f 1435/2852/2802 1420/2853/2803 1434/2854/2804
f 1434/2854/2804 1420/2853/2803 1421/2855/2805
f 1434/2854/2804 1421/2855/2805 1433/2856/2806
f 1433/2856/2806 1421/2855/2805 1422/2857/2807
f 1433/2856/2806 1422/2857/2807 1432/2858/2808
f 1432/2858/2808 1422/2857/2807 1423/2859/2809
f 1432/2858/2808 1423/2859/2809 1431/2860/2810
f 1431/2860/2810 1423/2859/2809 1424/2861/2811
f 1431/2860/2810 1424/2861/2811 1430/2862/2812
f 1430/2862/2812 1424/2861/2811 1425/2863/2813
f 1430/2862/2812 1425/2863/2813 1429/2864/2814
f 1429/2864/2814 1425/2863/2813 1426/2865/2815
f 1429/2864/2814 1426/2865/2815 1428/2866/2816
f 1428/2866/2816 1426/2865/2815 1427/2867/2817
f 1459/2868/2818 1438/2869/2819 1458/2870/2820
f 1458/2870/2820 1438/2869/2819 1439/2871/2821
f 1458/2870/2820 1439/2871/2821 1457/2872/2822
f 1457/2872/2822 1439/2871/2821 1440/2873/2823
f 1457/2872/2822 1440/2873/2823 1456/2874/2824
f 1456/2874/2824 1440/2873/2823 1441/2875/2825
f 1456/2874/2824 1441/2875/2825 1455/2876/2826
f 1455/2876/2826 1441/2875/2825 1442/2877/2827
f 1455/2876/2826 1442/2877/2827 1454/2878/2828
f 1454/2878/2828 1442/2877/2827 1443/2879/2829
f 1454/2878/2828 1443/2879/2829 1453/2880/2830
f 1453/2880/2830 1443/2879/2829 1444/2881/2831
f 1453/2880/2830 1444/2881/2831 1452/2882/2832
f 1452/2882/2832 1444/2881/2831 1445/2883/2833
f 1452/2882/2832 1445/2883/2833 1451/2884/2834
f 1451/2884/2834 1445/2883/2833 1446/2885/2835
f 1451/2884/2834 1446/2885/2835 1450/2886/2836
f 1450/2886/2836 1446/2885/2835 1447/2887/2837
f 1450/2886/2836 1447/2887/2837 1449/2888/2838
f 1449/2888/2838 1447/2887/2837 1448/2889/2839
f 1438/2890/2819 1459/2891/2818 1477/2892/2840
f 1477/2892/2840 1459/2891/2818 1460/2893/2841
f 1477/2892/2840 1460/2893/2841 1476/2894/2842
f 1476/2894/2842 1460/2893/2841 1461/2895/2843
f 1476/2894/2842 1461/2895/2843 1475/2896/2844
f 1475/2896/2844 1461/2895/2843 1462/2897/2845
f 1475/2896/2844 1462/2897/2845 1474/2898/2846
f 1474/2898/2846 1462/2897/2845 1463/2899/2847
f 1474/2898/2846 1463/2899/2847 1473/2900/2848
f 1473/2900/2848 1463/2899/2847 1464/2901/2849
f 1473/2900/2848 1464/2901/2849 1472/2902/2850
f 1472/2902/2850 1464/2901/2849 1465/2903/2851
f 1472/2902/2850 1465/2903/2851 1471/2904/2852
f 1471/2904/2852 1465/2903/2851 1466/2905/2853
f 1471/2904/2852 1466/2905/2853 1470/2906/2854
f 1470/2906/2854 1466/2905/2853 1467/2907/2855
f 1470/2906/2854 1467/2907/2855 1469/2908/2856
f 1469/2908/2856 1467/2907/2855 1468/2909/2857
f 1447/2910/2858 1446/2911/2859 1448/2912/2860
f 1448/2912/2860 1446/2911/2859 1445/2913/2861
f 1448/2912/2860 1445/2913/2861 1444/2914/2862
f 1444/2914/2862 1443/2915/2863 1448/2912/2860
f 1448/2912/2860 1443/2915/2863 1539/2916/2864
f 1539/2916/2864 1443/2915/2863 1442/2917/2865
f 1539/2916/2864 1442/2917/2865 1441/2918/2866
f 1441/2918/2866 1440/2919/2867 1539/2916/2864
f 1539/2916/2864 1440/2919/2867 1439/2920/2868
f 1539/2916/2864 1439/2920/2868 1438/2921/2869
f 1539/2916/2864 1438/2921/2869 1538/2922/2870
f 1538/2922/2870 1438/2921/2869 1477/2923/2871
f 1538/2922/2870 1477/2923/2871 1476/2924/2872
f 1476/2924/2872 1475/2925/2873 1538/2922/2870
f 1538/2922/2870 1475/2925/2873 1537/2926/2874
f 1537/2926/2874 1475/2925/2873 1474/2927/2875
f 1537/2926/2874 1474/2927/2875 1473/2928/2876
f 1473/2928/2876 1472/2929/2877 1537/2926/2874
f 1537/2926/2874 1472/2929/2877 1479/2930/2878
f 1537/2926/2874 1479/2930/2878 1480/2931/2879
f 1472/2929/2877 1471/2932/2880 1479/2930/2878
f 1479/2930/2878 1471/2932/2880 1478/2933/2881
f 1478/2933/2881 1471/2932/2880 1470/2934/2882
f 1478/2933/2881 1470/2934/2882 1469/2935/2883
f 1480/2931/2879 1481/2936/2884 1537/2926/2874
f 1537/2926/2874 1481/2936/2884 1482/2937/2885
f 1537/2926/2874 1482/2937/2885 1523/2938/2886
f 1523/2938/2886 1482/2937/2885 1522/2939/2887
f 1522/2939/2887 1482/2937/2885 1483/2940/2888
f 1522/2939/2887 1483/2940/2888 1521/2941/2889
f 1521/2941/2889 1483/2940/2888 1520/2942/2890
f 1520/2942/2890 1483/2940/2888 1484/2943/2891
f 1520/2942/2890 1484/2943/2891 1485/2944/2892
f 1520/2942/2890 1485/2944/2892 1492/2945/2893
f 1492/2945/2893 1485/2944/2892 1486/2946/2894
f 1492/2945/2893 1486/2946/2894 1487/2947/2895
f 1487/2947/2895 1488/2948/2896 1492/2945/2893
f 1492/2945/2893 1488/2948/2896 1489/2949/2897
f 1492/2945/2893 1489/2949/2897 1490/2950/2898
f 1490/2950/2898 1491/2951/2899 1492/2945/2893
f 1520/2942/2890 1492/2945/2893 1509/2952/2900
f 1509/2952/2900 1492/2945/2893 1493/2953/2901
f 1509/2952/2900 1493/2953/2901 1508/2954/2902
f 1508/2954/2902 1493/2953/2901 1494/2955/2903
f 1508/2954/2902 1494/2955/2903 1507/2956/2904
f 1507/2956/2904 1494/2955/2903 1495/2957/2905
f 1507/2956/2904 1495/2957/2905 1496/2958/2906
f 1507/2956/2904 1496/2958/2906 1506/2959/2907
f 1506/2959/2907 1496/2958/2906 1497/2960/2908
f 1506/2959/2907 1497/2960/2908 1498/2961/2909
f 1506/2959/2907 1498/2961/2909 1505/2962/2910
f 1505/2962/2910 1498/2961/2909 1499/2963/2911
f 1505/2962/2910 1499/2963/2911 1500/2964/2912
f 1505/2962/2910 1500/2964/2912 1504/2965/2913
f 1504/2965/2913 1500/2964/2912 1501/2966/2914
f 1504/2965/2913 1501/2966/2914 1502/2967/2915
f 1502/2967/2915 1503/2968/2916 1504/2965/2913
f 1509/2952/2900 1510/2969/2917 1520/2942/2890
f 1520/2942/2890 1510/2969/2917 1511/2970/2918
f 1520/2942/2890 1511/2970/2918 1512/2971/2919
f 1512/2971/2919 1513/2972/2920 1520/2942/2890
f 1520/2942/2890 1513/2972/2920 1514/2973/2921
f 1520/2942/2890 1514/2973/2921 1519/2974/2922
f 1519/2974/2922 1514/2973/2921 1515/2975/2923
f 1519/2974/2922 1515/2975/2923 1516/2976/2924
f 1516/2976/2924 1517/2977/2925 1519/2974/2922
f 1519/2974/2922 1517/2977/2925 1518/2978/2926
f 1523/2938/2886 1524/2979/2927 1537/2926/2874
f 1537/2926/2874 1524/2979/2927 1525/2980/2928
f 1537/2926/2874 1525/2980/2928 1526/2981/2929
f 1526/2981/2929 1527/2982/2930 1537/2926/2874
f 1537/2926/2874 1527/2982/2930 1528/2983/2931
f 1537/2926/2874 1528/2983/2931 1529/2984/2932
f 1537/2926/2874 1529/2984/2932 1535/2985/2933
f 1535/2985/2933 1529/2984/2932 1530/2986/2934
f 1535/2985/2933 1530/2986/2934 1531/2987/2935
f 1531/2987/2935 1532/2988/2936 1535/2985/2933
f 1535/2985/2933 1532/2988/2936 1533/2989/2937
f 1535/2985/2933 1533/2989/2937 1534/2990/2938
f 1535/2985/2933 1536/2991/2939 1537/2926/2874
f 1540/2992/2940 1541/2993/2941 1572/2994/2942
f 1572/2994/2942 1541/2993/2941 1571/2995/2943
f 1571/2995/2943 1541/2993/2941 1542/2996/2944
f 1571/2995/2943 1542/2996/2944 1570/2997/2945
f 1570/2997/2945 1542/2996/2944 1543/2998/2946
f 1570/2997/2945 1543/2998/2946 1569/2999/2947
f 1569/2999/2947 1543/2998/2946 1544/3000/2948
f 1569/2999/2947 1544/3000/2948 1568/3001/2949
f 1568/3001/2949 1544/3000/2948 1545/3002/2950
f 1568/3001/2949 1545/3002/2950 1546/3003/2951
f 1546/3003/2951 1547/3004/2952 1568/3001/2949
f 1568/3001/2949 1547/3004/2952 1548/3005/2953
f 1568/3001/2949 1548/3005/2953 1549/3006/2954
f 1549/3006/2954 1550/3007/2955 1568/3001/2949
f 1568/3001/2949 1550/3007/2955 1551/3008/2956
f 1568/3001/2949 1551/3008/2956 1552/3009/2957
f 1552/3009/2957 1553/3010/2958 1568/3001/2949
f 1568/3001/2949 1553/3010/2958 1554/3011/2959
f 1568/3001/2949 1554/3011/2959 1555/3012/2960
f 1555/3012/2960 1556/3013/2961 1568/3001/2949
f 1568/3001/2949 1556/3013/2961 1557/3014/2962
f 1568/3001/2949 1557/3014/2962 1558/3015/2963
f 1558/3015/2963 1559/3016/2964 1568/3001/2949
f 1568/3001/2949 1559/3016/2964 1560/3017/2965
f 1568/3001/2949 1560/3017/2965 1561/3018/2966
f 1561/3018/2966 1562/3019/2967 1568/3001/2949
f 1568/3001/2949 1562/3019/2967 1563/3020/2968
f 1568/3001/2949 1563/3020/2968 1564/3021/2969
f 1564/3021/2969 1565/3022/2970 1568/3001/2949
f 1568/3001/2949 1565/3022/2970 1566/3023/2971
f 1568/3001/2949 1566/3023/2971 1567/3024/2972
f 1574/3025/2973 1647/3026/2974 1573/3027/2975
f 1573/3027/2975 1647/3026/2974 1609/3028/2976
f 1573/3029/2975 1609/3030/2976 1610/3031/2977
f 1647/3026/2974 1574/3025/2973 1646/3032/2978
f 1646/3032/2978 1574/3025/2973 1575/3033/2979
f 1646/3032/2978 1575/3033/2979 1645/3034/2980
f 1645/3034/2980 1575/3033/2979 1576/3035/2981
f 1645/3034/2980 1576/3035/2981 1644/3036/2982
f 1644/3036/2982 1576/3035/2981 1577/3037/2983
f 1644/3036/2982 1577/3037/2983 1643/3038/2984
f 1643/3038/2984 1577/3037/2983 1578/3039/2985
f 1643/3038/2984 1578/3039/2985 1642/3040/2986
f 1642/3040/2986 1578/3039/2985 1579/3041/2987
f 1642/3040/2986 1579/3041/2987 1641/3042/2988
f 1641/3042/2988 1579/3041/2987 1580/3043/2989
f 1641/3042/2988 1580/3043/2989 1640/3044/2990
f 1640/3044/2990 1580/3043/2989 1581/3045/2991
f 1640/3044/2990 1581/3045/2991 1639/3046/2992
f 1639/3046/2992 1581/3045/2991 1582/3047/2993
f 1639/3046/2992 1582/3047/2993 1638/3048/2994
f 1638/3048/2994 1582/3047/2993 1583/3049/2995
f 1638/3048/2994 1583/3049/2995 1637/3050/2996
f 1637/3050/2996 1583/3049/2995 1584/3051/2997
f 1637/3050/2996 1584/3051/2997 1636/3052/2998
f 1636/3052/2998 1584/3051/2997 1585/3053/2999
f 1636/3052/2998 1585/3053/2999 1635/3054/3000
f 1635/3054/3000 1585/3053/2999 1634/3055/3001
f 1634/3055/3001 1585/3053/2999 1586/3056/3002
f 1634/3055/3001 1586/3056/3002 1633/3057/3003
f 1633/3057/3003 1586/3056/3002 1587/3058/3004
f 1633/3057/3003 1587/3058/3004 1632/3059/3005
f 1632/3059/3005 1587/3058/3004 1588/3060/3006
f 1632/3059/3005 1588/3060/3006 1631/3061/3007
f 1631/3061/3007 1588/3060/3006 1589/3062/3008
f 1631/3061/3007 1589/3062/3008 1630/3063/3009
f 1630/3063/3009 1589/3062/3008 1590/3064/3010
f 1630/3063/3009 1590/3064/3010 1629/3065/3011
f 1629/3065/3011 1590/3064/3010 1591/3066/3012
f 1629/3065/3011 1591/3066/3012 1628/3067/3013
f 1628/3067/3013 1591/3066/3012 1592/3068/3014
f 1628/3067/3013 1592/3068/3014 1627/3069/3015
f 1627/3069/3015 1592/3068/3014 1593/3070/3016
f 1627/3069/3015 1593/3070/3016 1626/3071/3017
f 1626/3071/3017 1593/3070/3016 1594/3072/3018
f 1626/3071/3017 1594/3072/3018 1625/3073/3019
f 1625/3073/3019 1594/3072/3018 1595/3074/3020
f 1625/3073/3019 1595/3074/3020 1624/3075/3021
f 1624/3075/3021 1595/3074/3020 1596/3076/3022
f 1624/3075/3021 1596/3076/3022 1623/3077/3023
f 1623/3077/3023 1596/3076/3022 1597/3078/3024
f 1623/3077/3023 1597/3078/3024 1622/3079/3025
f 1622/3079/3025 1597/3078/3024 1621/3080/3026
f 1621/3080/3026 1597/3078/3024 1598/3081/3027
f 1621/3080/3026 1598/3081/3027 1620/3082/3028
f 1620/3082/3028 1598/3081/3027 1599/3083/3029
f 1620/3082/3028 1599/3083/3029 1619/3084/3030
f 1619/3084/3030 1599/3083/3029 1600/3085/3031
f 1619/3084/3030 1600/3085/3031 1618/3086/3032
f 1618/3086/3032 1600/3085/3031 1601/3087/3033
f 1618/3086/3032 1601/3087/3033 1617/3088/3034
f 1617/3088/3034 1601/3087/3033 1602/3089/3035
f 1617/3088/3034 1602/3089/3035 1616/3090/3036
f 1616/3090/3036 1602/3089/3035 1603/3091/3037
f 1616/3090/3036 1603/3091/3037 1615/3092/3038
f 1615/3092/3038 1603/3091/3037 1604/3093/3039
f 1615/3092/3038 1604/3093/3039 1614/3094/3040
f 1614/3094/3040 1604/3093/3039 1605/3095/3041
f 1614/3094/3040 1605/3095/3041 1613/3096/3042
f 1613/3096/3042 1605/3095/3041 1606/3097/3043
f 1613/3096/3042 1606/3097/3043 1612/3098/3044
f 1612/3098/3044 1606/3097/3043 1607/3099/3045
f 1612/3098/3044 1607/3099/3045 1611/3100/3046
f 1611/3100/3046 1607/3099/3045 1608/3101/3047
f 1611/3100/3046 1608/3101/3047 1610/3031/2977
f 1610/3031/2977 1608/3101/3047 1573/3029/2975
f 1467/3102/3048 1630/3103/3049 1468/3104/3050
f 1468/3104/3050 1630/3103/3049 1629/3105/3051
f 1468/3104/3050 1629/3105/3051 1628/3106/3052
f 1467/3102/3048 1466/3107/3053 1630/3103/3049
f 1630/3103/3049 1466/3107/3053 1631/3108/3054
f 1631/3108/3054 1466/3107/3053 1465/3109/3055
f 1631/3108/3054 1465/3109/3055 1632/3110/3056
f 1632/3110/3056 1465/3109/3055 1464/3111/3057
f 1632/3110/3056 1464/3111/3057 1463/3112/3058
f 1632/3110/3056 1463/3112/3058 1633/3113/3059
f 1633/3113/3059 1463/3112/3058 1462/3114/3060
f 1633/3113/3059 1462/3114/3060 1634/3115/3061
f 1634/3115/3061 1462/3114/3060 1461/3116/3062
f 1634/3115/3061 1461/3116/3062 1460/3117/3063
f 1634/3115/3061 1460/3117/3063 1635/3118/3064
f 1635/3118/3064 1460/3117/3063 1459/3119/3065
f 1635/3118/3064 1459/3119/3065 1636/3120/3066
f 1636/3120/3066 1459/3119/3065 1458/3121/3067
f 1636/3120/3066 1458/3121/3067 1457/3122/3068
f 1456/3123/3069 1648/3124/3070 1457/3122/3068
f 1457/3122/3068 1648/3124/3070 1637/3125/3071
f 1457/3122/3068 1637/3125/3071 1636/3120/3066
f 1456/3123/3069 1455/3126/3072 1648/3124/3070
f 1648/3124/3070 1455/3126/3072 1454/3127/3073
f 1648/3124/3070 1454/3127/3073 1453/3128/3074
f 1453/3128/3074 1452/3129/3075 1648/3124/3070
f 1648/3124/3070 1452/3129/3075 1451/3130/3076
f 1648/3124/3070 1451/3130/3076 1450/3131/3077
f 1450/3131/3077 1449/3132/3078 1648/3124/3070
f 1637/3125/3071 1648/3124/3070 1638/3133/3079
f 1638/3133/3079 1648/3124/3070 1649/3134/3080
f 1638/3133/3079 1649/3134/3080 1639/3135/3081
f 1639/3135/3081 1649/3134/3080 1650/3136/3082
f 1639/3135/3081 1650/3136/3082 1651/3137/3083
f 1639/3135/3081 1651/3137/3083 1640/3138/3084
f 1640/3138/3084 1651/3137/3083 1652/3139/3085
f 1640/3138/3084 1652/3139/3085 1653/3140/3086
f 1640/3138/3084 1653/3140/3086 1641/3141/3087
f 1641/3141/3087 1653/3140/3086 1654/3142/3088
f 1641/3141/3087 1654/3142/3088 1642/3143/3089
f 1642/3143/3089 1654/3142/3088 1655/3144/3090
f 1642/3143/3089 1655/3144/3090 1656/3145/3091
f 1642/3143/3089 1656/3145/3091 1643/3146/3092
f 1643/3146/3092 1656/3145/3091 1657/3147/3093
f 1643/3146/3092 1657/3147/3093 1658/3148/3094
f 1643/3146/3092 1658/3148/3094 1644/3149/3095
f 1644/3149/3095 1658/3148/3094 1659/3150/3096
f 1644/3149/3095 1659/3150/3096 1645/3151/3097
f 1645/3151/3097 1659/3150/3096 1660/3152/3098
f 1645/3151/3097 1660/3152/3098 1646/3153/3099
f 1646/3153/3099 1660/3152/3098 1661/3154/3100
f 1646/3153/3099 1661/3154/3100 1662/3155/3101
f 1646/3153/3099 1662/3155/3101 1647/3156/3102
f 1647/3156/3102 1662/3155/3101 1663/3157/3103
f 1647/3156/3102 1663/3157/3103 1609/3158/3104
f 1609/3158/3104 1663/3157/3103 1664/3159/3105
f 1609/3158/3104 1664/3159/3105 1610/3160/3106
f 1610/3160/3106 1664/3159/3105 1665/3161/3107
f 1610/3160/3106 1665/3161/3107 1611/3162/3108
f 1611/3162/3108 1665/3161/3107 1666/3163/3109
f 1611/3162/3108 1666/3163/3109 1667/3164/3110
f 1611/3162/3108 1667/3164/3110 1612/3165/3111
f 1612/3165/3111 1667/3164/3110 1668/3166/3112
f 1612/3165/3111 1668/3166/3112 1613/3167/3113
f 1613/3167/3113 1668/3166/3112 1669/3168/3114
f 1613/3167/3113 1669/3168/3114 1614/3169/3115
f 1614/3169/3115 1669/3168/3114 1670/3170/3116
f 1614/3169/3115 1670/3170/3116 1671/3171/3117
f 1614/3169/3115 1671/3171/3117 1615/3172/3118
f 1615/3172/3118 1671/3171/3117 1672/3173/3119
f 1615/3172/3118 1672/3173/3119 1673/3174/3120
f 1615/3172/3118 1673/3174/3120 1616/3175/3121
f 1616/3175/3121 1673/3174/3120 1674/3176/3122
f 1616/3175/3121 1674/3176/3122 1617/3177/3123
f 1617/3177/3123 1674/3176/3122 1675/3178/3124
f 1617/3177/3123 1675/3178/3124 1676/3179/3125
f 1617/3177/3123 1676/3179/3125 1618/3180/3126
f 1618/3180/3126 1676/3179/3125 1677/3181/3127
f 1618/3180/3126 1677/3181/3127 1678/3182/3128
f 1618/3180/3126 1678/3182/3128 1619/3183/3129
f 1619/3183/3129 1678/3182/3128 1679/3184/3130
f 1619/3183/3129 1679/3184/3130 1620/3185/3131
f 1620/3185/3131 1679/3184/3130 1621/3186/3132
f 1621/3186/3132 1679/3184/3130 1622/3187/3133
f 1622/3187/3133 1679/3184/3130 1687/3188/3134
f 1622/3187/3133 1687/3188/3134 1688/3189/3135
f 1680/3190/3136 1681/3191/3137 1679/3184/3130
f 1679/3184/3130 1681/3191/3137 1682/3192/3138
f 1679/3184/3130 1682/3192/3138 1683/3193/3139
f 1683/3193/3139 1684/3194/3140 1679/3184/3130
f 1679/3184/3130 1684/3194/3140 1685/3195/3141
f 1679/3184/3130 1685/3195/3141 1686/3196/3142
f 1686/3196/3142 1687/3188/3134 1679/3184/3130
f 1622/3187/3133 1688/3189/3135 1623/3197/3143
f 1623/3197/3143 1688/3189/3135 1689/3198/3144
f 1623/3197/3143 1689/3198/3144 1624/3199/3145
f 1624/3199/3145 1689/3198/3144 1690/3200/3146
f 1624/3199/3145 1690/3200/3146 1691/3201/3147
f 1624/3199/3145 1691/3201/3147 1625/3202/3148
f 1625/3202/3148 1691/3201/3147 1692/3203/3149
f 1625/3202/3148 1692/3203/3149 1693/3204/3150
f 1625/3202/3148 1693/3204/3150 1626/3205/3151
f 1626/3205/3151 1693/3204/3150 1694/3206/3152
f 1626/3205/3151 1694/3206/3152 1468/3104/3050
f 1468/3104/3050 1694/3206/3152 1695/3207/3153
f 1468/3104/3050 1695/3207/3153 1696/3208/3154
f 1696/3208/3154 1697/3209/3155 1468/3104/3050
f 1468/3104/3050 1697/3209/3155 1703/3210/3156
f 1703/3210/3156 1697/3209/3155 1698/3211/3157
f 1703/3210/3156 1698/3211/3157 1699/3212/3158
f 1699/3212/3158 1700/3213/3159 1703/3210/3156
f 1703/3210/3156 1700/3213/3159 1701/3214/3160
f 1703/3210/3156 1701/3214/3160 1702/3215/3161
f 1628/3106/3052 1627/3216/3162 1468/3104/3050
f 1468/3104/3050 1627/3216/3162 1626/3205/3151
f 1705/3217/3163 1574/3218/3164 1704/3219/3165
f 1704/3219/3165 1574/3218/3164 1573/3220/3166
f 1704/3221/3165 1573/3222/3166 1739/3223/3167
f 1739/3223/3167 1573/3222/3166 1608/3224/3168
f 1739/3223/3167 1608/3224/3168 1738/3225/3169
f 1738/3225/3169 1608/3224/3168 1607/3226/3170
f 1738/3225/3169 1607/3226/3170 1737/3227/3171
f 1737/3227/3171 1607/3226/3170 1606/3228/3172
f 1737/3227/3171 1606/3228/3172 1736/3229/3173
f 1736/3229/3173 1606/3228/3172 1605/3230/3174
f 1736/3229/3173 1605/3230/3174 1735/3231/3175
f 1735/3231/3175 1605/3230/3174 1604/3232/3176
f 1735/3231/3175 1604/3232/3176 1734/3233/3177
f 1734/3233/3177 1604/3232/3176 1603/3234/3178
f 1734/3233/3177 1603/3234/3178 1733/3235/3179
f 1733/3235/3179 1603/3234/3178 1602/3236/3180
f 1733/3235/3179 1602/3236/3180 1732/3237/3181
f 1732/3237/3181 1602/3236/3180 1601/3238/3182
f 1732/3237/3181 1601/3238/3182 1731/3239/3183
f 1731/3239/3183 1601/3238/3182 1600/3240/3184
f 1731/3239/3183 1600/3240/3184 1730/3241/3185
f 1730/3241/3185 1600/3240/3184 1599/3242/3186
f 1730/3241/3185 1599/3242/3186 1729/3243/3187
f 1729/3243/3187 1599/3242/3186 1598/3244/3188
f 1729/3243/3187 1598/3244/3188 1728/3245/3189
f 1728/3245/3189 1598/3244/3188 1597/3246/3190
f 1728/3245/3189 1597/3246/3190 1727/3247/3191
f 1727/3247/3191 1597/3246/3190 1596/3248/3192
f 1727/3247/3191 1596/3248/3192 1726/3249/3193
f 1726/3249/3193 1596/3248/3192 1595/3250/3194
f 1726/3249/3193 1595/3250/3194 1725/3251/3195
f 1725/3251/3195 1595/3250/3194 1594/3252/3196
f 1725/3251/3195 1594/3252/3196 1724/3253/3197
f 1724/3253/3197 1594/3252/3196 1593/3254/3198
f 1724/3253/3197 1593/3254/3198 1723/3255/3199
f 1723/3255/3199 1593/3254/3198 1592/3256/3200
f 1723/3255/3199 1592/3256/3200 1722/3257/3201
f 1722/3257/3201 1592/3256/3200 1591/3258/3202
f 1722/3257/3201 1591/3258/3202 1721/3259/3203
f 1721/3259/3203 1591/3258/3202 1590/3260/3204
f 1721/3259/3203 1590/3260/3204 1720/3261/3205
f 1720/3261/3205 1590/3260/3204 1589/3262/3206
f 1720/3261/3205 1589/3262/3206 1719/3263/3207
f 1719/3263/3207 1589/3262/3206 1588/3264/3208
f 1719/3263/3207 1588/3264/3208 1718/3265/3209
f 1718/3265/3209 1588/3264/3208 1587/3266/3210
f 1718/3265/3209 1587/3266/3210 1717/3267/3211
f 1717/3267/3211 1587/3266/3210 1586/3268/3212
f 1717/3267/3211 1586/3268/3212 1716/3269/3213
f 1716/3269/3213 1586/3268/3212 1585/3270/3214
f 1716/3269/3213 1585/3270/3214 1715/3271/3215
f 1715/3271/3215 1585/3270/3214 1584/3272/3216
f 1715/3271/3215 1584/3272/3216 1714/3273/3217
f 1714/3273/3217 1584/3272/3216 1583/3274/3218
f 1714/3273/3217 1583/3274/3218 1713/3275/3219
f 1713/3275/3219 1583/3274/3218 1582/3276/3220
f 1713/3275/3219 1582/3276/3220 1712/3277/3221
f 1712/3277/3221 1582/3276/3220 1581/3278/3222
f 1712/3277/3221 1581/3278/3222 1711/3279/3223
f 1711/3279/3223 1581/3278/3222 1580/3280/3224
f 1711/3279/3223 1580/3280/3224 1710/3281/3225
f 1710/3281/3225 1580/3280/3224 1579/3282/3226
f 1710/3281/3225 1579/3282/3226 1709/3283/3227
f 1709/3283/3227 1579/3282/3226 1578/3284/3228
f 1709/3283/3227 1578/3284/3228 1708/3285/3229
f 1708/3285/3229 1578/3284/3228 1577/3286/3230
f 1708/3285/3229 1577/3286/3230 1707/3287/3231
f 1707/3287/3231 1577/3286/3230 1576/3288/3232
f 1707/3287/3231 1576/3288/3232 1706/3289/3233
f 1706/3289/3233 1576/3288/3232 1575/3290/3234
f 1706/3289/3233 1575/3290/3234 1705/3217/3163
f 1705/3217/3163 1575/3290/3234 1574/3218/3164
f 1556/3291/3235 1555/3292/3236 1779/3293/3237
f 1779/3293/3237 1555/3292/3236 1554/3294/3238
f 1779/3293/3237 1554/3294/3238 1778/3295/3239
f 1778/3295/3239 1554/3294/3238 1553/3296/3240
f 1778/3295/3239 1553/3296/3240 1552/3297/3241
f 1778/3295/3239 1552/3297/3241 1777/3298/3242
f 1777/3298/3242 1552/3297/3241 1551/3299/3243
f 1777/3298/3242 1551/3299/3243 1776/3300/3244
f 1776/3300/3244 1551/3299/3243 1550/3301/3245
f 1776/3300/3244 1550/3301/3245 1775/3302/3246
f 1775/3302/3246 1550/3301/3245 1549/3303/3247
f 1775/3302/3246 1549/3303/3247 1548/3304/3248
f 1775/3302/3246 1548/3304/3248 1774/3305/3249
f 1774/3305/3249 1548/3304/3248 1547/3306/3250
f 1774/3305/3249 1547/3306/3250 1773/3307/3251
f 1773/3307/3251 1547/3306/3250 1546/3308/3252
f 1773/3307/3251 1546/3308/3252 1545/3309/3253
f 1773/3307/3251 1545/3309/3253 1772/3310/3254
f 1772/3310/3254 1545/3309/3253 1544/3311/3255
f 1772/3310/3254 1544/3311/3255 1771/3312/3256
f 1771/3312/3256 1544/3311/3255 1543/3313/3257
f 1771/3312/3256 1543/3313/3257 1542/3314/3258
f 1771/3312/3256 1542/3314/3258 1770/3315/3259
f 1770/3315/3259 1542/3314/3258 1541/3316/3260
f 1770/3315/3259 1541/3316/3260 1769/3317/3261
f 1769/3317/3261 1541/3316/3260 1540/3318/3262
f 1769/3317/3261 1540/3318/3262 1768/3319/3263
f 1768/3319/3263 1540/3318/3262 1740/3320/3264
f 1768/3319/3263 1740/3320/3264 1767/3321/3265
f 1767/3321/3265 1740/3320/3264 1741/3322/3266
f 1767/3321/3265 1741/3322/3266 1766/3323/3267
f 1766/3323/3267 1741/3322/3266 1742/3324/3268
f 1766/3323/3267 1742/3324/3268 1765/3325/3269
f 1765/3325/3269 1742/3324/3268 1743/3326/3270
f 1765/3325/3269 1743/3326/3270 1764/3327/3271
f 1764/3327/3271 1743/3326/3270 1744/3328/3272
f 1764/3329/3271 1744/3330/3272 1745/3331/3273
f 1764/3329/3271 1745/3331/3273 1763/3332/3274
f 1763/3332/3274 1745/3331/3273 1746/3333/3275
f 1763/3332/3274 1746/3333/3275 1762/3334/3276
f 1762/3334/3276 1746/3333/3275 1747/3335/3277
f 1762/3334/3276 1747/3335/3277 1761/3336/3278
f 1761/3336/3278 1747/3335/3277 1748/3337/3279
f 1761/3336/3278 1748/3337/3279 1760/3338/3280
f 1760/3338/3280 1748/3337/3279 1572/3339/3281
f 1760/3338/3280 1572/3339/3281 1759/3340/3282
f 1759/3340/3282 1572/3339/3281 1571/3341/3283
f 1759/3340/3282 1571/3341/3283 1758/3342/3284
f 1758/3342/3284 1571/3341/3283 1570/3343/3285
f 1758/3342/3284 1570/3343/3285 1569/3344/3286
f 1758/3342/3284 1569/3344/3286 1757/3345/3287
f 1757/3345/3287 1569/3344/3286 1568/3346/3288
f 1757/3345/3287 1568/3346/3288 1756/3347/3289
f 1756/3347/3289 1568/3346/3288 1567/3348/3290
f 1756/3347/3289 1567/3348/3290 1755/3349/3291
f 1755/3349/3291 1567/3348/3290 1566/3350/3292
f 1755/3349/3291 1566/3350/3292 1565/3351/3293
f 1755/3349/3291 1565/3351/3293 1754/3352/3294
f 1754/3352/3294 1565/3351/3293 1564/3353/3295
f 1754/3352/3294 1564/3353/3295 1753/3354/3296
f 1753/3354/3296 1564/3353/3295 1563/3355/3297
f 1753/3354/3296 1563/3355/3297 1562/3356/3298
f 1753/3354/3296 1562/3356/3298 1752/3357/3299
f 1752/3357/3299 1562/3356/3298 1561/3358/3300
f 1752/3357/3299 1561/3358/3300 1751/3359/3301
f 1751/3359/3301 1561/3358/3300 1560/3360/3302
f 1751/3359/3301 1560/3360/3302 1559/3361/3303
f 1751/3359/3301 1559/3361/3303 1750/3362/3304
f 1750/3362/3304 1559/3361/3303 1558/3363/3305
f 1750/3362/3304 1558/3363/3305 1749/3364/3306
f 1749/3364/3306 1558/3363/3305 1557/3365/3307
f 1749/3364/3306 1557/3365/3307 1556/3291/3235
f 1540/3366/3308 1572/3367/3309 1740/3368/3310
f 1740/3368/3310 1572/3367/3309 1748/3369/3311
f 1740/3368/3310 1748/3369/3311 1741/3370/3312
f 1741/3370/3312 1748/3369/3311 1747/3371/3313
f 1741/3370/3312 1747/3371/3313 1742/3372/3314
f 1742/3372/3314 1747/3371/3313 1746/3373/3315
f 1742/3372/3314 1746/3373/3315 1743/3374/3316
f 1743/3374/3316 1746/3373/3315 1745/3375/3317
f 1743/3374/3316 1745/3375/3317 1744/3376/3318
f 1520/3377/3319 1780/3378/3320 1521/3379/3321
f 1521/3379/3321 1780/3378/3320 1781/3380/3322
f 1521/3379/3321 1781/3380/3322 1522/3381/3323
f 1522/3381/3323 1781/3380/3322 1782/3382/3324
f 1522/3381/3323 1782/3382/3324 1523/3383/3325
f 1523/3383/3325 1782/3382/3324 1783/3384/3326
f 1523/3383/3325 1783/3384/3326 1524/3385/3327
f 1524/3385/3327 1783/3384/3326 1784/3386/3328
f 1524/3385/3327 1784/3386/3328 1525/3387/3329
f 1525/3387/3329 1784/3386/3328 1785/3388/3330
f 1525/3387/3329 1785/3388/3330 1526/3389/3331
f 1526/3389/3331 1785/3388/3330 1786/3390/3332
f 1526/3389/3331 1786/3390/3332 1527/3391/3333
f 1527/3391/3333 1786/3390/3332 1787/3392/3334
f 1527/3391/3333 1787/3392/3334 1528/3393/3335
f 1528/3393/3335 1787/3392/3334 1788/3394/3336
f 1528/3393/3335 1788/3394/3336 1529/3395/3337
f 1529/3395/3337 1788/3394/3336 1789/3396/3338
f 1529/3395/3337 1789/3396/3338 1530/3397/3339
f 1530/3397/3339 1789/3396/3338 1790/3398/3340
f 1530/3397/3339 1790/3398/3340 1531/3399/3341
f 1531/3399/3341 1790/3398/3340 1791/3400/3342
f 1531/3399/3341 1791/3400/3342 1532/3401/3343
f 1532/3401/3343 1791/3400/3342 1792/3402/3344
f 1532/3401/3343 1792/3402/3344 1533/3403/3345
f 1533/3403/3345 1792/3402/3344 1793/3404/3346
f 1533/3403/3345 1793/3404/3346 1534/3405/3347
f 1534/3405/3347 1793/3404/3346 1794/3406/3348
f 1534/3405/3347 1794/3406/3348 1535/3407/3349
f 1535/3407/3349 1794/3406/3348 1795/3408/3350
f 1796/3409/3351 1797/3410/3352 1509/3411/3353
f 1509/3411/3353 1797/3410/3352 1510/3412/3354
f 1510/3413/3355 1797/3414/3356 1511/3415/3357
f 1511/3415/3357 1797/3414/3356 1798/3416/3358
f 1511/3415/3357 1798/3416/3358 1512/3417/3359
f 1512/3417/3359 1798/3416/3358 1799/3418/3360
f 1512/3417/3359 1799/3418/3360 1513/3419/3361
f 1513/3419/3361 1799/3418/3360 1800/3420/3362
f 1513/3419/3361 1800/3420/3362 1514/3421/3363
f 1514/3421/3363 1800/3420/3362 1801/3422/3364
f 1514/3421/3363 1801/3422/3364 1515/3423/3365
f 1515/3423/3365 1801/3422/3364 1802/3424/3366
f 1515/3423/3365 1802/3424/3366 1516/3425/3367
f 1516/3425/3367 1802/3424/3366 1803/3426/3368
f 1516/3425/3367 1803/3426/3368 1517/3427/3369
f 1517/3427/3369 1803/3426/3368 1804/3428/3370
f 1517/3427/3369 1804/3428/3370 1518/3429/3371
f 1518/3429/3371 1804/3428/3370 1805/3430/3372
f 1518/3429/3371 1805/3430/3372 1519/3431/3373
f 1519/3431/3373 1805/3430/3372 1806/3432/3374
f 1806/3433/3375 1780/3434/3376 1519/3435/3377
f 1519/3435/3377 1780/3434/3376 1520/3436/3378
f 1749/3437/3379 1556/3438/3380 1780/3439/3381
f 1780/3439/3381 1556/3438/3380 1779/3440/3382
f 1780/3439/3381 1779/3440/3382 1781/3441/3383
f 1781/3441/3383 1779/3440/3382 1778/3442/3384
f 1781/3441/3383 1778/3442/3384 1782/3443/3385
f 1782/3443/3385 1778/3442/3384 1783/3444/3386
f 1783/3444/3386 1778/3442/3384 1777/3445/3387
f 1783/3444/3386 1777/3445/3387 1784/3446/3388
f 1784/3446/3388 1777/3445/3387 1776/3447/3389
f 1784/3446/3388 1776/3447/3389 1785/3448/3390
f 1785/3448/3390 1776/3447/3389 1786/3449/3391
f 1786/3449/3391 1776/3447/3389 1775/3450/3392
f 1786/3449/3391 1775/3450/3392 1787/3451/3393
f 1787/3451/3393 1775/3450/3392 1788/3452/3394
f 1788/3452/3394 1775/3450/3392 1774/3453/3395
f 1788/3452/3394 1774/3453/3395 1789/3454/3396
f 1789/3454/3396 1774/3453/3395 1790/3455/3397
f 1790/3455/3397 1774/3453/3395 1791/3456/3398
f 1791/3456/3398 1774/3453/3395 1773/3457/3399
f 1791/3456/3398 1773/3457/3399 1792/3458/3400
f 1792/3458/3400 1773/3457/3399 1793/3459/3401
f 1793/3459/3401 1773/3457/3399 1794/3460/3402
f 1794/3460/3402 1773/3457/3399 1772/3461/3403
f 1794/3460/3402 1772/3461/3403 1795/3462/3404
f 1795/3462/3404 1772/3461/3403 1771/3463/3405
f 1795/3462/3404 1771/3463/3405 1770/3464/3406
f 1769/3465/3407 1437/3466/3408 1770/3464/3406
f 1770/3464/3406 1437/3466/3408 1436/3467/3409
f 1770/3464/3406 1436/3467/3409 1795/3462/3404
f 1795/3462/3404 1436/3467/3409 1435/3468/3410
f 1795/3462/3404 1435/3468/3410 1434/3469/3411
f 1437/3466/3408 1769/3465/3407 1402/3470/3412
f 1402/3470/3412 1769/3465/3407 1768/3471/3413
f 1402/3470/3412 1768/3471/3413 1403/3472/3414
f 1403/3472/3414 1768/3471/3413 1404/3473/3415
f 1404/3473/3415 1768/3471/3413 1767/3474/3416
f 1404/3473/3415 1767/3474/3416 1405/3475/3417
f 1405/3475/3417 1767/3474/3416 1766/3476/3418
f 1405/3475/3417 1766/3476/3418 1406/3477/3419
f 1406/3477/3419 1766/3476/3418 1407/3478/3420
f 1407/3478/3420 1766/3476/3418 1765/3479/3421
f 1407/3478/3420 1765/3479/3421 1408/3480/3422
f 1408/3480/3422 1765/3479/3421 1764/3481/3423
f 1408/3480/3422 1764/3481/3423 1409/3482/3424
f 1409/3482/3424 1764/3481/3423 1410/3483/3425
f 1410/3483/3425 1764/3481/3423 1411/3484/3426
f 1411/3484/3426 1764/3481/3423 1412/3485/3427
f 1412/3485/3427 1764/3481/3423 1413/3486/3428
f 1413/3486/3428 1764/3481/3423 1414/3487/3429
f 1414/3487/3429 1764/3481/3423 1415/3488/3430
f 1415/3488/3430 1764/3481/3423 1416/3489/3431
f 1416/3489/3431 1764/3481/3423 1417/3490/3432
f 1417/3490/3432 1764/3481/3423 1375/3491/3433
f 1375/3491/3433 1764/3481/3423 1376/3492/3434
f 1376/3492/3434 1764/3481/3423 1377/3493/3435
f 1377/3493/3435 1764/3481/3423 1378/3494/3436
f 1378/3494/3436 1764/3481/3423 1763/3495/3437
f 1378/3494/3436 1763/3495/3437 1762/3496/3438
f 1762/3496/3438 1761/3497/3439 1378/3494/3436
f 1378/3494/3436 1761/3497/3439 1760/3498/3440
f 1378/3494/3436 1760/3498/3440 1379/3499/3441
f 1379/3499/3441 1760/3498/3440 1759/3500/3442
f 1379/3499/3441 1759/3500/3442 1758/3501/3443
f 1379/3499/3441 1758/3501/3443 1815/3502/3444
f 1815/3502/3444 1758/3501/3443 1757/3503/3445
f 1815/3502/3444 1757/3503/3445 1756/3504/3446
f 1815/3502/3444 1756/3504/3446 1814/3505/3447
f 1814/3505/3447 1756/3504/3446 1755/3506/3448
f 1814/3505/3447 1755/3506/3448 1813/3507/3449
f 1813/3507/3449 1755/3506/3448 1812/3508/3450
f 1812/3508/3450 1755/3506/3448 1811/3509/3451
f 1811/3509/3451 1755/3506/3448 1754/3510/3452
f 1811/3509/3451 1754/3510/3452 1810/3511/3453
f 1810/3511/3453 1754/3510/3452 1809/3512/3454
f 1809/3512/3454 1754/3510/3452 1753/3513/3455
f 1809/3512/3454 1753/3513/3455 1808/3514/3456
f 1808/3514/3456 1753/3513/3455 1807/3515/3457
f 1807/3515/3457 1753/3513/3455 1796/3516/3458
f 1796/3516/3458 1753/3513/3455 1752/3517/3459
f 1796/3516/3458 1752/3517/3459 1751/3518/3460
f 1751/3518/3460 1750/3519/3461 1796/3516/3458
f 1796/3516/3458 1750/3519/3461 1780/3439/3381
f 1796/3516/3458 1780/3439/3381 1797/3520/3462
f 1797/3520/3462 1780/3439/3381 1806/3521/3463
f 1797/3520/3462 1806/3521/3463 1805/3522/3464
f 1750/3519/3461 1749/3437/3379 1780/3439/3381
f 1434/3469/3411 1433/3523/3465 1795/3462/3404
f 1795/3462/3404 1433/3523/3465 1432/3524/3466
f 1795/3462/3404 1432/3524/3466 1431/3525/3467
f 1431/3525/3467 1430/3526/3468 1795/3462/3404
f 1795/3462/3404 1430/3526/3468 1429/3527/3469
f 1795/3462/3404 1429/3527/3469 1428/3528/3470
f 1805/3522/3464 1804/3529/3471 1797/3520/3462
f 1797/3520/3462 1804/3529/3471 1803/3530/3472
f 1797/3520/3462 1803/3530/3472 1802/3531/3473
f 1802/3531/3473 1801/3532/3474 1797/3520/3462
f 1797/3520/3462 1801/3532/3474 1800/3533/3475
f 1797/3520/3462 1800/3533/3475 1799/3534/3476
f 1799/3534/3476 1798/3535/3477 1797/3520/3462
f 1385/3536/3478 1384/3537/3479 1815/3502/3444
f 1815/3502/3444 1384/3537/3479 1383/3538/3480
f 1815/3502/3444 1383/3538/3480 1382/3539/3481
f 1382/3539/3481 1381/3540/3482 1815/3502/3444
f 1815/3502/3444 1381/3540/3482 1380/3541/3483
f 1815/3502/3444 1380/3541/3483 1379/3499/3441
f 1468/3542/3484 1703/3543/3485 1469/3544/3486
f 1469/3544/3486 1703/3543/3485 1478/3545/3487
f 1478/3546/3488 1703/3547/3489 1479/3548/3490
f 1479/3548/3490 1703/3547/3489 1702/3549/3491
f 1479/3548/3490 1702/3549/3491 1480/3550/3492
f 1480/3550/3492 1702/3549/3491 1701/3551/3493
f 1480/3550/3492 1701/3551/3493 1481/3552/3494
f 1481/3552/3494 1701/3551/3493 1700/3553/3495
f 1481/3552/3494 1700/3553/3495 1482/3554/3496
f 1482/3554/3496 1700/3553/3495 1699/3555/3497
f 1482/3554/3496 1699/3555/3497 1483/3556/3498
f 1483/3556/3498 1699/3555/3497 1698/3557/3499
f 1483/3556/3498 1698/3557/3499 1484/3558/3500
f 1484/3558/3500 1698/3557/3499 1697/3559/3501
f 1437/3560/2798 1402/3561/2796 1418/3562/2799
f 1418/3562/2799 1402/3561/2796 1401/3563/2797
f 1648/3564/3502 1816/3565/3503 1649/3566/3504
f 1649/3566/3504 1816/3565/3503 1817/3567/3505
f 1649/3566/3504 1817/3567/3505 1650/3568/3506
f 1650/3568/3506 1817/3567/3505 1818/3569/3507
f 1650/3568/3506 1818/3569/3507 1651/3570/3508
f 1651/3570/3508 1818/3569/3507 1819/3571/3509
f 1651/3570/3508 1819/3571/3509 1652/3572/3510
f 1652/3572/3510 1819/3571/3509 1820/3573/3511
f 1652/3572/3510 1820/3573/3511 1653/3574/3512
f 1653/3574/3512 1820/3573/3511 1821/3575/3513
f 1653/3574/3512 1821/3575/3513 1654/3576/3514
f 1654/3576/3514 1821/3575/3513 1822/3577/3515
f 1654/3576/3514 1822/3577/3515 1655/3578/3516
f 1655/3578/3516 1822/3577/3515 1823/3579/3517
f 1655/3578/3516 1823/3579/3517 1656/3580/3518
f 1656/3580/3518 1823/3579/3517 1824/3581/3519
f 1656/3580/3518 1824/3581/3519 1657/3582/3520
f 1657/3582/3520 1824/3581/3519 1825/3583/3521
f 1657/3582/3520 1825/3583/3521 1658/3584/3522
f 1658/3584/3522 1825/3583/3521 1826/3585/3523
f 1658/3584/3522 1826/3585/3523 1659/3586/3524
f 1659/3586/3524 1826/3585/3523 1827/3587/3525
f 1659/3586/3524 1827/3587/3525 1660/3588/3526
f 1660/3588/3526 1827/3587/3525 1828/3589/3527
f 1660/3588/3526 1828/3589/3527 1661/3590/3528
f 1661/3590/3528 1828/3589/3527 1829/3591/3529
f 1661/3590/3528 1829/3591/3529 1662/3592/3530
f 1662/3592/3530 1829/3591/3529 1830/3593/3531
f 1662/3592/3530 1830/3593/3531 1663/3594/3532
f 1663/3594/3532 1830/3593/3531 1831/3595/3533
f 1663/3594/3532 1831/3595/3533 1664/3596/3534
f 1664/3596/3534 1831/3595/3533 1832/3597/3535
f 1664/3596/3534 1832/3597/3535 1665/3598/3536
f 1665/3598/3536 1832/3597/3535 1833/3599/3537
f 1665/3598/3536 1833/3599/3537 1666/3600/3538
f 1666/3600/3538 1833/3599/3537 1834/3601/3539
f 1666/3600/3538 1834/3601/3539 1667/3602/3540
f 1667/3602/3540 1834/3601/3539 1835/3603/3541
f 1667/3602/3540 1835/3603/3541 1668/3604/3542
f 1668/3604/3542 1835/3603/3541 1836/3605/3543
f 1668/3604/3542 1836/3605/3543 1669/3606/3544
f 1669/3606/3544 1836/3605/3543 1837/3607/3545
f 1669/3606/3544 1837/3607/3545 1670/3608/3546
f 1670/3608/3546 1837/3607/3545 1838/3609/3547
f 1670/3608/3546 1838/3609/3547 1671/3610/3548
f 1671/3610/3548 1838/3609/3547 1839/3611/3549
f 1671/3610/3548 1839/3611/3549 1672/3612/3550
f 1672/3612/3550 1839/3611/3549 1840/3613/3551
f 1672/3612/3550 1840/3613/3551 1673/3614/3552
f 1673/3614/3552 1840/3613/3551 1841/3615/3553
f 1673/3614/3552 1841/3615/3553 1674/3616/3554
f 1674/3616/3554 1841/3615/3553 1842/3617/3555
f 1674/3616/3554 1842/3617/3555 1675/3618/3556
f 1675/3618/3556 1842/3617/3555 1843/3619/3557
f 1675/3618/3556 1843/3619/3557 1676/3620/3558
f 1676/3620/3558 1843/3619/3557 1844/3621/3559
f 1676/3620/3558 1844/3621/3559 1677/3622/3560
f 1677/3622/3560 1844/3621/3559 1845/3623/3561
f 1677/3622/3560 1845/3623/3561 1678/3624/3562
f 1678/3624/3562 1845/3623/3561 1846/3625/3563
f 1678/3624/3562 1846/3625/3563 1679/3626/3564
f 1679/3626/3564 1846/3625/3563 1847/3627/3565
f 1386/3628/3566 1374/3629/3567 1364/3630/3568
f 1364/3630/3568 1374/3629/3567 1373/3631/3569
f 1364/3630/3568 1373/3631/3569 1372/3632/3570
f 1372/3632/3570 1371/3633/3571 1364/3630/3568
f 1364/3630/3568 1371/3633/3571 1370/3634/3572
f 1364/3630/3568 1370/3634/3572 1369/3635/3573
f 1369/3635/3573 1368/3636/3574 1364/3630/3568
f 1364/3630/3568 1368/3636/3574 1367/3637/3575
f 1364/3630/3568 1367/3637/3575 1366/3638/3576
f 1366/3638/3576 1365/3639/3577 1364/3630/3568
f 1386/3628/3566 1364/3630/3568 1387/3640/3578
f 1387/3640/3578 1364/3630/3568 1847/3641/3579
f 1387/3640/3578 1847/3641/3579 1388/3642/3580
f 1388/3642/3580 1847/3641/3579 1389/3643/3581
f 1389/3643/3581 1847/3641/3579 1728/3644/3582
f 1389/3643/3581 1728/3644/3582 1727/3645/3583
f 1846/3646/3584 1731/3647/3585 1847/3641/3579
f 1847/3641/3579 1731/3647/3585 1730/3648/3586
f 1847/3641/3579 1730/3648/3586 1729/3649/3587
f 1846/3646/3584 1845/3650/3588 1731/3647/3585
f 1731/3647/3585 1845/3650/3588 1844/3651/3589
f 1731/3647/3585 1844/3651/3589 1732/3652/3590
f 1732/3652/3590 1844/3651/3589 1843/3653/3591
f 1732/3652/3590 1843/3653/3591 1842/3654/3592
f 1842/3654/3592 1841/3655/3593 1732/3652/3590
f 1732/3652/3590 1841/3655/3593 1733/3656/3594
f 1733/3656/3594 1841/3655/3593 1840/3657/3595
f 1733/3656/3594 1840/3657/3595 1839/3658/3596
f 1733/3656/3594 1839/3658/3596 1734/3659/3597
f 1734/3659/3597 1839/3658/3596 1838/3660/3598
f 1734/3659/3597 1838/3660/3598 1735/3661/3599
f 1735/3661/3599 1838/3660/3598 1837/3662/3600
f 1735/3661/3599 1837/3662/3600 1836/3663/3601
f 1735/3661/3599 1836/3663/3601 1736/3664/3602
f 1736/3664/3602 1836/3663/3601 1835/3665/3603
f 1736/3664/3602 1835/3665/3603 1737/3666/3604
f 1737/3666/3604 1835/3665/3603 1834/3667/3605
f 1737/3666/3604 1834/3667/3605 1738/3668/3606
f 1738/3668/3606 1834/3667/3605 1833/3669/3607
f 1738/3668/3606 1833/3669/3607 1739/3670/3608
f 1739/3670/3608 1833/3669/3607 1832/3671/3609
f 1739/3670/3608 1832/3671/3609 1704/3672/3610
f 1704/3672/3610 1832/3671/3609 1831/3673/3611
f 1704/3672/3610 1831/3673/3611 1705/3674/3612
f 1705/3674/3612 1831/3673/3611 1830/3675/3613
f 1705/3674/3612 1830/3675/3613 1706/3676/3614
f 1706/3676/3614 1830/3675/3613 1829/3677/3615
f 1706/3676/3614 1829/3677/3615 1707/3678/3616
f 1707/3678/3616 1829/3677/3615 1828/3679/3617
f 1707/3678/3616 1828/3679/3617 1708/3680/3618
f 1708/3680/3618 1828/3679/3617 1827/3681/3619
f 1708/3680/3618 1827/3681/3619 1709/3682/3620
f 1709/3682/3620 1827/3681/3619 1826/3683/3621
f 1709/3682/3620 1826/3683/3621 1825/3684/3622
f 1709/3682/3620 1825/3684/3622 1710/3685/3623
f 1710/3685/3623 1825/3684/3622 1824/3686/3624
f 1710/3685/3623 1824/3686/3624 1711/3687/3625
f 1711/3687/3625 1824/3686/3624 1823/3688/3626
f 1711/3687/3625 1823/3688/3626 1822/3689/3627
f 1711/3687/3625 1822/3689/3627 1712/3690/3628
f 1712/3690/3628 1822/3689/3627 1821/3691/3629
f 1712/3690/3628 1821/3691/3629 1820/3692/3630
f 1820/3692/3630 1819/3693/3631 1712/3690/3628
f 1712/3690/3628 1819/3693/3631 1713/3694/3632
f 1713/3694/3632 1819/3693/3631 1818/3695/3633
f 1713/3694/3632 1818/3695/3633 1817/3696/3634
f 1817/3696/3634 1816/3697/3635 1713/3694/3632
f 1713/3694/3632 1816/3697/3635 1714/3698/3636
f 1714/3698/3636 1816/3697/3635 1715/3699/3637
f 1715/3699/3637 1816/3697/3635 1716/3700/3638
f 1716/3700/3638 1816/3697/3635 1399/3701/3639
f 1716/3700/3638 1399/3701/3639 1717/3702/3640
f 1717/3702/3640 1399/3701/3639 1398/3703/3641
f 1717/3702/3640 1398/3703/3641 1718/3704/3642
f 1718/3704/3642 1398/3703/3641 1397/3705/3643
f 1718/3704/3642 1397/3705/3643 1719/3706/3644
f 1719/3706/3644 1397/3705/3643 1396/3707/3645
f 1719/3706/3644 1396/3707/3645 1720/3708/3646
f 1720/3708/3646 1396/3707/3645 1395/3709/3647
f 1720/3708/3646 1395/3709/3647 1721/3710/3648
f 1721/3710/3648 1395/3709/3647 1394/3711/3649
f 1721/3710/3648 1394/3711/3649 1722/3712/3650
f 1722/3712/3650 1394/3711/3649 1723/3713/3651
f 1723/3713/3651 1394/3711/3649 1393/3714/3652
f 1723/3713/3651 1393/3714/3652 1724/3715/3653
f 1724/3715/3653 1393/3714/3652 1392/3716/3654
f 1724/3715/3653 1392/3716/3654 1725/3717/3655
f 1725/3717/3655 1392/3716/3654 1391/3718/3656
f 1725/3717/3655 1391/3718/3656 1726/3719/3657
f 1726/3719/3657 1391/3718/3656 1390/3720/3658
f 1726/3719/3657 1390/3720/3658 1727/3645/3583
f 1727/3645/3583 1390/3720/3658 1389/3643/3581
f 1399/3701/3639 1816/3697/3635 1400/3721/3659
f 1400/3721/3659 1816/3697/3635 1427/3722/3660
f 1400/3721/3659 1427/3722/3660 1401/3723/3661
f 1401/3723/3661 1427/3722/3660 1418/3724/3662
f 1418/3724/3662 1427/3722/3660 1419/3725/3663
f 1419/3725/3663 1427/3722/3660 1420/3726/3664
f 1420/3726/3664 1427/3722/3660 1421/3727/3665
f 1421/3727/3665 1427/3722/3660 1422/3728/3666
f 1422/3728/3666 1427/3722/3660 1423/3729/3667
f 1423/3729/3667 1427/3722/3660 1424/3730/3668
f 1424/3730/3668 1427/3722/3660 1425/3731/3669
f 1425/3731/3669 1427/3722/3660 1426/3732/3670
f 1729/3649/3587 1728/3644/3582 1847/3641/3579
f 1848/3733/3671 1863/3734/3672 1492/3735/3673
f 1492/3735/3673 1863/3734/3672 1864/3736/3674
f 1492/3735/3673 1864/3736/3674 1865/3737/3675
f 1865/3737/3675 1864/3736/3674 1872/3738/3676
f 1865/3737/3675 1872/3738/3676 1873/3739/3677
f 1873/3739/3677 1872/3738/3676 1880/3740/3678
f 1873/3739/3677 1880/3740/3678 1495/3741/3679
f 1495/3741/3679 1880/3740/3678 1496/3742/3680
f 1496/3742/3680 1880/3740/3678 1887/3743/3681
f 1496/3742/3680 1887/3743/3681 1497/3744/3682
f 1497/3744/3682 1887/3743/3681 1894/3745/3683
f 1497/3744/3682 1894/3745/3683 1498/3746/3684
f 1498/3746/3684 1894/3745/3683 1901/3747/3685
f 1498/3746/3684 1901/3747/3685 1499/3748/3686
f 1499/3748/3686 1901/3747/3685 1908/3749/3687
f 1499/3748/3686 1908/3749/3687 1500/3750/3688
f 1500/3750/3688 1908/3749/3687 1915/3751/3689
f 1500/3750/3688 1915/3751/3689 1501/3752/3690
f 1501/3752/3690 1915/3751/3689 1922/3753/3691
f 1501/3752/3690 1922/3753/3691 1502/3754/3692
f 1502/3754/3692 1922/3753/3691 1929/3755/3693
f 1502/3754/3692 1929/3755/3693 1503/3756/3694
f 1503/3756/3694 1929/3755/3693 1928/3757/3695
f 1503/3756/3694 1928/3757/3695 1927/3758/3696
f 1927/3758/3696 1928/3757/3695 1920/3759/3697
f 1927/3758/3696 1920/3759/3697 1919/3760/3698
f 1919/3760/3698 1920/3759/3697 1912/3761/3699
f 1919/3760/3698 1912/3761/3699 1911/3762/3700
f 1911/3762/3700 1912/3761/3699 1904/3763/3701
f 1911/3762/3700 1904/3763/3701 1903/3764/3702
f 1903/3764/3702 1904/3763/3701 1896/3765/3703
f 1903/3764/3702 1896/3765/3703 1895/3766/3704
f 1895/3766/3704 1896/3765/3703 1888/3767/3705
f 1895/3766/3704 1888/3767/3705 1853/3768/3706
f 1853/3768/3706 1888/3767/3705 1852/3769/3707
f 1852/3769/3707 1888/3767/3705 1881/3770/3708
f 1852/3769/3707 1881/3770/3708 1851/3771/3709
f 1851/3771/3709 1881/3770/3708 1874/3772/3710
f 1851/3771/3709 1874/3772/3710 1850/3773/3711
f 1850/3773/3711 1874/3772/3710 1867/3774/3712
f 1850/3773/3711 1867/3774/3712 1849/3775/3713
f 1849/3775/3713 1867/3774/3712 1860/3776/3714
f 1849/3775/3713 1860/3776/3714 1848/3733/3671
f 1848/3733/3671 1860/3776/3714 1861/3777/3715
f 1848/3733/3671 1861/3777/3715 1862/3778/3716
f 1862/3778/3716 1861/3777/3715 1869/3779/3717
f 1862/3778/3716 1869/3779/3717 1870/3780/3718
f 1870/3780/3718 1869/3779/3717 1877/3781/3719
f 1870/3780/3718 1877/3781/3719 1878/3782/3720
f 1878/3782/3720 1877/3781/3719 1885/3783/3721
f 1878/3782/3720 1885/3783/3721 1886/3784/3722
f 1886/3784/3722 1885/3783/3721 1893/3785/3723
f 1886/3784/3722 1893/3785/3723 1894/3745/3683
f 1894/3745/3683 1893/3785/3723 1901/3747/3685
f 1853/3768/3706 1854/3786/3724 1895/3766/3704
f 1895/3766/3704 1854/3786/3724 1902/3787/3725
f 1895/3766/3704 1902/3787/3725 1903/3764/3702
f 1903/3764/3702 1902/3787/3725 1910/3788/3726
f 1903/3764/3702 1910/3788/3726 1911/3762/3700
f 1911/3762/3700 1910/3788/3726 1918/3789/3727
f 1911/3762/3700 1918/3789/3727 1919/3760/3698
f 1919/3760/3698 1918/3789/3727 1926/3790/3728
f 1919/3760/3698 1926/3790/3728 1927/3758/3696
f 1927/3758/3696 1926/3790/3728 1503/3756/3694
f 1854/3786/3724 1855/3791/3729 1902/3787/3725
f 1902/3787/3725 1855/3791/3729 1909/3792/3730
f 1902/3787/3725 1909/3792/3730 1910/3788/3726
f 1910/3788/3726 1909/3792/3730 1917/3793/3731
f 1910/3788/3726 1917/3793/3731 1918/3789/3727
f 1918/3789/3727 1917/3793/3731 1925/3794/3732
f 1918/3789/3727 1925/3794/3732 1926/3790/3728
f 1926/3790/3728 1925/3794/3732 1859/3795/3733
f 1926/3790/3728 1859/3795/3733 1503/3756/3694
f 1855/3791/3729 1856/3796/3734 1909/3792/3730
f 1909/3792/3730 1856/3796/3734 1916/3797/3735
f 1909/3792/3730 1916/3797/3735 1917/3793/3731
f 1917/3793/3731 1916/3797/3735 1924/3798/3736
f 1917/3793/3731 1924/3798/3736 1925/3794/3732
f 1925/3794/3732 1924/3798/3736 1859/3795/3733
f 1856/3796/3734 1857/3799/3737 1916/3797/3735
f 1916/3797/3735 1857/3799/3737 1923/3800/3738
f 1916/3797/3735 1923/3800/3738 1924/3798/3736
f 1924/3798/3736 1923/3800/3738 1859/3795/3733
f 1857/3799/3737 1858/3801/3739 1923/3800/3738
f 1923/3800/3738 1858/3801/3739 1859/3795/3733
f 1495/3741/3679 1494/3802/3740 1873/3739/3677
f 1873/3739/3677 1494/3802/3740 1866/3803/3741
f 1873/3739/3677 1866/3803/3741 1865/3737/3675
f 1865/3737/3675 1866/3803/3741 1492/3735/3673
f 1494/3802/3740 1493/3804/3742 1866/3803/3741
f 1866/3803/3741 1493/3804/3742 1492/3735/3673
f 1863/3734/3672 1848/3733/3671 1862/3778/3716
f 1861/3777/3715 1860/3776/3714 1868/3805/3743
f 1868/3805/3743 1860/3776/3714 1867/3774/3712
f 1868/3805/3743 1867/3774/3712 1875/3806/3744
f 1875/3806/3744 1867/3774/3712 1874/3772/3710
f 1875/3806/3744 1874/3772/3710 1882/3807/3745
f 1882/3807/3745 1874/3772/3710 1881/3770/3708
f 1882/3807/3745 1881/3770/3708 1889/3808/3746
f 1889/3808/3746 1881/3770/3708 1888/3767/3705
f 1889/3808/3746 1888/3767/3705 1896/3765/3703
f 1862/3778/3716 1870/3780/3718 1863/3734/3672
f 1863/3734/3672 1870/3780/3718 1871/3809/3747
f 1863/3734/3672 1871/3809/3747 1864/3736/3674
f 1864/3736/3674 1871/3809/3747 1872/3738/3676
f 1861/3777/3715 1868/3805/3743 1869/3779/3717
f 1869/3779/3717 1868/3805/3743 1876/3810/3748
f 1869/3779/3717 1876/3810/3748 1877/3781/3719
f 1877/3781/3719 1876/3810/3748 1884/3811/3749
f 1877/3781/3719 1884/3811/3749 1885/3783/3721
f 1885/3783/3721 1884/3811/3749 1892/3812/3750
f 1885/3783/3721 1892/3812/3750 1893/3785/3723
f 1893/3785/3723 1892/3812/3750 1900/3813/3751
f 1893/3785/3723 1900/3813/3751 1901/3747/3685
f 1901/3747/3685 1900/3813/3751 1908/3749/3687
f 1876/3810/3748 1868/3805/3743 1875/3806/3744
f 1870/3780/3718 1878/3782/3720 1871/3809/3747
f 1871/3809/3747 1878/3782/3720 1879/3814/3752
f 1871/3809/3747 1879/3814/3752 1872/3738/3676
f 1872/3738/3676 1879/3814/3752 1880/3740/3678
f 1876/3810/3748 1875/3806/3744 1883/3815/3753
f 1883/3815/3753 1875/3806/3744 1882/3807/3745
f 1883/3815/3753 1882/3807/3745 1890/3816/3754
f 1890/3816/3754 1882/3807/3745 1889/3808/3746
f 1890/3816/3754 1889/3808/3746 1897/3817/3755
f 1897/3817/3755 1889/3808/3746 1896/3765/3703
f 1897/3817/3755 1896/3765/3703 1904/3763/3701
f 1887/3743/3681 1880/3740/3678 1879/3814/3752
f 1887/3743/3681 1879/3814/3752 1886/3784/3722
f 1886/3784/3722 1879/3814/3752 1878/3782/3720
f 1876/3810/3748 1883/3815/3753 1884/3811/3749
f 1884/3811/3749 1883/3815/3753 1891/3818/3756
f 1884/3811/3749 1891/3818/3756 1892/3812/3750
f 1892/3812/3750 1891/3818/3756 1899/3819/3757
f 1892/3812/3750 1899/3819/3757 1900/3813/3751
f 1900/3813/3751 1899/3819/3757 1907/3820/3758
f 1900/3813/3751 1907/3820/3758 1908/3749/3687
f 1908/3749/3687 1907/3820/3758 1915/3751/3689
f 1891/3818/3756 1883/3815/3753 1890/3816/3754
f 1894/3745/3683 1887/3743/3681 1886/3784/3722
f 1891/3818/3756 1890/3816/3754 1898/3821/3759
f 1898/3821/3759 1890/3816/3754 1897/3817/3755
f 1898/3821/3759 1897/3817/3755 1905/3822/3760
f 1905/3822/3760 1897/3817/3755 1904/3763/3701
f 1905/3822/3760 1904/3763/3701 1912/3761/3699
f 1891/3818/3756 1898/3821/3759 1899/3819/3757
f 1899/3819/3757 1898/3821/3759 1906/3823/3761
f 1899/3819/3757 1906/3823/3761 1907/3820/3758
f 1907/3820/3758 1906/3823/3761 1914/3824/3762
f 1907/3820/3758 1914/3824/3762 1915/3751/3689
f 1915/3751/3689 1914/3824/3762 1922/3753/3691
f 1906/3823/3761 1898/3821/3759 1905/3822/3760
f 1906/3823/3761 1905/3822/3760 1913/3825/3763
f 1913/3825/3763 1905/3822/3760 1912/3761/3699
f 1913/3825/3763 1912/3761/3699 1920/3759/3697
f 1906/3823/3761 1913/3825/3763 1914/3824/3762
f 1914/3824/3762 1913/3825/3763 1921/3826/3764
f 1914/3824/3762 1921/3826/3764 1922/3753/3691
f 1922/3753/3691 1921/3826/3764 1929/3755/3693
f 1921/3826/3764 1913/3825/3763 1920/3759/3697
f 1929/3755/3693 1921/3826/3764 1928/3757/3695
f 1928/3757/3695 1921/3826/3764 1920/3759/3697
f 1492/3827/3673 1491/3828/3765 1848/3829/3671
f 1848/3829/3671 1491/3828/3765 1930/3830/3766
f 1952/3831/3767 1931/3832/3768 1951/3833/3769
f 1951/3833/3769 1931/3832/3768 1932/3834/3770
f 1951/3833/3769 1932/3834/3770 1950/3835/3771
f 1950/3835/3771 1932/3834/3770 1933/3836/3772
f 1950/3835/3771 1933/3836/3772 1949/3837/3773
f 1949/3837/3773 1933/3836/3772 1934/3838/3774
f 1949/3837/3773 1934/3838/3774 1948/3839/3775
f 1948/3839/3775 1934/3838/3774 1935/3840/3776
f 1948/3839/3775 1935/3840/3776 1947/3841/3777
f 1947/3841/3777 1935/3840/3776 1936/3842/3778
f 1947/3841/3777 1936/3842/3778 1946/3843/3779
f 1946/3843/3779 1936/3842/3778 1937/3844/3780
f 1946/3843/3779 1937/3844/3780 1945/3845/3781
f 1945/3845/3781 1937/3844/3780 1938/3846/3782
f 1945/3845/3781 1938/3846/3782 1944/3847/3783
f 1944/3847/3783 1938/3846/3782 1939/3848/3784
f 1944/3847/3783 1939/3848/3784 1943/3849/3785
f 1943/3849/3785 1939/3848/3784 1940/3850/3786
f 1943/3849/3785 1940/3850/3786 1942/3851/3787
f 1942/3851/3787 1940/3850/3786 1941/3852/3788
f 1931/3853/3768 1952/3854/3767 1984/3855/3789
f 1984/3855/3789 1952/3854/3767 1953/3856/3790
f 1984/3855/3789 1953/3856/3790 1983/3857/3791
f 1983/3857/3791 1953/3856/3790 1954/3858/3792
f 1983/3857/3791 1954/3858/3792 1982/3859/3793
f 1982/3859/3793 1954/3858/3792 1955/3860/3794
f 1982/3859/3793 1955/3860/3794 1981/3861/3795
f 1981/3861/3795 1955/3860/3794 1956/3862/3796
f 1981/3861/3795 1956/3862/3796 1980/3863/3797
f 1980/3863/3797 1956/3862/3796 1957/3864/3798
f 1980/3863/3797 1957/3864/3798 1979/3865/3799
f 1979/3865/3799 1957/3864/3798 1958/3866/3800
f 1979/3865/3799 1958/3866/3800 1978/3867/3801
f 1978/3867/3801 1958/3866/3800 1959/3868/3802
f 1978/3867/3801 1959/3868/3802 1977/3869/3803
f 1977/3869/3803 1959/3868/3802 1960/3870/3804
f 1977/3869/3803 1960/3870/3804 1976/3871/3805
f 1976/3871/3805 1960/3870/3804 1961/3872/3806
f 1976/3871/3805 1961/3872/3806 1975/3873/3807
f 1975/3873/3807 1961/3872/3806 1962/3874/3808
f 1975/3873/3807 1962/3874/3808 1974/3875/3809
f 1974/3875/3809 1962/3874/3808 1963/3876/3810
f 1974/3875/3809 1963/3876/3810 1973/3877/3811
f 1973/3877/3811 1963/3876/3810 1964/3878/3812
f 1973/3877/3811 1964/3878/3812 1972/3879/3813
f 1972/3879/3813 1964/3878/3812 1965/3880/3814
f 1972/3879/3813 1965/3880/3814 1971/3881/3815
f 1971/3881/3815 1965/3880/3814 1966/3882/3816
f 1971/3881/3815 1966/3882/3816 1970/3883/3817
f 1970/3883/3817 1966/3882/3816 1967/3884/3818
f 1970/3883/3817 1967/3884/3818 1969/3885/3819
f 1969/3885/3819 1967/3884/3818 1968/3886/3820
f 2004/3887/3821 1985/3888/3822 2003/3889/3823
f 2003/3889/3823 1985/3888/3822 1986/3890/3824
f 2003/3889/3823 1986/3890/3824 2002/3891/3825
f 2002/3891/3825 1986/3890/3824 1987/3892/3826
f 2002/3891/3825 1987/3892/3826 2001/3893/3827
f 2001/3893/3827 1987/3892/3826 1988/3894/3828
f 2001/3893/3827 1988/3894/3828 2000/3895/3829
f 2000/3895/3829 1988/3894/3828 1989/3896/3830
f 2000/3895/3829 1989/3896/3830 1999/3897/3831
f 1999/3897/3831 1989/3896/3830 1990/3898/3832
f 1999/3897/3831 1990/3898/3832 1998/3899/3833
f 1998/3899/3833 1990/3898/3832 1991/3900/3834
f 1998/3899/3833 1991/3900/3834 1997/3901/3835
f 1997/3901/3835 1991/3900/3834 1992/3902/3836
f 1997/3901/3835 1992/3902/3836 1996/3903/3837
f 1996/3903/3837 1992/3902/3836 1993/3904/3838
f 1996/3903/3837 1993/3904/3838 1995/3905/3839
f 1995/3905/3839 1993/3904/3838 1994/3906/3840
f 2005/3907/3841 2019/3908/3842 1680/3909/3843
f 1680/3909/3843 2019/3908/3842 2020/3910/3844
f 1680/3909/3843 2020/3910/3844 2021/3911/3845
f 2021/3911/3845 2020/3910/3844 2029/3912/3846
f 2021/3911/3845 2029/3912/3846 2030/3913/3847
f 2030/3913/3847 2029/3912/3846 2038/3914/3848
f 2030/3913/3847 2038/3914/3848 1683/3915/3849
f 1683/3915/3849 2038/3914/3848 1684/3916/3850
f 1684/3916/3850 2038/3914/3848 2046/3917/3851
f 1684/3916/3850 2046/3917/3851 1685/3918/3852
f 1685/3918/3852 2046/3917/3851 2054/3919/3853
f 1685/3918/3852 2054/3919/3853 1686/3920/3854
f 1686/3920/3854 2054/3919/3853 2062/3921/3855
f 1686/3920/3854 2062/3921/3855 1687/3922/3856
f 1687/3922/3856 2062/3921/3855 2070/3923/3857
f 1687/3922/3856 2070/3923/3857 1688/3924/3858
f 1688/3924/3858 2070/3923/3857 2078/3925/3859
f 1688/3924/3858 2078/3925/3859 1689/3926/3860
f 1689/3926/3860 2078/3925/3859 2077/3927/3861
f 1689/3926/3860 2077/3927/3861 2076/3928/3862
f 2076/3928/3862 2077/3927/3861 2068/3929/3863
f 2076/3928/3862 2068/3929/3863 2067/3930/3864
f 2067/3930/3864 2068/3929/3863 2059/3931/3865
f 2067/3930/3864 2059/3931/3865 2058/3932/3866
f 2058/3932/3866 2059/3931/3865 2050/3933/3867
f 2058/3932/3866 2050/3933/3867 2049/3934/3868
f 2049/3934/3868 2050/3933/3867 2041/3935/3869
f 2049/3934/3868 2041/3935/3869 2040/3936/3870
f 2040/3936/3870 2041/3935/3869 2032/3937/3871
f 2040/3936/3870 2032/3937/3871 2031/3938/3872
f 2031/3938/3872 2032/3937/3871 2023/3939/3873
f 2031/3938/3872 2023/3939/3873 2007/3940/3874
f 2007/3940/3874 2023/3939/3873 2006/3941/3875
f 2006/3941/3875 2023/3939/3873 2015/3942/3876
f 2006/3941/3875 2015/3942/3876 2005/3907/3841
f 2005/3907/3841 2015/3942/3876 2016/3943/3877
f 2005/3907/3841 2016/3943/3877 2017/3944/3878
f 2017/3944/3878 2016/3943/3877 2025/3945/3879
f 2017/3944/3878 2025/3945/3879 2026/3946/3880
f 2026/3946/3880 2025/3945/3879 2034/3947/3881
f 2026/3946/3880 2034/3947/3881 2035/3948/3882
f 2035/3948/3882 2034/3947/3881 2043/3949/3883
f 2035/3948/3882 2043/3949/3883 2044/3950/3884
f 2044/3950/3884 2043/3949/3883 2052/3951/3885
f 2044/3950/3884 2052/3951/3885 2053/3952/3886
f 2053/3952/3886 2052/3951/3885 2061/3953/3887
f 2053/3952/3886 2061/3953/3887 2062/3921/3855
f 2062/3921/3855 2061/3953/3887 2070/3923/3857
f 2007/3940/3874 2008/3954/3888 2031/3938/3872
f 2031/3938/3872 2008/3954/3888 2039/3955/3889
f 2031/3938/3872 2039/3955/3889 2040/3936/3870
f 2040/3936/3870 2039/3955/3889 2048/3956/3890
f 2040/3936/3870 2048/3956/3890 2049/3934/3868
f 2049/3934/3868 2048/3956/3890 2057/3957/3891
f 2049/3934/3868 2057/3957/3891 2058/3932/3866
f 2058/3932/3866 2057/3957/3891 2066/3958/3892
f 2058/3932/3866 2066/3958/3892 2067/3930/3864
f 2067/3930/3864 2066/3958/3892 2075/3959/3893
f 2067/3930/3864 2075/3959/3893 2076/3928/3862
f 2076/3928/3862 2075/3959/3893 1689/3926/3860
f 2008/3954/3888 2009/3960/3894 2039/3955/3889
f 2039/3955/3889 2009/3960/3894 2047/3961/3895
f 2039/3955/3889 2047/3961/3895 2048/3956/3890
f 2048/3956/3890 2047/3961/3895 2056/3962/3896
f 2048/3956/3890 2056/3962/3896 2057/3957/3891
f 2057/3957/3891 2056/3962/3896 2065/3963/3897
f 2057/3957/3891 2065/3963/3897 2066/3958/3892
f 2066/3958/3892 2065/3963/3897 2074/3964/3898
f 2066/3958/3892 2074/3964/3898 2075/3959/3893
f 2075/3959/3893 2074/3964/3898 1689/3926/3860
f 2009/3960/3894 2010/3965/3899 2047/3961/3895
f 2047/3961/3895 2010/3965/3899 2055/3966/3900
f 2047/3961/3895 2055/3966/3900 2056/3962/3896
f 2056/3962/3896 2055/3966/3900 2064/3967/3901
f 2056/3962/3896 2064/3967/3901 2065/3963/3897
f 2065/3963/3897 2064/3967/3901 2073/3968/3902
f 2065/3963/3897 2073/3968/3902 2074/3964/3898
f 2074/3964/3898 2073/3968/3902 2014/3969/3903
f 2074/3964/3898 2014/3969/3903 1689/3926/3860
f 2010/3965/3899 2011/3970/3904 2055/3966/3900
f 2055/3966/3900 2011/3970/3904 2063/3971/3905
f 2055/3966/3900 2063/3971/3905 2064/3967/3901
f 2064/3967/3901 2063/3971/3905 2072/3972/3906
f 2064/3967/3901 2072/3972/3906 2073/3968/3902
f 2073/3968/3902 2072/3972/3906 2014/3969/3903
f 2011/3970/3904 2012/3973/3907 2063/3971/3905
f 2063/3971/3905 2012/3973/3907 2071/3974/3908
f 2063/3971/3905 2071/3974/3908 2072/3972/3906
f 2072/3972/3906 2071/3974/3908 2014/3969/3903
f 2012/3973/3907 2013/3975/3909 2071/3974/3908
f 2071/3974/3908 2013/3975/3909 2014/3969/3903
f 1683/3915/3849 1682/3976/3910 2030/3913/3847
f 2030/3913/3847 1682/3976/3910 2022/3977/3911
f 2030/3913/3847 2022/3977/3911 2021/3911/3845
f 2021/3911/3845 2022/3977/3911 1680/3909/3843
f 1682/3976/3910 1681/3978/3912 2022/3977/3911
f 2022/3977/3911 1681/3978/3912 1680/3909/3843
f 2016/3943/3877 2015/3942/3876 2024/3979/3913
f 2024/3979/3913 2015/3942/3876 2023/3939/3873
f 2024/3979/3913 2023/3939/3873 2032/3937/3871
f 2019/3908/3842 2005/3907/3841 2018/3980/3914
f 2018/3980/3914 2005/3907/3841 2017/3944/3878
f 2018/3980/3914 2017/3944/3878 2026/3946/3880
f 2019/3908/3842 2018/3980/3914 2027/3981/3915
f 2027/3981/3915 2018/3980/3914 2026/3946/3880
f 2027/3981/3915 2026/3946/3880 2035/3948/3882
f 2020/3910/3844 2019/3908/3842 2028/3982/3916
f 2028/3982/3916 2019/3908/3842 2027/3981/3915
f 2028/3982/3916 2027/3981/3915 2036/3983/3917
f 2036/3983/3917 2027/3981/3915 2035/3948/3882
f 2036/3983/3917 2035/3948/3882 2044/3950/3884
f 2016/3943/3877 2024/3979/3913 2025/3945/3879
f 2025/3945/3879 2024/3979/3913 2033/3984/3918
f 2025/3945/3879 2033/3984/3918 2034/3947/3881
f 2034/3947/3881 2033/3984/3918 2042/3985/3919
f 2034/3947/3881 2042/3985/3919 2043/3949/3883
f 2043/3949/3883 2042/3985/3919 2051/3986/3920
f 2043/3949/3883 2051/3986/3920 2052/3951/3885
f 2052/3951/3885 2051/3986/3920 2060/3987/3921
f 2052/3951/3885 2060/3987/3921 2061/3953/3887
f 2061/3953/3887 2060/3987/3921 2069/3988/3922
f 2061/3953/3887 2069/3988/3922 2070/3923/3857
f 2070/3923/3857 2069/3988/3922 2078/3925/3859
f 2033/3984/3918 2024/3979/3913 2032/3937/3871
f 2020/3910/3844 2028/3982/3916 2029/3912/3846
f 2029/3912/3846 2028/3982/3916 2037/3989/3923
f 2029/3912/3846 2037/3989/3923 2038/3914/3848
f 2038/3914/3848 2037/3989/3923 2046/3917/3851
f 2037/3989/3923 2028/3982/3916 2036/3983/3917
f 2042/3985/3919 2033/3984/3918 2041/3935/3869
f 2041/3935/3869 2033/3984/3918 2032/3937/3871
f 2037/3989/3923 2036/3983/3917 2045/3990/3924
f 2045/3990/3924 2036/3983/3917 2044/3950/3884
f 2045/3990/3924 2044/3950/3884 2053/3952/3886
f 2051/3986/3920 2042/3985/3919 2050/3933/3867
f 2050/3933/3867 2042/3985/3919 2041/3935/3869
f 2054/3919/3853 2046/3917/3851 2045/3990/3924
f 2045/3990/3924 2046/3917/3851 2037/3989/3923
f 2054/3919/3853 2045/3990/3924 2053/3952/3886
f 2060/3987/3921 2051/3986/3920 2059/3931/3865
f 2059/3931/3865 2051/3986/3920 2050/3933/3867
f 2062/3921/3855 2054/3919/3853 2053/3952/3886
f 2069/3988/3922 2060/3987/3921 2068/3929/3863
f 2068/3929/3863 2060/3987/3921 2059/3931/3865
f 2078/3925/3859 2069/3988/3922 2077/3927/3861
f 2077/3927/3861 2069/3988/3922 2068/3929/3863
f 1941/3991/3788 2005/3992/3841 1942/3993/3787
f 1942/3993/3787 2005/3992/3841 1385/3994/2744
f 1942/3993/3787 1385/3994/2744 1815/3995/3925
f 1941/3991/3788 2079/3996/3926 2005/3992/3841
f 2005/3992/3841 2079/3996/3926 2080/3997/3927
f 2005/3992/3841 1680/3998/3843 1385/3994/2744
f 1385/3994/2744 1680/3998/3843 1364/3999/2745
f 1364/3999/2745 1680/3998/3843 1847/4000/3928
f 1847/4000/3928 1680/3998/3843 1679/4001/3929
f 1815/3995/3925 2081/4002/3930 1942/3993/3787
f 2103/4003/3931 2082/4004/3932 2102/4005/3933
f 2102/4005/3933 2082/4004/3932 2083/4006/3934
f 2102/4005/3933 2083/4006/3934 2101/4007/3935
f 2101/4007/3935 2083/4006/3934 2084/4008/3936
f 2101/4007/3935 2084/4008/3936 2100/4009/3937
f 2100/4009/3937 2084/4008/3936 2085/4010/3938
f 2100/4009/3937 2085/4010/3938 2099/4011/3939
f 2099/4011/3939 2085/4010/3938 2086/4012/3940
f 2099/4011/3939 2086/4012/3940 2098/4013/3941
f 2098/4013/3941 2086/4012/3940 2087/4014/3942
f 2098/4013/3941 2087/4014/3942 2097/4015/3943
f 2097/4015/3943 2087/4014/3942 2088/4016/3944
f 2097/4015/3943 2088/4016/3944 2096/4017/3945
f 2096/4017/3945 2088/4016/3944 2089/4018/3946
f 2096/4017/3945 2089/4018/3946 2095/4019/3947
f 2095/4019/3947 2089/4018/3946 2090/4020/3948
f 2095/4019/3947 2090/4020/3948 2094/4021/3949
f 2094/4021/3949 2090/4020/3948 2091/4022/3950
f 2094/4021/3949 2091/4022/3950 2093/4023/3951
f 2093/4023/3951 2091/4022/3950 2092/4024/3952
f 2093/4025/3951 2092/4026/3952 2121/4027/3953
f 2121/4027/3953 2092/4026/3952 2104/4028/3954
f 2121/4027/3953 2104/4028/3954 2120/4029/3955
f 2120/4029/3955 2104/4028/3954 2105/4030/3956
f 2120/4029/3955 2105/4030/3956 2119/4031/3957
f 2119/4031/3957 2105/4030/3956 2106/4032/3958
f 2119/4031/3957 2106/4032/3958 2118/4033/3959
f 2118/4033/3959 2106/4032/3958 2107/4034/3960
f 2118/4033/3959 2107/4034/3960 2117/4035/3961
f 2117/4035/3961 2107/4034/3960 2108/4036/3962
f 2117/4035/3961 2108/4036/3962 2116/4037/3963
f 2116/4037/3963 2108/4036/3962 2109/4038/3964
f 2116/4037/3963 2109/4038/3964 2115/4039/3965
f 2115/4039/3965 2109/4038/3964 2110/4040/3966
f 2115/4039/3965 2110/4040/3966 2114/4041/3967
f 2114/4041/3967 2110/4040/3966 2111/4042/3968
f 2114/4041/3967 2111/4042/3968 2113/4043/3969
f 2113/4043/3969 2111/4042/3968 2112/4044/3970
f 2091/4045/3971 2122/4046/3972 2092/4047/3973
f 2092/4047/3973 2122/4046/3972 2123/4048/3974
f 2092/4047/3973 2123/4048/3974 2104/4049/3975
f 2104/4049/3975 2123/4048/3974 2105/4050/3976
f 2105/4050/3976 2123/4048/3974 2106/4051/3977
f 2106/4051/3977 2123/4048/3974 2124/4052/3978
f 2106/4051/3977 2124/4052/3978 2107/4053/3979
f 2107/4053/3979 2124/4052/3978 2108/4054/3980
f 2108/4054/3980 2124/4052/3978 2109/4055/3981
f 2109/4055/3981 2124/4052/3978 2169/4056/3982
f 2109/4055/3981 2169/4056/3982 2110/4057/3983
f 2110/4057/3983 2169/4056/3982 2170/4058/3984
f 2110/4057/3983 2170/4058/3984 2111/4059/3985
f 2111/4059/3985 2170/4058/3984 2112/4060/3986
f 2091/4045/3971 2090/4061/3987 2122/4046/3972
f 2122/4046/3972 2090/4061/3987 2089/4062/3988
f 2122/4046/3972 2089/4062/3988 2088/4063/3989
f 2088/4063/3989 2087/4064/3990 2122/4046/3972
f 2122/4046/3972 2087/4064/3990 2082/4065/3991
f 2082/4065/3991 2087/4064/3990 2086/4066/3992
f 2082/4065/3991 2086/4066/3992 2085/4067/3993
f 2085/4067/3993 2084/4068/3994 2082/4065/3991
f 2082/4065/3991 2084/4068/3994 2083/4069/3995
f 2125/4070/3996 2126/4071/3997 2124/4052/3978
f 2124/4052/3978 2126/4071/3997 2132/4072/3998
f 2124/4052/3978 2132/4072/3998 2133/4073/3999
f 2127/4074/4000 2128/4075/4001 2126/4071/3997
f 2126/4071/3997 2128/4075/4001 2129/4076/4002
f 2126/4071/3997 2129/4076/4002 2130/4077/4003
f 2130/4077/4003 2131/4078/4004 2126/4071/3997
f 2126/4071/3997 2131/4078/4004 2132/4072/3998
f 2133/4073/3999 2134/4079/4005 2124/4052/3978
f 2124/4052/3978 2134/4079/4005 2135/4080/4006
f 2124/4052/3978 2135/4080/4006 2136/4081/4007
f 2136/4081/4007 2137/4082/4008 2124/4052/3978
f 2124/4052/3978 2137/4082/4008 2138/4083/4009
f 2124/4052/3978 2138/4083/4009 2166/4084/4010
f 2166/4084/4010 2138/4083/4009 2139/4085/4011
f 2166/4084/4010 2139/4085/4011 2165/4086/4012
f 2165/4086/4012 2139/4085/4011 2140/4087/4013
f 2165/4086/4012 2140/4087/4013 2141/4088/4014
f 2142/4089/4015 2147/4090/4016 2141/4088/4014
f 2141/4088/4014 2147/4090/4016 2148/4091/4017
f 2141/4088/4014 2148/4091/4017 2149/4092/4018
f 2143/4093/4019 2144/4094/4020 2142/4089/4015
f 2142/4089/4015 2144/4094/4020 2145/4095/4021
f 2142/4089/4015 2145/4095/4021 2146/4096/4022
f 2146/4096/4022 2147/4090/4016 2142/4089/4015
f 2149/4092/4018 2150/4097/4023 2141/4088/4014
f 2141/4088/4014 2150/4097/4023 2151/4098/4024
f 2141/4088/4014 2151/4098/4024 2152/4099/4025
f 2153/4100/4026 1849/4101/4027 2152/4099/4025
f 2152/4099/4025 1849/4101/4027 1848/4102/4028
f 2152/4099/4025 1848/4102/4028 2141/4088/4014
f 2141/4088/4014 1848/4102/4028 2163/4103/4029
f 2141/4088/4014 2163/4103/4029 2164/4104/4030
f 1849/4101/4027 2153/4100/4026 1850/4105/4031
f 1850/4105/4031 2153/4100/4026 2154/4106/4032
f 1850/4105/4031 2154/4106/4032 1851/4107/4033
f 1851/4107/4033 2154/4106/4032 1852/4108/4034
f 1852/4108/4034 2154/4106/4032 2155/4109/4035
f 1852/4108/4034 2155/4109/4035 1853/4110/4036
f 1853/4110/4036 2155/4109/4035 1854/4111/4037
f 1854/4111/4037 2155/4109/4035 2156/4112/4038
f 1854/4111/4037 2156/4112/4038 1855/4113/4039
f 1855/4113/4039 2156/4112/4038 1856/4114/4040
f 1856/4114/4040 2156/4112/4038 2157/4115/4041
f 1856/4114/4040 2157/4115/4041 1857/4116/4042
f 1857/4116/4042 2157/4115/4041 1858/4117/4043
f 1858/4117/4043 2157/4115/4041 1859/4118/4044
f 1930/4119/4045 2158/4120/4046 1848/4102/4028
f 1848/4102/4028 2158/4120/4046 2159/4121/4047
f 1848/4102/4028 2159/4121/4047 2160/4122/4048
f 2160/4122/4048 2161/4123/4049 1848/4102/4028
f 1848/4102/4028 2161/4123/4049 2162/4124/4050
f 1848/4102/4028 2162/4124/4050 2163/4103/4029
f 2164/4104/4030 2165/4086/4012 2141/4088/4014
f 2166/4084/4010 2167/4125/4051 2124/4052/3978
f 2124/4052/3978 2167/4125/4051 2168/4126/4052
f 2124/4052/3978 2168/4126/4052 2169/4056/3982
f 2203/4127/4053 2171/4128/4054 2192/4129/4055
f 2192/4129/4055 2171/4128/4054 2172/4130/4056
f 2192/4129/4055 2172/4130/4056 2173/4131/4057
f 2173/4131/4057 2174/4132/4058 2192/4129/4055
f 2192/4129/4055 2174/4132/4058 2175/4133/4059
f 2192/4129/4055 2175/4133/4059 2176/4134/4060
f 2176/4134/4060 2177/4135/4061 2192/4129/4055
f 2192/4129/4055 2177/4135/4061 2178/4136/4062
f 2192/4129/4055 2178/4136/4062 2179/4137/4063
f 2179/4137/4063 2180/4138/4064 2192/4129/4055
f 2192/4129/4055 2180/4138/4064 2181/4139/4065
f 2192/4129/4055 2181/4139/4065 2182/4140/4066
f 2182/4140/4066 2183/4141/4067 2192/4129/4055
f 2192/4129/4055 2183/4141/4067 2191/4142/4068
f 2191/4142/4068 2183/4141/4067 2184/4143/4069
f 2191/4142/4068 2184/4143/4069 2190/4144/4070
f 2190/4144/4070 2184/4143/4069 2185/4145/4071
f 2190/4144/4070 2185/4145/4071 2189/4146/4072
f 2189/4146/4072 2185/4145/4071 2186/4147/4073
f 2189/4146/4072 2186/4147/4073 2188/4148/4074
f 2188/4148/4074 2186/4147/4073 2187/4149/4075
f 2193/4150/4076 2194/4151/4077 2192/4129/4055
f 2192/4129/4055 2194/4151/4077 2195/4152/4078
f 2192/4129/4055 2195/4152/4078 2196/4153/4079
f 2196/4153/4079 2197/4154/4080 2192/4129/4055
f 2192/4129/4055 2197/4154/4080 2198/4155/4081
f 2192/4129/4055 2198/4155/4081 2199/4156/4082
f 2199/4156/4082 2200/4157/4083 2192/4129/4055
f 2192/4129/4055 2200/4157/4083 2201/4158/4084
f 2192/4129/4055 2201/4158/4084 2202/4159/4085
f 2202/4159/4085 2203/4127/4053 2192/4129/4055
f 2205/4160/4086 2278/4161/4087 2204/4162/4088
f 2204/4162/4088 2278/4161/4087 2240/4163/4089
f 2204/4164/4088 2240/4165/4089 2241/4166/4090
f 2278/4161/4087 2205/4160/4086 2277/4167/4091
f 2277/4167/4091 2205/4160/4086 2206/4168/4092
f 2277/4167/4091 2206/4168/4092 2276/4169/4093
f 2276/4169/4093 2206/4168/4092 2207/4170/4094
f 2276/4169/4093 2207/4170/4094 2275/4171/4095
f 2275/4171/4095 2207/4170/4094 2208/4172/4096
f 2275/4171/4095 2208/4172/4096 2274/4173/4097
f 2274/4173/4097 2208/4172/4096 2209/4174/4098
f 2274/4173/4097 2209/4174/4098 2273/4175/4099
f 2273/4175/4099 2209/4174/4098 2210/4176/4100
f 2273/4175/4099 2210/4176/4100 2272/4177/4101
f 2272/4177/4101 2210/4176/4100 2211/4178/4102
f 2272/4177/4101 2211/4178/4102 2271/4179/4103
f 2271/4179/4103 2211/4178/4102 2212/4180/4104
f 2271/4179/4103 2212/4180/4104 2270/4181/4105
f 2270/4181/4105 2212/4180/4104 2213/4182/4106
f 2270/4181/4105 2213/4182/4106 2269/4183/4107
f 2269/4183/4107 2213/4182/4106 2214/4184/4108
f 2269/4183/4107 2214/4184/4108 2268/4185/4109
f 2268/4185/4109 2214/4184/4108 2215/4186/4110
f 2268/4185/4109 2215/4186/4110 2267/4187/4111
f 2267/4187/4111 2215/4186/4110 2216/4188/4112
f 2267/4187/4111 2216/4188/4112 2266/4189/4113
f 2266/4189/4113 2216/4188/4112 2265/4190/4114
f 2265/4190/4114 2216/4188/4112 2217/4191/4115
f 2265/4190/4114 2217/4191/4115 2264/4192/4116
f 2264/4192/4116 2217/4191/4115 2218/4193/4117
f 2264/4192/4116 2218/4193/4117 2263/4194/4118
f 2263/4194/4118 2218/4193/4117 2219/4195/4119
f 2263/4194/4118 2219/4195/4119 2262/4196/4120
f 2262/4196/4120 2219/4195/4119 2220/4197/4121
f 2262/4196/4120 2220/4197/4121 2261/4198/4122
f 2261/4198/4122 2220/4197/4121 2221/4199/4123
f 2261/4198/4122 2221/4199/4123 2260/4200/4124
f 2260/4200/4124 2221/4199/4123 2222/4201/4125
f 2260/4200/4124 2222/4201/4125 2259/4202/4126
f 2259/4202/4126 2222/4201/4125 2223/4203/4127
f 2259/4202/4126 2223/4203/4127 2258/4204/4128
f 2258/4204/4128 2223/4203/4127 2224/4205/4129
f 2258/4204/4128 2224/4205/4129 2257/4206/4130
f 2257/4206/4130 2224/4205/4129 2225/4207/4131
f 2257/4206/4130 2225/4207/4131 2256/4208/4132
f 2256/4208/4132 2225/4207/4131 2226/4209/4133
f 2256/4208/4132 2226/4209/4133 2255/4210/4134
f 2255/4210/4134 2226/4209/4133 2227/4211/4135
f 2255/4210/4134 2227/4211/4135 2254/4212/4136
f 2254/4212/4136 2227/4211/4135 2228/4213/4137
f 2254/4212/4136 2228/4213/4137 2253/4214/4138
f 2253/4214/4138 2228/4213/4137 2252/4215/4139
f 2252/4215/4139 2228/4213/4137 2229/4216/4140
f 2252/4215/4139 2229/4216/4140 2251/4217/4141
f 2251/4217/4141 2229/4216/4140 2230/4218/4142
f 2251/4217/4141 2230/4218/4142 2250/4219/4143
f 2250/4219/4143 2230/4218/4142 2231/4220/4144
f 2250/4219/4143 2231/4220/4144 2249/4221/4145
f 2249/4221/4145 2231/4220/4144 2232/4222/4146
f 2249/4221/4145 2232/4222/4146 2248/4223/4147
f 2248/4223/4147 2232/4222/4146 2233/4224/4148
f 2248/4223/4147 2233/4224/4148 2247/4225/4149
f 2247/4225/4149 2233/4224/4148 2234/4226/4150
f 2247/4225/4149 2234/4226/4150 2246/4227/4151
f 2246/4227/4151 2234/4226/4150 2235/4228/4152
f 2246/4227/4151 2235/4228/4152 2245/4229/4153
f 2245/4229/4153 2235/4228/4152 2236/4230/4154
f 2245/4229/4153 2236/4230/4154 2244/4231/4155
f 2244/4231/4155 2236/4230/4154 2237/4232/4156
f 2244/4231/4155 2237/4232/4156 2243/4233/4157
f 2243/4233/4157 2237/4232/4156 2238/4234/4158
f 2243/4233/4157 2238/4234/4158 2242/4235/4159
f 2242/4235/4159 2238/4234/4158 2239/4236/4160
f 2242/4235/4159 2239/4236/4160 2241/4166/4090
f 2241/4166/4090 2239/4236/4160 2204/4164/4088
f 2121/4237/4161 2253/4238/4162 2093/4239/4163
f 2093/4239/4163 2253/4238/4162 2252/4240/4164
f 2093/4239/4163 2252/4240/4164 2094/4241/4165
f 2094/4241/4165 2252/4240/4164 2095/4242/4166
f 2095/4242/4166 2252/4240/4164 2251/4243/4167
f 2095/4242/4166 2251/4243/4167 2323/4244/4168
f 2323/4244/4168 2251/4243/4167 2250/4245/4169
f 2323/4244/4168 2250/4245/4169 2322/4246/4170
f 2322/4246/4170 2250/4245/4169 2249/4247/4171
f 2322/4246/4170 2249/4247/4171 2321/4248/4172
f 2321/4248/4172 2249/4247/4171 2320/4249/4173
f 2320/4249/4173 2249/4247/4171 2248/4250/4174
f 2320/4249/4173 2248/4250/4174 2319/4251/4175
f 2319/4251/4175 2248/4250/4174 2318/4252/4176
f 2318/4252/4176 2248/4250/4174 2247/4253/4177
f 2318/4252/4176 2247/4253/4177 2317/4254/4178
f 2317/4254/4178 2247/4253/4177 2246/4255/4179
f 2317/4254/4178 2246/4255/4179 2316/4256/4180
f 2316/4256/4180 2246/4255/4179 2315/4257/4181
f 2315/4257/4181 2246/4255/4179 2245/4258/4182
f 2315/4257/4181 2245/4258/4182 2314/4259/4183
f 2314/4259/4183 2245/4258/4182 2313/4260/4184
f 2313/4260/4184 2245/4258/4182 2244/4261/4185
f 2313/4260/4184 2244/4261/4185 2312/4262/4186
f 2312/4262/4186 2244/4261/4185 2243/4263/4187
f 2312/4262/4186 2243/4263/4187 2311/4264/4188
f 2311/4264/4188 2243/4263/4187 2242/4265/4189
f 2311/4264/4188 2242/4265/4189 2310/4266/4190
f 2310/4266/4190 2242/4265/4189 2309/4267/4191
f 2309/4267/4191 2242/4265/4189 2241/4268/4192
f 2309/4267/4191 2241/4268/4192 2308/4269/4193
f 2308/4269/4193 2241/4268/4192 2240/4270/4194
f 2308/4269/4193 2240/4270/4194 2307/4271/4195
f 2307/4271/4195 2240/4270/4194 2278/4272/4196
f 2307/4271/4195 2278/4272/4196 2306/4273/4197
f 2306/4273/4197 2278/4272/4196 2277/4274/4198
f 2306/4273/4197 2277/4274/4198 2305/4275/4199
f 2305/4275/4199 2277/4274/4198 2304/4276/4200
f 2304/4276/4200 2277/4274/4198 2276/4277/4201
f 2304/4276/4200 2276/4277/4201 2303/4278/4202
f 2303/4278/4202 2276/4277/4201 2275/4279/4203
f 2303/4278/4202 2275/4279/4203 2302/4280/4204
f 2302/4280/4204 2275/4279/4203 2274/4281/4205
f 2302/4280/4204 2274/4281/4205 2301/4282/4206
f 2301/4282/4206 2274/4281/4205 2300/4283/4207
f 2300/4283/4207 2274/4281/4205 2273/4284/4208
f 2300/4283/4207 2273/4284/4208 2299/4285/4209
f 2299/4285/4209 2273/4284/4208 2298/4286/4210
f 2298/4286/4210 2273/4284/4208 2272/4287/4211
f 2298/4286/4210 2272/4287/4211 2297/4288/4212
f 2297/4288/4212 2272/4287/4211 2271/4289/4213
f 2297/4288/4212 2271/4289/4213 2296/4290/4214
f 2296/4290/4214 2271/4289/4213 2295/4291/4215
f 2295/4291/4215 2271/4289/4213 2270/4292/4216
f 2295/4291/4215 2270/4292/4216 2294/4293/4217
f 2294/4293/4217 2270/4292/4216 2293/4294/4218
f 2293/4294/4218 2270/4292/4216 2269/4295/4219
f 2293/4294/4218 2269/4295/4219 2080/4296/4220
f 2080/4296/4220 2269/4295/4219 2268/4297/4221
f 2080/4296/4220 2268/4297/4221 2267/4298/4222
f 2253/4238/4162 2121/4237/4161 2254/4299/4223
f 2254/4299/4223 2121/4237/4161 2120/4300/4224
f 2254/4299/4223 2120/4300/4224 2119/4301/4225
f 2254/4299/4223 2119/4301/4225 2255/4302/4226
f 2255/4302/4226 2119/4301/4225 2118/4303/4227
f 2255/4302/4226 2118/4303/4227 2256/4304/4228
f 2256/4304/4228 2118/4303/4227 2117/4305/4229
f 2256/4304/4228 2117/4305/4229 2116/4306/4230
f 2256/4304/4228 2116/4306/4230 2257/4307/4231
f 2257/4307/4231 2116/4306/4230 2115/4308/4232
f 2257/4307/4231 2115/4308/4232 2258/4309/4233
f 2258/4309/4233 2115/4308/4232 2114/4310/4234
f 2258/4309/4233 2114/4310/4234 2113/4311/4235
f 2279/4312/4236 2285/4313/4237 2113/4311/4235
f 2113/4311/4235 2285/4313/4237 2286/4314/4238
f 2113/4311/4235 2286/4314/4238 2287/4315/4239
f 2280/4316/4240 2281/4317/4241 2279/4312/4236
f 2279/4312/4236 2281/4317/4241 2282/4318/4242
f 2279/4312/4236 2282/4318/4242 2283/4319/4243
f 2283/4319/4243 2284/4320/4244 2279/4312/4236
f 2279/4312/4236 2284/4320/4244 2285/4313/4237
f 2287/4315/4239 2288/4321/4245 2113/4311/4235
f 2113/4311/4235 2288/4321/4245 2262/4322/4246
f 2113/4311/4235 2262/4322/4246 2261/4323/4247
f 2288/4321/4245 2289/4324/4248 2262/4322/4246
f 2262/4322/4246 2289/4324/4248 2263/4325/4249
f 2263/4325/4249 2289/4324/4248 2290/4326/4250
f 2263/4325/4249 2290/4326/4250 2291/4327/4251
f 2263/4325/4249 2291/4327/4251 2264/4328/4252
f 2264/4328/4252 2291/4327/4251 2292/4329/4253
f 2264/4328/4252 2292/4329/4253 2014/4330/4254
f 2264/4328/4252 2014/4330/4254 2265/4331/4255
f 2265/4331/4255 2014/4330/4254 2013/4332/4256
f 2265/4331/4255 2013/4332/4256 2266/4333/4257
f 2266/4333/4257 2013/4332/4256 2012/4334/4258
f 2266/4333/4257 2012/4334/4258 2080/4296/4220
f 2080/4296/4220 2012/4334/4258 2011/4335/4259
f 2080/4296/4220 2011/4335/4259 2010/4336/4260
f 2010/4336/4260 2009/4337/4261 2080/4296/4220
f 2080/4296/4220 2009/4337/4261 2008/4338/4262
f 2080/4296/4220 2008/4338/4262 2007/4339/4263
f 2007/4339/4263 2006/4340/4264 2080/4296/4220
f 2080/4296/4220 2006/4340/4264 2005/4341/4265
f 2103/4342/4266 2102/4343/4267 2323/4244/4168
f 2323/4244/4168 2102/4343/4267 2101/4344/4268
f 2323/4244/4168 2101/4344/4268 2100/4345/4269
f 2100/4345/4269 2099/4346/4270 2323/4244/4168
f 2323/4244/4168 2099/4346/4270 2098/4347/4271
f 2323/4244/4168 2098/4347/4271 2097/4348/4272
f 2097/4348/4272 2096/4349/4273 2323/4244/4168
f 2323/4244/4168 2096/4349/4273 2095/4242/4166
f 2267/4298/4222 2266/4333/4257 2080/4296/4220
f 2261/4323/4247 2260/4350/4274 2113/4311/4235
f 2113/4311/4235 2260/4350/4274 2259/4351/4275
f 2113/4311/4235 2259/4351/4275 2258/4309/4233
f 2325/4352/4276 2205/4353/4277 2324/4354/4278
f 2324/4354/4278 2205/4353/4277 2204/4355/4279
f 2324/4356/4278 2204/4357/4279 2359/4358/4280
f 2359/4358/4280 2204/4357/4279 2239/4359/4281
f 2359/4358/4280 2239/4359/4281 2358/4360/4282
f 2358/4360/4282 2239/4359/4281 2238/4361/4283
f 2358/4360/4282 2238/4361/4283 2357/4362/4284
f 2357/4362/4284 2238/4361/4283 2237/4363/4285
f 2357/4362/4284 2237/4363/4285 2356/4364/4286
f 2356/4364/4286 2237/4363/4285 2236/4365/4287
f 2356/4364/4286 2236/4365/4287 2355/4366/4288
f 2355/4366/4288 2236/4365/4287 2235/4367/4289
f 2355/4366/4288 2235/4367/4289 2354/4368/4290
f 2354/4368/4290 2235/4367/4289 2234/4369/4291
f 2354/4368/4290 2234/4369/4291 2353/4370/4292
f 2353/4370/4292 2234/4369/4291 2233/4371/4293
f 2353/4370/4292 2233/4371/4293 2352/4372/4294
f 2352/4372/4294 2233/4371/4293 2232/4373/4295
f 2352/4372/4294 2232/4373/4295 2351/4374/4296
f 2351/4374/4296 2232/4373/4295 2231/4375/4297
f 2351/4374/4296 2231/4375/4297 2350/4376/4298
f 2350/4376/4298 2231/4375/4297 2230/4377/4299
f 2350/4376/4298 2230/4377/4299 2349/4378/4300
f 2349/4378/4300 2230/4377/4299 2229/4379/4301
f 2349/4378/4300 2229/4379/4301 2348/4380/4302
f 2348/4380/4302 2229/4379/4301 2228/4381/4303
f 2348/4380/4302 2228/4381/4303 2347/4382/4304
f 2347/4382/4304 2228/4381/4303 2227/4383/4305
f 2347/4382/4304 2227/4383/4305 2346/4384/4306
f 2346/4384/4306 2227/4383/4305 2226/4385/4307
f 2346/4384/4306 2226/4385/4307 2345/4386/4308
f 2345/4386/4308 2226/4385/4307 2225/4387/4309
f 2345/4386/4308 2225/4387/4309 2344/4388/4310
f 2344/4388/4310 2225/4387/4309 2224/4389/4311
f 2344/4388/4310 2224/4389/4311 2343/4390/4312
f 2343/4390/4312 2224/4389/4311 2223/4391/4313
f 2343/4390/4312 2223/4391/4313 2342/4392/4314
f 2342/4392/4314 2223/4391/4313 2222/4393/4315
f 2342/4392/4314 2222/4393/4315 2341/4394/4316
f 2341/4394/4316 2222/4393/4315 2221/4395/4317
f 2341/4394/4316 2221/4395/4317 2340/4396/4318
f 2340/4396/4318 2221/4395/4317 2220/4397/4319
f 2340/4396/4318 2220/4397/4319 2339/4398/4320
f 2339/4398/4320 2220/4397/4319 2219/4399/4321
f 2339/4398/4320 2219/4399/4321 2338/4400/4322
f 2338/4400/4322 2219/4399/4321 2218/4401/4323
f 2338/4400/4322 2218/4401/4323 2337/4402/4324
f 2337/4402/4324 2218/4401/4323 2217/4403/4325
f 2337/4402/4324 2217/4403/4325 2336/4404/4326
f 2336/4404/4326 2217/4403/4325 2216/4405/4327
f 2336/4404/4326 2216/4405/4327 2335/4406/4328
f 2335/4406/4328 2216/4405/4327 2215/4407/4329
f 2335/4406/4328 2215/4407/4329 2334/4408/4330
f 2334/4408/4330 2215/4407/4329 2214/4409/4331
f 2334/4408/4330 2214/4409/4331 2333/4410/4332
f 2333/4410/4332 2214/4409/4331 2213/4411/4333
f 2333/4410/4332 2213/4411/4333 2332/4412/4334
f 2332/4412/4334 2213/4411/4333 2212/4413/4335
f 2332/4412/4334 2212/4413/4335 2331/4414/4336
f 2331/4414/4336 2212/4413/4335 2211/4415/4337
f 2331/4414/4336 2211/4415/4337 2330/4416/4338
f 2330/4416/4338 2211/4415/4337 2210/4417/4339
f 2330/4416/4338 2210/4417/4339 2329/4418/4340
f 2329/4418/4340 2210/4417/4339 2209/4419/4341
f 2329/4418/4340 2209/4419/4341 2328/4420/4342
f 2328/4420/4342 2209/4419/4341 2208/4421/4343
f 2328/4420/4342 2208/4421/4343 2327/4422/4344
f 2327/4422/4344 2208/4421/4343 2207/4423/4345
f 2327/4422/4344 2207/4423/4345 2326/4424/4346
f 2326/4424/4346 2207/4423/4345 2206/4425/4347
f 2326/4424/4346 2206/4425/4347 2325/4352/4276
f 2325/4352/4276 2206/4425/4347 2205/4353/4277
f 2186/4426/4348 2370/4427/4349 2187/4428/4350
f 2187/4428/4350 2370/4427/4349 2371/4429/4351
f 2187/4428/4350 2371/4429/4351 2399/4430/4352
f 2399/4430/4352 2371/4429/4351 2372/4431/4353
f 2399/4430/4352 2372/4431/4353 2398/4432/4354
f 2398/4432/4354 2372/4431/4353 2373/4433/4355
f 2398/4432/4354 2373/4433/4355 2397/4434/4356
f 2397/4434/4356 2373/4433/4355 2374/4435/4357
f 2397/4434/4356 2374/4435/4357 2396/4436/4358
f 2396/4436/4358 2374/4435/4357 2375/4437/4359
f 2396/4436/4358 2375/4437/4359 2395/4438/4360
f 2395/4439/4360 2375/4440/4359 2394/4441/4361
f 2394/4441/4361 2375/4440/4359 2376/4442/4362
f 2394/4441/4361 2376/4442/4362 2393/4443/4363
f 2393/4443/4363 2376/4442/4362 2377/4444/4364
f 2393/4443/4363 2377/4444/4364 2392/4445/4365
f 2392/4445/4365 2377/4444/4364 2378/4446/4366
f 2392/4445/4365 2378/4446/4366 2391/4447/4367
f 2391/4447/4367 2378/4446/4366 2379/4448/4368
f 2391/4447/4367 2379/4448/4368 2188/4449/4369
f 2188/4449/4369 2379/4448/4368 2380/4450/4370
f 2188/4449/4369 2380/4450/4370 2189/4451/4371
f 2189/4451/4371 2380/4450/4370 2381/4452/4372
f 2189/4451/4371 2381/4452/4372 2190/4453/4373
f 2190/4453/4373 2381/4452/4372 2382/4454/4374
f 2190/4453/4373 2382/4454/4374 2191/4455/4375
f 2191/4455/4375 2382/4454/4374 2192/4456/4376
f 2192/4456/4376 2382/4454/4374 2383/4457/4377
f 2192/4456/4376 2383/4457/4377 2193/4458/4378
f 2193/4458/4378 2383/4457/4377 2384/4459/4379
f 2193/4458/4378 2384/4459/4379 2194/4460/4380
f 2194/4460/4380 2384/4459/4379 2195/4461/4381
f 2195/4461/4381 2384/4459/4379 2385/4462/4382
f 2195/4461/4381 2385/4462/4382 2196/4463/4383
f 2196/4463/4383 2385/4462/4382 2386/4464/4384
f 2196/4463/4383 2386/4464/4384 2197/4465/4385
f 2197/4465/4385 2386/4464/4384 2198/4466/4386
f 2198/4466/4386 2386/4464/4384 2387/4467/4387
f 2198/4466/4386 2387/4467/4387 2199/4468/4388
f 2199/4468/4388 2387/4467/4387 2388/4469/4389
f 2199/4468/4388 2388/4469/4389 2200/4470/4390
f 2200/4470/4390 2388/4469/4389 2389/4471/4391
f 2200/4470/4390 2389/4471/4391 2201/4472/4392
f 2201/4472/4392 2389/4471/4391 2202/4473/4393
f 2202/4473/4393 2389/4471/4391 2390/4474/4394
f 2202/4473/4393 2390/4474/4394 2203/4475/4395
f 2203/4475/4395 2390/4474/4394 2171/4476/4396
f 2370/4427/4349 2186/4426/4348 2369/4477/4397
f 2369/4477/4397 2186/4426/4348 2185/4478/4398
f 2369/4477/4397 2185/4478/4398 2184/4479/4399
f 2369/4477/4397 2184/4479/4399 2368/4480/4400
f 2368/4480/4400 2184/4479/4399 2183/4481/4401
f 2368/4480/4400 2183/4481/4401 2367/4482/4402
f 2367/4482/4402 2183/4481/4401 2182/4483/4403
f 2367/4482/4402 2182/4483/4403 2366/4484/4404
f 2366/4484/4404 2182/4483/4403 2181/4485/4405
f 2366/4484/4404 2181/4485/4405 2180/4486/4406
f 2366/4484/4404 2180/4486/4406 2365/4487/4407
f 2365/4487/4407 2180/4486/4406 2179/4488/4408
f 2365/4487/4407 2179/4488/4408 2364/4489/4409
f 2364/4489/4409 2179/4488/4408 2178/4490/4410
f 2364/4489/4409 2178/4490/4410 2177/4491/4411
f 2364/4489/4409 2177/4491/4411 2363/4492/4412
f 2363/4492/4412 2177/4491/4411 2176/4493/4413
f 2363/4492/4412 2176/4493/4413 2362/4494/4414
f 2362/4494/4414 2176/4493/4413 2175/4495/4415
f 2362/4494/4414 2175/4495/4415 2174/4496/4416
f 2362/4494/4414 2174/4496/4416 2361/4497/4417
f 2361/4497/4417 2174/4496/4416 2173/4498/4418
f 2361/4497/4417 2173/4498/4418 2360/4499/4419
f 2360/4499/4419 2173/4498/4418 2172/4500/4420
f 2360/4499/4419 2172/4500/4420 2171/4476/4396
f 2188/4501/4421 2187/4502/4422 2391/4503/4423
f 2391/4503/4423 2187/4502/4422 2399/4504/4424
f 2391/4503/4423 2399/4504/4424 2392/4505/4425
f 2392/4505/4425 2399/4504/4424 2398/4506/4426
f 2392/4505/4425 2398/4506/4426 2393/4507/4427
f 2393/4507/4427 2398/4506/4426 2397/4508/4428
f 2393/4507/4427 2397/4508/4428 2394/4509/4429
f 2394/4509/4429 2397/4508/4428 2396/4510/4430
f 2394/4509/4429 2396/4510/4430 2395/4511/4431
f 2124/4512/4432 2123/4513/4433 1537/4514/4434
f 1537/4514/4434 2123/4513/4433 1538/4515/4435
f 1288/4516/4436 2125/4517/4437 1286/4518/4438
f 1286/4518/4438 2125/4517/4437 2124/4519/4439
f 1286/4518/4438 2124/4519/4439 1280/4520/4440
f 1280/4520/4440 2124/4519/4439 1537/4521/4441
f 1280/4520/4440 1537/4521/4441 1536/4522/4442
f 1536/4522/4442 1281/4523/4443 1280/4520/4440
f 1303/4524/4444 1539/4525/4445 1299/4526/4446
f 1299/4526/4446 1539/4525/4445 1538/4527/4447
f 1299/4526/4446 1538/4527/4447 2123/4528/4448
f 1299/4526/4446 2123/4528/4448 1300/4529/4449
f 1300/4529/4449 2123/4528/4448 2122/4530/4450
f 1300/4529/4449 2122/4530/4450 1305/4531/4451
f 2126/4532/4452 2400/4533/4453 2127/4534/4454
f 2127/4534/4454 2400/4533/4453 2401/4535/4455
f 2127/4534/4454 2401/4535/4455 2128/4536/4456
f 2128/4536/4456 2401/4535/4455 2402/4537/4457
f 2128/4536/4456 2402/4537/4457 2129/4538/4458
f 2129/4538/4458 2402/4537/4457 2403/4539/4459
f 2129/4538/4458 2403/4539/4459 2130/4540/4460
f 2130/4540/4460 2403/4539/4459 2404/4541/4461
f 2130/4540/4460 2404/4541/4461 2131/4542/4462
f 2131/4542/4462 2404/4541/4461 2405/4543/4463
f 2131/4542/4462 2405/4543/4463 2132/4544/4464
f 2132/4544/4464 2405/4543/4463 2406/4545/4465
f 2132/4544/4464 2406/4545/4465 2133/4546/4466
f 2133/4546/4466 2406/4545/4465 2407/4547/4467
f 2133/4546/4466 2407/4547/4467 2134/4548/4468
f 2134/4548/4468 2407/4547/4467 2408/4549/4469
f 2134/4548/4468 2408/4549/4469 2135/4550/4470
f 2135/4550/4470 2408/4549/4469 2409/4551/4471
f 2135/4550/4470 2409/4551/4471 2136/4552/4472
f 2136/4552/4472 2409/4551/4471 2410/4553/4473
f 2136/4552/4472 2410/4553/4473 2137/4554/4474
f 2137/4554/4474 2410/4553/4473 2411/4555/4475
f 2137/4554/4474 2411/4555/4475 2138/4556/4476
f 2138/4556/4476 2411/4555/4475 2412/4557/4477
f 2138/4556/4476 2412/4557/4477 2139/4558/4478
f 2139/4558/4478 2412/4557/4477 2413/4559/4479
f 2139/4558/4478 2413/4559/4479 2140/4560/4480
f 2140/4560/4480 2413/4559/4479 2414/4561/4481
f 2140/4560/4480 2414/4561/4481 2141/4562/4482
f 2141/4562/4482 2414/4561/4481 2415/4563/4483
f 2157/4564/4484 2421/4565/4485 1859/4566/3733
f 1859/4566/3733 2421/4565/4485 2422/4567/4486
f 1859/4566/3733 2422/4567/4486 2425/4568/4487
f 2425/4568/4487 2422/4567/4486 2427/4569/4488
f 2425/4568/4487 2427/4569/4488 2428/4570/4489
f 2428/4570/4489 2427/4569/4488 2430/4571/4490
f 2428/4570/4489 2430/4571/4490 1814/4572/4491
f 1814/4572/4491 2430/4571/4490 1815/4573/4492
f 1815/4573/4492 2430/4571/4490 2429/4574/4493
f 1815/4573/4492 2429/4574/4493 2081/4575/4494
f 2081/4575/4494 2429/4574/4493 2424/4576/4495
f 2424/4576/4495 2429/4574/4493 2423/4577/4496
f 2423/4577/4496 2429/4574/4493 2427/4569/4488
f 2423/4577/4496 2427/4569/4488 2422/4567/4486
f 2421/4565/4485 2157/4564/4484 2420/4578/4497
f 2420/4578/4497 2157/4564/4484 2156/4579/4498
f 2420/4578/4497 2156/4579/4498 2419/4580/4499
f 2419/4580/4499 2156/4579/4498 2155/4581/4500
f 2419/4580/4499 2155/4581/4500 2418/4582/4501
f 2418/4582/4501 2155/4581/4500 2154/4583/4502
f 2418/4582/4501 2154/4583/4502 2417/4584/4503
f 2417/4584/4503 2154/4583/4502 2153/4585/4504
f 2417/4584/4503 2153/4585/4504 2416/4586/4505
f 2416/4586/4505 2153/4585/4504 2152/4587/4506
f 1814/4572/4491 1813/4588/4507 2428/4570/4489
f 2428/4570/4489 1813/4588/4507 2426/4589/4508
f 2428/4570/4489 2426/4589/4508 2425/4568/4487
f 2425/4568/4487 2426/4589/4508 1859/4566/3733
f 1813/4588/4507 1812/4590/4509 2426/4589/4508
f 2426/4589/4508 1812/4590/4509 1503/4591/3694
f 2426/4589/4508 1503/4591/3694 1859/4566/3733
f 1812/4590/4509 1811/4592/4510 1503/4591/3694
f 1503/4591/3694 1811/4592/4510 1504/4593/4511
f 1504/4593/4511 1811/4592/4510 1810/4594/4512
f 1504/4593/4511 1810/4594/4512 1505/4595/4513
f 1505/4595/4513 1810/4594/4512 1809/4596/4514
f 1505/4595/4513 1809/4596/4514 1506/4597/4515
f 1506/4597/4515 1809/4596/4514 1808/4598/4516
f 1506/4597/4515 1808/4598/4516 1507/4599/4517
f 1507/4599/4517 1808/4598/4516 1807/4600/4518
f 1507/4599/4517 1807/4600/4518 1508/4601/4519
f 1508/4601/4519 1807/4600/4518 1796/4602/4520
f 1508/4601/4519 1796/4602/4520 1509/4603/4521
f 2430/4571/4490 2427/4569/4488 2429/4574/4493
f 2431/4604/4522 2416/4605/4523 2151/4606/4524
f 2151/4606/4524 2416/4605/4523 2152/4607/4525
f 2142/4608/4526 2432/4609/4527 2143/4610/4528
f 2143/4610/4528 2432/4609/4527 2433/4611/4529
f 2143/4610/4528 2433/4611/4529 2144/4612/4530
f 2144/4612/4530 2433/4611/4529 2434/4613/4531
f 2144/4612/4530 2434/4613/4531 2145/4614/4532
f 2145/4614/4532 2434/4613/4531 2435/4615/4533
f 2145/4614/4532 2435/4615/4533 2146/4616/4534
f 2146/4616/4534 2435/4615/4533 2436/4617/4535
f 2146/4616/4534 2436/4617/4535 2147/4618/4536
f 2147/4618/4536 2436/4617/4535 2437/4619/4537
f 2147/4618/4536 2437/4619/4537 2148/4620/4538
f 2148/4620/4538 2437/4619/4537 2438/4621/4539
f 2148/4620/4538 2438/4621/4539 2149/4622/4540
f 2149/4622/4540 2438/4621/4539 2439/4623/4541
f 2149/4622/4540 2439/4623/4541 2150/4624/4542
f 2150/4624/4542 2439/4623/4541 2440/4625/4543
f 2150/4624/4542 2440/4625/4543 2151/4626/4544
f 2151/4626/4544 2440/4625/4543 2431/4627/4545
f 2415/4628/4546 2432/4629/4547 2141/4630/4548
f 2141/4630/4548 2432/4629/4547 2142/4631/4549
f 2360/4632/4550 2171/4633/4551 2415/4634/4552
f 2415/4634/4552 2171/4633/4551 2390/4635/4553
f 2415/4634/4552 2390/4635/4553 2389/4636/4554
f 2415/4634/4552 2389/4636/4554 2416/4637/4555
f 2416/4637/4555 2389/4636/4554 2388/4638/4556
f 2416/4637/4555 2388/4638/4556 2387/4639/4557
f 2387/4639/4557 2386/4640/4558 2416/4637/4555
f 2416/4637/4555 2386/4640/4558 2417/4641/4559
f 2417/4641/4559 2386/4640/4558 2418/4642/4560
f 2418/4642/4560 2386/4640/4558 2419/4643/4561
f 2419/4643/4561 2386/4640/4558 2385/4644/4562
f 2419/4643/4561 2385/4644/4562 2420/4645/4563
f 2420/4645/4563 2385/4644/4562 2421/4646/4564
f 2421/4646/4564 2385/4644/4562 2384/4647/4565
f 2421/4646/4564 2384/4647/4565 2422/4648/4566
f 2422/4648/4566 2384/4647/4565 2423/4649/4567
f 2423/4649/4567 2384/4647/4565 2424/4650/4568
f 2424/4650/4568 2384/4647/4565 2383/4651/4569
f 2424/4650/4568 2383/4651/4569 2081/4652/4570
f 2081/4652/4570 2383/4651/4569 2382/4653/4571
f 2081/4652/4570 2382/4653/4571 2381/4654/4572
f 2081/4652/4570 2381/4654/4572 1948/4655/4573
f 1948/4655/4573 2381/4654/4572 2380/4656/4574
f 1948/4655/4573 2380/4656/4574 2379/4657/4575
f 2379/4657/4575 2378/4658/4576 1948/4655/4573
f 1948/4655/4573 2378/4658/4576 2377/4659/4577
f 1948/4655/4573 2377/4659/4577 2376/4660/4578
f 2375/4661/4579 1960/4662/4580 2376/4660/4578
f 2376/4660/4578 1960/4662/4580 1959/4663/4581
f 2376/4660/4578 1959/4663/4581 1958/4664/4582
f 2374/4665/4583 1962/4666/4584 2375/4661/4579
f 2375/4661/4579 1962/4666/4584 1961/4667/4585
f 2375/4661/4579 1961/4667/4585 1960/4662/4580
f 1962/4666/4584 2374/4665/4583 1963/4668/4586
f 1963/4668/4586 2374/4665/4583 2373/4669/4587
f 1963/4668/4586 2373/4669/4587 1964/4670/4588
f 1964/4670/4588 2373/4669/4587 1965/4671/4589
f 1965/4671/4589 2373/4669/4587 2372/4672/4590
f 1965/4671/4589 2372/4672/4590 1966/4673/4591
f 1966/4673/4591 2372/4672/4590 2371/4674/4592
f 1966/4673/4591 2371/4674/4592 1967/4675/4593
f 1967/4675/4593 2371/4674/4592 1968/4676/4594
f 1968/4676/4594 2371/4674/4592 2370/4677/4595
f 1968/4676/4594 2370/4677/4595 1995/4678/4596
f 1995/4678/4596 2370/4677/4595 2369/4679/4597
f 1995/4678/4596 2369/4679/4597 1996/4680/4598
f 1996/4680/4598 2369/4679/4597 2400/4681/4599
f 1996/4680/4598 2400/4681/4599 1997/4682/4600
f 1997/4682/4600 2400/4681/4599 1998/4683/4601
f 1998/4683/4601 2400/4681/4599 1999/4684/4602
f 1999/4684/4602 2400/4681/4599 2000/4685/4603
f 2000/4685/4603 2400/4681/4599 2001/4686/4604
f 2001/4686/4604 2400/4681/4599 2002/4687/4605
f 2002/4687/4605 2400/4681/4599 2003/4688/4606
f 2003/4688/4606 2400/4681/4599 2004/4689/4607
f 2369/4679/4597 2368/4690/4608 2400/4681/4599
f 2400/4681/4599 2368/4690/4608 2367/4691/4609
f 2400/4681/4599 2367/4691/4609 2401/4692/4610
f 2401/4692/4610 2367/4691/4609 2366/4693/4611
f 2401/4692/4610 2366/4693/4611 2402/4694/4612
f 2402/4694/4612 2366/4693/4611 2403/4695/4613
f 2403/4695/4613 2366/4693/4611 2404/4696/4614
f 2404/4696/4614 2366/4693/4611 2365/4697/4615
f 2404/4696/4614 2365/4697/4615 2405/4698/4616
f 2405/4698/4616 2365/4697/4615 2406/4699/4617
f 2406/4699/4617 2365/4697/4615 2407/4700/4618
f 2407/4700/4618 2365/4697/4615 2364/4701/4619
f 2407/4700/4618 2364/4701/4619 2408/4702/4620
f 2408/4702/4620 2364/4701/4619 2409/4703/4621
f 2409/4703/4621 2364/4701/4619 2363/4704/4622
f 2409/4703/4621 2363/4704/4622 2410/4705/4623
f 2410/4705/4623 2363/4704/4622 2411/4706/4624
f 2411/4706/4624 2363/4704/4622 2362/4707/4625
f 2411/4706/4624 2362/4707/4625 2412/4708/4626
f 2412/4708/4626 2362/4707/4625 2361/4709/4627
f 2412/4708/4626 2361/4709/4627 2413/4710/4628
f 2413/4710/4628 2361/4709/4627 2414/4711/4629
f 2414/4711/4629 2361/4709/4627 2360/4632/4550
f 2414/4711/4629 2360/4632/4550 2415/4634/4552
f 1958/4664/4582 1957/4712/4630 2376/4660/4578
f 2376/4660/4578 1957/4712/4630 1956/4713/4631
f 2376/4660/4578 1956/4713/4631 1955/4714/4632
f 1955/4714/4632 1954/4715/4633 2376/4660/4578
f 2376/4660/4578 1954/4715/4633 1953/4716/4634
f 2376/4660/4578 1953/4716/4634 1952/4717/4635
f 1952/4717/4635 1951/4718/4636 2376/4660/4578
f 2376/4660/4578 1951/4718/4636 1950/4719/4637
f 2376/4660/4578 1950/4719/4637 1949/4720/4638
f 1949/4720/4638 1948/4655/4573 2376/4660/4578
f 1948/4655/4573 1947/4721/4639 2081/4652/4570
f 2081/4652/4570 1947/4721/4639 1946/4722/4640
f 2081/4652/4570 1946/4722/4640 1945/4723/4641
f 1945/4723/4641 1944/4724/4642 2081/4652/4570
f 2081/4652/4570 1944/4724/4642 1943/4725/4643
f 2081/4652/4570 1943/4725/4643 1942/4726/4644
f 2416/4637/4555 2431/4727/4645 2415/4634/4552
f 2415/4634/4552 2431/4727/4645 2432/4728/4646
f 2432/4728/4646 2431/4727/4645 2433/4729/4647
f 2433/4729/4647 2431/4727/4645 2434/4730/4648
f 2434/4730/4648 2431/4727/4645 2435/4731/4649
f 2435/4731/4649 2431/4727/4645 2436/4732/4650
f 2436/4732/4650 2431/4727/4645 2437/4733/4651
f 2437/4733/4651 2431/4727/4645 2438/4734/4652
f 2438/4734/4652 2431/4727/4645 2439/4735/4653
f 2439/4735/4653 2431/4727/4645 2440/4736/4654
f 2279/4737/4655 2113/4738/4656 2170/4739/4657
f 2170/4739/4657 2113/4738/4656 2112/4740/4658
f 2164/4741/4659 2285/4742/4660 2165/4743/4661
f 2165/4743/4661 2285/4742/4660 2284/4744/4662
f 2165/4743/4661 2284/4744/4662 2166/4745/4663
f 2166/4745/4663 2284/4744/4662 2283/4746/4664
f 2166/4745/4663 2283/4746/4664 2167/4747/4665
f 2167/4747/4665 2283/4746/4664 2282/4748/4666
f 2167/4747/4665 2282/4748/4666 2168/4749/4667
f 2168/4749/4667 2282/4748/4666 2281/4750/4668
f 2168/4749/4667 2281/4750/4668 2169/4751/4669
f 2169/4751/4669 2281/4750/4668 2280/4752/4670
f 2169/4751/4669 2280/4752/4670 2170/4753/4671
f 2170/4753/4671 2280/4752/4670 2279/4754/4672
f 1690/4755/4673 1689/4756/3860 2441/4757/4674
f 2441/4757/4674 1689/4756/3860 2014/4758/3903
f 2441/4757/4674 2014/4758/3903 2292/4759/4675
f 2441/4757/4674 2292/4759/4675 1930/4760/4676
f 1930/4760/4676 2292/4759/4675 2291/4761/4677
f 1930/4760/4676 2291/4761/4677 2158/4762/4678
f 2158/4762/4678 2291/4761/4677 2290/4763/4679
f 2158/4762/4678 2290/4763/4679 2159/4764/4680
f 2159/4764/4680 2290/4763/4679 2289/4765/4681
f 2159/4764/4680 2289/4765/4681 2160/4766/4682
f 2160/4766/4682 2289/4765/4681 2288/4767/4683
f 2160/4766/4682 2288/4767/4683 2161/4768/4684
f 2161/4768/4684 2288/4767/4683 2287/4769/4685
f 2161/4768/4684 2287/4769/4685 2162/4770/4686
f 2162/4770/4686 2287/4769/4685 2286/4771/4687
f 2162/4770/4686 2286/4771/4687 2163/4772/4688
f 2163/4772/4688 2286/4771/4687 2285/4773/4660
f 2163/4772/4688 2285/4773/4660 2164/4774/4659
f 1930/4760/4676 1491/4775/4689 2441/4757/4674
f 2441/4757/4674 1491/4775/4689 1690/4755/4673
f 1690/4755/4673 1491/4775/4689 1691/4776/4690
f 1691/4776/4690 1491/4775/4689 1490/4777/4691
f 1691/4776/4690 1490/4777/4691 1692/4778/4692
f 1692/4778/4692 1490/4777/4691 1489/4779/4693
f 1692/4778/4692 1489/4779/4693 1693/4780/4694
f 1693/4780/4694 1489/4779/4693 1488/4781/4695
f 1693/4780/4694 1488/4781/4695 1694/4782/4696
f 1694/4782/4696 1488/4781/4695 1487/4783/4697
f 1694/4782/4696 1487/4783/4697 1695/4784/4698
f 1695/4784/4698 1487/4783/4697 1486/4785/4699
f 1695/4784/4698 1486/4785/4699 1696/4786/4700
f 1696/4786/4700 1486/4785/4699 1485/4787/4701
f 1696/4786/4700 1485/4787/4701 1697/4788/3501
f 1697/4788/3501 1485/4787/4701 1484/4789/3500
f 1994/4790/3840 1969/4791/3819 1995/4792/3839
f 1995/4792/3839 1969/4791/3819 1968/4793/3820
f 2080/4794/4702 2079/4795/4703 2293/4796/4704
f 2293/4796/4704 2079/4795/4703 2442/4797/4705
f 2293/4796/4704 2442/4797/4705 2294/4798/4706
f 2294/4798/4706 2442/4797/4705 2443/4799/4707
f 2294/4798/4706 2443/4799/4707 2295/4800/4708
f 2295/4800/4708 2443/4799/4707 2444/4801/4709
f 2295/4800/4708 2444/4801/4709 2296/4802/4710
f 2296/4802/4710 2444/4801/4709 2445/4803/4711
f 2296/4802/4710 2445/4803/4711 2297/4804/4712
f 2297/4804/4712 2445/4803/4711 2446/4805/4713
f 2297/4804/4712 2446/4805/4713 2298/4806/4714
f 2298/4806/4714 2446/4805/4713 2447/4807/4715
f 2298/4806/4714 2447/4807/4715 2299/4808/4716
f 2299/4808/4716 2447/4807/4715 2448/4809/4717
f 2299/4808/4716 2448/4809/4717 2300/4810/4718
f 2300/4810/4718 2448/4809/4717 2449/4811/4719
f 2300/4810/4718 2449/4811/4719 2301/4812/4720
f 2301/4812/4720 2449/4811/4719 2450/4813/4721
f 2301/4812/4720 2450/4813/4721 2302/4814/4722
f 2302/4814/4722 2450/4813/4721 2451/4815/4723
f 2302/4814/4722 2451/4815/4723 2303/4816/4724
f 2303/4816/4724 2451/4815/4723 2452/4817/4725
f 2303/4816/4724 2452/4817/4725 2304/4818/4726
f 2304/4818/4726 2452/4817/4725 2453/4819/4727
f 2304/4818/4726 2453/4819/4727 2305/4820/4728
f 2305/4820/4728 2453/4819/4727 2454/4821/4729
f 2305/4820/4728 2454/4821/4729 2306/4822/4730
f 2306/4822/4730 2454/4821/4729 2455/4823/4731
f 2306/4822/4730 2455/4823/4731 2307/4824/4732
f 2307/4824/4732 2455/4823/4731 2456/4825/4733
f 2307/4824/4732 2456/4825/4733 2308/4826/4734
f 2308/4826/4734 2456/4825/4733 2457/4827/4735
f 2308/4826/4734 2457/4827/4735 2309/4828/4736
f 2309/4828/4736 2457/4827/4735 2458/4829/4737
f 2309/4828/4736 2458/4829/4737 2310/4830/4738
f 2310/4830/4738 2458/4829/4737 2459/4831/4739
f 2310/4830/4738 2459/4831/4739 2311/4832/4740
f 2311/4832/4740 2459/4831/4739 2460/4833/4741
f 2311/4832/4740 2460/4833/4741 2312/4834/4742
f 2312/4834/4742 2460/4833/4741 2461/4835/4743
f 2312/4834/4742 2461/4835/4743 2313/4836/4744
f 2313/4836/4744 2461/4835/4743 2462/4837/4745
f 2313/4836/4744 2462/4837/4745 2314/4838/4746
f 2314/4838/4746 2462/4837/4745 2463/4839/4747
f 2314/4838/4746 2463/4839/4747 2315/4840/4748
f 2315/4840/4748 2463/4839/4747 2464/4841/4749
f 2315/4840/4748 2464/4841/4749 2316/4842/4750
f 2316/4842/4750 2464/4841/4749 2465/4843/4751
f 2316/4842/4750 2465/4843/4751 2317/4844/4752
f 2317/4844/4752 2465/4843/4751 2466/4845/4753
f 2317/4844/4752 2466/4845/4753 2318/4846/4754
f 2318/4846/4754 2466/4845/4753 2467/4847/4755
f 2318/4846/4754 2467/4847/4755 2319/4848/4756
f 2319/4848/4756 2467/4847/4755 2468/4849/4757
f 2319/4848/4756 2468/4849/4757 2320/4850/4758
f 2320/4850/4758 2468/4849/4757 2469/4851/4759
f 2320/4850/4758 2469/4851/4759 2321/4852/4760
f 2321/4852/4760 2469/4851/4759 2470/4853/4761
f 2321/4852/4760 2470/4853/4761 2322/4854/4762
f 2322/4854/4762 2470/4853/4761 2471/4855/4763
f 2322/4854/4762 2471/4855/4763 2323/4856/4764
f 2323/4856/4764 2471/4855/4763 2472/4857/4765
f 1940/4858/4766 1939/4859/4767 1941/4860/4768
f 1941/4860/4768 1939/4859/4767 1938/4861/4769
f 1941/4860/4768 1938/4861/4769 1937/4862/4770
f 1937/4862/4770 1936/4863/4771 1941/4860/4768
f 1941/4860/4768 1936/4863/4771 1935/4864/4772
f 1941/4860/4768 1935/4864/4772 1934/4865/4773
f 1934/4865/4773 1933/4866/4774 1941/4860/4768
f 1941/4860/4768 1933/4866/4774 1932/4867/4775
f 1941/4860/4768 1932/4867/4775 1931/4868/4776
f 1931/4868/4776 1984/4869/4777 1941/4860/4768
f 1941/4860/4768 1984/4869/4777 1983/4870/4778
f 1941/4860/4768 1983/4870/4778 2079/4871/4779
f 2079/4871/4779 1983/4870/4778 1982/4872/4780
f 2079/4871/4779 1982/4872/4780 1981/4873/4781
f 1980/4874/4782 2337/4875/4783 1981/4873/4781
f 1981/4873/4781 2337/4875/4783 2336/4876/4784
f 1981/4873/4781 2336/4876/4784 2079/4871/4779
f 2079/4871/4779 2336/4876/4784 2335/4877/4785
f 2079/4871/4779 2335/4877/4785 2334/4878/4786
f 2337/4875/4783 1980/4874/4782 2338/4879/4787
f 2338/4879/4787 1980/4874/4782 1979/4880/4788
f 2338/4879/4787 1979/4880/4788 2339/4881/4789
f 2339/4881/4789 1979/4880/4788 1978/4882/4790
f 2339/4881/4789 1978/4882/4790 2340/4883/4791
f 2340/4883/4791 1978/4882/4790 1977/4884/4792
f 2340/4883/4791 1977/4884/4792 2341/4885/4793
f 2341/4885/4793 1977/4884/4792 1976/4886/4794
f 2341/4885/4793 1976/4886/4794 2342/4887/4795
f 2342/4887/4795 1976/4886/4794 2343/4888/4796
f 2343/4888/4796 1976/4886/4794 1975/4889/4797
f 2343/4888/4796 1975/4889/4797 2344/4890/4798
f 2344/4890/4798 1975/4889/4797 1974/4891/4799
f 2344/4890/4798 1974/4891/4799 2345/4892/4800
f 2345/4892/4800 1974/4891/4799 1973/4893/4801
f 2345/4892/4800 1973/4893/4801 2346/4894/4802
f 2346/4894/4802 1973/4893/4801 1972/4895/4803
f 2346/4894/4802 1972/4895/4803 2347/4896/4804
f 2347/4896/4804 1972/4895/4803 1971/4897/4805
f 2347/4896/4804 1971/4897/4805 2348/4898/4806
f 2348/4898/4806 1971/4897/4805 2472/4899/4807
f 2348/4898/4806 2472/4899/4807 2349/4900/4808
f 2349/4900/4808 2472/4899/4807 2350/4901/4809
f 2350/4901/4809 2472/4899/4807 2351/4902/4810
f 2351/4902/4810 2472/4899/4807 2471/4903/4811
f 2351/4902/4810 2471/4903/4811 2470/4904/4812
f 1971/4897/4805 1970/4905/4813 2472/4899/4807
f 2472/4899/4807 1970/4905/4813 1985/4906/4814
f 1985/4906/4814 1970/4905/4813 1969/4907/4815
f 1985/4906/4814 1969/4907/4815 1994/4908/4816
f 1994/4908/4816 1993/4909/4817 1985/4906/4814
f 1985/4906/4814 1993/4909/4817 1992/4910/4818
f 1985/4906/4814 1992/4910/4818 1991/4911/4819
f 1991/4911/4819 1990/4912/4820 1985/4906/4814
f 1985/4906/4814 1990/4912/4820 1989/4913/4821
f 1985/4906/4814 1989/4913/4821 1988/4914/4822
f 1988/4914/4822 1987/4915/4823 1985/4906/4814
f 1985/4906/4814 1987/4915/4823 1986/4916/4824
f 2470/4904/4812 2469/4917/4825 2351/4902/4810
f 2351/4902/4810 2469/4917/4825 2352/4918/4826
f 2352/4918/4826 2469/4917/4825 2468/4919/4827
f 2352/4918/4826 2468/4919/4827 2467/4920/4828
f 2467/4920/4828 2466/4921/4829 2352/4918/4826
f 2352/4918/4826 2466/4921/4829 2353/4922/4830
f 2353/4922/4830 2466/4921/4829 2465/4923/4831
f 2353/4922/4830 2465/4923/4831 2464/4924/4832
f 2353/4922/4830 2464/4924/4832 2354/4925/4833
f 2354/4925/4833 2464/4924/4832 2463/4926/4834
f 2354/4925/4833 2463/4926/4834 2355/4927/4835
f 2355/4927/4835 2463/4926/4834 2462/4928/4836
f 2355/4927/4835 2462/4928/4836 2461/4929/4837
f 2355/4927/4835 2461/4929/4837 2356/4930/4838
f 2356/4930/4838 2461/4929/4837 2460/4931/4839
f 2356/4930/4838 2460/4931/4839 2357/4932/4840
f 2357/4932/4840 2460/4931/4839 2459/4933/4841
f 2357/4932/4840 2459/4933/4841 2358/4934/4842
f 2358/4934/4842 2459/4933/4841 2458/4935/4843
f 2358/4934/4842 2458/4935/4843 2359/4936/4844
f 2359/4936/4844 2458/4935/4843 2457/4937/4845
f 2359/4936/4844 2457/4937/4845 2324/4938/4846
f 2324/4938/4846 2457/4937/4845 2456/4939/4847
f 2324/4938/4846 2456/4939/4847 2325/4940/4848
f 2325/4940/4848 2456/4939/4847 2455/4941/4849
f 2325/4940/4848 2455/4941/4849 2326/4942/4850
f 2326/4942/4850 2455/4941/4849 2454/4943/4851
f 2326/4942/4850 2454/4943/4851 2327/4944/4852
f 2327/4944/4852 2454/4943/4851 2453/4945/4853
f 2327/4944/4852 2453/4945/4853 2328/4946/4854
f 2328/4946/4854 2453/4945/4853 2452/4947/4855
f 2328/4946/4854 2452/4947/4855 2329/4948/4856
f 2329/4948/4856 2452/4947/4855 2451/4949/4857
f 2329/4948/4856 2451/4949/4857 2450/4950/4858
f 2329/4948/4856 2450/4950/4858 2330/4951/4859
f 2330/4951/4859 2450/4950/4858 2449/4952/4860
f 2330/4951/4859 2449/4952/4860 2331/4953/4861
f 2331/4953/4861 2449/4952/4860 2448/4954/4862
f 2331/4953/4861 2448/4954/4862 2447/4955/4863
f 2331/4953/4861 2447/4955/4863 2332/4956/4864
f 2332/4956/4864 2447/4955/4863 2446/4957/4865
f 2332/4956/4864 2446/4957/4865 2445/4958/4866
f 2445/4958/4866 2444/4959/4867 2332/4956/4864
f 2332/4956/4864 2444/4959/4867 2333/4960/4868
f 2333/4960/4868 2444/4959/4867 2443/4961/4869
f 2333/4960/4868 2443/4961/4869 2442/4962/4870
f 2442/4962/4870 2079/4871/4779 2333/4960/4868
f 2333/4960/4868 2079/4871/4779 2334/4878/4786
f 2480/4963/4871 1283/4964/4872 2477/4965/4873
f 2477/4965/4873 1283/4964/4872 1282/4966/4874
f 2477/4965/4873 1282/4966/4874 1291/4967/4875
f 2477/4965/4873 1291/4967/4875 2476/4968/4876
f 2476/4968/4876 1291/4967/4875 1289/4969/4877
f 2476/4968/4876 1289/4969/4877 2473/4970/4878
f 2473/4970/4878 2474/4971/4879 2476/4968/4876
f 2476/4968/4876 2474/4971/4879 2475/4972/4880
f 2478/4973/4881 2479/4974/4882 2477/4965/4873
f 2477/4965/4873 2479/4974/4882 2480/4963/4871
f 2481/4975/4883 2482/4976/4884 2484/4977/4885
f 2484/4977/4885 2482/4976/4884 2483/4978/4886
f 2482/4979/4887 2485/4980/4888 2483/4981/4889
f 2483/4981/4889 2485/4980/4888 2486/4982/4890
f 2487/4983/4891 2481/4984/4892 2488/4985/4893
f 2488/4985/4893 2481/4984/4892 2484/4986/4894
f 2484/4987/4895 2483/4988/4896 2488/4989/4897
f 2488/4989/4897 2483/4988/4896 2486/4990/4898
f 2490/4991/4899 2491/4992/4900 2489/4993/4901
f 2489/4993/4901 2491/4992/4900 2487/4994/4902
f 2487/4994/4902 2491/4992/4900 2492/4995/4903
f 2487/4994/4902 2492/4995/4903 2493/4996/4904
f 2493/4996/4904 2494/4997/4905 2487/4994/4902
f 2487/4994/4902 2494/4997/4905 2482/4998/4906
f 2487/4994/4902 2482/4998/4906 2481/4999/4907
f 2494/4997/4905 2485/5000/4908 2482/4998/4906
f 2491/5001/4909 2490/5002/4910 2496/5003/4911
f 2496/5003/4911 2490/5002/4910 2495/5004/4912
f 2517/5005/4913 2494/5006/4914 2497/5007/4915
f 2497/5007/4915 2494/5006/4914 2493/5008/4916
f 2497/5007/4915 2493/5008/4916 2492/5009/4917
f 2491/5010/4918 2496/5011/4919 2492/5009/4917
f 2492/5009/4917 2496/5011/4919 2497/5007/4915
f 2497/5007/4915 2498/5012/4920 2517/5005/4913
f 2517/5005/4913 2498/5012/4920 2516/5013/4921
f 2516/5013/4921 2498/5012/4920 2499/5014/4922
f 2516/5013/4921 2499/5014/4922 2515/5015/4923
f 2515/5015/4923 2499/5014/4922 2500/5016/4924
f 2515/5015/4923 2500/5016/4924 2514/5017/4925
f 2514/5017/4925 2500/5016/4924 2501/5018/4926
f 2514/5017/4925 2501/5018/4926 2513/5019/4927
f 2513/5019/4927 2501/5018/4926 2502/5020/4928
f 2513/5019/4927 2502/5020/4928 2512/5021/4929
f 2512/5021/4929 2502/5020/4928 2503/5022/4930
f 2512/5021/4929 2503/5022/4930 2511/5023/4931
f 2511/5023/4931 2503/5022/4930 2504/5024/4932
f 2511/5023/4931 2504/5024/4932 2510/5025/4933
f 2510/5025/4933 2504/5024/4932 2505/5026/4934
f 2510/5025/4933 2505/5026/4934 2509/5027/4935
f 2509/5027/4935 2505/5026/4934 2506/5028/4936
f 2509/5027/4935 2506/5028/4936 2508/5029/4937
f 2508/5029/4937 2506/5028/4936 2507/5030/4938
f 2478/5031/4939 2508/5032/4940 2479/5033/4941
f 2479/5033/4941 2508/5032/4940 2507/5034/4942
f 2477/5035/4943 2511/5036/4944 2478/5037/4945
f 2478/5037/4945 2511/5036/4944 2510/5038/4946
f 2478/5037/4945 2510/5038/4946 2509/5039/4947
f 2517/5040/4948 2516/5041/4949 2477/5035/4943
f 2477/5035/4943 2516/5041/4949 2515/5042/4950
f 2477/5035/4943 2515/5042/4950 2514/5043/4951
f 2514/5043/4951 2513/5044/4952 2477/5035/4943
f 2477/5035/4943 2513/5044/4952 2512/5045/4953
f 2477/5035/4943 2512/5045/4953 2511/5036/4944
f 2509/5039/4947 2508/5046/4954 2478/5037/4945
f 2479/5047/4955 2504/5048/4956 2480/5049/4957
f 2480/5049/4957 2504/5048/4956 2503/5050/4958
f 2480/5049/4957 2503/5050/4958 2502/5051/4959
f 2507/5052/4960 2506/5053/4961 2479/5047/4955
f 2479/5047/4955 2506/5053/4961 2505/5054/4962
f 2479/5047/4955 2505/5054/4962 2504/5048/4956
f 2502/5051/4959 2501/5055/4963 2480/5049/4957
f 2480/5049/4957 2501/5055/4963 2500/5056/4964
f 2480/5049/4957 2500/5056/4964 2499/5057/4965
f 2499/5057/4965 2498/5058/4966 2480/5049/4957
f 2480/5049/4957 2498/5058/4966 2495/5059/4967
f 2495/5059/4967 2498/5058/4966 2497/5060/4968
f 2495/5059/4967 2497/5060/4968 2496/5061/4969
f 2518/5062/4970 2519/5063/4971 2521/5064/4972
f 2521/5064/4972 2519/5063/4971 2520/5065/4973
f 2522/5066/4974 2518/5067/4975 2523/5068/4976
f 2523/5068/4976 2518/5067/4975 2521/5069/4977
f 2519/5070/4978 2524/5071/4979 2520/5072/4980
f 2520/5072/4980 2524/5071/4979 2525/5073/4981
f 2520/5074/4982 2525/5075/4983 2521/5076/4984
f 2521/5076/4984 2525/5075/4983 2523/5077/4985
f 2526/5078/4986 2522/5079/4987 2527/5080/4988
f 2527/5080/4988 2522/5079/4987 2476/5081/4989
f 2476/5081/4989 2522/5079/4987 2523/5082/4990
f 2476/5081/4989 2523/5082/4990 2477/5083/4991
f 2477/5083/4991 2523/5082/4990 2486/5084/4992
f 2477/5083/4991 2486/5084/4992 2485/5085/4993
f 2523/5082/4990 2525/5086/4994 2486/5084/4992
f 2486/5084/4992 2525/5086/4994 2488/5087/4995
f 2494/5088/4996 2517/5089/4997 2485/5085/4993
f 2485/5085/4993 2517/5089/4997 2477/5083/4991
f 1278/5090/4998 2489/5091/4999 1279/5092/5000
f 1279/5092/5000 2489/5091/4999 2488/5093/5001
f 1279/5092/5000 2488/5093/5001 1285/5094/5002
f 1285/5094/5002 2488/5093/5001 2525/5095/5003
f 1285/5094/5002 2525/5095/5003 2528/5096/5004
f 2528/5096/5004 2525/5095/5003 2524/5097/5005
f 2489/5091/4999 2487/5098/5006 2488/5093/5001
f 2528/5096/5004 1287/5099/5007 1285/5094/5002
f 2529/5100/5008 2528/5101/5009 2532/5102/5010
f 2532/5102/5010 2528/5101/5009 2524/5103/5011
f 2532/5102/5010 2524/5103/5011 2531/5104/5012
f 2531/5104/5012 2524/5103/5011 2530/5105/5013
f 2530/5105/5013 2524/5103/5011 2526/5106/5014
f 2526/5106/5014 2524/5103/5011 2518/5107/5015
f 2526/5106/5014 2518/5107/5015 2522/5108/5016
f 2524/5103/5011 2519/5109/5017 2518/5107/5015
f 2529/5110/5018 2532/5111/5019 2534/5112/5020
f 2534/5112/5020 2532/5111/5019 2533/5113/5021
f 2532/5114/5022 2531/5115/5023 2533/5116/5024
f 2533/5116/5024 2531/5115/5023 2554/5117/5025
f 2554/5117/5025 2531/5115/5023 2530/5118/5026
f 2554/5117/5025 2530/5118/5026 2526/5119/5027
f 2526/5119/5027 2527/5120/5028 2554/5117/5025
f 2554/5117/5025 2527/5120/5028 2553/5121/5029
f 2553/5121/5029 2527/5120/5028 2535/5122/5030
f 2553/5121/5029 2535/5122/5030 2552/5123/5031
f 2552/5123/5031 2535/5122/5030 2536/5124/5032
f 2552/5123/5031 2536/5124/5032 2551/5125/5033
f 2551/5125/5033 2536/5124/5032 2537/5126/5034
f 2551/5125/5033 2537/5126/5034 2550/5127/5035
f 2550/5127/5035 2537/5126/5034 2538/5128/5036
f 2550/5127/5035 2538/5128/5036 2549/5129/5037
f 2549/5129/5037 2538/5128/5036 2539/5130/5038
f 2549/5129/5037 2539/5130/5038 2548/5131/5039
f 2548/5131/5039 2539/5130/5038 2540/5132/5040
f 2548/5131/5039 2540/5132/5040 2547/5133/5041
f 2547/5133/5041 2540/5132/5040 2541/5134/5042
f 2547/5133/5041 2541/5134/5042 2546/5135/5043
f 2546/5135/5043 2541/5134/5042 2542/5136/5044
f 2546/5135/5043 2542/5136/5044 2545/5137/5045
f 2545/5137/5045 2542/5136/5044 2543/5138/5046
f 2545/5137/5045 2543/5138/5046 2544/5139/5047
f 2543/5140/5048 2475/5141/5049 2544/5142/5050
f 2544/5142/5050 2475/5141/5049 2474/5143/5051
f 2475/5144/5052 2540/5145/5053 2476/5146/5054
f 2476/5146/5054 2540/5145/5053 2539/5147/5055
f 2476/5146/5054 2539/5147/5055 2538/5148/5056
f 2543/5149/5057 2542/5150/5058 2475/5144/5052
f 2475/5144/5052 2542/5150/5058 2541/5151/5059
f 2475/5144/5052 2541/5151/5059 2540/5145/5053
f 2538/5148/5056 2537/5152/5060 2476/5146/5054
f 2476/5146/5054 2537/5152/5060 2536/5153/5061
f 2476/5146/5054 2536/5153/5061 2535/5154/5062
f 2535/5154/5062 2527/5155/5063 2476/5146/5054
f 2480/5156/5064 2490/5157/5065 1283/5158/5066
f 1283/5158/5066 2490/5157/5065 1278/5159/5067
f 1283/5158/5066 1278/5159/5067 1289/5160/5068
f 1289/5160/5068 1278/5159/5067 1287/5161/5069
f 1289/5160/5068 1287/5161/5069 2529/5162/5070
f 2529/5162/5070 1287/5161/5069 2528/5163/5071
f 2480/5156/5064 2495/5164/5072 2490/5157/5065
f 2490/5157/5065 2489/5165/5073 1278/5159/5067
f 1278/5159/5067 1281/5166/5074 1287/5161/5069
f 1287/5161/5069 1281/5166/5074 1288/5167/5075
f 1288/5167/5075 1281/5166/5074 1303/5168/5076
f 1288/5167/5075 1303/5168/5076 1305/5169/5077
f 1305/5169/5077 1303/5168/5076 1302/5170/5078
f 1305/5169/5077 1302/5170/5078 1304/5171/5079
f 1304/5171/5079 1302/5170/5078 1301/5172/5080
f 1304/5171/5079 1301/5172/5080 1293/5173/5081
f 1303/5168/5076 1281/5166/5074 1539/5174/5082
f 1539/5174/5082 1281/5166/5074 1536/5175/5083
f 1539/5174/5082 1536/5175/5083 1428/5176/5084
f 1428/5176/5084 1536/5175/5083 1535/5177/3349
f 1428/5176/5084 1535/5177/3349 1795/5178/3350
f 1539/5174/5082 1428/5176/5084 1449/5179/5085
f 1449/5179/5085 1428/5176/5084 1427/5180/5086
f 1449/5179/5085 1427/5180/5086 1816/5181/5087
f 1816/5181/5087 1648/5182/5088 1449/5179/5085
f 1449/5179/5085 1448/5183/5089 1539/5174/5082
f 1350/5184/5090 1306/5185/5091 1302/5170/5078
f 1302/5170/5078 1306/5185/5091 1301/5172/5080
f 1313/5186/5092 1337/5187/5093 1293/5173/5081
f 1293/5173/5081 1337/5187/5093 1304/5171/5079
f 1288/5167/5075 1305/5169/5077 2125/5188/5094
f 2125/5188/5094 1305/5169/5077 2122/5189/5095
f 2125/5188/5094 2122/5189/5095 2004/5190/5096
f 2004/5190/5096 2122/5189/5095 2103/5191/5097
f 2004/5190/5096 2103/5191/5097 1985/5192/5098
f 1985/5192/5098 2103/5191/5097 2472/5193/5099
f 2472/5193/5099 2103/5191/5097 2323/5194/5100
f 2122/5189/5095 2082/5195/5101 2103/5191/5097
f 2400/5196/4453 2126/5197/4452 2004/5190/5096
f 2004/5190/5096 2126/5197/4452 2125/5188/5094
f 2534/5198/5102 2473/5199/5103 2529/5162/5070
f 2529/5162/5070 2473/5199/5103 1289/5160/5068
f 2473/5200/5104 2547/5201/5105 2474/5202/5106
f 2474/5202/5106 2547/5201/5105 2546/5203/5107
f 2474/5202/5106 2546/5203/5107 2545/5204/5108
f 2534/5205/5109 2553/5206/5110 2473/5200/5104
f 2473/5200/5104 2553/5206/5110 2552/5207/5111
f 2473/5200/5104 2552/5207/5111 2551/5208/5112
f 2533/5209/5113 2554/5210/5114 2534/5205/5109
f 2534/5205/5109 2554/5210/5114 2553/5206/5110
f 2551/5208/5112 2550/5211/5115 2473/5200/5104
f 2473/5200/5104 2550/5211/5115 2549/5212/5116
f 2473/5200/5104 2549/5212/5116 2548/5213/5117
f 2548/5213/5117 2547/5201/5105 2473/5200/5104
f 2545/5204/5108 2544/5214/5118 2474/5202/5106
# 2554 vertices
# 5214 texture params
# 5118 normals
# 5124 facets

# 2 groups
