# WaveFront *.obj file (generated by Autodesk ATF)

mtllib Winder.mtl

g Body1

v -0.000000 519.525834 -81.911765
v -0.000000 519.599271 -81.674100
v -0.000000 519.611776 -81.425662
v -0.000000 519.562575 -81.181824
v -0.000000 519.454711 -80.957674
v -0.000000 519.294860 -80.767082
v -0.000000 519.092912 -80.621841
v -0.000000 518.861364 -80.530939
v -0.000000 518.614543 -80.500000
v 0.247767 518.622329 -80.487680
v 0.492650 518.645193 -80.450976
v 0.731824 518.682090 -80.390441
v 0.962940 518.731032 -80.307076
v 1.183789 518.789857 -80.201961
v 1.392436 518.856094 -80.076283
v 1.587383 518.927048 -79.931321
v 1.767167 519.000050 -79.768350
v 1.930327 519.072404 -79.588613
v 2.075492 519.141402 -79.393327
v 2.201395 519.204835 -79.184247
v 2.306776 519.260576 -78.963213
v 2.390375 519.306494 -78.732063
v 2.450883 519.340419 -78.492703
v 2.487196 519.360772 -78.247748
v 2.499251 519.367483 -78.000010
v 2.487096 519.360626 -77.752265
v 2.450782 519.340276 -77.507288
v 2.390383 519.306530 -77.267869
v 2.306782 519.260578 -77.036762
v 2.201365 519.204694 -76.815880
v 2.075425 519.141134 -76.606930
v 1.930255 519.072154 -76.411621
v 1.767149 519.000011 -76.231658
v 1.587278 518.927163 -76.068696
v 1.391718 518.856752 -75.923959
v 1.182399 518.791153 -75.798547
v 0.961327 518.732641 -75.693570
v 0.730513 518.683492 -75.610137
v 0.491964 518.645981 -75.549358
v 0.247689 518.622382 -75.512340
v 0.000115 518.614895 -75.500173
v -0.247172 518.623737 -75.513005
v -0.491632 518.647320 -75.550043
v -0.730828 518.684002 -75.610463
v -0.962321 518.732141 -75.693442
v -1.183672 518.790094 -75.798156
v -1.392508 518.856089 -75.923748
v -1.587401 518.926890 -76.068874
v -1.767102 518.999699 -76.232051
v -1.930254 519.072008 -76.411842
v -2.075505 519.141311 -76.606810
v -2.201499 519.205098 -76.815517
v -2.306879 519.260860 -77.036526
v -2.390227 519.306273 -77.268035
v -2.450652 519.340044 -77.507523
v -2.487466 519.361144 -77.752394
v -2.499978 519.368543 -78.000051
v -2.487630 519.361404 -78.247780
v -2.450813 519.340309 -78.492659
v -2.390299 519.306409 -78.732103
v -2.306854 519.260852 -78.963547
v -2.201428 519.204996 -79.184456
v -2.075368 519.141119 -79.393069
v -1.930051 519.071747 -79.587966
v -1.766853 518.999407 -79.767725
v -1.587152 518.926625 -79.930927
v -1.392324 518.855927 -80.076152
v -1.183746 518.789840 -80.201979
v -0.962801 518.731203 -80.307008
v -0.731480 518.682671 -80.390172
v -0.492256 518.645937 -80.450623
v -0.247604 518.622670 -80.487515
v -0.346645 519.534916 -81.892229
v -0.689158 519.560920 -81.834505
v -1.024073 519.601976 -81.739916
v -1.347921 519.656218 -81.609789
v -1.657245 519.721753 -81.445450
v -1.949254 519.795616 -81.248568
v -2.222013 519.874631 -81.021333
v -2.473594 519.955976 -80.765970
v -2.702071 520.036826 -80.484699
v -2.905515 520.114359 -80.179744
v -3.082000 520.185751 -79.853326
v -3.229596 520.248179 -79.507668
v -3.346418 520.299095 -79.145525
v -3.431138 520.336983 -78.770867
v -3.482682 520.360560 -78.387703
v -3.499969 520.368539 -78.000080
v -3.482452 520.360269 -77.612569
v -3.430913 520.336687 -77.229419
v -3.346318 520.298943 -76.854690
v -3.229630 520.248188 -76.492447
v -3.082099 520.185866 -76.146633
v -2.905707 520.114574 -75.820067
v -2.702356 520.037118 -75.515000
v -2.473942 519.956301 -75.233680
v -2.222362 519.874926 -74.978357
v -1.949512 519.795796 -74.751277
v -1.657141 519.722037 -74.554761
v -1.347250 519.657266 -74.390915
v -1.023160 519.603464 -74.261077
v -0.688285 519.562466 -74.166537
v -0.346040 519.536109 -74.108584
v 0.000161 519.526227 -74.088506
v 0.346765 519.534595 -74.107544
v 0.688750 519.560969 -74.165465
v 1.022718 519.602894 -74.260568
v 1.345858 519.657825 -74.391116
v 1.655358 519.723221 -74.555374
v 1.948406 519.796537 -74.751606
v 2.222189 519.875232 -74.978077
v 2.474008 519.956650 -75.233065
v 2.702357 520.037281 -75.514654
v 2.905595 520.114376 -75.820256
v 3.081911 520.185413 -76.147200
v 3.229495 520.247872 -76.492816
v 3.346536 520.299230 -76.854430
v 3.431095 520.336946 -77.229051
v 3.481934 520.359691 -77.612367
v 3.498951 520.367354 -78.000015
v 3.482075 520.359854 -78.387653
v 3.431236 520.337106 -78.770935
v 3.346526 520.299190 -79.145463
v 3.229486 520.247870 -79.507145
v 3.081953 520.185572 -79.852999
v 2.905688 520.114675 -80.180147
v 2.702458 520.037561 -80.485712
v 2.474034 519.956694 -80.766948
v 2.222336 519.875104 -81.021950
v 1.949410 519.795802 -81.248772
v 1.657304 519.721772 -81.445421
v 1.348116 519.656027 -81.609895
v 1.024554 519.601326 -81.740336
v 0.689710 519.560089 -81.835057
v 0.346873 519.534535 -81.892487
v 2.121322 519.919081 -80.803125
v 2.926483 520.194520 -79.688299
v 1.245825 519.713754 -74.607621
v -2.121290 519.918938 -75.197323
v -2.926691 520.194840 -76.311267
v -1.247825 519.712285 -81.392928
v 0.193832 518.773971 -80.504793
v 0.191312 518.926022 -80.541561
v 0.191664 519.155396 -80.649197
v 0.197583 519.349888 -80.811098
v 0.208659 519.497692 -81.016780
v 0.224107 519.589638 -81.252274
v 0.235384 519.614879 -81.405341
v 0.255844 519.604475 -81.657742
v 0.386489 518.787788 -80.482291
v 0.381701 518.938959 -80.519660
v 0.382677 519.167150 -80.627309
v 0.394606 519.360948 -80.788056
v 0.416665 519.508680 -80.991582
v 0.447310 519.601254 -81.224187
v 0.469642 519.627250 -81.375242
v 0.510116 519.618621 -81.624207
v 0.576786 518.810395 -80.444927
v 0.570221 518.960162 -80.483201
v 0.572358 519.186467 -80.590772
v 0.590469 519.379160 -80.749566
v 0.623329 519.526782 -80.949536
v 0.668672 519.620364 -81.177419
v 0.701618 519.647571 -81.325195
v 0.761233 519.641790 -81.568576
v 0.763577 518.841081 -80.392947
v 0.755887 518.989014 -80.432293
v 0.759886 519.212855 -80.539546
v 0.784390 519.404105 -80.695552
v 0.827784 519.551590 -80.890629
v 0.887139 519.646505 -81.112094
v 0.930098 519.675310 -81.255438
v 1.007660 519.673288 -81.491295
v 1.122413 518.922737 -80.246536
v 1.114660 519.066136 -80.287884
v 1.124663 519.283891 -80.393148
v 1.162532 519.471590 -80.540929
v 1.225915 519.618772 -80.722521
v 1.310767 519.717057 -80.926733
v 1.371586 519.749887 -81.058293
v 1.480803 519.757343 -81.274261
v 1.247958 519.712129 -81.392996
v 1.153809 519.709675 -81.166357
v 1.101531 519.678969 -81.028462
v 1.028970 519.582464 -80.814942
v 0.975379 519.435130 -80.626017
v 0.944284 519.245573 -80.473670
v 0.937679 519.024629 -80.367132
v 0.945783 518.878854 -80.326708
v 1.292385 518.971600 -80.152835
v 1.285755 519.112517 -80.194785
v 1.299926 519.326944 -80.298046
v 1.344705 519.512709 -80.440322
v 1.417409 519.659751 -80.613491
v 1.513556 519.759936 -80.807216
v 1.582084 519.795023 -80.931700
v 1.704753 519.807801 -81.135807
v 1.454816 519.024136 -80.046109
v 1.449969 519.162545 -80.088229
v 1.468931 519.373611 -80.188660
v 1.520660 519.557429 -80.324495
v 1.602174 519.704349 -80.488235
v 1.708628 519.806496 -80.670442
v 1.784062 519.843905 -80.787222
v 1.918645 519.862163 -80.978469
v 1.608822 519.079044 -79.926903
v 1.606296 519.214979 -79.968684
v 1.630512 519.422732 -80.065401
v 1.689131 519.604637 -80.193876
v 1.778906 519.751457 -80.347265
v 1.894702 519.855579 -80.517046
v 1.976275 519.895317 -80.625582
v 1.888012 519.190754 -79.653227
v 1.891251 519.322087 -79.692501
v 1.926729 519.523685 -79.778905
v 1.998554 519.702055 -79.889973
v 2.103056 519.848747 -80.020211
v 2.234710 519.956670 -80.162920
v 2.326410 520.000867 -80.253711
v 2.488394 520.035178 -80.401926
v 2.311617 519.977203 -80.610665
v 2.157467 519.948045 -80.447515
v 2.070485 519.906024 -80.347671
v 1.946297 519.799961 -80.191097
v 1.848847 519.653218 -80.048902
v 1.783496 519.473145 -79.928689
v 1.753720 519.268574 -79.836628
v 1.753510 519.135018 -79.795770
v 2.011414 519.244841 -79.499795
v 2.017813 519.374142 -79.536788
v 2.058939 519.573026 -79.616520
v 2.136867 519.749846 -79.717590
v 2.247768 519.896513 -79.835179
v 2.386006 520.006176 -79.963457
v 2.481790 520.052403 -80.044897
v 2.650473 520.091524 -80.177736
v 2.122920 519.296126 -79.336364
v 2.132482 519.423599 -79.370420
v 2.179045 519.620042 -79.442535
v 2.262616 519.795476 -79.532831
v 2.379241 519.942135 -79.637146
v 2.523213 520.053399 -79.750490
v 2.622492 520.101487 -79.822313
v 2.796836 520.145019 -79.939385
v 2.221750 519.343533 -79.163925
v 2.234363 519.469392 -79.194439
v 2.286013 519.663685 -79.258078
v 2.374690 519.837899 -79.336900
v 2.496341 519.984566 -79.427389
v 2.645220 520.097271 -79.525358
v 2.747439 520.147027 -79.587335
v 3.038522 520.238928 -79.425637
v 2.855653 520.187973 -79.341089
v 2.751012 520.136760 -79.289164
v 2.598021 520.022792 -79.206964
v 2.472060 519.876108 -79.130802
v 2.378891 519.702936 -79.064089
v 2.322637 519.510492 -79.009714
v 2.307196 519.386018 -78.983300
v 2.378262 519.422396 -78.795988
v 2.396184 519.545725 -78.817811
v 2.456405 519.736643 -78.862253
v 2.553359 519.908956 -78.916341
v 2.682875 520.055663 -78.977801
v 2.839191 520.170688 -79.043954
v 2.945763 520.223121 -79.085693
v 3.131646 520.276974 -79.153628
v 2.434383 519.451696 -78.602475
v 2.454333 519.574130 -78.619253
v 2.517758 519.763857 -78.653139
v 2.617728 519.935501 -78.694125
v 2.750036 520.082231 -78.740525
v 2.908930 520.198095 -78.790363
v 3.016983 520.251493 -78.821779
v 3.205163 520.307639 -78.872897
v 2.474616 519.472785 -78.404242
v 2.496030 519.594580 -78.415620
v 2.561759 519.783458 -78.438470
v 2.663893 519.954626 -78.465992
v 2.798199 520.101373 -78.497071
v 2.958935 520.217838 -78.530404
v 3.068046 520.271926 -78.551402
v 3.257862 520.329714 -78.585561
v 2.498711 519.485383 -78.202904
v 2.520998 519.606795 -78.208652
v 2.588104 519.795164 -78.220156
v 2.691532 519.966047 -78.233977
v 2.827036 520.112804 -78.249560
v 2.988877 520.229629 -78.266259
v 3.098624 520.284129 -78.276773
v 3.289425 520.342901 -78.293877
v 3.299891 520.347239 -78.000053
v 3.108758 520.288142 -78.000051
v 2.998799 520.233505 -78.000050
v 2.836588 520.116561 -78.000049
v 2.700686 519.969800 -78.000047
v 2.596831 519.799013 -78.000045
v 2.529272 519.610814 -78.000041
v 2.506700 519.489529 -78.000038
v 2.498611 519.485260 -77.797116
v 2.520886 519.606673 -77.791372
v 2.587977 519.795043 -77.779871
v 2.691396 519.965925 -77.766051
v 2.826898 520.112682 -77.750468
v 2.988740 520.229505 -77.733768
v 3.098489 520.284003 -77.723252
v 3.289297 520.342770 -77.706147
v 2.474476 519.472614 -77.595763
v 2.495873 519.594410 -77.584387
v 2.561582 519.783289 -77.561539
v 2.663704 519.954458 -77.534017
v 2.798006 520.101204 -77.502937
v 2.958744 520.217666 -77.469603
v 3.067858 520.271751 -77.448604
v 3.257684 520.329533 -77.414442
v 2.434325 519.451629 -77.397504
v 2.454269 519.574063 -77.380726
v 2.517685 519.763791 -77.346840
v 2.617650 519.935436 -77.305852
v 2.749956 520.082165 -77.259450
v 2.908851 520.198028 -77.209609
v 3.016906 520.251424 -77.178193
v 3.205089 520.307568 -77.127072
v 2.378280 519.422440 -77.203930
v 2.396208 519.545768 -77.182099
v 2.456435 519.736686 -77.137650
v 2.553393 519.908998 -77.083556
v 2.682909 520.055704 -77.022092
v 2.839223 520.170731 -76.955936
v 2.945792 520.223165 -76.914196
v 3.131669 520.277020 -76.846259
v 2.221717 519.343435 -76.836217
v 2.234317 519.469307 -76.805741
v 2.285949 519.663616 -76.742142
v 2.374614 519.837841 -76.663337
v 2.496262 519.984509 -76.572844
v 2.645147 520.097207 -76.474857
v 2.747373 520.146954 -76.412864
v 2.926434 520.194425 -76.311872
v 3.038534 520.238939 -76.574346
v 2.855664 520.187990 -76.658905
v 2.751022 520.136780 -76.710838
v 2.598031 520.022814 -76.793045
v 2.472071 519.876129 -76.869212
v 2.378903 519.702954 -76.935922
v 2.322649 519.510504 -76.990289
v 2.307207 519.386026 -77.016694
v 2.122840 519.295920 -76.663934
v 2.132374 519.423412 -76.629945
v 2.178901 519.619883 -76.557901
v 2.262450 519.795332 -76.467636
v 2.379070 519.941993 -76.363318
v 2.523052 520.053245 -76.249947
v 2.622346 520.101317 -76.178101
v 2.796721 520.144812 -76.060988
v 2.011306 519.244580 -76.500575
v 2.017671 519.373904 -76.463660
v 2.058752 519.572818 -76.384013
v 2.136653 519.749657 -76.282979
v 2.247547 519.896326 -76.165388
v 2.385798 520.005975 -76.037081
v 2.481600 520.052183 -75.955615
v 2.650322 520.091260 -75.822730
v 1.887920 519.190553 -76.347043
v 1.891134 519.321903 -76.307827
v 1.926578 519.523524 -76.221485
v 1.998382 519.701908 -76.110445
v 2.102878 519.848602 -75.980204
v 2.234542 519.956513 -75.837473
v 2.326254 520.000697 -75.746663
v 2.488267 520.034975 -75.598413
v 2.311604 519.977165 -75.389370
v 2.157444 519.948005 -75.552515
v 2.070456 519.905984 -75.652357
v 1.946263 519.799920 -75.808929
v 1.848812 519.653178 -75.951123
v 1.783465 519.473106 -76.071336
v 1.753700 519.268538 -76.163397
v 1.753497 519.134983 -76.204254
v 1.608797 519.079085 -76.073061
v 1.606283 519.215009 -76.031258
v 1.630515 519.422748 -75.934517
v 1.689142 519.604644 -75.806033
v 1.778917 519.751462 -75.652648
v 1.894703 519.855590 -75.482882
v 1.976267 519.895336 -75.374359
v 2.121293 519.919117 -75.196838
v 1.454620 519.024561 -75.954058
v 1.449974 519.162987 -75.911969
v 1.469168 519.374077 -75.811584
v 1.520997 519.557910 -75.675781
v 1.602479 519.704836 -75.512056
v 1.708785 519.806979 -75.329848
v 1.784076 519.844382 -75.213058
v 1.918368 519.862629 -75.021783
v 1.291938 518.972583 -75.847628
v 1.285782 519.113556 -75.805783
v 1.300499 519.328059 -75.702667
v 1.345510 519.513872 -75.560482
v 1.418137 519.660931 -75.387346
v 1.513931 519.761100 -75.193595
v 1.582126 519.796163 -75.069069
v 1.704114 519.808889 -74.864864
v 1.121762 518.924217 -75.754165
v 1.114711 519.067690 -75.712961
v 1.125523 519.285547 -75.607897
v 1.163737 519.473311 -75.460248
v 1.227006 519.620515 -75.278707
v 1.311338 519.718782 -75.074468
v 1.371664 519.751582 -74.942857
v 1.479873 519.758974 -74.726761
v 0.762965 518.842595 -75.607724
v 0.755946 518.990562 -75.568452
v 0.760720 519.214449 -75.461319
v 0.785559 519.405729 -75.305413
v 0.828849 519.553229 -75.110402
v 0.887710 519.648147 -74.888963
v 0.930197 519.676950 -74.745614
v 1.006793 519.674927 -74.509719
v 1.152858 519.711360 -74.834401
v 1.101163 519.680681 -74.972356
v 1.029232 519.584194 -75.185918
v 0.975812 519.436838 -75.374811
v 0.944369 519.247220 -75.527048
v 0.936893 519.026179 -75.633413
v 0.944230 518.880333 -75.673710
v 0.576364 518.811477 -75.555537
v 0.570258 518.961251 -75.517287
v 0.572927 519.187566 -75.409771
v 0.591268 519.380266 -75.251035
v 0.624058 519.527896 -75.051116
v 0.669064 519.621489 -74.823272
v 0.701687 519.648706 -74.675511
v 0.760639 519.642950 -74.432138
v 0.386308 518.788243 -75.517898
v 0.381705 518.939411 -75.480529
v 0.382897 519.167598 -75.372890
v 0.394918 519.361393 -75.212163
v 0.416949 519.509128 -75.008661
v 0.447457 519.601709 -74.776079
v 0.469658 519.627713 -74.625038
v 0.509865 519.619105 -74.376090
v 0.193807 518.773964 -75.495204
v 0.191291 518.926018 -75.458440
v 0.191645 519.155395 -75.350808
v 0.197565 519.349889 -75.188909
v 0.208639 519.497693 -74.983225
v 0.224083 519.589638 -74.747729
v 0.235358 519.614877 -74.594659
v 0.255811 519.604470 -74.342253
v 0.000216 519.600009 -74.331236
v 0.000098 519.610965 -74.584734
v 0.000040 519.585959 -74.738445
v -0.000021 519.494209 -74.974867
v -0.000036 519.346384 -75.181249
v -0.000000 519.151677 -75.343539
v 0.000087 518.921936 -75.451199
v 0.000162 518.769611 -75.487796
v -0.193664 518.775063 -75.495604
v -0.191422 518.927018 -75.458692
v -0.192101 519.156261 -75.350915
v -0.198170 519.350674 -75.188992
v -0.209214 519.498467 -74.983392
v -0.224466 519.590477 -74.748061
v -0.235551 519.615796 -74.595121
v -0.255613 519.605575 -74.342948
v -0.386169 518.789572 -75.518363
v -0.381867 518.940596 -75.480778
v -0.383417 519.168589 -75.372920
v -0.395605 519.362269 -75.212146
v -0.417606 519.509986 -75.008752
v -0.447906 519.602658 -74.776397
v -0.469901 519.628773 -74.625538
v -0.509677 519.620424 -74.376920
v -0.576388 518.812383 -75.555809
v -0.570398 518.962002 -75.517316
v -0.573213 519.188106 -75.409541
v -0.591630 519.380680 -75.250727
v -0.624420 519.528287 -75.050900
v -0.669353 519.621971 -74.823279
v -0.701899 519.649301 -74.675705
v -0.760686 519.643810 -74.432681
v -0.763223 518.842744 -75.607676
v -0.756036 518.990565 -75.568166
v -0.760628 519.214254 -75.460763
v -0.785400 519.405415 -75.304751
v -0.828731 519.552890 -75.109790
v -0.887726 519.647884 -74.888531
v -0.930333 519.676784 -74.745343
v -1.007171 519.674986 -74.509759
v -1.122342 518.923106 -75.753615
v -1.114712 519.066487 -75.712242
v -1.124859 519.284218 -75.606959
v -1.162792 519.471903 -75.459183
v -1.226161 519.619085 -75.277615
v -1.310926 519.717383 -75.073440
v -1.371661 519.750230 -74.941908
v -1.480704 519.757724 -74.725986
v -1.247373 519.713155 -74.607551
v -1.153720 519.710580 -74.834050
v -1.101685 519.679823 -74.971863
v -1.029377 519.583276 -75.185275
v -0.975841 519.435946 -75.374137
v -0.944578 519.246435 -75.526486
v -0.937586 519.025571 -75.633102
v -0.945359 518.879855 -75.673612
v -1.292431 518.971599 -75.847157
v -1.285788 519.112506 -75.805188
v -1.299948 519.326920 -75.701907
v -1.344724 519.512676 -75.559623
v -1.417434 519.659717 -75.386459
v -1.513592 519.759907 -75.192747
v -1.582130 519.795000 -75.068275
v -1.704818 519.807794 -74.864191
v -1.454856 519.024085 -75.953985
v -1.449991 519.162493 -75.911874
v -1.468931 519.373559 -75.811454
v -1.520650 519.557377 -75.675623
v -1.602167 519.704297 -75.511885
v -1.708637 519.806443 -75.329679
v -1.784085 519.843851 -75.212900
v -1.918698 519.862108 -75.021654
v -1.608812 519.078885 -76.073463
v -1.606272 519.214859 -76.031785
v -1.630463 519.422665 -75.935182
v -1.689063 519.604601 -75.806756
v -1.778831 519.751428 -75.653359
v -1.894632 519.855527 -75.483528
v -1.976216 519.895239 -75.374948
v -1.887928 519.190428 -76.347527
v -1.891151 519.321848 -76.308479
v -1.926591 519.523564 -76.222324
v -1.998382 519.702006 -76.111363
v -2.102863 519.848712 -75.981104
v -2.234516 519.956586 -75.838282
v -2.326226 520.000722 -75.747391
v -2.488241 520.034890 -75.598992
v -2.311643 519.977015 -75.390280
v -2.157459 519.947977 -75.553577
v -2.070462 519.906008 -75.653499
v -1.946267 519.799986 -75.810159
v -1.848826 519.653229 -75.952360
v -1.783495 519.473092 -76.072471
v -1.753741 519.268417 -76.164307
v -1.753537 519.134784 -76.204964
v -2.011394 519.244668 -76.500694
v -2.017789 519.374034 -76.463861
v -2.058897 519.573004 -76.384307
v -2.136805 519.749877 -76.283310
v -2.247692 519.896554 -76.165704
v -2.385926 520.006183 -76.037341
v -2.481715 520.052366 -75.955828
v -2.650414 520.091384 -75.822851
v -2.123004 519.296221 -76.663670
v -2.132587 519.423721 -76.629667
v -2.179170 519.620201 -76.557609
v -2.262747 519.795657 -76.467334
v -2.379368 519.942321 -76.363006
v -2.523329 520.053574 -76.249624
v -2.622600 520.101644 -76.177767
v -2.796928 520.145138 -76.060633
v -2.221912 519.343835 -76.835747
v -2.234565 519.469690 -76.805197
v -2.286265 519.663977 -76.741516
v -2.374967 519.838189 -76.662672
v -2.496623 519.984857 -76.572175
v -2.645486 520.097569 -76.474206
v -2.747687 520.147331 -76.412230
v -2.378161 519.422285 -77.204032
v -2.396073 519.545611 -77.182204
v -2.456282 519.736528 -77.137759
v -2.553231 519.908839 -77.083671
v -2.682744 520.055544 -77.022215
v -2.839060 520.170570 -76.956067
v -2.945632 520.223002 -76.914333
v -3.131518 520.276854 -76.846405
v -3.038605 520.239172 -76.573680
v -2.855775 520.188197 -76.658232
v -2.751153 520.136975 -76.710160
v -2.598180 520.023000 -76.792369
v -2.472219 519.876317 -76.868552
v -2.379031 519.703152 -76.935305
v -2.322738 519.510720 -76.989744
v -2.307266 519.386256 -77.016211
v -2.434052 519.451257 -77.397772
v -2.453957 519.573693 -77.381016
v -2.517327 519.763424 -77.347157
v -2.617266 519.935070 -77.306187
v -2.749564 520.081797 -77.259797
v -2.908467 520.197654 -77.209964
v -3.016533 520.251044 -77.178552
v -3.204742 520.307172 -77.127439
v -2.474525 519.472646 -77.595986
v -2.495923 519.594443 -77.584628
v -2.561634 519.783323 -77.561802
v -2.663757 519.954491 -77.534295
v -2.798062 520.101238 -77.503226
v -2.958801 520.217701 -77.469898
v -3.067917 520.271785 -77.448903
v -3.257746 520.329567 -77.414749
v -2.499163 519.485930 -77.797229
v -2.521503 519.607340 -77.791492
v -2.588673 519.795706 -77.780001
v -2.692137 519.966588 -77.766189
v -2.827655 520.113348 -77.750612
v -2.989491 520.230181 -77.733917
v -3.099226 520.284690 -77.723405
v -3.290001 520.343483 -77.706305
v -2.499338 519.486161 -78.202948
v -2.521702 519.607570 -78.208696
v -2.588900 519.795934 -78.220202
v -2.692381 519.966815 -78.234026
v -2.827904 520.113577 -78.249612
v -2.989735 520.230414 -78.266315
v -3.099464 520.284927 -78.276833
v -3.290224 520.343729 -78.293941
v -3.300976 520.348361 -78.000093
v -3.109899 520.289222 -78.000088
v -2.999964 520.234568 -78.000085
v -2.837767 520.117608 -78.000081
v -2.701839 519.970842 -78.000076
v -2.597911 519.800056 -78.000072
v -2.530227 519.611863 -78.000067
v -2.507551 519.490583 -78.000065
v -2.474736 519.472930 -78.404217
v -2.496164 519.594725 -78.415589
v -2.561910 519.783603 -78.438434
v -2.664053 519.954771 -78.465955
v -2.798363 520.101519 -78.497035
v -2.959097 520.217986 -78.530371
v -3.068205 520.272076 -78.551371
v -3.258015 520.329869 -78.585534
v -2.434211 519.451478 -78.602411
v -2.454139 519.573913 -78.619179
v -2.517536 519.763643 -78.653055
v -2.617490 519.935288 -78.694036
v -2.749793 520.082016 -78.740436
v -2.908690 520.197877 -78.790277
v -3.016750 520.251270 -78.821695
v -3.204943 520.307408 -78.872816
v -2.378225 519.422389 -78.796102
v -2.396148 519.545715 -78.817937
v -2.456370 519.736631 -78.862393
v -2.553326 519.908943 -78.916490
v -2.682840 520.055648 -78.977954
v -2.839153 520.170675 -79.044109
v -2.945722 520.223109 -79.085848
v -3.131599 520.276965 -79.153783
v -2.221853 519.343766 -79.164206
v -2.234504 519.469635 -79.194724
v -2.286198 519.663941 -79.258371
v -2.374895 519.838164 -79.337203
v -2.496544 519.984834 -79.427707
v -2.645404 520.097538 -79.525699
v -2.747603 520.147290 -79.587694
v -2.926607 520.194776 -79.688691
v -3.038572 520.239164 -79.426430
v -2.855745 520.188190 -79.341871
v -2.751123 520.136968 -79.289939
v -2.598151 520.022994 -79.207724
v -2.472192 519.876310 -79.131534
v -2.379005 519.703145 -79.064777
v -2.322713 519.510713 -79.010333
v -2.307241 519.386248 -78.983864
v -2.122906 519.296100 -79.336144
v -2.132493 519.423635 -79.370065
v -2.179073 519.620162 -79.442034
v -2.262640 519.795646 -79.532274
v -2.379249 519.942317 -79.636615
v -2.523198 520.053550 -79.750047
v -2.622463 520.101596 -79.821946
v -2.796782 520.145033 -79.939159
v -2.011255 519.244506 -79.498989
v -2.017664 519.373929 -79.535688
v -2.058775 519.572978 -79.615095
v -2.136672 519.749899 -79.716033
v -2.247539 519.896585 -79.833659
v -2.385750 520.006183 -79.962100
v -2.481526 520.052325 -80.043682
v -2.650204 520.091250 -80.176786
v -1.887754 519.190239 -79.652053
v -1.891001 519.321737 -79.690924
v -1.926453 519.523559 -79.776881
v -1.998232 519.702064 -79.887764
v -2.102687 519.848783 -80.018047
v -2.234307 519.956616 -80.160974
v -2.325995 520.000698 -80.251957
v -2.487975 520.034741 -80.400527
v -2.311383 519.976880 -80.609135
v -2.157239 519.947983 -80.445648
v -2.070268 519.906074 -80.345624
v -1.946108 519.800098 -80.188850
v -1.848693 519.653326 -80.046625
v -1.783369 519.473114 -79.926609
v -1.753593 519.268316 -79.835003
v -1.753354 519.134593 -79.794551
v -1.608614 519.078704 -79.926084
v -1.606110 519.214767 -79.967561
v -1.630323 519.422694 -80.063942
v -1.688914 519.604705 -80.192278
v -1.778652 519.751546 -80.345704
v -1.894410 519.855598 -80.515654
v -1.975964 519.895249 -80.624340
v -2.120987 519.918807 -80.802160
v -1.454684 519.023947 -80.045673
v -1.449849 519.162426 -80.087626
v -1.468810 519.373589 -80.187871
v -1.520522 519.557465 -80.323631
v -1.602015 519.704398 -80.487394
v -1.708447 519.806506 -80.669695
v -1.783870 519.843865 -80.786558
v -1.918437 519.862010 -80.977960
v -1.292318 518.971536 -80.152727
v -1.285690 519.112473 -80.194630
v -1.299859 519.326928 -80.297838
v -1.344632 519.512710 -80.440094
v -1.417329 519.659755 -80.613270
v -1.513468 519.759929 -80.807024
v -1.581992 519.795002 -80.931534
v -1.704656 519.807747 -81.135686
v -1.122371 518.922726 -80.246557
v -1.114618 519.066125 -80.287905
v -1.124620 519.283881 -80.393169
v -1.162487 519.471580 -80.540952
v -1.225868 519.618763 -80.722546
v -1.310717 519.717047 -80.926760
v -1.371535 519.749877 -81.058321
v -1.480748 519.757332 -81.274292
v -1.153756 519.709810 -81.166314
v -1.101518 519.679094 -81.028434
v -1.029000 519.582582 -80.814932
v -0.975419 519.435249 -80.626017
v -0.944298 519.245700 -80.473668
v -0.937632 519.024772 -80.367112
v -0.945685 518.879008 -80.326671
v -0.763439 518.841548 -80.392785
v -0.755894 518.989446 -80.432183
v -0.760062 519.213240 -80.539486
v -0.784643 519.404462 -80.695497
v -0.828018 519.551943 -80.890540
v -0.887267 519.646882 -81.111944
v -0.930122 519.675716 -81.255241
v -1.007473 519.673762 -81.491015
v -0.576615 518.811078 -80.444682
v -0.570256 518.960792 -80.483036
v -0.572636 519.187026 -80.590681
v -0.590856 519.379675 -80.749484
v -0.623690 519.527292 -80.949405
v -0.668885 519.620910 -81.177196
v -0.701686 519.648161 -81.324899
v -0.761001 519.642483 -81.568154
v -0.386363 518.788372 -80.482081
v -0.381742 518.939494 -80.519523
v -0.382915 519.167618 -80.627243
v -0.394933 519.361377 -80.787999
v -0.416972 519.509103 -80.991482
v -0.447497 519.601710 -81.224004
v -0.469712 519.627746 -81.374993
v -0.509946 519.619210 -81.623842
v -0.193789 518.774189 -80.504715
v -0.191330 518.926221 -80.541511
v -0.191752 519.155569 -80.649175
v -0.197704 519.350046 -80.811080
v -0.208772 519.497847 -81.016746
v -0.224178 519.589806 -81.252207
v -0.235413 519.615062 -81.405249
v -0.255786 519.604695 -81.657605
v 0.000000 503.122610 -80.500000
v 0.247603 503.114482 -80.487514
v 0.492254 503.091213 -80.450622
v 0.731477 503.054477 -80.390170
v 0.962799 503.005946 -80.307006
v 1.183747 502.947313 -80.201979
v 1.392326 502.881224 -80.076153
v 1.587154 502.810527 -79.930928
v 1.766855 502.737746 -79.767724
v 1.930052 502.665408 -79.587963
v 2.075368 502.596037 -79.393066
v 2.201428 502.532160 -79.184453
v 2.306854 502.476301 -78.963546
v 2.390299 502.430744 -78.732103
v 2.450812 502.396847 -78.492658
v 2.487628 502.375753 -78.247779
v 2.499980 502.368608 -78.000050
v 2.487470 502.376003 -77.752392
v 2.450655 502.397105 -77.507522
v 2.390228 502.430880 -77.268035
v 2.306878 502.476293 -77.036526
v 2.201499 502.532054 -76.815516
v 2.075505 502.595842 -76.606808
v 1.930254 502.665145 -76.411842
v 1.767101 502.737455 -76.232052
v 1.587401 502.810265 -76.068876
v 1.392508 502.881065 -75.923749
v 1.183675 502.947064 -75.798153
v 0.962327 503.005022 -75.693438
v 0.730834 503.053161 -75.610458
v 0.491636 503.089841 -75.550039
v 0.247174 503.113421 -75.513003
v -0.000115 503.122260 -75.500172
v -0.247690 503.114771 -75.512341
v -0.491964 503.091171 -75.549358
v -0.730513 503.053660 -75.610138
v -0.961328 503.004511 -75.693571
v -1.182400 502.946000 -75.798547
v -1.391720 502.880402 -75.923959
v -1.587279 502.809991 -76.068695
v -1.767149 502.737143 -76.231658
v -1.930255 502.665000 -76.411622
v -2.075425 502.596020 -76.606931
v -2.201365 502.532460 -76.815880
v -2.306782 502.476576 -77.036762
v -2.390383 502.430623 -77.267869
v -2.450782 502.396878 -77.507289
v -2.487096 502.376527 -77.752265
v -2.499251 502.369670 -78.000010
v -2.487197 502.376381 -78.247748
v -2.450883 502.396734 -78.492703
v -2.390375 502.430660 -78.732063
v -2.306776 502.476577 -78.963213
v -2.201395 502.532318 -79.184247
v -2.075492 502.595752 -79.393327
v -1.930327 502.664749 -79.588613
v -1.767167 502.737103 -79.768350
v -1.587383 502.810105 -79.931321
v -1.392436 502.881059 -80.076283
v -1.183789 502.947296 -80.201961
v -0.962940 503.006121 -80.307076
v -0.731824 503.055064 -80.390441
v -0.492650 503.091960 -80.450976
v -0.247767 503.114824 -80.487680
v -2.500000 510.868575 -78.000000
v -0.106103 510.868575 -80.497747
v 0.317545 510.868575 -80.479751
v 0.731717 510.868575 -80.390521
v 1.125509 510.868575 -80.232315
v 1.486583 510.868575 -80.009993
v 1.804890 510.868575 -79.729847
v 2.071274 510.868575 -79.399937
v 2.278071 510.868575 -79.029753
v 2.419332 510.868575 -78.629945
v 2.490994 510.868575 -78.212015
v 2.490994 510.868575 -77.787985
v 2.419332 510.868575 -77.370055
v 2.278071 510.868575 -76.970247
v 2.071274 510.868575 -76.600063
v 1.804890 510.868575 -76.270153
v 1.486583 510.868575 -75.990007
v 1.125509 510.868575 -75.767685
v 0.730992 510.868575 -75.609257
v 0.317545 510.868575 -75.520249
v -0.106103 510.868575 -75.502253
v -0.526698 510.868575 -75.556112
v -0.932141 510.868575 -75.680277
v -1.310768 510.868575 -75.871177
v -1.651687 510.868575 -76.123319
v -1.945089 510.868575 -76.429450
v -2.182535 510.868575 -76.780763
v -2.357194 510.868575 -77.167151
v -2.464040 510.868575 -77.577498
v -2.464040 510.868575 -78.422502
v -2.357194 510.868575 -78.832849
v -2.182535 510.868575 -79.219237
v -1.945089 510.868575 -79.570550
v -1.651687 510.868575 -79.876681
v -1.310768 510.868575 -80.128823
v -0.932141 510.868575 -80.319723
v -0.526698 510.868575 -80.443888
v 0.000000 502.211320 -81.911765
v -0.346873 502.202618 -81.892487
v -0.689710 502.177064 -81.835057
v -1.024554 502.135827 -81.740337
v -1.348116 502.081126 -81.609895
v -1.657304 502.015381 -81.445421
v -1.949410 501.941351 -81.248772
v -2.222336 501.862050 -81.021950
v -2.474033 501.780459 -80.766948
v -2.702458 501.699593 -80.485712
v -2.905688 501.622478 -80.180147
v -3.081953 501.551582 -79.852999
v -3.229486 501.489283 -79.507145
v -3.346526 501.437964 -79.145463
v -3.431236 501.400047 -78.770935
v -3.482075 501.377299 -78.387653
v -3.498951 501.369799 -78.000016
v -3.481934 501.377462 -77.612367
v -3.431095 501.400207 -77.229052
v -3.346536 501.437923 -76.854431
v -3.229495 501.489281 -76.492816
v -3.081911 501.551740 -76.147201
v -2.905595 501.622778 -75.820257
v -2.702357 501.699873 -75.514655
v -2.474008 501.780504 -75.233065
v -2.222190 501.861922 -74.978076
v -1.948407 501.940617 -74.751606
v -1.655359 502.013933 -74.555374
v -1.345859 502.079327 -74.391116
v -1.022718 502.134258 -74.260569
v -0.688750 502.176183 -74.165466
v -0.346766 502.202558 -74.107545
v -0.000161 502.210928 -74.088505
v 0.346043 502.201050 -74.108581
v 0.688291 502.174696 -74.166532
v 1.023167 502.133700 -74.261070
v 1.347257 502.079898 -74.390908
v 1.657145 502.015122 -74.554758
v 1.949511 501.941357 -74.751278
v 2.222361 501.862228 -74.978358
v 2.473941 501.780853 -75.233681
v 2.702355 501.700035 -75.514999
v 2.905706 501.622579 -75.820065
v 3.082098 501.551287 -76.146631
v 3.229630 501.488966 -76.492447
v 3.346319 501.438210 -76.854690
v 3.430918 501.400461 -77.229416
v 3.482458 501.376876 -77.612566
v 3.499971 501.368611 -78.000078
v 3.482679 501.376597 -78.387701
v 3.431136 501.400173 -78.770865
v 3.346418 501.438058 -79.145525
v 3.229596 501.488975 -79.507667
v 3.081999 501.551405 -79.853321
v 2.905515 501.622797 -80.179738
v 2.702072 501.700329 -80.484695
v 2.473597 501.781178 -80.765968
v 2.222016 501.862521 -81.021334
v 1.949257 501.941536 -81.248569
v 1.657246 502.015399 -81.445450
v 1.347918 502.080931 -81.609786
v 1.024068 502.135171 -81.739913
v 0.689155 502.176229 -81.834502
v 0.346644 502.202235 -81.892228
v 26.500000 501.368577 -78.000000
v 26.500000 501.405752 -77.160389
v 26.500000 501.516986 -76.327349
v 26.500000 501.701410 -75.507400
v 26.500000 501.957579 -74.706959
v 26.500000 502.283489 -73.932290
v 26.500000 502.676588 -73.189457
v 26.500000 503.133801 -72.484273
v 26.500000 503.651549 -71.822256
v 26.500000 504.225780 -71.208589
v 26.500000 504.852000 -70.648074
v 26.500000 505.525308 -70.145098
v 26.500000 506.240435 -69.703597
v 26.500000 506.991782 -69.327027
v 26.500000 507.773471 -69.018334
v 26.500000 508.579383 -68.779935
v 26.500000 509.403212 -68.613696
v 26.500000 510.238509 -68.520917
v 26.500000 511.078736 -68.502325
v 26.500000 511.917320 -68.558065
v 26.500000 512.747695 -68.687701
v 26.500000 513.563364 -68.890218
v 26.500000 514.357942 -69.164032
v 26.500000 515.125211 -69.506999
v 26.500000 515.859166 -69.916436
v 26.500000 516.554064 -70.389137
v 26.500000 517.204464 -70.921403
v 26.500000 517.805278 -71.509070
v 26.500000 518.351802 -72.147536
v 26.500000 518.839761 -72.831806
v 26.500000 519.265333 -73.556524
v 26.500000 519.625190 -74.316019
v 26.500000 519.916515 -75.104345
v 26.500000 520.137027 -75.915334
v 26.500000 520.285001 -76.742638
v 26.500000 520.359278 -77.579783
v 26.500000 520.359278 -78.420217
v 26.500000 520.285001 -79.257362
v 26.500000 520.137027 -80.084666
v 26.500000 519.916515 -80.895655
v 26.500000 519.625190 -81.683981
v 26.500000 519.265333 -82.443476
v 26.500000 518.839761 -83.168194
v 26.500000 518.351802 -83.852464
v 26.500000 517.805278 -84.490930
v 26.500000 517.204464 -85.078597
v 26.500000 516.554064 -85.610863
v 26.500000 515.859166 -86.083564
v 26.500000 515.125211 -86.493001
v 26.500000 514.357942 -86.835968
v 26.500000 513.563364 -87.109782
v 26.500000 512.747695 -87.312299
v 26.500000 511.917320 -87.441935
v 26.500000 511.078736 -87.497675
v 26.500000 510.238509 -87.479083
v 26.500000 509.403212 -87.386304
v 26.500000 508.579383 -87.220065
v 26.500000 507.773471 -86.981666
v 26.500000 506.991782 -86.672973
v 26.500000 506.240435 -86.296403
v 26.500000 505.525308 -85.854902
v 26.500000 504.852000 -85.351926
v 26.500000 504.225780 -84.791411
v 26.500000 503.651549 -84.177744
v 26.500000 503.133801 -83.515727
v 26.500000 502.676588 -82.810543
v 26.500000 502.283489 -82.067710
v 26.500000 501.957579 -81.293041
v 26.500000 501.701410 -80.492600
v 26.500000 501.516986 -79.672651
v 26.500000 501.405752 -78.839611
v -26.500000 501.368577 -78.000000
v -26.500000 501.405752 -78.839611
v -26.500000 501.516986 -79.672651
v -26.500000 501.701410 -80.492600
v -26.500000 501.957579 -81.293041
v -26.500000 502.283489 -82.067710
v -26.500000 502.676588 -82.810543
v -26.500000 503.133801 -83.515727
v -26.500000 503.651549 -84.177744
v -26.500000 504.225780 -84.791411
v -26.500000 504.852000 -85.351926
v -26.500000 505.525308 -85.854902
v -26.500000 506.240435 -86.296403
v -26.500000 506.991782 -86.672973
v -26.500000 507.773471 -86.981666
v -26.500000 508.579383 -87.220065
v -26.500000 509.403212 -87.386304
v -26.500000 510.238509 -87.479083
v -26.500000 511.078736 -87.497675
v -26.500000 511.917320 -87.441935
v -26.500000 512.747695 -87.312299
v -26.500000 513.563364 -87.109782
v -26.500000 514.357942 -86.835968
v -26.500000 515.125211 -86.493001
v -26.500000 515.859166 -86.083564
v -26.500000 516.554064 -85.610863
v -26.500000 517.204464 -85.078597
v -26.500000 517.805278 -84.490930
v -26.500000 518.351802 -83.852464
v -26.500000 518.839761 -83.168194
v -26.500000 519.265333 -82.443476
v -26.500000 519.625190 -81.683981
v -26.500000 519.916515 -80.895655
v -26.500000 520.137027 -80.084666
v -26.500000 520.285001 -79.257362
v -26.500000 520.359278 -78.420217
v -26.500000 520.359278 -77.579783
v -26.500000 520.285001 -76.742638
v -26.500000 520.137027 -75.915334
v -26.500000 519.916515 -75.104345
v -26.500000 519.625190 -74.316019
v -26.500000 519.265333 -73.556524
v -26.500000 518.839761 -72.831806
v -26.500000 518.351802 -72.147536
v -26.500000 517.805278 -71.509070
v -26.500000 517.204464 -70.921403
v -26.500000 516.554064 -70.389137
v -26.500000 515.859166 -69.916436
v -26.500000 515.125211 -69.506999
v -26.500000 514.357942 -69.164032
v -26.500000 513.563364 -68.890218
v -26.500000 512.747695 -68.687701
v -26.500000 511.917320 -68.558065
v -26.500000 511.078736 -68.502325
v -26.500000 510.238509 -68.520917
v -26.500000 509.403212 -68.613696
v -26.500000 508.579383 -68.779935
v -26.500000 507.773471 -69.018334
v -26.500000 506.991782 -69.327027
v -26.500000 506.240435 -69.703597
v -26.500000 505.525308 -70.145098
v -26.500000 504.852000 -70.648074
v -26.500000 504.225780 -71.208589
v -26.500000 503.651549 -71.822256
v -26.500000 503.133801 -72.484273
v -26.500000 502.676588 -73.189457
v -26.500000 502.283489 -73.932290
v -26.500000 501.957579 -74.706959
v -26.500000 501.701410 -75.507400
v -26.500000 501.516986 -76.327349
v -26.500000 501.405752 -77.160389
v 8.833333 501.368577 -78.000000
v -8.833333 501.368577 -78.000000
v -8.833333 502.283489 -82.067710
v 8.833333 502.283489 -82.067710
v 8.833333 502.235062 -81.963891
v -8.833333 501.957579 -81.293041
v -8.833333 501.700024 -80.487496
v -8.833333 501.516986 -79.672651
v -8.833333 501.405752 -78.839611
v -8.833333 501.405752 -77.160389
v -8.833333 501.516986 -76.327349
v -8.833333 501.699969 -75.512705
v -8.833333 501.957579 -74.706959
v 8.833333 502.283489 -73.932290
v -8.833333 502.283489 -73.932290
v 8.833333 501.957579 -74.706959
v 8.833333 501.699913 -75.512912
v 8.833333 501.516986 -76.327349
v 8.833333 501.405752 -77.160389
v 8.833333 501.405752 -78.839611
v 8.833333 501.516986 -79.672651
v 8.833333 501.699871 -80.486932
v 8.833333 501.957579 -81.293041
v 8.833333 502.676588 -73.189457
v -8.833333 502.676588 -73.189457
v 8.833333 503.133801 -72.484273
v -8.833333 503.133801 -72.484273
v 8.833333 503.651549 -71.822256
v -8.833333 503.651549 -71.822256
v 8.833333 504.225780 -71.208589
v -8.833333 504.225780 -71.208589
v 8.833333 504.852000 -70.648074
v -8.833333 504.852000 -70.648074
v 8.833333 505.525308 -70.145098
v -8.833333 505.525308 -70.145098
v 8.833333 506.240435 -69.703597
v -8.833333 506.240435 -69.703597
v 8.833333 506.991782 -69.327027
v -8.833333 506.991782 -69.327027
v 8.833333 507.773471 -69.018334
v -8.833333 507.773471 -69.018334
v 8.833333 508.579383 -68.779935
v -8.833333 508.579383 -68.779935
v 8.833333 509.403212 -68.613696
v -8.833333 509.403212 -68.613696
v 8.833333 510.238509 -68.520917
v -8.833333 510.238509 -68.520917
v 8.833333 511.078736 -68.502325
v -8.833333 511.078736 -68.502325
v 8.833333 511.917320 -68.558065
v -8.833333 511.917320 -68.558065
v 8.833333 512.747695 -68.687701
v -8.833333 512.747695 -68.687701
v 8.833333 513.563364 -68.890218
v -8.833333 513.563364 -68.890218
v 8.833333 514.357942 -69.164032
v -8.833333 514.357942 -69.164032
v 8.833333 515.125211 -69.506999
v -8.833333 515.125211 -69.506999
v 8.833333 515.859166 -69.916436
v -8.833333 515.859166 -69.916436
v 8.833333 516.554064 -70.389137
v -8.833333 516.554064 -70.389137
v 8.833333 517.204464 -70.921403
v -8.833333 517.204464 -70.921403
v 8.833333 517.805278 -71.509070
v -8.833333 517.805278 -71.509070
v 8.833333 518.351802 -72.147536
v -8.833333 518.351802 -72.147536
v 8.833333 518.839761 -72.831806
v -8.833333 518.839761 -72.831806
v 8.833333 519.265333 -73.556524
v -8.833333 519.265333 -73.556524
v 8.833333 519.625190 -74.316019
v 8.833333 519.442808 -73.909455
v 8.833333 519.916515 -75.104345
v 8.833333 520.137027 -75.915334
v 8.833333 520.285001 -76.742638
v 8.833333 520.359278 -77.579783
v 8.833333 520.359278 -78.420217
v 8.833333 520.285001 -79.257362
v 8.833333 520.137027 -80.084666
v 8.833333 519.916515 -80.895655
v 8.833333 519.625190 -81.683981
v 8.833333 519.265333 -82.443476
v -8.833333 519.265333 -82.443476
v -8.833333 519.625190 -81.683981
v 8.833333 518.839761 -83.168194
v -8.833333 518.839761 -83.168194
v 8.833333 518.351802 -83.852464
v -8.833333 518.351802 -83.852464
v 8.833333 517.805278 -84.490930
v -8.833333 517.805278 -84.490930
v 8.833333 517.204464 -85.078597
v -8.833333 517.204464 -85.078597
v 8.833333 516.554064 -85.610863
v -8.833333 516.554064 -85.610863
v 8.833333 515.859166 -86.083564
v -8.833333 515.859166 -86.083564
v 8.833333 515.125211 -86.493001
v -8.833333 515.125211 -86.493001
v 8.833333 514.357942 -86.835968
v -8.833333 514.357942 -86.835968
v 8.833333 513.563364 -87.109782
v -8.833333 513.563364 -87.109782
v 8.833333 512.747695 -87.312299
v -8.833333 512.747695 -87.312299
v 8.833333 511.917320 -87.441935
v -8.833333 511.917320 -87.441935
v 8.833333 511.078736 -87.497675
v -8.833333 511.078736 -87.497675
v 8.833333 510.238509 -87.479083
v -8.833333 510.238509 -87.479083
v 8.833333 509.403212 -87.386304
v -8.833333 509.403212 -87.386304
v 8.833333 508.579383 -87.220065
v -8.833333 508.579383 -87.220065
v 8.833333 507.773471 -86.981666
v -8.833333 507.773471 -86.981666
v 8.833333 506.991782 -86.672973
v -8.833333 506.991782 -86.672973
v 8.833333 506.240435 -86.296403
v -8.833333 506.240435 -86.296403
v 8.833333 505.525308 -85.854902
v -8.833333 505.525308 -85.854902
v 8.833333 504.852000 -85.351926
v -8.833333 504.852000 -85.351926
v 8.833333 504.225780 -84.791411
v -8.833333 504.225780 -84.791411
v 8.833333 503.651549 -84.177744
v -8.833333 503.651549 -84.177744
v 8.833333 503.133801 -83.515727
v -8.833333 503.133801 -83.515727
v 8.833333 502.676588 -82.810543
v -8.833333 502.676588 -82.810543
v -8.833333 519.916515 -80.895655
v -8.833333 520.137027 -80.084666
v -8.833333 520.285001 -79.257362
v -8.833333 520.359278 -78.420217
v -8.833333 520.359278 -77.579783
v -8.833333 520.285001 -76.742638
v -8.833333 520.137027 -75.915334
v -8.833333 519.916515 -75.104345
v -8.833333 519.625190 -74.316019
v 0.000000 502.137882 -81.674100
v 0.000000 502.125377 -81.425662
v 0.000000 502.174578 -81.181824
v 0.000000 502.282442 -80.957674
v 0.000000 502.442293 -80.767082
v 0.000000 502.644241 -80.621841
v 0.000000 502.875789 -80.530939
v -2.121322 501.818073 -80.803126
v -2.926484 501.542633 -79.688300
v -1.245826 502.023398 -74.607621
v 2.121290 501.818215 -75.197325
v 2.926691 501.542312 -76.311265
v 1.247823 502.024864 -81.392927
v -0.193832 502.963181 -80.504794
v -0.191312 502.811128 -80.541562
v -0.191664 502.581755 -80.649198
v -0.197583 502.387264 -80.811099
v -0.208659 502.239461 -81.016781
v -0.224107 502.147515 -81.252274
v -0.235384 502.122274 -81.405342
v -0.255844 502.132678 -81.657742
v -0.386489 502.949364 -80.482291
v -0.381701 502.798192 -80.519661
v -0.382678 502.570002 -80.627310
v -0.394606 502.376205 -80.788057
v -0.416665 502.228473 -80.991583
v -0.447310 502.135900 -81.224187
v -0.469642 502.109903 -81.375243
v -0.510117 502.118532 -81.624208
v -0.576786 502.926757 -80.444927
v -0.570221 502.776988 -80.483202
v -0.572358 502.550684 -80.590773
v -0.590469 502.357993 -80.749566
v -0.623329 502.210371 -80.949537
v -0.668672 502.116790 -81.177419
v -0.701619 502.089582 -81.325196
v -0.761233 502.095363 -81.568577
v -0.763577 502.896071 -80.392947
v -0.755887 502.748137 -80.432294
v -0.759886 502.524296 -80.539547
v -0.784390 502.333047 -80.695553
v -0.827784 502.185563 -80.890629
v -0.887139 502.090648 -81.112094
v -0.930098 502.061843 -81.255439
v -1.007661 502.063866 -81.491296
v -1.122413 502.814415 -80.246536
v -1.114660 502.671015 -80.287885
v -1.124663 502.453261 -80.393149
v -1.162532 502.265563 -80.540930
v -1.225915 502.118381 -80.722522
v -1.310767 502.020096 -80.926734
v -1.371587 501.987266 -81.058294
v -1.480804 501.979810 -81.274262
v -1.247959 502.025024 -81.392997
v -1.153809 502.027478 -81.166358
v -1.101531 502.058184 -81.028462
v -1.028970 502.154689 -80.814942
v -0.975380 502.302022 -80.626018
v -0.944284 502.491579 -80.473671
v -0.937679 502.712522 -80.367132
v -0.945783 502.858298 -80.326709
v -1.292385 502.765552 -80.152835
v -1.285755 502.624634 -80.194786
v -1.299926 502.410208 -80.298047
v -1.344705 502.224444 -80.440323
v -1.417409 502.077402 -80.613491
v -1.513556 501.977217 -80.807216
v -1.582085 501.942130 -80.931701
v -1.704754 501.929352 -81.135808
v -1.454816 502.713016 -80.046109
v -1.449969 502.574606 -80.088230
v -1.468931 502.363541 -80.188661
v -1.520660 502.179724 -80.324496
v -1.602174 502.032803 -80.488236
v -1.708628 501.930657 -80.670442
v -1.784063 501.893248 -80.787223
v -1.918646 501.874990 -80.978469
v -1.608822 502.658108 -79.926904
v -1.606296 502.522172 -79.968685
v -1.630512 502.314420 -80.065402
v -1.689132 502.132516 -80.193877
v -1.778907 501.985696 -80.347266
v -1.894702 501.881575 -80.517046
v -1.976276 501.841836 -80.625583
v -1.888012 502.546398 -79.653227
v -1.891251 502.415064 -79.692502
v -1.926729 502.213467 -79.778906
v -1.998555 502.035098 -79.889973
v -2.103056 501.888406 -80.020211
v -2.234710 501.780484 -80.162920
v -2.326411 501.736286 -80.253711
v -2.488395 501.701976 -80.401926
v -2.311617 501.759950 -80.610665
v -2.157468 501.789108 -80.447516
v -2.070485 501.831129 -80.347672
v -1.946297 501.937192 -80.191098
v -1.848848 502.083934 -80.048903
v -1.783496 502.264007 -79.928690
v -1.753720 502.468577 -79.836629
v -1.753510 502.602134 -79.795771
v -2.011414 502.492311 -79.499796
v -2.017813 502.363009 -79.536789
v -2.058939 502.164126 -79.616520
v -2.136867 501.987306 -79.717591
v -2.247768 501.840640 -79.835180
v -2.386006 501.730977 -79.963457
v -2.481791 501.684750 -80.044897
v -2.650474 501.645630 -80.177736
v -2.122920 502.441026 -79.336365
v -2.132482 502.313552 -79.370420
v -2.179045 502.117109 -79.442536
v -2.262617 501.941677 -79.532832
v -2.379242 501.795018 -79.637147
v -2.523213 501.683754 -79.750490
v -2.622493 501.635666 -79.822314
v -2.796836 501.592135 -79.939385
v -2.221750 502.393620 -79.163925
v -2.234363 502.267759 -79.194439
v -2.286014 502.073467 -79.258079
v -2.374690 501.899253 -79.336901
v -2.496341 501.752587 -79.427389
v -2.645220 501.639882 -79.525358
v -2.747440 501.590126 -79.587336
v -3.038523 501.498225 -79.425638
v -2.855654 501.549180 -79.341090
v -2.751012 501.600394 -79.289164
v -2.598021 501.714361 -79.206965
v -2.472060 501.861045 -79.130802
v -2.378892 502.034216 -79.064090
v -2.322637 502.226660 -79.009714
v -2.307196 502.351134 -78.983301
v -2.378262 502.314756 -78.795988
v -2.396184 502.191427 -78.817812
v -2.456405 502.000508 -78.862253
v -2.553360 501.828196 -78.916342
v -2.682875 501.681490 -78.977801
v -2.839191 501.566465 -79.043954
v -2.945764 501.514032 -79.085693
v -3.131647 501.460179 -79.153628
v -2.434383 502.285456 -78.602475
v -2.454334 502.163022 -78.619254
v -2.517758 501.973295 -78.653139
v -2.617728 501.801651 -78.694125
v -2.750036 501.654922 -78.740525
v -2.908930 501.539058 -78.790364
v -3.016984 501.485660 -78.821779
v -3.205164 501.429514 -78.872897
v -2.474616 502.264367 -78.404242
v -2.496030 502.142571 -78.415620
v -2.561760 501.953694 -78.438471
v -2.663893 501.782526 -78.465993
v -2.798200 501.635780 -78.497071
v -2.958935 501.519315 -78.530404
v -3.068046 501.465227 -78.551402
v -3.257863 501.407439 -78.585562
v -2.498712 502.251769 -78.202905
v -2.520998 502.130356 -78.208652
v -2.588105 501.941987 -78.220157
v -2.691532 501.771106 -78.233978
v -2.827037 501.624349 -78.249560
v -2.988877 501.507524 -78.266259
v -3.098625 501.453023 -78.276774
v -3.289426 501.394252 -78.293878
v -3.299891 501.389914 -78.000053
v -3.108759 501.449011 -78.000052
v -2.998799 501.503648 -78.000051
v -2.836589 501.620592 -78.000049
v -2.700686 501.767352 -78.000047
v -2.596831 501.938138 -78.000045
v -2.529272 502.126337 -78.000041
v -2.506700 502.247624 -78.000038
v -2.498612 502.251893 -77.797116
v -2.520886 502.130478 -77.791372
v -2.587978 501.942109 -77.779871
v -2.691397 501.771227 -77.766052
v -2.826898 501.624471 -77.750468
v -2.988740 501.507648 -77.733769
v -3.098490 501.453150 -77.723253
v -3.289298 501.394383 -77.706147
v -2.474476 502.264538 -77.595763
v -2.495874 502.142741 -77.584387
v -2.561583 501.953862 -77.561539
v -2.663704 501.782695 -77.534017
v -2.798007 501.635949 -77.502938
v -2.958744 501.519487 -77.469603
v -3.067859 501.465402 -77.448604
v -3.257684 501.407620 -77.414442
v -2.434325 502.285523 -77.397505
v -2.454269 502.163088 -77.380726
v -2.517686 501.973361 -77.346840
v -2.617651 501.801717 -77.305852
v -2.749957 501.654988 -77.259450
v -2.908851 501.539125 -77.209610
v -3.016907 501.485729 -77.178193
v -3.205090 501.429585 -77.127072
v -2.378281 502.314712 -77.203930
v -2.396208 502.191384 -77.182099
v -2.456436 502.000466 -77.137650
v -2.553394 501.828154 -77.083555
v -2.682910 501.681448 -77.022092
v -2.839223 501.566422 -76.955937
v -2.945793 501.513988 -76.914196
v -3.131670 501.460133 -76.846259
v -2.221717 502.393717 -76.836217
v -2.234317 502.267844 -76.805741
v -2.285950 502.073536 -76.742143
v -2.374614 501.899311 -76.663337
v -2.496262 501.752644 -76.572845
v -2.645147 501.639946 -76.474858
v -2.747374 501.590199 -76.412864
v -2.926434 501.542728 -76.311873
v -3.038534 501.498214 -76.574346
v -2.855665 501.549162 -76.658905
v -2.751022 501.600374 -76.710838
v -2.598032 501.714339 -76.793046
v -2.472072 501.861023 -76.869212
v -2.378904 502.034198 -76.935922
v -2.322649 502.226647 -76.990289
v -2.307208 502.351126 -77.016694
v -2.122840 502.441233 -76.663935
v -2.132375 502.313739 -76.629945
v -2.178902 502.117269 -76.557902
v -2.262451 501.941821 -76.467637
v -2.379070 501.795160 -76.363319
v -2.523052 501.683908 -76.249949
v -2.622347 501.635837 -76.178101
v -2.796722 501.592342 -76.060989
v -2.011306 502.492573 -76.500575
v -2.017671 502.363248 -76.463660
v -2.058752 502.164334 -76.384013
v -2.136653 501.987495 -76.282980
v -2.247547 501.840827 -76.165389
v -2.385798 501.731179 -76.037082
v -2.481600 501.684970 -75.955616
v -2.650323 501.645893 -75.822731
v -1.887920 502.546599 -76.347044
v -1.891134 502.415248 -76.307827
v -1.926578 502.213628 -76.221485
v -1.998383 502.035245 -76.110445
v -2.102878 501.888551 -75.980205
v -2.234542 501.780640 -75.837475
v -2.326255 501.736457 -75.746663
v -2.488268 501.702179 -75.598414
v -2.311605 501.759988 -75.389371
v -2.157445 501.789148 -75.552515
v -2.070456 501.831169 -75.652358
v -1.946263 501.937233 -75.808929
v -1.848813 502.083975 -75.951123
v -1.783466 502.264046 -76.071336
v -1.753700 502.468614 -76.163397
v -1.753498 502.602169 -76.204255
v -1.608797 502.658068 -76.073060
v -1.606283 502.522142 -76.031257
v -1.630515 502.314404 -75.934515
v -1.689142 502.132509 -75.806032
v -1.778917 501.985691 -75.652648
v -1.894703 501.881564 -75.482882
v -1.976267 501.841817 -75.374358
v -2.121294 501.818037 -75.196838
v -1.454620 502.712591 -75.954058
v -1.449974 502.574165 -75.911968
v -1.469168 502.363076 -75.811582
v -1.520997 502.179244 -75.675779
v -1.602479 502.032318 -75.512055
v -1.708784 501.930175 -75.329847
v -1.784077 501.892772 -75.213056
v -1.918369 501.874525 -75.021782
v -1.291938 502.764570 -75.847627
v -1.285783 502.623596 -75.805782
v -1.300499 502.409093 -75.702665
v -1.345510 502.223281 -75.560481
v -1.418137 502.076223 -75.387344
v -1.513931 501.976054 -75.193594
v -1.582127 501.940991 -75.069067
v -1.704115 501.928265 -74.864863
v -1.121762 502.812936 -75.754165
v -1.114712 502.669461 -75.712960
v -1.125523 502.451605 -75.607896
v -1.163737 502.263842 -75.460246
v -1.227006 502.116638 -75.278705
v -1.311338 502.018372 -75.074467
v -1.371665 501.985571 -74.942855
v -1.479874 501.978180 -74.726760
v -0.762965 502.894556 -75.607724
v -0.755946 502.746588 -75.568451
v -0.760721 502.522702 -75.461318
v -0.785560 502.331423 -75.305412
v -0.828850 502.183923 -75.110402
v -0.887711 502.089006 -74.888963
v -0.930198 502.060202 -74.745613
v -1.006794 502.062225 -74.509719
v -1.152859 502.025792 -74.834400
v -1.101164 502.056472 -74.972356
v -1.029233 502.152959 -75.185917
v -0.975813 502.300314 -75.374810
v -0.944370 502.489932 -75.527047
v -0.936894 502.710972 -75.633412
v -0.944230 502.856819 -75.673710
v -0.576364 502.925674 -75.555537
v -0.570259 502.775899 -75.517286
v -0.572928 502.549585 -75.409770
v -0.591270 502.356885 -75.251034
v -0.624060 502.209256 -75.051116
v -0.669066 502.115664 -74.823272
v -0.701689 502.088446 -74.675510
v -0.760640 502.094203 -74.432139
v -0.386308 502.948907 -75.517898
v -0.381706 502.797739 -75.480529
v -0.382898 502.569553 -75.372890
v -0.394920 502.375758 -75.212163
v -0.416951 502.228025 -75.008661
v -0.447458 502.135443 -74.776080
v -0.469660 502.109439 -74.625037
v -0.509865 502.118048 -74.376090
v -0.193808 502.963188 -75.495204
v -0.191291 502.811133 -75.458439
v -0.191646 502.581756 -75.350807
v -0.197566 502.387263 -75.188908
v -0.208640 502.239460 -74.983225
v -0.224084 502.147515 -74.747729
v -0.235359 502.122276 -74.594658
v -0.255812 502.132683 -74.342252
v -0.000216 502.137146 -74.331234
v -0.000098 502.126189 -74.584732
v -0.000041 502.151195 -74.738445
v 0.000020 502.242945 -74.974866
v 0.000035 502.390769 -75.181248
v -0.000001 502.585476 -75.343537
v -0.000087 502.815216 -75.451198
v -0.000162 502.967542 -75.487796
v 0.193664 502.962092 -75.495603
v 0.191421 502.810137 -75.458690
v 0.192099 502.580894 -75.350913
v 0.198167 502.386481 -75.188990
v 0.209211 502.238689 -74.983391
v 0.224463 502.146680 -74.748059
v 0.235550 502.121361 -74.595117
v 0.255613 502.131582 -74.342945
v 0.386170 502.947587 -75.518361
v 0.381866 502.796561 -75.480775
v 0.383413 502.568568 -75.372918
v 0.395601 502.374888 -75.212144
v 0.417602 502.227172 -75.008749
v 0.447903 502.134501 -74.776395
v 0.469899 502.108386 -74.625533
v 0.509679 502.116736 -74.376915
v 0.576390 502.924777 -75.555805
v 0.570397 502.775157 -75.517312
v 0.573209 502.549053 -75.409537
v 0.591625 502.356480 -75.250724
v 0.624414 502.208873 -75.050896
v 0.669350 502.115190 -74.823275
v 0.701897 502.087860 -74.675700
v 0.760688 502.093352 -74.432675
v 0.763224 502.894417 -75.607672
v 0.756035 502.746595 -75.568162
v 0.760624 502.522906 -75.460759
v 0.785394 502.331745 -75.304747
v 0.828726 502.184271 -75.109786
v 0.887722 502.089278 -74.888526
v 0.930332 502.060378 -74.745337
v 1.007174 502.062177 -74.509753
v 1.122344 502.814052 -75.753612
v 1.114711 502.670670 -75.712240
v 1.124856 502.452939 -75.606957
v 1.162789 502.265254 -75.459181
v 1.226157 502.118073 -75.277613
v 1.310924 502.019775 -75.073438
v 1.371661 501.986929 -74.941904
v 1.480706 501.979435 -74.725981
v 1.247380 502.024006 -74.607547
v 1.153723 502.026580 -74.834046
v 1.101684 502.057338 -74.971861
v 1.029375 502.153884 -75.185272
v 0.975838 502.301214 -75.374135
v 0.944577 502.490724 -75.526483
v 0.937588 502.711588 -75.633099
v 0.945363 502.857305 -75.673610
v 1.292431 502.765553 -75.847156
v 1.285788 502.624645 -75.805187
v 1.299948 502.410232 -75.701906
v 1.344724 502.224476 -75.559622
v 1.417434 502.077436 -75.386458
v 1.513592 501.977247 -75.192747
v 1.582131 501.942153 -75.068274
v 1.704819 501.929360 -74.864190
v 1.454856 502.713068 -75.953987
v 1.449990 502.574658 -75.911876
v 1.468931 502.363592 -75.811456
v 1.520650 502.179775 -75.675626
v 1.602167 502.032855 -75.511888
v 1.708637 501.930710 -75.329683
v 1.784086 501.893302 -75.212902
v 1.918698 501.875045 -75.021656
v 1.608812 502.658268 -76.073465
v 1.606271 502.522292 -76.031788
v 1.630463 502.314486 -75.935186
v 1.689063 502.132550 -75.806760
v 1.778831 501.985724 -75.653363
v 1.894632 501.881625 -75.483532
v 1.976217 501.841914 -75.374950
v 1.887927 502.546724 -76.347527
v 1.891151 502.415303 -76.308479
v 1.926592 502.213587 -76.222325
v 1.998383 502.035146 -76.111364
v 2.102864 501.888440 -75.981106
v 2.234516 501.780566 -75.838284
v 2.326227 501.736430 -75.747392
v 2.488241 501.702263 -75.598992
v 2.311643 501.760139 -75.390281
v 2.157459 501.789175 -75.553578
v 2.070462 501.831144 -75.653503
v 1.946267 501.937166 -75.810162
v 1.848826 502.083922 -75.952363
v 1.783495 502.264059 -76.072474
v 1.753741 502.468734 -76.164309
v 1.753536 502.602368 -76.204965
v 2.011394 502.492483 -76.500692
v 2.017790 502.363117 -76.463860
v 2.058898 502.164147 -76.384306
v 2.136806 501.987274 -76.283308
v 2.247693 501.840598 -76.165703
v 2.385926 501.730969 -76.037341
v 2.481716 501.684786 -75.955826
v 2.650414 501.645769 -75.822850
v 2.123005 502.440931 -76.663668
v 2.132588 502.313430 -76.629665
v 2.179171 502.116950 -76.557606
v 2.262748 501.941495 -76.467331
v 2.379369 501.794831 -76.363004
v 2.523329 501.683579 -76.249622
v 2.622601 501.635508 -76.177765
v 2.796928 501.592014 -76.060631
v 2.221912 502.393317 -76.835745
v 2.234565 502.267460 -76.805194
v 2.286265 502.073174 -76.741513
v 2.374968 501.898963 -76.662669
v 2.496623 501.752296 -76.572173
v 2.645486 501.639584 -76.474204
v 2.747688 501.589821 -76.412228
v 2.378161 502.314867 -77.204032
v 2.396073 502.191540 -77.182204
v 2.456283 502.000624 -77.137759
v 2.553231 501.828313 -77.083671
v 2.682744 501.681608 -77.022214
v 2.839060 501.566583 -76.956067
v 2.945634 501.514151 -76.914333
v 3.131519 501.460299 -76.846405
v 3.038605 501.497981 -76.573679
v 2.855776 501.548956 -76.658231
v 2.751153 501.600178 -76.710160
v 2.598180 501.714153 -76.792368
v 2.472219 501.860836 -76.868552
v 2.379031 502.034000 -76.935304
v 2.322738 502.226431 -76.989744
v 2.307266 502.350897 -77.016211
v 2.434055 502.285893 -77.397771
v 2.453960 502.163455 -77.381015
v 2.517331 501.973725 -77.347155
v 2.617270 501.802080 -77.306186
v 2.749568 501.655353 -77.259796
v 2.908470 501.539496 -77.209963
v 3.016537 501.486106 -77.178550
v 3.204745 501.429978 -77.127438
v 2.474529 502.264500 -77.595984
v 2.495929 502.142703 -77.584626
v 2.561641 501.953823 -77.561799
v 2.663764 501.782655 -77.534292
v 2.798068 501.635909 -77.503223
v 2.958808 501.519447 -77.469895
v 3.067924 501.465362 -77.448900
v 3.257752 501.407580 -77.414746
v 2.499168 502.251216 -77.797226
v 2.521509 502.129805 -77.791489
v 2.588680 501.941439 -77.779998
v 2.692145 501.770558 -77.766186
v 2.827663 501.623799 -77.750609
v 2.989498 501.506965 -77.733914
v 3.099234 501.452456 -77.723401
v 3.290008 501.393663 -77.706301
v 2.499337 502.250994 -78.202946
v 2.521700 502.129584 -78.208694
v 2.588898 501.941220 -78.220200
v 2.692379 501.770340 -78.234024
v 2.827901 501.623579 -78.249611
v 2.989732 501.506742 -78.266313
v 3.099462 501.452229 -78.276831
v 3.290222 501.393427 -78.293940
v 3.300980 501.388789 -78.000090
v 3.109903 501.447928 -78.000085
v 2.999967 501.502582 -78.000082
v 2.837770 501.619542 -78.000078
v 2.701842 501.766308 -78.000074
v 2.597914 501.937093 -78.000069
v 2.530230 502.125286 -78.000065
v 2.507554 502.246567 -78.000063
v 2.474734 502.264225 -78.404216
v 2.496162 502.142429 -78.415588
v 2.561907 501.953552 -78.438432
v 2.664050 501.782384 -78.465953
v 2.798360 501.635637 -78.497033
v 2.959094 501.519170 -78.530369
v 3.068203 501.465080 -78.551369
v 3.258013 501.407287 -78.585532
v 2.434210 502.285675 -78.602410
v 2.454138 502.163239 -78.619179
v 2.517535 501.973510 -78.653054
v 2.617489 501.801865 -78.694036
v 2.749792 501.655138 -78.740436
v 2.908689 501.539277 -78.790277
v 3.016749 501.485884 -78.821694
v 3.204943 501.429747 -78.872815
v 2.378225 502.314762 -78.796102
v 2.396149 502.191435 -78.817937
v 2.456372 502.000520 -78.862393
v 2.553327 501.828209 -78.916491
v 2.682841 501.681504 -78.977955
v 2.839154 501.566477 -79.044109
v 2.945723 501.514043 -79.085848
v 3.131600 501.460187 -79.153783
v 2.221852 502.393388 -79.164203
v 2.234503 502.267517 -79.194720
v 2.286198 502.073212 -79.258366
v 2.374894 501.898989 -79.337198
v 2.496543 501.752320 -79.427702
v 2.645403 501.639616 -79.525694
v 2.747603 501.589864 -79.587690
v 2.926606 501.542379 -79.688687
v 3.038573 501.497989 -79.426429
v 2.855746 501.548963 -79.341871
v 2.751123 501.600185 -79.289938
v 2.598152 501.714159 -79.207724
v 2.472193 501.860842 -79.131534
v 2.379006 502.034006 -79.064777
v 2.322713 502.226438 -79.010333
v 2.307241 502.350904 -78.983864
v 2.122905 502.441055 -79.336140
v 2.132492 502.313519 -79.370060
v 2.179072 502.116992 -79.442028
v 2.262639 501.941508 -79.532268
v 2.379247 501.794838 -79.636609
v 2.523196 501.683606 -79.750041
v 2.622462 501.635559 -79.821941
v 2.796782 501.592123 -79.939153
v 2.011255 502.492649 -79.498986
v 2.017663 502.363225 -79.535684
v 2.058774 502.164176 -79.615091
v 2.136670 501.987256 -79.716029
v 2.247537 501.840570 -79.833654
v 2.385749 501.730973 -79.962095
v 2.481525 501.684830 -80.043678
v 2.650204 501.645906 -80.176782
v 1.887754 502.546915 -79.652052
v 1.891001 502.415416 -79.690923
v 1.926453 502.213596 -79.776881
v 1.998231 502.035091 -79.887763
v 2.102686 501.888372 -80.018046
v 2.234306 501.780540 -80.160972
v 2.325996 501.736458 -80.251955
v 2.487976 501.702414 -80.400524
v 2.311386 501.760275 -80.609133
v 2.157242 501.789173 -80.445649
v 2.070269 501.831081 -80.345624
v 1.946109 501.937057 -80.188851
v 1.848694 502.083829 -80.046627
v 1.783370 502.264040 -79.926611
v 1.753594 502.468836 -79.835004
v 1.753356 502.602560 -79.794551
v 1.608616 502.658448 -79.926087
v 1.606110 502.522385 -79.967565
v 1.630324 502.314459 -80.063948
v 1.688915 502.132450 -80.192285
v 1.778652 501.985610 -80.345711
v 1.894411 501.881557 -80.515659
v 1.975966 501.841906 -80.624345
v 2.120990 501.818347 -80.802163
v 1.454685 502.713205 -80.045677
v 1.449850 502.574725 -80.087631
v 1.468810 502.363564 -80.187879
v 1.520523 502.179689 -80.323639
v 1.602016 502.032757 -80.487401
v 1.708448 501.930649 -80.669701
v 1.783872 501.893289 -80.786564
v 1.918440 501.875143 -80.977964
v 1.292320 502.765616 -80.152730
v 1.285691 502.624678 -80.194634
v 1.299860 502.410224 -80.297844
v 1.344633 502.224444 -80.440101
v 1.417330 502.077399 -80.613276
v 1.513469 501.977225 -80.807029
v 1.581994 501.942152 -80.931538
v 1.704658 501.929406 -81.135689
v 1.122371 502.814425 -80.246556
v 1.114618 502.671025 -80.287905
v 1.124621 502.453270 -80.393170
v 1.162488 502.265572 -80.540952
v 1.225869 502.118390 -80.722546
v 1.310718 502.020106 -80.926760
v 1.371536 501.987276 -81.058322
v 1.480749 501.979821 -81.274292
v 1.153757 502.027340 -81.166314
v 1.101519 502.058056 -81.028433
v 1.029002 502.154568 -80.814932
v 0.975422 502.301901 -80.626017
v 0.944300 502.491448 -80.473668
v 0.937632 502.712376 -80.367112
v 0.945683 502.858140 -80.326670
v 0.763438 502.895599 -80.392783
v 0.755894 502.747701 -80.432182
v 0.760065 502.523908 -80.539486
v 0.784647 502.332687 -80.695496
v 0.828021 502.185205 -80.890539
v 0.887269 502.090267 -81.111942
v 0.930124 502.061433 -81.255239
v 1.007472 502.063386 -81.491012
v 0.576614 502.926070 -80.444681
v 0.570257 502.776354 -80.483035
v 0.572639 502.550122 -80.590681
v 0.590859 502.357474 -80.749484
v 0.623693 502.209858 -80.949404
v 0.668887 502.116240 -81.177194
v 0.701687 502.088988 -81.324898
v 0.761000 502.094666 -81.568152
v 0.386362 502.948778 -80.482080
v 0.381742 502.797655 -80.519523
v 0.382917 502.569531 -80.627243
v 0.394935 502.375774 -80.787999
v 0.416973 502.228047 -80.991482
v 0.447498 502.135441 -81.224003
v 0.469713 502.109405 -81.374993
v 0.509945 502.117941 -81.623841
v 0.193789 502.962962 -80.504715
v 0.191330 502.810929 -80.541512
v 0.191753 502.581582 -80.649176
v 0.197705 502.387106 -80.811081
v 0.208773 502.239305 -81.016746
v 0.224178 502.147347 -81.252207
v 0.235413 502.122090 -81.405250
v 0.255785 502.132458 -81.657605
vt -0.199519 0.000000 0.000000
vt -0.174579 0.000000 0.000000
vt -0.199516 0.025597 0.000000
vt -0.174071 0.020478 0.000000
vt -0.174071 0.040955 0.000000
vt -0.148623 0.020478 0.000000
vt -0.148623 0.040955 0.000000
vt -0.133012 0.020478 0.000000
vt -0.133012 0.040955 0.000000
vt -0.107565 0.020478 0.000000
vt -0.107565 0.040955 0.000000
vt -0.082117 0.020478 0.000000
vt -0.082117 0.040955 0.000000
vt -0.056669 0.020478 0.000000
vt -0.056669 0.040955 0.000000
vt -0.031222 0.020478 0.000000
vt -0.031222 0.040955 0.000000
vt -0.015541 0.020478 0.000000
vt -0.015541 0.040955 0.000000
vt -0.000002 0.025597 0.000000
vt -0.000000 0.051194 0.000000
vt -0.149639 0.000000 0.000000
vt -0.124699 0.000000 0.000000
vt -0.099759 0.000000 0.000000
vt -0.074819 0.000000 0.000000
vt -0.049880 0.000000 0.000000
vt -0.024940 0.000000 0.000000
vt -0.000000 0.000000 0.000000
vt -0.015541 0.061433 0.000000
vt -0.000008 0.076786 0.000000
vt -0.015541 0.081910 0.000000
vt -0.000005 0.102385 0.000000
vt -0.015541 0.102385 0.000000
vt -0.015541 0.122865 0.000000
vt -0.031222 0.122865 0.000000
vt -0.031222 0.143343 0.000000
vt -0.056669 0.143343 0.000000
vt -0.056669 0.163821 0.000000
vt -0.082117 0.163821 0.000000
vt -0.082117 0.184298 0.000000
vt -0.107565 0.184298 0.000000
vt -0.082117 0.204775 0.000000
vt -0.107565 0.204775 0.000000
vt -0.082117 0.225253 0.000000
vt -0.107565 0.225253 0.000000
vt -0.107565 0.245731 0.000000
vt -0.133012 0.245731 0.000000
vt -0.133012 0.266208 0.000000
vt -0.148623 0.266208 0.000000
vt -0.148623 0.286686 0.000000
vt -0.174071 0.286686 0.000000
vt -0.148623 0.307184 0.000000
vt -0.174071 0.307184 0.000000
vt -0.174071 0.327641 0.000000
vt -0.199486 0.307184 0.000000
vt -0.199512 0.332765 0.000000
vt -0.174071 0.348119 0.000000
vt -0.199504 0.358356 0.000000
vt -0.174071 0.368596 0.000000
vt -0.199431 0.383949 0.000000
vt -0.174071 0.389074 0.000000
vt -0.199385 0.409549 0.000000
vt -0.174071 0.409549 0.000000
vt -0.174071 0.430029 0.000000
vt -0.148623 0.430029 0.000000
vt -0.174071 0.450507 0.000000
vt -0.148623 0.450507 0.000000
vt -0.174071 0.470984 0.000000
vt -0.148623 0.470984 0.000000
vt -0.174071 0.491462 0.000000
vt -0.148623 0.491462 0.000000
vt -0.174071 0.511918 0.000000
vt -0.148623 0.511918 0.000000
vt -0.174071 0.532417 0.000000
vt -0.148623 0.532417 0.000000
vt -0.174071 0.552895 0.000000
vt -0.148623 0.552895 0.000000
vt -0.174071 0.573372 0.000000
vt -0.148623 0.573372 0.000000
vt -0.174071 0.593850 0.000000
vt -0.148623 0.593850 0.000000
vt -0.174071 0.614326 0.000000
vt -0.148623 0.614326 0.000000
vt -0.174071 0.634805 0.000000
vt -0.148623 0.634805 0.000000
vt -0.174071 0.655282 0.000000
vt -0.148623 0.655282 0.000000
vt -0.174071 0.675760 0.000000
vt -0.148623 0.675760 0.000000
vt -0.174071 0.696238 0.000000
vt -0.148623 0.696238 0.000000
vt -0.148623 0.716815 0.000000
vt -0.133012 0.716815 0.000000
vt -0.133012 0.737193 0.000000
vt -0.107565 0.737193 0.000000
vt -0.133012 0.757670 0.000000
vt -0.107565 0.757670 0.000000
vt -0.133012 0.778148 0.000000
vt -0.107565 0.778148 0.000000
vt -0.133012 0.798625 0.000000
vt -0.107565 0.798625 0.000000
vt -0.107565 0.819089 0.000000
vt -0.082117 0.819089 0.000000
vt -0.082117 0.839581 0.000000
vt -0.056669 0.839581 0.000000
vt -0.082117 0.860058 0.000000
vt -0.056669 0.860058 0.000000
vt -0.082117 0.880536 0.000000
vt -0.056669 0.880536 0.000000
vt -0.082117 0.901013 0.000000
vt -0.056669 0.901013 0.000000
vt -0.082117 0.921466 0.000000
vt -0.056669 0.921466 0.000000
vt -0.082117 0.941969 0.000000
vt -0.056669 0.941969 0.000000
vt -0.082117 0.962446 0.000000
vt -0.056669 0.962446 0.000000
vt -0.082117 0.982924 0.000000
vt -0.056669 0.982924 0.000000
vt -0.082117 1.003401 0.000000
vt -0.056669 1.003401 0.000000
vt -0.056669 1.023892 0.000000
vt -0.031222 1.023892 0.000000
vt -0.031222 1.044356 0.000000
vt -0.015541 1.044356 0.000000
vt -0.031222 1.064834 0.000000
vt -0.015541 1.064834 0.000000
vt -0.031222 1.085312 0.000000
vt -0.015541 1.085312 0.000000
vt -0.031222 1.105789 0.000000
vt -0.015541 1.105789 0.000000
vt -0.015541 1.126267 0.000000
vt -0.000000 1.126267 0.000000
vt -0.015541 1.146744 0.000000
vt 0.000036 1.151868 0.000000
vt -0.015541 1.167222 0.000000
vt 0.000064 1.177471 0.000000
vt -0.015541 1.187699 0.000000
vt 0.000046 1.203067 0.000000
vt -0.015541 1.208177 0.000000
vt 0.000004 1.228656 0.000000
vt -0.015541 1.228656 0.000000
vt -0.015541 1.249132 0.000000
vt -0.031222 1.249132 0.000000
vt -0.031222 1.269610 0.000000
vt -0.056669 1.269610 0.000000
vt -0.056669 1.290087 0.000000
vt -0.082117 1.290087 0.000000
vt -0.082117 1.310565 0.000000
vt -0.107565 1.310565 0.000000
vt -0.107565 1.331042 0.000000
vt -0.133012 1.331042 0.000000
vt -0.133012 1.351520 0.000000
vt -0.148623 1.351520 0.000000
vt -0.148623 1.371998 0.000000
vt -0.174071 1.371998 0.000000
vt -0.174071 1.392475 0.000000
vt -0.199454 1.382204 0.000000
vt -0.199426 1.407799 0.000000
vt -0.174071 1.412953 0.000000
vt -0.199426 1.433409 0.000000
vt -0.174071 1.433410 0.000000
vt -0.174071 1.453908 0.000000
vt -0.148623 1.433411 0.000000
vt -0.148623 1.453908 0.000000
vt -0.133012 1.433412 0.000000
vt -0.133012 1.453908 0.000000
vt -0.107565 1.433412 0.000000
vt -0.107565 1.453908 0.000000
vt -0.082117 1.433413 0.000000
vt -0.082117 1.453908 0.000000
vt -0.056669 1.433414 0.000000
vt -0.056669 1.453908 0.000000
vt -0.031222 1.433415 0.000000
vt -0.031222 1.453908 0.000000
vt -0.015541 1.433416 0.000000
vt -0.015541 1.453908 0.000000
vt 0.000077 1.433416 0.000000
vt 0.000047 1.459027 0.000000
vt -0.000000 0.127985 0.000000
vt -0.015541 0.143343 0.000000
vt -0.031222 0.163821 0.000000
vt -0.056669 0.184298 0.000000
vt -0.056669 0.204775 0.000000
vt -0.056669 0.225253 0.000000
vt -0.082117 0.245731 0.000000
vt -0.107565 0.266208 0.000000
vt -0.133012 0.286686 0.000000
vt -0.133012 0.307184 0.000000
vt -0.148623 0.327641 0.000000
vt -0.000001 0.153578 0.000000
vt -0.015541 0.163821 0.000000
vt -0.031222 0.184298 0.000000
vt -0.031222 0.204775 0.000000
vt -0.031222 0.225253 0.000000
vt -0.056669 0.245731 0.000000
vt -0.082117 0.266208 0.000000
vt -0.107565 0.286686 0.000000
vt -0.107565 0.307183 0.000000
vt -0.133012 0.327641 0.000000
vt -0.148623 0.348119 0.000000
vt -0.000000 0.179174 0.000000
vt -0.015541 0.184298 0.000000
vt -0.015541 0.204775 0.000000
vt -0.015541 0.225253 0.000000
vt -0.031222 0.245731 0.000000
vt -0.056669 0.266208 0.000000
vt -0.082117 0.286686 0.000000
vt -0.082117 0.307183 0.000000
vt -0.082117 0.327641 0.000000
vt -0.107565 0.327641 0.000000
vt -0.107565 0.348119 0.000000
vt -0.133012 0.348119 0.000000
vt -0.133012 0.368596 0.000000
vt -0.148623 0.368596 0.000000
vt -0.148623 0.389074 0.000000
vt 0.000000 0.204775 0.000000
vt 0.000004 0.230374 0.000000
vt -0.015541 0.245731 0.000000
vt 0.000032 0.255982 0.000000
vt -0.015541 0.266208 0.000000
vt 0.000052 0.281588 0.000000
vt -0.015541 0.286686 0.000000
vt 0.000040 0.307182 0.000000
vt -0.015541 0.307182 0.000000
vt -0.015541 0.327641 0.000000
vt -0.031222 0.307183 0.000000
vt -0.031222 0.327641 0.000000
vt -0.056669 0.307183 0.000000
vt -0.056669 0.327641 0.000000
vt 0.000008 0.332765 0.000000
vt -0.015541 0.348119 0.000000
vt -0.031222 0.348119 0.000000
vt -0.031222 0.368596 0.000000
vt -0.056669 0.368596 0.000000
vt -0.056669 0.389074 0.000000
vt -0.082117 0.389074 0.000000
vt -0.056669 0.409549 0.000000
vt -0.082117 0.409549 0.000000
vt -0.082117 0.430029 0.000000
vt -0.107565 0.430029 0.000000
vt -0.107565 0.450507 0.000000
vt -0.133012 0.450507 0.000000
vt -0.133012 0.470984 0.000000
vt 0.000015 0.358356 0.000000
vt -0.015541 0.368596 0.000000
vt -0.031222 0.389074 0.000000
vt -0.031222 0.409549 0.000000
vt -0.056669 0.430029 0.000000
vt -0.082117 0.450507 0.000000
vt -0.107565 0.470984 0.000000
vt -0.133012 0.491462 0.000000
vt 0.000091 0.383948 0.000000
vt -0.015541 0.389074 0.000000
vt -0.015541 0.409549 0.000000
vt -0.031222 0.430029 0.000000
vt -0.056669 0.450507 0.000000
vt -0.082117 0.470984 0.000000
vt -0.107565 0.491462 0.000000
vt -0.133012 0.511919 0.000000
vt 0.000139 0.409549 0.000000
vt -0.015541 0.430029 0.000000
vt 0.000110 0.435152 0.000000
vt -0.015541 0.450507 0.000000
vt 0.000033 0.460748 0.000000
vt -0.015541 0.470984 0.000000
vt 0.000002 0.486341 0.000000
vt -0.015541 0.491462 0.000000
vt 0.000039 0.511920 0.000000
vt -0.015541 0.511920 0.000000
vt -0.015541 0.532417 0.000000
vt -0.031222 0.532417 0.000000
vt -0.031222 0.552895 0.000000
vt -0.056669 0.552895 0.000000
vt -0.056669 0.573372 0.000000
vt -0.082117 0.573372 0.000000
vt -0.082117 0.593850 0.000000
vt -0.107565 0.593850 0.000000
vt -0.107565 0.614326 0.000000
vt -0.133012 0.614326 0.000000
vt -0.133012 0.634805 0.000000
vt 0.000071 0.537505 0.000000
vt -0.015541 0.552895 0.000000
vt -0.031222 0.573372 0.000000
vt -0.056669 0.593850 0.000000
vt -0.082117 0.614326 0.000000
vt -0.107565 0.634805 0.000000
vt -0.133012 0.655282 0.000000
vt 0.000068 0.563106 0.000000
vt -0.015541 0.573372 0.000000
vt -0.031222 0.593850 0.000000
vt -0.056669 0.614326 0.000000
vt -0.082117 0.634805 0.000000
vt -0.107565 0.655282 0.000000
vt -0.133012 0.675760 0.000000
vt 0.000036 0.588717 0.000000
vt -0.015541 0.593850 0.000000
vt -0.031222 0.614326 0.000000
vt -0.056669 0.634805 0.000000
vt -0.082117 0.655282 0.000000
vt -0.107565 0.675760 0.000000
vt -0.133012 0.696238 0.000000
vt 0.000004 0.614326 0.000000
vt -0.015541 0.614326 0.000000
vt -0.031222 0.634805 0.000000
vt -0.056669 0.655282 0.000000
vt -0.082117 0.675760 0.000000
vt -0.107565 0.696238 0.000000
vt -0.107565 0.716815 0.000000
vt -0.015541 0.634805 0.000000
vt -0.000014 0.639929 0.000000
vt -0.015541 0.655282 0.000000
vt -0.000082 0.665555 0.000000
vt -0.015541 0.675760 0.000000
vt -0.000158 0.691190 0.000000
vt -0.015541 0.696238 0.000000
vt -0.000195 0.716814 0.000000
vt -0.015541 0.716814 0.000000
vt -0.015541 0.737193 0.000000
vt -0.031222 0.737193 0.000000
vt -0.031222 0.757670 0.000000
vt -0.056669 0.757670 0.000000
vt -0.056669 0.778148 0.000000
vt -0.082117 0.778148 0.000000
vt -0.082117 0.798625 0.000000
vt -0.000168 0.742405 0.000000
vt -0.015541 0.757670 0.000000
vt -0.031222 0.778148 0.000000
vt -0.056669 0.798625 0.000000
vt -0.000087 0.767961 0.000000
vt -0.015541 0.778148 0.000000
vt -0.031222 0.798625 0.000000
vt -0.056669 0.819089 0.000000
vt -0.000008 0.793511 0.000000
vt -0.015541 0.798625 0.000000
vt -0.031222 0.819089 0.000000
vt -0.031222 0.839581 0.000000
vt -0.000035 0.819089 0.000000
vt -0.015541 0.819089 0.000000
vt -0.015541 0.839581 0.000000
vt -0.031222 0.860058 0.000000
vt -0.000146 0.844649 0.000000
vt -0.015541 0.860058 0.000000
vt -0.000223 0.870230 0.000000
vt -0.015541 0.880536 0.000000
vt -0.000212 0.895841 0.000000
vt -0.015541 0.901013 0.000000
vt -0.000125 0.921467 0.000000
vt -0.015541 0.921467 0.000000
vt -0.015541 0.941969 0.000000
vt -0.031222 0.941969 0.000000
vt -0.031222 0.962446 0.000000
vt -0.000026 0.947084 0.000000
vt -0.015541 0.962446 0.000000
vt -0.031222 0.982924 0.000000
vt 0.000002 0.972685 0.000000
vt -0.015541 0.982924 0.000000
vt -0.031222 1.003401 0.000000
vt 0.000021 0.998285 0.000000
vt -0.015541 1.003401 0.000000
vt -0.015541 1.023891 0.000000
vt 0.000046 1.023891 0.000000
vt 0.000058 1.049496 0.000000
vt 0.000046 1.075092 0.000000
vt 0.000016 1.100678 0.000000
vt 0.000012 1.254249 0.000000
vt -0.015541 1.269610 0.000000
vt -0.031222 1.290087 0.000000
vt -0.056669 1.310565 0.000000
vt -0.082117 1.331042 0.000000
vt -0.107565 1.351520 0.000000
vt -0.133012 1.371998 0.000000
vt -0.148623 1.392475 0.000000
vt 0.000029 1.279843 0.000000
vt -0.015541 1.290087 0.000000
vt -0.031222 1.310565 0.000000
vt -0.056669 1.331042 0.000000
vt -0.082117 1.351520 0.000000
vt -0.107565 1.371998 0.000000
vt -0.133012 1.392475 0.000000
vt -0.148623 1.412953 0.000000
vt 0.000017 1.305443 0.000000
vt -0.015541 1.310565 0.000000
vt -0.031222 1.331042 0.000000
vt -0.056669 1.351520 0.000000
vt -0.082117 1.371998 0.000000
vt -0.107565 1.392475 0.000000
vt -0.133012 1.412953 0.000000
vt -0.000000 1.331042 0.000000
vt -0.015541 1.331042 0.000000
vt -0.031222 1.351520 0.000000
vt -0.056669 1.371998 0.000000
vt -0.082117 1.392475 0.000000
vt -0.107565 1.412953 0.000000
vt -0.015541 1.351520 0.000000
vt 0.000028 1.356626 0.000000
vt -0.015541 1.371998 0.000000
vt 0.000069 1.382209 0.000000
vt -0.015541 1.392475 0.000000
vt 0.000088 1.407806 0.000000
vt -0.015541 1.412953 0.000000
vt -0.015541 1.474385 0.000000
vt 0.000016 1.484628 0.000000
vt -0.015541 1.494863 0.000000
vt -0.000000 1.510221 0.000000
vt -0.015541 1.515341 0.000000
vt -0.000024 1.535823 0.000000
vt -0.015541 1.535823 0.000000
vt -0.015541 1.556296 0.000000
vt -0.031222 1.556296 0.000000
vt -0.031222 1.576773 0.000000
vt -0.056669 1.576773 0.000000
vt -0.056669 1.597251 0.000000
vt -0.082117 1.597251 0.000000
vt -0.082117 1.617729 0.000000
vt -0.107565 1.617729 0.000000
vt -0.099759 1.638206 0.000000
vt -0.124699 1.638206 0.000000
vt -0.000071 1.561433 0.000000
vt -0.015541 1.576773 0.000000
vt -0.031222 1.597251 0.000000
vt -0.056669 1.617729 0.000000
vt -0.074819 1.638206 0.000000
vt -0.000079 1.587036 0.000000
vt -0.015541 1.597251 0.000000
vt -0.031222 1.617729 0.000000
vt -0.049880 1.638206 0.000000
vt -0.000037 1.612622 0.000000
vt -0.015541 1.617729 0.000000
vt -0.024940 1.638206 0.000000
vt -0.000000 1.638206 0.000000
vt -0.133012 1.617729 0.000000
vt -0.149639 1.638206 0.000000
vt -0.148623 1.617729 0.000000
vt -0.174071 1.617729 0.000000
vt -0.148623 1.597251 0.000000
vt -0.174071 1.597251 0.000000
vt -0.148623 1.576773 0.000000
vt -0.174071 1.576773 0.000000
vt -0.148623 1.556296 0.000000
vt -0.174071 1.556296 0.000000
vt -0.174071 1.535823 0.000000
vt -0.199487 1.535823 0.000000
vt -0.199518 1.510221 0.000000
vt -0.174579 1.638206 0.000000
vt -0.199519 1.638206 0.000000
vt -0.199474 1.612622 0.000000
vt -0.199422 1.587036 0.000000
vt -0.199430 1.561433 0.000000
vt -0.199492 1.484626 0.000000
vt -0.174071 1.494863 0.000000
vt -0.174071 1.515341 0.000000
vt -0.148623 1.535823 0.000000
vt -0.133012 1.556296 0.000000
vt -0.133012 1.576773 0.000000
vt -0.133012 1.597251 0.000000
vt -0.174071 1.474385 0.000000
vt -0.199453 1.459022 0.000000
vt -0.199495 1.356624 0.000000
vt -0.174071 1.351520 0.000000
vt -0.148623 1.331042 0.000000
vt -0.133012 1.310565 0.000000
vt -0.107565 1.290087 0.000000
vt -0.082117 1.269610 0.000000
vt -0.056669 1.249132 0.000000
vt -0.031222 1.228656 0.000000
vt -0.199519 1.331042 0.000000
vt -0.174071 1.331042 0.000000
vt -0.148623 1.310565 0.000000
vt -0.133012 1.290087 0.000000
vt -0.107565 1.269610 0.000000
vt -0.082117 1.249132 0.000000
vt -0.056669 1.228656 0.000000
vt -0.031222 1.208177 0.000000
vt -0.174071 1.310565 0.000000
vt -0.199502 1.305442 0.000000
vt -0.174071 1.290087 0.000000
vt -0.199491 1.279842 0.000000
vt -0.174071 1.269610 0.000000
vt -0.199508 1.254248 0.000000
vt -0.174071 1.249132 0.000000
vt -0.199515 1.228656 0.000000
vt -0.174071 1.228656 0.000000
vt -0.174071 1.208177 0.000000
vt -0.148623 1.208177 0.000000
vt -0.148623 1.187699 0.000000
vt -0.133012 1.187699 0.000000
vt -0.133012 1.167222 0.000000
vt -0.107565 1.167222 0.000000
vt -0.107565 1.146744 0.000000
vt -0.082117 1.146744 0.000000
vt -0.107565 1.126267 0.000000
vt -0.082117 1.126267 0.000000
vt -0.107565 1.105789 0.000000
vt -0.082117 1.105789 0.000000
vt -0.082117 1.085312 0.000000
vt -0.056669 1.085312 0.000000
vt -0.056669 1.064834 0.000000
vt -0.199476 1.203068 0.000000
vt -0.174071 1.187699 0.000000
vt -0.148623 1.167222 0.000000
vt -0.133012 1.146744 0.000000
vt -0.199457 1.177473 0.000000
vt -0.174071 1.167222 0.000000
vt -0.148623 1.146744 0.000000
vt -0.133012 1.126267 0.000000
vt -0.133012 1.105789 0.000000
vt -0.107565 1.085312 0.000000
vt -0.082117 1.064834 0.000000
vt -0.056669 1.044356 0.000000
vt -0.199483 1.151869 0.000000
vt -0.174071 1.146744 0.000000
vt -0.148623 1.126267 0.000000
vt -0.148623 1.105789 0.000000
vt -0.133012 1.085312 0.000000
vt -0.107565 1.064834 0.000000
vt -0.082117 1.044356 0.000000
vt -0.082117 1.023893 0.000000
vt -0.199518 1.126267 0.000000
vt -0.174071 1.126267 0.000000
vt -0.174071 1.105789 0.000000
vt -0.148623 1.085312 0.000000
vt -0.133012 1.064834 0.000000
vt -0.107565 1.044356 0.000000
vt -0.107565 1.023893 0.000000
vt -0.107565 1.003401 0.000000
vt -0.199506 1.100679 0.000000
vt -0.174071 1.085312 0.000000
vt -0.199481 1.075095 0.000000
vt -0.174071 1.064834 0.000000
vt -0.199467 1.049501 0.000000
vt -0.174071 1.044356 0.000000
vt -0.199473 1.023895 0.000000
vt -0.174071 1.023895 0.000000
vt -0.174071 1.003401 0.000000
vt -0.148623 1.023894 0.000000
vt -0.148623 1.003401 0.000000
vt -0.133012 1.023894 0.000000
vt -0.133012 1.003401 0.000000
vt -0.199495 0.998287 0.000000
vt -0.174071 0.982924 0.000000
vt -0.148623 0.982924 0.000000
vt -0.148623 0.962446 0.000000
vt -0.133012 0.962446 0.000000
vt -0.133012 0.941969 0.000000
vt -0.107565 0.941969 0.000000
vt -0.107565 0.921466 0.000000
vt -0.199516 0.972685 0.000000
vt -0.174071 0.962446 0.000000
vt -0.148623 0.941969 0.000000
vt -0.133012 0.921466 0.000000
vt -0.107565 0.901013 0.000000
vt -0.199485 0.947084 0.000000
vt -0.174071 0.941969 0.000000
vt -0.148623 0.921466 0.000000
vt -0.133012 0.901013 0.000000
vt -0.107565 0.880536 0.000000
vt -0.199359 0.921466 0.000000
vt -0.174071 0.921466 0.000000
vt -0.148623 0.901013 0.000000
vt -0.133012 0.880536 0.000000
vt -0.107565 0.860058 0.000000
vt -0.174071 0.901013 0.000000
vt -0.199255 0.895840 0.000000
vt -0.174071 0.880536 0.000000
vt -0.199247 0.870229 0.000000
vt -0.174071 0.860058 0.000000
vt -0.199345 0.844649 0.000000
vt -0.174071 0.839581 0.000000
vt -0.199478 0.819089 0.000000
vt -0.174071 0.819089 0.000000
vt -0.174071 0.798625 0.000000
vt -0.148623 0.819089 0.000000
vt -0.148623 0.798625 0.000000
vt -0.133012 0.819089 0.000000
vt -0.199509 0.793511 0.000000
vt -0.174071 0.778148 0.000000
vt -0.148623 0.778148 0.000000
vt -0.148623 0.757670 0.000000
vt -0.199413 0.767961 0.000000
vt -0.174071 0.757670 0.000000
vt -0.148623 0.737193 0.000000
vt -0.199305 0.742406 0.000000
vt -0.174071 0.737193 0.000000
vt -0.174071 0.716815 0.000000
vt -0.199258 0.716816 0.000000
vt -0.199295 0.691191 0.000000
vt -0.199395 0.665555 0.000000
vt -0.199495 0.639929 0.000000
vt -0.199515 0.614325 0.000000
vt -0.199486 0.588714 0.000000
vt -0.199461 0.563101 0.000000
vt -0.199462 0.537500 0.000000
vt -0.199489 0.511918 0.000000
vt -0.199517 0.486341 0.000000
vt -0.199487 0.460747 0.000000
vt -0.199413 0.435151 0.000000
vt -0.199475 0.281591 0.000000
vt -0.174071 0.266208 0.000000
vt -0.199490 0.255984 0.000000
vt -0.174071 0.245731 0.000000
vt -0.199515 0.230375 0.000000
vt -0.174071 0.225253 0.000000
vt -0.199517 0.204775 0.000000
vt -0.174071 0.204775 0.000000
vt -0.174071 0.184298 0.000000
vt -0.148623 0.204775 0.000000
vt -0.148623 0.184298 0.000000
vt -0.133012 0.204775 0.000000
vt -0.133012 0.184298 0.000000
vt -0.199512 0.179175 0.000000
vt -0.174071 0.163821 0.000000
vt -0.148623 0.163821 0.000000
vt -0.148623 0.143343 0.000000
vt -0.133012 0.143343 0.000000
vt -0.133012 0.122865 0.000000
vt -0.107565 0.122865 0.000000
vt -0.107565 0.102385 0.000000
vt -0.082117 0.102385 0.000000
vt -0.082117 0.081910 0.000000
vt -0.056669 0.081910 0.000000
vt -0.056669 0.061433 0.000000
vt -0.031222 0.061433 0.000000
vt -0.199513 0.153578 0.000000
vt -0.174071 0.143343 0.000000
vt -0.148623 0.122865 0.000000
vt -0.133012 0.102385 0.000000
vt -0.107565 0.081910 0.000000
vt -0.082117 0.061433 0.000000
vt -0.199518 0.127985 0.000000
vt -0.174071 0.122865 0.000000
vt -0.148623 0.102385 0.000000
vt -0.133012 0.081910 0.000000
vt -0.107565 0.061433 0.000000
vt -0.199512 0.102385 0.000000
vt -0.174071 0.102385 0.000000
vt -0.148623 0.081910 0.000000
vt -0.133012 0.061433 0.000000
vt -0.174071 0.081910 0.000000
vt -0.199509 0.076786 0.000000
vt -0.174071 0.061433 0.000000
vt -0.199518 0.051194 0.000000
vt -0.148623 0.061433 0.000000
vt -0.031222 0.081910 0.000000
vt -0.056669 0.102385 0.000000
vt -0.082117 0.122865 0.000000
vt -0.107565 0.143343 0.000000
vt -0.133012 0.163821 0.000000
vt -0.031222 0.102385 0.000000
vt -0.056669 0.122865 0.000000
vt -0.082117 0.143343 0.000000
vt -0.107565 0.163821 0.000000
vt -0.133012 0.225253 0.000000
vt -0.148623 0.225253 0.000000
vt -0.148623 0.245731 0.000000
vt -0.031222 0.266208 0.000000
vt -0.056669 0.286686 0.000000
vt -0.031222 0.286686 0.000000
vt -0.056669 0.348119 0.000000
vt -0.082117 0.348119 0.000000
vt -0.082117 0.368596 0.000000
vt -0.107565 0.368596 0.000000
vt -0.107565 0.389074 0.000000
vt -0.133012 0.389074 0.000000
vt -0.107565 0.409549 0.000000
vt -0.133012 0.409549 0.000000
vt -0.133012 0.430029 0.000000
vt -0.148623 0.409549 0.000000
vt -0.031222 0.450507 0.000000
vt -0.031222 0.470984 0.000000
vt -0.031222 0.491462 0.000000
vt -0.031222 0.511920 0.000000
vt -0.056669 0.470984 0.000000
vt -0.082117 0.491462 0.000000
vt -0.107565 0.511919 0.000000
vt -0.133012 0.532417 0.000000
vt -0.056669 0.491462 0.000000
vt -0.056669 0.511919 0.000000
vt -0.056669 0.532417 0.000000
vt -0.082117 0.511919 0.000000
vt -0.107565 0.532417 0.000000
vt -0.133012 0.552895 0.000000
vt -0.082117 0.532417 0.000000
vt -0.082117 0.552895 0.000000
vt -0.107565 0.552895 0.000000
vt -0.133012 0.573372 0.000000
vt -0.107565 0.573372 0.000000
vt -0.133012 0.593850 0.000000
vt -0.031222 0.655282 0.000000
vt -0.031222 0.675760 0.000000
vt -0.031222 0.696238 0.000000
vt -0.056669 0.675760 0.000000
vt -0.082117 0.696238 0.000000
vt -0.082117 0.716815 0.000000
vt -0.056669 0.696238 0.000000
vt -0.031222 0.716815 0.000000
vt -0.056669 0.716815 0.000000
vt -0.082117 0.737193 0.000000
vt -0.056669 0.737193 0.000000
vt -0.082117 0.757670 0.000000
vt -0.148623 0.839581 0.000000
vt -0.148623 0.860058 0.000000
vt -0.148623 0.880536 0.000000
vt -0.133012 0.839581 0.000000
vt -0.133012 0.860058 0.000000
vt -0.107565 0.839581 0.000000
vt -0.031222 0.880536 0.000000
vt -0.031222 0.901013 0.000000
vt -0.031222 0.921466 0.000000
vt -0.107565 0.962446 0.000000
vt -0.133012 0.982924 0.000000
vt -0.107565 0.982924 0.000000
vt -0.133012 1.044356 0.000000
vt -0.148623 1.044356 0.000000
vt -0.148623 1.064834 0.000000
vt -0.056669 1.105789 0.000000
vt -0.031222 1.126267 0.000000
vt -0.056669 1.126267 0.000000
vt -0.056669 1.146744 0.000000
vt -0.082117 1.167222 0.000000
vt -0.107565 1.187699 0.000000
vt -0.133012 1.208177 0.000000
vt -0.148623 1.228656 0.000000
vt -0.031222 1.146744 0.000000
vt -0.031222 1.167222 0.000000
vt -0.031222 1.187699 0.000000
vt -0.056669 1.167222 0.000000
vt -0.082117 1.187699 0.000000
vt -0.107565 1.208177 0.000000
vt -0.133012 1.228656 0.000000
vt -0.148623 1.249132 0.000000
vt -0.056669 1.187699 0.000000
vt -0.056669 1.208177 0.000000
vt -0.082117 1.208177 0.000000
vt -0.107565 1.228656 0.000000
vt -0.133012 1.249132 0.000000
vt -0.148623 1.269610 0.000000
vt -0.082117 1.228656 0.000000
vt -0.107565 1.249132 0.000000
vt -0.133012 1.269610 0.000000
vt -0.148623 1.290087 0.000000
vt -0.031222 1.371998 0.000000
vt -0.056669 1.392475 0.000000
vt -0.082117 1.412953 0.000000
vt -0.031222 1.392475 0.000000
vt -0.056669 1.412953 0.000000
vt -0.031222 1.412953 0.000000
vt -0.031222 1.474385 0.000000
vt -0.031222 1.494863 0.000000
vt -0.031222 1.515341 0.000000
vt -0.056669 1.474385 0.000000
vt -0.056669 1.494863 0.000000
vt -0.056669 1.515341 0.000000
vt -0.031222 1.535823 0.000000
vt -0.082117 1.474385 0.000000
vt -0.082117 1.494863 0.000000
vt -0.082117 1.515341 0.000000
vt -0.056669 1.535823 0.000000
vt -0.056669 1.556296 0.000000
vt -0.107565 1.474385 0.000000
vt -0.107565 1.494863 0.000000
vt -0.107565 1.515341 0.000000
vt -0.082117 1.535823 0.000000
vt -0.082117 1.556296 0.000000
vt -0.082117 1.576773 0.000000
vt -0.133012 1.474385 0.000000
vt -0.133012 1.494863 0.000000
vt -0.133012 1.515341 0.000000
vt -0.107565 1.535823 0.000000
vt -0.107565 1.556296 0.000000
vt -0.107565 1.576773 0.000000
vt -0.107565 1.597251 0.000000
vt -0.148623 1.474385 0.000000
vt -0.148623 1.494863 0.000000
vt -0.148623 1.515341 0.000000
vt -0.133012 1.535823 0.000000
vt -0.775352 0.367896 0.000000
vt 0.000058 0.360859 0.000000
vt -0.774539 0.392699 0.000000
vt 0.000058 0.403313 0.000000
vt -0.775318 0.417517 0.000000
vt 0.000058 0.445767 0.000000
vt -0.777604 0.442289 0.000000
vt -0.781294 0.466971 0.000000
vt 0.000058 0.488220 0.000000
vt -0.786188 0.491550 0.000000
vt -0.792070 0.516019 0.000000
vt 0.000058 0.530674 0.000000
vt -0.798694 0.540386 0.000000
vt 0.000058 0.573128 0.000000
vt -0.805789 0.564690 0.000000
vt -0.813090 0.588965 0.000000
vt 0.000058 0.615582 0.000000
vt -0.820325 0.613250 0.000000
vt -0.827225 0.637593 0.000000
vt 0.000058 0.658036 0.000000
vt -0.833568 0.662011 0.000000
vt -0.839142 0.686511 0.000000
vt 0.000058 0.700490 0.000000
vt -0.843734 0.711102 0.000000
vt 0.000058 0.742944 0.000000
vt -0.847127 0.735802 0.000000
vt -0.849162 0.760578 0.000000
vt 0.000058 0.785398 0.000000
vt -0.849833 0.785397 0.000000
vt -0.849147 0.810218 0.000000
vt -0.849147 -0.760578 0.000000
vt 0.000058 -0.785398 0.000000
vt 0.000058 -0.742944 0.000000
vt -0.847112 -0.735799 0.000000
vt -0.843738 -0.711096 0.000000
vt 0.000058 -0.700490 0.000000
vt -0.839142 -0.686509 0.000000
vt 0.000058 -0.658036 0.000000
vt -0.833554 -0.662021 0.000000
vt -0.827198 -0.637611 0.000000
vt 0.000058 -0.615582 0.000000
vt -0.820300 -0.613263 0.000000
vt -0.813086 -0.588964 0.000000
vt 0.000058 -0.573128 0.000000
vt -0.805801 -0.564683 0.000000
vt -0.798760 -0.540340 0.000000
vt 0.000058 -0.530674 0.000000
vt -0.792200 -0.515920 0.000000
vt 0.000058 -0.488220 0.000000
vt -0.786349 -0.491426 0.000000
vt -0.781434 -0.466862 0.000000
vt 0.000058 -0.445767 0.000000
vt -0.777683 -0.442228 0.000000
vt -0.775323 -0.417509 0.000000
vt 0.000058 -0.403313 0.000000
vt -0.774574 -0.392711 0.000000
vt 0.000058 -0.360859 0.000000
vt -0.775458 -0.367934 0.000000
vt -0.777816 -0.343189 0.000000
vt 0.000058 -0.318516 0.000000
vt -0.781484 -0.318496 0.000000
vt -0.786298 -0.293885 0.000000
vt 0.000058 -0.275951 0.000000
vt -0.792094 -0.269384 0.000000
vt -0.798694 -0.245004 0.000000
vt 0.000058 -0.233497 0.000000
vt -0.805774 -0.220695 0.000000
vt 0.000058 -0.191043 0.000000
vt -0.813054 -0.196409 0.000000
vt -0.820286 -0.172118 0.000000
vt 0.000058 -0.148589 0.000000
vt -0.827216 -0.147793 0.000000
vt -0.833595 -0.123403 0.000000
vt 0.000058 -0.106135 0.000000
vt -0.839171 -0.098908 0.000000
vt -0.843712 -0.074291 0.000000
vt 0.000058 -0.063681 0.000000
vt -0.847090 -0.049579 0.000000
vt 0.000058 -0.021227 0.000000
vt -0.849200 -0.024804 0.000000
vt -0.849939 0.000005 0.000000
vt 0.000058 0.021227 0.000000
vt -0.849225 0.024819 0.000000
vt -0.847115 0.049594 0.000000
vt 0.000058 0.063681 0.000000
vt -0.843726 0.074302 0.000000
vt 0.000058 0.106135 0.000000
vt -0.839170 0.098915 0.000000
vt -0.833584 0.123403 0.000000
vt 0.000058 0.148589 0.000000
vt -0.827196 0.147790 0.000000
vt -0.820259 0.172116 0.000000
vt 0.000058 0.191043 0.000000
vt -0.813025 0.196411 0.000000
vt -0.805747 0.220701 0.000000
vt 0.000058 0.233497 0.000000
vt -0.798678 0.245014 0.000000
vt 0.000058 0.275951 0.000000
vt -0.792069 0.269384 0.000000
vt -0.786205 0.293859 0.000000
vt 0.000058 0.318440 0.000000
vt -0.781352 0.318453 0.000000
vt -0.777679 0.343141 0.000000
vt 0.775467 0.417502 0.000000
vt 0.774654 0.392699 0.000000
vt 0.775433 0.367882 0.000000
vt 0.777719 0.343109 0.000000
vt 0.781409 0.318428 0.000000
vt 0.786303 0.293848 0.000000
vt 0.792186 0.269380 0.000000
vt 0.798809 0.245012 0.000000
vt 0.805905 0.220709 0.000000
vt 0.813205 0.196433 0.000000
vt 0.820440 0.172149 0.000000
vt 0.827340 0.147805 0.000000
vt 0.833684 0.123387 0.000000
vt 0.839258 0.098888 0.000000
vt 0.843849 0.074296 0.000000
vt 0.847242 0.049597 0.000000
vt 0.849277 0.024820 0.000000
vt 0.849948 0.000001 0.000000
vt 0.849263 -0.024820 0.000000
vt 0.847228 -0.049599 0.000000
vt 0.843853 -0.074302 0.000000
vt 0.839258 -0.098890 0.000000
vt 0.833669 -0.123377 0.000000
vt 0.827313 -0.147787 0.000000
vt 0.820415 -0.172135 0.000000
vt 0.813201 -0.196434 0.000000
vt 0.805916 -0.220716 0.000000
vt 0.798875 -0.245058 0.000000
vt 0.792315 -0.269478 0.000000
vt 0.786464 -0.293972 0.000000
vt 0.781549 -0.318536 0.000000
vt 0.777798 -0.343170 0.000000
vt 0.775438 -0.367889 0.000000
vt 0.774690 -0.392688 0.000000
vt 0.775574 -0.417464 0.000000
vt 0.777932 -0.442209 0.000000
vt 0.781600 -0.466902 0.000000
vt 0.786414 -0.491513 0.000000
vt 0.792209 -0.516014 0.000000
vt 0.798809 -0.540394 0.000000
vt 0.805889 -0.564703 0.000000
vt 0.813170 -0.588989 0.000000
vt 0.820401 -0.613280 0.000000
vt 0.827331 -0.637605 0.000000
vt 0.833710 -0.661996 0.000000
vt 0.839286 -0.686490 0.000000
vt 0.843827 -0.711107 0.000000
vt 0.847204 -0.735819 0.000000
vt 0.849314 -0.760595 0.000000
vt 0.850054 -0.785403 0.000000
vt 0.850054 0.785393 0.000000
vt 0.849340 0.760579 0.000000
vt 0.847231 0.735804 0.000000
vt 0.843841 0.711096 0.000000
vt 0.839285 0.686483 0.000000
vt 0.833700 0.661995 0.000000
vt 0.827312 0.637608 0.000000
vt 0.820375 0.613282 0.000000
vt 0.813141 0.588987 0.000000
vt 0.805863 0.564697 0.000000
vt 0.798793 0.540384 0.000000
vt 0.792184 0.516014 0.000000
vt 0.786320 0.491540 0.000000
vt 0.781467 0.466946 0.000000
vt 0.777794 0.442257 0.000000
vt -0.034687 2.583458 0.000000
vt -0.883333 2.564159 0.000000
vt 0.000000 2.581343 0.000000
vt 0.883333 2.575615 0.000000
vt 0.034664 2.583497 0.000000
vt 0.068916 2.589828 0.000000
vt 0.102407 2.600139 0.000000
vt 0.134792 2.614237 0.000000
vt 0.883333 2.648230 0.000000
vt 0.165725 2.631929 0.000000
vt 0.194926 2.652958 0.000000
vt 0.222202 2.677017 0.000000
vt 0.247360 2.703821 0.000000
vt 0.883333 2.732888 0.000000
vt 0.270207 2.733092 0.000000
vt 0.290552 2.764562 0.000000
vt 0.883333 2.816371 0.000000
vt 0.308200 2.797979 0.000000
vt 0.322960 2.833106 0.000000
vt 0.334642 2.869679 0.000000
vt 0.883333 2.900442 0.000000
vt 0.343114 2.907339 0.000000
vt 0.348268 2.945732 0.000000
vt 0.883333 2.984513 0.000000
vt 0.349997 2.984505 0.000000
vt 0.348246 3.023269 0.000000
vt 0.348246 -2.945757 0.000000
vt 0.883333 -2.984513 0.000000
vt 0.883333 -2.900442 0.000000
vt 0.343092 -2.907365 0.000000
vt 0.334632 -2.869699 0.000000
vt 0.883333 -2.816371 0.000000
vt 0.322963 -2.833118 0.000000
vt 0.308210 -2.797977 0.000000
vt 0.290571 -2.764548 0.000000
vt 0.883333 -2.732872 0.000000
vt 0.270236 -2.733070 0.000000
vt 0.247394 -2.703797 0.000000
vt 0.222236 -2.676998 0.000000
vt 0.883333 -2.648230 0.000000
vt 0.194951 -2.652949 0.000000
vt 0.165715 -2.631958 0.000000
vt 0.134726 -2.614340 0.000000
vt 0.102317 -2.600288 0.000000
vt 0.883333 -2.564159 0.000000
vt 0.068829 -2.589985 0.000000
vt 0.034604 -2.583619 0.000000
vt -0.000016 -2.581384 0.000000
vt -0.883333 -2.564159 0.000000
vt -0.034677 -2.583463 0.000000
vt -0.068875 -2.589827 0.000000
vt -0.102272 -2.600219 0.000000
vt -0.883333 -2.648230 0.000000
vt -0.134586 -2.614381 0.000000
vt -0.165536 -2.632059 0.000000
vt -0.194841 -2.653005 0.000000
vt -0.222219 -2.676981 0.000000
vt -0.247401 -2.703749 0.000000
vt -0.883333 -2.732850 0.000000
vt -0.270236 -2.733041 0.000000
vt -0.290560 -2.764562 0.000000
vt -0.883333 -2.816371 0.000000
vt -0.308191 -2.798024 0.000000
vt -0.322950 -2.833149 0.000000
vt -0.334654 -2.869676 0.000000
vt -0.883333 -2.900442 0.000000
vt -0.343109 -2.907331 0.000000
vt -0.348193 -2.945735 0.000000
vt -0.883333 -2.984513 0.000000
vt -0.349895 -2.984515 0.000000
vt -0.349895 2.984511 0.000000
vt -0.883333 2.984513 0.000000
vt -0.348208 2.945734 0.000000
vt -0.883333 2.900442 0.000000
vt -0.343124 2.907334 0.000000
vt -0.334653 2.869686 0.000000
vt -0.883333 2.816371 0.000000
vt -0.322949 2.833153 0.000000
vt -0.308195 2.798007 0.000000
vt -0.290569 2.764530 0.000000
vt -0.883333 2.732830 0.000000
vt -0.270246 2.733013 0.000000
vt -0.247403 2.703749 0.000000
vt -0.883333 2.648230 0.000000
vt -0.222234 2.676974 0.000000
vt -0.194941 2.652945 0.000000
vt -0.165730 2.631932 0.000000
vt -0.134812 2.614219 0.000000
vt -0.102455 2.600075 0.000000
vt -0.068971 2.589744 0.000000
vt 2.650000 -2.900442 0.000000
vt 2.650000 -2.984513 0.000000
vt 2.650000 2.984513 0.000000
vt 2.650000 2.900442 0.000000
vt 2.650000 2.816371 0.000000
vt 2.650000 -2.816371 0.000000
vt 2.650000 -2.732301 0.000000
vt 2.650000 -2.648230 0.000000
vt 2.650000 -2.564159 0.000000
vt 0.883333 -2.480088 0.000000
vt 2.650000 -2.480088 0.000000
vt 0.883333 -2.396017 0.000000
vt 2.650000 -2.396017 0.000000
vt 0.883333 -2.311947 0.000000
vt 2.650000 -2.311947 0.000000
vt 0.883333 -2.227876 0.000000
vt 2.650000 -2.227876 0.000000
vt 0.883333 -2.143805 0.000000
vt 2.650000 -2.143805 0.000000
vt 0.883333 -2.059734 0.000000
vt 2.650000 -2.059734 0.000000
vt 0.883333 -1.975664 0.000000
vt 2.650000 -1.975664 0.000000
vt 0.883333 -1.891593 0.000000
vt 2.650000 -1.891593 0.000000
vt 0.883333 -1.807522 0.000000
vt 2.650000 -1.807522 0.000000
vt 0.883333 -1.723451 0.000000
vt 2.650000 -1.723451 0.000000
vt 0.883333 -1.639380 0.000000
vt 2.650000 -1.639380 0.000000
vt 0.883333 -1.555310 0.000000
vt 2.650000 -1.555310 0.000000
vt 0.883333 -1.471239 0.000000
vt 2.650000 -1.471239 0.000000
vt 0.883333 -1.387168 0.000000
vt 2.650000 -1.387168 0.000000
vt 0.883333 -1.303097 0.000000
vt 2.650000 -1.303097 0.000000
vt 0.883333 -1.219026 0.000000
vt 2.650000 -1.219026 0.000000
vt 0.883333 -1.134956 0.000000
vt 2.650000 -1.134956 0.000000
vt 0.883333 -1.050885 0.000000
vt 2.650000 -1.050885 0.000000
vt 0.883333 -0.966814 0.000000
vt 2.650000 -0.966814 0.000000
vt 0.883333 -0.882743 0.000000
vt 2.650000 -0.882743 0.000000
vt 0.883333 -0.798672 0.000000
vt 2.650000 -0.798672 0.000000
vt 0.883333 -0.714602 0.000000
vt 2.650000 -0.714602 0.000000
vt 0.883333 -0.630531 0.000000
vt 2.650000 -0.630531 0.000000
vt 0.883333 -0.546460 0.000000
vt 2.650000 -0.546460 0.000000
vt 0.883333 -0.462389 0.000000
vt 2.650000 -0.462389 0.000000
vt 0.883333 -0.422882 0.000000
vt 2.650000 -0.378319 0.000000
vt 0.883333 -0.378319 0.000000
vt 0.883333 -0.294248 0.000000
vt 0.194841 -0.331508 0.000000
vt 0.222219 -0.307532 0.000000
vt 0.247401 -0.280764 0.000000
vt 0.270236 -0.251472 0.000000
vt 0.883333 -0.210177 0.000000
vt 0.290559 -0.219951 0.000000
vt 0.308191 -0.186489 0.000000
vt 0.322949 -0.151364 0.000000
vt 0.883333 -0.126106 0.000000
vt 0.334654 -0.114837 0.000000
vt 0.343109 -0.077182 0.000000
vt 0.883333 -0.042035 0.000000
vt 0.348193 -0.038778 0.000000
vt 0.349895 0.000002 0.000000
vt 0.883333 0.042035 0.000000
vt 0.348208 0.038779 0.000000
vt 0.343124 0.077179 0.000000
vt 0.883333 0.126106 0.000000
vt 0.334653 0.114827 0.000000
vt 0.322949 0.151360 0.000000
vt 0.883333 0.210177 0.000000
vt 0.308195 0.186506 0.000000
vt 0.290569 0.219983 0.000000
vt 0.270246 0.251500 0.000000
vt 0.883333 0.294248 0.000000
vt 0.247403 0.280764 0.000000
vt 0.222234 0.307539 0.000000
vt 0.194941 0.331568 0.000000
vt 0.883333 0.378319 0.000000
vt 0.165730 0.352581 0.000000
vt 0.134812 0.370294 0.000000
vt 0.102455 0.384438 0.000000
vt 0.068971 0.394769 0.000000
vt 0.034687 0.401055 0.000000
vt -0.000000 0.403170 0.000000
vt 0.883333 0.462389 0.000000
vt -0.883333 0.462389 0.000000
vt -0.883333 0.546460 0.000000
vt -2.650000 0.546460 0.000000
vt -2.650000 0.630531 0.000000
vt -0.883333 0.630531 0.000000
vt -2.650000 0.714602 0.000000
vt -0.883333 0.714602 0.000000
vt -2.650000 0.798672 0.000000
vt -0.883333 0.798672 0.000000
vt -2.650000 0.882743 0.000000
vt -0.883333 0.882743 0.000000
vt -2.650000 0.966814 0.000000
vt -0.883333 0.966814 0.000000
vt -2.650000 1.050885 0.000000
vt -0.883333 1.050885 0.000000
vt -2.650000 1.134956 0.000000
vt -0.883333 1.134956 0.000000
vt -2.650000 1.219026 0.000000
vt -0.883333 1.219026 0.000000
vt -2.650000 1.303097 0.000000
vt -0.883333 1.303097 0.000000
vt -2.650000 1.387168 0.000000
vt -0.883333 1.387168 0.000000
vt -2.650000 1.471239 0.000000
vt -0.883333 1.471239 0.000000
vt -2.650000 1.555310 0.000000
vt -0.883333 1.555310 0.000000
vt -2.650000 1.639380 0.000000
vt -0.883333 1.639380 0.000000
vt -2.650000 1.723451 0.000000
vt -0.883333 1.723451 0.000000
vt -2.650000 1.807522 0.000000
vt -0.883333 1.807522 0.000000
vt -2.650000 1.891593 0.000000
vt -0.883333 1.891593 0.000000
vt -2.650000 1.975664 0.000000
vt -0.883333 1.975664 0.000000
vt -2.650000 2.059734 0.000000
vt -0.883333 2.059734 0.000000
vt -2.650000 2.143805 0.000000
vt -0.883333 2.143805 0.000000
vt -2.650000 2.227876 0.000000
vt -0.883333 2.227876 0.000000
vt -2.650000 2.311947 0.000000
vt -0.883333 2.311947 0.000000
vt -2.650000 2.396017 0.000000
vt -0.883333 2.396017 0.000000
vt -2.650000 2.480088 0.000000
vt -0.883333 2.480088 0.000000
vt -2.650000 2.564159 0.000000
vt -2.650000 2.648230 0.000000
vt -2.650000 2.732301 0.000000
vt -2.650000 2.816371 0.000000
vt -2.650000 2.900442 0.000000
vt -2.650000 2.984513 0.000000
vt -2.650000 -2.984513 0.000000
vt -2.650000 -2.900442 0.000000
vt -2.650000 -2.816371 0.000000
vt 2.650000 -0.294248 0.000000
vt 2.650000 -0.210177 0.000000
vt 2.650000 -0.126106 0.000000
vt 2.650000 -0.042035 0.000000
vt 2.650000 0.042035 0.000000
vt 2.650000 0.126106 0.000000
vt 2.650000 0.210177 0.000000
vt 2.650000 0.294248 0.000000
vt 2.650000 0.378319 0.000000
vt 2.650000 0.462389 0.000000
vt 0.883333 0.546460 0.000000
vt 2.650000 0.546460 0.000000
vt 0.883333 0.630531 0.000000
vt 2.650000 0.630531 0.000000
vt 0.883333 0.714602 0.000000
vt 2.650000 0.714602 0.000000
vt 0.883333 0.798672 0.000000
vt 2.650000 0.798672 0.000000
vt 0.883333 0.882743 0.000000
vt 2.650000 0.882743 0.000000
vt 0.883333 0.966814 0.000000
vt 2.650000 0.966814 0.000000
vt 0.883333 1.050885 0.000000
vt 2.650000 1.050885 0.000000
vt 0.883333 1.134956 0.000000
vt 2.650000 1.134956 0.000000
vt 0.883333 1.219026 0.000000
vt 2.650000 1.219026 0.000000
vt 0.883333 1.303097 0.000000
vt 2.650000 1.303097 0.000000
vt 0.883333 1.387168 0.000000
vt 2.650000 1.387168 0.000000
vt 0.883333 1.471239 0.000000
vt 2.650000 1.471239 0.000000
vt 0.883333 1.555310 0.000000
vt 2.650000 1.555310 0.000000
vt 0.883333 1.639380 0.000000
vt 2.650000 1.639380 0.000000
vt 0.883333 1.723451 0.000000
vt 2.650000 1.723451 0.000000
vt 0.883333 1.807522 0.000000
vt 2.650000 1.807522 0.000000
vt 0.883333 1.891593 0.000000
vt 2.650000 1.891593 0.000000
vt 0.883333 1.975664 0.000000
vt 2.650000 1.975664 0.000000
vt 0.883333 2.059734 0.000000
vt 2.650000 2.059734 0.000000
vt 0.883333 2.143805 0.000000
vt 2.650000 2.143805 0.000000
vt 0.883333 2.227876 0.000000
vt 2.650000 2.227876 0.000000
vt 0.883333 2.311947 0.000000
vt 2.650000 2.311947 0.000000
vt 0.883333 2.396017 0.000000
vt 2.650000 2.396017 0.000000
vt 0.883333 2.480088 0.000000
vt 2.650000 2.480088 0.000000
vt 0.883333 2.564159 0.000000
vt 2.650000 2.564159 0.000000
vt 2.650000 2.648230 0.000000
vt 2.650000 2.732301 0.000000
vt -2.650000 0.462389 0.000000
vt -0.883333 0.378319 0.000000
vt -0.034665 0.401016 0.000000
vt -0.068916 0.394685 0.000000
vt -0.102407 0.384374 0.000000
vt -0.134792 0.370277 0.000000
vt -0.165725 0.352584 0.000000
vt -0.194925 0.331555 0.000000
vt -0.883333 0.294248 0.000000
vt -0.222201 0.307496 0.000000
vt -0.247359 0.280692 0.000000
vt -0.270207 0.251421 0.000000
vt -0.883333 0.210177 0.000000
vt -0.290552 0.219951 0.000000
vt -0.308200 0.186534 0.000000
vt -0.322960 0.151407 0.000000
vt -0.883333 0.126106 0.000000
vt -0.334642 0.114834 0.000000
vt -0.343114 0.077174 0.000000
vt -0.883333 0.042035 0.000000
vt -0.348268 0.038782 0.000000
vt -0.349997 0.000008 0.000000
vt -0.883333 -0.042035 0.000000
vt -0.348245 -0.038755 0.000000
vt -0.343091 -0.077148 0.000000
vt -0.883333 -0.126106 0.000000
vt -0.334632 -0.114814 0.000000
vt -0.322963 -0.151395 0.000000
vt -0.883333 -0.210177 0.000000
vt -0.308210 -0.186536 0.000000
vt -0.290571 -0.219965 0.000000
vt -0.270236 -0.251443 0.000000
vt -0.883333 -0.294248 0.000000
vt -0.247394 -0.280716 0.000000
vt -0.222236 -0.307516 0.000000
vt -0.194951 -0.331564 0.000000
vt -0.883333 -0.378319 0.000000
vt -0.165714 -0.352554 0.000000
vt -0.134725 -0.370172 0.000000
vt -0.102316 -0.384224 0.000000
vt -0.068829 -0.394527 0.000000
vt -0.034604 -0.400893 0.000000
vt -0.883333 -0.462389 0.000000
vt 0.000016 -0.403129 0.000000
vt 0.034676 -0.401050 0.000000
vt 0.068875 -0.394686 0.000000
vt 0.102272 -0.384294 0.000000
vt 0.134586 -0.370132 0.000000
vt 0.165536 -0.352454 0.000000
vt -2.650000 0.378319 0.000000
vt -2.650000 0.294248 0.000000
vt -2.650000 0.210177 0.000000
vt -2.650000 0.126106 0.000000
vt -2.650000 0.042035 0.000000
vt -2.650000 -0.042035 0.000000
vt -2.650000 -0.126106 0.000000
vt -2.650000 -0.210177 0.000000
vt -2.650000 -0.294248 0.000000
vt -2.650000 -0.378319 0.000000
vt -2.650000 -0.462389 0.000000
vt -0.883333 -0.546460 0.000000
vt -2.650000 -0.546460 0.000000
vt -0.883333 -0.630531 0.000000
vt -2.650000 -0.630531 0.000000
vt -0.883333 -0.714602 0.000000
vt -2.650000 -0.714602 0.000000
vt -0.883333 -0.798672 0.000000
vt -2.650000 -0.798672 0.000000
vt -0.883333 -0.882743 0.000000
vt -2.650000 -0.882743 0.000000
vt -0.883333 -0.966814 0.000000
vt -2.650000 -0.966814 0.000000
vt -0.883333 -1.050885 0.000000
vt -2.650000 -1.050885 0.000000
vt -0.883333 -1.134956 0.000000
vt -2.650000 -1.134956 0.000000
vt -0.883333 -1.219026 0.000000
vt -2.650000 -1.219026 0.000000
vt -0.883333 -1.303097 0.000000
vt -2.650000 -1.303097 0.000000
vt -0.883333 -1.387168 0.000000
vt -2.650000 -1.387168 0.000000
vt -0.883333 -1.471239 0.000000
vt -2.650000 -1.471239 0.000000
vt -0.883333 -1.555310 0.000000
vt -2.650000 -1.555310 0.000000
vt -0.883333 -1.639380 0.000000
vt -2.650000 -1.639380 0.000000
vt -0.883333 -1.723451 0.000000
vt -2.650000 -1.723451 0.000000
vt -0.883333 -1.807522 0.000000
vt -2.650000 -1.807522 0.000000
vt -0.883333 -1.891593 0.000000
vt -2.650000 -1.891593 0.000000
vt -0.883333 -1.975664 0.000000
vt -2.650000 -1.975664 0.000000
vt -0.883333 -2.059734 0.000000
vt -2.650000 -2.059734 0.000000
vt -0.883333 -2.143805 0.000000
vt -2.650000 -2.143805 0.000000
vt -0.883333 -2.227876 0.000000
vt -2.650000 -2.227876 0.000000
vt -0.883333 -2.311947 0.000000
vt -2.650000 -2.311947 0.000000
vt -0.883333 -2.396017 0.000000
vt -2.650000 -2.396017 0.000000
vt -0.883333 -2.480088 0.000000
vt -2.650000 -2.480088 0.000000
vt -2.650000 -2.564159 0.000000
vt -2.650000 -2.648230 0.000000
vt -2.650000 -2.732301 0.000000
vt -0.199519 0.000000 0.000000
vt -0.174579 0.000000 0.000000
vt -0.199516 0.025597 0.000000
vt -0.174071 0.020478 0.000000
vt -0.174071 0.040955 0.000000
vt -0.148623 0.020478 0.000000
vt -0.148623 0.040955 0.000000
vt -0.133012 0.020478 0.000000
vt -0.133012 0.040955 0.000000
vt -0.107565 0.020478 0.000000
vt -0.107565 0.040955 0.000000
vt -0.082117 0.020478 0.000000
vt -0.082117 0.040955 0.000000
vt -0.056670 0.020478 0.000000
vt -0.056670 0.040955 0.000000
vt -0.031222 0.020478 0.000000
vt -0.031222 0.040955 0.000000
vt -0.015542 0.020478 0.000000
vt -0.015542 0.040955 0.000000
vt -0.000002 0.025597 0.000000
vt -0.000000 0.051194 0.000000
vt -0.149639 0.000000 0.000000
vt -0.124699 0.000000 0.000000
vt -0.099759 0.000000 0.000000
vt -0.074819 0.000000 0.000000
vt -0.049880 0.000000 0.000000
vt -0.024940 0.000000 0.000000
vt -0.000000 0.000000 0.000000
vt -0.015542 0.061433 0.000000
vt -0.000008 0.076787 0.000000
vt -0.015542 0.081911 0.000000
vt -0.000005 0.102386 0.000000
vt -0.015542 0.102386 0.000000
vt -0.015542 0.122866 0.000000
vt -0.031222 0.122866 0.000000
vt -0.031222 0.143343 0.000000
vt -0.056670 0.143343 0.000000
vt -0.056670 0.163821 0.000000
vt -0.082117 0.163821 0.000000
vt -0.082117 0.184299 0.000000
vt -0.107565 0.184299 0.000000
vt -0.082117 0.204775 0.000000
vt -0.107565 0.204775 0.000000
vt -0.082117 0.225254 0.000000
vt -0.107565 0.225254 0.000000
vt -0.107565 0.245732 0.000000
vt -0.133012 0.245732 0.000000
vt -0.133012 0.266209 0.000000
vt -0.148623 0.266209 0.000000
vt -0.148623 0.286687 0.000000
vt -0.174071 0.286687 0.000000
vt -0.148623 0.307185 0.000000
vt -0.174071 0.307185 0.000000
vt -0.174071 0.327642 0.000000
vt -0.199486 0.307185 0.000000
vt -0.199512 0.332766 0.000000
vt -0.174071 0.348120 0.000000
vt -0.199504 0.358357 0.000000
vt -0.174071 0.368597 0.000000
vt -0.199431 0.383951 0.000000
vt -0.174071 0.389075 0.000000
vt -0.199385 0.409550 0.000000
vt -0.174071 0.409550 0.000000
vt -0.174071 0.430030 0.000000
vt -0.148623 0.430030 0.000000
vt -0.174071 0.450508 0.000000
vt -0.148623 0.450508 0.000000
vt -0.174071 0.470986 0.000000
vt -0.148623 0.470986 0.000000
vt -0.174071 0.491463 0.000000
vt -0.148623 0.491463 0.000000
vt -0.174071 0.511920 0.000000
vt -0.148623 0.511920 0.000000
vt -0.174071 0.532419 0.000000
vt -0.148623 0.532419 0.000000
vt -0.174071 0.552896 0.000000
vt -0.148623 0.552896 0.000000
vt -0.174071 0.573374 0.000000
vt -0.148623 0.573374 0.000000
vt -0.174071 0.593851 0.000000
vt -0.148623 0.593851 0.000000
vt -0.174071 0.614327 0.000000
vt -0.148623 0.614327 0.000000
vt -0.174071 0.634807 0.000000
vt -0.148623 0.634807 0.000000
vt -0.174071 0.655284 0.000000
vt -0.148623 0.655284 0.000000
vt -0.174071 0.675762 0.000000
vt -0.148623 0.675762 0.000000
vt -0.174071 0.696240 0.000000
vt -0.148623 0.696240 0.000000
vt -0.148623 0.716817 0.000000
vt -0.133012 0.716817 0.000000
vt -0.133012 0.737195 0.000000
vt -0.107565 0.737195 0.000000
vt -0.133012 0.757673 0.000000
vt -0.107565 0.757673 0.000000
vt -0.133012 0.778150 0.000000
vt -0.107565 0.778150 0.000000
vt -0.133012 0.798628 0.000000
vt -0.107565 0.798628 0.000000
vt -0.107565 0.819092 0.000000
vt -0.082117 0.819092 0.000000
vt -0.082117 0.839583 0.000000
vt -0.056670 0.839583 0.000000
vt -0.082117 0.860061 0.000000
vt -0.056670 0.860061 0.000000
vt -0.082117 0.880538 0.000000
vt -0.056670 0.880538 0.000000
vt -0.082117 0.901016 0.000000
vt -0.056670 0.901016 0.000000
vt -0.082117 0.921469 0.000000
vt -0.056670 0.921469 0.000000
vt -0.082117 0.941971 0.000000
vt -0.056670 0.941971 0.000000
vt -0.082117 0.962449 0.000000
vt -0.056670 0.962449 0.000000
vt -0.082117 0.982926 0.000000
vt -0.056670 0.982926 0.000000
vt -0.082117 1.003404 0.000000
vt -0.056670 1.003404 0.000000
vt -0.056670 1.023895 0.000000
vt -0.031222 1.023895 0.000000
vt -0.031222 1.044359 0.000000
vt -0.015542 1.044359 0.000000
vt -0.031222 1.064837 0.000000
vt -0.015542 1.064837 0.000000
vt -0.031222 1.085315 0.000000
vt -0.015542 1.085315 0.000000
vt -0.031222 1.105792 0.000000
vt -0.015542 1.105792 0.000000
vt -0.015542 1.126270 0.000000
vt 0.000001 1.126270 0.000000
vt -0.015542 1.146748 0.000000
vt 0.000036 1.151871 0.000000
vt -0.015542 1.167225 0.000000
vt 0.000064 1.177475 0.000000
vt -0.015542 1.187703 0.000000
vt 0.000045 1.203071 0.000000
vt -0.015542 1.208180 0.000000
vt 0.000004 1.228659 0.000000
vt -0.015542 1.228659 0.000000
vt -0.015542 1.249136 0.000000
vt -0.031222 1.249136 0.000000
vt -0.031222 1.269613 0.000000
vt -0.056670 1.269613 0.000000
vt -0.056670 1.290091 0.000000
vt -0.082117 1.290091 0.000000
vt -0.082117 1.310569 0.000000
vt -0.107565 1.310569 0.000000
vt -0.107565 1.331046 0.000000
vt -0.133012 1.331046 0.000000
vt -0.133012 1.351524 0.000000
vt -0.148623 1.351524 0.000000
vt -0.148623 1.372002 0.000000
vt -0.174071 1.372002 0.000000
vt -0.174071 1.392479 0.000000
vt -0.199453 1.382207 0.000000
vt -0.199426 1.407803 0.000000
vt -0.174071 1.412957 0.000000
vt -0.199426 1.433413 0.000000
vt -0.174071 1.433414 0.000000
vt -0.174071 1.453912 0.000000
vt -0.148623 1.433415 0.000000
vt -0.148623 1.453912 0.000000
vt -0.133012 1.433416 0.000000
vt -0.133012 1.453912 0.000000
vt -0.107565 1.433416 0.000000
vt -0.107565 1.453912 0.000000
vt -0.082117 1.433417 0.000000
vt -0.082117 1.453912 0.000000
vt -0.056670 1.433418 0.000000
vt -0.056670 1.453912 0.000000
vt -0.031222 1.433419 0.000000
vt -0.031222 1.453912 0.000000
vt -0.015542 1.433420 0.000000
vt -0.015542 1.453912 0.000000
vt 0.000077 1.433420 0.000000
vt 0.000047 1.459031 0.000000
vt -0.000000 0.127985 0.000000
vt -0.015542 0.143343 0.000000
vt -0.031222 0.163821 0.000000
vt -0.056670 0.184299 0.000000
vt -0.056670 0.204775 0.000000
vt -0.056670 0.225254 0.000000
vt -0.082117 0.245732 0.000000
vt -0.107565 0.266209 0.000000
vt -0.133012 0.286687 0.000000
vt -0.133012 0.307185 0.000000
vt -0.148623 0.327642 0.000000
vt -0.000001 0.153578 0.000000
vt -0.015542 0.163821 0.000000
vt -0.031222 0.184299 0.000000
vt -0.031222 0.204775 0.000000
vt -0.031222 0.225254 0.000000
vt -0.056670 0.245732 0.000000
vt -0.082117 0.266209 0.000000
vt -0.107565 0.286687 0.000000
vt -0.107565 0.307184 0.000000
vt -0.133012 0.327642 0.000000
vt -0.148623 0.348120 0.000000
vt -0.000000 0.179175 0.000000
vt -0.015542 0.184299 0.000000
vt -0.015542 0.204775 0.000000
vt -0.015542 0.225254 0.000000
vt -0.031222 0.245732 0.000000
vt -0.056670 0.266209 0.000000
vt -0.082117 0.286687 0.000000
vt -0.082117 0.307184 0.000000
vt -0.082117 0.327642 0.000000
vt -0.107565 0.327642 0.000000
vt -0.107565 0.348120 0.000000
vt -0.133012 0.348120 0.000000
vt -0.133012 0.368597 0.000000
vt -0.148623 0.368597 0.000000
vt -0.148623 0.389075 0.000000
vt 0.000000 0.204775 0.000000
vt 0.000004 0.230375 0.000000
vt -0.015542 0.245732 0.000000
vt 0.000032 0.255982 0.000000
vt -0.015542 0.266209 0.000000
vt 0.000052 0.281589 0.000000
vt -0.015542 0.286687 0.000000
vt 0.000040 0.307183 0.000000
vt -0.015542 0.307183 0.000000
vt -0.015542 0.327642 0.000000
vt -0.031222 0.307183 0.000000
vt -0.031222 0.327642 0.000000
vt -0.056670 0.307184 0.000000
vt -0.056670 0.327642 0.000000
vt 0.000008 0.332766 0.000000
vt -0.015542 0.348120 0.000000
vt -0.031222 0.348120 0.000000
vt -0.031222 0.368597 0.000000
vt -0.056670 0.368597 0.000000
vt -0.056670 0.389075 0.000000
vt -0.082117 0.389075 0.000000
vt -0.056670 0.409550 0.000000
vt -0.082117 0.409550 0.000000
vt -0.082117 0.430030 0.000000
vt -0.107565 0.430030 0.000000
vt -0.107565 0.450508 0.000000
vt -0.133012 0.450508 0.000000
vt -0.133012 0.470986 0.000000
vt 0.000015 0.358357 0.000000
vt -0.015542 0.368597 0.000000
vt -0.031222 0.389075 0.000000
vt -0.031222 0.409550 0.000000
vt -0.056670 0.430030 0.000000
vt -0.082117 0.450508 0.000000
vt -0.107565 0.470986 0.000000
vt -0.133012 0.491463 0.000000
vt 0.000091 0.383949 0.000000
vt -0.015542 0.389075 0.000000
vt -0.015542 0.409550 0.000000
vt -0.031222 0.430030 0.000000
vt -0.056670 0.450508 0.000000
vt -0.082117 0.470986 0.000000
vt -0.107565 0.491463 0.000000
vt -0.133012 0.511920 0.000000
vt 0.000139 0.409550 0.000000
vt -0.015542 0.430030 0.000000
vt 0.000110 0.435154 0.000000
vt -0.015542 0.450508 0.000000
vt 0.000033 0.460750 0.000000
vt -0.015542 0.470986 0.000000
vt 0.000002 0.486342 0.000000
vt -0.015542 0.491463 0.000000
vt 0.000039 0.511921 0.000000
vt -0.015542 0.511921 0.000000
vt -0.015542 0.532419 0.000000
vt -0.031222 0.532419 0.000000
vt -0.031222 0.552896 0.000000
vt -0.056670 0.552896 0.000000
vt -0.056670 0.573374 0.000000
vt -0.082117 0.573374 0.000000
vt -0.082117 0.593851 0.000000
vt -0.107565 0.593851 0.000000
vt -0.107565 0.614327 0.000000
vt -0.133012 0.614327 0.000000
vt -0.133012 0.634807 0.000000
vt 0.000071 0.537506 0.000000
vt -0.015542 0.552896 0.000000
vt -0.031222 0.573374 0.000000
vt -0.056670 0.593851 0.000000
vt -0.082117 0.614327 0.000000
vt -0.107565 0.634807 0.000000
vt -0.133012 0.655284 0.000000
vt 0.000068 0.563107 0.000000
vt -0.015542 0.573374 0.000000
vt -0.031222 0.593851 0.000000
vt -0.056670 0.614328 0.000000
vt -0.082117 0.634807 0.000000
vt -0.107565 0.655284 0.000000
vt -0.133012 0.675762 0.000000
vt 0.000037 0.588719 0.000000
vt -0.015542 0.593851 0.000000
vt -0.031222 0.614328 0.000000
vt -0.056670 0.634807 0.000000
vt -0.082117 0.655284 0.000000
vt -0.107565 0.675762 0.000000
vt -0.133012 0.696240 0.000000
vt 0.000004 0.614328 0.000000
vt -0.015542 0.614328 0.000000
vt -0.031222 0.634807 0.000000
vt -0.056670 0.655284 0.000000
vt -0.082117 0.675762 0.000000
vt -0.107565 0.696240 0.000000
vt -0.107565 0.716817 0.000000
vt -0.015542 0.634807 0.000000
vt -0.000014 0.639931 0.000000
vt -0.015542 0.655284 0.000000
vt -0.000082 0.665557 0.000000
vt -0.015542 0.675762 0.000000
vt -0.000158 0.691192 0.000000
vt -0.015542 0.696240 0.000000
vt -0.000195 0.716816 0.000000
vt -0.015542 0.716817 0.000000
vt -0.015542 0.737195 0.000000
vt -0.031222 0.737195 0.000000
vt -0.031222 0.757673 0.000000
vt -0.056670 0.757673 0.000000
vt -0.056670 0.778150 0.000000
vt -0.082117 0.778150 0.000000
vt -0.082117 0.798628 0.000000
vt -0.000168 0.742407 0.000000
vt -0.015542 0.757673 0.000000
vt -0.031222 0.778150 0.000000
vt -0.056670 0.798628 0.000000
vt -0.000087 0.767963 0.000000
vt -0.015542 0.778150 0.000000
vt -0.031222 0.798628 0.000000
vt -0.056670 0.819092 0.000000
vt -0.000008 0.793514 0.000000
vt -0.015542 0.798628 0.000000
vt -0.031222 0.819092 0.000000
vt -0.031222 0.839583 0.000000
vt -0.000035 0.819092 0.000000
vt -0.015542 0.819092 0.000000
vt -0.015542 0.839583 0.000000
vt -0.031222 0.860061 0.000000
vt -0.000146 0.844652 0.000000
vt -0.015542 0.860061 0.000000
vt -0.000222 0.870233 0.000000
vt -0.015542 0.880538 0.000000
vt -0.000211 0.895844 0.000000
vt -0.015542 0.901016 0.000000
vt -0.000124 0.921470 0.000000
vt -0.015542 0.921469 0.000000
vt -0.015542 0.941971 0.000000
vt -0.031222 0.941971 0.000000
vt -0.031222 0.962449 0.000000
vt -0.000025 0.947087 0.000000
vt -0.015542 0.962449 0.000000
vt -0.031222 0.982926 0.000000
vt 0.000002 0.972688 0.000000
vt -0.015542 0.982926 0.000000
vt -0.031222 1.003404 0.000000
vt 0.000021 0.998288 0.000000
vt -0.015542 1.003404 0.000000
vt -0.015542 1.023894 0.000000
vt 0.000046 1.023894 0.000000
vt 0.000058 1.049499 0.000000
vt 0.000046 1.075095 0.000000
vt 0.000016 1.100681 0.000000
vt 0.000012 1.254252 0.000000
vt -0.015542 1.269613 0.000000
vt -0.031222 1.290091 0.000000
vt -0.056670 1.310569 0.000000
vt -0.082117 1.331046 0.000000
vt -0.107565 1.351524 0.000000
vt -0.133012 1.372002 0.000000
vt -0.148623 1.392479 0.000000
vt 0.000030 1.279846 0.000000
vt -0.015542 1.290091 0.000000
vt -0.031222 1.310569 0.000000
vt -0.056670 1.331046 0.000000
vt -0.082117 1.351524 0.000000
vt -0.107565 1.372002 0.000000
vt -0.133012 1.392479 0.000000
vt -0.148623 1.412957 0.000000
vt 0.000017 1.305447 0.000000
vt -0.015542 1.310569 0.000000
vt -0.031222 1.331046 0.000000
vt -0.056670 1.351524 0.000000
vt -0.082117 1.372002 0.000000
vt -0.107565 1.392479 0.000000
vt -0.133012 1.412957 0.000000
vt -0.000000 1.331046 0.000000
vt -0.015542 1.331046 0.000000
vt -0.031222 1.351524 0.000000
vt -0.056670 1.372002 0.000000
vt -0.082117 1.392479 0.000000
vt -0.107565 1.412957 0.000000
vt -0.015542 1.351524 0.000000
vt 0.000028 1.356630 0.000000
vt -0.015542 1.372002 0.000000
vt 0.000069 1.382212 0.000000
vt -0.015542 1.392479 0.000000
vt 0.000088 1.407810 0.000000
vt -0.015542 1.412957 0.000000
vt -0.015542 1.474390 0.000000
vt 0.000016 1.484632 0.000000
vt -0.015542 1.494867 0.000000
vt -0.000000 1.510226 0.000000
vt -0.015542 1.515345 0.000000
vt -0.000025 1.535827 0.000000
vt -0.015542 1.535828 0.000000
vt -0.015542 1.556300 0.000000
vt -0.031222 1.556300 0.000000
vt -0.031222 1.576778 0.000000
vt -0.056670 1.576778 0.000000
vt -0.056670 1.597256 0.000000
vt -0.082117 1.597256 0.000000
vt -0.082117 1.617733 0.000000
vt -0.107565 1.617733 0.000000
vt -0.099759 1.638211 0.000000
vt -0.124699 1.638211 0.000000
vt -0.000071 1.561437 0.000000
vt -0.015542 1.576778 0.000000
vt -0.031222 1.597256 0.000000
vt -0.056670 1.617733 0.000000
vt -0.074819 1.638211 0.000000
vt -0.000079 1.587041 0.000000
vt -0.015542 1.597256 0.000000
vt -0.031222 1.617733 0.000000
vt -0.049880 1.638211 0.000000
vt -0.000037 1.612627 0.000000
vt -0.015542 1.617733 0.000000
vt -0.024940 1.638211 0.000000
vt -0.000000 1.638211 0.000000
vt -0.133012 1.617733 0.000000
vt -0.149639 1.638211 0.000000
vt -0.148623 1.617733 0.000000
vt -0.174071 1.617733 0.000000
vt -0.148623 1.597256 0.000000
vt -0.174071 1.597256 0.000000
vt -0.148623 1.576778 0.000000
vt -0.174071 1.576778 0.000000
vt -0.148623 1.556300 0.000000
vt -0.174071 1.556300 0.000000
vt -0.174071 1.535828 0.000000
vt -0.199487 1.535828 0.000000
vt -0.199518 1.510226 0.000000
vt -0.174579 1.638211 0.000000
vt -0.199519 1.638211 0.000000
vt -0.199474 1.612627 0.000000
vt -0.199422 1.587041 0.000000
vt -0.199429 1.561438 0.000000
vt -0.199492 1.484630 0.000000
vt -0.174071 1.494867 0.000000
vt -0.174071 1.515345 0.000000
vt -0.148623 1.535828 0.000000
vt -0.133012 1.556300 0.000000
vt -0.133012 1.576778 0.000000
vt -0.133012 1.597256 0.000000
vt -0.174071 1.474390 0.000000
vt -0.199453 1.459026 0.000000
vt -0.199494 1.356628 0.000000
vt -0.174071 1.351524 0.000000
vt -0.148623 1.331046 0.000000
vt -0.133012 1.310569 0.000000
vt -0.107565 1.290091 0.000000
vt -0.082117 1.269613 0.000000
vt -0.056670 1.249136 0.000000
vt -0.031222 1.228659 0.000000
vt -0.199519 1.331046 0.000000
vt -0.174071 1.331046 0.000000
vt -0.148623 1.310569 0.000000
vt -0.133012 1.290091 0.000000
vt -0.107565 1.269613 0.000000
vt -0.082117 1.249136 0.000000
vt -0.056670 1.228659 0.000000
vt -0.031222 1.208180 0.000000
vt -0.174071 1.310569 0.000000
vt -0.199502 1.305446 0.000000
vt -0.174071 1.290091 0.000000
vt -0.199490 1.279845 0.000000
vt -0.174071 1.269613 0.000000
vt -0.199508 1.254252 0.000000
vt -0.174071 1.249136 0.000000
vt -0.199515 1.228659 0.000000
vt -0.174071 1.228659 0.000000
vt -0.174071 1.208180 0.000000
vt -0.148623 1.208180 0.000000
vt -0.148623 1.187703 0.000000
vt -0.133012 1.187703 0.000000
vt -0.133012 1.167225 0.000000
vt -0.107565 1.167225 0.000000
vt -0.107565 1.146748 0.000000
vt -0.082117 1.146748 0.000000
vt -0.107565 1.126270 0.000000
vt -0.082117 1.126270 0.000000
vt -0.107565 1.105792 0.000000
vt -0.082117 1.105792 0.000000
vt -0.082117 1.085315 0.000000
vt -0.056670 1.085315 0.000000
vt -0.056670 1.064837 0.000000
vt -0.199477 1.203071 0.000000
vt -0.174071 1.187703 0.000000
vt -0.148623 1.167225 0.000000
vt -0.133012 1.146748 0.000000
vt -0.199458 1.177477 0.000000
vt -0.174071 1.167225 0.000000
vt -0.148623 1.146748 0.000000
vt -0.133012 1.126270 0.000000
vt -0.133012 1.105792 0.000000
vt -0.107565 1.085315 0.000000
vt -0.082117 1.064837 0.000000
vt -0.056670 1.044359 0.000000
vt -0.199483 1.151873 0.000000
vt -0.174071 1.146748 0.000000
vt -0.148623 1.126270 0.000000
vt -0.148623 1.105792 0.000000
vt -0.133012 1.085315 0.000000
vt -0.107565 1.064837 0.000000
vt -0.082117 1.044359 0.000000
vt -0.082117 1.023896 0.000000
vt -0.199518 1.126270 0.000000
vt -0.174071 1.126270 0.000000
vt -0.174071 1.105792 0.000000
vt -0.148623 1.085315 0.000000
vt -0.133012 1.064837 0.000000
vt -0.107565 1.044359 0.000000
vt -0.107565 1.023896 0.000000
vt -0.107565 1.003404 0.000000
vt -0.199506 1.100682 0.000000
vt -0.174071 1.085315 0.000000
vt -0.199481 1.075098 0.000000
vt -0.174071 1.064837 0.000000
vt -0.199467 1.049504 0.000000
vt -0.174071 1.044359 0.000000
vt -0.199473 1.023898 0.000000
vt -0.174071 1.023898 0.000000
vt -0.174071 1.003404 0.000000
vt -0.148623 1.023897 0.000000
vt -0.148623 1.003404 0.000000
vt -0.133012 1.023897 0.000000
vt -0.133012 1.003404 0.000000
vt -0.199495 0.998290 0.000000
vt -0.174071 0.982926 0.000000
vt -0.148623 0.982926 0.000000
vt -0.148623 0.962449 0.000000
vt -0.133012 0.962449 0.000000
vt -0.133012 0.941971 0.000000
vt -0.107565 0.941971 0.000000
vt -0.107565 0.921469 0.000000
vt -0.199516 0.972688 0.000000
vt -0.174071 0.962449 0.000000
vt -0.148623 0.941971 0.000000
vt -0.133012 0.921469 0.000000
vt -0.107565 0.901016 0.000000
vt -0.199486 0.947087 0.000000
vt -0.174071 0.941971 0.000000
vt -0.148623 0.921469 0.000000
vt -0.133012 0.901016 0.000000
vt -0.107565 0.880538 0.000000
vt -0.199361 0.921468 0.000000
vt -0.174071 0.921469 0.000000
vt -0.148623 0.901016 0.000000
vt -0.133012 0.880538 0.000000
vt -0.107565 0.860061 0.000000
vt -0.174071 0.901016 0.000000
vt -0.199256 0.895842 0.000000
vt -0.174071 0.880538 0.000000
vt -0.199248 0.870232 0.000000
vt -0.174071 0.860061 0.000000
vt -0.199345 0.844651 0.000000
vt -0.174071 0.839583 0.000000
vt -0.199478 0.819092 0.000000
vt -0.174071 0.819092 0.000000
vt -0.174071 0.798628 0.000000
vt -0.148623 0.819092 0.000000
vt -0.148623 0.798628 0.000000
vt -0.133012 0.819092 0.000000
vt -0.199509 0.793514 0.000000
vt -0.174071 0.778150 0.000000
vt -0.148623 0.778150 0.000000
vt -0.148623 0.757673 0.000000
vt -0.199413 0.767963 0.000000
vt -0.174071 0.757673 0.000000
vt -0.148623 0.737195 0.000000
vt -0.199305 0.742409 0.000000
vt -0.174071 0.737195 0.000000
vt -0.174071 0.716818 0.000000
vt -0.199258 0.716818 0.000000
vt -0.199295 0.691193 0.000000
vt -0.199395 0.665557 0.000000
vt -0.199496 0.639931 0.000000
vt -0.199515 0.614327 0.000000
vt -0.199486 0.588716 0.000000
vt -0.199461 0.563102 0.000000
vt -0.199462 0.537502 0.000000
vt -0.199489 0.511919 0.000000
vt -0.199517 0.486342 0.000000
vt -0.199487 0.460749 0.000000
vt -0.199413 0.435152 0.000000
vt -0.199475 0.281592 0.000000
vt -0.174071 0.266209 0.000000
vt -0.199490 0.255985 0.000000
vt -0.174071 0.245732 0.000000
vt -0.199515 0.230375 0.000000
vt -0.174071 0.225254 0.000000
vt -0.199517 0.204775 0.000000
vt -0.174071 0.204775 0.000000
vt -0.174071 0.184299 0.000000
vt -0.148623 0.204775 0.000000
vt -0.148623 0.184299 0.000000
vt -0.133012 0.204775 0.000000
vt -0.133012 0.184299 0.000000
vt -0.199512 0.179175 0.000000
vt -0.174071 0.163821 0.000000
vt -0.148623 0.163821 0.000000
vt -0.148623 0.143343 0.000000
vt -0.133012 0.143343 0.000000
vt -0.133012 0.122866 0.000000
vt -0.107565 0.122866 0.000000
vt -0.107565 0.102386 0.000000
vt -0.082117 0.102386 0.000000
vt -0.082117 0.081911 0.000000
vt -0.056670 0.081911 0.000000
vt -0.056670 0.061433 0.000000
vt -0.031222 0.061433 0.000000
vt -0.199513 0.153578 0.000000
vt -0.174071 0.143343 0.000000
vt -0.148623 0.122866 0.000000
vt -0.133012 0.102386 0.000000
vt -0.107565 0.081911 0.000000
vt -0.082117 0.061433 0.000000
vt -0.199518 0.127985 0.000000
vt -0.174071 0.122866 0.000000
vt -0.148623 0.102386 0.000000
vt -0.133012 0.081911 0.000000
vt -0.107565 0.061433 0.000000
vt -0.199512 0.102386 0.000000
vt -0.174071 0.102386 0.000000
vt -0.148623 0.081911 0.000000
vt -0.133012 0.061433 0.000000
vt -0.174071 0.081911 0.000000
vt -0.199509 0.076787 0.000000
vt -0.174071 0.061433 0.000000
vt -0.199518 0.051194 0.000000
vt -0.148623 0.061433 0.000000
vt -0.031222 0.081911 0.000000
vt -0.056670 0.102386 0.000000
vt -0.082117 0.122866 0.000000
vt -0.107565 0.143343 0.000000
vt -0.133012 0.163821 0.000000
vt -0.031222 0.102386 0.000000
vt -0.056670 0.122866 0.000000
vt -0.082117 0.143343 0.000000
vt -0.107565 0.163821 0.000000
vt -0.133012 0.225254 0.000000
vt -0.148623 0.225254 0.000000
vt -0.148623 0.245732 0.000000
vt -0.031222 0.266209 0.000000
vt -0.056670 0.286687 0.000000
vt -0.031222 0.286687 0.000000
vt -0.056670 0.348120 0.000000
vt -0.082117 0.348120 0.000000
vt -0.082117 0.368597 0.000000
vt -0.107565 0.368597 0.000000
vt -0.107565 0.389075 0.000000
vt -0.133012 0.389075 0.000000
vt -0.107565 0.409550 0.000000
vt -0.133012 0.409550 0.000000
vt -0.133012 0.430030 0.000000
vt -0.148623 0.409550 0.000000
vt -0.031222 0.450508 0.000000
vt -0.031222 0.470986 0.000000
vt -0.031222 0.491463 0.000000
vt -0.031222 0.511921 0.000000
vt -0.056670 0.470986 0.000000
vt -0.082117 0.491463 0.000000
vt -0.107565 0.511920 0.000000
vt -0.133012 0.532419 0.000000
vt -0.056670 0.491463 0.000000
vt -0.056670 0.511921 0.000000
vt -0.056670 0.532419 0.000000
vt -0.082117 0.511921 0.000000
vt -0.107565 0.532419 0.000000
vt -0.133012 0.552896 0.000000
vt -0.082117 0.532419 0.000000
vt -0.082117 0.552896 0.000000
vt -0.107565 0.552896 0.000000
vt -0.133012 0.573374 0.000000
vt -0.107565 0.573374 0.000000
vt -0.133012 0.593851 0.000000
vt -0.031222 0.655284 0.000000
vt -0.031222 0.675762 0.000000
vt -0.031222 0.696240 0.000000
vt -0.056670 0.675762 0.000000
vt -0.082117 0.696240 0.000000
vt -0.082117 0.716817 0.000000
vt -0.056670 0.696240 0.000000
vt -0.031222 0.716817 0.000000
vt -0.056670 0.716817 0.000000
vt -0.082117 0.737195 0.000000
vt -0.056670 0.737195 0.000000
vt -0.082117 0.757673 0.000000
vt -0.148623 0.839583 0.000000
vt -0.148623 0.860061 0.000000
vt -0.148623 0.880538 0.000000
vt -0.133012 0.839583 0.000000
vt -0.133012 0.860061 0.000000
vt -0.107565 0.839583 0.000000
vt -0.031222 0.880538 0.000000
vt -0.031222 0.901016 0.000000
vt -0.031222 0.921469 0.000000
vt -0.107565 0.962449 0.000000
vt -0.133012 0.982926 0.000000
vt -0.107565 0.982926 0.000000
vt -0.133012 1.044359 0.000000
vt -0.148623 1.044359 0.000000
vt -0.148623 1.064837 0.000000
vt -0.056670 1.105792 0.000000
vt -0.031222 1.126270 0.000000
vt -0.056670 1.126270 0.000000
vt -0.056670 1.146748 0.000000
vt -0.082117 1.167225 0.000000
vt -0.107565 1.187703 0.000000
vt -0.133012 1.208180 0.000000
vt -0.148623 1.228659 0.000000
vt -0.031222 1.146748 0.000000
vt -0.031222 1.167225 0.000000
vt -0.031222 1.187703 0.000000
vt -0.056670 1.167225 0.000000
vt -0.082117 1.187703 0.000000
vt -0.107565 1.208180 0.000000
vt -0.133012 1.228659 0.000000
vt -0.148623 1.249136 0.000000
vt -0.056670 1.187703 0.000000
vt -0.056670 1.208180 0.000000
vt -0.082117 1.208180 0.000000
vt -0.107565 1.228659 0.000000
vt -0.133012 1.249136 0.000000
vt -0.148623 1.269613 0.000000
vt -0.082117 1.228659 0.000000
vt -0.107565 1.249136 0.000000
vt -0.133012 1.269613 0.000000
vt -0.148623 1.290091 0.000000
vt -0.031222 1.372002 0.000000
vt -0.056670 1.392479 0.000000
vt -0.082117 1.412957 0.000000
vt -0.031222 1.392479 0.000000
vt -0.056670 1.412957 0.000000
vt -0.031222 1.412957 0.000000
vt -0.031222 1.474390 0.000000
vt -0.031222 1.494867 0.000000
vt -0.031222 1.515345 0.000000
vt -0.056670 1.474390 0.000000
vt -0.056670 1.494867 0.000000
vt -0.056670 1.515345 0.000000
vt -0.031222 1.535828 0.000000
vt -0.082117 1.474390 0.000000
vt -0.082117 1.494867 0.000000
vt -0.082117 1.515345 0.000000
vt -0.056670 1.535828 0.000000
vt -0.056670 1.556300 0.000000
vt -0.107565 1.474390 0.000000
vt -0.107565 1.494867 0.000000
vt -0.107565 1.515345 0.000000
vt -0.082117 1.535828 0.000000
vt -0.082117 1.556300 0.000000
vt -0.082117 1.576778 0.000000
vt -0.133012 1.474390 0.000000
vt -0.133012 1.494867 0.000000
vt -0.133012 1.515345 0.000000
vt -0.107565 1.535828 0.000000
vt -0.107565 1.556300 0.000000
vt -0.107565 1.576778 0.000000
vt -0.107565 1.597256 0.000000
vt -0.148623 1.474390 0.000000
vt -0.148623 1.494867 0.000000
vt -0.148623 1.515345 0.000000
vt -0.133012 1.535828 0.000000
vt -0.946282 -0.083961 0.000000
vt 0.949070 -0.042022 0.000000
vt -0.950000 0.000000 0.000000
vt 0.949070 0.042022 0.000000
vt 0.941642 0.125736 0.000000
vt 0.941642 -0.125736 0.000000
vt -0.935159 -0.167265 0.000000
vt 0.926845 -0.208467 0.000000
vt -0.916717 -0.249260 0.000000
vt 0.904794 -0.289565 0.000000
vt -0.891100 -0.329304 0.000000
vt 0.875661 -0.368398 0.000000
vt -0.858509 -0.406771 0.000000
vt 0.839676 -0.444348 0.000000
vt -0.819199 -0.481054 0.000000
vt 0.797118 -0.516819 0.000000
vt -0.773478 -0.551573 0.000000
vt 0.748323 -0.585246 0.000000
vt -0.721703 -0.617774 0.000000
vt 0.693670 -0.649093 0.000000
vt -0.664280 -0.679141 0.000000
vt 0.633589 -0.707860 0.000000
vt -0.601658 -0.735193 0.000000
vt 0.568549 -0.761086 0.000000
vt -0.534327 -0.785490 0.000000
vt 0.499059 -0.808356 0.000000
vt -0.462814 -0.829640 0.000000
vt 0.425663 -0.849300 0.000000
vt -0.387679 -0.867297 0.000000
vt 0.348937 -0.883597 0.000000
vt -0.309511 -0.898167 0.000000
vt 0.269479 -0.910978 0.000000
vt -0.228919 -0.922006 0.000000
vt 0.187912 -0.931230 0.000000
vt -0.146536 -0.938630 0.000000
vt 0.104874 -0.944194 0.000000
vt -0.063007 -0.947908 0.000000
vt 0.021016 -0.949768 0.000000
vt 0.926845 0.208467 0.000000
vt 0.904794 0.289565 0.000000
vt 0.875661 0.368398 0.000000
vt 0.839676 0.444348 0.000000
vt 0.797118 0.516819 0.000000
vt 0.748323 0.585246 0.000000
vt 0.693670 0.649093 0.000000
vt 0.633589 0.707860 0.000000
vt 0.568549 0.761086 0.000000
vt 0.499059 0.808356 0.000000
vt 0.425663 0.849300 0.000000
vt 0.348937 0.883597 0.000000
vt 0.269479 0.910978 0.000000
vt 0.187912 0.931230 0.000000
vt 0.104874 0.944194 0.000000
vt 0.021016 0.949768 0.000000
vt -0.063007 0.947908 0.000000
vt -0.146536 0.938630 0.000000
vt -0.228919 0.922006 0.000000
vt -0.309511 0.898167 0.000000
vt -0.387679 0.867297 0.000000
vt -0.462814 0.829640 0.000000
vt -0.534327 0.785490 0.000000
vt -0.946282 0.083961 0.000000
vt -0.601658 0.735193 0.000000
vt -0.664280 0.679141 0.000000
vt -0.721703 0.617774 0.000000
vt -0.773478 0.551573 0.000000
vt -0.819199 0.481054 0.000000
vt -0.858509 0.406771 0.000000
vt -0.891100 0.329304 0.000000
vt -0.916717 0.249260 0.000000
vt -0.935159 0.167265 0.000000
vt 0.946282 0.083961 0.000000
vt 0.534327 0.785490 0.000000
vt 0.950000 0.000000 0.000000
vt 0.462814 0.829640 0.000000
vt 0.387679 0.867297 0.000000
vt 0.935159 0.167265 0.000000
vt 0.916717 0.249260 0.000000
vt 0.891100 0.329304 0.000000
vt 0.858509 0.406771 0.000000
vt 0.819199 0.481054 0.000000
vt 0.773478 0.551573 0.000000
vt 0.721703 0.617774 0.000000
vt 0.664280 0.679141 0.000000
vt 0.601658 0.735193 0.000000
vt 0.309511 0.898167 0.000000
vt 0.228919 0.922006 0.000000
vt 0.146536 0.938630 0.000000
vt 0.063007 0.947908 0.000000
vt -0.021016 0.949768 0.000000
vt -0.104874 0.944194 0.000000
vt -0.187912 0.931230 0.000000
vt -0.269479 0.910978 0.000000
vt -0.348937 0.883597 0.000000
vt -0.425663 0.849300 0.000000
vt -0.499059 0.808356 0.000000
vt -0.568549 0.761086 0.000000
vt -0.633589 0.707860 0.000000
vt -0.693670 0.649093 0.000000
vt -0.748323 0.585246 0.000000
vt -0.797118 0.516819 0.000000
vt -0.839676 0.444348 0.000000
vt -0.875661 0.368398 0.000000
vt -0.904794 0.289565 0.000000
vt -0.926845 0.208467 0.000000
vt -0.941642 0.125736 0.000000
vt -0.949070 0.042022 0.000000
vt -0.949070 -0.042022 0.000000
vt 0.946282 -0.083961 0.000000
vt -0.941642 -0.125736 0.000000
vt 0.935159 -0.167265 0.000000
vt -0.926845 -0.208467 0.000000
vt 0.916717 -0.249260 0.000000
vt -0.904794 -0.289565 0.000000
vt 0.891100 -0.329304 0.000000
vt -0.875661 -0.368398 0.000000
vt 0.858509 -0.406771 0.000000
vt -0.839676 -0.444348 0.000000
vt 0.819199 -0.481054 0.000000
vt -0.797118 -0.516819 0.000000
vt 0.773478 -0.551573 0.000000
vt -0.748323 -0.585246 0.000000
vt 0.721703 -0.617774 0.000000
vt -0.693670 -0.649093 0.000000
vt 0.664280 -0.679141 0.000000
vt -0.633589 -0.707860 0.000000
vt 0.601658 -0.735193 0.000000
vt -0.568549 -0.761086 0.000000
vt 0.534327 -0.785490 0.000000
vt -0.499059 -0.808356 0.000000
vt 0.462814 -0.829640 0.000000
vt -0.425663 -0.849300 0.000000
vt 0.387679 -0.867297 0.000000
vt -0.348937 -0.883597 0.000000
vt 0.309511 -0.898167 0.000000
vt -0.269479 -0.910978 0.000000
vt 0.228919 -0.922006 0.000000
vt -0.187912 -0.931230 0.000000
vt 0.146536 -0.938630 0.000000
vt -0.104874 -0.944194 0.000000
vt 0.063007 -0.947908 0.000000
vt -0.021016 -0.949768 0.000000
vn -0.000000 0.091129 -0.041176
vn -0.000000 0.098499 -0.017260
vn 0.000001 0.091222 -0.040970
vn -0.002204 0.098563 -0.016750
vn -0.004344 0.098500 -0.016697
vn -0.004217 0.099580 0.008124
vn -0.008326 0.099344 0.007841
vn -0.005364 0.097004 0.023696
vn -0.010598 0.096691 0.023206
vn -0.006922 0.087787 0.047387
vn -0.013692 0.087410 0.046604
vn -0.008009 0.073249 0.067605
vn -0.015860 0.072877 0.066614
vn -0.008608 0.053411 0.084102
vn -0.017067 0.053112 0.082993
vn -0.008649 0.030698 0.094778
vn -0.017173 0.030514 0.093669
vn -0.008401 0.015688 0.098404
vn -0.016701 0.015589 0.097355
vn -0.009909 0.000006 0.099508
vn -0.019716 0.000000 0.098037
vn 0.000000 0.099740 0.007209
vn 0.000000 0.094728 0.032041
vn 0.000000 0.084017 0.054233
vn 0.000000 0.068204 0.073131
vn 0.000000 0.047639 0.087923
vn 0.000000 0.024829 0.096868
vn 0.000000 0.000000 0.100000
vn -0.024857 0.015436 0.095624
vn -0.029285 0.000016 0.095616
vn -0.032718 0.015241 0.093259
vn -0.038501 0.000014 0.092291
vn -0.040261 0.015005 0.090299
vn -0.047482 0.014736 0.086766
vn -0.048247 0.028909 0.082683
vn -0.054962 0.028385 0.078571
vn -0.053545 0.049644 0.068326
vn -0.059256 0.048798 0.064090
vn -0.054014 0.067490 0.050275
vn -0.058477 0.066460 0.046513
vn -0.049626 0.080948 0.031379
vn -0.062451 0.065470 0.042586
vn -0.052839 0.079956 0.028549
vn -0.065978 0.064530 0.038507
vn -0.055653 0.079022 0.025655
vn -0.058059 0.078173 0.022763
vn -0.044142 0.089181 0.009914
vn -0.045612 0.088582 0.008526
vn -0.035558 0.093456 0.001270
vn -0.036504 0.093095 0.000912
vn -0.018786 0.097798 -0.009092
vn -0.037279 0.092790 0.000621
vn -0.019182 0.097834 -0.007776
vn -0.019484 0.097878 -0.006344
vn -0.000035 0.098724 -0.015925
vn -0.000021 0.099263 -0.012120
vn -0.019687 0.097928 -0.004755
vn 0.000019 0.099681 -0.007985
vn -0.019815 0.097969 -0.003077
vn -0.000028 0.099924 -0.003907
vn -0.019904 0.097988 -0.001500
vn -0.000069 0.100000 0.000024
vn -0.019936 0.097993 0.000019
vn -0.019903 0.097987 0.001528
vn -0.038816 0.092159 -0.000138
vn -0.019809 0.097970 0.003073
vn -0.038626 0.092239 -0.000267
vn -0.019671 0.097934 0.004698
vn -0.038319 0.092366 -0.000344
vn -0.019485 0.097878 0.006339
vn -0.037887 0.092544 -0.000416
vn -0.019191 0.097831 0.007804
vn -0.037283 0.092788 -0.000607
vn -0.018794 0.097792 0.009135
vn -0.036505 0.093094 -0.000887
vn -0.018302 0.097765 0.010346
vn -0.035554 0.093458 -0.001245
vn -0.017719 0.097749 0.011455
vn -0.034418 0.093875 -0.001672
vn -0.017048 0.097743 0.012474
vn -0.033085 0.094344 -0.002162
vn -0.016289 0.097749 0.013411
vn -0.031533 0.094859 -0.002707
vn -0.015329 0.097796 0.014175
vn -0.029640 0.095446 -0.003383
vn -0.014163 0.097883 0.014779
vn -0.027426 0.096076 -0.004139
vn -0.012911 0.097972 0.015320
vn -0.024994 0.096704 -0.004864
vn -0.011559 0.098068 0.015784
vn -0.022321 0.097318 -0.005558
vn -0.019364 0.097910 -0.006218
vn -0.024682 0.094771 -0.020230
vn -0.020522 0.095506 -0.021389
vn -0.026518 0.085979 -0.043639
vn -0.015933 0.096151 -0.022385
vn -0.020519 0.086763 -0.045291
vn -0.010909 0.096665 -0.023170
vn -0.014011 0.087382 -0.046562
vn -0.005432 0.097002 -0.023689
vn -0.006993 0.087785 -0.047381
vn 0.000213 0.087911 -0.047661
vn 0.000185 0.073377 -0.067939
vn 0.008246 0.073244 -0.067582
vn 0.008822 0.053452 -0.084054
vn 0.016022 0.072872 -0.066581
vn 0.017213 0.053188 -0.082914
vn 0.023455 0.072290 -0.064993
vn 0.025281 0.052740 -0.081113
vn 0.030497 0.071531 -0.062875
vn 0.032980 0.052127 -0.078709
vn 0.037106 0.070632 -0.060285
vn 0.040262 0.051380 -0.075757
vn 0.043279 0.069626 -0.057264
vn 0.047123 0.050538 -0.072287
vn 0.048973 0.068554 -0.053870
vn 0.053511 0.049656 -0.068344
vn 0.054098 0.067467 -0.050215
vn 0.059351 0.048768 -0.064024
vn 0.058589 0.066421 -0.046429
vn 0.064544 0.047910 -0.059487
vn 0.069163 0.047105 -0.054751
vn 0.072122 0.026767 -0.063890
vn 0.076784 0.026317 -0.058409
vn 0.077093 0.013291 -0.062290
vn 0.080967 0.025928 -0.052650
vn 0.081598 0.013102 -0.056304
vn 0.084682 0.025592 -0.046626
vn 0.085633 0.012950 -0.049992
vn 0.087933 0.025291 -0.040350
vn 0.089189 0.012813 -0.043371
vn 0.092255 0.012663 -0.036452
vn 0.092287 -0.000005 -0.038511
vn 0.094773 0.012511 -0.029352
vn 0.095642 -0.000074 -0.029198
vn 0.096716 0.012398 -0.022187
vn 0.098040 -0.000110 -0.019700
vn 0.098107 0.012333 -0.014931
vn 0.099499 -0.000072 -0.009993
vn 0.098951 0.012311 -0.007561
vn 0.100000 -0.000007 -0.000053
vn 0.099238 0.012318 -0.000051
vn 0.098952 0.012332 0.007519
vn 0.096734 0.024377 0.006945
vn 0.095978 0.024447 0.013805
vn 0.089436 0.043223 0.011527
vn 0.088418 0.043434 0.017197
vn 0.078302 0.060815 0.013051
vn 0.077166 0.061187 0.017366
vn 0.064345 0.075710 0.011302
vn 0.063218 0.076178 0.014156
vn 0.047855 0.087607 0.005907
vn 0.046838 0.088059 0.007199
vn 0.036512 0.093092 0.000902
vn 0.035550 0.093460 0.001227
vn 0.018326 0.097752 -0.010422
vn 0.017725 0.097734 -0.011569
vn 0.000033 0.097309 -0.023043
vn -0.000013 0.096508 -0.026196
vn 0.017020 0.097733 -0.012590
vn -0.000067 0.095674 -0.029096
vn 0.016210 0.097752 -0.013485
vn 0.015287 0.097791 -0.014257
vn 0.031473 0.094881 0.002641
vn 0.029665 0.095443 0.003260
vn 0.040319 0.090617 0.012763
vn 0.037982 0.091402 0.014250
vn 0.052866 0.079955 0.028501
vn 0.049709 0.080931 0.031292
vn 0.062524 0.065418 0.042558
vn 0.058617 0.066398 0.046426
vn 0.069163 0.047059 0.054791
vn 0.064577 0.047852 0.059498
vn 0.072114 0.026690 0.063932
vn 0.066968 0.027188 0.069109
vn 0.072107 0.013439 0.067971
vn 0.066679 0.013716 0.073251
vn 0.070660 -0.000309 0.070760
vn 0.063528 -0.000243 0.077228
vn -0.047358 -0.000002 0.088075
vn -0.054301 0.014453 0.082719
vn -0.061151 0.027864 0.074055
vn -0.064418 0.047974 0.059571
vn -0.069073 0.047184 0.054796
vn -0.073260 0.046426 0.049775
vn -0.069034 0.063669 0.034359
vn -0.060096 0.077415 0.019885
vn -0.046843 0.088058 0.007183
vn -0.047854 0.087609 0.005886
vn -0.037887 0.092544 0.000411
vn -0.055704 -0.000012 0.083049
vn -0.060669 0.014174 0.078220
vn -0.066840 0.027362 0.069164
vn -0.072048 0.026882 0.063925
vn -0.076800 0.026414 0.058344
vn -0.076944 0.045722 0.044600
vn -0.071639 0.062903 0.030185
vn -0.061804 0.076750 0.017019
vn -0.063214 0.076181 0.014158
vn -0.048653 0.087243 0.004646
vn -0.038330 0.092362 0.000306
vn -0.063488 -0.000010 0.077261
vn -0.066592 0.013911 0.073294
vn -0.072073 0.013661 0.067963
vn -0.077121 0.013408 0.062230
vn -0.081047 0.025966 0.052508
vn -0.080115 0.045100 0.039338
vn -0.073839 0.062234 0.025976
vn -0.075670 0.061664 0.021719
vn -0.077150 0.061192 0.017416
vn -0.064343 0.075711 0.011308
vn -0.065205 0.075344 0.008464
vn -0.049250 0.086962 0.003475
vn -0.049660 0.086766 0.002352
vn -0.038630 0.092237 0.000264
vn -0.038817 0.092159 0.000157
vn -0.070677 -0.000000 0.070745
vn -0.077243 -0.000021 0.063510
vn -0.081680 0.013152 0.056173
vn -0.083053 -0.000088 0.055698
vn -0.085704 0.012933 0.049875
vn -0.088058 -0.000115 0.047389
vn -0.089216 0.012761 0.043332
vn -0.092252 -0.000075 0.038595
vn -0.092226 0.012634 0.036535
vn -0.094722 0.012537 0.029504
vn -0.090695 0.024983 0.033915
vn -0.092946 0.024770 0.027340
vn -0.085097 0.044114 0.028503
vn -0.086956 0.043744 0.022917
vn -0.095601 -0.000010 0.029333
vn -0.096705 0.012444 0.022209
vn -0.094727 0.024588 0.020549
vn -0.096009 0.024426 0.013624
vn -0.089460 0.043210 0.011393
vn -0.090074 0.043066 0.005668
vn -0.079597 0.060379 0.004312
vn -0.090276 0.043015 -0.000015
vn -0.079756 0.060324 -0.000008
vn -0.079598 0.060378 -0.004324
vn -0.066168 0.074926 -0.002817
vn -0.065809 0.075083 -0.005638
vn -0.049657 0.086768 -0.002354
vn -0.049243 0.086965 -0.003500
vn -0.098062 -0.000035 0.019589
vn -0.098136 0.012337 0.014738
vn -0.096761 0.024319 0.006779
vn -0.097008 0.024278 -0.000020
vn -0.090074 0.043061 -0.005690
vn -0.079119 0.060542 -0.008656
vn -0.065204 0.075344 -0.008465
vn -0.048653 0.087243 -0.004650
vn -0.099523 -0.000155 0.009758
vn -0.098974 0.012258 0.007336
vn -0.099250 0.012226 -0.000022
vn -0.096761 0.024311 -0.006809
vn -0.089464 0.043203 -0.011390
vn -0.078306 0.060815 -0.013025
vn -0.064342 0.075711 -0.011311
vn -0.047855 0.087609 -0.005880
vn -0.100000 -0.000226 -0.000023
vn -0.098973 0.012248 -0.007370
vn -0.099520 -0.000184 -0.009785
vn -0.098138 0.012321 -0.014734
vn -0.098069 -0.000066 -0.019558
vn -0.096722 0.012432 -0.022144
vn -0.095606 -0.000001 -0.029317
vn -0.094724 0.012543 -0.029497
vn -0.092241 -0.000072 -0.038620
vn -0.092214 0.012636 -0.036564
vn -0.089194 0.012746 -0.043382
vn -0.087946 0.025236 -0.040357
vn -0.084739 0.025544 -0.046549
vn -0.080102 0.045086 -0.039383
vn -0.076951 0.045696 -0.044615
vn -0.069039 0.063661 -0.034365
vn -0.066016 0.064513 -0.038470
vn -0.055668 0.079019 -0.025634
vn -0.052873 0.079946 -0.028514
vn -0.040361 0.090592 -0.012812
vn -0.037911 0.091410 -0.014387
vn -0.088034 -0.000156 -0.047435
vn -0.085681 0.012895 -0.049924
vn -0.081049 0.025920 -0.052528
vn -0.073314 0.046391 -0.049729
vn -0.062505 0.065453 -0.042532
vn -0.049568 0.080963 -0.031432
vn -0.035079 0.092271 -0.015988
vn -0.083029 -0.000176 -0.055732
vn -0.081675 0.013096 -0.056193
vn -0.076853 0.026362 -0.058298
vn -0.069139 0.047163 -0.054731
vn -0.058427 0.066476 -0.046554
vn -0.045805 0.082018 -0.034278
vn -0.031951 0.093128 -0.017504
vn -0.077258 -0.000116 -0.063492
vn -0.077165 0.013350 -0.062188
vn -0.072112 0.026859 -0.063863
vn -0.064371 0.047996 -0.059605
vn -0.053851 0.067531 -0.050395
vn -0.041642 0.083069 -0.036952
vn -0.028501 0.093966 -0.018921
vn -0.070722 -0.000024 -0.070699
vn -0.072129 0.013639 -0.067907
vn -0.066788 0.027392 -0.069203
vn -0.059101 0.048860 -0.064185
vn -0.048812 0.068584 -0.053978
vn -0.037056 0.084098 -0.039426
vn -0.031997 0.085083 -0.041679
vn -0.066532 0.013947 -0.073341
vn -0.063387 0.000068 -0.077344
vn -0.060510 0.014288 -0.078322
vn -0.055531 0.000233 -0.083164
vn -0.054127 0.014617 -0.082805
vn -0.047243 0.000357 -0.088136
vn -0.047388 0.014905 -0.086788
vn -0.038530 0.000377 -0.092278
vn -0.040259 0.015145 -0.090276
vn -0.032848 0.015334 -0.093198
vn -0.033620 0.029909 -0.089304
vn -0.025721 0.030249 -0.091779
vn -0.025535 0.052626 -0.081108
vn -0.017341 0.053098 -0.082945
vn -0.016165 0.072852 -0.066568
vn -0.008078 0.073246 -0.067600
vn -0.029407 0.000285 -0.095578
vn -0.025051 0.015483 -0.095565
vn -0.017408 0.030514 -0.093626
vn -0.008669 0.053407 -0.084098
vn -0.019891 0.000130 -0.098002
vn -0.016911 0.015599 -0.097318
vn -0.008699 0.030694 -0.094774
vn 0.000166 0.053525 -0.084470
vn -0.009997 0.000009 -0.099499
vn -0.008445 0.015684 -0.098401
vn 0.000167 0.030786 -0.095143
vn 0.008865 0.030792 -0.094727
vn 0.000178 0.000078 -0.100000
vn 0.000173 0.015754 -0.098751
vn 0.008627 0.015810 -0.098365
vn 0.017324 0.030681 -0.093587
vn 0.010127 0.000324 -0.099485
vn 0.016862 0.015804 -0.097293
vn 0.019804 0.000518 -0.098018
vn 0.024863 0.015705 -0.095578
vn 0.029207 0.000530 -0.095638
vn 0.032613 0.015499 -0.093253
vn 0.038334 0.000354 -0.092360
vn 0.040095 0.015195 -0.090341
vn 0.047327 0.014828 -0.086835
vn 0.048114 0.028983 -0.082735
vn 0.054935 0.028397 -0.078586
vn 0.047203 0.000100 -0.088158
vn 0.054280 0.014465 -0.082731
vn 0.061235 0.027832 -0.073998
vn 0.055730 -0.000018 -0.083031
vn 0.060736 0.014143 -0.078174
vn 0.066947 0.027277 -0.069094
vn 0.063538 -0.000108 -0.077220
vn 0.066674 0.013819 -0.073237
vn 0.072124 0.013530 -0.067935
vn 0.070692 -0.000181 -0.070729
vn 0.077182 -0.000186 -0.063583
vn 0.082977 -0.000121 -0.055810
vn 0.088030 -0.000031 -0.047442
vn 0.099502 -0.000017 0.009965
vn 0.098103 0.012361 0.014935
vn 0.094729 0.024572 0.020558
vn 0.086983 0.043735 0.022831
vn 0.075675 0.061666 0.021694
vn 0.061777 0.076759 0.017074
vn 0.045585 0.088596 0.008534
vn 0.034394 0.093885 0.001626
vn 0.098036 -0.000049 0.019721
vn 0.096706 0.012423 0.022219
vn 0.092980 0.024760 0.027234
vn 0.085105 0.044127 0.028460
vn 0.073794 0.062252 0.026059
vn 0.060040 0.077436 0.019971
vn 0.044090 0.089207 0.009906
vn 0.033039 0.094361 0.002097
vn 0.095630 -0.000036 0.029239
vn 0.094758 0.012527 0.029394
vn 0.090707 0.025009 0.033864
vn 0.082768 0.044593 0.034072
vn 0.071558 0.062923 0.030334
vn 0.057991 0.078200 0.022842
vn 0.042342 0.089884 0.011315
vn 0.092273 0.000000 0.038545
vn 0.092241 0.012669 0.036485
vn 0.087915 0.025286 0.040393
vn 0.080019 0.045111 0.039523
vn 0.068952 0.063676 0.034511
vn 0.055610 0.079043 0.025686
vn 0.089171 0.012807 0.043411
vn 0.088009 -0.000053 0.047480
vn 0.085608 0.012927 0.050042
vn 0.082947 -0.000178 0.055855
vn 0.081569 0.013057 0.056357
vn 0.077146 -0.000282 0.063627
vn 0.077065 0.013221 0.062339
vn 0.060782 0.014046 0.078155
vn 0.055767 -0.000116 0.083006
vn 0.054390 0.014402 0.082670
vn 0.047373 -0.000008 0.088067
vn 0.047475 0.014737 0.086769
vn 0.038421 0.000080 0.092324
vn 0.040190 0.015045 0.090324
vn 0.032645 0.015325 0.093271
vn 0.033413 0.029918 0.089378
vn 0.025488 0.030302 0.091827
vn 0.025263 0.052677 0.081160
vn 0.017142 0.053136 0.082962
vn 0.015942 0.072873 0.066598
vn 0.008109 0.073246 0.067596
vn 0.007039 0.087779 0.047384
vn 0.029218 0.000184 0.095636
vn 0.024841 0.015534 0.095612
vn 0.017253 0.030569 0.093637
vn 0.008699 0.053417 0.084089
vn 0.019755 0.000184 0.098029
vn 0.016788 0.015660 0.097329
vn 0.008743 0.030715 0.094764
vn 0.010020 0.000082 0.099497
vn 0.008501 0.015711 0.098392
vn 0.005495 0.096996 0.023697
vn 0.004352 0.099574 0.008127
vn 0.002332 0.098560 -0.016746
vn 0.008443 0.099332 0.007864
vn 0.004454 0.098499 -0.016675
vn 0.012281 0.098963 0.007445
vn 0.006410 0.098412 -0.016552
vn 0.015879 0.098491 0.006890
vn 0.008239 0.098306 -0.016375
vn 0.009978 0.098182 -0.016148
vn -0.000070 0.092528 -0.037929
vn -0.000019 0.093195 -0.036258
vn 0.000113 0.091242 -0.040926
vn 0.000066 0.091539 -0.040257
vn -0.000025 0.091976 -0.039249
vn -0.000089 0.093990 -0.034145
vn 0.013041 0.097936 -0.015443
vn 0.011663 0.098040 -0.015877
vn 0.019253 0.097932 0.006215
vn 0.020252 0.095549 0.021454
vn 0.015632 0.096182 0.022466
vn 0.010711 0.096675 0.023223
vn 0.014238 0.097852 -0.014907
vn -0.000100 0.094826 -0.031749
vn 0.000045 0.098057 -0.019615
vn 0.018815 0.097787 -0.009144
vn 0.037278 0.092790 0.000655
vn 0.048642 0.087247 0.004684
vn 0.065204 0.075344 0.008464
vn 0.079104 0.060551 0.008728
vn 0.090049 0.043100 0.005792
vn 0.096990 0.024351 -0.000046
vn 0.000002 0.098732 -0.015874
vn 0.019178 0.097839 -0.007726
vn 0.037867 0.092552 0.000476
vn 0.049247 0.086964 0.003472
vn 0.065809 0.075082 0.005637
vn 0.079584 0.060392 0.004377
vn 0.090256 0.043056 -0.000034
vn 0.096735 0.024362 -0.006984
vn 0.019453 0.097891 -0.006243
vn -0.000008 0.099277 -0.012003
vn 0.019681 0.097928 -0.004762
vn 0.000016 0.099670 -0.008122
vn 0.019846 0.097957 -0.003247
vn 0.000011 0.099914 -0.004137
vn 0.019940 0.097978 -0.001658
vn 0.000002 0.100000 0.000059
vn 0.019967 0.097986 0.000047
vn 0.019935 0.097978 0.001697
vn 0.038838 0.092150 -0.000026
vn 0.038644 0.092231 -0.000152
vn 0.049668 0.086763 -0.002281
vn 0.049240 0.086967 -0.003482
vn 0.065204 0.075345 -0.008463
vn 0.064346 0.075710 -0.011300
vn 0.077173 0.061183 -0.017349
vn 0.063219 0.076178 -0.014152
vn 0.075681 0.061664 -0.021679
vn 0.061792 0.076754 -0.017048
vn 0.073811 0.062249 -0.026021
vn 0.071581 0.062921 -0.030285
vn 0.080042 0.045119 -0.039466
vn 0.076872 0.045710 -0.044737
vn 0.000030 0.099913 0.004167
vn 0.019836 0.097959 0.003245
vn 0.038317 0.092367 -0.000318
vn 0.048636 0.087250 -0.004697
vn 0.000028 0.099672 0.008093
vn 0.019668 0.097932 0.004735
vn 0.037857 0.092556 -0.000498
vn 0.047852 0.087608 -0.005915
vn 0.046849 0.088054 -0.007190
vn 0.060062 0.077428 -0.019938
vn 0.068976 0.063677 -0.034460
vn 0.073255 0.046371 -0.049835
vn -0.000012 0.099283 0.011954
vn 0.019439 0.097896 0.006208
vn 0.037272 0.092792 -0.000671
vn 0.036520 0.093089 -0.000904
vn 0.045606 0.088586 -0.008522
vn 0.058018 0.078190 -0.022810
vn 0.065970 0.064516 -0.038544
vn 0.062527 0.065432 -0.042532
vn -0.000012 0.098738 0.015839
vn 0.019167 0.097843 0.007700
vn 0.018817 0.097789 0.009124
vn 0.035570 0.093452 -0.001230
vn 0.044120 0.089193 -0.009898
vn 0.055635 0.079033 -0.025663
vn 0.052880 0.079948 -0.028496
vn 0.049698 0.080931 -0.031310
vn 0.000034 0.098064 0.019584
vn 0.018341 0.097752 0.010398
vn 0.000025 0.097316 0.023014
vn 0.017752 0.097733 0.011540
vn -0.000014 0.096514 0.026175
vn 0.017056 0.097731 0.012556
vn -0.000056 0.095676 0.029088
vn 0.016253 0.097749 0.013450
vn 0.015332 0.097788 0.014226
vn 0.031509 0.094869 -0.002668
vn 0.029693 0.095433 -0.003293
vn 0.040347 0.090602 -0.012778
vn 0.037996 0.091391 -0.014280
vn -0.000072 0.094823 0.031759
vn 0.014282 0.097849 0.014888
vn 0.027598 0.096034 -0.003979
vn 0.025171 0.096666 -0.004710
vn 0.032128 0.093097 -0.017344
vn 0.028437 0.093987 -0.018914
vn 0.037015 0.084123 -0.039412
vn 0.031809 0.085120 -0.041746
vn -0.000033 0.093979 0.034176
vn 0.013073 0.097932 0.015443
vn 0.022249 0.097335 -0.005562
vn 0.024467 0.094806 -0.020327
vn 0.026218 0.086012 -0.043755
vn -0.000107 0.093231 0.036165
vn 0.011487 0.098080 0.015759
vn 0.019143 0.097946 -0.006329
vn 0.020217 0.095536 -0.021544
vn 0.020233 0.086773 -0.045399
vn -0.000107 0.092604 0.037743
vn 0.009870 0.098210 0.016041
vn 0.015841 0.098490 -0.006990
vn 0.015663 0.096160 -0.022539
vn 0.013881 0.087368 -0.046628
vn 0.008198 0.098325 0.016280
vn 0.000007 0.092069 0.039029
vn 0.006434 0.098424 0.016471
vn 0.000148 0.091632 0.040044
vn 0.004545 0.098506 0.016612
vn 0.000239 0.091312 0.040768
vn 0.002491 0.098564 0.016702
vn 0.000187 0.091154 0.041121
vn 0.000231 0.098587 0.016747
vn -0.002257 0.098560 0.016755
vn 0.000243 0.099660 -0.008240
vn -0.004280 0.099578 -0.008117
vn 0.000237 0.097107 -0.023879
vn -0.000091 0.091221 0.040972
vn -0.004588 0.098485 0.016722
vn -0.008618 0.099321 -0.007810
vn -0.012561 0.098934 -0.007364
vn -0.000204 0.091523 0.040293
vn -0.006640 0.098385 0.016623
vn -0.016137 0.098453 -0.006823
vn -0.000178 0.091998 0.039197
vn -0.008457 0.098276 0.016438
vn -0.010077 0.098170 0.016161
vn -0.000095 0.092595 0.037764
vn -0.000001 0.093281 0.036038
vn 0.000061 0.094031 0.034031
vn 0.000053 0.094828 0.031744
vn 0.000044 0.095678 0.029081
vn 0.000065 0.096541 0.026074
vn 0.000020 0.097343 0.022898
vn -0.000031 0.098072 0.019541
vn -0.000046 0.098718 0.015963
vn -0.000014 0.099265 0.012102
vn 0.000017 0.099684 0.007947
vn -0.000040 0.099923 0.003933
vn -0.000007 0.098082 -0.019491
vn -0.018302 0.097769 -0.010307
vn 0.000037 0.097348 -0.022879
vn -0.017737 0.097747 -0.011440
vn 0.000035 0.096528 -0.026121
vn -0.017097 0.097731 -0.012505
vn -0.000002 0.095663 -0.029129
vn -0.016319 0.097740 -0.013440
vn -0.015386 0.097778 -0.014235
vn -0.031540 0.094857 0.002701
vn -0.029704 0.095429 0.003317
vn -0.040352 0.090594 0.012822
vn -0.037975 0.091393 0.014323
vn 0.000003 0.094805 -0.031812
vn -0.014313 0.097841 -0.014908
vn -0.027599 0.096034 0.003983
vn -0.025190 0.096661 0.004694
vn -0.032153 0.093091 0.017326
vn -0.028611 0.093958 0.018797
vn -0.037160 0.084100 0.039323
vn -0.031965 0.085113 0.041642
vn -0.037238 0.070604 0.060236
vn -0.030588 0.071511 0.062854
vn -0.033068 0.052024 0.078741
vn -0.025280 0.052638 0.081180
vn -0.025504 0.030224 0.091848
vn 0.000004 0.093971 -0.034197
vn -0.013082 0.097929 -0.015454
vn -0.022433 0.097299 0.005437
vn -0.024649 0.094791 0.020177
vn -0.026323 0.086027 0.043663
vn -0.023449 0.072282 0.065003
vn 0.000000 0.093192 -0.036268
vn -0.011669 0.098039 -0.015879
vn -0.019336 0.097919 0.006166
vn -0.020336 0.095545 0.021393
vn -0.020223 0.086808 0.045337
vn 0.000012 0.092504 -0.037987
vn -0.010062 0.098166 -0.016195
vn -0.015967 0.098481 0.006823
vn -0.015650 0.096190 0.022417
vn -0.008326 0.098288 -0.016438
vn -0.000011 0.091926 -0.039364
vn -0.006427 0.098402 -0.016604
vn -0.000009 0.091489 -0.040370
vn -0.012299 0.098965 0.007390
vn -0.033478 0.029851 0.089376
vn -0.040389 0.051298 0.075744
vn -0.043398 0.069600 0.057205
vn -0.041844 0.083040 0.036789
vn -0.035256 0.092231 0.015828
vn -0.041062 0.029407 0.086309
vn -0.047235 0.050493 0.072245
vn -0.049008 0.068544 0.053850
vn -0.045978 0.081982 0.034132
vn -0.042407 0.089850 0.011340
vn -0.033114 0.094334 0.002151
vn -0.034433 0.093870 0.001686
vn -0.084758 0.025573 0.046498
vn -0.082822 0.044565 0.033978
vn -0.087967 0.025247 0.040305
vn -0.088415 0.043443 0.017191
vn -0.078300 0.060818 0.013048
vn -0.079117 0.060544 0.008658
vn -0.065809 0.075083 0.005638
vn -0.066168 0.074926 0.002817
vn -0.049908 0.086647 0.001191
vn -0.066287 0.074874 0.000000
vn -0.049992 0.086607 0.000008
vn -0.049908 0.086648 -0.001179
vn -0.038880 0.092132 0.000013
vn -0.096013 0.024414 -0.013620
vn -0.094742 0.024578 -0.020489
vn -0.092947 0.024775 -0.027334
vn -0.090683 0.024985 -0.033946
vn -0.088427 0.043436 -0.017147
vn -0.077150 0.061193 -0.017416
vn -0.063210 0.076182 -0.014167
vn -0.046841 0.088060 -0.007171
vn -0.086955 0.043746 -0.022914
vn -0.085086 0.044117 -0.028532
vn -0.082804 0.044561 -0.034026
vn -0.075661 0.061666 -0.021740
vn -0.061796 0.076754 -0.017030
vn -0.045605 0.088587 -0.008513
vn -0.073826 0.062236 -0.026009
vn -0.071628 0.062901 -0.030213
vn -0.060087 0.077420 -0.019893
vn -0.044131 0.089187 -0.009903
vn -0.058057 0.078176 -0.022760
vn -0.042394 0.089857 -0.011338
vn -0.060997 0.027957 -0.074147
vn -0.054784 0.028514 -0.078649
vn -0.048151 0.029034 -0.082695
vn -0.053358 0.049720 -0.068417
vn -0.043298 0.069611 -0.057268
vn -0.037261 0.070589 -0.060239
vn -0.047138 0.050550 -0.072269
vn -0.041061 0.029505 -0.086275
vn -0.040398 0.051330 -0.075718
vn -0.030775 0.071475 -0.062803
vn -0.033233 0.052026 -0.078669
vn -0.023734 0.072245 -0.064941
vn 0.004523 0.099563 -0.008171
vn 0.008542 0.099318 -0.007929
vn 0.012311 0.098953 -0.007530
vn 0.005665 0.096978 -0.023733
vn 0.010810 0.096650 -0.023278
vn 0.007194 0.087760 -0.047397
vn 0.025507 0.030435 -0.091778
vn 0.033381 0.030054 -0.089344
vn 0.040915 0.029557 -0.086327
vn 0.041812 0.083047 -0.036809
vn 0.035278 0.092226 -0.015808
vn 0.046035 0.081968 -0.034088
vn 0.042375 0.089868 -0.011318
vn 0.033076 0.094348 -0.002114
vn 0.034424 0.093874 -0.001634
vn 0.082786 0.044594 -0.034028
vn 0.090720 0.025004 -0.033832
vn 0.085115 0.044123 -0.028435
vn 0.086995 0.043726 -0.022801
vn 0.078308 0.060810 -0.013038
vn 0.065809 0.075083 -0.005636
vn 0.049922 0.086640 -0.001107
vn 0.038902 0.092123 0.000032
vn 0.092995 0.024746 -0.027195
vn 0.094741 0.024552 -0.020528
vn 0.095984 0.024425 -0.013801
vn 0.088428 0.043422 -0.017174
vn 0.079108 0.060546 -0.008726
vn 0.066169 0.074925 -0.002815
vn 0.050007 0.086599 0.000021
vn 0.038841 0.092149 0.000052
vn 0.089443 0.043211 -0.011524
vn 0.090052 0.043091 -0.005821
vn 0.079585 0.060389 -0.004391
vn 0.066289 0.074872 0.000002
vn 0.049925 0.086639 0.001125
vn 0.038651 0.092229 0.000151
vn 0.079745 0.060339 -0.000017
vn 0.066169 0.074925 0.002817
vn 0.049673 0.086761 0.002281
vn 0.038326 0.092364 0.000301
vn 0.084658 0.025573 0.046681
vn 0.076847 0.045689 0.044799
vn 0.065950 0.064510 0.038588
vn 0.080940 0.025891 0.052710
vn 0.073237 0.046338 0.049892
vn 0.076761 0.026259 0.058466
vn 0.061304 0.027745 0.073974
vn 0.055076 0.028334 0.078510
vn 0.048239 0.028911 0.082687
vn 0.059438 0.048706 0.063991
vn 0.053679 0.049600 0.068253
vn 0.047227 0.050495 0.072249
vn 0.041002 0.029439 0.086326
vn 0.054178 0.067435 0.050173
vn 0.049130 0.068512 0.053780
vn 0.043390 0.069602 0.057210
vn 0.040341 0.051317 0.075757
vn 0.033011 0.052059 0.078741
vn 0.046087 0.081958 0.034043
vn 0.041928 0.083022 0.036734
vn 0.037152 0.084102 0.039327
vn 0.037188 0.070614 0.060255
vn 0.030527 0.071522 0.062871
vn 0.023432 0.072287 0.065004
vn 0.035290 0.092228 0.015767
vn 0.032187 0.093085 0.017295
vn 0.028603 0.093960 0.018801
vn 0.031902 0.085120 0.041675
vn 0.026251 0.086028 0.043704
vn 0.020205 0.086798 0.045364
vn 0.013790 0.087394 0.046607
vn 0.027587 0.096039 0.003944
vn 0.025192 0.096662 0.004680
vn 0.022426 0.097301 0.005440
vn 0.024572 0.094801 0.020222
vn -0.009905 0.000000 0.099508
vn -0.012702 0.000000 0.099190
vn -0.000000 0.000000 0.100000
vn 0.004244 -0.000000 0.099910
vn 0.009911 -0.000000 0.099508
vn 0.021068 -0.000000 0.097756
vn 0.019706 -0.000000 0.098039
vn 0.029274 -0.000000 0.095619
vn 0.037286 -0.000000 0.092789
vn 0.038518 -0.000000 0.092284
vn 0.047352 -0.000000 0.088079
vn 0.052431 -0.000000 0.085153
vn 0.055698 -0.000000 0.083052
vn 0.066067 -0.000000 0.075067
vn 0.063496 -0.000000 0.077254
vn 0.070687 -0.000000 0.070734
vn 0.077804 -0.000000 0.062822
vn 0.077214 -0.000000 0.063545
vn 0.083026 -0.000000 0.055737
vn 0.087301 -0.000000 0.048769
vn 0.088066 -0.000000 0.047375
vn 0.092278 -0.000000 0.038532
vn 0.094288 -0.000000 0.033314
vn 0.095616 -0.000000 0.029283
vn 0.098562 -0.000000 0.016900
vn 0.098039 -0.000000 0.019709
vn 0.099508 -0.000000 0.009912
vn 0.100000 -0.000000 0.000000
vn 0.100000 -0.000000 0.000000
vn 0.099508 0.000000 -0.009912
vn 0.098562 0.000000 -0.016900
vn 0.098038 0.000000 -0.019710
vn 0.095616 0.000000 -0.029285
vn 0.094288 0.000000 -0.033314
vn 0.092278 0.000000 -0.038532
vn 0.087301 0.000000 -0.048769
vn 0.088068 0.000000 -0.047372
vn 0.083030 0.000000 -0.055732
vn 0.077804 0.000000 -0.062822
vn 0.077217 0.000000 -0.063541
vn 0.070687 0.000000 -0.070735
vn 0.066067 0.000000 -0.075067
vn 0.063494 0.000000 -0.077256
vn 0.055683 0.000000 -0.083063
vn 0.052431 0.000000 -0.085153
vn 0.047317 0.000000 -0.088097
vn 0.037286 0.000000 -0.092789
vn 0.038472 0.000000 -0.092303
vn 0.029232 0.000000 -0.095632
vn 0.021068 0.000000 -0.097756
vn 0.019682 0.000000 -0.098044
vn 0.009908 0.000000 -0.099508
vn 0.004244 0.000000 -0.099910
vn 0.000005 0.000000 -0.100000
vn -0.012702 0.000000 -0.099190
vn -0.009890 0.000000 -0.099510
vn -0.019675 0.000000 -0.098045
vn -0.029240 0.000000 -0.095630
vn -0.029247 0.000000 -0.095627
vn -0.038504 0.000000 -0.092290
vn -0.045020 0.000000 -0.089293
vn -0.047350 0.000000 -0.088079
vn -0.055701 0.000000 -0.083051
vn -0.059463 0.000000 -0.080400
vn -0.063501 0.000000 -0.077251
vn -0.072196 0.000000 -0.069194
vn -0.070694 0.000000 -0.070728
vn -0.077222 0.000000 -0.063536
vn -0.082851 0.000000 -0.055997
vn -0.083029 0.000000 -0.055733
vn -0.088063 0.000000 -0.047381
vn -0.091123 0.000000 -0.041190
vn -0.092275 0.000000 -0.038539
vn -0.095617 0.000000 -0.029281
vn -0.096773 0.000000 -0.025198
vn -0.098040 0.000000 -0.019702
vn -0.099640 0.000000 -0.008481
vn -0.099508 0.000000 -0.009905
vn -0.100000 0.000000 0.000002
vn -0.099640 0.000000 0.008481
vn -0.099508 0.000000 0.009911
vn -0.098039 0.000000 0.019708
vn -0.096773 0.000000 0.025198
vn -0.095616 0.000000 0.029285
vn -0.091123 0.000000 0.041190
vn -0.092274 0.000000 0.038542
vn -0.088063 0.000000 0.047381
vn -0.082851 0.000000 0.055997
vn -0.083029 0.000000 0.055733
vn -0.077222 0.000000 0.063535
vn -0.072196 0.000000 0.069194
vn -0.070693 0.000000 0.070728
vn -0.063499 0.000000 0.077252
vn -0.059463 0.000000 0.080400
vn -0.055698 0.000000 0.083053
vn -0.045020 0.000000 0.089293
vn -0.047350 0.000000 0.088079
vn -0.038514 0.000000 0.092286
vn -0.029269 0.000000 0.095621
vn -0.029264 0.000000 0.095622
vn -0.019694 0.000000 0.098042
vn 0.009905 -0.000000 0.099508
vn -0.009911 0.000000 0.099508
vn -0.019706 0.000000 0.098039
vn -0.029274 0.000000 0.095619
vn -0.038518 0.000000 0.092284
vn -0.047352 0.000000 0.088079
vn -0.055698 0.000000 0.083052
vn -0.063496 0.000000 0.077254
vn -0.070687 0.000000 0.070734
vn -0.077214 0.000000 0.063545
vn -0.083026 0.000000 0.055737
vn -0.088066 0.000000 0.047375
vn -0.092278 0.000000 0.038532
vn -0.095616 0.000000 0.029283
vn -0.098039 0.000000 0.019709
vn -0.099508 0.000000 0.009912
vn -0.100000 0.000000 0.000000
vn -0.099508 0.000000 -0.009912
vn -0.098038 0.000000 -0.019710
vn -0.095616 0.000000 -0.029285
vn -0.092278 0.000000 -0.038532
vn -0.088068 0.000000 -0.047372
vn -0.083030 0.000000 -0.055732
vn -0.077217 0.000000 -0.063541
vn -0.070687 0.000000 -0.070735
vn -0.063494 0.000000 -0.077256
vn -0.055683 0.000000 -0.083063
vn -0.047317 0.000000 -0.088097
vn -0.038472 0.000000 -0.092303
vn -0.029232 0.000000 -0.095632
vn -0.019682 0.000000 -0.098044
vn -0.009908 0.000000 -0.099508
vn -0.000005 0.000000 -0.100000
vn 0.009890 0.000000 -0.099510
vn 0.019675 0.000000 -0.098045
vn 0.029247 0.000000 -0.095627
vn 0.038504 0.000000 -0.092290
vn 0.047350 0.000000 -0.088079
vn 0.055701 0.000000 -0.083051
vn 0.063501 0.000000 -0.077251
vn 0.070694 0.000000 -0.070728
vn 0.077222 0.000000 -0.063536
vn 0.083029 0.000000 -0.055733
vn 0.088063 0.000000 -0.047381
vn 0.092275 0.000000 -0.038539
vn 0.095617 0.000000 -0.029281
vn 0.098040 0.000000 -0.019702
vn 0.099508 0.000000 -0.009905
vn 0.100000 -0.000000 0.000002
vn 0.099508 -0.000000 0.009911
vn 0.098039 -0.000000 0.019708
vn 0.095616 -0.000000 0.029285
vn 0.092274 -0.000000 0.038542
vn 0.088063 -0.000000 0.047381
vn 0.083029 -0.000000 0.055733
vn 0.077222 -0.000000 0.063535
vn 0.070693 -0.000000 0.070728
vn 0.063499 -0.000000 0.077252
vn 0.055698 -0.000000 0.083053
vn 0.047350 -0.000000 0.088079
vn 0.038514 -0.000000 0.092286
vn 0.029264 -0.000000 0.095622
vn 0.019694 -0.000000 0.098042
vn 0.000000 -0.091220 -0.040973
vn 0.000000 -0.090369 -0.042818
vn 0.000000 -0.091129 -0.041176
vn 0.000000 -0.090879 -0.041725
vn 0.000000 -0.091222 -0.040970
vn 0.000000 -0.091493 -0.040361
vn 0.000000 -0.091926 -0.039365
vn 0.000000 -0.092500 -0.037997
vn 0.000000 -0.093800 -0.034664
vn 0.000000 -0.093191 -0.036268
vn 0.000000 -0.093971 -0.034196
vn 0.000000 -0.094807 -0.031806
vn 0.000000 -0.095667 -0.029118
vn 0.000000 -0.096513 -0.026178
vn 0.000000 -0.096518 -0.026158
vn 0.000000 -0.097332 -0.022946
vn 0.000000 -0.098438 -0.017607
vn 0.000000 -0.098078 -0.019509
vn 0.000000 -0.098733 -0.015870
vn 0.000000 -0.099270 -0.012058
vn 0.000000 -0.099609 -0.008838
vn 0.000000 -0.099670 -0.008115
vn 0.000000 -0.099917 -0.004081
vn 0.000000 -0.100000 -0.000000
vn 0.000000 -0.100000 -0.000001
vn 0.000000 -0.099917 0.004078
vn 0.000000 -0.099609 0.008838
vn 0.000000 -0.099670 0.008112
vn 0.000000 -0.099271 0.012056
vn 0.000000 -0.098438 0.017607
vn 0.000000 -0.098733 0.015869
vn 0.000000 -0.098078 0.019509
vn 0.000000 -0.097331 0.022948
vn 0.000000 -0.096512 0.026180
vn 0.000000 -0.096518 0.026160
vn 0.000000 -0.095666 0.029121
vn 0.000000 -0.094806 0.031808
vn 0.000000 -0.093800 0.034664
vn 0.000000 -0.093971 0.034197
vn 0.000000 -0.093193 0.036265
vn 0.000000 -0.092504 0.037987
vn 0.000000 -0.091932 0.039351
vn 0.000000 -0.090369 0.042818
vn 0.000000 -0.091500 0.040346
vn 0.000000 -0.091227 0.040958
vn 0.000000 -0.091131 0.041173
vn 0.000000 -0.090369 0.042818
vn 0.000000 -0.091221 0.040973
vn 0.000000 -0.091493 0.040361
vn 0.000000 -0.091929 0.039358
vn 0.000000 -0.093800 0.034664
vn 0.000000 -0.092506 0.037983
vn 0.000000 -0.093196 0.036255
vn 0.000000 -0.093973 0.034192
vn 0.000000 -0.094806 0.031809
vn 0.000000 -0.095664 0.029126
vn 0.000000 -0.096512 0.026182
vn 0.000000 -0.096517 0.026163
vn 0.000000 -0.097332 0.022946
vn 0.000000 -0.098438 0.017607
vn 0.000000 -0.098079 0.019505
vn 0.000000 -0.098733 0.015866
vn 0.000000 -0.099270 0.012059
vn 0.000000 -0.099609 0.008838
vn 0.000000 -0.099670 0.008115
vn 0.000000 -0.099917 0.004081
vn 0.000000 -0.100000 0.000000
vn 0.000000 -0.100000 -0.000000
vn 0.000000 -0.099917 -0.004081
vn 0.000000 -0.099609 -0.008838
vn 0.000000 -0.099670 -0.008115
vn 0.000000 -0.099270 -0.012058
vn 0.000000 -0.098438 -0.017607
vn 0.000000 -0.098733 -0.015865
vn 0.000000 -0.098079 -0.019506
vn 0.000000 -0.097331 -0.022950
vn 0.000000 -0.096511 -0.026184
vn 0.000000 -0.096516 -0.026166
vn 0.000000 -0.095664 -0.029126
vn 0.000000 -0.093800 -0.034664
vn 0.000000 -0.094806 -0.031810
vn 0.000000 -0.093971 -0.034198
vn 0.000000 -0.093192 -0.036268
vn 0.000000 -0.092499 -0.037999
vn 0.000000 -0.091923 -0.039372
vn 0.000000 -0.091490 -0.040369
vn 0.000000 -0.099609 0.008838
vn 0.000000 -0.100000 0.000000
vn 0.000000 -0.099609 -0.008838
vn 0.000000 -0.098438 -0.017607
vn 0.000000 -0.098438 0.017607
vn 0.000000 -0.096496 0.026238
vn 0.000000 -0.093800 0.034664
vn 0.000000 -0.090369 0.042818
vn 0.000000 -0.086231 0.050637
vn 0.000000 -0.086231 0.050637
vn 0.000000 -0.081419 0.058060
vn 0.000000 -0.081419 0.058060
vn 0.000000 -0.075969 0.065029
vn 0.000000 -0.075969 0.065029
vn 0.000000 -0.069924 0.071489
vn 0.000000 -0.069924 0.071489
vn 0.000000 -0.063332 0.077389
vn 0.000000 -0.063332 0.077389
vn 0.000000 -0.056245 0.082683
vn 0.000000 -0.056245 0.082683
vn 0.000000 -0.048717 0.087331
vn 0.000000 -0.048717 0.087331
vn 0.000000 -0.040808 0.091294
vn 0.000000 -0.040808 0.091294
vn 0.000000 -0.032580 0.094544
vn 0.000000 -0.032580 0.094544
vn 0.000000 -0.024097 0.097053
vn 0.000000 -0.024097 0.097053
vn 0.000000 -0.015425 0.098803
vn 0.000000 -0.015425 0.098803
vn 0.000000 -0.006632 0.099780
vn 0.000000 -0.006632 0.099780
vn 0.000000 0.002212 0.099976
vn 0.000000 0.002212 0.099976
vn 0.000000 0.011039 0.099389
vn 0.000000 0.011039 0.099389
vn 0.000000 0.019780 0.098024
vn 0.000000 0.019780 0.098024
vn 0.000000 0.028366 0.095892
vn 0.000000 0.028366 0.095892
vn 0.000000 0.036730 0.093010
vn 0.000000 0.036730 0.093010
vn 0.000000 0.044807 0.089400
vn 0.000000 0.044807 0.089400
vn 0.000000 0.052533 0.085090
vn 0.000000 0.052533 0.085090
vn 0.000000 0.059847 0.080114
vn 0.000000 0.059847 0.080114
vn 0.000000 0.066694 0.074512
vn 0.000000 0.066694 0.074512
vn 0.000000 0.073018 0.068326
vn 0.000000 0.073018 0.068326
vn 0.000000 0.078771 0.061605
vn 0.000000 0.078771 0.061605
vn 0.000000 0.083907 0.054402
vn 0.000000 0.083907 0.054402
vn 0.000000 0.088387 0.046773
vn 0.000000 0.088387 0.046773
vn 0.000000 0.090255 0.043058
vn 0.000000 0.092175 0.038779
vn 0.000000 0.092175 0.038779
vn 0.000000 0.095241 0.030481
vn 0.000000 0.093973 0.034192
vn 0.000000 0.094806 0.031809
vn 0.000000 0.095664 0.029126
vn 0.000000 0.096517 0.026163
vn 0.000000 0.097563 0.021944
vn 0.000000 0.097332 0.022946
vn 0.000000 0.098079 0.019505
vn 0.000000 0.098733 0.015866
vn 0.000000 0.099120 0.013235
vn 0.000000 0.099270 0.012059
vn 0.000000 0.099670 0.008116
vn 0.000000 0.099902 0.004423
vn 0.000000 0.099917 0.004081
vn -0.000000 0.100000 -0.000000
vn -0.000000 0.099902 -0.004423
vn -0.000000 0.099917 -0.004081
vn -0.000000 0.099670 -0.008115
vn -0.000000 0.099120 -0.013235
vn -0.000000 0.099270 -0.012058
vn -0.000000 0.098733 -0.015865
vn -0.000000 0.097563 -0.021944
vn -0.000000 0.098079 -0.019506
vn -0.000000 0.097331 -0.022950
vn -0.000000 0.096516 -0.026166
vn -0.000000 0.095241 -0.030481
vn -0.000000 0.095664 -0.029126
vn -0.000000 0.094806 -0.031810
vn -0.000000 0.093971 -0.034198
vn -0.000000 0.092175 -0.038779
vn -0.000000 0.093192 -0.036268
vn -0.000000 0.092499 -0.037999
vn -0.000000 0.091923 -0.039372
vn -0.000000 0.091490 -0.040369
vn -0.000000 0.091220 -0.040973
vn -0.000000 0.088387 -0.046773
vn -0.000000 0.088387 -0.046773
vn -0.000000 0.083907 -0.054402
vn -0.000000 0.083907 -0.054402
vn -0.000000 0.078771 -0.061605
vn -0.000000 0.078771 -0.061605
vn -0.000000 0.073018 -0.068326
vn -0.000000 0.073018 -0.068326
vn -0.000000 0.066694 -0.074512
vn -0.000000 0.066694 -0.074512
vn -0.000000 0.059847 -0.080114
vn -0.000000 0.059847 -0.080114
vn -0.000000 0.052533 -0.085090
vn -0.000000 0.052533 -0.085090
vn -0.000000 0.044807 -0.089400
vn -0.000000 0.044807 -0.089400
vn -0.000000 0.036730 -0.093010
vn -0.000000 0.036730 -0.093010
vn -0.000000 0.028366 -0.095892
vn -0.000000 0.028366 -0.095892
vn -0.000000 0.019780 -0.098024
vn -0.000000 0.019780 -0.098024
vn -0.000000 0.011039 -0.099389
vn -0.000000 0.011039 -0.099389
vn -0.000000 0.002212 -0.099976
vn -0.000000 0.002212 -0.099976
vn 0.000000 -0.006632 -0.099780
vn 0.000000 -0.006632 -0.099780
vn 0.000000 -0.015425 -0.098803
vn 0.000000 -0.015425 -0.098803
vn 0.000000 -0.024097 -0.097053
vn 0.000000 -0.024097 -0.097053
vn 0.000000 -0.032580 -0.094544
vn 0.000000 -0.032580 -0.094544
vn 0.000000 -0.040808 -0.091294
vn 0.000000 -0.040808 -0.091294
vn 0.000000 -0.048717 -0.087331
vn 0.000000 -0.048717 -0.087331
vn 0.000000 -0.056245 -0.082683
vn 0.000000 -0.056245 -0.082683
vn 0.000000 -0.063332 -0.077389
vn 0.000000 -0.063332 -0.077389
vn 0.000000 -0.069924 -0.071489
vn 0.000000 -0.069924 -0.071489
vn 0.000000 -0.075969 -0.065029
vn 0.000000 -0.075969 -0.065029
vn 0.000000 -0.081419 -0.058060
vn 0.000000 -0.081419 -0.058060
vn 0.000000 -0.086231 -0.050637
vn 0.000000 -0.086231 -0.050637
vn 0.000000 -0.090369 -0.042818
vn 0.000000 -0.093800 -0.034664
vn 0.000000 -0.096496 -0.026238
vn 0.000000 -0.098438 -0.017607
vn 0.000000 -0.099609 -0.008838
vn 0.000000 -0.100000 -0.000000
vn 0.000000 -0.099609 0.008838
vn 0.000000 -0.098438 0.017607
vn 0.000000 0.095241 0.030481
vn 0.000000 0.097563 0.021944
vn 0.000000 0.099120 0.013235
vn 0.000000 0.099902 0.004423
vn -0.000000 0.099902 -0.004423
vn -0.000000 0.099120 -0.013235
vn -0.000000 0.097563 -0.021944
vn -0.000000 0.095241 -0.030481
vn -0.000000 0.092175 -0.038779
vn -0.000000 0.088387 -0.046773
vn -0.000000 0.083907 -0.054402
vn -0.000000 0.083907 -0.054402
vn -0.000000 0.078771 -0.061605
vn -0.000000 0.078771 -0.061605
vn -0.000000 0.073018 -0.068326
vn -0.000000 0.073018 -0.068326
vn -0.000000 0.066694 -0.074512
vn -0.000000 0.066694 -0.074512
vn -0.000000 0.059847 -0.080114
vn -0.000000 0.059847 -0.080114
vn -0.000000 0.052533 -0.085090
vn -0.000000 0.052533 -0.085090
vn -0.000000 0.044807 -0.089400
vn -0.000000 0.044807 -0.089400
vn -0.000000 0.036730 -0.093010
vn -0.000000 0.036730 -0.093010
vn -0.000000 0.028366 -0.095892
vn -0.000000 0.028366 -0.095892
vn -0.000000 0.019780 -0.098024
vn -0.000000 0.019780 -0.098024
vn -0.000000 0.011039 -0.099389
vn -0.000000 0.011039 -0.099389
vn -0.000000 0.002212 -0.099976
vn -0.000000 0.002212 -0.099976
vn 0.000000 -0.006632 -0.099780
vn 0.000000 -0.006632 -0.099780
vn 0.000000 -0.015425 -0.098803
vn 0.000000 -0.015425 -0.098803
vn 0.000000 -0.024097 -0.097053
vn 0.000000 -0.024097 -0.097053
vn 0.000000 -0.032580 -0.094544
vn 0.000000 -0.032580 -0.094544
vn 0.000000 -0.040808 -0.091294
vn 0.000000 -0.040808 -0.091294
vn 0.000000 -0.048717 -0.087331
vn 0.000000 -0.048717 -0.087331
vn 0.000000 -0.056245 -0.082683
vn 0.000000 -0.056245 -0.082683
vn 0.000000 -0.063332 -0.077389
vn 0.000000 -0.063332 -0.077389
vn 0.000000 -0.069924 -0.071489
vn 0.000000 -0.069924 -0.071489
vn 0.000000 -0.075969 -0.065029
vn 0.000000 -0.075969 -0.065029
vn 0.000000 -0.081419 -0.058060
vn 0.000000 -0.081419 -0.058060
vn 0.000000 -0.086231 -0.050637
vn 0.000000 -0.086231 -0.050637
vn 0.000000 -0.090369 -0.042818
vn 0.000000 -0.090369 -0.042818
vn 0.000000 -0.093800 -0.034664
vn 0.000000 -0.096496 -0.026238
vn -0.000000 0.088387 -0.046773
vn -0.000000 0.092175 -0.038779
vn -0.000000 0.091222 -0.040970
vn -0.000000 0.091493 -0.040361
vn -0.000000 0.091926 -0.039366
vn -0.000000 0.092500 -0.037997
vn -0.000000 0.093191 -0.036268
vn -0.000000 0.093971 -0.034196
vn -0.000000 0.095241 -0.030481
vn -0.000000 0.094807 -0.031806
vn -0.000000 0.095667 -0.029118
vn -0.000000 0.096518 -0.026158
vn -0.000000 0.097563 -0.021944
vn -0.000000 0.097332 -0.022946
vn -0.000000 0.098078 -0.019509
vn -0.000000 0.098733 -0.015870
vn -0.000000 0.099120 -0.013235
vn -0.000000 0.099270 -0.012058
vn -0.000000 0.099670 -0.008115
vn -0.000000 0.099902 -0.004423
vn -0.000000 0.099917 -0.004081
vn -0.000000 0.100000 -0.000001
vn 0.000000 0.099902 0.004423
vn 0.000000 0.099917 0.004078
vn 0.000000 0.099670 0.008112
vn 0.000000 0.099120 0.013235
vn 0.000000 0.099271 0.012056
vn 0.000000 0.098733 0.015869
vn 0.000000 0.097563 0.021944
vn 0.000000 0.098078 0.019509
vn 0.000000 0.097331 0.022948
vn 0.000000 0.096518 0.026160
vn 0.000000 0.095241 0.030481
vn 0.000000 0.095666 0.029121
vn 0.000000 0.094806 0.031808
vn 0.000000 0.093971 0.034197
vn 0.000000 0.092175 0.038779
vn 0.000000 0.093193 0.036265
vn 0.000000 0.092504 0.037987
vn 0.000000 0.091932 0.039351
vn 0.000000 0.091500 0.040346
vn 0.000000 0.091227 0.040958
vn 0.000000 0.088387 0.046773
vn 0.000000 0.091131 0.041173
vn 0.000000 0.091221 0.040973
vn 0.000000 0.091493 0.040361
vn 0.000000 0.091929 0.039358
vn 0.000000 0.092506 0.037983
vn 0.000000 0.093196 0.036255
vn -0.000000 0.092175 -0.038779
vn -0.000000 0.095241 -0.030481
vn -0.000000 0.097563 -0.021944
vn -0.000000 0.099120 -0.013235
vn -0.000000 0.099902 -0.004423
vn 0.000000 0.099902 0.004423
vn 0.000000 0.099120 0.013235
vn 0.000000 0.097563 0.021944
vn 0.000000 0.095241 0.030481
vn 0.000000 0.092175 0.038779
vn 0.000000 0.088387 0.046773
vn 0.000000 0.083907 0.054402
vn 0.000000 0.083907 0.054402
vn 0.000000 0.078771 0.061605
vn 0.000000 0.078771 0.061605
vn 0.000000 0.073018 0.068326
vn 0.000000 0.073018 0.068326
vn 0.000000 0.066694 0.074512
vn 0.000000 0.066694 0.074512
vn 0.000000 0.059847 0.080114
vn 0.000000 0.059847 0.080114
vn 0.000000 0.052533 0.085090
vn 0.000000 0.052533 0.085090
vn 0.000000 0.044807 0.089400
vn 0.000000 0.044807 0.089400
vn 0.000000 0.036730 0.093010
vn 0.000000 0.036730 0.093010
vn 0.000000 0.028366 0.095892
vn 0.000000 0.028366 0.095892
vn 0.000000 0.019780 0.098024
vn 0.000000 0.019780 0.098024
vn 0.000000 0.011039 0.099389
vn 0.000000 0.011039 0.099389
vn 0.000000 0.002212 0.099976
vn 0.000000 0.002212 0.099976
vn 0.000000 -0.006632 0.099780
vn 0.000000 -0.006632 0.099780
vn 0.000000 -0.015425 0.098803
vn 0.000000 -0.015425 0.098803
vn 0.000000 -0.024097 0.097053
vn 0.000000 -0.024097 0.097053
vn 0.000000 -0.032580 0.094544
vn 0.000000 -0.032580 0.094544
vn 0.000000 -0.040808 0.091294
vn 0.000000 -0.040808 0.091294
vn 0.000000 -0.048717 0.087331
vn 0.000000 -0.048717 0.087331
vn 0.000000 -0.056245 0.082683
vn 0.000000 -0.056245 0.082683
vn 0.000000 -0.063332 0.077389
vn 0.000000 -0.063332 0.077389
vn 0.000000 -0.069924 0.071489
vn 0.000000 -0.069924 0.071489
vn 0.000000 -0.075969 0.065029
vn 0.000000 -0.075969 0.065029
vn 0.000000 -0.081419 0.058060
vn 0.000000 -0.081419 0.058060
vn 0.000000 -0.086231 0.050637
vn 0.000000 -0.086231 0.050637
vn 0.000000 -0.090369 0.042818
vn 0.000000 -0.093800 0.034664
vn 0.000000 -0.096496 0.026238
vn 0.000000 -0.098499 -0.017260
vn -0.000001 -0.091222 -0.040970
vn 0.002204 -0.098563 -0.016750
vn 0.004344 -0.098500 -0.016697
vn 0.004217 -0.099580 0.008124
vn 0.008326 -0.099344 0.007841
vn 0.005364 -0.097004 0.023696
vn 0.010598 -0.096691 0.023206
vn 0.006922 -0.087787 0.047387
vn 0.013692 -0.087410 0.046604
vn 0.008009 -0.073249 0.067605
vn 0.015860 -0.072877 0.066614
vn 0.008608 -0.053411 0.084102
vn 0.017067 -0.053113 0.082993
vn 0.008649 -0.030699 0.094778
vn 0.017173 -0.030515 0.093669
vn 0.008401 -0.015689 0.098404
vn 0.016701 -0.015590 0.097355
vn 0.009909 -0.000006 0.099508
vn 0.019716 -0.000000 0.098037
vn 0.000000 -0.099740 0.007209
vn 0.000000 -0.094728 0.032041
vn 0.000000 -0.084017 0.054233
vn 0.000000 -0.068204 0.073131
vn 0.000000 -0.047639 0.087923
vn 0.000000 -0.024829 0.096868
vn 0.024857 -0.015436 0.095624
vn 0.029285 -0.000016 0.095616
vn 0.032718 -0.015241 0.093259
vn 0.038501 -0.000014 0.092291
vn 0.040261 -0.015005 0.090299
vn 0.047482 -0.014736 0.086766
vn 0.048247 -0.028909 0.082683
vn 0.054962 -0.028385 0.078571
vn 0.053545 -0.049644 0.068326
vn 0.059256 -0.048798 0.064090
vn 0.054014 -0.067490 0.050275
vn 0.058477 -0.066460 0.046513
vn 0.049626 -0.080948 0.031379
vn 0.062451 -0.065470 0.042586
vn 0.052839 -0.079956 0.028549
vn 0.065978 -0.064531 0.038507
vn 0.055653 -0.079022 0.025655
vn 0.058059 -0.078173 0.022763
vn 0.044142 -0.089181 0.009914
vn 0.045612 -0.088582 0.008526
vn 0.035558 -0.093456 0.001270
vn 0.036504 -0.093095 0.000912
vn 0.018786 -0.097798 -0.009092
vn 0.037279 -0.092790 0.000621
vn 0.019182 -0.097834 -0.007776
vn 0.019484 -0.097878 -0.006344
vn 0.000035 -0.098724 -0.015925
vn 0.000021 -0.099263 -0.012120
vn 0.019687 -0.097928 -0.004755
vn -0.000019 -0.099681 -0.007985
vn 0.019815 -0.097969 -0.003077
vn 0.000028 -0.099924 -0.003907
vn 0.019904 -0.097988 -0.001500
vn 0.000069 -0.100000 0.000024
vn 0.019936 -0.097993 0.000019
vn 0.019903 -0.097987 0.001528
vn 0.038815 -0.092159 -0.000138
vn 0.019809 -0.097970 0.003073
vn 0.038626 -0.092239 -0.000267
vn 0.019671 -0.097934 0.004698
vn 0.038319 -0.092366 -0.000344
vn 0.019485 -0.097878 0.006339
vn 0.037887 -0.092544 -0.000416
vn 0.019191 -0.097831 0.007804
vn 0.037282 -0.092788 -0.000606
vn 0.018794 -0.097792 0.009135
vn 0.036505 -0.093094 -0.000887
vn 0.018302 -0.097765 0.010346
vn 0.035554 -0.093458 -0.001245
vn 0.017719 -0.097749 0.011455
vn 0.034418 -0.093875 -0.001672
vn 0.017048 -0.097743 0.012474
vn 0.033085 -0.094344 -0.002162
vn 0.016289 -0.097749 0.013411
vn 0.031533 -0.094860 -0.002707
vn 0.015329 -0.097796 0.014175
vn 0.029640 -0.095446 -0.003382
vn 0.014163 -0.097882 0.014779
vn 0.027426 -0.096076 -0.004139
vn 0.012911 -0.097972 0.015320
vn 0.024994 -0.096704 -0.004864
vn 0.011558 -0.098068 0.015784
vn 0.022321 -0.097319 -0.005558
vn 0.019364 -0.097910 -0.006218
vn 0.024682 -0.094771 -0.020230
vn 0.020522 -0.095506 -0.021389
vn 0.026518 -0.085979 -0.043639
vn 0.015933 -0.096151 -0.022385
vn 0.020519 -0.086763 -0.045291
vn 0.010909 -0.096665 -0.023170
vn 0.014011 -0.087382 -0.046562
vn 0.005432 -0.097002 -0.023689
vn 0.006994 -0.087785 -0.047381
vn -0.000212 -0.087911 -0.047661
vn -0.000184 -0.073377 -0.067939
vn -0.008245 -0.073244 -0.067582
vn -0.008821 -0.053452 -0.084054
vn -0.016021 -0.072872 -0.066581
vn -0.017212 -0.053188 -0.082914
vn -0.023454 -0.072290 -0.064993
vn -0.025281 -0.052740 -0.081114
vn -0.030497 -0.071531 -0.062875
vn -0.032980 -0.052126 -0.078709
vn -0.037106 -0.070632 -0.060285
vn -0.040262 -0.051380 -0.075757
vn -0.043279 -0.069626 -0.057264
vn -0.047124 -0.050537 -0.072286
vn -0.048974 -0.068554 -0.053870
vn -0.053512 -0.049656 -0.068343
vn -0.054099 -0.067467 -0.050215
vn -0.059351 -0.048768 -0.064024
vn -0.058589 -0.066421 -0.046429
vn -0.064544 -0.047909 -0.059487
vn -0.069162 -0.047105 -0.054751
vn -0.072121 -0.026767 -0.063891
vn -0.076784 -0.026317 -0.058410
vn -0.077093 -0.013291 -0.062290
vn -0.080967 -0.025929 -0.052650
vn -0.081598 -0.013102 -0.056304
vn -0.084682 -0.025592 -0.046627
vn -0.085633 -0.012950 -0.049992
vn -0.087933 -0.025292 -0.040350
vn -0.089189 -0.012814 -0.043371
vn -0.092255 -0.012663 -0.036451
vn -0.092287 0.000006 -0.038511
vn -0.094773 -0.012511 -0.029353
vn -0.095642 0.000074 -0.029199
vn -0.096716 -0.012399 -0.022188
vn -0.098040 0.000109 -0.019701
vn -0.098107 -0.012334 -0.014932
vn -0.099499 0.000071 -0.009993
vn -0.098951 -0.012312 -0.007560
vn -0.100000 0.000006 -0.000051
vn -0.099238 -0.012318 -0.000049
vn -0.098951 -0.012331 0.007519
vn -0.096734 -0.024377 0.006946
vn -0.095978 -0.024446 0.013805
vn -0.089436 -0.043223 0.011527
vn -0.088418 -0.043434 0.017197
vn -0.078302 -0.060815 0.013051
vn -0.077166 -0.061187 0.017366
vn -0.064345 -0.075710 0.011302
vn -0.063217 -0.076178 0.014156
vn -0.047855 -0.087607 0.005907
vn -0.046838 -0.088059 0.007199
vn -0.036512 -0.093092 0.000902
vn -0.035550 -0.093460 0.001227
vn -0.018326 -0.097752 -0.010422
vn -0.017725 -0.097734 -0.011570
vn -0.000033 -0.097309 -0.023043
vn 0.000014 -0.096508 -0.026195
vn -0.017020 -0.097733 -0.012590
vn 0.000067 -0.095674 -0.029095
vn -0.016210 -0.097752 -0.013484
vn -0.015287 -0.097791 -0.014257
vn -0.031473 -0.094881 0.002641
vn -0.029665 -0.095443 0.003260
vn -0.040320 -0.090617 0.012762
vn -0.037982 -0.091402 0.014250
vn -0.052867 -0.079955 0.028501
vn -0.049709 -0.080931 0.031292
vn -0.062525 -0.065418 0.042557
vn -0.058617 -0.066398 0.046426
vn -0.069163 -0.047059 0.054790
vn -0.064577 -0.047853 0.059497
vn -0.072114 -0.026690 0.063931
vn -0.066968 -0.027189 0.069109
vn -0.072107 -0.013439 0.067970
vn -0.066680 -0.013717 0.073250
vn -0.070661 0.000309 0.070760
vn -0.063529 0.000243 0.077227
vn 0.047358 0.000002 0.088075
vn 0.054301 -0.014453 0.082719
vn 0.061151 -0.027864 0.074055
vn 0.064418 -0.047975 0.059571
vn 0.069073 -0.047184 0.054796
vn 0.073260 -0.046427 0.049775
vn 0.069034 -0.063669 0.034359
vn 0.060096 -0.077415 0.019885
vn 0.046843 -0.088058 0.007183
vn 0.047854 -0.087609 0.005886
vn 0.037886 -0.092544 0.000411
vn 0.055704 0.000012 0.083049
vn 0.060669 -0.014175 0.078220
vn 0.066840 -0.027362 0.069164
vn 0.072048 -0.026882 0.063925
vn 0.076800 -0.026414 0.058344
vn 0.076943 -0.045722 0.044600
vn 0.071639 -0.062903 0.030185
vn 0.061804 -0.076750 0.017019
vn 0.063214 -0.076181 0.014158
vn 0.048653 -0.087243 0.004646
vn 0.038330 -0.092362 0.000306
vn 0.063488 0.000010 0.077261
vn 0.066592 -0.013911 0.073294
vn 0.072073 -0.013661 0.067963
vn 0.077121 -0.013409 0.062230
vn 0.081047 -0.025966 0.052508
vn 0.080115 -0.045100 0.039338
vn 0.073839 -0.062234 0.025976
vn 0.075670 -0.061664 0.021719
vn 0.077150 -0.061192 0.017416
vn 0.064342 -0.075711 0.011308
vn 0.065205 -0.075344 0.008464
vn 0.049250 -0.086962 0.003475
vn 0.049660 -0.086766 0.002352
vn 0.038630 -0.092237 0.000264
vn 0.038817 -0.092159 0.000157
vn 0.070677 0.000000 0.070745
vn 0.077243 0.000021 0.063510
vn 0.081680 -0.013153 0.056173
vn 0.083053 0.000088 0.055698
vn 0.085704 -0.012933 0.049875
vn 0.088058 0.000115 0.047389
vn 0.089216 -0.012761 0.043332
vn 0.092252 0.000075 0.038595
vn 0.092226 -0.012634 0.036535
vn 0.094722 -0.012537 0.029504
vn 0.090695 -0.024983 0.033915
vn 0.092946 -0.024771 0.027340
vn 0.085097 -0.044114 0.028503
vn 0.086956 -0.043744 0.022917
vn 0.095601 0.000010 0.029333
vn 0.096705 -0.012444 0.022209
vn 0.094727 -0.024588 0.020549
vn 0.096009 -0.024426 0.013624
vn 0.089460 -0.043210 0.011393
vn 0.090073 -0.043066 0.005668
vn 0.079597 -0.060379 0.004312
vn 0.090275 -0.043016 -0.000015
vn 0.079756 -0.060324 -0.000008
vn 0.079598 -0.060378 -0.004324
vn 0.066168 -0.074926 -0.002817
vn 0.065809 -0.075083 -0.005638
vn 0.049657 -0.086768 -0.002354
vn 0.049243 -0.086965 -0.003500
vn 0.098062 0.000035 0.019590
vn 0.098136 -0.012337 0.014738
vn 0.096761 -0.024319 0.006779
vn 0.097008 -0.024279 -0.000020
vn 0.090074 -0.043062 -0.005690
vn 0.079119 -0.060542 -0.008656
vn 0.065204 -0.075344 -0.008465
vn 0.048653 -0.087243 -0.004650
vn 0.099523 0.000155 0.009758
vn 0.098974 -0.012258 0.007336
vn 0.099250 -0.012226 -0.000022
vn 0.096761 -0.024311 -0.006809
vn 0.089464 -0.043203 -0.011390
vn 0.078306 -0.060815 -0.013025
vn 0.064342 -0.075711 -0.011311
vn 0.047855 -0.087609 -0.005880
vn 0.100000 0.000226 -0.000023
vn 0.098973 -0.012248 -0.007370
vn 0.099520 0.000184 -0.009785
vn 0.098138 -0.012321 -0.014734
vn 0.098069 0.000066 -0.019558
vn 0.096722 -0.012432 -0.022144
vn 0.095606 0.000001 -0.029317
vn 0.094724 -0.012543 -0.029497
vn 0.092241 0.000072 -0.038620
vn 0.092214 -0.012636 -0.036564
vn 0.089194 -0.012746 -0.043382
vn 0.087946 -0.025236 -0.040357
vn 0.084739 -0.025544 -0.046549
vn 0.080102 -0.045086 -0.039383
vn 0.076951 -0.045696 -0.044615
vn 0.069039 -0.063661 -0.034365
vn 0.066016 -0.064513 -0.038470
vn 0.055668 -0.079019 -0.025634
vn 0.052873 -0.079946 -0.028514
vn 0.040361 -0.090592 -0.012812
vn 0.037911 -0.091410 -0.014387
vn 0.088034 0.000156 -0.047435
vn 0.085681 -0.012895 -0.049924
vn 0.081049 -0.025920 -0.052528
vn 0.073314 -0.046391 -0.049729
vn 0.062505 -0.065453 -0.042532
vn 0.049568 -0.080963 -0.031432
vn 0.035079 -0.092271 -0.015988
vn 0.083029 0.000176 -0.055733
vn 0.081675 -0.013096 -0.056193
vn 0.076853 -0.026363 -0.058298
vn 0.069139 -0.047163 -0.054731
vn 0.058427 -0.066476 -0.046553
vn 0.045805 -0.082018 -0.034278
vn 0.031951 -0.093128 -0.017504
vn 0.077258 0.000116 -0.063492
vn 0.077165 -0.013350 -0.062188
vn 0.072112 -0.026860 -0.063862
vn 0.064372 -0.047996 -0.059604
vn 0.053851 -0.067531 -0.050395
vn 0.041642 -0.083069 -0.036952
vn 0.028501 -0.093966 -0.018921
vn 0.070722 0.000024 -0.070699
vn 0.072129 -0.013639 -0.067907
vn 0.066788 -0.027392 -0.069202
vn 0.059102 -0.048860 -0.064185
vn 0.048812 -0.068584 -0.053978
vn 0.037056 -0.084098 -0.039426
vn 0.031997 -0.085083 -0.041679
vn 0.066532 -0.013947 -0.073341
vn 0.063387 -0.000067 -0.077344
vn 0.060510 -0.014288 -0.078322
vn 0.055530 -0.000233 -0.083164
vn 0.054127 -0.014617 -0.082805
vn 0.047242 -0.000357 -0.088136
vn 0.047388 -0.014905 -0.086788
vn 0.038530 -0.000377 -0.092278
vn 0.040259 -0.015145 -0.090276
vn 0.032848 -0.015334 -0.093198
vn 0.033620 -0.029909 -0.089304
vn 0.025721 -0.030249 -0.091779
vn 0.025535 -0.052627 -0.081107
vn 0.017341 -0.053098 -0.082945
vn 0.016165 -0.072852 -0.066568
vn 0.008078 -0.073246 -0.067600
vn 0.029407 -0.000286 -0.095578
vn 0.025051 -0.015483 -0.095565
vn 0.017408 -0.030515 -0.093626
vn 0.008669 -0.053407 -0.084098
vn 0.019891 -0.000130 -0.098002
vn 0.016911 -0.015599 -0.097318
vn 0.008700 -0.030695 -0.094774
vn -0.000165 -0.053525 -0.084469
vn 0.009997 -0.000009 -0.099499
vn 0.008445 -0.015684 -0.098401
vn -0.000166 -0.030786 -0.095143
vn -0.008864 -0.030792 -0.094727
vn -0.000177 -0.000078 -0.100000
vn -0.000172 -0.015754 -0.098751
vn -0.008626 -0.015810 -0.098365
vn -0.017323 -0.030681 -0.093587
vn -0.010126 -0.000323 -0.099485
vn -0.016862 -0.015804 -0.097293
vn -0.019804 -0.000516 -0.098018
vn -0.024862 -0.015704 -0.095578
vn -0.029207 -0.000528 -0.095638
vn -0.032613 -0.015498 -0.093253
vn -0.038334 -0.000351 -0.092360
vn -0.040095 -0.015194 -0.090341
vn -0.047328 -0.014827 -0.086834
vn -0.048115 -0.028982 -0.082734
vn -0.054937 -0.028397 -0.078585
vn -0.047204 -0.000099 -0.088157
vn -0.054282 -0.014465 -0.082730
vn -0.061236 -0.027832 -0.073997
vn -0.055730 0.000018 -0.083031
vn -0.060736 -0.014143 -0.078173
vn -0.066947 -0.027277 -0.069094
vn -0.063538 0.000108 -0.077220
vn -0.066673 -0.013819 -0.073237
vn -0.072123 -0.013530 -0.067935
vn -0.070692 0.000182 -0.070729
vn -0.077182 0.000186 -0.063584
vn -0.082977 0.000120 -0.055810
vn -0.088030 0.000031 -0.047442
vn -0.099502 0.000018 0.009965
vn -0.098103 -0.012361 0.014935
vn -0.094729 -0.024572 0.020557
vn -0.086983 -0.043735 0.022831
vn -0.075674 -0.061666 0.021695
vn -0.061777 -0.076760 0.017074
vn -0.045585 -0.088596 0.008533
vn -0.034394 -0.093885 0.001625
vn -0.098036 0.000050 0.019721
vn -0.096706 -0.012423 0.022218
vn -0.092980 -0.024761 0.027233
vn -0.085104 -0.044127 0.028461
vn -0.073794 -0.062252 0.026059
vn -0.060040 -0.077436 0.019971
vn -0.044090 -0.089207 0.009905
vn -0.033039 -0.094361 0.002097
vn -0.095630 0.000036 0.029239
vn -0.094758 -0.012528 0.029394
vn -0.090707 -0.025010 0.033865
vn -0.082768 -0.044593 0.034073
vn -0.071558 -0.062923 0.030334
vn -0.057991 -0.078200 0.022841
vn -0.042342 -0.089884 0.011315
vn -0.092273 -0.000001 0.038546
vn -0.092240 -0.012669 0.036486
vn -0.087914 -0.025286 0.040394
vn -0.080019 -0.045110 0.039523
vn -0.068952 -0.063676 0.034511
vn -0.055610 -0.079043 0.025685
vn -0.089171 -0.012806 0.043412
vn -0.088009 0.000054 0.047481
vn -0.085608 -0.012926 0.050042
vn -0.082947 0.000179 0.055855
vn -0.081569 -0.013056 0.056357
vn -0.077146 0.000283 0.063627
vn -0.077066 -0.013221 0.062339
vn -0.060782 -0.014047 0.078155
vn -0.055767 0.000115 0.083006
vn -0.054389 -0.014403 0.082670
vn -0.047372 0.000007 0.088068
vn -0.047474 -0.014738 0.086770
vn -0.038421 -0.000081 0.092325
vn -0.040190 -0.015046 0.090324
vn -0.032646 -0.015326 0.093271
vn -0.033413 -0.029919 0.089378
vn -0.025488 -0.030303 0.091826
vn -0.025263 -0.052677 0.081160
vn -0.017142 -0.053136 0.082962
vn -0.015943 -0.072873 0.066598
vn -0.008110 -0.073246 0.067596
vn -0.007039 -0.087779 0.047384
vn -0.029219 -0.000185 0.095636
vn -0.024842 -0.015535 0.095611
vn -0.017253 -0.030569 0.093637
vn -0.008699 -0.053417 0.084089
vn -0.019756 -0.000185 0.098029
vn -0.016789 -0.015660 0.097329
vn -0.008743 -0.030716 0.094763
vn -0.010020 -0.000082 0.099497
vn -0.008501 -0.015711 0.098392
vn -0.005496 -0.096996 0.023697
vn -0.004352 -0.099574 0.008127
vn -0.002332 -0.098560 -0.016746
vn -0.008443 -0.099332 0.007864
vn -0.004455 -0.098499 -0.016675
vn -0.012281 -0.098963 0.007445
vn -0.006410 -0.098412 -0.016552
vn -0.015879 -0.098491 0.006890
vn -0.008239 -0.098306 -0.016375
vn -0.009978 -0.098182 -0.016147
vn 0.000070 -0.092528 -0.037928
vn 0.000018 -0.093195 -0.036258
vn -0.000113 -0.091242 -0.040926
vn -0.000067 -0.091539 -0.040256
vn 0.000025 -0.091976 -0.039248
vn 0.000089 -0.093990 -0.034145
vn -0.013042 -0.097936 -0.015443
vn -0.011662 -0.098041 -0.015876
vn -0.019252 -0.097932 0.006216
vn -0.020252 -0.095549 0.021455
vn -0.015633 -0.096182 0.022466
vn -0.010712 -0.096674 0.023223
vn -0.014239 -0.097852 -0.014907
vn 0.000101 -0.094826 -0.031749
vn -0.000045 -0.098057 -0.019616
vn -0.018815 -0.097787 -0.009144
vn -0.037278 -0.092790 0.000655
vn -0.048642 -0.087247 0.004684
vn -0.065204 -0.075344 0.008464
vn -0.079104 -0.060551 0.008728
vn -0.090049 -0.043100 0.005792
vn -0.096990 -0.024351 -0.000045
vn -0.000002 -0.098732 -0.015875
vn -0.019178 -0.097839 -0.007727
vn -0.037867 -0.092552 0.000476
vn -0.049247 -0.086964 0.003472
vn -0.065809 -0.075082 0.005637
vn -0.079584 -0.060392 0.004377
vn -0.090256 -0.043056 -0.000033
vn -0.096735 -0.024362 -0.006984
vn -0.019453 -0.097891 -0.006243
vn 0.000008 -0.099277 -0.012002
vn -0.019681 -0.097928 -0.004761
vn -0.000016 -0.099670 -0.008121
vn -0.019845 -0.097957 -0.003247
vn -0.000011 -0.099914 -0.004138
vn -0.019940 -0.097978 -0.001659
vn -0.000002 -0.100000 0.000056
vn -0.019967 -0.097986 0.000045
vn -0.019936 -0.097978 0.001696
vn -0.038838 -0.092150 -0.000026
vn -0.038644 -0.092231 -0.000152
vn -0.049669 -0.086763 -0.002280
vn -0.049241 -0.086967 -0.003481
vn -0.065204 -0.075345 -0.008463
vn -0.064346 -0.075710 -0.011300
vn -0.077173 -0.061183 -0.017350
vn -0.063219 -0.076178 -0.014152
vn -0.075681 -0.061664 -0.021679
vn -0.061792 -0.076754 -0.017048
vn -0.073811 -0.062249 -0.026021
vn -0.071581 -0.062921 -0.030285
vn -0.080041 -0.045120 -0.039466
vn -0.076871 -0.045710 -0.044737
vn -0.000030 -0.099913 0.004167
vn -0.019836 -0.097959 0.003245
vn -0.038317 -0.092367 -0.000317
vn -0.048636 -0.087250 -0.004697
vn -0.000028 -0.099672 0.008094
vn -0.019668 -0.097932 0.004736
vn -0.037858 -0.092556 -0.000498
vn -0.047852 -0.087608 -0.005915
vn -0.046849 -0.088054 -0.007190
vn -0.060062 -0.077428 -0.019938
vn -0.068976 -0.063678 -0.034460
vn -0.073254 -0.046371 -0.049835
vn 0.000012 -0.099283 0.011955
vn -0.019439 -0.097896 0.006209
vn -0.037272 -0.092792 -0.000671
vn -0.036520 -0.093089 -0.000904
vn -0.045606 -0.088586 -0.008522
vn -0.058018 -0.078190 -0.022810
vn -0.065970 -0.064516 -0.038544
vn -0.062527 -0.065432 -0.042533
vn 0.000012 -0.098738 0.015839
vn -0.019167 -0.097843 0.007700
vn -0.018817 -0.097789 0.009124
vn -0.035570 -0.093452 -0.001230
vn -0.044120 -0.089193 -0.009898
vn -0.055635 -0.079033 -0.025663
vn -0.052880 -0.079948 -0.028496
vn -0.049698 -0.080931 -0.031310
vn -0.000034 -0.098064 0.019584
vn -0.018341 -0.097752 0.010398
vn -0.000025 -0.097316 0.023014
vn -0.017752 -0.097733 0.011540
vn 0.000014 -0.096514 0.026175
vn -0.017056 -0.097731 0.012556
vn 0.000056 -0.095676 0.029088
vn -0.016253 -0.097749 0.013450
vn -0.015332 -0.097788 0.014226
vn -0.031508 -0.094869 -0.002667
vn -0.029693 -0.095433 -0.003292
vn -0.040347 -0.090603 -0.012778
vn -0.037996 -0.091392 -0.014280
vn 0.000072 -0.094823 0.031759
vn -0.014281 -0.097849 0.014889
vn -0.027598 -0.096034 -0.003978
vn -0.025173 -0.096665 -0.004709
vn -0.032130 -0.093096 -0.017343
vn -0.028438 -0.093987 -0.018913
vn -0.037015 -0.084123 -0.039411
vn -0.031810 -0.085120 -0.041746
vn 0.000033 -0.093979 0.034176
vn -0.013075 -0.097931 0.015445
vn -0.022250 -0.097335 -0.005561
vn -0.024467 -0.094806 -0.020326
vn -0.026218 -0.086012 -0.043755
vn 0.000106 -0.093231 0.036166
vn -0.011488 -0.098080 0.015760
vn -0.019143 -0.097946 -0.006329
vn -0.020216 -0.095536 -0.021544
vn -0.020232 -0.086773 -0.045399
vn 0.000107 -0.092603 0.037745
vn -0.009870 -0.098210 0.016041
vn -0.015840 -0.098490 -0.006990
vn -0.015662 -0.096160 -0.022538
vn -0.013880 -0.087368 -0.046628
vn -0.008198 -0.098325 0.016280
vn -0.000007 -0.092068 0.039031
vn -0.006433 -0.098424 0.016472
vn -0.000147 -0.091632 0.040045
vn -0.004544 -0.098506 0.016612
vn -0.000238 -0.091312 0.040768
vn -0.002490 -0.098564 0.016702
vn -0.000186 -0.091154 0.041121
vn -0.000230 -0.098587 0.016747
vn 0.002257 -0.098560 0.016755
vn -0.000242 -0.099660 -0.008239
vn 0.004281 -0.099578 -0.008117
vn -0.000236 -0.097107 -0.023878
vn 0.000092 -0.091221 0.040972
vn 0.004588 -0.098485 0.016722
vn 0.008618 -0.099321 -0.007810
vn 0.012561 -0.098934 -0.007364
vn 0.000204 -0.091523 0.040293
vn 0.006640 -0.098385 0.016623
vn 0.016137 -0.098453 -0.006823
vn 0.000178 -0.091998 0.039196
vn 0.008457 -0.098276 0.016438
vn 0.010077 -0.098170 0.016161
vn 0.000094 -0.092595 0.037764
vn 0.000001 -0.093281 0.036038
vn -0.000061 -0.094031 0.034031
vn -0.000053 -0.094828 0.031744
vn -0.000044 -0.095678 0.029081
vn -0.000065 -0.096541 0.026074
vn -0.000020 -0.097343 0.022898
vn 0.000031 -0.098072 0.019541
vn 0.000046 -0.098718 0.015963
vn 0.000014 -0.099265 0.012102
vn -0.000017 -0.099684 0.007947
vn 0.000040 -0.099923 0.003933
vn 0.000007 -0.098082 -0.019491
vn 0.018302 -0.097769 -0.010307
vn -0.000037 -0.097348 -0.022879
vn 0.017737 -0.097747 -0.011440
vn -0.000035 -0.096528 -0.026121
vn 0.017097 -0.097731 -0.012505
vn 0.000002 -0.095663 -0.029129
vn 0.016319 -0.097740 -0.013440
vn 0.015386 -0.097778 -0.014235
vn 0.031540 -0.094857 0.002701
vn 0.029704 -0.095429 0.003317
vn 0.040352 -0.090594 0.012822
vn 0.037975 -0.091393 0.014323
vn -0.000003 -0.094805 -0.031812
vn 0.014313 -0.097841 -0.014908
vn 0.027599 -0.096034 0.003982
vn 0.025190 -0.096662 0.004694
vn 0.032153 -0.093091 0.017326
vn 0.028611 -0.093958 0.018797
vn 0.037160 -0.084100 0.039323
vn 0.031965 -0.085113 0.041642
vn 0.037238 -0.070604 0.060235
vn 0.030588 -0.071511 0.062854
vn 0.033068 -0.052024 0.078740
vn 0.025280 -0.052638 0.081180
vn 0.025504 -0.030224 0.091848
vn -0.000004 -0.093971 -0.034197
vn 0.013082 -0.097929 -0.015454
vn 0.022433 -0.097299 0.005437
vn 0.024649 -0.094791 0.020177
vn 0.026323 -0.086027 0.043663
vn 0.023449 -0.072282 0.065003
vn -0.000000 -0.093192 -0.036268
vn 0.011669 -0.098039 -0.015879
vn 0.019336 -0.097919 0.006166
vn 0.020336 -0.095545 0.021393
vn 0.020223 -0.086808 0.045337
vn -0.000012 -0.092504 -0.037987
vn 0.010062 -0.098166 -0.016195
vn 0.015967 -0.098481 0.006822
vn 0.015650 -0.096190 0.022417
vn 0.008326 -0.098288 -0.016438
vn 0.000011 -0.091926 -0.039364
vn 0.006427 -0.098402 -0.016604
vn 0.000009 -0.091489 -0.040370
vn 0.012299 -0.098965 0.007390
vn 0.033478 -0.029851 0.089376
vn 0.040389 -0.051299 0.075744
vn 0.043398 -0.069600 0.057205
vn 0.041844 -0.083040 0.036789
vn 0.035256 -0.092231 0.015828
vn 0.041062 -0.029407 0.086309
vn 0.047235 -0.050493 0.072245
vn 0.049008 -0.068544 0.053850
vn 0.045978 -0.081982 0.034132
vn 0.042407 -0.089850 0.011340
vn 0.033114 -0.094334 0.002151
vn 0.034433 -0.093870 0.001686
vn 0.084758 -0.025574 0.046498
vn 0.082822 -0.044565 0.033978
vn 0.087967 -0.025247 0.040305
vn 0.088415 -0.043443 0.017191
vn 0.078300 -0.060818 0.013048
vn 0.079117 -0.060544 0.008658
vn 0.065809 -0.075083 0.005638
vn 0.066168 -0.074926 0.002817
vn 0.049908 -0.086647 0.001191
vn 0.066287 -0.074874 0.000000
vn 0.049992 -0.086607 0.000008
vn 0.049908 -0.086648 -0.001179
vn 0.038880 -0.092132 0.000013
vn 0.096013 -0.024414 -0.013620
vn 0.094742 -0.024578 -0.020489
vn 0.092946 -0.024775 -0.027334
vn 0.090683 -0.024986 -0.033946
vn 0.088427 -0.043436 -0.017147
vn 0.077150 -0.061193 -0.017416
vn 0.063210 -0.076182 -0.014167
vn 0.046841 -0.088060 -0.007171
vn 0.086955 -0.043746 -0.022914
vn 0.085086 -0.044117 -0.028532
vn 0.082804 -0.044561 -0.034026
vn 0.075661 -0.061666 -0.021740
vn 0.061796 -0.076754 -0.017030
vn 0.045605 -0.088587 -0.008513
vn 0.073825 -0.062236 -0.026009
vn 0.071628 -0.062901 -0.030213
vn 0.060087 -0.077420 -0.019893
vn 0.044131 -0.089187 -0.009903
vn 0.058057 -0.078176 -0.022760
vn 0.042394 -0.089857 -0.011338
vn 0.060997 -0.027957 -0.074147
vn 0.054784 -0.028514 -0.078649
vn 0.048150 -0.029035 -0.082695
vn 0.053358 -0.049720 -0.068417
vn 0.043298 -0.069611 -0.057268
vn 0.037261 -0.070589 -0.060239
vn 0.047137 -0.050550 -0.072269
vn 0.041061 -0.029505 -0.086275
vn 0.040398 -0.051330 -0.075718
vn 0.030774 -0.071475 -0.062803
vn 0.033233 -0.052027 -0.078669
vn 0.023734 -0.072245 -0.064941
vn -0.004522 -0.099563 -0.008171
vn -0.008541 -0.099319 -0.007929
vn -0.012310 -0.098953 -0.007529
vn -0.005664 -0.096978 -0.023733
vn -0.010809 -0.096650 -0.023278
vn -0.007193 -0.087760 -0.047396
vn -0.025506 -0.030435 -0.091778
vn -0.033381 -0.030053 -0.089345
vn -0.040915 -0.029556 -0.086327
vn -0.041814 -0.083047 -0.036808
vn -0.035278 -0.092226 -0.015808
vn -0.046036 -0.081968 -0.034088
vn -0.042375 -0.089868 -0.011318
vn -0.033075 -0.094348 -0.002114
vn -0.034424 -0.093874 -0.001634
vn -0.082786 -0.044594 -0.034028
vn -0.090720 -0.025004 -0.033832
vn -0.085115 -0.044123 -0.028434
vn -0.086995 -0.043726 -0.022801
vn -0.078307 -0.060811 -0.013039
vn -0.065809 -0.075083 -0.005636
vn -0.049923 -0.086640 -0.001107
vn -0.038902 -0.092123 0.000030
vn -0.092995 -0.024747 -0.027195
vn -0.094740 -0.024552 -0.020529
vn -0.095984 -0.024426 -0.013802
vn -0.088428 -0.043422 -0.017175
vn -0.079107 -0.060547 -0.008726
vn -0.066169 -0.074925 -0.002815
vn -0.050007 -0.086599 0.000020
vn -0.038841 -0.092149 0.000052
vn -0.089442 -0.043212 -0.011525
vn -0.090051 -0.043091 -0.005820
vn -0.079585 -0.060390 -0.004391
vn -0.066288 -0.074872 0.000002
vn -0.049925 -0.086639 0.001124
vn -0.038650 -0.092229 0.000152
vn -0.079745 -0.060339 -0.000017
vn -0.066169 -0.074925 0.002817
vn -0.049673 -0.086761 0.002281
vn -0.038326 -0.092364 0.000302
vn -0.084658 -0.025572 0.046681
vn -0.076848 -0.045689 0.044799
vn -0.065951 -0.064510 0.038587
vn -0.080941 -0.025890 0.052710
vn -0.073237 -0.046338 0.049891
vn -0.076762 -0.026259 0.058465
vn -0.061304 -0.027745 0.073973
vn -0.055076 -0.028335 0.078510
vn -0.048238 -0.028911 0.082688
vn -0.059438 -0.048707 0.063990
vn -0.053678 -0.049601 0.068253
vn -0.047226 -0.050495 0.072249
vn -0.041002 -0.029439 0.086326
vn -0.054178 -0.067435 0.050173
vn -0.049129 -0.068513 0.053780
vn -0.043389 -0.069602 0.057210
vn -0.040341 -0.051318 0.075757
vn -0.033011 -0.052060 0.078741
vn -0.046087 -0.081958 0.034043
vn -0.041928 -0.083022 0.036735
vn -0.037150 -0.084102 0.039328
vn -0.037187 -0.070614 0.060255
vn -0.030527 -0.071522 0.062871
vn -0.023433 -0.072287 0.065004
vn -0.035290 -0.092228 0.015767
vn -0.032186 -0.093086 0.017296
vn -0.028601 -0.093960 0.018802
vn -0.031901 -0.085120 0.041676
vn -0.026251 -0.086028 0.043704
vn -0.020206 -0.086797 0.045364
vn -0.013791 -0.087394 0.046607
vn -0.027587 -0.096039 0.003944
vn -0.025192 -0.096662 0.004680
vn -0.022425 -0.097301 0.005441
vn -0.024571 -0.094801 0.020222
vn 0.100000 0.000000 0.000000
vn 0.100000 0.000000 0.000000
vn 0.100000 0.000000 0.000000
vn 0.100000 0.000000 0.000000
vn 0.100000 0.000000 0.000000
vn 0.100000 0.000000 0.000000
vn 0.100000 0.000000 0.000000
vn 0.100000 0.000000 0.000000
vn 0.100000 0.000000 0.000000
vn 0.100000 0.000000 0.000000
vn 0.100000 0.000000 0.000000
vn 0.100000 0.000000 0.000000
vn 0.100000 0.000000 0.000000
vn 0.100000 0.000000 0.000000
vn 0.100000 0.000000 0.000000
vn 0.100000 0.000000 0.000000
vn 0.100000 0.000000 0.000000
vn 0.100000 0.000000 0.000000
vn 0.100000 0.000000 0.000000
vn 0.100000 0.000000 0.000000
vn 0.100000 0.000000 0.000000
vn 0.100000 0.000000 0.000000
vn 0.100000 0.000000 0.000000
vn 0.100000 0.000000 0.000000
vn 0.100000 0.000000 0.000000
vn 0.100000 0.000000 0.000000
vn 0.100000 0.000000 0.000000
vn 0.100000 0.000000 0.000000
vn 0.100000 0.000000 0.000000
vn 0.100000 0.000000 0.000000
vn 0.100000 0.000000 0.000000
vn 0.100000 0.000000 0.000000
vn 0.100000 0.000000 0.000000
vn 0.100000 0.000000 0.000000
vn 0.100000 0.000000 0.000000
vn 0.100000 0.000000 0.000000
vn 0.100000 0.000000 0.000000
vn 0.100000 0.000000 0.000000
vn 0.100000 0.000000 0.000000
vn 0.100000 0.000000 0.000000
vn 0.100000 0.000000 0.000000
vn 0.100000 0.000000 0.000000
vn 0.100000 0.000000 0.000000
vn 0.100000 0.000000 0.000000
vn 0.100000 0.000000 0.000000
vn 0.100000 0.000000 0.000000
vn 0.100000 0.000000 0.000000
vn 0.100000 0.000000 0.000000
vn 0.100000 0.000000 0.000000
vn 0.100000 0.000000 0.000000
vn 0.100000 0.000000 0.000000
vn 0.100000 0.000000 0.000000
vn 0.100000 0.000000 0.000000
vn 0.100000 0.000000 0.000000
vn 0.100000 0.000000 0.000000
vn 0.100000 0.000000 0.000000
vn 0.100000 0.000000 0.000000
vn 0.100000 0.000000 0.000000
vn 0.100000 0.000000 0.000000
vn 0.100000 0.000000 0.000000
vn 0.100000 0.000000 0.000000
vn 0.100000 0.000000 0.000000
vn 0.100000 0.000000 0.000000
vn 0.100000 0.000000 0.000000
vn 0.100000 0.000000 0.000000
vn 0.100000 0.000000 0.000000
vn 0.100000 0.000000 0.000000
vn 0.100000 0.000000 0.000000
vn 0.100000 0.000000 0.000000
vn 0.100000 0.000000 0.000000
vn 0.100000 0.000000 0.000000
vn -0.100000 0.000000 0.000000
vn -0.100000 0.000000 0.000000
vn -0.100000 0.000000 0.000000
vn -0.100000 0.000000 0.000000
vn -0.100000 0.000000 0.000000
vn -0.100000 0.000000 0.000000
vn -0.100000 0.000000 0.000000
vn -0.100000 0.000000 0.000000
vn -0.100000 0.000000 0.000000
vn -0.100000 0.000000 0.000000
vn -0.100000 0.000000 0.000000
vn -0.100000 0.000000 0.000000
vn -0.100000 0.000000 0.000000
vn -0.100000 0.000000 0.000000
vn -0.100000 0.000000 0.000000
vn -0.100000 0.000000 0.000000
vn -0.100000 0.000000 0.000000
vn -0.100000 0.000000 0.000000
vn -0.100000 0.000000 0.000000
vn -0.100000 0.000000 0.000000
vn -0.100000 0.000000 0.000000
vn -0.100000 0.000000 0.000000
vn -0.100000 0.000000 0.000000
vn -0.100000 0.000000 0.000000
vn -0.100000 0.000000 0.000000
vn -0.100000 0.000000 0.000000
vn -0.100000 0.000000 0.000000
vn -0.100000 0.000000 0.000000
vn -0.100000 0.000000 0.000000
vn -0.100000 0.000000 0.000000
vn -0.100000 0.000000 0.000000
vn -0.100000 0.000000 0.000000
vn -0.100000 0.000000 0.000000
vn -0.100000 0.000000 0.000000
vn -0.100000 0.000000 0.000000
vn -0.100000 0.000000 0.000000
vn -0.100000 0.000000 0.000000
vn -0.100000 0.000000 0.000000
vn -0.100000 0.000000 0.000000
vn -0.100000 0.000000 0.000000
vn -0.100000 0.000000 0.000000
vn -0.100000 0.000000 0.000000
vn -0.100000 0.000000 0.000000
vn -0.100000 0.000000 0.000000
vn -0.100000 0.000000 0.000000
vn -0.100000 0.000000 0.000000
vn -0.100000 0.000000 0.000000
vn -0.100000 0.000000 0.000000
vn -0.100000 0.000000 0.000000
vn -0.100000 0.000000 0.000000
vn -0.100000 0.000000 0.000000
vn -0.100000 0.000000 0.000000
vn -0.100000 0.000000 0.000000
vn -0.100000 0.000000 0.000000
vn -0.100000 0.000000 0.000000
vn -0.100000 0.000000 0.000000
vn -0.100000 0.000000 0.000000
vn -0.100000 0.000000 0.000000
vn -0.100000 0.000000 0.000000
vn -0.100000 0.000000 0.000000
vn -0.100000 0.000000 0.000000
vn -0.100000 0.000000 0.000000
vn -0.100000 0.000000 0.000000
vn -0.100000 0.000000 0.000000
vn -0.100000 0.000000 0.000000
vn -0.100000 0.000000 0.000000
vn -0.100000 0.000000 0.000000
vn -0.100000 0.000000 0.000000
vn -0.100000 0.000000 0.000000
vn -0.100000 0.000000 0.000000
vn -0.100000 0.000000 0.000000
usemtl Steel_-_Satin
f 1/1/1 2/2/2 135/3/3
f 135/3/3 2/2/2 149/4/4
f 135/3/3 149/4/4 157/5/5
f 157/5/5 149/4/4 148/6/6
f 157/5/5 148/6/6 156/7/7
f 156/7/7 148/6/6 147/8/8
f 156/7/7 147/8/8 155/9/9
f 155/9/9 147/8/8 146/10/10
f 155/9/9 146/10/10 154/11/11
f 154/11/11 146/10/10 145/12/12
f 154/11/11 145/12/12 153/13/13
f 153/13/13 145/12/12 144/14/14
f 153/13/13 144/14/14 152/15/15
f 152/15/15 144/14/14 143/16/16
f 152/15/15 143/16/16 151/17/17
f 151/17/17 143/16/16 142/18/18
f 151/17/17 142/18/18 150/19/19
f 150/19/19 142/18/18 10/20/20
f 150/19/19 10/20/20 11/21/21
f 2/2/2 3/22/22 149/4/4
f 149/4/4 3/22/22 148/6/6
f 148/6/6 3/22/22 147/8/8
f 147/8/8 3/22/22 4/23/23
f 147/8/8 4/23/23 146/10/10
f 146/10/10 4/23/23 5/24/24
f 146/10/10 5/24/24 145/12/12
f 145/12/12 5/24/24 6/25/25
f 145/12/12 6/25/25 144/14/14
f 144/14/14 6/25/25 7/26/26
f 144/14/14 7/26/26 143/16/16
f 143/16/16 7/26/26 8/27/27
f 143/16/16 8/27/27 142/18/18
f 142/18/18 8/27/27 9/28/28
f 142/18/18 9/28/28 10/20/20
f 150/19/19 11/21/21 158/29/29
f 158/29/29 11/21/21 12/30/30
f 158/29/29 12/30/30 166/31/31
f 166/31/31 12/30/30 13/32/32
f 166/31/31 13/32/32 189/33/33
f 189/33/33 13/32/32 174/34/34
f 189/33/33 174/34/34 175/35/35
f 175/35/35 174/34/34 191/36/36
f 175/35/35 191/36/36 192/37/37
f 192/37/37 191/36/36 200/38/38
f 192/37/37 200/38/38 201/39/39
f 201/39/39 200/38/38 209/40/40
f 201/39/39 209/40/40 210/41/41
f 210/41/41 209/40/40 225/42/42
f 210/41/41 225/42/42 224/43/43
f 224/43/43 225/42/42 216/44/44
f 224/43/43 216/44/44 217/45/45
f 217/45/45 216/44/44 233/46/46
f 217/45/45 233/46/46 234/47/47
f 234/47/47 233/46/46 242/48/48
f 234/47/47 242/48/48 243/49/49
f 243/49/49 242/48/48 251/50/50
f 243/49/49 251/50/50 137/51/51
f 137/51/51 251/50/50 253/52/52
f 137/51/51 253/52/52 252/53/53
f 252/53/53 253/52/52 267/54/54
f 252/53/53 267/54/54 124/55/55
f 124/55/55 267/54/54 123/56/56
f 123/56/56 267/54/54 275/57/57
f 123/56/56 275/57/57 122/58/58
f 122/58/58 275/57/57 283/59/59
f 122/58/58 283/59/59 121/60/60
f 121/60/60 283/59/59 291/61/61
f 121/60/60 291/61/61 120/62/62
f 120/62/62 291/61/61 292/63/63
f 120/62/62 292/63/63 307/64/64
f 307/64/64 292/63/63 306/65/65
f 307/64/64 306/65/65 315/66/66
f 315/66/66 306/65/65 314/67/67
f 315/66/66 314/67/67 323/68/68
f 323/68/68 314/67/67 322/69/69
f 323/68/68 322/69/69 331/70/70
f 331/70/70 322/69/69 330/71/71
f 331/70/70 330/71/71 340/72/72
f 340/72/72 330/71/71 341/73/73
f 340/72/72 341/73/73 339/74/74
f 339/74/74 341/73/73 338/75/75
f 339/74/74 338/75/75 355/76/76
f 355/76/76 338/75/75 354/77/77
f 355/76/76 354/77/77 363/78/78
f 363/78/78 354/77/77 362/79/79
f 363/78/78 362/79/79 371/80/80
f 371/80/80 362/79/79 370/81/81
f 371/80/80 370/81/81 372/82/82
f 372/82/82 370/81/81 373/83/83
f 372/82/82 373/83/83 387/84/84
f 387/84/84 373/83/83 386/85/85
f 387/84/84 386/85/85 395/86/86
f 395/86/86 386/85/85 394/87/87
f 395/86/86 394/87/87 403/88/88
f 403/88/88 394/87/87 402/89/89
f 403/88/88 402/89/89 411/90/90
f 411/90/90 402/89/89 410/91/91
f 411/90/90 410/91/91 420/92/92
f 420/92/92 410/91/91 421/93/93
f 420/92/92 421/93/93 417/94/94
f 417/94/94 421/93/93 416/95/95
f 417/94/94 416/95/95 432/96/96
f 432/96/96 416/95/95 431/97/97
f 432/96/96 431/97/97 440/98/98
f 440/98/98 431/97/97 439/99/99
f 440/98/98 439/99/99 448/100/100
f 448/100/100 439/99/99 447/101/101
f 448/100/100 447/101/101 454/102/102
f 454/102/102 447/101/101 455/103/103
f 454/102/102 455/103/103 462/104/104
f 462/104/104 455/103/103 461/105/105
f 462/104/104 461/105/105 470/106/106
f 470/106/106 461/105/105 469/107/107
f 470/106/106 469/107/107 478/108/108
f 478/108/108 469/107/107 477/109/109
f 478/108/108 477/109/109 486/110/110
f 486/110/110 477/109/109 485/111/111
f 486/110/110 485/111/111 503/112/112
f 503/112/112 485/111/111 504/113/113
f 503/112/112 504/113/113 494/114/114
f 494/114/114 504/113/113 493/115/115
f 494/114/114 493/115/115 510/116/116
f 510/116/116 493/115/115 509/117/117
f 510/116/116 509/117/117 518/118/118
f 518/118/118 509/117/117 517/119/119
f 518/118/118 517/119/119 526/120/120
f 526/120/120 517/119/119 525/121/121
f 526/120/120 525/121/121 543/122/122
f 543/122/122 525/121/121 544/123/123
f 543/122/122 544/123/123 531/124/124
f 531/124/124 544/123/123 530/125/125
f 531/124/124 530/125/125 547/126/126
f 547/126/126 530/125/125 546/127/127
f 547/126/126 546/127/127 555/128/128
f 555/128/128 546/127/127 554/129/129
f 555/128/128 554/129/129 563/130/130
f 563/130/130 554/129/129 562/131/131
f 563/130/130 562/131/131 584/132/132
f 584/132/132 562/131/131 53/133/133
f 584/132/132 53/133/133 569/134/134
f 569/134/134 53/133/133 54/135/135
f 569/134/134 54/135/135 585/136/136
f 585/136/136 54/135/135 55/137/137
f 585/136/136 55/137/137 593/138/138
f 593/138/138 55/137/137 56/139/139
f 593/138/138 56/139/139 601/140/140
f 601/140/140 56/139/139 57/141/141
f 601/140/140 57/141/141 624/142/142
f 624/142/142 57/141/141 609/143/143
f 624/142/142 609/143/143 610/144/144
f 610/144/144 609/143/143 626/145/145
f 610/144/144 626/145/145 627/146/146
f 627/146/146 626/145/145 635/147/147
f 627/146/146 635/147/147 636/148/148
f 636/148/148 635/147/147 644/149/149
f 636/148/148 644/149/149 645/150/150
f 645/150/150 644/149/149 660/151/151
f 645/150/150 660/151/151 659/152/152
f 659/152/152 660/151/151 654/153/153
f 659/152/152 654/153/153 655/154/154
f 655/154/154 654/153/153 671/155/155
f 655/154/154 671/155/155 672/156/156
f 672/156/156 671/155/155 680/157/157
f 672/156/156 680/157/157 82/158/158
f 82/158/158 680/157/157 81/159/159
f 81/159/159 680/157/157 688/160/160
f 81/159/159 688/160/160 80/161/161
f 80/161/161 688/160/160 689/162/162
f 80/161/161 689/162/162 704/163/163
f 704/163/163 689/162/162 690/164/164
f 704/163/163 690/164/164 703/165/165
f 703/165/165 690/164/164 691/166/166
f 703/165/165 691/166/166 702/167/167
f 702/167/167 691/166/166 692/168/168
f 702/167/167 692/168/168 701/169/169
f 701/169/169 692/168/168 693/170/170
f 701/169/169 693/170/170 700/171/171
f 700/171/171 693/170/170 694/172/172
f 700/171/171 694/172/172 699/173/173
f 699/173/173 694/172/172 695/174/174
f 699/173/173 695/174/174 698/175/175
f 698/175/175 695/174/174 696/176/176
f 698/175/175 696/176/176 697/177/177
f 697/177/177 696/176/176 65/178/178
f 697/177/177 65/178/178 66/179/179
f 13/32/32 14/180/180 174/34/34
f 174/34/34 14/180/180 190/181/181
f 174/34/34 190/181/181 191/36/36
f 191/36/36 190/181/181 199/182/182
f 191/36/36 199/182/182 200/38/38
f 200/38/38 199/182/182 208/183/183
f 200/38/38 208/183/183 209/40/40
f 209/40/40 208/183/183 226/184/184
f 209/40/40 226/184/184 225/42/42
f 225/42/42 226/184/184 215/185/185
f 225/42/42 215/185/185 216/44/44
f 216/44/44 215/185/185 232/186/186
f 216/44/44 232/186/186 233/46/46
f 233/46/46 232/186/186 241/187/187
f 233/46/46 241/187/187 242/48/48
f 242/48/48 241/187/187 250/188/188
f 242/48/48 250/188/188 251/50/50
f 251/50/50 250/188/188 254/189/189
f 251/50/50 254/189/189 253/52/52
f 253/52/52 254/189/189 266/190/190
f 253/52/52 266/190/190 267/54/54
f 267/54/54 266/190/190 275/57/57
f 14/180/180 15/191/191 190/181/181
f 190/181/181 15/191/191 198/192/192
f 190/181/181 198/192/192 199/182/182
f 199/182/182 198/192/192 207/193/193
f 199/182/182 207/193/193 208/183/183
f 208/183/183 207/193/193 227/194/194
f 208/183/183 227/194/194 226/184/184
f 226/184/184 227/194/194 214/195/195
f 226/184/184 214/195/195 215/185/185
f 215/185/185 214/195/195 231/196/196
f 215/185/185 231/196/196 232/186/186
f 232/186/186 231/196/196 240/197/197
f 232/186/186 240/197/197 241/187/187
f 241/187/187 240/197/197 249/198/198
f 241/187/187 249/198/198 250/188/188
f 250/188/188 249/198/198 255/199/199
f 250/188/188 255/199/199 254/189/189
f 254/189/189 255/199/199 265/200/200
f 254/189/189 265/200/200 266/190/190
f 266/190/190 265/200/200 274/201/201
f 266/190/190 274/201/201 275/57/57
f 275/57/57 274/201/201 283/59/59
f 15/191/191 16/202/202 198/192/192
f 198/192/192 16/202/202 206/203/203
f 198/192/192 206/203/203 207/193/193
f 207/193/193 206/203/203 228/204/204
f 207/193/193 228/204/204 227/194/194
f 227/194/194 228/204/204 213/205/205
f 227/194/194 213/205/205 214/195/195
f 214/195/195 213/205/205 230/206/206
f 214/195/195 230/206/206 231/196/196
f 231/196/196 230/206/206 239/207/207
f 231/196/196 239/207/207 240/197/197
f 240/197/197 239/207/207 248/208/208
f 240/197/197 248/208/208 249/198/198
f 249/198/198 248/208/208 256/209/209
f 249/198/198 256/209/209 255/199/199
f 255/199/199 256/209/209 263/210/210
f 255/199/199 263/210/210 264/211/211
f 264/211/211 263/210/210 272/212/212
f 264/211/211 272/212/212 273/213/213
f 273/213/213 272/212/212 281/214/214
f 273/213/213 281/214/214 282/215/215
f 282/215/215 281/214/214 290/216/216
f 282/215/215 290/216/216 291/61/61
f 291/61/61 290/216/216 292/63/63
f 16/202/202 17/217/217 206/203/203
f 206/203/203 17/217/217 228/204/204
f 228/204/204 17/217/217 213/205/205
f 213/205/205 17/217/217 18/218/218
f 213/205/205 18/218/218 229/219/219
f 229/219/219 18/218/218 19/220/220
f 229/219/219 19/220/220 237/221/221
f 237/221/221 19/220/220 20/222/222
f 237/221/221 20/222/222 245/223/223
f 245/223/223 20/222/222 21/224/224
f 245/223/223 21/224/224 259/225/225
f 259/225/225 21/224/224 260/226/226
f 259/225/225 260/226/226 258/227/227
f 258/227/227 260/226/226 261/228/228
f 258/227/227 261/228/228 257/229/229
f 257/229/229 261/228/228 262/230/230
f 257/229/229 262/230/230 256/209/209
f 256/209/209 262/230/230 263/210/210
f 21/224/224 22/231/231 260/226/226
f 260/226/226 22/231/231 268/232/232
f 260/226/226 268/232/232 269/233/233
f 269/233/233 268/232/232 277/234/234
f 269/233/233 277/234/234 278/235/235
f 278/235/235 277/234/234 286/236/236
f 278/235/235 286/236/236 287/237/237
f 287/237/237 286/236/236 297/238/238
f 287/237/237 297/238/238 296/239/239
f 296/239/239 297/238/238 303/240/240
f 296/239/239 303/240/240 304/241/241
f 304/241/241 303/240/240 312/242/242
f 304/241/241 312/242/242 313/243/243
f 313/243/243 312/242/242 321/244/244
f 313/243/243 321/244/244 322/69/69
f 322/69/69 321/244/244 330/71/71
f 22/231/231 23/245/245 268/232/232
f 268/232/232 23/245/245 276/246/246
f 268/232/232 276/246/246 277/234/234
f 277/234/234 276/246/246 285/247/247
f 277/234/234 285/247/247 286/236/236
f 286/236/236 285/247/247 298/248/248
f 286/236/236 298/248/248 297/238/238
f 297/238/238 298/248/248 302/249/249
f 297/238/238 302/249/249 303/240/240
f 303/240/240 302/249/249 311/250/250
f 303/240/240 311/250/250 312/242/242
f 312/242/242 311/250/250 320/251/251
f 312/242/242 320/251/251 321/244/244
f 321/244/244 320/251/251 329/252/252
f 321/244/244 329/252/252 330/71/71
f 330/71/71 329/252/252 341/73/73
f 23/245/245 24/253/253 276/246/246
f 276/246/246 24/253/253 284/254/254
f 276/246/246 284/254/254 285/247/247
f 285/247/247 284/254/254 299/255/255
f 285/247/247 299/255/255 298/248/248
f 298/248/248 299/255/255 301/256/256
f 298/248/248 301/256/256 302/249/249
f 302/249/249 301/256/256 310/257/257
f 302/249/249 310/257/257 311/250/250
f 311/250/250 310/257/257 319/258/258
f 311/250/250 319/258/258 320/251/251
f 320/251/251 319/258/258 328/259/259
f 320/251/251 328/259/259 329/252/252
f 329/252/252 328/259/259 342/260/260
f 329/252/252 342/260/260 341/73/73
f 341/73/73 342/260/260 338/75/75
f 24/253/253 25/261/261 284/254/254
f 284/254/254 25/261/261 299/255/255
f 299/255/255 25/261/261 300/262/262
f 300/262/262 25/261/261 26/263/263
f 300/262/262 26/263/263 308/264/264
f 308/264/264 26/263/263 27/265/265
f 308/264/264 27/265/265 316/266/266
f 316/266/266 27/265/265 28/267/267
f 316/266/266 28/267/267 324/268/268
f 324/268/268 28/267/267 29/269/269
f 324/268/268 29/269/269 347/270/270
f 347/270/270 29/269/269 332/271/271
f 347/270/270 332/271/271 333/272/272
f 333/272/272 332/271/271 349/273/273
f 333/272/272 349/273/273 350/274/274
f 350/274/274 349/273/273 358/275/275
f 350/274/274 358/275/275 359/276/276
f 359/276/276 358/275/275 367/277/277
f 359/276/276 367/277/277 368/278/278
f 368/278/278 367/277/277 375/279/279
f 368/278/278 375/279/279 374/280/280
f 374/280/280 375/279/279 385/281/281
f 374/280/280 385/281/281 386/85/85
f 386/85/85 385/281/281 394/87/87
f 29/269/269 30/282/282 332/271/271
f 332/271/271 30/282/282 348/283/283
f 332/271/271 348/283/283 349/273/273
f 349/273/273 348/283/283 357/284/284
f 349/273/273 357/284/284 358/275/275
f 358/275/275 357/284/284 366/285/285
f 358/275/275 366/285/285 367/277/277
f 367/277/277 366/285/285 376/286/286
f 367/277/277 376/286/286 375/279/279
f 375/279/279 376/286/286 384/287/287
f 375/279/279 384/287/287 385/281/281
f 385/281/281 384/287/287 393/288/288
f 385/281/281 393/288/288 394/87/87
f 394/87/87 393/288/288 402/89/89
f 30/282/282 31/289/289 348/283/283
f 348/283/283 31/289/289 356/290/290
f 348/283/283 356/290/290 357/284/284
f 357/284/284 356/290/290 365/291/291
f 357/284/284 365/291/291 366/285/285
f 366/285/285 365/291/291 377/292/292
f 366/285/285 377/292/292 376/286/286
f 376/286/286 377/292/292 383/293/293
f 376/286/286 383/293/293 384/287/287
f 384/287/287 383/293/293 392/294/294
f 384/287/287 392/294/294 393/288/288
f 393/288/288 392/294/294 401/295/295
f 393/288/288 401/295/295 402/89/89
f 402/89/89 401/295/295 410/91/91
f 31/289/289 32/296/296 356/290/290
f 356/290/290 32/296/296 364/297/297
f 356/290/290 364/297/297 365/291/291
f 365/291/291 364/297/297 378/298/298
f 365/291/291 378/298/298 377/292/292
f 377/292/292 378/298/298 382/299/299
f 377/292/292 382/299/299 383/293/293
f 383/293/293 382/299/299 391/300/300
f 383/293/293 391/300/300 392/294/294
f 392/294/294 391/300/300 400/301/301
f 392/294/294 400/301/301 401/295/295
f 401/295/295 400/301/301 409/302/302
f 401/295/295 409/302/302 410/91/91
f 410/91/91 409/302/302 421/93/93
f 32/296/296 33/303/303 364/297/297
f 364/297/297 33/303/303 379/304/304
f 364/297/297 379/304/304 378/298/298
f 378/298/298 379/304/304 381/305/305
f 378/298/298 381/305/305 382/299/299
f 382/299/299 381/305/305 390/306/306
f 382/299/299 390/306/306 391/300/300
f 391/300/300 390/306/306 399/307/307
f 391/300/300 399/307/307 400/301/301
f 400/301/301 399/307/307 408/308/308
f 400/301/301 408/308/308 409/302/302
f 409/302/302 408/308/308 422/309/309
f 409/302/302 422/309/309 421/93/93
f 421/93/93 422/309/309 416/95/95
f 379/304/304 33/303/303 380/310/310
f 380/310/310 33/303/303 34/311/311
f 380/310/310 34/311/311 388/312/312
f 388/312/312 34/311/311 35/313/313
f 388/312/312 35/313/313 396/314/314
f 396/314/314 35/313/313 36/315/315
f 396/314/314 36/315/315 404/316/316
f 404/316/316 36/315/315 37/317/317
f 404/316/316 37/317/317 426/318/318
f 426/318/318 37/317/317 412/319/319
f 426/318/318 412/319/319 413/320/320
f 413/320/320 412/319/319 428/321/321
f 413/320/320 428/321/321 429/322/322
f 429/322/322 428/321/321 437/323/323
f 429/322/322 437/323/323 438/324/324
f 438/324/324 437/323/323 446/325/325
f 438/324/324 446/325/325 447/101/101
f 447/101/101 446/325/325 455/103/103
f 37/317/317 38/326/326 412/319/319
f 412/319/319 38/326/326 427/327/327
f 412/319/319 427/327/327 428/321/321
f 428/321/321 427/327/327 436/328/328
f 428/321/321 436/328/328 437/323/323
f 437/323/323 436/328/328 445/329/329
f 437/323/323 445/329/329 446/325/325
f 446/325/325 445/329/329 455/103/103
f 38/326/326 39/330/330 427/327/327
f 427/327/327 39/330/330 435/331/331
f 427/327/327 435/331/331 436/328/328
f 436/328/328 435/331/331 444/332/332
f 436/328/328 444/332/332 445/329/329
f 445/329/329 444/332/332 456/333/333
f 445/329/329 456/333/333 455/103/103
f 455/103/103 456/333/333 461/105/105
f 39/330/330 40/334/334 435/331/331
f 435/331/331 40/334/334 443/335/335
f 435/331/331 443/335/335 444/332/332
f 444/332/332 443/335/335 457/336/336
f 444/332/332 457/336/336 456/333/333
f 456/333/333 457/336/336 460/337/337
f 456/333/333 460/337/337 461/105/105
f 461/105/105 460/337/337 469/107/107
f 40/334/334 41/338/338 443/335/335
f 443/335/335 41/338/338 458/339/339
f 443/335/335 458/339/339 457/336/336
f 457/336/336 458/339/339 459/340/340
f 457/336/336 459/340/340 460/337/337
f 460/337/337 459/340/340 468/341/341
f 460/337/337 468/341/341 469/107/107
f 469/107/107 468/341/341 477/109/109
f 458/339/339 41/338/338 459/340/340
f 459/340/340 41/338/338 42/342/342
f 459/340/340 42/342/342 467/343/343
f 467/343/343 42/342/342 43/344/344
f 467/343/343 43/344/344 475/345/345
f 475/345/345 43/344/344 44/346/346
f 475/345/345 44/346/346 483/347/347
f 483/347/347 44/346/346 45/348/348
f 483/347/347 45/348/348 506/349/349
f 506/349/349 45/348/348 491/350/350
f 506/349/349 491/350/350 492/351/351
f 492/351/351 491/350/350 508/352/352
f 492/351/351 508/352/352 509/117/117
f 509/117/117 508/352/352 517/119/119
f 45/348/348 46/353/353 491/350/350
f 491/350/350 46/353/353 507/354/354
f 491/350/350 507/354/354 508/352/352
f 508/352/352 507/354/354 516/355/355
f 508/352/352 516/355/355 517/119/119
f 517/119/119 516/355/355 525/121/121
f 46/353/353 47/356/356 507/354/354
f 507/354/354 47/356/356 515/357/357
f 507/354/354 515/357/357 516/355/355
f 516/355/355 515/357/357 524/358/358
f 516/355/355 524/358/358 525/121/121
f 525/121/121 524/358/358 544/123/123
f 47/356/356 48/359/359 515/357/357
f 515/357/357 48/359/359 523/360/360
f 515/357/357 523/360/360 524/358/358
f 524/358/358 523/360/360 545/361/361
f 524/358/358 545/361/361 544/123/123
f 544/123/123 545/361/361 530/125/125
f 48/359/359 49/362/362 523/360/360
f 523/360/360 49/362/362 545/361/361
f 545/361/361 49/362/362 530/125/125
f 530/125/125 49/362/362 50/363/363
f 530/125/125 50/363/363 546/127/127
f 546/127/127 50/363/363 51/364/364
f 546/127/127 51/364/364 554/129/129
f 554/129/129 51/364/364 52/365/365
f 554/129/129 52/365/365 562/131/131
f 562/131/131 52/365/365 53/133/133
f 57/141/141 58/366/366 609/143/143
f 609/143/143 58/366/366 625/367/367
f 609/143/143 625/367/367 626/145/145
f 626/145/145 625/367/367 634/368/368
f 626/145/145 634/368/368 635/147/147
f 635/147/147 634/368/368 643/369/369
f 635/147/147 643/369/369 644/149/149
f 644/149/149 643/369/369 661/370/370
f 644/149/149 661/370/370 660/151/151
f 660/151/151 661/370/370 653/371/371
f 660/151/151 653/371/371 654/153/153
f 654/153/153 653/371/371 670/372/372
f 654/153/153 670/372/372 671/155/155
f 671/155/155 670/372/372 679/373/373
f 671/155/155 679/373/373 680/157/157
f 680/157/157 679/373/373 688/160/160
f 58/366/366 59/374/374 625/367/367
f 625/367/367 59/374/374 633/375/375
f 625/367/367 633/375/375 634/368/368
f 634/368/368 633/375/375 642/376/376
f 634/368/368 642/376/376 643/369/369
f 643/369/369 642/376/376 662/377/377
f 643/369/369 662/377/377 661/370/370
f 661/370/370 662/377/377 652/378/378
f 661/370/370 652/378/378 653/371/371
f 653/371/371 652/378/378 669/379/379
f 653/371/371 669/379/379 670/372/372
f 670/372/372 669/379/379 678/380/380
f 670/372/372 678/380/380 679/373/373
f 679/373/373 678/380/380 687/381/381
f 679/373/373 687/381/381 688/160/160
f 688/160/160 687/381/381 689/162/162
f 59/374/374 60/382/382 633/375/375
f 633/375/375 60/382/382 641/383/383
f 633/375/375 641/383/383 642/376/376
f 642/376/376 641/383/383 663/384/384
f 642/376/376 663/384/384 662/377/377
f 662/377/377 663/384/384 651/385/385
f 662/377/377 651/385/385 652/378/378
f 652/378/378 651/385/385 668/386/386
f 652/378/378 668/386/386 669/379/379
f 669/379/379 668/386/386 677/387/387
f 669/379/379 677/387/387 678/380/380
f 678/380/380 677/387/387 686/388/388
f 678/380/380 686/388/388 687/381/381
f 687/381/381 686/388/388 690/164/164
f 687/381/381 690/164/164 689/162/162
f 60/382/382 61/389/389 641/383/383
f 641/383/383 61/389/389 664/390/390
f 641/383/383 664/390/390 663/384/384
f 663/384/384 664/390/390 650/391/391
f 663/384/384 650/391/391 651/385/385
f 651/385/385 650/391/391 667/392/392
f 651/385/385 667/392/392 668/386/386
f 668/386/386 667/392/392 676/393/393
f 668/386/386 676/393/393 677/387/387
f 677/387/387 676/393/393 685/394/394
f 677/387/387 685/394/394 686/388/388
f 686/388/388 685/394/394 691/166/166
f 686/388/388 691/166/166 690/164/164
f 664/390/390 61/389/389 649/395/395
f 649/395/395 61/389/389 62/396/396
f 649/395/395 62/396/396 665/397/397
f 665/397/397 62/396/396 63/398/398
f 665/397/397 63/398/398 673/399/399
f 673/399/399 63/398/398 64/400/400
f 673/399/399 64/400/400 681/401/401
f 681/401/401 64/400/400 65/178/178
f 681/401/401 65/178/178 696/176/176
f 697/177/177 66/179/179 705/402/402
f 705/402/402 66/179/179 67/403/403
f 705/402/402 67/403/403 713/404/404
f 713/404/404 67/403/403 68/405/405
f 713/404/404 68/405/405 721/406/406
f 721/406/406 68/405/405 69/407/407
f 721/406/406 69/407/407 735/408/408
f 735/408/408 69/407/407 736/409/409
f 735/408/408 736/409/409 737/410/410
f 737/410/410 736/409/409 745/411/411
f 737/410/410 745/411/411 746/412/412
f 746/412/412 745/411/411 754/413/413
f 746/412/412 754/413/413 755/414/414
f 755/414/414 754/413/413 763/415/415
f 755/414/414 763/415/415 764/416/416
f 764/416/416 763/415/415 5/417/24
f 764/416/416 5/417/24 4/418/23
f 69/407/407 70/419/417 736/409/409
f 736/409/409 70/419/417 744/420/418
f 736/409/409 744/420/418 745/411/411
f 745/411/411 744/420/418 753/421/419
f 745/411/411 753/421/419 754/413/413
f 754/413/413 753/421/419 762/422/420
f 754/413/413 762/422/420 763/415/415
f 763/415/415 762/422/420 6/423/25
f 763/415/415 6/423/25 5/417/24
f 70/419/417 71/424/421 744/420/418
f 744/420/418 71/424/421 752/425/422
f 744/420/418 752/425/422 753/421/419
f 753/421/419 752/425/422 761/426/423
f 753/421/419 761/426/423 762/422/420
f 762/422/420 761/426/423 7/427/26
f 762/422/420 7/427/26 6/423/25
f 71/424/421 72/428/424 752/425/422
f 752/425/422 72/428/424 760/429/425
f 752/425/422 760/429/425 761/426/423
f 761/426/423 760/429/425 8/430/27
f 761/426/423 8/430/27 7/427/26
f 72/428/424 9/431/28 760/429/425
f 760/429/425 9/431/28 8/430/27
f 764/416/416 4/418/23 765/432/426
f 765/432/426 4/418/23 3/433/22
f 765/432/426 3/433/22 766/434/427
f 766/434/427 3/433/22 767/435/428
f 766/434/427 767/435/428 758/436/429
f 758/436/429 767/435/428 759/437/430
f 758/436/429 759/437/430 750/438/431
f 750/438/431 759/437/430 751/439/432
f 750/438/431 751/439/432 742/440/433
f 742/440/433 751/439/432 743/441/434
f 742/440/433 743/441/434 141/442/435
f 141/442/435 743/441/434 76/443/436
f 141/442/435 76/443/436 77/444/437
f 3/433/22 2/445/2 767/435/428
f 767/435/428 2/445/2 1/446/1
f 767/435/428 1/446/1 73/447/438
f 767/435/428 73/447/438 759/437/430
f 759/437/430 73/447/438 74/448/439
f 759/437/430 74/448/439 751/439/432
f 751/439/432 74/448/439 75/449/440
f 751/439/432 75/449/440 743/441/434
f 743/441/434 75/449/440 76/443/436
f 78/450/441 720/451/442 77/444/437
f 77/444/437 720/451/442 728/452/443
f 77/444/437 728/452/443 141/442/435
f 141/442/435 728/452/443 729/453/444
f 141/442/435 729/453/444 742/440/433
f 742/440/433 729/453/444 741/454/445
f 742/440/433 741/454/445 750/438/431
f 750/438/431 741/454/445 749/455/446
f 750/438/431 749/455/446 758/436/429
f 758/436/429 749/455/446 757/456/447
f 758/436/429 757/456/447 766/434/427
f 766/434/427 757/456/447 765/432/426
f 720/451/442 78/450/441 712/457/448
f 712/457/448 78/450/441 79/458/449
f 712/457/448 79/458/449 704/163/163
f 704/163/163 79/458/449 80/161/161
f 82/158/158 83/459/450 672/156/156
f 672/156/156 83/459/450 656/460/451
f 672/156/156 656/460/451 655/154/154
f 655/154/154 656/460/451 658/461/452
f 655/154/154 658/461/452 659/152/152
f 659/152/152 658/461/452 646/462/453
f 659/152/152 646/462/453 645/150/150
f 645/150/150 646/462/453 637/463/454
f 645/150/150 637/463/454 636/148/148
f 636/148/148 637/463/454 628/464/455
f 636/148/148 628/464/455 627/146/146
f 627/146/146 628/464/455 611/465/456
f 627/146/146 611/465/456 610/144/144
f 610/144/144 611/465/456 623/466/457
f 610/144/144 623/466/457 624/142/142
f 624/142/142 623/466/457 601/140/140
f 83/459/450 84/467/458 656/460/451
f 656/460/451 84/467/458 657/468/459
f 656/460/451 657/468/459 658/461/452
f 658/461/452 657/468/459 647/469/460
f 658/461/452 647/469/460 646/462/453
f 646/462/453 647/469/460 638/470/461
f 646/462/453 638/470/461 637/463/454
f 637/463/454 638/470/461 629/471/462
f 637/463/454 629/471/462 628/464/455
f 628/464/455 629/471/462 612/472/463
f 628/464/455 612/472/463 611/465/456
f 611/465/456 612/472/463 622/473/464
f 611/465/456 622/473/464 623/466/457
f 623/466/457 622/473/464 602/474/465
f 623/466/457 602/474/465 601/140/140
f 601/140/140 602/474/465 593/138/138
f 657/468/459 84/467/458 648/475/466
f 648/475/466 84/467/458 85/476/467
f 648/475/466 85/476/467 640/477/468
f 640/477/468 85/476/467 86/478/469
f 640/477/468 86/478/469 632/479/470
f 632/479/470 86/478/469 87/480/471
f 632/479/470 87/480/471 616/481/472
f 616/481/472 87/480/471 88/482/473
f 616/481/472 88/482/473 617/483/474
f 617/483/474 88/482/473 608/484/475
f 617/483/474 608/484/475 607/485/476
f 607/485/476 608/484/475 599/486/477
f 607/485/476 599/486/477 598/487/478
f 598/487/478 599/486/477 590/488/479
f 598/487/478 590/488/479 589/489/480
f 589/489/480 590/488/479 573/490/481
f 589/489/480 573/490/481 572/491/482
f 572/491/482 573/490/481 580/492/483
f 572/491/482 580/492/483 581/493/484
f 581/493/484 580/492/483 566/494/485
f 581/493/484 566/494/485 565/495/486
f 565/495/486 566/494/485 557/496/487
f 565/495/486 557/496/487 556/497/488
f 556/497/488 557/496/487 548/498/489
f 556/497/488 548/498/489 547/126/126
f 547/126/126 548/498/489 531/124/124
f 88/482/473 89/499/490 608/484/475
f 608/484/475 89/499/490 600/500/491
f 608/484/475 600/500/491 599/486/477
f 599/486/477 600/500/491 591/501/492
f 599/486/477 591/501/492 590/488/479
f 590/488/479 591/501/492 574/502/493
f 590/488/479 574/502/493 573/490/481
f 573/490/481 574/502/493 580/492/483
f 89/499/490 90/503/494 600/500/491
f 600/500/491 90/503/494 592/504/495
f 600/500/491 592/504/495 591/501/492
f 591/501/492 592/504/495 575/505/496
f 591/501/492 575/505/496 574/502/493
f 574/502/493 575/505/496 579/506/497
f 574/502/493 579/506/497 580/492/483
f 580/492/483 579/506/497 567/507/498
f 580/492/483 567/507/498 566/494/485
f 566/494/485 567/507/498 558/508/499
f 566/494/485 558/508/499 557/496/487
f 557/496/487 558/508/499 549/509/500
f 557/496/487 549/509/500 548/498/489
f 548/498/489 549/509/500 532/510/501
f 548/498/489 532/510/501 531/124/124
f 531/124/124 532/510/501 543/122/122
f 90/503/494 91/511/502 592/504/495
f 592/504/495 91/511/502 576/512/503
f 592/504/495 576/512/503 575/505/496
f 575/505/496 576/512/503 578/513/504
f 575/505/496 578/513/504 579/506/497
f 579/506/497 578/513/504 568/514/505
f 579/506/497 568/514/505 567/507/498
f 567/507/498 568/514/505 559/515/506
f 567/507/498 559/515/506 558/508/499
f 558/508/499 559/515/506 550/516/507
f 558/508/499 550/516/507 549/509/500
f 549/509/500 550/516/507 533/517/508
f 549/509/500 533/517/508 532/510/501
f 532/510/501 533/517/508 542/518/509
f 532/510/501 542/518/509 543/122/122
f 543/122/122 542/518/509 526/120/120
f 91/511/502 92/519/510 576/512/503
f 576/512/503 92/519/510 577/520/511
f 576/512/503 577/520/511 578/513/504
f 578/513/504 577/520/511 140/521/512
f 578/513/504 140/521/512 568/514/505
f 568/514/505 140/521/512 560/522/513
f 568/514/505 560/522/513 559/515/506
f 559/515/506 560/522/513 551/523/514
f 559/515/506 551/523/514 550/516/507
f 550/516/507 551/523/514 534/524/515
f 550/516/507 534/524/515 533/517/508
f 533/517/508 534/524/515 541/525/516
f 533/517/508 541/525/516 542/518/509
f 542/518/509 541/525/516 527/526/517
f 542/518/509 527/526/517 526/120/120
f 526/120/120 527/526/517 518/118/118
f 577/520/511 92/519/510 140/521/512
f 140/521/512 92/519/510 93/527/518
f 140/521/512 93/527/518 561/528/519
f 561/528/519 93/527/518 94/529/520
f 561/528/519 94/529/520 553/530/521
f 553/530/521 94/529/520 95/531/522
f 553/530/521 95/531/522 537/532/523
f 537/532/523 95/531/522 96/533/524
f 537/532/523 96/533/524 538/534/525
f 538/534/525 96/533/524 139/535/526
f 538/534/525 139/535/526 539/536/527
f 539/536/527 139/535/526 529/537/528
f 539/536/527 529/537/528 540/538/529
f 540/538/529 529/537/528 528/539/530
f 540/538/529 528/539/530 541/525/516
f 541/525/516 528/539/530 527/526/517
f 96/533/524 97/540/531 139/535/526
f 139/535/526 97/540/531 522/541/532
f 139/535/526 522/541/532 521/542/533
f 521/542/533 522/541/532 513/543/534
f 521/542/533 513/543/534 512/544/535
f 512/544/535 513/543/534 496/545/536
f 512/544/535 496/545/536 495/546/537
f 495/546/537 496/545/536 502/547/538
f 495/546/537 502/547/538 503/112/112
f 503/112/112 502/547/538 486/110/110
f 97/540/531 98/548/539 522/541/532
f 522/541/532 98/548/539 514/549/540
f 522/541/532 514/549/540 513/543/534
f 513/543/534 514/549/540 497/550/541
f 513/543/534 497/550/541 496/545/536
f 496/545/536 497/550/541 501/551/542
f 496/545/536 501/551/542 502/547/538
f 502/547/538 501/551/542 487/552/543
f 502/547/538 487/552/543 486/110/110
f 486/110/110 487/552/543 478/108/108
f 98/548/539 99/553/544 514/549/540
f 514/549/540 99/553/544 498/554/545
f 514/549/540 498/554/545 497/550/541
f 497/550/541 498/554/545 500/555/546
f 497/550/541 500/555/546 501/551/542
f 501/551/542 500/555/546 488/556/547
f 501/551/542 488/556/547 487/552/543
f 487/552/543 488/556/547 479/557/548
f 487/552/543 479/557/548 478/108/108
f 478/108/108 479/557/548 470/106/106
f 99/553/544 100/558/549 498/554/545
f 498/554/545 100/558/549 499/559/550
f 498/554/545 499/559/550 500/555/546
f 500/555/546 499/559/550 489/560/551
f 500/555/546 489/560/551 488/556/547
f 488/556/547 489/560/551 480/561/552
f 488/556/547 480/561/552 479/557/548
f 479/557/548 480/561/552 471/562/553
f 479/557/548 471/562/553 470/106/106
f 470/106/106 471/562/553 462/104/104
f 499/559/550 100/558/549 490/563/554
f 490/563/554 100/558/549 101/564/555
f 490/563/554 101/564/555 482/565/556
f 482/565/556 101/564/555 102/566/557
f 482/565/556 102/566/557 474/567/558
f 474/567/558 102/566/557 103/568/559
f 474/567/558 103/568/559 466/569/560
f 466/569/560 103/568/559 104/570/561
f 466/569/560 104/570/561 451/571/562
f 451/571/562 104/570/561 450/572/563
f 451/571/562 450/572/563 452/573/564
f 452/573/564 450/572/563 449/574/565
f 452/573/564 449/574/565 453/575/566
f 453/575/566 449/574/565 448/100/100
f 453/575/566 448/100/100 454/102/102
f 104/570/561 105/576/567 450/572/563
f 450/572/563 105/576/567 442/577/568
f 450/572/563 442/577/568 441/578/569
f 441/578/569 442/577/568 433/579/570
f 441/578/569 433/579/570 432/96/96
f 432/96/96 433/579/570 417/94/94
f 105/576/567 106/580/571 442/577/568
f 442/577/568 106/580/571 434/581/572
f 442/577/568 434/581/572 433/579/570
f 433/579/570 434/581/572 418/582/573
f 433/579/570 418/582/573 417/94/94
f 417/94/94 418/582/573 420/92/92
f 106/580/571 107/583/574 434/581/572
f 434/581/572 107/583/574 419/584/575
f 434/581/572 419/584/575 418/582/573
f 418/582/573 419/584/575 138/585/576
f 418/582/573 138/585/576 420/92/92
f 420/92/92 138/585/576 411/90/90
f 107/583/574 108/586/577 419/584/575
f 419/584/575 108/586/577 138/585/576
f 108/586/577 109/587/578 138/585/576
f 138/585/576 109/587/578 411/90/90
f 411/90/90 109/587/578 403/88/88
f 403/88/88 109/587/578 110/588/579
f 403/88/88 110/588/579 395/86/86
f 395/86/86 110/588/579 111/589/580
f 395/86/86 111/589/580 387/84/84
f 387/84/84 111/589/580 112/590/581
f 387/84/84 112/590/581 372/82/82
f 372/82/82 112/590/581 371/80/80
f 112/590/581 113/591/582 371/80/80
f 371/80/80 113/591/582 363/78/78
f 113/591/582 114/592/583 363/78/78
f 363/78/78 114/592/583 355/76/76
f 114/592/583 115/593/584 355/76/76
f 355/76/76 115/593/584 339/74/74
f 115/593/584 116/594/585 339/74/74
f 339/74/74 116/594/585 340/72/72
f 340/72/72 116/594/585 331/70/70
f 331/70/70 116/594/585 117/595/586
f 331/70/70 117/595/586 323/68/68
f 323/68/68 117/595/586 118/596/587
f 323/68/68 118/596/587 315/66/66
f 315/66/66 118/596/587 119/597/588
f 315/66/66 119/597/588 307/64/64
f 307/64/64 119/597/588 120/62/62
f 252/53/53 124/55/55 137/51/51
f 137/51/51 124/55/55 125/598/589
f 137/51/51 125/598/589 244/599/590
f 244/599/590 125/598/589 126/600/591
f 244/599/590 126/600/591 236/601/592
f 236/601/592 126/600/591 127/602/593
f 236/601/592 127/602/593 220/603/594
f 220/603/594 127/602/593 128/604/595
f 220/603/594 128/604/595 221/605/596
f 221/605/596 128/604/595 136/606/597
f 221/605/596 136/606/597 222/607/598
f 222/607/598 136/606/597 212/608/599
f 222/607/598 212/608/599 223/609/600
f 223/609/600 212/608/599 211/610/601
f 223/609/600 211/610/601 224/43/43
f 224/43/43 211/610/601 210/41/41
f 128/604/595 129/611/602 136/606/597
f 136/606/597 129/611/602 205/612/603
f 136/606/597 205/612/603 204/613/604
f 204/613/604 205/612/603 196/614/605
f 204/613/604 196/614/605 195/615/606
f 195/615/606 196/614/605 179/616/607
f 195/615/606 179/616/607 178/617/608
f 178/617/608 179/616/607 185/618/609
f 178/617/608 185/618/609 186/619/610
f 186/619/610 185/618/609 169/620/611
f 186/619/610 169/620/611 168/621/612
f 168/621/612 169/620/611 160/622/613
f 168/621/612 160/622/613 159/623/614
f 159/623/614 160/622/613 151/17/17
f 159/623/614 151/17/17 150/19/19
f 129/611/602 130/624/615 205/612/603
f 205/612/603 130/624/615 197/625/616
f 205/612/603 197/625/616 196/614/605
f 196/614/605 197/625/616 180/626/617
f 196/614/605 180/626/617 179/616/607
f 179/616/607 180/626/617 184/627/618
f 179/616/607 184/627/618 185/618/609
f 185/618/609 184/627/618 170/628/619
f 185/618/609 170/628/619 169/620/611
f 169/620/611 170/628/619 161/629/620
f 169/620/611 161/629/620 160/622/613
f 160/622/613 161/629/620 152/15/15
f 160/622/613 152/15/15 151/17/17
f 130/624/615 131/630/621 197/625/616
f 197/625/616 131/630/621 181/631/622
f 197/625/616 181/631/622 180/626/617
f 180/626/617 181/631/622 183/632/623
f 180/626/617 183/632/623 184/627/618
f 184/627/618 183/632/623 171/633/624
f 184/627/618 171/633/624 170/628/619
f 170/628/619 171/633/624 162/634/625
f 170/628/619 162/634/625 161/629/620
f 161/629/620 162/634/625 153/13/13
f 161/629/620 153/13/13 152/15/15
f 131/630/621 132/635/626 181/631/622
f 181/631/622 132/635/626 182/636/627
f 181/631/622 182/636/627 183/632/623
f 183/632/623 182/636/627 172/637/628
f 183/632/623 172/637/628 171/633/624
f 171/633/624 172/637/628 163/638/629
f 171/633/624 163/638/629 162/634/625
f 162/634/625 163/638/629 154/11/11
f 162/634/625 154/11/11 153/13/13
f 182/636/627 132/635/626 173/639/630
f 173/639/630 132/635/626 133/640/631
f 173/639/630 133/640/631 165/641/632
f 165/641/632 133/640/631 134/642/633
f 165/641/632 134/642/633 157/5/5
f 157/5/5 134/642/633 135/3/3
f 154/11/11 163/638/629 155/9/9
f 155/9/9 163/638/629 164/643/634
f 155/9/9 164/643/634 156/7/7
f 156/7/7 164/643/634 165/641/632
f 156/7/7 165/641/632 157/5/5
f 150/19/19 158/29/29 159/623/614
f 159/623/614 158/29/29 167/644/635
f 159/623/614 167/644/635 168/621/612
f 168/621/612 167/644/635 187/645/636
f 168/621/612 187/645/636 186/619/610
f 186/619/610 187/645/636 177/646/637
f 186/619/610 177/646/637 178/617/608
f 178/617/608 177/646/637 194/647/638
f 178/617/608 194/647/638 195/615/606
f 195/615/606 194/647/638 203/648/639
f 195/615/606 203/648/639 204/613/604
f 204/613/604 203/648/639 212/608/599
f 204/613/604 212/608/599 136/606/597
f 173/639/630 165/641/632 164/643/634
f 173/639/630 164/643/634 172/637/628
f 172/637/628 164/643/634 163/638/629
f 158/29/29 166/31/31 167/644/635
f 167/644/635 166/31/31 188/649/640
f 167/644/635 188/649/640 187/645/636
f 187/645/636 188/649/640 176/650/641
f 187/645/636 176/650/641 177/646/637
f 177/646/637 176/650/641 193/651/642
f 177/646/637 193/651/642 194/647/638
f 194/647/638 193/651/642 202/652/643
f 194/647/638 202/652/643 203/648/639
f 203/648/639 202/652/643 211/610/601
f 203/648/639 211/610/601 212/608/599
f 182/636/627 173/639/630 172/637/628
f 189/33/33 175/35/35 188/649/640
f 188/649/640 175/35/35 176/650/641
f 193/651/642 176/650/641 192/37/37
f 192/37/37 176/650/641 175/35/35
f 166/31/31 189/33/33 188/649/640
f 202/652/643 193/651/642 201/39/39
f 201/39/39 193/651/642 192/37/37
f 211/610/601 202/652/643 210/41/41
f 210/41/41 202/652/643 201/39/39
f 223/609/600 224/43/43 218/653/644
f 218/653/644 224/43/43 217/45/45
f 218/653/644 217/45/45 234/47/47
f 222/607/598 223/609/600 219/654/645
f 219/654/645 223/609/600 218/653/644
f 219/654/645 218/653/644 235/655/646
f 235/655/646 218/653/644 234/47/47
f 235/655/646 234/47/47 243/49/49
f 221/605/596 222/607/598 220/603/594
f 220/603/594 222/607/598 219/654/645
f 220/603/594 219/654/645 236/601/592
f 236/601/592 219/654/645 235/655/646
f 236/601/592 235/655/646 244/599/590
f 244/599/590 235/655/646 243/49/49
f 244/599/590 243/49/49 137/51/51
f 213/205/205 229/219/219 230/206/206
f 230/206/206 229/219/219 238/656/647
f 230/206/206 238/656/647 239/207/207
f 239/207/207 238/656/647 247/657/648
f 239/207/207 247/657/648 248/208/208
f 248/208/208 247/657/648 257/229/229
f 248/208/208 257/229/229 256/209/209
f 229/219/219 237/221/221 238/656/647
f 238/656/647 237/221/221 246/658/649
f 238/656/647 246/658/649 247/657/648
f 247/657/648 246/658/649 258/227/227
f 247/657/648 258/227/227 257/229/229
f 237/221/221 245/223/223 246/658/649
f 246/658/649 245/223/223 259/225/225
f 246/658/649 259/225/225 258/227/227
f 260/226/226 269/233/233 261/228/228
f 261/228/228 269/233/233 270/659/650
f 261/228/228 270/659/650 262/230/230
f 262/230/230 270/659/650 271/660/651
f 262/230/230 271/660/651 263/210/210
f 263/210/210 271/660/651 272/212/212
f 265/200/200 255/199/199 264/211/211
f 274/201/201 265/200/200 273/213/213
f 273/213/213 265/200/200 264/211/211
f 269/233/233 278/235/235 270/659/650
f 270/659/650 278/235/235 279/661/652
f 270/659/650 279/661/652 271/660/651
f 271/660/651 279/661/652 280/662/653
f 271/660/651 280/662/653 272/212/212
f 272/212/212 280/662/653 281/214/214
f 283/59/59 274/201/201 282/215/215
f 282/215/215 274/201/201 273/213/213
f 278/235/235 287/237/237 279/661/652
f 279/661/652 287/237/237 288/663/654
f 279/661/652 288/663/654 280/662/653
f 280/662/653 288/663/654 289/664/655
f 280/662/653 289/664/655 281/214/214
f 281/214/214 289/664/655 290/216/216
f 291/61/61 283/59/59 282/215/215
f 287/237/237 296/239/239 288/663/654
f 288/663/654 296/239/239 295/665/656
f 288/663/654 295/665/656 294/666/657
f 294/666/657 295/665/656 304/241/241
f 294/666/657 304/241/241 305/667/658
f 305/667/658 304/241/241 313/243/243
f 305/667/658 313/243/243 314/67/67
f 314/67/67 313/243/243 322/69/69
f 288/663/654 294/666/657 289/664/655
f 289/664/655 294/666/657 293/668/659
f 289/664/655 293/668/659 290/216/216
f 290/216/216 293/668/659 292/63/63
f 292/63/63 293/668/659 306/65/65
f 306/65/65 293/668/659 305/667/658
f 306/65/65 305/667/658 314/67/67
f 293/668/659 294/666/657 305/667/658
f 296/239/239 304/241/241 295/665/656
f 301/256/256 299/255/255 300/262/262
f 301/256/256 300/262/262 309/669/660
f 309/669/660 300/262/262 308/264/264
f 309/669/660 308/264/264 317/670/661
f 317/670/661 308/264/264 316/266/266
f 317/670/661 316/266/266 325/671/662
f 325/671/662 316/266/266 324/268/268
f 325/671/662 324/268/268 346/672/663
f 346/672/663 324/268/268 347/270/270
f 346/672/663 347/270/270 333/272/272
f 301/256/256 309/669/660 310/257/257
f 310/257/257 309/669/660 318/673/664
f 310/257/257 318/673/664 319/258/258
f 319/258/258 318/673/664 327/674/665
f 319/258/258 327/674/665 328/259/259
f 328/259/259 327/674/665 343/675/666
f 328/259/259 343/675/666 342/260/260
f 342/260/260 343/675/666 337/676/667
f 342/260/260 337/676/667 338/75/75
f 338/75/75 337/676/667 354/77/77
f 318/673/664 309/669/660 317/670/661
f 318/673/664 317/670/661 326/677/668
f 326/677/668 317/670/661 325/671/662
f 326/677/668 325/671/662 345/678/669
f 345/678/669 325/671/662 346/672/663
f 345/678/669 346/672/663 334/679/670
f 334/679/670 346/672/663 333/272/272
f 334/679/670 333/272/272 350/274/274
f 318/673/664 326/677/668 327/674/665
f 327/674/665 326/677/668 344/680/671
f 327/674/665 344/680/671 343/675/666
f 343/675/666 344/680/671 336/681/672
f 343/675/666 336/681/672 337/676/667
f 337/676/667 336/681/672 353/682/673
f 337/676/667 353/682/673 354/77/77
f 354/77/77 353/682/673 362/79/79
f 344/680/671 326/677/668 345/678/669
f 344/680/671 345/678/669 335/683/674
f 335/683/674 345/678/669 334/679/670
f 335/683/674 334/679/670 351/684/675
f 351/684/675 334/679/670 350/274/274
f 351/684/675 350/274/274 359/276/276
f 344/680/671 335/683/674 336/681/672
f 336/681/672 335/683/674 352/685/676
f 336/681/672 352/685/676 353/682/673
f 353/682/673 352/685/676 361/686/677
f 353/682/673 361/686/677 362/79/79
f 362/79/79 361/686/677 370/81/81
f 352/685/676 335/683/674 351/684/675
f 352/685/676 351/684/675 360/687/678
f 360/687/678 351/684/675 359/276/276
f 360/687/678 359/276/276 368/278/278
f 352/685/676 360/687/678 361/686/677
f 361/686/677 360/687/678 369/688/679
f 361/686/677 369/688/679 370/81/81
f 370/81/81 369/688/679 373/83/83
f 369/688/679 360/687/678 368/278/278
f 373/83/83 369/688/679 374/280/280
f 374/280/280 369/688/679 368/278/278
f 373/83/83 374/280/280 386/85/85
f 381/305/305 379/304/304 380/310/310
f 381/305/305 380/310/310 389/689/680
f 389/689/680 380/310/310 388/312/312
f 389/689/680 388/312/312 397/690/681
f 397/690/681 388/312/312 396/314/314
f 397/690/681 396/314/314 405/691/682
f 405/691/682 396/314/314 404/316/316
f 405/691/682 404/316/316 426/318/318
f 381/305/305 389/689/680 390/306/306
f 390/306/306 389/689/680 398/692/683
f 390/306/306 398/692/683 399/307/307
f 399/307/307 398/692/683 407/693/684
f 399/307/307 407/693/684 408/308/308
f 408/308/308 407/693/684 423/694/685
f 408/308/308 423/694/685 422/309/309
f 422/309/309 423/694/685 416/95/95
f 398/692/683 389/689/680 397/690/681
f 398/692/683 397/690/681 406/695/686
f 406/695/686 397/690/681 405/691/682
f 406/695/686 405/691/682 425/696/687
f 425/696/687 405/691/682 426/318/318
f 425/696/687 426/318/318 413/320/320
f 398/692/683 406/695/686 407/693/684
f 407/693/684 406/695/686 424/697/688
f 407/693/684 424/697/688 423/694/685
f 423/694/685 424/697/688 415/698/689
f 423/694/685 415/698/689 416/95/95
f 416/95/95 415/698/689 431/97/97
f 424/697/688 406/695/686 425/696/687
f 424/697/688 425/696/687 414/699/690
f 414/699/690 425/696/687 413/320/320
f 414/699/690 413/320/320 429/322/322
f 424/697/688 414/699/690 415/698/689
f 415/698/689 414/699/690 430/700/691
f 415/698/689 430/700/691 431/97/97
f 431/97/97 430/700/691 439/99/99
f 430/700/691 414/699/690 429/322/322
f 439/99/99 430/700/691 438/324/324
f 438/324/324 430/700/691 429/322/322
f 441/578/569 432/96/96 440/98/98
f 447/101/101 439/99/99 438/324/324
f 448/100/100 449/574/565 440/98/98
f 440/98/98 449/574/565 441/578/569
f 449/574/565 450/572/563 441/578/569
f 451/571/562 452/573/564 466/569/560
f 466/569/560 452/573/564 465/701/692
f 466/569/560 465/701/692 474/567/558
f 474/567/558 465/701/692 473/702/693
f 474/567/558 473/702/693 482/565/556
f 482/565/556 473/702/693 481/703/694
f 482/565/556 481/703/694 490/563/554
f 490/563/554 481/703/694 489/560/551
f 490/563/554 489/560/551 499/559/550
f 452/573/564 453/575/566 465/701/692
f 465/701/692 453/575/566 464/704/695
f 465/701/692 464/704/695 473/702/693
f 473/702/693 464/704/695 472/705/696
f 473/702/693 472/705/696 481/703/694
f 481/703/694 472/705/696 480/561/552
f 481/703/694 480/561/552 489/560/551
f 453/575/566 454/102/102 464/704/695
f 464/704/695 454/102/102 463/706/697
f 464/704/695 463/706/697 472/705/696
f 472/705/696 463/706/697 471/562/553
f 472/705/696 471/562/553 480/561/552
f 463/706/697 454/102/102 462/104/104
f 471/562/553 463/706/697 462/104/104
f 459/340/340 467/343/343 468/341/341
f 468/341/341 467/343/343 476/707/698
f 468/341/341 476/707/698 477/109/109
f 477/109/109 476/707/698 485/111/111
f 467/343/343 475/345/345 476/707/698
f 476/707/698 475/345/345 484/708/699
f 476/707/698 484/708/699 485/111/111
f 485/111/111 484/708/699 504/113/113
f 475/345/345 483/347/347 484/708/699
f 484/708/699 483/347/347 505/709/700
f 484/708/699 505/709/700 504/113/113
f 504/113/113 505/709/700 493/115/115
f 506/349/349 492/351/351 505/709/700
f 505/709/700 492/351/351 493/115/115
f 493/115/115 492/351/351 509/117/117
f 503/112/112 494/114/114 495/546/537
f 495/546/537 494/114/114 511/710/701
f 495/546/537 511/710/701 512/544/535
f 512/544/535 511/710/701 520/711/702
f 512/544/535 520/711/702 521/542/533
f 521/542/533 520/711/702 529/537/528
f 521/542/533 529/537/528 139/535/526
f 511/710/701 494/114/114 510/116/116
f 483/347/347 506/349/349 505/709/700
f 511/710/701 510/116/116 519/712/703
f 519/712/703 510/116/116 518/118/118
f 519/712/703 518/118/118 527/526/517
f 511/710/701 519/712/703 520/711/702
f 520/711/702 519/712/703 528/539/530
f 520/711/702 528/539/530 529/537/528
f 528/539/530 519/712/703 527/526/517
f 540/538/529 541/525/516 535/713/704
f 535/713/704 541/525/516 534/524/515
f 535/713/704 534/524/515 551/523/514
f 539/536/527 540/538/529 536/714/705
f 536/714/705 540/538/529 535/713/704
f 536/714/705 535/713/704 552/715/706
f 552/715/706 535/713/704 551/523/514
f 552/715/706 551/523/514 560/522/513
f 538/534/525 539/536/527 537/532/523
f 537/532/523 539/536/527 536/714/705
f 537/532/523 536/714/705 553/530/521
f 553/530/521 536/714/705 552/715/706
f 553/530/521 552/715/706 561/528/519
f 561/528/519 552/715/706 560/522/513
f 561/528/519 560/522/513 140/521/512
f 556/497/488 547/126/126 555/128/128
f 556/497/488 555/128/128 564/716/707
f 564/716/707 555/128/128 563/130/130
f 564/716/707 563/130/130 583/717/708
f 583/717/708 563/130/130 584/132/132
f 583/717/708 584/132/132 569/134/134
f 556/497/488 564/716/707 565/495/486
f 565/495/486 564/716/707 582/718/709
f 565/495/486 582/718/709 581/493/484
f 581/493/484 582/718/709 571/719/710
f 581/493/484 571/719/710 572/491/482
f 572/491/482 571/719/710 588/720/711
f 572/491/482 588/720/711 589/489/480
f 589/489/480 588/720/711 597/721/712
f 589/489/480 597/721/712 598/487/478
f 598/487/478 597/721/712 606/722/713
f 598/487/478 606/722/713 607/485/476
f 607/485/476 606/722/713 618/723/714
f 607/485/476 618/723/714 617/483/474
f 617/483/474 618/723/714 616/481/472
f 582/718/709 564/716/707 583/717/708
f 582/718/709 583/717/708 570/724/715
f 570/724/715 583/717/708 569/134/134
f 570/724/715 569/134/134 586/725/716
f 586/725/716 569/134/134 585/136/136
f 586/725/716 585/136/136 594/726/717
f 594/726/717 585/136/136 593/138/138
f 594/726/717 593/138/138 602/474/465
f 582/718/709 570/724/715 571/719/710
f 571/719/710 570/724/715 587/727/718
f 571/719/710 587/727/718 588/720/711
f 588/720/711 587/727/718 596/728/719
f 588/720/711 596/728/719 597/721/712
f 597/721/712 596/728/719 605/729/720
f 597/721/712 605/729/720 606/722/713
f 606/722/713 605/729/720 619/730/721
f 606/722/713 619/730/721 618/723/714
f 618/723/714 619/730/721 615/731/722
f 618/723/714 615/731/722 616/481/472
f 616/481/472 615/731/722 632/479/470
f 587/727/718 570/724/715 586/725/716
f 587/727/718 586/725/716 595/732/723
f 595/732/723 586/725/716 594/726/717
f 595/732/723 594/726/717 603/733/724
f 603/733/724 594/726/717 602/474/465
f 603/733/724 602/474/465 622/473/464
f 587/727/718 595/732/723 596/728/719
f 596/728/719 595/732/723 604/734/725
f 596/728/719 604/734/725 605/729/720
f 605/729/720 604/734/725 620/735/726
f 605/729/720 620/735/726 619/730/721
f 619/730/721 620/735/726 614/736/727
f 619/730/721 614/736/727 615/731/722
f 615/731/722 614/736/727 631/737/728
f 615/731/722 631/737/728 632/479/470
f 632/479/470 631/737/728 640/477/468
f 604/734/725 595/732/723 603/733/724
f 604/734/725 603/733/724 621/738/729
f 621/738/729 603/733/724 622/473/464
f 621/738/729 622/473/464 612/472/463
f 612/472/463 613/739/730 621/738/729
f 621/738/729 613/739/730 620/735/726
f 621/738/729 620/735/726 604/734/725
f 620/735/726 613/739/730 614/736/727
f 614/736/727 613/739/730 630/740/731
f 614/736/727 630/740/731 631/737/728
f 631/737/728 630/740/731 639/741/732
f 631/737/728 639/741/732 640/477/468
f 640/477/468 639/741/732 648/475/466
f 630/740/731 613/739/730 629/471/462
f 629/471/462 613/739/730 612/472/463
f 639/741/732 630/740/731 638/470/461
f 638/470/461 630/740/731 629/471/462
f 648/475/466 639/741/732 647/469/460
f 647/469/460 639/741/732 638/470/461
f 657/468/459 648/475/466 647/469/460
f 664/390/390 649/395/395 650/391/391
f 650/391/391 649/395/395 666/742/733
f 650/391/391 666/742/733 667/392/392
f 667/392/392 666/742/733 675/743/734
f 667/392/392 675/743/734 676/393/393
f 676/393/393 675/743/734 684/744/735
f 676/393/393 684/744/735 685/394/394
f 685/394/394 684/744/735 692/168/168
f 685/394/394 692/168/168 691/166/166
f 649/395/395 665/397/397 666/742/733
f 666/742/733 665/397/397 674/745/736
f 666/742/733 674/745/736 675/743/734
f 675/743/734 674/745/736 683/746/737
f 675/743/734 683/746/737 684/744/735
f 684/744/735 683/746/737 693/170/170
f 684/744/735 693/170/170 692/168/168
f 665/397/397 673/399/399 674/745/736
f 674/745/736 673/399/399 682/747/738
f 674/745/736 682/747/738 683/746/737
f 683/746/737 682/747/738 694/172/172
f 683/746/737 694/172/172 693/170/170
f 673/399/399 681/401/401 682/747/738
f 682/747/738 681/401/401 695/174/174
f 682/747/738 695/174/174 694/172/172
f 696/176/176 695/174/174 681/401/401
f 698/175/175 697/177/177 706/748/739
f 706/748/739 697/177/177 705/402/402
f 706/748/739 705/402/402 714/749/740
f 714/749/740 705/402/402 713/404/404
f 714/749/740 713/404/404 722/750/741
f 722/750/741 713/404/404 721/406/406
f 722/750/741 721/406/406 735/408/408
f 699/173/173 698/175/175 707/751/742
f 707/751/742 698/175/175 706/748/739
f 707/751/742 706/748/739 715/752/743
f 715/752/743 706/748/739 714/749/740
f 715/752/743 714/749/740 723/753/744
f 723/753/744 714/749/740 722/750/741
f 723/753/744 722/750/741 734/754/745
f 734/754/745 722/750/741 735/408/408
f 734/754/745 735/408/408 737/410/410
f 700/171/171 699/173/173 708/755/746
f 708/755/746 699/173/173 707/751/742
f 708/755/746 707/751/742 716/756/747
f 716/756/747 707/751/742 715/752/743
f 716/756/747 715/752/743 724/757/748
f 724/757/748 715/752/743 723/753/744
f 724/757/748 723/753/744 733/758/749
f 733/758/749 723/753/744 734/754/745
f 733/758/749 734/754/745 738/759/750
f 738/759/750 734/754/745 737/410/410
f 738/759/750 737/410/410 746/412/412
f 701/169/169 700/171/171 709/760/751
f 709/760/751 700/171/171 708/755/746
f 709/760/751 708/755/746 717/761/752
f 717/761/752 708/755/746 716/756/747
f 717/761/752 716/756/747 725/762/753
f 725/762/753 716/756/747 724/757/748
f 725/762/753 724/757/748 732/763/754
f 732/763/754 724/757/748 733/758/749
f 732/763/754 733/758/749 739/764/755
f 739/764/755 733/758/749 738/759/750
f 739/764/755 738/759/750 747/765/756
f 747/765/756 738/759/750 746/412/412
f 747/765/756 746/412/412 755/414/414
f 702/167/167 701/169/169 710/766/757
f 710/766/757 701/169/169 709/760/751
f 710/766/757 709/760/751 718/767/758
f 718/767/758 709/760/751 717/761/752
f 718/767/758 717/761/752 726/768/759
f 726/768/759 717/761/752 725/762/753
f 726/768/759 725/762/753 731/769/760
f 731/769/760 725/762/753 732/763/754
f 731/769/760 732/763/754 740/770/761
f 740/770/761 732/763/754 739/764/755
f 740/770/761 739/764/755 748/771/762
f 748/771/762 739/764/755 747/765/756
f 748/771/762 747/765/756 756/772/763
f 756/772/763 747/765/756 755/414/414
f 756/772/763 755/414/414 764/416/416
f 712/457/448 704/163/163 703/165/165
f 703/165/165 702/167/167 711/773/764
f 711/773/764 702/167/167 710/766/757
f 711/773/764 710/766/757 719/774/765
f 719/774/765 710/766/757 718/767/758
f 719/774/765 718/767/758 727/775/766
f 727/775/766 718/767/758 726/768/759
f 727/775/766 726/768/759 730/776/767
f 730/776/767 726/768/759 731/769/760
f 730/776/767 731/769/760 740/770/761
f 720/451/442 712/457/448 711/773/764
f 711/773/764 712/457/448 703/165/165
f 720/451/442 711/773/764 719/774/765
f 728/452/443 720/451/442 719/774/765
f 728/452/443 719/774/765 727/775/766
f 729/453/444 728/452/443 727/775/766
f 729/453/444 727/775/766 730/776/767
f 729/453/444 730/776/767 741/454/445
f 741/454/445 730/776/767 740/770/761
f 741/454/445 740/770/761 749/455/446
f 749/455/446 740/770/761 748/771/762
f 749/455/446 748/771/762 757/456/447
f 757/456/447 748/771/762 756/772/763
f 757/456/447 756/772/763 765/432/426
f 765/432/426 756/772/763 764/416/416
f 769/777/768 834/778/769 768/779/770
f 768/779/770 834/778/769 833/780/771
f 768/779/770 833/780/771 831/781/772
f 831/781/772 833/780/771 868/782/773
f 831/781/772 868/782/773 830/783/774
f 830/783/774 868/782/773 829/784/775
f 829/784/775 868/782/773 867/785/776
f 829/784/775 867/785/776 828/786/777
f 828/786/777 867/785/776 827/787/778
f 827/787/778 867/785/776 866/788/779
f 827/787/778 866/788/779 826/789/780
f 826/789/780 866/788/779 865/790/781
f 826/789/780 865/790/781 825/791/782
f 825/791/782 865/790/781 824/792/783
f 824/792/783 865/790/781 864/793/784
f 824/792/783 864/793/784 823/794/785
f 823/794/785 864/793/784 822/795/786
f 822/795/786 864/793/784 863/796/787
f 822/795/786 863/796/787 821/797/788
f 821/797/788 863/796/787 820/798/789
f 820/798/789 863/796/787 862/799/790
f 820/798/789 862/799/790 819/800/791
f 819/800/791 862/799/790 861/801/792
f 819/800/791 861/801/792 818/802/793
f 818/802/793 861/801/792 817/803/794
f 817/803/794 861/801/792 832/804/795
f 817/803/794 832/804/795 816/805/796
f 816/805/796 832/804/795 815/806/797
f 815/807/797 832/808/795 860/809/798
f 815/807/797 860/809/798 814/810/799
f 814/810/799 860/809/798 813/811/800
f 813/811/800 860/809/798 859/812/801
f 813/811/800 859/812/801 812/813/802
f 812/813/802 859/812/801 858/814/803
f 812/813/802 858/814/803 811/815/804
f 811/815/804 858/814/803 810/816/805
f 810/816/805 858/814/803 857/817/806
f 810/816/805 857/817/806 809/818/807
f 809/818/807 857/817/806 808/819/808
f 808/819/808 857/817/806 856/820/809
f 808/819/808 856/820/809 807/821/810
f 807/821/810 856/820/809 806/822/811
f 806/822/811 856/820/809 855/823/812
f 806/822/811 855/823/812 805/824/813
f 805/824/813 855/823/812 854/825/814
f 805/824/813 854/825/814 804/826/815
f 804/826/815 854/825/814 803/827/816
f 803/827/816 854/825/814 853/828/817
f 803/827/816 853/828/817 802/829/818
f 802/829/818 853/828/817 801/830/819
f 801/830/819 853/828/817 852/831/820
f 801/830/819 852/831/820 800/832/821
f 800/832/821 852/831/820 851/833/822
f 800/832/821 851/833/822 799/834/823
f 799/834/823 851/833/822 798/835/824
f 798/835/824 851/833/822 850/836/825
f 798/835/824 850/836/825 797/837/826
f 797/837/826 850/836/825 796/838/827
f 796/838/827 850/836/825 849/839/828
f 796/838/827 849/839/828 795/840/829
f 795/840/829 849/839/828 794/841/830
f 794/841/830 849/839/828 848/842/831
f 794/841/830 848/842/831 793/843/832
f 793/843/832 848/842/831 847/844/833
f 793/843/832 847/844/833 792/845/834
f 792/845/834 847/844/833 791/846/835
f 791/846/835 847/844/833 846/847/836
f 791/846/835 846/847/836 790/848/837
f 790/848/837 846/847/836 789/849/838
f 789/849/838 846/847/836 845/850/839
f 789/849/838 845/850/839 788/851/840
f 788/851/840 845/850/839 787/852/841
f 787/852/841 845/850/839 844/853/842
f 787/852/841 844/853/842 786/854/843
f 786/854/843 844/853/842 843/855/844
f 786/854/843 843/855/844 785/856/845
f 785/856/845 843/855/844 784/857/846
f 784/857/846 843/855/844 842/858/847
f 784/857/846 842/858/847 783/859/848
f 783/859/848 842/858/847 782/860/849
f 782/860/849 842/858/847 841/861/850
f 782/860/849 841/861/850 781/862/851
f 781/862/851 841/861/850 840/863/852
f 781/862/851 840/863/852 780/864/853
f 780/864/853 840/863/852 779/865/854
f 779/865/854 840/863/852 839/866/855
f 779/865/854 839/866/855 778/867/856
f 778/867/856 839/866/855 777/868/857
f 777/868/857 839/866/855 838/869/858
f 777/868/857 838/869/858 776/870/859
f 776/870/859 838/869/858 775/871/860
f 775/871/860 838/869/858 837/872/861
f 775/871/860 837/872/861 774/873/862
f 774/873/862 837/872/861 836/874/863
f 774/873/862 836/874/863 773/875/864
f 773/875/864 836/874/863 772/876/865
f 772/876/865 836/874/863 835/877/866
f 772/876/865 835/877/866 771/878/867
f 771/878/867 835/877/866 770/879/868
f 770/879/868 835/877/866 834/778/769
f 770/879/868 834/778/769 769/777/768
f 72/880/869 833/780/771 9/881/28
f 9/881/28 833/780/771 834/778/769
f 9/881/28 834/778/769 10/882/870
f 10/882/870 834/778/769 11/883/871
f 11/883/871 834/778/769 835/877/866
f 11/883/871 835/877/866 12/884/872
f 12/884/872 835/877/866 13/885/873
f 13/885/873 835/877/866 836/874/863
f 13/885/873 836/874/863 14/886/874
f 14/886/874 836/874/863 15/887/875
f 15/887/875 836/874/863 837/872/861
f 15/887/875 837/872/861 16/888/876
f 16/888/876 837/872/861 838/869/858
f 16/888/876 838/869/858 17/889/877
f 17/889/877 838/869/858 18/890/878
f 18/890/878 838/869/858 839/866/855
f 18/890/878 839/866/855 19/891/879
f 19/891/879 839/866/855 20/892/880
f 20/892/880 839/866/855 840/863/852
f 20/892/880 840/863/852 21/893/881
f 21/893/881 840/863/852 22/894/882
f 22/894/882 840/863/852 841/861/850
f 22/894/882 841/861/850 23/895/883
f 23/895/883 841/861/850 842/858/847
f 23/895/883 842/858/847 24/896/884
f 24/896/884 842/858/847 25/897/885
f 25/897/885 842/858/847 843/855/844
f 25/897/885 843/855/844 26/898/886
f 26/898/886 843/855/844 27/899/887
f 27/899/887 843/855/844 844/853/842
f 27/899/887 844/853/842 28/900/888
f 28/900/888 844/853/842 845/850/839
f 28/900/888 845/850/839 29/901/889
f 29/901/889 845/850/839 30/902/890
f 30/902/890 845/850/839 846/847/836
f 30/902/890 846/847/836 31/903/891
f 31/903/891 846/847/836 32/904/892
f 32/904/892 846/847/836 847/844/833
f 32/904/892 847/844/833 33/905/893
f 33/905/893 847/844/833 34/906/894
f 34/906/894 847/844/833 848/842/831
f 34/906/894 848/842/831 35/907/895
f 35/907/895 848/842/831 849/839/828
f 35/907/895 849/839/828 36/908/896
f 36/908/896 849/839/828 37/909/897
f 37/909/897 849/839/828 850/836/825
f 37/909/897 850/836/825 38/910/898
f 38/910/898 850/836/825 39/911/899
f 39/911/899 850/836/825 851/833/822
f 39/911/899 851/833/822 40/912/900
f 40/912/900 851/833/822 41/913/901
f 41/913/901 851/833/822 852/831/820
f 41/913/901 852/831/820 42/914/902
f 42/914/902 852/831/820 853/828/817
f 42/914/902 853/828/817 43/915/903
f 43/915/903 853/828/817 44/916/904
f 44/916/904 853/828/817 854/825/814
f 44/916/904 854/825/814 45/917/905
f 45/917/905 854/825/814 46/918/906
f 46/918/906 854/825/814 855/823/812
f 46/918/906 855/823/812 47/919/907
f 47/919/907 855/823/812 856/820/809
f 47/919/907 856/820/809 48/920/908
f 48/920/908 856/820/809 49/921/909
f 49/921/909 856/820/809 857/817/806
f 49/921/909 857/817/806 50/922/910
f 50/922/910 857/817/806 51/923/911
f 51/923/911 857/817/806 858/814/803
f 51/923/911 858/814/803 52/924/912
f 52/924/912 858/814/803 53/925/913
f 53/925/913 858/814/803 859/812/801
f 53/925/913 859/812/801 54/926/914
f 54/926/914 859/812/801 860/809/798
f 54/926/914 860/809/798 55/927/915
f 55/927/915 860/809/798 56/928/916
f 56/928/916 860/809/798 832/808/795
f 56/928/916 832/808/795 57/929/917
f 57/930/917 832/804/795 58/931/918
f 58/931/918 832/804/795 861/801/792
f 58/931/918 861/801/792 59/932/919
f 59/932/919 861/801/792 60/933/920
f 60/933/920 861/801/792 862/799/790
f 60/933/920 862/799/790 61/934/921
f 61/934/921 862/799/790 863/796/787
f 61/934/921 863/796/787 62/935/922
f 62/935/922 863/796/787 63/936/923
f 63/936/923 863/796/787 864/793/784
f 63/936/923 864/793/784 64/937/924
f 64/937/924 864/793/784 65/938/925
f 65/938/925 864/793/784 865/790/781
f 65/938/925 865/790/781 66/939/926
f 66/939/926 865/790/781 67/940/927
f 67/940/927 865/790/781 866/788/779
f 67/940/927 866/788/779 68/941/928
f 68/941/928 866/788/779 867/785/776
f 68/941/928 867/785/776 69/942/929
f 69/942/929 867/785/776 70/943/930
f 70/943/930 867/785/776 868/782/773
f 70/943/930 868/782/773 71/944/931
f 71/944/931 868/782/773 72/880/869
f 72/880/869 868/782/773 833/780/771
f 870/945/932 1077/946/933 869/947/934
f 869/947/934 1077/946/933 1079/948/935
f 869/947/934 1079/948/935 932/949/936
f 932/949/936 1079/948/935 931/950/937
f 931/950/937 1079/948/935 930/951/938
f 930/951/938 1079/948/935 929/952/939
f 929/952/939 1079/948/935 1097/953/940
f 929/952/939 1097/953/940 928/954/941
f 928/954/941 1097/953/940 927/955/942
f 927/955/942 1097/953/940 926/956/943
f 926/956/943 1097/953/940 925/957/944
f 925/957/944 1097/953/940 1096/958/945
f 925/957/944 1096/958/945 924/959/946
f 924/959/946 1096/958/945 923/960/947
f 923/960/947 1096/958/945 1095/961/948
f 923/960/947 1095/961/948 922/962/949
f 922/962/949 1095/961/948 921/963/950
f 921/963/950 1095/961/948 920/964/951
f 920/964/951 1095/961/948 1094/965/952
f 920/964/951 1094/965/952 919/966/953
f 919/966/953 1094/965/952 918/967/954
f 918/967/954 1094/965/952 1075/968/955
f 918/967/954 1075/968/955 917/969/956
f 917/969/956 1075/968/955 916/970/957
f 916/971/957 1075/972/955 1093/973/958
f 916/971/957 1093/973/958 915/974/959
f 915/974/959 1093/973/958 914/975/960
f 914/975/960 1093/973/958 1092/976/961
f 914/975/960 1092/976/961 913/977/962
f 913/977/962 1092/976/961 912/978/963
f 912/978/963 1092/976/961 911/979/964
f 911/979/964 1092/976/961 1091/980/965
f 911/979/964 1091/980/965 910/981/966
f 910/981/966 1091/980/965 909/982/967
f 909/982/967 1091/980/965 908/983/968
f 908/983/968 1091/980/965 1090/984/969
f 908/983/968 1090/984/969 907/985/970
f 907/985/970 1090/984/969 906/986/971
f 906/986/971 1090/984/969 905/987/972
f 905/987/972 1090/984/969 904/988/973
f 904/988/973 1090/984/969 1088/989/974
f 904/988/973 1088/989/974 903/990/975
f 903/990/975 1088/989/974 902/991/976
f 902/991/976 1088/989/974 901/992/977
f 901/992/977 1088/989/974 1089/993/978
f 901/992/977 1089/993/978 900/994/979
f 900/994/979 1089/993/978 899/995/980
f 899/995/980 1089/993/978 898/996/981
f 898/996/981 1089/993/978 1087/997/982
f 898/996/981 1087/997/982 897/998/983
f 897/998/983 1087/997/982 896/999/984
f 896/999/984 1087/997/982 895/1000/985
f 895/1000/985 1087/997/982 894/1001/986
f 894/1001/986 1087/997/982 893/1002/987
f 893/1002/987 1087/997/982 1086/1003/988
f 893/1002/987 1086/1003/988 892/1004/989
f 892/1004/989 1086/1003/988 891/1005/990
f 891/1005/990 1086/1003/988 1085/1006/991
f 891/1005/990 1085/1006/991 890/1007/992
f 890/1007/992 1085/1006/991 889/1008/993
f 889/1008/993 1085/1006/991 888/1009/994
f 888/1009/994 1085/1006/991 1084/1010/995
f 888/1009/994 1084/1010/995 887/1011/996
f 887/1011/996 1084/1010/995 886/1012/997
f 886/1012/997 1084/1010/995 1076/1013/998
f 886/1012/997 1076/1013/998 885/1014/999
f 885/1015/999 1076/1016/998 884/1017/1000
f 884/1017/1000 1076/1016/998 1083/1018/1001
f 884/1017/1000 1083/1018/1001 883/1019/1002
f 883/1019/1002 1083/1018/1001 882/1020/1003
f 882/1020/1003 1083/1018/1001 1082/1021/1004
f 882/1020/1003 1082/1021/1004 881/1022/1005
f 881/1022/1005 1082/1021/1004 880/1023/1006
f 880/1023/1006 1082/1021/1004 879/1024/1007
f 879/1024/1007 1082/1021/1004 1081/1025/1008
f 879/1024/1007 1081/1025/1008 878/1026/1009
f 878/1026/1009 1081/1025/1008 877/1027/1010
f 877/1027/1010 1081/1025/1008 1080/1028/1011
f 877/1027/1010 1080/1028/1011 876/1029/1012
f 876/1029/1012 1080/1028/1011 875/1030/1013
f 875/1030/1013 1080/1028/1011 874/1031/1014
f 874/1031/1014 1080/1028/1011 873/1032/1015
f 873/1032/1015 1080/1028/1011 1077/946/933
f 873/1032/1015 1077/946/933 872/1033/1016
f 872/1033/1016 1077/946/933 871/1034/1017
f 871/1034/1017 1077/946/933 870/945/932
f 934/1035/1018 1093/973/958 933/1036/1019
f 933/1036/1019 1093/973/958 1075/972/955
f 933/1037/1019 1075/968/955 1003/1038/1020
f 1003/1038/1020 1075/968/955 1094/965/952
f 1003/1038/1020 1094/965/952 1002/1039/1021
f 1002/1039/1021 1094/965/952 1095/961/948
f 1002/1039/1021 1095/961/948 1096/958/945
f 1093/973/958 934/1035/1018 1092/976/961
f 1092/976/961 934/1035/1018 935/1040/1022
f 1092/976/961 935/1040/1022 1091/980/965
f 1091/980/965 935/1040/1022 936/1041/1023
f 1091/980/965 936/1041/1023 1090/984/969
f 1090/984/969 936/1041/1023 937/1042/1024
f 1090/984/969 937/1042/1024 1088/989/974
f 1088/989/974 937/1042/1024 938/1043/1025
f 1088/989/974 938/1043/1025 1098/1044/1026
f 1098/1044/1026 938/1043/1025 939/1045/1027
f 1098/1044/1026 939/1045/1027 1100/1046/1028
f 1100/1046/1028 939/1045/1027 940/1047/1029
f 1100/1046/1028 940/1047/1029 1102/1048/1030
f 1102/1048/1030 940/1047/1029 941/1049/1031
f 1102/1048/1030 941/1049/1031 1104/1050/1032
f 1104/1050/1032 941/1049/1031 942/1051/1033
f 1104/1050/1032 942/1051/1033 1106/1052/1034
f 1106/1052/1034 942/1051/1033 943/1053/1035
f 1106/1052/1034 943/1053/1035 1108/1054/1036
f 1108/1054/1036 943/1053/1035 944/1055/1037
f 1108/1054/1036 944/1055/1037 1110/1056/1038
f 1110/1056/1038 944/1055/1037 945/1057/1039
f 1110/1056/1038 945/1057/1039 1112/1058/1040
f 1112/1058/1040 945/1057/1039 946/1059/1041
f 1112/1058/1040 946/1059/1041 1114/1060/1042
f 1114/1060/1042 946/1059/1041 947/1061/1043
f 1114/1060/1042 947/1061/1043 1116/1062/1044
f 1116/1062/1044 947/1061/1043 948/1063/1045
f 1116/1062/1044 948/1063/1045 1118/1064/1046
f 1118/1064/1046 948/1063/1045 949/1065/1047
f 1118/1064/1046 949/1065/1047 1120/1066/1048
f 1120/1066/1048 949/1065/1047 950/1067/1049
f 1120/1066/1048 950/1067/1049 1122/1068/1050
f 1122/1068/1050 950/1067/1049 951/1069/1051
f 1122/1068/1050 951/1069/1051 1124/1070/1052
f 1124/1070/1052 951/1069/1051 952/1071/1053
f 1124/1070/1052 952/1071/1053 1126/1072/1054
f 1126/1072/1054 952/1071/1053 953/1073/1055
f 1126/1072/1054 953/1073/1055 1128/1074/1056
f 1128/1074/1056 953/1073/1055 954/1075/1057
f 1128/1074/1056 954/1075/1057 1130/1076/1058
f 1130/1076/1058 954/1075/1057 955/1077/1059
f 1130/1076/1058 955/1077/1059 1132/1078/1060
f 1132/1078/1060 955/1077/1059 956/1079/1061
f 1132/1078/1060 956/1079/1061 1134/1080/1062
f 1134/1080/1062 956/1079/1061 957/1081/1063
f 1134/1080/1062 957/1081/1063 1136/1082/1064
f 1136/1082/1064 957/1081/1063 958/1083/1065
f 1136/1082/1064 958/1083/1065 1138/1084/1066
f 1138/1084/1066 958/1083/1065 959/1085/1067
f 1138/1084/1066 959/1085/1067 1140/1086/1068
f 1140/1086/1068 959/1085/1067 960/1087/1069
f 1140/1086/1068 960/1087/1069 1142/1088/1070
f 1142/1088/1070 960/1087/1069 961/1089/1071
f 1142/1088/1070 961/1089/1071 1144/1090/1072
f 1144/1090/1072 961/1089/1071 962/1091/1073
f 1144/1090/1072 962/1091/1073 1146/1092/1074
f 1146/1092/1074 962/1091/1073 963/1093/1075
f 1146/1092/1074 963/1093/1075 1149/1094/1076
f 1149/1094/1076 963/1093/1075 964/1095/1077
f 1149/1094/1076 964/1095/1077 1148/1096/1078
f 1148/1096/1078 964/1095/1077 1150/1097/1079
f 1148/1096/1078 1150/1097/1079 110/1098/1080
f 110/1098/1080 1150/1097/1079 111/1099/1081
f 111/1099/1081 1150/1097/1079 112/1100/1082
f 112/1100/1082 1150/1097/1079 113/1101/1083
f 113/1101/1083 1150/1097/1079 1151/1102/1084
f 113/1101/1083 1151/1102/1084 114/1103/1085
f 114/1103/1085 1151/1102/1084 115/1104/1086
f 115/1104/1086 1151/1102/1084 116/1105/1087
f 116/1105/1087 1151/1102/1084 1152/1106/1088
f 116/1105/1087 1152/1106/1088 117/1107/1089
f 117/1107/1089 1152/1106/1088 118/1108/1090
f 118/1108/1090 1152/1106/1088 1153/1109/1091
f 118/1108/1090 1153/1109/1091 119/1110/1092
f 119/1110/1092 1153/1109/1091 120/1111/1093
f 120/1111/1093 1153/1109/1091 1154/1112/1094
f 120/1111/1093 1154/1112/1094 121/1113/1095
f 121/1113/1095 1154/1112/1094 122/1114/1096
f 122/1114/1096 1154/1112/1094 1155/1115/1097
f 122/1114/1096 1155/1115/1097 123/1116/1098
f 123/1116/1098 1155/1115/1097 124/1117/1099
f 124/1117/1099 1155/1115/1097 1156/1118/1100
f 124/1117/1099 1156/1118/1100 125/1119/1101
f 125/1119/1101 1156/1118/1100 126/1120/1102
f 126/1120/1102 1156/1118/1100 127/1121/1103
f 127/1121/1103 1156/1118/1100 1157/1122/1104
f 127/1121/1103 1157/1122/1104 128/1123/1105
f 128/1123/1105 1157/1122/1104 129/1124/1106
f 129/1124/1106 1157/1122/1104 130/1125/1107
f 130/1125/1107 1157/1122/1104 1158/1126/1108
f 130/1125/1107 1158/1126/1108 131/1127/1109
f 131/1127/1109 1158/1126/1108 132/1128/1110
f 132/1128/1110 1158/1126/1108 133/1129/1111
f 133/1129/1111 1158/1126/1108 134/1130/1112
f 134/1130/1112 1158/1126/1108 135/1131/1113
f 135/1131/1113 1158/1126/1108 1/1132/1
f 1/1132/1 1158/1126/1108 1159/1133/1114
f 1/1132/1 1159/1133/1114 1160/1134/1115
f 1160/1134/1115 1159/1133/1114 1163/1135/1116
f 1160/1134/1115 1163/1135/1116 1033/1136/1117
f 1033/1136/1117 1163/1135/1116 1032/1137/1118
f 1032/1137/1118 1163/1135/1116 1165/1138/1119
f 1032/1137/1118 1165/1138/1119 1031/1139/1120
f 1031/1139/1120 1165/1138/1119 1167/1140/1121
f 1031/1139/1120 1167/1140/1121 1030/1141/1122
f 1030/1141/1122 1167/1140/1121 1169/1142/1123
f 1030/1141/1122 1169/1142/1123 1029/1143/1124
f 1029/1143/1124 1169/1142/1123 1171/1144/1125
f 1029/1143/1124 1171/1144/1125 1028/1145/1126
f 1028/1145/1126 1171/1144/1125 1173/1146/1127
f 1028/1145/1126 1173/1146/1127 1027/1147/1128
f 1027/1147/1128 1173/1146/1127 1175/1148/1129
f 1027/1147/1128 1175/1148/1129 1026/1149/1130
f 1026/1149/1130 1175/1148/1129 1177/1150/1131
f 1026/1149/1130 1177/1150/1131 1025/1151/1132
f 1025/1151/1132 1177/1150/1131 1179/1152/1133
f 1025/1151/1132 1179/1152/1133 1024/1153/1134
f 1024/1153/1134 1179/1152/1133 1181/1154/1135
f 1024/1153/1134 1181/1154/1135 1023/1155/1136
f 1023/1155/1136 1181/1154/1135 1183/1156/1137
f 1023/1155/1136 1183/1156/1137 1022/1157/1138
f 1022/1157/1138 1183/1156/1137 1185/1158/1139
f 1022/1157/1138 1185/1158/1139 1021/1159/1140
f 1021/1159/1140 1185/1158/1139 1187/1160/1141
f 1021/1159/1140 1187/1160/1141 1020/1161/1142
f 1020/1161/1142 1187/1160/1141 1189/1162/1143
f 1020/1161/1142 1189/1162/1143 1019/1163/1144
f 1019/1163/1144 1189/1162/1143 1191/1164/1145
f 1019/1163/1144 1191/1164/1145 1018/1165/1146
f 1018/1165/1146 1191/1164/1145 1193/1166/1147
f 1018/1165/1146 1193/1166/1147 1017/1167/1148
f 1017/1167/1148 1193/1166/1147 1195/1168/1149
f 1017/1167/1148 1195/1168/1149 1016/1169/1150
f 1016/1169/1150 1195/1168/1149 1197/1170/1151
f 1016/1169/1150 1197/1170/1151 1015/1171/1152
f 1015/1171/1152 1197/1170/1151 1199/1172/1153
f 1015/1171/1152 1199/1172/1153 1014/1173/1154
f 1014/1173/1154 1199/1172/1153 1201/1174/1155
f 1014/1173/1154 1201/1174/1155 1013/1175/1156
f 1013/1175/1156 1201/1174/1155 1203/1176/1157
f 1013/1175/1156 1203/1176/1157 1012/1177/1158
f 1012/1177/1158 1203/1176/1157 1205/1178/1159
f 1012/1177/1158 1205/1178/1159 1011/1179/1160
f 1011/1179/1160 1205/1178/1159 1207/1180/1161
f 1011/1179/1160 1207/1180/1161 1010/1181/1162
f 1010/1181/1162 1207/1180/1161 1209/1182/1163
f 1010/1181/1162 1209/1182/1163 1009/1183/1164
f 1009/1183/1164 1209/1182/1163 1077/946/933
f 1009/1183/1164 1077/946/933 1008/1184/1165
f 1008/1184/1165 1077/946/933 1080/1028/1011
f 1008/1184/1165 1080/1028/1011 1007/1185/1166
f 1007/1185/1166 1080/1028/1011 1081/1025/1008
f 1007/1185/1166 1081/1025/1008 1006/1186/1167
f 1006/1186/1167 1081/1025/1008 1082/1021/1004
f 1006/1186/1167 1082/1021/1004 1005/1187/1168
f 1005/1187/1168 1082/1021/1004 1083/1018/1001
f 1005/1187/1168 1083/1018/1001 1004/1188/1169
f 1004/1188/1169 1083/1018/1001 1076/1016/998
f 1004/1189/1169 1076/1013/998 1074/1190/1170
f 1074/1190/1170 1076/1013/998 1084/1010/995
f 1074/1190/1170 1084/1010/995 1073/1191/1171
f 1073/1191/1171 1084/1010/995 1085/1006/991
f 1073/1191/1171 1085/1006/991 1086/1003/988
f 964/1095/1077 965/1192/1172 1150/1097/1079
f 1150/1097/1079 965/1192/1172 1151/1102/1084
f 965/1192/1172 966/1193/1173 1151/1102/1084
f 1151/1102/1084 966/1193/1173 1152/1106/1088
f 966/1193/1173 967/1194/1174 1152/1106/1088
f 1152/1106/1088 967/1194/1174 1153/1109/1091
f 967/1194/1174 968/1195/1175 1153/1109/1091
f 1153/1109/1091 968/1195/1175 1154/1112/1094
f 968/1195/1175 969/1196/1176 1154/1112/1094
f 1154/1112/1094 969/1196/1176 1155/1115/1097
f 969/1196/1176 970/1197/1177 1155/1115/1097
f 1155/1115/1097 970/1197/1177 1156/1118/1100
f 970/1197/1177 971/1198/1178 1156/1118/1100
f 1156/1118/1100 971/1198/1178 1157/1122/1104
f 971/1198/1178 972/1199/1179 1157/1122/1104
f 1157/1122/1104 972/1199/1179 1158/1126/1108
f 972/1199/1179 973/1200/1180 1158/1126/1108
f 1158/1126/1108 973/1200/1180 1159/1133/1114
f 973/1200/1180 974/1201/1181 1159/1133/1114
f 1159/1133/1114 974/1201/1181 1162/1202/1182
f 1159/1133/1114 1162/1202/1182 1163/1135/1116
f 1163/1135/1116 1162/1202/1182 1165/1138/1119
f 974/1201/1181 975/1203/1183 1162/1202/1182
f 1162/1202/1182 975/1203/1183 1164/1204/1184
f 1162/1202/1182 1164/1204/1184 1165/1138/1119
f 1165/1138/1119 1164/1204/1184 1167/1140/1121
f 975/1203/1183 976/1205/1185 1164/1204/1184
f 1164/1204/1184 976/1205/1185 1166/1206/1186
f 1164/1204/1184 1166/1206/1186 1167/1140/1121
f 1167/1140/1121 1166/1206/1186 1169/1142/1123
f 976/1205/1185 977/1207/1187 1166/1206/1186
f 1166/1206/1186 977/1207/1187 1168/1208/1188
f 1166/1206/1186 1168/1208/1188 1169/1142/1123
f 1169/1142/1123 1168/1208/1188 1171/1144/1125
f 977/1207/1187 978/1209/1189 1168/1208/1188
f 1168/1208/1188 978/1209/1189 1170/1210/1190
f 1168/1208/1188 1170/1210/1190 1171/1144/1125
f 1171/1144/1125 1170/1210/1190 1173/1146/1127
f 978/1209/1189 979/1211/1191 1170/1210/1190
f 1170/1210/1190 979/1211/1191 1172/1212/1192
f 1170/1210/1190 1172/1212/1192 1173/1146/1127
f 1173/1146/1127 1172/1212/1192 1175/1148/1129
f 979/1211/1191 980/1213/1193 1172/1212/1192
f 1172/1212/1192 980/1213/1193 1174/1214/1194
f 1172/1212/1192 1174/1214/1194 1175/1148/1129
f 1175/1148/1129 1174/1214/1194 1177/1150/1131
f 980/1213/1193 981/1215/1195 1174/1214/1194
f 1174/1214/1194 981/1215/1195 1176/1216/1196
f 1174/1214/1194 1176/1216/1196 1177/1150/1131
f 1177/1150/1131 1176/1216/1196 1179/1152/1133
f 981/1215/1195 982/1217/1197 1176/1216/1196
f 1176/1216/1196 982/1217/1197 1178/1218/1198
f 1176/1216/1196 1178/1218/1198 1179/1152/1133
f 1179/1152/1133 1178/1218/1198 1181/1154/1135
f 982/1217/1197 983/1219/1199 1178/1218/1198
f 1178/1218/1198 983/1219/1199 1180/1220/1200
f 1178/1218/1198 1180/1220/1200 1181/1154/1135
f 1181/1154/1135 1180/1220/1200 1183/1156/1137
f 983/1219/1199 984/1221/1201 1180/1220/1200
f 1180/1220/1200 984/1221/1201 1182/1222/1202
f 1180/1220/1200 1182/1222/1202 1183/1156/1137
f 1183/1156/1137 1182/1222/1202 1185/1158/1139
f 984/1221/1201 985/1223/1203 1182/1222/1202
f 1182/1222/1202 985/1223/1203 1184/1224/1204
f 1182/1222/1202 1184/1224/1204 1185/1158/1139
f 1185/1158/1139 1184/1224/1204 1187/1160/1141
f 985/1223/1203 986/1225/1205 1184/1224/1204
f 1184/1224/1204 986/1225/1205 1186/1226/1206
f 1184/1224/1204 1186/1226/1206 1187/1160/1141
f 1187/1160/1141 1186/1226/1206 1189/1162/1143
f 986/1225/1205 987/1227/1207 1186/1226/1206
f 1186/1226/1206 987/1227/1207 1188/1228/1208
f 1186/1226/1206 1188/1228/1208 1189/1162/1143
f 1189/1162/1143 1188/1228/1208 1191/1164/1145
f 987/1227/1207 988/1229/1209 1188/1228/1208
f 1188/1228/1208 988/1229/1209 1190/1230/1210
f 1188/1228/1208 1190/1230/1210 1191/1164/1145
f 1191/1164/1145 1190/1230/1210 1193/1166/1147
f 988/1229/1209 989/1231/1211 1190/1230/1210
f 1190/1230/1210 989/1231/1211 1192/1232/1212
f 1190/1230/1210 1192/1232/1212 1193/1166/1147
f 1193/1166/1147 1192/1232/1212 1195/1168/1149
f 989/1231/1211 990/1233/1213 1192/1232/1212
f 1192/1232/1212 990/1233/1213 1194/1234/1214
f 1192/1232/1212 1194/1234/1214 1195/1168/1149
f 1195/1168/1149 1194/1234/1214 1197/1170/1151
f 990/1233/1213 991/1235/1215 1194/1234/1214
f 1194/1234/1214 991/1235/1215 1196/1236/1216
f 1194/1234/1214 1196/1236/1216 1197/1170/1151
f 1197/1170/1151 1196/1236/1216 1199/1172/1153
f 991/1235/1215 992/1237/1217 1196/1236/1216
f 1196/1236/1216 992/1237/1217 1198/1238/1218
f 1196/1236/1216 1198/1238/1218 1199/1172/1153
f 1199/1172/1153 1198/1238/1218 1201/1174/1155
f 992/1237/1217 993/1239/1219 1198/1238/1218
f 1198/1238/1218 993/1239/1219 1200/1240/1220
f 1198/1238/1218 1200/1240/1220 1201/1174/1155
f 1201/1174/1155 1200/1240/1220 1203/1176/1157
f 993/1239/1219 994/1241/1221 1200/1240/1220
f 1200/1240/1220 994/1241/1221 1202/1242/1222
f 1200/1240/1220 1202/1242/1222 1203/1176/1157
f 1203/1176/1157 1202/1242/1222 1205/1178/1159
f 994/1241/1221 995/1243/1223 1202/1242/1222
f 1202/1242/1222 995/1243/1223 1204/1244/1224
f 1202/1242/1222 1204/1244/1224 1205/1178/1159
f 1205/1178/1159 1204/1244/1224 1207/1180/1161
f 995/1243/1223 996/1245/1225 1204/1244/1224
f 1204/1244/1224 996/1245/1225 1206/1246/1226
f 1204/1244/1224 1206/1246/1226 1207/1180/1161
f 1207/1180/1161 1206/1246/1226 1209/1182/1163
f 996/1245/1225 997/1247/1227 1206/1246/1226
f 1206/1246/1226 997/1247/1227 1208/1248/1228
f 1206/1246/1226 1208/1248/1228 1209/1182/1163
f 1209/1182/1163 1208/1248/1228 1077/946/933
f 997/1247/1227 998/1249/1229 1208/1248/1228
f 1208/1248/1228 998/1249/1229 1078/1250/1230
f 1208/1248/1228 1078/1250/1230 1077/946/933
f 1077/946/933 1078/1250/1230 1079/948/935
f 998/1249/1229 999/1251/1231 1078/1250/1230
f 1078/1250/1230 999/1251/1231 1079/948/935
f 999/1251/1231 1000/1252/1232 1079/948/935
f 1079/948/935 1000/1252/1232 1097/953/940
f 1000/1252/1232 1001/1253/1233 1097/953/940
f 1097/953/940 1001/1253/1233 1096/958/945
f 1001/1253/1233 1002/1039/1021 1096/958/945
f 1033/1136/1117 1034/1254/1234 1160/1134/1115
f 1160/1134/1115 1034/1254/1234 1161/1255/1235
f 1160/1134/1115 1161/1255/1235 1/1132/1
f 1/1132/1 1161/1255/1235 73/1256/1236
f 73/1256/1236 1161/1255/1235 74/1257/1237
f 74/1257/1237 1161/1255/1235 75/1258/1238
f 75/1258/1238 1161/1255/1235 76/1259/1239
f 76/1259/1239 1161/1255/1235 77/1260/1240
f 77/1260/1240 1161/1255/1235 78/1261/1241
f 78/1261/1241 1161/1255/1235 1210/1262/1242
f 78/1261/1241 1210/1262/1242 79/1263/1243
f 79/1263/1243 1210/1262/1242 80/1264/1244
f 80/1264/1244 1210/1262/1242 81/1265/1245
f 81/1265/1245 1210/1262/1242 1211/1266/1246
f 81/1265/1245 1211/1266/1246 82/1267/1247
f 82/1267/1247 1211/1266/1246 83/1268/1248
f 83/1268/1248 1211/1266/1246 84/1269/1249
f 84/1269/1249 1211/1266/1246 1212/1270/1250
f 84/1269/1249 1212/1270/1250 85/1271/1251
f 85/1271/1251 1212/1270/1250 86/1272/1252
f 86/1272/1252 1212/1270/1250 1213/1273/1253
f 86/1272/1252 1213/1273/1253 87/1274/1254
f 87/1274/1254 1213/1273/1253 88/1275/1255
f 88/1275/1255 1213/1273/1253 1214/1276/1256
f 88/1275/1255 1214/1276/1256 89/1277/1257
f 89/1277/1257 1214/1276/1256 90/1278/1258
f 90/1278/1258 1214/1276/1256 1215/1279/1259
f 90/1278/1258 1215/1279/1259 91/1280/1260
f 91/1280/1260 1215/1279/1259 92/1281/1261
f 92/1281/1261 1215/1279/1259 1216/1282/1262
f 92/1281/1261 1216/1282/1262 93/1283/1263
f 93/1283/1263 1216/1282/1262 94/1284/1264
f 94/1284/1264 1216/1282/1262 95/1285/1265
f 95/1285/1265 1216/1282/1262 1217/1286/1266
f 95/1285/1265 1217/1286/1266 96/1287/1267
f 96/1287/1267 1217/1286/1266 97/1288/1268
f 97/1288/1268 1217/1286/1266 98/1289/1269
f 98/1289/1269 1217/1286/1266 1218/1290/1270
f 98/1289/1269 1218/1290/1270 99/1291/1271
f 99/1291/1271 1218/1290/1270 100/1292/1272
f 100/1292/1272 1218/1290/1270 101/1293/1273
f 101/1293/1273 1218/1290/1270 102/1294/1274
f 102/1294/1274 1218/1290/1270 103/1295/1275
f 103/1295/1275 1218/1290/1270 1147/1296/1276
f 103/1295/1275 1147/1296/1276 104/1297/1277
f 104/1297/1277 1147/1296/1276 1149/1094/1076
f 104/1297/1277 1149/1094/1076 105/1298/1278
f 105/1298/1278 1149/1094/1076 106/1299/1279
f 106/1299/1279 1149/1094/1076 1148/1096/1078
f 106/1299/1279 1148/1096/1078 107/1300/1280
f 107/1300/1280 1148/1096/1078 108/1301/1281
f 108/1301/1281 1148/1096/1078 109/1302/1282
f 109/1302/1282 1148/1096/1078 110/1098/1080
f 1034/1254/1234 1035/1303/1283 1161/1255/1235
f 1161/1255/1235 1035/1303/1283 1210/1262/1242
f 1035/1303/1283 1036/1304/1284 1210/1262/1242
f 1210/1262/1242 1036/1304/1284 1211/1266/1246
f 1036/1304/1284 1037/1305/1285 1211/1266/1246
f 1211/1266/1246 1037/1305/1285 1212/1270/1250
f 1037/1305/1285 1038/1306/1286 1212/1270/1250
f 1212/1270/1250 1038/1306/1286 1213/1273/1253
f 1038/1306/1286 1039/1307/1287 1213/1273/1253
f 1213/1273/1253 1039/1307/1287 1214/1276/1256
f 1039/1307/1287 1040/1308/1288 1214/1276/1256
f 1214/1276/1256 1040/1308/1288 1215/1279/1259
f 1040/1308/1288 1041/1309/1289 1215/1279/1259
f 1215/1279/1259 1041/1309/1289 1216/1282/1262
f 1041/1309/1289 1042/1310/1290 1216/1282/1262
f 1216/1282/1262 1042/1310/1290 1217/1286/1266
f 1042/1310/1290 1043/1311/1291 1217/1286/1266
f 1217/1286/1266 1043/1311/1291 1218/1290/1270
f 1043/1311/1291 1044/1312/1292 1218/1290/1270
f 1218/1290/1270 1044/1312/1292 1147/1296/1276
f 1044/1312/1292 1045/1313/1293 1147/1296/1276
f 1147/1296/1276 1045/1313/1293 1145/1314/1294
f 1147/1296/1276 1145/1314/1294 1144/1090/1072
f 1144/1090/1072 1145/1314/1294 1142/1088/1070
f 1045/1313/1293 1046/1315/1295 1145/1314/1294
f 1145/1314/1294 1046/1315/1295 1143/1316/1296
f 1145/1314/1294 1143/1316/1296 1142/1088/1070
f 1142/1088/1070 1143/1316/1296 1140/1086/1068
f 1046/1315/1295 1047/1317/1297 1143/1316/1296
f 1143/1316/1296 1047/1317/1297 1141/1318/1298
f 1143/1316/1296 1141/1318/1298 1140/1086/1068
f 1140/1086/1068 1141/1318/1298 1138/1084/1066
f 1047/1317/1297 1048/1319/1299 1141/1318/1298
f 1141/1318/1298 1048/1319/1299 1139/1320/1300
f 1141/1318/1298 1139/1320/1300 1138/1084/1066
f 1138/1084/1066 1139/1320/1300 1136/1082/1064
f 1048/1319/1299 1049/1321/1301 1139/1320/1300
f 1139/1320/1300 1049/1321/1301 1137/1322/1302
f 1139/1320/1300 1137/1322/1302 1136/1082/1064
f 1136/1082/1064 1137/1322/1302 1134/1080/1062
f 1049/1321/1301 1050/1323/1303 1137/1322/1302
f 1137/1322/1302 1050/1323/1303 1135/1324/1304
f 1137/1322/1302 1135/1324/1304 1134/1080/1062
f 1134/1080/1062 1135/1324/1304 1132/1078/1060
f 1050/1323/1303 1051/1325/1305 1135/1324/1304
f 1135/1324/1304 1051/1325/1305 1133/1326/1306
f 1135/1324/1304 1133/1326/1306 1132/1078/1060
f 1132/1078/1060 1133/1326/1306 1130/1076/1058
f 1051/1325/1305 1052/1327/1307 1133/1326/1306
f 1133/1326/1306 1052/1327/1307 1131/1328/1308
f 1133/1326/1306 1131/1328/1308 1130/1076/1058
f 1130/1076/1058 1131/1328/1308 1128/1074/1056
f 1052/1327/1307 1053/1329/1309 1131/1328/1308
f 1131/1328/1308 1053/1329/1309 1129/1330/1310
f 1131/1328/1308 1129/1330/1310 1128/1074/1056
f 1128/1074/1056 1129/1330/1310 1126/1072/1054
f 1053/1329/1309 1054/1331/1311 1129/1330/1310
f 1129/1330/1310 1054/1331/1311 1127/1332/1312
f 1129/1330/1310 1127/1332/1312 1126/1072/1054
f 1126/1072/1054 1127/1332/1312 1124/1070/1052
f 1054/1331/1311 1055/1333/1313 1127/1332/1312
f 1127/1332/1312 1055/1333/1313 1125/1334/1314
f 1127/1332/1312 1125/1334/1314 1124/1070/1052
f 1124/1070/1052 1125/1334/1314 1122/1068/1050
f 1055/1333/1313 1056/1335/1315 1125/1334/1314
f 1125/1334/1314 1056/1335/1315 1123/1336/1316
f 1125/1334/1314 1123/1336/1316 1122/1068/1050
f 1122/1068/1050 1123/1336/1316 1120/1066/1048
f 1056/1335/1315 1057/1337/1317 1123/1336/1316
f 1123/1336/1316 1057/1337/1317 1121/1338/1318
f 1123/1336/1316 1121/1338/1318 1120/1066/1048
f 1120/1066/1048 1121/1338/1318 1118/1064/1046
f 1057/1337/1317 1058/1339/1319 1121/1338/1318
f 1121/1338/1318 1058/1339/1319 1119/1340/1320
f 1121/1338/1318 1119/1340/1320 1118/1064/1046
f 1118/1064/1046 1119/1340/1320 1116/1062/1044
f 1058/1339/1319 1059/1341/1321 1119/1340/1320
f 1119/1340/1320 1059/1341/1321 1117/1342/1322
f 1119/1340/1320 1117/1342/1322 1116/1062/1044
f 1116/1062/1044 1117/1342/1322 1114/1060/1042
f 1059/1341/1321 1060/1343/1323 1117/1342/1322
f 1117/1342/1322 1060/1343/1323 1115/1344/1324
f 1117/1342/1322 1115/1344/1324 1114/1060/1042
f 1114/1060/1042 1115/1344/1324 1112/1058/1040
f 1060/1343/1323 1061/1345/1325 1115/1344/1324
f 1115/1344/1324 1061/1345/1325 1113/1346/1326
f 1115/1344/1324 1113/1346/1326 1112/1058/1040
f 1112/1058/1040 1113/1346/1326 1110/1056/1038
f 1061/1345/1325 1062/1347/1327 1113/1346/1326
f 1113/1346/1326 1062/1347/1327 1111/1348/1328
f 1113/1346/1326 1111/1348/1328 1110/1056/1038
f 1110/1056/1038 1111/1348/1328 1108/1054/1036
f 1062/1347/1327 1063/1349/1329 1111/1348/1328
f 1111/1348/1328 1063/1349/1329 1109/1350/1330
f 1111/1348/1328 1109/1350/1330 1108/1054/1036
f 1108/1054/1036 1109/1350/1330 1106/1052/1034
f 1063/1349/1329 1064/1351/1331 1109/1350/1330
f 1109/1350/1330 1064/1351/1331 1107/1352/1332
f 1109/1350/1330 1107/1352/1332 1106/1052/1034
f 1106/1052/1034 1107/1352/1332 1104/1050/1032
f 1064/1351/1331 1065/1353/1333 1107/1352/1332
f 1107/1352/1332 1065/1353/1333 1105/1354/1334
f 1107/1352/1332 1105/1354/1334 1104/1050/1032
f 1104/1050/1032 1105/1354/1334 1102/1048/1030
f 1065/1353/1333 1066/1355/1335 1105/1354/1334
f 1105/1354/1334 1066/1355/1335 1103/1356/1336
f 1105/1354/1334 1103/1356/1336 1102/1048/1030
f 1102/1048/1030 1103/1356/1336 1100/1046/1028
f 1066/1355/1335 1067/1357/1337 1103/1356/1336
f 1103/1356/1336 1067/1357/1337 1101/1358/1338
f 1103/1356/1336 1101/1358/1338 1100/1046/1028
f 1100/1046/1028 1101/1358/1338 1098/1044/1026
f 1067/1357/1337 1068/1359/1339 1101/1358/1338
f 1101/1358/1338 1068/1359/1339 1099/1360/1340
f 1101/1358/1338 1099/1360/1340 1098/1044/1026
f 1098/1044/1026 1099/1360/1340 1088/989/974
f 1068/1359/1339 1069/1361/1341 1099/1360/1340
f 1099/1360/1340 1069/1361/1341 1089/993/978
f 1099/1360/1340 1089/993/978 1088/989/974
f 1069/1361/1341 1070/1362/1342 1089/993/978
f 1089/993/978 1070/1362/1342 1087/997/982
f 1070/1362/1342 1071/1363/1343 1087/997/982
f 1087/997/982 1071/1363/1343 1072/1364/1344
f 1087/997/982 1072/1364/1344 1086/1003/988
f 1086/1003/988 1072/1364/1344 1073/1191/1171
f 1147/1296/1276 1144/1090/1072 1146/1092/1074
f 1149/1094/1076 1147/1296/1276 1146/1092/1074
f 869/1365/934 1219/1366/1345 870/1367/1346
f 870/1367/1346 1219/1366/1345 1239/1368/1347
f 870/1367/1346 1239/1368/1347 1247/1369/1348
f 1247/1369/1348 1239/1368/1347 1238/1370/1349
f 1247/1369/1348 1238/1370/1349 1246/1371/1350
f 1246/1371/1350 1238/1370/1349 1237/1372/1351
f 1246/1371/1350 1237/1372/1351 1245/1373/1352
f 1245/1373/1352 1237/1372/1351 1236/1374/1353
f 1245/1373/1352 1236/1374/1353 1244/1375/1354
f 1244/1375/1354 1236/1374/1353 1235/1376/1355
f 1244/1375/1354 1235/1376/1355 1243/1377/1356
f 1243/1377/1356 1235/1376/1355 1234/1378/1357
f 1243/1377/1356 1234/1378/1357 1242/1379/1358
f 1242/1379/1358 1234/1378/1357 1233/1380/1359
f 1242/1379/1358 1233/1380/1359 1241/1381/1360
f 1241/1381/1360 1233/1380/1359 1232/1382/1361
f 1241/1381/1360 1232/1382/1361 1240/1383/1362
f 1240/1383/1362 1232/1382/1361 831/1384/1363
f 1240/1383/1362 831/1384/1363 830/1385/1364
f 1219/1366/1345 1220/1386/1365 1239/1368/1347
f 1239/1368/1347 1220/1386/1365 1238/1370/1349
f 1238/1370/1349 1220/1386/1365 1237/1372/1351
f 1237/1372/1351 1220/1386/1365 1221/1387/1366
f 1237/1372/1351 1221/1387/1366 1236/1374/1353
f 1236/1374/1353 1221/1387/1366 1222/1388/1367
f 1236/1374/1353 1222/1388/1367 1235/1376/1355
f 1235/1376/1355 1222/1388/1367 1223/1389/1368
f 1235/1376/1355 1223/1389/1368 1234/1378/1357
f 1234/1378/1357 1223/1389/1368 1224/1390/1369
f 1234/1378/1357 1224/1390/1369 1233/1380/1359
f 1233/1380/1359 1224/1390/1369 1225/1391/1370
f 1233/1380/1359 1225/1391/1370 1232/1382/1361
f 1232/1382/1361 1225/1391/1370 768/1392/770
f 1232/1382/1361 768/1392/770 831/1384/1363
f 1240/1383/1362 830/1385/1364 1248/1393/1371
f 1248/1393/1371 830/1385/1364 829/1394/1372
f 1248/1393/1371 829/1394/1372 1256/1395/1373
f 1256/1395/1373 829/1394/1372 828/1396/1374
f 1256/1395/1373 828/1396/1374 1279/1397/1375
f 1279/1397/1375 828/1396/1374 1264/1398/1376
f 1279/1397/1375 1264/1398/1376 1265/1399/1377
f 1265/1399/1377 1264/1398/1376 1281/1400/1378
f 1265/1399/1377 1281/1400/1378 1282/1401/1379
f 1282/1401/1379 1281/1400/1378 1290/1402/1380
f 1282/1401/1379 1290/1402/1380 1291/1403/1381
f 1291/1403/1381 1290/1402/1380 1299/1404/1382
f 1291/1403/1381 1299/1404/1382 1300/1405/1383
f 1300/1405/1383 1299/1404/1382 1315/1406/1384
f 1300/1405/1383 1315/1406/1384 1314/1407/1385
f 1314/1407/1385 1315/1406/1384 1306/1408/1386
f 1314/1407/1385 1306/1408/1386 1307/1409/1387
f 1307/1409/1387 1306/1408/1386 1323/1410/1388
f 1307/1409/1387 1323/1410/1388 1324/1411/1389
f 1324/1411/1389 1323/1410/1388 1332/1412/1390
f 1324/1411/1389 1332/1412/1390 1333/1413/1391
f 1333/1413/1391 1332/1412/1390 1341/1414/1392
f 1333/1413/1391 1341/1414/1392 1227/1415/1393
f 1227/1415/1393 1341/1414/1392 1343/1416/1394
f 1227/1415/1393 1343/1416/1394 1342/1417/1395
f 1342/1417/1395 1343/1416/1394 1357/1418/1396
f 1342/1417/1395 1357/1418/1396 881/1419/1397
f 881/1419/1397 1357/1418/1396 882/1420/1398
f 882/1420/1398 1357/1418/1396 1365/1421/1399
f 882/1420/1398 1365/1421/1399 883/1422/1400
f 883/1422/1400 1365/1421/1399 1373/1423/1401
f 883/1422/1400 1373/1423/1401 884/1424/1402
f 884/1424/1402 1373/1423/1401 1381/1425/1403
f 884/1424/1402 1381/1425/1403 885/1426/1404
f 885/1426/1404 1381/1425/1403 1382/1427/1405
f 885/1426/1404 1382/1427/1405 1397/1428/1406
f 1397/1428/1406 1382/1427/1405 1396/1429/1407
f 1397/1428/1406 1396/1429/1407 1405/1430/1408
f 1405/1430/1408 1396/1429/1407 1404/1431/1409
f 1405/1430/1408 1404/1431/1409 1413/1432/1410
f 1413/1432/1410 1404/1431/1409 1412/1433/1411
f 1413/1432/1410 1412/1433/1411 1421/1434/1412
f 1421/1434/1412 1412/1433/1411 1420/1435/1413
f 1421/1434/1412 1420/1435/1413 1430/1436/1414
f 1430/1436/1414 1420/1435/1413 1431/1437/1415
f 1430/1436/1414 1431/1437/1415 1429/1438/1416
f 1429/1438/1416 1431/1437/1415 1428/1439/1417
f 1429/1438/1416 1428/1439/1417 1445/1440/1418
f 1445/1440/1418 1428/1439/1417 1444/1441/1419
f 1445/1440/1418 1444/1441/1419 1453/1442/1420
f 1453/1442/1420 1444/1441/1419 1452/1443/1421
f 1453/1442/1420 1452/1443/1421 1461/1444/1422
f 1461/1444/1422 1452/1443/1421 1460/1445/1423
f 1461/1444/1422 1460/1445/1423 1462/1446/1424
f 1462/1446/1424 1460/1445/1423 1463/1447/1425
f 1462/1446/1424 1463/1447/1425 1477/1448/1426
f 1477/1448/1426 1463/1447/1425 1476/1449/1427
f 1477/1448/1426 1476/1449/1427 1485/1450/1428
f 1485/1450/1428 1476/1449/1427 1484/1451/1429
f 1485/1450/1428 1484/1451/1429 1493/1452/1430
f 1493/1452/1430 1484/1451/1429 1492/1453/1431
f 1493/1452/1430 1492/1453/1431 1501/1454/1432
f 1501/1454/1432 1492/1453/1431 1500/1455/1433
f 1501/1454/1432 1500/1455/1433 1510/1456/1434
f 1510/1456/1434 1500/1455/1433 1511/1457/1435
f 1510/1456/1434 1511/1457/1435 1507/1458/1436
f 1507/1458/1436 1511/1457/1435 1506/1459/1437
f 1507/1458/1436 1506/1459/1437 1522/1460/1438
f 1522/1460/1438 1506/1459/1437 1521/1461/1439
f 1522/1460/1438 1521/1461/1439 1530/1462/1440
f 1530/1462/1440 1521/1461/1439 1529/1463/1441
f 1530/1462/1440 1529/1463/1441 1538/1464/1442
f 1538/1464/1442 1529/1463/1441 1537/1465/1443
f 1538/1464/1442 1537/1465/1443 1544/1466/1444
f 1544/1466/1444 1537/1465/1443 1545/1467/1445
f 1544/1466/1444 1545/1467/1445 1552/1468/1446
f 1552/1468/1446 1545/1467/1445 1551/1469/1447
f 1552/1468/1446 1551/1469/1447 1560/1470/1448
f 1560/1470/1448 1551/1469/1447 1559/1471/1449
f 1560/1470/1448 1559/1471/1449 1568/1472/1450
f 1568/1472/1450 1559/1471/1449 1567/1473/1451
f 1568/1472/1450 1567/1473/1451 1576/1474/1452
f 1576/1474/1452 1567/1473/1451 1575/1475/1453
f 1576/1474/1452 1575/1475/1453 1593/1476/1454
f 1593/1476/1454 1575/1475/1453 1594/1477/1455
f 1593/1476/1454 1594/1477/1455 1584/1478/1456
f 1584/1478/1456 1594/1477/1455 1583/1479/1457
f 1584/1478/1456 1583/1479/1457 1600/1480/1458
f 1600/1480/1458 1583/1479/1457 1599/1481/1459
f 1600/1480/1458 1599/1481/1459 1608/1482/1460
f 1608/1482/1460 1599/1481/1459 1607/1483/1461
f 1608/1482/1460 1607/1483/1461 1616/1484/1462
f 1616/1484/1462 1607/1483/1461 1615/1485/1463
f 1616/1484/1462 1615/1485/1463 1633/1486/1464
f 1633/1486/1464 1615/1485/1463 1634/1487/1465
f 1633/1486/1464 1634/1487/1465 1621/1488/1466
f 1621/1488/1466 1634/1487/1465 1620/1489/1467
f 1621/1488/1466 1620/1489/1467 1637/1490/1468
f 1637/1490/1468 1620/1489/1467 1636/1491/1469
f 1637/1490/1468 1636/1491/1469 1645/1492/1470
f 1645/1492/1470 1636/1491/1469 1644/1493/1471
f 1645/1492/1470 1644/1493/1471 1653/1494/1472
f 1653/1494/1472 1644/1493/1471 1652/1495/1473
f 1653/1494/1472 1652/1495/1473 1674/1496/1474
f 1674/1496/1474 1652/1495/1473 788/1497/1475
f 1674/1496/1474 788/1497/1475 1659/1498/1476
f 1659/1498/1476 788/1497/1475 787/1499/1477
f 1659/1498/1476 787/1499/1477 1675/1500/1478
f 1675/1500/1478 787/1499/1477 786/1501/1479
f 1675/1500/1478 786/1501/1479 1683/1502/1480
f 1683/1502/1480 786/1501/1479 785/1503/1481
f 1683/1502/1480 785/1503/1481 1691/1504/1482
f 1691/1504/1482 785/1503/1481 784/1505/1483
f 1691/1504/1482 784/1505/1483 1714/1506/1484
f 1714/1506/1484 784/1505/1483 1699/1507/1485
f 1714/1506/1484 1699/1507/1485 1700/1508/1486
f 1700/1508/1486 1699/1507/1485 1716/1509/1487
f 1700/1508/1486 1716/1509/1487 1717/1510/1488
f 1717/1510/1488 1716/1509/1487 1725/1511/1489
f 1717/1510/1488 1725/1511/1489 1726/1512/1490
f 1726/1512/1490 1725/1511/1489 1734/1513/1491
f 1726/1512/1490 1734/1513/1491 1735/1514/1492
f 1735/1514/1492 1734/1513/1491 1750/1515/1493
f 1735/1514/1492 1750/1515/1493 1749/1516/1494
f 1749/1516/1494 1750/1515/1493 1744/1517/1495
f 1749/1516/1494 1744/1517/1495 1745/1518/1496
f 1745/1518/1496 1744/1517/1495 1761/1519/1497
f 1745/1518/1496 1761/1519/1497 1762/1520/1498
f 1762/1520/1498 1761/1519/1497 1770/1521/1499
f 1762/1520/1498 1770/1521/1499 923/1522/1500
f 923/1522/1500 1770/1521/1499 924/1523/1501
f 924/1523/1501 1770/1521/1499 1778/1524/1502
f 924/1523/1501 1778/1524/1502 925/1525/1503
f 925/1525/1503 1778/1524/1502 1779/1526/1504
f 925/1525/1503 1779/1526/1504 1794/1527/1505
f 1794/1527/1505 1779/1526/1504 1780/1528/1506
f 1794/1527/1505 1780/1528/1506 1793/1529/1507
f 1793/1529/1507 1780/1528/1506 1781/1530/1508
f 1793/1529/1507 1781/1530/1508 1792/1531/1509
f 1792/1531/1509 1781/1530/1508 1782/1532/1510
f 1792/1531/1509 1782/1532/1510 1791/1533/1511
f 1791/1533/1511 1782/1532/1510 1783/1534/1512
f 1791/1533/1511 1783/1534/1512 1790/1535/1513
f 1790/1535/1513 1783/1534/1512 1784/1536/1514
f 1790/1535/1513 1784/1536/1514 1789/1537/1515
f 1789/1537/1515 1784/1536/1514 1785/1538/1516
f 1789/1537/1515 1785/1538/1516 1788/1539/1517
f 1788/1539/1517 1785/1538/1516 1786/1540/1518
f 1788/1539/1517 1786/1540/1518 1787/1541/1519
f 1787/1541/1519 1786/1540/1518 776/1542/1520
f 1787/1541/1519 776/1542/1520 775/1543/1521
f 828/1396/1374 827/1544/1522 1264/1398/1376
f 1264/1398/1376 827/1544/1522 1280/1545/1523
f 1264/1398/1376 1280/1545/1523 1281/1400/1378
f 1281/1400/1378 1280/1545/1523 1289/1546/1524
f 1281/1400/1378 1289/1546/1524 1290/1402/1380
f 1290/1402/1380 1289/1546/1524 1298/1547/1525
f 1290/1402/1380 1298/1547/1525 1299/1404/1382
f 1299/1404/1382 1298/1547/1525 1316/1548/1526
f 1299/1404/1382 1316/1548/1526 1315/1406/1384
f 1315/1406/1384 1316/1548/1526 1305/1549/1527
f 1315/1406/1384 1305/1549/1527 1306/1408/1386
f 1306/1408/1386 1305/1549/1527 1322/1550/1528
f 1306/1408/1386 1322/1550/1528 1323/1410/1388
f 1323/1410/1388 1322/1550/1528 1331/1551/1529
f 1323/1410/1388 1331/1551/1529 1332/1412/1390
f 1332/1412/1390 1331/1551/1529 1340/1552/1530
f 1332/1412/1390 1340/1552/1530 1341/1414/1392
f 1341/1414/1392 1340/1552/1530 1344/1553/1531
f 1341/1414/1392 1344/1553/1531 1343/1416/1394
f 1343/1416/1394 1344/1553/1531 1356/1554/1532
f 1343/1416/1394 1356/1554/1532 1357/1418/1396
f 1357/1418/1396 1356/1554/1532 1365/1421/1399
f 827/1544/1522 826/1555/1533 1280/1545/1523
f 1280/1545/1523 826/1555/1533 1288/1556/1534
f 1280/1545/1523 1288/1556/1534 1289/1546/1524
f 1289/1546/1524 1288/1556/1534 1297/1557/1535
f 1289/1546/1524 1297/1557/1535 1298/1547/1525
f 1298/1547/1525 1297/1557/1535 1317/1558/1536
f 1298/1547/1525 1317/1558/1536 1316/1548/1526
f 1316/1548/1526 1317/1558/1536 1304/1559/1537
f 1316/1548/1526 1304/1559/1537 1305/1549/1527
f 1305/1549/1527 1304/1559/1537 1321/1560/1538
f 1305/1549/1527 1321/1560/1538 1322/1550/1528
f 1322/1550/1528 1321/1560/1538 1330/1561/1539
f 1322/1550/1528 1330/1561/1539 1331/1551/1529
f 1331/1551/1529 1330/1561/1539 1339/1562/1540
f 1331/1551/1529 1339/1562/1540 1340/1552/1530
f 1340/1552/1530 1339/1562/1540 1345/1563/1541
f 1340/1552/1530 1345/1563/1541 1344/1553/1531
f 1344/1553/1531 1345/1563/1541 1355/1564/1542
f 1344/1553/1531 1355/1564/1542 1356/1554/1532
f 1356/1554/1532 1355/1564/1542 1364/1565/1543
f 1356/1554/1532 1364/1565/1543 1365/1421/1399
f 1365/1421/1399 1364/1565/1543 1373/1423/1401
f 826/1555/1533 825/1566/1544 1288/1556/1534
f 1288/1556/1534 825/1566/1544 1296/1567/1545
f 1288/1556/1534 1296/1567/1545 1297/1557/1535
f 1297/1557/1535 1296/1567/1545 1318/1568/1546
f 1297/1557/1535 1318/1568/1546 1317/1558/1536
f 1317/1558/1536 1318/1568/1546 1303/1569/1547
f 1317/1558/1536 1303/1569/1547 1304/1559/1537
f 1304/1559/1537 1303/1569/1547 1320/1570/1548
f 1304/1559/1537 1320/1570/1548 1321/1560/1538
f 1321/1560/1538 1320/1570/1548 1329/1571/1549
f 1321/1560/1538 1329/1571/1549 1330/1561/1539
f 1330/1561/1539 1329/1571/1549 1338/1572/1550
f 1330/1561/1539 1338/1572/1550 1339/1562/1540
f 1339/1562/1540 1338/1572/1550 1346/1573/1551
f 1339/1562/1540 1346/1573/1551 1345/1563/1541
f 1345/1563/1541 1346/1573/1551 1353/1574/1552
f 1345/1563/1541 1353/1574/1552 1354/1575/1553
f 1354/1575/1553 1353/1574/1552 1362/1576/1554
f 1354/1575/1553 1362/1576/1554 1363/1577/1555
f 1363/1577/1555 1362/1576/1554 1371/1578/1556
f 1363/1577/1555 1371/1578/1556 1372/1579/1557
f 1372/1579/1557 1371/1578/1556 1380/1580/1558
f 1372/1579/1557 1380/1580/1558 1381/1425/1403
f 1381/1425/1403 1380/1580/1558 1382/1427/1405
f 825/1566/1544 824/1581/1559 1296/1567/1545
f 1296/1567/1545 824/1581/1559 1318/1568/1546
f 1318/1568/1546 824/1581/1559 1303/1569/1547
f 1303/1569/1547 824/1581/1559 823/1582/1560
f 1303/1569/1547 823/1582/1560 1319/1583/1561
f 1319/1583/1561 823/1582/1560 822/1584/1562
f 1319/1583/1561 822/1584/1562 1327/1585/1563
f 1327/1585/1563 822/1584/1562 821/1586/1564
f 1327/1585/1563 821/1586/1564 1335/1587/1565
f 1335/1587/1565 821/1586/1564 820/1588/1566
f 1335/1587/1565 820/1588/1566 1349/1589/1567
f 1349/1589/1567 820/1588/1566 1350/1590/1568
f 1349/1589/1567 1350/1590/1568 1348/1591/1569
f 1348/1591/1569 1350/1590/1568 1351/1592/1570
f 1348/1591/1569 1351/1592/1570 1347/1593/1571
f 1347/1593/1571 1351/1592/1570 1352/1594/1572
f 1347/1593/1571 1352/1594/1572 1346/1573/1551
f 1346/1573/1551 1352/1594/1572 1353/1574/1552
f 820/1588/1566 819/1595/1573 1350/1590/1568
f 1350/1590/1568 819/1595/1573 1358/1596/1574
f 1350/1590/1568 1358/1596/1574 1359/1597/1575
f 1359/1597/1575 1358/1596/1574 1367/1598/1576
f 1359/1597/1575 1367/1598/1576 1368/1599/1577
f 1368/1599/1577 1367/1598/1576 1376/1600/1578
f 1368/1599/1577 1376/1600/1578 1377/1601/1579
f 1377/1601/1579 1376/1600/1578 1387/1602/1580
f 1377/1601/1579 1387/1602/1580 1386/1603/1581
f 1386/1603/1581 1387/1602/1580 1393/1604/1582
f 1386/1603/1581 1393/1604/1582 1394/1605/1583
f 1394/1605/1583 1393/1604/1582 1402/1606/1584
f 1394/1605/1583 1402/1606/1584 1403/1607/1585
f 1403/1607/1585 1402/1606/1584 1411/1608/1586
f 1403/1607/1585 1411/1608/1586 1412/1433/1411
f 1412/1433/1411 1411/1608/1586 1420/1435/1413
f 819/1595/1573 818/1609/1587 1358/1596/1574
f 1358/1596/1574 818/1609/1587 1366/1610/1588
f 1358/1596/1574 1366/1610/1588 1367/1598/1576
f 1367/1598/1576 1366/1610/1588 1375/1611/1589
f 1367/1598/1576 1375/1611/1589 1376/1600/1578
f 1376/1600/1578 1375/1611/1589 1388/1612/1590
f 1376/1600/1578 1388/1612/1590 1387/1602/1580
f 1387/1602/1580 1388/1612/1590 1392/1613/1591
f 1387/1602/1580 1392/1613/1591 1393/1604/1582
f 1393/1604/1582 1392/1613/1591 1401/1614/1592
f 1393/1604/1582 1401/1614/1592 1402/1606/1584
f 1402/1606/1584 1401/1614/1592 1410/1615/1593
f 1402/1606/1584 1410/1615/1593 1411/1608/1586
f 1411/1608/1586 1410/1615/1593 1419/1616/1594
f 1411/1608/1586 1419/1616/1594 1420/1435/1413
f 1420/1435/1413 1419/1616/1594 1431/1437/1415
f 818/1609/1587 817/1617/1595 1366/1610/1588
f 1366/1610/1588 817/1617/1595 1374/1618/1596
f 1366/1610/1588 1374/1618/1596 1375/1611/1589
f 1375/1611/1589 1374/1618/1596 1389/1619/1597
f 1375/1611/1589 1389/1619/1597 1388/1612/1590
f 1388/1612/1590 1389/1619/1597 1391/1620/1598
f 1388/1612/1590 1391/1620/1598 1392/1613/1591
f 1392/1613/1591 1391/1620/1598 1400/1621/1599
f 1392/1613/1591 1400/1621/1599 1401/1614/1592
f 1401/1614/1592 1400/1621/1599 1409/1622/1600
f 1401/1614/1592 1409/1622/1600 1410/1615/1593
f 1410/1615/1593 1409/1622/1600 1418/1623/1601
f 1410/1615/1593 1418/1623/1601 1419/1616/1594
f 1419/1616/1594 1418/1623/1601 1432/1624/1602
f 1419/1616/1594 1432/1624/1602 1431/1437/1415
f 1431/1437/1415 1432/1624/1602 1428/1439/1417
f 817/1617/1595 816/1625/1603 1374/1618/1596
f 1374/1618/1596 816/1625/1603 1389/1619/1597
f 1389/1619/1597 816/1625/1603 1390/1626/1604
f 1390/1626/1604 816/1625/1603 815/1627/1605
f 1390/1626/1604 815/1627/1605 1398/1628/1606
f 1398/1628/1606 815/1627/1605 814/1629/1607
f 1398/1628/1606 814/1629/1607 1406/1630/1608
f 1406/1630/1608 814/1629/1607 813/1631/1609
f 1406/1630/1608 813/1631/1609 1414/1632/1610
f 1414/1632/1610 813/1631/1609 812/1633/1611
f 1414/1632/1610 812/1633/1611 1437/1634/1612
f 1437/1634/1612 812/1633/1611 1422/1635/1613
f 1437/1634/1612 1422/1635/1613 1423/1636/1614
f 1423/1636/1614 1422/1635/1613 1439/1637/1615
f 1423/1636/1614 1439/1637/1615 1440/1638/1616
f 1440/1638/1616 1439/1637/1615 1448/1639/1617
f 1440/1638/1616 1448/1639/1617 1449/1640/1618
f 1449/1640/1618 1448/1639/1617 1457/1641/1619
f 1449/1640/1618 1457/1641/1619 1458/1642/1620
f 1458/1642/1620 1457/1641/1619 1465/1643/1621
f 1458/1642/1620 1465/1643/1621 1464/1644/1622
f 1464/1644/1622 1465/1643/1621 1475/1645/1623
f 1464/1644/1622 1475/1645/1623 1476/1449/1427
f 1476/1449/1427 1475/1645/1623 1484/1451/1429
f 812/1633/1611 811/1646/1624 1422/1635/1613
f 1422/1635/1613 811/1646/1624 1438/1647/1625
f 1422/1635/1613 1438/1647/1625 1439/1637/1615
f 1439/1637/1615 1438/1647/1625 1447/1648/1626
f 1439/1637/1615 1447/1648/1626 1448/1639/1617
f 1448/1639/1617 1447/1648/1626 1456/1649/1627
f 1448/1639/1617 1456/1649/1627 1457/1641/1619
f 1457/1641/1619 1456/1649/1627 1466/1650/1628
f 1457/1641/1619 1466/1650/1628 1465/1643/1621
f 1465/1643/1621 1466/1650/1628 1474/1651/1629
f 1465/1643/1621 1474/1651/1629 1475/1645/1623
f 1475/1645/1623 1474/1651/1629 1483/1652/1630
f 1475/1645/1623 1483/1652/1630 1484/1451/1429
f 1484/1451/1429 1483/1652/1630 1492/1453/1431
f 811/1646/1624 810/1653/1631 1438/1647/1625
f 1438/1647/1625 810/1653/1631 1446/1654/1632
f 1438/1647/1625 1446/1654/1632 1447/1648/1626
f 1447/1648/1626 1446/1654/1632 1455/1655/1633
f 1447/1648/1626 1455/1655/1633 1456/1649/1627
f 1456/1649/1627 1455/1655/1633 1467/1656/1634
f 1456/1649/1627 1467/1656/1634 1466/1650/1628
f 1466/1650/1628 1467/1656/1634 1473/1657/1635
f 1466/1650/1628 1473/1657/1635 1474/1651/1629
f 1474/1651/1629 1473/1657/1635 1482/1658/1636
f 1474/1651/1629 1482/1658/1636 1483/1652/1630
f 1483/1652/1630 1482/1658/1636 1491/1659/1637
f 1483/1652/1630 1491/1659/1637 1492/1453/1431
f 1492/1453/1431 1491/1659/1637 1500/1455/1433
f 810/1653/1631 809/1660/1638 1446/1654/1632
f 1446/1654/1632 809/1660/1638 1454/1661/1639
f 1446/1654/1632 1454/1661/1639 1455/1655/1633
f 1455/1655/1633 1454/1661/1639 1468/1662/1640
f 1455/1655/1633 1468/1662/1640 1467/1656/1634
f 1467/1656/1634 1468/1662/1640 1472/1663/1641
f 1467/1656/1634 1472/1663/1641 1473/1657/1635
f 1473/1657/1635 1472/1663/1641 1481/1664/1642
f 1473/1657/1635 1481/1664/1642 1482/1658/1636
f 1482/1658/1636 1481/1664/1642 1490/1665/1643
f 1482/1658/1636 1490/1665/1643 1491/1659/1637
f 1491/1659/1637 1490/1665/1643 1499/1666/1644
f 1491/1659/1637 1499/1666/1644 1500/1455/1433
f 1500/1455/1433 1499/1666/1644 1511/1457/1435
f 809/1660/1638 808/1667/1645 1454/1661/1639
f 1454/1661/1639 808/1667/1645 1469/1668/1646
f 1454/1661/1639 1469/1668/1646 1468/1662/1640
f 1468/1662/1640 1469/1668/1646 1471/1669/1647
f 1468/1662/1640 1471/1669/1647 1472/1663/1641
f 1472/1663/1641 1471/1669/1647 1480/1670/1648
f 1472/1663/1641 1480/1670/1648 1481/1664/1642
f 1481/1664/1642 1480/1670/1648 1489/1671/1649
f 1481/1664/1642 1489/1671/1649 1490/1665/1643
f 1490/1665/1643 1489/1671/1649 1498/1672/1650
f 1490/1665/1643 1498/1672/1650 1499/1666/1644
f 1499/1666/1644 1498/1672/1650 1512/1673/1651
f 1499/1666/1644 1512/1673/1651 1511/1457/1435
f 1511/1457/1435 1512/1673/1651 1506/1459/1437
f 1469/1668/1646 808/1667/1645 1470/1674/1652
f 1470/1674/1652 808/1667/1645 807/1675/1653
f 1470/1674/1652 807/1675/1653 1478/1676/1654
f 1478/1676/1654 807/1675/1653 806/1677/1655
f 1478/1676/1654 806/1677/1655 1486/1678/1656
f 1486/1678/1656 806/1677/1655 805/1679/1657
f 1486/1678/1656 805/1679/1657 1494/1680/1658
f 1494/1680/1658 805/1679/1657 804/1681/1659
f 1494/1680/1658 804/1681/1659 1516/1682/1660
f 1516/1682/1660 804/1681/1659 1502/1683/1661
f 1516/1682/1660 1502/1683/1661 1503/1684/1662
f 1503/1684/1662 1502/1683/1661 1518/1685/1663
f 1503/1684/1662 1518/1685/1663 1519/1686/1664
f 1519/1686/1664 1518/1685/1663 1527/1687/1665
f 1519/1686/1664 1527/1687/1665 1528/1688/1666
f 1528/1688/1666 1527/1687/1665 1536/1689/1667
f 1528/1688/1666 1536/1689/1667 1537/1465/1443
f 1537/1465/1443 1536/1689/1667 1545/1467/1445
f 804/1681/1659 803/1690/1668 1502/1683/1661
f 1502/1683/1661 803/1690/1668 1517/1691/1669
f 1502/1683/1661 1517/1691/1669 1518/1685/1663
f 1518/1685/1663 1517/1691/1669 1526/1692/1670
f 1518/1685/1663 1526/1692/1670 1527/1687/1665
f 1527/1687/1665 1526/1692/1670 1535/1693/1671
f 1527/1687/1665 1535/1693/1671 1536/1689/1667
f 1536/1689/1667 1535/1693/1671 1545/1467/1445
f 803/1690/1668 802/1694/1672 1517/1691/1669
f 1517/1691/1669 802/1694/1672 1525/1695/1673
f 1517/1691/1669 1525/1695/1673 1526/1692/1670
f 1526/1692/1670 1525/1695/1673 1534/1696/1674
f 1526/1692/1670 1534/1696/1674 1535/1693/1671
f 1535/1693/1671 1534/1696/1674 1546/1697/1675
f 1535/1693/1671 1546/1697/1675 1545/1467/1445
f 1545/1467/1445 1546/1697/1675 1551/1469/1447
f 802/1694/1672 801/1698/1676 1525/1695/1673
f 1525/1695/1673 801/1698/1676 1533/1699/1677
f 1525/1695/1673 1533/1699/1677 1534/1696/1674
f 1534/1696/1674 1533/1699/1677 1547/1700/1678
f 1534/1696/1674 1547/1700/1678 1546/1697/1675
f 1546/1697/1675 1547/1700/1678 1550/1701/1679
f 1546/1697/1675 1550/1701/1679 1551/1469/1447
f 1551/1469/1447 1550/1701/1679 1559/1471/1449
f 801/1698/1676 800/1702/1680 1533/1699/1677
f 1533/1699/1677 800/1702/1680 1548/1703/1681
f 1533/1699/1677 1548/1703/1681 1547/1700/1678
f 1547/1700/1678 1548/1703/1681 1549/1704/1682
f 1547/1700/1678 1549/1704/1682 1550/1701/1679
f 1550/1701/1679 1549/1704/1682 1558/1705/1683
f 1550/1701/1679 1558/1705/1683 1559/1471/1449
f 1559/1471/1449 1558/1705/1683 1567/1473/1451
f 1548/1703/1681 800/1702/1680 1549/1704/1682
f 1549/1704/1682 800/1702/1680 799/1706/1684
f 1549/1704/1682 799/1706/1684 1557/1707/1685
f 1557/1707/1685 799/1706/1684 798/1708/1686
f 1557/1707/1685 798/1708/1686 1565/1709/1687
f 1565/1709/1687 798/1708/1686 797/1710/1688
f 1565/1709/1687 797/1710/1688 1573/1711/1689
f 1573/1711/1689 797/1710/1688 796/1712/1690
f 1573/1711/1689 796/1712/1690 1596/1713/1691
f 1596/1713/1691 796/1712/1690 1581/1714/1692
f 1596/1713/1691 1581/1714/1692 1582/1715/1693
f 1582/1715/1693 1581/1714/1692 1598/1716/1694
f 1582/1715/1693 1598/1716/1694 1599/1481/1459
f 1599/1481/1459 1598/1716/1694 1607/1483/1461
f 796/1712/1690 795/1717/1695 1581/1714/1692
f 1581/1714/1692 795/1717/1695 1597/1718/1696
f 1581/1714/1692 1597/1718/1696 1598/1716/1694
f 1598/1716/1694 1597/1718/1696 1606/1719/1697
f 1598/1716/1694 1606/1719/1697 1607/1483/1461
f 1607/1483/1461 1606/1719/1697 1615/1485/1463
f 795/1717/1695 794/1720/1698 1597/1718/1696
f 1597/1718/1696 794/1720/1698 1605/1721/1699
f 1597/1718/1696 1605/1721/1699 1606/1719/1697
f 1606/1719/1697 1605/1721/1699 1614/1722/1700
f 1606/1719/1697 1614/1722/1700 1615/1485/1463
f 1615/1485/1463 1614/1722/1700 1634/1487/1465
f 794/1720/1698 793/1723/1701 1605/1721/1699
f 1605/1721/1699 793/1723/1701 1613/1724/1702
f 1605/1721/1699 1613/1724/1702 1614/1722/1700
f 1614/1722/1700 1613/1724/1702 1635/1725/1703
f 1614/1722/1700 1635/1725/1703 1634/1487/1465
f 1634/1487/1465 1635/1725/1703 1620/1489/1467
f 793/1723/1701 792/1726/1704 1613/1724/1702
f 1613/1724/1702 792/1726/1704 1635/1725/1703
f 1635/1725/1703 792/1726/1704 1620/1489/1467
f 1620/1489/1467 792/1726/1704 791/1727/1705
f 1620/1489/1467 791/1727/1705 1636/1491/1469
f 1636/1491/1469 791/1727/1705 790/1728/1706
f 1636/1491/1469 790/1728/1706 1644/1493/1471
f 1644/1493/1471 790/1728/1706 789/1729/1707
f 1644/1493/1471 789/1729/1707 1652/1495/1473
f 1652/1495/1473 789/1729/1707 788/1497/1475
f 784/1505/1483 783/1730/1708 1699/1507/1485
f 1699/1507/1485 783/1730/1708 1715/1731/1709
f 1699/1507/1485 1715/1731/1709 1716/1509/1487
f 1716/1509/1487 1715/1731/1709 1724/1732/1710
f 1716/1509/1487 1724/1732/1710 1725/1511/1489
f 1725/1511/1489 1724/1732/1710 1733/1733/1711
f 1725/1511/1489 1733/1733/1711 1734/1513/1491
f 1734/1513/1491 1733/1733/1711 1751/1734/1712
f 1734/1513/1491 1751/1734/1712 1750/1515/1493
f 1750/1515/1493 1751/1734/1712 1743/1735/1713
f 1750/1515/1493 1743/1735/1713 1744/1517/1495
f 1744/1517/1495 1743/1735/1713 1760/1736/1714
f 1744/1517/1495 1760/1736/1714 1761/1519/1497
f 1761/1519/1497 1760/1736/1714 1769/1737/1715
f 1761/1519/1497 1769/1737/1715 1770/1521/1499
f 1770/1521/1499 1769/1737/1715 1778/1524/1502
f 783/1730/1708 782/1738/1716 1715/1731/1709
f 1715/1731/1709 782/1738/1716 1723/1739/1717
f 1715/1731/1709 1723/1739/1717 1724/1732/1710
f 1724/1732/1710 1723/1739/1717 1732/1740/1718
f 1724/1732/1710 1732/1740/1718 1733/1733/1711
f 1733/1733/1711 1732/1740/1718 1752/1741/1719
f 1733/1733/1711 1752/1741/1719 1751/1734/1712
f 1751/1734/1712 1752/1741/1719 1742/1742/1720
f 1751/1734/1712 1742/1742/1720 1743/1735/1713
f 1743/1735/1713 1742/1742/1720 1759/1743/1721
f 1743/1735/1713 1759/1743/1721 1760/1736/1714
f 1760/1736/1714 1759/1743/1721 1768/1744/1722
f 1760/1736/1714 1768/1744/1722 1769/1737/1715
f 1769/1737/1715 1768/1744/1722 1777/1745/1723
f 1769/1737/1715 1777/1745/1723 1778/1524/1502
f 1778/1524/1502 1777/1745/1723 1779/1526/1504
f 782/1738/1716 781/1746/1724 1723/1739/1717
f 1723/1739/1717 781/1746/1724 1731/1747/1725
f 1723/1739/1717 1731/1747/1725 1732/1740/1718
f 1732/1740/1718 1731/1747/1725 1753/1748/1726
f 1732/1740/1718 1753/1748/1726 1752/1741/1719
f 1752/1741/1719 1753/1748/1726 1741/1749/1727
f 1752/1741/1719 1741/1749/1727 1742/1742/1720
f 1742/1742/1720 1741/1749/1727 1758/1750/1728
f 1742/1742/1720 1758/1750/1728 1759/1743/1721
f 1759/1743/1721 1758/1750/1728 1767/1751/1729
f 1759/1743/1721 1767/1751/1729 1768/1744/1722
f 1768/1744/1722 1767/1751/1729 1776/1752/1730
f 1768/1744/1722 1776/1752/1730 1777/1745/1723
f 1777/1745/1723 1776/1752/1730 1780/1528/1506
f 1777/1745/1723 1780/1528/1506 1779/1526/1504
f 781/1746/1724 780/1753/1731 1731/1747/1725
f 1731/1747/1725 780/1753/1731 1754/1754/1732
f 1731/1747/1725 1754/1754/1732 1753/1748/1726
f 1753/1748/1726 1754/1754/1732 1740/1755/1733
f 1753/1748/1726 1740/1755/1733 1741/1749/1727
f 1741/1749/1727 1740/1755/1733 1757/1756/1734
f 1741/1749/1727 1757/1756/1734 1758/1750/1728
f 1758/1750/1728 1757/1756/1734 1766/1757/1735
f 1758/1750/1728 1766/1757/1735 1767/1751/1729
f 1767/1751/1729 1766/1757/1735 1775/1758/1736
f 1767/1751/1729 1775/1758/1736 1776/1752/1730
f 1776/1752/1730 1775/1758/1736 1781/1530/1508
f 1776/1752/1730 1781/1530/1508 1780/1528/1506
f 1754/1754/1732 780/1753/1731 1739/1759/1737
f 1739/1759/1737 780/1753/1731 779/1760/1738
f 1739/1759/1737 779/1760/1738 1755/1761/1739
f 1755/1761/1739 779/1760/1738 778/1762/1740
f 1755/1761/1739 778/1762/1740 1763/1763/1741
f 1763/1763/1741 778/1762/1740 777/1764/1742
f 1763/1763/1741 777/1764/1742 1771/1765/1743
f 1771/1765/1743 777/1764/1742 776/1542/1520
f 1771/1765/1743 776/1542/1520 1786/1540/1518
f 1787/1541/1519 775/1543/1521 1795/1766/1744
f 1795/1766/1744 775/1543/1521 774/1767/1745
f 1795/1766/1744 774/1767/1745 1803/1768/1746
f 1803/1768/1746 774/1767/1745 773/1769/1747
f 1803/1768/1746 773/1769/1747 1811/1770/1748
f 1811/1770/1748 773/1769/1747 772/1771/1749
f 1811/1770/1748 772/1771/1749 1825/1772/1750
f 1825/1772/1750 772/1771/1749 1826/1773/1751
f 1825/1772/1750 1826/1773/1751 1827/1774/1752
f 1827/1774/1752 1826/1773/1751 1835/1775/1753
f 1827/1774/1752 1835/1775/1753 1836/1776/1754
f 1836/1776/1754 1835/1775/1753 1844/1777/1755
f 1836/1776/1754 1844/1777/1755 1845/1778/1756
f 1845/1778/1756 1844/1777/1755 1853/1779/1757
f 1845/1778/1756 1853/1779/1757 1854/1780/1758
f 1854/1780/1758 1853/1779/1757 1222/1781/1367
f 1854/1780/1758 1222/1781/1367 1221/1782/1366
f 772/1771/1749 771/1783/1759 1826/1773/1751
f 1826/1773/1751 771/1783/1759 1834/1784/1760
f 1826/1773/1751 1834/1784/1760 1835/1775/1753
f 1835/1775/1753 1834/1784/1760 1843/1785/1761
f 1835/1775/1753 1843/1785/1761 1844/1777/1755
f 1844/1777/1755 1843/1785/1761 1852/1786/1762
f 1844/1777/1755 1852/1786/1762 1853/1779/1757
f 1853/1779/1757 1852/1786/1762 1223/1787/1368
f 1853/1779/1757 1223/1787/1368 1222/1781/1367
f 771/1783/1759 770/1788/1763 1834/1784/1760
f 1834/1784/1760 770/1788/1763 1842/1789/1764
f 1834/1784/1760 1842/1789/1764 1843/1785/1761
f 1843/1785/1761 1842/1789/1764 1851/1790/1765
f 1843/1785/1761 1851/1790/1765 1852/1786/1762
f 1852/1786/1762 1851/1790/1765 1224/1791/1369
f 1852/1786/1762 1224/1791/1369 1223/1787/1368
f 770/1788/1763 769/1792/1766 1842/1789/1764
f 1842/1789/1764 769/1792/1766 1850/1793/1767
f 1842/1789/1764 1850/1793/1767 1851/1790/1765
f 1851/1790/1765 1850/1793/1767 1225/1794/1370
f 1851/1790/1765 1225/1794/1370 1224/1791/1369
f 769/1792/1766 768/1795/770 1850/1793/1767
f 1850/1793/1767 768/1795/770 1225/1794/1370
f 1854/1780/1758 1221/1782/1366 1855/1796/1768
f 1855/1796/1768 1221/1782/1366 1220/1797/1365
f 1855/1796/1768 1220/1797/1365 1856/1798/1769
f 1856/1798/1769 1220/1797/1365 1857/1799/1770
f 1856/1798/1769 1857/1799/1770 1848/1800/1771
f 1848/1800/1771 1857/1799/1770 1849/1801/1772
f 1848/1800/1771 1849/1801/1772 1840/1802/1773
f 1840/1802/1773 1849/1801/1772 1841/1803/1774
f 1840/1802/1773 1841/1803/1774 1832/1804/1775
f 1832/1804/1775 1841/1803/1774 1833/1805/1776
f 1832/1804/1775 1833/1805/1776 1231/1806/1777
f 1231/1806/1777 1833/1805/1776 929/1807/1778
f 1231/1806/1777 929/1807/1778 928/1808/1779
f 1220/1797/1365 1219/1809/1345 1857/1799/1770
f 1857/1799/1770 1219/1809/1345 869/1810/934
f 1857/1799/1770 869/1810/934 932/1811/1780
f 1857/1799/1770 932/1811/1780 1849/1801/1772
f 1849/1801/1772 932/1811/1780 931/1812/1781
f 1849/1801/1772 931/1812/1781 1841/1803/1774
f 1841/1803/1774 931/1812/1781 930/1813/1782
f 1841/1803/1774 930/1813/1782 1833/1805/1776
f 1833/1805/1776 930/1813/1782 929/1807/1778
f 927/1814/1783 1810/1815/1784 928/1808/1779
f 928/1808/1779 1810/1815/1784 1818/1816/1785
f 928/1808/1779 1818/1816/1785 1231/1806/1777
f 1231/1806/1777 1818/1816/1785 1819/1817/1786
f 1231/1806/1777 1819/1817/1786 1832/1804/1775
f 1832/1804/1775 1819/1817/1786 1831/1818/1787
f 1832/1804/1775 1831/1818/1787 1840/1802/1773
f 1840/1802/1773 1831/1818/1787 1839/1819/1788
f 1840/1802/1773 1839/1819/1788 1848/1800/1771
f 1848/1800/1771 1839/1819/1788 1847/1820/1789
f 1848/1800/1771 1847/1820/1789 1856/1798/1769
f 1856/1798/1769 1847/1820/1789 1855/1796/1768
f 1810/1815/1784 927/1814/1783 1802/1821/1790
f 1802/1821/1790 927/1814/1783 926/1822/1791
f 1802/1821/1790 926/1822/1791 1794/1527/1505
f 1794/1527/1505 926/1822/1791 925/1525/1503
f 923/1522/1500 922/1823/1792 1762/1520/1498
f 1762/1520/1498 922/1823/1792 1746/1824/1793
f 1762/1520/1498 1746/1824/1793 1745/1518/1496
f 1745/1518/1496 1746/1824/1793 1748/1825/1794
f 1745/1518/1496 1748/1825/1794 1749/1516/1494
f 1749/1516/1494 1748/1825/1794 1736/1826/1795
f 1749/1516/1494 1736/1826/1795 1735/1514/1492
f 1735/1514/1492 1736/1826/1795 1727/1827/1796
f 1735/1514/1492 1727/1827/1796 1726/1512/1490
f 1726/1512/1490 1727/1827/1796 1718/1828/1797
f 1726/1512/1490 1718/1828/1797 1717/1510/1488
f 1717/1510/1488 1718/1828/1797 1701/1829/1798
f 1717/1510/1488 1701/1829/1798 1700/1508/1486
f 1700/1508/1486 1701/1829/1798 1713/1830/1799
f 1700/1508/1486 1713/1830/1799 1714/1506/1484
f 1714/1506/1484 1713/1830/1799 1691/1504/1482
f 922/1823/1792 921/1831/1800 1746/1824/1793
f 1746/1824/1793 921/1831/1800 1747/1832/1801
f 1746/1824/1793 1747/1832/1801 1748/1825/1794
f 1748/1825/1794 1747/1832/1801 1737/1833/1802
f 1748/1825/1794 1737/1833/1802 1736/1826/1795
f 1736/1826/1795 1737/1833/1802 1728/1834/1803
f 1736/1826/1795 1728/1834/1803 1727/1827/1796
f 1727/1827/1796 1728/1834/1803 1719/1835/1804
f 1727/1827/1796 1719/1835/1804 1718/1828/1797
f 1718/1828/1797 1719/1835/1804 1702/1836/1805
f 1718/1828/1797 1702/1836/1805 1701/1829/1798
f 1701/1829/1798 1702/1836/1805 1712/1837/1806
f 1701/1829/1798 1712/1837/1806 1713/1830/1799
f 1713/1830/1799 1712/1837/1806 1692/1838/1807
f 1713/1830/1799 1692/1838/1807 1691/1504/1482
f 1691/1504/1482 1692/1838/1807 1683/1502/1480
f 1747/1832/1801 921/1831/1800 1738/1839/1808
f 1738/1839/1808 921/1831/1800 920/1840/1809
f 1738/1839/1808 920/1840/1809 1730/1841/1810
f 1730/1841/1810 920/1840/1809 919/1842/1811
f 1730/1841/1810 919/1842/1811 1722/1843/1812
f 1722/1843/1812 919/1842/1811 918/1844/1813
f 1722/1843/1812 918/1844/1813 1706/1845/1814
f 1706/1845/1814 918/1844/1813 917/1846/1815
f 1706/1845/1814 917/1846/1815 1707/1847/1816
f 1707/1847/1816 917/1846/1815 1698/1848/1817
f 1707/1847/1816 1698/1848/1817 1697/1849/1818
f 1697/1849/1818 1698/1848/1817 1689/1850/1819
f 1697/1849/1818 1689/1850/1819 1688/1851/1820
f 1688/1851/1820 1689/1850/1819 1680/1852/1821
f 1688/1851/1820 1680/1852/1821 1679/1853/1822
f 1679/1853/1822 1680/1852/1821 1663/1854/1823
f 1679/1853/1822 1663/1854/1823 1662/1855/1824
f 1662/1855/1824 1663/1854/1823 1670/1856/1825
f 1662/1855/1824 1670/1856/1825 1671/1857/1826
f 1671/1857/1826 1670/1856/1825 1656/1858/1827
f 1671/1857/1826 1656/1858/1827 1655/1859/1828
f 1655/1859/1828 1656/1858/1827 1647/1860/1829
f 1655/1859/1828 1647/1860/1829 1646/1861/1830
f 1646/1861/1830 1647/1860/1829 1638/1862/1831
f 1646/1861/1830 1638/1862/1831 1637/1490/1468
f 1637/1490/1468 1638/1862/1831 1621/1488/1466
f 917/1846/1815 916/1863/1832 1698/1848/1817
f 1698/1848/1817 916/1863/1832 1690/1864/1833
f 1698/1848/1817 1690/1864/1833 1689/1850/1819
f 1689/1850/1819 1690/1864/1833 1681/1865/1834
f 1689/1850/1819 1681/1865/1834 1680/1852/1821
f 1680/1852/1821 1681/1865/1834 1664/1866/1835
f 1680/1852/1821 1664/1866/1835 1663/1854/1823
f 1663/1854/1823 1664/1866/1835 1670/1856/1825
f 916/1863/1832 915/1867/1836 1690/1864/1833
f 1690/1864/1833 915/1867/1836 1682/1868/1837
f 1690/1864/1833 1682/1868/1837 1681/1865/1834
f 1681/1865/1834 1682/1868/1837 1665/1869/1838
f 1681/1865/1834 1665/1869/1838 1664/1866/1835
f 1664/1866/1835 1665/1869/1838 1669/1870/1839
f 1664/1866/1835 1669/1870/1839 1670/1856/1825
f 1670/1856/1825 1669/1870/1839 1657/1871/1840
f 1670/1856/1825 1657/1871/1840 1656/1858/1827
f 1656/1858/1827 1657/1871/1840 1648/1872/1841
f 1656/1858/1827 1648/1872/1841 1647/1860/1829
f 1647/1860/1829 1648/1872/1841 1639/1873/1842
f 1647/1860/1829 1639/1873/1842 1638/1862/1831
f 1638/1862/1831 1639/1873/1842 1622/1874/1843
f 1638/1862/1831 1622/1874/1843 1621/1488/1466
f 1621/1488/1466 1622/1874/1843 1633/1486/1464
f 915/1867/1836 914/1875/1844 1682/1868/1837
f 1682/1868/1837 914/1875/1844 1666/1876/1845
f 1682/1868/1837 1666/1876/1845 1665/1869/1838
f 1665/1869/1838 1666/1876/1845 1668/1877/1846
f 1665/1869/1838 1668/1877/1846 1669/1870/1839
f 1669/1870/1839 1668/1877/1846 1658/1878/1847
f 1669/1870/1839 1658/1878/1847 1657/1871/1840
f 1657/1871/1840 1658/1878/1847 1649/1879/1848
f 1657/1871/1840 1649/1879/1848 1648/1872/1841
f 1648/1872/1841 1649/1879/1848 1640/1880/1849
f 1648/1872/1841 1640/1880/1849 1639/1873/1842
f 1639/1873/1842 1640/1880/1849 1623/1881/1850
f 1639/1873/1842 1623/1881/1850 1622/1874/1843
f 1622/1874/1843 1623/1881/1850 1632/1882/1851
f 1622/1874/1843 1632/1882/1851 1633/1486/1464
f 1633/1486/1464 1632/1882/1851 1616/1484/1462
f 914/1875/1844 913/1883/1852 1666/1876/1845
f 1666/1876/1845 913/1883/1852 1667/1884/1853
f 1666/1876/1845 1667/1884/1853 1668/1877/1846
f 1668/1877/1846 1667/1884/1853 1230/1885/1854
f 1668/1877/1846 1230/1885/1854 1658/1878/1847
f 1658/1878/1847 1230/1885/1854 1650/1886/1855
f 1658/1878/1847 1650/1886/1855 1649/1879/1848
f 1649/1879/1848 1650/1886/1855 1641/1887/1856
f 1649/1879/1848 1641/1887/1856 1640/1880/1849
f 1640/1880/1849 1641/1887/1856 1624/1888/1857
f 1640/1880/1849 1624/1888/1857 1623/1881/1850
f 1623/1881/1850 1624/1888/1857 1631/1889/1858
f 1623/1881/1850 1631/1889/1858 1632/1882/1851
f 1632/1882/1851 1631/1889/1858 1617/1890/1859
f 1632/1882/1851 1617/1890/1859 1616/1484/1462
f 1616/1484/1462 1617/1890/1859 1608/1482/1460
f 1667/1884/1853 913/1883/1852 1230/1885/1854
f 1230/1885/1854 913/1883/1852 912/1891/1860
f 1230/1885/1854 912/1891/1860 1651/1892/1861
f 1651/1892/1861 912/1891/1860 911/1893/1862
f 1651/1892/1861 911/1893/1862 1643/1894/1863
f 1643/1894/1863 911/1893/1862 910/1895/1864
f 1643/1894/1863 910/1895/1864 1627/1896/1865
f 1627/1896/1865 910/1895/1864 909/1897/1866
f 1627/1896/1865 909/1897/1866 1628/1898/1867
f 1628/1898/1867 909/1897/1866 1229/1899/1868
f 1628/1898/1867 1229/1899/1868 1629/1900/1869
f 1629/1900/1869 1229/1899/1868 1619/1901/1870
f 1629/1900/1869 1619/1901/1870 1630/1902/1871
f 1630/1902/1871 1619/1901/1870 1618/1903/1872
f 1630/1902/1871 1618/1903/1872 1631/1889/1858
f 1631/1889/1858 1618/1903/1872 1617/1890/1859
f 909/1897/1866 908/1904/1873 1229/1899/1868
f 1229/1899/1868 908/1904/1873 1612/1905/1874
f 1229/1899/1868 1612/1905/1874 1611/1906/1875
f 1611/1906/1875 1612/1905/1874 1603/1907/1876
f 1611/1906/1875 1603/1907/1876 1602/1908/1877
f 1602/1908/1877 1603/1907/1876 1586/1909/1878
f 1602/1908/1877 1586/1909/1878 1585/1910/1879
f 1585/1910/1879 1586/1909/1878 1592/1911/1880
f 1585/1910/1879 1592/1911/1880 1593/1476/1454
f 1593/1476/1454 1592/1911/1880 1576/1474/1452
f 908/1904/1873 907/1912/1881 1612/1905/1874
f 1612/1905/1874 907/1912/1881 1604/1913/1882
f 1612/1905/1874 1604/1913/1882 1603/1907/1876
f 1603/1907/1876 1604/1913/1882 1587/1914/1883
f 1603/1907/1876 1587/1914/1883 1586/1909/1878
f 1586/1909/1878 1587/1914/1883 1591/1915/1884
f 1586/1909/1878 1591/1915/1884 1592/1911/1880
f 1592/1911/1880 1591/1915/1884 1577/1916/1885
f 1592/1911/1880 1577/1916/1885 1576/1474/1452
f 1576/1474/1452 1577/1916/1885 1568/1472/1450
f 907/1912/1881 906/1917/1886 1604/1913/1882
f 1604/1913/1882 906/1917/1886 1588/1918/1887
f 1604/1913/1882 1588/1918/1887 1587/1914/1883
f 1587/1914/1883 1588/1918/1887 1590/1919/1888
f 1587/1914/1883 1590/1919/1888 1591/1915/1884
f 1591/1915/1884 1590/1919/1888 1578/1920/1889
f 1591/1915/1884 1578/1920/1889 1577/1916/1885
f 1577/1916/1885 1578/1920/1889 1569/1921/1890
f 1577/1916/1885 1569/1921/1890 1568/1472/1450
f 1568/1472/1450 1569/1921/1890 1560/1470/1448
f 906/1917/1886 905/1922/1891 1588/1918/1887
f 1588/1918/1887 905/1922/1891 1589/1923/1892
f 1588/1918/1887 1589/1923/1892 1590/1919/1888
f 1590/1919/1888 1589/1923/1892 1579/1924/1893
f 1590/1919/1888 1579/1924/1893 1578/1920/1889
f 1578/1920/1889 1579/1924/1893 1570/1925/1894
f 1578/1920/1889 1570/1925/1894 1569/1921/1890
f 1569/1921/1890 1570/1925/1894 1561/1926/1895
f 1569/1921/1890 1561/1926/1895 1560/1470/1448
f 1560/1470/1448 1561/1926/1895 1552/1468/1446
f 1589/1923/1892 905/1922/1891 1580/1927/1896
f 1580/1927/1896 905/1922/1891 904/1928/1897
f 1580/1927/1896 904/1928/1897 1572/1929/1898
f 1572/1929/1898 904/1928/1897 903/1930/1899
f 1572/1929/1898 903/1930/1899 1564/1931/1900
f 1564/1931/1900 903/1930/1899 902/1932/1901
f 1564/1931/1900 902/1932/1901 1556/1933/1902
f 1556/1933/1902 902/1932/1901 901/1934/1903
f 1556/1933/1902 901/1934/1903 1541/1935/1904
f 1541/1935/1904 901/1934/1903 1540/1936/1905
f 1541/1935/1904 1540/1936/1905 1542/1937/1906
f 1542/1937/1906 1540/1936/1905 1539/1938/1907
f 1542/1937/1906 1539/1938/1907 1543/1939/1908
f 1543/1939/1908 1539/1938/1907 1538/1464/1442
f 1543/1939/1908 1538/1464/1442 1544/1466/1444
f 901/1934/1903 900/1940/1909 1540/1936/1905
f 1540/1936/1905 900/1940/1909 1532/1941/1910
f 1540/1936/1905 1532/1941/1910 1531/1942/1911
f 1531/1942/1911 1532/1941/1910 1523/1943/1912
f 1531/1942/1911 1523/1943/1912 1522/1460/1438
f 1522/1460/1438 1523/1943/1912 1507/1458/1436
f 900/1940/1909 899/1944/1913 1532/1941/1910
f 1532/1941/1910 899/1944/1913 1524/1945/1914
f 1532/1941/1910 1524/1945/1914 1523/1943/1912
f 1523/1943/1912 1524/1945/1914 1508/1946/1915
f 1523/1943/1912 1508/1946/1915 1507/1458/1436
f 1507/1458/1436 1508/1946/1915 1510/1456/1434
f 899/1944/1913 898/1947/1916 1524/1945/1914
f 1524/1945/1914 898/1947/1916 1509/1948/1917
f 1524/1945/1914 1509/1948/1917 1508/1946/1915
f 1508/1946/1915 1509/1948/1917 1228/1949/1918
f 1508/1946/1915 1228/1949/1918 1510/1456/1434
f 1510/1456/1434 1228/1949/1918 1501/1454/1432
f 898/1947/1916 897/1950/1919 1509/1948/1917
f 1509/1948/1917 897/1950/1919 1228/1949/1918
f 897/1950/1919 896/1951/1920 1228/1949/1918
f 1228/1949/1918 896/1951/1920 1501/1454/1432
f 1501/1454/1432 896/1951/1920 1493/1452/1430
f 1493/1452/1430 896/1951/1920 895/1952/1921
f 1493/1452/1430 895/1952/1921 1485/1450/1428
f 1485/1450/1428 895/1952/1921 894/1953/1922
f 1485/1450/1428 894/1953/1922 1477/1448/1426
f 1477/1448/1426 894/1953/1922 893/1954/1923
f 1477/1448/1426 893/1954/1923 1462/1446/1424
f 1462/1446/1424 893/1954/1923 1461/1444/1422
f 893/1954/1923 892/1955/1924 1461/1444/1422
f 1461/1444/1422 892/1955/1924 1453/1442/1420
f 892/1955/1924 891/1956/1925 1453/1442/1420
f 1453/1442/1420 891/1956/1925 1445/1440/1418
f 891/1956/1925 890/1957/1926 1445/1440/1418
f 1445/1440/1418 890/1957/1926 1429/1438/1416
f 890/1957/1926 889/1958/1927 1429/1438/1416
f 1429/1438/1416 889/1958/1927 1430/1436/1414
f 1430/1436/1414 889/1958/1927 1421/1434/1412
f 1421/1434/1412 889/1958/1927 888/1959/1928
f 1421/1434/1412 888/1959/1928 1413/1432/1410
f 1413/1432/1410 888/1959/1928 887/1960/1929
f 1413/1432/1410 887/1960/1929 1405/1430/1408
f 1405/1430/1408 887/1960/1929 886/1961/1930
f 1405/1430/1408 886/1961/1930 1397/1428/1406
f 1397/1428/1406 886/1961/1930 885/1426/1404
f 1342/1417/1395 881/1419/1397 1227/1415/1393
f 1227/1415/1393 881/1419/1397 880/1962/1931
f 1227/1415/1393 880/1962/1931 1334/1963/1932
f 1334/1963/1932 880/1962/1931 879/1964/1933
f 1334/1963/1932 879/1964/1933 1326/1965/1934
f 1326/1965/1934 879/1964/1933 878/1966/1935
f 1326/1965/1934 878/1966/1935 1310/1967/1936
f 1310/1967/1936 878/1966/1935 877/1968/1937
f 1310/1967/1936 877/1968/1937 1311/1969/1938
f 1311/1969/1938 877/1968/1937 1226/1970/1939
f 1311/1969/1938 1226/1970/1939 1312/1971/1940
f 1312/1971/1940 1226/1970/1939 1302/1972/1941
f 1312/1971/1940 1302/1972/1941 1313/1973/1942
f 1313/1973/1942 1302/1972/1941 1301/1974/1943
f 1313/1973/1942 1301/1974/1943 1314/1407/1385
f 1314/1407/1385 1301/1974/1943 1300/1405/1383
f 877/1968/1937 876/1975/1944 1226/1970/1939
f 1226/1970/1939 876/1975/1944 1295/1976/1945
f 1226/1970/1939 1295/1976/1945 1294/1977/1946
f 1294/1977/1946 1295/1976/1945 1286/1978/1947
f 1294/1977/1946 1286/1978/1947 1285/1979/1948
f 1285/1979/1948 1286/1978/1947 1269/1980/1949
f 1285/1979/1948 1269/1980/1949 1268/1981/1950
f 1268/1981/1950 1269/1980/1949 1275/1982/1951
f 1268/1981/1950 1275/1982/1951 1276/1983/1952
f 1276/1983/1952 1275/1982/1951 1259/1984/1953
f 1276/1983/1952 1259/1984/1953 1258/1985/1954
f 1258/1985/1954 1259/1984/1953 1250/1986/1955
f 1258/1985/1954 1250/1986/1955 1249/1987/1956
f 1249/1987/1956 1250/1986/1955 1241/1381/1360
f 1249/1987/1956 1241/1381/1360 1240/1383/1362
f 876/1975/1944 875/1988/1957 1295/1976/1945
f 1295/1976/1945 875/1988/1957 1287/1989/1958
f 1295/1976/1945 1287/1989/1958 1286/1978/1947
f 1286/1978/1947 1287/1989/1958 1270/1990/1959
f 1286/1978/1947 1270/1990/1959 1269/1980/1949
f 1269/1980/1949 1270/1990/1959 1274/1991/1960
f 1269/1980/1949 1274/1991/1960 1275/1982/1951
f 1275/1982/1951 1274/1991/1960 1260/1992/1961
f 1275/1982/1951 1260/1992/1961 1259/1984/1953
f 1259/1984/1953 1260/1992/1961 1251/1993/1962
f 1259/1984/1953 1251/1993/1962 1250/1986/1955
f 1250/1986/1955 1251/1993/1962 1242/1379/1358
f 1250/1986/1955 1242/1379/1358 1241/1381/1360
f 875/1988/1957 874/1994/1963 1287/1989/1958
f 1287/1989/1958 874/1994/1963 1271/1995/1964
f 1287/1989/1958 1271/1995/1964 1270/1990/1959
f 1270/1990/1959 1271/1995/1964 1273/1996/1965
f 1270/1990/1959 1273/1996/1965 1274/1991/1960
f 1274/1991/1960 1273/1996/1965 1261/1997/1966
f 1274/1991/1960 1261/1997/1966 1260/1992/1961
f 1260/1992/1961 1261/1997/1966 1252/1998/1967
f 1260/1992/1961 1252/1998/1967 1251/1993/1962
f 1251/1993/1962 1252/1998/1967 1243/1377/1356
f 1251/1993/1962 1243/1377/1356 1242/1379/1358
f 874/1994/1963 873/1999/1968 1271/1995/1964
f 1271/1995/1964 873/1999/1968 1272/2000/1969
f 1271/1995/1964 1272/2000/1969 1273/1996/1965
f 1273/1996/1965 1272/2000/1969 1262/2001/1970
f 1273/1996/1965 1262/2001/1970 1261/1997/1966
f 1261/1997/1966 1262/2001/1970 1253/2002/1971
f 1261/1997/1966 1253/2002/1971 1252/1998/1967
f 1252/1998/1967 1253/2002/1971 1244/1375/1354
f 1252/1998/1967 1244/1375/1354 1243/1377/1356
f 1272/2000/1969 873/1999/1968 1263/2003/1972
f 1263/2003/1972 873/1999/1968 872/2004/1973
f 1263/2003/1972 872/2004/1973 1255/2005/1974
f 1255/2005/1974 872/2004/1973 871/2006/1975
f 1255/2005/1974 871/2006/1975 1247/1369/1348
f 1247/1369/1348 871/2006/1975 870/1367/1346
f 1244/1375/1354 1253/2002/1971 1245/1373/1352
f 1245/1373/1352 1253/2002/1971 1254/2007/1976
f 1245/1373/1352 1254/2007/1976 1246/1371/1350
f 1246/1371/1350 1254/2007/1976 1255/2005/1974
f 1246/1371/1350 1255/2005/1974 1247/1369/1348
f 1240/1383/1362 1248/1393/1371 1249/1987/1956
f 1249/1987/1956 1248/1393/1371 1257/2008/1977
f 1249/1987/1956 1257/2008/1977 1258/1985/1954
f 1258/1985/1954 1257/2008/1977 1277/2009/1978
f 1258/1985/1954 1277/2009/1978 1276/1983/1952
f 1276/1983/1952 1277/2009/1978 1267/2010/1979
f 1276/1983/1952 1267/2010/1979 1268/1981/1950
f 1268/1981/1950 1267/2010/1979 1284/2011/1980
f 1268/1981/1950 1284/2011/1980 1285/1979/1948
f 1285/1979/1948 1284/2011/1980 1293/2012/1981
f 1285/1979/1948 1293/2012/1981 1294/1977/1946
f 1294/1977/1946 1293/2012/1981 1302/1972/1941
f 1294/1977/1946 1302/1972/1941 1226/1970/1939
f 1263/2003/1972 1255/2005/1974 1254/2007/1976
f 1263/2003/1972 1254/2007/1976 1262/2001/1970
f 1262/2001/1970 1254/2007/1976 1253/2002/1971
f 1248/1393/1371 1256/1395/1373 1257/2008/1977
f 1257/2008/1977 1256/1395/1373 1278/2013/1982
f 1257/2008/1977 1278/2013/1982 1277/2009/1978
f 1277/2009/1978 1278/2013/1982 1266/2014/1983
f 1277/2009/1978 1266/2014/1983 1267/2010/1979
f 1267/2010/1979 1266/2014/1983 1283/2015/1984
f 1267/2010/1979 1283/2015/1984 1284/2011/1980
f 1284/2011/1980 1283/2015/1984 1292/2016/1985
f 1284/2011/1980 1292/2016/1985 1293/2012/1981
f 1293/2012/1981 1292/2016/1985 1301/1974/1943
f 1293/2012/1981 1301/1974/1943 1302/1972/1941
f 1272/2000/1969 1263/2003/1972 1262/2001/1970
f 1279/1397/1375 1265/1399/1377 1278/2013/1982
f 1278/2013/1982 1265/1399/1377 1266/2014/1983
f 1283/2015/1984 1266/2014/1983 1282/1401/1379
f 1282/1401/1379 1266/2014/1983 1265/1399/1377
f 1256/1395/1373 1279/1397/1375 1278/2013/1982
f 1292/2016/1985 1283/2015/1984 1291/1403/1381
f 1291/1403/1381 1283/2015/1984 1282/1401/1379
f 1301/1974/1943 1292/2016/1985 1300/1405/1383
f 1300/1405/1383 1292/2016/1985 1291/1403/1381
f 1313/1973/1942 1314/1407/1385 1308/2017/1986
f 1308/2017/1986 1314/1407/1385 1307/1409/1387
f 1308/2017/1986 1307/1409/1387 1324/1411/1389
f 1312/1971/1940 1313/1973/1942 1309/2018/1987
f 1309/2018/1987 1313/1973/1942 1308/2017/1986
f 1309/2018/1987 1308/2017/1986 1325/2019/1988
f 1325/2019/1988 1308/2017/1986 1324/1411/1389
f 1325/2019/1988 1324/1411/1389 1333/1413/1391
f 1311/1969/1938 1312/1971/1940 1310/1967/1936
f 1310/1967/1936 1312/1971/1940 1309/2018/1987
f 1310/1967/1936 1309/2018/1987 1326/1965/1934
f 1326/1965/1934 1309/2018/1987 1325/2019/1988
f 1326/1965/1934 1325/2019/1988 1334/1963/1932
f 1334/1963/1932 1325/2019/1988 1333/1413/1391
f 1334/1963/1932 1333/1413/1391 1227/1415/1393
f 1303/1569/1547 1319/1583/1561 1320/1570/1548
f 1320/1570/1548 1319/1583/1561 1328/2020/1989
f 1320/1570/1548 1328/2020/1989 1329/1571/1549
f 1329/1571/1549 1328/2020/1989 1337/2021/1990
f 1329/1571/1549 1337/2021/1990 1338/1572/1550
f 1338/1572/1550 1337/2021/1990 1347/1593/1571
f 1338/1572/1550 1347/1593/1571 1346/1573/1551
f 1319/1583/1561 1327/1585/1563 1328/2020/1989
f 1328/2020/1989 1327/1585/1563 1336/2022/1991
f 1328/2020/1989 1336/2022/1991 1337/2021/1990
f 1337/2021/1990 1336/2022/1991 1348/1591/1569
f 1337/2021/1990 1348/1591/1569 1347/1593/1571
f 1327/1585/1563 1335/1587/1565 1336/2022/1991
f 1336/2022/1991 1335/1587/1565 1349/1589/1567
f 1336/2022/1991 1349/1589/1567 1348/1591/1569
f 1350/1590/1568 1359/1597/1575 1351/1592/1570
f 1351/1592/1570 1359/1597/1575 1360/2023/1992
f 1351/1592/1570 1360/2023/1992 1352/1594/1572
f 1352/1594/1572 1360/2023/1992 1361/2024/1993
f 1352/1594/1572 1361/2024/1993 1353/1574/1552
f 1353/1574/1552 1361/2024/1993 1362/1576/1554
f 1355/1564/1542 1345/1563/1541 1354/1575/1553
f 1364/1565/1543 1355/1564/1542 1363/1577/1555
f 1363/1577/1555 1355/1564/1542 1354/1575/1553
f 1359/1597/1575 1368/1599/1577 1360/2023/1992
f 1360/2023/1992 1368/1599/1577 1369/2025/1994
f 1360/2023/1992 1369/2025/1994 1361/2024/1993
f 1361/2024/1993 1369/2025/1994 1370/2026/1995
f 1361/2024/1993 1370/2026/1995 1362/1576/1554
f 1362/1576/1554 1370/2026/1995 1371/1578/1556
f 1373/1423/1401 1364/1565/1543 1372/1579/1557
f 1372/1579/1557 1364/1565/1543 1363/1577/1555
f 1368/1599/1577 1377/1601/1579 1369/2025/1994
f 1369/2025/1994 1377/1601/1579 1378/2027/1996
f 1369/2025/1994 1378/2027/1996 1370/2026/1995
f 1370/2026/1995 1378/2027/1996 1379/2028/1997
f 1370/2026/1995 1379/2028/1997 1371/1578/1556
f 1371/1578/1556 1379/2028/1997 1380/1580/1558
f 1381/1425/1403 1373/1423/1401 1372/1579/1557
f 1377/1601/1579 1386/1603/1581 1378/2027/1996
f 1378/2027/1996 1386/1603/1581 1385/2029/1998
f 1378/2027/1996 1385/2029/1998 1384/2030/1999
f 1384/2030/1999 1385/2029/1998 1394/1605/1583
f 1384/2030/1999 1394/1605/1583 1395/2031/2000
f 1395/2031/2000 1394/1605/1583 1403/1607/1585
f 1395/2031/2000 1403/1607/1585 1404/1431/1409
f 1404/1431/1409 1403/1607/1585 1412/1433/1411
f 1378/2027/1996 1384/2030/1999 1379/2028/1997
f 1379/2028/1997 1384/2030/1999 1383/2032/2001
f 1379/2028/1997 1383/2032/2001 1380/1580/1558
f 1380/1580/1558 1383/2032/2001 1382/1427/1405
f 1382/1427/1405 1383/2032/2001 1396/1429/1407
f 1396/1429/1407 1383/2032/2001 1395/2031/2000
f 1396/1429/1407 1395/2031/2000 1404/1431/1409
f 1383/2032/2001 1384/2030/1999 1395/2031/2000
f 1386/1603/1581 1394/1605/1583 1385/2029/1998
f 1391/1620/1598 1389/1619/1597 1390/1626/1604
f 1391/1620/1598 1390/1626/1604 1399/2033/2002
f 1399/2033/2002 1390/1626/1604 1398/1628/1606
f 1399/2033/2002 1398/1628/1606 1407/2034/2003
f 1407/2034/2003 1398/1628/1606 1406/1630/1608
f 1407/2034/2003 1406/1630/1608 1415/2035/2004
f 1415/2035/2004 1406/1630/1608 1414/1632/1610
f 1415/2035/2004 1414/1632/1610 1436/2036/2005
f 1436/2036/2005 1414/1632/1610 1437/1634/1612
f 1436/2036/2005 1437/1634/1612 1423/1636/1614
f 1391/1620/1598 1399/2033/2002 1400/1621/1599
f 1400/1621/1599 1399/2033/2002 1408/2037/2006
f 1400/1621/1599 1408/2037/2006 1409/1622/1600
f 1409/1622/1600 1408/2037/2006 1417/2038/2007
f 1409/1622/1600 1417/2038/2007 1418/1623/1601
f 1418/1623/1601 1417/2038/2007 1433/2039/2008
f 1418/1623/1601 1433/2039/2008 1432/1624/1602
f 1432/1624/1602 1433/2039/2008 1427/2040/2009
f 1432/1624/1602 1427/2040/2009 1428/1439/1417
f 1428/1439/1417 1427/2040/2009 1444/1441/1419
f 1408/2037/2006 1399/2033/2002 1407/2034/2003
f 1408/2037/2006 1407/2034/2003 1416/2041/2010
f 1416/2041/2010 1407/2034/2003 1415/2035/2004
f 1416/2041/2010 1415/2035/2004 1435/2042/2011
f 1435/2042/2011 1415/2035/2004 1436/2036/2005
f 1435/2042/2011 1436/2036/2005 1424/2043/2012
f 1424/2043/2012 1436/2036/2005 1423/1636/1614
f 1424/2043/2012 1423/1636/1614 1440/1638/1616
f 1408/2037/2006 1416/2041/2010 1417/2038/2007
f 1417/2038/2007 1416/2041/2010 1434/2044/2013
f 1417/2038/2007 1434/2044/2013 1433/2039/2008
f 1433/2039/2008 1434/2044/2013 1426/2045/2014
f 1433/2039/2008 1426/2045/2014 1427/2040/2009
f 1427/2040/2009 1426/2045/2014 1443/2046/2015
f 1427/2040/2009 1443/2046/2015 1444/1441/1419
f 1444/1441/1419 1443/2046/2015 1452/1443/1421
f 1434/2044/2013 1416/2041/2010 1435/2042/2011
f 1434/2044/2013 1435/2042/2011 1425/2047/2016
f 1425/2047/2016 1435/2042/2011 1424/2043/2012
f 1425/2047/2016 1424/2043/2012 1441/2048/2017
f 1441/2048/2017 1424/2043/2012 1440/1638/1616
f 1441/2048/2017 1440/1638/1616 1449/1640/1618
f 1434/2044/2013 1425/2047/2016 1426/2045/2014
f 1426/2045/2014 1425/2047/2016 1442/2049/2018
f 1426/2045/2014 1442/2049/2018 1443/2046/2015
f 1443/2046/2015 1442/2049/2018 1451/2050/2019
f 1443/2046/2015 1451/2050/2019 1452/1443/1421
f 1452/1443/1421 1451/2050/2019 1460/1445/1423
f 1442/2049/2018 1425/2047/2016 1441/2048/2017
f 1442/2049/2018 1441/2048/2017 1450/2051/2020
f 1450/2051/2020 1441/2048/2017 1449/1640/1618
f 1450/2051/2020 1449/1640/1618 1458/1642/1620
f 1442/2049/2018 1450/2051/2020 1451/2050/2019
f 1451/2050/2019 1450/2051/2020 1459/2052/2021
f 1451/2050/2019 1459/2052/2021 1460/1445/1423
f 1460/1445/1423 1459/2052/2021 1463/1447/1425
f 1459/2052/2021 1450/2051/2020 1458/1642/1620
f 1463/1447/1425 1459/2052/2021 1464/1644/1622
f 1464/1644/1622 1459/2052/2021 1458/1642/1620
f 1463/1447/1425 1464/1644/1622 1476/1449/1427
f 1471/1669/1647 1469/1668/1646 1470/1674/1652
f 1471/1669/1647 1470/1674/1652 1479/2053/2022
f 1479/2053/2022 1470/1674/1652 1478/1676/1654
f 1479/2053/2022 1478/1676/1654 1487/2054/2023
f 1487/2054/2023 1478/1676/1654 1486/1678/1656
f 1487/2054/2023 1486/1678/1656 1495/2055/2024
f 1495/2055/2024 1486/1678/1656 1494/1680/1658
f 1495/2055/2024 1494/1680/1658 1516/1682/1660
f 1471/1669/1647 1479/2053/2022 1480/1670/1648
f 1480/1670/1648 1479/2053/2022 1488/2056/2025
f 1480/1670/1648 1488/2056/2025 1489/1671/1649
f 1489/1671/1649 1488/2056/2025 1497/2057/2026
f 1489/1671/1649 1497/2057/2026 1498/1672/1650
f 1498/1672/1650 1497/2057/2026 1513/2058/2027
f 1498/1672/1650 1513/2058/2027 1512/1673/1651
f 1512/1673/1651 1513/2058/2027 1506/1459/1437
f 1488/2056/2025 1479/2053/2022 1487/2054/2023
f 1488/2056/2025 1487/2054/2023 1496/2059/2028
f 1496/2059/2028 1487/2054/2023 1495/2055/2024
f 1496/2059/2028 1495/2055/2024 1515/2060/2029
f 1515/2060/2029 1495/2055/2024 1516/1682/1660
f 1515/2060/2029 1516/1682/1660 1503/1684/1662
f 1488/2056/2025 1496/2059/2028 1497/2057/2026
f 1497/2057/2026 1496/2059/2028 1514/2061/2030
f 1497/2057/2026 1514/2061/2030 1513/2058/2027
f 1513/2058/2027 1514/2061/2030 1505/2062/2031
f 1513/2058/2027 1505/2062/2031 1506/1459/1437
f 1506/1459/1437 1505/2062/2031 1521/1461/1439
f 1514/2061/2030 1496/2059/2028 1515/2060/2029
f 1514/2061/2030 1515/2060/2029 1504/2063/2032
f 1504/2063/2032 1515/2060/2029 1503/1684/1662
f 1504/2063/2032 1503/1684/1662 1519/1686/1664
f 1514/2061/2030 1504/2063/2032 1505/2062/2031
f 1505/2062/2031 1504/2063/2032 1520/2064/2033
f 1505/2062/2031 1520/2064/2033 1521/1461/1439
f 1521/1461/1439 1520/2064/2033 1529/1463/1441
f 1520/2064/2033 1504/2063/2032 1519/1686/1664
f 1529/1463/1441 1520/2064/2033 1528/1688/1666
f 1528/1688/1666 1520/2064/2033 1519/1686/1664
f 1531/1942/1911 1522/1460/1438 1530/1462/1440
f 1537/1465/1443 1529/1463/1441 1528/1688/1666
f 1538/1464/1442 1539/1938/1907 1530/1462/1440
f 1530/1462/1440 1539/1938/1907 1531/1942/1911
f 1539/1938/1907 1540/1936/1905 1531/1942/1911
f 1541/1935/1904 1542/1937/1906 1556/1933/1902
f 1556/1933/1902 1542/1937/1906 1555/2065/2034
f 1556/1933/1902 1555/2065/2034 1564/1931/1900
f 1564/1931/1900 1555/2065/2034 1563/2066/2035
f 1564/1931/1900 1563/2066/2035 1572/1929/1898
f 1572/1929/1898 1563/2066/2035 1571/2067/2036
f 1572/1929/1898 1571/2067/2036 1580/1927/1896
f 1580/1927/1896 1571/2067/2036 1579/1924/1893
f 1580/1927/1896 1579/1924/1893 1589/1923/1892
f 1542/1937/1906 1543/1939/1908 1555/2065/2034
f 1555/2065/2034 1543/1939/1908 1554/2068/2037
f 1555/2065/2034 1554/2068/2037 1563/2066/2035
f 1563/2066/2035 1554/2068/2037 1562/2069/2038
f 1563/2066/2035 1562/2069/2038 1571/2067/2036
f 1571/2067/2036 1562/2069/2038 1570/1925/1894
f 1571/2067/2036 1570/1925/1894 1579/1924/1893
f 1543/1939/1908 1544/1466/1444 1554/2068/2037
f 1554/2068/2037 1544/1466/1444 1553/2070/2039
f 1554/2068/2037 1553/2070/2039 1562/2069/2038
f 1562/2069/2038 1553/2070/2039 1561/1926/1895
f 1562/2069/2038 1561/1926/1895 1570/1925/1894
f 1553/2070/2039 1544/1466/1444 1552/1468/1446
f 1561/1926/1895 1553/2070/2039 1552/1468/1446
f 1549/1704/1682 1557/1707/1685 1558/1705/1683
f 1558/1705/1683 1557/1707/1685 1566/2071/2040
f 1558/1705/1683 1566/2071/2040 1567/1473/1451
f 1567/1473/1451 1566/2071/2040 1575/1475/1453
f 1557/1707/1685 1565/1709/1687 1566/2071/2040
f 1566/2071/2040 1565/1709/1687 1574/2072/2041
f 1566/2071/2040 1574/2072/2041 1575/1475/1453
f 1575/1475/1453 1574/2072/2041 1594/1477/1455
f 1565/1709/1687 1573/1711/1689 1574/2072/2041
f 1574/2072/2041 1573/1711/1689 1595/2073/2042
f 1574/2072/2041 1595/2073/2042 1594/1477/1455
f 1594/1477/1455 1595/2073/2042 1583/1479/1457
f 1596/1713/1691 1582/1715/1693 1595/2073/2042
f 1595/2073/2042 1582/1715/1693 1583/1479/1457
f 1583/1479/1457 1582/1715/1693 1599/1481/1459
f 1593/1476/1454 1584/1478/1456 1585/1910/1879
f 1585/1910/1879 1584/1478/1456 1601/2074/2043
f 1585/1910/1879 1601/2074/2043 1602/1908/1877
f 1602/1908/1877 1601/2074/2043 1610/2075/2044
f 1602/1908/1877 1610/2075/2044 1611/1906/1875
f 1611/1906/1875 1610/2075/2044 1619/1901/1870
f 1611/1906/1875 1619/1901/1870 1229/1899/1868
f 1601/2074/2043 1584/1478/1456 1600/1480/1458
f 1573/1711/1689 1596/1713/1691 1595/2073/2042
f 1601/2074/2043 1600/1480/1458 1609/2076/2045
f 1609/2076/2045 1600/1480/1458 1608/1482/1460
f 1609/2076/2045 1608/1482/1460 1617/1890/1859
f 1601/2074/2043 1609/2076/2045 1610/2075/2044
f 1610/2075/2044 1609/2076/2045 1618/1903/1872
f 1610/2075/2044 1618/1903/1872 1619/1901/1870
f 1618/1903/1872 1609/2076/2045 1617/1890/1859
f 1630/1902/1871 1631/1889/1858 1625/2077/2046
f 1625/2077/2046 1631/1889/1858 1624/1888/1857
f 1625/2077/2046 1624/1888/1857 1641/1887/1856
f 1629/1900/1869 1630/1902/1871 1626/2078/2047
f 1626/2078/2047 1630/1902/1871 1625/2077/2046
f 1626/2078/2047 1625/2077/2046 1642/2079/2048
f 1642/2079/2048 1625/2077/2046 1641/1887/1856
f 1642/2079/2048 1641/1887/1856 1650/1886/1855
f 1628/1898/1867 1629/1900/1869 1627/1896/1865
f 1627/1896/1865 1629/1900/1869 1626/2078/2047
f 1627/1896/1865 1626/2078/2047 1643/1894/1863
f 1643/1894/1863 1626/2078/2047 1642/2079/2048
f 1643/1894/1863 1642/2079/2048 1651/1892/1861
f 1651/1892/1861 1642/2079/2048 1650/1886/1855
f 1651/1892/1861 1650/1886/1855 1230/1885/1854
f 1646/1861/1830 1637/1490/1468 1645/1492/1470
f 1646/1861/1830 1645/1492/1470 1654/2080/2049
f 1654/2080/2049 1645/1492/1470 1653/1494/1472
f 1654/2080/2049 1653/1494/1472 1673/2081/2050
f 1673/2081/2050 1653/1494/1472 1674/1496/1474
f 1673/2081/2050 1674/1496/1474 1659/1498/1476
f 1646/1861/1830 1654/2080/2049 1655/1859/1828
f 1655/1859/1828 1654/2080/2049 1672/2082/2051
f 1655/1859/1828 1672/2082/2051 1671/1857/1826
f 1671/1857/1826 1672/2082/2051 1661/2083/2052
f 1671/1857/1826 1661/2083/2052 1662/1855/1824
f 1662/1855/1824 1661/2083/2052 1678/2084/2053
f 1662/1855/1824 1678/2084/2053 1679/1853/1822
f 1679/1853/1822 1678/2084/2053 1687/2085/2054
f 1679/1853/1822 1687/2085/2054 1688/1851/1820
f 1688/1851/1820 1687/2085/2054 1696/2086/2055
f 1688/1851/1820 1696/2086/2055 1697/1849/1818
f 1697/1849/1818 1696/2086/2055 1708/2087/2056
f 1697/1849/1818 1708/2087/2056 1707/1847/1816
f 1707/1847/1816 1708/2087/2056 1706/1845/1814
f 1672/2082/2051 1654/2080/2049 1673/2081/2050
f 1672/2082/2051 1673/2081/2050 1660/2088/2057
f 1660/2088/2057 1673/2081/2050 1659/1498/1476
f 1660/2088/2057 1659/1498/1476 1676/2089/2058
f 1676/2089/2058 1659/1498/1476 1675/1500/1478
f 1676/2089/2058 1675/1500/1478 1684/2090/2059
f 1684/2090/2059 1675/1500/1478 1683/1502/1480
f 1684/2090/2059 1683/1502/1480 1692/1838/1807
f 1672/2082/2051 1660/2088/2057 1661/2083/2052
f 1661/2083/2052 1660/2088/2057 1677/2091/2060
f 1661/2083/2052 1677/2091/2060 1678/2084/2053
f 1678/2084/2053 1677/2091/2060 1686/2092/2061
f 1678/2084/2053 1686/2092/2061 1687/2085/2054
f 1687/2085/2054 1686/2092/2061 1695/2093/2062
f 1687/2085/2054 1695/2093/2062 1696/2086/2055
f 1696/2086/2055 1695/2093/2062 1709/2094/2063
f 1696/2086/2055 1709/2094/2063 1708/2087/2056
f 1708/2087/2056 1709/2094/2063 1705/2095/2064
f 1708/2087/2056 1705/2095/2064 1706/1845/1814
f 1706/1845/1814 1705/2095/2064 1722/1843/1812
f 1677/2091/2060 1660/2088/2057 1676/2089/2058
f 1677/2091/2060 1676/2089/2058 1685/2096/2065
f 1685/2096/2065 1676/2089/2058 1684/2090/2059
f 1685/2096/2065 1684/2090/2059 1693/2097/2066
f 1693/2097/2066 1684/2090/2059 1692/1838/1807
f 1693/2097/2066 1692/1838/1807 1712/1837/1806
f 1677/2091/2060 1685/2096/2065 1686/2092/2061
f 1686/2092/2061 1685/2096/2065 1694/2098/2067
f 1686/2092/2061 1694/2098/2067 1695/2093/2062
f 1695/2093/2062 1694/2098/2067 1710/2099/2068
f 1695/2093/2062 1710/2099/2068 1709/2094/2063
f 1709/2094/2063 1710/2099/2068 1704/2100/2069
f 1709/2094/2063 1704/2100/2069 1705/2095/2064
f 1705/2095/2064 1704/2100/2069 1721/2101/2070
f 1705/2095/2064 1721/2101/2070 1722/1843/1812
f 1722/1843/1812 1721/2101/2070 1730/1841/1810
f 1694/2098/2067 1685/2096/2065 1693/2097/2066
f 1694/2098/2067 1693/2097/2066 1711/2102/2071
f 1711/2102/2071 1693/2097/2066 1712/1837/1806
f 1711/2102/2071 1712/1837/1806 1702/1836/1805
f 1702/1836/1805 1703/2103/2072 1711/2102/2071
f 1711/2102/2071 1703/2103/2072 1710/2099/2068
f 1711/2102/2071 1710/2099/2068 1694/2098/2067
f 1710/2099/2068 1703/2103/2072 1704/2100/2069
f 1704/2100/2069 1703/2103/2072 1720/2104/2073
f 1704/2100/2069 1720/2104/2073 1721/2101/2070
f 1721/2101/2070 1720/2104/2073 1729/2105/2074
f 1721/2101/2070 1729/2105/2074 1730/1841/1810
f 1730/1841/1810 1729/2105/2074 1738/1839/1808
f 1720/2104/2073 1703/2103/2072 1719/1835/1804
f 1719/1835/1804 1703/2103/2072 1702/1836/1805
f 1729/2105/2074 1720/2104/2073 1728/1834/1803
f 1728/1834/1803 1720/2104/2073 1719/1835/1804
f 1738/1839/1808 1729/2105/2074 1737/1833/1802
f 1737/1833/1802 1729/2105/2074 1728/1834/1803
f 1747/1832/1801 1738/1839/1808 1737/1833/1802
f 1754/1754/1732 1739/1759/1737 1740/1755/1733
f 1740/1755/1733 1739/1759/1737 1756/2106/2075
f 1740/1755/1733 1756/2106/2075 1757/1756/1734
f 1757/1756/1734 1756/2106/2075 1765/2107/2076
f 1757/1756/1734 1765/2107/2076 1766/1757/1735
f 1766/1757/1735 1765/2107/2076 1774/2108/2077
f 1766/1757/1735 1774/2108/2077 1775/1758/1736
f 1775/1758/1736 1774/2108/2077 1782/1532/1510
f 1775/1758/1736 1782/1532/1510 1781/1530/1508
f 1739/1759/1737 1755/1761/1739 1756/2106/2075
f 1756/2106/2075 1755/1761/1739 1764/2109/2078
f 1756/2106/2075 1764/2109/2078 1765/2107/2076
f 1765/2107/2076 1764/2109/2078 1773/2110/2079
f 1765/2107/2076 1773/2110/2079 1774/2108/2077
f 1774/2108/2077 1773/2110/2079 1783/1534/1512
f 1774/2108/2077 1783/1534/1512 1782/1532/1510
f 1755/1761/1739 1763/1763/1741 1764/2109/2078
f 1764/2109/2078 1763/1763/1741 1772/2111/2080
f 1764/2109/2078 1772/2111/2080 1773/2110/2079
f 1773/2110/2079 1772/2111/2080 1784/1536/1514
f 1773/2110/2079 1784/1536/1514 1783/1534/1512
f 1763/1763/1741 1771/1765/1743 1772/2111/2080
f 1772/2111/2080 1771/1765/1743 1785/1538/1516
f 1772/2111/2080 1785/1538/1516 1784/1536/1514
f 1786/1540/1518 1785/1538/1516 1771/1765/1743
f 1788/1539/1517 1787/1541/1519 1796/2112/2081
f 1796/2112/2081 1787/1541/1519 1795/1766/1744
f 1796/2112/2081 1795/1766/1744 1804/2113/2082
f 1804/2113/2082 1795/1766/1744 1803/1768/1746
f 1804/2113/2082 1803/1768/1746 1812/2114/2083
f 1812/2114/2083 1803/1768/1746 1811/1770/1748
f 1812/2114/2083 1811/1770/1748 1825/1772/1750
f 1789/1537/1515 1788/1539/1517 1797/2115/2084
f 1797/2115/2084 1788/1539/1517 1796/2112/2081
f 1797/2115/2084 1796/2112/2081 1805/2116/2085
f 1805/2116/2085 1796/2112/2081 1804/2113/2082
f 1805/2116/2085 1804/2113/2082 1813/2117/2086
f 1813/2117/2086 1804/2113/2082 1812/2114/2083
f 1813/2117/2086 1812/2114/2083 1824/2118/2087
f 1824/2118/2087 1812/2114/2083 1825/1772/1750
f 1824/2118/2087 1825/1772/1750 1827/1774/1752
f 1790/1535/1513 1789/1537/1515 1798/2119/2088
f 1798/2119/2088 1789/1537/1515 1797/2115/2084
f 1798/2119/2088 1797/2115/2084 1806/2120/2089
f 1806/2120/2089 1797/2115/2084 1805/2116/2085
f 1806/2120/2089 1805/2116/2085 1814/2121/2090
f 1814/2121/2090 1805/2116/2085 1813/2117/2086
f 1814/2121/2090 1813/2117/2086 1823/2122/2091
f 1823/2122/2091 1813/2117/2086 1824/2118/2087
f 1823/2122/2091 1824/2118/2087 1828/2123/2092
f 1828/2123/2092 1824/2118/2087 1827/1774/1752
f 1828/2123/2092 1827/1774/1752 1836/1776/1754
f 1791/1533/1511 1790/1535/1513 1799/2124/2093
f 1799/2124/2093 1790/1535/1513 1798/2119/2088
f 1799/2124/2093 1798/2119/2088 1807/2125/2094
f 1807/2125/2094 1798/2119/2088 1806/2120/2089
f 1807/2125/2094 1806/2120/2089 1815/2126/2095
f 1815/2126/2095 1806/2120/2089 1814/2121/2090
f 1815/2126/2095 1814/2121/2090 1822/2127/2096
f 1822/2127/2096 1814/2121/2090 1823/2122/2091
f 1822/2127/2096 1823/2122/2091 1829/2128/2097
f 1829/2128/2097 1823/2122/2091 1828/2123/2092
f 1829/2128/2097 1828/2123/2092 1837/2129/2098
f 1837/2129/2098 1828/2123/2092 1836/1776/1754
f 1837/2129/2098 1836/1776/1754 1845/1778/1756
f 1792/1531/1509 1791/1533/1511 1800/2130/2099
f 1800/2130/2099 1791/1533/1511 1799/2124/2093
f 1800/2130/2099 1799/2124/2093 1808/2131/2100
f 1808/2131/2100 1799/2124/2093 1807/2125/2094
f 1808/2131/2100 1807/2125/2094 1816/2132/2101
f 1816/2132/2101 1807/2125/2094 1815/2126/2095
f 1816/2132/2101 1815/2126/2095 1821/2133/2102
f 1821/2133/2102 1815/2126/2095 1822/2127/2096
f 1821/2133/2102 1822/2127/2096 1830/2134/2103
f 1830/2134/2103 1822/2127/2096 1829/2128/2097
f 1830/2134/2103 1829/2128/2097 1838/2135/2104
f 1838/2135/2104 1829/2128/2097 1837/2129/2098
f 1838/2135/2104 1837/2129/2098 1846/2136/2105
f 1846/2136/2105 1837/2129/2098 1845/1778/1756
f 1846/2136/2105 1845/1778/1756 1854/1780/1758
f 1802/1821/1790 1794/1527/1505 1793/1529/1507
f 1793/1529/1507 1792/1531/1509 1801/2137/2106
f 1801/2137/2106 1792/1531/1509 1800/2130/2099
f 1801/2137/2106 1800/2130/2099 1809/2138/2107
f 1809/2138/2107 1800/2130/2099 1808/2131/2100
f 1809/2138/2107 1808/2131/2100 1817/2139/2108
f 1817/2139/2108 1808/2131/2100 1816/2132/2101
f 1817/2139/2108 1816/2132/2101 1820/2140/2109
f 1820/2140/2109 1816/2132/2101 1821/2133/2102
f 1820/2140/2109 1821/2133/2102 1830/2134/2103
f 1810/1815/1784 1802/1821/1790 1801/2137/2106
f 1801/2137/2106 1802/1821/1790 1793/1529/1507
f 1810/1815/1784 1801/2137/2106 1809/2138/2107
f 1818/1816/1785 1810/1815/1784 1809/2138/2107
f 1818/1816/1785 1809/2138/2107 1817/2139/2108
f 1819/1817/1786 1818/1816/1785 1817/2139/2108
f 1819/1817/1786 1817/2139/2108 1820/2140/2109
f 1819/1817/1786 1820/2140/2109 1831/1818/1787
f 1831/1818/1787 1820/2140/2109 1830/2134/2103
f 1831/1818/1787 1830/2134/2103 1839/1819/1788
f 1839/1819/1788 1830/2134/2103 1838/2135/2104
f 1839/1819/1788 1838/2135/2104 1847/1820/1789
f 1847/1820/1789 1838/2135/2104 1846/2136/2105
f 1847/1820/1789 1846/2136/2105 1855/1796/1768
f 1855/1796/1768 1846/2136/2105 1854/1780/1758
f 1003/2141/2110 969/2142/2111 933/2143/2112
f 933/2143/2112 969/2142/2111 968/2144/2113
f 933/2143/2112 968/2144/2113 967/2145/2114
f 969/2142/2111 1003/2141/2110 970/2146/2115
f 970/2146/2115 1003/2141/2110 1002/2147/2116
f 970/2146/2115 1002/2147/2116 971/2148/2117
f 971/2148/2117 1002/2147/2116 1001/2149/2118
f 971/2148/2117 1001/2149/2118 972/2150/2119
f 972/2150/2119 1001/2149/2118 1000/2151/2120
f 972/2150/2119 1000/2151/2120 973/2152/2121
f 973/2152/2121 1000/2151/2120 999/2153/2122
f 973/2152/2121 999/2153/2122 974/2154/2123
f 974/2154/2123 999/2153/2122 998/2155/2124
f 974/2154/2123 998/2155/2124 975/2156/2125
f 975/2156/2125 998/2155/2124 997/2157/2126
f 975/2156/2125 997/2157/2126 976/2158/2127
f 976/2158/2127 997/2157/2126 996/2159/2128
f 976/2158/2127 996/2159/2128 977/2160/2129
f 977/2160/2129 996/2159/2128 995/2161/2130
f 977/2160/2129 995/2161/2130 978/2162/2131
f 978/2162/2131 995/2161/2130 994/2163/2132
f 978/2162/2131 994/2163/2132 979/2164/2133
f 979/2164/2133 994/2163/2132 993/2165/2134
f 979/2164/2133 993/2165/2134 980/2166/2135
f 980/2166/2135 993/2165/2134 992/2167/2136
f 980/2166/2135 992/2167/2136 981/2168/2137
f 981/2168/2137 992/2167/2136 991/2169/2138
f 981/2168/2137 991/2169/2138 982/2170/2139
f 982/2170/2139 991/2169/2138 990/2171/2140
f 982/2170/2139 990/2171/2140 983/2172/2141
f 983/2172/2141 990/2171/2140 989/2173/2142
f 983/2172/2141 989/2173/2142 984/2174/2143
f 984/2174/2143 989/2173/2142 988/2175/2144
f 984/2174/2143 988/2175/2144 985/2176/2145
f 985/2176/2145 988/2175/2144 987/2177/2146
f 985/2176/2145 987/2177/2146 986/2178/2147
f 967/2145/2114 966/2179/2148 933/2143/2112
f 933/2143/2112 966/2179/2148 965/2180/2149
f 933/2143/2112 965/2180/2149 964/2181/2150
f 964/2181/2150 963/2182/2151 933/2143/2112
f 933/2143/2112 963/2182/2151 962/2183/2152
f 933/2143/2112 962/2183/2152 961/2184/2153
f 961/2184/2153 960/2185/2154 933/2143/2112
f 933/2143/2112 960/2185/2154 959/2186/2155
f 933/2143/2112 959/2186/2155 958/2187/2156
f 958/2187/2156 957/2188/2157 933/2143/2112
f 933/2143/2112 957/2188/2157 956/2189/2158
f 933/2143/2112 956/2189/2158 955/2190/2159
f 955/2190/2159 954/2191/2160 933/2143/2112
f 933/2143/2112 954/2191/2160 953/2192/2161
f 933/2143/2112 953/2192/2161 952/2193/2162
f 952/2193/2162 951/2194/2163 933/2143/2112
f 933/2143/2112 951/2194/2163 950/2195/2164
f 933/2143/2112 950/2195/2164 949/2196/2165
f 949/2196/2165 948/2197/2166 933/2143/2112
f 933/2143/2112 948/2197/2166 947/2198/2167
f 933/2143/2112 947/2198/2167 946/2199/2168
f 946/2199/2168 945/2200/2169 933/2143/2112
f 933/2143/2112 945/2200/2169 944/2201/2170
f 933/2143/2112 944/2201/2170 934/2202/2171
f 934/2202/2171 944/2201/2170 943/2203/2172
f 934/2202/2171 943/2203/2172 942/2204/2173
f 942/2204/2173 941/2205/2174 934/2202/2171
f 934/2202/2171 941/2205/2174 940/2206/2175
f 934/2202/2171 940/2206/2175 939/2207/2176
f 939/2207/2176 938/2208/2177 934/2202/2171
f 934/2202/2171 938/2208/2177 937/2209/2178
f 934/2202/2171 937/2209/2178 936/2210/2179
f 936/2210/2179 935/2211/2180 934/2202/2171
f 1074/2212/2181 1064/2213/2182 1004/2214/2183
f 1004/2214/2183 1064/2213/2182 1063/2215/2184
f 1004/2214/2183 1063/2215/2184 1062/2216/2185
f 1073/2217/2186 1072/2218/2187 1074/2212/2181
f 1074/2212/2181 1072/2218/2187 1071/2219/2188
f 1074/2212/2181 1071/2219/2188 1070/2220/2189
f 1070/2220/2189 1069/2221/2190 1074/2212/2181
f 1074/2212/2181 1069/2221/2190 1068/2222/2191
f 1074/2212/2181 1068/2222/2191 1067/2223/2192
f 1067/2223/2192 1066/2224/2193 1074/2212/2181
f 1074/2212/2181 1066/2224/2193 1065/2225/2194
f 1074/2212/2181 1065/2225/2194 1064/2213/2182
f 1062/2216/2185 1061/2226/2195 1004/2214/2183
f 1004/2214/2183 1061/2226/2195 1060/2227/2196
f 1004/2214/2183 1060/2227/2196 1059/2228/2197
f 1059/2228/2197 1058/2229/2198 1004/2214/2183
f 1004/2214/2183 1058/2229/2198 1057/2230/2199
f 1004/2214/2183 1057/2230/2199 1056/2231/2200
f 1056/2231/2200 1055/2232/2201 1004/2214/2183
f 1004/2214/2183 1055/2232/2201 1054/2233/2202
f 1004/2214/2183 1054/2233/2202 1053/2234/2203
f 1053/2234/2203 1052/2235/2204 1004/2214/2183
f 1004/2214/2183 1052/2235/2204 1051/2236/2205
f 1004/2214/2183 1051/2236/2205 1050/2237/2206
f 1050/2237/2206 1049/2238/2207 1004/2214/2183
f 1004/2214/2183 1049/2238/2207 1048/2239/2208
f 1004/2214/2183 1048/2239/2208 1047/2240/2209
f 1047/2240/2209 1046/2241/2210 1004/2214/2183
f 1004/2214/2183 1046/2241/2210 1045/2242/2211
f 1004/2214/2183 1045/2242/2211 1044/2243/2212
f 1044/2243/2212 1043/2244/2213 1004/2214/2183
f 1004/2214/2183 1043/2244/2213 1042/2245/2214
f 1004/2214/2183 1042/2245/2214 1041/2246/2215
f 1041/2246/2215 1040/2247/2216 1004/2214/2183
f 1004/2214/2183 1040/2247/2216 1039/2248/2217
f 1004/2214/2183 1039/2248/2217 1005/2249/2218
f 1005/2249/2218 1039/2248/2217 1038/2250/2219
f 1005/2249/2218 1038/2250/2219 1006/2251/2220
f 1006/2251/2220 1038/2250/2219 1037/2252/2221
f 1006/2251/2220 1037/2252/2221 1007/2253/2222
f 1007/2253/2222 1037/2252/2221 1036/2254/2223
f 1007/2253/2222 1036/2254/2223 1008/2255/2224
f 1008/2255/2224 1036/2254/2223 1035/2256/2225
f 1008/2255/2224 1035/2256/2225 1009/2257/2226
f 1009/2257/2226 1035/2256/2225 1034/2258/2227
f 1009/2257/2226 1034/2258/2227 1010/2259/2228
f 1010/2259/2228 1034/2258/2227 1033/2260/2229
f 1010/2259/2228 1033/2260/2229 1011/2261/2230
f 1011/2261/2230 1033/2260/2229 1032/2262/2231
f 1011/2261/2230 1032/2262/2231 1012/2263/2232
f 1012/2263/2232 1032/2262/2231 1031/2264/2233
f 1012/2263/2232 1031/2264/2233 1013/2265/2234
f 1013/2265/2234 1031/2264/2233 1030/2266/2235
f 1013/2265/2234 1030/2266/2235 1014/2267/2236
f 1014/2267/2236 1030/2266/2235 1029/2268/2237
f 1014/2267/2236 1029/2268/2237 1015/2269/2238
f 1015/2269/2238 1029/2268/2237 1028/2270/2239
f 1015/2269/2238 1028/2270/2239 1016/2271/2240
f 1016/2271/2240 1028/2270/2239 1027/2272/2241
f 1016/2271/2240 1027/2272/2241 1017/2273/2242
f 1017/2273/2242 1027/2272/2241 1026/2274/2243
f 1017/2273/2242 1026/2274/2243 1018/2275/2244
f 1018/2275/2244 1026/2274/2243 1025/2276/2245
f 1018/2275/2244 1025/2276/2245 1019/2277/2246
f 1019/2277/2246 1025/2276/2245 1024/2278/2247
f 1019/2277/2246 1024/2278/2247 1020/2279/2248
f 1020/2279/2248 1024/2278/2247 1023/2280/2249
f 1020/2279/2248 1023/2280/2249 1021/2281/2250
f 1021/2281/2250 1023/2280/2249 1022/2282/2251
# 1857 vertices
# 2282 texture params
# 2251 normals
# 3714 facets

# 1 groups
