# WaveFront *.obj file (generated by Autodesk ATF)

mtllib Center Stantion Rack.mtl

g Body1

v -10.000000 5.756544 10.000000
v -5.000000 -2.903710 10.000000
v -5.000000 -2.903710 13.000000
v -10.000000 5.756544 13.000000
v -15.000000 -2.903710 10.000000
v -15.000000 -2.903710 13.000000
v -15.126890 -27.484374 10.000000
v -16.188175 -24.132132 10.000000
v -16.665041 -22.354075 10.000000
v -17.101911 -20.493522 10.000000
v -17.495676 -18.539567 10.000000
v -17.838217 -16.510407 10.000000
v -18.338417 -12.442875 10.000000
v -18.618279 -8.415030 10.000000
v -18.711212 -4.479579 10.000000
v -18.650627 -0.689227 10.000000
v -18.469934 2.903320 10.000000
v -18.202544 6.245356 10.000000
v -18.046777 7.805962 10.000000
v -17.881865 9.284175 10.000000
v -17.137868 14.706165 10.000000
v -16.193576 20.037150 10.000000
v -15.065174 25.208448 10.000000
v -14.736642 26.096617 10.000000
v -14.207849 26.883455 10.000000
v -13.509398 27.523275 10.000000
v -12.679492 27.981165 10.000000
v -12.679492 28.022203 10.000000
v -10.393929 28.571486 10.000000
v -8.187052 29.044441 10.000000
v -6.067033 29.432338 10.000000
v -4.042044 29.726451 10.000000
v -2.029982 29.924503 10.000000
v -0.000096 30.000000 10.000000
v -0.000096 -30.600399 10.000000
v -0.144087 -30.603886 10.000000
v -0.682461 -30.609432 10.000000
v -1.303477 -30.597493 10.000000
v -2.697606 -30.502793 10.000000
v -4.822991 -30.181060 10.000000
v -6.880616 -29.698754 10.000000
v -8.948279 -29.122267 10.000000
v -11.113419 -28.547443 10.000000
v -13.037867 -28.064030 10.000000
v -13.418552 27.586644 11.280090
v -14.066985 27.038760 12.403208
v -14.366777 26.686515 12.922464
v -14.641572 26.271547 13.398422
v -14.880819 25.781970 13.812811
v -15.065174 25.208448 14.132122
v -15.566243 23.035793 15.000000
v -15.566243 27.260295 15.000000
v -14.476101 27.555841 13.111818
v -2.729374 -30.168936 10.911739
v -2.773033 -29.964205 11.860377
v -2.827742 -29.892542 12.827646
v -4.965321 -29.679160 12.551113
v -6.030347 -29.534961 12.315105
v -7.086868 -29.368919 12.008085
v -8.130298 -29.183448 11.625640
v -9.154166 -28.981966 11.164177
v -10.150993 -28.768599 10.622561
v -9.075461 -29.068167 10.124562
v -7.221089 -29.581202 10.097428
v -7.432087 -29.383137 10.837320
v -5.591237 -29.847838 10.536974
v -5.735833 -29.655244 11.326250
v -3.931089 -30.067366 10.776931
v -4.012916 -29.871840 11.613962
v -0.137123 -30.544469 10.137027
v -0.940535 -30.260643 10.940439
v -1.666090 -30.068418 11.665994
v -2.299815 -29.951236 12.299719
v -1.573041 -30.351878 10.589260
v -15.126890 -27.484374 14.239018
v -15.566243 -26.176019 15.000000
v -15.818516 -25.378446 15.413075
v -16.082682 -24.499068 15.802455
v -16.355074 -23.535180 16.166963
v -16.632026 -22.484078 16.505423
v -16.909822 -21.343215 16.816626
v -17.181886 -20.119607 17.097899
v -17.442906 -18.817417 17.348603
v -17.689305 -17.435463 17.569460
v -17.917509 -15.972562 17.761190
v -18.123942 -14.427533 17.924512
v -18.305026 -12.799192 18.060147
v -18.457186 -11.086359 18.168814
v -18.576847 -9.287851 18.251235
v -18.659949 -7.415616 18.307748
v -18.709386 -3.610557 18.342164
v -18.614632 0.214543 18.277544
v -18.390547 4.000838 18.120921
v -18.056045 7.700854 17.871875
v -17.633741 11.266344 17.522299
v -17.146370 14.647851 17.063736
v -16.616670 17.795919 16.487729
v -16.345324 19.256778 16.155185
v -16.077747 20.618072 15.796231
v -15.817033 21.878217 15.411100
v -15.566243 -27.355938 15.000000
v -16.311759 -27.133250 16.112042
v -17.193150 -26.862751 17.108588
v -18.190844 -26.547698 17.973166
v -19.284295 -26.192788 18.693373
v -20.456006 -25.802299 19.261938
v -21.682614 -25.383656 19.671023
v -22.946172 -24.943332 19.917700
v -24.226497 -24.489297 20.000000
v -24.226497 24.678150 20.000000
v -22.938773 25.081385 19.916742
v -21.669828 25.473694 19.667650
v -20.439062 25.848570 19.255018
v -19.269166 26.198895 18.684776
v -18.178297 26.519740 17.963642
v -17.183164 26.806810 17.098698
v -16.307410 27.054518 16.106414
v -19.887660 -0.047821 19.009689
v -21.278946 -0.047821 19.555728
v -22.736075 -0.047821 19.888308
v -34.139746 -20.866492 20.000000
v -39.109017 -19.105715 20.000000
v -44.105683 -17.472048 20.000000
v -49.127106 -16.040412 20.000000
v -51.656211 -15.422041 20.000000
v -54.214656 -14.879453 20.000000
v -56.795649 -14.426950 20.000000
v -59.392286 -14.078861 20.000000
v -61.997663 -13.849515 20.000000
v -64.604876 -13.753241 20.000000
v -67.206032 -13.804304 20.000000
v -69.778165 -14.014504 20.000000
v -72.313262 -14.393226 20.000000
v -74.810346 -14.949859 20.000000
v -77.268443 -15.693794 20.000000
v -79.684468 -16.633518 20.000000
v -82.010521 -17.752747 20.000000
v -84.230290 -19.034876 20.000000
v -86.348084 -20.470105 20.000000
v -88.368214 -22.048632 20.000000
v -90.294992 -23.760659 20.000000
v -92.135031 -25.598789 20.000000
v -93.903839 -27.567363 20.000000
v -95.605720 -29.662570 20.000000
v -97.243222 -31.878988 20.000000
v -98.818893 -34.211198 20.000000
v -98.818893 41.375830 20.000000
v -98.003008 39.559001 20.000000
v -97.184504 37.818416 20.000000
v -96.363117 36.152651 20.000000
v -95.538580 34.560283 20.000000
v -93.878998 31.590045 20.000000
v -92.203634 28.896317 20.000000
v -90.510458 26.467834 20.000000
v -88.808100 24.306299 20.000000
v -87.101641 22.404848 20.000000
v -85.388723 20.745977 20.000000
v -83.666991 19.312179 20.000000
v -81.928291 18.082401 20.000000
v -80.134329 17.023864 20.000000
v -78.273013 16.130193 20.000000
v -76.337723 15.399094 20.000000
v -74.321841 14.828273 20.000000
v -72.222336 14.415811 20.000000
v -70.039898 14.158442 20.000000
v -67.768552 14.050791 20.000000
v -65.402136 14.087443 20.000000
v -62.934489 14.262986 20.000000
v -60.360599 14.572187 20.000000
v -57.688116 15.007948 20.000000
v -54.928966 15.557674 20.000000
v -52.094540 16.208215 20.000000
v -49.196230 16.946424 20.000000
v -46.245428 17.759154 20.000000
v -43.253527 18.633257 20.000000
v -40.224444 19.558024 20.000000
v -37.114919 20.537725 20.000000
v -30.711986 22.600815 20.000000
v -100.259377 -36.527015 19.895709
v -101.616545 -38.881018 19.600685
v -102.894943 -41.262807 19.131702
v -104.099161 -43.660050 18.492414
v -105.212737 -46.018102 17.688870
v -106.207596 -48.249094 16.738369
v -106.653215 -49.287687 16.214638
v -107.062088 -50.262730 15.661141
v -107.432559 -51.165011 15.079795
v -107.762975 -51.985318 14.472515
v -107.762975 67.109343 14.472515
v -107.434866 65.966016 15.075915
v -107.067967 64.706436 15.652626
v -106.664027 63.342580 16.201006
v -106.224793 61.886423 16.719414
v -105.752014 60.349943 17.206210
v -105.247436 58.745117 17.659751
v -104.149882 55.378331 18.460506
v -102.946356 51.882007 19.108452
v -101.653432 48.348053 19.589855
v -100.282685 44.845851 19.892288
v -100.393888 -22.211653 19.875191
v -100.393888 7.562013 19.875191
v -100.393888 37.335678 19.875191
v -101.929568 -22.211653 19.503878
v -101.929568 7.562013 19.503878
v -101.929568 37.335678 19.503878
v -103.387600 -22.211653 18.895331
v -103.387600 7.562013 18.895331
v -103.387600 37.335678 18.895331
v -104.731589 -22.211653 18.064740
v -104.731589 7.562013 18.064740
v -104.731589 37.335678 18.064740
v -105.927985 -22.211653 17.032838
v -105.927985 7.562013 17.032838
v -105.927985 37.335678 17.032838
v -106.946925 -22.211653 15.825383
v -106.946925 7.562013 15.825383
v -106.946925 37.335678 15.825383
v -105.097218 58.272608 29.901722
v -105.097218 -45.766743 29.901722
v -104.998940 -45.554138 30.000000
v -104.998940 57.966388 30.000000
v -20.000096 25.980779 30.000000
v -24.092566 24.721026 30.000000
v -28.004098 23.474026 30.000000
v -31.657942 22.292548 30.000000
v -35.232482 21.137641 30.000000
v -42.245828 18.932817 30.000000
v -45.669327 17.917456 30.000000
v -49.027173 16.983167 30.000000
v -52.311713 16.147229 30.000000
v -55.515296 15.426918 30.000000
v -58.630268 14.839514 30.000000
v -61.648976 14.402295 30.000000
v -64.563768 14.132538 30.000000
v -67.362900 14.046754 30.000000
v -70.045563 14.158521 30.000000
v -72.620679 14.480722 30.000000
v -75.096853 15.026163 30.000000
v -77.457469 15.798831 30.000000
v -79.697362 16.796232 30.000000
v -81.828467 18.018099 30.000000
v -83.863653 19.464901 30.000000
v -84.864041 20.285609 30.000000
v -85.863230 21.182245 30.000000
v -86.861341 22.158274 30.000000
v -87.858497 23.217162 30.000000
v -88.854818 24.362373 30.000000
v -89.850426 25.597374 30.000000
v -90.845443 26.925629 30.000000
v -91.839990 28.350603 30.000000
v -92.834074 29.875581 30.000000
v -93.821413 31.493199 30.000000
v -94.798647 33.198624 30.000000
v -95.766188 34.992600 30.000000
v -96.724447 36.875871 30.000000
v -97.673835 38.849181 30.000000
v -98.614764 40.913275 30.000000
v -99.547645 43.068897 30.000000
v -100.472888 45.316791 30.000000
v -101.390906 47.657701 30.000000
v -102.302108 50.092371 30.000000
v -103.206907 52.621547 30.000000
v -104.105714 55.245971 30.000000
v -103.643138 -42.732918 30.000000
v -102.196084 -39.940138 30.000000
v -100.654972 -37.195589 30.000000
v -99.016992 -34.519058 30.000000
v -97.278994 -31.929839 30.000000
v -95.421410 -29.425996 30.000000
v -93.430193 -27.020339 30.000000
v -91.299789 -24.739088 30.000000
v -89.024647 -22.608461 30.000000
v -86.603856 -20.658029 30.000000
v -84.061874 -18.929592 30.000000
v -81.396999 -17.436134 30.000000
v -78.601831 -16.185760 30.000000
v -77.153074 -15.654261 30.000000
v -75.669389 -15.186693 30.000000
v -72.655700 -14.458507 30.000000
v -69.609092 -13.995756 30.000000
v -66.536887 -13.776441 30.000000
v -63.446405 -13.778563 30.000000
v -60.344869 -13.980133 30.000000
v -57.232939 -14.360300 30.000000
v -54.111998 -14.899654 30.000000
v -50.986729 -15.578745 30.000000
v -47.861812 -16.378124 30.000000
v -44.741927 -17.278341 30.000000
v -38.535980 -19.303495 30.000000
v -32.406333 -21.498611 30.000000
v -26.307286 -23.739084 30.000000
v -20.000096 -25.955425 30.000000
v -0.563079 29.996328 10.562983
v -1.051296 29.984775 11.051200
v -1.950411 29.934759 11.950315
v -2.434802 29.894666 12.434706
v -2.987572 29.843517 12.987476
v -4.160074 29.711803 14.159978
v -6.599435 29.342486 16.599339
v -9.146794 28.847532 19.146698
v -11.780780 28.245601 21.780684
v -14.480023 27.555351 24.479927
v -17.223151 26.795441 27.223056
v -15.439328 -27.393325 25.439232
v -13.191363 -28.023418 23.191267
v -10.965619 -28.582372 20.965523
v -8.762554 -29.061261 18.762458
v -6.582623 -29.451162 16.582528
v -5.514769 -29.608387 15.514673
v -4.547083 -29.730533 14.546987
v -127.562235 -100.000000 7.191184
v -127.220287 -99.477947 7.536868
v -126.814998 -98.943346 7.946587
v -126.409611 -98.450997 8.356405
v -126.067369 -98.055700 8.702386
v -124.783784 -96.648128 10.000000
v -124.268108 -96.090653 10.521312
v -123.666494 -95.432886 11.129501
v -122.490085 -94.093312 12.318768
v -121.398902 -92.732142 13.421875
v -120.369810 -91.277069 14.462215
v -119.428581 -89.714146 15.413730
v -118.599553 -88.030669 16.251819
v -117.909932 -86.225811 16.948977
v -117.387451 -84.314310 17.477168
v -116.926205 -82.257455 17.943455
v -116.427413 -80.113225 18.447698
v -115.890352 -77.890275 18.990629
v -115.314299 -75.597262 19.572978
v -114.698531 -73.242839 20.195475
v -114.042326 -70.835665 20.858852
v -112.605714 -65.897679 22.311165
v -110.998679 -60.852549 23.935763
v -109.215440 -55.769520 25.738492
v -107.250213 -50.717836 27.725196
v -106.197548 -48.225388 28.789366
v -106.894703 64.118952 28.084592
v -108.607390 70.126902 26.353187
v -110.233741 76.232083 24.709062
v -111.772216 82.370117 23.153772
v -113.221279 88.476629 21.688872
v -114.580004 94.490105 20.315298
v -117.135181 106.555812 17.732195
v -118.338686 112.573389 16.515537
v -119.483891 118.496057 15.357816
v -120.564114 124.260272 14.265787
v -121.572671 129.802491 13.246207
v -122.047987 132.470494 12.765697
v -122.502881 135.059169 12.305832
v -122.936516 137.560573 11.867457
v -123.348059 139.966764 11.451416
v -123.736673 142.269797 11.058555
v -124.101524 144.461730 10.689717
v -124.441775 146.534621 10.345747
v -124.756592 148.480526 10.027490
v -124.783784 150.000000 10.000000
v -129.786041 150.000000 4.943073
v -128.680975 134.435971 6.060217
v -127.750883 118.850588 7.000474
v -126.980540 103.258054 7.779236
v -126.354722 87.672572 8.411893
v -125.856787 72.049711 8.915270
v -125.473387 56.401210 9.302860
v -125.194144 40.820804 9.585155
v -125.006583 25.126445 9.774766
v -124.907590 9.365864 9.874842
v -124.898707 -6.223909 9.883821
v -124.986732 -21.916169 9.794834
v -125.186057 -37.623320 9.593330
v -125.514479 -53.225646 9.261319
v -125.999397 -68.846402 8.771102
v -126.309104 -76.635302 8.458010
v -126.669931 -84.428316 8.093239
v -127.086220 -92.219356 7.672400
v -124.783784 150.000000 0.000000
v -109.999470 -57.947258 10.000000
v -111.318461 -61.827539 7.362297
v -112.591681 -65.862169 4.816127
v -113.818928 -70.051251 2.361893
v -115.000000 -74.394892 0.000000
v -115.000000 -0.000000 0.000000
v -115.000000 96.405044 0.000000
v -113.830519 91.138385 2.338714
v -112.607049 85.848944 4.785395
v -111.329922 80.567923 7.339377
v -109.999470 75.326525 10.000000
v -108.898093 71.187313 12.202520
v -108.896478 -54.915038 12.205750
v -116.255386 102.287051 0.000000
v -117.444222 108.074788 0.000000
v -118.566404 113.731368 0.000000
v -119.621762 119.221988 0.000000
v -120.610057 124.514339 0.000000
v -121.530988 129.579025 0.000000
v -122.384195 134.389979 0.000000
v -122.785279 136.693188 0.000000
v -123.169285 138.924942 0.000000
v -123.574581 141.310407 0.072966
v -123.975689 143.704681 0.131779
v -124.370421 146.097982 0.175574
v -124.756592 148.480526 0.203486
v -117.497849 -84.817932 10.000000
v -117.574924 -85.172334 8.154898
v -117.672936 -85.626357 6.336172
v -117.792051 -86.183449 4.556557
v -117.932292 -86.847150 2.827813
v -118.070063 -87.507470 1.387867
v -118.223611 -88.253675 -0.000000
v -117.530328 -84.966991 0.000000
v -116.763333 -81.550486 0.000000
v -115.920626 -78.020388 0.000000
v -117.386768 -84.311208 15.595584
v -117.404566 -84.392003 13.720230
v -117.441384 -84.559683 11.854306
v -127.205601 -100.000000 6.837606
v -126.848971 -100.000000 6.484028
v -126.492347 -100.000000 6.130451
v -126.314037 -100.000000 5.953662
v -126.224883 -100.000000 5.865269
v -126.135729 -100.000000 5.776875
v -126.112382 -99.999788 5.753755
v -125.788477 -99.963696 5.437310
v -125.373209 -99.852841 5.039969
v -124.870225 -99.644854 4.568144
v -124.353248 -99.358324 4.092387
v -123.366300 -98.621137 3.207525
v -122.445277 -97.704489 2.408929
v -121.593858 -96.638299 1.695525
v -120.792008 -95.401767 1.048942
v -120.052070 -93.999939 0.479603
v -119.388823 -92.440598 -0.000000
v -118.757070 -90.438847 -0.000000
v -118.535680 -89.464335 1.004107
v -124.266469 -96.277742 9.726660
v -123.261179 -95.415792 9.385538
v -122.321299 -94.489004 9.028332
v -121.451266 -93.501655 8.656697
v -120.655025 -92.458465 8.272395
v -119.936435 -91.364223 7.877203
v -119.298786 -90.224070 7.472974
v -118.745008 -89.043380 7.061607
v -118.141726 -87.415527 6.505322
v -118.077741 -87.075550 8.030231
v -118.720446 -88.786406 8.506431
v -119.310812 -90.025251 8.858208
v -119.990637 -91.219280 9.203426
v -120.756568 -92.362453 9.540345
v -121.604841 -93.449001 9.867270
v -122.531045 -94.473577 10.182578
v -123.530670 -95.430917 10.484665
v -125.516529 -98.008171 7.766713
v -124.271026 -97.144364 7.159815
v -123.395089 -96.436479 6.678682
v -122.572629 -95.680133 6.177322
v -121.806763 -94.878140 5.657605
v -121.100395 -94.033475 5.121467
v -120.456091 -93.149364 4.570940
v -119.876356 -92.229072 4.008073
v -119.363320 -91.276065 3.434979
v -118.918872 -90.293941 2.853815
v -118.435947 -88.945468 2.070132
v -118.318424 -88.335978 3.541810
v -118.842403 -89.784577 4.250675
v -119.323740 -90.838310 4.775882
v -119.878572 -91.859301 5.293217
v -120.504694 -92.843392 5.800579
v -121.199626 -93.786582 6.295910
v -121.960453 -94.685119 6.777225
v -122.784192 -95.535296 7.242555
v -123.667477 -96.333712 7.690031
v -124.606694 -97.077167 8.117852
v -125.939514 -97.977663 8.654685
v -126.482291 -98.796499 7.741548
v -125.221230 -98.054323 7.126584
v -124.039342 -97.224630 6.467772
v -123.209447 -96.547985 5.947343
v -122.431219 -95.827436 5.406420
v -121.707448 -95.065516 4.846913
v -121.040726 -94.264899 4.270790
v -120.433342 -93.428470 3.680116
v -119.887529 -92.559152 3.076965
v -119.405181 -91.660039 2.463481
v -118.987976 -90.734336 1.841844
v -127.015795 -99.481386 7.286033
v -125.813500 -98.885127 6.616621
v -124.680367 -98.214509 5.898689
v -123.622701 -97.473375 5.136315
v -122.882630 -96.873697 4.537911
v -122.190703 -96.238590 3.918807
v -121.549137 -95.570052 3.280953
v -120.959986 -94.870180 2.626355
v -120.425054 -94.141227 1.957105
v -119.946099 -93.385470 1.275304
v -119.524605 -92.605311 0.583113
v -119.069405 -91.239661 0.842414
v -119.459151 -92.105012 1.504108
v -119.910736 -92.946193 2.157612
v -120.422679 -93.760370 2.800730
v -120.993300 -94.544806 3.431306
v -121.620617 -95.296912 4.047247
v -122.302598 -96.014128 4.646470
v -123.036935 -96.694075 5.226982
v -123.821140 -97.334494 5.786849
v -124.939852 -98.123144 6.497959
v -126.135889 -98.833037 7.164818
v -127.299990 -99.974291 6.958835
v -127.228041 -99.948343 6.914714
v -127.084804 -99.895735 6.825821
v -126.801017 -99.787685 6.645453
v -126.244484 -99.560375 6.274597
v -125.177990 -99.061942 5.494053
v -124.178049 -98.507141 4.664954
v -123.249592 -97.898789 3.791475
v -122.603009 -97.409168 3.109828
v -122.001061 -96.892503 2.407576
v -121.445460 -96.350234 1.686681
v -120.443778 -94.638369 1.040733
v -120.939298 -95.299305 1.752638
v -121.486424 -95.934616 2.449928
v -122.083584 -96.542380 3.130512
v -122.728981 -97.120804 3.792377
v -123.420671 -97.668178 4.433562
v -124.411433 -98.346856 5.252989
v -125.475589 -98.963858 6.027945
v -126.607575 -99.515860 6.754295
v -127.197123 -99.766585 7.098052
v -126.931372 -99.977428 6.586490
v -126.863184 -99.954652 6.539216
v -126.727470 -99.908489 6.444016
v -126.458718 -99.813730 6.251034
v -125.932196 -99.614590 5.854957
v -124.925229 -99.178674 5.024016
v -123.983693 -98.694277 4.144618
v -123.111996 -98.163731 3.220965
v -122.506593 -97.737014 2.501782
v -126.624133 -99.981178 6.275723
v -126.559268 -99.962182 6.225588
v -126.430199 -99.923672 6.124666
v -126.174734 -99.844588 5.920240
v -125.674740 -99.678252 5.501273
v -124.720458 -99.313587 4.624563
v -123.830740 -98.907624 3.699443
v -126.386451 -99.985356 6.034873
v -126.324353 -99.970567 5.982282
v -126.200819 -99.940554 5.876445
v -125.956426 -99.878799 5.662184
v -125.478572 -99.748432 5.223518
v -124.568391 -99.460790 4.307321
v -126.214680 -99.989961 5.860298
v -126.154811 -99.979802 5.805646
v -126.035740 -99.959129 5.695683
v -125.800289 -99.916364 5.473150
v -125.340361 -99.825202 5.017874
v -126.112000 -99.994864 5.755268
v -126.053766 -99.989634 5.699004
v -125.937972 -99.978892 5.585812
v -118.221638 -87.833421 5.010296
v -118.785408 -89.374138 5.643970
v -119.302900 -90.493330 6.113030
v -119.898948 -91.576000 6.574520
v -120.571004 -92.617405 7.026424
v -121.316202 -93.612988 7.466771
v -122.131182 -94.558492 7.893663
v -123.012505 -95.449717 8.305220
v -123.956297 -96.282830 8.699664
v -124.958406 -97.054242 9.075290
v -118.029533 -86.811051 9.574550
v -118.711395 -88.600779 9.968196
v -119.338481 -89.894448 10.258666
v -120.060858 -91.138778 10.543326
v -120.874708 -92.327019 10.820636
v -121.775742 -93.452742 11.089101
v -122.758942 -94.510017 11.347293
v -117.996705 -86.619319 11.131062
v -118.717342 -88.483811 11.439742
v -119.381178 -89.829007 11.667252
v -120.146362 -91.120109 11.889886
v -121.008566 -92.349619 12.106355
v -121.962931 -93.510415 12.315409
v -117.978795 -86.497725 12.693935
v -118.737692 -88.432926 12.912655
v -119.438081 -89.826263 13.073829
v -120.245965 -91.160432 13.231434
v -121.156441 -92.427175 13.384479
v -117.975268 -86.443031 14.268224
v -118.772231 -88.445286 14.399057
v -119.509593 -89.884080 14.495248
v -118.263173 -81.589711 -0.000000
v -117.330759 -70.549066 -0.000000
v -116.576444 -59.314995 -0.000000
v -115.985077 -47.883769 0.000000
v -115.542235 -36.248885 0.000000
v -115.236881 -24.398599 0.000000
v -115.058651 -12.320580 0.000000
v -121.960214 129.644281 0.000000
v -120.878930 120.412361 0.000000
v -119.917386 111.236686 0.000000
v -119.067668 102.124566 0.000000
v -118.321858 93.083308 0.000000
v -117.672044 84.120221 0.000000
v -117.110308 75.242616 0.000000
v -116.628736 66.457800 -0.000000
v -116.220040 57.772379 -0.000000
v -115.878912 49.190151 -0.000000
v -115.600438 40.714252 -0.000000
v -115.379705 32.347819 -0.000000
v -115.211810 24.093969 0.000000
v -115.093362 15.953405 0.000000
v -115.023146 7.923131 0.000000
v -124.014184 -88.790106 5.000000
v -122.874837 -77.060860 5.000000
v -123.416150 -82.954713 5.000000
v -121.197162 -52.237402 5.000000
v -121.539421 -58.538402 5.000000
v -120.651973 -39.440620 5.000000
v -120.902097 -45.871966 5.000000
v -120.445030 -32.941458 5.000000
v -120.113800 -17.032659 5.000000
v -120.125856 18.524452 5.000000
v -120.232729 25.219987 5.000000
v -120.373109 32.005238 5.000000
v -120.989014 52.035362 5.000000
v -121.266279 58.717882 5.000000
v -121.584774 65.461211 5.000000
v -122.356015 79.121500 5.000000
v -123.901869 99.995112 5.000000
v -123.329802 92.990861 5.000000
v -125.234785 114.125094 5.000000
v -126.003010 121.243761 5.000000
v -126.843996 128.393501 5.000000
v -124.671684 -94.567352 5.000000
v -122.375741 -70.949579 5.000000
v -121.931441 -64.775610 5.000000
v -120.279525 -26.372570 5.000000
v -120.000458 2.095870 5.000000
v -120.021472 -7.545715 5.000000
v -120.051457 11.897880 5.000000
v -120.750677 45.415342 5.000000
v -120.548966 38.859515 5.000000
v -121.947139 72.267351 5.000000
v -122.815746 86.031813 5.000000
v -124.535634 107.041034 5.000000
v -127.761453 135.570754 5.000000
v -128.759546 142.771330 5.000000
vt -1.000000 0.000000 0.000000
vt -0.000000 0.000000 0.000000
vt -1.000000 0.300000 0.000000
vt -0.000000 0.300000 0.000000
vt -1.000000 0.000000 0.000000
vt -0.000000 0.000000 0.000000
vt -1.000000 0.300000 0.000000
vt -0.000000 0.300000 0.000000
vt -1.000000 0.000000 0.000000
vt 0.000000 0.000000 0.000000
vt -1.000000 0.300000 0.000000
vt 0.000000 0.300000 0.000000
vt 0.500000 -0.433013 0.000000
vt 0.000000 0.433013 0.000000
vt -0.500000 -0.433013 0.000000
vt 1.000000 -1.936196 0.000000
vt 0.606703 0.431383 0.000000
vt 0.500000 -2.802222 0.000000
vt 0.404204 0.460794 0.000000
vt 0.202998 0.480600 0.000000
vt 1.500000 -2.802222 0.000000
vt 1.713787 -1.041234 0.000000
vt 1.619358 -0.508136 0.000000
vt 1.350940 0.240477 0.000000
vt 1.420785 0.176495 0.000000
vt 1.506517 0.008994 0.000000
vt 1.473664 0.097811 0.000000
vt 1.111342 -5.366595 0.000000
vt 1.303787 -5.318254 0.000000
vt 1.618817 -4.925064 0.000000
vt 1.512689 -5.260288 0.000000
vt 1.666504 -4.747258 0.000000
vt 1.710191 -4.561203 0.000000
vt 1.749568 -4.365807 0.000000
vt 1.783822 -4.162891 0.000000
vt 1.833842 -3.756138 0.000000
vt 1.861828 -3.353354 0.000000
vt 1.871121 -2.959809 0.000000
vt 1.865063 -2.580773 0.000000
vt 1.846993 -2.221519 0.000000
vt 1.820254 -1.887315 0.000000
vt 1.804678 -1.731254 0.000000
vt 1.788187 -1.583433 0.000000
vt 1.267949 0.286266 0.000000
vt 1.039393 0.345298 0.000000
vt 0.818705 0.392593 0.000000
vt 1.267949 0.290370 0.000000
vt 0.000010 0.488149 0.000000
vt 0.000010 -5.571891 0.000000
vt 0.014409 -5.572239 0.000000
vt 0.068246 -5.572794 0.000000
vt 0.130348 -5.571600 0.000000
vt 0.269761 -5.562130 0.000000
vt 0.482299 -5.529957 0.000000
vt 0.688062 -5.481726 0.000000
vt 0.894828 -5.424077 0.000000
vt -2.309401 2.798116 0.000000
vt -2.161589 2.758664 0.000000
vt -2.309401 2.802220 0.000000
vt -1.950079 2.755584 0.000000
vt -2.031903 2.703876 0.000000
vt -1.971944 2.668652 0.000000
vt -1.916985 2.627155 0.000000
vt -1.732051 2.726030 0.000000
vt -1.869136 2.578197 0.000000
vt -1.832265 2.520845 0.000000
vt -1.732051 2.303579 0.000000
vt -0.189945 0.100000 0.000000
vt -0.210915 0.340321 0.000000
vt -0.284889 0.100000 0.000000
vt -0.295966 0.228009 0.000000
vt -0.379898 0.100000 0.000000
vt -0.164635 0.392246 0.000000
vt -0.094920 0.100000 0.000000
vt -0.114833 0.439842 0.000000
vt -0.060299 0.481281 0.000000
vt -0.000000 0.100000 0.000000
vt -0.000000 0.513212 0.000000
vt 0.506252 0.779489 0.000000
vt 0.506252 0.883470 0.000000
vt 0.405002 0.707200 0.000000
vt 0.386866 0.700318 0.000000
vt 0.405002 0.530931 0.000000
vt 0.324503 0.530931 0.000000
vt 0.405002 0.354662 0.000000
vt 0.324503 0.354662 0.000000
vt 0.405002 0.178392 0.000000
vt 0.324503 0.178392 0.000000
vt 0.331420 0.051184 0.000000
vt 0.244004 0.051185 0.000000
vt 0.256936 0.281971 0.000000
vt 0.303413 0.498998 0.000000
vt 0.418835 0.051183 0.000000
vt 0.506251 0.051183 0.000000
vt 0.506248 0.259319 0.000000
vt 0.506249 0.363389 0.000000
vt 0.506251 0.467459 0.000000
vt 0.506252 0.571520 0.000000
vt 0.506252 0.675529 0.000000
vt 0.202893 0.000000 0.000000
vt 0.304340 0.000000 0.000000
vt 0.235002 0.117579 0.000000
vt 0.296418 0.146285 0.000000
vt 0.289364 0.211278 0.000000
vt 0.281726 0.267460 0.000000
vt 0.267344 0.267461 0.000000
vt 0.193765 0.181751 0.000000
vt 0.123085 0.108240 0.000000
vt 0.101447 0.000000 0.000000
vt 0.057541 0.047648 0.000000
vt 0.000000 0.000000 0.000000
vt 0.279677 0.280804 0.000000
vt -11.277485 5.413212 0.000000
vt -11.277485 5.000000 0.000000
vt -11.058308 5.500000 0.000000
vt -10.762365 5.000000 0.000000
vt -10.943277 5.541110 0.000000
vt -10.819203 5.579623 0.000000
vt -10.686322 5.615519 0.000000
vt -10.544830 5.648773 0.000000
vt -10.248362 5.000000 0.000000
vt -10.242803 5.706374 0.000000
vt -9.920885 5.752230 0.000000
vt -9.732508 5.000000 0.000000
vt -9.581904 5.787187 0.000000
vt -9.591894 5.000000 0.000000
vt -9.443110 5.000000 0.000000
vt -9.228161 5.812092 0.000000
vt -9.122467 5.000000 0.000000
vt -8.861470 5.827754 0.000000
vt -8.772933 5.000000 0.000000
vt -8.483351 5.834216 0.000000
vt -8.396057 5.000000 0.000000
vt -8.096503 5.830775 0.000000
vt -7.992699 5.000000 0.000000
vt -7.901220 5.825124 0.000000
vt -7.710013 5.816881 0.000000
vt -7.563183 5.000000 0.000000
vt -7.524236 5.806015 0.000000
vt -7.343941 5.792451 0.000000
vt -7.107538 5.000000 0.000000
vt -7.169232 5.776119 0.000000
vt -7.000256 5.756946 0.000000
vt -6.870276 5.000000 0.000000
vt -6.837197 5.734860 0.000000
vt -6.680272 5.709790 0.000000
vt -6.634603 5.000000 0.000000
vt -6.529725 5.681663 0.000000
vt -6.402976 5.000000 0.000000
vt -6.386508 5.650542 0.000000
vt -6.252012 5.616696 0.000000
vt -6.174487 5.000000 0.000000
vt -6.126434 5.580246 0.000000
vt -6.009932 5.541308 0.000000
vt -5.902645 5.500000 0.000000
vt -5.723270 5.000000 0.000000
vt -5.723270 5.423902 0.000000
vt 2.303579 0.523599 0.000000
vt 2.187822 0.475438 0.000000
vt 2.726030 0.523599 0.000000
vt 2.705452 0.390328 0.000000
vt 2.061807 0.428926 0.000000
vt 1.925678 0.384151 0.000000
vt 1.779592 0.341227 0.000000
vt 2.680681 0.257885 0.000000
vt 1.464785 0.262958 0.000000
vt 1.126634 0.196040 0.000000
vt 2.651974 0.125940 0.000000
vt 0.770085 0.141223 0.000000
vt 0.400084 0.099523 0.000000
vt 0.021454 0.072183 0.000000
vt 2.619889 -0.004921 0.000000
vt -0.004782 -0.074800 0.000000
vt 2.584857 -0.135161 0.000000
vt -0.004782 -0.224399 0.000000
vt 2.547369 -0.265061 0.000000
vt -0.004782 -0.373999 0.000000
vt 2.508138 -0.394468 0.000000
vt 2.467815 -0.523599 0.000000
vt -2.494333 -0.395214 0.000000
vt -2.448930 -0.523599 0.000000
vt -0.361056 0.060716 0.000000
vt -2.619279 -0.006661 0.000000
vt -2.580230 -0.136991 0.000000
vt -0.741562 0.066738 0.000000
vt -0.928785 0.076787 0.000000
vt -1.108636 0.091317 0.000000
vt -2.654770 0.124365 0.000000
vt -1.279919 0.110013 0.000000
vt -1.442753 0.132634 0.000000
vt -1.597256 0.158952 0.000000
vt -1.743546 0.188754 0.000000
vt -1.881742 0.221840 0.000000
vt -2.686275 0.256479 0.000000
vt -2.011961 0.258032 0.000000
vt -2.134321 0.297166 0.000000
vt -2.248408 0.338884 0.000000
vt -2.713325 0.389617 0.000000
vt -2.353518 0.382622 0.000000
vt -2.449907 0.428133 0.000000
vt -2.537845 0.475192 0.000000
vt -2.735594 0.523599 0.000000
vt -2.617602 0.523599 0.000000
vt -2.538366 -0.266384 0.000000
vt -8.077244 2.467815 0.000000
vt -8.077244 -2.448930 0.000000
vt -7.428695 2.260082 0.000000
vt -7.085919 -2.086649 0.000000
vt -6.788402 2.053773 0.000000
vt -6.588992 -1.910572 0.000000
vt -6.477450 1.955802 0.000000
vt -6.089326 -1.747205 0.000000
vt -6.174541 1.863326 0.000000
vt -5.875351 1.775915 0.000000
vt -5.587183 -1.604041 0.000000
vt -5.580271 1.694642 0.000000
vt -5.334273 -1.542204 0.000000
vt -5.290440 1.620821 0.000000
vt -5.078428 -1.487945 0.000000
vt -5.006997 1.555767 0.000000
vt -4.820329 -1.442695 0.000000
vt -4.731082 1.500795 0.000000
vt -4.560665 -1.407886 0.000000
vt -4.463834 1.457219 0.000000
vt -4.300128 -1.384951 0.000000
vt -4.206445 1.426299 0.000000
vt -4.039406 -1.375324 0.000000
vt -3.959680 1.408744 0.000000
vt -3.779291 -1.380430 0.000000
vt -3.723039 1.405079 0.000000
vt -3.495904 1.415844 0.000000
vt -3.522077 -1.401450 0.000000
vt -3.277660 1.441581 0.000000
vt -3.268568 -1.439323 0.000000
vt -3.067710 1.482827 0.000000
vt -3.018859 -1.494986 0.000000
vt -2.866122 1.539909 0.000000
vt -2.773050 -1.569379 0.000000
vt -2.672593 1.613019 0.000000
vt -2.531447 -1.663352 0.000000
vt -2.486461 1.702386 0.000000
vt -2.298842 -1.775275 0.000000
vt -2.307065 1.808240 0.000000
vt -2.076865 -1.903488 0.000000
vt -2.133195 1.931218 0.000000
vt -1.865086 -2.047010 0.000000
vt -1.961022 2.074598 0.000000
vt -1.663073 -2.204863 0.000000
vt -1.789730 2.240485 0.000000
vt -1.470395 -2.376066 0.000000
vt -1.619084 2.430630 0.000000
vt -1.286391 -2.559879 0.000000
vt -1.448848 2.646783 0.000000
vt -1.109510 -2.756736 0.000000
vt -1.279531 2.889632 0.000000
vt -0.939322 -2.966257 0.000000
vt -1.111994 3.159005 0.000000
vt -0.775572 -3.187899 0.000000
vt -0.946036 3.456028 0.000000
vt -0.618005 -3.421120 0.000000
vt -0.863582 3.615265 0.000000
vt -0.781444 3.781842 0.000000
vt -0.699593 3.955900 0.000000
vt -0.618005 4.137583 0.000000
vt -1.732051 -2.735594 0.000000
vt -1.732051 -2.617602 0.000000
vt -1.819921 -2.748437 0.000000
vt 3.652702 -0.409002 0.000000
vt 2.221165 -0.395395 0.000000
vt 3.421120 -0.553553 0.000000
vt -0.756201 -0.395395 0.000000
vt -3.733568 -0.395395 0.000000
vt -3.733568 -0.237237 0.000000
vt -4.834805 -0.266159 0.000000
vt -5.188201 -0.128086 0.000000
vt -3.733568 -0.079079 0.000000
vt -5.537833 0.008707 0.000000
vt -3.733568 0.079079 0.000000
vt -5.874512 0.144674 0.000000
vt -3.733568 0.237237 0.000000
vt -6.034994 0.212533 0.000000
vt -6.188642 0.280406 0.000000
vt -6.334258 0.348367 0.000000
vt -3.733568 0.395395 0.000000
vt -6.470644 0.416490 0.000000
vt -6.596602 0.484856 0.000000
vt -6.710934 0.553553 0.000000
vt -0.756201 0.395395 0.000000
vt 5.116501 0.484404 0.000000
vt 2.221165 0.395395 0.000000
vt 5.026273 0.415455 0.000000
vt 4.928769 0.346627 0.000000
vt 2.221165 0.237237 0.000000
vt 4.824909 0.277847 0.000000
vt 4.601810 0.140144 0.000000
vt 2.221165 0.079079 0.000000
vt 4.366005 0.002715 0.000000
vt 2.221165 -0.079079 0.000000
vt 4.126281 -0.133728 0.000000
vt 2.221165 -0.237237 0.000000
vt 3.888102 -0.270004 0.000000
vt 5.198532 0.553553 0.000000
vt -4.484585 -0.406646 0.000000
vt -4.137583 -0.553553 0.000000
vt -0.756201 -0.237237 0.000000
vt -0.756201 -0.079079 0.000000
vt -0.756201 0.079079 0.000000
vt -0.756201 0.237237 0.000000
vt -0.013899 5.827261 0.000000
vt -0.013899 -4.576674 0.000000
vt -0.000000 5.796639 0.000000
vt 0.000000 -4.555414 0.000000
vt 0.999990 2.598078 0.000000
vt 0.590743 2.472103 0.000000
vt 0.999990 -2.595543 0.000000
vt -0.240633 -2.149861 0.000000
vt 0.369271 -2.373908 0.000000
vt 0.199590 2.347403 0.000000
vt -0.165794 2.229255 0.000000
vt -0.523248 2.113764 0.000000
vt -0.853598 -1.930350 0.000000
vt -1.224583 1.893282 0.000000
vt -1.474193 -1.727834 0.000000
vt -1.566933 1.791746 0.000000
vt -1.786181 -1.637812 0.000000
vt -1.902717 1.698317 0.000000
vt -2.098673 -1.557874 0.000000
vt -2.231171 1.614723 0.000000
vt -2.411200 -1.489965 0.000000
vt -2.551530 1.542692 0.000000
vt -2.723294 -1.436030 0.000000
vt -2.863027 1.483951 0.000000
vt -3.164898 1.440229 0.000000
vt -3.034487 -1.398013 0.000000
vt -3.456377 1.413254 0.000000
vt -3.736290 1.404675 0.000000
vt -4.004556 1.415852 0.000000
vt -3.960909 -1.399576 0.000000
vt -3.653689 -1.377644 0.000000
vt -3.344640 -1.377856 0.000000
vt -4.262068 1.448072 0.000000
vt -4.265570 -1.445851 0.000000
vt -4.509685 1.502616 0.000000
vt -4.566939 -1.518669 0.000000
vt -4.745747 1.579883 0.000000
vt -4.715307 -1.565426 0.000000
vt -4.860183 -1.618576 0.000000
vt -4.969736 1.679623 0.000000
vt -5.139700 -1.743613 0.000000
vt -5.182847 1.801810 0.000000
vt -5.406187 -1.892959 0.000000
vt -5.386365 1.946490 0.000000
vt -5.660386 -2.065803 0.000000
vt -5.486404 2.028561 0.000000
vt -5.586323 2.118225 0.000000
vt -5.902465 -2.260846 0.000000
vt -5.686134 2.215827 0.000000
vt -5.785850 2.321716 0.000000
vt -6.129979 -2.473909 0.000000
vt -5.885482 2.436237 0.000000
vt -5.985043 2.559737 0.000000
vt -6.343019 -2.702034 0.000000
vt -6.084544 2.692563 0.000000
vt -6.183999 2.835060 0.000000
vt -6.542141 -2.942600 0.000000
vt -6.283407 2.987558 0.000000
vt -6.382141 3.149320 0.000000
vt -6.727899 -3.192984 0.000000
vt -6.479865 3.319862 0.000000
vt -6.901699 -3.451906 0.000000
vt -6.576619 3.499260 0.000000
vt -6.672445 3.687587 0.000000
vt -7.065497 -3.719559 0.000000
vt -6.767384 3.884918 0.000000
vt -6.861476 4.091328 0.000000
vt -7.219608 -3.994014 0.000000
vt -6.954764 4.306890 0.000000
vt -7.364314 -4.273292 0.000000
vt -7.047289 4.531679 0.000000
vt -7.139091 4.765770 0.000000
vt -7.499894 -4.555414 0.000000
vt -7.230211 5.009237 0.000000
vt -7.320691 5.262155 0.000000
vt -7.410571 5.524597 0.000000
vt -7.499894 5.796639 0.000000
vt 0.707100 -3.060040 0.000000
vt 0.707100 3.000000 0.000000
vt 0.687721 -3.054447 0.000000
vt 0.574102 -3.026064 0.000000
vt 0.627482 2.999633 0.000000
vt 0.471493 -3.006842 0.000000
vt 0.558438 2.998477 0.000000
vt 0.431284 2.993476 0.000000
vt 0.381871 -2.995124 0.000000
vt 0.362781 2.989467 0.000000
vt 0.307211 -2.989254 0.000000
vt 0.284607 2.984352 0.000000
vt 0.118790 2.971180 0.000000
vt -0.226187 2.934249 0.000000
vt -0.072793 -2.960839 0.000000
vt 0.064059 -2.973053 0.000000
vt -0.586438 2.884753 0.000000
vt -0.532099 -2.906126 0.000000
vt -0.223810 -2.945116 0.000000
vt -0.843659 -2.858237 0.000000
vt -0.958940 2.824560 0.000000
vt -1.158427 -2.802342 0.000000
vt -1.340671 2.755535 0.000000
vt -1.476337 -2.739333 0.000000
vt -1.728608 2.679544 0.000000
vt -2.121327 -2.595543 0.000000
vt -2.121327 2.598078 0.000000
vt -3.208265 -10.000000 0.000000
vt -3.159641 -9.947795 0.000000
vt -3.140578 -9.221936 0.000000
vt -3.102011 -9.894335 0.000000
vt -3.044366 -9.845100 0.000000
vt -3.081383 -8.442832 0.000000
vt -2.995701 -9.805570 0.000000
vt -2.813180 -9.664813 0.000000
vt -3.030075 -7.663530 0.000000
vt -2.739853 -9.609065 0.000000
vt -2.986035 -6.884640 0.000000
vt -2.654305 -9.543289 0.000000
vt -2.917082 -5.322565 0.000000
vt -2.487024 -9.409331 0.000000
vt -2.331862 -9.273214 0.000000
vt -2.870382 -3.762332 0.000000
vt -2.185529 -9.127707 0.000000
vt -2.051690 -8.971415 0.000000
vt -1.933805 -8.803067 0.000000
vt -2.842038 -2.191617 0.000000
vt -1.835744 -8.622581 0.000000
vt -1.761449 -8.431431 0.000000
vt -1.695861 -8.225746 0.000000
vt -1.624935 -8.011323 0.000000
vt -1.548567 -7.789028 0.000000
vt -2.829521 -0.622391 0.000000
vt -1.466654 -7.559726 0.000000
vt -1.379095 -7.324284 0.000000
vt -2.830784 0.936586 0.000000
vt -1.285785 -7.083566 0.000000
vt -1.169035 8.847663 0.000000
vt -1.081504 -6.589768 0.000000
vt -0.962984 8.237012 0.000000
vt -0.852989 -6.085255 0.000000
vt -0.744218 7.623208 0.000000
vt -0.599419 -5.576952 0.000000
vt -0.512957 7.012690 0.000000
vt -0.269419 6.411895 0.000000
vt -0.319972 -5.071784 0.000000
vt -0.170287 -4.822539 0.000000
vt -0.013824 -4.576674 0.000000
vt -0.013824 5.827261 0.000000
vt -1.362240 9.449011 0.000000
vt -2.844861 2.512644 0.000000
vt -2.871531 4.082080 0.000000
vt -1.725577 10.655581 0.000000
vt -2.911239 5.640121 0.000000
vt -1.896711 11.257339 0.000000
vt -2.059555 11.849606 0.000000
vt -2.965757 7.204971 0.000000
vt -2.213159 12.426027 0.000000
vt -3.036561 8.767257 0.000000
vt -2.356572 12.980249 0.000000
vt -2.424160 13.247049 0.000000
vt -2.488844 13.505917 0.000000
vt -3.125550 10.325805 0.000000
vt -2.550505 13.756057 0.000000
vt -2.609025 13.996676 0.000000
vt -2.664285 14.226980 0.000000
vt -2.716165 14.446173 0.000000
vt -3.235090 11.885059 0.000000
vt -2.764547 14.653462 0.000000
vt -2.809313 14.848053 0.000000
vt -3.367346 13.443597 0.000000
vt -2.813180 15.000000 0.000000
vt -3.524482 15.000000 0.000000
vt 1.005693 5.478604 0.000000
vt 0.500000 4.978378 0.000000
vt 1.500000 4.978378 0.000000
vt -0.823147 -6.182754 0.000000
vt -1.118058 7.532652 0.000000
vt -1.118058 -5.794726 0.000000
vt -1.364312 7.118731 0.000000
vt -1.364673 -5.491504 0.000000
vt -1.618111 6.710934 0.000000
vt -1.618111 -5.198532 0.000000
vt -0.538471 -6.586217 0.000000
vt -0.000000 -0.000000 0.000000
vt -0.820585 8.056792 0.000000
vt -0.264073 -7.005125 0.000000
vt -0.000000 -7.439489 0.000000
vt -0.000000 9.640504 0.000000
vt -0.261482 9.113838 0.000000
vt -0.535035 8.584894 0.000000
vt 12.889002 1.220252 0.000000
vt 13.131565 1.000000 0.000000
vt 13.184253 2.470906 0.000000
vt 13.435165 0.733938 0.000000
vt 13.538926 2.315377 0.000000
vt 13.738698 0.478539 0.000000
vt 13.889364 2.168887 0.000000
vt 14.042015 0.233871 0.000000
vt 14.234595 2.031530 0.000000
vt 14.344951 0.000000 0.000000
vt 14.686386 0.000000 0.000000
vt 14.937534 1.773219 0.000000
vt 15.027822 0.000000 0.000000
vt 15.298594 1.651554 0.000000
vt 15.369257 0.000000 0.000000
vt 15.664875 1.535782 0.000000
vt 15.710692 0.000000 0.000000
vt 16.035420 1.426579 0.000000
vt 16.052128 0.000000 0.000000
vt 16.393563 0.000000 0.000000
vt 16.734999 0.000000 0.000000
vt 16.596514 1.276570 0.000000
vt 16.409040 1.324621 0.000000
vt 16.784088 1.230583 0.000000
vt 16.905716 0.000000 0.000000
vt 16.971429 1.186746 0.000000
vt 17.076434 0.000000 0.000000
vt 17.158123 1.145142 0.000000
vt 17.265482 0.007297 0.000000
vt 17.343657 1.105855 0.000000
vt 17.463074 0.013178 0.000000
vt 17.527387 1.068972 0.000000
vt 17.669712 0.017557 0.000000
vt 17.708514 1.034575 0.000000
vt 17.886046 0.020349 0.000000
vt 17.886046 1.002749 0.000000
vt 12.826327 2.635319 0.000000
vt 12.646595 1.447252 0.000000
vt 12.466072 2.808459 0.000000
vt 12.577882 1.507592 0.000000
vt 12.501749 1.565263 0.000000
vt 12.418760 1.620101 0.000000
vt 12.329472 1.671941 0.000000
vt 12.234431 1.720621 0.000000
vt 12.104461 2.990172 0.000000
vt 12.134175 1.765975 0.000000
vt 12.085146 3.000000 0.000000
vt 11.920156 1.846051 0.000000
vt 11.911634 3.000000 0.000000
vt 11.740625 3.000000 0.000000
vt 11.691719 1.910845 0.000000
vt 11.571948 3.000000 0.000000
vt 11.453098 1.958986 0.000000
vt 11.405442 3.000000 0.000000
vt 11.207292 1.989229 0.000000
vt 11.240960 3.000000 0.000000
vt 11.078363 3.000000 0.000000
vt 10.952474 2.000000 0.000000
vt 10.917523 3.000000 0.000000
vt 10.813686 2.000000 0.000000
vt 10.758320 3.000000 0.000000
vt 10.676675 2.000000 0.000000
vt 10.600638 3.000000 0.000000
vt 10.541349 2.000000 0.000000
vt 10.444369 3.000000 0.000000
vt 10.407620 2.000000 0.000000
vt 10.289412 3.000000 0.000000
vt 10.144606 2.000000 0.000000
vt 10.135672 3.000000 0.000000
vt 9.983062 3.000000 0.000000
vt 9.886981 2.000000 0.000000
vt 9.832071 3.000000 0.000000
vt 9.634154 2.000000 0.000000
vt 9.683592 3.000000 0.000000
vt 9.537546 3.000000 0.000000
vt 9.387134 2.000000 0.000000
vt 9.393845 3.000000 0.000000
vt 9.252407 3.000000 0.000000
vt 9.146452 2.000000 0.000000
vt 9.113159 3.000000 0.000000
vt 8.976032 3.000000 0.000000
vt 8.911573 2.000000 0.000000
vt 8.840963 3.000000 0.000000
vt 8.681978 2.000000 0.000000
vt 8.707895 3.000000 0.000000
vt 8.443678 3.000000 0.000000
vt 8.176009 3.000000 0.000000
vt 8.230159 2.000000 0.000000
vt 8.456437 2.000000 0.000000
vt 8.002013 2.000000 0.000000
vt 7.904097 3.000000 0.000000
vt 7.771615 2.000000 0.000000
vt 7.627372 3.000000 0.000000
vt 7.538609 2.000000 0.000000
vt 7.347194 3.000000 0.000000
vt 7.303033 2.000000 0.000000
vt 7.065856 3.000000 0.000000
vt 7.065251 2.000000 0.000000
vt 6.824803 2.000000 0.000000
vt 6.782560 3.000000 0.000000
vt 6.581161 2.000000 0.000000
vt 6.496382 3.000000 0.000000
vt 6.333744 2.000000 0.000000
vt 6.207273 3.000000 0.000000
vt 6.082022 2.000000 0.000000
vt 5.916038 3.000000 0.000000
vt 5.826565 2.000000 0.000000
vt 5.622813 3.000000 0.000000
vt 5.568200 2.000000 0.000000
vt 5.327507 3.000000 0.000000
vt 5.307503 2.000000 0.000000
vt 5.029839 3.000000 0.000000
vt 5.044871 2.000000 0.000000
vt 4.780544 2.000000 0.000000
vt 4.729364 3.000000 0.000000
vt 4.514642 2.000000 0.000000
vt 4.425480 3.000000 0.000000
vt 4.246523 2.000000 0.000000
vt 3.804259 3.000000 0.000000
vt 3.971287 2.000000 0.000000
vt 3.399534 2.000000 0.000000
vt 3.484799 3.000000 0.000000
vt 3.153505 3.000000 0.000000
vt 2.803324 2.000000 0.000000
vt 2.790707 3.000000 0.000000
vt 2.681604 1.991674 0.000000
vt 2.560258 1.966765 0.000000
vt 2.398202 3.000000 0.000000
vt 2.441087 1.925502 0.000000
vt 2.326320 1.868478 0.000000
vt 2.217861 1.796364 0.000000
vt 2.121648 2.722306 0.000000
vt 2.117595 1.709870 0.000000
vt 2.028222 1.610641 0.000000
vt 1.837922 2.447993 0.000000
vt 1.951691 1.500000 0.000000
vt 1.837522 1.311182 0.000000
vt 1.644744 1.000000 0.000000
vt 1.545877 2.178068 0.000000
vt 1.389818 1.000000 0.000000
vt 1.245321 1.914670 0.000000
vt 1.131191 1.000000 0.000000
vt 0.935897 1.659934 0.000000
vt 0.868420 1.000000 0.000000
vt 0.617107 1.415998 0.000000
vt 0.601011 1.000000 0.000000
vt 0.454017 1.298748 0.000000
vt 0.315098 1.000000 0.000000
vt 0.374487 1.243471 0.000000
vt 0.303252 1.195032 0.000000
vt 0.166975 1.105120 0.000000
vt 0.090542 1.056298 0.000000
vt 0.000016 1.000000 0.000000
vt -14.724729 1.185431 0.000000
vt -14.747605 1.000000 0.000000
vt -14.760840 0.000000 0.000000
vt -14.779110 0.815490 0.000000
vt -14.819662 0.633617 0.000000
vt -14.869723 0.455656 0.000000
vt -14.929818 0.282781 0.000000
vt -14.990118 0.138787 0.000000
vt -15.058905 0.000000 0.000000
vt -14.462775 0.000000 0.000000
vt -14.709912 1.372023 0.000000
vt -14.523605 1.794345 0.000000
vt -14.702781 1.559558 0.000000
vt -14.703055 1.747717 0.000000
vt -14.340361 1.844770 0.000000
vt -14.164710 0.000000 0.000000
vt -14.153920 1.899063 0.000000
vt -13.964780 1.957298 0.000000
vt -13.866645 0.000000 0.000000
vt -13.773354 2.019548 0.000000
vt -13.517321 0.236189 0.000000
vt -13.579985 2.085885 0.000000
vt -13.188493 2.231116 0.000000
vt -13.185624 0.481613 0.000000
vt -12.868495 0.736230 0.000000
vt -12.792006 2.393576 0.000000
vt -12.563542 1.000000 0.000000
vt -12.391675 2.573849 0.000000
vt -12.323938 1.220575 0.000000
vt -12.090282 1.447252 0.000000
vt -11.988291 2.772520 0.000000
vt -12.024341 1.507980 0.000000
vt -11.951496 1.566114 0.000000
vt -11.872370 1.621464 0.000000
vt -11.785642 2.878937 0.000000
vt -11.787576 1.673837 0.000000
vt -11.603387 1.768887 0.000000
vt -11.405071 1.849241 0.000000
vt -11.564687 3.000000 0.000000
vt -11.582439 2.990172 0.000000
vt -11.325930 3.000000 0.000000
vt -11.198818 1.913170 0.000000
vt -11.082657 3.000000 0.000000
vt -10.988238 1.960068 0.000000
vt -10.835110 3.000000 0.000000
vt -10.773300 1.989571 0.000000
vt -10.583483 3.000000 0.000000
vt -10.553780 2.000000 0.000000
vt -10.327884 3.000000 0.000000
vt -10.322728 2.000000 0.000000
vt -10.091576 2.000000 0.000000
vt -10.066108 3.000000 0.000000
vt -9.859979 2.000000 0.000000
vt -9.796983 3.000000 0.000000
vt -9.627589 2.000000 0.000000
vt -9.520544 3.000000 0.000000
vt -9.393842 2.000000 0.000000
vt -9.236765 3.000000 0.000000
vt -9.156871 2.000000 0.000000
vt -8.946106 3.000000 0.000000
vt -8.916027 2.000000 0.000000
vt -8.651726 3.000000 0.000000
vt -8.670933 2.000000 0.000000
vt -8.421192 2.000000 0.000000
vt -8.353342 3.000000 0.000000
vt -8.166392 2.000000 0.000000
vt -8.049961 3.000000 0.000000
vt -7.908256 2.000000 0.000000
vt -7.896080 3.000000 0.000000
vt -7.740608 3.000000 0.000000
vt -7.651496 2.000000 0.000000
vt -7.430629 3.000000 0.000000
vt -7.395847 2.000000 0.000000
vt -7.123973 3.000000 0.000000
vt -7.140834 2.000000 0.000000
vt -6.886002 2.000000 0.000000
vt -6.820265 3.000000 0.000000
vt -6.631594 2.000000 0.000000
vt -6.519189 3.000000 0.000000
vt -6.379288 2.000000 0.000000
vt -6.220484 3.000000 0.000000
vt -6.129290 2.000000 0.000000
vt -5.923345 3.000000 0.000000
vt -5.881747 2.000000 0.000000
vt -5.627114 3.000000 0.000000
vt -5.636840 2.000000 0.000000
vt -5.394785 2.000000 0.000000
vt -5.331502 3.000000 0.000000
vt -5.155824 2.000000 0.000000
vt -5.036259 3.000000 0.000000
vt -4.680900 2.000000 0.000000
vt -4.741159 3.000000 0.000000
vt -4.150547 3.000000 0.000000
vt -4.205399 2.000000 0.000000
vt -3.726845 2.000000 0.000000
vt -2.743504 2.000000 0.000000
vt -2.953983 3.000000 0.000000
vt -3.558078 3.000000 0.000000
vt -2.612665 1.991770 0.000000
vt -2.307365 3.000000 0.000000
vt -2.482477 1.967102 0.000000
vt -2.355021 1.926194 0.000000
vt -2.232221 1.869337 0.000000
vt -2.116647 1.797317 0.000000
vt -2.010324 1.710859 0.000000
vt -1.821294 2.543923 0.000000
vt -1.915677 1.611204 0.000000
vt -1.835070 1.500000 0.000000
vt -1.787323 1.423902 0.000000
vt -1.574718 2.319127 0.000000
vt -1.557698 1.000000 0.000000
vt -1.325355 2.096552 0.000000
vt -1.342087 1.000000 0.000000
vt -1.232681 1.062256 0.000000
vt -1.787323 1.000000 0.000000
vt -1.072862 1.876246 0.000000
vt -1.118185 1.116418 0.000000
vt -0.999275 1.162564 0.000000
vt -0.876668 1.200809 0.000000
vt -0.816879 1.658253 0.000000
vt -0.750987 1.231511 0.000000
vt -0.689059 1.551467 0.000000
vt -0.622646 1.255111 0.000000
vt -0.571757 1.454699 0.000000
vt -0.359735 1.282765 0.000000
vt -0.478312 -0.208137 0.000000
vt -0.658079 -0.316331 0.000000
vt -0.725765 -0.436878 0.000000
vt -0.781469 -0.423653 0.000000
vt -0.812646 -0.512880 0.000000
vt -0.904858 -0.423653 0.000000
vt -0.904858 -0.530976 0.000000
vt -1.028248 -0.423653 0.000000
vt -1.028248 -0.530976 0.000000
vt -1.151638 -0.423653 0.000000
vt -1.151638 -0.530976 0.000000
vt -1.275028 -0.423653 0.000000
vt -1.275028 -0.530976 0.000000
vt -1.398418 -0.423653 0.000000
vt -1.398418 -0.530976 0.000000
vt -1.521807 -0.423653 0.000000
vt -1.521807 -0.530976 0.000000
vt -1.645197 -0.423653 0.000000
vt -1.645197 -0.530976 0.000000
vt -1.809717 -0.423653 0.000000
vt -1.809717 -0.530976 0.000000
vt -1.974237 -0.450027 0.000000
vt -1.974229 -0.571010 0.000000
vt -0.493559 -0.208137 0.000000
vt -0.399573 -0.131279 0.000000
vt -0.493559 -0.096215 0.000000
vt -0.329039 -0.012305 0.000000
vt -0.493559 -0.012305 0.000000
vt -0.493559 0.073471 0.000000
vt -0.658079 0.073471 0.000000
vt -0.658079 0.159247 0.000000
vt -0.781469 0.159247 0.000000
vt -0.781469 0.258095 0.000000
vt -0.904858 0.258095 0.000000
vt -0.904858 0.356943 0.000000
vt -1.028248 0.356943 0.000000
vt -0.991773 0.385957 0.000000
vt -1.187962 0.317020 0.000000
vt -0.293320 -0.023735 0.000000
vt -0.162285 0.116828 0.000000
vt -0.329039 0.073471 0.000000
vt -0.329039 0.159247 0.000000
vt -0.493559 0.159247 0.000000
vt -0.493559 0.258095 0.000000
vt -0.658079 0.258095 0.000000
vt -0.658079 0.356943 0.000000
vt -0.781469 0.356943 0.000000
vt -0.781469 0.455791 0.000000
vt -0.793926 0.459103 0.000000
vt -0.658079 0.455791 0.000000
vt -0.587727 0.541579 0.000000
vt -0.493559 0.455791 0.000000
vt -0.493559 0.554638 0.000000
vt -0.329039 0.455791 0.000000
vt -0.329039 0.554638 0.000000
vt -0.164520 0.455791 0.000000
vt -0.164520 0.554638 0.000000
vt -0.082260 0.455791 0.000000
vt -0.082260 0.554638 0.000000
vt -0.041130 0.455791 0.000000
vt -0.041130 0.554638 0.000000
vt -0.020565 0.455791 0.000000
vt -0.020565 0.554638 0.000000
vt -0.010282 0.455791 0.000000
vt -0.010282 0.554638 0.000000
vt -0.000000 0.501361 0.000000
vt -0.000000 0.631265 0.000000
vt -0.000000 0.311638 0.000000
vt -0.082260 0.258095 0.000000
vt -0.164520 0.159247 0.000000
vt -0.329039 0.258095 0.000000
vt -0.493559 0.356943 0.000000
vt -0.000000 0.399203 0.000000
vt -0.010282 0.356943 0.000000
vt -0.020565 0.356943 0.000000
vt -0.041130 0.356943 0.000000
vt -0.010282 0.650758 0.000000
vt -0.000000 0.721455 0.000000
vt -0.010282 0.746878 0.000000
vt -0.000000 0.785146 0.000000
vt -0.010282 0.842998 0.000000
vt -0.004229 0.929766 0.000000
vt -0.020565 0.842998 0.000000
vt -0.041130 0.842998 0.000000
vt -0.020565 0.746878 0.000000
vt -0.041130 0.746878 0.000000
vt -0.020565 0.650758 0.000000
vt -0.041130 0.650758 0.000000
vt -0.000000 0.939118 0.000000
vt -0.068098 0.841453 0.000000
vt -0.082260 0.746878 0.000000
vt -0.154511 0.767621 0.000000
vt -0.164520 0.746878 0.000000
vt -0.261302 0.698796 0.000000
vt -0.164520 0.650758 0.000000
vt -0.329039 0.650758 0.000000
vt -0.372401 0.639375 0.000000
vt -1.382381 0.250732 0.000000
vt -1.275028 0.258095 0.000000
vt -1.151638 0.258095 0.000000
vt -1.028248 0.258095 0.000000
vt -0.904858 0.159247 0.000000
vt -0.781469 0.073471 0.000000
vt -0.658079 -0.012305 0.000000
vt -1.574641 0.186104 0.000000
vt -1.521807 0.159247 0.000000
vt -1.398418 0.159247 0.000000
vt -1.275028 0.159247 0.000000
vt -1.275028 0.073471 0.000000
vt -1.151638 0.073471 0.000000
vt -1.151638 -0.012305 0.000000
vt -1.028248 -0.012305 0.000000
vt -1.028248 -0.096215 0.000000
vt -0.904858 -0.096215 0.000000
vt -1.028248 -0.208137 0.000000
vt -0.904858 -0.208137 0.000000
vt -1.028248 -0.316331 0.000000
vt -0.904858 -0.316331 0.000000
vt -1.770297 0.087415 0.000000
vt -1.645197 0.073471 0.000000
vt -1.521807 0.073471 0.000000
vt -1.398418 0.073471 0.000000
vt -1.974237 -0.000000 0.000000
vt -1.809717 -0.012305 0.000000
vt -1.645197 -0.012305 0.000000
vt -1.521807 -0.012305 0.000000
vt -1.398418 -0.012305 0.000000
vt -1.275028 -0.012305 0.000000
vt -1.974237 -0.104069 0.000000
vt -1.809717 -0.096215 0.000000
vt -1.645197 -0.096215 0.000000
vt -1.809717 -0.208137 0.000000
vt -1.645197 -0.208137 0.000000
vt -1.809717 -0.316331 0.000000
vt -1.645197 -0.316331 0.000000
vt -1.974237 -0.208137 0.000000
vt -1.974237 -0.329082 0.000000
vt -1.809717 -0.638299 0.000000
vt -1.974183 -0.692183 0.000000
vt -1.809717 -0.745622 0.000000
vt -1.974186 -0.812865 0.000000
vt -1.809717 -0.852759 0.000000
vt -1.974220 -0.933485 0.000000
vt -1.809717 -0.960268 0.000000
vt -1.974237 -1.054165 0.000000
vt -1.830390 -1.142715 0.000000
vt -1.974236 -1.174914 0.000000
vt -1.686694 -1.094779 0.000000
vt -1.645197 -0.960268 0.000000
vt -1.645197 -0.852573 0.000000
vt -1.645197 -0.745622 0.000000
vt -1.645197 -0.638299 0.000000
vt -1.542316 -1.030658 0.000000
vt -1.521807 -0.960268 0.000000
vt -1.521807 -0.852433 0.000000
vt -1.521807 -0.745622 0.000000
vt -1.521807 -0.638299 0.000000
vt -1.395631 -0.949992 0.000000
vt -1.244224 -0.852119 0.000000
vt -1.275028 -0.852154 0.000000
vt -1.398418 -0.852294 0.000000
vt -1.085547 -0.736184 0.000000
vt -1.151638 -0.745622 0.000000
vt -1.275028 -0.745622 0.000000
vt -1.398418 -0.745622 0.000000
vt -1.028248 -0.638299 0.000000
vt -0.908613 -0.594218 0.000000
vt -1.151638 -0.316331 0.000000
vt -1.275028 -0.316331 0.000000
vt -1.398418 -0.316331 0.000000
vt -1.521807 -0.316331 0.000000
vt -1.398418 -0.638299 0.000000
vt -1.275028 -0.638299 0.000000
vt -1.151638 -0.638299 0.000000
vt -0.658079 -0.096215 0.000000
vt -0.658079 -0.208137 0.000000
vt -0.781469 -0.208137 0.000000
vt -0.781469 -0.316331 0.000000
vt -0.781469 -0.096215 0.000000
vt -0.781469 -0.012305 0.000000
vt -0.904858 -0.012305 0.000000
vt -1.151638 -0.096215 0.000000
vt -1.151638 -0.208137 0.000000
vt -1.275028 -0.208137 0.000000
vt -1.275028 -0.096215 0.000000
vt -1.398418 -0.208137 0.000000
vt -1.398418 -0.096215 0.000000
vt -1.521807 -0.096215 0.000000
vt -1.521807 -0.208137 0.000000
vt -0.904858 0.073471 0.000000
vt -1.028248 0.073471 0.000000
vt -1.028248 0.159247 0.000000
vt -1.151638 0.159247 0.000000
vt -0.082260 0.356943 0.000000
vt -0.164520 0.356943 0.000000
vt -0.164520 0.258095 0.000000
vt -0.329039 0.356943 0.000000
vt -0.082260 0.650758 0.000000
vt -3.246967 -8.496699 0.000000
vt -3.177639 -8.825367 0.000000
vt -3.173683 -8.158971 0.000000
vt -3.124293 -9.043885 0.000000
vt -3.061118 -9.244060 0.000000
vt -3.266924 -7.054907 0.000000
vt -3.323667 -8.155049 0.000000
vt -3.342356 -5.931499 0.000000
vt -3.407937 -7.802039 0.000000
vt -3.401492 -4.788377 0.000000
vt -3.500000 -7.439489 0.000000
vt -3.445776 -3.624888 0.000000
vt -3.476312 -2.439860 0.000000
vt -3.494135 -1.232058 0.000000
vt -3.500000 -0.000000 0.000000
vt -0.329179 -32.574188 0.000000
vt -0.707107 -32.818085 0.000000
vt -0.397338 -33.506011 0.000000
vt -0.701559 -33.454227 0.000000
vt -0.645369 -33.473872 0.000000
vt -0.707107 -32.130158 0.000000
vt -0.269652 -31.651629 0.000000
vt -0.707107 -31.442232 0.000000
vt -0.218060 -30.739499 0.000000
vt -0.707107 -30.754305 0.000000
vt -0.707107 -30.048160 0.000000
vt -1.414214 -29.958890 0.000000
vt -0.707107 -29.342014 0.000000
vt -1.414214 -28.690094 0.000000
vt -0.707107 -28.635869 0.000000
vt -0.707107 -27.929724 0.000000
vt -0.104462 -28.064621 0.000000
vt -0.707107 -27.223579 0.000000
vt -0.057473 -26.335969 0.000000
vt -0.707107 -26.517433 0.000000
vt -0.707107 -25.811288 0.000000
vt -1.414214 -26.152501 0.000000
vt -1.414214 -24.883705 0.000000
vt -0.707107 -25.105143 0.000000
vt -0.707107 -24.114151 0.000000
vt -0.028984 -24.639581 0.000000
vt -0.016395 -22.988773 0.000000
vt -0.173778 -29.838643 0.000000
vt -0.017618 -21.392179 0.000000
vt -0.707107 -22.132166 0.000000
vt -0.707107 -23.123158 0.000000
vt -1.414211 -23.614912 0.000000
vt -0.031853 -19.821096 0.000000
vt -0.707107 -20.480511 0.000000
vt -0.707107 -21.141173 0.000000
vt -1.414137 -21.543982 0.000000
vt -1.414136 -22.346203 0.000000
vt -0.058588 -18.297680 0.000000
vt -0.707107 -19.159188 0.000000
vt -0.707107 -19.820487 0.000000
vt -1.414213 -19.939518 0.000000
vt -1.414180 -20.741742 0.000000
vt -0.098538 -16.821543 0.000000
vt -0.707107 -17.247802 0.000000
vt -0.707107 -17.873164 0.000000
vt -0.707107 -18.498526 0.000000
vt -1.414214 -18.335122 0.000000
vt -1.414214 -19.137320 0.000000
vt -0.153374 -15.371078 0.000000
vt -0.707107 -15.997077 0.000000
vt -0.707107 -16.622439 0.000000
vt -1.414214 -16.730725 0.000000
vt -1.414214 -17.532923 0.000000
vt -0.224471 -13.951022 0.000000
vt -0.707107 -14.746352 0.000000
vt -0.707107 -15.371358 0.000000
vt -1.414214 -15.928527 0.000000
vt -0.313912 -12.558109 0.000000
vt -0.707107 -13.495627 0.000000
vt -0.707107 -14.120990 0.000000
vt -1.414214 -14.324131 0.000000
vt -1.414214 -15.126329 0.000000
vt -0.424113 -11.184940 0.000000
vt -0.707107 -11.619540 0.000000
vt -0.707107 -12.244903 0.000000
vt -0.707107 -12.870265 0.000000
vt -1.414214 -12.719734 0.000000
vt -1.414214 -13.521933 0.000000
vt -0.557151 -9.830140 0.000000
vt -0.707107 -10.368815 0.000000
vt -0.707107 -10.994178 0.000000
vt -1.414214 -11.115338 0.000000
vt -1.414214 -11.917536 0.000000
vt -0.715158 -8.492728 0.000000
vt -0.707107 -9.118091 0.000000
vt -0.707107 -9.743453 0.000000
vt -1.414214 -10.313140 0.000000
vt -1.414214 -8.558065 0.000000
vt -1.385437 -8.685925 0.000000
vt -1.389381 -8.891094 0.000000
vt -1.395571 -9.097554 0.000000
vt -1.403891 -9.304455 0.000000
vt -1.414214 -9.510941 0.000000
vt -1.414214 -27.421298 0.000000
vt -1.414214 -31.227686 0.000000
vt -1.414214 -32.496479 0.000000
vt -1.346405 -32.687245 0.000000
vt -1.265903 -32.861445 0.000000
vt -1.174479 -33.017895 0.000000
vt -1.073605 -33.155729 0.000000
vt -0.960681 -33.277594 0.000000
vt -0.835557 -33.379808 0.000000
vt -0.768281 -33.421737 0.000000
vt -0.600618 -33.483228 0.000000
vt -0.547346 -33.489203 0.000000
vt -0.497343 -33.494797 0.000000
vt -0.447340 -33.500400 0.000000
vt -0.597349 -33.483619 0.000000
vt -0.584848 -33.485014 0.000000
vt -0.572347 -33.486410 0.000000
vt -3.500000 -0.000000 0.000000
vt -3.497685 0.792313 0.000000
vt -3.500000 9.640504 0.000000
vt -3.490664 1.595340 0.000000
vt -3.478819 2.409397 0.000000
vt -3.462029 3.234782 0.000000
vt -3.439956 4.071425 0.000000
vt -3.412109 4.919015 0.000000
vt -3.377996 5.777238 0.000000
vt -3.337126 6.645780 0.000000
vt -3.374461 10.228705 0.000000
vt -3.288969 7.524262 0.000000
vt -3.232796 8.412022 0.000000
vt -3.255578 10.807479 0.000000
vt -3.167814 9.308331 0.000000
vt -3.143360 11.373137 0.000000
vt -3.093233 10.212457 0.000000
vt -3.037824 11.922199 0.000000
vt -3.008261 11.123669 0.000000
vt -2.938994 12.451434 0.000000
vt -2.912107 12.041236 0.000000
vt -2.846901 12.957902 0.000000
vt -2.803979 12.964428 0.000000
vt -2.761581 13.438998 0.000000
vt -2.721472 13.669319 0.000000
vt -2.683072 13.892494 0.000000
vt 0.000000 1.002749 0.000000
vt 0.000000 0.020349 0.000000
vt 0.151972 1.000000 0.000000
vt 0.151972 0.000000 0.000000
vn -0.086603 -0.050000 0.000000
vn -0.086603 -0.050000 0.000000
vn -0.086603 -0.050000 0.000000
vn -0.086603 -0.050000 0.000000
vn -0.000000 0.100000 -0.000000
vn -0.000000 0.100000 -0.000000
vn -0.000000 0.100000 -0.000000
vn -0.000000 0.100000 -0.000000
vn 0.086603 -0.050000 0.000000
vn 0.086603 -0.050000 0.000000
vn 0.086603 -0.050000 0.000000
vn 0.086603 -0.050000 0.000000
vn 0.000000 0.000000 -0.100000
vn 0.000000 0.000000 -0.100000
vn 0.000000 0.000000 -0.100000
vn 0.000000 0.000000 -0.100000
vn 0.000000 0.000000 -0.100000
vn 0.000000 0.000000 -0.100000
vn 0.000000 0.000000 -0.100000
vn 0.000000 0.000000 -0.100000
vn 0.000000 0.000000 -0.100000
vn 0.000000 0.000000 -0.100000
vn 0.000000 0.000000 -0.100000
vn 0.000000 0.000000 -0.100000
vn 0.000000 0.000000 -0.100000
vn 0.000000 0.000000 -0.100000
vn 0.000000 0.000000 -0.100000
vn 0.000000 0.000000 -0.100000
vn 0.000000 0.000000 -0.100000
vn 0.000000 0.000000 -0.100000
vn 0.000000 0.000000 -0.100000
vn 0.000000 0.000000 -0.100000
vn 0.000000 0.000000 -0.100000
vn 0.000000 0.000000 -0.100000
vn 0.000000 0.000000 -0.100000
vn 0.000000 0.000000 -0.100000
vn 0.000000 0.000000 -0.100000
vn 0.000000 0.000000 -0.100000
vn 0.000000 0.000000 -0.100000
vn 0.000000 0.000000 -0.100000
vn 0.000000 0.000000 -0.100000
vn 0.000000 0.000000 -0.100000
vn 0.000000 0.000000 -0.100000
vn 0.000000 0.000000 -0.100000
vn 0.000000 0.000000 -0.100000
vn 0.000000 0.000000 -0.100000
vn 0.000000 0.000000 -0.100000
vn 0.000000 0.000000 -0.100000
vn 0.000000 0.000000 -0.100000
vn 0.000000 0.000000 -0.100000
vn 0.000000 0.000000 -0.100000
vn 0.000000 0.000000 -0.100000
vn 0.000000 0.000000 -0.100000
vn 0.000000 0.000000 -0.100000
vn 0.000000 0.000000 -0.100000
vn 0.000000 0.000000 -0.100000
vn -0.086603 0.000000 -0.050000
vn -0.086603 0.000000 -0.050000
vn -0.086603 0.000000 -0.050000
vn -0.086603 0.000000 -0.050000
vn -0.086603 0.000000 -0.050000
vn -0.086603 0.000000 -0.050000
vn -0.086603 0.000000 -0.050000
vn -0.086603 0.000000 -0.050000
vn -0.086603 0.000000 -0.050000
vn -0.086603 0.000000 -0.050000
vn -0.086603 0.000000 -0.050000
vn -0.075814 0.065209 -0.000000
vn -0.072288 0.069097 -0.000000
vn -0.058349 0.081212 -0.000000
vn -0.056083 0.082793 -0.000000
vn -0.037592 0.092665 -0.000000
vn -0.079776 0.060297 -0.000000
vn -0.089030 0.045538 -0.000000
vn -0.086643 0.049930 -0.000000
vn -0.092629 0.037680 -0.000000
vn -0.097237 0.023346 -0.000000
vn -0.097237 0.023346 -0.000000
vn -0.021700 -0.097617 -0.000001
vn -0.023076 -0.097301 0.000006
vn -0.026169 -0.095695 0.012560
vn -0.026944 -0.095152 0.014838
vn -0.021906 -0.096629 0.013526
vn -0.024920 -0.093800 0.024094
vn -0.017243 -0.097436 0.014454
vn -0.019308 -0.094686 0.025727
vn -0.012235 -0.098055 0.015346
vn -0.013403 -0.095263 0.027301
vn -0.008847 -0.095775 0.027366
vn -0.009299 -0.091005 0.040393
vn -0.018146 -0.091592 0.035800
vn -0.024614 -0.093042 0.027155
vn -0.008223 -0.098699 0.013814
vn -0.007442 -0.099723 -0.000001
vn -0.012306 -0.099240 0.000001
vn -0.014486 -0.098945 0.000007
vn -0.016531 -0.098624 0.000008
vn -0.018445 -0.098284 -0.000004
vn -0.020163 -0.097946 -0.000006
vn -0.008820 -0.095777 0.027367
vn -0.009274 -0.091007 0.040394
vn -0.004358 -0.094394 0.032723
vn -0.003078 -0.091084 0.041160
vn -0.000318 -0.091216 0.040983
vn 0.002059 -0.091372 0.040582
vn 0.001959 -0.092218 0.038626
vn -0.001918 -0.096079 0.027661
vn -0.004698 -0.098376 0.017324
vn -0.008196 -0.098701 0.013815
vn -0.006464 -0.099472 0.007977
vn -0.007414 -0.099725 0.000000
vn 0.002393 -0.091422 0.040451
vn -0.097636 0.021615 0.000000
vn -0.098108 0.019361 0.000000
vn -0.097828 0.020730 0.000000
vn -0.098022 0.019789 0.000000
vn -0.098218 0.018792 0.000000
vn -0.098414 0.017739 0.000000
vn -0.098786 0.015535 0.000000
vn -0.098792 0.015493 0.000000
vn -0.099143 0.013065 0.000000
vn -0.099324 0.011609 0.000000
vn -0.099456 0.010418 0.000000
vn -0.099447 0.010498 0.000000
vn -0.099567 0.009296 0.000000
vn -0.099718 0.007505 0.000000
vn -0.099782 0.006597 0.000000
vn -0.099909 0.004268 0.000000
vn -0.099941 0.003449 0.000000
vn -0.099998 0.000653 0.000000
vn -0.100000 -0.000226 0.000000
vn -0.099943 -0.003372 0.000000
vn -0.099898 -0.004510 0.000000
vn -0.099847 -0.005532 0.000000
vn -0.099701 -0.007729 0.000000
vn -0.099551 -0.009469 0.000000
vn -0.099505 -0.009937 0.000000
vn -0.099260 -0.012147 0.000000
vn -0.098848 -0.015133 0.000000
vn -0.098966 -0.014345 0.000000
vn -0.098626 -0.016517 0.000000
vn -0.098327 -0.018215 0.000000
vn -0.098246 -0.018650 0.000000
vn -0.097829 -0.020725 0.000000
vn -0.097698 -0.021331 0.000000
vn -0.097384 -0.022725 0.000000
vn -0.096976 -0.024405 0.000000
vn -0.096921 -0.024623 0.000000
vn -0.096456 -0.026387 0.000000
vn -0.096176 -0.027391 0.000000
vn -0.095998 -0.028007 0.000000
vn -0.095558 -0.029473 0.000000
vn -0.095144 -0.030783 0.000000
vn -0.094446 -0.032864 0.000000
vn -0.094446 -0.032864 0.000000
vn -0.086603 0.000000 -0.050000
vn -0.084095 0.000000 -0.054111
vn -0.079191 0.000000 -0.061064
vn -0.081488 0.000000 -0.057963
vn -0.078812 0.000000 -0.061552
vn -0.076098 0.000000 -0.064877
vn -0.070433 0.000000 -0.070987
vn -0.070793 0.000000 -0.070629
vn -0.065911 0.000000 -0.075204
vn -0.060482 0.000000 -0.079636
vn -0.061692 0.000000 -0.078703
vn -0.058357 0.000000 -0.081206
vn -0.056116 0.000000 -0.082771
vn -0.049573 0.000000 -0.086848
vn -0.043388 0.000000 -0.090097
vn -0.037874 0.000000 -0.092550
vn -0.029476 0.000000 -0.095557
vn -0.025567 0.000000 -0.096676
vn -0.014904 0.000000 -0.098883
vn -0.012877 0.000000 -0.099167
vn 0.000000 0.000000 -0.100000
vn -0.012803 0.000000 -0.099177
vn -0.000000 0.000000 -0.100000
vn -0.055163 0.000000 -0.083409
vn -0.049422 0.000000 -0.086934
vn -0.037705 0.000000 -0.092619
vn -0.055664 0.000000 -0.083075
vn -0.056496 0.000000 -0.082512
vn -0.057689 0.000000 -0.081682
vn -0.060356 0.000000 -0.079731
vn -0.059206 0.000000 -0.080589
vn -0.061014 0.000000 -0.079230
vn -0.063077 0.000000 -0.077597
vn -0.065362 0.000000 -0.075683
vn -0.067829 0.000000 -0.073479
vn -0.070333 0.000000 -0.071086
vn -0.070444 0.000000 -0.070977
vn -0.073167 0.000000 -0.068166
vn -0.075946 0.000000 -0.065055
vn -0.079147 0.000000 -0.061120
vn -0.078718 0.000000 -0.061672
vn -0.081442 0.000000 -0.058027
vn -0.084082 0.000000 -0.054132
vn -0.086603 0.000000 -0.050000
vn -0.086603 0.000000 -0.050000
vn -0.025439 0.000000 -0.096710
vn -0.000000 0.000000 -0.100000
vn -0.000000 0.000000 -0.100000
vn -0.000000 0.000000 -0.100000
vn -0.000000 0.000000 -0.100000
vn -0.000000 0.000000 -0.100000
vn -0.000000 0.000000 -0.100000
vn -0.000000 0.000000 -0.100000
vn -0.000000 0.000000 -0.100000
vn -0.000000 0.000000 -0.100000
vn -0.000000 0.000000 -0.100000
vn -0.000000 0.000000 -0.100000
vn -0.000000 0.000000 -0.100000
vn -0.000000 0.000000 -0.100000
vn -0.000000 0.000000 -0.100000
vn -0.000000 0.000000 -0.100000
vn -0.000000 0.000000 -0.100000
vn -0.000000 0.000000 -0.100000
vn -0.000000 0.000000 -0.100000
vn -0.000000 0.000000 -0.100000
vn -0.000000 0.000000 -0.100000
vn -0.000000 0.000000 -0.100000
vn -0.000000 0.000000 -0.100000
vn -0.000000 0.000000 -0.100000
vn -0.000000 0.000000 -0.100000
vn -0.000000 0.000000 -0.100000
vn -0.000000 0.000000 -0.100000
vn -0.000000 0.000000 -0.100000
vn -0.000000 0.000000 -0.100000
vn -0.000000 0.000000 -0.100000
vn -0.000000 0.000000 -0.100000
vn -0.000000 0.000000 -0.100000
vn -0.000000 0.000000 -0.100000
vn -0.000000 0.000000 -0.100000
vn -0.000000 0.000000 -0.100000
vn -0.000000 0.000000 -0.100000
vn -0.000000 0.000000 -0.100000
vn -0.000000 0.000000 -0.100000
vn -0.000000 0.000000 -0.100000
vn -0.000000 0.000000 -0.100000
vn -0.000000 0.000000 -0.100000
vn -0.000000 0.000000 -0.100000
vn -0.000000 0.000000 -0.100000
vn -0.000000 0.000000 -0.100000
vn -0.000000 0.000000 -0.100000
vn -0.000000 0.000000 -0.100000
vn -0.000000 0.000000 -0.100000
vn -0.000000 0.000000 -0.100000
vn -0.000000 0.000000 -0.100000
vn -0.000000 0.000000 -0.100000
vn -0.000000 0.000000 -0.100000
vn -0.000000 0.000000 -0.100000
vn -0.000000 0.000000 -0.100000
vn -0.000000 0.000000 -0.100000
vn -0.000000 0.000000 -0.100000
vn -0.000000 0.000000 -0.100000
vn -0.000000 0.000000 -0.100000
vn -0.000000 0.000000 -0.100000
vn -0.000000 0.000000 -0.100000
vn -0.000000 0.000000 -0.100000
vn -0.000000 0.000000 -0.100000
vn -0.086603 0.000000 -0.050000
vn 0.014405 0.000000 -0.098957
vn 0.015750 0.000000 -0.098752
vn -0.000000 0.000000 -0.100000
vn 0.015750 0.000000 -0.098752
vn 0.015750 0.000000 -0.098752
vn 0.031107 0.000000 -0.095039
vn 0.028345 0.000000 -0.095899
vn 0.041275 0.000000 -0.091085
vn 0.045687 0.000000 -0.088953
vn 0.053310 0.000000 -0.084605
vn 0.059127 0.000000 -0.080647
vn 0.064286 0.000000 -0.076598
vn 0.071091 0.000000 -0.070328
vn 0.069332 0.000000 -0.072063
vn 0.074060 0.000000 -0.067195
vn 0.078452 0.000000 -0.062010
vn 0.081280 0.000000 -0.058254
vn 0.082491 0.000000 -0.056526
vn 0.086160 0.000000 -0.050759
vn 0.089441 0.000000 -0.044725
vn 0.081280 0.000000 -0.058254
vn 0.086137 0.000000 -0.050798
vn 0.081280 0.000000 -0.058254
vn 0.082432 0.000000 -0.056612
vn 0.078344 0.000000 -0.062147
vn 0.071091 0.000000 -0.070328
vn 0.073888 0.000000 -0.067384
vn 0.063938 0.000000 -0.076889
vn 0.059127 0.000000 -0.080647
vn 0.052802 0.000000 -0.084923
vn 0.045687 0.000000 -0.088953
vn 0.040760 0.000000 -0.091316
vn 0.031107 0.000000 -0.095039
vn 0.027977 0.000000 -0.096007
vn 0.089441 0.000000 -0.044725
vn 0.014638 0.000000 -0.098923
vn -0.000000 0.000000 -0.100000
vn 0.031107 0.000000 -0.095039
vn 0.045687 0.000000 -0.088953
vn 0.059127 0.000000 -0.080647
vn 0.071091 0.000000 -0.070328
vn -0.070711 0.000000 0.070711
vn -0.070711 0.000000 0.070711
vn -0.070711 0.000000 0.070711
vn -0.070711 0.000000 0.070711
vn 0.000000 0.000000 0.100000
vn 0.000000 0.000000 0.100000
vn 0.000000 0.000000 0.100000
vn 0.000000 0.000000 0.100000
vn 0.000000 0.000000 0.100000
vn 0.000000 0.000000 0.100000
vn 0.000000 0.000000 0.100000
vn 0.000000 0.000000 0.100000
vn 0.000000 0.000000 0.100000
vn 0.000000 0.000000 0.100000
vn 0.000000 0.000000 0.100000
vn 0.000000 0.000000 0.100000
vn 0.000000 0.000000 0.100000
vn 0.000000 0.000000 0.100000
vn 0.000000 0.000000 0.100000
vn 0.000000 0.000000 0.100000
vn 0.000000 0.000000 0.100000
vn 0.000000 0.000000 0.100000
vn 0.000000 0.000000 0.100000
vn 0.000000 0.000000 0.100000
vn 0.000000 0.000000 0.100000
vn 0.000000 0.000000 0.100000
vn 0.000000 0.000000 0.100000
vn 0.000000 0.000000 0.100000
vn 0.000000 0.000000 0.100000
vn 0.000000 0.000000 0.100000
vn 0.000000 0.000000 0.100000
vn 0.000000 0.000000 0.100000
vn 0.000000 0.000000 0.100000
vn 0.000000 0.000000 0.100000
vn 0.000000 0.000000 0.100000
vn 0.000000 0.000000 0.100000
vn 0.000000 0.000000 0.100000
vn 0.000000 0.000000 0.100000
vn 0.000000 0.000000 0.100000
vn 0.000000 0.000000 0.100000
vn 0.000000 0.000000 0.100000
vn 0.000000 0.000000 0.100000
vn 0.000000 0.000000 0.100000
vn 0.000000 0.000000 0.100000
vn 0.000000 0.000000 0.100000
vn 0.000000 0.000000 0.100000
vn 0.000000 0.000000 0.100000
vn 0.000000 0.000000 0.100000
vn 0.000000 0.000000 0.100000
vn 0.000000 0.000000 0.100000
vn 0.000000 0.000000 0.100000
vn 0.000000 0.000000 0.100000
vn 0.000000 0.000000 0.100000
vn 0.000000 0.000000 0.100000
vn 0.000000 0.000000 0.100000
vn 0.000000 0.000000 0.100000
vn 0.000000 0.000000 0.100000
vn 0.000000 0.000000 0.100000
vn 0.000000 0.000000 0.100000
vn 0.000000 0.000000 0.100000
vn 0.000000 0.000000 0.100000
vn 0.000000 0.000000 0.100000
vn 0.000000 0.000000 0.100000
vn 0.000000 0.000000 0.100000
vn 0.000000 0.000000 0.100000
vn 0.000000 0.000000 0.100000
vn 0.000000 0.000000 0.100000
vn 0.000000 0.000000 0.100000
vn 0.000000 0.000000 0.100000
vn 0.000000 0.000000 0.100000
vn 0.000000 0.000000 0.100000
vn 0.000000 0.000000 0.100000
vn 0.000000 0.000000 0.100000
vn 0.000000 0.000000 0.100000
vn 0.000000 0.000000 0.100000
vn 0.000000 0.000000 0.100000
vn 0.000000 0.000000 0.100000
vn 0.070711 0.000000 0.070711
vn 0.070711 0.000000 0.070711
vn 0.070711 0.000000 0.070711
vn 0.070711 0.000000 0.070711
vn 0.070711 0.000000 0.070711
vn 0.070711 0.000000 0.070711
vn 0.070711 0.000000 0.070711
vn 0.070711 0.000000 0.070711
vn 0.070711 0.000000 0.070711
vn 0.070711 0.000000 0.070711
vn 0.070711 0.000000 0.070711
vn 0.070711 0.000000 0.070711
vn 0.070711 0.000000 0.070711
vn 0.070711 0.000000 0.070711
vn 0.070711 0.000000 0.070711
vn 0.070711 0.000000 0.070711
vn 0.070711 0.000000 0.070711
vn 0.070711 0.000000 0.070711
vn 0.070711 0.000000 0.070711
vn 0.070711 0.000000 0.070711
vn 0.070711 0.000000 0.070711
vn 0.070711 0.000000 0.070711
vn 0.070711 0.000000 0.070711
vn 0.070711 0.000000 0.070711
vn 0.070711 0.000000 0.070711
vn 0.070711 0.000000 0.070711
vn 0.070711 0.000000 0.070711
vn -0.071094 0.000000 0.070325
vn -0.071094 0.000000 0.070325
vn -0.071094 0.000000 0.070325
vn -0.071094 0.000000 0.070325
vn -0.071094 0.000000 0.070325
vn -0.071094 0.000000 0.070325
vn -0.071094 0.000000 0.070325
vn -0.071094 0.000000 0.070325
vn -0.071094 0.000000 0.070325
vn -0.071094 0.000000 0.070325
vn -0.071094 0.000000 0.070325
vn -0.071094 0.000000 0.070325
vn -0.071094 0.000000 0.070325
vn -0.071094 0.000000 0.070325
vn -0.071094 0.000000 0.070325
vn -0.071094 0.000000 0.070325
vn -0.071094 0.000000 0.070325
vn -0.071094 0.000000 0.070325
vn -0.071094 0.000000 0.070325
vn -0.071094 0.000000 0.070325
vn -0.071094 0.000000 0.070325
vn -0.071094 0.000000 0.070325
vn -0.071094 0.000000 0.070325
vn -0.071094 0.000000 0.070325
vn -0.071094 0.000000 0.070325
vn -0.071094 0.000000 0.070325
vn -0.071094 0.000000 0.070325
vn -0.071094 0.000000 0.070325
vn -0.071094 0.000000 0.070325
vn -0.071094 0.000000 0.070325
vn -0.071094 0.000000 0.070325
vn -0.071094 0.000000 0.070325
vn -0.071094 0.000000 0.070325
vn -0.071094 0.000000 0.070325
vn -0.071094 0.000000 0.070325
vn -0.071094 0.000000 0.070325
vn -0.071094 0.000000 0.070325
vn -0.071094 0.000000 0.070325
vn -0.071094 0.000000 0.070325
vn -0.071094 0.000000 0.070325
vn -0.071094 0.000000 0.070325
vn -0.071094 0.000000 0.070325
vn -0.071094 0.000000 0.070325
vn -0.071094 0.000000 0.070325
vn -0.071094 0.000000 0.070325
vn -0.071094 0.000000 0.070325
vn -0.071094 0.000000 0.070325
vn -0.071094 0.000000 0.070325
vn -0.071094 0.000000 0.070325
vn -0.071094 0.000000 0.070325
vn -0.071094 0.000000 0.070325
vn -0.071094 0.000000 0.070325
vn -0.071094 0.000000 0.070325
vn -0.071094 0.000000 0.070325
vn -0.071094 0.000000 0.070325
vn -0.071094 0.000000 0.070325
vn -0.071094 0.000000 0.070325
vn -0.071094 0.000000 0.070325
vn -0.071094 0.000000 0.070325
vn -0.071094 0.000000 0.070325
vn -0.071094 0.000000 0.070325
vn -0.071094 0.000000 0.070325
vn -0.071094 0.000000 0.070325
vn -0.071094 0.000000 0.070325
vn -0.071094 0.000000 0.070325
vn -0.071094 0.000000 0.070325
vn 0.000000 0.100000 0.000000
vn 0.000000 0.100000 0.000000
vn 0.000000 0.100000 0.000000
vn 0.089441 0.000000 -0.044725
vn 0.089441 0.000000 -0.044725
vn 0.089441 0.000000 -0.044725
vn 0.089441 0.000000 -0.044725
vn 0.089441 0.000000 -0.044725
vn 0.089441 0.000000 -0.044725
vn 0.089441 0.000000 -0.044725
vn 0.089441 0.000000 -0.044725
vn 0.089441 0.000000 -0.044725
vn 0.089441 0.000000 -0.044725
vn 0.089441 0.000000 -0.044725
vn 0.089441 0.000000 -0.044725
vn 0.089441 0.000000 -0.044725
vn 0.089441 0.000000 -0.044725
vn 0.089441 0.000000 -0.044725
vn 0.096494 0.026247 0.000000
vn 0.096773 0.025200 0.000000
vn 0.096828 0.024986 0.000000
vn 0.097070 0.024031 0.000000
vn 0.097160 0.023664 0.000000
vn 0.097319 0.023000 0.000000
vn 0.097428 0.022534 0.000000
vn 0.097530 0.022089 0.000000
vn 0.097647 0.021565 0.000000
vn 0.097709 0.021282 0.000000
vn 0.097881 0.020479 0.000000
vn 0.097989 0.019952 0.000000
vn 0.098025 0.019775 0.000000
vn 0.098125 0.019276 0.000000
vn 0.098148 0.019154 0.000000
vn 0.098241 0.018675 0.000000
vn 0.098254 0.018605 0.000000
vn 0.098342 0.018137 0.000000
vn 0.098346 0.018114 0.000000
vn 0.098427 0.017669 0.000000
vn 0.098500 0.017256 0.000000
vn 0.098471 0.017420 0.000000
vn 0.098430 0.017650 0.000000
vn 0.098510 0.017198 0.000000
vn 0.098535 0.017056 0.000000
vn 0.098548 0.016979 0.000000
vn 0.098569 0.016858 0.000000
vn 0.098585 0.016763 0.000000
vn 0.098606 0.016637 0.000000
vn 0.098622 0.016545 0.000000
vn 0.098646 0.016401 0.000000
vn 0.098659 0.016323 0.000000
vn 0.098688 0.016143 0.000000
vn 0.098697 0.016093 0.000000
vn 0.098735 0.015853 0.000000
vn 0.098735 0.015853 0.000000
vn 0.096415 0.026535 0.000000
vn 0.096171 0.027408 0.000000
vn 0.095896 0.028355 0.000000
vn 0.096070 0.027759 0.000000
vn 0.095953 0.028162 0.000000
vn 0.095818 0.028616 0.000000
vn 0.095665 0.029124 0.000000
vn 0.095492 0.029687 0.000000
vn 0.095236 0.030497 0.000000
vn 0.095297 0.030307 0.000000
vn 0.095196 0.030621 0.000000
vn 0.094833 0.031729 0.000000
vn 0.094813 0.031788 0.000000
vn 0.094387 0.033032 0.000000
vn 0.094255 0.033406 0.000000
vn 0.093913 0.034357 0.000000
vn 0.093542 0.035354 0.000000
vn 0.093384 0.035769 0.000000
vn 0.092663 0.037596 0.000000
vn 0.092794 0.037274 0.000000
vn 0.092133 0.038877 0.000000
vn 0.091563 0.040203 0.000000
vn 0.091394 0.040584 0.000000
vn 0.090865 0.041755 0.000000
vn 0.090565 0.042402 0.000000
vn 0.090098 0.043386 0.000000
vn 0.089634 0.044336 0.000000
vn 0.089253 0.045099 0.000000
vn 0.088588 0.046392 0.000000
vn 0.088322 0.046897 0.000000
vn 0.087409 0.048576 0.000000
vn 0.086164 0.050752 0.000000
vn 0.086082 0.050891 0.000000
vn 0.084587 0.053339 0.000000
vn 0.083543 0.054960 0.000000
vn 0.082908 0.055913 0.000000
vn 0.080366 0.059510 0.000000
vn 0.081040 0.058588 0.000000
vn 0.078966 0.061354 0.000000
vn 0.076560 0.064332 0.000000
vn 0.076673 0.064197 0.000000
vn 0.074149 0.067096 0.000000
vn 0.072072 0.069323 0.000000
vn 0.071385 0.070030 0.000000
vn 0.068378 0.072969 0.000000
vn 0.066864 0.074359 0.000000
vn 0.065131 0.075881 0.000000
vn 0.060947 0.079281 0.000000
vn 0.061655 0.078731 0.000000
vn 0.053977 0.084181 0.000000
vn 0.045310 0.089146 0.000000
vn 0.047121 0.088202 0.000000
vn 0.054370 0.083928 0.000000
vn 0.039349 0.091933 0.000000
vn 0.035933 0.093321 0.000000
vn 0.031290 0.094978 0.000000
vn 0.026267 0.096489 0.000000
vn 0.023220 0.097267 0.000000
vn 0.016844 0.098571 0.000000
vn 0.015420 0.098804 0.000000
vn 0.008148 0.099667 0.000000
vn 0.008131 0.099669 0.000000
vn 0.001493 0.099989 0.000000
vn 0.000408 0.099999 0.000000
vn -0.004423 0.099902 0.000000
vn -0.006290 0.099802 0.000000
vn -0.009603 0.099538 0.000000
vn -0.011945 0.099284 0.000000
vn -0.014072 0.099005 0.000000
vn -0.016614 0.098610 0.000000
vn -0.017861 0.098392 0.000000
vn -0.020404 0.097896 0.000000
vn -0.021020 0.097766 0.000000
vn -0.023435 0.097215 0.000000
vn -0.023616 0.097172 0.000000
vn -0.025824 0.096608 0.000000
vn -0.025718 0.096636 0.000000
vn -0.027391 0.096176 0.000000
vn -0.027669 0.096096 0.000000
vn -0.028687 0.095797 0.000000
vn -0.029044 0.095689 0.000000
vn -0.029653 0.095502 0.000000
vn -0.030589 0.095207 0.000000
vn -0.030326 0.095291 0.000000
vn -0.030801 0.095138 0.000000
vn -0.030806 0.095137 0.000000
vn -0.030642 0.095190 0.000000
vn -0.030037 0.095382 0.000000
vn -0.030006 0.095392 0.000000
vn -0.029719 0.095482 0.000000
vn -0.029345 0.095598 0.000000
vn -0.028752 0.095777 0.000000
vn -0.028920 0.095727 0.000000
vn -0.028454 0.095866 0.000000
vn -0.027962 0.096011 0.000000
vn -0.027480 0.096150 0.000000
vn -0.027459 0.096156 0.000000
vn -0.026971 0.096294 0.000000
vn -0.025799 0.096615 0.000000
vn -0.026522 0.096419 0.000000
vn -0.025797 0.096615 0.000000
vn -0.024410 0.096975 0.000000
vn -0.023615 0.097172 0.000000
vn -0.022233 0.097497 0.000000
vn -0.020804 0.097812 0.000000
vn -0.019564 0.098067 0.000000
vn -0.017193 0.098511 0.000000
vn -0.016294 0.098664 0.000000
vn -0.012542 0.099210 0.000000
vn -0.012278 0.099243 0.000000
vn -0.009727 0.099526 0.000000
vn -0.007064 0.099750 0.000000
vn -0.008234 0.099660 0.000000
vn -0.006825 0.099767 0.000000
vn -0.003930 0.099923 0.000000
vn -0.002185 0.099976 0.000000
vn -0.000000 0.100000 0.000000
vn 0.097680 -0.021415 0.000000
vn 0.097701 -0.021318 0.000000
vn 0.097714 -0.021262 0.000000
vn 0.097730 -0.021184 0.000000
vn 0.097767 -0.021013 0.000000
vn 0.097812 -0.020802 0.000000
vn 0.097866 -0.020550 0.000000
vn 0.097918 -0.020298 0.000000
vn 0.097977 -0.020011 0.000000
vn 0.097425 -0.022547 0.000000
vn 0.097666 -0.021478 0.000000
vn 0.097486 -0.022281 0.000000
vn 0.097660 -0.021508 0.000000
vn 0.097660 -0.021507 0.000000
vn 0.097297 -0.023092 0.000000
vn 0.097103 -0.023897 0.000000
vn 0.097090 -0.023947 0.000000
vn 0.096863 -0.024851 0.000000
vn 0.096737 -0.025337 0.000000
vn 0.096612 -0.025810 0.000000
vn 0.096238 -0.027171 0.000000
vn 0.096334 -0.026829 0.000000
vn 0.095680 -0.029073 0.000000
vn 0.095675 -0.029091 0.000000
vn 0.095035 -0.031118 0.000000
vn 0.094863 -0.031639 0.000000
vn 0.094303 -0.033272 0.000000
vn 0.093830 -0.034583 0.000000
vn 0.093630 -0.035121 0.000000
vn 0.092875 -0.037071 0.000000
vn 0.092511 -0.037970 0.000000
vn 0.092642 -0.037649 0.000000
vn 0.092374 -0.038303 0.000000
vn 0.092068 -0.039031 0.000000
vn 0.091716 -0.039851 0.000000
vn 0.091724 -0.039833 0.000000
vn 0.090912 -0.041654 0.000000
vn 0.089926 -0.043742 0.000000
vn 0.090729 -0.042051 0.000000
vn 0.090813 -0.041868 0.000000
vn 0.089497 -0.044613 0.000000
vn 0.088761 -0.046060 0.000000
vn 0.088034 -0.047434 0.000000
vn 0.087403 -0.048587 0.000000
vn 0.086294 -0.050530 0.000000
vn 0.085815 -0.051339 0.000000
vn 0.084221 -0.053915 0.000000
vn 0.083953 -0.054331 0.000000
vn 0.081747 -0.057598 0.000000
vn 0.081692 -0.057674 0.000000
vn 0.079080 -0.061208 0.000000
vn 0.078768 -0.061608 0.000000
vn 0.076066 -0.064915 0.000000
vn 0.075172 -0.065949 0.000000
vn 0.072600 -0.068769 0.000000
vn 0.070845 -0.070576 0.000000
vn 0.068632 -0.072730 0.000000
vn 0.065681 -0.075406 0.000000
vn 0.064091 -0.076762 0.000000
vn 0.059607 -0.080294 0.000000
vn 0.058933 -0.080789 0.000000
vn 0.052674 -0.085003 0.000000
vn 0.053149 -0.084707 0.000000
vn 0.046763 -0.088393 0.000000
vn 0.044955 -0.089325 0.000000
vn 0.039850 -0.091717 0.000000
vn 0.036599 -0.093062 0.000000
vn 0.032599 -0.094537 0.000000
vn 0.032255 -0.094655 0.000000
vn 0.027847 -0.096045 0.000000
vn 0.025329 -0.096739 0.000000
vn 0.019167 -0.098146 0.000000
vn 0.018212 -0.098328 0.000000
vn 0.010955 -0.099398 0.000000
vn 0.011393 -0.099349 0.000000
vn 0.004976 -0.099876 0.000000
vn 0.003397 -0.099942 0.000000
vn -0.000952 -0.099995 0.000000
vn -0.003407 -0.099942 0.000000
vn -0.006318 -0.099800 0.000000
vn -0.009427 -0.099555 0.000000
vn -0.011118 -0.099380 0.000000
vn -0.014688 -0.098915 0.000000
vn -0.015367 -0.098812 0.000000
vn -0.019231 -0.098133 0.000000
vn -0.019093 -0.098160 0.000000
vn -0.022327 -0.097476 0.000000
vn -0.023102 -0.097295 0.000000
vn -0.025103 -0.096798 0.000000
vn -0.026344 -0.096468 0.000000
vn -0.029476 -0.095557 0.000000
vn -0.029001 -0.095702 0.000000
vn -0.032704 -0.094501 0.000000
vn -0.032446 -0.094590 0.000000
vn -0.034126 -0.093997 0.000000
vn -0.033648 -0.094169 0.000000
vn -0.034197 -0.093971 0.000000
vn -0.034418 -0.093890 0.000000
vn -0.033181 -0.094335 0.000000
vn -0.031700 -0.094843 0.000000
vn -0.032617 -0.094531 0.000000
vn -0.031968 -0.094753 0.000000
vn -0.031249 -0.094992 0.000000
vn -0.030487 -0.095239 0.000000
vn -0.029711 -0.095484 0.000000
vn -0.028149 -0.095956 0.000000
vn -0.028959 -0.095715 0.000000
vn -0.028271 -0.095920 0.000000
vn -0.027843 -0.096046 0.000000
vn -0.025747 -0.096629 0.000000
vn -0.025565 -0.096677 0.000000
vn -0.022879 -0.097348 0.000000
vn -0.023085 -0.097299 0.000000
vn -0.021697 -0.097618 0.000000
vn -0.027843 -0.096046 0.000000
vn -0.019508 -0.098079 0.000000
vn -0.020148 -0.097949 0.000000
vn -0.018435 -0.098286 0.000000
vn -0.016557 -0.098620 0.000000
vn -0.015599 -0.098776 0.000000
vn -0.014514 -0.098941 0.000000
vn -0.013463 -0.099090 0.000000
vn -0.012306 -0.099240 0.000000
vn -0.011397 -0.099348 0.000000
vn 0.057191 -0.076592 0.029374
vn 0.062055 -0.074808 0.023517
vn 0.062281 -0.075819 0.019300
vn 0.064932 -0.073662 0.018914
vn 0.064506 -0.074672 0.016223
vn 0.069953 -0.069358 0.017206
vn 0.068110 -0.071734 0.014674
vn 0.074659 -0.064717 0.015421
vn 0.073115 -0.066940 0.013165
vn 0.079006 -0.059784 0.013562
vn 0.077743 -0.061820 0.011588
vn 0.082985 -0.054572 0.011640
vn 0.081981 -0.056392 0.009953
vn 0.086582 -0.049093 0.009664
vn 0.085817 -0.050667 0.008269
vn 0.089767 -0.043399 0.007643
vn 0.089211 -0.044705 0.006543
vn 0.092537 -0.037493 0.005585
vn 0.092165 -0.038507 0.004783
vn 0.095554 -0.029354 0.002804
vn 0.095378 -0.029953 0.002403
vn 0.097767 -0.021013 -0.000001
vn 0.097730 -0.021184 0.000002
vn 0.057830 -0.076203 0.029135
vn 0.056021 -0.075985 0.032985
vn 0.060746 -0.072515 0.032428
vn 0.056582 -0.073225 0.037902
vn 0.062887 -0.069514 0.034828
vn 0.065037 -0.066191 0.037269
vn 0.070631 -0.062246 0.033714
vn 0.072418 -0.058960 0.035768
vn 0.076121 -0.055959 0.032776
vn 0.077868 -0.052215 0.034787
vn 0.081094 -0.049323 0.031480
vn 0.082554 -0.045649 0.033182
vn 0.085336 -0.042928 0.029580
vn 0.084913 -0.042692 0.031100
vn 0.088175 -0.040429 0.024303
vn 0.054819 -0.074416 0.038172
vn 0.054020 -0.071016 0.045150
vn 0.059055 -0.069747 0.040594
vn 0.061458 -0.066033 0.043158
vn 0.067127 -0.062670 0.039578
vn 0.069450 -0.058356 0.042087
vn 0.074406 -0.054958 0.037992
vn 0.076309 -0.050690 0.040094
vn 0.079544 -0.048235 0.036689
vn 0.081139 -0.043973 0.038507
vn 0.081484 -0.043604 0.038197
vn 0.078111 -0.046110 0.042102
vn 0.077841 -0.042931 0.045801
vn 0.073752 -0.048764 0.046719
vn 0.075674 -0.043510 0.048789
vn 0.069044 -0.051186 0.051117
vn 0.071225 -0.045542 0.053414
vn 0.064011 -0.053359 0.055276
vn 0.066452 -0.047369 0.057795
vn 0.061382 -0.054344 0.057263
vn 0.063953 -0.048203 0.059887
vn 0.060039 -0.054813 0.058232
vn 0.062675 -0.048603 0.060906
vn 0.059360 -0.055042 0.058709
vn 0.062028 -0.048801 0.061409
vn 0.059019 -0.055156 0.058946
vn 0.061703 -0.048899 0.061658
vn 0.059954 -0.052428 0.060471
vn 0.063279 -0.043844 0.063824
vn 0.054250 -0.063739 0.054719
vn 0.055515 -0.065471 0.051300
vn 0.055441 -0.069031 0.046486
vn 0.064125 -0.061448 0.045957
vn 0.071665 -0.053736 0.044459
vn 0.057002 -0.058696 0.057494
vn 0.056057 -0.061045 0.055957
vn 0.056417 -0.060916 0.055735
vn 0.057134 -0.060655 0.055287
vn 0.064046 -0.042420 0.064020
vn 0.065271 -0.037492 0.065833
vn 0.066079 -0.035609 0.066073
vn 0.066490 -0.032889 0.067062
vn 0.067753 -0.028599 0.067761
vn 0.068785 -0.022099 0.069139
vn 0.068045 -0.028571 0.067480
vn 0.068625 -0.028516 0.066914
vn 0.066379 -0.035554 0.065801
vn 0.066976 -0.035447 0.065252
vn 0.064357 -0.042347 0.063757
vn 0.064975 -0.042198 0.063227
vn 0.000000 -0.100000 0.000000
vn 0.069354 -0.028555 0.066141
vn 0.068153 -0.035231 0.064140
vn 0.070539 -0.033413 0.062512
vn 0.070451 -0.034778 0.061863
vn 0.072211 -0.037345 0.058232
vn 0.068583 -0.041250 0.059957
vn 0.073133 -0.039813 0.055375
vn 0.074073 -0.040085 0.053911
vn 0.091186 -0.036984 0.017811
vn 0.089297 -0.039794 0.021033
vn 0.086820 -0.043100 0.024592
vn 0.084084 -0.046278 0.028077
vn 0.079578 -0.052787 0.029679
vn 0.074554 -0.059042 0.030914
vn 0.068796 -0.065366 0.031534
vn 0.093852 -0.032492 0.011667
vn 0.092910 -0.034630 0.012977
vn 0.090805 -0.038525 0.016441
vn 0.088408 -0.042305 0.019858
vn 0.087622 -0.044388 0.018765
vn 0.084770 -0.048305 0.021923
vn 0.083790 -0.050567 0.020549
vn 0.080458 -0.054568 0.023429
vn 0.079296 -0.056862 0.021882
vn 0.075463 -0.060878 0.024481
vn 0.077727 -0.059737 0.019747
vn 0.073604 -0.063994 0.022074
vn 0.076194 -0.062325 0.017610
vn 0.071781 -0.066788 0.019667
vn 0.096075 -0.027167 0.005615
vn 0.094387 -0.031794 0.008954
vn 0.092439 -0.036118 0.012270
vn 0.090183 -0.040316 0.015542
vn 0.096315 -0.026564 0.004215
vn 0.094053 -0.032914 0.008404
vn 0.091967 -0.037544 0.011513
vn 0.089557 -0.042036 0.014579
vn 0.086825 -0.046387 0.017596
vn 0.097918 -0.020298 0.000000
vn 0.096148 -0.027201 0.003945
vn 0.093734 -0.033944 0.007863
vn 0.095935 -0.027994 0.003570
vn 0.093315 -0.035238 0.007114
vn 0.095739 -0.028703 0.003194
vn 0.092920 -0.036406 0.006362
vn 0.097812 -0.020802 0.000001
vn 0.095214 -0.030501 0.001994
vn 0.097701 -0.021320 0.000004
vn 0.095060 -0.031002 0.001563
vn 0.097679 -0.021418 -0.000001
vn 0.094917 -0.031458 0.001115
vn 0.097666 -0.021479 -0.000004
vn 0.094783 -0.031870 0.000656
vn 0.097660 -0.021508 0.000000
vn 0.095036 -0.031115 -0.000129
vn 0.097660 -0.021507 0.000001
vn 0.091589 -0.040143 0.000120
vn 0.090798 -0.041881 0.001307
vn 0.091122 -0.041131 0.002221
vn 0.091457 -0.040324 0.003106
vn 0.091805 -0.039449 0.003964
vn 0.087457 -0.048480 0.000916
vn 0.087109 -0.049079 0.001788
vn 0.087619 -0.048101 0.003037
vn 0.088136 -0.047053 0.004245
vn 0.088668 -0.045920 0.005419
vn 0.082826 -0.055983 0.002420
vn 0.077812 -0.062627 0.004800
vn 0.079026 -0.061103 0.004610
vn 0.083586 -0.054760 0.003836
vn 0.072622 -0.068252 0.008229
vn 0.075230 -0.065455 0.007486
vn 0.079998 -0.059656 0.006439
vn 0.084316 -0.053498 0.005358
vn 0.071571 -0.068989 0.010862
vn 0.067184 -0.072898 0.013122
vn 0.080266 -0.057601 0.015476
vn 0.083990 -0.052626 0.013274
vn 0.087354 -0.047412 0.011014
vn 0.090331 -0.042005 0.008708
vn 0.085061 -0.052133 0.006842
vn 0.080986 -0.058083 0.008228
vn 0.076484 -0.063707 0.009572
vn 0.066973 -0.068196 0.029393
vn 0.064494 -0.071701 0.026450
vn 0.069192 -0.067981 0.024312
vn 0.067068 -0.070948 0.021640
vn 0.071354 -0.064655 0.026988
vn 0.072948 -0.061981 0.028932
vn 0.076835 -0.058382 0.026227
vn 0.082826 -0.052641 0.019202
vn 0.081529 -0.055247 0.017341
vn 0.085002 -0.050534 0.014864
vn 0.086046 -0.048223 0.016449
vn 0.088136 -0.045608 0.012326
vn 0.088948 -0.043616 0.013634
vn 0.091511 -0.038856 0.010770
vn 0.090908 -0.040508 0.009741
vn 0.078223 -0.055648 0.028009
vn 0.081636 -0.052060 0.025007
vn 0.082789 -0.049442 0.026484
vn 0.085734 -0.045946 0.023208
vn 0.058552 -0.060121 0.054379
vn 0.061331 -0.058997 0.052515
vn 0.058462 -0.064216 0.049583
vn 0.066664 -0.056512 0.048604
vn 0.066196 -0.041894 0.062153
vn 0.000000 0.000000 -0.100000
vn 0.000000 0.000000 -0.100000
vn 0.000000 0.000000 -0.100000
vn 0.000000 0.000000 -0.100000
vn 0.000000 0.000000 -0.100000
vn 0.000000 0.000000 -0.100000
vn 0.000000 0.000000 -0.100000
vn 0.000000 0.000000 -0.100000
vn 0.000000 0.000000 -0.100000
vn 0.000000 0.000000 -0.100000
vn 0.000000 0.000000 -0.100000
vn 0.000000 0.000000 -0.100000
vn 0.000000 0.000000 -0.100000
vn 0.000000 0.000000 -0.100000
vn 0.000000 0.000000 -0.100000
vn -0.070244 0.008114 -0.070711
vn -0.070209 0.008408 -0.070711
vn -0.070102 0.009258 -0.070710
vn -0.070111 0.009193 -0.070710
vn -0.070108 0.009218 -0.070710
vn -0.070302 0.007594 -0.070711
vn -0.070357 0.007059 -0.070711
vn -0.070380 0.006832 -0.070711
vn -0.070447 0.006095 -0.070711
vn -0.070446 0.006110 -0.070711
vn -0.070503 0.005409 -0.070711
vn -0.070510 0.005324 -0.070711
vn -0.070551 0.004749 -0.070711
vn -0.070587 0.004175 -0.070711
vn -0.070590 0.004129 -0.070711
vn -0.070622 0.003549 -0.070711
vn -0.070616 0.003657 -0.070711
vn -0.070647 0.003007 -0.070711
vn -0.070671 0.002368 -0.070711
vn -0.070667 0.002495 -0.070711
vn -0.070682 0.002011 -0.070711
vn -0.070675 0.002242 -0.070711
vn -0.070696 0.001419 -0.070711
vn -0.070693 0.001556 -0.070711
vn -0.070704 0.000963 -0.070711
vn -0.070699 0.001271 -0.070711
vn -0.070710 0.000347 -0.070711
vn -0.070518 0.005209 -0.070711
vn -0.070709 -0.000495 -0.070711
vn -0.070710 -0.000108 -0.070711
vn -0.070709 0.000420 -0.070711
vn -0.070707 0.000686 -0.070711
vn -0.070699 -0.001293 -0.070711
vn -0.070704 -0.000962 -0.070711
vn -0.070708 -0.000624 -0.070711
vn -0.070709 -0.000416 -0.070711
vn -0.070711 0.000005 -0.070711
vn -0.070679 -0.002109 -0.070711
vn -0.070692 -0.001634 -0.070711
vn -0.070699 -0.001294 -0.070711
vn -0.070700 -0.001234 -0.070711
vn -0.070706 -0.000829 -0.070711
vn -0.070647 -0.003002 -0.070711
vn -0.070658 -0.002734 -0.070711
vn -0.070671 -0.002356 -0.070711
vn -0.070682 -0.001996 -0.070711
vn -0.070680 -0.002088 -0.070711
vn -0.070691 -0.001646 -0.070711
vn -0.070599 -0.003980 -0.070711
vn -0.070622 -0.003544 -0.070711
vn -0.070641 -0.003130 -0.070711
vn -0.070644 -0.003061 -0.070711
vn -0.070664 -0.002560 -0.070711
vn -0.070527 -0.005087 -0.070711
vn -0.070570 -0.004447 -0.070711
vn -0.070599 -0.003979 -0.070711
vn -0.070619 -0.003590 -0.070711
vn -0.070426 -0.006332 -0.070712
vn -0.070497 -0.005477 -0.070711
vn -0.070537 -0.004946 -0.070711
vn -0.070548 -0.004780 -0.070711
vn -0.070588 -0.004158 -0.070711
vn -0.070288 -0.007714 -0.070711
vn -0.070336 -0.007260 -0.070711
vn -0.070398 -0.006634 -0.070711
vn -0.070451 -0.006040 -0.070712
vn -0.070439 -0.006180 -0.070712
vn -0.070499 -0.005454 -0.070711
vn -0.070106 -0.009228 -0.070711
vn -0.070185 -0.008607 -0.070711
vn -0.070266 -0.007918 -0.070711
vn -0.070280 -0.007788 -0.070711
vn -0.070367 -0.006958 -0.070711
vn -0.069867 -0.010887 -0.070711
vn -0.069987 -0.010092 -0.070711
vn -0.070092 -0.009330 -0.070711
vn -0.070177 -0.008670 -0.070711
vn -0.069881 -0.010803 -0.070711
vn -0.069906 -0.010638 -0.070711
vn -0.069945 -0.010377 -0.070711
vn -0.069983 -0.010117 -0.070711
vn -0.070020 -0.009861 -0.070711
vn -0.070055 -0.009610 -0.070711
vn -0.070640 0.003155 -0.070711
vn -0.070402 0.006603 -0.070711
vn -0.070254 0.008021 -0.070711
vn -0.070228 0.008250 -0.070711
vn -0.070203 0.008460 -0.070711
vn -0.070180 0.008651 -0.070711
vn -0.070158 0.008821 -0.070711
vn -0.070139 0.008972 -0.070710
vn -0.070123 0.009100 -0.070710
vn -0.070116 0.009152 -0.070710
vn -0.070106 0.009230 -0.070710
vn -0.070105 0.009237 -0.070710
vn -0.070104 0.009244 -0.070710
vn -0.070103 0.009251 -0.070710
vn -0.070106 0.009230 -0.070710
vn -0.070106 0.009232 -0.070710
vn -0.070106 0.009234 -0.070710
vn 0.000000 0.000000 -0.100000
vn 0.000000 0.000000 -0.100000
vn 0.000000 0.000000 -0.100000
vn 0.000000 0.000000 -0.100000
vn 0.000000 0.000000 -0.100000
vn 0.000000 0.000000 -0.100000
vn 0.000000 0.000000 -0.100000
vn 0.000000 0.000000 -0.100000
vn 0.000000 0.000000 -0.100000
vn 0.000000 0.000000 -0.100000
vn 0.000000 0.000000 -0.100000
vn 0.000000 0.000000 -0.100000
vn 0.000000 0.000000 -0.100000
vn 0.000000 0.000000 -0.100000
vn 0.000000 0.000000 -0.100000
vn 0.000000 0.000000 -0.100000
vn 0.000000 0.000000 -0.100000
vn 0.000000 0.000000 -0.100000
vn 0.000000 0.000000 -0.100000
vn 0.000000 0.000000 -0.100000
vn 0.000000 0.000000 -0.100000
vn 0.000000 0.000000 -0.100000
vn 0.000000 0.000000 -0.100000
vn 0.000000 0.000000 -0.100000
vn 0.000000 0.000000 -0.100000
vn 0.099984 0.001789 0.000000
vn 0.099984 0.001789 0.000000
vn 0.099984 0.001789 0.000000
vn 0.099984 0.001789 0.000000
usemtl Steel_-_Satin
f 1/1/1 2/2/2 4/3/3
f 4/3/3 2/2/2 3/4/4
f 2/5/5 5/6/6 3/7/7
f 3/7/7 5/6/6 6/8/8
f 5/9/9 1/10/10 6/11/11
f 6/11/11 1/10/10 4/12/12
f 6/13/13 4/14/14 3/15/15
f 1/16/16 31/17/17 2/18/18
f 2/18/18 31/17/17 32/19/19
f 2/18/18 32/19/19 33/20/20
f 5/21/21 21/22/22 1/16/16
f 1/16/16 21/22/22 22/23/23
f 1/16/16 22/23/23 26/24/24
f 26/24/24 22/23/23 25/25/25
f 25/25/25 22/23/23 23/26/26
f 25/25/25 23/26/26 24/27/27
f 2/18/18 43/28/28 5/21/21
f 5/21/21 43/28/28 44/29/29
f 5/21/21 44/29/29 8/30/30
f 8/30/30 44/29/29 7/31/31
f 8/30/30 9/32/32 5/21/21
f 5/21/21 9/32/32 10/33/33
f 5/21/21 10/33/33 11/34/34
f 11/34/34 12/35/35 5/21/21
f 5/21/21 12/35/35 13/36/36
f 5/21/21 13/36/36 14/37/37
f 14/37/37 15/38/38 5/21/21
f 5/21/21 15/38/38 16/39/39
f 5/21/21 16/39/39 17/40/40
f 17/40/40 18/41/41 5/21/21
f 5/21/21 18/41/41 19/42/42
f 5/21/21 19/42/42 20/43/43
f 20/43/43 21/22/22 5/21/21
f 26/24/24 27/44/44 1/16/16
f 1/16/16 27/44/44 29/45/45
f 1/16/16 29/45/45 30/46/46
f 27/44/44 28/47/47 29/45/45
f 30/46/46 31/17/17 1/16/16
f 33/20/20 34/48/48 2/18/18
f 2/18/18 34/48/48 35/49/49
f 2/18/18 35/49/49 36/50/50
f 36/50/50 37/51/51 2/18/18
f 2/18/18 37/51/51 38/52/52
f 2/18/18 38/52/52 39/53/53
f 39/53/53 40/54/54 2/18/18
f 2/18/18 40/54/54 41/55/55
f 2/18/18 41/55/55 42/56/56
f 42/56/56 43/28/28 2/18/18
f 27/57/57 45/58/58 28/59/59
f 28/59/59 45/58/58 53/60/60
f 53/60/60 45/58/58 46/61/61
f 53/60/60 46/61/61 47/62/62
f 47/62/62 48/63/63 53/60/60
f 53/60/60 48/63/63 52/64/64
f 52/64/64 48/63/63 49/65/65
f 52/64/64 49/65/65 50/66/66
f 50/66/66 51/67/67 52/64/64
f 25/68/68 46/69/69 26/70/70
f 26/70/70 46/69/69 45/71/71
f 26/70/70 45/71/71 27/72/72
f 46/69/69 25/68/68 47/73/73
f 47/73/73 25/68/68 24/74/74
f 47/73/73 24/74/74 48/75/75
f 48/75/75 24/74/74 49/76/76
f 49/76/76 24/74/74 23/77/77
f 49/76/76 23/77/77 50/78/78
f 62/79/79 43/80/80 63/81/81
f 63/81/81 43/80/80 42/82/82
f 63/81/81 42/82/82 65/83/83
f 65/83/83 42/82/82 64/84/84
f 65/83/83 64/84/84 67/85/85
f 67/85/85 64/84/84 66/86/86
f 67/85/85 66/86/86 69/87/87
f 69/87/87 66/86/86 68/88/88
f 69/87/87 68/88/88 54/89/89
f 54/89/89 68/88/88 39/90/90
f 39/90/90 68/88/88 40/91/91
f 40/91/91 68/88/88 66/86/86
f 40/91/91 66/86/86 41/92/92
f 41/92/92 66/86/86 64/84/84
f 41/92/92 64/84/84 42/82/82
f 54/89/89 55/93/93 69/87/87
f 69/87/87 55/93/93 56/94/94
f 69/87/87 56/94/94 57/95/95
f 69/87/87 57/95/95 67/85/85
f 67/85/85 57/95/95 58/96/96
f 67/85/85 58/96/96 59/97/97
f 67/85/85 59/97/97 65/83/83
f 65/83/83 59/97/97 60/98/98
f 65/83/83 60/98/98 61/99/99
f 65/83/83 61/99/99 63/81/81
f 63/81/81 61/99/99 62/79/79
f 54/100/100 39/101/101 74/102/102
f 74/102/102 39/101/101 38/103/103
f 74/102/102 38/103/103 37/104/104
f 36/105/105 70/106/106 37/104/104
f 37/104/104 70/106/106 71/107/107
f 37/104/104 71/107/107 74/102/102
f 74/102/102 71/107/107 72/108/108
f 74/102/102 72/108/108 54/100/100
f 54/100/100 72/108/108 55/109/109
f 55/109/109 72/108/108 73/110/110
f 55/109/109 73/110/110 56/111/111
f 36/105/105 35/112/112 70/106/106
f 50/113/78 23/114/77 51/115/113
f 51/115/113 23/114/77 22/116/114
f 51/115/113 22/116/114 100/117/115
f 100/117/115 22/116/114 99/118/116
f 99/118/116 22/116/114 98/119/117
f 98/119/117 22/116/114 97/120/118
f 97/120/118 22/116/114 21/121/119
f 97/120/118 21/121/119 96/122/120
f 96/122/120 21/121/119 95/123/121
f 95/123/121 21/121/119 20/124/122
f 95/123/121 20/124/122 94/125/123
f 94/125/123 20/124/122 19/126/124
f 94/125/123 19/126/124 18/127/125
f 94/125/123 18/127/125 93/128/126
f 93/128/126 18/127/125 17/129/127
f 93/128/126 17/129/127 92/130/128
f 92/130/128 17/129/127 16/131/129
f 92/130/128 16/131/129 91/132/130
f 91/132/130 16/131/129 15/133/131
f 91/132/130 15/133/131 90/134/132
f 90/134/132 15/133/131 14/135/133
f 90/134/132 14/135/133 89/136/134
f 89/136/134 14/135/133 88/137/135
f 88/137/135 14/135/133 13/138/136
f 88/137/135 13/138/136 87/139/137
f 87/139/137 13/138/136 86/140/138
f 86/140/138 13/138/136 12/141/139
f 86/140/138 12/141/139 85/142/140
f 85/142/140 12/141/139 84/143/141
f 84/143/141 12/141/139 11/144/142
f 84/143/141 11/144/142 83/145/143
f 83/145/143 11/144/142 82/146/144
f 82/146/144 11/144/142 10/147/145
f 82/146/144 10/147/145 81/148/146
f 81/148/146 10/147/145 9/149/147
f 81/148/146 9/149/147 80/150/148
f 80/150/148 9/149/147 79/151/149
f 79/151/149 9/149/147 8/152/150
f 79/151/149 8/152/150 78/153/151
f 78/153/151 8/152/150 77/154/152
f 77/154/152 8/152/150 76/155/153
f 76/155/153 8/152/150 7/156/154
f 76/155/153 7/156/154 75/157/155
f 51/158/156 100/159/157 52/160/64
f 52/160/64 100/159/157 117/161/158
f 117/161/158 100/159/157 99/162/159
f 117/161/158 99/162/159 98/163/160
f 98/163/160 97/164/161 117/161/158
f 117/161/158 97/164/161 116/165/162
f 116/165/162 97/164/161 96/166/163
f 116/165/162 96/166/163 95/167/164
f 116/165/162 95/167/164 115/168/165
f 115/168/165 95/167/164 94/169/166
f 115/168/165 94/169/166 93/170/167
f 93/170/167 92/171/168 115/168/165
f 115/168/165 92/171/168 114/172/169
f 114/172/169 92/171/168 118/173/170
f 114/172/169 118/173/170 113/174/171
f 113/174/171 118/173/170 119/175/172
f 113/174/171 119/175/172 112/176/173
f 112/176/173 119/175/172 120/177/174
f 112/176/173 120/177/174 111/178/175
f 111/178/175 120/177/174 110/179/176
f 110/179/176 120/177/174 108/180/177
f 110/179/176 108/180/177 109/181/178
f 92/171/168 91/182/179 118/173/170
f 118/173/170 91/182/179 105/183/180
f 118/173/170 105/183/180 106/184/181
f 91/182/179 90/185/182 105/183/180
f 105/183/180 90/185/182 89/186/183
f 105/183/180 89/186/183 88/187/184
f 105/183/180 88/187/184 104/188/185
f 104/188/185 88/187/184 87/189/186
f 104/188/185 87/189/186 86/190/187
f 86/190/187 85/191/188 104/188/185
f 104/188/185 85/191/188 84/192/189
f 104/188/185 84/192/189 83/193/190
f 104/188/185 83/193/190 103/194/191
f 103/194/191 83/193/190 82/195/192
f 103/194/191 82/195/192 81/196/193
f 81/196/193 80/197/194 103/194/191
f 103/194/191 80/197/194 102/198/195
f 102/198/195 80/197/194 79/199/196
f 102/198/195 79/199/196 78/200/197
f 78/200/197 77/201/198 102/198/195
f 102/198/195 77/201/198 101/202/199
f 101/202/199 77/201/198 76/203/200
f 118/173/170 106/184/181 119/175/172
f 119/175/172 106/184/181 107/204/201
f 119/175/172 107/204/201 120/177/174
f 120/177/174 107/204/201 108/180/177
f 110/205/202 109/206/203 178/207/204
f 178/207/204 109/206/203 121/208/205
f 178/207/204 121/208/205 177/209/206
f 177/209/206 121/208/205 122/210/207
f 177/209/206 122/210/207 176/211/208
f 176/211/208 122/210/207 123/212/209
f 176/211/208 123/212/209 175/213/210
f 175/213/210 123/212/209 174/214/211
f 174/214/211 123/212/209 124/215/212
f 174/214/211 124/215/212 173/216/213
f 173/216/213 124/215/212 125/217/214
f 173/216/213 125/217/214 172/218/215
f 172/218/215 125/217/214 126/219/216
f 172/218/215 126/219/216 171/220/217
f 171/220/217 126/219/216 127/221/218
f 171/220/217 127/221/218 170/222/219
f 170/222/219 127/221/218 128/223/220
f 170/222/219 128/223/220 169/224/221
f 169/224/221 128/223/220 129/225/222
f 169/224/221 129/225/222 168/226/223
f 168/226/223 129/225/222 130/227/224
f 168/226/223 130/227/224 167/228/225
f 167/228/225 130/227/224 131/229/226
f 167/228/225 131/229/226 166/230/227
f 166/230/227 131/229/226 165/231/228
f 165/231/228 131/229/226 132/232/229
f 165/231/228 132/232/229 164/233/230
f 164/233/230 132/232/229 133/234/231
f 164/233/230 133/234/231 163/235/232
f 163/235/232 133/234/231 134/236/233
f 163/235/232 134/236/233 162/237/234
f 162/237/234 134/236/233 135/238/235
f 162/237/234 135/238/235 161/239/236
f 161/239/236 135/238/235 136/240/237
f 161/239/236 136/240/237 160/241/238
f 160/241/238 136/240/237 137/242/239
f 160/241/238 137/242/239 159/243/240
f 159/243/240 137/242/239 138/244/241
f 159/243/240 138/244/241 158/245/242
f 158/245/242 138/244/241 139/246/243
f 158/245/242 139/246/243 157/247/244
f 157/247/244 139/246/243 140/248/245
f 157/247/244 140/248/245 156/249/246
f 156/249/246 140/248/245 141/250/247
f 156/249/246 141/250/247 155/251/248
f 155/251/248 141/250/247 142/252/249
f 155/251/248 142/252/249 154/253/250
f 154/253/250 142/252/249 143/254/251
f 154/253/250 143/254/251 153/255/252
f 153/255/252 143/254/251 144/256/253
f 153/255/252 144/256/253 152/257/254
f 152/257/254 144/256/253 145/258/255
f 152/257/254 145/258/255 151/259/256
f 151/259/256 145/258/255 146/260/257
f 151/259/256 146/260/257 150/261/258
f 150/261/258 146/260/257 149/262/259
f 149/262/259 146/260/257 148/263/260
f 148/263/260 146/260/257 147/264/261
f 101/265/199 76/266/200 75/267/262
f 179/268/263 200/269/264 146/270/265
f 146/270/265 200/269/264 201/271/266
f 146/270/265 201/271/266 202/272/267
f 202/272/267 201/271/266 205/273/268
f 202/272/267 205/273/268 198/274/269
f 198/274/269 205/273/268 197/275/270
f 197/275/270 205/273/268 208/276/271
f 197/275/270 208/276/271 196/277/272
f 196/277/272 208/276/271 211/278/273
f 196/277/272 211/278/273 195/279/274
f 195/279/274 211/278/273 214/280/275
f 195/279/274 214/280/275 194/281/276
f 194/281/276 214/280/275 193/282/277
f 193/282/277 214/280/275 192/283/278
f 192/283/278 214/280/275 217/284/279
f 192/283/278 217/284/279 191/285/280
f 191/285/280 217/284/279 190/286/281
f 190/286/281 217/284/279 189/287/282
f 189/287/282 217/284/279 216/288/283
f 189/287/282 216/288/283 187/289/284
f 187/289/284 216/288/283 215/290/285
f 187/289/284 215/290/285 186/291/286
f 186/291/286 215/290/285 185/292/287
f 185/292/287 215/290/285 212/293/288
f 185/292/287 212/293/288 184/294/289
f 184/294/289 212/293/288 183/295/290
f 183/295/290 212/293/288 209/296/291
f 183/295/290 209/296/291 182/297/292
f 182/297/292 209/296/291 206/298/293
f 182/297/292 206/298/293 181/299/294
f 181/299/294 206/298/293 203/300/295
f 181/299/294 203/300/295 180/301/296
f 180/301/296 203/300/295 200/269/264
f 180/301/296 200/269/264 179/268/263
f 187/289/284 188/302/297 189/287/282
f 198/274/269 199/303/298 202/272/267
f 202/272/267 199/303/298 146/270/265
f 199/303/298 147/304/299 146/270/265
f 201/271/266 200/269/264 204/305/300
f 204/305/300 200/269/264 203/300/295
f 204/305/300 203/300/295 207/306/301
f 207/306/301 203/300/295 206/298/293
f 207/306/301 206/298/293 210/307/302
f 210/307/302 206/298/293 209/296/291
f 210/307/302 209/296/291 213/308/303
f 213/308/303 209/296/291 212/293/288
f 213/308/303 212/293/288 216/288/283
f 216/288/283 212/293/288 215/290/285
f 208/276/271 205/273/268 204/305/300
f 204/305/300 205/273/268 201/271/266
f 208/276/271 204/305/300 207/306/301
f 211/278/273 208/276/271 207/306/301
f 211/278/273 207/306/301 210/307/302
f 214/280/275 211/278/273 210/307/302
f 214/280/275 210/307/302 213/308/303
f 217/284/279 214/280/275 213/308/303
f 217/284/279 213/308/303 216/288/283
f 218/309/304 219/310/305 221/311/306
f 221/311/306 219/310/305 220/312/307
f 222/313/308 223/314/309 292/315/310
f 292/315/310 223/314/309 290/316/311
f 292/315/310 290/316/311 291/317/312
f 223/314/309 224/318/313 290/316/311
f 290/316/311 224/318/313 225/319/314
f 290/316/311 225/319/314 226/320/315
f 290/316/311 226/320/315 289/321/316
f 289/321/316 226/320/315 227/322/317
f 289/321/316 227/322/317 288/323/318
f 288/323/318 227/322/317 228/324/319
f 288/323/318 228/324/319 287/325/320
f 287/325/320 228/324/319 229/326/321
f 287/325/320 229/326/321 286/327/322
f 286/327/322 229/326/321 230/328/323
f 286/327/322 230/328/323 285/329/324
f 285/329/324 230/328/323 231/330/325
f 285/329/324 231/330/325 284/331/326
f 284/331/326 231/330/325 232/332/327
f 284/331/326 232/332/327 233/333/328
f 284/331/326 233/333/328 283/334/329
f 283/334/329 233/333/328 234/335/330
f 283/334/329 234/335/330 235/336/331
f 236/337/332 280/338/333 235/336/331
f 235/336/331 280/338/333 281/339/334
f 235/336/331 281/339/334 282/340/335
f 236/337/332 237/341/336 280/338/333
f 280/338/333 237/341/336 279/342/337
f 279/342/337 237/341/336 238/343/338
f 279/342/337 238/343/338 278/344/339
f 278/344/339 238/343/338 239/345/340
f 278/344/339 239/345/340 277/346/341
f 277/346/341 239/345/340 276/347/342
f 276/347/342 239/345/340 240/348/343
f 276/347/342 240/348/343 275/349/344
f 275/349/344 240/348/343 241/350/345
f 275/349/344 241/350/345 274/351/346
f 274/351/346 241/350/345 242/352/347
f 274/351/346 242/352/347 273/353/348
f 273/353/348 242/352/347 243/354/349
f 273/353/348 243/354/349 244/355/350
f 273/353/348 244/355/350 272/356/351
f 272/356/351 244/355/350 245/357/352
f 272/356/351 245/357/352 246/358/353
f 272/356/351 246/358/353 271/359/354
f 271/359/354 246/358/353 247/360/355
f 271/359/354 247/360/355 248/361/356
f 271/359/354 248/361/356 270/362/357
f 270/362/357 248/361/356 249/363/358
f 270/362/357 249/363/358 250/364/359
f 270/362/357 250/364/359 269/365/360
f 269/365/360 250/364/359 251/366/361
f 269/365/360 251/366/361 252/367/362
f 269/365/360 252/367/362 268/368/363
f 268/368/363 252/367/362 253/369/364
f 268/368/363 253/369/364 267/370/365
f 267/370/365 253/369/364 254/371/366
f 267/370/365 254/371/366 255/372/367
f 267/370/365 255/372/367 266/373/368
f 266/373/368 255/372/367 256/374/369
f 266/373/368 256/374/369 257/375/370
f 266/373/368 257/375/370 265/376/371
f 265/376/371 257/375/370 258/377/372
f 265/376/371 258/377/372 264/378/373
f 264/378/373 258/377/372 259/379/374
f 264/378/373 259/379/374 260/380/375
f 264/378/373 260/380/375 220/381/376
f 220/381/376 260/380/375 261/382/377
f 220/381/376 261/382/377 262/383/378
f 262/383/378 263/384/379 220/381/376
f 220/381/376 263/384/379 221/385/380
f 282/340/335 283/334/329 235/336/331
f 35/386/381 34/387/382 70/388/383
f 70/388/383 34/387/382 71/389/384
f 71/389/384 34/387/382 293/390/385
f 71/389/384 293/390/385 72/391/386
f 72/391/386 293/390/385 294/392/387
f 72/391/386 294/392/387 295/393/388
f 72/391/386 295/393/388 73/394/389
f 73/394/389 295/393/388 296/395/390
f 73/394/389 296/395/390 56/396/391
f 56/396/391 296/395/390 297/397/392
f 56/396/391 297/397/392 298/398/393
f 299/399/394 309/400/395 298/398/393
f 298/398/393 309/400/395 310/401/396
f 298/398/393 310/401/396 56/396/391
f 300/402/397 307/403/398 299/399/394
f 299/399/394 307/403/398 308/404/399
f 299/399/394 308/404/399 309/400/395
f 307/403/398 300/402/397 306/405/400
f 306/405/400 300/402/397 301/406/401
f 306/405/400 301/406/401 305/407/402
f 305/407/402 301/406/401 302/408/403
f 305/407/402 302/408/403 304/409/404
f 304/409/404 302/408/403 303/410/405
f 304/409/404 303/410/405 292/411/406
f 292/411/406 303/410/405 222/412/407
f 311/413/408 312/414/409 374/415/410
f 374/415/410 312/414/409 313/416/411
f 374/415/410 313/416/411 314/417/412
f 374/415/410 314/417/412 373/418/413
f 373/418/413 314/417/412 315/419/414
f 373/418/413 315/419/414 316/420/415
f 373/418/413 316/420/415 372/421/416
f 372/421/416 316/420/415 317/422/417
f 372/421/416 317/422/417 371/423/418
f 371/423/418 317/422/417 318/424/419
f 371/423/418 318/424/419 370/425/420
f 370/425/420 318/424/419 319/426/421
f 370/425/420 319/426/421 320/427/422
f 370/425/420 320/427/422 369/428/423
f 369/428/423 320/427/422 321/429/424
f 369/428/423 321/429/424 322/430/425
f 322/430/425 323/431/426 369/428/423
f 369/428/423 323/431/426 368/432/427
f 368/432/427 323/431/426 324/433/428
f 368/432/427 324/433/428 325/434/429
f 325/434/429 326/435/430 368/432/427
f 368/432/427 326/435/430 327/436/431
f 368/432/427 327/436/431 328/437/432
f 368/432/427 328/437/432 367/438/433
f 367/438/433 328/437/432 329/439/434
f 367/438/433 329/439/434 330/440/435
f 367/438/433 330/440/435 366/441/436
f 366/441/436 330/440/435 331/442/437
f 366/441/436 331/442/437 341/443/438
f 341/443/438 331/442/437 332/444/439
f 341/443/438 332/444/439 340/445/440
f 340/445/440 332/444/439 333/446/441
f 340/445/440 333/446/441 339/447/442
f 339/447/442 333/446/441 334/448/443
f 339/447/442 334/448/443 338/449/444
f 338/449/444 334/448/443 337/450/445
f 337/450/445 334/448/443 335/451/446
f 337/450/445 335/451/446 336/452/447
f 219/453/448 218/454/449 336/452/447
f 336/452/447 218/454/449 337/450/445
f 341/443/438 342/455/450 366/441/436
f 366/441/436 342/455/450 365/456/451
f 365/456/451 342/455/450 364/457/452
f 364/457/452 342/455/450 343/458/453
f 364/457/452 343/458/453 363/459/454
f 363/459/454 343/458/453 344/460/455
f 363/459/454 344/460/455 345/461/456
f 363/459/454 345/461/456 362/462/457
f 362/462/457 345/461/456 346/463/458
f 362/462/457 346/463/458 361/464/459
f 361/464/459 346/463/458 347/465/460
f 361/464/459 347/465/460 348/466/461
f 348/466/461 349/467/462 361/464/459
f 361/464/459 349/467/462 360/468/463
f 360/468/463 349/467/462 350/469/464
f 360/468/463 350/469/464 351/470/465
f 351/470/465 352/471/466 360/468/463
f 360/468/463 352/471/466 353/472/467
f 360/468/463 353/472/467 359/473/468
f 359/473/468 353/472/467 354/474/469
f 359/473/468 354/474/469 355/475/470
f 359/473/468 355/475/470 358/476/471
f 358/476/471 355/475/470 356/477/472
f 358/476/471 356/477/472 357/478/473
f 357/479/474 356/480/475 375/481/476
f 377/482/477 386/483/478 376/484/479
f 376/484/479 386/483/478 387/485/480
f 376/484/479 387/485/480 388/486/481
f 388/486/481 387/485/480 189/487/482
f 388/486/481 189/487/482 188/488/483
f 378/489/484 381/490/485 377/482/477
f 377/482/477 381/490/485 385/491/486
f 377/482/477 385/491/486 386/483/478
f 378/489/484 379/492/487 381/490/485
f 381/490/485 379/492/487 380/493/488
f 382/494/489 383/495/490 381/490/485
f 381/490/485 383/495/490 384/496/491
f 381/490/485 384/496/491 385/491/486
f 387/497/492 386/498/493 339/499/494
f 339/499/494 386/498/493 385/500/495
f 339/499/494 385/500/495 340/501/496
f 340/501/496 385/500/495 384/502/497
f 340/501/496 384/502/497 341/503/498
f 341/503/498 384/502/497 383/504/499
f 341/503/498 383/504/499 342/505/500
f 342/505/500 383/504/499 382/506/501
f 342/505/500 382/506/501 389/507/502
f 342/505/500 389/507/502 343/508/503
f 343/508/503 389/507/502 390/509/504
f 343/508/503 390/509/504 344/510/505
f 344/510/505 390/509/504 391/511/506
f 344/510/505 391/511/506 345/512/507
f 345/512/507 391/511/506 392/513/508
f 345/512/507 392/513/508 346/514/509
f 346/514/509 392/513/508 393/515/510
f 346/514/509 393/515/510 394/516/511
f 395/517/512 348/518/513 394/516/511
f 394/516/511 348/518/513 347/519/514
f 394/516/511 347/519/514 346/514/509
f 348/518/513 395/517/512 349/520/515
f 349/520/515 395/517/512 396/521/516
f 349/520/515 396/521/516 350/522/517
f 350/522/517 396/521/516 397/523/518
f 350/522/517 397/523/518 351/524/519
f 351/524/519 397/523/518 398/525/520
f 351/524/519 398/525/520 352/526/521
f 352/526/521 398/525/520 399/527/522
f 352/526/521 399/527/522 353/528/523
f 353/528/523 399/527/522 400/529/524
f 353/528/523 400/529/524 354/530/525
f 354/530/525 400/529/524 401/531/526
f 354/530/525 401/531/526 355/532/527
f 339/499/494 338/533/528 387/497/492
f 387/497/492 338/533/528 189/534/529
f 189/534/529 338/533/528 337/535/530
f 189/534/529 337/535/530 190/536/531
f 190/536/531 337/535/530 191/537/532
f 191/537/532 337/535/530 192/538/533
f 192/538/533 337/535/530 193/539/534
f 193/539/534 337/535/530 194/540/535
f 194/540/535 337/535/530 218/541/536
f 194/540/535 218/541/536 195/542/537
f 195/542/537 218/541/536 221/543/538
f 195/542/537 221/543/538 196/544/539
f 196/544/539 221/543/538 263/545/540
f 196/544/539 263/545/540 262/546/541
f 196/544/539 262/546/541 197/547/542
f 197/547/542 262/546/541 261/548/543
f 197/547/542 261/548/543 198/549/544
f 198/549/544 261/548/543 260/550/545
f 198/549/544 260/550/545 199/551/546
f 199/551/546 260/550/545 259/552/547
f 199/551/546 259/552/547 258/553/548
f 199/551/546 258/553/548 147/554/549
f 147/554/549 258/553/548 257/555/550
f 147/554/549 257/555/550 148/556/551
f 148/556/551 257/555/550 256/557/552
f 148/556/551 256/557/552 149/558/553
f 149/558/553 256/557/552 255/559/554
f 149/558/553 255/559/554 150/560/555
f 150/560/555 255/559/554 254/561/556
f 150/560/555 254/561/556 151/562/557
f 151/562/557 254/561/556 253/563/558
f 151/562/557 253/563/558 152/564/559
f 152/564/559 253/563/558 252/565/560
f 152/564/559 252/565/560 251/566/561
f 152/564/559 251/566/561 153/567/562
f 153/567/562 251/566/561 250/568/563
f 153/567/562 250/568/563 154/569/564
f 154/569/564 250/568/563 249/570/565
f 154/569/564 249/570/565 248/571/566
f 154/569/564 248/571/566 155/572/567
f 155/572/567 248/571/566 247/573/568
f 155/572/567 247/573/568 246/574/569
f 155/572/567 246/574/569 156/575/570
f 156/575/570 246/574/569 245/576/571
f 156/575/570 245/576/571 244/577/572
f 156/575/570 244/577/572 157/578/573
f 157/578/573 244/577/572 243/579/574
f 157/578/573 243/579/574 158/580/575
f 158/580/575 243/579/574 242/581/576
f 158/580/575 242/581/576 241/582/577
f 240/583/578 160/584/579 241/582/577
f 241/582/577 160/584/579 159/585/580
f 241/582/577 159/585/580 158/580/575
f 160/584/579 240/583/578 161/586/581
f 161/586/581 240/583/578 239/587/582
f 161/586/581 239/587/582 162/588/583
f 162/588/583 239/587/582 238/589/584
f 162/588/583 238/589/584 163/590/585
f 163/590/585 238/589/584 237/591/586
f 163/590/585 237/591/586 164/592/587
f 164/592/587 237/591/586 236/593/588
f 164/592/587 236/593/588 165/594/589
f 165/594/589 236/593/588 166/595/590
f 166/595/590 236/593/588 235/596/591
f 166/595/590 235/596/591 167/597/592
f 167/597/592 235/596/591 234/598/593
f 167/597/592 234/598/593 168/599/594
f 168/599/594 234/598/593 233/600/595
f 168/599/594 233/600/595 169/601/596
f 169/601/596 233/600/595 232/602/597
f 169/601/596 232/602/597 170/603/598
f 170/603/598 232/602/597 231/604/599
f 170/603/598 231/604/599 171/605/600
f 171/605/600 231/604/599 230/606/601
f 171/605/600 230/606/601 172/607/602
f 172/607/602 230/606/601 229/608/603
f 172/607/602 229/608/603 173/609/604
f 173/609/604 229/608/603 174/610/605
f 174/610/605 229/608/603 228/611/606
f 174/610/605 228/611/606 175/612/607
f 175/612/607 228/611/606 227/613/608
f 175/612/607 227/613/608 176/614/609
f 176/614/609 227/613/608 226/615/610
f 176/614/609 226/615/610 177/616/611
f 177/616/611 226/615/610 178/617/612
f 178/617/612 226/615/610 225/618/613
f 178/617/612 225/618/613 224/619/614
f 178/617/612 224/619/614 110/620/615
f 110/620/615 224/619/614 223/621/616
f 110/620/615 223/621/616 111/622/617
f 111/622/617 223/621/616 112/623/618
f 112/623/618 223/621/616 222/624/619
f 112/623/618 222/624/619 113/625/620
f 113/625/620 222/624/619 114/626/621
f 114/626/621 222/624/619 115/627/622
f 115/627/622 222/624/619 303/628/623
f 115/627/622 303/628/623 116/629/624
f 116/629/624 303/628/623 117/630/625
f 117/630/625 303/628/623 302/631/626
f 117/630/625 302/631/626 52/632/627
f 52/632/627 302/631/626 53/633/628
f 53/633/628 302/631/626 28/634/629
f 28/634/629 302/631/626 301/635/630
f 28/634/629 301/635/630 29/636/631
f 29/636/631 301/635/630 300/637/632
f 29/636/631 300/637/632 30/638/633
f 30/638/633 300/637/632 299/639/634
f 30/638/633 299/639/634 31/640/635
f 31/640/635 299/639/634 298/641/636
f 31/640/635 298/641/636 32/642/637
f 32/642/637 298/641/636 297/643/638
f 32/642/637 297/643/638 33/644/639
f 33/644/639 297/643/638 296/645/640
f 33/644/639 296/645/640 295/646/641
f 295/646/641 294/647/642 33/644/639
f 33/644/639 294/647/642 293/648/643
f 33/644/639 293/648/643 34/649/644
f 414/650/645 402/651/646 409/652/647
f 409/652/647 402/651/646 403/653/648
f 409/652/647 403/653/648 404/654/649
f 404/654/649 405/655/650 409/652/647
f 409/652/647 405/655/650 406/656/651
f 409/652/647 406/656/651 407/657/652
f 407/657/652 408/658/653 409/652/647
f 409/652/647 410/659/654 414/650/645
f 414/650/645 410/659/654 413/660/655
f 413/660/655 410/659/654 326/661/656
f 413/660/655 326/661/656 412/662/657
f 412/662/657 326/661/656 325/663/658
f 326/661/656 410/659/654 327/664/659
f 327/664/659 410/659/654 411/665/660
f 327/664/659 411/665/660 328/666/661
f 328/666/661 411/665/660 329/667/662
f 329/667/662 411/665/660 380/668/663
f 329/667/662 380/668/663 330/669/664
f 330/669/664 380/668/663 379/670/665
f 330/669/664 379/670/665 331/671/666
f 331/671/666 379/670/665 332/672/667
f 332/672/667 379/670/665 378/673/668
f 332/672/667 378/673/668 377/674/669
f 332/672/667 377/674/669 333/675/670
f 333/675/670 377/674/669 376/676/671
f 333/675/670 376/676/671 334/677/672
f 334/677/672 376/676/671 388/678/673
f 334/677/672 388/678/673 188/679/674
f 334/677/672 188/679/674 335/680/675
f 335/680/675 188/679/674 187/681/676
f 335/680/675 187/681/676 186/682/677
f 186/682/677 185/683/678 335/680/675
f 335/680/675 185/683/678 336/684/679
f 336/684/679 185/683/678 184/685/680
f 336/684/679 184/685/680 183/686/681
f 182/687/682 220/688/683 183/686/681
f 183/686/681 220/688/683 219/689/684
f 183/686/681 219/689/684 336/684/679
f 220/688/683 182/687/682 264/690/685
f 264/690/685 182/687/682 181/691/686
f 264/690/685 181/691/686 265/692/687
f 265/692/687 181/691/686 180/693/688
f 265/692/687 180/693/688 266/694/689
f 266/694/689 180/693/688 179/695/690
f 266/694/689 179/695/690 267/696/691
f 267/696/691 179/695/690 146/697/692
f 267/696/691 146/697/692 268/698/693
f 268/698/693 146/697/692 145/699/694
f 268/698/693 145/699/694 144/700/695
f 268/698/693 144/700/695 269/701/696
f 269/701/696 144/700/695 143/702/697
f 269/701/696 143/702/697 270/703/698
f 270/703/698 143/702/697 142/704/699
f 270/703/698 142/704/699 271/705/700
f 271/705/700 142/704/699 141/706/701
f 271/705/700 141/706/701 272/707/702
f 272/707/702 141/706/701 140/708/703
f 272/707/702 140/708/703 273/709/704
f 273/709/704 140/708/703 139/710/705
f 273/709/704 139/710/705 274/711/706
f 274/711/706 139/710/705 138/712/707
f 274/711/706 138/712/707 137/713/708
f 274/711/706 137/713/708 275/714/709
f 275/714/709 137/713/708 136/715/710
f 275/714/709 136/715/710 276/716/711
f 276/716/711 136/715/710 135/717/712
f 276/716/711 135/717/712 277/718/713
f 277/718/713 135/717/712 278/719/714
f 278/719/714 135/717/712 134/720/715
f 278/719/714 134/720/715 279/721/716
f 279/721/716 134/720/715 133/722/717
f 279/721/716 133/722/717 280/723/718
f 280/723/718 133/722/717 132/724/719
f 280/723/718 132/724/719 131/725/720
f 280/723/718 131/725/720 281/726/721
f 281/726/721 131/725/720 130/727/722
f 281/726/721 130/727/722 282/728/723
f 282/728/723 130/727/722 129/729/724
f 282/728/723 129/729/724 283/730/725
f 283/730/725 129/729/724 128/731/726
f 283/730/725 128/731/726 284/732/727
f 284/732/727 128/731/726 127/733/728
f 284/732/727 127/733/728 285/734/729
f 285/734/729 127/733/728 126/735/730
f 285/734/729 126/735/730 125/736/731
f 285/734/729 125/736/731 286/737/732
f 286/737/732 125/736/731 124/738/733
f 286/737/732 124/738/733 287/739/734
f 287/739/734 124/738/733 123/740/735
f 287/739/734 123/740/735 288/741/736
f 288/741/736 123/740/735 289/742/737
f 289/742/737 123/740/735 122/743/738
f 289/742/737 122/743/738 121/744/739
f 109/745/740 291/746/741 121/744/739
f 121/744/739 291/746/741 290/747/742
f 121/744/739 290/747/742 289/742/737
f 109/745/740 108/748/743 291/746/741
f 291/746/741 108/748/743 292/749/744
f 292/749/744 108/748/743 107/750/745
f 292/749/744 107/750/745 106/751/746
f 106/751/746 105/752/747 292/749/744
f 292/749/744 105/752/747 104/753/748
f 292/749/744 104/753/748 103/754/749
f 292/749/744 103/754/749 304/755/750
f 304/755/750 103/754/749 102/756/751
f 304/755/750 102/756/751 101/757/752
f 101/757/752 75/758/753 304/755/750
f 304/755/750 75/758/753 305/759/754
f 305/759/754 75/758/753 44/760/755
f 305/759/754 44/760/755 306/761/756
f 306/761/756 44/760/755 43/762/757
f 306/761/756 43/762/757 62/763/758
f 75/758/753 7/764/759 44/760/755
f 306/761/756 62/763/758 307/765/760
f 307/765/760 62/763/758 61/766/761
f 307/765/760 61/766/761 60/767/762
f 60/767/762 59/768/763 307/765/760
f 307/765/760 59/768/763 308/769/764
f 308/769/764 59/768/763 58/770/765
f 308/769/764 58/770/765 309/771/766
f 309/771/766 58/770/765 57/772/767
f 309/771/766 57/772/767 310/773/768
f 310/773/768 57/772/767 56/774/111
f 315/775/769 566/776/770 316/777/771
f 316/777/771 566/776/770 434/778/772
f 316/777/771 434/778/772 317/779/773
f 317/779/773 434/778/772 435/780/774
f 317/779/773 435/780/774 450/781/775
f 450/781/775 435/780/774 436/782/776
f 450/781/775 436/782/776 449/783/777
f 449/783/777 436/782/776 437/784/778
f 449/783/777 437/784/778 448/785/779
f 448/785/779 437/784/778 438/786/780
f 448/785/779 438/786/780 447/787/781
f 447/787/781 438/786/780 439/788/782
f 447/787/781 439/788/782 446/789/783
f 446/789/783 439/788/782 440/790/784
f 446/789/783 440/790/784 445/791/785
f 445/791/785 440/790/784 441/792/786
f 445/791/785 441/792/786 444/793/787
f 444/793/787 441/792/786 442/794/788
f 444/793/787 442/794/788 443/795/789
f 443/795/789 442/794/788 404/796/790
f 443/795/789 404/796/790 403/797/791
f 566/776/770 315/775/769 472/798/792
f 472/798/792 315/775/769 314/799/793
f 472/798/792 314/799/793 451/800/794
f 451/800/794 314/799/793 473/801/795
f 451/800/794 473/801/795 474/802/796
f 474/802/796 473/801/795 504/803/797
f 474/802/796 504/803/797 503/804/798
f 503/804/798 504/803/797 487/805/799
f 503/804/798 487/805/799 488/806/800
f 488/806/800 487/805/799 521/807/801
f 488/806/800 521/807/801 520/808/802
f 520/808/802 521/807/801 515/809/803
f 520/808/802 515/809/803 516/810/804
f 516/810/804 515/809/803 428/811/805
f 516/810/804 428/811/805 429/812/806
f 314/799/793 313/813/807 473/801/795
f 473/801/795 313/813/807 312/814/808
f 473/801/795 312/814/808 505/815/809
f 505/815/809 312/814/808 485/816/810
f 505/815/809 485/816/810 486/817/811
f 486/817/811 485/816/810 523/818/812
f 486/817/811 523/818/812 522/819/813
f 522/819/813 523/818/812 513/820/814
f 522/819/813 513/820/814 514/821/815
f 514/821/815 513/820/814 535/822/816
f 514/821/815 535/822/816 427/823/817
f 427/823/817 535/822/816 534/824/818
f 427/823/817 534/824/818 426/825/819
f 426/825/819 534/824/818 533/826/820
f 426/825/819 533/826/820 542/827/821
f 542/827/821 533/826/820 532/828/822
f 542/827/821 532/828/822 541/829/823
f 541/829/823 532/828/822 531/830/824
f 541/829/823 531/830/824 540/831/825
f 540/831/825 531/830/824 530/832/826
f 540/831/825 530/832/826 539/833/827
f 539/833/827 530/832/826 529/834/828
f 539/833/827 529/834/828 538/835/829
f 538/835/829 529/834/828 528/836/830
f 538/835/829 528/836/830 537/837/831
f 537/837/831 528/836/830 527/838/832
f 537/837/831 527/838/832 536/839/833
f 536/839/833 527/838/832 416/840/834
f 536/839/833 416/840/834 417/841/835
f 311/842/836 526/843/837 312/814/808
f 312/814/808 526/843/837 484/844/838
f 312/814/808 484/844/838 485/816/810
f 485/816/810 484/844/838 524/845/839
f 485/816/810 524/845/839 523/818/812
f 523/818/812 524/845/839 512/846/840
f 523/818/812 512/846/840 513/820/814
f 513/820/814 512/846/840 534/824/818
f 513/820/814 534/824/818 535/822/816
f 415/847/841 506/848/842 311/842/836
f 311/842/836 506/848/842 507/849/843
f 311/842/836 507/849/843 508/850/844
f 508/850/844 507/849/843 529/834/828
f 508/850/844 529/834/828 530/832/826
f 506/848/842 415/847/841 527/838/832
f 527/838/832 415/847/841 416/840/834
f 536/839/833 417/841/835 543/851/845
f 543/851/845 417/841/835 418/852/846
f 543/851/845 418/852/846 549/853/847
f 549/853/847 418/852/846 419/854/848
f 549/853/847 419/854/848 554/855/849
f 554/855/849 419/854/848 421/856/850
f 554/855/849 421/856/850 555/857/851
f 555/857/851 421/856/850 556/858/852
f 555/857/851 556/858/852 550/859/853
f 550/859/853 556/858/852 551/860/854
f 550/859/853 551/860/854 544/861/855
f 544/861/855 551/860/854 545/862/856
f 544/861/855 545/862/856 537/837/831
f 537/837/831 545/862/856 538/835/829
f 419/854/848 420/863/857 421/856/850
f 421/856/850 422/864/858 556/858/852
f 556/858/852 422/864/858 551/860/854
f 551/860/854 422/864/858 552/865/859
f 552/865/859 422/864/858 423/866/860
f 552/865/859 423/866/860 553/867/861
f 553/867/861 423/866/860 424/868/862
f 553/867/861 424/868/862 547/869/863
f 547/869/863 424/868/862 540/831/825
f 547/869/863 540/831/825 539/833/827
f 540/831/825 424/868/862 548/870/864
f 548/870/864 424/868/862 425/871/865
f 548/870/864 425/871/865 541/829/823
f 541/829/823 425/871/865 542/827/821
f 425/871/865 426/825/819 542/827/821
f 514/821/815 427/823/817 515/809/803
f 515/809/803 427/823/817 428/811/805
f 430/872/866 517/873/867 429/812/806
f 429/812/806 517/873/867 518/874/868
f 429/812/806 518/874/868 516/810/804
f 516/810/804 518/874/868 519/875/869
f 516/810/804 519/875/869 520/808/802
f 520/808/802 519/875/869 489/876/870
f 520/808/802 489/876/870 488/806/800
f 488/806/800 489/876/870 502/877/871
f 488/806/800 502/877/871 503/804/798
f 503/804/798 502/877/871 475/878/872
f 503/804/798 475/878/872 474/802/796
f 474/802/796 475/878/872 451/800/794
f 431/879/873 494/880/874 430/872/866
f 430/872/866 494/880/874 493/881/875
f 430/872/866 493/881/875 492/882/876
f 492/882/876 493/881/875 498/883/877
f 492/882/876 498/883/877 499/884/878
f 499/884/878 498/883/877 479/885/879
f 499/884/878 479/885/879 478/886/880
f 478/886/880 479/885/879 455/887/881
f 478/886/880 455/887/881 454/888/882
f 454/888/882 455/887/881 468/889/883
f 454/888/882 468/889/883 469/890/884
f 469/890/884 468/889/883 563/891/885
f 469/890/884 563/891/885 564/892/886
f 564/892/886 563/891/885 435/780/774
f 564/892/886 435/780/774 434/778/772
f 432/893/887 495/894/888 431/879/873
f 431/879/873 495/894/888 496/895/889
f 431/879/873 496/895/889 494/880/874
f 494/880/874 496/895/889 497/896/890
f 494/880/874 497/896/890 493/881/875
f 493/881/875 497/896/890 498/883/877
f 408/897/653 433/898/891 432/893/887
f 432/893/887 433/898/891 483/899/892
f 432/893/887 483/899/892 495/894/888
f 495/894/888 483/899/892 482/900/893
f 495/894/888 482/900/893 496/895/889
f 496/895/889 482/900/893 481/901/894
f 496/895/889 481/901/894 497/896/890
f 497/896/890 481/901/894 480/902/895
f 497/896/890 480/902/895 498/883/877
f 498/883/877 480/902/895 479/885/879
f 408/897/653 407/903/896 433/898/891
f 433/898/891 407/903/896 461/904/897
f 433/898/891 461/904/897 460/905/898
f 460/905/898 461/904/897 462/906/899
f 460/905/898 462/906/899 463/907/900
f 463/907/900 462/906/899 557/908/901
f 463/907/900 557/908/901 558/909/902
f 558/909/902 557/908/901 441/792/786
f 558/909/902 441/792/786 440/790/784
f 461/904/897 407/903/896 462/906/899
f 462/906/899 407/903/896 406/910/651
f 462/906/899 406/910/651 557/908/901
f 557/908/901 406/910/651 405/911/903
f 557/908/901 405/911/903 442/794/788
f 442/794/788 405/911/903 404/796/790
f 443/795/789 403/797/791 567/912/904
f 567/912/904 403/797/791 402/913/905
f 567/912/904 402/913/905 574/914/906
f 574/914/906 402/913/905 414/915/907
f 574/914/906 414/915/907 580/916/908
f 580/916/908 414/915/907 413/917/909
f 580/916/908 413/917/909 585/918/910
f 585/918/910 413/917/909 412/919/911
f 585/918/910 412/919/911 324/920/912
f 324/920/912 412/919/911 325/921/913
f 324/920/912 323/922/914 585/918/910
f 585/918/910 323/922/914 586/923/915
f 585/918/910 586/923/915 580/916/908
f 580/916/908 586/923/915 581/924/916
f 580/916/908 581/924/916 574/914/906
f 574/914/906 581/924/916 575/925/917
f 574/914/906 575/925/917 567/912/904
f 567/912/904 575/925/917 568/926/918
f 567/912/904 568/926/918 443/795/789
f 443/795/789 568/926/918 444/793/787
f 323/922/914 322/927/919 586/923/915
f 586/923/915 322/927/919 587/928/920
f 586/923/915 587/928/920 581/924/916
f 581/924/916 587/928/920 582/929/921
f 581/924/916 582/929/921 575/925/917
f 575/925/917 582/929/921 576/930/922
f 575/925/917 576/930/922 568/926/918
f 568/926/918 576/930/922 569/931/923
f 568/926/918 569/931/923 444/793/787
f 444/793/787 569/931/923 445/791/785
f 322/927/919 321/932/924 587/928/920
f 587/928/920 321/932/924 582/929/921
f 320/933/925 584/934/926 321/932/924
f 321/932/924 584/934/926 583/935/927
f 321/932/924 583/935/927 582/929/921
f 582/929/921 583/935/927 576/930/922
f 319/936/928 579/937/929 320/933/925
f 320/933/925 579/937/929 578/938/930
f 320/933/925 578/938/930 584/934/926
f 584/934/926 578/938/930 577/939/931
f 584/934/926 577/939/931 583/935/927
f 583/935/927 577/939/931 576/930/922
f 579/937/929 319/936/928 573/940/932
f 573/940/932 319/936/928 318/941/933
f 573/940/932 318/941/933 450/781/775
f 450/781/775 318/941/933 317/779/773
f 435/780/774 563/891/885 436/782/776
f 436/782/776 563/891/885 562/942/934
f 436/782/776 562/942/934 437/784/778
f 437/784/778 562/942/934 561/943/935
f 437/784/778 561/943/935 438/786/780
f 438/786/780 561/943/935 560/944/936
f 438/786/780 560/944/936 439/788/782
f 439/788/782 560/944/936 559/945/937
f 439/788/782 559/945/937 440/790/784
f 440/790/784 559/945/937 558/909/902
f 557/908/901 442/794/788 441/792/786
f 446/789/783 445/791/785 570/946/938
f 570/946/938 445/791/785 569/931/923
f 570/946/938 569/931/923 577/939/931
f 577/939/931 569/931/923 576/930/922
f 447/787/781 446/789/783 571/947/939
f 571/947/939 446/789/783 570/946/938
f 571/947/939 570/946/938 578/938/930
f 578/938/930 570/946/938 577/939/931
f 448/785/779 447/787/781 572/948/940
f 572/948/940 447/787/781 571/947/939
f 572/948/940 571/947/939 579/937/929
f 579/937/929 571/947/939 578/938/930
f 573/940/932 450/781/775 449/783/777
f 449/783/777 448/785/779 573/940/932
f 573/940/932 448/785/779 572/948/940
f 573/940/932 572/948/940 579/937/929
f 451/800/794 452/949/941 471/950/942
f 471/950/942 452/949/941 470/951/943
f 471/950/942 470/951/943 565/952/944
f 565/952/944 470/951/943 564/892/886
f 565/952/944 564/892/886 434/778/772
f 452/949/941 453/953/945 470/951/943
f 470/951/943 453/953/945 469/890/884
f 470/951/943 469/890/884 564/892/886
f 451/800/794 475/878/872 452/949/941
f 452/949/941 475/878/872 476/954/946
f 452/949/941 476/954/946 453/953/945
f 453/953/945 476/954/946 477/955/947
f 453/953/945 477/955/947 454/888/882
f 454/888/882 477/955/947 478/886/880
f 453/953/945 454/888/882 469/890/884
f 455/887/881 456/956/948 467/957/949
f 467/957/949 456/956/948 466/958/950
f 467/957/949 466/958/950 561/943/935
f 561/943/935 466/958/950 560/944/936
f 456/956/948 457/959/951 466/958/950
f 466/958/950 457/959/951 465/960/952
f 466/958/950 465/960/952 560/944/936
f 560/944/936 465/960/952 559/945/937
f 455/887/881 479/885/879 456/956/948
f 456/956/948 479/885/879 480/902/895
f 456/956/948 480/902/895 457/959/951
f 457/959/951 480/902/895 481/901/894
f 457/959/951 481/901/894 458/961/953
f 458/961/953 481/901/894 482/900/893
f 458/961/953 482/900/893 459/962/954
f 459/962/954 482/900/893 483/899/892
f 459/962/954 483/899/892 460/905/898
f 460/905/898 483/899/892 433/898/891
f 457/959/951 458/961/953 465/960/952
f 465/960/952 458/961/953 464/963/955
f 465/960/952 464/963/955 559/945/937
f 559/945/937 464/963/955 558/909/902
f 458/961/953 459/962/954 464/963/955
f 464/963/955 459/962/954 463/907/900
f 464/963/955 463/907/900 558/909/902
f 459/962/954 460/905/898 463/907/900
f 455/887/881 467/957/949 468/889/883
f 468/889/883 467/957/949 562/942/934
f 468/889/883 562/942/934 563/891/885
f 562/942/934 467/957/949 561/943/935
f 566/776/770 472/798/792 471/950/942
f 471/950/942 472/798/792 451/800/794
f 566/776/770 471/950/942 565/952/944
f 475/878/872 502/877/871 476/954/946
f 476/954/946 502/877/871 501/964/956
f 476/954/946 501/964/956 477/955/947
f 477/955/947 501/964/956 500/965/957
f 477/955/947 500/965/957 478/886/880
f 478/886/880 500/965/957 499/884/878
f 505/815/809 486/817/811 504/803/797
f 504/803/797 486/817/811 487/805/799
f 521/807/801 487/805/799 522/819/813
f 522/819/813 487/805/799 486/817/811
f 501/964/956 502/877/871 489/876/870
f 500/965/957 501/964/956 490/966/958
f 490/966/958 501/964/956 489/876/870
f 490/966/958 489/876/870 519/875/869
f 499/884/878 500/965/957 491/967/959
f 491/967/959 500/965/957 490/966/958
f 491/967/959 490/966/958 518/874/868
f 518/874/868 490/966/958 519/875/869
f 499/884/878 491/967/959 492/882/876
f 492/882/876 491/967/959 517/873/867
f 492/882/876 517/873/867 430/872/866
f 517/873/867 491/967/959 518/874/868
f 473/801/795 505/815/809 504/803/797
f 526/843/837 311/842/836 508/850/844
f 527/838/832 528/836/830 506/848/842
f 506/848/842 528/836/830 507/849/843
f 508/850/844 509/968/960 526/843/837
f 526/843/837 509/968/960 510/969/961
f 526/843/837 510/969/961 525/970/962
f 525/970/962 510/969/961 511/971/963
f 525/970/962 511/971/963 524/845/839
f 524/845/839 511/971/963 512/846/840
f 528/836/830 529/834/828 507/849/843
f 508/850/844 530/832/826 509/968/960
f 509/968/960 530/832/826 531/830/824
f 509/968/960 531/830/824 510/969/961
f 510/969/961 531/830/824 532/828/822
f 510/969/961 532/828/822 511/971/963
f 511/971/963 532/828/822 533/826/820
f 511/971/963 533/826/820 512/846/840
f 512/846/840 533/826/820 534/824/818
f 521/807/801 522/819/813 514/821/815
f 514/821/815 515/809/803 521/807/801
f 484/844/838 526/843/837 525/970/962
f 525/970/962 524/845/839 484/844/838
f 544/861/855 537/837/831 536/839/833
f 539/833/827 538/835/829 546/972/964
f 546/972/964 538/835/829 545/862/856
f 546/972/964 545/862/856 552/865/859
f 552/865/859 545/862/856 551/860/854
f 548/870/864 541/829/823 540/831/825
f 550/859/853 544/861/855 543/851/845
f 543/851/845 544/861/855 536/839/833
f 553/867/861 547/869/863 546/972/964
f 546/972/964 547/869/863 539/833/827
f 553/867/861 546/972/964 552/865/859
f 555/857/851 550/859/853 549/853/847
f 549/853/847 550/859/853 543/851/845
f 554/855/849 555/857/851 549/853/847
f 434/778/772 566/776/770 565/952/944
f 409/973/965 408/974/966 588/975/967
f 588/975/967 408/974/966 432/976/968
f 588/975/967 432/976/968 431/977/969
f 588/975/967 589/978/970 409/973/965
f 409/973/965 589/978/970 410/979/971
f 410/979/971 589/978/970 590/980/972
f 410/979/971 590/980/972 411/981/973
f 411/981/973 590/980/972 591/982/974
f 411/981/973 591/982/974 380/983/975
f 380/983/975 591/982/974 592/984/976
f 380/983/975 592/984/976 593/985/977
f 593/985/977 594/986/978 380/983/975
f 380/983/975 594/986/978 381/987/979
f 374/988/980 631/989/981 311/990/982
f 311/990/982 631/989/981 423/991/983
f 311/990/982 423/991/983 422/992/984
f 631/989/981 374/988/980 610/993/985
f 610/993/985 374/988/980 373/994/986
f 610/993/985 373/994/986 612/995/987
f 612/995/987 373/994/986 372/996/988
f 612/995/987 372/996/988 611/997/989
f 611/997/989 372/996/988 632/998/990
f 611/997/989 632/998/990 589/999/991
f 589/999/991 632/998/990 633/1000/992
f 589/999/991 633/1000/992 590/1001/993
f 590/1001/993 633/1000/992 614/1002/994
f 590/1001/993 614/1002/994 613/1003/995
f 613/1003/995 614/1002/994 370/1004/996
f 613/1003/995 370/1004/996 616/1005/997
f 616/1005/997 370/1004/996 369/1006/998
f 616/1005/997 369/1006/998 615/1007/999
f 615/1007/999 369/1006/998 617/1008/1000
f 615/1007/999 617/1008/1000 592/1009/1001
f 592/1009/1001 617/1008/1000 593/1010/1002
f 593/1010/1002 617/1008/1000 634/1011/1003
f 593/1010/1002 634/1011/1003 618/1012/1004
f 618/1012/1004 634/1011/1003 368/1013/1005
f 618/1012/1004 368/1013/1005 367/1014/1006
f 372/996/988 371/1015/1007 632/998/990
f 632/998/990 371/1015/1007 633/1000/992
f 633/1000/992 371/1015/1007 614/1002/994
f 614/1002/994 371/1015/1007 370/1004/996
f 369/1006/998 368/1013/1005 617/1008/1000
f 617/1008/1000 368/1013/1005 634/1011/1003
f 366/1016/1008 635/1017/1009 367/1014/1006
f 367/1014/1006 635/1017/1009 636/1018/1010
f 367/1014/1006 636/1018/1010 618/1012/1004
f 618/1012/1004 636/1018/1010 594/1019/1011
f 618/1012/1004 594/1019/1011 593/1010/1002
f 365/1020/1012 619/1021/1013 366/1016/1008
f 366/1016/1008 619/1021/1013 637/1022/1014
f 366/1016/1008 637/1022/1014 635/1017/1009
f 635/1017/1009 637/1022/1014 609/1023/1015
f 635/1017/1009 609/1023/1015 381/1024/1016
f 364/1025/1017 621/1026/1018 365/1020/1012
f 365/1020/1012 621/1026/1018 620/1027/1019
f 365/1020/1012 620/1027/1019 619/1021/1013
f 619/1021/1013 620/1027/1019 607/1028/1020
f 619/1021/1013 607/1028/1020 608/1029/1021
f 363/1030/1022 622/1031/1023 364/1025/1017
f 364/1025/1017 622/1031/1023 638/1032/1024
f 364/1025/1017 638/1032/1024 639/1033/1025
f 639/1033/1025 638/1032/1024 605/1034/1026
f 639/1033/1025 605/1034/1026 606/1035/1027
f 362/1036/1028 624/1037/1029 363/1030/1022
f 363/1030/1022 624/1037/1029 623/1038/1030
f 363/1030/1022 623/1038/1030 622/1031/1023
f 622/1031/1023 623/1038/1030 603/1039/1031
f 622/1031/1023 603/1039/1031 604/1040/1032
f 361/1041/1033 625/1042/1034 362/1036/1028
f 362/1036/1028 625/1042/1034 640/1043/1035
f 362/1036/1028 640/1043/1035 624/1037/1029
f 624/1037/1029 640/1043/1035 602/1044/1036
f 624/1037/1029 602/1044/1036 623/1038/1030
f 623/1038/1030 602/1044/1036 603/1039/1031
f 360/1045/1037 627/1046/1038 361/1041/1033
f 361/1041/1033 627/1046/1038 641/1047/1039
f 361/1041/1033 641/1047/1039 625/1042/1034
f 625/1042/1034 641/1047/1039 600/1048/1040
f 625/1042/1034 600/1048/1040 601/1049/1041
f 359/1050/1042 628/1051/1043 360/1045/1037
f 360/1045/1037 628/1051/1043 642/1052/1044
f 360/1045/1037 642/1052/1044 626/1053/1045
f 626/1053/1045 642/1052/1044 598/1054/1046
f 626/1053/1045 598/1054/1046 599/1055/1047
f 358/1056/1048 630/1057/1049 359/1050/1042
f 359/1050/1042 630/1057/1049 629/1058/1050
f 359/1050/1042 629/1058/1050 628/1051/1043
f 628/1051/1043 629/1058/1050 596/1059/1051
f 628/1051/1043 596/1059/1051 597/1060/1052
f 357/1061/1053 644/1062/1054 358/1056/1048
f 358/1056/1048 644/1062/1054 643/1063/1055
f 358/1056/1048 643/1063/1055 630/1057/1049
f 630/1057/1049 643/1063/1055 595/1064/1056
f 630/1057/1049 595/1064/1056 629/1058/1050
f 629/1058/1050 595/1064/1056 596/1059/1051
f 375/1065/1057 401/1066/1058 357/1061/1053
f 357/1061/1053 401/1066/1058 400/1067/1059
f 357/1061/1053 400/1067/1059 644/1062/1054
f 644/1062/1054 400/1067/1059 399/1068/1060
f 644/1062/1054 399/1068/1060 398/1069/1061
f 398/1069/1061 397/1070/1062 644/1062/1054
f 644/1062/1054 397/1070/1062 643/1063/1055
f 397/1070/1062 595/1064/1056 643/1063/1055
f 628/1051/1043 597/1060/1052 642/1052/1044
f 642/1052/1044 597/1060/1052 598/1054/1046
f 600/1048/1040 641/1047/1039 599/1055/1047
f 599/1055/1047 641/1047/1039 627/1046/1038
f 599/1055/1047 627/1046/1038 626/1053/1045
f 626/1053/1045 627/1046/1038 360/1045/1037
f 625/1042/1034 601/1049/1041 640/1043/1035
f 640/1043/1035 601/1049/1041 602/1044/1036
f 622/1031/1023 604/1040/1032 638/1032/1024
f 638/1032/1024 604/1040/1032 605/1034/1026
f 607/1028/1020 620/1027/1019 606/1035/1027
f 606/1035/1027 620/1027/1019 621/1026/1018
f 606/1035/1027 621/1026/1018 639/1033/1025
f 639/1033/1025 621/1026/1018 364/1025/1017
f 619/1021/1013 608/1029/1021 637/1022/1014
f 637/1022/1014 608/1029/1021 609/1023/1015
f 635/1017/1009 381/1024/1016 636/1018/1010
f 636/1018/1010 381/1024/1016 594/1019/1011
f 592/1009/1001 591/1071/1063 615/1007/999
f 615/1007/999 591/1071/1063 616/1005/997
f 616/1005/997 591/1071/1063 613/1003/995
f 613/1003/995 591/1071/1063 590/1001/993
f 589/999/991 588/1072/1064 611/997/989
f 611/997/989 588/1072/1064 612/995/987
f 612/995/987 588/1072/1064 610/993/985
f 610/993/985 588/1072/1064 431/1073/1065
f 610/993/985 431/1073/1065 631/989/981
f 631/989/981 431/1073/1065 430/1074/1066
f 631/989/981 430/1074/1066 429/1075/1067
f 429/1075/1067 428/1076/1068 631/989/981
f 631/989/981 428/1076/1068 427/1077/1069
f 631/989/981 427/1077/1069 423/991/983
f 423/991/983 427/1077/1069 426/1078/1070
f 423/991/983 426/1078/1070 425/1079/1071
f 425/1079/1071 424/1080/1072 423/991/983
f 421/1081/1073 417/1082/1074 422/992/984
f 422/992/984 417/1082/1074 416/1083/1075
f 422/992/984 416/1083/1075 415/1084/1076
f 420/1085/1077 419/1086/1078 421/1081/1073
f 421/1081/1073 419/1086/1078 418/1087/1079
f 421/1081/1073 418/1087/1079 417/1082/1074
f 415/1084/1076 311/990/982 422/992/984
f 381/1088/979 609/1089/1080 382/1090/1081
f 382/1090/1081 609/1089/1080 608/1091/1082
f 382/1090/1081 608/1091/1082 607/1092/1083
f 607/1092/1083 606/1093/1084 382/1090/1081
f 382/1090/1081 606/1093/1084 605/1094/1085
f 382/1090/1081 605/1094/1085 604/1095/1086
f 604/1095/1086 603/1096/1087 382/1090/1081
f 382/1090/1081 603/1096/1087 602/1097/1088
f 382/1090/1081 602/1097/1088 389/1098/1089
f 389/1098/1089 602/1097/1088 601/1099/1090
f 389/1098/1089 601/1099/1090 600/1100/1091
f 389/1098/1089 600/1100/1091 390/1101/1092
f 390/1101/1092 600/1100/1091 599/1102/1093
f 390/1101/1092 599/1102/1093 391/1103/1094
f 391/1103/1094 599/1102/1093 598/1104/1095
f 391/1103/1094 598/1104/1095 392/1105/1096
f 392/1105/1096 598/1104/1095 597/1106/1097
f 392/1105/1096 597/1106/1097 393/1107/1098
f 393/1107/1098 597/1106/1097 596/1108/1099
f 393/1107/1098 596/1108/1099 394/1109/1100
f 394/1109/1100 596/1108/1099 595/1110/1101
f 394/1109/1100 595/1110/1101 395/1111/1102
f 395/1111/1102 595/1110/1101 396/1112/1103
f 396/1112/1103 595/1110/1101 397/1113/1104
f 355/1114/1105 401/1115/1106 356/1116/1107
f 356/1116/1107 401/1115/1106 375/1117/1108
g Body3

v 12.574937 -1.503710 13.000000
v 7.424679 -1.503710 13.000000
v 6.761852 -1.886394 12.923880
v 6.199934 -2.210817 12.707107
v 5.984532 -2.335180 12.555570
v 5.824473 -2.427590 12.382683
v 5.767210 -2.460650 12.290285
v 5.725909 -2.484495 12.195090
v 5.700969 -2.498895 12.098017
v 5.692629 -2.503710 12.000000
v 14.306988 -2.503710 12.000000
v 14.298648 -2.498895 12.098017
v 14.273707 -2.484495 12.195090
v 14.232406 -2.460650 12.290285
v 14.175143 -2.427590 12.382683
v 14.015085 -2.335180 12.555570
v 13.799682 -2.210817 12.707107
v 13.237764 -1.886394 12.923880
v 9.999808 -2.003710 12.866025
v 9.999808 -1.762529 12.965926
v 9.999808 -2.210817 12.707107
v 9.999808 -2.369736 12.500000
v 9.999808 -2.469636 12.258819
v 9.999808 4.956544 12.000000
v 9.999808 2.956544 13.000000
v 9.999808 3.721911 12.923880
v 9.999808 4.370757 12.707107
v 9.999808 4.619483 12.555570
v 9.999808 4.804303 12.382683
v 9.999808 4.870425 12.290285
v 9.999808 4.918114 12.195090
v 9.999808 4.946913 12.098017
v 7.875727 1.209380 12.258819
v 7.962244 1.159430 12.500000
v 8.099871 1.079970 12.707107
v 8.279231 0.976417 12.866025
v 8.488100 0.855826 12.965926
v 11.720385 0.976417 12.866025
v 11.511517 0.855826 12.965926
v 11.899745 1.079970 12.707107
v 12.037373 1.159430 12.500000
v 12.123889 1.209380 12.258819
v 14.306988 -2.503710 10.000000
v 9.999808 4.956544 10.000000
v 5.692629 -2.503710 10.000000
v -7.424871 -1.503710 13.000000
v -12.575129 -1.503710 13.000000
v -13.237956 -1.886394 12.923880
v -13.799874 -2.210817 12.707107
v -14.015276 -2.335180 12.555570
v -14.175335 -2.427590 12.382683
v -14.232598 -2.460650 12.290285
v -14.273899 -2.484495 12.195090
v -14.298839 -2.498895 12.098017
v -14.307180 -2.503710 12.000000
v -5.692820 -2.503710 12.000000
v -5.701161 -2.498895 12.098017
v -5.726101 -2.484495 12.195090
v -5.767402 -2.460650 12.290285
v -5.824665 -2.427590 12.382683
v -5.984724 -2.335180 12.555570
v -6.200126 -2.210817 12.707107
v -6.762044 -1.886394 12.923880
v -10.000000 -2.003710 12.866025
v -10.000000 -1.762529 12.965926
v -10.000000 -2.210817 12.707107
v -10.000000 -2.369736 12.500000
v -10.000000 -2.469636 12.258819
v -10.000000 4.956544 12.000000
v -10.000000 2.956544 13.000000
v -10.000000 3.721911 12.923880
v -10.000000 4.370757 12.707107
v -10.000000 4.619483 12.555570
v -10.000000 4.804303 12.382683
v -10.000000 4.870425 12.290285
v -10.000000 4.918114 12.195090
v -10.000000 4.946913 12.098017
v -12.124081 1.209380 12.258819
v -12.037564 1.159430 12.500000
v -11.899937 1.079970 12.707107
v -11.720577 0.976417 12.866025
v -11.511708 0.855826 12.965926
v -8.279423 0.976417 12.866025
v -8.488292 0.855826 12.965926
v -8.100063 1.079970 12.707107
v -7.962436 1.159430 12.500000
v -7.875919 1.209380 12.258819
v -5.692820 -2.503710 10.000000
v -10.000000 4.956544 10.000000
v -14.307180 -2.503710 10.000000
v 4.042044 29.726451 10.000000
v 1.351001 29.969564 10.000000
v -1.351001 29.969564 10.000000
v -4.042044 29.726451 10.000000
v -6.067033 29.432338 10.000000
v -8.187052 29.044441 10.000000
v -10.393929 28.571486 10.000000
v -12.679492 28.022203 10.000000
v -12.679492 27.981165 10.000000
v -13.509398 27.523275 10.000000
v -14.207849 26.883455 10.000000
v -14.736642 26.096617 10.000000
v -15.065174 25.208448 10.000000
v -16.193576 20.037150 10.000000
v -17.137868 14.706165 10.000000
v -17.881865 9.284175 10.000000
v -18.046777 7.805962 10.000000
v -18.202544 6.245356 10.000000
v -18.469934 2.903320 10.000000
v -18.650627 -0.689227 10.000000
v -18.711212 -4.479579 10.000000
v -18.618279 -8.415030 10.000000
v -18.338417 -12.442875 10.000000
v -17.838217 -16.510407 10.000000
v -17.495676 -18.539567 10.000000
v -17.101911 -20.493522 10.000000
v -16.665041 -22.354075 10.000000
v -16.188175 -24.132132 10.000000
v -15.126890 -27.484374 10.000000
v -13.037867 -28.064030 10.000000
v -11.113419 -28.547443 10.000000
v -8.948279 -29.122267 10.000000
v -6.880616 -29.698754 10.000000
v -4.822991 -30.181060 10.000000
v -2.697606 -30.502793 10.000000
v -1.303477 -30.597493 10.000000
v -0.682461 -30.609432 10.000000
v -0.144087 -30.603886 10.000000
v -0.000096 -30.600399 10.000000
v -0.000096 -30.000000 10.000000
v 0.000000 -30.000000 10.000000
v 0.000096 -30.000000 10.000000
v 0.000096 -30.620498 10.000000
v 0.186752 -30.620047 10.000000
v 0.513176 -30.616897 10.000000
v 1.352989 -30.595751 10.000000
v 2.697606 -30.502793 10.000000
v 4.858081 -30.174078 10.000000
v 6.980835 -29.671637 10.000000
v 11.113419 -28.547443 10.000000
v 15.126890 -27.484374 10.000000
v 15.770818 -25.529850 10.000000
v 16.389598 -23.400245 10.000000
v 16.967502 -21.081684 10.000000
v 17.488801 -18.560294 10.000000
v 17.937767 -15.822201 10.000000
v 18.298672 -12.853533 10.000000
v 18.555786 -9.640416 10.000000
v 18.640507 -7.937853 10.000000
v 18.693383 -6.168976 10.000000
v 18.712447 -4.332050 10.000000
v 18.695733 -2.425340 10.000000
v 18.548815 1.570883 10.000000
v 18.257063 5.632259 10.000000
v 17.833222 9.695595 10.000000
v 17.289700 13.722886 10.000000
v 16.638911 17.676127 10.000000
v 15.893265 21.517316 10.000000
v 15.065174 25.208448 10.000000
v 14.736428 26.097038 10.000000
v 14.207391 26.883986 10.000000
v 13.508539 27.523891 10.000000
v 12.679492 27.981165 10.000000
v 12.679492 28.022203 10.000000
v 10.366684 28.577675 10.000000
v 8.153347 29.051135 10.000000
v 6.043875 29.436152 10.000000
v -4.042044 29.726451 9.000000
v -5.995302 29.444145 9.000000
v -8.003126 29.080858 9.000000
v -12.133143 28.158323 9.000000
v -12.133143 28.158323 9.053697
v 4.042044 29.726451 9.000000
v 1.351001 29.969564 9.000000
v -1.351001 29.969564 9.000000
v 12.133143 28.158323 9.053697
v 12.133143 28.158323 9.000000
v 8.003126 29.080858 9.000000
v 5.995302 29.444145 9.000000
v 7.015149 20.000000 -40.000000
v 8.215888 20.000000 -39.922977
v 9.394463 20.000000 -39.693529
v 10.535618 20.000000 -39.314084
v 11.618697 20.000000 -38.790081
v 12.621982 20.000000 -38.131347
v 13.531854 20.000000 -37.345619
v 14.330043 20.000000 -36.446526
v 15.000000 20.000000 -35.451733
v 15.000000 20.000000 -25.000000
v -15.000000 20.000000 -25.000000
v -15.000000 20.000000 -35.451733
v -14.330054 20.000000 -36.446511
v -13.531885 20.000000 -37.345588
v -12.622054 20.000000 -38.131294
v -11.618920 20.000000 -38.789954
v -10.536084 20.000000 -39.313895
v -9.394677 20.000000 -39.693473
v -8.215943 20.000000 -39.922970
v -7.015149 20.000000 -40.000000
v 15.000000 17.520559 -36.179591
v 15.000000 14.905489 -36.754408
v 15.000000 12.291659 -37.195338
v 15.000000 9.800813 -37.523294
v 15.000000 4.818293 -37.977206
v 15.000000 -0.123315 -38.219393
v 15.000000 -5.045577 -38.280627
v 15.000000 -9.968775 -38.146129
v 15.000000 -12.434448 -37.985859
v 15.000000 -14.942252 -37.738034
v 15.000000 -17.500639 -37.368275
v 15.000000 -20.000000 -36.847664
v 15.000000 -20.000000 -25.000000
v -15.000000 -20.000000 -25.000000
v -15.000000 -20.000000 -36.847664
v -15.000000 -17.547491 -37.360285
v -15.000000 -15.063491 -37.723517
v -15.000000 -12.618956 -37.970797
v -15.000000 -10.160240 -38.136208
v -15.000000 -5.276505 -38.279000
v -15.000000 -0.391216 -38.227306
v -15.000000 4.511613 -37.997780
v -15.000000 6.963228 -37.810764
v -15.000000 9.474115 -37.560689
v -15.000000 12.145312 -37.216737
v -15.000000 14.866270 -36.761787
v -15.000000 17.522623 -36.179048
v 14.307553 -20.000000 -37.556890
v 13.540937 -20.000000 -38.187535
v 12.711437 -20.000000 -38.731275
v 11.828361 -20.000000 -39.183160
v 10.901712 -20.000000 -39.538882
v 9.945091 -20.000000 -39.794356
v 8.967144 -20.000000 -39.948413
v 7.976259 -20.000000 -40.000000
v -7.976259 -20.000000 -40.000000
v -8.967744 -20.000000 -39.948351
v -9.947640 -20.000000 -39.793813
v -10.907062 -20.000000 -39.537142
v -11.832910 -20.000000 -39.181132
v -12.715727 -20.000000 -38.728779
v -13.545349 -20.000000 -38.184285
v -14.309152 -20.000000 -37.555421
v 7.258709 -22.592025 -40.000000
v 6.407915 -25.143864 -40.000000
v 5.440710 -27.653208 -40.000000
v 4.388207 -30.126388 -40.000000
v 0.000000 -39.928692 -40.000000
v -4.388207 -30.126388 -40.000000
v -5.440710 -27.653208 -40.000000
v -6.407915 -25.143864 -40.000000
v -7.258709 -22.592025 -40.000000
v 0.381738 39.000001 -40.000000
v 1.072058 37.939226 -40.000000
v 1.679454 36.829082 -40.000000
v 2.738118 34.531619 -40.000000
v 3.654582 32.173012 -40.000000
v 4.467780 29.777935 -40.000000
v 5.861723 24.922437 -40.000000
v -5.861723 24.922437 -40.000000
v -4.467780 29.777935 -40.000000
v -3.654582 32.173012 -40.000000
v -2.738118 34.531619 -40.000000
v -1.679454 36.829082 -40.000000
v -1.072058 37.939226 -40.000000
v -0.381738 39.000001 -40.000000
v 7.637733 44.324522 -31.000000
v 7.527498 44.243630 -32.562834
v 7.200143 44.003414 -34.078181
v 6.665614 43.611171 -35.500000
v 5.940153 43.078820 -36.785088
v 5.045802 42.422537 -37.894400
v 4.009736 41.662261 -38.794229
v 2.863434 40.821094 -39.457234
v 1.641728 39.924594 -39.863270
v 0.482879 39.882100 -39.956355
v 0.584020 40.755705 -39.826522
v 0.685162 41.612496 -39.612158
v 0.786303 42.444151 -39.314916
v 0.887445 43.242403 -38.937028
v 0.988586 43.999824 -38.482764
v 1.089727 44.709361 -37.956838
v 1.190869 45.363962 -37.363961
v 1.292010 45.956838 -36.709361
v 1.393152 46.482765 -35.999823
v 1.494293 46.937029 -35.242402
v 1.595434 47.314916 -34.444151
v 1.696576 47.612158 -33.612495
v 1.797717 47.826523 -32.755704
v 1.898859 47.956355 -31.882099
v 2.000000 48.000001 -31.000000
v 2.743556 47.940970 -31.000000
v 3.476300 47.764606 -31.000000
v 4.198130 47.471997 -31.000000
v 4.908942 47.064235 -31.000000
v 5.608593 46.542822 -31.000000
v 6.296810 45.910459 -31.000000
v 6.973291 45.170056 -31.000000
v 2.522530 47.922613 -31.864289
v 0.810005 39.393960 -39.980954
v 1.238109 39.790785 -39.923698
v 1.664050 40.188431 -39.828055
v 2.085829 40.584857 -39.693849
v 2.495220 40.972107 -39.523805
v 2.896726 41.354240 -39.316015
v 3.288061 41.728948 -39.070227
v 3.667048 42.093986 -38.787449
v 4.381300 42.787917 -38.118087
v 5.026134 43.421760 -37.322261
v 5.449232 43.842192 -36.663010
v 5.822007 44.216500 -35.948566
v 6.139792 44.539586 -35.186513
v 6.400791 44.808822 -34.386012
v 6.601830 45.019924 -33.565250
v 6.745437 45.174562 -32.722263
v 6.830604 45.270789 -31.864647
v 2.421899 47.799505 -32.720970
v 2.313401 47.593099 -33.562653
v 2.197506 47.306098 -34.381947
v 2.073124 46.936217 -35.181008
v 1.942131 46.489308 -35.941881
v 1.805037 45.968104 -36.655634
v 1.662498 45.378625 -37.314724
v 1.461678 44.483453 -38.111064
v 1.253863 43.495674 -38.781638
v 1.147878 42.972999 -39.065235
v 1.040798 42.434305 -39.311958
v 0.932870 41.882691 -39.520730
v 0.824333 41.321435 -39.691709
v 0.713730 40.744528 -39.826761
v 0.602946 40.163399 -39.923082
v 0.492207 39.580930 -39.980790
v 3.141493 47.807687 -31.864488
v 3.043873 47.688479 -32.721846
v 2.930183 47.484618 -33.564804
v 2.801179 47.199057 -34.386091
v 2.655752 46.829761 -35.188025
v 2.496188 46.382819 -35.952754
v 2.323359 45.860981 -36.670615
v 2.138653 45.270756 -37.333087
v 1.871864 44.376019 -38.132231
v 1.589920 43.392413 -38.802760
v 1.444469 42.873936 -39.084994
v 1.296677 42.341226 -39.329315
v 1.147126 41.797863 -39.534768
v 0.996383 41.247479 -39.701994
v 0.842594 40.684435 -39.833258
v 0.688559 40.120157 -39.926287
v 0.534775 39.557671 -39.981670
v 3.755589 47.611940 -31.864675
v 3.663672 47.496874 -32.722619
v 3.547470 47.297159 -33.566598
v 3.407874 47.015827 -34.389382
v 3.243630 46.650983 -35.193351
v 3.057244 46.208746 -35.960679
v 2.849823 45.692198 -36.681207
v 2.623505 45.108448 -37.345802
v 2.290672 44.225305 -38.146591
v 1.933703 43.257695 -38.816876
v 1.748081 42.749267 -39.098119
v 1.558723 42.228186 -39.340785
v 1.366596 41.698275 -39.544008
v 1.172638 41.163327 -39.708745
v 0.974604 40.618038 -39.837512
v 0.776250 40.073668 -39.928380
v 0.578365 39.533296 -39.982244
v 4.362602 47.334463 -31.864830
v 4.277216 47.222616 -32.723220
v 4.159646 47.027868 -33.567914
v 4.010796 46.753190 -34.391654
v 3.829169 46.396740 -35.196812
v 3.617349 45.964504 -35.965525
v 3.376575 45.459898 -36.687370
v 3.109696 44.890452 -37.352935
v 2.711892 44.030692 -38.154347
v 2.280507 43.091311 -38.824280
v 2.054823 42.598904 -39.104921
v 1.823865 42.095163 -39.346668
v 1.588988 41.583942 -39.548709
v 1.351509 41.069017 -39.712157
v 1.108784 40.545387 -39.839652
v 0.865525 40.023979 -39.929429
v 0.622815 39.507836 -39.982531
v 5.209093 46.798592 -31.864954
v 5.130696 46.688265 -32.723647
v 5.010027 46.501024 -33.568718
v 4.847883 46.239583 -34.392804
v 4.642299 45.902104 -35.198177
v 4.395848 45.494176 -35.966859
v 4.109832 45.019204 -36.688431
v 3.787934 44.484517 -37.353599
v 3.301734 43.679179 -38.154408
v 2.768485 42.801412 -38.823835
v 2.487633 42.342106 -39.104317
v 2.199116 41.872782 -39.345999
v 1.904760 41.397017 -39.548080
v 1.606355 40.918302 -39.711648
v 1.300660 40.432006 -39.839306
v 0.993687 39.948299 -39.929249
v 0.686893 39.470018 -39.982479
v 6.032154 46.107081 -31.864912
v 5.954272 46.000262 -32.723393
v 5.825493 45.825075 -33.567948
v 5.646560 45.583905 -34.391083
v 5.415091 45.274979 -35.194912
v 5.133759 44.903346 -35.961331
v 4.803975 44.472112 -36.680349
v 4.430031 43.987706 -37.343310
v 3.861250 43.258865 -38.142126
v 3.233224 42.464366 -38.811274
v 2.900957 42.048287 -39.092454
v 2.558633 41.622743 -39.335495
v 2.208377 41.190743 -39.539533
v 1.852324 40.755255 -39.705356
v 1.486611 40.311952 -39.835317
v 1.118429 39.869986 -39.927276
v 0.749549 39.431840 -39.981936
v -2.000000 48.000001 -31.000000
v -1.898859 47.956355 -31.882099
v -1.797717 47.826523 -32.755704
v -1.696576 47.612158 -33.612495
v -1.595434 47.314916 -34.444151
v -1.494293 46.937029 -35.242402
v -1.393152 46.482765 -35.999823
v -1.292010 45.956838 -36.709361
v -1.190869 45.363962 -37.363961
v -1.089727 44.709361 -37.956838
v -0.988586 43.999824 -38.482764
v -0.887445 43.242403 -38.937028
v -0.786303 42.444151 -39.314916
v -0.685162 41.612496 -39.612158
v -0.584020 40.755705 -39.826522
v -0.482879 39.882100 -39.956355
v -1.641728 39.924594 -39.863270
v -2.863434 40.821094 -39.457234
v -4.009736 41.662261 -38.794229
v -5.045802 42.422537 -37.894400
v -5.940153 43.078820 -36.785088
v -6.665614 43.611171 -35.500000
v -7.200143 44.003414 -34.078181
v -7.527498 44.243630 -32.562834
v -7.637733 44.324522 -31.000000
v -6.973290 45.170065 -31.000000
v -6.296807 45.910485 -31.000000
v -5.608590 46.542851 -31.000000
v -4.908942 47.064235 -31.000000
v -4.198134 47.471960 -31.000000
v -3.476304 47.764573 -31.000000
v -2.743557 47.940958 -31.000000
v -3.294404 47.766375 -31.864537
v -7.011708 45.057763 -31.864547
v -0.622272 40.153809 -39.923913
v -0.863124 41.305425 -39.694373
v -1.098441 42.414756 -39.316445
v -1.329545 43.474767 -38.787081
v -1.554079 44.462573 -38.116494
v -1.769846 45.358554 -37.319407
v -1.922002 45.948777 -36.659431
v -2.067320 46.470580 -35.944610
v -2.204983 46.917866 -35.182746
v -2.334388 47.287953 -34.382957
v -2.453546 47.574919 -33.563168
v -2.563540 47.780981 -32.721175
v -2.663821 47.903367 -31.864335
v -6.923653 44.965436 -32.721856
v -6.775527 44.817110 -33.564314
v -6.568466 44.614610 -34.384312
v -6.299975 44.356291 -35.183786
v -5.973426 44.046215 -35.944544
v -5.590769 43.686875 -36.657669
v -5.156721 43.283016 -37.315880
v -4.495310 42.673433 -38.110915
v -3.762474 42.004802 -38.780424
v -2.971537 41.290291 -39.310322
v -2.137890 40.544788 -39.690504
v -1.265014 39.772451 -39.922662
v -6.404680 45.737606 -31.864821
v -6.324503 45.634523 -32.722991
v -6.189823 45.467556 -33.566961
v -6.001452 45.238907 -34.389182
v -5.756893 44.946851 -35.191695
v -5.458982 44.596118 -35.956348
v -5.109263 44.189615 -36.673485
v -4.712228 43.733195 -37.334898
v -4.107406 43.046197 -38.132431
v -3.438331 42.296321 -38.801601
v -2.718137 41.500249 -39.327547
v -1.962181 40.677015 -39.700647
v -1.174561 39.833334 -39.925809
v -5.782859 46.334563 -31.864946
v -5.705659 46.226078 -32.723555
v -5.580062 46.046423 -33.568372
v -5.406808 45.798093 -34.391943
v -5.183621 45.479290 -35.196433
v -4.913112 45.095248 -35.963774
v -4.596642 44.649184 -36.683800
v -4.238337 44.147851 -37.347611
v -3.694178 43.393475 -38.147161
v -3.094301 42.571471 -38.816354
v -2.450952 41.701456 -39.339703
v -1.778465 40.806015 -39.707862
v -1.080863 39.894042 -39.928059
v -5.146610 46.844212 -31.864949
v -5.067920 46.733770 -32.723636
v -4.947654 46.545857 -33.568707
v -4.786619 46.283211 -34.392812
v -4.582886 45.943990 -35.198229
v -4.339027 45.533821 -35.966992
v -4.056342 45.056124 -36.688667
v -3.738458 44.518268 -37.353931
v -3.258676 43.708043 -38.154838
v -2.732810 42.824858 -38.824298
v -2.171621 41.890446 -39.346400
v -1.587630 40.930029 -39.711893
v -0.984240 39.954051 -39.929327
v -4.538183 47.237649 -31.864866
v -4.454587 47.126243 -32.723354
v -4.336615 46.932886 -33.568190
v -4.185157 46.660504 -34.392101
v -3.998625 46.307253 -35.197446
v -3.779607 45.879050 -35.966341
v -3.529362 45.379345 -36.688328
v -3.250928 44.815694 -37.353974
v -2.834546 43.965154 -38.155395
v -2.381778 43.036458 -38.825219
v -1.901543 42.052357 -39.347375
v -1.404104 41.039449 -39.712552
v -0.891884 40.008820 -39.929548
v -3.919351 47.545097 -31.864721
v -3.829175 47.430774 -32.722800
v -3.712564 47.232175 -33.567004
v -3.570418 46.952321 -34.390099
v -3.401425 46.589329 -35.194471
v -3.208119 46.149291 -35.962288
v -2.991651 45.635354 -36.683298
v -2.754350 45.054741 -37.348262
v -2.403958 44.176819 -38.149313
v -2.026910 43.215697 -38.819511
v -1.629932 42.194115 -39.342901
v -1.220643 41.138802 -39.709980
v -0.800193 40.060549 -39.928762
v -3.198014 47.648015 -32.722050
v -3.083515 47.444932 -33.565287
v -2.951707 47.160107 -34.386994
v -2.801454 46.791544 -35.189511
v -2.635109 46.345350 -35.955001
v -2.453613 45.824312 -36.673655
v -2.258535 45.235067 -37.336766
v -1.975351 44.342240 -38.136422
v -1.674835 43.361583 -38.806905
v -1.361395 42.314793 -39.332699
v -1.039919 41.227393 -39.703992
v -0.710227 40.108853 -39.926907
v -0.000000 -39.962253 -39.999990
v 0.000000 -42.283858 -39.953795
v 0.000000 -44.640034 -39.822906
v 0.000000 -49.361158 -39.337602
v 0.000000 -51.678633 -38.998464
v 0.000000 -53.935734 -38.605187
v 0.000000 -56.108726 -38.165409
v 0.000000 -58.173873 -37.686768
v 0.000000 -60.107438 -37.176902
v 0.000000 -61.885684 -36.643451
v 0.000000 -63.508451 -36.085669
v 0.000000 -65.159851 -35.423058
v 0.000000 -66.769974 -34.637518
v 0.000000 -68.213242 -33.721039
v 0.000000 -68.873349 -33.166233
v -0.000000 -69.435333 -32.536892
v -0.000000 -69.664523 -32.185640
v 0.000000 -69.844318 -31.808231
v 0.000000 -69.959745 -31.411164
v 0.000000 -70.000000 -31.000000
v -1.643810 -63.447060 -31.000000
v -3.439687 -57.016777 -31.000000
v -4.413670 -53.868935 -31.000000
v -5.450845 -50.773367 -31.000000
v -6.561441 -47.728110 -31.000000
v -7.754436 -44.715385 -31.000000
v -9.036289 -41.704398 -31.000000
v -10.409212 -38.645274 -31.000000
v -11.863414 -35.456464 -31.000000
v -13.358689 -32.053701 -31.000000
v -14.802169 -28.395519 -31.000000
v -16.072918 -24.526362 -31.000000
v -17.088878 -20.552012 -31.000000
v -17.829581 -16.568389 -31.000000
v -18.324402 -12.616635 -31.000000
v -18.608556 -8.710138 -31.000000
v -18.711402 -4.849571 -31.000000
v -18.661391 -1.035229 -31.000000
v -18.479639 2.737287 -31.000000
v -18.179706 6.475111 -31.000000
v -17.773494 10.185210 -31.000000
v -17.266361 13.873897 -31.000000
v -16.661463 17.546653 -31.000000
v -15.957431 21.206959 -31.000000
v -15.148983 24.857244 -31.000000
v -14.221963 28.508036 -31.000000
v -13.146620 32.183689 -31.000000
v -11.864842 35.922475 -31.000000
v -11.110773 37.837408 -31.000000
v -10.239921 39.810353 -31.000000
v -9.739852 40.833864 -31.000000
v -9.174339 41.899316 -31.000000
v -8.506197 43.036391 -31.000000
v -8.109030 43.651642 -31.000000
v -1.962454 -61.821229 -32.407898
v -3.457654 -35.591266 -39.888964
v -12.837534 -32.989932 -32.407898
v -8.543469 -23.203105 -39.888964
v -15.688932 -25.417449 -32.407898
v -16.370869 -23.044403 -32.407898
v -18.122668 -13.485094 -32.407898
v -6.732288 27.110117 -39.888964
v -13.938743 29.118465 -32.407898
v -15.383845 -20.302188 -36.290067
v -14.816700 -22.632940 -36.290067
v -16.104103 -20.461647 -35.085802
v -16.631948 -20.578648 -33.781153
v -16.953538 -20.650184 -32.407898
v -17.435111 -18.252712 -32.407898
v -17.110999 -18.193899 -33.781153
v -16.579003 -18.097593 -35.085802
v -15.853076 -17.966285 -36.290067
v -14.488194 -20.103819 -37.363797
v -9.139637 -21.128429 -39.888964
v -10.467019 -21.480208 -39.559509
v -11.728086 -21.814417 -39.018850
v -12.892125 -22.122898 -38.281153
v -13.929993 -22.397919 -37.363797
v -15.529738 -22.822017 -35.085802
v -16.052354 -22.960407 -33.781153
v -9.855142 -23.609531 -39.559509
v -11.101289 -23.995649 -39.018850
v -12.251548 -24.352067 -38.281153
v -13.277119 -24.669866 -37.363797
v -14.153347 -24.941347 -36.290067
v -14.857996 -25.159607 -35.085802
v -15.374376 -25.319688 -33.781153
v -6.860644 -27.898102 -39.888964
v -8.134237 -28.411694 -39.559509
v -9.344203 -28.899628 -39.018850
v -10.461071 -29.350019 -38.281153
v -11.456874 -29.751593 -37.363797
v -12.307656 -30.094678 -36.290067
v -12.991824 -30.370565 -35.085802
v -13.493237 -30.572779 -33.781153
v -13.798750 -30.696028 -32.407898
v -14.788649 -28.106934 -32.407898
v -14.478571 -27.995628 -33.781153
v -13.969843 -27.812583 -35.085802
v -13.275774 -27.562652 -36.290067
v -12.412647 -27.251925 -37.363797
v -11.402374 -26.888275 -38.281153
v -10.269286 -26.480398 -39.018850
v -9.041751 -26.038511 -39.559509
v -7.749665 -25.573392 -39.888964
v -5.973187 -30.015444 -39.888964
v -7.233219 -30.561491 -39.559509
v -8.430299 -31.080261 -39.018850
v -9.535276 -31.559109 -38.281153
v -10.520484 -31.986041 -37.363797
v -11.362199 -32.350823 -36.290067
v -12.039051 -32.644207 -35.085802
v -12.535156 -32.859134 -33.781153
v -5.049151 -32.099363 -39.888964
v -6.300800 -32.664382 -39.559509
v -7.489918 -33.201174 -39.018850
v -8.587543 -33.696661 -38.281153
v -9.566194 -34.138434 -37.363797
v -10.402312 -34.515882 -36.290067
v -11.074674 -34.819429 -35.085802
v -11.567466 -35.041854 -33.781153
v -11.867787 -35.177311 -32.407898
v -8.570848 -42.494136 -32.407898
v -8.268376 -42.363555 -33.781153
v -7.772040 -42.149165 -35.085802
v -7.094839 -41.856598 -36.290067
v -6.252705 -41.492797 -37.363797
v -5.267014 -41.066993 -38.281153
v -4.161492 -40.589418 -39.018850
v -2.963819 -40.072032 -39.559509
v -1.703165 -39.527440 -39.888964
v -0.060273 -43.495952 -39.888964
v -1.337289 -44.000902 -39.559509
v -2.550507 -44.480627 -39.018850
v -3.670376 -44.923437 -38.281153
v -4.668860 -45.318245 -37.363797
v -5.521925 -45.655565 -36.290067
v -6.207920 -45.926839 -35.085802
v -6.710693 -46.125620 -33.781153
v -7.017073 -46.246683 -32.407898
v -1.071614 -48.415511 -39.018850
v -2.206005 -48.819753 -38.281153
v -3.217431 -49.180186 -37.363797
v -4.081564 -49.488105 -36.290067
v -4.776474 -49.735687 -35.085802
v -5.285747 -49.917214 -33.781153
v -5.596029 -50.027963 -32.407898
v -0.866437 -52.781239 -38.281153
v -1.888705 -53.109644 -37.363797
v -2.762094 -53.390224 -36.290067
v -3.464437 -53.615858 -35.085802
v -3.979181 -53.781216 -33.781153
v -4.292837 -53.881961 -32.407898
v -0.664167 -57.107637 -37.363797
v -1.544630 -57.365178 -36.290067
v -2.252671 -57.572247 -35.085802
v -2.771572 -57.724083 -33.781153
v -3.087729 -57.816738 -32.407898
v -0.410407 -61.401437 -36.290067
v -1.122536 -61.594004 -35.085802
v -1.644445 -61.735163 -33.781153
v -10.265653 -38.692645 -32.407898
v -9.965761 -38.556241 -33.781153
v -9.473729 -38.332139 -35.085802
v -8.802432 -38.026250 -36.290067
v -7.967626 -37.645911 -37.363797
v -6.990505 -37.200769 -38.281153
v -5.894598 -36.701498 -39.018850
v -4.707343 -36.160602 -39.559509
v -17.822496 -15.861419 -32.407898
v -17.496352 -15.814929 -33.781153
v -16.961170 -15.738198 -35.085802
v -16.230966 -15.633300 -36.290067
v -15.322920 -15.502939 -37.363797
v -18.344298 -11.124228 -32.407898
v -18.015969 -11.097782 -33.781153
v -17.476960 -11.055460 -35.085802
v -16.741422 -10.998213 -36.290067
v -15.826789 -10.926818 -37.363797
v -15.612511 -13.210040 -37.363797
v -16.524447 -13.309725 -36.290067
v -17.257804 -13.389764 -35.085802
v -17.795243 -13.448695 -33.781153
v -18.577638 -6.450122 -32.407898
v -18.248334 -6.442678 -33.781153
v -17.707809 -6.430228 -35.085802
v -16.970240 -6.413131 -36.290067
v -16.053066 -6.391915 -37.363797
v -18.555764 -1.215295 -32.407898
v -18.226449 -1.224761 -33.781153
v -17.686026 -1.240714 -35.085802
v -16.948652 -1.262672 -36.290067
v -16.031698 -1.289899 -37.363797
v -18.284076 3.942589 -32.407898
v -17.955573 3.917829 -33.781153
v -17.416427 3.877427 -35.085802
v -16.680770 3.822409 -36.290067
v -15.765961 3.753947 -37.363797
v -17.798414 9.039262 -32.407898
v -17.471101 9.001840 -33.781153
v -16.933983 8.940077 -35.085802
v -16.201128 8.855643 -36.290067
v -15.289789 8.750714 -37.363797
v -17.120664 14.093403 -32.407898
v -16.795025 14.043425 -33.781153
v -16.260582 13.961679 -35.085802
v -15.531345 13.850268 -36.290067
v -16.258935 19.117419 -32.407898
v -15.935327 19.055671 -33.781153
v -15.404218 18.954506 -35.085802
v -15.207457 24.119648 -32.407898
v -14.886463 24.045488 -33.781153
v -14.359654 23.923900 -35.085802
v -13.640839 23.758052 -36.290067
v -12.746970 23.551793 -37.363797
v -11.700734 23.310361 -38.281153
v -10.527303 23.039583 -39.018850
v -9.256059 22.746237 -39.559509
v -7.917966 22.437465 -39.888964
v -13.621433 29.029850 -33.781153
v -13.100631 28.884671 -35.085802
v -12.389993 28.686696 -36.290067
v -11.506301 28.440459 -37.363797
v -10.471981 28.152221 -38.281153
v -9.311913 27.828952 -39.018850
v -8.055144 27.478744 -39.559509
v -12.374292 34.174132 -32.407898
v -12.062776 34.066916 -33.781153
v -11.551583 33.890869 -35.085802
v -10.854101 33.650619 -36.290067
v -9.986750 33.351877 -37.363797
v -8.971545 33.002221 -38.281153
v -7.832920 32.610053 -39.018850
v -6.599385 32.185193 -39.559509
v -5.300984 31.737992 -39.888964
v -6.052560 29.429966 -39.888964
v -7.364893 29.834466 -39.559509
v -8.611664 30.218757 -39.018850
v -9.762505 30.573480 -38.281153
v -10.788600 30.889755 -37.363797
v -11.665260 31.159965 -36.290067
v -12.370234 31.377253 -35.085802
v -12.886904 31.536512 -33.781153
v -13.201730 31.633574 -32.407898
v -11.523908 36.506823 -32.407898
v -11.216578 36.388140 -33.781153
v -10.712256 36.193278 -35.085802
v -10.024152 35.927358 -36.290067
v -9.168462 35.596694 -37.363797
v -8.166905 35.209674 -38.281153
v -7.043589 34.775599 -39.018850
v -5.826638 34.305339 -39.559509
v -4.545692 33.810351 -39.888964
v -10.632147 38.677245 -32.407898
v -10.330390 38.545032 -33.781153
v -9.835136 38.328159 -35.085802
v -9.159366 38.032293 -36.290067
v -8.319029 37.664354 -37.363797
v -7.335452 37.233684 -38.281153
v -6.232297 36.750661 -39.018850
v -5.037186 36.227377 -39.559509
v -3.779230 35.676576 -39.888964
v -9.558443 40.944863 -32.407898
v -9.265439 40.794242 -33.781153
v -8.784637 40.546975 -35.085802
v -8.128629 40.209554 -36.290067
v -7.312849 39.789974 -37.363797
v -6.358005 39.298882 -38.281153
v -5.287081 38.748082 -39.018850
v -4.126889 38.151367 -39.559509
v -2.905688 37.523275 -39.888964
v -8.711500 42.483850 -32.407898
v -8.429987 42.312654 -33.781153
v -7.966595 42.034091 -35.085802
v -7.333460 41.655470 -36.290067
v -6.545467 41.185762 -37.363797
v -5.622630 40.636870 -38.281153
v -4.587176 40.021969 -39.018850
v -3.465046 39.356428 -39.559509
v -2.283591 38.656426 -39.888964
v -8.190613 43.326026 -32.407898
v -7.914204 43.146761 -33.781153
v -1.913545 39.256039 -39.888964
v -3.065794 40.003137 -39.559509
v -4.160478 40.712910 -39.018850
v -5.170933 41.368072 -38.281153
v -6.071860 41.952221 -37.363797
v -6.841581 42.451291 -36.290067
v -7.460563 42.852616 -35.085802
v 8.109030 43.651642 -31.000000
v 8.506197 43.036391 -31.000000
v 9.174339 41.899316 -31.000000
v 9.739852 40.833864 -31.000000
v 10.239921 39.810353 -31.000000
v 11.110773 37.837408 -31.000000
v 11.864842 35.922475 -31.000000
v 13.146620 32.183689 -31.000000
v 14.221963 28.508036 -31.000000
v 15.148983 24.857244 -31.000000
v 15.957431 21.206959 -31.000000
v 16.661463 17.546653 -31.000000
v 17.266361 13.873897 -31.000000
v 17.773494 10.185210 -31.000000
v 18.179706 6.475111 -31.000000
v 18.479639 2.737287 -31.000000
v 18.661391 -1.035229 -31.000000
v 18.711402 -4.849571 -31.000000
v 18.608556 -8.710138 -31.000000
v 18.324402 -12.616635 -31.000000
v 17.829581 -16.568389 -31.000000
v 17.088878 -20.552012 -31.000000
v 16.072918 -24.526362 -31.000000
v 14.802169 -28.395519 -31.000000
v 13.358689 -32.053701 -31.000000
v 11.863414 -35.456464 -31.000000
v 10.409212 -38.645274 -31.000000
v 9.036289 -41.704398 -31.000000
v 7.754436 -44.715385 -31.000000
v 6.561441 -47.728110 -31.000000
v 5.450845 -50.773367 -31.000000
v 4.413670 -53.868935 -31.000000
v 3.439687 -57.016777 -31.000000
v 1.643810 -63.447060 -31.000000
v 3.087729 -57.816738 -32.407898
v 12.837534 -32.989932 -32.407898
v 3.457654 -35.591266 -39.888964
v 15.688932 -25.417449 -32.407898
v 8.543469 -23.203105 -39.888964
v 16.370869 -23.044403 -32.407898
v 18.122668 -13.485094 -32.407898
v 13.938743 29.118465 -32.407898
v 6.732288 27.110117 -39.888964
v 7.917966 22.437465 -39.888964
v 9.256059 22.746237 -39.559509
v 10.527303 23.039583 -39.018850
v 11.700734 23.310361 -38.281153
v 12.746970 23.551793 -37.363797
v 13.640839 23.758052 -36.290067
v 14.359654 23.923900 -35.085802
v 14.886463 24.045488 -33.781153
v 15.207457 24.119648 -32.407898
v 16.258935 19.117419 -32.407898
v 15.935327 19.055671 -33.781153
v 15.404218 18.954506 -35.085802
v 8.055144 27.478744 -39.559509
v 9.311913 27.828952 -39.018850
v 10.471981 28.152221 -38.281153
v 11.506301 28.440459 -37.363797
v 12.389993 28.686696 -36.290067
v 13.100631 28.884671 -35.085802
v 13.621433 29.029850 -33.781153
v 5.300984 31.737992 -39.888964
v 6.599385 32.185193 -39.559509
v 7.832920 32.610053 -39.018850
v 8.971545 33.002221 -38.281153
v 9.986750 33.351877 -37.363797
v 10.854101 33.650619 -36.290067
v 11.551583 33.890869 -35.085802
v 12.062776 34.066916 -33.781153
v 12.374292 34.174132 -32.407898
v 13.201730 31.633574 -32.407898
v 12.886904 31.536512 -33.781153
v 12.370234 31.377253 -35.085802
v 11.665260 31.159965 -36.290067
v 10.788600 30.889755 -37.363797
v 9.762505 30.573480 -38.281153
v 8.611664 30.218757 -39.018850
v 7.364893 29.834466 -39.559509
v 6.052560 29.429966 -39.888964
v 4.545692 33.810351 -39.888964
v 5.826638 34.305339 -39.559509
v 7.043589 34.775599 -39.018850
v 8.166905 35.209674 -38.281153
v 9.168462 35.596694 -37.363797
v 10.024152 35.927358 -36.290067
v 10.712256 36.193278 -35.085802
v 11.216578 36.388140 -33.781153
v 11.523908 36.506823 -32.407898
v 3.779230 35.676576 -39.888964
v 5.037186 36.227377 -39.559509
v 6.232297 36.750661 -39.018850
v 7.335452 37.233684 -38.281153
v 8.319029 37.664354 -37.363797
v 9.159366 38.032293 -36.290067
v 9.835136 38.328159 -35.085802
v 10.330390 38.545032 -33.781153
v 10.632147 38.677245 -32.407898
v 2.905688 37.523275 -39.888964
v 4.126889 38.151367 -39.559509
v 5.287081 38.748082 -39.018850
v 6.358005 39.298882 -38.281153
v 7.312849 39.789974 -37.363797
v 8.128629 40.209554 -36.290067
v 8.784637 40.546975 -35.085802
v 9.265439 40.794242 -33.781153
v 9.558443 40.944863 -32.407898
v 3.465046 39.356428 -39.559509
v 4.587176 40.021969 -39.018850
v 5.622630 40.636870 -38.281153
v 6.545467 41.185762 -37.363797
v 7.333460 41.655470 -36.290067
v 7.966595 42.034091 -35.085802
v 8.429987 42.312654 -33.781153
v 7.914204 43.146761 -33.781153
v 8.190613 43.326026 -32.407898
v 8.711500 42.483850 -32.407898
v 2.283591 38.656426 -39.888964
v 7.460563 42.852616 -35.085802
v 6.841581 42.451291 -36.290067
v 6.071860 41.952221 -37.363797
v 5.170933 41.368072 -38.281153
v 4.160478 40.712910 -39.018850
v 3.065794 40.003137 -39.559509
v 1.913545 39.256039 -39.888964
v 17.120664 14.093403 -32.407898
v 16.795025 14.043425 -33.781153
v 16.260582 13.961679 -35.085802
v 15.531345 13.850268 -36.290067
v 17.798414 9.039262 -32.407898
v 17.471101 9.001840 -33.781153
v 16.933983 8.940077 -35.085802
v 16.201128 8.855643 -36.290067
v 15.289789 8.750714 -37.363797
v 18.284076 3.942589 -32.407898
v 17.955573 3.917829 -33.781153
v 17.416427 3.877427 -35.085802
v 16.680770 3.822409 -36.290067
v 15.765961 3.753947 -37.363797
v 18.555764 -1.215295 -32.407898
v 18.226449 -1.224761 -33.781153
v 17.686026 -1.240714 -35.085802
v 16.948652 -1.262672 -36.290067
v 16.031698 -1.289899 -37.363797
v 18.577638 -6.450122 -32.407898
v 18.248334 -6.442678 -33.781153
v 17.707809 -6.430228 -35.085802
v 16.970240 -6.413131 -36.290067
v 16.053066 -6.391915 -37.363797
v 18.344298 -11.124228 -32.407898
v 18.015969 -11.097782 -33.781153
v 17.476960 -11.055460 -35.085802
v 16.741422 -10.998213 -36.290067
v 15.826789 -10.926818 -37.363797
v 17.795243 -13.448695 -33.781153
v 17.257804 -13.389764 -35.085802
v 16.524447 -13.309725 -36.290067
v 15.612511 -13.210040 -37.363797
v 17.435111 -18.252712 -32.407898
v 17.110999 -18.193899 -33.781153
v 16.579003 -18.097593 -35.085802
v 15.853076 -17.966285 -36.290067
v 15.322920 -15.502939 -37.363797
v 16.230966 -15.633300 -36.290067
v 16.961170 -15.738198 -35.085802
v 17.496352 -15.814929 -33.781153
v 17.822496 -15.861419 -32.407898
v 16.953538 -20.650184 -32.407898
v 16.631948 -20.578648 -33.781153
v 16.104103 -20.461647 -35.085802
v 15.383845 -20.302188 -36.290067
v 13.929993 -22.397919 -37.363797
v 15.374376 -25.319688 -33.781153
v 14.857996 -25.159607 -35.085802
v 14.153347 -24.941347 -36.290067
v 13.277119 -24.669866 -37.363797
v 12.251548 -24.352067 -38.281153
v 11.101289 -23.995649 -39.018850
v 9.855142 -23.609531 -39.559509
v 9.139637 -21.128429 -39.888964
v 10.467019 -21.480208 -39.559509
v 11.728086 -21.814417 -39.018850
v 12.892125 -22.122898 -38.281153
v 14.816700 -22.632940 -36.290067
v 15.529738 -22.822017 -35.085802
v 16.052354 -22.960407 -33.781153
v 13.798750 -30.696028 -32.407898
v 13.493237 -30.572779 -33.781153
v 12.991824 -30.370565 -35.085802
v 12.307656 -30.094678 -36.290067
v 11.456874 -29.751593 -37.363797
v 10.461071 -29.350019 -38.281153
v 9.344203 -28.899628 -39.018850
v 8.134237 -28.411694 -39.559509
v 6.860644 -27.898102 -39.888964
v 7.749665 -25.573392 -39.888964
v 9.041751 -26.038511 -39.559509
v 10.269286 -26.480398 -39.018850
v 11.402374 -26.888275 -38.281153
v 12.412647 -27.251925 -37.363797
v 13.275774 -27.562652 -36.290067
v 13.969843 -27.812583 -35.085802
v 14.478571 -27.995628 -33.781153
v 14.788649 -28.106934 -32.407898
v 12.535156 -32.859134 -33.781153
v 12.039051 -32.644207 -35.085802
v 11.362199 -32.350823 -36.290067
v 10.520484 -31.986041 -37.363797
v 9.535276 -31.559109 -38.281153
v 8.430299 -31.080261 -39.018850
v 7.233219 -30.561491 -39.559509
v 5.973187 -30.015444 -39.888964
v 10.265653 -38.692645 -32.407898
v 9.965761 -38.556241 -33.781153
v 9.473729 -38.332139 -35.085802
v 8.802432 -38.026250 -36.290067
v 7.967626 -37.645911 -37.363797
v 6.990505 -37.200769 -38.281153
v 5.894598 -36.701498 -39.018850
v 4.707343 -36.160602 -39.559509
v 5.049151 -32.099363 -39.888964
v 6.300800 -32.664382 -39.559509
v 7.489918 -33.201174 -39.018850
v 8.587543 -33.696661 -38.281153
v 9.566194 -34.138434 -37.363797
v 10.402312 -34.515882 -36.290067
v 11.074674 -34.819429 -35.085802
v 11.567466 -35.041854 -33.781153
v 11.867787 -35.177311 -32.407898
v 8.570848 -42.494136 -32.407898
v 8.268376 -42.363555 -33.781153
v 7.772040 -42.149165 -35.085802
v 7.094839 -41.856598 -36.290067
v 6.252705 -41.492797 -37.363797
v 5.267014 -41.066993 -38.281153
v 4.161492 -40.589418 -39.018850
v 2.963819 -40.072032 -39.559509
v 1.703165 -39.527440 -39.888964
v 7.017073 -46.246683 -32.407898
v 6.710693 -46.125620 -33.781153
v 6.207920 -45.926839 -35.085802
v 5.521925 -45.655565 -36.290067
v 4.668860 -45.318245 -37.363797
v 3.670376 -44.923437 -38.281153
v 2.550507 -44.480627 -39.018850
v 1.337289 -44.000902 -39.559509
v 0.060273 -43.495952 -39.888964
v 5.596029 -50.027963 -32.407898
v 5.285747 -49.917214 -33.781153
v 4.776474 -49.735687 -35.085802
v 4.081564 -49.488105 -36.290067
v 3.217431 -49.180186 -37.363797
v 2.206005 -48.819753 -38.281153
v 1.071614 -48.415511 -39.018850
v 4.292837 -53.881961 -32.407898
v 3.979181 -53.781216 -33.781153
v 3.464437 -53.615858 -35.085802
v 2.762094 -53.390224 -36.290067
v 1.888705 -53.109644 -37.363797
v 0.866437 -52.781239 -38.281153
v 2.771572 -57.724083 -33.781153
v 2.252671 -57.572247 -35.085802
v 1.544630 -57.365178 -36.290067
v 0.664167 -57.107637 -37.363797
v 0.410407 -61.401437 -36.290067
v 1.122536 -61.594004 -35.085802
v 1.644445 -61.735163 -33.781153
v 1.962454 -61.821229 -32.407898
v 14.488194 -20.103819 -37.363797
v -2.000000 44.000001 0.000000
v -2.113110 43.991072 0.000000
v -2.223696 43.965733 0.000000
v -2.434511 43.881967 0.000000
v -2.821524 43.645822 0.000000
v -3.503137 43.046874 0.000000
v -4.101966 42.364485 -0.000000
v -4.642592 41.635714 0.000000
v -5.601339 40.093185 0.000000
v -6.441216 38.482772 0.000000
v -5.200903 38.651667 0.000000
v -2.606279 38.912817 0.000000
v -0.000000 39.000000 0.000000
v 2.606279 38.912817 0.000000
v 5.200905 38.651657 0.000000
v 6.441216 38.482772 -0.000000
v 5.601516 40.093498 -0.000000
v 4.645828 41.631190 -0.000000
v 4.104330 42.361813 -0.000000
v 3.503610 43.046448 -0.000000
v 2.822342 43.645246 0.000000
v 2.434749 43.881819 0.000000
v 2.223811 43.965738 -0.000000
v 2.113151 43.991057 -0.000000
v 2.000000 44.000001 0.000000
v 12.107169 28.216849 8.047306
v 12.029587 28.390907 7.108108
v 11.901231 28.676755 6.195487
v 11.723612 29.067574 5.320652
v 11.498384 29.555907 4.494482
v 11.227669 30.132179 3.725411
v 10.913735 30.785980 3.019502
v 10.558847 31.506899 2.382703
v 10.165244 32.284327 1.819060
v 9.734788 33.108029 1.330275
v 9.269257 33.967905 0.917944
v 8.770167 34.854179 0.582976
v 8.238106 35.757763 0.324811
v 7.673445 36.669656 0.142767
v 7.075289 37.581004 0.035290
v 5.086554 37.776995 0.043645
v 4.973185 36.910771 0.173478
v 4.861915 36.061230 0.387842
v 4.753857 35.236618 0.685084
v 4.650123 34.445130 1.062972
v 4.551718 33.694122 1.517236
v 4.459598 32.990584 2.043162
v 4.374721 32.341504 2.636039
v 4.298008 31.753604 3.290639
v 4.230179 31.232063 4.000177
v 4.171885 30.781547 4.757598
v 4.123776 30.406724 5.555849
v 4.086447 30.111823 6.387505
v 4.060219 29.899053 7.244296
v 4.045337 29.770050 8.117901
v 10.339185 31.285552 2.636203
v 10.141515 30.389739 3.709933
v 9.982496 29.669379 4.914198
v 9.866088 29.141397 6.218847
v 9.795400 28.819616 7.592102
v 8.360381 34.016685 0.981150
v 8.137342 32.833228 1.718847
v 7.938475 31.778052 2.636203
v 7.768579 30.876544 3.709933
v 7.631970 30.151583 4.914198
v 7.531819 29.620276 6.218847
v 7.470738 29.296551 7.592102
v 6.914331 36.986265 0.111038
v 6.698934 35.629991 0.440491
v 6.494289 34.341465 0.981150
v 6.305407 33.152079 1.718847
v 6.137022 32.091614 2.636203
v 5.993101 31.185597 3.709933
v 5.877274 30.457027 4.914198
v 5.792589 29.923037 6.218847
v 5.741354 29.597608 7.592102
v -5.088403 37.776765 0.043645
v -4.977064 36.910278 0.173478
v -4.867911 36.060462 0.387842
v -4.761971 35.235575 0.685084
v -4.660261 34.443824 1.062972
v -4.563691 33.692578 1.517236
v -4.473120 32.988838 2.043162
v -4.389412 32.339605 2.636039
v -4.313393 31.751615 3.290639
v -4.245694 31.230056 4.000177
v -4.186882 30.779606 4.757598
v -4.137523 30.404944 5.555849
v -4.098131 30.110310 6.387505
v -4.068961 29.897921 7.244296
v -4.050203 29.769419 8.117901
v 2.504593 37.353301 0.136729
v 2.405858 35.841170 0.542764
v 2.313170 34.422371 1.205768
v 2.229451 33.140009 2.105596
v 2.157354 32.033039 3.214908
v 2.099185 31.135088 4.499997
v 2.056832 30.473432 5.921817
v 2.031706 30.068167 7.437165
v -0.000264 37.437175 0.136729
v -0.000506 35.921826 0.542764
v -0.000730 34.500006 1.205768
v -0.000937 33.214916 2.105596
v -0.001132 32.105603 3.214908
v -0.001320 31.205773 4.499997
v -0.001507 30.542767 5.921817
v -0.001699 30.136730 7.437165
v -2.531369 37.351496 0.136729
v -2.428906 35.839615 0.542764
v -2.332768 34.421049 1.205768
v -2.245874 33.138900 2.105596
v -2.170867 32.032126 3.214908
v -2.110023 31.134355 4.499997
v -2.065193 30.472867 5.921817
v -2.037739 30.067759 7.437165
v -7.075554 37.581020 0.035429
v -7.673998 36.669687 0.143061
v -8.238312 35.757740 0.324915
v -8.770188 34.854100 0.583014
v -9.269602 33.967548 0.918535
v -9.735136 33.107657 1.330868
v -10.165369 32.284168 1.819207
v -10.558882 31.506824 2.382755
v -10.913734 30.786206 3.020630
v -11.227586 30.132851 3.727648
v -11.498253 29.556768 4.496996
v -11.723554 29.067970 5.321859
v -11.901306 28.676465 6.195424
v -12.029523 28.391234 7.108393
v -12.107093 28.217207 8.047524
v -9.795424 28.819610 7.592102
v -6.916215 36.985972 0.111037
v -6.700775 35.629699 0.440491
v -6.496091 34.341179 0.981150
v -6.307172 33.151799 1.718847
v -6.138755 32.091338 2.636203
v -5.994807 31.185326 3.709933
v -5.878957 30.456760 4.914198
v -5.794256 29.922773 6.218847
v -5.743012 29.597345 7.592102
v -8.360431 34.016676 0.981150
v -8.137391 32.833218 1.718847
v -7.938524 31.778043 2.636203
v -7.768627 30.876535 3.709933
v -7.632017 30.151574 4.914198
v -7.531866 29.620267 6.218847
v -7.470785 29.296542 7.592102
v -10.339209 31.285546 2.636203
v -10.141540 30.389734 3.709933
v -9.982520 29.669374 4.914198
v -9.866112 29.141392 6.218847
v -2.000000 48.000001 -4.000000
v 2.000000 48.000001 -4.000000
v -12.952921 27.858105 9.000000
v -13.688040 27.387185 9.000000
v -14.303484 26.767996 9.000000
v -14.769935 26.030032 9.000000
v -15.065174 25.208448 9.000000
v -7.372756 38.934469 -0.136297
v -8.240813 39.355383 -0.535898
v -8.986231 39.716830 -1.171573
v -9.558210 39.994178 -2.000000
v -9.917771 40.168527 -2.964724
v -10.040411 40.227994 -4.000000
v -10.679824 38.846560 -3.948825
v -11.260345 37.476144 -3.793357
v -11.789338 36.124199 -3.530679
v -12.273976 34.798227 -3.157868
v -12.717682 33.507609 -2.673227
v -13.121483 32.264142 -2.077635
v -13.486528 31.079780 -1.372256
v -13.813968 29.966486 -0.558242
v -14.104296 28.937693 0.363133
v -14.357102 28.007436 1.384381
v -14.572020 27.189079 2.495661
v -14.748685 26.495991 3.687130
v -14.886733 25.941539 4.948946
v -14.985713 25.537844 6.267678
v -15.045270 25.291692 7.624201
v -12.522183 28.093485 8.021464
v -12.921228 27.925843 7.990736
v -13.299479 27.716161 7.955692
v -13.652506 27.466885 7.916741
v -13.991313 27.166103 7.872188
v -14.252722 26.878900 7.831387
v -14.484672 26.567674 7.788614
v -14.684914 26.235385 7.744276
v -14.851452 25.885131 7.698790
v -12.447572 28.274987 7.057119
v -12.849554 28.114882 6.996441
v -13.230622 27.912736 6.927064
v -13.586249 27.670939 6.849809
v -13.927455 27.377893 6.761315
v -14.190582 27.097194 6.680194
v -14.423884 26.792329 6.595091
v -14.625068 26.466237 6.506829
v -14.792099 26.121998 6.416249
v -12.324174 28.572394 6.120593
v -12.730950 28.424604 6.031489
v -13.116617 28.234803 5.929172
v -13.476489 28.005282 5.814879
v -13.821610 27.724955 5.683650
v -14.087532 27.454966 5.563151
v -14.323026 27.160583 5.436588
v -14.525725 26.844707 5.305214
v -14.693528 26.510387 5.170309
v -12.152990 28.980483 5.225970
v -12.566313 28.849526 5.110742
v -12.958267 28.676648 4.977586
v -13.323944 28.464001 4.828164
v -13.674412 28.201191 4.656015
v -13.944146 27.945974 4.497553
v -14.182614 27.666064 4.330840
v -14.387347 27.364304 4.157575
v -14.556155 27.043692 3.979500
v -11.935795 29.489753 4.383108
v -12.357219 29.379694 4.244582
v -12.756964 29.227926 4.083177
v -13.129834 29.036408 3.900987
v -13.486916 28.795604 3.690164
v -13.761343 28.558988 3.495499
v -14.003447 28.297330 3.290260
v -14.210621 28.013390 3.076622
v -14.380566 27.710090 2.856815
v -11.674532 30.089629 3.599192
v -12.105386 30.004038 3.440557
v -12.514211 29.877140 3.253840
v -12.895460 29.710644 3.041570
v -13.260224 29.496006 2.794643
v -13.540067 29.281577 2.565791
v -13.786317 29.041732 2.323896
v -13.996205 28.779111 2.071635
v -14.167293 28.496530 1.811753
v -11.371145 30.769531 2.881408
v -11.812532 30.711487 2.706215
v -12.231512 30.612796 2.497471
v -12.622124 30.474848 2.258136
v -12.995438 30.290212 1.977999
v -13.281261 30.101308 1.717235
v -13.532020 29.886616 1.440797
v -13.744755 29.648613 1.151891
v -13.916871 29.389964 0.853813
v -11.027579 31.518882 2.236942
v -11.480373 31.490970 2.049104
v -11.910369 31.423397 1.821965
v -12.311125 31.317163 1.558910
v -12.693661 31.166034 1.248778
v -12.985866 31.005752 0.958636
v -13.241348 30.819334 0.650010
v -13.456928 30.609042 0.326670
v -13.629830 30.377342 -0.007507
v -10.645923 32.326535 1.671220
v -11.110760 32.330814 1.474905
v -11.552406 32.296819 1.233254
v -11.963873 32.225076 0.950071
v -12.356088 32.110621 0.613407
v -12.654911 31.981803 0.296626
v -12.915171 31.826556 -0.041635
v -13.133446 31.646866 -0.397011
v -13.306762 31.444942 -0.765005
v -10.227854 33.181415 1.185031
v -10.705108 33.219517 0.984363
v -11.158773 33.221205 0.732084
v -11.581257 33.186439 0.432396
v -11.983340 33.111565 0.072726
v -12.288788 33.016864 -0.267892
v -12.553664 32.895512 -0.633163
v -12.774278 32.749146 -1.018098
v -12.947441 32.579648 -1.417545
v -9.774547 34.073414 0.779071
v -10.264333 34.146674 0.578128
v -10.730123 34.185903 0.319101
v -11.163660 34.190395 0.006558
v -11.575514 34.157828 -0.372542
v -11.887350 34.099758 -0.734133
v -12.156439 34.014889 -1.123717
v -12.378804 33.904423 -1.535655
v -12.551029 33.769835 -1.964110
v -9.287173 34.992433 0.454046
v -9.789350 35.101884 0.256858
v -10.267106 35.180266 -0.005043
v -10.711462 35.226095 -0.326762
v -11.132704 35.238383 -0.721659
v -11.450447 35.219319 -1.101298
v -11.723107 35.173382 -1.512428
v -11.946403 35.101245 -1.948735
v -12.116686 35.003885 -2.403672
v -8.766927 35.928530 0.210430
v -9.281118 36.074894 0.020952
v -9.770436 36.193783 -0.239974
v -10.225123 36.282816 -0.567180
v -10.655099 36.342322 -0.974196
v -10.978035 36.364497 -1.368898
v -11.253391 36.359805 -1.798735
v -11.476573 36.328287 -2.256696
v -11.643696 36.270315 -2.735500
v -8.213569 36.872939 0.046845
v -8.739100 37.056980 -0.131109
v -9.239252 37.217785 -0.387309
v -9.703435 37.351946 -0.716370
v -10.141107 37.461067 -1.131860
v -10.468181 37.526712 -1.538655
v -10.745015 37.565533 -1.984362
v -10.966699 37.576813 -2.461260
v -11.129114 37.560209 -2.961308
v -7.624939 37.817275 -0.038787
v -8.160633 38.040294 -0.201439
v -8.670347 38.244930 -0.449194
v -9.142621 38.426580 -0.776525
v -9.586331 38.588066 -1.196912
v -9.915947 38.699596 -1.612910
v -10.192506 38.784246 -2.071748
v -10.410787 38.840404 -2.564982
v -10.566457 38.866877 -3.083785
v -2.000000 45.035277 -0.136297
v -2.000000 46.000001 -0.535898
v -2.000000 46.828428 -1.171573
v -2.000000 47.464102 -2.000000
v -2.000000 47.863704 -2.964724
v -2.734706 47.940872 -4.000000
v -3.361082 47.801050 -4.000000
v -3.822924 47.639363 -4.000000
v -4.182630 47.480182 -4.000000
v -4.732455 47.176986 -4.000000
v -5.159765 46.891253 -4.000000
v -5.829616 46.353038 -4.000000
v -6.365272 45.841216 -4.000000
v -7.226735 44.861663 -4.000000
v -7.930682 43.913574 -4.000000
v -9.085546 42.057983 -4.000000
v -2.484408 44.534919 -0.048896
v -3.075400 44.226889 -0.048896
v -6.442114 39.853694 -0.048896
v -6.977552 40.139518 -0.193590
v -7.486507 40.411201 -0.430985
v -7.956724 40.662205 -0.755391
v -8.388553 40.892726 -1.171573
v -8.713334 41.066114 -1.595824
v -8.982706 41.209913 -2.067374
v -9.191207 41.321182 -2.576916
v -9.334380 41.397553 -3.114679
v -5.476660 41.506638 -0.048896
v -5.986811 41.835475 -0.193590
v -6.471723 42.148054 -0.430985
v -6.919726 42.436843 -0.755391
v -7.331169 42.702038 -1.171573
v -7.640639 42.901471 -1.595824
v -7.897298 43.066896 -2.067374
v -8.095897 43.195006 -2.576916
v -8.232207 43.283047 -3.114679
v -4.929440 42.305479 -0.048896
v -5.419416 42.663682 -0.193590
v -5.885152 43.004175 -0.430985
v -6.315438 43.318752 -0.755391
v -6.710613 43.607632 -1.171573
v -7.007846 43.824880 -1.595824
v -7.254356 44.005079 -2.067374
v -7.445097 44.144620 -2.576916
v -7.576009 44.240505 -3.114679
v -4.320640 43.074865 -0.048896
v -4.780056 43.471512 -0.193590
v -5.216750 43.848536 -0.430985
v -5.620206 44.196863 -0.755391
v -5.990722 44.516764 -1.171573
v -6.269386 44.757376 -1.595824
v -6.500511 44.956930 -2.067374
v -6.679418 45.111348 -2.576916
v -6.802281 45.217342 -3.114679
v -3.540873 43.867399 -0.048896
v -3.938955 44.325574 -0.193590
v -4.317349 44.761084 -0.430985
v -4.666943 45.163444 -0.755391
v -4.987992 45.532967 -1.171573
v -5.229448 45.810901 -1.595824
v -5.429716 46.041409 -2.067374
v -5.584746 46.219786 -2.576916
v -5.691221 46.342229 -3.114679
v -6.294202 45.771637 -3.114679
v -6.178012 45.658362 -2.576916
v -6.008865 45.493308 -2.067374
v -5.790384 45.279988 -1.595824
v -5.526972 45.022772 -1.171573
v -5.176724 44.680804 -0.755391
v -4.795330 44.308454 -0.430985
v -4.382516 43.905426 -0.193590
v -3.948225 43.481421 -0.048896
v -3.413628 44.730863 -0.193590
v -3.735133 45.209906 -0.430985
v -4.032167 45.652485 -0.755391
v -4.304939 46.058947 -1.171573
v -4.510075 46.364667 -1.595824
v -4.680226 46.618217 -2.067374
v -4.811980 46.814419 -2.576916
v -4.902509 46.949090 -3.114679
v -2.654274 44.466037 -0.048896
v -2.906283 45.018243 -0.193590
v -3.145805 45.543143 -0.430985
v -3.367093 46.028092 -0.755391
v -3.570371 46.473434 -1.171573
v -3.723326 46.808360 -1.595824
v -3.850138 47.086159 -2.067374
v -3.948080 47.301244 -2.576916
v -4.015110 47.449002 -3.114679
v -4.361804 47.276235 -3.114679
v -4.284652 47.133480 -2.576916
v -4.172410 46.925498 -2.067374
v -4.027496 46.656721 -1.595824
v -3.852794 46.332641 -1.171573
v -3.620478 45.901770 -0.755391
v -3.367489 45.432612 -0.430985
v -3.093660 44.924802 -0.193590
v -2.805589 44.390563 -0.048896
v -2.376987 45.192106 -0.193590
v -2.487792 45.758200 -0.430985
v -2.590169 46.281204 -0.755391
v -2.684129 46.761532 -1.171573
v -2.754725 47.122815 -1.595824
v -2.813328 47.422444 -2.067374
v -2.858911 47.654284 -2.576916
v -2.890446 47.813400 -3.114679
v -3.574759 47.627077 -3.114679
v -3.520745 47.474095 -2.576916
v -3.442124 47.251226 -2.067374
v -3.340582 46.963218 -1.595824
v -3.218160 46.615954 -1.171573
v -3.055377 46.154255 -0.755391
v -2.878116 45.651528 -0.430985
v -2.686253 45.107383 -0.193590
v -2.260439 44.596548 -0.048896
v 2.000000 45.035277 -0.136297
v 2.000000 46.000001 -0.535898
v 2.000000 46.828428 -1.171573
v 2.000000 47.464102 -2.000000
v 2.000000 47.863704 -2.964724
v 7.372756 38.934469 -0.136297
v 8.240813 39.355383 -0.535898
v 8.986231 39.716830 -1.171573
v 9.558210 39.994178 -2.000000
v 9.917771 40.168527 -2.964724
v 10.040411 40.227994 -4.000000
v 9.086314 42.057861 -4.000000
v 7.934970 43.907728 -4.000000
v 7.230896 44.857579 -4.000000
v 6.366215 45.840448 -4.000000
v 5.831597 46.351789 -4.000000
v 5.161639 46.890006 -4.000000
v 4.733987 47.176207 -4.000000
v 4.182673 47.479707 -4.000000
v 3.825267 47.640862 -4.000000
v 3.362274 47.801414 -4.000000
v 2.734545 47.940728 -4.000000
v 3.686984 43.736431 -0.048902
v 2.931194 44.318948 -0.048902
v 4.274776 47.322396 -3.114645
v 2.583135 44.497402 -0.048902
v 2.464319 45.173329 -0.193615
v 2.654227 45.119155 -0.193615
v 2.599561 45.734214 -0.431041
v 2.724507 46.252402 -0.755488
v 2.839231 46.728134 -1.171573
v 2.925558 47.086027 -1.595817
v 2.997143 47.382864 -2.067359
v 3.052493 47.612626 -2.576892
v 3.090438 47.770403 -3.114645
v 2.322033 44.583255 -0.048902
v 2.460319 44.543642 -0.048902
v 2.838496 45.666206 -0.431041
v 3.008730 46.171614 -0.755488
v 3.165135 46.635596 -1.171573
v 3.282948 46.984630 -1.595817
v 3.380559 47.274134 -2.067359
v 3.455648 47.498281 -2.576892
v 3.506727 47.652268 -3.114645
v 2.766218 44.411472 -0.048902
v 3.045600 44.950372 -0.193615
v 3.311139 45.462624 -0.431041
v 3.556459 45.935883 -0.755488
v 3.781738 46.370344 -1.171573
v 3.951289 46.697161 -1.595817
v 4.091863 46.968243 -2.067359
v 4.200447 47.178158 -2.576892
v 3.839014 47.527290 -3.114645
v 3.776904 47.377406 -2.576892
v 3.686397 47.159033 -2.067359
v 3.569417 46.876819 -1.595817
v 3.428365 46.536539 -1.171573
v 3.240887 46.084249 -0.755488
v 3.036689 45.591615 -0.431041
v 2.815665 45.058387 -0.193615
v 3.238947 44.111189 -0.048902
v 3.601263 44.598192 -0.193615
v 3.945658 45.061101 -0.431041
v 4.263837 45.488770 -0.755488
v 4.555942 45.881411 -1.171573
v 4.775686 46.176809 -1.595817
v 4.957946 46.421802 -2.067359
v 5.099042 46.611391 -2.576892
v 5.195952 46.741536 -3.114645
v 4.624169 47.126782 -3.114645
v 4.540344 46.987860 -2.576892
v 4.418289 46.785479 -2.067359
v 4.260616 46.523954 -1.595817
v 4.070514 46.208622 -1.171573
v 3.817816 45.789486 -0.755488
v 3.542563 45.332959 -0.431041
v 3.244630 44.838814 -0.193615
v 4.169916 43.246016 -0.048902
v 4.620122 43.653300 -0.193615
v 5.048034 44.040458 -0.431041
v 5.443367 44.398146 -0.755488
v 5.806371 44.726478 -1.171573
v 6.079536 44.973419 -1.595817
v 6.306046 45.178276 -2.067359
v 6.481133 45.337040 -2.576892
v 6.601116 45.446268 -3.114645
v 5.914814 46.141882 -3.114645
v 5.804519 46.022877 -2.576892
v 5.643910 45.849503 -2.067359
v 5.436422 45.625454 -1.595817
v 5.186256 45.355308 -1.171573
v 4.853721 44.996235 -0.755488
v 4.491506 44.605130 -0.431041
v 4.099447 44.181798 -0.193615
v 4.605618 42.731036 -0.048902
v 5.080812 43.108809 -0.193615
v 5.532502 43.467886 -0.431041
v 5.949808 43.799626 -0.755488
v 6.332916 44.104208 -1.171573
v 6.621122 44.333372 -1.595817
v 6.860165 44.523422 -2.067359
v 7.045216 44.670445 -2.576892
v 7.172314 44.771318 -3.114645
v 5.377511 41.659046 -0.048902
v 5.884454 41.992904 -0.193615
v 6.366319 42.310244 -0.431041
v 6.811503 42.603425 -0.755488
v 7.220212 42.872596 -1.171573
v 7.527685 43.075107 -1.595817
v 7.782702 43.243060 -2.067359
v 7.980093 43.373021 -2.576892
v 8.115639 43.462223 -3.114645
v 6.238376 40.229293 -0.048902
v 6.769426 40.523374 -0.193615
v 7.274196 40.802920 -0.431041
v 7.740539 41.061188 -0.755488
v 8.168700 41.298264 -1.171573
v 8.490840 41.476578 -1.595817
v 8.757999 41.624499 -2.067359
v 8.964685 41.739115 -2.576892
v 9.106506 41.817947 -3.114645
v 12.952921 27.858105 9.000000
v 13.688040 27.387185 9.000000
v 14.303484 26.767996 9.000000
v 14.769935 26.030032 9.000000
v 15.065174 25.208448 9.000000
v 15.045287 25.291206 7.623886
v 14.985721 25.537400 6.267266
v 14.886706 25.941929 4.949036
v 14.748621 26.495533 3.685387
v 14.571882 27.188085 2.492030
v 14.356956 28.006687 1.381149
v 14.104193 28.937476 0.361503
v 13.813944 29.966587 -0.558317
v 13.486370 31.080065 -1.372469
v 13.120982 32.264910 -2.078492
v 12.717178 33.508361 -2.674080
v 12.273983 34.798318 -3.157924
v 11.788908 36.124461 -3.530828
v 11.259116 37.476777 -3.793781
v 10.679234 38.846863 -3.949025
v 7.939813 37.319321 -0.003378
v 8.470316 37.521717 -0.174583
v 8.975160 37.703075 -0.427295
v 9.443347 37.859440 -0.756047
v 9.883842 37.992932 -1.174130
v 10.212229 38.079957 -1.585551
v 10.489091 38.140141 -2.037711
v 10.709374 38.172362 -2.522552
v 10.868860 38.175892 -3.031671
v 8.796789 35.875896 0.221851
v 9.310356 36.020235 0.031817
v 9.799069 36.136869 -0.229308
v 10.253210 36.223469 -0.556365
v 10.682496 36.280267 -0.962636
v 11.005083 36.300092 -1.356494
v 11.280256 36.293052 -1.785267
v 11.503442 36.259224 -2.241992
v 11.670771 36.199017 -2.719430
v 9.575720 34.453312 0.633596
v 10.070745 34.541567 0.433674
v 10.541590 34.596938 0.172917
v 10.979700 34.618408 -0.143967
v 11.395318 34.604230 -0.529939
v 11.709612 34.562139 -0.899328
v 11.980224 34.493214 -1.298135
v 12.203056 34.398449 -1.720446
v 12.374597 34.279122 -2.160138
v 9.935892 33.759921 0.910449
v 10.421369 33.820900 0.709070
v 10.882979 33.846939 0.451871
v 11.312703 33.837573 0.143298
v 11.720974 33.790055 -0.229327
v 12.030547 33.719018 -0.583894
v 12.298165 33.621225 -0.965263
v 12.519955 33.498038 -1.368025
v 12.692584 33.351083 -1.786592
v 10.276188 33.084059 1.234909
v 10.752089 33.118368 1.034463
v 11.204435 33.116014 0.783111
v 11.625702 33.077023 0.485013
v 12.026476 32.997650 0.127866
v 12.331112 32.899055 -0.210169
v 12.595426 32.773835 -0.572483
v 12.815761 32.623664 -0.954161
v 12.988955 32.450464 -1.350131
v 10.782929 32.039695 1.859060
v 11.243571 32.032569 1.665197
v 11.681150 31.986628 1.428116
v 12.088876 31.902570 1.151481
v 12.477505 31.775067 0.823788
v 12.773953 31.635028 0.516028
v 13.032515 31.468664 0.187859
v 13.249857 31.278064 -0.156569
v 13.423077 31.065531 -0.512980
v 11.233018 31.073365 2.603320
v 11.679101 31.027559 2.422306
v 12.102609 30.941464 2.205381
v 12.497386 30.816319 1.955682
v 12.874285 30.645286 1.662753
v 13.162661 30.467970 1.389485
v 13.415321 30.264729 1.099403
v 13.629218 30.037953 0.795943
v 13.801687 29.790230 0.482635
v 11.623080 30.205779 3.462662
v 12.055782 30.124900 3.300616
v 12.466382 30.002808 3.109536
v 12.849259 29.841160 2.892025
v 13.215310 29.631731 2.638912
v 13.496116 29.421704 2.404122
v 13.743093 29.186205 2.155840
v 13.953443 28.927846 1.896832
v 14.124703 28.649413 1.629938
v 11.949299 29.457835 4.426136
v 12.370252 29.346458 4.288653
v 12.769536 29.193354 4.128591
v 13.141974 29.000494 3.948018
v 13.498459 28.758434 3.739273
v 13.772522 28.520728 3.546543
v 14.014342 28.258012 3.343385
v 14.221322 27.973048 3.131944
v 14.391171 27.668760 2.914419
v 12.207870 28.850250 5.481461
v 12.619150 28.713910 5.373531
v 13.009136 28.535605 5.249073
v 13.372991 28.317534 5.109627
v 13.721590 28.049241 4.949247
v 13.990054 27.789364 4.801709
v 14.227534 27.504896 4.646577
v 14.431595 27.198699 4.485415
v 14.600077 26.873787 4.319826
v 12.395389 28.401204 6.610684
v 12.799452 28.246305 6.536342
v 13.182512 28.049364 6.451187
v 13.539973 27.812732 6.356236
v 13.882684 27.525197 6.247428
v 14.146947 27.249099 6.147592
v 14.381143 26.948745 6.042804
v 14.582949 26.627060 5.934086
v 14.750303 26.287107 5.822486
v 12.509146 28.125159 7.791793
v 12.908745 27.958805 7.753879
v 13.287525 27.750403 7.710624
v 13.641035 27.502389 7.662532
v 13.980103 27.203084 7.607541
v 14.241758 26.917083 7.557165
v 14.473903 26.607043 7.504347
v 14.674284 26.275920 7.449593
v 14.840896 25.926805 7.393418
v -0.003518 -69.985342 -12.249430
v -0.004400 -69.981217 -12.191049
v -0.011744 -69.912091 -11.719506
v -0.019162 -69.778805 -11.264955
v -0.026538 -69.579763 -10.829271
v -0.033526 -69.323130 -10.426630
v -0.037048 -69.165252 -10.225824
v -0.046203 -68.643502 -9.701656
v -0.053743 -68.043539 -9.250091
v -0.063857 -66.727861 -8.532160
v -0.068372 -65.217655 -7.931791
v -0.067143 -63.486772 -7.377502
v -0.059294 -61.567598 -6.834090
v -0.043127 -59.533940 -6.279650
v -0.020043 -57.386004 -5.674689
v 0.007924 -55.105961 -4.974950
v 0.038737 -52.675983 -4.136176
v 0.070363 -50.078241 -3.114109
v 0.085844 -48.710888 -2.520510
v 0.100765 -47.294908 -1.864491
v 0.123894 -44.373020 -0.379409
v 0.126328 -41.532008 1.224622
v 0.106921 -38.850256 2.880131
v 0.065399 -36.393884 4.525545
v 0.036259 -35.270879 5.325225
v 0.001488 -34.229014 6.099293
v -0.000001 -34.189620 6.129252
v -1.911829 -34.595534 5.650642
v -3.789252 -34.830647 4.965865
v -5.598488 -34.890730 4.087243
v -7.306977 -34.774700 3.030589
v -8.883976 -34.484646 1.814917
v -10.301107 -34.025787 0.462102
v -11.532867 -33.406380 -1.003510
v -12.557091 -32.637572 -2.555547
v -13.355348 -31.733197 -4.166078
v -13.913273 -30.709531 -5.806122
v -12.814565 -33.321005 -7.399624
v -11.705576 -35.804408 -8.850449
v -10.623284 -38.174041 -10.159203
v -9.581649 -40.474857 -11.323985
v -8.582514 -42.751170 -12.340330
v -7.624832 -45.031959 -13.201975
v -6.707698 -47.344859 -13.902547
v -5.830131 -49.705058 -14.435294
v -4.990106 -52.116946 -14.794983
v -4.185388 -54.584623 -14.976831
v -3.413645 -57.104312 -14.977619
v -2.672966 -59.664621 -14.795812
v -1.962200 -62.249931 -14.431201
v -1.280174 -64.844659 -13.883601
v -0.626858 -67.430426 -13.154959
v -11.227640 -36.765727 -8.230509
v -9.132467 -41.387593 -10.578283
v -6.414088 -47.992506 -12.898786
v -1.281770 -64.647867 -12.706263
v -0.277503 -65.723802 -8.734116
v -0.518168 -66.110120 -9.835220
v -0.668147 -66.480233 -10.957839
v -0.726777 -66.831858 -12.094819
v -0.049387 -69.590259 -11.125212
v -0.453499 -63.376167 -8.212615
v -0.795066 -63.720159 -9.299847
v -1.047648 -64.048072 -10.415964
v -1.210130 -64.357939 -11.553849
v -0.539930 -61.118727 -7.585568
v -0.978569 -61.422923 -8.647775
v -1.331692 -61.710623 -9.745765
v -1.596634 -61.979937 -10.872839
v -1.772203 -62.229282 -12.021829
v -1.857574 -62.457156 -13.185449
v -0.541862 -58.954924 -6.871196
v -1.072695 -59.223448 -7.897577
v -1.522128 -59.474377 -8.966398
v -1.887076 -59.706077 -10.071064
v -2.164820 -59.916999 -11.204862
v -2.354086 -60.105945 -12.360613
v -2.453965 -60.271800 -13.531018
v -0.466700 -56.882099 -6.088796
v -1.084066 -57.120671 -7.069058
v -1.624445 -57.339833 -8.098170
v -2.084708 -57.538278 -9.169561
v -2.461726 -57.714701 -10.276657
v -2.752725 -57.867891 -11.412770
v -2.956352 -57.997024 -12.570747
v -3.071610 -58.101371 -13.743319
v -0.537699 -54.243193 -5.265609
v -1.236847 -54.443761 -6.189541
v -1.864692 -54.621118 -7.167830
v -2.417766 -54.774299 -8.194221
v -2.892890 -54.902436 -9.262238
v -3.286887 -55.004659 -10.365405
v -3.596923 -55.080207 -11.497131
v -3.821534 -55.128756 -12.650376
v -3.959599 -55.150089 -13.817984
v -0.289033 -52.521251 -4.371567
v -1.057551 -52.712273 -5.232574
v -1.761093 -52.877919 -6.152302
v -2.395058 -53.017054 -7.125466
v -2.955968 -53.128972 -8.145911
v -3.440624 -53.213074 -9.207267
v -3.845829 -53.268759 -10.303165
v -4.168719 -53.295547 -11.427123
v -4.407759 -53.293420 -12.572222
v -4.561748 -53.262478 -13.731433
v -0.530315 -49.491178 -3.315818
v -1.357184 -49.655280 -4.103043
v -2.127673 -49.788578 -4.950947
v -2.837036 -49.890189 -5.854671
v -3.480784 -49.959356 -6.809158
v -4.055458 -49.995834 -7.808546
v -4.557855 -49.999502 -8.846775
v -4.984774 -49.970243 -9.917785
v -5.333323 -49.908066 -11.015416
v -5.601838 -49.813496 -12.133099
v -5.788967 -49.687188 -13.264168
v -5.183686 -51.407117 -13.539565
v -5.012935 -51.488295 -12.392933
v -4.758897 -51.539103 -11.260076
v -4.422855 -51.559145 -10.147858
v -4.006410 -51.548148 -9.063034
v -3.512447 -51.506332 -8.011938
v -2.944172 -51.434042 -7.000795
v -2.304791 -51.331621 -6.035835
v -1.597779 -51.199531 -5.123075
v -0.827689 -51.038709 -4.267697
v 0.000657 -50.850208 -3.474674
v -0.212152 -47.969171 -2.378447
v -1.086085 -48.142229 -3.094688
v -1.910283 -48.282351 -3.874362
v -2.680091 -48.388819 -4.712744
v -3.390857 -48.460912 -5.605113
v -4.038175 -48.498046 -6.546555
v -4.618614 -48.500175 -7.531398
v -5.128989 -48.467391 -8.553777
v -5.566114 -48.399783 -9.607829
v -5.927100 -48.297574 -10.687593
v -6.210232 -48.161519 -11.786725
v -0.800832 -46.649245 -2.102641
v -0.517845 -45.167395 -1.128544
v -1.668925 -46.801146 -2.812017
v -2.489249 -46.917441 -3.582423
v -3.257264 -46.997568 -4.409293
v -3.968429 -47.040966 -5.288062
v -4.618435 -47.047215 -6.213984
v -5.203897 -47.016455 -7.181599
v -5.721659 -46.948968 -8.185267
v -6.168568 -46.845036 -9.219348
v -6.541745 -46.705076 -10.278111
v -6.839433 -46.530046 -11.355465
v -7.060150 -46.321043 -12.445227
v -0.251890 -43.689950 -0.169779
v -1.178847 -43.875023 -0.739056
v -2.071392 -44.021737 -1.370983
v -2.924543 -44.129125 -2.062427
v -3.733888 -44.196786 -2.809402
v -4.495159 -44.224460 -3.607708
v -5.204086 -44.211889 -4.453144
v -5.856602 -44.158958 -5.341354
v -6.449450 -44.066135 -6.267366
v -6.979577 -43.934032 -7.226051
v -7.443930 -43.763262 -8.212281
v -7.839701 -43.554571 -9.220851
v -8.165072 -43.309251 -10.246243
v -8.418472 -43.028726 -11.282864
v -7.727999 -44.669627 -11.905855
v -7.490619 -44.915684 -10.841393
v -7.178730 -45.127008 -9.788769
v -6.793863 -45.302327 -8.753878
v -6.337813 -45.440502 -7.742536
v -5.813426 -45.540944 -6.760218
v -5.223814 -45.603196 -5.812318
v -4.572087 -45.626805 -4.904227
v -3.861572 -45.611459 -4.041170
v -3.096464 -45.557423 -3.227707
v -2.281174 -45.465105 -2.468226
v -1.420113 -45.334913 -1.767118
v -0.768039 -40.961565 1.280935
v -1.698686 -41.141838 0.781069
v -2.602484 -41.281523 0.222398
v -3.474726 -41.379798 -0.392364
v -4.310829 -41.435984 -1.060320
v -5.106703 -41.449976 -1.777856
v -5.858380 -41.421809 -2.541176
v -6.561894 -41.351519 -3.346482
v -7.213454 -41.239286 -4.189850
v -7.809971 -41.085859 -5.066835
v -8.348536 -40.892128 -5.972861
v -8.826237 -40.658984 -6.903356
v -9.240379 -40.387448 -7.853678
v -9.589132 -40.079058 -8.818929
v -9.870881 -39.735482 -9.794142
v -8.864130 -41.700468 -9.571570
v -8.526352 -41.977979 -8.575455
v -8.120732 -42.218571 -7.595219
v -7.649102 -42.420820 -6.636072
v -7.114216 -42.583838 -5.702939
v -6.519061 -42.706866 -4.800672
v -5.866623 -42.789149 -3.934125
v -5.160078 -42.830075 -3.108009
v -4.403356 -42.829609 -2.326467
v -3.600578 -42.787865 -1.593499
v -2.755864 -42.704953 -0.913106
v -1.873465 -42.581128 -0.289094
v -0.958164 -42.417218 0.275521
v -0.014875 -42.214192 0.777921
v -0.286249 -38.368708 3.125006
v -1.235082 -38.581738 2.746617
v -2.167310 -38.753637 2.310428
v -3.078510 -38.883744 1.818773
v -3.964313 -38.971529 1.274171
v -4.820348 -39.016461 0.679140
v -5.642355 -39.018148 0.036354
v -6.426514 -38.976757 -0.650901
v -7.169116 -38.892593 -1.379185
v -7.866449 -38.765960 -2.145059
v -8.514961 -38.597300 -2.944972
v -9.111727 -38.387594 -3.774935
v -9.653976 -38.137959 -4.630848
v -10.138939 -37.849514 -5.508610
v -10.564042 -37.523495 -6.404067
v -10.927479 -37.161620 -7.312844
v -10.634809 -38.059201 -8.932260
v -10.341638 -38.432493 -7.989629
v -9.983706 -38.771133 -7.056337
v -9.562631 -39.073355 -6.137040
v -9.080232 -39.337518 -5.236333
v -8.539135 -39.562477 -4.358575
v -7.942173 -39.747213 -3.508066
v -7.292175 -39.890707 -2.689106
v -6.592137 -39.992076 -1.905876
v -5.845709 -40.050997 -1.162085
v -5.056710 -40.067281 -0.461324
v -4.228956 -40.040741 0.192816
v -3.366379 -39.971333 0.796908
v -2.473372 -39.859576 1.348184
v -1.554442 -39.706128 1.844040
v -0.614098 -39.511652 2.281871
v -0.622212 -36.350360 4.480703
v -1.571452 -36.552355 4.159074
v -2.508528 -36.712638 3.782994
v -3.429054 -36.830307 3.353997
v -4.328836 -36.904981 2.874270
v -5.203732 -36.936413 2.346166
v -6.049601 -36.924354 1.772035
v -6.862404 -36.868691 1.154364
v -7.638510 -36.769849 0.496176
v -8.374394 -36.628389 -0.199373
v -9.066529 -36.444872 -0.929123
v -9.711534 -36.219985 -1.689823
v -10.306609 -35.954929 -2.477835
v -10.849101 -35.651032 -3.289424
v -11.336354 -35.309623 -4.120858
v -11.765893 -34.932140 -4.968355
v -12.135957 -34.520464 -5.827941
v -12.444964 -34.076587 -6.695595
v -0.316434 -35.257879 5.315573
v -1.270874 -35.471473 5.048807
v -2.217210 -35.643413 4.728481
v -3.151089 -35.772819 4.355940
v -4.068210 -35.858939 3.932683
v -4.964468 -35.901547 3.460827
v -5.835807 -35.900545 2.942643
v -6.678170 -35.855839 2.380402
v -7.487602 -35.767464 1.776502
v -8.260551 -35.635989 1.133845
v -8.993562 -35.462113 0.455460
v -9.683183 -35.246537 -0.255622
v -10.326102 -34.990084 -0.996285
v -10.919574 -34.694077 -1.763046
v -11.460997 -34.359962 -2.552335
v -11.947765 -33.989185 -3.360582
v -12.377451 -33.583297 -4.184171
v -12.748319 -33.144274 -5.019306
v -13.058808 -32.674197 -5.862146
v 15.126890 -27.484374 5.829842
v 15.105731 -27.545374 4.326114
v 15.044245 -27.720727 2.832343
v 14.945415 -27.998962 1.354029
v 14.811980 -28.368633 -0.103904
v 14.646060 -28.818942 -1.539038
v 14.450015 -29.339592 -2.949323
v 13.977054 -30.550743 -5.687071
v 13.971457 -30.564716 -5.715750
v 13.913268 -30.709543 -5.806129
v 12.817047 -33.315238 -7.387271
v 11.705033 -35.805648 -8.820543
v 10.616497 -38.188680 -10.107800
v 9.569557 -40.502872 -11.250091
v 8.567700 -42.784731 -12.245737
v 7.611956 -45.062150 -13.091990
v 6.700069 -47.365401 -13.787854
v 5.827300 -49.712237 -14.331315
v 4.992675 -52.108631 -14.716813
v 4.191254 -54.566590 -14.940315
v 3.420194 -57.082327 -14.997775
v 2.678872 -59.643621 -14.884943
v 1.967260 -62.231082 -14.600920
v 1.285215 -64.825144 -14.146332
v 0.629476 -67.419842 -13.519644
v 0.000000 -70.000000 -12.721191
v 2.676101 -32.054734 7.794564
v 1.414687 -32.299147 7.671275
v 14.005353 -30.379173 -4.344419
v 13.940398 -30.232266 -2.985486
v 13.772548 -30.125044 -1.645729
v 13.498557 -30.058750 -0.338220
v 13.115188 -30.034627 0.923901
v 12.619221 -30.053954 2.126694
v 12.010864 -30.116768 3.252204
v 11.294226 -30.221451 4.282712
v 10.473574 -30.366314 5.200650
v 9.555179 -30.548982 5.987534
v 8.551059 -30.763480 6.634588
v 7.473758 -31.002657 7.140248
v 6.335816 -31.259360 7.502972
v 5.149933 -31.525989 7.724138
v 3.927121 -31.793795 7.816989
v 1.413792 -64.131802 -13.049991
v 2.850071 -58.867424 -13.746347
v 4.960170 -52.066208 -13.555710
v 5.524419 -50.432508 -13.314424
v 6.707136 -47.230574 -12.608151
v 8.629778 -42.542852 -11.008729
v 0.977630 -37.827830 3.377965
v 12.277695 -34.453741 -6.916874
v 2.165237 -32.754974 7.205785
v 3.122627 -32.869253 6.948017
v 4.070192 -32.938751 6.642446
v 5.003705 -32.963062 6.290324
v 5.918992 -32.941911 5.893034
v 6.812087 -32.875560 5.452492
v 7.679077 -32.764403 4.970750
v 8.516047 -32.608834 4.449858
v 9.319184 -32.409376 3.891974
v 10.085074 -32.167070 3.299693
v 10.810404 -31.883085 2.675716
v 11.491860 -31.558591 2.022747
v 12.126267 -31.194872 1.343566
v 12.711002 -30.793677 0.641263
v 13.243583 -30.356870 -0.080995
v 13.664973 -31.235136 -4.984262
v 13.355155 -31.733127 -4.166092
v 12.985348 -32.201335 -3.355297
v 12.557087 -32.637581 -2.555553
v 12.072077 -33.039785 -1.770495
v 11.532705 -33.406271 -1.003587
v 10.941528 -33.735465 -0.258249
v 10.301104 -34.025794 0.462097
v 9.614128 -34.275803 1.154114
v 8.883853 -34.484524 1.814807
v 8.113671 -34.651107 2.441268
v 7.306976 -34.774705 3.030585
v 6.467257 -34.854600 3.579968
v 5.598405 -34.890598 4.087104
v 4.704407 -34.882636 4.549799
v 3.789253 -34.830651 4.965861
v 2.856978 -34.734712 5.333242
v 1.911821 -34.595411 5.650478
v 0.958067 -34.413473 5.916253
v 0.372021 -35.371457 5.230769
v 1.318707 -35.583075 4.958183
v 2.256843 -35.753810 4.632562
v 3.182169 -35.882799 4.255259
v 4.090470 -35.969303 3.827780
v 4.977732 -36.013093 3.352233
v 5.839989 -36.014069 2.830876
v 6.673275 -35.972127 2.265969
v 7.473725 -35.887295 1.659893
v 8.237867 -35.760115 1.015526
v 8.962329 -35.591256 0.335865
v 9.643740 -35.381389 -0.376090
v 10.278867 -35.131306 -1.117252
v 10.865032 -34.842281 -1.884182
v 11.399693 -34.515710 -2.673353
v 11.880312 -34.152989 -3.481238
v 12.304518 -33.755616 -4.304265
v 12.670621 -33.325503 -5.138687
v 12.977096 -32.864663 -5.980712
v 0.692600 -36.586121 4.312120
v 1.627418 -36.785800 3.980884
v 2.549366 -36.945182 3.596145
v 3.454211 -37.063391 3.159448
v 4.337924 -37.140049 2.672965
v 5.196522 -37.174899 2.139027
v 6.026024 -37.167687 1.559966
v 6.822550 -37.118285 0.938242
v 7.582619 -37.027076 0.276830
v 8.302850 -36.894571 -0.421167
v 8.979864 -36.721281 -1.152644
v 9.610420 -36.507838 -1.914404
v 10.191841 -36.255361 -2.702885
v 10.721588 -35.965091 -3.514428
v 11.197122 -35.638268 -4.345380
v 11.616076 -35.276239 -5.192036
v 11.976771 -34.880772 -6.050512
v 10.893571 -37.498153 -8.610224
v 10.609008 -37.866452 -7.693789
v 10.262945 -38.201937 -6.785965
v 9.856867 -38.502952 -5.891047
v 9.392441 -38.767954 -5.013274
v 8.872067 -38.995844 -4.156682
v 8.298323 -39.185638 -3.325252
v 7.673790 -39.336349 -2.522966
v 7.001198 -39.447117 -1.753703
v 6.283877 -39.517581 -1.020928
v 5.525305 -39.547503 -0.328002
v 4.728961 -39.536647 0.321716
v 3.898432 -39.484905 0.925009
v 3.037734 -39.392678 1.479239
v 2.150987 -39.260496 1.981915
v 1.242315 -39.088890 2.430543
v 0.315893 -38.878509 2.822807
v 0.451830 -40.384697 1.825241
v 1.368772 -40.582027 1.373186
v 2.262992 -40.741271 0.864101
v 3.130226 -40.861753 0.300583
v 3.966207 -40.942793 -0.314772
v 4.766787 -40.983843 -0.979211
v 5.528268 -40.984866 -1.689354
v 6.247071 -40.945953 -2.441661
v 6.919613 -40.867197 -3.232595
v 7.542473 -40.748816 -4.058506
v 8.112863 -40.591537 -4.915291
v 8.628157 -40.396214 -5.798738
v 9.085725 -40.163701 -6.704634
v 9.483134 -39.894968 -7.628708
v 9.818721 -39.591445 -8.566465
v 10.091018 -39.254678 -9.513353
v 0.597823 -41.906927 0.834001
v 1.502577 -42.089295 0.320628
v 2.379203 -42.234285 -0.250256
v 3.223262 -42.341083 -0.875953
v 4.030438 -42.409000 -1.553592
v 4.796905 -42.437862 -2.279616
v 5.518956 -42.427622 -3.050301
v 6.192887 -42.378233 -3.861921
v 6.815162 -42.289778 -4.710627
v 7.382925 -42.162855 -5.592079
v 7.893492 -41.998191 -6.501814
v 8.344176 -41.796512 -7.435371
v 8.732499 -41.558663 -8.388225
v 9.056805 -41.285964 -9.355605
v 9.315642 -40.979853 -10.332680
v 8.383995 -42.820803 -10.004665
v 8.070517 -43.065408 -9.010834
v 7.690772 -43.275334 -8.032339
v 7.246409 -43.449368 -7.074213
v 6.739951 -43.586782 -6.141223
v 6.174142 -43.686966 -5.238069
v 5.551726 -43.749312 -4.369450
v 4.875627 -43.773342 -3.539935
v 4.149496 -43.759096 -2.753557
v 3.377166 -43.706745 -2.014220
v 2.562469 -43.616458 -1.325826
v 1.709368 -43.488535 -0.692091
v 0.822348 -43.323783 -0.115994
v 0.159960 -44.559433 -0.496046
v 1.058489 -44.741908 -1.076024
v 1.921653 -44.889162 -1.716500
v 2.744787 -45.000272 -2.414390
v 3.523782 -45.074815 -3.165817
v 4.254672 -45.112498 -3.966700
v 4.933490 -45.113025 -4.812961
v 5.556463 -45.076231 -5.700378
v 6.120591 -45.002471 -6.624154
v 6.623073 -44.892229 -7.579346
v 7.061105 -44.745989 -8.561015
v 7.432115 -44.564359 -9.564146
v 7.734468 -44.348433 -10.583436
v 7.966760 -44.099431 -11.613512
v 7.326581 -45.658391 -12.146468
v 7.107959 -45.876983 -11.091711
v 6.816856 -46.062963 -10.048289
v 6.454645 -46.215242 -9.021851
v 6.022949 -46.332854 -8.017966
v 5.524383 -46.415327 -7.041894
v 4.961809 -46.462311 -6.098814
v 4.338092 -46.473456 -5.193909
v 3.656302 -46.448540 -4.332203
v 2.920336 -46.387857 -3.518103
v 2.134300 -46.291831 -2.755862
v 1.302299 -46.160883 -2.049729
v 0.428587 -45.995559 -1.403744
v 0.703373 -47.436604 -2.327631
v 1.544325 -47.586897 -3.040774
v 2.337471 -47.704205 -3.812539
v 3.078567 -47.787972 -4.638507
v 3.763371 -47.837642 -5.514260
v 4.387860 -47.852786 -6.435213
v 4.948895 -47.833479 -7.396118
v 5.443554 -47.779923 -8.391560
v 5.868916 -47.692321 -9.416125
v 6.222326 -47.570998 -10.464315
v 6.502179 -47.416769 -11.530296
v 6.106590 -48.821255 -12.998011
v 5.915188 -48.972911 -11.898826
v 5.646512 -49.093403 -10.812039
v 5.301862 -49.181964 -9.743827
v 4.882820 -49.237947 -8.700276
v 4.392081 -49.261190 -7.687117
v 3.832621 -49.251653 -6.709989
v 3.207414 -49.209297 -5.774533
v 2.519670 -49.134205 -4.886210
v 1.773532 -49.026950 -4.049773
v 0.973379 -48.888228 -3.269800
v 0.123589 -48.718735 -2.550867
v 0.420507 -50.197610 -3.443123
v 1.227466 -50.358040 -4.229929
v 1.978484 -50.489322 -5.075341
v 2.669051 -50.590613 -5.974635
v 3.294906 -50.661185 -6.922899
v 3.852776 -50.700782 -7.914468
v 4.339637 -50.709266 -8.943486
v 4.752463 -50.686497 -10.004102
v 5.088523 -50.632456 -11.090365
v 5.346262 -50.547601 -12.195947
v 4.794855 -52.142534 -12.420187
v 4.547758 -52.189645 -11.298024
v 4.220096 -52.207180 -10.195876
v 3.813396 -52.194890 -9.120299
v 3.330421 -52.152994 -8.077445
v 2.774241 -52.081825 -7.073367
v 2.147928 -51.981717 -6.114116
v 1.454811 -51.853115 -5.205548
v 0.699267 -51.696909 -4.352720
v 0.186444 -53.048353 -4.418096
v 0.946111 -53.230601 -5.276730
v 1.641465 -53.387824 -6.192807
v 2.268028 -53.518954 -7.161137
v 2.822413 -53.623343 -8.175695
v 3.301508 -53.700443 -9.230247
v 3.702202 -53.749709 -10.318557
v 4.021705 -53.770707 -11.434286
v 4.258522 -53.763451 -12.570672
v 4.411478 -53.728069 -13.720846
v 3.877057 -55.417903 -13.808637
v 3.735979 -55.410348 -12.646277
v 3.509084 -55.375792 -11.498094
v 3.197499 -55.314365 -10.371150
v 2.802690 -55.226303 -9.272397
v 2.327466 -55.112275 -8.208343
v 1.774979 -54.973058 -7.185387
v 1.148376 -54.809426 -6.209927
v 0.451092 -54.622250 -5.288144
v 0.668370 -56.244249 -6.164507
v 1.294808 -56.441787 -7.145090
v 1.845300 -56.617338 -8.174300
v 2.316664 -56.769880 -9.245593
v 2.705717 -56.898391 -10.352425
v 3.009630 -57.001954 -11.488136
v 3.226970 -57.080059 -12.645606
v 3.356658 -57.132302 -13.817602
v 0.201211 -57.689695 -6.055605
v 0.827286 -57.922448 -7.039255
v 1.375690 -58.135712 -8.072519
v 1.843212 -58.328203 -9.148726
v 2.226642 -58.498640 -10.261204
v 2.523132 -58.645837 -11.403164
v 2.731286 -58.768998 -12.567340
v 2.357334 -60.616871 -13.594485
v 2.249007 -60.471057 -12.411102
v 2.049701 -60.301615 -11.242810
v 1.760401 -60.109554 -10.097124
v 1.382469 -59.895972 -8.981437
v 0.918766 -59.662335 -7.902648
v 0.372527 -59.410201 -6.867537
v 0.474719 -61.191677 -7.664915
v 0.934634 -61.467410 -8.743962
v 1.307190 -61.725103 -9.860430
v 1.589517 -61.962998 -11.007326
v 1.780288 -62.179680 -12.177154
v 1.878565 -62.373816 -13.362291
v 0.043658 -62.718517 -7.359505
v 0.499820 -63.037065 -8.436497
v 0.867118 -63.339593 -9.551324
v 1.142672 -63.624041 -10.696924
v 1.325194 -63.888666 -11.865716
v 0.076690 -64.604909 -8.058217
v 0.438828 -64.952925 -9.168982
v 0.707777 -65.284578 -10.310778
v 0.882285 -65.597785 -11.475963
v 0.961509 -65.890538 -12.656762
v 0.022043 -66.561717 -8.713348
v 0.284546 -66.941084 -9.848822
v 0.451262 -67.303376 -11.007817
v 0.521394 -67.646230 -12.182513
v -0.021627 -69.221327 -10.384073
v 0.038551 -69.621203 -11.548679
v 11.580218 -35.997173 -7.793159
v 11.286716 -36.393564 -6.901950
v 10.932802 -36.757688 -6.018966
v 10.519975 -37.087789 -5.148306
v 10.049907 -37.382218 -4.294022
v 9.524975 -37.639761 -3.459972
v 8.947730 -37.859313 -2.649963
v 8.320727 -38.039767 -1.867806
v 7.646661 -38.180142 -1.117209
v 6.928804 -38.279947 -0.401498
v 6.170575 -38.338815 0.276104
v 5.375389 -38.356378 0.912372
v 4.546767 -38.332398 1.504215
v 3.688640 -38.267143 2.049088
v 2.805043 -38.161011 2.544583
v 1.900011 -38.014400 2.988290
v -0.000000 -30.000090 9.999899
v 0.706346 -32.318502 7.671275
v -0.000001 -32.325011 7.671275
v -0.000001 -32.932648 7.140613
v -0.000001 -33.554334 6.626481
v -1.388268 -32.336425 7.638750
v -0.247207 -33.240980 6.881460
v -0.045195 -33.241737 6.881460
v -1.418214 -31.458462 8.581691
v -2.237095 -32.143235 7.762809
v -2.332381 -32.232900 7.667523
v -1.397672 -32.024617 7.934878
v -1.407667 -31.731594 8.249588
v -0.000000 -30.620541 9.999904
v -0.297936 -30.763161 9.701968
v -0.298186 -30.763288 9.701718
v -0.299361 -30.763883 9.700543
v -0.304856 -30.766669 9.695048
v -0.329971 -30.779473 9.669933
v -0.433676 -30.833614 9.566228
v -0.730666 -31.000293 9.269239
v -1.262489 -31.345152 8.737415
v -1.344056 -31.403761 8.655849
v -1.349716 -31.407888 8.650188
v -1.350079 -31.408153 8.649825
v 0.000000 -31.650897 8.366104
v -0.000000 -31.079095 9.147294
v -2.237628 -32.142089 7.762277
v -2.676101 -32.054734 7.794564
v -3.927584 -31.793708 7.816798
v -5.150718 -31.525841 7.723720
v -6.336239 -31.259231 7.503090
v -7.473970 -31.002398 7.141718
v -8.550859 -30.763714 6.633625
v -9.554804 -30.549654 5.983943
v -10.473794 -30.366610 5.198167
v -11.295852 -30.220922 4.282117
v -12.012108 -30.116435 3.251324
v -12.619582 -30.054063 2.125208
v -13.115954 -30.034637 0.921623
v -13.499673 -30.058678 -0.341603
v -13.773420 -30.125097 -1.649311
v -13.940801 -30.232522 -2.988909
v -14.005391 -30.379596 -4.347886
v -13.971457 -30.564716 -5.715750
v -12.969215 -30.185313 1.048271
v -11.753560 -30.985572 2.409906
v -10.349286 -31.630300 3.668716
v -8.781704 -32.108594 4.802816
v -7.078043 -32.411504 5.791784
v -5.268753 -32.534213 6.618617
v -3.385512 -32.474013 7.268209
v -13.902268 -30.402578 -3.337710
v -13.109526 -31.365633 -1.771430
v -12.090621 -32.197065 -0.261549
v -10.864363 -32.882472 1.165234
v -9.452015 -33.409177 2.483198
v -7.879260 -33.768283 3.669219
v -6.173682 -33.952880 4.701739
v -4.366037 -33.960210 5.562844
v -2.488281 -33.789607 6.236650
v -15.126890 -27.484374 5.829842
v -14.256952 -27.732227 7.028468
v -13.291761 -27.996540 8.129883
v -12.240006 -28.270819 9.123097
v 12.240237 -28.270750 9.123256
v 13.291824 -27.996537 8.129801
v 14.256753 -27.732317 7.028335
v -13.975568 -30.554452 -5.694690
v -14.449299 -29.341828 -2.954782
v -14.645591 -28.820679 -1.543774
v -14.811627 -28.369859 -0.107970
v -14.945277 -27.999614 1.351157
v -15.044271 -27.720994 2.830493
v -15.105760 -27.545435 4.325053
v -2.672058 -31.443985 8.460997
v -2.679266 -30.923780 9.200252
v -5.746798 -30.256989 9.328497
v -7.380163 -30.433588 7.981103
v -9.793479 -29.921152 6.671816
v -12.352450 -29.399680 3.899101
v -12.712060 -28.220240 7.392608
v -13.951849 -29.180442 0.265992
v -14.569284 -27.964902 3.054252
v -14.460726 -29.223667 -2.401128
v -3.834558 -30.555694 9.567833
v -3.781678 -31.125683 8.645363
v -4.796154 -30.412871 9.482885
v -4.706651 -30.960874 8.585355
v -6.681899 -30.090508 9.099923
v -7.856650 -29.519063 9.655638
v -6.510277 -30.612013 8.258277
v -5.617566 -30.788750 8.457911
v -8.793537 -29.333751 9.227446
v -8.483142 -29.737478 8.400523
v -8.220986 -30.256990 7.622982
v -7.596337 -29.916126 8.791777
v -11.022493 -28.637799 8.901473
v -10.561321 -28.950612 8.124292
v -10.149083 -29.381070 7.376416
v -9.027233 -30.085201 7.185828
v -9.336097 -29.557995 7.928026
v -9.697326 -29.142994 8.716331
v -10.104103 -28.848011 9.535866
v -11.894200 -28.427140 8.186452
v -11.378825 -28.760422 7.453327
v -10.915979 -29.210095 6.747827
v -10.514300 -29.767776 6.083122
v -12.143145 -28.576243 6.705435
v -11.630665 -29.048462 6.044390
v -11.184270 -29.628007 5.421920
v -14.160151 -27.834211 5.584549
v -13.488119 -28.240638 4.995627
v -12.881573 -28.765905 4.430103
v -11.798065 -29.504712 4.691151
v -12.287121 -28.899549 5.269015
v -12.847675 -28.401918 5.883400
v -13.468978 -28.021358 6.522530
v -14.783359 -27.661120 4.586678
v -14.062583 -28.094348 4.050070
v -13.412448 -28.649012 3.535487
v -12.846168 -29.313842 3.053381
v -13.878268 -28.550289 2.592560
v -13.278040 -29.248107 2.161165
v -14.277554 -28.471159 1.608712
v -13.646886 -29.203382 1.229626
v -14.609180 -28.412885 0.591408
v -14.194044 -29.179167 -0.723306
v -1.420792 -31.451504 8.579113
v -0.151831 -30.673603 9.848073
v -0.000000 -30.600439 9.999904
v -1.583161 -30.843434 9.487622
v -1.594120 -31.249432 8.840698
v 1.390285 -31.625453 8.366130
v 1.369587 -31.054010 9.147353
v 0.226763 -30.952721 9.354437
v 0.229217 -31.350743 8.746848
v 0.232046 -31.809580 8.183780
v 2.672058 -31.443985 8.460997
v 2.679266 -30.923780 9.200252
v 1.600493 -31.465545 8.550902
v 1.582671 -30.823662 9.523559
v 13.165745 -29.263924 2.411270
v 9.741230 -29.931985 6.714175
v 8.432156 -29.406592 9.403078
v 6.020581 -30.209689 9.270079
v 10.093583 -29.393136 7.421622
v 10.502208 -28.964021 8.172522
v 10.959473 -28.652645 8.952847
v 9.887296 -28.895648 9.671649
v 9.493016 -29.186938 8.842513
v 9.143502 -29.598950 8.045090
v 8.845370 -30.123898 7.294489
v 6.905568 -30.531628 8.142156
v 7.097060 -30.012630 8.970096
v 7.330418 -29.617038 9.853582
v 5.879311 -30.737761 8.407739
v 4.827577 -30.938592 8.572915
v 4.922127 -30.393124 9.466990
v 3.808796 -30.559180 9.569442
v 3.756802 -31.129885 8.646301
v 7.897210 -30.325389 7.770807
v 8.141356 -29.807246 8.561538
v 10.575970 -29.754481 6.030841
v 10.981687 -29.195197 6.692003
v 11.448941 -28.743784 7.393741
v 11.969013 -28.408667 8.122960
v 11.340704 -29.596160 5.247682
v 11.797795 -29.010645 5.859334
v 12.322268 -28.532424 6.509039
v 12.904208 -28.170536 7.184521
v 12.029389 -29.460270 4.376007
v 12.534942 -28.843859 4.935045
v 13.114359 -28.335288 5.529787
v 13.756417 -27.944400 6.148722
v 12.638793 -29.348850 3.426886
v 13.189276 -28.697779 3.930473
v 13.820763 -28.156079 4.467438
v 14.520604 -27.734593 5.027032
v 13.757014 -28.575312 2.856841
v 14.437101 -27.998456 3.333336
v 13.962874 -29.180212 0.225315
v 14.621175 -28.411242 0.548431
v 14.959129 -27.866033 2.138964
v 14.234497 -28.479316 1.725502
v 13.607187 -29.207465 1.340230
v 14.234849 -29.181783 -0.924506
v 14.425136 -29.211786 -2.100834
vt -1.556466 -0.039270 0.000000
vt -1.490183 -0.078540 0.000000
vt -1.232670 -0.052360 0.000000
vt -0.975157 -0.078540 0.000000
vt -0.908874 -0.039270 0.000000
vt -1.232670 -0.026180 0.000000
vt -0.852683 -0.000000 0.000000
vt -1.232670 -0.000000 0.000000
vt -0.831142 0.019635 0.000000
vt -1.232670 0.026180 0.000000
vt -0.815136 0.039270 0.000000
vt -1.232670 0.052360 0.000000
vt -0.809410 0.049087 0.000000
vt -0.805280 0.058905 0.000000
vt -0.802786 0.068722 0.000000
vt -1.663388 0.078540 0.000000
vt -1.662554 0.068722 0.000000
vt -0.801952 0.078540 0.000000
vt -1.660060 0.058905 0.000000
vt -1.655930 0.049087 0.000000
vt -1.650203 0.039270 0.000000
vt -1.634198 0.019635 0.000000
vt -1.612657 -0.000000 0.000000
vt 0.639864 0.078540 0.000000
vt -0.221572 0.078540 0.000000
vt 0.639030 0.068722 0.000000
vt 0.209146 0.052360 0.000000
vt 0.636536 0.058905 0.000000
vt 0.632406 0.049087 0.000000
vt 0.626679 0.039270 0.000000
vt 0.209146 0.026180 0.000000
vt 0.610673 0.019635 0.000000
vt 0.209146 -0.000000 0.000000
vt 0.589133 -0.000000 0.000000
vt 0.209146 -0.026180 0.000000
vt 0.532941 -0.039270 0.000000
vt 0.209146 -0.052360 0.000000
vt 0.466659 -0.078540 0.000000
vt -0.048367 -0.078540 0.000000
vt -0.114650 -0.039270 0.000000
vt -0.170842 -0.000000 0.000000
vt -0.192382 0.019635 0.000000
vt -0.208388 0.039270 0.000000
vt -0.214114 0.049087 0.000000
vt -0.218244 0.058905 0.000000
vt -0.220738 0.068722 0.000000
vt 0.001690 -0.039270 0.000000
vt 0.067973 -0.078540 0.000000
vt 0.325486 -0.052360 0.000000
vt 0.582998 -0.078540 0.000000
vt 0.649281 -0.039270 0.000000
vt 0.325486 -0.026180 0.000000
vt 0.705473 -0.000000 0.000000
vt 0.325486 -0.000000 0.000000
vt 0.727013 0.019635 0.000000
vt 0.325486 0.026180 0.000000
vt 0.743019 0.039270 0.000000
vt 0.325486 0.052360 0.000000
vt 0.748745 0.049087 0.000000
vt 0.752875 0.058905 0.000000
vt 0.755370 0.068722 0.000000
vt -0.105232 0.078540 0.000000
vt -0.104398 0.068722 0.000000
vt 0.756204 0.078540 0.000000
vt -0.101904 0.058905 0.000000
vt -0.097774 0.049087 0.000000
vt -0.092048 0.039270 0.000000
vt -0.076042 0.019635 0.000000
vt -0.054502 -0.000000 0.000000
vt 0.896077 0.200000 0.000000
vt 0.034641 0.200000 0.000000
vt 0.896077 -0.000000 0.000000
vt 0.034641 -0.000000 0.000000
vt 0.896077 0.200000 0.000000
vt 0.034641 0.200000 0.000000
vt 0.896077 -0.000000 0.000000
vt 0.034641 -0.000000 0.000000
vt 1.742468 -0.283013 0.000000
vt 2.257494 -0.283013 0.000000
vt 1.999981 0.163013 0.000000
vt 0.443515 -0.039270 0.000000
vt 0.509798 -0.078540 0.000000
vt 0.767311 -0.052360 0.000000
vt 1.024824 -0.078540 0.000000
vt 1.091107 -0.039270 0.000000
vt 0.767311 -0.026180 0.000000
vt 1.147298 -0.000000 0.000000
vt 0.767311 -0.000000 0.000000
vt 1.168839 0.019635 0.000000
vt 0.767311 0.026180 0.000000
vt 1.184844 0.039270 0.000000
vt 0.767311 0.052360 0.000000
vt 1.190571 0.049087 0.000000
vt 1.194701 0.058905 0.000000
vt 1.197195 0.068722 0.000000
vt 0.336593 0.078540 0.000000
vt 0.337427 0.068722 0.000000
vt 1.198029 0.078540 0.000000
vt 0.339921 0.058905 0.000000
vt 0.344051 0.049087 0.000000
vt 0.349777 0.039270 0.000000
vt 0.365783 0.019635 0.000000
vt 0.387324 -0.000000 0.000000
vt 0.139869 0.078540 0.000000
vt -0.721567 0.078540 0.000000
vt 0.139035 0.068722 0.000000
vt -0.290849 0.052360 0.000000
vt 0.136541 0.058905 0.000000
vt 0.132410 0.049087 0.000000
vt 0.126684 0.039270 0.000000
vt -0.290849 0.026180 0.000000
vt 0.110678 0.019635 0.000000
vt -0.290849 -0.000000 0.000000
vt 0.089138 0.000000 0.000000
vt -0.290849 -0.026180 0.000000
vt 0.032946 -0.039270 0.000000
vt -0.290849 -0.052360 0.000000
vt -0.033336 -0.078540 0.000000
vt -0.548362 -0.078540 0.000000
vt -0.614645 -0.039270 0.000000
vt -0.670837 -0.000000 0.000000
vt -0.692377 0.019635 0.000000
vt -0.708383 0.039270 0.000000
vt -0.714109 0.049087 0.000000
vt -0.718239 0.058905 0.000000
vt -0.720733 0.068722 0.000000
vt -0.498305 -0.039270 0.000000
vt -0.432023 -0.078540 0.000000
vt -0.174510 -0.052360 0.000000
vt 0.083003 -0.078540 0.000000
vt 0.149286 -0.039270 0.000000
vt -0.174510 -0.026180 0.000000
vt 0.205478 -0.000000 0.000000
vt -0.174510 -0.000000 0.000000
vt 0.227018 0.019635 0.000000
vt -0.174510 0.026180 0.000000
vt 0.243024 0.039270 0.000000
vt -0.174510 0.052360 0.000000
vt 0.248750 0.049087 0.000000
vt 0.252880 0.058905 0.000000
vt 0.255374 0.068722 0.000000
vt -0.605228 0.078540 0.000000
vt -0.604394 0.068722 0.000000
vt 0.256208 0.078540 0.000000
vt -0.601899 0.058905 0.000000
vt -0.597769 0.049087 0.000000
vt -0.592043 0.039270 0.000000
vt -0.576037 0.019635 0.000000
vt -0.554497 -0.000000 0.000000
vt 0.896077 0.200000 0.000000
vt 0.034641 0.200000 0.000000
vt 0.896077 -0.000000 0.000000
vt 0.034641 -0.000000 0.000000
vt -1.103904 0.200000 0.000000
vt -1.965340 0.200000 0.000000
vt -1.103904 -0.000000 0.000000
vt -1.965340 -0.000000 0.000000
vt -0.257513 -0.283013 0.000000
vt 0.257513 -0.283013 0.000000
vt -0.000000 0.163013 0.000000
vt 0.896077 0.200000 0.000000
vt 0.034641 0.200000 0.000000
vt 0.896077 -0.000000 0.000000
vt 0.034641 -0.000000 0.000000
vt 0.896077 0.200000 0.000000
vt 0.034641 0.200000 0.000000
vt 0.896077 -0.000000 0.000000
vt 0.034641 -0.000000 0.000000
vt 0.999981 0.495654 0.000000
vt 0.135100 2.996956 0.000000
vt 0.569263 -0.250371 0.000000
vt -0.135100 2.996956 0.000000
vt -0.569282 -0.250371 0.000000
vt -1.000000 0.495654 0.000000
vt -0.404204 2.972645 0.000000
vt -0.606703 2.943234 0.000000
vt 1.430699 -0.250371 0.000000
vt 1.825706 0.563226 0.000000
vt 1.783322 0.969559 0.000000
vt 1.728970 1.372289 0.000000
vt 1.793777 -1.582220 0.000000
vt 1.829867 -1.285353 0.000000
vt 1.855579 -0.964042 0.000000
vt -1.820254 0.624536 0.000000
vt -1.430718 -0.250371 0.000000
vt -1.846993 0.290332 0.000000
vt -1.865063 -0.068923 0.000000
vt -1.783822 -1.651041 0.000000
vt -1.749568 -1.853957 0.000000
vt -1.111342 -2.854744 0.000000
vt -1.710191 -2.049352 0.000000
vt -1.666504 -2.235408 0.000000
vt 0.604388 2.943615 0.000000
vt 0.404204 2.972645 0.000000
vt -0.818705 2.904444 0.000000
vt -1.039393 2.857149 0.000000
vt -1.619358 2.003715 0.000000
vt -1.267949 2.798116 0.000000
vt -1.506517 2.520845 0.000000
vt -1.350940 2.752327 0.000000
vt -1.420785 2.688345 0.000000
vt -1.267949 2.802220 0.000000
vt -1.473664 2.609662 0.000000
vt -1.713787 1.470617 0.000000
vt -1.788187 0.928418 0.000000
vt -1.804678 0.780596 0.000000
vt -1.871121 -0.447958 0.000000
vt -1.861828 -0.841503 0.000000
vt -1.833842 -1.244287 0.000000
vt -1.303787 -2.806403 0.000000
vt -1.618817 -2.413213 0.000000
vt -1.512689 -2.748437 0.000000
vt -0.894828 -2.912227 0.000000
vt -0.688062 -2.969875 0.000000
vt -0.482299 -3.018106 0.000000
vt -0.269761 -3.050279 0.000000
vt -0.000010 -3.000000 0.000000
vt -0.000000 -3.000000 0.000000
vt -0.130348 -3.059749 0.000000
vt -0.068246 -3.060943 0.000000
vt -0.014409 -3.060389 0.000000
vt -0.000010 -3.060040 0.000000
vt 0.000010 -3.000000 0.000000
vt 0.000010 -3.062050 0.000000
vt 0.018675 -3.062005 0.000000
vt 0.051318 -3.061690 0.000000
vt 0.135299 -3.059575 0.000000
vt 0.269761 -3.050279 0.000000
vt 0.485808 -3.017408 0.000000
vt 0.698084 -2.967164 0.000000
vt 1.111342 -2.854744 0.000000
vt 1.512689 -2.748437 0.000000
vt 1.577082 -2.552985 0.000000
vt 1.638960 -2.340024 0.000000
vt 1.696750 -2.108168 0.000000
vt 1.748880 -1.856029 0.000000
vt 1.864051 -0.793785 0.000000
vt 1.869338 -0.616898 0.000000
vt 1.871245 -0.433205 0.000000
vt 1.869573 -0.242534 0.000000
vt 1.854881 0.157088 0.000000
vt 1.663891 1.767613 0.000000
vt 1.589326 2.151732 0.000000
vt 1.036668 2.857768 0.000000
vt 1.267949 2.798116 0.000000
vt 1.267949 2.802220 0.000000
vt 1.506517 2.520845 0.000000
vt 1.350854 2.752389 0.000000
vt 1.420739 2.688399 0.000000
vt 1.473643 2.609704 0.000000
vt 0.815335 2.905113 0.000000
vt 1.390645 1.000000 0.000000
vt 1.175103 1.000000 0.000000
vt 1.340014 0.905370 0.000000
vt 0.937665 0.900000 0.000000
vt 1.340014 0.900000 0.000000
vt 0.956432 1.000000 0.000000
vt 0.734256 1.000000 0.000000
vt 0.726498 0.900000 0.000000
vt 0.508160 1.000000 0.000000
vt 0.508160 0.900000 0.000000
vt -1.000000 4.306952 0.000000
vt -0.900000 4.306952 0.000000
vt -1.000000 4.577243 0.000000
vt -0.900000 4.577243 0.000000
vt -1.000000 4.847535 0.000000
vt -0.900000 4.847535 0.000000
vt -1.000000 5.117826 0.000000
vt -0.900000 5.117826 0.000000
vt -0.508160 0.900000 0.000000
vt -0.508160 1.000000 0.000000
vt -0.726498 0.900000 0.000000
vt -0.731753 1.000000 0.000000
vt -0.937665 0.900000 0.000000
vt -0.953000 1.000000 0.000000
vt -1.172472 1.000000 0.000000
vt -1.390645 1.000000 0.000000
vt -1.340014 0.905370 0.000000
vt -1.340014 0.900000 0.000000
vt 2.321589 0.007702 0.000000
vt 2.439446 0.030647 0.000000
vt 2.201515 0.000000 0.000000
vt 2.553562 0.068592 0.000000
vt 2.661870 0.120992 0.000000
vt 2.762198 0.186865 0.000000
vt 2.853185 0.265438 0.000000
vt 2.933004 0.355347 0.000000
vt 3.000000 0.454827 0.000000
vt 0.798485 0.000000 0.000000
vt 0.000000 0.454827 0.000000
vt 0.066995 0.355349 0.000000
vt 3.000000 1.500000 0.000000
vt 0.000000 1.500000 0.000000
vt 0.146812 0.265441 0.000000
vt 0.237795 0.186871 0.000000
vt 0.338108 0.121005 0.000000
vt 0.446392 0.068611 0.000000
vt 0.560532 0.030653 0.000000
vt 0.678406 0.007703 0.000000
vt -0.000000 0.454827 0.000000
vt 0.247944 0.382041 0.000000
vt -0.000000 1.500000 0.000000
vt 0.509451 0.324559 0.000000
vt 0.770834 0.280466 0.000000
vt 1.019919 0.247671 0.000000
vt 1.518171 0.202279 0.000000
vt 4.000000 1.500000 0.000000
vt 2.012332 0.178061 0.000000
vt 2.504558 0.171937 0.000000
vt 2.996878 0.185387 0.000000
vt 3.243445 0.201414 0.000000
vt 3.494225 0.226197 0.000000
vt 3.750064 0.263172 0.000000
vt 4.000000 0.315234 0.000000
vt 2.309401 2.802220 0.000000
vt 2.309401 2.798116 0.000000
vt 2.418671 2.815832 0.000000
vt -2.309401 2.798116 0.000000
vt -2.309401 2.802220 0.000000
vt -2.418671 2.815832 0.000000
vt 1.500000 2.000000 0.000000
vt -1.500000 2.000000 0.000000
vt 1.500000 -2.000000 0.000000
vt -1.500000 -2.000000 0.000000
vt 0.000000 0.315234 0.000000
vt 0.245251 0.263972 0.000000
vt 0.000000 1.500000 0.000000
vt 0.493651 0.227648 0.000000
vt 0.738104 0.202920 0.000000
vt 0.983976 0.186379 0.000000
vt 1.472350 0.172100 0.000000
vt 1.960878 0.177269 0.000000
vt 2.451161 0.200222 0.000000
vt 4.000000 1.500000 0.000000
vt 2.696323 0.218924 0.000000
vt 2.947412 0.243931 0.000000
vt 3.214531 0.278326 0.000000
vt 3.486627 0.323821 0.000000
vt 3.752262 0.382095 0.000000
vt 4.000000 0.454827 0.000000
vt 0.069245 0.244311 0.000000
vt 0.603286 0.005159 0.000000
vt -0.000000 0.315234 0.000000
vt 2.297626 0.000000 0.000000
vt 3.000000 0.315234 0.000000
vt 2.930915 0.244458 0.000000
vt 2.854535 0.181571 0.000000
vt 2.771573 0.127122 0.000000
vt 2.683291 0.081887 0.000000
vt 2.396774 0.005165 0.000000
vt 2.590706 0.046286 0.000000
vt 2.494764 0.020619 0.000000
vt 0.145906 0.181247 0.000000
vt 0.228856 0.126873 0.000000
vt 0.317164 0.081684 0.000000
vt 0.409829 0.046112 0.000000
vt 0.505491 0.020564 0.000000
vt 0.702374 0.000000 0.000000
vt 3.000000 1.500000 0.000000
vt -0.000000 1.500000 0.000000
vt 3.797626 -2.000000 0.000000
vt 2.202374 -2.000000 0.000000
vt 3.725871 -2.259203 0.000000
vt 2.274129 -2.259203 0.000000
vt 3.640791 -2.514386 0.000000
vt 2.359209 -2.514386 0.000000
vt 3.544071 -2.765321 0.000000
vt 2.455929 -2.765321 0.000000
vt 3.438821 -3.012639 0.000000
vt 2.561179 -3.012639 0.000000
vt 3.000000 -3.992869 0.000000
vt 3.038174 3.900000 0.000000
vt 2.961826 3.900000 0.000000
vt 3.107206 3.793923 0.000000
vt 2.892794 3.793923 0.000000
vt 3.167945 3.682908 0.000000
vt 2.832055 3.682908 0.000000
vt 3.273812 3.453162 0.000000
vt 2.726188 3.453162 0.000000
vt 3.365458 3.217301 0.000000
vt 2.634542 3.217301 0.000000
vt 3.446778 2.977794 0.000000
vt 2.553222 2.977794 0.000000
vt 3.586172 2.492244 0.000000
vt 2.413828 2.492244 0.000000
vt 3.701515 2.000000 0.000000
vt 2.298485 2.000000 0.000000
vt -1.477083 0.067180 0.000000
vt -1.477083 0.000000 0.000000
vt -1.386640 0.078881 0.000000
vt -1.312945 0.000000 0.000000
vt -1.296197 0.078881 0.000000
vt -1.205754 0.078881 0.000000
vt -1.296197 0.157762 0.000000
vt -1.205754 0.157762 0.000000
vt -1.296197 0.236643 0.000000
vt -1.205754 0.236643 0.000000
vt -1.296197 0.315524 0.000000
vt -1.205754 0.315524 0.000000
vt -1.296197 0.371003 0.000000
vt -1.205754 0.371003 0.000000
vt -1.296197 0.426482 0.000000
vt -1.205754 0.426482 0.000000
vt -1.296197 0.481962 0.000000
vt -1.205754 0.481962 0.000000
vt -1.292431 0.537438 0.000000
vt -1.200128 0.537439 0.000000
vt -1.115311 0.481962 0.000000
vt -1.107828 0.537441 0.000000
vt -1.023749 0.481962 0.000000
vt -1.015508 0.537441 0.000000
vt -0.932188 0.481962 0.000000
vt -0.923176 0.537441 0.000000
vt -0.840627 0.481962 0.000000
vt -0.830840 0.537439 0.000000
vt -0.749065 0.481962 0.000000
vt -0.738524 0.537440 0.000000
vt -0.646229 0.537441 0.000000
vt -0.624857 0.481962 0.000000
vt -0.553925 0.537441 0.000000
vt -0.500648 0.481962 0.000000
vt -0.461598 0.537441 0.000000
vt -0.438544 0.481962 0.000000
vt -0.369271 0.537441 0.000000
vt -0.376440 0.481962 0.000000
vt -0.314335 0.481962 0.000000
vt -0.314335 0.426482 0.000000
vt -0.252231 0.426482 0.000000
vt -0.252231 0.371003 0.000000
vt -0.189173 0.371003 0.000000
vt -0.189173 0.315524 0.000000
vt -0.126116 0.315524 0.000000
vt -0.126116 0.236643 0.000000
vt -0.063058 0.236643 0.000000
vt -0.063058 0.157762 0.000000
vt 0.000000 0.157762 0.000000
vt -1.148854 0.000000 0.000000
vt -1.115311 0.078881 0.000000
vt -1.115311 0.157762 0.000000
vt -1.115311 0.236643 0.000000
vt -1.115311 0.315524 0.000000
vt -1.115311 0.371003 0.000000
vt -1.115311 0.426482 0.000000
vt -0.984727 0.000000 0.000000
vt -1.023749 0.078881 0.000000
vt -1.023749 0.157762 0.000000
vt -1.023749 0.236643 0.000000
vt -1.023749 0.315524 0.000000
vt -1.023749 0.371003 0.000000
vt -1.023749 0.426482 0.000000
vt -0.932188 0.078881 0.000000
vt -0.820584 0.000000 0.000000
vt -0.840627 0.078881 0.000000
vt -0.749065 0.078881 0.000000
vt -0.840627 0.157762 0.000000
vt -0.749065 0.157762 0.000000
vt -0.840627 0.236643 0.000000
vt -0.749065 0.236643 0.000000
vt -0.840627 0.315524 0.000000
vt -0.749065 0.315524 0.000000
vt -0.840627 0.371003 0.000000
vt -0.749065 0.371003 0.000000
vt -0.840627 0.426482 0.000000
vt -0.749065 0.426482 0.000000
vt -0.656481 0.000000 0.000000
vt -0.624857 0.078881 0.000000
vt -0.624857 0.157762 0.000000
vt -0.624857 0.236643 0.000000
vt -0.624857 0.315524 0.000000
vt -0.624857 0.371003 0.000000
vt -0.624857 0.426482 0.000000
vt -0.492378 0.000000 0.000000
vt -0.500648 0.078881 0.000000
vt -0.500648 0.157762 0.000000
vt -0.500648 0.236643 0.000000
vt -0.500648 0.315524 0.000000
vt -0.500648 0.371003 0.000000
vt -0.500648 0.426482 0.000000
vt -0.438544 0.078881 0.000000
vt -0.328239 0.000000 0.000000
vt -0.376440 0.078881 0.000000
vt -0.314335 0.078881 0.000000
vt -0.376440 0.157762 0.000000
vt -0.314335 0.157762 0.000000
vt -0.376440 0.236643 0.000000
vt -0.314335 0.236643 0.000000
vt -0.376440 0.315524 0.000000
vt -0.314335 0.315524 0.000000
vt -0.376440 0.371003 0.000000
vt -0.314335 0.371003 0.000000
vt -0.376440 0.426482 0.000000
vt -0.252231 0.078881 0.000000
vt -0.164122 0.000000 0.000000
vt -0.189173 0.078881 0.000000
vt -0.126116 0.078881 0.000000
vt -0.189173 0.157762 0.000000
vt -0.126116 0.157762 0.000000
vt -0.189173 0.236643 0.000000
vt -0.063058 0.078881 0.000000
vt -0.000000 0.000000 0.000000
vt -0.184636 0.537441 0.000000
vt -0.126116 0.481962 0.000000
vt -0.092318 0.537441 0.000000
vt -0.063058 0.481962 0.000000
vt 0.000000 0.481962 0.000000
vt -0.276953 0.537441 0.000000
vt -0.252231 0.481962 0.000000
vt -0.189173 0.481962 0.000000
vt -0.126116 0.426482 0.000000
vt -0.063058 0.426482 0.000000
vt -0.063058 0.371003 0.000000
vt 0.000000 0.371003 0.000000
vt -1.384754 0.537440 0.000000
vt -1.386640 0.481962 0.000000
vt -1.386640 0.426482 0.000000
vt -1.386640 0.371003 0.000000
vt -1.386640 0.315524 0.000000
vt -1.386640 0.236643 0.000000
vt -1.386640 0.157762 0.000000
vt -1.477083 0.537441 0.000000
vt -1.477083 0.470261 0.000000
vt -1.477083 0.403081 0.000000
vt -1.477083 0.335901 0.000000
vt -1.477083 0.268721 0.000000
vt -1.477083 0.201540 0.000000
vt -1.477083 0.134360 0.000000
vt 0.000000 0.078881 0.000000
vt 0.000000 0.236643 0.000000
vt -0.063058 0.315524 0.000000
vt 0.000000 0.315524 0.000000
vt 0.000000 0.426482 0.000000
vt -0.252231 0.157762 0.000000
vt -0.252231 0.236643 0.000000
vt -0.252231 0.315524 0.000000
vt -0.438544 0.157762 0.000000
vt -0.438544 0.236643 0.000000
vt -0.438544 0.315524 0.000000
vt -0.438544 0.371003 0.000000
vt -0.438544 0.426482 0.000000
vt -0.932188 0.157762 0.000000
vt -0.932188 0.236643 0.000000
vt -0.932188 0.315524 0.000000
vt -0.932188 0.371003 0.000000
vt -0.932188 0.426482 0.000000
vt -0.189173 0.426482 0.000000
vt -0.126116 0.371003 0.000000
vt -1.477083 0.000000 0.000000
vt -1.384754 0.000001 0.000000
vt -1.477083 0.067182 0.000000
vt -1.386640 0.068118 0.000000
vt -1.386640 0.124729 0.000000
vt -1.296197 0.068118 0.000000
vt -1.296197 0.124729 0.000000
vt -1.205754 0.068118 0.000000
vt -1.205754 0.124729 0.000000
vt -1.115311 0.068118 0.000000
vt -1.115311 0.124729 0.000000
vt -1.023749 0.068118 0.000000
vt -1.023749 0.124729 0.000000
vt -0.932188 0.068118 0.000000
vt -0.932188 0.124729 0.000000
vt -0.840627 0.068118 0.000000
vt -0.840627 0.124729 0.000000
vt -0.749065 0.068118 0.000000
vt -0.749065 0.124729 0.000000
vt -0.624857 0.068118 0.000000
vt -0.624857 0.124729 0.000000
vt -0.500648 0.068118 0.000000
vt -0.500648 0.124729 0.000000
vt -0.376440 0.068118 0.000000
vt -0.376440 0.124729 0.000000
vt -0.252231 0.068118 0.000000
vt -0.252231 0.124729 0.000000
vt -0.126116 0.068118 0.000000
vt -0.126116 0.124729 0.000000
vt 0.000000 0.068118 0.000000
vt -1.292431 0.000003 0.000000
vt -1.200128 0.000002 0.000000
vt -1.107828 0.000000 0.000000
vt -1.015508 0.000000 0.000000
vt -0.923176 0.000000 0.000000
vt -0.830840 0.000002 0.000000
vt -0.738524 0.000001 0.000000
vt -0.646229 0.000000 0.000000
vt -0.553925 0.000000 0.000000
vt -0.461598 0.000000 0.000000
vt -0.369271 0.000000 0.000000
vt -0.276953 0.000000 0.000000
vt -0.184636 0.000000 0.000000
vt -0.092318 0.000000 0.000000
vt -0.000000 0.000000 0.000000
vt -0.328239 0.537454 0.000000
vt -0.252231 0.476817 0.000000
vt -0.164122 0.537454 0.000000
vt -0.126116 0.476817 0.000000
vt 0.000000 0.476817 0.000000
vt -0.376440 0.476817 0.000000
vt -0.492378 0.537454 0.000000
vt -0.500648 0.476817 0.000000
vt -0.624857 0.476817 0.000000
vt -0.500648 0.416180 0.000000
vt -0.624857 0.416180 0.000000
vt -0.500648 0.355543 0.000000
vt -0.624857 0.355543 0.000000
vt -0.500648 0.294907 0.000000
vt -0.624857 0.294907 0.000000
vt -0.500648 0.238123 0.000000
vt -0.624857 0.238123 0.000000
vt -0.500648 0.181340 0.000000
vt -0.624857 0.181340 0.000000
vt -0.656481 0.537454 0.000000
vt -0.749065 0.476817 0.000000
vt -0.749065 0.416180 0.000000
vt -0.749065 0.355543 0.000000
vt -0.749065 0.294907 0.000000
vt -0.749065 0.238123 0.000000
vt -0.749065 0.181340 0.000000
vt -0.820584 0.537454 0.000000
vt -0.840627 0.476817 0.000000
vt -0.840627 0.416180 0.000000
vt -0.840627 0.355543 0.000000
vt -0.840627 0.294907 0.000000
vt -0.840627 0.238123 0.000000
vt -0.840627 0.181340 0.000000
vt -0.932188 0.476817 0.000000
vt -0.984727 0.537454 0.000000
vt -1.023749 0.476817 0.000000
vt -1.148854 0.537454 0.000000
vt -1.115311 0.476817 0.000000
vt -1.205754 0.476817 0.000000
vt -1.115311 0.416180 0.000000
vt -1.205754 0.416180 0.000000
vt -1.115311 0.355543 0.000000
vt -1.205754 0.355543 0.000000
vt -1.115311 0.294907 0.000000
vt -1.205754 0.294907 0.000000
vt -1.115311 0.238123 0.000000
vt -1.205754 0.238123 0.000000
vt -1.115311 0.181340 0.000000
vt -1.205754 0.181340 0.000000
vt -1.312945 0.537454 0.000000
vt -1.296197 0.476817 0.000000
vt -1.296197 0.416180 0.000000
vt -1.296197 0.355543 0.000000
vt -1.296197 0.294907 0.000000
vt -1.296197 0.238123 0.000000
vt -1.296197 0.181340 0.000000
vt -1.386640 0.476817 0.000000
vt -1.477083 0.537454 0.000000
vt -1.477083 0.470272 0.000000
vt -1.386640 0.416180 0.000000
vt -1.477083 0.403091 0.000000
vt -1.386640 0.355543 0.000000
vt -1.477083 0.335909 0.000000
vt -1.386640 0.294907 0.000000
vt -1.477083 0.268727 0.000000
vt -1.386640 0.238123 0.000000
vt -1.477083 0.201545 0.000000
vt -1.386640 0.181340 0.000000
vt -1.477083 0.134364 0.000000
vt 0.000000 0.124729 0.000000
vt -0.126116 0.181340 0.000000
vt 0.000000 0.181340 0.000000
vt -0.126116 0.238123 0.000000
vt 0.000000 0.238123 0.000000
vt -0.126116 0.294907 0.000000
vt 0.000000 0.294907 0.000000
vt -0.126116 0.355543 0.000000
vt 0.000000 0.355543 0.000000
vt -0.126116 0.416180 0.000000
vt 0.000000 0.416180 0.000000
vt -1.023749 0.416180 0.000000
vt -1.023749 0.355543 0.000000
vt -1.023749 0.294907 0.000000
vt -1.023749 0.238123 0.000000
vt -1.023749 0.181340 0.000000
vt -0.932188 0.416180 0.000000
vt -0.932188 0.355543 0.000000
vt -0.932188 0.294907 0.000000
vt -0.932188 0.238123 0.000000
vt -0.932188 0.181340 0.000000
vt -0.376440 0.416180 0.000000
vt -0.376440 0.355543 0.000000
vt -0.376440 0.294907 0.000000
vt -0.376440 0.238123 0.000000
vt -0.376440 0.181340 0.000000
vt -0.252231 0.416180 0.000000
vt -0.252231 0.355543 0.000000
vt -0.252231 0.294907 0.000000
vt -0.252231 0.238123 0.000000
vt -0.252231 0.181340 0.000000
vt 1.800000 0.706858 0.000000
vt 1.400000 0.706858 0.000000
vt 1.789886 0.618504 0.000000
vt 1.410114 0.618504 0.000000
vt 1.420228 0.530144 0.000000
vt 1.430342 0.441784 0.000000
vt 1.769658 0.441784 0.000000
vt 1.779772 0.530144 0.000000
vt 1.440457 0.353429 0.000000
vt 1.759543 0.353429 0.000000
vt 1.749429 0.265074 0.000000
vt 1.450571 0.265074 0.000000
vt 1.460685 0.176715 0.000000
vt 1.470799 0.088355 0.000000
vt 1.729201 0.088355 0.000000
vt 1.739315 0.176715 0.000000
vt 1.480913 0.000000 0.000000
vt 1.719087 0.000000 0.000000
vt 1.491027 -0.088355 0.000000
vt 1.708973 -0.088355 0.000000
vt 1.698859 -0.176715 0.000000
vt 1.501141 -0.176715 0.000000
vt 1.511256 -0.265074 0.000000
vt 1.521370 -0.353429 0.000000
vt 1.678630 -0.353429 0.000000
vt 1.688744 -0.265074 0.000000
vt 1.531484 -0.441784 0.000000
vt 1.668516 -0.441784 0.000000
vt 1.658402 -0.530144 0.000000
vt 1.541598 -0.530144 0.000000
vt 1.551712 -0.618504 0.000000
vt 1.561826 -0.706858 0.000000
vt 1.638174 -0.706858 0.000000
vt 1.648288 -0.618504 0.000000
vt -0.734357 5.786599 0.000000
vt -0.706858 5.780391 0.000000
vt -0.636519 5.801171 0.000000
vt -0.706858 5.547814 0.000000
vt -0.565487 5.547814 0.000000
vt -0.565487 5.315238 0.000000
vt -0.424115 5.315238 0.000000
vt -0.424115 5.045483 0.000000
vt -0.282743 5.045483 0.000000
vt -0.282743 4.775727 0.000000
vt -0.141372 4.775727 0.000000
vt -0.141372 4.525355 0.000000
vt -0.000000 4.633753 0.000000
vt -0.000000 4.247607 0.000000
vt -0.141372 4.274982 0.000000
vt -0.141372 3.849832 0.000000
vt -0.282743 4.274982 0.000000
vt -0.282743 3.849832 0.000000
vt -0.424115 4.274982 0.000000
vt -0.424115 3.849832 0.000000
vt -0.565487 4.274982 0.000000
vt -0.565487 3.849832 0.000000
vt -0.706858 4.274982 0.000000
vt -0.706858 3.849832 0.000000
vt -0.848230 4.274982 0.000000
vt -0.848230 3.849832 0.000000
vt -0.989602 4.274982 0.000000
vt -0.989602 3.849832 0.000000
vt -1.130973 4.274982 0.000000
vt -1.130973 3.849832 0.000000
vt -1.272345 4.274982 0.000000
vt -1.272345 3.849832 0.000000
vt -1.413717 3.252815 0.000000
vt -1.272345 3.368603 0.000000
vt -1.412418 3.249387 0.000000
vt -1.323404 3.010742 0.000000
vt -0.831950 5.770097 0.000000
vt -0.848230 5.547814 0.000000
vt -0.929550 5.751692 0.000000
vt -0.989602 5.547814 0.000000
vt -1.026820 5.731529 0.000000
vt -1.130973 5.547814 0.000000
vt -1.123821 5.709707 0.000000
vt -1.220697 5.686323 0.000000
vt -1.272345 5.547814 0.000000
vt -1.317240 5.661582 0.000000
vt -1.413692 5.337763 0.000000
vt -1.413699 5.635611 0.000000
vt -1.272345 5.315238 0.000000
vt -1.413717 5.039912 0.000000
vt -1.272345 5.045483 0.000000
vt -1.272345 4.775727 0.000000
vt -1.130973 4.775727 0.000000
vt -1.130973 4.525355 0.000000
vt -0.989602 4.525355 0.000000
vt -1.413717 4.742062 0.000000
vt -1.272345 4.525355 0.000000
vt -1.413717 4.444213 0.000000
vt -1.272345 2.887374 0.000000
vt -1.235735 2.765291 0.000000
vt -1.130973 2.887374 0.000000
vt -1.066388 2.264073 0.000000
vt -0.989602 2.406145 0.000000
vt -0.985112 2.014254 0.000000
vt -0.848230 1.924916 0.000000
vt -0.905999 1.769105 0.000000
vt -0.828953 1.531805 0.000000
vt -0.753901 1.305395 0.000000
vt -0.706858 1.443687 0.000000
vt -0.706858 1.924916 0.000000
vt -0.848230 2.406145 0.000000
vt -0.989602 2.887374 0.000000
vt -1.130973 3.368603 0.000000
vt -0.680871 1.092778 0.000000
vt -0.565487 1.443687 0.000000
vt -0.565487 1.924916 0.000000
vt -0.706858 2.406145 0.000000
vt -0.565487 2.406145 0.000000
vt -0.706858 2.887374 0.000000
vt -0.565487 2.887374 0.000000
vt -0.706858 3.368603 0.000000
vt -0.565487 3.368603 0.000000
vt -0.565487 0.962458 0.000000
vt -0.609995 0.896831 0.000000
vt -0.540463 0.717748 0.000000
vt -0.462378 0.535283 0.000000
vt -0.424115 0.962458 0.000000
vt -0.424115 1.443687 0.000000
vt -0.424115 1.924916 0.000000
vt -0.424115 2.406145 0.000000
vt -0.424115 2.887374 0.000000
vt -0.424115 3.368603 0.000000
vt -0.374465 0.357206 0.000000
vt -0.282743 0.962458 0.000000
vt -0.282743 1.443687 0.000000
vt -0.282743 1.924916 0.000000
vt -0.282743 2.406145 0.000000
vt -0.282743 2.887374 0.000000
vt -0.282743 3.368603 0.000000
vt -0.276429 0.197551 0.000000
vt -0.218768 0.124544 0.000000
vt -0.154443 0.062406 0.000000
vt -0.118908 0.037073 0.000000
vt -0.141372 0.962458 0.000000
vt -0.141372 1.443687 0.000000
vt -0.141372 1.924916 0.000000
vt -0.141372 2.406145 0.000000
vt -0.141372 2.887374 0.000000
vt -0.141372 3.368603 0.000000
vt -0.000000 0.772292 0.000000
vt -0.080932 0.017203 0.000000
vt -0.000000 -0.000000 0.000000
vt -0.041131 0.004448 0.000000
vt -0.000000 1.544584 0.000000
vt -0.000000 1.930730 0.000000
vt -0.000000 2.316876 0.000000
vt -0.000000 2.703023 0.000000
vt -0.000000 3.089169 0.000000
vt -0.000000 3.475315 0.000000
vt -0.000000 3.861461 0.000000
vt -0.000000 5.019899 0.000000
vt -0.141372 5.045483 0.000000
vt -0.282743 5.315238 0.000000
vt -0.424115 5.547814 0.000000
vt -0.565487 5.780391 0.000000
vt -0.565487 6.012967 0.000000
vt -0.706334 6.038852 0.000000
vt -0.565487 6.245543 0.000000
vt -0.706858 6.245543 0.000000
vt -0.706858 6.478119 0.000000
vt -0.759259 6.284788 0.000000
vt -0.797406 6.531299 0.000000
vt -0.706858 6.710696 0.000000
vt -0.824105 6.782812 0.000000
vt -0.706858 7.175848 0.000000
vt -0.847921 7.289759 0.000000
vt -0.706858 7.704957 0.000000
vt -0.839147 7.802843 0.000000
vt -0.706858 8.234065 0.000000
vt -0.801671 8.320059 0.000000
vt -0.772495 8.578546 0.000000
vt -0.706858 8.763174 0.000000
vt -0.735144 8.842708 0.000000
vt -0.686294 9.122728 0.000000
vt -0.565487 8.763174 0.000000
vt -0.565487 9.292283 0.000000
vt -0.424115 8.763174 0.000000
vt -0.424115 9.292283 0.000000
vt -0.282743 8.763174 0.000000
vt -0.282743 9.292283 0.000000
vt -0.141372 8.763174 0.000000
vt -0.141372 9.292283 0.000000
vt -0.000000 8.881360 0.000000
vt -0.000000 9.267506 0.000000
vt -0.141372 5.315238 0.000000
vt -0.000000 5.406045 0.000000
vt -0.141372 5.547814 0.000000
vt -0.000000 5.792191 0.000000
vt -0.141372 5.780391 0.000000
vt -0.141372 6.012967 0.000000
vt -0.282743 6.012967 0.000000
vt -0.282743 6.245543 0.000000
vt -0.424115 6.245543 0.000000
vt -0.424115 6.478119 0.000000
vt -0.565487 6.478119 0.000000
vt -0.565487 6.710696 0.000000
vt -0.000000 6.178337 0.000000
vt -0.141372 6.245543 0.000000
vt -0.282743 6.478119 0.000000
vt -0.424115 6.710696 0.000000
vt -0.565487 7.175848 0.000000
vt -0.141372 6.478119 0.000000
vt -0.000000 6.564483 0.000000
vt -0.141372 6.710696 0.000000
vt -0.000000 6.950629 0.000000
vt -0.141372 7.175848 0.000000
vt -0.000000 7.336776 0.000000
vt -0.141372 7.704957 0.000000
vt -0.000000 7.722922 0.000000
vt -0.000000 8.109068 0.000000
vt -0.141372 8.234065 0.000000
vt -0.000000 8.495214 0.000000
vt -0.000000 9.653652 0.000000
vt -0.141372 9.821392 0.000000
vt -0.282743 9.821392 0.000000
vt -0.282743 10.350500 0.000000
vt -0.424115 10.350500 0.000000
vt -0.424115 10.879609 0.000000
vt -0.565487 10.879609 0.000000
vt -0.565487 11.144163 0.000000
vt -0.706858 11.144163 0.000000
vt -0.706858 11.408718 0.000000
vt -0.848230 11.408718 0.000000
vt -0.848230 11.647809 0.000000
vt -0.989602 11.647809 0.000000
vt -0.989602 11.864917 0.000000
vt -1.130973 11.864917 0.000000
vt -1.130973 12.082025 0.000000
vt -1.272345 12.082025 0.000000
vt -1.272345 12.216528 0.000000
vt -1.413717 12.216215 0.000000
vt -1.272345 12.288013 0.000000
vt -1.413717 12.356675 0.000000
vt -1.256640 12.356675 0.000000
vt -1.130973 12.216842 0.000000
vt -1.130973 12.288013 0.000000
vt -1.099556 12.356675 0.000000
vt -0.000000 10.039798 0.000000
vt -0.141372 10.350500 0.000000
vt -0.282743 10.879609 0.000000
vt -0.424115 11.144163 0.000000
vt -0.565487 11.408718 0.000000
vt -0.706858 11.647809 0.000000
vt -0.848230 11.864917 0.000000
vt -0.989602 12.082025 0.000000
vt -0.000000 10.425944 0.000000
vt -0.141372 10.879609 0.000000
vt -0.282743 11.144163 0.000000
vt -0.424115 11.408718 0.000000
vt -0.565487 11.647809 0.000000
vt -0.706858 11.864917 0.000000
vt -0.848230 12.082025 0.000000
vt -0.989602 12.217155 0.000000
vt -0.000000 10.812090 0.000000
vt -0.000000 11.198236 0.000000
vt -0.141372 11.144163 0.000000
vt -0.141372 11.408718 0.000000
vt -0.282743 11.408718 0.000000
vt -0.282743 11.647809 0.000000
vt -0.424115 11.647809 0.000000
vt -0.424115 11.864917 0.000000
vt -0.565487 11.864917 0.000000
vt -0.565487 12.082025 0.000000
vt -0.706858 12.082025 0.000000
vt -0.706858 12.217783 0.000000
vt -0.848230 12.217469 0.000000
vt -0.785396 12.356675 0.000000
vt -0.848230 12.288013 0.000000
vt -0.942479 12.356675 0.000000
vt -0.000000 11.584382 0.000000
vt -0.141372 11.647809 0.000000
vt -0.282743 11.864917 0.000000
vt -0.424115 12.082025 0.000000
vt -0.565487 12.218096 0.000000
vt -0.628321 12.356675 0.000000
vt -0.706858 12.288013 0.000000
vt -0.000000 11.777455 0.000000
vt -0.141372 11.864917 0.000000
vt -0.282743 12.082025 0.000000
vt -0.424115 12.218410 0.000000
vt -0.565487 12.288013 0.000000
vt -0.471237 12.356676 0.000000
vt -0.424115 12.288013 0.000000
vt -0.282743 12.218723 0.000000
vt -0.314161 12.356676 0.000000
vt -0.282743 12.288013 0.000000
vt -0.157077 12.356670 0.000000
vt -0.141372 12.288013 0.000000
vt -0.000000 12.356675 0.000000
vt -0.000000 12.308406 0.000000
vt -0.000000 12.260138 0.000000
vt -0.141372 12.219037 0.000000
vt -0.000000 12.163602 0.000000
vt -0.141372 12.082025 0.000000
vt -0.000000 12.067065 0.000000
vt -0.000000 11.970529 0.000000
vt -0.989602 12.288013 0.000000
vt -1.413717 12.075755 0.000000
vt -1.272345 11.864917 0.000000
vt -1.130973 11.647809 0.000000
vt -0.989602 11.408718 0.000000
vt -0.848230 11.144163 0.000000
vt -0.706858 10.879609 0.000000
vt -0.565487 10.350500 0.000000
vt -0.465676 9.936598 0.000000
vt -0.424115 9.821392 0.000000
vt -0.551846 9.681779 0.000000
vt -1.413717 11.794835 0.000000
vt -1.272345 11.647809 0.000000
vt -1.130973 11.408718 0.000000
vt -0.989602 11.144163 0.000000
vt -0.848230 10.879609 0.000000
vt -0.706858 10.350500 0.000000
vt -0.584982 9.950306 0.000000
vt -1.413717 11.513915 0.000000
vt -1.272345 11.408718 0.000000
vt -1.130973 11.144163 0.000000
vt -0.989602 10.879609 0.000000
vt -0.848230 10.350500 0.000000
vt -0.823209 9.985881 0.000000
vt -0.704266 9.966819 0.000000
vt -1.413717 11.232996 0.000000
vt -1.272345 11.144163 0.000000
vt -1.130973 10.879609 0.000000
vt -0.989602 10.350500 0.000000
vt -0.941626 10.007198 0.000000
vt -1.272345 10.879609 0.000000
vt -1.413717 10.671156 0.000000
vt -1.272345 10.350500 0.000000
vt -1.413717 10.109318 0.000000
vt -1.295883 10.081973 0.000000
vt -1.178154 10.055628 0.000000
vt -1.130973 10.350500 0.000000
vt -1.060018 10.030571 0.000000
vt -0.625293 9.406519 0.000000
vt -0.424115 5.780391 0.000000
vt -0.424115 6.012967 0.000000
vt -0.282743 5.780391 0.000000
vt -0.282743 5.547814 0.000000
vt -1.130973 5.315238 0.000000
vt -1.130973 5.045483 0.000000
vt -0.989602 5.315238 0.000000
vt -0.989602 5.045483 0.000000
vt -0.989602 4.775727 0.000000
vt -0.848230 5.315238 0.000000
vt -0.848230 5.045483 0.000000
vt -0.848230 4.775727 0.000000
vt -0.848230 4.525355 0.000000
vt -0.706858 5.315238 0.000000
vt -0.706858 5.045483 0.000000
vt -0.706858 4.775727 0.000000
vt -0.706858 4.525355 0.000000
vt -0.565487 5.045483 0.000000
vt -0.424115 4.775727 0.000000
vt -0.282743 4.525355 0.000000
vt -0.565487 4.775727 0.000000
vt -0.565487 4.525355 0.000000
vt -0.424115 4.525355 0.000000
vt -0.848230 3.368603 0.000000
vt -0.848230 2.887374 0.000000
vt -0.989602 3.368603 0.000000
vt -0.282743 6.710696 0.000000
vt -0.424115 7.175848 0.000000
vt -0.565487 7.704957 0.000000
vt -0.282743 7.175848 0.000000
vt -0.282743 7.704957 0.000000
vt -0.282743 8.234065 0.000000
vt -0.424115 7.704957 0.000000
vt -0.565487 8.234065 0.000000
vt -0.424115 8.234065 0.000000
vt -0.828732 9.950306 0.000000
vt -0.848230 10.350500 0.000000
vt -0.948040 9.936598 0.000000
vt -0.989602 10.350500 0.000000
vt -0.989602 9.821392 0.000000
vt -1.130973 10.350500 0.000000
vt -1.130973 9.821392 0.000000
vt -1.272345 10.350500 0.000000
vt -1.272345 9.821392 0.000000
vt -1.413717 10.039798 0.000000
vt -1.413717 9.653652 0.000000
vt -0.706858 10.350500 0.000000
vt -0.709447 9.966819 0.000000
vt -0.590499 9.985883 0.000000
vt -0.565487 10.350500 0.000000
vt -0.472066 10.007202 0.000000
vt -0.424115 10.350500 0.000000
vt -0.353649 10.030581 0.000000
vt -0.282743 10.350500 0.000000
vt -0.235541 10.055633 0.000000
vt -0.141372 10.350500 0.000000
vt -0.117828 10.081974 0.000000
vt -0.000000 10.109318 0.000000
vt -0.000000 10.671156 0.000000
vt -0.141372 10.879609 0.000000
vt -0.282743 10.879609 0.000000
vt -0.282743 11.144163 0.000000
vt -0.424115 11.144163 0.000000
vt -0.424115 11.408718 0.000000
vt -0.565487 11.408718 0.000000
vt -0.565487 11.647809 0.000000
vt -0.706858 11.647809 0.000000
vt -0.706858 11.864917 0.000000
vt -0.848230 11.864917 0.000000
vt -0.848230 12.082025 0.000000
vt -0.989602 12.082025 0.000000
vt -0.848230 12.218096 0.000000
vt -0.989602 12.218410 0.000000
vt -0.848230 12.288013 0.000000
vt -0.942479 12.356676 0.000000
vt -0.785396 12.356674 0.000000
vt -0.706858 12.217783 0.000000
vt -0.706858 12.082025 0.000000
vt -0.565487 11.864917 0.000000
vt -0.424115 11.647809 0.000000
vt -0.282743 11.408718 0.000000
vt -0.141372 11.144163 0.000000
vt -0.000000 11.232996 0.000000
vt -0.141372 11.408718 0.000000
vt -0.000000 11.513915 0.000000
vt -0.141372 11.647809 0.000000
vt -0.000000 11.794835 0.000000
vt -0.141372 11.864917 0.000000
vt -0.000000 12.075755 0.000000
vt -0.141372 12.082025 0.000000
vt -0.000000 12.216215 0.000000
vt -0.141372 12.216528 0.000000
vt -0.141372 12.288013 0.000000
vt -0.282743 12.216842 0.000000
vt -0.157077 12.356675 0.000000
vt -0.282743 12.288013 0.000000
vt -0.314161 12.356675 0.000000
vt -0.424115 12.217155 0.000000
vt -0.424115 12.082025 0.000000
vt -0.565487 12.082025 0.000000
vt -0.424115 11.864917 0.000000
vt -0.000000 12.356675 0.000000
vt -0.424115 12.288013 0.000000
vt -0.471237 12.356675 0.000000
vt -0.565487 12.217469 0.000000
vt -0.565487 12.288013 0.000000
vt -0.628321 12.356675 0.000000
vt -0.706858 12.288013 0.000000
vt -0.989602 12.288013 0.000000
vt -1.099555 12.356676 0.000000
vt -1.130973 12.218723 0.000000
vt -1.130973 12.288013 0.000000
vt -1.272345 12.219037 0.000000
vt -1.272345 12.288013 0.000000
vt -1.413717 12.260138 0.000000
vt -1.413717 12.308406 0.000000
vt -1.413717 12.356675 0.000000
vt -1.256640 12.356670 0.000000
vt -1.413717 12.163602 0.000000
vt -1.272345 12.082025 0.000000
vt -1.130973 12.082025 0.000000
vt -1.413717 12.067065 0.000000
vt -1.413717 11.970529 0.000000
vt -1.272345 11.864917 0.000000
vt -1.413717 11.777455 0.000000
vt -1.272345 11.647809 0.000000
vt -1.413717 11.584382 0.000000
vt -1.272345 11.408718 0.000000
vt -1.413717 11.198236 0.000000
vt -1.272345 11.144163 0.000000
vt -1.272345 10.879609 0.000000
vt -1.130973 10.879609 0.000000
vt -1.413717 10.812090 0.000000
vt -1.413717 10.425944 0.000000
vt -1.272345 9.292283 0.000000
vt -1.413717 9.267506 0.000000
vt -1.413717 8.881360 0.000000
vt -1.272345 8.763174 0.000000
vt -1.413717 8.495214 0.000000
vt -1.272345 8.234065 0.000000
vt -1.413717 8.109068 0.000000
vt -1.272345 7.704957 0.000000
vt -1.413717 7.722922 0.000000
vt -1.413717 7.336776 0.000000
vt -1.272345 7.175848 0.000000
vt -1.413717 6.950629 0.000000
vt -1.272345 6.710696 0.000000
vt -1.413717 6.564483 0.000000
vt -1.272345 6.478119 0.000000
vt -1.413717 6.178337 0.000000
vt -1.272345 6.245543 0.000000
vt -1.272345 6.012967 0.000000
vt -1.130973 6.012967 0.000000
vt -1.130973 5.780391 0.000000
vt -0.989602 5.780391 0.000000
vt -0.989602 5.547814 0.000000
vt -0.848230 5.547814 0.000000
vt -0.848230 5.315238 0.000000
vt -0.706858 5.315238 0.000000
vt -0.706858 5.045483 0.000000
vt -0.565487 5.045483 0.000000
vt -0.565487 4.775727 0.000000
vt -0.424115 4.775727 0.000000
vt -0.424115 4.525355 0.000000
vt -0.282743 4.525355 0.000000
vt -0.282743 4.274982 0.000000
vt -0.141372 4.274982 0.000000
vt -0.141372 3.849832 0.000000
vt -0.000000 4.444213 0.000000
vt -0.000000 3.252815 0.000000
vt -0.141372 3.368603 0.000000
vt -0.001299 3.249387 0.000000
vt -0.090313 3.010742 0.000000
vt -0.141372 2.887374 0.000000
vt -0.177981 2.765291 0.000000
vt -0.282743 2.887374 0.000000
vt -0.347329 2.264073 0.000000
vt -0.424115 2.406145 0.000000
vt -0.428604 2.014254 0.000000
vt -0.565487 2.406145 0.000000
vt -0.565487 1.924916 0.000000
vt -0.706858 2.406145 0.000000
vt -0.706858 1.924916 0.000000
vt -0.848230 2.406145 0.000000
vt -0.848230 1.924916 0.000000
vt -0.989602 2.406145 0.000000
vt -0.989602 1.924916 0.000000
vt -1.130973 2.406145 0.000000
vt -1.130973 1.924916 0.000000
vt -1.272345 2.406145 0.000000
vt -1.272345 1.924916 0.000000
vt -1.413717 2.316876 0.000000
vt -1.413717 1.930730 0.000000
vt -1.413717 5.792191 0.000000
vt -1.272345 5.780391 0.000000
vt -1.130973 5.547814 0.000000
vt -0.989602 5.315238 0.000000
vt -0.848230 5.045483 0.000000
vt -0.706858 4.775727 0.000000
vt -0.565487 4.525355 0.000000
vt -0.424115 4.274982 0.000000
vt -0.282743 3.849832 0.000000
vt -1.272345 5.547814 0.000000
vt -1.413717 5.406045 0.000000
vt -1.272345 5.315238 0.000000
vt -1.413717 5.019899 0.000000
vt -1.272345 5.045483 0.000000
vt -1.272345 4.775727 0.000000
vt -1.130973 4.775727 0.000000
vt -1.130973 4.525355 0.000000
vt -0.989602 4.525355 0.000000
vt -0.989602 4.274982 0.000000
vt -0.848230 4.274982 0.000000
vt -0.848230 3.849832 0.000000
vt -0.706858 3.849832 0.000000
vt -0.706858 3.368603 0.000000
vt -0.565487 3.368603 0.000000
vt -0.565487 2.887374 0.000000
vt -0.424115 2.887374 0.000000
vt -1.413717 4.633753 0.000000
vt -1.272345 4.525355 0.000000
vt -1.130973 4.274982 0.000000
vt -0.989602 3.849832 0.000000
vt -0.848230 3.368603 0.000000
vt -0.706858 2.887374 0.000000
vt -1.413717 4.247607 0.000000
vt -1.272345 4.274982 0.000000
vt -1.130973 3.849832 0.000000
vt -0.989602 3.368603 0.000000
vt -0.848230 2.887374 0.000000
vt -1.272345 3.849832 0.000000
vt -1.413717 3.861461 0.000000
vt -1.413717 3.475315 0.000000
vt -1.272345 3.368603 0.000000
vt -1.413717 3.089169 0.000000
vt -1.272345 2.887374 0.000000
vt -1.413717 2.703023 0.000000
vt -1.413717 1.544584 0.000000
vt -1.272345 1.443687 0.000000
vt -1.130973 1.443687 0.000000
vt -1.130973 0.962458 0.000000
vt -0.989602 0.962458 0.000000
vt -0.951338 0.535283 0.000000
vt -0.873254 0.717748 0.000000
vt -1.413717 0.772292 0.000000
vt -1.272345 0.962458 0.000000
vt -1.137288 0.197551 0.000000
vt -1.039252 0.357206 0.000000
vt -1.413717 -0.000000 0.000000
vt -1.332785 0.017203 0.000000
vt -1.294809 0.037073 0.000000
vt -1.259274 0.062406 0.000000
vt -1.372586 0.004448 0.000000
vt -1.194949 0.124544 0.000000
vt -0.848230 0.962458 0.000000
vt -0.803721 0.896831 0.000000
vt -0.732846 1.092778 0.000000
vt -0.659815 1.305395 0.000000
vt -0.706858 1.443687 0.000000
vt -0.848230 1.443687 0.000000
vt -0.989602 1.443687 0.000000
vt -0.584764 1.531805 0.000000
vt -0.507717 1.769105 0.000000
vt -0.141372 4.525355 0.000000
vt -0.000000 4.742062 0.000000
vt -0.141372 4.775727 0.000000
vt -0.000000 5.039912 0.000000
vt -0.141372 5.045483 0.000000
vt -0.141372 5.315238 0.000000
vt -0.282743 5.315238 0.000000
vt -0.282743 5.547814 0.000000
vt -0.424115 5.547814 0.000000
vt -0.386410 5.731423 0.000000
vt -0.483680 5.751596 0.000000
vt -0.000025 5.337763 0.000000
vt -0.141372 5.547814 0.000000
vt -0.192766 5.686260 0.000000
vt -0.289346 5.709579 0.000000
vt -0.000017 5.635611 0.000000
vt -0.096418 5.661567 0.000000
vt -0.565487 5.547814 0.000000
vt -0.581227 5.770001 0.000000
vt -0.706858 5.547814 0.000000
vt -0.679146 5.786565 0.000000
vt -0.706858 5.780391 0.000000
vt -0.777198 5.801171 0.000000
vt -0.706243 6.043444 0.000000
vt -0.848230 6.012967 0.000000
vt -0.848230 5.780391 0.000000
vt -0.652266 6.296915 0.000000
vt -0.706858 6.245543 0.000000
vt -0.848230 6.245543 0.000000
vt -0.989602 6.245543 0.000000
vt -0.989602 6.012967 0.000000
vt -1.130973 6.245543 0.000000
vt -0.706858 6.478119 0.000000
vt -0.613922 6.550061 0.000000
vt -0.706858 6.710696 0.000000
vt -0.587978 6.802522 0.000000
vt -0.706858 7.175848 0.000000
vt -0.565525 7.313907 0.000000
vt -0.706858 7.704957 0.000000
vt -0.575893 7.831078 0.000000
vt -0.706858 8.234065 0.000000
vt -0.615313 8.352412 0.000000
vt -0.706858 8.763174 0.000000
vt -0.684019 8.877019 0.000000
vt -0.730386 9.138032 0.000000
vt -0.789390 9.410596 0.000000
vt -0.848230 9.292283 0.000000
vt -0.848230 8.763174 0.000000
vt -0.861805 9.681566 0.000000
vt -0.989602 9.292283 0.000000
vt -0.989602 8.763174 0.000000
vt -0.848230 8.234065 0.000000
vt -0.989602 8.234065 0.000000
vt -0.848230 7.704957 0.000000
vt -0.989602 7.704957 0.000000
vt -0.848230 7.175848 0.000000
vt -0.989602 7.175848 0.000000
vt -0.848230 6.710696 0.000000
vt -0.989602 6.710696 0.000000
vt -0.848230 6.478119 0.000000
vt -0.989602 6.478119 0.000000
vt -0.424115 10.879609 0.000000
vt -0.565487 10.879609 0.000000
vt -0.706858 10.879609 0.000000
vt -0.848230 10.879609 0.000000
vt -0.989602 10.879609 0.000000
vt -1.130973 9.292283 0.000000
vt -1.130973 8.763174 0.000000
vt -1.130973 8.234065 0.000000
vt -1.130973 7.704957 0.000000
vt -1.130973 7.175848 0.000000
vt -1.130973 6.710696 0.000000
vt -1.130973 6.478119 0.000000
vt -0.565487 11.144163 0.000000
vt -0.706858 11.144163 0.000000
vt -0.848230 11.144163 0.000000
vt -0.989602 11.144163 0.000000
vt -1.130973 11.144163 0.000000
vt -0.282743 11.647809 0.000000
vt -0.706858 11.408718 0.000000
vt -0.848230 11.408718 0.000000
vt -0.848230 11.647809 0.000000
vt -0.989602 11.408718 0.000000
vt -0.989602 11.647809 0.000000
vt -0.989602 11.864917 0.000000
vt -1.130973 11.408718 0.000000
vt -1.130973 11.647809 0.000000
vt -1.130973 11.864917 0.000000
vt -0.282743 11.864917 0.000000
vt -0.282743 12.082025 0.000000
vt -1.130973 5.315238 0.000000
vt -0.989602 5.045483 0.000000
vt -0.848230 4.775727 0.000000
vt -0.706858 4.525355 0.000000
vt -0.565487 4.274982 0.000000
vt -0.424115 3.849832 0.000000
vt -0.282743 3.368603 0.000000
vt -1.130973 5.045483 0.000000
vt -0.565487 5.315238 0.000000
vt -0.424115 5.315238 0.000000
vt -0.424115 5.045483 0.000000
vt -0.282743 5.045483 0.000000
vt -0.989602 4.775727 0.000000
vt -0.848230 4.525355 0.000000
vt -0.706858 4.274982 0.000000
vt -0.565487 3.849832 0.000000
vt -0.424115 3.368603 0.000000
vt -0.282743 4.775727 0.000000
vt -1.130973 3.368603 0.000000
vt -0.989602 2.887374 0.000000
vt -1.130973 2.887374 0.000000
vt 0.211311 -5.499107 0.000000
vt 0.222370 -5.496573 0.000000
vt 0.200000 -5.500000 0.000000
vt 0.243451 -5.488197 0.000000
vt 0.282152 -5.464582 0.000000
vt -0.282234 -5.464525 0.000000
vt 0.350314 -5.404687 0.000000
vt -0.350361 -5.404645 0.000000
vt -0.410433 -5.336181 0.000000
vt 0.410197 -5.336448 0.000000
vt -0.464583 -5.263119 0.000000
vt 0.464259 -5.263571 0.000000
vt 0.000000 -5.000000 0.000000
vt 0.260628 -4.991282 0.000000
vt 0.560134 -5.109318 0.000000
vt 0.520090 -4.965167 0.000000
vt 0.644122 -4.948277 0.000000
vt -0.260628 -4.991282 0.000000
vt -0.560152 -5.109350 0.000000
vt -0.520090 -4.965166 0.000000
vt -0.644122 -4.948277 0.000000
vt -0.200000 -5.500000 0.000000
vt -0.243475 -5.488182 0.000000
vt -0.222381 -5.496574 0.000000
vt -0.211315 -5.499106 0.000000
vt 0.000000 18.600839 0.000000
vt 0.000000 18.171678 0.000000
vt 0.141372 18.415544 0.000000
vt 0.095442 18.175638 0.000000
vt 0.190597 18.187245 0.000000
vt 0.282743 18.415544 0.000000
vt 0.285194 18.206344 0.000000
vt 0.379026 18.232603 0.000000
vt 0.424115 18.415544 0.000000
vt 0.471863 18.265590 0.000000
vt 0.563585 18.304747 0.000000
vt 0.565487 18.415544 0.000000
vt 0.654145 18.349467 0.000000
vt 0.706858 18.415544 0.000000
vt 0.743430 18.399146 0.000000
vt 0.706858 18.659409 0.000000
vt 0.831416 18.453168 0.000000
vt 0.848230 18.659409 0.000000
vt 0.918168 18.510957 0.000000
vt 0.989602 18.659409 0.000000
vt 1.003689 18.571949 0.000000
vt 1.088002 18.635618 0.000000
vt 1.171174 18.701539 0.000000
vt 1.130973 18.844803 0.000000
vt 0.989602 18.844803 0.000000
vt 0.848230 18.844803 0.000000
vt 0.706858 18.844803 0.000000
vt 0.565487 18.844803 0.000000
vt 0.565487 18.659409 0.000000
vt 0.424115 18.844803 0.000000
vt 0.424115 18.659409 0.000000
vt 0.282743 18.844803 0.000000
vt 0.282743 18.659409 0.000000
vt 0.141372 18.844803 0.000000
vt 0.141372 18.659409 0.000000
vt 0.000000 18.815342 0.000000
vt 1.253208 18.769314 0.000000
vt 1.272344 18.844803 0.000000
vt 1.237006 19.025842 0.000000
vt 1.325361 19.025332 0.000000
vt 1.334085 18.838674 0.000000
vt 1.413706 18.909500 0.000000
vt 1.413714 19.024845 0.000000
vt 1.148645 19.026368 0.000000
vt 1.060287 19.026900 0.000000
vt 0.971937 19.027430 0.000000
vt 0.883579 19.027946 0.000000
vt 0.795216 19.028437 0.000000
vt 0.706864 19.028892 0.000000
vt 0.618511 19.029298 0.000000
vt 0.530147 19.029646 0.000000
vt 0.441788 19.029923 0.000000
vt 0.353435 19.030112 0.000000
vt 0.265075 19.030197 0.000000
vt 0.176712 19.030173 0.000000
vt 0.088355 19.030050 0.000000
vt 0.000000 19.029843 0.000000
vt -2.827433 4.685395 0.000000
vt -2.739079 4.685679 0.000000
vt -2.827433 4.979437 0.000000
vt -2.670354 4.906271 0.000000
vt -2.670354 5.126642 0.000000
vt -2.513274 5.126619 0.000000
vt -2.670354 5.347299 0.000000
vt -2.513274 5.347299 0.000000
vt -2.562357 5.567934 0.000000
vt -2.474001 5.567860 0.000000
vt -2.356194 5.347299 0.000000
vt -2.385645 5.567690 0.000000
vt -2.297284 5.567438 0.000000
vt -2.199114 5.347299 0.000000
vt -2.208924 5.567114 0.000000
vt -2.120569 5.566732 0.000000
vt -2.042035 5.347299 0.000000
vt -2.032214 5.566303 0.000000
vt -1.943854 5.565842 0.000000
vt -1.884955 5.347299 0.000000
vt -1.855495 5.565359 0.000000
vt -1.767141 5.564867 0.000000
vt -1.727875 5.347299 0.000000
vt -1.678787 5.564374 0.000000
vt -1.570795 5.347299 0.000000
vt -1.590428 5.563891 0.000000
vt -1.502070 5.563424 0.000000
vt -1.413717 5.344719 0.000000
vt -1.413716 5.562981 0.000000
vt -2.650719 4.685963 0.000000
vt -2.562359 4.686246 0.000000
vt -2.513274 4.906511 0.000000
vt -2.474004 4.686530 0.000000
vt -2.356194 4.906752 0.000000
vt -2.385649 4.686814 0.000000
vt -2.297290 4.687097 0.000000
vt -2.199114 4.906993 0.000000
vt -2.208930 4.687381 0.000000
vt -2.120575 4.687665 0.000000
vt -2.042035 4.907233 0.000000
vt -2.032220 4.687948 0.000000
vt -1.943860 4.688232 0.000000
vt -1.884955 4.907474 0.000000
vt -1.855501 4.688516 0.000000
vt -1.767146 4.688799 0.000000
vt -1.727875 4.907715 0.000000
vt -1.678791 4.689083 0.000000
vt -1.570795 4.907955 0.000000
vt -1.590431 4.689367 0.000000
vt -1.502072 4.689651 0.000000
vt -1.413717 4.689934 0.000000
vt -1.413717 4.908196 0.000000
vt -1.570795 5.126481 0.000000
vt -1.413717 5.126458 0.000000
vt -2.650718 5.567906 0.000000
vt -2.739078 5.567769 0.000000
vt -2.827433 5.567520 0.000000
vt -2.827433 5.273478 0.000000
vt -1.727875 5.126504 0.000000
vt -1.884955 5.126527 0.000000
vt -2.042035 5.126550 0.000000
vt -2.199114 5.126573 0.000000
vt -2.356194 5.126596 0.000000
vt 1.413715 0.480337 0.000000
vt 1.413706 0.595685 0.000000
vt 1.325361 0.480025 0.000000
vt 1.334089 0.666537 0.000000
vt 1.272344 0.660563 0.000000
vt 1.253215 0.735925 0.000000
vt 1.130973 0.660563 0.000000
vt 1.171172 0.803670 0.000000
vt 1.087994 0.869576 0.000000
vt 1.003638 0.933283 0.000000
vt 0.989602 0.845786 0.000000
vt 0.989602 0.660563 0.000000
vt 1.060284 0.479087 0.000000
vt 1.148643 0.479400 0.000000
vt 0.918112 0.994278 0.000000
vt 0.848230 0.845786 0.000000
vt 0.848230 0.660563 0.000000
vt 0.883574 0.478463 0.000000
vt 0.795211 0.478151 0.000000
vt 0.706858 0.660563 0.000000
vt 0.706859 0.477840 0.000000
vt 0.618506 0.477527 0.000000
vt 0.565487 0.660563 0.000000
vt 0.530143 0.477212 0.000000
vt 0.424115 0.660563 0.000000
vt 0.441784 0.476896 0.000000
vt 0.353432 0.476583 0.000000
vt 0.282743 0.660563 0.000000
vt 0.265073 0.476279 0.000000
vt 0.176711 0.475982 0.000000
vt 0.141372 0.660563 0.000000
vt 0.088354 0.475675 0.000000
vt 0.000000 0.689845 0.000000
vt 0.000000 0.475340 0.000000
vt 0.831397 1.052043 0.000000
vt 0.706858 0.845786 0.000000
vt 0.743422 1.106056 0.000000
vt 0.706858 1.089655 0.000000
vt 0.565487 1.089655 0.000000
vt 0.654076 1.155726 0.000000
vt 0.563441 1.200429 0.000000
vt 0.424115 1.089655 0.000000
vt 0.471685 1.239577 0.000000
vt 0.378931 1.272583 0.000000
vt 0.282743 1.089655 0.000000
vt 0.285191 1.298871 0.000000
vt 0.190575 1.317942 0.000000
vt 0.141372 1.089655 0.000000
vt 0.095424 1.329548 0.000000
vt 0.000000 0.904353 0.000000
vt 0.000000 1.333524 0.000000
vt 0.141372 0.845786 0.000000
vt 0.971933 0.478775 0.000000
vt 1.237005 0.479712 0.000000
vt 0.565487 0.845786 0.000000
vt 0.424115 0.845786 0.000000
vt 0.282743 0.845786 0.000000
vt 0.400000 3.600000 0.000000
vt -0.000000 3.600000 0.000000
vt 0.400000 0.900000 0.000000
vt -0.000000 0.900000 0.000000
vt -0.000000 0.000000 0.000000
vt -0.000000 0.100000 0.000000
vt -0.087476 0.000000 0.000000
vt -0.094920 0.100000 0.000000
vt -0.174953 0.000000 0.000000
vt -0.189945 0.100000 0.000000
vt -0.262429 0.000000 0.000000
vt -0.284889 0.100000 0.000000
vt -0.349906 0.000000 0.000000
vt -0.379898 0.100000 0.000000
vt -0.437382 0.005370 0.000000
vt -0.437382 0.000000 0.000000
vt -0.000000 1.775294 0.000000
vt -0.000000 1.893647 0.000000
vt -0.071229 1.775294 0.000000
vt -0.099229 1.893647 0.000000
vt -0.115440 1.775294 0.000000
vt -0.159651 1.775294 0.000000
vt -0.115440 1.656941 0.000000
vt -0.159651 1.656941 0.000000
vt -0.115440 1.538588 0.000000
vt -0.159651 1.538588 0.000000
vt -0.115440 1.420235 0.000000
vt -0.159651 1.420235 0.000000
vt -0.115440 1.301882 0.000000
vt -0.159651 1.301882 0.000000
vt -0.115440 1.183529 0.000000
vt -0.159651 1.183529 0.000000
vt -0.115440 1.065176 0.000000
vt -0.159651 1.065176 0.000000
vt -0.115440 0.946823 0.000000
vt -0.159651 0.946823 0.000000
vt -0.115440 0.828471 0.000000
vt -0.159651 0.828471 0.000000
vt -0.115440 0.710118 0.000000
vt -0.159651 0.710118 0.000000
vt -0.115440 0.591765 0.000000
vt -0.159651 0.591765 0.000000
vt -0.115440 0.473412 0.000000
vt -0.159651 0.473412 0.000000
vt -0.115440 0.355059 0.000000
vt -0.159651 0.355059 0.000000
vt -0.115440 0.236706 0.000000
vt -0.159651 0.236706 0.000000
vt -0.115440 0.118353 0.000000
vt -0.159651 0.118353 0.000000
vt -0.165385 0.000000 0.000000
vt -0.203863 0.118353 0.000000
vt -0.248074 0.000000 0.000000
vt -0.248074 0.118353 0.000000
vt -0.299623 0.118353 0.000000
vt -0.299623 0.236706 0.000000
vt -0.348754 0.236706 0.000000
vt -0.348754 0.355059 0.000000
vt -0.397886 0.355059 0.000000
vt -0.397886 0.473412 0.000000
vt -0.447017 0.473412 0.000000
vt -0.447017 0.591765 0.000000
vt -0.496148 0.591765 0.000000
vt -0.496148 0.710118 0.000000
vt -0.447017 0.710118 0.000000
vt -0.496148 0.828471 0.000000
vt -0.447017 0.828471 0.000000
vt -0.496148 0.946823 0.000000
vt -0.447017 0.946823 0.000000
vt -0.496148 1.065176 0.000000
vt -0.447017 1.065176 0.000000
vt -0.496148 1.183529 0.000000
vt -0.447017 1.183529 0.000000
vt -0.496148 1.301882 0.000000
vt -0.447017 1.301882 0.000000
vt -0.496148 1.420235 0.000000
vt -0.447017 1.420235 0.000000
vt -0.496148 1.538588 0.000000
vt -0.447017 1.538588 0.000000
vt -0.496148 1.656941 0.000000
vt -0.447017 1.656941 0.000000
vt -0.496148 1.775294 0.000000
vt -0.447017 1.775294 0.000000
vt -0.496148 1.893647 0.000000
vt -0.396919 1.893647 0.000000
vt -0.397886 1.775294 0.000000
vt -0.348754 1.775294 0.000000
vt -0.348754 1.656941 0.000000
vt -0.299623 1.656941 0.000000
vt -0.299623 1.538588 0.000000
vt -0.248074 1.538588 0.000000
vt -0.248074 1.420235 0.000000
vt -0.203863 1.420235 0.000000
vt -0.203863 1.301882 0.000000
vt -0.198459 1.893647 0.000000
vt -0.203863 1.775294 0.000000
vt -0.203863 1.656941 0.000000
vt -0.203863 1.538588 0.000000
vt -0.248074 1.775294 0.000000
vt -0.297689 1.893647 0.000000
vt -0.299623 1.775294 0.000000
vt -0.496148 0.473412 0.000000
vt -0.447017 0.355059 0.000000
vt -0.397886 0.236706 0.000000
vt -0.348754 0.118353 0.000000
vt -0.330763 0.000000 0.000000
vt -0.496148 0.355059 0.000000
vt -0.447017 0.236706 0.000000
vt -0.397886 0.118353 0.000000
vt -0.496148 0.236706 0.000000
vt -0.447017 0.118353 0.000000
vt -0.413461 0.000000 0.000000
vt -0.496148 0.118353 0.000000
vt -0.496148 0.000000 0.000000
vt -0.082687 0.000000 0.000000
vt -0.071229 0.118353 0.000000
vt -0.071229 0.236706 0.000000
vt -0.071229 0.355059 0.000000
vt -0.071229 0.473412 0.000000
vt -0.071229 0.591765 0.000000
vt -0.071229 0.710118 0.000000
vt -0.071229 0.828471 0.000000
vt -0.071229 0.946823 0.000000
vt -0.071229 1.065176 0.000000
vt -0.071229 1.183529 0.000000
vt -0.071229 1.301882 0.000000
vt -0.071229 1.420235 0.000000
vt -0.071229 1.538588 0.000000
vt -0.071229 1.656941 0.000000
vt -0.000000 0.000000 0.000000
vt -0.000000 0.118353 0.000000
vt -0.000000 0.236706 0.000000
vt -0.000000 0.355059 0.000000
vt -0.000000 0.473412 0.000000
vt -0.000000 0.591765 0.000000
vt -0.000000 0.710118 0.000000
vt -0.000000 0.828471 0.000000
vt -0.000000 0.946823 0.000000
vt -0.000000 1.065176 0.000000
vt -0.000000 1.183529 0.000000
vt -0.000000 1.301882 0.000000
vt -0.000000 1.420235 0.000000
vt -0.000000 1.538588 0.000000
vt -0.000000 1.656941 0.000000
vt -0.397886 1.656941 0.000000
vt -0.397886 1.538588 0.000000
vt -0.397886 1.420235 0.000000
vt -0.397886 1.301882 0.000000
vt -0.397886 1.183529 0.000000
vt -0.397886 1.065176 0.000000
vt -0.397886 0.946823 0.000000
vt -0.397886 0.828471 0.000000
vt -0.397886 0.710118 0.000000
vt -0.397886 0.591765 0.000000
vt -0.248074 1.656941 0.000000
vt -0.348754 1.538588 0.000000
vt -0.299623 1.420235 0.000000
vt -0.248074 1.301882 0.000000
vt -0.203863 1.183529 0.000000
vt -0.348754 1.420235 0.000000
vt -0.348754 1.301882 0.000000
vt -0.348754 1.183529 0.000000
vt -0.348754 1.065176 0.000000
vt -0.348754 0.946823 0.000000
vt -0.348754 0.828471 0.000000
vt -0.348754 0.710118 0.000000
vt -0.348754 0.591765 0.000000
vt -0.348754 0.473412 0.000000
vt -0.299623 1.301882 0.000000
vt -0.248074 1.183529 0.000000
vt -0.203863 1.065176 0.000000
vt -0.299623 1.183529 0.000000
vt -0.299623 1.065176 0.000000
vt -0.299623 0.946823 0.000000
vt -0.299623 0.828471 0.000000
vt -0.299623 0.710118 0.000000
vt -0.299623 0.591765 0.000000
vt -0.299623 0.473412 0.000000
vt -0.299623 0.355059 0.000000
vt -0.248074 1.065176 0.000000
vt -0.203863 0.946823 0.000000
vt -0.248074 0.946823 0.000000
vt -0.248074 0.828471 0.000000
vt -0.248074 0.710118 0.000000
vt -0.248074 0.591765 0.000000
vt -0.248074 0.473412 0.000000
vt -0.248074 0.355059 0.000000
vt -0.248074 0.236706 0.000000
vt -0.203863 0.828471 0.000000
vt -0.203863 0.710118 0.000000
vt -0.203863 0.591765 0.000000
vt -0.203863 0.473412 0.000000
vt -0.203863 0.355059 0.000000
vt -0.203863 0.236706 0.000000
vt -0.000000 0.644334 0.000000
vt -0.000000 0.859112 0.000000
vt -0.089273 0.716155 0.000000
vt -0.104715 0.859112 0.000000
vt -0.145494 0.716155 0.000000
vt -0.209443 0.859112 0.000000
vt -0.201716 0.716155 0.000000
vt -0.257938 0.716155 0.000000
vt -0.201716 0.495801 0.000000
vt -0.257938 0.495801 0.000000
vt -0.201716 0.385624 0.000000
vt -0.257938 0.385624 0.000000
vt -0.201716 0.275447 0.000000
vt -0.257938 0.275447 0.000000
vt -0.201716 0.214778 0.000000
vt -0.257938 0.214778 0.000000
vt -0.201716 0.154493 0.000000
vt -0.257938 0.154493 0.000000
vt -0.201716 0.094017 0.000000
vt -0.257938 0.094017 0.000000
vt -0.201716 0.063778 0.000000
vt -0.257938 0.063778 0.000000
vt -0.201716 0.048659 0.000000
vt -0.257938 0.048659 0.000000
vt -0.201716 0.033540 0.000000
vt -0.257938 0.033540 0.000000
vt -0.201716 0.016770 0.000000
vt -0.257938 0.016770 0.000000
vt -0.209443 0.000000 0.000000
vt -0.314159 0.000000 0.000000
vt -0.314159 0.016770 0.000000
vt -0.378482 0.016770 0.000000
vt -0.378482 0.033540 0.000000
vt -0.440941 0.033540 0.000000
vt -0.440941 0.048659 0.000000
vt -0.503400 0.048659 0.000000
vt -0.503400 0.063778 0.000000
vt -0.565859 0.063778 0.000000
vt -0.565859 0.094017 0.000000
vt -0.628319 0.053695 0.000000
vt -0.628319 0.107389 0.000000
vt -0.565859 0.154493 0.000000
vt -0.628319 0.214778 0.000000
vt -0.565859 0.214778 0.000000
vt -0.565859 0.275447 0.000000
vt -0.503400 0.214778 0.000000
vt -0.503400 0.275447 0.000000
vt -0.440941 0.214778 0.000000
vt -0.440941 0.275447 0.000000
vt -0.378482 0.214778 0.000000
vt -0.378482 0.275447 0.000000
vt -0.314159 0.214778 0.000000
vt -0.314159 0.275447 0.000000
vt -0.314159 0.859112 0.000000
vt -0.314159 0.716155 0.000000
vt -0.314159 0.495801 0.000000
vt -0.314159 0.385624 0.000000
vt -0.378482 0.716155 0.000000
vt -0.418876 0.859112 0.000000
vt -0.440941 0.716155 0.000000
vt -0.523604 0.859112 0.000000
vt -0.503400 0.716155 0.000000
vt -0.565859 0.716155 0.000000
vt -0.503400 0.495801 0.000000
vt -0.565859 0.495801 0.000000
vt -0.503400 0.385624 0.000000
vt -0.565859 0.385624 0.000000
vt -0.628319 0.859112 0.000000
vt -0.628319 0.644334 0.000000
vt -0.628319 0.429556 0.000000
vt -0.628319 0.322167 0.000000
vt -0.628319 0.026847 0.000000
vt -0.565859 0.033540 0.000000
vt -0.565859 0.048659 0.000000
vt -0.565859 0.016770 0.000000
vt -0.628319 0.013424 0.000000
vt -0.628319 0.000000 0.000000
vt -0.523604 0.000000 0.000000
vt -0.418876 0.000000 0.000000
vt -0.440941 0.016770 0.000000
vt -0.503400 0.016770 0.000000
vt -0.503400 0.033540 0.000000
vt -0.145494 0.016770 0.000000
vt -0.104715 0.000000 0.000000
vt -0.089273 0.016770 0.000000
vt -0.000000 0.000000 0.000000
vt -0.000000 0.013424 0.000000
vt -0.000000 0.026847 0.000000
vt -0.089273 0.033540 0.000000
vt -0.145494 0.033540 0.000000
vt -0.145494 0.048659 0.000000
vt -0.000000 0.040271 0.000000
vt -0.089273 0.048659 0.000000
vt -0.145494 0.063778 0.000000
vt -0.000000 0.053695 0.000000
vt -0.089273 0.063778 0.000000
vt -0.145494 0.094017 0.000000
vt -0.000000 0.080542 0.000000
vt -0.089273 0.094017 0.000000
vt -0.145494 0.154493 0.000000
vt -0.000000 0.107389 0.000000
vt -0.089273 0.154493 0.000000
vt -0.145494 0.214778 0.000000
vt -0.000000 0.161084 0.000000
vt -0.089273 0.214778 0.000000
vt -0.145494 0.275447 0.000000
vt -0.000000 0.214778 0.000000
vt -0.089273 0.275447 0.000000
vt -0.145494 0.385624 0.000000
vt -0.000000 0.322167 0.000000
vt -0.089273 0.385624 0.000000
vt -0.145494 0.495801 0.000000
vt -0.000000 0.429556 0.000000
vt -0.089273 0.495801 0.000000
vt -0.440941 0.495801 0.000000
vt -0.440941 0.385624 0.000000
vt -0.378482 0.495801 0.000000
vt -0.378482 0.385624 0.000000
vt -0.503400 0.154493 0.000000
vt -0.503400 0.094017 0.000000
vt -0.440941 0.154493 0.000000
vt -0.440941 0.094017 0.000000
vt -0.440941 0.063778 0.000000
vt -0.378482 0.154493 0.000000
vt -0.378482 0.094017 0.000000
vt -0.378482 0.063778 0.000000
vt -0.378482 0.048659 0.000000
vt -0.314159 0.154493 0.000000
vt -0.314159 0.094017 0.000000
vt -0.314159 0.063778 0.000000
vt -0.314159 0.048659 0.000000
vt -0.314159 0.033540 0.000000
vt 0.100000 0.314159 0.000000
vt -0.300000 0.314159 0.000000
vt 0.100000 0.209440 0.000000
vt -0.300000 0.209440 0.000000
vt 0.100000 0.104720 0.000000
vt -0.300000 0.104720 0.000000
vt 0.100000 -0.000000 0.000000
vt -0.300000 -0.000000 0.000000
vt 0.100000 -0.104720 0.000000
vt -0.300000 -0.104720 0.000000
vt 0.100000 -0.209440 0.000000
vt -0.300000 -0.209440 0.000000
vt 0.100000 -0.314159 0.000000
vt -0.300000 -0.314159 0.000000
vt -0.000000 0.857996 0.000000
vt -0.104715 0.857996 0.000000
vt -0.000000 0.844589 0.000000
vt -0.089276 0.837003 0.000000
vt -0.000000 0.831183 0.000000
vt -0.089276 0.826506 0.000000
vt -0.000000 0.817777 0.000000
vt -0.089276 0.816010 0.000000
vt -0.000000 0.804371 0.000000
vt -0.089276 0.798412 0.000000
vt -0.000000 0.777558 0.000000
vt -0.089276 0.780815 0.000000
vt -0.000000 0.750746 0.000000
vt -0.089276 0.744122 0.000000
vt -0.000000 0.697121 0.000000
vt -0.089276 0.682968 0.000000
vt -0.000000 0.643497 0.000000
vt -0.089276 0.608259 0.000000
vt -0.000000 0.536247 0.000000
vt -0.089276 0.533550 0.000000
vt -0.000000 0.428998 0.000000
vt -0.089276 0.384131 0.000000
vt -0.000000 0.214499 0.000000
vt -0.089276 0.192066 0.000000
vt -0.000000 0.000000 0.000000
vt -0.104715 0.000000 0.000000
vt -0.145497 0.192066 0.000000
vt -0.209443 0.000000 0.000000
vt -0.201718 0.192066 0.000000
vt -0.257938 0.192066 0.000000
vt -0.257938 0.384131 0.000000
vt -0.314159 0.384131 0.000000
vt -0.314159 0.533550 0.000000
vt -0.378466 0.533550 0.000000
vt -0.378466 0.608259 0.000000
vt -0.440929 0.608259 0.000000
vt -0.440929 0.682968 0.000000
vt -0.503392 0.682968 0.000000
vt -0.503392 0.744122 0.000000
vt -0.565855 0.744122 0.000000
vt -0.565855 0.780815 0.000000
vt -0.628319 0.750746 0.000000
vt -0.628319 0.804371 0.000000
vt -0.565855 0.798412 0.000000
vt -0.565855 0.816010 0.000000
vt -0.503392 0.798412 0.000000
vt -0.503392 0.816010 0.000000
vt -0.440929 0.798412 0.000000
vt -0.440929 0.816010 0.000000
vt -0.378466 0.798412 0.000000
vt -0.378466 0.816010 0.000000
vt -0.314159 0.798412 0.000000
vt -0.314159 0.816010 0.000000
vt -0.257938 0.798412 0.000000
vt -0.257938 0.816010 0.000000
vt -0.201718 0.798412 0.000000
vt -0.201718 0.816010 0.000000
vt -0.145497 0.798412 0.000000
vt -0.145497 0.816010 0.000000
vt -0.145497 0.837003 0.000000
vt -0.209443 0.857996 0.000000
vt -0.201718 0.837003 0.000000
vt -0.257938 0.837003 0.000000
vt -0.201718 0.826506 0.000000
vt -0.257938 0.826506 0.000000
vt -0.314159 0.857996 0.000000
vt -0.314159 0.837003 0.000000
vt -0.314159 0.826506 0.000000
vt -0.378466 0.837003 0.000000
vt -0.418876 0.857996 0.000000
vt -0.440929 0.837003 0.000000
vt -0.523604 0.857996 0.000000
vt -0.503392 0.837003 0.000000
vt -0.503392 0.826506 0.000000
vt -0.440929 0.826506 0.000000
vt -0.628319 0.857996 0.000000
vt -0.565855 0.837003 0.000000
vt -0.565855 0.826506 0.000000
vt -0.628319 0.844589 0.000000
vt -0.628319 0.831183 0.000000
vt -0.565855 0.682968 0.000000
vt -0.628319 0.643497 0.000000
vt -0.565855 0.608259 0.000000
vt -0.628319 0.536247 0.000000
vt -0.565855 0.533550 0.000000
vt -0.628319 0.428998 0.000000
vt -0.565855 0.384131 0.000000
vt -0.628319 0.214499 0.000000
vt -0.565855 0.192066 0.000000
vt -0.628319 0.000000 0.000000
vt -0.523604 0.000000 0.000000
vt -0.418876 0.000000 0.000000
vt -0.440929 0.192066 0.000000
vt -0.503392 0.192066 0.000000
vt -0.378466 0.192066 0.000000
vt -0.314159 0.000000 0.000000
vt -0.314159 0.192066 0.000000
vt -0.378466 0.826506 0.000000
vt -0.145497 0.826506 0.000000
vt -0.503392 0.780815 0.000000
vt -0.440929 0.780815 0.000000
vt -0.440929 0.744122 0.000000
vt -0.378466 0.780815 0.000000
vt -0.378466 0.744122 0.000000
vt -0.378466 0.682968 0.000000
vt -0.314159 0.780815 0.000000
vt -0.314159 0.744122 0.000000
vt -0.314159 0.682968 0.000000
vt -0.314159 0.608259 0.000000
vt -0.257938 0.780815 0.000000
vt -0.257938 0.744122 0.000000
vt -0.257938 0.682968 0.000000
vt -0.257938 0.608259 0.000000
vt -0.257938 0.533550 0.000000
vt -0.201718 0.780815 0.000000
vt -0.201718 0.744122 0.000000
vt -0.201718 0.682968 0.000000
vt -0.201718 0.608259 0.000000
vt -0.201718 0.533550 0.000000
vt -0.201718 0.384131 0.000000
vt -0.145497 0.780815 0.000000
vt -0.145497 0.744122 0.000000
vt -0.145497 0.682968 0.000000
vt -0.145497 0.608259 0.000000
vt -0.145497 0.533550 0.000000
vt -0.145497 0.384131 0.000000
vt -0.503392 0.608259 0.000000
vt -0.440929 0.533550 0.000000
vt -0.378466 0.384131 0.000000
vt -0.503392 0.533550 0.000000
vt -0.503392 0.384131 0.000000
vt -0.440929 0.384131 0.000000
vt -0.000000 1.893664 0.000000
vt -0.082688 1.893664 0.000000
vt -0.000000 1.775310 0.000000
vt -0.071266 1.712819 0.000000
vt -0.000000 1.656956 0.000000
vt -0.071266 1.531973 0.000000
vt -0.000000 1.538602 0.000000
vt -0.000000 1.420248 0.000000
vt -0.071266 1.351128 0.000000
vt -0.000000 1.301894 0.000000
vt -0.071266 1.260705 0.000000
vt -0.000000 1.183540 0.000000
vt -0.071266 1.170283 0.000000
vt -0.000000 1.065186 0.000000
vt -0.071266 1.023997 0.000000
vt -0.000000 0.946832 0.000000
vt -0.071266 0.877712 0.000000
vt -0.000000 0.828478 0.000000
vt -0.071266 0.731427 0.000000
vt -0.000000 0.710124 0.000000
vt -0.071266 0.585141 0.000000
vt -0.000000 0.591770 0.000000
vt -0.000000 0.473416 0.000000
vt -0.071266 0.438856 0.000000
vt -0.000000 0.355062 0.000000
vt -0.071266 0.292571 0.000000
vt -0.000000 0.236708 0.000000
vt -0.071266 0.146285 0.000000
vt -0.000000 0.118354 0.000000
vt -0.000000 0.000000 0.000000
vt -0.099229 0.000000 0.000000
vt -0.115468 0.146285 0.000000
vt -0.159671 0.146285 0.000000
vt -0.159671 0.292571 0.000000
vt -0.203873 0.292571 0.000000
vt -0.203873 0.438856 0.000000
vt -0.248075 0.438856 0.000000
vt -0.248075 0.585141 0.000000
vt -0.299601 0.585141 0.000000
vt -0.299601 0.731427 0.000000
vt -0.348738 0.731427 0.000000
vt -0.348738 0.877712 0.000000
vt -0.397875 0.877712 0.000000
vt -0.397875 1.023997 0.000000
vt -0.447013 1.023997 0.000000
vt -0.447013 1.170283 0.000000
vt -0.496150 1.065186 0.000000
vt -0.496150 1.183540 0.000000
vt -0.447013 1.260705 0.000000
vt -0.496150 1.301894 0.000000
vt -0.447013 1.351128 0.000000
vt -0.496150 1.420248 0.000000
vt -0.447013 1.531973 0.000000
vt -0.496150 1.538602 0.000000
vt -0.496150 1.656956 0.000000
vt -0.447013 1.712819 0.000000
vt -0.496150 1.775310 0.000000
vt -0.496150 1.893664 0.000000
vt -0.413462 1.893664 0.000000
vt -0.397875 1.712819 0.000000
vt -0.348738 1.712819 0.000000
vt -0.348738 1.531973 0.000000
vt -0.299601 1.531973 0.000000
vt -0.299601 1.351128 0.000000
vt -0.248075 1.351128 0.000000
vt -0.248075 1.260705 0.000000
vt -0.203873 1.260705 0.000000
vt -0.203873 1.170283 0.000000
vt -0.159671 1.170283 0.000000
vt -0.159671 1.023997 0.000000
vt -0.115468 1.023997 0.000000
vt -0.115468 0.877712 0.000000
vt -0.115468 1.712819 0.000000
vt -0.165386 1.893664 0.000000
vt -0.159671 1.712819 0.000000
vt -0.203873 1.712819 0.000000
vt -0.159671 1.531973 0.000000
vt -0.203873 1.531973 0.000000
vt -0.159671 1.351128 0.000000
vt -0.203873 1.351128 0.000000
vt -0.159671 1.260705 0.000000
vt -0.248075 1.893664 0.000000
vt -0.248075 1.712819 0.000000
vt -0.248075 1.531973 0.000000
vt -0.299601 1.712819 0.000000
vt -0.330764 1.893664 0.000000
vt -0.496150 0.946832 0.000000
vt -0.447013 0.877712 0.000000
vt -0.397875 0.731427 0.000000
vt -0.348738 0.585141 0.000000
vt -0.299601 0.438856 0.000000
vt -0.248075 0.292571 0.000000
vt -0.203873 0.146285 0.000000
vt -0.198460 0.000000 0.000000
vt -0.496150 0.828478 0.000000
vt -0.447013 0.731427 0.000000
vt -0.397875 0.585141 0.000000
vt -0.348738 0.438856 0.000000
vt -0.299601 0.292571 0.000000
vt -0.248075 0.146285 0.000000
vt -0.496150 0.710124 0.000000
vt -0.447013 0.585141 0.000000
vt -0.397875 0.438856 0.000000
vt -0.348738 0.292571 0.000000
vt -0.299601 0.146285 0.000000
vt -0.297690 0.000000 0.000000
vt -0.496150 0.591770 0.000000
vt -0.496150 0.473416 0.000000
vt -0.447013 0.438856 0.000000
vt -0.496150 0.355062 0.000000
vt -0.447013 0.292571 0.000000
vt -0.496150 0.236708 0.000000
vt -0.447013 0.146285 0.000000
vt -0.496150 0.118354 0.000000
vt -0.396920 0.000000 0.000000
vt -0.496150 0.000000 0.000000
vt -0.397875 0.146285 0.000000
vt -0.348738 0.146285 0.000000
vt -0.397875 1.531973 0.000000
vt -0.397875 1.351128 0.000000
vt -0.397875 1.260705 0.000000
vt -0.397875 1.170283 0.000000
vt -0.115468 1.531973 0.000000
vt -0.115468 1.351128 0.000000
vt -0.115468 1.260705 0.000000
vt -0.115468 1.170283 0.000000
vt -0.348738 1.351128 0.000000
vt -0.299601 1.260705 0.000000
vt -0.248075 1.170283 0.000000
vt -0.203873 1.023997 0.000000
vt -0.159671 0.877712 0.000000
vt -0.115468 0.731427 0.000000
vt -0.348738 1.260705 0.000000
vt -0.348738 1.170283 0.000000
vt -0.348738 1.023997 0.000000
vt -0.299601 1.170283 0.000000
vt -0.248075 1.023997 0.000000
vt -0.203873 0.877712 0.000000
vt -0.159671 0.731427 0.000000
vt -0.115468 0.585141 0.000000
vt -0.299601 1.023997 0.000000
vt -0.299601 0.877712 0.000000
vt -0.248075 0.877712 0.000000
vt -0.203873 0.731427 0.000000
vt -0.159671 0.585141 0.000000
vt -0.115468 0.438856 0.000000
vt -0.248075 0.731427 0.000000
vt -0.203873 0.585141 0.000000
vt -0.159671 0.438856 0.000000
vt -0.115468 0.292571 0.000000
vt -0.397875 0.292571 0.000000
vt -0.284995 0.834995 0.000000
vt -0.349906 0.934995 0.000000
vt -0.379898 0.834995 0.000000
vt -0.437382 0.934995 0.000000
vt -0.437382 0.929625 0.000000
vt -0.262429 0.934995 0.000000
vt -0.190016 0.834995 0.000000
vt -0.174953 0.934995 0.000000
vt -0.094968 0.834995 0.000000
vt -0.087476 0.934995 0.000000
vt -0.000000 0.834995 0.000000
vt -0.000000 0.934995 0.000000
vt -0.000000 3.245025 0.000000
vt -0.005429 3.246197 0.000000
vt -0.000000 3.042211 0.000000
vt -0.115498 3.021128 0.000000
vt -0.115498 2.844972 0.000000
vt -0.230997 3.021128 0.000000
vt -0.230997 2.844972 0.000000
vt -0.346495 3.021128 0.000000
vt -0.346495 2.844972 0.000000
vt -0.461993 3.021128 0.000000
vt -0.461993 2.844972 0.000000
vt -0.554364 3.004245 0.000000
vt -0.577492 2.844972 0.000000
vt -0.658500 2.878128 0.000000
vt -0.692990 2.668816 0.000000
vt -0.762662 2.729109 0.000000
vt -0.808488 2.492660 0.000000
vt -0.865227 2.562106 0.000000
vt -0.968551 2.376514 0.000000
vt -0.115498 3.246196 0.000000
vt -0.050605 3.253122 0.000000
vt -0.096365 3.255572 0.000000
vt -0.142659 3.253251 0.000000
vt -0.187958 3.246196 0.000000
vt -0.211682 3.240397 0.000000
vt -0.277509 3.217128 0.000000
vt -0.339471 3.185533 0.000000
vt -0.449918 3.106063 0.000000
vt -0.923987 2.316504 0.000000
vt -1.075768 2.169699 0.000000
vt -0.923987 2.073502 0.000000
vt -1.039485 2.073502 0.000000
vt -0.923987 1.915151 0.000000
vt -1.039485 1.915151 0.000000
vt -0.923987 1.756800 0.000000
vt -1.039485 1.756800 0.000000
vt -0.923987 1.607598 0.000000
vt -1.039485 1.607598 0.000000
vt -0.923987 1.458397 0.000000
vt -1.039485 1.458397 0.000000
vt -0.923987 1.309195 0.000000
vt -1.039485 1.309195 0.000000
vt -0.923987 1.159994 0.000000
vt -1.039485 1.159994 0.000000
vt -0.923987 1.010792 0.000000
vt -1.039485 1.010792 0.000000
vt -0.923987 0.861590 0.000000
vt -1.039485 0.861590 0.000000
vt -0.923987 0.712389 0.000000
vt -1.039485 0.712389 0.000000
vt -0.923987 0.563187 0.000000
vt -1.039485 0.563187 0.000000
vt -0.923987 0.450550 0.000000
vt -1.039485 0.450550 0.000000
vt -0.923987 0.225275 0.000000
vt -1.039485 0.225275 0.000000
vt -0.923987 0.112637 0.000000
vt -1.039485 0.112637 0.000000
vt -0.923987 -0.000001 0.000000
vt -1.154983 -0.000001 0.000000
vt -1.154983 0.112637 0.000000
vt -1.270482 0.112637 0.000000
vt -1.270482 0.225275 0.000000
vt -1.385980 0.225275 0.000000
vt -1.385980 0.450550 0.000000
vt -1.501478 0.450550 0.000000
vt -1.501478 0.563187 0.000000
vt -1.616976 0.563187 0.000000
vt -1.616976 0.712389 0.000000
vt -1.732475 0.712389 0.000000
vt -1.732475 0.861590 0.000000
vt -1.790365 0.793765 0.000000
vt -1.618152 1.091105 0.000000
vt -1.616976 1.010792 0.000000
vt -1.501478 1.010792 0.000000
vt -1.501478 0.861590 0.000000
vt -1.385980 0.861590 0.000000
vt -1.385980 0.712389 0.000000
vt -1.270482 0.712389 0.000000
vt -1.270482 0.563187 0.000000
vt -1.154983 0.563187 0.000000
vt -1.154983 0.450550 0.000000
vt -1.190080 1.938564 0.000000
vt -1.154983 1.915151 0.000000
vt -1.270482 1.756800 0.000000
vt -1.315369 1.680653 0.000000
vt -1.270482 1.607598 0.000000
vt -1.383685 1.541453 0.000000
vt -1.270482 1.458397 0.000000
vt -1.385980 1.458397 0.000000
vt -1.270482 1.309195 0.000000
vt -1.385980 1.309195 0.000000
vt -1.270482 1.159994 0.000000
vt -1.385980 1.159994 0.000000
vt -1.270482 1.010792 0.000000
vt -1.385980 1.010792 0.000000
vt -1.270482 0.861590 0.000000
vt -1.456880 1.395549 0.000000
vt -1.501478 1.159994 0.000000
vt -1.847973 0.563187 0.000000
vt -1.969162 0.512064 0.000000
vt -1.847973 0.450550 0.000000
vt -1.963471 0.450550 0.000000
vt -1.847973 0.225275 0.000000
vt -1.963471 0.225275 0.000000
vt -1.847973 0.112637 0.000000
vt -1.963471 0.112637 0.000000
vt -1.847973 -0.000001 0.000000
vt -2.078972 -0.000001 0.000000
vt -2.078970 0.112637 0.000000
vt -2.194468 0.112637 0.000000
vt -2.145645 0.248688 0.000000
vt -2.229064 0.124081 0.000000
vt -2.078970 0.225275 0.000000
vt -2.307020 0.004606 0.000000
vt -2.309966 -0.000001 0.000000
vt -1.732475 0.112637 0.000000
vt -1.616976 -0.000001 0.000000
vt -1.616976 0.112637 0.000000
vt -1.501478 0.112637 0.000000
vt -1.616976 0.225275 0.000000
vt -1.501478 0.225275 0.000000
vt -1.616976 0.450550 0.000000
vt -1.385980 -0.000001 0.000000
vt -1.385980 0.112637 0.000000
vt -0.808488 0.112637 0.000000
vt -0.692990 -0.000001 0.000000
vt -0.692990 0.112637 0.000000
vt -0.577492 0.112637 0.000000
vt -0.692990 0.225275 0.000000
vt -0.577492 0.225275 0.000000
vt -0.692990 0.450550 0.000000
vt -0.577492 0.450550 0.000000
vt -0.692990 0.563187 0.000000
vt -0.577492 0.563187 0.000000
vt -0.692990 0.712389 0.000000
vt -0.577492 0.712389 0.000000
vt -0.692990 0.861590 0.000000
vt -0.577492 0.861590 0.000000
vt -0.692990 1.010792 0.000000
vt -0.577492 1.010792 0.000000
vt -0.692990 1.159994 0.000000
vt -0.577492 1.159994 0.000000
vt -0.692990 1.309195 0.000000
vt -0.577492 1.309195 0.000000
vt -0.692990 1.458397 0.000000
vt -0.577492 1.458397 0.000000
vt -0.692990 1.607598 0.000000
vt -0.577492 1.607598 0.000000
vt -0.692990 1.756800 0.000000
vt -0.577492 1.756800 0.000000
vt -0.692990 1.915151 0.000000
vt -0.577492 1.915151 0.000000
vt -0.692990 2.073502 0.000000
vt -0.577492 2.073502 0.000000
vt -0.692990 2.316504 0.000000
vt -0.577492 2.316504 0.000000
vt -0.692990 2.492660 0.000000
vt -0.577492 2.492660 0.000000
vt -0.577492 2.668816 0.000000
vt -0.461993 2.668816 0.000000
vt -0.346495 2.668816 0.000000
vt -0.230997 2.668816 0.000000
vt -0.115498 2.668816 0.000000
vt -0.000000 2.839397 0.000000
vt -0.461993 -0.000001 0.000000
vt -0.461993 0.112637 0.000000
vt -0.461993 0.225275 0.000000
vt -0.461993 0.450550 0.000000
vt -0.461993 0.563187 0.000000
vt -0.461993 0.712389 0.000000
vt -0.461993 0.861590 0.000000
vt -0.461993 1.010792 0.000000
vt -0.461993 1.159994 0.000000
vt -0.461993 1.309195 0.000000
vt -0.461993 1.458397 0.000000
vt -0.461993 1.607598 0.000000
vt -0.461993 1.756800 0.000000
vt -0.461993 1.915151 0.000000
vt -0.461993 2.073502 0.000000
vt -0.461993 2.316504 0.000000
vt -0.461993 2.492660 0.000000
vt -0.346495 0.112637 0.000000
vt -0.230995 -0.000001 0.000000
vt -0.230997 0.112637 0.000000
vt -0.115498 0.112637 0.000000
vt -0.230997 0.225275 0.000000
vt -0.115498 0.225275 0.000000
vt -0.230997 0.450550 0.000000
vt -0.115498 0.450550 0.000000
vt -0.230997 0.563187 0.000000
vt -0.115498 0.563187 0.000000
vt -0.230997 0.712389 0.000000
vt -0.115498 0.712389 0.000000
vt -0.230997 0.861590 0.000000
vt -0.115498 0.861590 0.000000
vt -0.230997 1.010792 0.000000
vt -0.115498 1.010792 0.000000
vt -0.230997 1.159994 0.000000
vt -0.115498 1.159994 0.000000
vt -0.230997 1.309195 0.000000
vt -0.115498 1.309195 0.000000
vt -0.230997 1.458397 0.000000
vt -0.115498 1.458397 0.000000
vt -0.230997 1.607598 0.000000
vt -0.115498 1.607598 0.000000
vt -0.230997 1.756800 0.000000
vt -0.115498 1.756800 0.000000
vt -0.230997 1.915151 0.000000
vt -0.115498 1.915151 0.000000
vt -0.230997 2.073502 0.000000
vt -0.115498 2.073502 0.000000
vt -0.230997 2.316504 0.000000
vt -0.115498 2.316504 0.000000
vt -0.230997 2.492660 0.000000
vt -0.115498 2.492660 0.000000
vt -0.000000 -0.000001 0.000000
vt -0.000000 0.202813 0.000000
vt -0.000000 0.405627 0.000000
vt -0.000000 0.608441 0.000000
vt -0.000000 0.811256 0.000000
vt -0.000000 1.014070 0.000000
vt -0.000000 1.216884 0.000000
vt -0.000000 1.419698 0.000000
vt -0.000000 1.622512 0.000000
vt -0.000000 1.825326 0.000000
vt -0.000000 2.028140 0.000000
vt -0.000000 2.230954 0.000000
vt -0.000000 2.433769 0.000000
vt -0.000000 2.636583 0.000000
vt -0.346495 2.492660 0.000000
vt -0.346495 2.316504 0.000000
vt -0.346495 2.073502 0.000000
vt -0.346495 1.915151 0.000000
vt -0.346495 1.756800 0.000000
vt -0.346495 1.607598 0.000000
vt -0.346495 1.458397 0.000000
vt -0.346495 1.309195 0.000000
vt -0.346495 1.159994 0.000000
vt -0.346495 1.010792 0.000000
vt -0.346495 0.861590 0.000000
vt -0.346495 0.712389 0.000000
vt -0.346495 0.563187 0.000000
vt -0.346495 0.450550 0.000000
vt -0.346495 0.225275 0.000000
vt -0.808488 2.316504 0.000000
vt -0.808488 2.073502 0.000000
vt -0.808488 1.915151 0.000000
vt -0.808488 1.756800 0.000000
vt -0.808488 1.607598 0.000000
vt -0.808488 1.458397 0.000000
vt -0.808488 1.309195 0.000000
vt -0.808488 1.159994 0.000000
vt -0.808488 1.010792 0.000000
vt -0.808488 0.861590 0.000000
vt -0.808488 0.712389 0.000000
vt -0.808488 0.563187 0.000000
vt -0.808488 0.450550 0.000000
vt -0.808488 0.225275 0.000000
vt -1.154983 1.607598 0.000000
vt -1.154983 1.756800 0.000000
vt -1.154983 1.458397 0.000000
vt -1.154983 1.309195 0.000000
vt -1.154983 1.159994 0.000000
vt -1.154983 1.010792 0.000000
vt -1.154983 0.861590 0.000000
vt -1.154983 0.712389 0.000000
vt -1.501478 0.712389 0.000000
vt -1.616976 0.861590 0.000000
vt -1.385980 0.563187 0.000000
vt -1.270482 0.450550 0.000000
vt -1.154983 0.225275 0.000000
vt -1.732475 0.450550 0.000000
vt -1.732475 0.563187 0.000000
vt -1.732475 0.225275 0.000000
vt 10.456858 5.000000 0.000000
vt 10.113909 5.000000 0.000000
vt 10.456858 4.900000 0.000000
vt 10.423706 0.900000 0.000000
vt 10.464688 4.762389 0.000000
vt 10.488023 4.626727 0.000000
vt 10.526507 4.494904 0.000000
vt 10.579473 4.368539 0.000000
vt 10.775247 0.900000 0.000000
vt 10.646245 4.249203 0.000000
vt 10.725965 4.138115 0.000000
vt 10.817757 4.036150 0.000000
vt 10.920815 3.944168 0.000000
vt 11.149405 0.900000 0.000000
vt 11.034403 3.862753 0.000000
vt 11.157972 3.792151 0.000000
vt 11.291097 3.732592 0.000000
vt 11.561895 0.900000 0.000000
vt 11.433537 3.684208 0.000000
vt 11.585425 3.646917 0.000000
vt 11.747146 3.620622 0.000000
vt 11.791640 0.900000 0.000000
vt 11.919652 3.605097 0.000000
vt 12.047400 0.900000 0.000000
vt 12.104712 3.600000 0.000000
vt 12.190236 0.900000 0.000000
vt 12.373155 3.600000 0.000000
vt 12.348629 0.900000 0.000000
vt 12.531863 0.900000 0.000000
vt 10.085559 0.900000 0.000000
vt 9.766788 5.000000 0.000000
vt 9.755220 0.900000 0.000000
vt 9.428995 0.900000 0.000000
vt 9.415642 5.000000 0.000000
vt 9.103702 0.900000 0.000000
vt 9.060561 5.000000 0.000000
vt 8.776310 0.900000 0.000000
vt 8.701653 5.000000 0.000000
vt 8.443801 0.900000 0.000000
vt 8.339113 5.000000 0.000000
vt 8.103015 0.900000 0.000000
vt 7.975611 5.000000 0.000000
vt 7.750477 0.900000 0.000000
vt 7.798882 5.000000 0.000000
vt 7.626142 5.000000 0.000000
vt 7.382515 0.900000 0.000000
vt 7.457171 5.000000 0.000000
vt 7.291785 5.000000 0.000000
vt 6.995263 0.900000 0.000000
vt 6.971189 5.000000 0.000000
vt 6.663447 5.000000 0.000000
vt 6.584154 0.900000 0.000000
vt 6.368006 5.000000 0.000000
vt 6.145169 0.900000 0.000000
vt 6.084588 5.000000 0.000000
vt 5.813147 5.000000 0.000000
vt 5.677247 0.900000 0.000000
vt 5.553808 5.000000 0.000000
vt 5.298959 4.432611 0.000000
vt 5.306806 4.582984 0.000000
vt 5.306806 5.000000 0.000000
vt 5.188645 0.900000 0.000000
vt 5.276344 4.283234 0.000000
vt 5.240310 4.135403 0.000000
vt 5.192160 3.989610 0.000000
vt 5.133079 3.846096 0.000000
vt 5.064200 3.705068 0.000000
vt 4.901644 3.431293 0.000000
vt 4.695523 0.900000 0.000000
vt 4.899750 3.428425 0.000000
vt 4.880090 3.419387 0.000000
vt 4.519079 3.261273 0.000000
vt 4.213652 0.900000 0.000000
vt 4.163271 3.117946 0.000000
vt 3.816820 2.989220 0.000000
vt 3.750212 0.900000 0.000000
vt 3.479201 2.874991 0.000000
vt 3.304771 0.900000 0.000000
vt 3.149153 2.775426 0.000000
vt 2.874765 0.900000 0.000000
vt 2.826097 2.690801 0.000000
vt 2.508750 2.621215 0.000000
vt 2.459761 0.900000 0.000000
vt 2.196957 2.566868 0.000000
vt 2.060128 0.900000 0.000000
vt 1.891741 2.528319 0.000000
vt 1.676238 0.900000 0.000000
vt 1.592841 2.505969 0.000000
vt 1.308797 0.900000 0.000000
vt 1.301384 2.500222 0.000000
vt 1.018883 2.511506 0.000000
vt 0.623528 0.900000 0.000000
vt 0.746976 2.539908 0.000000
vt 0.486768 2.585367 0.000000
vt 0.237701 2.648036 0.000000
vt 0.000000 0.900000 0.000000
vt 0.000000 2.727881 0.000000
vt 12.685523 3.600000 0.000000
vt 12.638947 0.900000 0.000000
vt 12.764371 0.900000 0.000000
vt 12.871431 3.600000 0.000000
vt 12.938347 0.900000 0.000000
vt 13.094673 3.600000 0.000000
vt 13.112325 0.900000 0.000000
vt 13.230360 3.600000 0.000000
vt 13.286338 0.900000 0.000000
vt 13.397852 3.600000 0.000000
vt 13.460357 0.900000 0.000000
vt 13.503473 3.600000 0.000000
vt 13.634333 0.900000 0.000000
vt 13.638104 3.600000 0.000000
vt 13.724759 3.600000 0.000000
vt 13.808320 0.900000 0.000000
vt 13.835665 3.600000 0.000000
vt 13.982335 0.900000 0.000000
vt 13.984399 3.600000 0.000000
vt 14.156343 0.900000 0.000000
vt 14.156343 3.600000 0.000000
vt -2.229489 0.277262 0.000000
vt -2.118019 0.233090 0.000000
vt -2.114455 0.333836 0.000000
vt -2.006544 0.233090 0.000000
vt -1.994830 0.381986 0.000000
vt -1.895070 0.233090 0.000000
vt -1.871312 0.420066 0.000000
vt -1.783595 0.233090 0.000000
vt -1.743777 0.447144 0.000000
vt -1.672120 0.233090 0.000000
vt -1.560646 0.233090 0.000000
vt -1.672120 0.000000 0.000000
vt -1.560646 0.000000 0.000000
vt -1.672120 -0.133073 0.000000
vt -1.560646 -0.133073 0.000000
vt -1.560646 -0.266146 0.000000
vt -1.449171 -0.266146 0.000000
vt -1.449171 -0.399220 0.000000
vt -1.337696 -0.399220 0.000000
vt -1.337696 -0.532293 0.000000
vt -1.226221 -0.532293 0.000000
vt -1.226221 -0.691980 0.000000
vt -1.114747 -0.691980 0.000000
vt -1.114747 -0.851667 0.000000
vt -1.003272 -0.851667 0.000000
vt -1.003272 -0.997840 0.000000
vt -0.891797 -0.997840 0.000000
vt -0.891797 -1.144014 0.000000
vt -0.780323 -1.144014 0.000000
vt -0.780323 -1.290188 0.000000
vt -0.668848 -1.290188 0.000000
vt -0.668848 -1.436362 0.000000
vt -0.557373 -1.436362 0.000000
vt -0.557373 -1.582511 0.000000
vt -0.445899 -1.582516 0.000000
vt -0.557373 -1.728709 0.000000
vt -0.445899 -1.728709 0.000000
vt -0.445899 -1.874883 0.000000
vt -0.334424 -1.874883 0.000000
vt -0.334424 -2.021057 0.000000
vt -0.222949 -2.021057 0.000000
vt -0.222949 -2.167230 0.000000
vt -0.111475 -2.167230 0.000000
vt -0.111475 -2.313404 0.000000
vt -0.000000 -2.307137 0.000000
vt -0.111475 -2.459578 0.000000
vt -0.000000 -2.516877 0.000000
vt -0.111475 -2.605751 0.000000
vt -0.000000 -2.726616 0.000000
vt -0.111475 -2.751925 0.000000
vt -0.111475 -2.898099 0.000000
vt -0.222949 -2.751925 0.000000
vt -0.222949 -2.898099 0.000000
vt -0.334424 -2.751925 0.000000
vt -0.334424 -2.898099 0.000000
vt -0.445899 -2.751925 0.000000
vt -0.445899 -2.898099 0.000000
vt -0.557373 -2.751925 0.000000
vt -0.557373 -2.898099 0.000000
vt -0.668848 -2.751925 0.000000
vt -0.668848 -2.898099 0.000000
vt -0.746042 -2.808093 0.000000
vt -0.649526 -2.966004 0.000000
vt -2.229494 0.000001 0.000000
vt -2.118019 0.000001 0.000000
vt -2.006544 0.000001 0.000000
vt -1.895070 0.000001 0.000000
vt -1.783595 0.000000 0.000000
vt -2.226943 -0.004884 0.000000
vt -2.118019 -0.133073 0.000000
vt -2.006544 -0.133073 0.000000
vt -1.895070 -0.133073 0.000000
vt -1.783595 -0.133073 0.000000
vt -2.158417 -0.131174 0.000000
vt -2.083078 -0.261974 0.000000
vt -2.006544 -0.266146 0.000000
vt -1.918109 -0.535218 0.000000
vt -1.895070 -0.399220 0.000000
vt -1.895070 -0.532293 0.000000
vt -1.783595 -0.532293 0.000000
vt -1.783595 -0.691980 0.000000
vt -1.672120 -0.691980 0.000000
vt -1.672120 -0.851667 0.000000
vt -1.560646 -0.851667 0.000000
vt -1.560646 -0.997840 0.000000
vt -1.449171 -0.997840 0.000000
vt -1.449171 -1.144014 0.000000
vt -1.337696 -1.144014 0.000000
vt -1.337696 -1.290188 0.000000
vt -1.226221 -1.290188 0.000000
vt -1.226221 -1.436362 0.000000
vt -1.114747 -1.436362 0.000000
vt -1.114747 -1.582487 0.000000
vt -1.003272 -1.582492 0.000000
vt -1.114747 -1.728709 0.000000
vt -1.003272 -1.728709 0.000000
vt -1.003272 -1.874883 0.000000
vt -0.891797 -1.874883 0.000000
vt -0.891797 -2.021057 0.000000
vt -0.780323 -2.021057 0.000000
vt -0.780323 -2.167230 0.000000
vt -0.668848 -2.167230 0.000000
vt -0.668848 -2.313404 0.000000
vt -0.557373 -2.313404 0.000000
vt -0.557373 -2.459578 0.000000
vt -0.445899 -2.459578 0.000000
vt -0.445899 -2.605751 0.000000
vt -0.334424 -2.605751 0.000000
vt -1.745298 -0.823365 0.000000
vt -1.575284 -1.125131 0.000000
vt -1.560646 -1.144014 0.000000
vt -1.449171 -1.290188 0.000000
vt -1.415279 -1.434281 0.000000
vt -1.337696 -1.436362 0.000000
vt -1.342553 -1.582477 0.000000
vt -1.337696 -1.582478 0.000000
vt -1.274816 -1.724115 0.000000
vt -1.226221 -1.582482 0.000000
vt -1.226221 -1.728709 0.000000
vt -1.151675 -1.987756 0.000000
vt -1.114747 -1.874883 0.000000
vt -1.114747 -2.021057 0.000000
vt -1.041038 -2.225238 0.000000
vt -1.003272 -2.167230 0.000000
vt -0.891797 -2.313404 0.000000
vt -0.891797 -2.167230 0.000000
vt -0.780323 -2.313404 0.000000
vt -0.938885 -2.439183 0.000000
vt -0.891797 -2.459578 0.000000
vt -0.780323 -2.459578 0.000000
vt -0.780323 -2.605751 0.000000
vt -0.668848 -2.605751 0.000000
vt -0.841671 -2.632581 0.000000
vt -0.557373 -3.044273 0.000000
vt -0.553545 -3.100302 0.000000
vt -0.445899 -3.190446 0.000000
vt -0.457556 -3.209342 0.000000
vt -0.356049 -3.295211 0.000000
vt -0.334424 -3.190446 0.000000
vt -0.298985 -3.329822 0.000000
vt -0.222949 -3.190446 0.000000
vt -0.238190 -3.355834 0.000000
vt -0.222949 -3.355834 0.000000
vt -0.216313 -3.362252 0.000000
vt -0.174285 -3.370723 0.000000
vt -0.131193 -3.374253 0.000000
vt -0.111475 -3.355835 0.000000
vt -0.111475 -3.190446 0.000000
vt -0.222949 -3.044273 0.000000
vt -0.334424 -3.044273 0.000000
vt -0.088441 -3.372765 0.000000
vt -0.040942 -3.365503 0.000000
vt -0.000000 -3.355835 0.000000
vt -0.046066 -3.366563 0.000000
vt -0.000000 -3.146096 0.000000
vt -0.111475 -3.044273 0.000000
vt -0.000000 -2.936356 0.000000
vt -0.000000 -2.097397 0.000000
vt -0.111475 -2.021057 0.000000
vt -0.222949 -1.874883 0.000000
vt -0.334424 -1.728709 0.000000
vt -0.334424 -1.582521 0.000000
vt -0.445899 -1.436362 0.000000
vt -0.557373 -1.290188 0.000000
vt -0.668848 -1.144014 0.000000
vt -0.780323 -0.997840 0.000000
vt -0.891797 -0.851667 0.000000
vt -1.003272 -0.691980 0.000000
vt -1.114747 -0.532293 0.000000
vt -1.226221 -0.399220 0.000000
vt -1.337696 -0.266146 0.000000
vt -1.449171 -0.133073 0.000000
vt -1.449171 0.000000 0.000000
vt -0.000000 -1.887657 0.000000
vt -0.111475 -1.874883 0.000000
vt -0.222949 -1.728709 0.000000
vt -0.222949 -1.582526 0.000000
vt -0.222949 -1.436362 0.000000
vt -0.334424 -1.436362 0.000000
vt -0.334424 -1.290188 0.000000
vt -0.445899 -1.290188 0.000000
vt -0.445899 -1.144014 0.000000
vt -0.557373 -1.144014 0.000000
vt -0.557373 -0.997840 0.000000
vt -0.668848 -0.997840 0.000000
vt -0.668848 -0.851667 0.000000
vt -0.780323 -0.851667 0.000000
vt -0.780323 -0.691980 0.000000
vt -0.891797 -0.691980 0.000000
vt -0.891797 -0.532293 0.000000
vt -1.003272 -0.532293 0.000000
vt -1.003272 -0.399220 0.000000
vt -1.114747 -0.399220 0.000000
vt -1.114747 -0.266146 0.000000
vt -1.226221 -0.266146 0.000000
vt -1.226221 -0.133073 0.000000
vt -1.337696 -0.133073 0.000000
vt -1.226221 0.000000 0.000000
vt -1.337696 0.000000 0.000000
vt -1.337696 0.233090 0.000000
vt -1.449171 0.233090 0.000000
vt -1.340031 0.458898 0.000000
vt -1.477379 0.466180 0.000000
vt -0.000000 -1.677918 0.000000
vt -0.111475 -1.728709 0.000000
vt -0.111475 -1.582531 0.000000
vt -0.111475 -1.436362 0.000000
vt -0.222949 -1.290188 0.000000
vt -0.334424 -1.144014 0.000000
vt -0.445899 -0.997840 0.000000
vt -0.557373 -0.851667 0.000000
vt -0.668848 -0.691980 0.000000
vt -0.780323 -0.532293 0.000000
vt -0.891797 -0.399220 0.000000
vt -1.003272 -0.266146 0.000000
vt -1.114747 -0.133073 0.000000
vt -1.114747 0.000000 0.000000
vt -1.226221 0.233090 0.000000
vt -0.000000 -1.468178 0.000000
vt -0.000000 -1.258438 0.000000
vt -0.111475 -1.290188 0.000000
vt -0.111475 -1.144014 0.000000
vt -0.222949 -1.144014 0.000000
vt -0.222949 -0.997840 0.000000
vt -0.334424 -0.997840 0.000000
vt -0.334424 -0.851667 0.000000
vt -0.445899 -0.851667 0.000000
vt -0.445899 -0.691980 0.000000
vt -0.557373 -0.691980 0.000000
vt -0.557373 -0.532293 0.000000
vt -0.668848 -0.532293 0.000000
vt -0.668848 -0.399220 0.000000
vt -0.780323 -0.399220 0.000000
vt -0.780323 -0.266146 0.000000
vt -0.891797 -0.266146 0.000000
vt -0.891797 -0.133073 0.000000
vt -1.003272 -0.133073 0.000000
vt -0.891797 0.000000 0.000000
vt -1.003272 0.000000 0.000000
vt -1.003272 0.233090 0.000000
vt -1.114747 0.233090 0.000000
vt -1.060601 0.414064 0.000000
vt -1.200806 0.441183 0.000000
vt -0.000000 -1.048699 0.000000
vt -0.111475 -0.997840 0.000000
vt -0.222949 -0.851667 0.000000
vt -0.334424 -0.691980 0.000000
vt -0.445899 -0.532293 0.000000
vt -0.557373 -0.399220 0.000000
vt -0.668848 -0.266146 0.000000
vt -0.780323 -0.133073 0.000000
vt -0.780323 0.000000 0.000000
vt -0.891797 0.233090 0.000000
vt -0.920436 0.379215 0.000000
vt -0.000000 -0.838959 0.000000
vt -0.111475 -0.851667 0.000000
vt -0.222949 -0.691980 0.000000
vt -0.334424 -0.532293 0.000000
vt -0.445899 -0.399220 0.000000
vt -0.557373 -0.266146 0.000000
vt -0.668848 -0.133073 0.000000
vt -0.668848 0.000000 0.000000
vt -0.780323 0.233090 0.000000
vt -0.781153 0.338055 0.000000
vt -0.111475 -0.691980 0.000000
vt -0.000000 -0.629219 0.000000
vt -0.111475 -0.532293 0.000000
vt -0.000000 -0.419479 0.000000
vt -0.111475 -0.399220 0.000000
vt -0.111475 -0.266146 0.000000
vt -0.222949 -0.266146 0.000000
vt -0.222949 -0.133073 0.000000
vt -0.334424 -0.133073 0.000000
vt -0.222949 0.000000 0.000000
vt -0.334424 0.000000 0.000000
vt -0.247358 0.131159 0.000000
vt -0.376452 0.187624 0.000000
vt -0.000000 -0.209740 0.000000
vt -0.111475 -0.133073 0.000000
vt -0.111475 0.000000 0.000000
vt -0.121881 0.072389 0.000000
vt -0.000000 0.000000 0.000000
vt -0.000000 0.011423 0.000000
vt -0.445899 0.000000 0.000000
vt -0.508677 0.241342 0.000000
vt -0.557373 0.000000 0.000000
vt -0.557373 0.233090 0.000000
vt -0.668848 0.233090 0.000000
vt -0.643664 0.291744 0.000000
vt -1.612222 0.462442 0.000000
vt -0.445899 -0.133073 0.000000
vt -0.557373 -0.133073 0.000000
vt -0.445899 -0.266146 0.000000
vt -1.895070 -0.266146 0.000000
vt -1.783595 -0.266146 0.000000
vt -1.672120 -0.266146 0.000000
vt -0.334424 -0.266146 0.000000
vt -0.222949 -0.399220 0.000000
vt -1.783595 -0.399220 0.000000
vt -1.672120 -0.399220 0.000000
vt -1.560646 -0.399220 0.000000
vt -0.334424 -0.399220 0.000000
vt -0.222949 -0.532293 0.000000
vt -1.449171 -0.532293 0.000000
vt -1.337696 -0.691980 0.000000
vt -1.449171 -0.691980 0.000000
vt -1.337696 -0.851667 0.000000
vt -1.449171 -0.851667 0.000000
vt -1.337696 -0.997840 0.000000
vt -1.560646 -0.532293 0.000000
vt -1.560646 -0.691980 0.000000
vt -1.672120 -0.532293 0.000000
vt -1.226221 -0.851667 0.000000
vt -1.114747 -0.997840 0.000000
vt -1.003272 -1.144014 0.000000
vt -0.891797 -1.290188 0.000000
vt -0.780323 -1.436362 0.000000
vt -0.668848 -1.582506 0.000000
vt -0.668848 -1.728709 0.000000
vt -0.557373 -1.874883 0.000000
vt -0.445899 -2.021057 0.000000
vt -0.334424 -2.167230 0.000000
vt -0.222949 -2.313404 0.000000
vt -1.226221 -0.997840 0.000000
vt -1.226221 -1.144014 0.000000
vt -1.114747 -1.144014 0.000000
vt -1.114747 -1.290188 0.000000
vt -1.003272 -1.290188 0.000000
vt -0.891797 -1.436362 0.000000
vt -0.780323 -1.582502 0.000000
vt -0.780323 -1.728709 0.000000
vt -0.668848 -1.874883 0.000000
vt -0.557373 -2.021057 0.000000
vt -0.445899 -2.167230 0.000000
vt -0.334424 -2.313404 0.000000
vt -0.222949 -2.459578 0.000000
vt -1.003272 -1.436362 0.000000
vt -0.891797 -1.582497 0.000000
vt -0.891797 -1.728709 0.000000
vt -0.780323 -1.874883 0.000000
vt -0.668848 -2.021057 0.000000
vt -0.557373 -2.167230 0.000000
vt -0.445899 -2.313404 0.000000
vt -0.334424 -2.459578 0.000000
vt -0.222949 -2.605751 0.000000
vt -1.003272 -2.021057 0.000000
vt -0.668848 -2.459578 0.000000
vt -0.557373 -2.605751 0.000000
vt -0.445899 -3.044273 0.000000
vt 0.000013 -0.000010 0.000000
vt 0.000000 -0.000000 0.000000
vt 0.000000 -0.000010 0.000000
vt 0.329234 -0.000011 0.000000
vt 0.409910 -0.000011 0.000000
vt 0.329234 0.072641 0.000000
vt 0.490587 -0.000011 0.000000
vt 0.571263 -0.000011 0.000000
vt 0.329234 0.144796 0.000000
vt 0.000000 -0.000010 0.000000
vt 0.000013 -0.000000 0.000000
vt 0.000000 -0.000000 0.000000
vt 0.409910 -0.000001 0.000000
vt 0.329234 -0.000001 0.000000
vt 0.450248 -0.004559 0.000000
vt 0.334108 -0.141971 0.000000
vt 0.450248 -0.024904 0.000000
vt 0.571263 -0.000001 0.000000
vt 0.490587 -0.000001 0.000000
vt 0.127403 -1.558538 0.000000
vt 0.013860 -1.471221 0.000000
vt 0.084935 -1.558538 0.000000
vt 0.042467 -1.558538 0.000000
vt 0.000000 -1.558538 0.000000
vt 0.000050 -1.460237 0.000000
vt 0.193903 0.000000 0.000000
vt 0.290854 0.000000 0.000000
vt 0.254360 0.032375 0.000000
vt 0.257928 0.029212 0.000000
vt 0.257900 0.029237 0.000000
vt 0.257769 0.029353 0.000000
vt 0.257157 0.029895 0.000000
vt 0.242771 0.042642 0.000000
vt 0.209214 0.072286 0.000000
vt 0.147441 0.126239 0.000000
vt 0.096951 0.000000 0.000000
vt 0.137733 0.134610 0.000000
vt 0.137057 0.135192 0.000000
vt 0.137014 0.135229 0.000000
vt 0.128845 0.142242 0.000000
vt 0.085909 0.142239 0.000000
vt 0.042973 0.142235 0.000000
vt 0.000000 0.000000 0.000000
vt 0.000037 0.142231 0.000000
vt -0.066687 0.409023 0.000000
vt -0.103008 0.433463 0.000000
vt -0.081561 0.395439 0.000000
vt -0.199645 0.372913 0.000000
vt -0.199645 0.140596 0.000000
vt -0.399290 0.372913 0.000000
vt -0.399290 0.140596 0.000000
vt -0.598936 0.372913 0.000000
vt -0.598936 0.140596 0.000000
vt -0.798581 0.372913 0.000000
vt -0.798581 0.140596 0.000000
vt -0.998226 0.372913 0.000000
vt -0.998226 0.140596 0.000000
vt -1.197871 0.372913 0.000000
vt -1.197871 0.140596 0.000000
vt -1.397517 0.372913 0.000000
vt -1.397517 0.140596 0.000000
vt -1.541282 0.313194 0.000000
vt -1.597162 0.140596 0.000000
vt -1.659685 0.243421 0.000000
vt -1.775242 0.170100 0.000000
vt -0.210190 0.495992 0.000000
vt -0.320850 0.545438 0.000000
vt -0.435003 0.580634 0.000000
vt -0.552718 0.600614 0.000000
vt -0.673572 0.605231 0.000000
vt -0.796716 0.595550 0.000000
vt -0.921374 0.572679 0.000000
vt -1.046903 0.537688 0.000000
vt -1.172388 0.492388 0.000000
vt -1.297078 0.438851 0.000000
vt -1.420288 0.378690 0.000000
vt -1.796807 0.140596 0.000000
vt -1.887589 0.093786 0.000000
vt -1.796809 0.000000 0.000000
vt -1.996452 0.000000 0.000000
vt -1.996452 0.014830 0.000000
vt -1.597162 0.000000 0.000000
vt -1.397516 0.000000 0.000000
vt -1.197871 0.000000 0.000000
vt -0.998226 0.000000 0.000000
vt -0.798581 0.000000 0.000000
vt -0.598936 0.000000 0.000000
vt -0.399290 0.000000 0.000000
vt -0.199643 0.000000 0.000000
vt -0.000000 0.000000 0.000000
vt -0.000009 0.352792 0.000000
vt -1.251656 1.000000 0.000000
vt -1.452739 1.000000 0.000000
vt -1.369832 0.912310 0.000000
vt -1.478986 0.812988 0.000000
vt -1.666891 1.000000 0.000000
vt -1.578207 0.702847 0.000000
vt -1.666891 0.582984 0.000000
vt 1.251656 1.000000 0.000000
vt 1.369856 0.912326 0.000000
vt 1.666891 1.000000 0.000000
vt 1.478992 0.812980 0.000000
vt 1.578186 0.702834 0.000000
vt 1.666891 0.582984 0.000000
vt -5.306007 5.000000 0.000000
vt -5.724327 5.000000 0.000000
vt -5.306007 4.582984 0.000000
vt -5.676392 0.900000 0.000000
vt -5.298155 4.432505 0.000000
vt -5.187864 0.900000 0.000000
vt -5.275520 4.283049 0.000000
vt -5.239440 4.135116 0.000000
vt -5.191222 3.989203 0.000000
vt -5.132085 3.845623 0.000000
vt -5.063146 3.704522 0.000000
vt -4.900403 3.430531 0.000000
vt -4.694816 0.900000 0.000000
vt -4.899012 3.428425 0.000000
vt -4.879356 3.419388 0.000000
vt -4.517587 3.260038 0.000000
vt -4.213018 0.900000 0.000000
vt -4.162823 3.114955 0.000000
vt -3.818387 2.984080 0.000000
vt -3.749647 0.900000 0.000000
vt -3.482731 2.867601 0.000000
vt -3.304273 0.900000 0.000000
vt -3.153513 2.765967 0.000000
vt -2.874332 0.900000 0.000000
vt -2.829925 2.679803 0.000000
vt -2.511143 2.609745 0.000000
vt -2.459391 0.900000 0.000000
vt -2.197571 2.556471 0.000000
vt -2.059818 0.900000 0.000000
vt -1.890430 2.520502 0.000000
vt -1.675986 0.900000 0.000000
vt -1.590455 2.502317 0.000000
vt -1.308600 0.900000 0.000000
vt -1.298703 2.502238 0.000000
vt -1.016470 2.520419 0.000000
vt -0.623434 0.900000 0.000000
vt -0.744930 2.556880 0.000000
vt -0.484781 2.611640 0.000000
vt -0.236671 2.684504 0.000000
vt 0.000000 0.900000 0.000000
vt -0.000000 2.727881 0.000000
vt -5.936158 5.000000 0.000000
vt -6.144243 0.900000 0.000000
vt -6.150897 5.000000 0.000000
vt -6.369389 5.000000 0.000000
vt -6.583163 0.900000 0.000000
vt -6.589352 5.000000 0.000000
vt -6.994209 0.900000 0.000000
vt -7.011778 5.000000 0.000000
vt -7.381403 0.900000 0.000000
vt -7.409979 5.000000 0.000000
vt -7.749310 0.900000 0.000000
vt -7.783931 5.000000 0.000000
vt -8.101795 0.900000 0.000000
vt -8.133329 5.000000 0.000000
vt -8.442529 0.900000 0.000000
vt -8.457381 5.000000 0.000000
vt -8.754646 5.000000 0.000000
vt -8.774989 0.900000 0.000000
vt -8.892583 5.000000 0.000000
vt -9.102331 0.900000 0.000000
vt -9.022946 5.000000 0.000000
vt -9.501190 5.000000 0.000000
vt -9.977719 5.000000 0.000000
vt -9.753751 0.900000 0.000000
vt -9.427575 0.900000 0.000000
vt -10.084040 0.900000 0.000000
vt -10.455283 5.000000 0.000000
vt -10.455283 4.900000 0.000000
vt -10.422136 0.900000 0.000000
vt -10.463155 4.762420 0.000000
vt -10.486484 4.626768 0.000000
vt -10.524886 4.494895 0.000000
vt -10.577920 4.368713 0.000000
vt -10.644729 4.249566 0.000000
vt -10.773625 0.900000 0.000000
vt -10.724415 4.138438 0.000000
vt -10.816145 4.036313 0.000000
vt -10.919160 3.944176 0.000000
vt -11.147726 0.900000 0.000000
vt -11.032709 3.862774 0.000000
vt -11.156203 3.792236 0.000000
vt -11.289307 3.732677 0.000000
vt -11.560154 0.900000 0.000000
vt -11.431807 3.684213 0.000000
vt -11.583637 3.646932 0.000000
vt -11.745258 3.620664 0.000000
vt -11.789864 0.900000 0.000000
vt -11.917796 3.605117 0.000000
vt -12.045586 0.900000 0.000000
vt -12.102889 3.600000 0.000000
vt -12.188401 0.900000 0.000000
vt -12.371358 3.600000 0.000000
vt -12.346769 0.900000 0.000000
vt -12.529976 0.900000 0.000000
vt -12.684712 3.600000 0.000000
vt -12.637044 0.900000 0.000000
vt -12.762449 0.900000 0.000000
vt -12.870436 3.600000 0.000000
vt -12.936400 0.900000 0.000000
vt -13.092917 3.600000 0.000000
vt -13.110354 0.900000 0.000000
vt -13.228804 3.600000 0.000000
vt -13.284341 0.900000 0.000000
vt -13.396287 3.600000 0.000000
vt -13.458330 0.900000 0.000000
vt -13.501798 3.600000 0.000000
vt -13.632276 0.900000 0.000000
vt -13.636104 3.600000 0.000000
vt -13.723053 3.600000 0.000000
vt -13.806237 0.900000 0.000000
vt -13.833820 3.600000 0.000000
vt -13.980229 0.900000 0.000000
vt -13.982261 3.600000 0.000000
vt -14.154212 3.600000 0.000000
vt -14.154212 0.900000 0.000000
vt -0.001324 2.775057 0.000000
vt 0.155557 0.050806 0.000000
vt 0.233334 0.050805 0.000000
vt 0.193645 0.177068 0.000000
vt 0.245700 0.279877 0.000000
vt 0.193645 0.283587 0.000000
vt 0.193645 0.390107 0.000000
vt 0.096823 0.390107 0.000000
vt 0.096823 0.496626 0.000000
vt 0.000001 0.490837 0.000000
vt 0.096823 0.603145 0.000000
vt 0.000000 0.637509 0.000000
vt 0.096823 0.709665 0.000000
vt 0.000000 0.784180 0.000000
vt 0.096823 0.816184 0.000000
vt 0.096823 0.922704 0.000000
vt 0.193645 0.816184 0.000000
vt 0.193645 0.922704 0.000000
vt 0.290468 0.816184 0.000000
vt 0.290468 0.922704 0.000000
vt 0.387290 0.816184 0.000000
vt 0.387290 0.922704 0.000000
vt 0.484113 0.876909 0.000000
vt 0.484113 1.004061 0.000000
vt 0.290144 0.495292 0.000000
vt 0.193645 0.496626 0.000000
vt 0.290468 0.603145 0.000000
vt 0.369948 0.695117 0.000000
vt 0.290468 0.709665 0.000000
vt 0.387290 1.029223 0.000000
vt 0.484113 1.131305 0.000000
vt 0.387290 1.135743 0.000000
vt 0.484113 1.258442 0.000000
vt 0.387290 1.242262 0.000000
vt 0.387290 1.348782 0.000000
vt 0.290468 1.348782 0.000000
vt 0.290468 1.455301 0.000000
vt 0.193645 1.455301 0.000000
vt 0.193645 1.561821 0.000000
vt 0.096823 1.561821 0.000000
vt 0.096823 1.668340 0.000000
vt 0.000000 1.664208 0.000000
vt 0.096823 1.774859 0.000000
vt 0.000000 1.810880 0.000000
vt 0.096823 1.881379 0.000000
vt 0.000000 1.957551 0.000000
vt 0.096823 2.057468 0.000000
vt 0.087389 2.113307 0.000000
vt 0.138669 1.977778 0.000000
vt 0.484113 1.385568 0.000000
vt 0.387290 1.455301 0.000000
vt 0.328029 1.603386 0.000000
vt 0.290468 1.561821 0.000000
vt 0.258749 1.722107 0.000000
vt 0.193645 1.668340 0.000000
vt 0.193645 1.774859 0.000000
vt 0.403318 1.491234 0.000000
vt 0.195687 1.847127 0.000000
vt 0.000606 2.395310 0.000000
vt 0.000000 2.250894 0.000000
vt 0.000000 2.104223 0.000000
vt 0.000000 2.397565 0.000000
vt 0.000000 1.517537 0.000000
vt 0.096823 1.455301 0.000000
vt 0.193645 1.348782 0.000000
vt 0.290468 1.242262 0.000000
vt 0.000000 1.370866 0.000000
vt 0.096823 1.348782 0.000000
vt 0.193645 1.242262 0.000000
vt 0.290468 1.135743 0.000000
vt 0.000000 1.224194 0.000000
vt 0.096823 1.242262 0.000000
vt 0.193645 1.135743 0.000000
vt 0.290468 1.029223 0.000000
vt 0.096823 1.135743 0.000000
vt 0.000000 1.077523 0.000000
vt 0.096823 1.029223 0.000000
vt 0.000000 0.930851 0.000000
vt 0.000007 0.344158 0.000000
vt 0.096823 0.283587 0.000000
vt 0.000012 0.197480 0.000000
vt 0.096823 0.177068 0.000000
vt 0.000003 0.050810 0.000000
vt 0.077780 0.050808 0.000000
vt 0.193645 0.709665 0.000000
vt 0.193645 0.603145 0.000000
vt 0.193645 1.029223 0.000000
vt 0.279678 0.262135 0.000000
vt 0.281726 0.249678 0.000000
vt 0.279686 0.262144 0.000000
vt 0.297822 0.249674 0.000000
vt 0.289364 0.197232 0.000000
vt 0.356635 0.109762 0.000000
vt 0.296419 0.136560 0.000000
vt 0.304340 0.000000 0.000000
vt 0.398729 0.000000 0.000000
vt 0.433592 0.109762 0.000000
vt 0.463784 0.127978 0.000000
vt 0.493118 0.000000 0.000000
vt 0.587507 0.000000 0.000000
vt 0.587507 0.045983 0.000000
vt 0.707100 -3.060040 0.000000
vt 0.707114 -3.060044 0.000000
vt 0.707100 -3.000000 0.000000
vt 0.707114 -3.000009 0.000000
vt -0.707100 -3.062050 0.000000
vt -0.707100 -3.000000 0.000000
vt -0.707114 -3.062054 0.000000
vt -0.707114 -3.000009 0.000000
vt -0.707114 -3.060044 0.000000
vt -0.728586 -3.067360 0.000000
vt -0.908044 -3.145150 0.000000
vt -0.907679 -3.145846 0.000000
vt -0.898044 -3.140815 0.000000
vt -0.897992 -3.140789 0.000000
vt -1.023562 -3.214209 0.000000
vt -1.036962 -3.223290 0.000000
vt -1.023487 -3.214324 0.000000
vt -0.897192 -3.140376 0.000000
vt -0.885656 -3.134515 0.000000
vt -0.753778 -3.077947 0.000000
vt -0.768445 -3.083361 0.000000
vt -0.810445 -3.100029 0.000000
vt -0.750227 -3.076667 0.000000
vt -0.749450 -3.076388 0.000000
vt -0.749283 -3.076329 0.000000
vt -0.749248 -3.076316 0.000000
vt 0.393849 0.137971 0.000000
vt 0.296958 0.137971 0.000000
vt 0.369626 0.022995 0.000000
vt 0.296959 0.052467 0.000000
vt 0.296960 0.019113 0.000000
vt 0.296958 0.000010 0.000000
vt 0.296969 0.000000 0.000000
vt 0.393856 0.000000 0.000000
vt 0.442295 0.022995 0.000000
vt 0.490740 0.137971 0.000000
vt 0.514963 0.022995 0.000000
vt 0.587631 0.068986 0.000000
vt 0.587631 -0.000000 0.000000
vt 0.490744 0.000000 0.000000
vt 0.587631 0.137971 0.000000
vt 0.184803 0.000000 0.000000
vt 0.277204 0.000000 0.000000
vt 0.230055 0.109283 0.000000
vt 0.284492 0.131139 0.000000
vt 0.189661 0.131139 0.000000
vt 0.115027 0.109283 0.000000
vt 0.094831 0.131139 0.000000
vt 0.000000 0.131139 0.000000
vt 0.000000 0.000000 0.000000
vt 0.092401 0.000000 0.000000
vt 0.293255 1.728051 0.000000
vt 0.387282 1.441932 0.000000
vt 0.484103 1.356580 0.000000
vt 0.387282 1.318462 0.000000
vt 0.484103 1.229352 0.000000
vt 0.387282 1.194991 0.000000
vt 0.484103 1.102205 0.000000
vt 0.387282 1.071521 0.000000
vt 0.484103 0.975090 0.000000
vt 0.387282 0.948051 0.000000
vt 0.484103 0.848006 0.000000
vt 0.387282 0.824581 0.000000
vt 0.403319 0.742446 0.000000
vt 0.290462 0.701110 0.000000
vt 0.328046 0.630343 0.000000
vt 0.290462 0.577640 0.000000
vt 0.258898 0.511616 0.000000
vt 0.193641 0.577640 0.000000
vt 0.193641 0.454170 0.000000
vt 0.096821 0.577640 0.000000
vt 0.096821 0.454170 0.000000
vt 0.000000 0.569594 0.000000
vt 0.000000 0.422956 0.000000
vt 0.246140 1.949805 0.000000
vt 0.193641 1.812343 0.000000
vt 0.290462 1.688872 0.000000
vt 0.290462 1.565402 0.000000
vt 0.193641 1.688872 0.000000
vt 0.193641 1.565402 0.000000
vt 0.096821 1.688872 0.000000
vt 0.096821 1.565402 0.000000
vt 0.000000 1.596066 0.000000
vt 0.000000 1.449427 0.000000
vt 0.233316 2.182753 0.000000
vt 0.193641 2.059283 0.000000
vt 0.193641 1.935813 0.000000
vt 0.096821 1.935813 0.000000
vt 0.096821 1.812343 0.000000
vt 0.000001 1.889364 0.000000
vt 0.000000 1.742705 0.000000
vt 0.155545 2.182747 0.000000
vt 0.096821 2.059283 0.000000
vt 0.077775 2.182738 0.000000
vt 0.000006 2.036059 0.000000
vt 0.000005 2.182726 0.000000
vt 0.000000 1.302788 0.000000
vt 0.096821 1.318462 0.000000
vt 0.096821 1.441932 0.000000
vt 0.193641 1.441932 0.000000
vt 0.290462 1.441932 0.000000
vt 0.096821 1.194991 0.000000
vt 0.000000 1.156150 0.000000
vt 0.096821 1.071521 0.000000
vt 0.000000 1.009511 0.000000
vt 0.096821 0.948051 0.000000
vt 0.000000 0.862872 0.000000
vt 0.096821 0.824581 0.000000
vt 0.000000 0.716233 0.000000
vt 0.096821 0.701110 0.000000
vt 0.096821 0.330700 0.000000
vt 0.000000 0.276317 0.000000
vt 0.096821 0.207229 0.000000
vt 0.000000 0.129678 0.000000
vt 0.087588 0.120762 0.000000
vt 0.000000 -0.016961 0.000000
vt 0.000842 -0.160547 0.000000
vt 0.000017 -0.163603 0.000000
vt 0.138884 0.256141 0.000000
vt 0.195904 0.386673 0.000000
vt 0.193641 1.318462 0.000000
vt 0.193641 1.194991 0.000000
vt 0.193641 1.071521 0.000000
vt 0.193641 0.948051 0.000000
vt 0.193641 0.824581 0.000000
vt 0.193641 0.701110 0.000000
vt 0.290462 1.318462 0.000000
vt 0.290462 1.194991 0.000000
vt 0.290462 1.071521 0.000000
vt 0.290462 0.948051 0.000000
vt 0.290462 0.824581 0.000000
vn 0.000000 -0.038268 0.092388
vn -0.000000 0.000000 0.100000
vn 0.000000 -0.025882 0.096593
vn -0.000000 0.000000 0.100000
vn 0.000000 -0.038268 0.092388
vn 0.000000 -0.050000 0.086603
vn 0.000000 -0.070711 0.070711
vn 0.000000 -0.070711 0.070711
vn 0.000000 -0.083147 0.055557
vn 0.000000 -0.086603 0.050000
vn 0.000000 -0.092388 0.038268
vn 0.000000 -0.096593 0.025882
vn 0.000000 -0.095694 0.029028
vn 0.000000 -0.098079 0.019509
vn 0.000000 -0.099518 0.009802
vn 0.000000 -0.100000 -0.000000
vn 0.000000 -0.099518 0.009802
vn 0.000000 -0.100000 -0.000000
vn 0.000000 -0.098079 0.019509
vn 0.000000 -0.095694 0.029028
vn 0.000000 -0.092388 0.038268
vn 0.000000 -0.083147 0.055557
vn 0.000000 -0.070711 0.070711
vn -0.086603 0.050000 -0.000000
vn -0.086603 0.050000 -0.000000
vn -0.086186 0.049759 0.009802
vn -0.083652 0.048296 0.025882
vn -0.084938 0.049039 0.019509
vn -0.082873 0.047847 0.029028
vn -0.080010 0.046194 0.038268
vn -0.075000 0.043301 0.050000
vn -0.072007 0.041573 0.055557
vn -0.061237 0.035355 0.070711
vn -0.061237 0.035355 0.070711
vn -0.043301 0.025000 0.086603
vn -0.033141 0.019134 0.092388
vn -0.022414 0.012941 0.096593
vn 0.000000 -0.000000 0.100000
vn -0.033141 0.019134 0.092388
vn -0.061237 0.035355 0.070711
vn -0.072007 0.041573 0.055557
vn -0.080010 0.046194 0.038268
vn -0.082873 0.047847 0.029028
vn -0.084938 0.049039 0.019509
vn -0.086186 0.049759 0.009802
vn 0.033141 0.019134 0.092388
vn 0.022414 0.012941 0.096593
vn 0.033141 0.019134 0.092388
vn 0.043301 0.025000 0.086603
vn 0.061237 0.035355 0.070711
vn 0.061237 0.035355 0.070711
vn 0.072007 0.041573 0.055557
vn 0.075000 0.043301 0.050000
vn 0.080010 0.046194 0.038268
vn 0.083652 0.048296 0.025882
vn 0.082873 0.047847 0.029028
vn 0.084938 0.049039 0.019509
vn 0.086186 0.049759 0.009802
vn 0.086603 0.050000 0.000000
vn 0.086186 0.049759 0.009802
vn 0.086603 0.050000 -0.000000
vn 0.084938 0.049039 0.019509
vn 0.082873 0.047847 0.029028
vn 0.080010 0.046194 0.038268
vn 0.072007 0.041573 0.055557
vn 0.061237 0.035355 0.070711
vn 0.086603 0.050000 0.000000
vn 0.086603 0.050000 0.000000
vn 0.000000 -0.100000 0.000000
vn 0.000000 -0.100000 0.000000
vn 0.000000 -0.038268 0.092388
vn 0.000000 -0.000000 0.100000
vn 0.000000 -0.025882 0.096593
vn 0.000000 -0.000000 0.100000
vn 0.000000 -0.038268 0.092388
vn 0.000000 -0.050000 0.086603
vn 0.000000 -0.070711 0.070711
vn 0.000000 -0.070711 0.070711
vn 0.000000 -0.083147 0.055557
vn 0.000000 -0.086603 0.050000
vn 0.000000 -0.092388 0.038268
vn 0.000000 -0.096593 0.025882
vn 0.000000 -0.095694 0.029028
vn 0.000000 -0.098079 0.019509
vn 0.000000 -0.099518 0.009802
vn 0.000000 -0.100000 0.000000
vn 0.000000 -0.099518 0.009802
vn 0.000000 -0.100000 0.000000
vn 0.000000 -0.098079 0.019509
vn 0.000000 -0.095694 0.029028
vn 0.000000 -0.092388 0.038268
vn 0.000000 -0.083147 0.055557
vn 0.000000 -0.070711 0.070711
vn -0.086603 0.050000 0.000000
vn -0.086603 0.050000 -0.000000
vn -0.086186 0.049759 0.009802
vn -0.083652 0.048296 0.025882
vn -0.084938 0.049039 0.019509
vn -0.082873 0.047847 0.029028
vn -0.080010 0.046194 0.038268
vn -0.075000 0.043301 0.050000
vn -0.072007 0.041573 0.055557
vn -0.061237 0.035355 0.070711
vn -0.061237 0.035355 0.070711
vn -0.043301 0.025000 0.086603
vn -0.033141 0.019134 0.092388
vn -0.022414 0.012941 0.096593
vn 0.000000 -0.000000 0.100000
vn -0.033141 0.019134 0.092388
vn -0.061237 0.035355 0.070711
vn -0.072007 0.041573 0.055557
vn -0.080010 0.046194 0.038268
vn -0.082873 0.047847 0.029028
vn -0.084938 0.049039 0.019509
vn -0.086186 0.049759 0.009802
vn 0.033141 0.019134 0.092388
vn 0.022414 0.012941 0.096593
vn 0.033141 0.019134 0.092388
vn 0.043301 0.025000 0.086603
vn 0.061237 0.035355 0.070711
vn 0.061237 0.035355 0.070711
vn 0.072007 0.041573 0.055557
vn 0.075000 0.043301 0.050000
vn 0.080010 0.046194 0.038268
vn 0.083652 0.048296 0.025882
vn 0.082873 0.047847 0.029028
vn 0.084938 0.049039 0.019509
vn 0.086186 0.049759 0.009802
vn 0.086603 0.050000 0.000000
vn 0.086186 0.049759 0.009802
vn 0.086603 0.050000 -0.000000
vn 0.084938 0.049039 0.019509
vn 0.082873 0.047847 0.029028
vn 0.080010 0.046194 0.038268
vn 0.072007 0.041573 0.055557
vn 0.061237 0.035355 0.070711
vn 0.086603 0.050000 0.000000
vn 0.086603 0.050000 0.000000
vn 0.000000 -0.100000 0.000000
vn 0.000000 -0.100000 0.000000
vn -0.086603 0.050000 0.000000
vn -0.086603 0.050000 0.000000
vn -0.086603 0.050000 0.000000
vn -0.086603 0.050000 0.000000
vn 0.000000 0.000000 0.100000
vn 0.000000 0.000000 0.100000
vn 0.000000 0.000000 0.100000
vn 0.000000 0.000000 0.100000
vn 0.000000 0.000000 0.100000
vn 0.000000 0.000000 0.100000
vn 0.000000 0.000000 0.100000
vn 0.000000 0.000000 0.100000
vn 0.000000 0.000000 0.100000
vn 0.000000 0.000000 0.100000
vn 0.000000 0.000000 0.100000
vn 0.000000 0.000000 0.100000
vn 0.000000 0.000000 0.100000
vn 0.000000 0.000000 0.100000
vn 0.000000 0.000000 0.100000
vn 0.000000 0.000000 0.100000
vn 0.000000 0.000000 0.100000
vn 0.000000 0.000000 0.100000
vn 0.000000 0.000000 0.100000
vn 0.000000 0.000000 0.100000
vn 0.000000 0.000000 0.100000
vn 0.000000 0.000000 0.100000
vn 0.000000 0.000000 0.100000
vn 0.000000 0.000000 0.100000
vn 0.000000 0.000000 0.100000
vn 0.000000 0.000000 0.100000
vn 0.000000 0.000000 0.100000
vn 0.000000 0.000000 0.100000
vn 0.000000 0.000000 0.100000
vn 0.000000 0.000000 0.100000
vn 0.000000 0.000000 0.100000
vn 0.000000 0.000000 0.100000
vn 0.000000 0.000000 0.100000
vn 0.000000 0.000000 0.100000
vn 0.000000 0.000000 0.100000
vn 0.000000 0.000000 0.100000
vn 0.000000 0.000000 0.100000
vn 0.000000 0.000000 0.100000
vn 0.000000 0.000000 0.100000
vn 0.000000 0.000000 0.100000
vn 0.000000 0.000000 0.100000
vn 0.000000 0.000000 0.100000
vn 0.000000 0.000000 0.100000
vn 0.000000 0.000000 0.100000
vn 0.000000 0.000000 0.100000
vn 0.000000 0.000000 0.100000
vn 0.000000 0.000000 0.100000
vn 0.000000 0.000000 0.100000
vn 0.000000 0.000000 0.100000
vn 0.000000 0.000000 0.100000
vn 0.000000 0.000000 0.100000
vn 0.000000 0.000000 0.100000
vn 0.000000 0.000000 0.100000
vn 0.000000 0.000000 0.100000
vn 0.000000 0.000000 0.100000
vn 0.000000 0.000000 0.100000
vn 0.000000 0.000000 0.100000
vn 0.000000 0.000000 0.100000
vn 0.000000 0.000000 0.100000
vn 0.000000 0.000000 0.100000
vn 0.000000 0.000000 0.100000
vn 0.000000 0.000000 0.100000
vn 0.000000 0.000000 0.100000
vn 0.000000 0.000000 0.100000
vn 0.000000 0.000000 0.100000
vn 0.000000 0.000000 0.100000
vn 0.000000 0.000000 0.100000
vn 0.000000 0.000000 0.100000
vn 0.000000 0.000000 0.100000
vn 0.000000 0.000000 0.100000
vn 0.000000 0.000000 0.100000
vn 0.000000 0.000000 0.100000
vn 0.000000 0.000000 0.100000
vn 0.000000 0.000000 0.100000
vn 0.000000 0.000000 0.100000
vn 0.000000 0.000000 0.100000
vn 0.000000 0.000000 0.100000
vn 0.000000 0.000000 0.100000
vn 0.000000 0.000000 0.100000
vn 0.000000 0.000000 0.100000
vn 0.000000 0.000000 0.100000
vn 0.000000 0.000000 0.100000
vn 0.000000 0.000000 0.100000
vn -0.024410 0.096975 0.000000
vn -0.022233 0.097497 0.000000
vn -0.023936 0.097093 0.000000
vn -0.019311 0.098118 0.000000
vn -0.023936 0.097093 0.000000
vn -0.019564 0.098067 0.000000
vn -0.016294 0.098664 0.000000
vn -0.016169 0.098684 0.000000
vn -0.012278 0.099243 0.000000
vn -0.012278 0.099243 0.000000
vn 0.013473 0.099088 0.000000
vn 0.013473 0.099088 0.000000
vn 0.004503 0.099899 0.000000
vn 0.004503 0.099899 0.000000
vn -0.004503 0.099899 -0.000000
vn -0.004503 0.099899 -0.000000
vn -0.013473 0.099088 -0.000000
vn -0.013473 0.099088 -0.000000
vn 0.012278 0.099243 0.000000
vn 0.012278 0.099243 0.000000
vn 0.016169 0.098684 0.000000
vn 0.016254 0.098670 0.000000
vn 0.019311 0.098118 0.000000
vn 0.019518 0.098077 0.000000
vn 0.022204 0.097504 0.000000
vn 0.024410 0.096975 0.000000
vn 0.023936 0.097093 0.000000
vn 0.023936 0.097093 0.000000
vn 0.000000 -0.100000 0.000000
vn 0.000000 -0.100000 0.000000
vn 0.000000 -0.100000 0.000000
vn 0.000000 -0.100000 0.000000
vn 0.000000 -0.100000 0.000000
vn 0.000000 -0.100000 0.000000
vn 0.000000 -0.100000 0.000000
vn 0.000000 -0.100000 0.000000
vn 0.000000 -0.100000 0.000000
vn 0.000000 -0.100000 0.000000
vn 0.000000 -0.100000 0.000000
vn 0.000000 -0.100000 0.000000
vn 0.000000 -0.100000 0.000000
vn 0.000000 -0.100000 0.000000
vn 0.000000 -0.100000 0.000000
vn 0.000000 -0.100000 0.000000
vn 0.000000 -0.100000 0.000000
vn 0.000000 -0.100000 0.000000
vn 0.000000 -0.100000 0.000000
vn 0.000000 -0.100000 0.000000
vn -0.100000 0.000000 0.000000
vn -0.100000 0.000000 0.000000
vn -0.100000 0.000000 0.000000
vn -0.100000 0.000000 0.000000
vn -0.100000 0.000000 0.000000
vn -0.100000 0.000000 0.000000
vn -0.100000 0.000000 0.000000
vn -0.100000 0.000000 0.000000
vn -0.100000 0.000000 0.000000
vn -0.100000 0.000000 0.000000
vn -0.100000 0.000000 0.000000
vn -0.100000 0.000000 0.000000
vn -0.100000 0.000000 0.000000
vn -0.100000 0.000000 0.000000
vn -0.100000 0.000000 0.000000
vn 0.086603 0.000000 -0.050000
vn 0.086603 0.000000 -0.050000
vn 0.086603 0.000000 -0.050000
vn -0.086603 0.000000 -0.050000
vn -0.086603 0.000000 -0.050000
vn -0.086603 0.000000 -0.050000
vn 0.000000 0.000000 -0.100000
vn 0.000000 0.000000 -0.100000
vn 0.000000 0.000000 -0.100000
vn 0.000000 0.000000 -0.100000
vn 0.100000 0.000000 0.000000
vn 0.100000 0.000000 0.000000
vn 0.100000 0.000000 0.000000
vn 0.100000 0.000000 0.000000
vn 0.100000 0.000000 0.000000
vn 0.100000 0.000000 0.000000
vn 0.100000 0.000000 0.000000
vn 0.100000 0.000000 0.000000
vn 0.100000 0.000000 0.000000
vn 0.100000 0.000000 0.000000
vn 0.100000 0.000000 0.000000
vn 0.100000 0.000000 0.000000
vn 0.100000 0.000000 0.000000
vn 0.100000 0.000000 0.000000
vn 0.100000 0.000000 0.000000
vn 0.100000 0.000000 0.000000
vn 0.000000 0.100000 0.000000
vn 0.000000 0.100000 0.000000
vn 0.000000 0.100000 0.000000
vn 0.000000 0.100000 0.000000
vn 0.000000 0.100000 0.000000
vn 0.000000 0.100000 0.000000
vn 0.000000 0.100000 0.000000
vn 0.000000 0.100000 0.000000
vn 0.000000 0.100000 0.000000
vn 0.000000 0.100000 0.000000
vn 0.000000 0.100000 0.000000
vn 0.000000 0.100000 0.000000
vn 0.000000 0.100000 0.000000
vn 0.000000 0.100000 0.000000
vn 0.000000 0.100000 0.000000
vn 0.000000 0.100000 0.000000
vn 0.000000 0.100000 0.000000
vn 0.000000 0.100000 0.000000
vn 0.000000 0.100000 0.000000
vn 0.000000 0.100000 0.000000
vn 0.000000 0.000000 -0.100000
vn 0.000000 0.000000 -0.100000
vn 0.000000 0.000000 -0.100000
vn 0.000000 0.000000 -0.100000
vn 0.000000 0.000000 -0.100000
vn 0.000000 0.000000 -0.100000
vn 0.000000 0.000000 -0.100000
vn 0.000000 0.000000 -0.100000
vn 0.000000 0.000000 -0.100000
vn 0.000000 0.000000 -0.100000
vn 0.000000 0.000000 -0.100000
vn 0.000000 0.000000 -0.100000
vn 0.000000 0.000000 -0.100000
vn 0.000000 0.000000 -0.100000
vn 0.000000 0.000000 -0.100000
vn 0.000000 0.000000 -0.100000
vn 0.000000 0.000000 -0.100000
vn 0.000000 0.000000 -0.100000
vn 0.000000 0.000000 -0.100000
vn 0.000000 0.000000 -0.100000
vn 0.000000 0.000000 -0.100000
vn 0.000000 0.000000 -0.100000
vn 0.000000 0.000000 -0.100000
vn 0.000000 0.000000 -0.100000
vn 0.000000 0.000000 -0.100000
vn 0.000000 0.000000 -0.100000
vn 0.000000 0.000000 -0.100000
vn 0.076380 0.064545 -0.000002
vn 0.080622 0.059161 -0.000000
vn 0.075155 0.065225 -0.009866
vn 0.079386 0.058238 -0.017496
vn 0.074014 0.064367 -0.019462
vn 0.072147 0.062979 -0.028785
vn 0.067117 0.071387 -0.019979
vn 0.065239 0.069824 -0.029469
vn 0.057816 0.078958 -0.020567
vn 0.056007 0.077133 -0.030229
vn 0.045043 0.086772 -0.021017
vn 0.043321 0.084716 -0.030766
vn 0.034436 0.091468 -0.021159
vn 0.032954 0.089239 -0.030828
vn 0.023052 0.095025 -0.020949
vn 0.022018 0.092663 -0.030475
vn 0.011148 0.097287 -0.020271
vn 0.010689 0.094905 -0.029645
vn -0.000987 0.098073 -0.019510
vn -0.000851 0.095721 -0.028926
vn 0.010404 0.091633 -0.038667
vn -0.000506 0.092457 -0.038098
vn 0.010163 0.087449 -0.047428
vn -0.000144 0.088266 -0.047000
vn 0.009810 0.082404 -0.055798
vn 0.000001 0.083129 -0.055584
vn 0.009350 0.076436 -0.063797
vn 0.000134 0.077188 -0.063577
vn 0.008865 0.069895 -0.070966
vn 0.000349 0.070599 -0.070821
vn 0.000488 0.063408 -0.077325
vn 0.007968 0.060179 -0.079467
vn 0.000442 0.055629 -0.083098
vn 0.006628 0.049471 -0.086653
vn 0.000206 0.047252 -0.088132
vn 0.005794 0.043703 -0.089758
vn -0.000003 0.038258 -0.092392
vn 0.004923 0.037624 -0.092521
vn 0.004146 0.031518 -0.094813
vn 0.007748 0.030203 -0.095014
vn 0.006282 0.024248 -0.096812
vn 0.008850 0.023117 -0.096888
vn 0.006698 0.017324 -0.098260
vn 0.008424 0.016463 -0.098275
vn 0.005653 0.010972 -0.099235
vn 0.007086 0.010199 -0.099226
vn 0.003549 0.005114 -0.099806
vn 0.004192 0.004759 -0.099799
vn 0.000001 0.000002 -0.100000
vn 0.075794 0.055593 -0.034126
vn 0.069581 0.061051 -0.037832
vn 0.062714 0.067647 -0.038610
vn 0.053666 0.074589 -0.039451
vn 0.041334 0.081796 -0.040010
vn 0.031415 0.086099 -0.040002
vn 0.021074 0.089392 -0.039560
vn 0.069865 0.051266 -0.049907
vn 0.066290 0.058521 -0.046700
vn 0.059545 0.064797 -0.047495
vn 0.050815 0.071291 -0.048327
vn 0.039083 0.078017 -0.048846
vn 0.029778 0.082061 -0.048778
vn 0.020134 0.085216 -0.048299
vn 0.062318 0.055356 -0.055247
vn 0.061624 0.045326 -0.064405
vn 0.057692 0.051587 -0.063328
vn 0.052640 0.047419 -0.070572
vn 0.051487 0.056986 -0.064045
vn 0.046858 0.052287 -0.071207
vn 0.043787 0.062411 -0.064712
vn 0.039827 0.057124 -0.071768
vn 0.033828 0.067976 -0.065077
vn 0.030902 0.062064 -0.072064
vn 0.026057 0.071419 -0.064964
vn 0.023964 0.065165 -0.071967
vn 0.017940 0.074254 -0.064533
vn 0.016672 0.067787 -0.071603
vn 0.051657 0.038254 -0.076604
vn 0.045216 0.041073 -0.079174
vn 0.040144 0.045196 -0.079660
vn 0.034121 0.049243 -0.080068
vn 0.026644 0.053344 -0.080278
vn 0.020837 0.055967 -0.080209
vn 0.014670 0.058254 -0.079945
vn 0.040315 0.029816 -0.086520
vn 0.037161 0.033822 -0.086459
vn 0.032902 0.037168 -0.086810
vn 0.027949 0.040427 -0.087089
vn 0.021934 0.043708 -0.087227
vn 0.017243 0.045851 -0.087180
vn 0.012195 0.047778 -0.086997
vn 0.032863 0.029832 -0.089611
vn 0.027542 0.020207 -0.093985
vn 0.028330 0.025620 -0.092418
vn 0.023746 0.021454 -0.094741
vn 0.024941 0.028066 -0.092684
vn 0.020855 0.023443 -0.094950
vn 0.021116 0.030469 -0.092875
vn 0.017634 0.025414 -0.095096
vn 0.016603 0.032914 -0.092957
vn 0.013893 0.027435 -0.095154
vn 0.013072 0.034576 -0.092917
vn 0.010961 0.028840 -0.095121
vn 0.009221 0.036149 -0.092780
vn 0.019114 0.017278 -0.096624
vn 0.013956 0.010363 -0.098478
vn 0.014370 0.013025 -0.098101
vn 0.009593 0.008747 -0.099154
vn 0.012571 0.014146 -0.098193
vn 0.008383 0.009464 -0.099198
vn 0.010618 0.015280 -0.098254
vn 0.004798 0.004417 -0.099787
vn 0.000002 0.000001 -0.100000
vn 0.000166 0.019494 -0.098081
vn 0.001848 0.012761 -0.099165
vn 0.000222 0.009827 -0.099516
vn 0.000989 0.006401 -0.099790
vn 0.000000 0.000002 -0.100000
vn 0.000044 0.028977 -0.095710
vn 0.003393 0.025367 -0.096670
vn 0.002634 0.019083 -0.098127
vn 0.003267 0.012146 -0.099206
vn 0.001685 0.006083 -0.099801
vn 0.002301 0.005778 -0.099806
vn 0.000001 0.000002 -0.100000
vn -0.000753 0.099510 -0.009862
vn 0.011898 0.098726 -0.010562
vn 0.024244 0.096391 -0.010998
vn 0.035874 0.092692 -0.011014
vn 0.046463 0.087891 -0.010785
vn 0.059027 0.080037 -0.010479
vn 0.068293 0.072339 -0.010152
vn 0.000000 0.100000 -0.000000
vn 0.015769 0.098747 -0.000608
vn 0.030706 0.095167 -0.000604
vn 0.043937 0.089830 -0.000234
vn 0.055042 0.083489 -0.000000
vn 0.063956 0.076874 -0.000003
vn 0.070941 0.070480 -0.000005
vn 0.000002 0.000002 -0.100000
vn 0.000001 0.000002 -0.100000
vn 0.002852 0.005491 -0.099808
vn 0.000001 0.000002 -0.100000
vn 0.000001 0.000002 -0.100000
vn 0.016750 0.018827 -0.096773
vn 0.014152 0.020376 -0.096874
vn 0.011181 0.021977 -0.096912
vn 0.029031 0.032754 -0.089913
vn 0.024631 0.035602 -0.090143
vn 0.019356 0.038473 -0.090251
vn 0.015230 0.040377 -0.090209
vn 0.010759 0.042125 -0.090054
vn 0.055802 0.061252 -0.055986
vn 0.047529 0.067253 -0.056728
vn 0.036607 0.073435 -0.057160
vn 0.028027 0.077202 -0.057046
vn 0.019117 0.080209 -0.056578
vn 0.004788 0.018199 -0.098213
vn 0.004523 0.011548 -0.099228
vn 0.000000 0.100000 -0.000000
vn 0.000753 0.099510 -0.009862
vn -0.015772 0.098746 -0.000624
vn -0.014780 0.098319 -0.010717
vn -0.027234 0.095582 -0.011065
vn -0.013935 0.096883 -0.020481
vn -0.025972 0.094244 -0.021062
vn -0.013350 0.094492 -0.029885
vn -0.024820 0.091905 -0.030619
vn -0.012920 0.091207 -0.038915
vn -0.023723 0.088655 -0.039717
vn -0.012523 0.087014 -0.047662
vn -0.022606 0.084504 -0.048456
vn -0.012025 0.081971 -0.056001
vn -0.021407 0.079526 -0.056722
vn -0.011405 0.075993 -0.063992
vn -0.020032 0.073601 -0.064665
vn -0.010741 0.069457 -0.071136
vn -0.018556 0.067176 -0.071715
vn -0.009586 0.059770 -0.079597
vn -0.016269 0.057715 -0.080027
vn -0.007977 0.049104 -0.086748
vn -0.013509 0.047318 -0.087054
vn -0.005967 0.037296 -0.092593
vn -0.010227 0.035766 -0.092823
vn -0.004095 0.025113 -0.096709
vn -0.006953 0.023968 -0.096836
vn -0.002191 0.012619 -0.099176
vn -0.003595 0.011995 -0.099213
vn -0.000000 0.000002 -0.100000
vn 0.000987 0.098073 -0.019510
vn 0.000851 0.095721 -0.028926
vn 0.000506 0.092457 -0.038098
vn 0.000144 0.088266 -0.047000
vn -0.000001 0.083129 -0.055584
vn -0.000134 0.077188 -0.063577
vn -0.000349 0.070599 -0.070821
vn -0.000488 0.063408 -0.077325
vn -0.000442 0.055629 -0.083098
vn -0.000206 0.047252 -0.088132
vn 0.000003 0.038258 -0.092392
vn -0.000044 0.028977 -0.095710
vn -0.000166 0.019494 -0.098081
vn -0.000222 0.009827 -0.099516
vn -0.000000 0.000002 -0.100000
vn -0.027542 0.020207 -0.093985
vn -0.019638 0.016911 -0.096583
vn -0.013956 0.010363 -0.098478
vn -0.009865 0.008580 -0.099142
vn -0.000002 0.000002 -0.100000
vn -0.029070 0.025037 -0.092348
vn -0.040315 0.029816 -0.086520
vn -0.038074 0.033020 -0.086372
vn -0.046285 0.040091 -0.079060
vn -0.034949 0.035632 -0.086654
vn -0.042596 0.043300 -0.079440
vn -0.031469 0.038171 -0.086906
vn -0.038415 0.046439 -0.079798
vn -0.027540 0.040670 -0.087106
vn -0.033619 0.049546 -0.080093
vn -0.023229 0.043056 -0.087216
vn -0.028254 0.052536 -0.080260
vn -0.018533 0.045301 -0.087203
vn -0.022427 0.055301 -0.080243
vn -0.051657 0.038254 -0.076604
vn -0.053837 0.046272 -0.070430
vn -0.049672 0.050040 -0.070913
vn -0.044855 0.053768 -0.071393
vn -0.039236 0.057489 -0.071802
vn -0.032829 0.061095 -0.072039
vn -0.025857 0.064385 -0.072014
vn -0.061624 0.045326 -0.064405
vn -0.058957 0.050328 -0.063176
vn -0.054524 0.054485 -0.063707
vn -0.049308 0.058642 -0.064264
vn -0.043134 0.062820 -0.064754
vn -0.035986 0.066889 -0.065045
vn -0.028174 0.070559 -0.065020
vn -0.063623 0.053998 -0.055103
vn -0.069865 0.051266 -0.049907
vn -0.067622 0.057098 -0.046552
vn -0.075794 0.055593 -0.034126
vn -0.070919 0.059579 -0.037694
vn -0.073480 0.061473 -0.028667
vn -0.066131 0.064543 -0.038222
vn -0.068688 0.066586 -0.029124
vn -0.060204 0.069744 -0.038875
vn -0.062691 0.072024 -0.029706
vn -0.052881 0.075118 -0.039508
vn -0.055200 0.077692 -0.030281
vn -0.044055 0.080397 -0.039942
vn -0.046141 0.083240 -0.030694
vn -0.034122 0.085040 -0.040048
vn -0.035798 0.088126 -0.030860
vn -0.079386 0.058238 -0.017496
vn -0.075338 0.062840 -0.019375
vn -0.070568 0.068055 -0.019716
vn -0.064557 0.073660 -0.020161
vn -0.057001 0.079538 -0.020606
vn -0.047901 0.085245 -0.020948
vn -0.037367 0.090308 -0.021170
vn -0.076471 0.063685 -0.009819
vn -0.080622 0.059161 -0.000000
vn -0.076381 0.064545 -0.000001
vn -0.071727 0.068957 -0.010005
vn -0.070942 0.070479 -0.000003
vn -0.065744 0.074650 -0.010253
vn -0.063956 0.076874 -0.000002
vn -0.058215 0.080627 -0.010501
vn -0.055038 0.083492 -0.000001
vn -0.049290 0.086345 -0.010726
vn -0.043936 0.089831 -0.000276
vn -0.038827 0.091496 -0.011000
vn -0.030708 0.095166 -0.000644
vn -0.000001 0.000002 -0.100000
vn -0.004838 0.011392 -0.099231
vn -0.000001 0.000002 -0.100000
vn -0.005961 0.010810 -0.099235
vn -0.000001 0.000002 -0.100000
vn -0.006984 0.010255 -0.099227
vn -0.000001 0.000002 -0.100000
vn -0.007997 0.009686 -0.099208
vn -0.000001 0.000002 -0.100000
vn -0.008954 0.009129 -0.099179
vn -0.000002 0.000002 -0.100000
vn -0.062885 0.061860 -0.047103
vn -0.057108 0.066766 -0.047759
vn -0.050063 0.071784 -0.048381
vn -0.041653 0.076711 -0.048789
vn -0.032309 0.081064 -0.048833
vn -0.059012 0.058508 -0.055627
vn -0.053478 0.063079 -0.056224
vn -0.046822 0.067707 -0.056776
vn -0.038985 0.072233 -0.057119
vn -0.030362 0.076270 -0.057106
vn -0.026557 0.026940 -0.092569
vn -0.023823 0.028803 -0.092751
vn -0.020804 0.030650 -0.092886
vn -0.017574 0.032421 -0.092952
vn -0.014047 0.034142 -0.092936
vn -0.017870 0.018110 -0.096709
vn -0.015983 0.019299 -0.096810
vn -0.013943 0.020494 -0.096879
vn -0.011820 0.021648 -0.096911
vn -0.009497 0.022813 -0.096899
vn -0.000000 0.099518 -0.009801
vn -0.000000 0.099518 -0.009801
vn -0.000000 0.098079 -0.019509
vn -0.000000 0.095694 -0.029029
vn -0.000000 0.095694 -0.029029
vn -0.000000 0.098079 -0.019509
vn -0.000000 0.092388 -0.038268
vn -0.000000 0.092388 -0.038268
vn -0.000000 0.088192 -0.047139
vn -0.000000 0.088192 -0.047139
vn -0.000000 0.083147 -0.055557
vn -0.000000 0.077301 -0.063440
vn -0.000000 0.077301 -0.063440
vn -0.000000 0.083147 -0.055557
vn -0.000000 0.070711 -0.070711
vn -0.000000 0.070711 -0.070711
vn -0.000000 0.063440 -0.077301
vn -0.000000 0.063440 -0.077301
vn -0.000000 0.055557 -0.083147
vn -0.000000 0.055557 -0.083147
vn -0.000000 0.047139 -0.088192
vn -0.000000 0.038268 -0.092388
vn -0.000000 0.038268 -0.092388
vn -0.000000 0.047139 -0.088192
vn -0.000000 0.029029 -0.095694
vn -0.000000 0.029029 -0.095694
vn -0.000000 0.019509 -0.098079
vn -0.000000 0.019509 -0.098079
vn -0.000000 0.009801 -0.099518
vn -0.000000 0.009801 -0.099518
vn -0.066922 -0.014744 -0.072829
vn -0.069038 -0.015288 -0.070711
vn -0.074261 -0.016165 -0.064993
vn -0.068345 -0.018143 -0.070709
vn -0.078194 -0.020759 -0.058777
vn -0.077289 -0.023908 -0.058777
vn -0.085122 -0.026331 -0.045398
vn -0.083830 -0.030192 -0.045399
vn -0.089479 -0.032227 -0.030902
vn -0.088207 -0.035561 -0.030901
vn -0.091605 -0.036929 -0.015643
vn -0.090629 -0.039265 -0.015644
vn -0.092143 -0.038854 -0.000000
vn -0.091095 -0.041252 -0.000001
vn -0.090016 -0.040649 -0.015644
vn -0.089900 -0.040906 -0.015644
vn -0.086677 -0.039142 -0.030902
vn -0.086566 -0.039389 -0.030902
vn -0.081205 -0.036670 -0.045399
vn -0.081100 -0.036902 -0.045399
vn -0.073732 -0.033295 -0.058779
vn -0.073637 -0.033506 -0.058779
vn -0.064445 -0.029101 -0.070711
vn -0.064361 -0.029286 -0.070711
vn -0.053570 -0.024190 -0.080902
vn -0.053500 -0.024344 -0.080902
vn -0.041376 -0.018683 -0.089101
vn -0.041322 -0.018803 -0.089101
vn -0.028164 -0.012717 -0.095106
vn -0.028127 -0.012799 -0.095106
vn -0.014257 -0.006438 -0.098769
vn -0.014239 -0.006479 -0.098769
vn -0.014360 -0.006207 -0.098769
vn -0.000134 -0.000057 -0.100000
vn -0.009304 -0.003769 -0.099495
vn -0.058794 -0.013130 -0.079818
vn -0.056812 -0.015080 -0.080901
vn -0.049952 -0.011324 -0.085887
vn -0.043881 -0.011647 -0.089100
vn -0.040627 -0.009361 -0.090895
vn -0.029869 -0.007927 -0.095105
vn -0.030826 -0.007231 -0.094855
vn -0.020680 -0.004943 -0.097713
vn -0.015121 -0.004013 -0.098769
vn -0.010413 -0.002538 -0.099424
vn -0.000003 -0.000001 -0.100000
vn -0.000002 -0.000000 -0.100000
vn -0.014945 -0.004624 -0.098769
vn -0.014718 -0.005301 -0.098769
vn -0.014509 -0.005849 -0.098769
vn -0.028661 -0.011555 -0.095105
vn -0.028355 -0.012286 -0.095106
vn -0.041656 -0.018050 -0.089101
vn -0.014354 -0.006220 -0.098769
vn -0.014548 -0.005752 -0.098769
vn -0.018317 -0.007064 -0.098054
vn -0.028738 -0.011363 -0.095105
vn -0.035603 -0.012291 -0.092636
vn -0.042766 -0.015235 -0.089101
vn -0.043568 -0.014257 -0.088874
vn -0.055962 -0.017976 -0.080902
vn -0.051032 -0.015883 -0.084519
vn -0.058001 -0.017241 -0.079616
vn -0.064360 -0.018384 -0.074296
vn -0.067865 -0.019857 -0.070711
vn -0.067323 -0.021625 -0.070710
vn -0.055370 -0.019725 -0.080902
vn -0.042220 -0.016693 -0.089100
vn -0.028366 -0.012261 -0.095106
vn -0.070096 -0.019337 -0.068648
vn -0.077647 -0.022718 -0.058778
vn -0.077026 -0.024742 -0.058778
vn -0.066610 -0.023729 -0.070711
vn -0.076210 -0.027149 -0.058778
vn -0.065758 -0.025999 -0.070710
vn -0.075235 -0.029746 -0.058778
vn -0.064907 -0.028055 -0.070711
vn -0.074262 -0.032099 -0.058778
vn -0.078097 -0.021117 -0.058779
vn -0.075231 -0.020146 -0.062725
vn -0.079837 -0.020849 -0.056492
vn -0.084396 -0.021531 -0.049130
vn -0.086012 -0.023257 -0.045399
vn -0.085516 -0.025021 -0.045399
vn -0.084832 -0.027250 -0.045399
vn -0.083934 -0.029901 -0.045399
vn -0.082860 -0.032761 -0.045398
vn -0.081787 -0.035352 -0.045399
vn -0.088735 -0.022159 -0.040436
vn -0.091809 -0.024824 -0.030902
vn -0.091279 -0.026707 -0.030902
vn -0.090549 -0.029086 -0.030901
vn -0.089590 -0.031916 -0.030902
vn -0.088444 -0.034969 -0.030901
vn -0.087299 -0.037735 -0.030902
vn -0.092579 -0.022699 -0.030229
vn -0.094317 -0.022940 -0.024045
vn -0.095777 -0.023139 -0.017071
vn -0.096369 -0.023220 -0.013184
vn -0.095345 -0.025780 -0.015643
vn -0.094795 -0.027735 -0.015644
vn -0.094037 -0.030206 -0.015643
vn -0.093041 -0.033145 -0.015644
vn -0.091850 -0.036315 -0.015643
vn -0.090662 -0.039188 -0.015644
vn -0.096709 -0.025444 -0.000001
vn -0.096834 -0.023283 -0.009003
vn -0.097239 -0.023338 0.000000
vn -0.097134 -0.023324 -0.004591
vn -0.095837 -0.028555 -0.000000
vn -0.095198 -0.030616 -0.000003
vn -0.094408 -0.032973 -0.000001
vn -0.093462 -0.035564 -0.000002
vn -0.092486 -0.038031 -0.000002
vn -0.091548 -0.040236 -0.000000
vn -0.091013 -0.041433 -0.000001
vn -0.093948 -0.034260 -0.000002
vn -0.092925 -0.033469 -0.015643
vn -0.090859 -0.028105 -0.030899
vn -0.086118 -0.022863 -0.045398
vn -0.078988 -0.017492 -0.058778
vn -0.079610 -0.014400 -0.058779
vn -0.069674 -0.012303 -0.070669
vn -0.080081 -0.011497 -0.058778
vn -0.069993 -0.010049 -0.070711
vn -0.070289 -0.007706 -0.070711
vn -0.065871 -0.009062 -0.074692
vn -0.062941 -0.006438 -0.077440
vn -0.070492 -0.005528 -0.070713
vn -0.060791 -0.004206 -0.079289
vn -0.070690 -0.001613 -0.070713
vn -0.058801 -0.000624 -0.080883
vn -0.070680 0.002089 -0.070711
vn -0.059554 0.002285 -0.080300
vn -0.070512 0.005286 -0.070711
vn -0.062692 0.005128 -0.077739
vn -0.065055 0.006599 -0.075660
vn -0.070247 0.008081 -0.070711
vn -0.067968 0.008213 -0.072889
vn -0.071593 0.010092 -0.069084
vn -0.080372 0.009245 -0.058779
vn -0.079972 0.012230 -0.058778
vn -0.088517 0.010182 -0.045399
vn -0.088077 0.013470 -0.045399
vn -0.094483 0.010868 -0.030902
vn -0.094012 0.014378 -0.030902
vn -0.098122 0.011287 -0.015643
vn -0.097634 0.014931 -0.015643
vn -0.099244 0.012270 -0.000004
vn -0.098876 0.014950 -0.000001
vn -0.094359 -0.029185 -0.015641
vn -0.095986 -0.028049 -0.000013
vn -0.095461 -0.025347 -0.015641
vn -0.097679 -0.021421 -0.000002
vn -0.096433 -0.021353 -0.015643
vn -0.097192 -0.017580 -0.015642
vn -0.093588 -0.016928 -0.030899
vn -0.094140 -0.013516 -0.030901
vn -0.088196 -0.012662 -0.045399
vn -0.088569 -0.009713 -0.045400
vn -0.080419 -0.008818 -0.058779
vn -0.080652 -0.006326 -0.058781
vn -0.098834 -0.015224 -0.000007
vn -0.097766 -0.014038 -0.015643
vn -0.094539 -0.010368 -0.030902
vn -0.088826 -0.006968 -0.045402
vn -0.080878 -0.001844 -0.058782
vn -0.098180 -0.010766 -0.015643
vn -0.099525 -0.009736 -0.000009
vn -0.098467 -0.007723 -0.015641
vn -0.099882 -0.004854 -0.000026
vn -0.098744 -0.002251 -0.015641
vn -0.099998 -0.000567 -0.000010
vn -0.098726 0.002917 -0.015643
vn -0.099951 0.003116 -0.000002
vn -0.099791 0.006461 -0.000007
vn -0.098493 0.007383 -0.015643
vn -0.099549 0.009482 -0.000000
vn -0.098447 0.017557 -0.000002
vn -0.097025 0.018478 -0.015643
vn -0.093426 0.017793 -0.030902
vn -0.092670 0.021386 -0.030902
vn -0.086819 0.020036 -0.045399
vn -0.085829 0.023923 -0.045399
vn -0.077931 0.021722 -0.058778
vn -0.077313 0.023830 -0.058778
vn -0.067574 0.020828 -0.070711
vn -0.066857 0.023025 -0.070711
vn -0.055575 0.019139 -0.080902
vn -0.054828 0.021185 -0.080902
vn -0.042348 0.016363 -0.089101
vn -0.041587 0.018210 -0.089101
vn -0.028307 0.012395 -0.095106
vn -0.027481 0.014133 -0.095106
vn -0.013912 0.007155 -0.098769
vn -0.013478 0.007942 -0.098769
vn -0.013126 0.008511 -0.098769
vn -0.013994 0.010269 -0.098482
vn -0.026621 0.015692 -0.095106
vn -0.025929 0.016812 -0.095106
vn -0.027590 0.020247 -0.093962
vn -0.097933 0.020228 -0.000000
vn -0.096239 0.022210 -0.015643
vn -0.091613 0.025535 -0.030902
vn -0.085148 0.026245 -0.045399
vn -0.076493 0.026343 -0.058778
vn -0.065958 0.025485 -0.070711
vn -0.053843 0.023576 -0.080902
vn -0.040373 0.020763 -0.089101
vn -0.097304 0.023063 -0.000001
vn -0.095142 0.026519 -0.015643
vn -0.090886 0.028014 -0.030902
vn -0.084245 0.029012 -0.045399
vn -0.075465 0.029158 -0.058778
vn -0.064773 0.028363 -0.070711
vn -0.052271 0.026882 -0.080902
vn -0.039106 0.023060 -0.089101
vn -0.096497 0.026237 -0.000002
vn -0.095379 0.030048 -0.000001
vn -0.094387 0.029093 -0.015643
vn -0.093386 0.032161 -0.015643
vn -0.089923 0.030968 -0.030902
vn -0.088714 0.034277 -0.030902
vn -0.083113 0.032113 -0.045399
vn -0.081619 0.035739 -0.045399
vn -0.074109 0.032450 -0.058778
vn -0.071945 0.037000 -0.058778
vn -0.062882 0.032339 -0.070711
vn -0.060898 0.035936 -0.070711
vn -0.050626 0.029864 -0.080902
vn -0.051837 0.038041 -0.076588
vn -0.049318 0.031978 -0.080902
vn -0.040296 0.029572 -0.086612
vn -0.093660 0.035040 -0.000000
vn -0.092131 0.035598 -0.015643
vn -0.087120 0.038148 -0.030902
vn -0.079237 0.040749 -0.045399
vn -0.069669 0.041126 -0.058778
vn -0.061746 0.045312 -0.064298
vn -0.059330 0.038469 -0.070711
vn -0.092359 0.038337 -0.000000
vn -0.090475 0.039617 -0.015643
vn -0.084577 0.043495 -0.030902
vn -0.076722 0.045306 -0.045399
vn -0.067881 0.044014 -0.058778
vn -0.069827 0.051244 -0.049983
vn -0.074761 0.048474 -0.045399
vn -0.081885 0.048373 -0.030902
vn -0.075752 0.055592 -0.034221
vn -0.079799 0.051741 -0.030902
vn -0.079397 0.058265 -0.017358
vn -0.082873 0.053734 -0.015643
vn -0.080620 0.059164 -0.000000
vn -0.083089 0.055644 -0.000000
vn -0.084877 0.052876 -0.000000
vn -0.085030 0.050252 -0.015644
vn -0.087412 0.048571 -0.000001
vn -0.087834 0.045171 -0.015643
vn -0.089168 0.045268 -0.000000
vn -0.090483 0.042576 -0.000001
vn -0.038092 0.024699 -0.089101
vn -0.014330 0.006275 -0.098769
vn -0.028825 0.011138 -0.095106
vn -0.042925 0.014783 -0.089101
vn -0.056170 0.017313 -0.080902
vn -0.068114 0.018985 -0.070711
vn -0.078830 0.018192 -0.058778
vn -0.085249 0.016956 -0.049448
vn -0.087527 0.016670 -0.045399
vn -0.080491 0.014517 -0.057537
vn -0.014592 0.005638 -0.098769
vn -0.029218 0.010062 -0.095106
vn -0.043385 0.013372 -0.089101
vn -0.056620 0.015781 -0.080902
vn -0.068900 0.015900 -0.070711
vn -0.078056 0.015604 -0.060528
vn -0.014791 0.005094 -0.098769
vn -0.029531 0.009102 -0.095106
vn -0.043732 0.012189 -0.089101
vn -0.057273 0.013217 -0.080902
vn -0.059804 0.012113 -0.079226
vn -0.069521 0.013983 -0.070508
vn -0.014950 0.004608 -0.098769
vn -0.029767 0.008297 -0.095106
vn -0.044236 0.010209 -0.089101
vn -0.049053 0.010013 -0.086565
vn -0.015069 0.004200 -0.098769
vn -0.015243 0.003518 -0.098769
vn -0.012788 0.002682 -0.099143
vn -0.025313 0.005258 -0.096600
vn -0.030111 0.006949 -0.095106
vn -0.037532 0.007726 -0.092367
vn -0.075829 0.012200 -0.064040
vn -0.086993 -0.019264 -0.045399
vn -0.087678 -0.015859 -0.045399
vn -0.092856 -0.020562 -0.030902
vn -0.091922 -0.024405 -0.030899
vn -0.029523 -0.009134 -0.095105
vn -0.029074 -0.010471 -0.095105
vn -0.043372 -0.013419 -0.089100
vn -0.042713 -0.015383 -0.089101
vn -0.042106 -0.016975 -0.089101
vn -0.056154 -0.017372 -0.080901
vn -0.055301 -0.019917 -0.080902
vn -0.054515 -0.021978 -0.080902
vn -0.053933 -0.023369 -0.080902
vn -0.067554 -0.020898 -0.070709
vn -0.066527 -0.023960 -0.070711
vn -0.065582 -0.026439 -0.070711
vn -0.064882 -0.028112 -0.070711
vn -0.076116 -0.027414 -0.058778
vn -0.082638 -0.033316 -0.045399
vn -0.087267 -0.037809 -0.030902
vn -0.075034 -0.030250 -0.058778
vn -0.074234 -0.032163 -0.058778
vn -0.081757 -0.035422 -0.045399
vn -0.053954 -0.023321 -0.080902
vn -0.054662 -0.021612 -0.080901
vn -0.041673 -0.018012 -0.089101
vn -0.094815 -0.007438 -0.030899
vn -0.089076 -0.002030 -0.045402
vn -0.080866 0.002389 -0.058778
vn -0.095082 -0.002166 -0.030899
vn -0.095064 0.002808 -0.030902
vn -0.094840 0.007110 -0.030901
vn -0.089062 0.002631 -0.045399
vn -0.080675 0.006048 -0.058779
vn -0.088851 0.006661 -0.045400
vn 0.078056 0.015604 -0.060529
vn 0.078830 0.018192 -0.058778
vn 0.085249 0.016956 -0.049448
vn 0.086819 0.020036 -0.045399
vn 0.087527 0.016670 -0.045399
vn 0.092670 0.021386 -0.030902
vn 0.093426 0.017793 -0.030902
vn 0.096239 0.022210 -0.015643
vn 0.097025 0.018478 -0.015643
vn 0.097933 0.020228 -0.000000
vn 0.098447 0.017557 -0.000002
vn 0.068900 0.015900 -0.070711
vn 0.069521 0.013983 -0.070508
vn 0.059803 0.012113 -0.079227
vn 0.057273 0.013217 -0.080902
vn 0.049051 0.010012 -0.086567
vn 0.044236 0.010209 -0.089101
vn 0.037527 0.007725 -0.092369
vn 0.030111 0.006949 -0.095106
vn 0.025310 0.005258 -0.096601
vn 0.015243 0.003518 -0.098769
vn 0.012787 0.002682 -0.099143
vn 0.015069 0.004200 -0.098769
vn 0.029767 0.008297 -0.095106
vn 0.029531 0.009102 -0.095106
vn 0.043385 0.013372 -0.089101
vn 0.042925 0.014783 -0.089101
vn 0.055575 0.019139 -0.080902
vn 0.054828 0.021185 -0.080902
vn 0.065958 0.025485 -0.070711
vn 0.064773 0.028363 -0.070711
vn 0.074109 0.032450 -0.058778
vn 0.071945 0.037000 -0.058778
vn 0.079237 0.040749 -0.045399
vn 0.069669 0.041126 -0.058778
vn 0.076722 0.045306 -0.045399
vn 0.067881 0.044014 -0.058778
vn 0.069827 0.051244 -0.049983
vn 0.061746 0.045312 -0.064298
vn 0.060898 0.035936 -0.070711
vn 0.062882 0.032339 -0.070711
vn 0.053843 0.023576 -0.080902
vn 0.042348 0.016363 -0.089101
vn 0.029218 0.010062 -0.095106
vn 0.014950 0.004608 -0.098769
vn 0.014791 0.005094 -0.098769
vn 0.014592 0.005638 -0.098769
vn 0.014330 0.006275 -0.098769
vn 0.013912 0.007155 -0.098769
vn 0.013478 0.007942 -0.098769
vn 0.013126 0.008511 -0.098769
vn 0.026621 0.015692 -0.095106
vn 0.013994 0.010269 -0.098482
vn 0.025929 0.016812 -0.095106
vn 0.027590 0.020247 -0.093962
vn 0.039106 0.023060 -0.089101
vn 0.040373 0.020763 -0.089101
vn 0.052271 0.026882 -0.080902
vn 0.041587 0.018210 -0.089101
vn 0.038092 0.024699 -0.089101
vn 0.040296 0.029572 -0.086612
vn 0.050626 0.029864 -0.080902
vn 0.049318 0.031978 -0.080902
vn 0.051837 0.038041 -0.076588
vn 0.059330 0.038469 -0.070711
vn 0.074761 0.048474 -0.045399
vn 0.075752 0.055592 -0.034221
vn 0.081885 0.048373 -0.030902
vn 0.079799 0.051741 -0.030902
vn 0.085030 0.050252 -0.015644
vn 0.082873 0.053734 -0.015643
vn 0.084877 0.052876 -0.000000
vn 0.083089 0.055644 -0.000000
vn 0.080620 0.059164 -0.000000
vn 0.079397 0.058265 -0.017358
vn 0.087412 0.048571 -0.000001
vn 0.087834 0.045171 -0.015643
vn 0.084577 0.043495 -0.030902
vn 0.089168 0.045268 -0.000000
vn 0.090483 0.042576 -0.000001
vn 0.090475 0.039617 -0.015643
vn 0.092359 0.038337 -0.000000
vn 0.092131 0.035598 -0.015643
vn 0.093660 0.035040 -0.000000
vn 0.093386 0.032161 -0.015643
vn 0.095379 0.030048 -0.000001
vn 0.094387 0.029093 -0.015643
vn 0.095142 0.026519 -0.015643
vn 0.091613 0.025535 -0.030902
vn 0.096497 0.026237 -0.000002
vn 0.097304 0.023063 -0.000001
vn 0.097634 0.014931 -0.015643
vn 0.098876 0.014950 -0.000001
vn 0.099244 0.012270 -0.000004
vn 0.098122 0.011287 -0.015643
vn 0.099549 0.009482 -0.000000
vn 0.098493 0.007383 -0.015643
vn 0.099791 0.006461 -0.000007
vn 0.098726 0.002917 -0.015643
vn 0.099951 0.003116 -0.000002
vn 0.099998 -0.000567 -0.000010
vn 0.098744 -0.002251 -0.015641
vn 0.099882 -0.004854 -0.000026
vn 0.098467 -0.007723 -0.015641
vn 0.099525 -0.009736 -0.000009
vn 0.098180 -0.010766 -0.015643
vn 0.098834 -0.015224 -0.000007
vn 0.097766 -0.014038 -0.015643
vn 0.097192 -0.017580 -0.015642
vn 0.093588 -0.016928 -0.030899
vn 0.092856 -0.020562 -0.030902
vn 0.086993 -0.019264 -0.045399
vn 0.086118 -0.022863 -0.045398
vn 0.078194 -0.020759 -0.058777
vn 0.077289 -0.023908 -0.058777
vn 0.067554 -0.020898 -0.070709
vn 0.066527 -0.023960 -0.070711
vn 0.055301 -0.019917 -0.080902
vn 0.054515 -0.021978 -0.080902
vn 0.042106 -0.016975 -0.089101
vn 0.041656 -0.018050 -0.089101
vn 0.028355 -0.012286 -0.095106
vn 0.028164 -0.012717 -0.095106
vn 0.014257 -0.006438 -0.098769
vn 0.014239 -0.006479 -0.098769
vn 0.014360 -0.006207 -0.098769
vn 0.000134 -0.000057 -0.100000
vn 0.009304 -0.003769 -0.099495
vn 0.014548 -0.005752 -0.098769
vn 0.018317 -0.007064 -0.098054
vn 0.028738 -0.011363 -0.095105
vn 0.035603 -0.012291 -0.092636
vn 0.042766 -0.015235 -0.089101
vn 0.043568 -0.014257 -0.088874
vn 0.055370 -0.019725 -0.080902
vn 0.055962 -0.017976 -0.080902
vn 0.066610 -0.023729 -0.070711
vn 0.067323 -0.021625 -0.070710
vn 0.076210 -0.027149 -0.058778
vn 0.077026 -0.024742 -0.058778
vn 0.083934 -0.029901 -0.045399
vn 0.084832 -0.027250 -0.045399
vn 0.089590 -0.031916 -0.030902
vn 0.090549 -0.029086 -0.030901
vn 0.093041 -0.033145 -0.015644
vn 0.094037 -0.030206 -0.015643
vn 0.094408 -0.032973 -0.000001
vn 0.095198 -0.030616 -0.000003
vn 0.097679 -0.021421 -0.000002
vn 0.096433 -0.021353 -0.015643
vn 0.091922 -0.024405 -0.030899
vn 0.085122 -0.026331 -0.045398
vn 0.076116 -0.027414 -0.058778
vn 0.065582 -0.026439 -0.070711
vn 0.053933 -0.023369 -0.080902
vn 0.041376 -0.018683 -0.089101
vn 0.028127 -0.012799 -0.095106
vn 0.095461 -0.025347 -0.015641
vn 0.095986 -0.028049 -0.000013
vn 0.094359 -0.029185 -0.015641
vn 0.093948 -0.034260 -0.000002
vn 0.092925 -0.033469 -0.015643
vn 0.091605 -0.036929 -0.015643
vn 0.088207 -0.035561 -0.030901
vn 0.087267 -0.037809 -0.030902
vn 0.081757 -0.035422 -0.045399
vn 0.081205 -0.036670 -0.045399
vn 0.073732 -0.033295 -0.058779
vn 0.073637 -0.033506 -0.058779
vn 0.064361 -0.029286 -0.070711
vn 0.064907 -0.028055 -0.070711
vn 0.053954 -0.023321 -0.080902
vn 0.054662 -0.021612 -0.080901
vn 0.042220 -0.016693 -0.089100
vn 0.092143 -0.038854 -0.000000
vn 0.090629 -0.039265 -0.015644
vn 0.086677 -0.039142 -0.030902
vn 0.081100 -0.036902 -0.045399
vn 0.074262 -0.032099 -0.058778
vn 0.065758 -0.025999 -0.070710
vn 0.091095 -0.041252 -0.000001
vn 0.090016 -0.040649 -0.015644
vn 0.086566 -0.039389 -0.030902
vn 0.081787 -0.035352 -0.045399
vn 0.075235 -0.029746 -0.058778
vn 0.089900 -0.040906 -0.015644
vn 0.091013 -0.041433 -0.000001
vn 0.091548 -0.040236 -0.000000
vn 0.090662 -0.039188 -0.015644
vn 0.092486 -0.038031 -0.000002
vn 0.091850 -0.036315 -0.015643
vn 0.093462 -0.035564 -0.000002
vn 0.095837 -0.028555 -0.000000
vn 0.094795 -0.027735 -0.015644
vn 0.091279 -0.026707 -0.030902
vn 0.091809 -0.024824 -0.030902
vn 0.086012 -0.023257 -0.045399
vn 0.084396 -0.021531 -0.049130
vn 0.079837 -0.020849 -0.056492
vn 0.096709 -0.025444 -0.000001
vn 0.095345 -0.025780 -0.015643
vn 0.092579 -0.022699 -0.030229
vn 0.088735 -0.022159 -0.040436
vn 0.097239 -0.023338 0.000000
vn 0.096834 -0.023283 -0.009003
vn 0.096369 -0.023220 -0.013184
vn 0.095777 -0.023139 -0.017071
vn 0.097134 -0.023324 -0.004591
vn 0.094317 -0.022940 -0.024045
vn 0.078097 -0.021117 -0.058779
vn 0.075231 -0.020146 -0.062725
vn 0.070096 -0.019337 -0.068648
vn 0.064360 -0.018384 -0.074296
vn 0.067865 -0.019857 -0.070711
vn 0.077647 -0.022718 -0.058778
vn 0.085516 -0.025021 -0.045399
vn 0.058001 -0.017241 -0.079616
vn 0.051032 -0.015883 -0.084519
vn 0.014354 -0.006220 -0.098769
vn 0.014509 -0.005849 -0.098769
vn 0.014718 -0.005301 -0.098769
vn 0.014945 -0.004624 -0.098769
vn 0.029523 -0.009134 -0.095105
vn 0.029869 -0.007927 -0.095105
vn 0.043881 -0.011647 -0.089100
vn 0.040579 -0.009351 -0.090917
vn 0.049906 -0.011314 -0.085915
vn 0.000003 -0.000001 -0.100000
vn 0.015121 -0.004013 -0.098769
vn 0.020653 -0.004937 -0.097719
vn 0.030769 -0.007218 -0.094874
vn 0.000002 -0.000000 -0.100000
vn 0.010407 -0.002536 -0.099425
vn 0.056812 -0.015080 -0.080901
vn 0.058747 -0.013120 -0.079854
vn 0.068345 -0.018143 -0.070709
vn 0.066905 -0.014741 -0.072846
vn 0.069038 -0.015288 -0.070711
vn 0.074261 -0.016165 -0.064993
vn 0.069595 -0.012236 -0.070759
vn 0.079610 -0.014400 -0.058779
vn 0.078988 -0.017492 -0.058778
vn 0.065708 -0.008919 -0.074853
vn 0.069993 -0.010049 -0.070711
vn 0.080081 -0.011497 -0.058778
vn 0.088196 -0.012662 -0.045399
vn 0.087678 -0.015859 -0.045399
vn 0.094140 -0.013516 -0.030901
vn 0.070289 -0.007706 -0.070711
vn 0.062752 -0.006258 -0.077608
vn 0.070492 -0.005528 -0.070713
vn 0.060657 -0.004046 -0.079400
vn 0.070690 -0.001613 -0.070713
vn 0.058779 -0.000476 -0.080900
vn 0.070680 0.002089 -0.070711
vn 0.059667 0.002439 -0.080212
vn 0.070512 0.005286 -0.070711
vn 0.062960 0.005309 -0.077510
vn 0.070247 0.008081 -0.070711
vn 0.068383 0.008433 -0.072475
vn 0.071806 0.010201 -0.068846
vn 0.075893 0.012232 -0.063958
vn 0.079972 0.012230 -0.058778
vn 0.080372 0.009245 -0.058779
vn 0.080487 0.014515 -0.057543
vn 0.088077 0.013470 -0.045399
vn 0.088517 0.010182 -0.045399
vn 0.080675 0.006048 -0.058779
vn 0.088851 0.006661 -0.045400
vn 0.080866 0.002389 -0.058778
vn 0.089062 0.002631 -0.045399
vn 0.080878 -0.001844 -0.058782
vn 0.089076 -0.002030 -0.045402
vn 0.080652 -0.006326 -0.058781
vn 0.088826 -0.006968 -0.045402
vn 0.080419 -0.008818 -0.058779
vn 0.088569 -0.009713 -0.045400
vn 0.043732 0.012189 -0.089101
vn 0.056620 0.015781 -0.080902
vn 0.068114 0.018985 -0.070711
vn 0.077931 0.021722 -0.058778
vn 0.085829 0.023923 -0.045399
vn 0.094012 0.014378 -0.030902
vn 0.094483 0.010868 -0.030902
vn 0.094840 0.007110 -0.030901
vn 0.095064 0.002808 -0.030902
vn 0.095082 -0.002166 -0.030899
vn 0.094815 -0.007438 -0.030899
vn 0.094539 -0.010368 -0.030902
vn 0.056170 0.017313 -0.080902
vn 0.067574 0.020828 -0.070711
vn 0.077313 0.023830 -0.058778
vn 0.085148 0.026245 -0.045399
vn 0.090886 0.028014 -0.030902
vn 0.028825 0.011138 -0.095106
vn 0.066857 0.023025 -0.070711
vn 0.076493 0.026343 -0.058778
vn 0.075465 0.029158 -0.058778
vn 0.084245 0.029012 -0.045399
vn 0.083113 0.032113 -0.045399
vn 0.081619 0.035739 -0.045399
vn 0.089923 0.030968 -0.030902
vn 0.088714 0.034277 -0.030902
vn 0.087120 0.038148 -0.030902
vn 0.028307 0.012395 -0.095106
vn 0.027481 0.014133 -0.095106
vn 0.090859 -0.028105 -0.030899
vn 0.083830 -0.030192 -0.045399
vn 0.075034 -0.030250 -0.058778
vn 0.064882 -0.028112 -0.070711
vn 0.053570 -0.024190 -0.080902
vn 0.041322 -0.018803 -0.089101
vn 0.028366 -0.012261 -0.095106
vn 0.089479 -0.032227 -0.030902
vn 0.056154 -0.017372 -0.080901
vn 0.043372 -0.013419 -0.089100
vn 0.042713 -0.015383 -0.089101
vn 0.029074 -0.010471 -0.095105
vn 0.082638 -0.033316 -0.045399
vn 0.074234 -0.032163 -0.058778
vn 0.064445 -0.029101 -0.070711
vn 0.053500 -0.024344 -0.080902
vn 0.041673 -0.018012 -0.089101
vn 0.028661 -0.011555 -0.095105
vn 0.087299 -0.037735 -0.030902
vn 0.082860 -0.032761 -0.045398
vn 0.088444 -0.034969 -0.030901
vn 0.000000 0.000000 0.100000
vn 0.000000 0.000000 0.100000
vn 0.000000 0.000000 0.100000
vn 0.000000 0.000000 0.100000
vn 0.000000 0.000000 0.100000
vn 0.000000 0.000000 0.100000
vn 0.000000 0.000000 0.100000
vn 0.000000 0.000000 0.100000
vn 0.000000 0.000000 0.100000
vn 0.000000 0.000000 0.100000
vn 0.000000 0.000000 0.100000
vn 0.000000 0.000000 0.100000
vn 0.000000 0.000000 0.100000
vn 0.000000 0.000000 0.100000
vn 0.000000 0.000000 0.100000
vn 0.000000 0.000000 0.100000
vn 0.000000 0.000000 0.100000
vn 0.000000 0.000000 0.100000
vn 0.000000 0.000000 0.100000
vn 0.000000 0.000000 0.100000
vn 0.000000 0.000000 0.100000
vn 0.000000 0.000000 0.100000
vn 0.000000 0.000000 0.100000
vn 0.000000 0.000000 0.100000
vn 0.000000 0.000000 0.100000
vn 0.019314 0.098117 0.000003
vn 0.023921 0.097097 0.000006
vn 0.021263 0.096453 0.015644
vn 0.023751 0.096558 0.010605
vn 0.023252 0.094965 0.020999
vn 0.020474 0.092876 0.030902
vn 0.022435 0.092334 0.031163
vn 0.021325 0.088727 0.040899
vn 0.019181 0.087012 0.045399
vn 0.019961 0.084244 0.050045
vn 0.018372 0.078916 0.058607
vn 0.017415 0.079005 0.058779
vn 0.016603 0.072846 0.066467
vn 0.015220 0.069053 0.070711
vn 0.014711 0.066176 0.073515
vn 0.013098 0.069486 0.070711
vn 0.012727 0.058931 0.079782
vn 0.010888 0.057760 0.080902
vn 0.010694 0.051194 0.085234
vn 0.008411 0.044612 0.089101
vn 0.008667 0.043142 0.089798
vn 0.006680 0.034792 0.093514
vn 0.004768 0.026171 0.096397
vn 0.004843 0.030520 0.095106
vn 0.007116 0.044837 0.089101
vn 0.009213 0.058051 0.080902
vn 0.011085 0.069836 0.070711
vn 0.012684 0.079901 0.058779
vn 0.014985 0.079501 0.058779
vn 0.013970 0.087998 0.045400
vn 0.016502 0.087559 0.045400
vn 0.014912 0.093929 0.030901
vn 0.017614 0.093460 0.030901
vn 0.015486 0.097547 0.015643
vn 0.018293 0.097060 0.015643
vn 0.016167 0.098685 0.000007
vn 0.002996 0.017476 0.098415
vn 0.002451 0.015450 0.098769
vn 0.002410 0.019344 0.098082
vn 0.001216 0.009747 0.099516
vn 0.001397 0.008748 0.099607
vn 0.000000 0.000001 0.100000
vn 0.000000 0.000000 0.100000
vn 0.003584 0.028794 0.095698
vn 0.004725 0.037998 0.092378
vn 0.005811 0.046772 0.088196
vn 0.006841 0.055115 0.083160
vn 0.007809 0.062976 0.077285
vn 0.008694 0.070174 0.070711
vn 0.009495 0.076699 0.063459
vn 0.010209 0.082530 0.055539
vn 0.010822 0.087529 0.047133
vn 0.011330 0.091681 0.038292
vn 0.011736 0.094975 0.029016
vn 0.012030 0.097341 0.019494
vn 0.012209 0.098765 0.009823
vn 0.012270 0.099244 0.000001
vn 0.013400 0.098612 0.009801
vn 0.006639 0.098257 0.017365
vn -0.000006 0.098481 0.017365
vn -0.000005 0.093969 0.034202
vn -0.006659 0.098255 0.017365
vn -0.006354 0.093754 0.034202
vn -0.012905 0.094820 0.029029
vn -0.012457 0.091544 0.038269
vn -0.005856 0.086404 0.050000
vn -0.011887 0.087387 0.047140
vn -0.011201 0.082389 0.055558
vn -0.005180 0.076429 0.064279
vn -0.010406 0.076597 0.063440
vn -0.009510 0.070068 0.070711
vn -0.004346 0.064132 0.076604
vn -0.008524 0.062864 0.077301
vn -0.007457 0.055054 0.083147
vn -0.003381 0.049886 0.086603
vn -0.006320 0.046713 0.088193
vn -0.005125 0.037923 0.092388
vn -0.002313 0.034124 0.093969
vn -0.003883 0.028767 0.095694
vn -0.001174 0.017325 0.098481
vn -0.002607 0.019334 0.098079
vn -0.001308 0.009714 0.099519
vn 0.000000 -0.000000 0.100000
vn 0.013198 0.097187 0.019509
vn 0.012869 0.094825 0.029029
vn 0.006328 0.093756 0.034202
vn 0.012416 0.091550 0.038268
vn 0.005826 0.086406 0.050000
vn 0.011845 0.087393 0.047139
vn 0.011160 0.082395 0.055557
vn 0.005147 0.076431 0.064279
vn 0.010369 0.076602 0.063440
vn 0.009478 0.070073 0.070711
vn 0.004315 0.064134 0.076604
vn 0.008498 0.062868 0.077301
vn 0.007438 0.055057 0.083147
vn 0.003352 0.049887 0.086603
vn 0.006307 0.046716 0.088192
vn 0.005117 0.037925 0.092388
vn 0.002291 0.034125 0.093969
vn 0.003879 0.028768 0.095694
vn 0.001162 0.017326 0.098481
vn 0.002605 0.019334 0.098079
vn 0.001308 0.009714 0.099518
vn -0.000000 0.017365 0.098481
vn -0.013226 0.097183 0.019509
vn -0.013416 0.098610 0.009801
vn -0.000000 0.034202 0.093969
vn -0.000001 0.050000 0.086603
vn -0.000002 0.064279 0.076604
vn -0.000003 0.076604 0.064279
vn -0.000004 0.086603 0.050000
vn -0.000000 0.000000 0.100000
vn -0.000000 0.000001 0.100000
vn -0.001216 0.009747 0.099516
vn -0.001397 0.008748 0.099607
vn -0.002452 0.015450 0.098769
vn -0.002996 0.017475 0.098416
vn -0.004844 0.030520 0.095106
vn -0.004768 0.026171 0.096397
vn -0.006681 0.034793 0.093514
vn -0.008668 0.043147 0.089795
vn -0.008411 0.044612 0.089101
vn -0.007117 0.044837 0.089101
vn -0.004732 0.037998 0.092378
vn -0.003588 0.028794 0.095698
vn -0.010695 0.051199 0.085230
vn -0.010888 0.057760 0.080902
vn -0.009215 0.058051 0.080902
vn -0.006854 0.055114 0.083159
vn -0.007827 0.062974 0.077285
vn -0.011087 0.069835 0.070711
vn -0.008716 0.070171 0.070711
vn -0.009521 0.076696 0.063459
vn -0.012686 0.079900 0.058779
vn -0.010238 0.082526 0.055539
vn -0.013973 0.087998 0.045400
vn -0.010851 0.087526 0.047132
vn -0.011359 0.091677 0.038292
vn -0.014915 0.093929 0.030901
vn -0.011761 0.094972 0.029016
vn -0.012049 0.097339 0.019494
vn -0.015489 0.097547 0.015643
vn -0.012220 0.098763 0.009823
vn -0.016167 0.098685 0.000007
vn -0.012270 0.099244 0.000001
vn -0.012728 0.058933 0.079781
vn -0.013098 0.069486 0.070711
vn -0.014711 0.066176 0.073514
vn -0.015220 0.069053 0.070711
vn -0.017415 0.079005 0.058779
vn -0.016604 0.072851 0.066461
vn -0.018374 0.078925 0.058594
vn -0.019181 0.087012 0.045399
vn -0.019963 0.084254 0.050028
vn -0.021326 0.088731 0.040889
vn -0.020474 0.092876 0.030902
vn -0.022435 0.092334 0.031163
vn -0.023252 0.094965 0.020997
vn -0.021263 0.096453 0.015644
vn -0.023751 0.096558 0.010603
vn -0.019314 0.098117 0.000003
vn -0.023921 0.097097 0.000006
vn -0.018294 0.097060 0.015643
vn -0.005820 0.046771 0.088196
vn -0.002412 0.019344 0.098082
vn -0.014985 0.079501 0.058779
vn -0.016502 0.087559 0.045400
vn -0.017614 0.093460 0.030901
vn 0.000000 0.100000 0.000000
vn 0.000000 0.100000 0.000000
vn -0.097237 0.023346 -0.000000
vn -0.097237 0.023346 -0.000000
vn -0.089863 0.043871 -0.000000
vn -0.089030 0.045538 -0.000000
vn -0.078200 0.062328 -0.000000
vn -0.075814 0.065209 -0.000000
vn -0.062802 0.077820 -0.000000
vn -0.058349 0.081212 -0.000000
vn -0.044415 0.089595 -0.000000
vn -0.037592 0.092665 -0.000000
vn -0.023936 0.097093 -0.000000
vn -0.097220 0.023415 0.000008
vn -0.092378 0.038246 0.001878
vn -0.088216 0.046999 0.003019
vn -0.083197 0.055327 0.004135
vn -0.088158 0.046827 0.005959
vn -0.083115 0.055002 0.008168
vn -0.088067 0.046528 0.008902
vn -0.082987 0.054446 0.012196
vn -0.087947 0.046108 0.011808
vn -0.082816 0.053667 0.016165
vn -0.087787 0.045626 0.014548
vn -0.082594 0.052741 0.019913
vn -0.087598 0.045079 0.017159
vn -0.082334 0.051669 0.023481
vn -0.087390 0.044452 0.019671
vn -0.082053 0.050431 0.026907
vn -0.087178 0.043718 0.022106
vn -0.081772 0.048994 0.030215
vn -0.086942 0.042972 0.024381
vn -0.081469 0.047477 0.033298
vn -0.086678 0.042256 0.026483
vn -0.081145 0.045927 0.036142
vn -0.086390 0.041581 0.028422
vn -0.080811 0.044354 0.038760
vn -0.086080 0.040962 0.030207
vn -0.080476 0.042773 0.041160
vn -0.085746 0.040415 0.031847
vn -0.080143 0.041210 0.043346
vn -0.085309 0.040165 0.033302
vn -0.079744 0.039882 0.045280
vn -0.084747 0.040275 0.034582
vn -0.079268 0.038859 0.046974
vn -0.077907 0.037777 0.050034
vn -0.072393 0.036754 0.058382
vn -0.063625 0.030851 0.070711
vn -0.064137 0.033949 0.068803
vn -0.053038 0.029903 0.079327
vn -0.053717 0.034544 0.076949
vn -0.042163 0.031208 0.085137
vn -0.043113 0.037085 0.082255
vn -0.030820 0.034089 0.088815
vn -0.032114 0.040980 0.085378
vn -0.019604 0.038262 0.090287
vn -0.021292 0.045822 0.086296
vn -0.008653 0.043165 0.089788
vn -0.010699 0.051209 0.085224
vn -0.023031 0.053062 0.081572
vn -0.012740 0.058894 0.079808
vn -0.024767 0.059959 0.076102
vn -0.014718 0.066180 0.073509
vn -0.026447 0.066484 0.069860
vn -0.016581 0.072957 0.066350
vn -0.028030 0.072543 0.062864
vn -0.018347 0.078954 0.058564
vn -0.029536 0.077876 0.055344
vn -0.019957 0.084196 0.050127
vn -0.030910 0.082523 0.047271
vn -0.021347 0.088673 0.041004
vn -0.032094 0.086487 0.038600
vn -0.022452 0.092331 0.031160
vn -0.033033 0.089728 0.029287
vn -0.023259 0.094968 0.020980
vn -0.033720 0.092060 0.019697
vn -0.023762 0.096553 0.010626
vn -0.034149 0.093458 0.009973
vn -0.044102 0.089276 0.009205
vn -0.053588 0.084018 0.008323
vn -0.053303 0.082995 0.016447
vn -0.062175 0.076963 0.014523
vn -0.061827 0.075556 0.021649
vn -0.070460 0.068543 0.018366
vn -0.070121 0.067022 0.024312
vn -0.076873 0.060640 0.020332
vn -0.076560 0.059261 0.025034
vn -0.077414 0.063087 0.005205
vn -0.077298 0.062603 0.010285
vn -0.077117 0.061785 0.015350
vn -0.070870 0.070275 0.006230
vn -0.062395 0.077800 0.007349
vn -0.006664 0.034794 0.093515
vn -0.018015 0.030452 0.093531
vn -0.029599 0.027154 0.091578
vn -0.041284 0.025382 0.087472
vn -0.045018 0.021836 0.086583
vn -0.004785 0.026168 0.096397
vn -0.016518 0.022580 0.096007
vn -0.028475 0.020221 0.093703
vn -0.003016 0.017483 0.098414
vn -0.015143 0.014678 0.097751
vn -0.023257 0.011273 0.096603
vn -0.001393 0.008754 0.099606
vn -0.086922 0.042151 0.025845
vn -0.088637 0.040941 0.021619
vn -0.089370 0.039751 0.020808
vn -0.089924 0.038964 0.019885
vn -0.090336 0.038529 0.018839
vn -0.090695 0.038218 0.017717
vn -0.091006 0.038022 0.016502
vn -0.091274 0.037928 0.015185
vn -0.091501 0.037926 0.013756
vn -0.091696 0.037977 0.012233
vn -0.091876 0.038012 0.010668
vn -0.092035 0.038049 0.009047
vn -0.092165 0.038101 0.007345
vn -0.092262 0.038173 0.005531
vn -0.092333 0.038222 0.003699
vn -0.089980 0.043631 -0.000000
vn -0.091463 0.040429 0.000006
vn -0.092645 0.037643 0.000018
vn -0.093560 0.035306 0.000018
vn -0.094263 0.033385 -0.000003
vn -0.094856 0.031660 0.000001
vn -0.095351 0.030136 0.000009
vn -0.095762 0.028803 0.000011
vn -0.096100 0.027655 -0.000002
vn -0.096382 0.026655 -0.000011
vn -0.096620 0.025780 -0.000004
vn -0.096816 0.025033 0.000010
vn -0.096972 0.024422 0.000019
vn -0.097088 0.023957 -0.000000
vn -0.097170 0.023621 -0.000007
vn -0.043746 0.088065 0.018186
vn -0.043178 0.086041 0.027067
vn -0.042403 0.083223 0.035721
vn -0.041423 0.079779 0.043812
vn -0.040284 0.075739 0.051388
vn -0.039037 0.071090 0.058500
vn -0.037735 0.065784 0.065181
vn -0.036352 0.060063 0.071211
vn -0.034925 0.054008 0.076573
vn -0.033496 0.047641 0.081292
vn -0.070711 0.069630 0.012313
vn -0.052850 0.081281 0.024499
vn -0.061355 0.073592 0.028632
vn -0.069689 0.065180 0.029916
vn -0.076195 0.057652 0.029504
vn -0.052234 0.078891 0.032369
vn -0.051453 0.075976 0.039751
vn -0.050546 0.072556 0.046699
vn -0.049554 0.068611 0.053263
vn -0.048526 0.064091 0.059477
vn -0.047437 0.059217 0.065139
vn -0.046314 0.054058 0.070234
vn -0.045193 0.048633 0.074783
vn -0.044116 0.042956 0.078795
vn -0.060755 0.071202 0.035201
vn -0.069186 0.063024 0.035232
vn -0.075801 0.055793 0.033784
vn -0.060057 0.068399 0.041408
vn -0.059298 0.065162 0.047304
vn -0.058518 0.061439 0.052923
vn -0.057693 0.057429 0.058082
vn -0.056842 0.053191 0.062767
vn -0.055996 0.048740 0.066999
vn -0.055187 0.044092 0.070783
vn -0.054438 0.039296 0.074110
vn -0.068641 0.060531 0.040304
vn -0.075406 0.053642 0.037900
vn -0.068089 0.057655 0.045164
vn -0.067505 0.054566 0.049656
vn -0.066901 0.051318 0.053766
vn -0.066301 0.047923 0.057511
vn -0.065728 0.044397 0.060899
vn -0.065198 0.040780 0.063924
vn -0.064666 0.037274 0.066551
vn -0.074987 0.051345 0.041722
vn -0.074549 0.048950 0.045236
vn -0.074111 0.046471 0.048456
vn -0.073688 0.043921 0.051390
vn -0.073289 0.041335 0.054038
vn -0.072858 0.038922 0.056363
vn -0.087099 0.049130 0.000003
vn -0.086036 0.045920 0.022116
vn -0.086923 0.042148 0.025845
vn -0.082459 0.044009 0.035549
vn -0.077907 0.037777 0.050034
vn -0.077220 0.041213 0.048358
vn -0.070524 0.037640 0.060080
vn -0.073564 0.047431 0.048358
vn -0.067186 0.043318 0.060080
vn -0.070655 0.051666 0.048358
vn -0.064528 0.047186 0.060080
vn -0.066263 0.057190 0.048359
vn -0.060516 0.052231 0.060080
vn -0.062646 0.061130 0.048358
vn -0.057213 0.055830 0.060080
vn -0.057425 0.066060 0.048359
vn -0.052444 0.060332 0.060081
vn -0.048820 0.072650 0.048358
vn -0.044585 0.066352 0.060080
vn -0.041661 0.076979 0.048359
vn -0.038045 0.070306 0.060081
vn -0.036229 0.079679 0.048360
vn -0.033089 0.072767 0.060084
vn -0.029254 0.082495 0.048361
vn -0.026713 0.075341 0.060085
vn -0.016317 0.085999 0.048351
vn -0.014906 0.078542 0.060075
vn 0.000000 0.086583 0.050034
vn 0.000000 0.070711 0.070711
vn -0.013187 0.069475 0.070705
vn -0.010910 0.057437 0.081129
vn -0.019521 0.055098 0.081137
vn -0.015088 0.042598 0.089206
vn -0.018715 0.041134 0.089206
vn -0.012708 0.027921 0.095179
vn -0.014587 0.026988 0.095178
vn -0.007403 0.013705 0.098779
vn -0.008684 0.012931 0.098779
vn -0.010217 0.011757 0.098779
vn -0.011147 0.010880 0.098779
vn -0.011791 0.010178 0.098779
vn -0.021955 0.021428 0.095178
vn -0.023223 0.020046 0.095178
vn -0.032343 0.031566 0.089205
vn -0.034212 0.029530 0.089205
vn -0.041836 0.040829 0.081134
vn -0.044252 0.038197 0.081134
vn -0.050606 0.049386 0.070711
vn -0.053529 0.046202 0.070711
vn -0.062381 0.033294 0.070711
vn -0.059429 0.038316 0.070711
vn -0.057079 0.041737 0.070711
vn -0.051572 0.027525 0.081134
vn -0.045020 0.021830 0.086583
vn -0.039870 0.021280 0.089205
vn -0.023255 0.011276 0.096603
vn -0.027065 0.014445 0.095178
vn -0.013742 0.007335 0.098779
vn -0.025784 0.016623 0.095178
vn -0.013092 0.008440 0.098779
vn -0.024764 0.018108 0.095178
vn -0.012574 0.009194 0.098779
vn -0.005193 0.014684 0.098780
vn -0.006455 0.014175 0.098780
vn -0.002933 0.015300 0.098779
vn 0.000000 0.025845 0.096603
vn 0.000000 0.050034 0.086583
vn -0.008448 0.044404 0.089202
vn -0.005750 0.030139 0.095176
vn -0.010237 0.028917 0.095179
vn -0.017404 0.091837 0.035539
vn 0.000000 0.096603 0.025845
vn -0.018127 0.095826 0.022108
vn -0.015087 0.098855 0.000054
vn -0.028294 0.095914 0.000030
vn -0.032566 0.091927 0.022112
vn -0.031230 0.088098 0.035545
vn -0.038690 0.085085 0.035547
vn -0.037301 0.092783 0.000000
vn -0.040375 0.088774 0.022114
vn -0.044483 0.082204 0.035550
vn -0.043708 0.089942 0.000024
vn -0.046403 0.085777 0.022117
vn -0.052129 0.077581 0.035550
vn -0.052469 0.085130 0.000013
vn -0.054385 0.080951 0.022117
vn -0.061319 0.070543 0.035549
vn -0.058444 0.081143 0.000005
vn -0.063976 0.073607 0.022116
vn -0.066895 0.065279 0.035549
vn -0.066394 0.074779 0.000003
vn -0.069794 0.068115 0.022117
vn -0.070758 0.061071 0.035549
vn -0.071571 0.069840 0.000003
vn -0.073826 0.063723 0.022116
vn -0.075448 0.055171 0.035550
vn -0.078115 0.062434 0.000003
vn -0.078723 0.057563 0.022117
vn -0.078555 0.050649 0.035550
vn -0.082205 0.056941 0.000004
vn -0.081965 0.052846 0.022117
vn -0.037984 0.024489 0.089205
vn -0.036482 0.026676 0.089205
vn -0.049131 0.031676 0.081134
vn -0.047188 0.034505 0.081134
vn -0.020124 0.023155 0.095178
vn -0.017105 0.025467 0.095178
vn -0.029647 0.034111 0.089205
vn -0.025201 0.037516 0.089205
vn -0.021495 0.039754 0.089205
vn -0.038348 0.044121 0.081134
vn -0.032599 0.048524 0.081134
vn -0.027810 0.051418 0.081134
vn -0.024204 0.053208 0.081136
vn -0.046388 0.053367 0.070711
vn -0.039435 0.058693 0.070711
vn -0.033646 0.062192 0.070711
vn -0.029273 0.064363 0.070714
vn -0.023621 0.066644 0.070715
vn 0.000000 0.096593 0.025882
vn 0.000000 0.096593 0.025882
vn 0.000000 0.086603 0.050000
vn 0.000000 0.086603 0.050000
vn 0.000000 0.070711 0.070711
vn 0.000000 0.050000 0.086603
vn 0.000000 0.050000 0.086603
vn 0.000000 0.025882 0.096593
vn 0.000000 0.025882 0.096593
vn 0.000000 0.096603 0.025845
vn 0.015096 0.098854 0.000058
vn 0.022780 0.094825 0.022118
vn 0.027854 0.096042 0.000032
vn 0.030724 0.092558 0.022113
vn 0.037767 0.092594 0.000066
vn 0.037863 0.089874 0.022113
vn 0.043657 0.089967 0.000000
vn 0.044729 0.086661 0.022117
vn 0.052688 0.084994 0.000013
vn 0.050478 0.083444 0.022115
vn 0.058478 0.081119 0.000011
vn 0.058237 0.078226 0.022116
vn 0.066382 0.074789 0.000020
vn 0.066321 0.071501 0.022116
vn 0.071458 0.069956 0.000004
vn 0.072200 0.065559 0.022115
vn 0.078269 0.062241 0.000019
vn 0.076446 0.060555 0.022116
vn 0.082210 0.056934 0.000011
vn 0.081462 0.053617 0.022116
vn 0.087082 0.049161 0.000015
vn 0.085296 0.047282 0.022116
vn 0.089980 0.043631 0.000000
vn 0.086923 0.042148 0.025845
vn 0.081748 0.045315 0.035549
vn 0.077907 0.037777 0.050034
vn 0.076553 0.042435 0.048361
vn 0.069914 0.038754 0.060084
vn 0.066774 0.043948 0.060082
vn 0.059064 0.038875 0.070712
vn 0.055416 0.043913 0.070716
vn 0.045809 0.036313 0.081135
vn 0.043285 0.039285 0.081136
vn 0.033467 0.030367 0.089207
vn 0.030729 0.033141 0.089204
vn 0.020857 0.022498 0.095178
vn 0.018319 0.024611 0.095177
vn 0.009300 0.012496 0.098779
vn 0.008052 0.013334 0.098779
vn 0.007154 0.013837 0.098779
vn 0.006006 0.014365 0.098780
vn 0.014082 0.027256 0.095178
vn 0.011863 0.028280 0.095181
vn 0.020739 0.040156 0.089204
vn 0.017505 0.041652 0.089211
vn 0.026819 0.051944 0.081133
vn 0.022667 0.053869 0.081144
vn 0.032431 0.062832 0.070713
vn 0.027442 0.065149 0.070729
vn 0.036658 0.071037 0.060082
vn 0.031050 0.073647 0.060100
vn 0.040135 0.077785 0.048360
vn 0.034015 0.080641 0.048373
vn 0.042861 0.083061 0.035549
vn 0.036316 0.086125 0.035548
vn 0.021831 0.090882 0.035551
vn 0.000000 0.086583 0.050034
vn 0.020443 0.085109 0.048359
vn 0.018672 0.077729 0.060080
vn 0.027565 0.083066 0.048375
vn 0.025179 0.075853 0.060103
vn 0.016518 0.068754 0.070711
vn 0.022280 0.067088 0.070731
vn 0.013658 0.056843 0.081132
vn 0.000000 0.050034 0.086583
vn 0.010561 0.043946 0.089203
vn 0.000000 0.025845 0.096603
vn 0.007171 0.029831 0.095177
vn 0.009690 0.029095 0.095182
vn 0.014258 0.042870 0.089212
vn 0.003643 0.015146 0.098779
vn 0.004930 0.014769 0.098780
vn 0.010588 0.011425 0.098779
vn 0.011537 0.010463 0.098780
vn 0.012200 0.009683 0.098780
vn 0.013011 0.008566 0.098779
vn 0.013624 0.007551 0.098779
vn 0.023255 0.011276 0.096603
vn 0.045020 0.021830 0.086583
vn 0.039528 0.021909 0.089205
vn 0.026832 0.014872 0.095178
vn 0.051128 0.028340 0.081134
vn 0.063625 0.030851 0.070711
vn 0.061842 0.034279 0.070714
vn 0.018430 0.055459 0.081146
vn 0.029439 0.088711 0.035548
vn 0.015866 0.026256 0.095178
vn 0.023381 0.038675 0.089205
vn 0.026988 0.036254 0.089204
vn 0.030250 0.050022 0.081134
vn 0.034910 0.046892 0.081132
vn 0.039750 0.042864 0.081133
vn 0.036597 0.060499 0.070715
vn 0.042227 0.056716 0.070712
vn 0.048083 0.051842 0.070713
vn 0.052350 0.047523 0.070718
vn 0.041382 0.068391 0.060085
vn 0.047741 0.064117 0.060081
vn 0.054364 0.058605 0.060083
vn 0.059181 0.053731 0.060088
vn 0.062657 0.049637 0.060086
vn 0.045317 0.074883 0.048362
vn 0.052276 0.070204 0.048359
vn 0.059529 0.064168 0.048360
vn 0.064799 0.058839 0.048364
vn 0.068613 0.054345 0.048363
vn 0.073115 0.048120 0.048359
vn 0.048389 0.079968 0.035548
vn 0.055820 0.074969 0.035549
vn 0.063567 0.068524 0.035548
vn 0.069197 0.062834 0.035549
vn 0.073270 0.058032 0.035550
vn 0.078076 0.051385 0.035549
vn 0.022720 0.020610 0.095179
vn 0.035410 0.028080 0.089205
vn 0.048831 0.032142 0.081132
vn 0.024033 0.019066 0.095178
vn 0.025626 0.016869 0.095177
vn 0.037751 0.024850 0.089204
vn 0.086922 0.042151 0.025845
vn 0.091480 0.040391 0.000004
vn 0.089059 0.040234 0.021207
vn 0.092647 0.037637 0.000007
vn 0.089928 0.038988 0.019821
vn 0.093538 0.035365 -0.000001
vn 0.094267 0.033372 0.000002
vn 0.090557 0.038312 0.018210
vn 0.094860 0.031648 0.000000
vn 0.090807 0.038136 0.017310
vn 0.095349 0.030142 -0.000001
vn 0.091033 0.038020 0.016357
vn 0.095759 0.028812 0.000003
vn 0.091352 0.037928 0.014704
vn 0.096101 0.027651 0.000002
vn 0.091619 0.037941 0.012897
vn 0.096385 0.026645 -0.000003
vn 0.091848 0.037992 0.010976
vn 0.096622 0.025770 0.000001
vn 0.092041 0.038059 0.008946
vn 0.096817 0.025031 0.000004
vn 0.096970 0.024431 -0.000004
vn 0.092189 0.038146 0.006788
vn 0.097088 0.023958 0.000000
vn 0.092301 0.038204 0.004587
vn 0.097171 0.023617 0.000005
vn 0.092367 0.038249 0.002300
vn 0.097220 0.023415 -0.000001
vn 0.097237 0.023346 0.000000
vn 0.089863 0.043871 0.000000
vn 0.088203 0.046974 0.003703
vn 0.083181 0.055273 0.005075
vn 0.083060 0.054762 0.010107
vn 0.077222 0.062249 0.012722
vn 0.076942 0.061037 0.018825
vn 0.070221 0.067543 0.022516
vn 0.069720 0.065298 0.029585
vn 0.060803 0.071353 0.034811
vn 0.059950 0.067798 0.042537
vn 0.050401 0.071831 0.047959
vn 0.049154 0.066736 0.055949
vn 0.038526 0.068894 0.061396
vn 0.036840 0.062099 0.069185
vn 0.025358 0.062280 0.074014
vn 0.023219 0.053873 0.080985
vn 0.012733 0.058911 0.079796
vn 0.010691 0.051228 0.085214
vn 0.021896 0.048373 0.084739
vn 0.008662 0.043137 0.089801
vn 0.020594 0.042676 0.088060
vn 0.006674 0.034768 0.093524
vn 0.018089 0.030919 0.093364
vn 0.004769 0.026197 0.096390
vn 0.003005 0.017473 0.098416
vn 0.015851 0.018834 0.096923
vn 0.001396 0.008733 0.099608
vn 0.023257 0.011273 0.096603
vn 0.029058 0.023863 0.092662
vn 0.041746 0.028434 0.086306
vn 0.043160 0.037444 0.082068
vn 0.054472 0.039597 0.073925
vn 0.055669 0.046797 0.068637
vn 0.066069 0.046441 0.058976
vn 0.066510 0.049116 0.056250
vn 0.074264 0.047339 0.047370
vn 0.074594 0.049238 0.044849
vn 0.081177 0.046116 0.035829
vn 0.081573 0.048017 0.032253
vn 0.087023 0.043237 0.023611
vn 0.087308 0.044134 0.020725
vn 0.085072 0.040145 0.033928
vn 0.077907 0.037777 0.050034
vn 0.079541 0.039335 0.046108
vn 0.072654 0.037844 0.057352
vn 0.080144 0.041339 0.043220
vn 0.073296 0.041518 0.053888
vn 0.080678 0.043671 0.039798
vn 0.073941 0.045390 0.049724
vn 0.080928 0.044900 0.037877
vn 0.064426 0.035660 0.067658
vn 0.065215 0.041017 0.063755
vn 0.053403 0.032321 0.078125
vn 0.045018 0.021836 0.086583
vn 0.014726 0.066152 0.073533
vn 0.027405 0.070040 0.065904
vn 0.040099 0.074892 0.052757
vn 0.051515 0.076161 0.039315
vn 0.061501 0.074257 0.026526
vn 0.070607 0.069159 0.015224
vn 0.077393 0.063003 0.006391
vn 0.078200 0.062328 0.000000
vn 0.016615 0.072881 0.066425
vn 0.029309 0.076911 0.056795
vn 0.041499 0.079999 0.043336
vn 0.052425 0.079697 0.030000
vn 0.062034 0.076352 0.017948
vn 0.070844 0.070161 0.007651
vn 0.018386 0.078907 0.058614
vn 0.031002 0.082778 0.046763
vn 0.042643 0.084169 0.033123
vn 0.053117 0.082254 0.020318
vn 0.062362 0.077650 0.009026
vn 0.062802 0.077820 0.000000
vn 0.019982 0.084209 0.050095
vn 0.021341 0.088742 0.040857
vn 0.032386 0.087571 0.035811
vn 0.022448 0.092330 0.031164
vn 0.033432 0.091056 0.024311
vn 0.023268 0.094950 0.021048
vn 0.034078 0.093212 0.012254
vn 0.023767 0.096557 0.010581
vn 0.044415 0.089595 0.000000
vn 0.044045 0.089063 0.011309
vn 0.053544 0.083836 0.010224
vn 0.030881 0.034504 0.088633
vn 0.032927 0.044867 0.083083
vn 0.033993 0.049885 0.079724
vn 0.035080 0.054722 0.075993
vn 0.085746 0.040491 0.031751
vn 0.086269 0.041293 0.029197
vn 0.086492 0.041809 0.027769
vn 0.086704 0.042348 0.026252
vn 0.044753 0.046266 0.076529
vn 0.056294 0.050307 0.065575
vn 0.066964 0.051705 0.053314
vn 0.075132 0.052162 0.040426
vn 0.081944 0.049823 0.028335
vn 0.087568 0.044951 0.017645
vn 0.045585 0.050545 0.073262
vn 0.046436 0.054668 0.069678
vn 0.047823 0.060951 0.063229
vn 0.056937 0.053693 0.062252
vn 0.067709 0.055665 0.048133
vn 0.075648 0.054890 0.035559
vn 0.082294 0.051429 0.024140
vn 0.087796 0.045661 0.014386
vn 0.057987 0.058855 0.056335
vn 0.058997 0.063612 0.049727
vn 0.068427 0.059330 0.042399
vn 0.076139 0.057300 0.030326
vn 0.082608 0.052803 0.019691
vn 0.087977 0.046267 0.010924
vn 0.069108 0.062557 0.036204
vn 0.076581 0.059350 0.024756
vn 0.082862 0.053944 0.014961
vn 0.088118 0.046699 0.007379
vn 0.043510 0.087192 0.022457
vn 0.058328 0.081227 0.000000
vn 0.037592 0.092665 0.000000
vn 0.075802 0.065223 0.000000
vn 0.089024 0.045548 0.000000
vn 0.097237 0.023346 0.000000
vn -0.097238 -0.023342 -0.000000
vn -0.097268 -0.023212 0.000354
vn -0.097058 -0.024078 -0.000001
vn -0.097261 -0.021949 0.007652
vn -0.096982 -0.023115 0.007756
vn -0.096871 -0.019613 0.015208
vn -0.096506 -0.021188 0.015414
vn -0.095874 -0.017155 0.022669
vn -0.095427 -0.019128 0.022976
vn -0.094264 -0.014571 0.030034
vn -0.093737 -0.016933 0.030441
vn -0.092489 -0.012686 0.035846
vn -0.091453 -0.014632 0.037712
vn -0.089644 -0.012400 0.042547
vn -0.087880 -0.015477 0.045140
vn -0.086127 -0.013021 0.049117
vn -0.083557 -0.017037 0.052230
vn -0.081983 -0.014592 0.055371
vn -0.077115 -0.017136 0.061317
vn -0.097569 -0.020598 0.007480
vn -0.097462 -0.022145 0.003287
vn -0.097562 -0.021042 0.006241
vn -0.097562 -0.019917 0.009219
vn -0.097461 -0.018821 0.012125
vn -0.097364 -0.018274 0.013647
vn -0.096941 -0.016825 0.017873
vn -0.096328 -0.015581 0.021865
vn -0.094695 -0.013766 0.029039
vn -0.078494 -0.019233 0.058896
vn -0.071402 -0.020754 0.066866
vn -0.076991 -0.025063 0.058688
vn -0.072315 -0.023721 0.064868
vn -0.075921 -0.028928 0.058303
vn -0.071217 -0.027819 0.064454
vn -0.074783 -0.032804 0.057719
vn -0.070056 -0.031920 0.063823
vn -0.073663 -0.036418 0.056987
vn -0.068920 -0.035740 0.063030
vn -0.072517 -0.039949 0.056084
vn -0.067764 -0.039468 0.062051
vn -0.071365 -0.043359 0.055019
vn -0.066611 -0.043067 0.060895
vn -0.070247 -0.046579 0.053812
vn -0.065499 -0.046474 0.059582
vn -0.069218 -0.049539 0.052486
vn -0.064479 -0.049624 0.058137
vn -0.068323 -0.052206 0.051054
vn -0.063599 -0.052483 0.056575
vn -0.067605 -0.054561 0.049525
vn -0.062902 -0.055032 0.054907
vn -0.067138 -0.056524 0.047933
vn -0.062460 -0.057200 0.053169
vn -0.067010 -0.057680 0.046719
vn -0.062350 -0.058526 0.051838
vn -0.067396 -0.059156 0.044254
vn -0.062771 -0.060381 0.049131
vn -0.067929 -0.059457 0.043019
vn -0.063321 -0.060896 0.047772
vn -0.068674 -0.059478 0.041788
vn -0.059226 -0.062537 0.050807
vn -0.058445 -0.062054 0.052283
vn -0.053303 -0.062930 0.056556
vn -0.052714 -0.061982 0.058133
vn -0.047283 -0.062352 0.062262
vn -0.046702 -0.059352 0.065546
vn -0.040981 -0.059051 0.069524
vn -0.040954 -0.057056 0.071186
vn -0.035015 -0.056314 0.074851
vn -0.035180 -0.053172 0.077039
vn -0.028991 -0.051976 0.080362
vn -0.029324 -0.048398 0.082449
vn -0.025953 -0.049309 0.083036
vn -0.036537 -0.043973 0.082045
vn -0.036207 -0.046066 0.081037
vn -0.042369 -0.047294 0.077254
vn -0.041683 -0.050830 0.075358
vn -0.047581 -0.051657 0.071187
vn -0.047021 -0.054755 0.069217
vn -0.052609 -0.055131 0.064752
vn -0.052249 -0.057702 0.062774
vn -0.057496 -0.057593 0.058114
vn -0.057410 -0.059088 0.056680
vn -0.064647 -0.025487 0.071911
vn -0.066109 -0.026550 0.070176
vn -0.059432 -0.029599 0.074778
vn -0.056617 -0.031228 0.076285
vn -0.058303 -0.033766 0.073896
vn -0.052057 -0.034375 0.078156
vn -0.057167 -0.037833 0.072805
vn -0.051324 -0.036675 0.077594
vn -0.056053 -0.041761 0.071513
vn -0.050249 -0.040743 0.076257
vn -0.054994 -0.045500 0.070039
vn -0.049238 -0.044627 0.074726
vn -0.054037 -0.048994 0.068407
vn -0.048335 -0.048275 0.073029
vn -0.053228 -0.052210 0.066640
vn -0.047135 -0.037620 0.079769
vn -0.043208 -0.043505 0.078996
vn -0.022620 -0.053991 0.081076
vn -0.015997 -0.053540 0.082931
vn -0.022799 -0.056456 0.079328
vn -0.016459 -0.055031 0.081858
vn -0.023677 -0.060939 0.075670
vn -0.017416 -0.059865 0.078185
vn -0.024381 -0.062965 0.073763
vn -0.018142 -0.062098 0.076254
vn -0.025262 -0.064844 0.071813
vn -0.012745 -0.063276 0.076378
vn -0.011846 -0.060957 0.078383
vn -0.005497 -0.059539 0.080155
vn -0.007294 -0.057086 0.081780
vn -0.003501 -0.058791 0.080817
vn -0.011101 -0.058524 0.080323
vn -0.000124 -0.060502 0.079621
vn 0.000000 -0.060570 0.079569
vn -0.030509 -0.063543 0.070933
vn -0.037323 -0.065244 0.065956
vn -0.036471 -0.063825 0.067796
vn -0.042267 -0.063816 0.064351
vn -0.035812 -0.062223 0.069612
vn -0.041631 -0.062430 0.066100
vn -0.035089 -0.058470 0.073144
vn -0.048713 -0.064471 0.058911
vn -0.047895 -0.063519 0.060593
vn -0.072224 -0.057745 0.038068
vn -0.076886 -0.055349 0.032017
vn -0.076172 -0.055775 0.032970
vn -0.079774 -0.053551 0.027721
vn -0.075664 -0.055891 0.033929
vn -0.079272 -0.053869 0.028532
vn -0.075313 -0.055158 0.035855
vn -0.078920 -0.053496 0.030163
vn -0.075451 -0.054339 0.036803
vn -0.079049 -0.052843 0.030966
vn -0.075927 -0.052789 0.038058
vn -0.079509 -0.051498 0.032035
vn -0.076643 -0.050833 0.039266
vn -0.080201 -0.049745 0.033065
vn -0.077521 -0.048568 0.040394
vn -0.081046 -0.047688 0.034022
vn -0.078521 -0.046013 0.041439
vn -0.082006 -0.045347 0.034909
vn -0.079601 -0.043200 0.042396
vn -0.083042 -0.042753 0.035724
vn -0.080704 -0.040209 0.043244
vn -0.084098 -0.039988 0.036449
vn -0.081787 -0.037122 0.043964
vn -0.085127 -0.037145 0.037064
vn -0.082834 -0.033973 0.044547
vn -0.086116 -0.034252 0.037561
vn -0.083888 -0.030605 0.045013
vn -0.087108 -0.031165 0.037960
vn -0.084865 -0.027267 0.045325
vn -0.088023 -0.028118 0.038227
vn -0.086214 -0.022286 0.045502
vn -0.089273 -0.023604 0.038382
vn -0.087085 -0.018821 0.045410
vn -0.090071 -0.020488 0.038307
vn -0.090794 -0.017498 0.038082
vn -0.093156 -0.019422 0.030738
vn -0.094928 -0.021224 0.023200
vn -0.096095 -0.022880 0.015564
vn -0.096662 -0.024394 0.007831
vn -0.096841 -0.024935 -0.000000
vn -0.083714 -0.050223 0.021671
vn -0.083026 -0.051074 0.022319
vn -0.082527 -0.051588 0.022975
vn -0.082160 -0.051568 0.024297
vn -0.082273 -0.051078 0.024946
vn -0.082703 -0.049938 0.025816
vn -0.083355 -0.048389 0.026655
vn -0.084150 -0.046545 0.027430
vn -0.085054 -0.044425 0.028147
vn -0.086029 -0.042059 0.028809
vn -0.087021 -0.039533 0.029402
vn -0.087981 -0.036948 0.029903
vn -0.088900 -0.034327 0.030307
vn -0.089817 -0.031538 0.030631
vn -0.090657 -0.028802 0.030850
vn -0.091794 -0.024785 0.030978
vn -0.092511 -0.022038 0.030919
vn -0.085897 -0.048364 0.016815
vn -0.089036 -0.044194 0.010934
vn -0.088364 -0.045442 0.011261
vn -0.090429 -0.042315 0.005656
vn -0.087859 -0.046329 0.011594
vn -0.089915 -0.043376 0.005824
vn -0.087419 -0.046983 0.012269
vn -0.089416 -0.044349 0.006167
vn -0.087467 -0.046807 0.012594
vn -0.089416 -0.044325 0.006326
vn -0.087791 -0.046071 0.013046
vn -0.089665 -0.043785 0.006562
vn -0.088315 -0.044930 0.013483
vn -0.090100 -0.042846 0.006790
vn -0.088960 -0.043517 0.013872
vn -0.090645 -0.041651 0.006981
vn -0.089698 -0.041854 0.014230
vn -0.091275 -0.040220 0.007153
vn -0.090502 -0.039964 0.014567
vn -0.091969 -0.038576 0.007323
vn -0.091319 -0.037942 0.014877
vn -0.092674 -0.036817 0.007485
vn -0.092098 -0.035902 0.015135
vn -0.093342 -0.035062 0.007617
vn -0.092835 -0.033859 0.015340
vn -0.093969 -0.033321 0.007718
vn -0.093565 -0.031707 0.015504
vn -0.094587 -0.031502 0.007799
vn -0.094224 -0.029630 0.015616
vn -0.095141 -0.029772 0.007857
vn -0.095094 -0.026669 0.015683
vn -0.095859 -0.027363 0.007891
vn -0.095628 -0.024704 0.015655
vn -0.096291 -0.025806 0.007876
vn -0.092755 -0.037370 0.000000
vn -0.091654 -0.039994 -0.000002
vn -0.091051 -0.041349 0.000006
vn -0.090951 -0.041567 -0.000006
vn -0.091297 -0.040802 0.000027
vn -0.091858 -0.039524 0.000014
vn -0.092563 -0.037843 -0.000007
vn -0.093352 -0.035853 0.000005
vn -0.094092 -0.033863 0.000009
vn -0.094764 -0.031935 0.000002
vn -0.095360 -0.030108 0.000000
vn -0.095852 -0.028501 -0.000000
vn -0.096253 -0.027116 -0.000000
vn -0.096578 -0.025935 -0.000000
vn -0.094370 -0.023449 0.023336
vn -0.093740 -0.025810 0.023379
vn -0.092731 -0.029308 0.023281
vn -0.091976 -0.031719 0.023114
vn -0.091147 -0.034195 0.022869
vn -0.090313 -0.036531 0.022563
vn -0.089436 -0.038848 0.022183
vn -0.088524 -0.041125 0.021730
vn -0.087626 -0.043256 0.021228
vn -0.086796 -0.045149 0.020688
vn -0.086068 -0.046778 0.020104
vn -0.085472 -0.048122 0.019464
vn -0.085087 -0.049059 0.018801
vn -0.085002 -0.049390 0.018313
vn -0.085397 -0.049067 0.017311
vn -0.082623 -0.020830 0.052341
vn -0.081190 -0.026250 0.052146
vn -0.080160 -0.029860 0.051795
vn -0.079058 -0.033491 0.051266
vn -0.077968 -0.036881 0.050605
vn -0.076846 -0.040197 0.049790
vn -0.075710 -0.043403 0.048828
vn -0.074603 -0.046425 0.047741
vn -0.073580 -0.049186 0.046549
vn -0.072685 -0.051654 0.045263
vn -0.071960 -0.053811 0.043888
vn -0.071481 -0.055567 0.042459
vn -0.071344 -0.056554 0.041373
vn -0.071705 -0.057655 0.039169
vn -0.063799 -0.034856 0.068665
vn -0.064938 -0.030851 0.069507
vn -0.062646 -0.038763 0.067623
vn -0.061506 -0.042534 0.066392
vn -0.060413 -0.046115 0.064990
vn -0.059418 -0.049442 0.063443
vn -0.058566 -0.052484 0.061769
vn -0.057903 -0.055222 0.059982
vn -0.041191 -0.054098 0.073326
vn -0.035596 -0.049744 0.079110
vn -0.046717 -0.057521 0.067147
vn -0.052195 -0.059365 0.061250
vn -0.057876 -0.061323 0.053757
vn -0.029029 -0.057607 0.076412
vn -0.028904 -0.055295 0.078148
vn -0.029827 -0.061728 0.072801
vn 0.097885 0.020458 0.000000
vn 0.097305 0.023059 0.000000
vn 0.097220 0.023414 0.000000
vn 0.097171 0.023618 0.000000
vn 0.097088 0.023957 0.000000
vn 0.096970 0.024429 0.000000
vn 0.096497 0.026234 0.000000
vn 0.096816 0.025033 0.000000
vn 0.096623 0.025770 0.000000
vn 0.096386 0.026641 0.000000
vn 0.096101 0.027653 0.000000
vn 0.095380 0.030044 0.000000
vn 0.095759 0.028813 0.000000
vn 0.095350 0.030138 0.000000
vn 0.094860 0.031649 0.000000
vn 0.093660 0.035041 0.000000
vn 0.094266 0.033374 0.000000
vn 0.093540 0.035359 0.000000
vn 0.092636 0.037664 0.000000
vn 0.092360 0.038336 0.000000
vn 0.091486 0.040376 0.000000
vn 0.090481 0.042581 0.000000
vn 0.089165 0.045273 0.000000
vn 0.087105 0.049119 0.000000
vn 0.087410 0.048575 0.000000
vn 0.084880 0.052871 0.000000
vn 0.097933 0.020226 0.000000
vn 0.098430 0.017653 0.000000
vn 0.098446 0.017560 0.000000
vn 0.098877 0.014941 0.000000
vn 0.098894 0.014833 0.000000
vn 0.099244 0.012275 0.000000
vn 0.099288 0.011914 0.000000
vn 0.099550 0.009476 0.000000
vn 0.099611 0.008815 0.000000
vn 0.099791 0.006457 0.000000
vn 0.099851 0.005463 0.000000
vn 0.099951 0.003129 0.000000
vn 0.099984 0.001815 0.000000
vn 0.099998 -0.000607 0.000000
vn 0.100000 -0.000075 0.000000
vn 0.099980 -0.002002 0.000000
vn 0.099882 -0.004852 0.000000
vn 0.099921 -0.003962 0.000000
vn 0.099823 -0.005953 0.000000
vn 0.099529 -0.009696 0.000000
vn 0.099498 -0.010010 0.000000
vn 0.098997 -0.014127 0.000000
vn 0.098835 -0.015219 0.000000
vn 0.098321 -0.018248 0.000000
vn 0.097678 -0.021427 0.000000
vn 0.097483 -0.022295 0.000000
vn 0.096517 -0.026161 0.000000
vn 0.095984 -0.028053 0.000000
vn 0.095480 -0.029724 0.000000
vn 0.094413 -0.032958 0.000000
vn 0.094446 -0.032864 0.000000
vn 0.094446 -0.032864 0.000000
vn 0.093954 -0.034243 0.000000
vn 0.094318 -0.033228 0.000000
vn 0.094168 -0.033651 0.000000
vn 0.093969 -0.034204 0.000000
vn 0.093727 -0.034860 0.000000
vn 0.093451 -0.035593 0.000000
vn 0.092833 -0.037176 0.000000
vn 0.092140 -0.038861 0.000000
vn 0.092826 -0.037193 0.000000
vn 0.092755 -0.037370 0.000000
vn 0.091655 -0.039992 0.000000
vn 0.091100 -0.041241 0.000000
vn 0.091046 -0.041361 0.000000
vn 0.090958 -0.041553 0.000000
vn 0.090994 -0.041474 0.000000
vn 0.091285 -0.040830 0.000000
vn 0.091570 -0.040186 0.000000
vn 0.091872 -0.039490 0.000000
vn 0.092478 -0.038051 0.000000
vn 0.092591 -0.037773 0.000000
vn 0.093352 -0.035852 0.000000
vn 0.093471 -0.035542 0.000000
vn 0.094093 -0.033860 0.000000
vn 0.094404 -0.032984 0.000000
vn 0.094768 -0.031922 0.000000
vn 0.095200 -0.030610 0.000000
vn 0.095356 -0.030121 0.000000
vn 0.095837 -0.028554 0.000000
vn 0.095848 -0.028515 0.000000
vn 0.096251 -0.027125 0.000000
vn 0.096707 -0.025452 0.000000
vn 0.096576 -0.025943 0.000000
vn 0.096840 -0.024940 0.000000
vn 0.097057 -0.024082 0.000000
vn 0.097239 -0.023338 0.000000
vn 0.082222 0.056916 0.000000
vn 0.083088 0.055645 0.000000
vn 0.078142 0.062400 0.000000
vn 0.076387 0.064536 0.000000
vn 0.071560 0.069851 0.000000
vn 0.070943 0.070478 0.000000
vn 0.066388 0.074784 0.000000
vn 0.063946 0.076883 0.000000
vn 0.058479 0.081118 0.000000
vn 0.055040 0.083490 0.000000
vn 0.052504 0.085108 0.000000
vn 0.043963 0.089818 0.000000
vn 0.043698 0.089947 0.000000
vn 0.037330 0.092771 0.000000
vn 0.030711 0.095168 0.000000
vn 0.028453 0.095867 0.000000
vn 0.015738 0.098754 0.000000
vn 0.015554 0.098783 0.000000
vn 0.002418 -0.066742 0.074429
vn 0.008452 -0.066851 0.073888
vn 0.009594 -0.068840 0.071895
vn 0.014822 -0.067609 0.072176
vn 0.016909 -0.070234 0.069147
vn 0.021126 -0.068068 0.070146
vn 0.024284 -0.070906 0.066202
vn 0.027362 -0.068233 0.067791
vn 0.031686 -0.070867 0.063038
vn 0.033477 -0.068094 0.065135
vn 0.039419 -0.067650 0.062206
vn 0.031376 -0.065194 0.069031
vn 0.037323 -0.065245 0.065956
vn 0.031142 -0.063137 0.071020
vn 0.037044 -0.063427 0.067858
vn 0.036910 -0.061438 0.069736
vn 0.042621 -0.061668 0.066185
vn 0.042636 -0.059694 0.067962
vn 0.048172 -0.059855 0.064006
vn 0.048363 -0.057850 0.065684
vn 0.053684 -0.057925 0.061341
vn 0.054158 -0.055395 0.063232
vn 0.059224 -0.055399 0.058511
vn 0.059915 -0.052736 0.060243
vn 0.064717 -0.052664 0.055120
vn 0.065490 -0.050147 0.056535
vn 0.070009 -0.049987 0.050991
vn 0.070885 -0.047402 0.052234
vn 0.075047 -0.047159 0.046302
vn 0.075988 -0.044518 0.047371
vn 0.079728 -0.044206 0.041101
vn 0.080662 -0.041612 0.041977
vn 0.083951 -0.041255 0.035360
vn 0.084841 -0.038766 0.036044
vn 0.087643 -0.038391 0.029067
vn 0.085704 -0.036205 0.036660
vn 0.088464 -0.036054 0.029569
vn 0.089248 -0.033674 0.030015
vn 0.091439 -0.033557 0.022645
vn 0.092110 -0.031459 0.022937
vn 0.093684 -0.031411 0.015384
vn 0.094229 -0.029649 0.015547
vn 0.095167 -0.029699 0.007822
vn 0.095587 -0.028302 0.007887
vn 0.095847 -0.028521 0.000000
vn 0.095960 -0.026995 0.007935
vn 0.096251 -0.027125 -0.000000
vn 0.096288 -0.025790 0.007965
vn 0.096576 -0.025943 -0.000000
vn 0.096579 -0.024675 0.007978
vn 0.096838 -0.023640 0.007973
vn 0.095926 -0.023386 0.015854
vn 0.096249 -0.022025 0.015843
vn 0.094658 -0.021947 0.023627
vn 0.095036 -0.020267 0.023609
vn 0.092769 -0.020355 0.031299
vn 0.093193 -0.018362 0.031272
vn 0.090277 -0.018632 0.038767
vn 0.090737 -0.016338 0.038729
vn 0.087221 -0.016802 0.045937
vn 0.087706 -0.014222 0.045885
vn 0.084972 -0.014402 0.050718
vn 0.088484 -0.013439 0.044610
vn 0.000000 -0.060570 0.079569
vn 0.006400 -0.062069 0.078144
vn 0.012745 -0.063277 0.076378
vn 0.019033 -0.064200 0.074270
vn 0.025262 -0.064844 0.071813
vn 0.000147 -0.060495 0.079626
vn 0.006353 -0.059153 0.080378
vn 0.012650 -0.060559 0.078565
vn 0.018891 -0.061694 0.076400
vn 0.025073 -0.062557 0.073878
vn 0.004057 -0.058619 0.080916
vn 0.008305 -0.056776 0.081899
vn 0.012608 -0.057745 0.080663
vn 0.017646 -0.053070 0.082899
vn 0.018840 -0.056328 0.080450
vn 0.018930 -0.053456 0.082366
vn 0.025120 -0.054864 0.079743
vn 0.025377 -0.051405 0.081936
vn 0.031504 -0.052725 0.078915
vn 0.031933 -0.049211 0.080985
vn 0.037950 -0.050420 0.077573
vn 0.038483 -0.047151 0.079346
vn 0.044381 -0.048245 0.075516
vn 0.045041 -0.044915 0.077162
vn 0.050809 -0.045902 0.072879
vn 0.051579 -0.042508 0.074382
vn 0.057140 -0.043386 0.069661
vn 0.057978 -0.039976 0.070997
vn 0.063251 -0.040754 0.065867
vn 0.064122 -0.037362 0.067026
vn 0.069082 -0.038073 0.061466
vn 0.064967 -0.033861 0.068064
vn 0.069960 -0.034733 0.062444
vn 0.070799 -0.031311 0.063302
vn 0.075434 -0.032171 0.057226
vn 0.076235 -0.028906 0.057902
vn 0.080425 -0.029784 0.051427
vn 0.081167 -0.026738 0.051932
vn 0.084839 -0.027662 0.045134
vn 0.085513 -0.024870 0.045485
vn 0.088646 -0.025883 0.038366
vn 0.089241 -0.023395 0.038585
vn 0.091804 -0.024535 0.031144
vn 0.092308 -0.022410 0.031256
vn 0.094244 -0.023696 0.023593
vn 0.027808 -0.048932 0.082658
vn 0.038191 -0.043984 0.081283
vn 0.039067 -0.043703 0.081018
vn 0.045739 -0.041402 0.078701
vn 0.048255 -0.038192 0.078821
vn 0.052356 -0.038969 0.075764
vn 0.052865 -0.035253 0.077217
vn 0.053121 -0.035307 0.077017
vn 0.057123 -0.032387 0.075419
vn 0.058802 -0.036442 0.072210
vn 0.059603 -0.032796 0.073294
vn 0.064611 -0.027050 0.071371
vn 0.065777 -0.030274 0.068970
vn 0.066536 -0.026645 0.069735
vn 0.070913 -0.022531 0.066810
vn 0.072315 -0.024389 0.064620
vn 0.077665 -0.022382 0.058882
vn 0.076977 -0.025642 0.058455
vn 0.081855 -0.023704 0.052325
vn 0.076293 -0.018905 0.061822
vn 0.078302 -0.019140 0.059181
vn 0.082490 -0.020699 0.052602
vn 0.083070 -0.017755 0.052765
vn 0.086700 -0.019430 0.045887
vn 0.080939 -0.016220 0.056443
vn 0.091163 -0.014101 0.038607
vn 0.091412 -0.013341 0.038288
vn 0.093950 -0.014547 0.031012
vn 0.093775 -0.014030 0.031772
vn 0.095641 -0.015466 0.024771
vn 0.095707 -0.017085 0.023416
vn 0.096402 -0.016514 0.020832
vn 0.096815 -0.019492 0.015715
vn 0.096992 -0.017776 0.016631
vn 0.097097 -0.018148 0.015581
vn 0.097145 -0.018281 0.015118
vn 0.097364 -0.019269 0.012206
vn 0.097485 -0.020293 0.009211
vn 0.097497 -0.020804 0.007843
vn 0.097281 -0.021768 0.007910
vn 0.096544 -0.020731 0.015796
vn 0.095384 -0.018649 0.023539
vn 0.097505 -0.021307 0.006226
vn 0.097413 -0.022414 0.002892
vn 0.097429 -0.022296 0.003252
vn 0.097057 -0.024082 -0.000001
vn 0.097070 -0.022676 0.007951
vn 0.096840 -0.024942 0.000000
vn 0.095356 -0.030121 0.000002
vn 0.094701 -0.031175 0.007739
vn 0.093082 -0.033244 0.015186
vn 0.090711 -0.035694 0.022305
vn 0.089947 -0.037799 0.021925
vn 0.086794 -0.040667 0.028511
vn 0.083043 -0.043656 0.034612
vn 0.078797 -0.046671 0.040159
vn 0.074168 -0.049572 0.045186
vn 0.069222 -0.052332 0.049696
vn 0.064005 -0.055137 0.053509
vn 0.058730 -0.057725 0.056733
vn 0.053486 -0.059738 0.059754
vn 0.048164 -0.061621 0.062315
vn 0.042779 -0.063432 0.064391
vn 0.043103 -0.065003 0.062584
vn 0.094770 -0.031917 0.000001
vn 0.094181 -0.032737 0.007638
vn 0.092424 -0.035131 0.014956
vn 0.091734 -0.036998 0.014701
vn 0.091019 -0.038829 0.014417
vn 0.089158 -0.039856 0.021504
vn 0.088350 -0.041852 0.021040
vn 0.085929 -0.042869 0.027902
vn 0.085064 -0.044965 0.027246
vn 0.082137 -0.045940 0.033808
vn 0.081297 -0.047992 0.032978
vn 0.077930 -0.048906 0.039181
vn 0.077158 -0.050893 0.038166
vn 0.073381 -0.051739 0.044025
vn 0.072664 -0.053818 0.042705
vn 0.068500 -0.054610 0.048223
vn 0.067995 -0.056517 0.046718
vn 0.063501 -0.057256 0.051859
vn 0.063305 -0.058680 0.050489
vn 0.058530 -0.059346 0.055248
vn 0.058542 -0.060684 0.053761
vn 0.053486 -0.061292 0.058160
vn 0.053695 -0.062588 0.056565
vn 0.048347 -0.063153 0.060615
vn 0.054103 -0.063647 0.054972
vn 0.048713 -0.064471 0.058912
vn 0.050778 -0.065870 0.055522
vn 0.045186 -0.066908 0.059004
vn 0.052918 -0.066885 0.052212
vn 0.046080 -0.068786 0.056082
vn 0.094087 -0.033876 0.000001
vn 0.093607 -0.034367 0.007521
vn 0.093006 -0.035989 0.007394
vn 0.092382 -0.037591 0.007252
vn 0.090286 -0.040615 0.014102
vn 0.087543 -0.043753 0.020540
vn 0.084267 -0.046829 0.026574
vn 0.080554 -0.049794 0.032118
vn 0.076458 -0.052770 0.037008
vn 0.072168 -0.055511 0.041356
vn 0.067809 -0.057742 0.045473
vn 0.063333 -0.059801 0.049120
vn 0.058778 -0.061741 0.052279
vn 0.059226 -0.062537 0.050807
vn 0.056144 -0.064540 0.051793
vn 0.093357 -0.035840 0.000007
vn 0.092587 -0.037785 -0.000003
vn 0.091739 -0.039162 0.007090
vn 0.091096 -0.040667 0.006912
vn 0.089552 -0.042320 0.013762
vn 0.088889 -0.043801 0.013426
vn 0.086805 -0.045426 0.020034
vn 0.086163 -0.046852 0.019513
vn 0.083567 -0.048444 0.025880
vn 0.082944 -0.049912 0.025081
vn 0.079886 -0.051468 0.031134
vn 0.079444 -0.052733 0.030130
vn 0.075983 -0.054249 0.035826
vn 0.075839 -0.055075 0.034860
vn 0.071999 -0.056537 0.040246
vn 0.072070 -0.057219 0.039140
vn 0.067856 -0.058644 0.044231
vn 0.068150 -0.059216 0.043001
vn 0.063597 -0.060617 0.047759
vn 0.068674 -0.059478 0.041788
vn 0.064085 -0.061147 0.046413
vn 0.066065 -0.061035 0.043706
vn 0.061239 -0.062926 0.047855
vn 0.065373 -0.061831 0.043627
vn 0.059386 -0.064529 0.048056
vn 0.091857 -0.039527 -0.000002
vn 0.090523 -0.041953 0.006750
vn 0.088321 -0.045037 0.013081
vn 0.085601 -0.048115 0.018906
vn 0.082547 -0.050963 0.024263
vn 0.079330 -0.053361 0.029313
vn 0.075937 -0.055539 0.033897
vn 0.072393 -0.057546 0.038048
vn 0.072953 -0.057540 0.036974
vn 0.070617 -0.058868 0.039342
vn 0.070857 -0.058882 0.038887
vn 0.091298 -0.040799 0.000025
vn 0.090043 -0.042999 0.006585
vn 0.087834 -0.046095 0.012670
vn 0.085261 -0.048953 0.018283
vn 0.082471 -0.051394 0.023605
vn 0.079461 -0.053607 0.028499
vn 0.076293 -0.055623 0.032947
vn 0.076886 -0.055349 0.032017
vn 0.074856 -0.056439 0.034802
vn 0.075788 -0.055771 0.033850
vn 0.089645 -0.043853 0.006374
vn 0.090957 -0.041556 -0.000001
vn 0.089455 -0.044272 0.006149
vn 0.091049 -0.041354 0.000004
vn 0.089537 -0.044128 0.005987
vn 0.089839 -0.043534 0.005817
vn 0.087837 -0.046375 0.011579
vn 0.088330 -0.045511 0.011250
vn 0.085894 -0.048373 0.016800
vn 0.089036 -0.044194 0.010934
vn 0.086575 -0.047310 0.016326
vn 0.089437 -0.043172 0.011710
vn 0.086915 -0.046268 0.017467
vn 0.091656 -0.039989 0.000000
vn 0.090369 -0.042445 0.005650
vn 0.091097 -0.040881 0.005492
vn 0.091397 -0.040149 0.005894
vn 0.092755 -0.037370 -0.000000
vn 0.092827 -0.037191 0.000002
vn 0.083714 -0.050223 0.021671
vn 0.083797 -0.049423 0.023139
vn 0.080474 -0.052910 0.026917
vn 0.082289 -0.050861 0.025330
vn 0.078746 -0.053769 0.030133
vn 0.080095 -0.052600 0.028602
vn 0.038983 -0.070139 0.059673
vn 0.083060 -0.051027 0.022300
vn 0.079849 -0.053450 0.027699
vn 0.082638 -0.051424 0.022947
vn 0.018826 -0.059071 0.078461
vn 0.024986 -0.060137 0.075889
vn 0.031032 -0.060929 0.072970
vn 0.085437 -0.049006 0.017289
vn 0.087585 -0.046765 0.011914
vn 0.025003 -0.057576 0.077845
vn 0.031050 -0.058558 0.074879
vn 0.036928 -0.059262 0.071585
vn 0.085230 -0.049188 0.017787
vn 0.087562 -0.046722 0.012244
vn 0.042814 -0.057503 0.069716
vn 0.048808 -0.055120 0.067672
vn 0.043221 -0.054580 0.071785
vn 0.049422 -0.052093 0.069597
vn 0.043781 -0.051381 0.073779
vn 0.050082 -0.049101 0.071280
vn 0.037089 -0.056891 0.073402
vn 0.037452 -0.053781 0.075531
vn 0.031192 -0.056013 0.076744
vn 0.054817 -0.052547 0.065069
vn 0.060662 -0.050054 0.061763
vn 0.066348 -0.047396 0.057892
vn 0.071818 -0.044592 0.053420
vn 0.076932 -0.041742 0.048365
vn 0.081579 -0.038922 0.042778
vn 0.082468 -0.036149 0.043500
vn 0.086529 -0.033592 0.037207
vn 0.089973 -0.031318 0.030398
vn 0.092721 -0.029420 0.023178
vn 0.094725 -0.027956 0.015676
vn 0.055527 -0.049706 0.066679
vn 0.056310 -0.046648 0.068214
vn 0.061489 -0.047145 0.063217
vn 0.062367 -0.044023 0.064594
vn 0.067261 -0.044425 0.059181
vn 0.072757 -0.041640 0.054521
vn 0.077860 -0.038859 0.049273
vn 0.078760 -0.035885 0.050091
vn 0.083319 -0.033314 0.044138
vn 0.087294 -0.030988 0.037676
vn 0.090637 -0.029008 0.030715
vn 0.093280 -0.027436 0.023368
vn 0.095171 -0.026341 0.015770
vn 0.068179 -0.041309 0.060376
vn 0.073680 -0.038575 0.055527
vn 0.074576 -0.035411 0.056431
vn 0.079622 -0.032842 0.050812
vn 0.084110 -0.030477 0.044684
vn 0.087998 -0.028419 0.038063
vn 0.091247 -0.026743 0.030964
vn 0.093787 -0.025522 0.023507
vn 0.095568 -0.024822 0.015829
vn 0.071586 -0.027854 0.064029
vn 0.086134 -0.022116 0.045736
vn 0.089781 -0.020981 0.038718
vn 0.093585 -0.016429 0.031176
vn 0.000000 -0.074535 0.066667
vn 0.000000 -0.074536 0.066667
vn 0.000000 -0.074536 0.066667
vn 0.000000 -0.066787 0.074428
vn 0.000000 -0.064761 0.076198
vn 0.001225 -0.066776 0.074428
vn 0.000000 -0.062686 0.077913
vn 0.000000 -0.060569 0.079570
vn 0.002418 -0.066743 0.074428
vn -0.000000 -0.074536 0.066667
vn -0.000000 -0.074535 0.066667
vn -0.000000 -0.074536 0.066667
vn -0.000000 -0.064761 0.076198
vn -0.000000 -0.066787 0.074428
vn -0.000074 -0.063729 0.077063
vn -0.002367 -0.066624 0.074536
vn -0.000403 -0.063727 0.077063
vn -0.000000 -0.060569 0.079570
vn -0.000000 -0.062686 0.077913
vn -0.001940 -0.079167 0.061065
vn -0.007196 -0.069386 0.071650
vn -0.002090 -0.075261 0.065814
vn -0.002233 -0.071079 0.070305
vn -0.002367 -0.066623 0.074537
vn -0.007954 -0.068104 0.072792
vn -0.000000 -0.084583 0.053345
vn 0.000000 -0.091135 0.041162
vn -0.000348 -0.088867 0.045854
vn -0.000312 -0.089100 0.045400
vn -0.000312 -0.089098 0.045404
vn -0.000313 -0.089089 0.045420
vn -0.000320 -0.089049 0.045498
vn -0.000472 -0.088093 0.047323
vn -0.000862 -0.085709 0.051509
vn -0.001691 -0.080789 0.058910
vn 0.000000 -0.076413 0.064506
vn -0.001832 -0.079952 0.060036
vn -0.001842 -0.079893 0.060115
vn -0.001843 -0.079889 0.060120
vn -0.001964 -0.079170 0.061059
vn -0.002117 -0.075264 0.065809
vn -0.002262 -0.071083 0.070300
vn -0.000000 -0.066786 0.074429
vn -0.002399 -0.066627 0.074533
vn -0.007078 -0.068189 0.072802
vn -0.009594 -0.068841 0.071895
vn -0.007939 -0.068107 0.072790
vn -0.015332 -0.068569 0.071157
vn -0.013678 -0.065331 0.074463
vn -0.027887 -0.068970 0.066824
vn -0.026197 -0.066467 0.069971
vn -0.039948 -0.068154 0.061311
vn -0.038249 -0.066418 0.064232
vn -0.051305 -0.066136 0.054716
vn -0.049620 -0.065184 0.057348
vn -0.061756 -0.062950 0.047154
vn -0.060107 -0.062790 0.049443
vn -0.071117 -0.058652 0.038760
vn -0.069523 -0.059276 0.040657
vn -0.079221 -0.053320 0.029681
vn -0.077699 -0.054706 0.031147
vn -0.083801 -0.049432 0.023106
vn -0.084491 -0.049160 0.021082
vn -0.086923 -0.046260 0.017447
vn -0.089448 -0.043152 0.011703
vn -0.016912 -0.070234 0.069145
vn -0.024290 -0.070906 0.066200
vn -0.031689 -0.070867 0.063037
vn -0.038982 -0.070140 0.059672
vn -0.046082 -0.068784 0.056082
vn -0.052927 -0.066879 0.052209
vn -0.059396 -0.064522 0.048053
vn -0.065385 -0.061818 0.043627
vn -0.070867 -0.058867 0.038890
vn -0.075793 -0.055764 0.033849
vn -0.080097 -0.052609 0.028579
vn -0.089778 -0.042740 0.010641
vn -0.091407 -0.040126 0.005890
vn -0.089036 -0.044194 0.010933
vn -0.092755 -0.037370 0.000000
vn -0.092829 -0.037187 0.000005
vn -0.083714 -0.050223 0.021671
vn -0.076886 -0.055349 0.032017
vn -0.068674 -0.059478 0.041788
vn -0.059226 -0.062537 0.050807
vn -0.048713 -0.064471 0.058912
vn -0.037323 -0.065245 0.065956
vn -0.025262 -0.064844 0.071813
vn -0.012745 -0.063277 0.076378
vn -0.000000 -0.060570 0.079569
vn -0.002366 -0.066625 0.074535
vn -0.023085 -0.097299 0.000000
vn -0.025565 -0.096677 0.000000
vn -0.024584 -0.096931 0.000000
vn -0.025864 -0.096597 0.000000
vn -0.027843 -0.096046 0.000000
vn -0.026944 -0.096302 0.000000
vn -0.027843 -0.096046 0.000000
vn 0.023085 -0.097299 0.000000
vn 0.024584 -0.096931 0.000000
vn 0.027843 -0.096046 0.000000
vn 0.025865 -0.096597 0.000000
vn 0.026944 -0.096302 0.000000
vn 0.027843 -0.096046 0.000000
vn -0.094446 -0.032864 0.000000
vn -0.096176 -0.027391 0.000000
vn -0.094446 -0.032864 0.000000
vn -0.095984 -0.028053 0.000000
vn -0.094413 -0.032958 0.000000
vn -0.093954 -0.034243 0.000000
vn -0.094318 -0.033228 0.000000
vn -0.094168 -0.033652 0.000000
vn -0.093968 -0.034205 0.000000
vn -0.093726 -0.034862 0.000000
vn -0.093450 -0.035596 0.000000
vn -0.092831 -0.037181 0.000000
vn -0.092140 -0.038861 0.000000
vn -0.092826 -0.037193 0.000000
vn -0.091653 -0.039997 0.000000
vn -0.091100 -0.041241 0.000000
vn -0.091046 -0.041360 0.000000
vn -0.090957 -0.041555 0.000000
vn -0.090994 -0.041474 0.000000
vn -0.091279 -0.040843 0.000000
vn -0.091570 -0.040186 0.000000
vn -0.091862 -0.039513 0.000000
vn -0.092478 -0.038051 0.000000
vn -0.092581 -0.037798 0.000000
vn -0.093346 -0.035869 0.000000
vn -0.093471 -0.035542 0.000000
vn -0.094091 -0.033866 0.000000
vn -0.094404 -0.032984 0.000000
vn -0.094770 -0.031915 0.000000
vn -0.095200 -0.030610 0.000000
vn -0.095360 -0.030109 0.000000
vn -0.095837 -0.028554 0.000000
vn -0.095852 -0.028502 0.000000
vn -0.096254 -0.027115 0.000000
vn -0.096707 -0.025452 0.000000
vn -0.096578 -0.025935 0.000000
vn -0.096842 -0.024933 0.000000
vn -0.097058 -0.024079 0.000000
vn -0.097239 -0.023338 0.000000
vn -0.096976 -0.024405 0.000000
vn -0.097678 -0.021427 0.000000
vn -0.097698 -0.021331 0.000000
vn -0.098327 -0.018215 0.000000
vn -0.098835 -0.015219 0.000000
vn -0.098848 -0.015133 0.000000
vn -0.099529 -0.009696 0.000000
vn -0.099551 -0.009469 0.000000
vn -0.099882 -0.004852 0.000000
vn -0.099898 -0.004510 0.000000
vn -0.099998 -0.000607 0.000000
vn -0.100000 -0.000226 0.000000
vn -0.099951 0.003129 0.000000
vn -0.099941 0.003449 0.000000
vn -0.099791 0.006457 0.000000
vn -0.099782 0.006597 0.000000
vn -0.099567 0.009296 0.000000
vn -0.099550 0.009476 0.000000
vn -0.099447 0.010498 0.000000
vn -0.099244 0.012275 0.000000
vn -0.099324 0.011609 0.000000
vn -0.098786 0.015535 0.000000
vn -0.098108 0.019361 0.000000
vn -0.098446 0.017560 0.000000
vn -0.098877 0.014941 0.000000
vn -0.097933 0.020226 0.000000
vn -0.097305 0.023059 0.000000
vn -0.097220 0.023415 0.000000
vn -0.097171 0.023619 0.000000
vn -0.097088 0.023957 0.000000
vn -0.096970 0.024429 0.000000
vn -0.096816 0.025034 0.000000
vn -0.096497 0.026234 0.000000
vn -0.096622 0.025770 0.000000
vn -0.096386 0.026641 0.000000
vn -0.096101 0.027653 0.000000
vn -0.095380 0.030044 0.000000
vn -0.095759 0.028813 0.000000
vn -0.095351 0.030137 0.000000
vn -0.094860 0.031648 0.000000
vn -0.093660 0.035041 0.000000
vn -0.094266 0.033374 0.000000
vn -0.093540 0.035359 0.000000
vn -0.092637 0.037662 0.000000
vn -0.092360 0.038336 0.000000
vn -0.091487 0.040375 0.000000
vn -0.090481 0.042581 0.000000
vn -0.089165 0.045273 0.000000
vn -0.087104 0.049120 0.000000
vn -0.087410 0.048575 0.000000
vn -0.084880 0.052871 0.000000
vn -0.082201 0.056947 0.000000
vn -0.083088 0.055645 0.000000
vn -0.078119 0.062430 0.000000
vn -0.076387 0.064537 0.000000
vn -0.071553 0.069859 0.000000
vn -0.070943 0.070478 0.000000
vn -0.066370 0.074800 0.000000
vn -0.063946 0.076883 0.000000
vn -0.058455 0.081136 0.000000
vn -0.055040 0.083490 0.000000
vn -0.052482 0.085121 0.000000
vn -0.043963 0.089818 0.000000
vn -0.043694 0.089949 0.000000
vn -0.037303 0.092782 0.000000
vn -0.030711 0.095167 0.000000
vn -0.028433 0.095873 0.000000
vn -0.015738 0.098754 0.000000
vn -0.015556 0.098783 0.000000
vn -0.097238 -0.023342 0.000000
vn -0.009559 -0.084990 0.051821
vn -0.009299 -0.091005 0.040393
vn -0.014779 -0.088286 0.044578
vn -0.018146 -0.091592 0.035800
vn -0.019154 -0.088192 0.043072
vn -0.023444 -0.087895 0.041531
vn -0.025292 -0.080298 0.053968
vn -0.030123 -0.079951 0.051967
vn -0.031663 -0.070869 0.063048
vn -0.034995 -0.079309 0.049854
vn -0.039130 -0.070099 0.059624
vn -0.039649 -0.078435 0.047707
vn -0.046180 -0.068733 0.056064
vn -0.044074 -0.077367 0.045517
vn -0.048325 -0.076125 0.043240
vn -0.039649 -0.084907 0.034910
vn -0.043252 -0.083844 0.033159
vn -0.034475 -0.090842 0.023646
vn -0.037371 -0.089995 0.022458
vn -0.028650 -0.095062 0.011936
vn -0.030793 -0.094463 0.011338
vn -0.023076 -0.097301 0.000006
vn -0.024571 -0.096934 0.000009
vn -0.024614 -0.093042 0.027155
vn -0.027670 -0.087401 0.039944
vn -0.028141 -0.092384 0.025948
vn -0.026944 -0.095152 0.014838
vn -0.031413 -0.091641 0.024800
vn -0.032794 -0.093861 0.010706
vn -0.025860 -0.096598 0.000004
vn -0.034667 -0.093262 0.010024
vn -0.026933 -0.096305 0.000013
vn -0.036387 -0.092678 0.009313
vn -0.037944 -0.092122 0.008587
vn -0.047552 -0.086313 0.016994
vn -0.049661 -0.085403 0.015495
vn -0.058951 -0.077477 0.022850
vn -0.061471 -0.076153 0.020542
vn -0.070044 -0.066183 0.026713
vn -0.072801 -0.064385 0.023551
vn -0.080094 -0.052598 0.028606
vn -0.075300 -0.062597 0.020286
vn -0.083814 -0.049411 0.023103
vn -0.077533 -0.060838 0.016952
vn -0.086921 -0.046258 0.017463
vn -0.080672 -0.058004 0.011294
vn -0.082414 -0.055808 0.009663
vn -0.075259 -0.064642 0.012551
vn -0.027835 -0.096048 0.000007
vn -0.039363 -0.091593 0.007825
vn -0.048089 -0.087013 0.010778
vn -0.051603 -0.084516 0.013935
vn -0.057863 -0.080471 0.013276
vn -0.063793 -0.074844 0.018131
vn -0.065908 -0.073563 0.015640
vn -0.037982 -0.092290 0.006314
vn -0.067002 -0.072936 0.013824
vn -0.092767 -0.037340 0.000090
vn -0.091403 -0.040139 0.005864
vn -0.089442 -0.043162 0.011709
vn -0.092826 -0.037193 0.000000
vn -0.075777 -0.055768 0.033878
vn -0.067043 -0.067976 0.029740
vn -0.056224 -0.078806 0.025068
vn -0.045269 -0.087240 0.018437
vn -0.070887 -0.058862 0.038862
vn -0.063790 -0.069748 0.032649
vn -0.053284 -0.080129 0.027208
vn -0.042780 -0.088180 0.019856
vn -0.065402 -0.061818 0.043602
vn -0.060275 -0.071482 0.035458
vn -0.050087 -0.081437 0.029314
vn -0.040133 -0.089105 0.021205
vn -0.056453 -0.073160 0.038219
vn -0.059274 -0.064545 0.048171
vn -0.052444 -0.074719 0.040825
vn -0.052860 -0.066866 0.052295
vn -0.024285 -0.070903 0.066205
vn -0.020432 -0.080364 0.055895
vn -0.016929 -0.070225 0.069151
vn -0.015530 -0.080143 0.057757
vn -0.009597 -0.068834 0.071901
vn -0.009659 -0.077557 0.062383
vn -0.035878 -0.085865 0.036605
vn -0.031885 -0.086706 0.038280
vn -0.046724 -0.082684 0.031308
vn 0.002393 -0.091422 0.040451
vn 0.002059 -0.091372 0.040582
vn 0.002393 -0.091421 0.040453
vn 0.002168 -0.090376 0.042749
vn -0.000318 -0.091216 0.040983
vn -0.004214 -0.087371 0.048462
vn -0.003078 -0.091084 0.041160
vn -0.009274 -0.091007 0.040394
vn -0.009535 -0.084992 0.051821
vn -0.004058 -0.081574 0.057700
vn -0.003046 -0.078826 0.061458
vn -0.009638 -0.077559 0.062383
vn -0.009581 -0.068836 0.071901
vn -0.007065 -0.068184 0.072808
vn 0.070711 0.000000 0.070711
vn 0.070711 0.000000 0.070711
vn 0.070711 0.000000 0.070711
vn 0.070711 0.000000 0.070711
vn 0.070711 0.000000 -0.070711
vn 0.070711 0.000000 -0.070711
vn 0.070711 0.000000 -0.070711
vn 0.070711 0.000000 -0.070711
vn 0.070711 0.000000 -0.070711
vn 0.070711 0.000000 -0.070711
vn 0.070711 0.000000 -0.070711
vn 0.070711 0.000000 -0.070711
vn 0.070711 0.000000 -0.070711
vn 0.070711 0.000000 -0.070711
vn 0.070711 0.000000 -0.070711
vn 0.070711 0.000000 -0.070711
vn 0.070711 0.000000 -0.070711
vn 0.070711 0.000000 -0.070711
vn 0.070711 0.000000 -0.070711
vn 0.070711 0.000000 -0.070711
vn 0.070711 0.000000 -0.070711
vn 0.070711 0.000000 -0.070711
vn 0.070711 0.000000 -0.070711
vn 0.070711 0.000000 -0.070711
vn 0.070711 0.000000 -0.070711
vn 0.070711 0.000000 -0.070711
vn 0.003062 -0.084528 0.053345
vn 0.003299 -0.091076 0.041161
vn 0.000533 -0.086376 0.050387
vn 0.001275 -0.091127 0.041161
vn 0.000467 -0.091135 0.041161
vn 0.000000 -0.091136 0.041161
vn 0.000498 -0.080694 0.059061
vn 0.002766 -0.076364 0.064505
vn 0.000457 -0.074136 0.067109
vn 0.001225 -0.066774 0.074429
vn -0.000000 -0.066786 0.074429
vn 0.002417 -0.066742 0.074429
vn 0.009535 -0.084992 0.051821
vn 0.009274 -0.091007 0.040394
vn 0.004221 -0.087654 0.047947
vn 0.003299 -0.091076 0.041161
vn 0.003061 -0.084528 0.053345
vn 0.003966 -0.078484 0.061842
vn 0.002765 -0.076364 0.064505
vn 0.009581 -0.068836 0.071901
vn 0.009638 -0.077559 0.062383
vn 0.024910 -0.093122 0.026604
vn 0.028100 -0.095206 0.012089
vn 0.023067 -0.097303 0.000013
vn 0.030625 -0.094511 0.011390
vn 0.024573 -0.096934 0.000009
vn 0.032982 -0.093804 0.010627
vn 0.025852 -0.096601 0.000011
vn 0.035117 -0.093113 0.009839
vn 0.026932 -0.096305 0.000009
vn 0.037037 -0.092449 0.009020
vn 0.027845 -0.096045 -0.000008
vn 0.038765 -0.091819 0.008158
vn 0.037982 -0.092291 0.006312
vn 0.051081 -0.084759 0.014377
vn 0.048085 -0.087016 0.010777
vn 0.053183 -0.083757 0.012504
vn 0.057840 -0.080488 0.013275
vn 0.063537 -0.074995 0.018407
vn 0.065992 -0.073511 0.015533
vn 0.072500 -0.064592 0.023908
vn 0.075400 -0.062523 0.020144
vn 0.080098 -0.052601 0.028591
vn 0.083808 -0.049417 0.023112
vn 0.018262 -0.091611 0.035692
vn 0.024698 -0.087770 0.041067
vn 0.026292 -0.092751 0.026569
vn 0.030135 -0.091943 0.025266
vn 0.029648 -0.087095 0.039184
vn 0.034307 -0.086214 0.037286
vn 0.032403 -0.079677 0.051007
vn 0.037810 -0.078806 0.048580
vn 0.039090 -0.070097 0.059652
vn 0.046068 -0.068763 0.056119
vn 0.009300 -0.091003 0.040398
vn 0.014635 -0.088288 0.044622
vn 0.019711 -0.088168 0.042871
vn 0.021066 -0.080375 0.055643
vn 0.026719 -0.080225 0.053385
vn 0.024285 -0.070906 0.066201
vn 0.031753 -0.070852 0.063022
vn 0.009556 -0.084987 0.051826
vn 0.015376 -0.080135 0.057810
vn 0.009653 -0.077553 0.062388
vn 0.016909 -0.070225 0.069156
vn 0.009589 -0.068830 0.071906
vn 0.052813 -0.066898 0.052302
vn 0.047976 -0.076243 0.043419
vn 0.042975 -0.077655 0.046074
vn 0.038719 -0.085157 0.035343
vn 0.033729 -0.091045 0.023943
vn 0.052861 -0.074584 0.040534
vn 0.059383 -0.064529 0.048059
vn 0.057487 -0.072735 0.037481
vn 0.065415 -0.061810 0.043594
vn 0.061733 -0.070781 0.034338
vn 0.070862 -0.058867 0.038901
vn 0.065642 -0.068754 0.031049
vn 0.075757 -0.055778 0.033906
vn 0.069233 -0.066682 0.027573
vn 0.077952 -0.060487 0.016273
vn 0.086914 -0.046264 0.017482
vn 0.080165 -0.058498 0.012313
vn 0.089436 -0.043170 0.011732
vn 0.082386 -0.055845 0.009684
vn 0.091399 -0.040146 0.005874
vn 0.092745 -0.037395 0.000106
vn 0.092825 -0.037195 -0.000016
vn 0.075229 -0.064675 0.012559
vn 0.066972 -0.072964 0.013820
vn 0.042958 -0.083940 0.033298
vn 0.047072 -0.082572 0.031083
vn 0.050947 -0.081104 0.028751
vn 0.054503 -0.079592 0.026353
vn 0.057779 -0.078058 0.023845
vn 0.060791 -0.076519 0.021197
vn 0.037138 -0.090067 0.022555
vn 0.040404 -0.089019 0.021052
vn 0.043443 -0.087939 0.019479
vn 0.046218 -0.086862 0.017859
vn 0.048760 -0.085798 0.016163
f 662/1118/1109 645/1119/1110 664/1120/1111
f 664/1120/1111 645/1119/1110 646/1121/1112
f 664/1120/1111 646/1121/1112 647/1122/1113
f 664/1120/1111 647/1122/1113 663/1123/1114
f 663/1123/1114 647/1122/1113 648/1124/1115
f 663/1123/1114 648/1124/1115 665/1125/1116
f 665/1125/1116 648/1124/1115 649/1126/1117
f 665/1125/1116 649/1126/1117 666/1127/1118
f 666/1127/1118 649/1126/1117 650/1128/1119
f 666/1127/1118 650/1128/1119 667/1129/1120
f 667/1129/1120 650/1128/1119 651/1130/1121
f 667/1129/1120 651/1130/1121 652/1131/1122
f 652/1131/1122 653/1132/1123 667/1129/1120
f 667/1129/1120 653/1132/1123 655/1133/1124
f 667/1129/1120 655/1133/1124 656/1134/1125
f 653/1132/1123 654/1135/1126 655/1133/1124
f 656/1134/1125 657/1136/1127 667/1129/1120
f 667/1129/1120 657/1136/1127 658/1137/1128
f 667/1129/1120 658/1137/1128 659/1138/1129
f 667/1129/1120 659/1138/1129 666/1127/1118
f 666/1127/1118 659/1138/1129 660/1139/1130
f 666/1127/1118 660/1139/1130 665/1125/1116
f 665/1125/1116 660/1139/1130 661/1140/1131
f 665/1125/1116 661/1140/1131 663/1123/1114
f 663/1123/1114 661/1140/1131 662/1118/1109
f 663/1123/1114 662/1118/1109 664/1120/1111
f 668/1141/1132 654/1142/1133 676/1143/1134
f 676/1143/1134 654/1142/1133 677/1144/1135
f 676/1143/1134 677/1144/1135 675/1145/1136
f 675/1145/1136 677/1144/1135 674/1146/1137
f 674/1146/1137 677/1144/1135 673/1147/1138
f 673/1147/1138 677/1144/1135 678/1148/1139
f 673/1147/1138 678/1148/1139 672/1149/1140
f 672/1149/1140 678/1148/1139 679/1150/1141
f 672/1149/1140 679/1150/1141 671/1151/1142
f 671/1151/1142 679/1150/1141 680/1152/1143
f 671/1151/1142 680/1152/1143 670/1153/1144
f 670/1153/1144 680/1152/1143 681/1154/1145
f 670/1153/1144 681/1154/1145 669/1155/1146
f 669/1155/1146 681/1154/1145 646/1156/1112
f 646/1156/1112 681/1154/1145 647/1157/1147
f 647/1157/1147 681/1154/1145 680/1152/1143
f 647/1157/1147 680/1152/1143 648/1158/1148
f 648/1158/1148 680/1152/1143 679/1150/1141
f 648/1158/1148 679/1150/1141 649/1159/1149
f 649/1159/1149 679/1150/1141 678/1148/1139
f 649/1159/1149 678/1148/1139 650/1160/1150
f 650/1160/1150 678/1148/1139 677/1144/1135
f 650/1160/1150 677/1144/1135 651/1161/1151
f 651/1161/1151 677/1144/1135 652/1162/1152
f 652/1162/1152 677/1144/1135 653/1163/1153
f 653/1163/1153 677/1144/1135 654/1142/1133
f 670/1164/1154 669/1165/1146 683/1166/1155
f 683/1166/1155 669/1165/1146 645/1167/1110
f 683/1166/1155 645/1167/1110 662/1168/1156
f 683/1166/1155 662/1168/1156 682/1169/1157
f 682/1169/1157 662/1168/1156 661/1170/1158
f 682/1169/1157 661/1170/1158 684/1171/1159
f 684/1171/1159 661/1170/1158 660/1172/1160
f 684/1171/1159 660/1172/1160 685/1173/1161
f 685/1173/1161 660/1172/1160 659/1174/1162
f 685/1173/1161 659/1174/1162 686/1175/1163
f 686/1175/1163 659/1174/1162 658/1176/1164
f 686/1175/1163 658/1176/1164 657/1177/1165
f 657/1177/1165 656/1178/1166 686/1175/1163
f 686/1175/1163 656/1178/1166 668/1179/1167
f 686/1175/1163 668/1179/1167 676/1180/1168
f 656/1178/1166 655/1181/1169 668/1179/1167
f 676/1180/1168 675/1182/1170 686/1175/1163
f 686/1175/1163 675/1182/1170 674/1183/1171
f 686/1175/1163 674/1183/1171 673/1184/1172
f 686/1175/1163 673/1184/1172 685/1173/1161
f 685/1173/1161 673/1184/1172 672/1185/1173
f 685/1173/1161 672/1185/1173 684/1171/1159
f 684/1171/1159 672/1185/1173 671/1186/1174
f 684/1171/1159 671/1186/1174 682/1169/1157
f 682/1169/1157 671/1186/1174 670/1164/1154
f 682/1169/1157 670/1164/1154 683/1166/1155
f 668/1187/1167 655/1188/1169 688/1189/1175
f 688/1189/1175 655/1188/1169 687/1190/1176
f 655/1191/1124 654/1192/1126 687/1193/1177
f 687/1193/1177 654/1192/1126 689/1194/1178
f 646/1195/1112 645/1196/1110 669/1197/1146
f 707/1198/1179 690/1199/1180 709/1200/1181
f 709/1200/1181 690/1199/1180 691/1201/1182
f 709/1200/1181 691/1201/1182 692/1202/1183
f 709/1200/1181 692/1202/1183 708/1203/1184
f 708/1203/1184 692/1202/1183 693/1204/1185
f 708/1203/1184 693/1204/1185 710/1205/1186
f 710/1205/1186 693/1204/1185 694/1206/1187
f 710/1205/1186 694/1206/1187 711/1207/1188
f 711/1207/1188 694/1206/1187 695/1208/1189
f 711/1207/1188 695/1208/1189 712/1209/1190
f 712/1209/1190 695/1208/1189 696/1210/1191
f 712/1209/1190 696/1210/1191 697/1211/1192
f 697/1211/1192 698/1212/1193 712/1209/1190
f 712/1209/1190 698/1212/1193 700/1213/1194
f 712/1209/1190 700/1213/1194 701/1214/1195
f 698/1212/1193 699/1215/1196 700/1213/1194
f 701/1214/1195 702/1216/1197 712/1209/1190
f 712/1209/1190 702/1216/1197 703/1217/1198
f 712/1209/1190 703/1217/1198 704/1218/1199
f 712/1209/1190 704/1218/1199 711/1207/1188
f 711/1207/1188 704/1218/1199 705/1219/1200
f 711/1207/1188 705/1219/1200 710/1205/1186
f 710/1205/1186 705/1219/1200 706/1220/1201
f 710/1205/1186 706/1220/1201 708/1203/1184
f 708/1203/1184 706/1220/1201 707/1198/1179
f 708/1203/1184 707/1198/1179 709/1200/1181
f 713/1221/1202 699/1222/1203 721/1223/1204
f 721/1223/1204 699/1222/1203 722/1224/1205
f 721/1223/1204 722/1224/1205 720/1225/1206
f 720/1225/1206 722/1224/1205 719/1226/1207
f 719/1226/1207 722/1224/1205 718/1227/1208
f 718/1227/1208 722/1224/1205 723/1228/1209
f 718/1227/1208 723/1228/1209 717/1229/1210
f 717/1229/1210 723/1228/1209 724/1230/1211
f 717/1229/1210 724/1230/1211 716/1231/1212
f 716/1231/1212 724/1230/1211 725/1232/1213
f 716/1231/1212 725/1232/1213 715/1233/1214
f 715/1233/1214 725/1232/1213 726/1234/1215
f 715/1233/1214 726/1234/1215 714/1235/1216
f 714/1235/1216 726/1234/1215 691/1236/1182
f 691/1236/1182 726/1234/1215 692/1237/1217
f 692/1237/1217 726/1234/1215 725/1232/1213
f 692/1237/1217 725/1232/1213 693/1238/1218
f 693/1238/1218 725/1232/1213 724/1230/1211
f 693/1238/1218 724/1230/1211 694/1239/1219
f 694/1239/1219 724/1230/1211 723/1228/1209
f 694/1239/1219 723/1228/1209 695/1240/1220
f 695/1240/1220 723/1228/1209 722/1224/1205
f 695/1240/1220 722/1224/1205 696/1241/1221
f 696/1241/1221 722/1224/1205 697/1242/1222
f 697/1242/1222 722/1224/1205 698/1243/1223
f 698/1243/1223 722/1224/1205 699/1222/1203
f 715/1244/1224 714/1245/1216 728/1246/1225
f 728/1246/1225 714/1245/1216 690/1247/1180
f 728/1246/1225 690/1247/1180 707/1248/1226
f 728/1246/1225 707/1248/1226 727/1249/1227
f 727/1249/1227 707/1248/1226 706/1250/1228
f 727/1249/1227 706/1250/1228 729/1251/1229
f 729/1251/1229 706/1250/1228 705/1252/1230
f 729/1251/1229 705/1252/1230 730/1253/1231
f 730/1253/1231 705/1252/1230 704/1254/1232
f 730/1253/1231 704/1254/1232 731/1255/1233
f 731/1255/1233 704/1254/1232 703/1256/1234
f 731/1255/1233 703/1256/1234 702/1257/1235
f 702/1257/1235 701/1258/1236 731/1255/1233
f 731/1255/1233 701/1258/1236 713/1259/1237
f 731/1255/1233 713/1259/1237 721/1260/1238
f 701/1258/1236 700/1261/1239 713/1259/1237
f 721/1260/1238 720/1262/1240 731/1255/1233
f 731/1255/1233 720/1262/1240 719/1263/1241
f 731/1255/1233 719/1263/1241 718/1264/1242
f 731/1255/1233 718/1264/1242 730/1253/1231
f 730/1253/1231 718/1264/1242 717/1265/1243
f 730/1253/1231 717/1265/1243 729/1251/1229
f 729/1251/1229 717/1265/1243 716/1266/1244
f 729/1251/1229 716/1266/1244 727/1249/1227
f 727/1249/1227 716/1266/1244 715/1244/1224
f 727/1249/1227 715/1244/1224 728/1246/1225
f 713/1267/1237 700/1268/1239 733/1269/1245
f 733/1269/1245 700/1268/1239 732/1270/1246
f 700/1271/1194 699/1272/1196 732/1273/1247
f 732/1273/1247 699/1272/1196 734/1274/1248
f 691/1275/1182 690/1276/1180 714/1277/1216
f 654/1278/1133 668/1279/1132 689/1280/1249
f 689/1280/1249 668/1279/1132 688/1281/1250
f 699/1282/1203 713/1283/1202 734/1284/1251
f 734/1284/1251 713/1283/1202 733/1285/1252
f 688/1286/1253 736/1287/1254 689/1288/1255
f 689/1288/1255 736/1287/1254 737/1289/1256
f 689/1288/1255 737/1289/1256 732/1290/1257
f 732/1290/1257 737/1289/1256 733/1291/1258
f 733/1291/1258 737/1289/1256 738/1292/1259
f 733/1291/1258 738/1292/1259 739/1293/1260
f 687/1294/1261 798/1295/1262 688/1286/1253
f 688/1286/1253 798/1295/1262 799/1296/1263
f 688/1286/1253 799/1296/1263 800/1297/1264
f 689/1288/1255 790/1298/1265 687/1294/1261
f 687/1294/1261 790/1298/1265 791/1299/1266
f 687/1294/1261 791/1299/1266 792/1300/1267
f 733/1291/1258 752/1301/1268 734/1302/1269
f 734/1302/1269 752/1301/1268 753/1303/1270
f 734/1302/1269 753/1303/1270 754/1304/1271
f 734/1302/1269 758/1305/1272 732/1290/1257
f 732/1290/1257 758/1305/1272 759/1306/1273
f 732/1290/1257 759/1306/1273 765/1307/1274
f 765/1307/1274 759/1306/1273 760/1308/1275
f 765/1307/1274 760/1308/1275 761/1309/1276
f 811/1310/1277 735/1311/1278 688/1286/1253
f 688/1286/1253 735/1311/1278 736/1287/1254
f 739/1293/1260 740/1312/1279 733/1291/1258
f 733/1291/1258 740/1312/1279 741/1313/1280
f 733/1291/1258 741/1313/1280 748/1314/1281
f 748/1314/1281 741/1313/1280 743/1315/1282
f 748/1314/1281 743/1315/1282 747/1316/1283
f 747/1316/1283 743/1315/1282 744/1317/1284
f 747/1316/1283 744/1317/1284 745/1318/1285
f 741/1313/1280 742/1319/1286 743/1315/1282
f 745/1318/1285 746/1320/1287 747/1316/1283
f 748/1314/1281 749/1321/1288 733/1291/1258
f 733/1291/1258 749/1321/1288 750/1322/1289
f 733/1291/1258 750/1322/1289 751/1323/1290
f 751/1323/1290 752/1301/1268 733/1291/1258
f 754/1304/1271 755/1324/1291 734/1302/1269
f 734/1302/1269 755/1324/1291 756/1325/1292
f 734/1302/1269 756/1325/1292 757/1326/1293
f 757/1326/1293 758/1305/1272 734/1302/1269
f 765/1307/1274 761/1309/1276 764/1327/1294
f 764/1327/1294 761/1309/1276 762/1328/1295
f 764/1327/1294 762/1328/1295 763/1329/1296
f 765/1307/1274 766/1330/1297 732/1290/1257
f 732/1290/1257 766/1330/1297 767/1331/1298
f 732/1290/1257 767/1331/1298 768/1332/1299
f 768/1332/1299 769/1333/1300 732/1290/1257
f 732/1290/1257 769/1333/1300 774/1334/1301
f 732/1290/1257 774/1334/1301 775/1335/1302
f 769/1333/1300 770/1336/1303 774/1334/1301
f 774/1334/1301 770/1336/1303 771/1337/1304
f 774/1334/1301 771/1337/1304 772/1338/1305
f 772/1338/1305 773/1339/1306 774/1334/1301
f 775/1335/1302 776/1340/1307 732/1290/1257
f 732/1290/1257 776/1340/1307 689/1288/1255
f 777/1341/1308 778/1342/1309 776/1340/1307
f 776/1340/1307 778/1342/1309 779/1343/1310
f 776/1340/1307 779/1343/1310 780/1344/1311
f 780/1344/1311 781/1345/1312 776/1340/1307
f 776/1340/1307 781/1345/1312 689/1288/1255
f 781/1345/1312 782/1346/1313 689/1288/1255
f 689/1288/1255 782/1346/1313 783/1347/1314
f 689/1288/1255 783/1347/1314 784/1348/1315
f 785/1349/1316 786/1350/1317 784/1348/1315
f 784/1348/1315 786/1350/1317 787/1351/1318
f 784/1348/1315 787/1351/1318 788/1352/1319
f 788/1352/1319 789/1353/1320 784/1348/1315
f 784/1348/1315 789/1353/1320 689/1288/1255
f 789/1353/1320 790/1298/1265 689/1288/1255
f 792/1300/1267 793/1354/1321 687/1294/1261
f 687/1294/1261 793/1354/1321 794/1355/1322
f 687/1294/1261 794/1355/1322 795/1356/1323
f 795/1356/1323 796/1357/1324 687/1294/1261
f 687/1294/1261 796/1357/1324 797/1358/1325
f 687/1294/1261 797/1358/1325 798/1295/1262
f 800/1297/1264 801/1359/1326 688/1286/1253
f 688/1286/1253 801/1359/1326 802/1360/1327
f 688/1286/1253 802/1360/1327 809/1361/1328
f 809/1361/1328 802/1360/1327 807/1362/1329
f 809/1361/1328 807/1362/1329 808/1363/1330
f 802/1360/1327 803/1364/1331 807/1362/1329
f 807/1362/1329 803/1364/1331 806/1365/1332
f 806/1365/1332 803/1364/1331 805/1366/1333
f 805/1366/1333 803/1364/1331 804/1367/1334
f 809/1361/1328 810/1368/1335 688/1286/1253
f 688/1286/1253 810/1368/1335 811/1310/1277
f 742/1369/1336 741/1370/1337 816/1371/1338
f 816/1371/1338 741/1370/1337 814/1372/1339
f 816/1371/1338 814/1372/1339 815/1373/1340
f 741/1370/1337 740/1374/1341 814/1372/1339
f 814/1372/1339 740/1374/1341 739/1375/1342
f 814/1372/1339 739/1375/1342 813/1376/1343
f 813/1376/1343 739/1375/1342 738/1377/1344
f 813/1376/1343 738/1377/1344 812/1378/1345
f 735/1379/1346 817/1380/1347 736/1381/1348
f 736/1381/1348 817/1380/1347 818/1382/1349
f 736/1381/1348 818/1382/1349 737/1383/1350
f 737/1383/1350 818/1382/1349 819/1384/1351
f 737/1383/1350 819/1384/1351 738/1385/1352
f 738/1385/1352 819/1384/1351 812/1386/1353
f 817/1387/1354 735/1388/1355 823/1389/1356
f 823/1389/1356 735/1388/1355 811/1390/1357
f 823/1389/1356 811/1390/1357 822/1391/1358
f 822/1391/1358 811/1390/1357 810/1392/1359
f 822/1391/1358 810/1392/1359 809/1393/1360
f 808/1394/1361 820/1395/1362 809/1393/1360
f 809/1393/1360 820/1395/1362 821/1396/1363
f 809/1393/1360 821/1396/1363 822/1391/1358
f 825/1397/1364 826/1398/1365 824/1399/1366
f 824/1399/1366 826/1398/1365 827/1400/1367
f 824/1399/1366 827/1400/1367 828/1401/1368
f 828/1401/1368 829/1402/1369 824/1399/1366
f 824/1399/1366 829/1402/1369 830/1403/1370
f 824/1399/1366 830/1403/1370 831/1404/1371
f 831/1404/1371 832/1405/1372 824/1399/1366
f 824/1399/1366 832/1405/1372 843/1406/1373
f 843/1406/1373 832/1405/1372 835/1407/1374
f 843/1406/1373 835/1407/1374 836/1408/1375
f 833/1409/1376 834/1410/1377 832/1405/1372
f 832/1405/1372 834/1410/1377 835/1407/1374
f 836/1408/1375 837/1411/1378 843/1406/1373
f 843/1406/1373 837/1411/1378 838/1412/1379
f 843/1406/1373 838/1412/1379 839/1413/1380
f 839/1413/1380 840/1414/1381 843/1406/1373
f 843/1406/1373 840/1414/1381 841/1415/1382
f 843/1406/1373 841/1415/1382 842/1416/1383
f 832/1417/1384 844/1418/1385 833/1419/1386
f 833/1419/1386 844/1418/1385 845/1420/1387
f 833/1419/1386 845/1420/1387 846/1421/1388
f 846/1421/1388 847/1422/1389 833/1419/1386
f 833/1419/1386 847/1422/1389 848/1423/1390
f 833/1419/1386 848/1423/1390 856/1424/1391
f 856/1424/1391 848/1423/1390 849/1425/1392
f 856/1424/1391 849/1425/1392 850/1426/1393
f 850/1426/1393 851/1427/1394 856/1424/1391
f 856/1424/1391 851/1427/1394 852/1428/1395
f 856/1424/1391 852/1428/1395 853/1429/1396
f 853/1429/1396 854/1430/1397 856/1424/1391
f 856/1424/1391 854/1430/1397 855/1431/1398
f 808/1432/1399 807/1433/1400 820/1434/1401
f 743/1435/1402 742/1436/1403 816/1437/1404
f 834/1438/1405 833/1439/1406 857/1440/1407
f 857/1440/1407 833/1439/1406 856/1441/1408
f 858/1442/1409 859/1443/1410 857/1444/1411
f 857/1444/1411 859/1443/1410 860/1445/1412
f 857/1444/1411 860/1445/1412 861/1446/1413
f 861/1446/1413 862/1447/1414 857/1444/1411
f 857/1444/1411 862/1447/1414 863/1448/1415
f 857/1444/1411 863/1448/1415 864/1449/1416
f 864/1449/1416 865/1450/1417 857/1444/1411
f 857/1444/1411 865/1450/1417 834/1451/1418
f 834/1451/1418 865/1450/1417 866/1452/1419
f 834/1451/1418 866/1452/1419 867/1453/1420
f 867/1453/1420 868/1454/1421 834/1451/1418
f 834/1451/1418 868/1454/1421 869/1455/1422
f 834/1451/1418 869/1455/1422 870/1456/1423
f 870/1456/1423 835/1457/1424 834/1451/1418
f 871/1458/1425 877/1459/1426 855/1460/1427
f 855/1460/1427 877/1459/1426 879/1461/1428
f 855/1460/1427 879/1461/1428 858/1462/1429
f 858/1462/1429 879/1461/1428 886/1463/1430
f 886/1463/1430 879/1461/1428 885/1464/1431
f 885/1464/1431 879/1461/1428 884/1465/1432
f 884/1465/1432 879/1461/1428 883/1466/1433
f 883/1466/1433 879/1461/1428 880/1467/1434
f 883/1466/1433 880/1467/1434 882/1468/1435
f 882/1468/1435 880/1467/1434 881/1469/1436
f 871/1458/1425 872/1470/1437 877/1459/1426
f 877/1459/1426 872/1470/1437 873/1471/1438
f 877/1459/1426 873/1471/1438 874/1472/1439
f 874/1472/1439 875/1473/1440 877/1459/1426
f 877/1459/1426 875/1473/1440 876/1474/1441
f 877/1459/1426 878/1475/1442 879/1461/1428
f 857/1476/1443 856/1477/1444 858/1462/1429
f 858/1462/1429 856/1477/1444 855/1460/1427
f 879/1478/1445 878/1479/1446 895/1480/1447
f 895/1480/1447 878/1479/1446 887/1481/1448
f 895/1480/1447 887/1481/1448 894/1482/1449
f 894/1482/1449 887/1481/1448 888/1483/1450
f 894/1482/1449 888/1483/1450 893/1484/1451
f 893/1484/1451 888/1483/1450 889/1485/1452
f 893/1484/1451 889/1485/1452 892/1486/1453
f 892/1486/1453 889/1485/1452 890/1487/1454
f 892/1486/1453 890/1487/1454 891/1488/1455
f 909/1489/1456 896/1490/1457 908/1491/1458
f 908/1491/1458 896/1490/1457 897/1492/1459
f 908/1491/1458 897/1492/1459 907/1493/1460
f 907/1493/1460 897/1492/1459 898/1494/1461
f 907/1493/1460 898/1494/1461 906/1495/1462
f 906/1495/1462 898/1494/1461 899/1496/1463
f 906/1495/1462 899/1496/1463 905/1497/1464
f 905/1497/1464 899/1496/1463 900/1498/1465
f 905/1497/1464 900/1498/1465 904/1499/1466
f 904/1499/1466 900/1498/1465 901/1500/1467
f 904/1499/1466 901/1500/1467 903/1501/1468
f 903/1501/1468 901/1500/1467 902/1502/1469
f 903/1501/1468 902/1502/1469 843/1503/1470
f 843/1503/1470 902/1502/1469 824/1504/1471
f 941/1505/1472 910/1506/1473 959/1507/1474
f 959/1507/1474 910/1506/1473 911/1508/1475
f 959/1507/1474 911/1508/1475 958/1509/1476
f 958/1509/1476 911/1508/1475 957/1510/1477
f 958/1509/1476 957/1510/1477 1045/1511/1478
f 1045/1511/1478 957/1510/1477 1046/1512/1479
f 1045/1511/1478 1046/1512/1479 1028/1513/1480
f 1028/1513/1480 1046/1512/1479 1029/1514/1481
f 1028/1513/1480 1029/1514/1481 1011/1515/1482
f 1011/1515/1482 1029/1514/1481 1012/1516/1483
f 1011/1515/1482 1012/1516/1483 994/1517/1484
f 994/1517/1484 1012/1516/1483 995/1518/1485
f 994/1517/1484 995/1518/1485 977/1519/1486
f 977/1519/1486 995/1518/1485 978/1520/1487
f 977/1519/1486 978/1520/1487 960/1521/1488
f 960/1521/1488 978/1520/1487 961/1522/1489
f 960/1521/1488 961/1522/1489 932/1523/1490
f 932/1523/1490 961/1522/1489 931/1524/1491
f 931/1524/1491 961/1522/1489 962/1525/1492
f 931/1524/1491 962/1525/1492 930/1526/1493
f 930/1526/1493 962/1525/1492 963/1527/1494
f 930/1526/1493 963/1527/1494 929/1528/1495
f 929/1528/1495 963/1527/1494 964/1529/1496
f 929/1528/1495 964/1529/1496 928/1530/1497
f 928/1530/1497 964/1529/1496 965/1531/1498
f 928/1530/1497 965/1531/1498 927/1532/1499
f 927/1532/1499 965/1531/1498 966/1533/1500
f 927/1532/1499 966/1533/1500 926/1534/1501
f 926/1534/1501 966/1533/1500 925/1535/1502
f 925/1535/1502 966/1533/1500 967/1536/1503
f 925/1535/1502 967/1536/1503 924/1537/1504
f 924/1537/1504 967/1536/1503 968/1538/1505
f 924/1537/1504 968/1538/1505 923/1539/1506
f 923/1539/1506 968/1538/1505 969/1540/1507
f 923/1539/1506 969/1540/1507 922/1541/1508
f 922/1541/1508 969/1540/1507 970/1542/1509
f 922/1541/1508 970/1542/1509 971/1543/1510
f 971/1543/1510 970/1542/1509 988/1544/1511
f 971/1543/1510 988/1544/1511 989/1545/1512
f 989/1545/1512 988/1544/1511 1006/1546/1513
f 989/1545/1512 1006/1546/1513 1007/1547/1514
f 1007/1547/1514 1006/1546/1513 1024/1548/1515
f 1007/1547/1514 1024/1548/1515 1025/1549/1516
f 1025/1549/1516 1024/1548/1515 1042/1550/1517
f 1025/1549/1516 1042/1550/1517 1043/1551/1518
f 1043/1551/1518 1042/1550/1517 1060/1552/1519
f 1043/1551/1518 1060/1552/1519 896/1553/1520
f 911/1508/1475 912/1554/1521 957/1510/1477
f 957/1510/1477 912/1554/1521 956/1555/1522
f 957/1510/1477 956/1555/1522 1046/1512/1479
f 1046/1512/1479 956/1555/1522 1047/1556/1523
f 1046/1512/1479 1047/1556/1523 1029/1514/1481
f 1029/1514/1481 1047/1556/1523 1030/1557/1524
f 1029/1514/1481 1030/1557/1524 1012/1516/1483
f 1012/1516/1483 1030/1557/1524 1013/1558/1525
f 1012/1516/1483 1013/1558/1525 995/1518/1485
f 995/1518/1485 1013/1558/1525 996/1559/1526
f 995/1518/1485 996/1559/1526 978/1520/1487
f 978/1520/1487 996/1559/1526 979/1560/1527
f 978/1520/1487 979/1560/1527 961/1522/1489
f 961/1522/1489 979/1560/1527 962/1525/1492
f 912/1554/1521 913/1561/1528 956/1555/1522
f 956/1555/1522 913/1561/1528 955/1562/1529
f 956/1555/1522 955/1562/1529 1047/1556/1523
f 1047/1556/1523 955/1562/1529 1048/1563/1530
f 1047/1556/1523 1048/1563/1530 1030/1557/1524
f 1030/1557/1524 1048/1563/1530 1031/1564/1531
f 1030/1557/1524 1031/1564/1531 1013/1558/1525
f 1013/1558/1525 1031/1564/1531 1014/1565/1532
f 1013/1558/1525 1014/1565/1532 996/1559/1526
f 996/1559/1526 1014/1565/1532 997/1566/1533
f 996/1559/1526 997/1566/1533 979/1560/1527
f 979/1560/1527 997/1566/1533 980/1567/1534
f 979/1560/1527 980/1567/1534 962/1525/1492
f 962/1525/1492 980/1567/1534 963/1527/1494
f 955/1562/1529 913/1561/1528 954/1568/1535
f 954/1568/1535 913/1561/1528 914/1569/1536
f 954/1568/1535 914/1569/1536 953/1570/1537
f 953/1570/1537 914/1569/1536 952/1571/1538
f 953/1570/1537 952/1571/1538 1050/1572/1539
f 1050/1572/1539 952/1571/1538 1051/1573/1540
f 1050/1572/1539 1051/1573/1540 1033/1574/1541
f 1033/1574/1541 1051/1573/1540 1034/1575/1542
f 1033/1574/1541 1034/1575/1542 1016/1576/1543
f 1016/1576/1543 1034/1575/1542 1017/1577/1544
f 1016/1576/1543 1017/1577/1544 999/1578/1545
f 999/1578/1545 1017/1577/1544 1000/1579/1546
f 999/1578/1545 1000/1579/1546 982/1580/1547
f 982/1580/1547 1000/1579/1546 983/1581/1548
f 982/1580/1547 983/1581/1548 965/1531/1498
f 965/1531/1498 983/1581/1548 966/1533/1500
f 914/1569/1536 915/1582/1549 952/1571/1538
f 952/1571/1538 915/1582/1549 951/1583/1550
f 952/1571/1538 951/1583/1550 1051/1573/1540
f 1051/1573/1540 951/1583/1550 1052/1584/1551
f 1051/1573/1540 1052/1584/1551 1034/1575/1542
f 1034/1575/1542 1052/1584/1551 1035/1585/1552
f 1034/1575/1542 1035/1585/1552 1017/1577/1544
f 1017/1577/1544 1035/1585/1552 1018/1586/1553
f 1017/1577/1544 1018/1586/1553 1000/1579/1546
f 1000/1579/1546 1018/1586/1553 1001/1587/1554
f 1000/1579/1546 1001/1587/1554 983/1581/1548
f 983/1581/1548 1001/1587/1554 984/1588/1555
f 983/1581/1548 984/1588/1555 966/1533/1500
f 966/1533/1500 984/1588/1555 967/1536/1503
f 915/1582/1549 916/1589/1556 951/1583/1550
f 951/1583/1550 916/1589/1556 950/1590/1557
f 951/1583/1550 950/1590/1557 1052/1584/1551
f 1052/1584/1551 950/1590/1557 1053/1591/1558
f 1052/1584/1551 1053/1591/1558 1035/1585/1552
f 1035/1585/1552 1053/1591/1558 1036/1592/1559
f 1035/1585/1552 1036/1592/1559 1018/1586/1553
f 1018/1586/1553 1036/1592/1559 1019/1593/1560
f 1018/1586/1553 1019/1593/1560 1001/1587/1554
f 1001/1587/1554 1019/1593/1560 1002/1594/1561
f 1001/1587/1554 1002/1594/1561 984/1588/1555
f 984/1588/1555 1002/1594/1561 985/1595/1562
f 984/1588/1555 985/1595/1562 967/1536/1503
f 967/1536/1503 985/1595/1562 968/1538/1505
f 950/1590/1557 916/1589/1556 949/1596/1563
f 949/1596/1563 916/1589/1556 917/1597/1564
f 949/1596/1563 917/1597/1564 948/1598/1565
f 948/1598/1565 917/1597/1564 947/1599/1566
f 948/1598/1565 947/1599/1566 1055/1600/1567
f 1055/1600/1567 947/1599/1566 1056/1601/1568
f 1055/1600/1567 1056/1601/1568 1038/1602/1569
f 1038/1602/1569 1056/1601/1568 1039/1603/1570
f 1038/1602/1569 1039/1603/1570 1021/1604/1571
f 1021/1604/1571 1039/1603/1570 1022/1605/1572
f 1021/1604/1571 1022/1605/1572 1004/1606/1573
f 1004/1606/1573 1022/1605/1572 1005/1607/1574
f 1004/1606/1573 1005/1607/1574 987/1608/1575
f 987/1608/1575 1005/1607/1574 988/1544/1511
f 987/1608/1575 988/1544/1511 970/1542/1509
f 947/1599/1566 917/1597/1564 946/1609/1576
f 946/1609/1576 917/1597/1564 918/1610/1577
f 946/1609/1576 918/1610/1577 945/1611/1578
f 945/1611/1578 918/1610/1577 944/1612/1579
f 945/1611/1578 944/1612/1579 1058/1613/1580
f 1058/1613/1580 944/1612/1579 1059/1614/1581
f 1058/1613/1580 1059/1614/1581 1041/1615/1582
f 1041/1615/1582 1059/1614/1581 1042/1550/1517
f 1041/1615/1582 1042/1550/1517 1024/1548/1515
f 944/1612/1579 918/1610/1577 943/1616/1583
f 943/1616/1583 918/1610/1577 896/1617/1584
f 920/1618/1585 974/1619/1586 919/1620/1587
f 919/1620/1587 974/1619/1586 975/1621/1588
f 919/1620/1587 975/1621/1588 896/1622/1589
f 921/1623/1590 972/1624/1591 920/1618/1585
f 920/1618/1585 972/1624/1591 973/1625/1592
f 920/1618/1585 973/1625/1592 974/1619/1586
f 974/1619/1586 973/1625/1592 991/1626/1593
f 974/1619/1586 991/1626/1593 992/1627/1594
f 992/1627/1594 991/1626/1593 1009/1628/1595
f 992/1627/1594 1009/1628/1595 896/1629/1596
f 972/1624/1591 921/1623/1590 971/1543/1510
f 971/1543/1510 921/1623/1590 922/1541/1508
f 932/1523/1490 933/1630/1597 960/1521/1488
f 960/1521/1488 933/1630/1597 942/1631/1598
f 960/1521/1488 942/1631/1598 977/1519/1486
f 977/1519/1486 942/1631/1598 976/1632/1599
f 977/1519/1486 976/1632/1599 994/1517/1484
f 994/1517/1484 976/1632/1599 993/1633/1600
f 994/1517/1484 993/1633/1600 1011/1515/1482
f 1011/1515/1482 993/1633/1600 1010/1634/1601
f 1011/1515/1482 1010/1634/1601 1028/1513/1480
f 1028/1513/1480 1010/1634/1601 1027/1635/1602
f 1028/1513/1480 1027/1635/1602 1045/1511/1478
f 1045/1511/1478 1027/1635/1602 1044/1636/1603
f 1045/1511/1478 1044/1636/1603 958/1509/1476
f 958/1509/1476 1044/1636/1603 959/1507/1474
f 933/1630/1597 934/1637/1604 942/1631/1598
f 942/1631/1598 934/1637/1604 935/1638/1605
f 942/1631/1598 935/1638/1605 976/1632/1599
f 976/1632/1599 935/1638/1605 936/1639/1606
f 976/1632/1599 936/1639/1606 993/1633/1600
f 993/1633/1600 936/1639/1606 937/1640/1607
f 993/1633/1600 937/1640/1607 1010/1634/1601
f 1010/1634/1601 937/1640/1607 938/1641/1608
f 1010/1634/1601 938/1641/1608 1027/1635/1602
f 1027/1635/1602 938/1641/1608 939/1642/1609
f 1027/1635/1602 939/1642/1609 1044/1636/1603
f 1044/1636/1603 939/1642/1609 940/1643/1610
f 1044/1636/1603 940/1643/1610 959/1507/1474
f 959/1507/1474 940/1643/1610 941/1505/1472
f 943/1616/1583 896/1644/1611 1060/1552/1519
f 1043/1551/1518 896/1645/1612 1026/1646/1613
f 1026/1646/1613 896/1647/1614 1009/1628/1595
f 992/1627/1594 896/1648/1615 975/1621/1588
f 1059/1614/1581 944/1612/1579 943/1616/1583
f 1059/1614/1581 943/1616/1583 1060/1552/1519
f 1056/1601/1568 947/1599/1566 946/1609/1576
f 946/1609/1576 945/1611/1578 1057/1649/1616
f 1057/1649/1616 945/1611/1578 1058/1613/1580
f 1057/1649/1616 1058/1613/1580 1040/1650/1617
f 1040/1650/1617 1058/1613/1580 1041/1615/1582
f 1040/1650/1617 1041/1615/1582 1023/1651/1618
f 1023/1651/1618 1041/1615/1582 1024/1548/1515
f 1023/1651/1618 1024/1548/1515 1006/1546/1513
f 1053/1591/1558 950/1590/1557 949/1596/1563
f 949/1596/1563 948/1598/1565 1054/1652/1619
f 1054/1652/1619 948/1598/1565 1055/1600/1567
f 1054/1652/1619 1055/1600/1567 1037/1653/1620
f 1037/1653/1620 1055/1600/1567 1038/1602/1569
f 1037/1653/1620 1038/1602/1569 1020/1654/1621
f 1020/1654/1621 1038/1602/1569 1021/1604/1571
f 1020/1654/1621 1021/1604/1571 1003/1655/1622
f 1003/1655/1622 1021/1604/1571 1004/1606/1573
f 1003/1655/1622 1004/1606/1573 986/1656/1623
f 986/1656/1623 1004/1606/1573 987/1608/1575
f 986/1656/1623 987/1608/1575 969/1540/1507
f 969/1540/1507 987/1608/1575 970/1542/1509
f 1048/1563/1530 955/1562/1529 954/1568/1535
f 954/1568/1535 953/1570/1537 1049/1657/1624
f 1049/1657/1624 953/1570/1537 1050/1572/1539
f 1049/1657/1624 1050/1572/1539 1032/1658/1625
f 1032/1658/1625 1050/1572/1539 1033/1574/1541
f 1032/1658/1625 1033/1574/1541 1015/1659/1626
f 1015/1659/1626 1033/1574/1541 1016/1576/1543
f 1015/1659/1626 1016/1576/1543 998/1660/1627
f 998/1660/1627 1016/1576/1543 999/1578/1545
f 998/1660/1627 999/1578/1545 981/1661/1628
f 981/1661/1628 999/1578/1545 982/1580/1547
f 981/1661/1628 982/1580/1547 964/1529/1496
f 964/1529/1496 982/1580/1547 965/1531/1498
f 981/1661/1628 964/1529/1496 963/1527/1494
f 981/1661/1628 963/1527/1494 980/1567/1534
f 986/1656/1623 969/1540/1507 968/1538/1505
f 986/1656/1623 968/1538/1505 985/1595/1562
f 971/1543/1510 989/1545/1512 972/1624/1591
f 972/1624/1591 989/1545/1512 990/1662/1629
f 972/1624/1591 990/1662/1629 973/1625/1592
f 973/1625/1592 990/1662/1629 991/1626/1593
f 992/1627/1594 975/1621/1588 974/1619/1586
f 998/1660/1627 981/1661/1628 980/1567/1534
f 998/1660/1627 980/1567/1534 997/1566/1533
f 1003/1655/1622 986/1656/1623 985/1595/1562
f 1003/1655/1622 985/1595/1562 1002/1594/1561
f 1006/1546/1513 988/1544/1511 1005/1607/1574
f 989/1545/1512 1007/1547/1514 990/1662/1629
f 990/1662/1629 1007/1547/1514 1008/1663/1630
f 990/1662/1629 1008/1663/1630 991/1626/1593
f 991/1626/1593 1008/1663/1630 1009/1628/1595
f 1015/1659/1626 998/1660/1627 997/1566/1533
f 1015/1659/1626 997/1566/1533 1014/1565/1532
f 1020/1654/1621 1003/1655/1622 1002/1594/1561
f 1020/1654/1621 1002/1594/1561 1019/1593/1560
f 1023/1651/1618 1006/1546/1513 1005/1607/1574
f 1023/1651/1618 1005/1607/1574 1022/1605/1572
f 1026/1646/1613 1009/1628/1595 1008/1663/1630
f 1026/1646/1613 1008/1663/1630 1025/1549/1516
f 1025/1549/1516 1008/1663/1630 1007/1547/1514
f 1032/1658/1625 1015/1659/1626 1014/1565/1532
f 1032/1658/1625 1014/1565/1532 1031/1564/1531
f 1037/1653/1620 1020/1654/1621 1019/1593/1560
f 1037/1653/1620 1019/1593/1560 1036/1592/1559
f 1040/1650/1617 1023/1651/1618 1022/1605/1572
f 1040/1650/1617 1022/1605/1572 1039/1603/1570
f 1043/1551/1518 1026/1646/1613 1025/1549/1516
f 1049/1657/1624 1032/1658/1625 1031/1564/1531
f 1049/1657/1624 1031/1564/1531 1048/1563/1530
f 1054/1652/1619 1037/1653/1620 1036/1592/1559
f 1054/1652/1619 1036/1592/1559 1053/1591/1558
f 1057/1649/1616 1040/1650/1617 1039/1603/1570
f 1057/1649/1616 1039/1603/1570 1056/1601/1568
f 1060/1552/1519 1042/1550/1517 1059/1614/1581
f 954/1568/1535 1049/1657/1624 1048/1563/1530
f 949/1596/1563 1054/1652/1619 1053/1591/1558
f 946/1609/1576 1057/1649/1616 1056/1601/1568
f 1061/1664/1631 1062/1665/1632 1092/1666/1633
f 1092/1666/1633 1062/1665/1632 1107/1667/1634
f 1092/1666/1633 1107/1667/1634 1093/1668/1635
f 1093/1668/1635 1107/1667/1634 1106/1669/1636
f 1093/1668/1635 1106/1669/1636 1185/1670/1637
f 1185/1670/1637 1106/1669/1636 1105/1671/1638
f 1185/1670/1637 1105/1671/1638 1186/1672/1639
f 1186/1672/1639 1105/1671/1638 1104/1673/1640
f 1186/1672/1639 1104/1673/1640 1187/1674/1641
f 1187/1674/1641 1104/1673/1640 1103/1675/1642
f 1187/1674/1641 1103/1675/1642 1188/1676/1643
f 1188/1676/1643 1103/1675/1642 1102/1677/1644
f 1188/1676/1643 1102/1677/1644 1189/1678/1645
f 1189/1678/1645 1102/1677/1644 1101/1679/1646
f 1189/1678/1645 1101/1679/1646 1190/1680/1647
f 1190/1680/1647 1101/1679/1646 1100/1681/1648
f 1190/1680/1647 1100/1681/1648 1191/1682/1649
f 1191/1682/1649 1100/1681/1648 1099/1683/1650
f 1191/1682/1649 1099/1683/1650 1192/1684/1651
f 1192/1684/1651 1099/1683/1650 1098/1685/1652
f 1192/1684/1651 1098/1685/1652 1193/1686/1653
f 1193/1686/1653 1098/1685/1652 1097/1687/1654
f 1193/1686/1653 1097/1687/1654 1194/1688/1655
f 1194/1688/1655 1097/1687/1654 1096/1689/1656
f 1194/1688/1655 1096/1689/1656 1195/1690/1657
f 1195/1690/1657 1096/1689/1656 1095/1691/1658
f 1195/1690/1657 1095/1691/1658 1196/1692/1659
f 1196/1692/1659 1095/1691/1658 909/1693/1660
f 1107/1667/1634 1062/1665/1632 1106/1669/1636
f 1106/1669/1636 1062/1665/1632 1063/1694/1661
f 1106/1669/1636 1063/1694/1661 1105/1671/1638
f 1105/1671/1638 1063/1694/1661 1064/1695/1662
f 1105/1671/1638 1064/1695/1662 1104/1673/1640
f 1104/1673/1640 1064/1695/1662 1065/1696/1663
f 1104/1673/1640 1065/1696/1663 1103/1675/1642
f 1103/1675/1642 1065/1696/1663 1066/1697/1664
f 1103/1675/1642 1066/1697/1664 1102/1677/1644
f 1102/1677/1644 1066/1697/1664 1067/1698/1665
f 1102/1677/1644 1067/1698/1665 1101/1679/1646
f 1101/1679/1646 1067/1698/1665 1068/1699/1666
f 1101/1679/1646 1068/1699/1666 1100/1681/1648
f 1100/1681/1648 1068/1699/1666 1069/1700/1667
f 1100/1681/1648 1069/1700/1667 1070/1701/1668
f 1100/1681/1648 1070/1701/1668 1099/1683/1650
f 1099/1683/1650 1070/1701/1668 1071/1702/1669
f 1099/1683/1650 1071/1702/1669 1098/1685/1652
f 1098/1685/1652 1071/1702/1669 1072/1703/1670
f 1098/1685/1652 1072/1703/1670 1097/1687/1654
f 1097/1687/1654 1072/1703/1670 1073/1704/1671
f 1097/1687/1654 1073/1704/1671 1074/1705/1672
f 1097/1687/1654 1074/1705/1672 1096/1689/1656
f 1096/1689/1656 1074/1705/1672 1075/1706/1673
f 1096/1689/1656 1075/1706/1673 1095/1691/1658
f 1095/1691/1658 1075/1706/1673 1076/1707/1674
f 1095/1691/1658 1076/1707/1674 909/1708/1675
f 1078/1709/1676 1118/1710/1677 1077/1711/1678
f 1077/1711/1678 1118/1710/1677 1119/1712/1679
f 1077/1711/1678 1119/1712/1679 909/1713/1680
f 1118/1710/1677 1078/1709/1676 1117/1714/1681
f 1117/1714/1681 1078/1709/1676 1079/1715/1682
f 1117/1714/1681 1079/1715/1682 1116/1716/1683
f 1116/1716/1683 1079/1715/1682 1115/1717/1684
f 1116/1716/1683 1115/1717/1684 1129/1718/1685
f 1129/1718/1685 1115/1717/1684 1128/1719/1686
f 1129/1718/1685 1128/1719/1686 1142/1720/1687
f 1142/1720/1687 1128/1719/1686 1141/1721/1688
f 1142/1720/1687 1141/1721/1688 1155/1722/1689
f 1155/1722/1689 1141/1721/1688 1154/1723/1690
f 1155/1722/1689 1154/1723/1690 1168/1724/1691
f 1168/1724/1691 1154/1723/1690 1167/1725/1692
f 1168/1724/1691 1167/1725/1692 1181/1726/1693
f 1181/1726/1693 1167/1725/1692 1180/1727/1694
f 1181/1726/1693 1180/1727/1694 1193/1686/1653
f 1193/1686/1653 1180/1727/1694 1192/1684/1651
f 1079/1715/1682 1080/1728/1695 1115/1717/1684
f 1115/1717/1684 1080/1728/1695 1114/1729/1696
f 1115/1717/1684 1114/1729/1696 1128/1719/1686
f 1128/1719/1686 1114/1729/1696 1127/1730/1697
f 1128/1719/1686 1127/1730/1697 1141/1721/1688
f 1141/1721/1688 1127/1730/1697 1140/1731/1698
f 1141/1721/1688 1140/1731/1698 1154/1723/1690
f 1154/1723/1690 1140/1731/1698 1153/1732/1699
f 1154/1723/1690 1153/1732/1699 1167/1725/1692
f 1167/1725/1692 1153/1732/1699 1166/1733/1700
f 1167/1725/1692 1166/1733/1700 1180/1727/1694
f 1180/1727/1694 1166/1733/1700 1179/1734/1701
f 1180/1727/1694 1179/1734/1701 1192/1684/1651
f 1192/1684/1651 1179/1734/1701 1191/1682/1649
f 1080/1728/1695 1081/1735/1702 1114/1729/1696
f 1114/1729/1696 1081/1735/1702 1113/1736/1703
f 1114/1729/1696 1113/1736/1703 1127/1730/1697
f 1127/1730/1697 1113/1736/1703 1126/1737/1704
f 1127/1730/1697 1126/1737/1704 1140/1731/1698
f 1140/1731/1698 1126/1737/1704 1139/1738/1705
f 1140/1731/1698 1139/1738/1705 1153/1732/1699
f 1153/1732/1699 1139/1738/1705 1152/1739/1706
f 1153/1732/1699 1152/1739/1706 1166/1733/1700
f 1166/1733/1700 1152/1739/1706 1165/1740/1707
f 1166/1733/1700 1165/1740/1707 1179/1734/1701
f 1179/1734/1701 1165/1740/1707 1178/1741/1708
f 1179/1734/1701 1178/1741/1708 1191/1682/1649
f 1191/1682/1649 1178/1741/1708 1190/1680/1647
f 1113/1736/1703 1081/1735/1702 1112/1742/1709
f 1112/1742/1709 1081/1735/1702 1082/1743/1710
f 1112/1742/1709 1082/1743/1710 1111/1744/1711
f 1111/1744/1711 1082/1743/1710 1083/1745/1712
f 1111/1744/1711 1083/1745/1712 1110/1746/1713
f 1110/1746/1713 1083/1745/1712 1109/1747/1714
f 1110/1746/1713 1109/1747/1714 1123/1748/1715
f 1123/1748/1715 1109/1747/1714 1122/1749/1716
f 1123/1748/1715 1122/1749/1716 1136/1750/1717
f 1136/1750/1717 1122/1749/1716 1135/1751/1718
f 1136/1750/1717 1135/1751/1718 1149/1752/1719
f 1149/1752/1719 1135/1751/1718 1148/1753/1720
f 1149/1752/1719 1148/1753/1720 1162/1754/1721
f 1162/1754/1721 1148/1753/1720 1161/1755/1722
f 1162/1754/1721 1161/1755/1722 1175/1756/1723
f 1175/1756/1723 1161/1755/1722 1174/1757/1724
f 1175/1756/1723 1174/1757/1724 1187/1674/1641
f 1187/1674/1641 1174/1757/1724 1186/1672/1639
f 1083/1745/1712 1084/1758/1725 1109/1747/1714
f 1109/1747/1714 1084/1758/1725 1108/1759/1726
f 1109/1747/1714 1108/1759/1726 1122/1749/1716
f 1122/1749/1716 1108/1759/1726 1121/1760/1727
f 1122/1749/1716 1121/1760/1727 1135/1751/1718
f 1135/1751/1718 1121/1760/1727 1134/1761/1728
f 1135/1751/1718 1134/1761/1728 1148/1753/1720
f 1148/1753/1720 1134/1761/1728 1147/1762/1729
f 1148/1753/1720 1147/1762/1729 1161/1755/1722
f 1161/1755/1722 1147/1762/1729 1160/1763/1730
f 1161/1755/1722 1160/1763/1730 1174/1757/1724
f 1174/1757/1724 1160/1763/1730 1173/1764/1731
f 1174/1757/1724 1173/1764/1731 1186/1672/1639
f 1186/1672/1639 1173/1764/1731 1185/1670/1637
f 1108/1759/1726 1084/1758/1725 1094/1765/1732
f 1094/1765/1732 1084/1758/1725 1085/1766/1733
f 1094/1765/1732 1085/1766/1733 1086/1767/1734
f 1094/1765/1732 1086/1767/1734 1120/1768/1735
f 1120/1768/1735 1086/1767/1734 1087/1769/1736
f 1120/1768/1735 1087/1769/1736 1133/1770/1737
f 1133/1770/1737 1087/1769/1736 1088/1771/1738
f 1133/1770/1737 1088/1771/1738 1146/1772/1739
f 1146/1772/1739 1088/1771/1738 1089/1773/1740
f 1146/1772/1739 1089/1773/1740 1159/1774/1741
f 1159/1774/1741 1089/1773/1740 1090/1775/1742
f 1159/1774/1741 1090/1775/1742 1172/1776/1743
f 1172/1776/1743 1090/1775/1742 1091/1777/1744
f 1172/1776/1743 1091/1777/1744 1093/1668/1635
f 1093/1668/1635 1091/1777/1744 1092/1666/1633
f 1196/1692/1659 909/1778/1745 1184/1779/1746
f 1184/1779/1746 909/1780/1747 1171/1781/1748
f 1171/1781/1748 909/1782/1749 1158/1783/1750
f 1158/1783/1750 909/1784/1751 1145/1785/1752
f 1145/1785/1752 909/1786/1753 1132/1787/1754
f 1132/1787/1754 909/1788/1755 1119/1712/1679
f 1121/1760/1727 1108/1759/1726 1094/1765/1732
f 1111/1744/1711 1110/1746/1713 1124/1789/1756
f 1124/1789/1756 1110/1746/1713 1123/1748/1715
f 1124/1789/1756 1123/1748/1715 1137/1790/1757
f 1137/1790/1757 1123/1748/1715 1136/1750/1717
f 1137/1790/1757 1136/1750/1717 1150/1791/1758
f 1150/1791/1758 1136/1750/1717 1149/1752/1719
f 1150/1791/1758 1149/1752/1719 1163/1792/1759
f 1163/1792/1759 1149/1752/1719 1162/1754/1721
f 1163/1792/1759 1162/1754/1721 1176/1793/1760
f 1176/1793/1760 1162/1754/1721 1175/1756/1723
f 1176/1793/1760 1175/1756/1723 1188/1676/1643
f 1188/1676/1643 1175/1756/1723 1187/1674/1641
f 1126/1737/1704 1113/1736/1703 1112/1742/1709
f 1112/1742/1709 1111/1744/1711 1125/1794/1761
f 1125/1794/1761 1111/1744/1711 1124/1789/1756
f 1125/1794/1761 1124/1789/1756 1138/1795/1762
f 1138/1795/1762 1124/1789/1756 1137/1790/1757
f 1138/1795/1762 1137/1790/1757 1151/1796/1763
f 1151/1796/1763 1137/1790/1757 1150/1791/1758
f 1151/1796/1763 1150/1791/1758 1164/1797/1764
f 1164/1797/1764 1150/1791/1758 1163/1792/1759
f 1164/1797/1764 1163/1792/1759 1177/1798/1765
f 1177/1798/1765 1163/1792/1759 1176/1793/1760
f 1177/1798/1765 1176/1793/1760 1189/1678/1645
f 1189/1678/1645 1176/1793/1760 1188/1676/1643
f 1117/1714/1681 1116/1716/1683 1130/1799/1766
f 1130/1799/1766 1116/1716/1683 1129/1718/1685
f 1130/1799/1766 1129/1718/1685 1143/1800/1767
f 1143/1800/1767 1129/1718/1685 1142/1720/1687
f 1143/1800/1767 1142/1720/1687 1156/1801/1768
f 1156/1801/1768 1142/1720/1687 1155/1722/1689
f 1156/1801/1768 1155/1722/1689 1169/1802/1769
f 1169/1802/1769 1155/1722/1689 1168/1724/1691
f 1169/1802/1769 1168/1724/1691 1182/1803/1770
f 1182/1803/1770 1168/1724/1691 1181/1726/1693
f 1182/1803/1770 1181/1726/1693 1194/1688/1655
f 1194/1688/1655 1181/1726/1693 1193/1686/1653
f 1132/1787/1754 1119/1712/1679 1118/1710/1677
f 1118/1710/1677 1117/1714/1681 1131/1804/1771
f 1131/1804/1771 1117/1714/1681 1130/1799/1766
f 1131/1804/1771 1130/1799/1766 1144/1805/1772
f 1144/1805/1772 1130/1799/1766 1143/1800/1767
f 1144/1805/1772 1143/1800/1767 1157/1806/1773
f 1157/1806/1773 1143/1800/1767 1156/1801/1768
f 1157/1806/1773 1156/1801/1768 1170/1807/1774
f 1170/1807/1774 1156/1801/1768 1169/1802/1769
f 1170/1807/1774 1169/1802/1769 1183/1808/1775
f 1183/1808/1775 1169/1802/1769 1182/1803/1770
f 1183/1808/1775 1182/1803/1770 1195/1690/1657
f 1195/1690/1657 1182/1803/1770 1194/1688/1655
f 1134/1761/1728 1121/1760/1727 1120/1768/1735
f 1120/1768/1735 1121/1760/1727 1094/1765/1732
f 1139/1738/1705 1126/1737/1704 1125/1794/1761
f 1125/1794/1761 1126/1737/1704 1112/1742/1709
f 1139/1738/1705 1125/1794/1761 1138/1795/1762
f 1145/1785/1752 1132/1787/1754 1131/1804/1771
f 1131/1804/1771 1132/1787/1754 1118/1710/1677
f 1145/1785/1752 1131/1804/1771 1144/1805/1772
f 1147/1762/1729 1134/1761/1728 1133/1770/1737
f 1133/1770/1737 1134/1761/1728 1120/1768/1735
f 1152/1739/1706 1139/1738/1705 1138/1795/1762
f 1152/1739/1706 1138/1795/1762 1151/1796/1763
f 1158/1783/1750 1145/1785/1752 1144/1805/1772
f 1158/1783/1750 1144/1805/1772 1157/1806/1773
f 1160/1763/1730 1147/1762/1729 1146/1772/1739
f 1146/1772/1739 1147/1762/1729 1133/1770/1737
f 1165/1740/1707 1152/1739/1706 1151/1796/1763
f 1165/1740/1707 1151/1796/1763 1164/1797/1764
f 1171/1781/1748 1158/1783/1750 1157/1806/1773
f 1171/1781/1748 1157/1806/1773 1170/1807/1774
f 1173/1764/1731 1160/1763/1730 1159/1774/1741
f 1159/1774/1741 1160/1763/1730 1146/1772/1739
f 1178/1741/1708 1165/1740/1707 1164/1797/1764
f 1178/1741/1708 1164/1797/1764 1177/1798/1765
f 1184/1779/1746 1171/1781/1748 1170/1807/1774
f 1184/1779/1746 1170/1807/1774 1183/1808/1775
f 1185/1670/1637 1173/1764/1731 1172/1776/1743
f 1172/1776/1743 1173/1764/1731 1159/1774/1741
f 1093/1668/1635 1185/1670/1637 1172/1776/1743
f 1190/1680/1647 1178/1741/1708 1177/1798/1765
f 1190/1680/1647 1177/1798/1765 1189/1678/1645
f 1196/1692/1659 1184/1779/1746 1183/1808/1775
f 1196/1692/1659 1183/1808/1775 1195/1690/1657
f 1061/1809/1631 934/1810/1604 1062/1811/1776
f 1062/1811/1776 934/1810/1604 933/1812/1777
f 1062/1811/1776 933/1812/1777 932/1813/1778
f 931/1814/1779 1064/1815/1780 932/1813/1778
f 932/1813/1778 1064/1815/1780 1063/1816/1781
f 932/1813/1778 1063/1816/1781 1062/1811/1776
f 931/1814/1779 930/1817/1782 1064/1815/1780
f 1064/1815/1780 930/1817/1782 1065/1818/1783
f 1065/1818/1783 930/1817/1782 1066/1819/1784
f 1066/1819/1784 930/1817/1782 929/1820/1785
f 1066/1819/1784 929/1820/1785 928/1821/1786
f 927/1822/1787 1068/1823/1788 928/1821/1786
f 928/1821/1786 1068/1823/1788 1067/1824/1789
f 928/1821/1786 1067/1824/1789 1066/1819/1784
f 927/1822/1787 926/1825/1790 1068/1823/1788
f 1068/1823/1788 926/1825/1790 1069/1826/1791
f 1069/1826/1791 926/1825/1790 925/1827/1792
f 1069/1826/1791 925/1827/1792 1070/1828/1793
f 1070/1828/1793 925/1827/1792 1071/1829/1794
f 1071/1829/1794 925/1827/1792 924/1830/1795
f 1071/1829/1794 924/1830/1795 923/1831/1796
f 922/1832/1797 1073/1833/1798 923/1831/1796
f 923/1831/1796 1073/1833/1798 1072/1834/1799
f 923/1831/1796 1072/1834/1799 1071/1829/1794
f 922/1832/1797 921/1835/1800 1073/1833/1798
f 1073/1833/1798 921/1835/1800 1074/1836/1801
f 1074/1836/1801 921/1835/1800 1075/1837/1802
f 1075/1837/1802 921/1835/1800 920/1838/1803
f 1075/1837/1802 920/1838/1803 919/1839/1804
f 896/1840/1457 909/1841/1456 919/1839/1804
f 919/1839/1804 909/1841/1456 1076/1842/1805
f 919/1839/1804 1076/1842/1805 1075/1837/1802
f 886/1843/1806 1269/1844/1807 858/1845/1808
f 858/1845/1808 1269/1844/1807 1274/1846/1809
f 858/1845/1808 1274/1846/1809 1261/1847/1810
f 1261/1847/1810 1274/1846/1809 1281/1848/1811
f 1261/1847/1810 1281/1848/1811 1282/1849/1812
f 1282/1849/1812 1281/1848/1811 1295/1850/1813
f 1282/1849/1812 1295/1850/1813 1294/1851/1814
f 1294/1851/1814 1295/1850/1813 1291/1852/1815
f 1294/1851/1814 1291/1852/1815 1292/1853/1816
f 1292/1853/1816 1291/1852/1815 1253/1854/1817
f 1292/1853/1816 1253/1854/1817 1226/1855/1818
f 1226/1855/1818 1253/1854/1817 1225/1856/1819
f 1225/1856/1819 1253/1854/1817 1318/1857/1820
f 1225/1856/1819 1318/1857/1820 1358/1858/1821
f 1358/1858/1821 1318/1857/1820 1317/1859/1822
f 1358/1858/1821 1317/1859/1822 1359/1860/1823
f 1359/1860/1823 1317/1859/1822 1316/1861/1824
f 1359/1860/1823 1316/1861/1824 1360/1862/1825
f 1360/1862/1825 1316/1861/1824 1315/1863/1826
f 1360/1862/1825 1315/1863/1826 1361/1864/1827
f 1361/1864/1827 1315/1863/1826 1314/1865/1828
f 1361/1864/1827 1314/1865/1828 1362/1866/1829
f 1362/1866/1829 1314/1865/1828 1313/1867/1830
f 1362/1866/1829 1313/1867/1830 1363/1868/1831
f 1363/1868/1831 1313/1867/1830 1312/1869/1832
f 1363/1868/1831 1312/1869/1832 1364/1870/1833
f 1364/1870/1833 1312/1869/1832 1311/1871/1834
f 1364/1870/1833 1311/1871/1834 1365/1872/1835
f 1365/1872/1835 1311/1871/1834 1310/1873/1836
f 1365/1872/1835 1310/1873/1836 1252/1874/1837
f 1252/1874/1837 1310/1873/1836 891/1875/1455
f 1252/1874/1837 891/1875/1455 1327/1876/1838
f 1327/1876/1838 891/1875/1455 1197/1877/1839
f 1327/1876/1838 1197/1877/1839 1198/1878/1840
f 1269/1844/1807 886/1843/1806 1274/1846/1809
f 1274/1846/1809 886/1843/1806 885/1879/1841
f 1274/1846/1809 885/1879/1841 1273/1880/1842
f 1273/1880/1842 885/1879/1841 884/1881/1843
f 1273/1880/1842 884/1881/1843 1272/1882/1844
f 1272/1882/1844 884/1881/1843 883/1883/1845
f 1272/1882/1844 883/1883/1845 1271/1884/1846
f 1271/1884/1846 883/1883/1845 882/1885/1847
f 1271/1884/1846 882/1885/1847 881/1886/1848
f 1271/1884/1846 881/1886/1848 1270/1887/1849
f 1270/1887/1849 881/1886/1848 880/1888/1850
f 1270/1887/1849 880/1888/1850 895/1889/1851
f 895/1889/1851 880/1888/1850 879/1890/1852
f 1270/1887/1849 895/1889/1851 1254/1891/1853
f 1254/1891/1853 895/1889/1851 894/1892/1449
f 1254/1891/1853 894/1892/1449 1301/1893/1854
f 1301/1893/1854 894/1892/1449 1284/1894/1855
f 1301/1893/1854 1284/1894/1855 1285/1895/1856
f 1285/1895/1856 1284/1894/1855 1303/1896/1857
f 1285/1895/1856 1303/1896/1857 1304/1897/1858
f 1304/1897/1858 1303/1896/1857 1312/1869/1832
f 1304/1897/1858 1312/1869/1832 1313/1867/1830
f 894/1892/1449 893/1898/1451 1284/1894/1855
f 1284/1894/1855 893/1898/1451 1302/1899/1859
f 1284/1894/1855 1302/1899/1859 1303/1896/1857
f 1303/1896/1857 1302/1899/1859 1311/1871/1834
f 1303/1896/1857 1311/1871/1834 1312/1869/1832
f 893/1898/1451 892/1900/1453 1302/1899/1859
f 1302/1899/1859 892/1900/1453 1310/1873/1836
f 1302/1899/1859 1310/1873/1836 1311/1871/1834
f 892/1900/1453 891/1875/1455 1310/1873/1836
f 1327/1876/1838 1198/1878/1840 1328/1901/1860
f 1328/1901/1860 1198/1878/1840 1199/1902/1861
f 1328/1901/1860 1199/1902/1861 1329/1903/1862
f 1329/1903/1862 1199/1902/1861 1200/1904/1863
f 1329/1903/1862 1200/1904/1863 1337/1905/1864
f 1337/1905/1864 1200/1904/1863 1201/1906/1865
f 1337/1905/1864 1201/1906/1865 1344/1907/1866
f 1344/1907/1866 1201/1906/1865 1202/1908/1867
f 1344/1907/1866 1202/1908/1867 1203/1909/1868
f 1204/1910/1869 1350/1911/1870 1203/1909/1868
f 1203/1909/1868 1350/1911/1870 1345/1912/1871
f 1203/1909/1868 1345/1912/1871 1344/1907/1866
f 1344/1907/1866 1345/1912/1871 1338/1913/1872
f 1344/1907/1866 1338/1913/1872 1337/1905/1864
f 1337/1905/1864 1338/1913/1872 1330/1914/1873
f 1337/1905/1864 1330/1914/1873 1329/1903/1862
f 1329/1903/1862 1330/1914/1873 1326/1915/1874
f 1329/1903/1862 1326/1915/1874 1327/1876/1838
f 1327/1876/1838 1326/1915/1874 1252/1874/1837
f 1204/1910/1869 1205/1916/1875 1350/1911/1870
f 1350/1911/1870 1205/1916/1875 1351/1917/1876
f 1350/1911/1870 1351/1917/1876 1345/1912/1871
f 1345/1912/1871 1351/1917/1876 1346/1918/1877
f 1345/1912/1871 1346/1918/1877 1339/1919/1878
f 1339/1919/1878 1346/1918/1877 1340/1920/1879
f 1339/1919/1878 1340/1920/1879 1332/1921/1880
f 1332/1921/1880 1340/1920/1879 1333/1922/1881
f 1332/1921/1880 1333/1922/1881 1323/1923/1882
f 1323/1923/1882 1333/1922/1881 1322/1924/1883
f 1323/1923/1882 1322/1924/1883 1362/1866/1829
f 1362/1866/1829 1322/1924/1883 1361/1864/1827
f 1351/1917/1876 1205/1916/1875 1355/1925/1884
f 1355/1925/1884 1205/1916/1875 1206/1926/1885
f 1355/1925/1884 1206/1926/1885 1207/1927/1886
f 1207/1927/1886 1208/1928/1887 1355/1925/1884
f 1355/1925/1884 1208/1928/1887 1356/1929/1888
f 1355/1925/1884 1356/1929/1888 1351/1917/1876
f 1351/1917/1876 1356/1929/1888 1352/1930/1889
f 1351/1917/1876 1352/1930/1889 1346/1918/1877
f 1346/1918/1877 1352/1930/1889 1347/1931/1890
f 1346/1918/1877 1347/1931/1890 1340/1920/1879
f 1340/1920/1879 1347/1931/1890 1341/1932/1891
f 1340/1920/1879 1341/1932/1891 1333/1922/1881
f 1333/1922/1881 1341/1932/1891 1334/1933/1892
f 1333/1922/1881 1334/1933/1892 1322/1924/1883
f 1322/1924/1883 1334/1933/1892 1321/1934/1893
f 1322/1924/1883 1321/1934/1893 1361/1864/1827
f 1361/1864/1827 1321/1934/1893 1360/1862/1825
f 1208/1928/1887 1209/1935/1894 1356/1929/1888
f 1356/1929/1888 1209/1935/1894 1357/1936/1895
f 1356/1929/1888 1357/1936/1895 1352/1930/1889
f 1352/1930/1889 1357/1936/1895 1353/1937/1896
f 1352/1930/1889 1353/1937/1896 1347/1931/1890
f 1347/1931/1890 1353/1937/1896 1348/1938/1897
f 1347/1931/1890 1348/1938/1897 1341/1932/1891
f 1341/1932/1891 1348/1938/1897 1342/1939/1898
f 1341/1932/1891 1342/1939/1898 1334/1933/1892
f 1334/1933/1892 1342/1939/1898 1335/1940/1899
f 1334/1933/1892 1335/1940/1899 1321/1934/1893
f 1321/1934/1893 1335/1940/1899 1320/1941/1900
f 1321/1934/1893 1320/1941/1900 1360/1862/1825
f 1360/1862/1825 1320/1941/1900 1359/1860/1823
f 1209/1935/1894 1210/1942/1901 1357/1936/1895
f 1357/1936/1895 1210/1942/1901 1211/1943/1902
f 1357/1936/1895 1211/1943/1902 1212/1944/1903
f 1212/1944/1903 1213/1945/1904 1357/1936/1895
f 1357/1936/1895 1213/1945/1904 1251/1946/1905
f 1357/1936/1895 1251/1946/1905 1353/1937/1896
f 1353/1937/1896 1251/1946/1905 1354/1947/1906
f 1353/1937/1896 1354/1947/1906 1348/1938/1897
f 1348/1938/1897 1354/1947/1906 1349/1948/1907
f 1348/1938/1897 1349/1948/1907 1342/1939/1898
f 1342/1939/1898 1349/1948/1907 1343/1949/1908
f 1342/1939/1898 1343/1949/1908 1335/1940/1899
f 1335/1940/1899 1343/1949/1908 1336/1950/1909
f 1335/1940/1899 1336/1950/1909 1320/1941/1900
f 1320/1941/1900 1336/1950/1909 1319/1951/1910
f 1320/1941/1900 1319/1951/1910 1359/1860/1823
f 1359/1860/1823 1319/1951/1910 1358/1858/1821
f 1251/1946/1905 1213/1945/1904 1217/1952/1911
f 1217/1952/1911 1213/1945/1904 1214/1953/1912
f 1217/1952/1911 1214/1953/1912 1216/1954/1913
f 1216/1954/1913 1214/1953/1912 1215/1955/1914
f 1217/1952/1911 1218/1956/1915 1251/1946/1905
f 1251/1946/1905 1218/1956/1915 1354/1947/1906
f 1354/1947/1906 1218/1956/1915 1349/1948/1907
f 1349/1948/1907 1218/1956/1915 1219/1957/1916
f 1349/1948/1907 1219/1957/1916 1220/1958/1917
f 1349/1948/1907 1220/1958/1917 1343/1949/1908
f 1343/1949/1908 1220/1958/1917 1221/1959/1918
f 1343/1949/1908 1221/1959/1918 1336/1950/1909
f 1336/1950/1909 1221/1959/1918 1222/1960/1919
f 1336/1950/1909 1222/1960/1919 1319/1951/1910
f 1319/1951/1910 1222/1960/1919 1223/1961/1920
f 1319/1951/1910 1223/1961/1920 1358/1858/1821
f 1358/1858/1821 1223/1961/1920 1224/1962/1921
f 1358/1858/1821 1224/1962/1921 1225/1856/1819
f 1226/1855/1818 1227/1963/1922 1292/1853/1816
f 1292/1853/1816 1227/1963/1922 1293/1964/1923
f 1292/1853/1816 1293/1964/1923 1294/1851/1814
f 1294/1851/1814 1293/1964/1923 1283/1965/1924
f 1294/1851/1814 1283/1965/1924 1282/1849/1812
f 1282/1849/1812 1283/1965/1924 1275/1966/1925
f 1282/1849/1812 1275/1966/1925 1261/1847/1810
f 1261/1847/1810 1275/1966/1925 1260/1967/1926
f 1261/1847/1810 1260/1967/1926 858/1845/1808
f 858/1845/1808 1260/1967/1926 1268/1968/1927
f 858/1845/1808 1268/1968/1927 859/1969/1928
f 859/1969/1928 1268/1968/1927 1369/1970/1929
f 859/1969/1928 1369/1970/1929 1370/1971/1930
f 1370/1971/1930 1369/1970/1929 1376/1972/1931
f 1370/1971/1930 1376/1972/1931 860/1973/1932
f 860/1973/1932 1376/1972/1931 861/1974/1933
f 861/1974/1933 1376/1972/1931 1375/1975/1934
f 861/1974/1933 1375/1975/1934 862/1976/1935
f 862/1976/1935 1375/1975/1934 1384/1977/1936
f 862/1976/1935 1384/1977/1936 863/1978/1937
f 863/1978/1937 1384/1977/1936 1389/1979/1938
f 863/1978/1937 1389/1979/1938 864/1980/1939
f 864/1980/1939 1389/1979/1938 1394/1981/1940
f 864/1980/1939 1394/1981/1940 865/1982/1941
f 865/1982/1941 1394/1981/1940 866/1983/1942
f 866/1983/1942 1394/1981/1940 1399/1984/1943
f 866/1983/1942 1399/1984/1943 867/1985/1944
f 867/1985/1944 1399/1984/1943 868/1986/1945
f 868/1986/1945 1399/1984/1943 1398/1987/1946
f 868/1986/1945 1398/1987/1946 1403/1988/1947
f 1403/1988/1947 1398/1987/1946 1397/1989/1948
f 1403/1988/1947 1397/1989/1948 1402/1990/1949
f 1402/1990/1949 1397/1989/1948 1396/1991/1950
f 1402/1990/1949 1396/1991/1950 1401/1992/1951
f 1401/1992/1951 1396/1991/1950 1395/1993/1952
f 1401/1992/1951 1395/1993/1952 1400/1994/1953
f 1400/1994/1953 1395/1993/1952 1237/1995/1954
f 1400/1994/1953 1237/1995/1954 1238/1996/1955
f 1293/1964/1923 1227/1963/1922 1255/1997/1956
f 1255/1997/1956 1227/1963/1922 1228/1998/1957
f 1255/1997/1956 1228/1998/1957 1256/1999/1958
f 1256/1999/1958 1228/1998/1957 1229/2000/1959
f 1256/1999/1958 1229/2000/1959 1264/2001/1960
f 1264/2001/1960 1229/2000/1959 1265/2002/1961
f 1264/2001/1960 1265/2002/1961 1266/2003/1962
f 1266/2003/1962 1265/2002/1961 1367/2004/1963
f 1266/2003/1962 1367/2004/1963 1368/2005/1964
f 1368/2005/1964 1367/2004/1963 1378/2006/1965
f 1368/2005/1964 1378/2006/1965 1377/2007/1966
f 1377/2007/1966 1378/2006/1965 1374/2008/1967
f 1377/2007/1966 1374/2008/1967 1375/1975/1934
f 1375/1975/1934 1374/2008/1967 1384/1977/1936
f 1229/2000/1959 1230/2009/1968 1265/2002/1961
f 1265/2002/1961 1230/2009/1968 1366/2010/1969
f 1265/2002/1961 1366/2010/1969 1367/2004/1963
f 1367/2004/1963 1366/2010/1969 1379/2011/1970
f 1367/2004/1963 1379/2011/1970 1378/2006/1965
f 1378/2006/1965 1379/2011/1970 1373/2012/1971
f 1378/2006/1965 1373/2012/1971 1374/2008/1967
f 1374/2008/1967 1373/2012/1971 1383/2013/1972
f 1374/2008/1967 1383/2013/1972 1384/1977/1936
f 1384/1977/1936 1383/2013/1972 1389/1979/1938
f 1366/2010/1969 1230/2009/1968 1257/2014/1973
f 1257/2014/1973 1230/2009/1968 1231/2015/1974
f 1257/2014/1973 1231/2015/1974 1371/2016/1975
f 1371/2016/1975 1231/2015/1974 1232/2017/1976
f 1371/2016/1975 1232/2017/1976 1380/2018/1977
f 1380/2018/1977 1232/2017/1976 1233/2019/1978
f 1380/2018/1977 1233/2019/1978 1385/2020/1979
f 1385/2020/1979 1233/2019/1978 1234/2021/1980
f 1385/2020/1979 1234/2021/1980 1235/2022/1981
f 1385/2020/1979 1235/2022/1981 1390/2023/1982
f 1390/2023/1982 1235/2022/1981 1236/2024/1983
f 1390/2023/1982 1236/2024/1983 1395/1993/1952
f 1395/1993/1952 1236/2024/1983 1237/1995/1954
f 1238/1996/1955 1239/2025/1984 1400/1994/1953
f 1400/1994/1953 1239/2025/1984 1404/2026/1985
f 1400/1994/1953 1404/2026/1985 1405/2027/1986
f 1405/2027/1986 1404/2026/1985 1408/2028/1987
f 1405/2027/1986 1408/2028/1987 1409/2029/1988
f 1409/2029/1988 1408/2028/1987 1417/2030/1989
f 1409/2029/1988 1417/2030/1989 1418/2031/1990
f 1418/2031/1990 1417/2030/1989 1437/2032/1991
f 1418/2031/1990 1437/2032/1991 1436/2033/1992
f 1436/2033/1992 1437/2032/1991 1427/2034/1993
f 1436/2033/1992 1427/2034/1993 1428/2035/1994
f 1428/2035/1994 1427/2034/1993 1446/2036/1995
f 1428/2035/1994 1446/2036/1995 1447/2037/1996
f 1447/2037/1996 1446/2036/1995 1456/2038/1997
f 1447/2037/1996 1456/2038/1997 1457/2039/1998
f 1457/2039/1998 1456/2038/1997 1466/2040/1999
f 1457/2039/1998 1466/2040/1999 1467/2041/2000
f 1467/2041/2000 1466/2040/1999 1476/2042/2001
f 1467/2041/2000 1476/2042/2001 908/2043/1458
f 908/2043/1458 1476/2042/2001 1479/2044/2002
f 908/2043/1458 1479/2044/2002 909/2045/1456
f 909/2045/1456 1479/2044/2002 1077/2046/2003
f 1077/2046/2003 1479/2044/2002 1475/2047/2004
f 1077/2046/2003 1475/2047/2004 1480/2048/2005
f 1480/2048/2005 1475/2047/2004 1078/2049/2006
f 1480/2048/2005 1078/2049/2006 1077/2046/2003
f 1239/2025/1984 1240/2050/2007 1404/2026/1985
f 1404/2026/1985 1240/2050/2007 1407/2051/2008
f 1404/2026/1985 1407/2051/2008 1408/2028/1987
f 1408/2028/1987 1407/2051/2008 1416/2052/2009
f 1408/2028/1987 1416/2052/2009 1417/2030/1989
f 1417/2030/1989 1416/2052/2009 1438/2053/2010
f 1417/2030/1989 1438/2053/2010 1437/2032/1991
f 1437/2032/1991 1438/2053/2010 1426/2054/2011
f 1437/2032/1991 1426/2054/2011 1427/2034/1993
f 1427/2034/1993 1426/2054/2011 1445/2055/2012
f 1427/2034/1993 1445/2055/2012 1446/2036/1995
f 1446/2036/1995 1445/2055/2012 1455/2056/2013
f 1446/2036/1995 1455/2056/2013 1456/2038/1997
f 1456/2038/1997 1455/2056/2013 1465/2057/2014
f 1456/2038/1997 1465/2057/2014 1466/2040/1999
f 1466/2040/1999 1465/2057/2014 1475/2047/2004
f 1466/2040/1999 1475/2047/2004 1476/2042/2001
f 1476/2042/2001 1475/2047/2004 1479/2044/2002
f 1240/2050/2007 1241/2058/2015 1407/2051/2008
f 1407/2051/2008 1241/2058/2015 1259/2059/2016
f 1407/2051/2008 1259/2059/2016 1416/2052/2009
f 1416/2052/2009 1259/2059/2016 1439/2060/2017
f 1416/2052/2009 1439/2060/2017 1438/2053/2010
f 1438/2053/2010 1439/2060/2017 1425/2061/2018
f 1438/2053/2010 1425/2061/2018 1426/2054/2011
f 1426/2054/2011 1425/2061/2018 1444/2062/2019
f 1426/2054/2011 1444/2062/2019 1445/2055/2012
f 1445/2055/2012 1444/2062/2019 1454/2063/2020
f 1445/2055/2012 1454/2063/2020 1455/2056/2013
f 1455/2056/2013 1454/2063/2020 1464/2064/2021
f 1455/2056/2013 1464/2064/2021 1465/2057/2014
f 1465/2057/2014 1464/2064/2021 1474/2065/2022
f 1465/2057/2014 1474/2065/2022 1475/2047/2004
f 1475/2047/2004 1474/2065/2022 1078/2049/2006
f 1241/2058/2015 1242/2066/2023 1259/2059/2016
f 1259/2059/2016 1242/2066/2023 1243/2067/2024
f 1259/2059/2016 1243/2067/2024 1440/2068/2025
f 1440/2068/2025 1243/2067/2024 1423/2069/2026
f 1440/2068/2025 1423/2069/2026 1424/2070/2027
f 1424/2070/2027 1423/2069/2026 1442/2071/2028
f 1424/2070/2027 1442/2071/2028 1443/2072/2029
f 1443/2072/2029 1442/2071/2028 1452/2073/2030
f 1443/2072/2029 1452/2073/2030 1453/2074/2031
f 1453/2074/2031 1452/2073/2030 1462/2075/2032
f 1453/2074/2031 1462/2075/2032 1463/2076/2033
f 1463/2076/2033 1462/2075/2032 1472/2077/2034
f 1463/2076/2033 1472/2077/2034 1473/2078/2035
f 1473/2078/2035 1472/2077/2034 1080/2079/2036
f 1473/2078/2035 1080/2079/2036 1482/2080/2037
f 1482/2080/2037 1080/2079/2036 1079/2081/2038
f 1482/2080/2037 1079/2081/2038 1473/2078/2035
f 1473/2078/2035 1079/2081/2038 1474/2065/2022
f 1473/2078/2035 1474/2065/2022 1464/2064/2021
f 1243/2067/2024 1244/2082/2039 1423/2069/2026
f 1423/2069/2026 1244/2082/2039 1441/2083/2040
f 1423/2069/2026 1441/2083/2040 1442/2071/2028
f 1442/2071/2028 1441/2083/2040 1451/2084/2041
f 1442/2071/2028 1451/2084/2041 1452/2073/2030
f 1452/2073/2030 1451/2084/2041 1461/2085/2042
f 1452/2073/2030 1461/2085/2042 1462/2075/2032
f 1462/2075/2032 1461/2085/2042 1471/2086/2043
f 1462/2075/2032 1471/2086/2043 1472/2077/2034
f 1472/2077/2034 1471/2086/2043 1081/2087/2044
f 1472/2077/2034 1081/2087/2044 1483/2088/2045
f 1483/2088/2045 1081/2087/2044 1080/2079/2036
f 1483/2088/2045 1080/2079/2036 1472/2077/2034
f 1244/2082/2039 1245/2089/2046 1441/2083/2040
f 1441/2083/2040 1245/2089/2046 1450/2090/2047
f 1441/2083/2040 1450/2090/2047 1451/2084/2041
f 1451/2084/2041 1450/2090/2047 1460/2091/2048
f 1451/2084/2041 1460/2091/2048 1461/2085/2042
f 1461/2085/2042 1460/2091/2048 1470/2092/2049
f 1461/2085/2042 1470/2092/2049 1471/2086/2043
f 1471/2086/2043 1470/2092/2049 1484/2093/2050
f 1471/2086/2043 1484/2093/2050 1081/2087/2044
f 1081/2087/2044 1484/2093/2050 1082/2094/2051
f 1082/2094/2051 1484/2093/2050 1470/2092/2049
f 1082/2094/2051 1470/2092/2049 1485/2095/2052
f 1485/2095/2052 1470/2092/2049 1469/2096/2053
f 1485/2095/2052 1469/2096/2053 1083/2097/2054
f 1083/2097/2054 1469/2096/2053 1478/2098/2055
f 1083/2097/2054 1478/2098/2055 1084/2099/2056
f 1084/2099/2056 1478/2098/2055 1477/2100/2057
f 1084/2099/2056 1477/2100/2057 1085/2101/2058
f 1085/2101/2058 1477/2100/2057 1250/2102/2059
f 1250/2102/2059 1477/2100/2057 1249/2103/2060
f 1249/2103/2060 1477/2100/2057 1468/2104/2061
f 1249/2103/2060 1468/2104/2061 1248/2105/2062
f 1248/2105/2062 1468/2104/2061 1459/2106/2063
f 1248/2105/2062 1459/2106/2063 1247/2107/2064
f 1247/2107/2064 1459/2106/2063 1246/2108/2065
f 1246/2108/2065 1459/2106/2063 1450/2090/2047
f 1246/2108/2065 1450/2090/2047 1245/2089/2046
f 1083/2097/2054 1082/2094/2051 1485/2095/2052
f 1474/2065/2022 1079/2081/2038 1481/2109/2066
f 1481/2109/2066 1079/2081/2038 1078/2049/2006
f 1481/2109/2066 1078/2049/2006 1474/2065/2022
f 908/2043/1458 907/2110/1460 1467/2041/2000
f 1467/2041/2000 907/2110/1460 1458/2111/2067
f 1467/2041/2000 1458/2111/2067 1457/2039/1998
f 1457/2039/1998 1458/2111/2067 1448/2112/2068
f 1457/2039/1998 1448/2112/2068 1447/2037/1996
f 1447/2037/1996 1448/2112/2068 1429/2113/2069
f 1447/2037/1996 1429/2113/2069 1428/2035/1994
f 1428/2035/1994 1429/2113/2069 1435/2114/2070
f 1428/2035/1994 1435/2114/2070 1436/2033/1992
f 1436/2033/1992 1435/2114/2070 1419/2115/2071
f 1436/2033/1992 1419/2115/2071 1418/2031/1990
f 1418/2031/1990 1419/2115/2071 1410/2116/2072
f 1418/2031/1990 1410/2116/2072 1409/2029/1988
f 1409/2029/1988 1410/2116/2072 835/2117/2073
f 1409/2029/1988 835/2117/2073 1406/2118/2074
f 1406/2118/2074 835/2117/2073 870/2119/2075
f 1406/2118/2074 870/2119/2075 1402/1990/1949
f 1402/1990/1949 870/2119/2075 1403/1988/1947
f 907/2110/1460 906/2120/1462 1458/2111/2067
f 1458/2111/2067 906/2120/1462 1449/2121/2076
f 1458/2111/2067 1449/2121/2076 1448/2112/2068
f 1448/2112/2068 1449/2121/2076 1430/2122/2077
f 1448/2112/2068 1430/2122/2077 1429/2113/2069
f 1429/2113/2069 1430/2122/2077 1434/2123/2078
f 1429/2113/2069 1434/2123/2078 1435/2114/2070
f 1435/2114/2070 1434/2123/2078 1420/2124/2079
f 1435/2114/2070 1420/2124/2079 1419/2115/2071
f 1419/2115/2071 1420/2124/2079 1411/2125/2080
f 1419/2115/2071 1411/2125/2080 1410/2116/2072
f 1410/2116/2072 1411/2125/2080 836/2126/2081
f 1410/2116/2072 836/2126/2081 835/2117/2073
f 906/2120/1462 905/2127/1464 1449/2121/2076
f 1449/2121/2076 905/2127/1464 1431/2128/2082
f 1449/2121/2076 1431/2128/2082 1430/2122/2077
f 1430/2122/2077 1431/2128/2082 1433/2129/2083
f 1430/2122/2077 1433/2129/2083 1434/2123/2078
f 1434/2123/2078 1433/2129/2083 1421/2130/2084
f 1434/2123/2078 1421/2130/2084 1420/2124/2079
f 1420/2124/2079 1421/2130/2084 1412/2131/2085
f 1420/2124/2079 1412/2131/2085 1411/2125/2080
f 1411/2125/2080 1412/2131/2085 838/2132/2086
f 1411/2125/2080 838/2132/2086 837/2133/2087
f 905/2127/1464 904/2134/1466 1431/2128/2082
f 1431/2128/2082 904/2134/1466 1432/2135/2088
f 1431/2128/2082 1432/2135/2088 1433/2129/2083
f 1433/2129/2083 1432/2135/2088 1422/2136/2089
f 1433/2129/2083 1422/2136/2089 1421/2130/2084
f 1421/2130/2084 1422/2136/2089 1413/2137/2090
f 1421/2130/2084 1413/2137/2090 1412/2131/2085
f 1412/2131/2085 1413/2137/2090 839/2138/2091
f 1412/2131/2085 839/2138/2091 838/2132/2086
f 1432/2135/2088 904/2134/1466 1258/2139/2092
f 1258/2139/2092 904/2134/1466 903/2140/1468
f 1258/2139/2092 903/2140/1468 1415/2141/2093
f 1415/2141/2093 903/2140/1468 843/2142/1470
f 1415/2141/2093 843/2142/1470 842/2143/2094
f 842/2143/2094 841/2144/2095 1415/2141/2093
f 1415/2141/2093 841/2144/2095 1414/2145/2096
f 1415/2141/2093 1414/2145/2096 1258/2139/2092
f 1258/2139/2092 1414/2145/2096 1422/2136/2089
f 1258/2139/2092 1422/2136/2089 1432/2135/2088
f 841/2144/2095 840/2146/2097 1414/2145/2096
f 1414/2145/2096 840/2146/2097 1413/2137/2090
f 1414/2145/2096 1413/2137/2090 1422/2136/2089
f 840/2146/2097 839/2138/2091 1413/2137/2090
f 837/2133/2087 836/2126/2081 1411/2125/2080
f 870/2119/2075 869/2147/2098 1403/1988/1947
f 1403/1988/1947 869/2147/2098 868/1986/1945
f 860/1973/1932 859/1969/1928 1370/1971/1930
f 1439/2060/2017 1259/2059/2016 1440/2068/2025
f 1260/1967/1926 1262/2148/2099 1268/1968/1927
f 1268/1968/1927 1262/2148/2099 1267/2149/2100
f 1268/1968/1927 1267/2149/2100 1369/1970/1929
f 1369/1970/1929 1267/2149/2100 1368/2005/1964
f 1369/1970/1929 1368/2005/1964 1377/2007/1966
f 1262/2148/2099 1263/2150/2101 1267/2149/2100
f 1267/2149/2100 1263/2150/2101 1266/2003/1962
f 1267/2149/2100 1266/2003/1962 1368/2005/1964
f 1260/1967/1926 1275/1966/1925 1262/2148/2099
f 1262/2148/2099 1275/1966/1925 1276/2151/2102
f 1262/2148/2099 1276/2151/2102 1263/2150/2101
f 1263/2150/2101 1276/2151/2102 1256/1999/1958
f 1263/2150/2101 1256/1999/1958 1264/2001/1960
f 1263/2150/2101 1264/2001/1960 1266/2003/1962
f 1271/1884/1846 1270/1887/1849 1277/2152/2103
f 1277/2152/2103 1270/1887/1849 1254/1891/1853
f 1277/2152/2103 1254/1891/1853 1300/2153/2104
f 1300/2153/2104 1254/1891/1853 1301/1893/1854
f 1300/2153/2104 1301/1893/1854 1285/1895/1856
f 1272/1882/1844 1271/1884/1846 1278/2154/2105
f 1278/2154/2105 1271/1884/1846 1277/2152/2103
f 1278/2154/2105 1277/2152/2103 1299/2155/2106
f 1299/2155/2106 1277/2152/2103 1300/2153/2104
f 1299/2155/2106 1300/2153/2104 1286/2156/2107
f 1286/2156/2107 1300/2153/2104 1285/1895/1856
f 1286/2156/2107 1285/1895/1856 1304/1897/1858
f 1273/1880/1842 1272/1882/1844 1279/2157/2108
f 1279/2157/2108 1272/1882/1844 1278/2154/2105
f 1279/2157/2108 1278/2154/2105 1298/2158/2109
f 1298/2158/2109 1278/2154/2105 1299/2155/2106
f 1298/2158/2109 1299/2155/2106 1287/2159/2110
f 1287/2159/2110 1299/2155/2106 1286/2156/2107
f 1287/2159/2110 1286/2156/2107 1305/2160/2111
f 1305/2160/2111 1286/2156/2107 1304/1897/1858
f 1305/2160/2111 1304/1897/1858 1313/1867/1830
f 1274/1846/1809 1273/1880/1842 1280/2161/2112
f 1280/2161/2112 1273/1880/1842 1279/2157/2108
f 1280/2161/2112 1279/2157/2108 1297/2162/2113
f 1297/2162/2113 1279/2157/2108 1298/2158/2109
f 1297/2162/2113 1298/2158/2109 1288/2163/2114
f 1288/2163/2114 1298/2158/2109 1287/2159/2110
f 1288/2163/2114 1287/2159/2110 1306/2164/2115
f 1306/2164/2115 1287/2159/2110 1305/2160/2111
f 1306/2164/2115 1305/2160/2111 1314/1865/1828
f 1314/1865/1828 1305/2160/2111 1313/1867/1830
f 1255/1997/1956 1256/1999/1958 1276/2151/2102
f 1255/1997/1956 1276/2151/2102 1283/1965/1924
f 1283/1965/1924 1276/2151/2102 1275/1966/1925
f 1274/1846/1809 1280/2161/2112 1281/1848/1811
f 1281/1848/1811 1280/2161/2112 1296/2165/2116
f 1281/1848/1811 1296/2165/2116 1295/1850/1813
f 1295/1850/1813 1296/2165/2116 1290/2166/2117
f 1295/1850/1813 1290/2166/2117 1291/1852/1815
f 1291/1852/1815 1290/2166/2117 1309/2167/2118
f 1291/1852/1815 1309/2167/2118 1253/1854/1817
f 1253/1854/1817 1309/2167/2118 1318/1857/1820
f 1296/2165/2116 1280/2161/2112 1297/2162/2113
f 1293/1964/1923 1255/1997/1956 1283/1965/1924
f 1296/2165/2116 1297/2162/2113 1289/2168/2119
f 1289/2168/2119 1297/2162/2113 1288/2163/2114
f 1289/2168/2119 1288/2163/2114 1307/2169/2120
f 1307/2169/2120 1288/2163/2114 1306/2164/2115
f 1307/2169/2120 1306/2164/2115 1315/1863/1826
f 1315/1863/1826 1306/2164/2115 1314/1865/1828
f 1296/2165/2116 1289/2168/2119 1290/2166/2117
f 1290/2166/2117 1289/2168/2119 1308/2170/2121
f 1290/2166/2117 1308/2170/2121 1309/2167/2118
f 1309/2167/2118 1308/2170/2121 1317/1859/1822
f 1309/2167/2118 1317/1859/1822 1318/1857/1820
f 1308/2170/2121 1289/2168/2119 1307/2169/2120
f 1315/1863/1826 1316/1861/1824 1307/2169/2120
f 1307/2169/2120 1316/1861/1824 1308/2170/2121
f 1316/1861/1824 1317/1859/1822 1308/2170/2121
f 1323/1923/1882 1324/2171/2122 1332/1921/1880
f 1332/1921/1880 1324/2171/2122 1331/2172/2123
f 1332/1921/1880 1331/2172/2123 1339/1919/1878
f 1339/1919/1878 1331/2172/2123 1338/1913/1872
f 1339/1919/1878 1338/1913/1872 1345/1912/1871
f 1324/2171/2122 1325/2173/2124 1331/2172/2123
f 1331/2172/2123 1325/2173/2124 1330/1914/1873
f 1331/2172/2123 1330/1914/1873 1338/1913/1872
f 1362/1866/1829 1363/1868/1831 1323/1923/1882
f 1323/1923/1882 1363/1868/1831 1324/2171/2122
f 1330/1914/1873 1325/2173/2124 1326/1915/1874
f 1326/1915/1874 1325/2173/2124 1365/1872/1835
f 1326/1915/1874 1365/1872/1835 1252/1874/1837
f 1363/1868/1831 1364/1870/1833 1324/2171/2122
f 1324/2171/2122 1364/1870/1833 1325/2173/2124
f 1328/1901/1860 1329/1903/1862 1327/1876/1838
f 1364/1870/1833 1365/1872/1835 1325/2173/2124
f 1376/1972/1931 1369/1970/1929 1377/2007/1966
f 1371/2016/1975 1372/2174/2125 1257/2014/1973
f 1257/2014/1973 1372/2174/2125 1379/2011/1970
f 1257/2014/1973 1379/2011/1970 1366/2010/1969
f 1379/2011/1970 1372/2174/2125 1373/2012/1971
f 1373/2012/1971 1372/2174/2125 1382/2175/2126
f 1373/2012/1971 1382/2175/2126 1383/2013/1972
f 1383/2013/1972 1382/2175/2126 1388/2176/2127
f 1383/2013/1972 1388/2176/2127 1389/1979/1938
f 1389/1979/1938 1388/2176/2127 1394/1981/1940
f 1372/2174/2125 1371/2016/1975 1381/2177/2128
f 1381/2177/2128 1371/2016/1975 1380/2018/1977
f 1381/2177/2128 1380/2018/1977 1386/2178/2129
f 1386/2178/2129 1380/2018/1977 1385/2020/1979
f 1386/2178/2129 1385/2020/1979 1391/2179/2130
f 1391/2179/2130 1385/2020/1979 1390/2023/1982
f 1391/2179/2130 1390/2023/1982 1396/1991/1950
f 1396/1991/1950 1390/2023/1982 1395/1993/1952
f 1376/1972/1931 1377/2007/1966 1375/1975/1934
f 1372/2174/2125 1381/2177/2128 1382/2175/2126
f 1382/2175/2126 1381/2177/2128 1387/2180/2131
f 1382/2175/2126 1387/2180/2131 1388/2176/2127
f 1388/2176/2127 1387/2180/2131 1393/2181/2132
f 1388/2176/2127 1393/2181/2132 1394/1981/1940
f 1394/1981/1940 1393/2181/2132 1399/1984/1943
f 1387/2180/2131 1381/2177/2128 1386/2178/2129
f 1387/2180/2131 1386/2178/2129 1392/2182/2133
f 1392/2182/2133 1386/2178/2129 1391/2179/2130
f 1392/2182/2133 1391/2179/2130 1397/1989/1948
f 1397/1989/1948 1391/2179/2130 1396/1991/1950
f 1387/2180/2131 1392/2182/2133 1393/2181/2132
f 1393/2181/2132 1392/2182/2133 1398/1987/1946
f 1393/2181/2132 1398/1987/1946 1399/1984/1943
f 1398/1987/1946 1392/2182/2133 1397/1989/1948
f 1406/2118/2074 1402/1990/1949 1401/1992/1951
f 1406/2118/2074 1401/1992/1951 1405/2027/1986
f 1405/2027/1986 1401/1992/1951 1400/1994/1953
f 1409/2029/1988 1406/2118/2074 1405/2027/1986
f 1439/2060/2017 1440/2068/2025 1424/2070/2027
f 1439/2060/2017 1424/2070/2027 1425/2061/2018
f 1425/2061/2018 1424/2070/2027 1443/2072/2029
f 1425/2061/2018 1443/2072/2029 1444/2062/2019
f 1444/2062/2019 1443/2072/2029 1453/2074/2031
f 1444/2062/2019 1453/2074/2031 1454/2063/2020
f 1454/2063/2020 1453/2074/2031 1463/2076/2033
f 1454/2063/2020 1463/2076/2033 1464/2064/2021
f 1464/2064/2021 1463/2076/2033 1473/2078/2035
f 1450/2090/2047 1459/2106/2063 1460/2091/2048
f 1460/2091/2048 1459/2106/2063 1469/2096/2053
f 1460/2091/2048 1469/2096/2053 1470/2092/2049
f 1478/2098/2055 1469/2096/2053 1468/2104/2061
f 1468/2104/2061 1469/2096/2053 1459/2106/2063
f 1477/2100/2057 1478/2098/2055 1468/2104/2061
f 831/2183/2134 1534/2184/2135 832/2185/2136
f 832/2185/2136 1534/2184/2135 1535/2186/2137
f 832/2185/2136 1535/2186/2137 1540/2187/2138
f 1540/2187/2138 1535/2186/2137 1536/2188/2139
f 1540/2187/2138 1536/2188/2139 1539/2189/2140
f 1539/2189/2140 1536/2188/2139 1537/2190/2141
f 1539/2189/2140 1537/2190/2141 1538/2191/2142
f 1538/2191/2142 1537/2190/2141 1496/2192/2143
f 1538/2191/2142 1496/2192/2143 1497/2193/2144
f 1534/2184/2135 831/2183/2134 1533/2194/2145
f 1533/2194/2145 831/2183/2134 830/2195/2146
f 1533/2194/2145 830/2195/2146 829/2196/2147
f 1533/2194/2145 829/2196/2147 1532/2197/2148
f 1532/2197/2148 829/2196/2147 828/2198/2149
f 1532/2197/2148 828/2198/2149 1531/2199/2150
f 1531/2199/2150 828/2198/2149 827/2200/2151
f 1531/2199/2150 827/2200/2151 1530/2201/2152
f 1530/2201/2152 827/2200/2151 826/2202/2153
f 1530/2201/2152 826/2202/2153 1529/2203/2154
f 1529/2203/2154 826/2202/2153 825/2204/2155
f 1529/2203/2154 825/2204/2155 824/2205/1471
f 824/2205/1471 902/2206/1469 1529/2203/2154
f 1529/2203/2154 902/2206/1469 1528/2207/2156
f 1529/2203/2154 1528/2207/2156 1541/2208/2157
f 1541/2208/2157 1528/2207/2156 1564/2209/2158
f 1541/2208/2157 1564/2209/2158 1563/2210/2159
f 1563/2210/2159 1564/2209/2158 1550/2211/2160
f 1563/2210/2159 1550/2211/2160 1551/2212/2161
f 1551/2212/2161 1550/2211/2160 1569/2213/2162
f 1551/2212/2161 1569/2213/2162 1570/2214/2163
f 1570/2214/2163 1569/2213/2162 1579/2215/2164
f 1570/2214/2163 1579/2215/2164 1580/2216/2165
f 1580/2216/2165 1579/2215/2164 1589/2217/2166
f 1580/2216/2165 1589/2217/2166 1590/2218/2167
f 1590/2218/2167 1589/2217/2166 1597/2219/2168
f 1590/2218/2167 1597/2219/2168 1598/2220/2169
f 1598/2220/2169 1597/2219/2168 1605/2221/2170
f 1598/2220/2169 1605/2221/2170 913/2222/2171
f 913/2222/2171 1605/2221/2170 914/2223/2172
f 914/2223/2172 1605/2221/2170 1597/2219/2168
f 914/2223/2172 1597/2219/2168 1596/2224/2173
f 1596/2224/2173 1597/2219/2168 1589/2217/2166
f 1596/2224/2173 1589/2217/2166 1588/2225/2174
f 1588/2225/2174 1589/2217/2166 1579/2215/2164
f 1588/2225/2174 1579/2215/2164 1578/2226/2175
f 1578/2226/2175 1579/2215/2164 1569/2213/2162
f 1578/2226/2175 1569/2213/2162 1568/2227/2176
f 1568/2227/2176 1569/2213/2162 1550/2211/2160
f 1568/2227/2176 1550/2211/2160 1549/2228/2177
f 1549/2228/2177 1550/2211/2160 1564/2209/2158
f 1549/2228/2177 1564/2209/2158 1565/2229/2178
f 1565/2229/2178 1564/2209/2158 1528/2207/2156
f 1565/2229/2178 1528/2207/2156 901/2230/1467
f 901/2230/1467 1528/2207/2156 902/2206/1469
f 1565/2229/2178 901/2230/1467 1548/2231/2179
f 1548/2231/2179 901/2230/1467 900/2232/1465
f 1548/2231/2179 900/2232/1465 1566/2233/2180
f 1566/2233/2180 900/2232/1465 899/2234/1463
f 1566/2233/2180 899/2234/1463 1575/2235/2181
f 1575/2235/2181 899/2234/1463 898/2236/1461
f 1575/2235/2181 898/2236/1461 1584/2237/2182
f 1584/2237/2182 898/2236/1461 897/2238/1459
f 1584/2237/2182 897/2238/1459 1603/2239/2183
f 1603/2239/2183 897/2238/1459 1610/2240/2184
f 1603/2239/2183 1610/2240/2184 1593/2241/2185
f 1593/2241/2185 1610/2240/2184 918/2242/2186
f 1593/2241/2185 918/2242/2186 1609/2243/2187
f 1609/2243/2187 918/2242/2186 917/2244/2188
f 1609/2243/2187 917/2244/2188 1593/2241/2185
f 1593/2241/2185 917/2244/2188 1594/2245/2189
f 1593/2241/2185 1594/2245/2189 1586/2246/2190
f 1586/2246/2190 1594/2245/2189 1587/2247/2191
f 1586/2246/2190 1587/2247/2191 1577/2248/2192
f 1577/2248/2192 1587/2247/2191 1578/2226/2175
f 1577/2248/2192 1578/2226/2175 1568/2227/2176
f 897/2238/1459 896/2249/1457 1610/2240/2184
f 1610/2240/2184 896/2249/1457 918/2242/2186
f 1594/2245/2189 917/2244/2188 1608/2250/2193
f 1608/2250/2193 917/2244/2188 916/2251/2194
f 1608/2250/2193 916/2251/2194 1594/2245/2189
f 1594/2245/2189 916/2251/2194 1595/2252/2195
f 1594/2245/2189 1595/2252/2195 1587/2247/2191
f 1587/2247/2191 1595/2252/2195 1588/2225/2174
f 1587/2247/2191 1588/2225/2174 1578/2226/2175
f 1595/2252/2195 916/2251/2194 1607/2253/2196
f 1607/2253/2196 916/2251/2194 915/2254/2197
f 1607/2253/2196 915/2254/2197 1595/2252/2195
f 1595/2252/2195 915/2254/2197 1596/2224/2173
f 1595/2252/2195 1596/2224/2173 1588/2225/2174
f 1596/2224/2173 915/2254/2197 1606/2255/2198
f 1606/2255/2198 915/2254/2197 914/2223/2172
f 1606/2255/2198 914/2223/2172 1596/2224/2173
f 1598/2220/2169 913/2222/2171 1604/2256/2199
f 1604/2256/2199 913/2222/2171 912/2257/2200
f 1604/2256/2199 912/2257/2200 1599/2258/2201
f 1599/2258/2201 912/2257/2200 1600/2259/2202
f 1599/2258/2201 1600/2259/2202 1602/2260/2203
f 1602/2260/2203 1600/2259/2202 1601/2261/2204
f 1602/2260/2203 1601/2261/2204 1487/2262/2205
f 1487/2262/2205 1601/2261/2204 1486/2263/2206
f 1486/2263/2206 1601/2261/2204 910/2264/2207
f 910/2264/2207 1601/2261/2204 911/2265/2208
f 911/2265/2208 1601/2261/2204 1600/2259/2202
f 911/2265/2208 1600/2259/2202 912/2257/2200
f 1487/2262/2205 1488/2266/2209 1602/2260/2203
f 1602/2260/2203 1488/2266/2209 1592/2267/2210
f 1602/2260/2203 1592/2267/2210 1599/2258/2201
f 1599/2258/2201 1592/2267/2210 1591/2268/2211
f 1599/2258/2201 1591/2268/2211 1598/2220/2169
f 1598/2220/2169 1591/2268/2211 1590/2218/2167
f 1488/2266/2209 1489/2269/2212 1592/2267/2210
f 1592/2267/2210 1489/2269/2212 1490/2270/2213
f 1592/2267/2210 1490/2270/2213 1583/2271/2214
f 1583/2271/2214 1490/2270/2213 1491/2272/2215
f 1583/2271/2214 1491/2272/2215 1574/2273/2216
f 1574/2273/2216 1491/2272/2215 1492/2274/2217
f 1574/2273/2216 1492/2274/2217 1556/2275/2218
f 1556/2275/2218 1492/2274/2217 1493/2276/2219
f 1556/2275/2218 1493/2276/2219 1557/2277/2220
f 1557/2277/2220 1493/2276/2219 1527/2278/2221
f 1557/2277/2220 1527/2278/2221 1547/2279/2222
f 1547/2279/2222 1527/2278/2221 1536/2188/2139
f 1547/2279/2222 1536/2188/2139 1535/2186/2137
f 1493/2276/2219 1494/2280/2223 1527/2278/2221
f 1527/2278/2221 1494/2280/2223 1495/2281/2224
f 1527/2278/2221 1495/2281/2224 1537/2190/2141
f 1537/2190/2141 1495/2281/2224 1496/2192/2143
f 1538/2191/2142 1497/2193/2144 1611/2282/2225
f 1611/2282/2225 1497/2193/2144 1498/2283/2226
f 1611/2282/2225 1498/2283/2226 1499/2284/2227
f 1611/2282/2225 1499/2284/2227 1615/2285/2228
f 1615/2285/2228 1499/2284/2227 1500/2286/2229
f 1615/2285/2228 1500/2286/2229 1620/2287/2230
f 1620/2287/2230 1500/2286/2229 1501/2288/2231
f 1620/2287/2230 1501/2288/2231 1625/2289/2232
f 1625/2289/2232 1501/2288/2231 1502/2290/2233
f 1625/2289/2232 1502/2290/2233 1503/2291/2234
f 1625/2289/2232 1503/2291/2234 1630/2292/2235
f 1630/2292/2235 1503/2291/2234 1504/2293/2236
f 1630/2292/2235 1504/2293/2236 1635/2294/2237
f 1635/2294/2237 1504/2293/2236 1505/2295/2238
f 1635/2294/2237 1505/2295/2238 1526/2296/2239
f 1526/2296/2239 1505/2295/2238 1506/2297/2240
f 1526/2296/2239 1506/2297/2240 1652/2298/2241
f 1652/2298/2241 1506/2297/2240 1644/2299/2242
f 1652/2298/2241 1644/2299/2242 1645/2300/2243
f 1645/2300/2243 1644/2299/2242 1654/2301/2244
f 1645/2300/2243 1654/2301/2244 1655/2302/2245
f 1655/2302/2245 1654/2301/2244 1670/2303/2246
f 1655/2302/2245 1670/2303/2246 1669/2304/2247
f 1669/2304/2247 1670/2303/2246 1660/2305/2248
f 1669/2304/2247 1660/2305/2248 1661/2306/2249
f 1661/2306/2249 1660/2305/2248 1685/2307/2250
f 1661/2306/2249 1685/2307/2250 1684/2308/2251
f 1684/2308/2251 1685/2307/2250 1677/2309/2252
f 1684/2308/2251 1677/2309/2252 1678/2310/2253
f 1678/2310/2253 1677/2309/2252 1695/2311/2254
f 1678/2310/2253 1695/2311/2254 1696/2312/2255
f 1696/2312/2255 1695/2311/2254 1707/2313/2256
f 1696/2312/2255 1707/2313/2256 1706/2314/2257
f 1706/2314/2257 1707/2313/2256 1522/2315/2258
f 1706/2314/2257 1522/2315/2258 890/2316/1454
f 890/2316/1454 1522/2315/2258 891/2317/1455
f 891/2317/1455 1522/2315/2258 1723/2318/2259
f 891/2317/1455 1723/2318/2259 1197/2319/2260
f 1197/2319/2260 1723/2318/2259 1198/2320/2261
f 1198/2320/2261 1723/2318/2259 1732/2321/2262
f 1198/2320/2261 1732/2321/2262 1199/2322/2263
f 1199/2322/2263 1732/2321/2262 1731/2323/2264
f 1199/2322/2263 1731/2323/2264 1200/2324/2265
f 1200/2324/2265 1731/2323/2264 1739/2325/2266
f 1200/2324/2265 1739/2325/2266 1201/2326/2267
f 1201/2326/2267 1739/2325/2266 1738/2327/2268
f 1201/2326/2267 1738/2327/2268 1745/2328/2269
f 1745/2328/2269 1738/2327/2268 1737/2329/2270
f 1745/2328/2269 1737/2329/2270 1744/2330/2271
f 1744/2330/2271 1737/2329/2270 1736/2331/2272
f 1744/2330/2271 1736/2331/2272 1743/2332/2273
f 1743/2332/2273 1736/2331/2272 1735/2333/2274
f 1743/2332/2273 1735/2333/2274 1742/2334/2275
f 1742/2334/2275 1735/2333/2274 1734/2335/2276
f 1742/2334/2275 1734/2335/2276 1741/2336/2277
f 1741/2336/2277 1734/2335/2276 1733/2337/2278
f 1741/2336/2277 1733/2337/2278 1740/2338/2279
f 1740/2338/2279 1733/2337/2278 1516/2339/2280
f 1740/2338/2279 1516/2339/2280 1517/2340/2281
f 1506/2297/2240 1507/2341/2282 1644/2299/2242
f 1644/2299/2242 1507/2341/2282 1653/2342/2283
f 1644/2299/2242 1653/2342/2283 1654/2301/2244
f 1654/2301/2244 1653/2342/2283 1671/2343/2284
f 1654/2301/2244 1671/2343/2284 1670/2303/2246
f 1670/2303/2246 1671/2343/2284 1659/2344/2285
f 1670/2303/2246 1659/2344/2285 1660/2305/2248
f 1660/2305/2248 1659/2344/2285 1686/2345/2286
f 1660/2305/2248 1686/2345/2286 1685/2307/2250
f 1685/2307/2250 1686/2345/2286 1676/2346/2287
f 1685/2307/2250 1676/2346/2287 1677/2309/2252
f 1677/2309/2252 1676/2346/2287 1694/2347/2288
f 1677/2309/2252 1694/2347/2288 1695/2311/2254
f 1695/2311/2254 1694/2347/2288 1708/2348/2289
f 1695/2311/2254 1708/2348/2289 1707/2313/2256
f 1707/2313/2256 1708/2348/2289 1705/2349/2290
f 1707/2313/2256 1705/2349/2290 1522/2315/2258
f 1522/2315/2258 1705/2349/2290 1723/2318/2259
f 1653/2342/2283 1507/2341/2282 1525/2350/2291
f 1525/2350/2291 1507/2341/2282 1508/2351/2292
f 1525/2350/2291 1508/2351/2292 1523/2352/2293
f 1523/2352/2293 1508/2351/2292 1509/2353/2294
f 1523/2352/2293 1509/2353/2294 1689/2354/2295
f 1689/2354/2295 1509/2353/2294 1672/2355/2296
f 1689/2354/2295 1672/2355/2296 1673/2356/2297
f 1673/2356/2297 1672/2355/2296 1690/2357/2298
f 1673/2356/2297 1690/2357/2298 1691/2358/2299
f 1691/2358/2299 1690/2357/2298 1712/2359/2300
f 1691/2358/2299 1712/2359/2300 1711/2360/2301
f 1711/2360/2301 1712/2359/2300 1701/2361/2302
f 1711/2360/2301 1701/2361/2302 1702/2362/2303
f 1702/2362/2303 1701/2361/2302 1719/2363/2304
f 1702/2362/2303 1719/2363/2304 1720/2364/2305
f 1720/2364/2305 1719/2363/2304 1729/2365/2306
f 1720/2364/2305 1729/2365/2306 1730/2366/2307
f 1730/2366/2307 1729/2365/2306 1739/2325/2266
f 1730/2366/2307 1739/2325/2266 1731/2323/2264
f 1509/2353/2294 1510/2367/2308 1672/2355/2296
f 1672/2355/2296 1510/2367/2308 1521/2368/2309
f 1672/2355/2296 1521/2368/2309 1690/2357/2298
f 1690/2357/2298 1521/2368/2309 1713/2369/2310
f 1690/2357/2298 1713/2369/2310 1712/2359/2300
f 1712/2359/2300 1713/2369/2310 1700/2370/2311
f 1712/2359/2300 1700/2370/2311 1701/2361/2302
f 1701/2361/2302 1700/2370/2311 1718/2371/2312
f 1701/2361/2302 1718/2371/2312 1719/2363/2304
f 1719/2363/2304 1718/2371/2312 1728/2372/2313
f 1719/2363/2304 1728/2372/2313 1729/2365/2306
f 1729/2365/2306 1728/2372/2313 1738/2327/2268
f 1729/2365/2306 1738/2327/2268 1739/2325/2266
f 1510/2367/2308 1511/2373/2314 1521/2368/2309
f 1521/2368/2309 1511/2373/2314 1714/2374/2315
f 1521/2368/2309 1714/2374/2315 1713/2369/2310
f 1713/2369/2310 1714/2374/2315 1699/2375/2316
f 1713/2369/2310 1699/2375/2316 1700/2370/2311
f 1700/2370/2311 1699/2375/2316 1717/2376/2317
f 1700/2370/2311 1717/2376/2317 1718/2371/2312
f 1718/2371/2312 1717/2376/2317 1727/2377/2318
f 1718/2371/2312 1727/2377/2318 1728/2372/2313
f 1728/2372/2313 1727/2377/2318 1737/2329/2270
f 1728/2372/2313 1737/2329/2270 1738/2327/2268
f 1714/2374/2315 1511/2373/2314 1698/2378/2319
f 1698/2378/2319 1511/2373/2314 1512/2379/2320
f 1698/2378/2319 1512/2379/2320 1513/2380/2321
f 1698/2378/2319 1513/2380/2321 1715/2381/2322
f 1715/2381/2322 1513/2380/2321 1514/2382/2323
f 1715/2381/2322 1514/2382/2323 1724/2383/2324
f 1724/2383/2324 1514/2382/2323 1515/2384/2325
f 1724/2383/2324 1515/2384/2325 1733/2337/2278
f 1733/2337/2278 1515/2384/2325 1516/2339/2280
f 1517/2340/2281 1518/2385/2326 1740/2338/2279
f 1740/2338/2279 1518/2385/2326 1520/2386/2327
f 1740/2338/2279 1520/2386/2327 1746/2387/2328
f 1746/2387/2328 1520/2386/2327 1752/2388/2329
f 1746/2387/2328 1752/2388/2329 1751/2389/2330
f 1751/2389/2330 1752/2388/2329 1208/2390/2331
f 1751/2389/2330 1208/2390/2331 1207/2391/2332
f 1518/2385/2326 1519/2392/2333 1520/2386/2327
f 1520/2386/2327 1519/2392/2333 1753/2393/2334
f 1520/2386/2327 1753/2393/2334 1752/2388/2329
f 1752/2388/2329 1753/2393/2334 1210/2394/2335
f 1752/2388/2329 1210/2394/2335 1209/2395/2336
f 1216/2396/2337 1214/2397/2338 1519/2392/2333
f 1519/2392/2333 1214/2397/2338 1213/2398/2339
f 1519/2392/2333 1213/2398/2339 1212/2399/2340
f 1216/2396/2337 1215/2400/2341 1214/2397/2338
f 1519/2392/2333 1212/2399/2340 1753/2393/2334
f 1753/2393/2334 1212/2399/2340 1211/2401/2342
f 1753/2393/2334 1211/2401/2342 1210/2394/2335
f 1209/2395/2336 1208/2390/2331 1752/2388/2329
f 1751/2389/2330 1207/2391/2332 1750/2402/2343
f 1750/2402/2343 1207/2391/2332 1206/2403/2344
f 1750/2402/2343 1206/2403/2344 1205/2404/2345
f 1204/2405/2346 1749/2406/2347 1205/2404/2345
f 1205/2404/2345 1749/2406/2347 1748/2407/2348
f 1205/2404/2345 1748/2407/2348 1750/2402/2343
f 1750/2402/2343 1748/2407/2348 1747/2408/2349
f 1750/2402/2343 1747/2408/2349 1751/2389/2330
f 1751/2389/2330 1747/2408/2349 1746/2387/2328
f 1204/2405/2346 1203/2409/2350 1749/2406/2347
f 1749/2406/2347 1203/2409/2350 1744/2330/2271
f 1749/2406/2347 1744/2330/2271 1743/2332/2273
f 1744/2330/2271 1203/2409/2350 1745/2328/2269
f 1745/2328/2269 1203/2409/2350 1202/2410/2351
f 1745/2328/2269 1202/2410/2351 1201/2326/2267
f 1706/2314/2257 890/2316/1454 1697/2411/2352
f 1697/2411/2352 890/2316/1454 889/2412/1452
f 1697/2411/2352 889/2412/1452 1680/2413/2353
f 1680/2413/2353 889/2412/1452 888/2414/1450
f 1680/2413/2353 888/2414/1450 1681/2415/2354
f 1681/2415/2354 888/2414/1450 1524/2416/2355
f 1681/2415/2354 1524/2416/2355 1664/2417/2356
f 1664/2417/2356 1524/2416/2355 1666/2418/2357
f 1664/2417/2356 1666/2418/2357 1667/2419/2358
f 1667/2419/2358 1666/2418/2357 874/2420/2359
f 1667/2419/2358 874/2420/2359 873/2421/2360
f 888/2414/1450 887/2422/2361 1524/2416/2355
f 1524/2416/2355 887/2422/2361 1665/2423/2362
f 1524/2416/2355 1665/2423/2362 1666/2418/2357
f 1666/2418/2357 1665/2423/2362 876/2424/2363
f 1666/2418/2357 876/2424/2363 875/2425/2364
f 878/2426/2365 877/2427/2366 887/2422/2361
f 887/2422/2361 877/2427/2366 1665/2423/2362
f 877/2427/2366 876/2424/2363 1665/2423/2362
f 875/2425/2364 874/2420/2359 1666/2418/2357
f 1667/2419/2358 873/2421/2360 1668/2428/2367
f 1668/2428/2367 873/2421/2360 872/2429/2368
f 1668/2428/2367 872/2429/2368 1657/2430/2369
f 1657/2430/2369 872/2429/2368 871/2431/2370
f 1657/2430/2369 871/2431/2370 1754/2432/2371
f 1754/2432/2371 871/2431/2370 855/2433/2372
f 1754/2432/2371 855/2433/2372 1657/2430/2369
f 1657/2430/2369 855/2433/2372 1669/2304/2247
f 1657/2430/2369 1669/2304/2247 1661/2306/2249
f 854/2434/2373 1647/2435/2374 855/2433/2372
f 855/2433/2372 1647/2435/2374 1656/2436/2375
f 855/2433/2372 1656/2436/2375 1669/2304/2247
f 1669/2304/2247 1656/2436/2375 1655/2302/2245
f 853/2437/2376 1648/2438/2377 854/2434/2373
f 854/2434/2373 1648/2438/2377 1649/2439/2378
f 854/2434/2373 1649/2439/2378 1647/2435/2374
f 1647/2435/2374 1649/2439/2378 1650/2440/2379
f 1647/2435/2374 1650/2440/2379 1646/2441/2380
f 1646/2441/2380 1650/2440/2379 1651/2442/2381
f 1646/2441/2380 1651/2442/2381 1645/2300/2243
f 1645/2300/2243 1651/2442/2381 1652/2298/2241
f 1648/2438/2377 853/2437/2376 1643/2443/2382
f 1643/2443/2382 853/2437/2376 852/2444/2383
f 1643/2443/2382 852/2444/2383 1639/2445/2384
f 1639/2445/2384 852/2444/2383 851/2446/2385
f 1639/2445/2384 851/2446/2385 1634/2447/2386
f 1634/2447/2386 851/2446/2385 850/2448/2387
f 1634/2447/2386 850/2448/2387 1629/2449/2388
f 1629/2449/2388 850/2448/2387 849/2450/2389
f 1629/2449/2388 849/2450/2389 1624/2451/2390
f 1624/2451/2390 849/2450/2389 848/2452/2391
f 1624/2451/2390 848/2452/2391 1619/2453/2392
f 1619/2453/2392 848/2452/2391 847/2454/2393
f 1619/2453/2392 847/2454/2393 846/2455/2394
f 845/2456/2395 1614/2457/2396 846/2455/2394
f 846/2455/2394 1614/2457/2396 1618/2458/2397
f 846/2455/2394 1618/2458/2397 1619/2453/2392
f 1619/2453/2392 1618/2458/2397 1624/2451/2390
f 845/2456/2395 844/2459/2398 1614/2457/2396
f 1614/2457/2396 844/2459/2398 1613/2460/2399
f 1614/2457/2396 1613/2460/2399 1618/2458/2397
f 1618/2458/2397 1613/2460/2399 1617/2461/2400
f 1618/2458/2397 1617/2461/2400 1623/2462/2401
f 1623/2462/2401 1617/2461/2400 1622/2463/2402
f 1623/2462/2401 1622/2463/2402 1628/2464/2403
f 1628/2464/2403 1622/2463/2402 1627/2465/2404
f 1628/2464/2403 1627/2465/2404 1633/2466/2405
f 1633/2466/2405 1627/2465/2404 1632/2467/2406
f 1633/2466/2405 1632/2467/2406 1638/2468/2407
f 1638/2468/2407 1632/2467/2406 1637/2469/2408
f 1638/2468/2407 1637/2469/2408 1642/2470/2409
f 1642/2470/2409 1637/2469/2408 1641/2471/2410
f 1642/2470/2409 1641/2471/2410 1649/2439/2378
f 1649/2439/2378 1641/2471/2410 1650/2440/2379
f 1613/2460/2399 844/2459/2398 1540/2187/2138
f 1540/2187/2138 844/2459/2398 832/2185/2136
f 1529/2203/2154 1541/2208/2157 1530/2201/2152
f 1530/2201/2152 1541/2208/2157 1542/2472/2411
f 1530/2201/2152 1542/2472/2411 1531/2199/2150
f 1531/2199/2150 1542/2472/2411 1543/2473/2412
f 1531/2199/2150 1543/2473/2412 1532/2197/2148
f 1532/2197/2148 1543/2473/2412 1544/2474/2413
f 1532/2197/2148 1544/2474/2413 1533/2194/2145
f 1533/2194/2145 1544/2474/2413 1545/2475/2414
f 1533/2194/2145 1545/2475/2414 1534/2184/2135
f 1534/2184/2135 1545/2475/2414 1546/2476/2415
f 1534/2184/2135 1546/2476/2415 1535/2186/2137
f 1535/2186/2137 1546/2476/2415 1547/2279/2222
f 1527/2278/2221 1537/2190/2141 1536/2188/2139
f 1613/2460/2399 1540/2187/2138 1539/2189/2140
f 1539/2189/2140 1538/2191/2142 1612/2477/2416
f 1612/2477/2416 1538/2191/2142 1611/2282/2225
f 1612/2477/2416 1611/2282/2225 1616/2478/2417
f 1616/2478/2417 1611/2282/2225 1615/2285/2228
f 1616/2478/2417 1615/2285/2228 1621/2479/2418
f 1621/2479/2418 1615/2285/2228 1620/2287/2230
f 1621/2479/2418 1620/2287/2230 1626/2480/2419
f 1626/2480/2419 1620/2287/2230 1625/2289/2232
f 1626/2480/2419 1625/2289/2232 1631/2481/2420
f 1631/2481/2420 1625/2289/2232 1630/2292/2235
f 1631/2481/2420 1630/2292/2235 1636/2482/2421
f 1636/2482/2421 1630/2292/2235 1635/2294/2237
f 1636/2482/2421 1635/2294/2237 1640/2483/2422
f 1640/2483/2422 1635/2294/2237 1526/2296/2239
f 1640/2483/2422 1526/2296/2239 1651/2442/2381
f 1651/2442/2381 1526/2296/2239 1652/2298/2241
f 1541/2208/2157 1563/2210/2159 1542/2472/2411
f 1542/2472/2411 1563/2210/2159 1562/2484/2423
f 1542/2472/2411 1562/2484/2423 1543/2473/2412
f 1543/2473/2412 1562/2484/2423 1561/2485/2424
f 1543/2473/2412 1561/2485/2424 1544/2474/2413
f 1544/2474/2413 1561/2485/2424 1560/2486/2425
f 1544/2474/2413 1560/2486/2425 1545/2475/2414
f 1545/2475/2414 1560/2486/2425 1559/2487/2426
f 1545/2475/2414 1559/2487/2426 1546/2476/2415
f 1546/2476/2415 1559/2487/2426 1558/2488/2427
f 1546/2476/2415 1558/2488/2427 1547/2279/2222
f 1547/2279/2222 1558/2488/2427 1557/2277/2220
f 1565/2229/2178 1548/2231/2179 1549/2228/2177
f 1549/2228/2177 1548/2231/2179 1567/2489/2428
f 1549/2228/2177 1567/2489/2428 1568/2227/2176
f 1568/2227/2176 1567/2489/2428 1577/2248/2192
f 1562/2484/2423 1563/2210/2159 1551/2212/2161
f 1561/2485/2424 1562/2484/2423 1552/2490/2429
f 1552/2490/2429 1562/2484/2423 1551/2212/2161
f 1552/2490/2429 1551/2212/2161 1570/2214/2163
f 1560/2486/2425 1561/2485/2424 1553/2491/2430
f 1553/2491/2430 1561/2485/2424 1552/2490/2429
f 1553/2491/2430 1552/2490/2429 1571/2492/2431
f 1571/2492/2431 1552/2490/2429 1570/2214/2163
f 1571/2492/2431 1570/2214/2163 1580/2216/2165
f 1559/2487/2426 1560/2486/2425 1554/2493/2432
f 1554/2493/2432 1560/2486/2425 1553/2491/2430
f 1554/2493/2432 1553/2491/2430 1572/2494/2433
f 1572/2494/2433 1553/2491/2430 1571/2492/2431
f 1572/2494/2433 1571/2492/2431 1581/2495/2434
f 1581/2495/2434 1571/2492/2431 1580/2216/2165
f 1581/2495/2434 1580/2216/2165 1590/2218/2167
f 1558/2488/2427 1559/2487/2426 1555/2496/2435
f 1555/2496/2435 1559/2487/2426 1554/2493/2432
f 1555/2496/2435 1554/2493/2432 1573/2497/2436
f 1573/2497/2436 1554/2493/2432 1572/2494/2433
f 1573/2497/2436 1572/2494/2433 1582/2498/2437
f 1582/2498/2437 1572/2494/2433 1581/2495/2434
f 1582/2498/2437 1581/2495/2434 1591/2268/2211
f 1591/2268/2211 1581/2495/2434 1590/2218/2167
f 1557/2277/2220 1558/2488/2427 1556/2275/2218
f 1556/2275/2218 1558/2488/2427 1555/2496/2435
f 1556/2275/2218 1555/2496/2435 1574/2273/2216
f 1574/2273/2216 1555/2496/2435 1573/2497/2436
f 1574/2273/2216 1573/2497/2436 1583/2271/2214
f 1583/2271/2214 1573/2497/2436 1582/2498/2437
f 1583/2271/2214 1582/2498/2437 1592/2267/2210
f 1592/2267/2210 1582/2498/2437 1591/2268/2211
f 1548/2231/2179 1566/2233/2180 1567/2489/2428
f 1567/2489/2428 1566/2233/2180 1576/2499/2438
f 1567/2489/2428 1576/2499/2438 1577/2248/2192
f 1577/2248/2192 1576/2499/2438 1586/2246/2190
f 1566/2233/2180 1575/2235/2181 1576/2499/2438
f 1576/2499/2438 1575/2235/2181 1585/2500/2439
f 1576/2499/2438 1585/2500/2439 1586/2246/2190
f 1586/2246/2190 1585/2500/2439 1593/2241/2185
f 1575/2235/2181 1584/2237/2182 1585/2500/2439
f 1585/2500/2439 1584/2237/2182 1603/2239/2183
f 1585/2500/2439 1603/2239/2183 1593/2241/2185
f 1599/2258/2201 1598/2220/2169 1604/2256/2199
f 1617/2461/2400 1613/2460/2399 1612/2477/2416
f 1612/2477/2416 1613/2460/2399 1539/2189/2140
f 1617/2461/2400 1612/2477/2416 1616/2478/2417
f 1622/2463/2402 1617/2461/2400 1616/2478/2417
f 1622/2463/2402 1616/2478/2417 1621/2479/2418
f 1624/2451/2390 1618/2458/2397 1623/2462/2401
f 1627/2465/2404 1622/2463/2402 1621/2479/2418
f 1627/2465/2404 1621/2479/2418 1626/2480/2419
f 1629/2449/2388 1624/2451/2390 1623/2462/2401
f 1629/2449/2388 1623/2462/2401 1628/2464/2403
f 1632/2467/2406 1627/2465/2404 1626/2480/2419
f 1632/2467/2406 1626/2480/2419 1631/2481/2420
f 1634/2447/2386 1629/2449/2388 1628/2464/2403
f 1634/2447/2386 1628/2464/2403 1633/2466/2405
f 1637/2469/2408 1632/2467/2406 1631/2481/2420
f 1637/2469/2408 1631/2481/2420 1636/2482/2421
f 1639/2445/2384 1634/2447/2386 1633/2466/2405
f 1639/2445/2384 1633/2466/2405 1638/2468/2407
f 1641/2471/2410 1637/2469/2408 1636/2482/2421
f 1641/2471/2410 1636/2482/2421 1640/2483/2422
f 1643/2443/2382 1639/2445/2384 1638/2468/2407
f 1643/2443/2382 1638/2468/2407 1642/2470/2409
f 1650/2440/2379 1641/2471/2410 1640/2483/2422
f 1650/2440/2379 1640/2483/2422 1651/2442/2381
f 1648/2438/2377 1643/2443/2382 1642/2470/2409
f 1648/2438/2377 1642/2470/2409 1649/2439/2378
f 1656/2436/2375 1647/2435/2374 1646/2441/2380
f 1656/2436/2375 1646/2441/2380 1655/2302/2245
f 1655/2302/2245 1646/2441/2380 1645/2300/2243
f 1523/2352/2293 1658/2501/2440 1525/2350/2291
f 1525/2350/2291 1658/2501/2440 1671/2343/2284
f 1525/2350/2291 1671/2343/2284 1653/2342/2283
f 1671/2343/2284 1658/2501/2440 1659/2344/2285
f 1659/2344/2285 1658/2501/2440 1687/2502/2441
f 1659/2344/2285 1687/2502/2441 1686/2345/2286
f 1686/2345/2286 1687/2502/2441 1675/2503/2442
f 1686/2345/2286 1675/2503/2442 1676/2346/2287
f 1676/2346/2287 1675/2503/2442 1693/2504/2443
f 1676/2346/2287 1693/2504/2443 1694/2347/2288
f 1694/2347/2288 1693/2504/2443 1709/2505/2444
f 1694/2347/2288 1709/2505/2444 1708/2348/2289
f 1708/2348/2289 1709/2505/2444 1704/2506/2445
f 1708/2348/2289 1704/2506/2445 1705/2349/2290
f 1705/2349/2290 1704/2506/2445 1722/2507/2446
f 1705/2349/2290 1722/2507/2446 1723/2318/2259
f 1723/2318/2259 1722/2507/2446 1732/2321/2262
f 1658/2501/2440 1523/2352/2293 1688/2508/2447
f 1688/2508/2447 1523/2352/2293 1689/2354/2295
f 1688/2508/2447 1689/2354/2295 1673/2356/2297
f 1668/2428/2367 1657/2430/2369 1662/2509/2448
f 1662/2509/2448 1657/2430/2369 1661/2306/2249
f 1662/2509/2448 1661/2306/2249 1684/2308/2251
f 1667/2419/2358 1668/2428/2367 1663/2510/2449
f 1663/2510/2449 1668/2428/2367 1662/2509/2448
f 1663/2510/2449 1662/2509/2448 1683/2511/2450
f 1683/2511/2450 1662/2509/2448 1684/2308/2251
f 1683/2511/2450 1684/2308/2251 1678/2310/2253
f 1667/2419/2358 1663/2510/2449 1664/2417/2356
f 1664/2417/2356 1663/2510/2449 1682/2512/2451
f 1664/2417/2356 1682/2512/2451 1681/2415/2354
f 1681/2415/2354 1682/2512/2451 1680/2413/2353
f 1682/2512/2451 1663/2510/2449 1683/2511/2450
f 1673/2356/2297 1674/2513/2452 1688/2508/2447
f 1688/2508/2447 1674/2513/2452 1687/2502/2441
f 1688/2508/2447 1687/2502/2441 1658/2501/2440
f 1687/2502/2441 1674/2513/2452 1675/2503/2442
f 1675/2503/2442 1674/2513/2452 1692/2514/2453
f 1675/2503/2442 1692/2514/2453 1693/2504/2443
f 1693/2504/2443 1692/2514/2453 1710/2515/2454
f 1693/2504/2443 1710/2515/2454 1709/2505/2444
f 1709/2505/2444 1710/2515/2454 1703/2516/2455
f 1709/2505/2444 1703/2516/2455 1704/2506/2445
f 1704/2506/2445 1703/2516/2455 1721/2517/2456
f 1704/2506/2445 1721/2517/2456 1722/2507/2446
f 1722/2507/2446 1721/2517/2456 1731/2323/2264
f 1722/2507/2446 1731/2323/2264 1732/2321/2262
f 1692/2514/2453 1674/2513/2452 1691/2358/2299
f 1691/2358/2299 1674/2513/2452 1673/2356/2297
f 1682/2512/2451 1683/2511/2450 1679/2518/2457
f 1679/2518/2457 1683/2511/2450 1678/2310/2253
f 1679/2518/2457 1678/2310/2253 1696/2312/2255
f 1697/2411/2352 1680/2413/2353 1679/2518/2457
f 1679/2518/2457 1680/2413/2353 1682/2512/2451
f 1697/2411/2352 1679/2518/2457 1696/2312/2255
f 1710/2515/2454 1692/2514/2453 1711/2360/2301
f 1711/2360/2301 1692/2514/2453 1691/2358/2299
f 1706/2314/2257 1697/2411/2352 1696/2312/2255
f 1714/2374/2315 1698/2378/2319 1699/2375/2316
f 1699/2375/2316 1698/2378/2319 1716/2519/2458
f 1699/2375/2316 1716/2519/2458 1717/2376/2317
f 1717/2376/2317 1716/2519/2458 1726/2520/2459
f 1717/2376/2317 1726/2520/2459 1727/2377/2318
f 1727/2377/2318 1726/2520/2459 1736/2331/2272
f 1727/2377/2318 1736/2331/2272 1737/2329/2270
f 1710/2515/2454 1711/2360/2301 1702/2362/2303
f 1710/2515/2454 1702/2362/2303 1703/2516/2455
f 1703/2516/2455 1702/2362/2303 1720/2364/2305
f 1703/2516/2455 1720/2364/2305 1721/2517/2456
f 1721/2517/2456 1720/2364/2305 1730/2366/2307
f 1721/2517/2456 1730/2366/2307 1731/2323/2264
f 1698/2378/2319 1715/2381/2322 1716/2519/2458
f 1716/2519/2458 1715/2381/2322 1725/2521/2460
f 1716/2519/2458 1725/2521/2460 1726/2520/2459
f 1726/2520/2459 1725/2521/2460 1735/2333/2274
f 1726/2520/2459 1735/2333/2274 1736/2331/2272
f 1715/2381/2322 1724/2383/2324 1725/2521/2460
f 1725/2521/2460 1724/2383/2324 1734/2335/2276
f 1725/2521/2460 1734/2335/2276 1735/2333/2274
f 1733/2337/2278 1734/2335/2276 1724/2383/2324
f 1740/2338/2279 1746/2387/2328 1741/2336/2277
f 1741/2336/2277 1746/2387/2328 1747/2408/2349
f 1741/2336/2277 1747/2408/2349 1742/2334/2275
f 1742/2334/2275 1747/2408/2349 1748/2407/2348
f 1742/2334/2275 1748/2407/2348 1743/2332/2273
f 1743/2332/2273 1748/2407/2348 1749/2406/2347
f 1756/2522/2461 1757/2523/2462 1755/2524/2463
f 1755/2524/2463 1757/2523/2462 1758/2525/2464
f 1755/2524/2463 1758/2525/2464 1759/2526/2465
f 1755/2524/2463 1759/2526/2465 1775/2527/2466
f 1775/2527/2466 1759/2526/2465 1760/2528/2467
f 1775/2527/2466 1760/2528/2467 1774/2529/2468
f 1774/2529/2468 1760/2528/2467 1773/2530/2469
f 1773/2530/2469 1760/2528/2467 1761/2531/2470
f 1773/2530/2469 1761/2531/2470 1772/2532/2471
f 1772/2532/2471 1761/2531/2470 1762/2533/2472
f 1772/2532/2471 1762/2533/2472 1767/2534/2473
f 1767/2534/2473 1762/2533/2472 1766/2535/2474
f 1766/2535/2474 1762/2533/2472 1763/2536/2475
f 1766/2535/2474 1763/2536/2475 1765/2537/2476
f 1765/2537/2476 1763/2536/2475 1764/2538/2477
f 1767/2534/2473 1768/2539/2478 1772/2532/2471
f 1772/2532/2471 1768/2539/2478 1771/2540/2479
f 1771/2540/2479 1768/2539/2478 1769/2541/2480
f 1771/2540/2479 1769/2541/2480 1770/2542/2481
f 1755/2524/2463 1775/2527/2466 1779/2543/2482
f 1779/2543/2482 1775/2527/2466 1776/2544/2483
f 1779/2543/2482 1776/2544/2483 1777/2545/2484
f 1777/2545/2484 1778/2546/2485 1779/2543/2482
f 822/2547/2486 821/2548/2487 1814/2549/2488
f 1814/2549/2488 821/2548/2487 1780/2550/2489
f 1814/2549/2488 1780/2550/2489 1781/2551/2490
f 1814/2549/2488 1781/2551/2490 1813/2552/2491
f 1813/2552/2491 1781/2551/2490 1782/2553/2492
f 1813/2552/2491 1782/2553/2492 1783/2554/2493
f 1813/2552/2491 1783/2554/2493 1812/2555/2494
f 1812/2555/2494 1783/2554/2493 1784/2556/2495
f 1812/2555/2494 1784/2556/2495 1785/2557/2496
f 1812/2555/2494 1785/2557/2496 1811/2558/2497
f 1811/2558/2497 1785/2557/2496 1786/2559/2498
f 1811/2558/2497 1786/2559/2498 1810/2560/2499
f 1810/2560/2499 1786/2559/2498 1787/2561/2500
f 1810/2560/2499 1787/2561/2500 1817/2562/2501
f 1817/2562/2501 1787/2561/2500 1788/2563/2502
f 1817/2562/2501 1788/2563/2502 1816/2564/2503
f 1816/2564/2503 1788/2563/2502 1789/2565/2504
f 1816/2564/2503 1789/2565/2504 1815/2566/2505
f 1815/2566/2505 1789/2565/2504 1790/2567/2506
f 1815/2566/2505 1790/2567/2506 1791/2568/2507
f 1792/2569/2508 1823/2570/2509 1791/2568/2507
f 1791/2568/2507 1823/2570/2509 1824/2571/2510
f 1791/2568/2507 1824/2571/2510 1815/2566/2505
f 1815/2566/2505 1824/2571/2510 1825/2572/2511
f 1815/2566/2505 1825/2572/2511 1816/2564/2503
f 1816/2564/2503 1825/2572/2511 1826/2573/2512
f 1816/2564/2503 1826/2573/2512 1817/2562/2501
f 1817/2562/2501 1826/2573/2512 1827/2574/2513
f 1817/2562/2501 1827/2574/2513 1818/2575/2514
f 1818/2575/2514 1827/2574/2513 1828/2576/2515
f 1818/2575/2514 1828/2576/2515 1819/2577/2516
f 1819/2577/2516 1828/2576/2515 1829/2578/2517
f 1819/2577/2516 1829/2578/2517 1820/2579/2518
f 1820/2579/2518 1829/2578/2517 1830/2580/2519
f 1820/2579/2518 1830/2580/2519 1821/2581/2520
f 1821/2581/2520 1830/2580/2519 823/2582/2521
f 1821/2581/2520 823/2582/2521 822/2547/2486
f 1792/2569/2508 1793/2583/2522 1823/2570/2509
f 1823/2570/2509 1793/2583/2522 1822/2584/2523
f 1823/2570/2509 1822/2584/2523 1796/2585/2524
f 1796/2585/2524 1822/2584/2523 1795/2586/2525
f 1795/2586/2525 1822/2584/2523 1794/2587/2526
f 1795/2586/2525 1794/2587/2526 1770/2588/2527
f 1793/2583/2522 1794/2587/2526 1822/2584/2523
f 1770/2588/2527 1769/2589/2528 1795/2586/2525
f 1796/2585/2524 1797/2590/2529 1823/2570/2509
f 1823/2570/2509 1797/2590/2529 1798/2591/2530
f 1823/2570/2509 1798/2591/2530 1824/2571/2510
f 1824/2571/2510 1798/2591/2530 1799/2592/2531
f 1824/2571/2510 1799/2592/2531 1800/2593/2532
f 1824/2571/2510 1800/2593/2532 1825/2572/2511
f 1825/2572/2511 1800/2593/2532 1801/2594/2533
f 1825/2572/2511 1801/2594/2533 1826/2573/2512
f 1826/2573/2512 1801/2594/2533 1802/2595/2534
f 1826/2573/2512 1802/2595/2534 1803/2596/2535
f 1826/2573/2512 1803/2596/2535 1827/2574/2513
f 1827/2574/2513 1803/2596/2535 1804/2597/2536
f 1827/2574/2513 1804/2597/2536 1828/2576/2515
f 1828/2576/2515 1804/2597/2536 1805/2598/2537
f 1828/2576/2515 1805/2598/2537 1806/2599/2538
f 1828/2576/2515 1806/2599/2538 1829/2578/2517
f 1829/2578/2517 1806/2599/2538 1807/2600/2539
f 1829/2578/2517 1807/2600/2539 1808/2601/2540
f 1829/2578/2517 1808/2601/2540 1830/2580/2519
f 1830/2580/2519 1808/2601/2540 1809/2602/2541
f 1830/2580/2519 1809/2602/2541 823/2582/2521
f 823/2582/2521 1809/2602/2541 817/2603/2542
f 1821/2581/2520 822/2547/2486 1814/2549/2488
f 1817/2562/2501 1818/2575/2514 1810/2560/2499
f 1810/2560/2499 1818/2575/2514 1811/2558/2497
f 1818/2575/2514 1819/2577/2516 1811/2558/2497
f 1811/2558/2497 1819/2577/2516 1812/2555/2494
f 1821/2581/2520 1814/2549/2488 1813/2552/2491
f 1819/2577/2516 1820/2579/2518 1812/2555/2494
f 1812/2555/2494 1820/2579/2518 1813/2552/2491
f 1820/2579/2518 1821/2581/2520 1813/2552/2491
f 817/2604/1347 1809/2605/2543 818/2606/1349
f 818/2606/1349 1809/2605/2543 1853/2607/2544
f 818/2606/1349 1853/2607/2544 1861/2608/2545
f 1861/2608/2545 1853/2607/2544 1860/2609/2546
f 1861/2608/2545 1860/2609/2546 1869/2610/2547
f 1869/2610/2547 1860/2609/2546 1868/2611/2548
f 1869/2610/2547 1868/2611/2548 1843/2612/2549
f 1843/2612/2549 1868/2611/2548 1842/2613/2550
f 1842/2613/2550 1868/2611/2548 1867/2614/2551
f 1842/2613/2550 1867/2614/2551 1841/2615/2552
f 1841/2615/2552 1867/2614/2551 1840/2616/2553
f 1840/2616/2553 1867/2614/2551 1866/2617/2554
f 1840/2616/2553 1866/2617/2554 1839/2618/2555
f 1839/2618/2555 1866/2617/2554 1838/2619/2556
f 1838/2619/2556 1866/2617/2554 1865/2620/2557
f 1838/2619/2556 1865/2620/2557 1837/2621/2558
f 1837/2621/2558 1865/2620/2557 1836/2622/2559
f 1836/2622/2559 1865/2620/2557 1864/2623/2560
f 1836/2622/2559 1864/2623/2560 1835/2624/2561
f 1835/2624/2561 1864/2623/2560 1834/2625/2562
f 1834/2625/2562 1864/2623/2560 1863/2626/2563
f 1834/2625/2562 1863/2626/2563 1833/2627/2564
f 1833/2627/2564 1863/2626/2563 1862/2628/2565
f 1833/2627/2564 1862/2628/2565 1832/2629/2566
f 1832/2629/2566 1862/2628/2565 1831/2630/2567
f 1831/2630/2567 1862/2628/2565 1766/2631/2474
f 1831/2630/2567 1766/2631/2474 1765/2632/2568
f 1809/2605/2543 1808/2633/2569 1853/2607/2544
f 1853/2607/2544 1808/2633/2569 1807/2634/2570
f 1853/2607/2544 1807/2634/2570 1852/2635/2571
f 1852/2635/2571 1807/2634/2570 1806/2636/2572
f 1852/2635/2571 1806/2636/2572 1851/2637/2573
f 1851/2637/2573 1806/2636/2572 1805/2638/2574
f 1851/2637/2573 1805/2638/2574 1804/2639/2575
f 1851/2637/2573 1804/2639/2575 1850/2640/2576
f 1850/2640/2576 1804/2639/2575 1803/2641/2577
f 1850/2640/2576 1803/2641/2577 1802/2642/2578
f 1850/2640/2576 1802/2642/2578 1849/2643/2579
f 1849/2643/2579 1802/2642/2578 1801/2644/2580
f 1849/2643/2579 1801/2644/2580 1800/2645/2581
f 1849/2643/2579 1800/2645/2581 1848/2646/2582
f 1848/2646/2582 1800/2645/2581 1799/2647/2583
f 1848/2646/2582 1799/2647/2583 1798/2648/2584
f 1848/2646/2582 1798/2648/2584 1847/2649/2585
f 1847/2649/2585 1798/2648/2584 1797/2650/2586
f 1847/2649/2585 1797/2650/2586 1846/2651/2587
f 1846/2651/2587 1797/2650/2586 1796/2652/2588
f 1846/2651/2587 1796/2652/2588 1795/2653/2589
f 1769/2654/2480 1768/2655/2478 1795/2653/2589
f 1795/2653/2589 1768/2655/2478 1846/2651/2587
f 1846/2651/2587 1768/2655/2478 1854/2656/2590
f 1854/2656/2590 1768/2655/2478 1767/2657/2473
f 1854/2656/2590 1767/2657/2473 1766/2631/2474
f 1843/2612/2549 1844/2658/2591 1869/2610/2547
f 1869/2610/2547 1844/2658/2591 1845/2659/2592
f 1869/2610/2547 1845/2659/2592 812/2660/1353
f 812/2660/1353 819/2661/1351 1869/2610/2547
f 1869/2610/2547 819/2661/1351 1861/2608/2545
f 819/2661/1351 818/2606/1349 1861/2608/2545
f 1847/2649/2585 1846/2651/2587 1854/2656/2590
f 1848/2646/2582 1847/2649/2585 1855/2662/2593
f 1855/2662/2593 1847/2649/2585 1854/2656/2590
f 1855/2662/2593 1854/2656/2590 1862/2628/2565
f 1862/2628/2565 1854/2656/2590 1766/2631/2474
f 1849/2643/2579 1848/2646/2582 1856/2663/2594
f 1856/2663/2594 1848/2646/2582 1855/2662/2593
f 1856/2663/2594 1855/2662/2593 1863/2626/2563
f 1863/2626/2563 1855/2662/2593 1862/2628/2565
f 1850/2640/2576 1849/2643/2579 1857/2664/2595
f 1857/2664/2595 1849/2643/2579 1856/2663/2594
f 1857/2664/2595 1856/2663/2594 1864/2623/2560
f 1864/2623/2560 1856/2663/2594 1863/2626/2563
f 1851/2637/2573 1850/2640/2576 1858/2665/2596
f 1858/2665/2596 1850/2640/2576 1857/2664/2595
f 1858/2665/2596 1857/2664/2595 1865/2620/2557
f 1865/2620/2557 1857/2664/2595 1864/2623/2560
f 1860/2609/2546 1853/2607/2544 1852/2635/2571
f 1852/2635/2571 1851/2637/2573 1859/2666/2597
f 1859/2666/2597 1851/2637/2573 1858/2665/2596
f 1859/2666/2597 1858/2665/2596 1867/2614/2551
f 1867/2614/2551 1858/2665/2596 1866/2617/2554
f 1866/2617/2554 1858/2665/2596 1865/2620/2557
f 1868/2611/2548 1860/2609/2546 1859/2666/2597
f 1859/2666/2597 1860/2609/2546 1852/2635/2571
f 1868/2611/2548 1859/2666/2597 1867/2614/2551
f 1765/2667/2598 1764/2668/2599 1831/2669/2600
f 1831/2669/2600 1764/2668/2599 1870/2670/2601
f 1831/2669/2600 1870/2670/2601 1886/2671/2602
f 1886/2671/2602 1870/2670/2601 1871/2672/2603
f 1886/2671/2602 1871/2672/2603 1887/2673/2604
f 1887/2673/2604 1871/2672/2603 1872/2674/2605
f 1887/2673/2604 1872/2674/2605 1873/2675/2606
f 1874/2676/2607 1895/2677/2608 1873/2675/2606
f 1873/2675/2606 1895/2677/2608 1888/2678/2609
f 1873/2675/2606 1888/2678/2609 1887/2673/2604
f 1887/2673/2604 1888/2678/2609 1834/2679/2610
f 1887/2673/2604 1834/2679/2610 1833/2680/2611
f 1874/2676/2607 1875/2681/2612 1895/2677/2608
f 1895/2677/2608 1875/2681/2612 1896/2682/2613
f 1895/2677/2608 1896/2682/2613 1888/2678/2609
f 1888/2678/2609 1896/2682/2613 1889/2683/2614
f 1888/2678/2609 1889/2683/2614 1836/2684/2615
f 1836/2684/2615 1889/2683/2614 1837/2685/2616
f 1837/2685/2616 1889/2683/2614 1890/2686/2617
f 1837/2685/2616 1890/2686/2617 1838/2687/2618
f 1838/2687/2618 1890/2686/2617 1839/2688/2619
f 1839/2688/2619 1890/2686/2617 1891/2689/2620
f 1839/2688/2619 1891/2689/2620 1840/2690/2621
f 1840/2690/2621 1891/2689/2620 1892/2691/2622
f 1840/2690/2621 1892/2691/2622 1841/2692/2623
f 1841/2692/2623 1892/2691/2622 1842/2693/2624
f 1842/2693/2624 1892/2691/2622 1893/2694/2625
f 1842/2693/2624 1893/2694/2625 1843/2695/2626
f 1843/2695/2626 1893/2694/2625 1844/2696/2627
f 1844/2696/2627 1893/2694/2625 1894/2697/2628
f 1844/2696/2627 1894/2697/2628 1845/2698/2629
f 1845/2698/2629 1894/2697/2628 813/2699/2630
f 1845/2698/2629 813/2699/2630 812/2700/2631
f 1875/2681/2612 1876/2701/2632 1896/2682/2613
f 1896/2682/2613 1876/2701/2632 1897/2702/2633
f 1896/2682/2613 1897/2702/2633 1889/2683/2614
f 1889/2683/2614 1897/2702/2633 1890/2686/2617
f 1876/2701/2632 1877/2703/2634 1897/2702/2633
f 1897/2702/2633 1877/2703/2634 1902/2704/2635
f 1897/2702/2633 1902/2704/2635 1903/2705/2636
f 1903/2705/2636 1902/2704/2635 1878/2706/2637
f 1903/2705/2636 1878/2706/2637 1879/2707/2638
f 1877/2703/2634 1878/2706/2637 1902/2704/2635
f 1903/2705/2636 1879/2707/2638 1904/2708/2639
f 1904/2708/2639 1879/2707/2638 1880/2709/2640
f 1904/2708/2639 1880/2709/2640 1881/2710/2641
f 1904/2708/2639 1881/2710/2641 1905/2711/2642
f 1905/2711/2642 1881/2710/2641 1882/2712/2643
f 1905/2711/2642 1882/2712/2643 1883/2713/2644
f 1905/2711/2642 1883/2713/2644 1885/2714/2645
f 1885/2714/2645 1883/2713/2644 1884/2715/2646
f 1885/2714/2645 1884/2715/2646 814/2716/2647
f 814/2716/2647 1884/2715/2646 815/2717/2648
f 1885/2714/2645 814/2716/2647 1901/2718/2649
f 1901/2718/2649 814/2716/2647 813/2699/2630
f 1901/2718/2649 813/2699/2630 1894/2697/2628
f 1836/2684/2615 1835/2719/2650 1888/2678/2609
f 1888/2678/2609 1835/2719/2650 1834/2679/2610
f 1833/2680/2611 1832/2720/2651 1887/2673/2604
f 1887/2673/2604 1832/2720/2651 1886/2671/2602
f 1832/2720/2651 1831/2669/2600 1886/2671/2602
f 1891/2689/2620 1890/2686/2617 1898/2721/2652
f 1898/2721/2652 1890/2686/2617 1897/2702/2633
f 1898/2721/2652 1897/2702/2633 1903/2705/2636
f 1892/2691/2622 1891/2689/2620 1899/2722/2653
f 1899/2722/2653 1891/2689/2620 1898/2721/2652
f 1899/2722/2653 1898/2721/2652 1904/2708/2639
f 1904/2708/2639 1898/2721/2652 1903/2705/2636
f 1901/2718/2649 1894/2697/2628 1893/2694/2625
f 1893/2694/2625 1892/2691/2622 1900/2723/2654
f 1900/2723/2654 1892/2691/2622 1899/2722/2653
f 1900/2723/2654 1899/2722/2653 1905/2711/2642
f 1905/2711/2642 1899/2722/2653 1904/2708/2639
f 1885/2714/2645 1901/2718/2649 1900/2723/2654
f 1900/2723/2654 1901/2718/2649 1893/2694/2625
f 1885/2714/2645 1900/2723/2654 1905/2711/2642
f 1906/2724/2655 1907/2725/2656 1061/2726/1631
f 1061/2726/1631 1907/2725/2656 934/2727/1604
f 1912/2728/2657 747/2729/2658 1911/2730/2659
f 1911/2730/2659 747/2729/2658 746/2731/2660
f 1911/2730/2659 746/2731/2660 1910/2732/2661
f 1910/2732/2661 746/2731/2660 745/2733/2662
f 1910/2732/2661 745/2733/2662 1909/2734/2663
f 1909/2734/2663 745/2733/2662 744/2735/2664
f 1909/2734/2663 744/2735/2664 1908/2736/2665
f 1908/2736/2665 744/2735/2664 743/2737/2666
f 1908/2736/2665 743/2737/2666 816/2738/2667
f 816/2738/2667 815/2739/1340 1908/2736/2665
f 1933/2740/2668 1912/2741/2657 1942/2742/2669
f 1942/2742/2669 1912/2741/2657 1911/2743/2659
f 1942/2742/2669 1911/2743/2659 1941/2744/2670
f 1941/2744/2670 1911/2743/2659 1940/2745/2671
f 1941/2744/2670 1940/2745/2671 1950/2746/2672
f 1950/2746/2672 1940/2745/2671 1949/2747/2673
f 1950/2746/2672 1949/2747/2673 1959/2748/2674
f 1959/2748/2674 1949/2747/2673 1958/2749/2675
f 1959/2748/2674 1958/2749/2675 1968/2750/2676
f 1968/2750/2676 1958/2749/2675 1967/2751/2677
f 1968/2750/2676 1967/2751/2677 1977/2752/2678
f 1977/2752/2678 1967/2751/2677 1976/2753/2679
f 1977/2752/2678 1976/2753/2679 1986/2754/2680
f 1986/2754/2680 1976/2753/2679 1985/2755/2681
f 1986/2754/2680 1985/2755/2681 1995/2756/2682
f 1995/2756/2682 1985/2755/2681 1994/2757/2683
f 1995/2756/2682 1994/2757/2683 2004/2758/2684
f 2004/2758/2684 1994/2757/2683 2003/2759/2685
f 2004/2758/2684 2003/2759/2685 2013/2760/2686
f 2013/2760/2686 2003/2759/2685 2012/2761/2687
f 2013/2760/2686 2012/2761/2687 2022/2762/2688
f 2022/2762/2688 2012/2761/2687 2021/2763/2689
f 2022/2762/2688 2021/2763/2689 2031/2764/2690
f 2031/2764/2690 2021/2763/2689 2030/2765/2691
f 2031/2764/2690 2030/2765/2691 2040/2766/2692
f 2040/2766/2692 2030/2765/2691 2039/2767/2693
f 2040/2766/2692 2039/2767/2693 2049/2768/2694
f 2049/2768/2694 2039/2767/2693 2048/2769/2695
f 2049/2768/2694 2048/2769/2695 2058/2770/2696
f 2058/2770/2696 2048/2769/2695 2057/2771/2697
f 2058/2770/2696 2057/2771/2697 2067/2772/2698
f 2067/2772/2698 2057/2771/2697 2066/2773/2699
f 2067/2772/2698 2066/2773/2699 1916/2774/2700
f 1916/2774/2700 2066/2773/2699 2065/2775/2701
f 1916/2774/2700 2065/2775/2701 1915/2776/2702
f 1915/2776/2702 2065/2775/2701 2064/2777/2703
f 1915/2776/2702 2064/2777/2703 2063/2778/2704
f 2063/2778/2704 2064/2777/2703 2054/2779/2705
f 2063/2778/2704 2054/2779/2705 2053/2780/2706
f 2053/2780/2706 2054/2779/2705 2044/2781/2707
f 2053/2780/2706 2044/2781/2707 2043/2782/2708
f 2043/2782/2708 2044/2781/2707 2034/2783/2709
f 2043/2782/2708 2034/2783/2709 2033/2784/2710
f 2033/2784/2710 2034/2783/2709 2024/2785/2711
f 2033/2784/2710 2024/2785/2711 1874/2786/2712
f 1874/2786/2712 2024/2785/2711 1875/2787/2713
f 1875/2787/2713 2024/2785/2711 2015/2788/2714
f 1875/2787/2713 2015/2788/2714 1876/2789/2715
f 1876/2789/2715 2015/2788/2714 2006/2790/2716
f 1876/2789/2715 2006/2790/2716 1877/2791/2717
f 1877/2791/2717 2006/2790/2716 1997/2792/2718
f 1877/2791/2717 1997/2792/2718 1878/2793/2719
f 1878/2793/2719 1997/2792/2718 1988/2794/2720
f 1878/2793/2719 1988/2794/2720 1879/2795/2721
f 1879/2795/2721 1988/2794/2720 1979/2796/2722
f 1879/2795/2721 1979/2796/2722 1880/2797/2723
f 1880/2797/2723 1979/2796/2722 1970/2798/2724
f 1880/2797/2723 1970/2798/2724 1881/2799/2725
f 1881/2799/2725 1970/2798/2724 1961/2800/2726
f 1881/2799/2725 1961/2800/2726 1882/2801/2727
f 1882/2801/2727 1961/2800/2726 1952/2802/2728
f 1882/2801/2727 1952/2802/2728 1883/2803/2729
f 1883/2803/2729 1952/2802/2728 1943/2804/2730
f 1883/2803/2729 1943/2804/2730 1884/2805/2731
f 1884/2805/2731 1943/2804/2730 1934/2806/2732
f 1884/2805/2731 1934/2806/2732 815/2807/1340
f 815/2807/1340 1934/2806/2732 1908/2808/2665
f 1908/2808/2665 1934/2806/2732 1935/2809/2733
f 1908/2808/2665 1935/2809/2733 1936/2810/2734
f 1936/2810/2734 1935/2809/2733 1945/2811/2735
f 1936/2810/2734 1945/2811/2735 1946/2812/2736
f 1946/2812/2736 1945/2811/2735 1955/2813/2737
f 1946/2812/2736 1955/2813/2737 1956/2814/2738
f 1956/2814/2738 1955/2813/2737 1965/2815/2739
f 1956/2814/2738 1965/2815/2739 1966/2816/2740
f 1966/2816/2740 1965/2815/2739 1975/2817/2741
f 1966/2816/2740 1975/2817/2741 1976/2753/2679
f 1976/2753/2679 1975/2817/2741 1985/2755/2681
f 1911/2743/2659 1910/2818/2661 1940/2745/2671
f 1940/2745/2671 1910/2818/2661 1939/2819/2742
f 1940/2745/2671 1939/2819/2742 1949/2747/2673
f 1949/2747/2673 1939/2819/2742 1948/2820/2743
f 1949/2747/2673 1948/2820/2743 1958/2749/2675
f 1958/2749/2675 1948/2820/2743 1957/2821/2744
f 1958/2749/2675 1957/2821/2744 1967/2751/2677
f 1967/2751/2677 1957/2821/2744 1966/2816/2740
f 1967/2751/2677 1966/2816/2740 1976/2753/2679
f 1939/2819/2742 1910/2818/2661 1938/2822/2745
f 1938/2822/2745 1910/2818/2661 1909/2823/2663
f 1938/2822/2745 1909/2823/2663 1937/2824/2746
f 1937/2824/2746 1909/2823/2663 1936/2810/2734
f 1937/2824/2746 1936/2810/2734 1946/2812/2736
f 1909/2823/2663 1908/2808/2665 1936/2810/2734
f 1874/2786/2712 1873/2825/2747 2033/2784/2710
f 2033/2784/2710 1873/2825/2747 2042/2826/2748
f 2033/2784/2710 2042/2826/2748 2043/2782/2708
f 2043/2782/2708 2042/2826/2748 2052/2827/2749
f 2043/2782/2708 2052/2827/2749 2053/2780/2706
f 2053/2780/2706 2052/2827/2749 2062/2828/2750
f 2053/2780/2706 2062/2828/2750 2063/2778/2704
f 2063/2778/2704 2062/2828/2750 1914/2829/2751
f 2063/2778/2704 1914/2829/2751 1915/2776/2702
f 1873/2825/2747 1872/2830/2752 2042/2826/2748
f 2042/2826/2748 1872/2830/2752 2051/2831/2753
f 2042/2826/2748 2051/2831/2753 2052/2827/2749
f 2052/2827/2749 2051/2831/2753 2061/2832/2754
f 2052/2827/2749 2061/2832/2754 2062/2828/2750
f 2062/2828/2750 2061/2832/2754 1914/2829/2751
f 1872/2830/2752 1871/2833/2755 2051/2831/2753
f 2051/2831/2753 1871/2833/2755 2060/2834/2756
f 2051/2831/2753 2060/2834/2756 2061/2832/2754
f 2061/2832/2754 2060/2834/2756 1913/2835/2757
f 2061/2832/2754 1913/2835/2757 1914/2829/2751
f 1871/2833/2755 1870/2836/2758 2060/2834/2756
f 2060/2834/2756 1870/2836/2758 1764/2837/2477
f 2060/2834/2756 1764/2837/2477 1913/2835/2757
f 1916/2774/2700 1917/2838/2759 2067/2772/2698
f 2067/2772/2698 1917/2838/2759 2068/2839/2760
f 2067/2772/2698 2068/2839/2760 2058/2770/2696
f 2058/2770/2696 2068/2839/2760 2059/2840/2761
f 2058/2770/2696 2059/2840/2761 2049/2768/2694
f 2049/2768/2694 2059/2840/2761 2050/2841/2762
f 2049/2768/2694 2050/2841/2762 2040/2766/2692
f 2040/2766/2692 2050/2841/2762 2041/2842/2763
f 2040/2766/2692 2041/2842/2763 2031/2764/2690
f 2031/2764/2690 2041/2842/2763 2032/2843/2764
f 2031/2764/2690 2032/2843/2764 2022/2762/2688
f 2022/2762/2688 2032/2843/2764 2023/2844/2765
f 2022/2762/2688 2023/2844/2765 2013/2760/2686
f 2013/2760/2686 2023/2844/2765 2014/2845/2766
f 2013/2760/2686 2014/2845/2766 2004/2758/2684
f 2004/2758/2684 2014/2845/2766 2005/2846/2767
f 2004/2758/2684 2005/2846/2767 1995/2756/2682
f 1995/2756/2682 2005/2846/2767 1996/2847/2768
f 1995/2756/2682 1996/2847/2768 1986/2754/2680
f 1986/2754/2680 1996/2847/2768 1987/2848/2769
f 1986/2754/2680 1987/2848/2769 1977/2752/2678
f 1977/2752/2678 1987/2848/2769 1978/2849/2770
f 1977/2752/2678 1978/2849/2770 1968/2750/2676
f 1968/2750/2676 1978/2849/2770 1969/2850/2771
f 1968/2750/2676 1969/2850/2771 1959/2748/2674
f 1959/2748/2674 1969/2850/2771 1960/2851/2772
f 1959/2748/2674 1960/2851/2772 1950/2746/2672
f 1950/2746/2672 1960/2851/2772 1951/2852/2773
f 1950/2746/2672 1951/2852/2773 1941/2744/2670
f 1941/2744/2670 1951/2852/2773 1942/2742/2669
f 1917/2838/2759 1918/2853/2774 2068/2839/2760
f 2068/2839/2760 1918/2853/2774 1919/2854/2775
f 2068/2839/2760 1919/2854/2775 2059/2840/2761
f 2059/2840/2761 1919/2854/2775 1920/2855/2776
f 2059/2840/2761 1920/2855/2776 2050/2841/2762
f 2050/2841/2762 1920/2855/2776 1921/2856/2777
f 2050/2841/2762 1921/2856/2777 2041/2842/2763
f 2041/2842/2763 1921/2856/2777 1922/2857/2778
f 2041/2842/2763 1922/2857/2778 2032/2843/2764
f 2032/2843/2764 1922/2857/2778 1923/2858/2779
f 2032/2843/2764 1923/2858/2779 2023/2844/2765
f 2023/2844/2765 1923/2858/2779 1924/2859/2780
f 2023/2844/2765 1924/2859/2780 2014/2845/2766
f 2014/2845/2766 1924/2859/2780 1925/2860/2781
f 2014/2845/2766 1925/2860/2781 2005/2846/2767
f 2005/2846/2767 1925/2860/2781 1926/2861/2782
f 2005/2846/2767 1926/2861/2782 1996/2847/2768
f 1996/2847/2768 1926/2861/2782 1927/2862/2783
f 1996/2847/2768 1927/2862/2783 1987/2848/2769
f 1987/2848/2769 1927/2862/2783 1928/2863/2784
f 1987/2848/2769 1928/2863/2784 1978/2849/2770
f 1978/2849/2770 1928/2863/2784 1929/2864/2785
f 1978/2849/2770 1929/2864/2785 1969/2850/2771
f 1969/2850/2771 1929/2864/2785 1930/2865/2786
f 1969/2850/2771 1930/2865/2786 1960/2851/2772
f 1960/2851/2772 1930/2865/2786 1931/2866/2787
f 1960/2851/2772 1931/2866/2787 1951/2852/2773
f 1951/2852/2773 1931/2866/2787 1932/2867/2788
f 1951/2852/2773 1932/2867/2788 1942/2742/2669
f 1942/2742/2669 1932/2867/2788 1933/2740/2668
f 1935/2809/2733 1934/2806/2732 1944/2868/2789
f 1944/2868/2789 1934/2806/2732 1943/2804/2730
f 1944/2868/2789 1943/2804/2730 1953/2869/2790
f 1953/2869/2790 1943/2804/2730 1952/2802/2728
f 1953/2869/2790 1952/2802/2728 1962/2870/2791
f 1962/2870/2791 1952/2802/2728 1961/2800/2726
f 1962/2870/2791 1961/2800/2726 1971/2871/2792
f 1971/2871/2792 1961/2800/2726 1970/2798/2724
f 1971/2871/2792 1970/2798/2724 1980/2872/2793
f 1980/2872/2793 1970/2798/2724 1979/2796/2722
f 1980/2872/2793 1979/2796/2722 1989/2873/2794
f 1989/2873/2794 1979/2796/2722 1988/2794/2720
f 1989/2873/2794 1988/2794/2720 1998/2874/2795
f 1998/2874/2795 1988/2794/2720 1997/2792/2718
f 1998/2874/2795 1997/2792/2718 2007/2875/2796
f 2007/2875/2796 1997/2792/2718 2006/2790/2716
f 2007/2875/2796 2006/2790/2716 2016/2876/2797
f 2016/2876/2797 2006/2790/2716 2015/2788/2714
f 2016/2876/2797 2015/2788/2714 2025/2877/2798
f 2025/2877/2798 2015/2788/2714 2024/2785/2711
f 2025/2877/2798 2024/2785/2711 2034/2783/2709
f 1948/2820/2743 1939/2819/2742 1938/2822/2745
f 1938/2822/2745 1937/2824/2746 1947/2878/2799
f 1947/2878/2799 1937/2824/2746 1946/2812/2736
f 1947/2878/2799 1946/2812/2736 1956/2814/2738
f 1935/2809/2733 1944/2868/2789 1945/2811/2735
f 1945/2811/2735 1944/2868/2789 1954/2879/2800
f 1945/2811/2735 1954/2879/2800 1955/2813/2737
f 1955/2813/2737 1954/2879/2800 1964/2880/2801
f 1955/2813/2737 1964/2880/2801 1965/2815/2739
f 1965/2815/2739 1964/2880/2801 1974/2881/2802
f 1965/2815/2739 1974/2881/2802 1975/2817/2741
f 1975/2817/2741 1974/2881/2802 1984/2882/2803
f 1975/2817/2741 1984/2882/2803 1985/2755/2681
f 1985/2755/2681 1984/2882/2803 1994/2757/2683
f 1954/2879/2800 1944/2868/2789 1953/2869/2790
f 1957/2821/2744 1948/2820/2743 1947/2878/2799
f 1947/2878/2799 1948/2820/2743 1938/2822/2745
f 1957/2821/2744 1947/2878/2799 1956/2814/2738
f 1954/2879/2800 1953/2869/2790 1963/2883/2804
f 1963/2883/2804 1953/2869/2790 1962/2870/2791
f 1963/2883/2804 1962/2870/2791 1972/2884/2805
f 1972/2884/2805 1962/2870/2791 1971/2871/2792
f 1972/2884/2805 1971/2871/2792 1981/2885/2806
f 1981/2885/2806 1971/2871/2792 1980/2872/2793
f 1981/2885/2806 1980/2872/2793 1990/2886/2807
f 1990/2886/2807 1980/2872/2793 1989/2873/2794
f 1990/2886/2807 1989/2873/2794 1999/2887/2808
f 1999/2887/2808 1989/2873/2794 1998/2874/2795
f 1999/2887/2808 1998/2874/2795 2008/2888/2809
f 2008/2888/2809 1998/2874/2795 2007/2875/2796
f 2008/2888/2809 2007/2875/2796 2017/2889/2810
f 2017/2889/2810 2007/2875/2796 2016/2876/2797
f 2017/2889/2810 2016/2876/2797 2026/2890/2811
f 2026/2890/2811 2016/2876/2797 2025/2877/2798
f 2026/2890/2811 2025/2877/2798 2035/2891/2812
f 2035/2891/2812 2025/2877/2798 2034/2783/2709
f 2035/2891/2812 2034/2783/2709 2044/2781/2707
f 1966/2816/2740 1957/2821/2744 1956/2814/2738
f 1954/2879/2800 1963/2883/2804 1964/2880/2801
f 1964/2880/2801 1963/2883/2804 1973/2892/2813
f 1964/2880/2801 1973/2892/2813 1974/2881/2802
f 1974/2881/2802 1973/2892/2813 1983/2893/2814
f 1974/2881/2802 1983/2893/2814 1984/2882/2803
f 1984/2882/2803 1983/2893/2814 1993/2894/2815
f 1984/2882/2803 1993/2894/2815 1994/2757/2683
f 1994/2757/2683 1993/2894/2815 2003/2759/2685
f 1973/2892/2813 1963/2883/2804 1972/2884/2805
f 1973/2892/2813 1972/2884/2805 1982/2895/2816
f 1982/2895/2816 1972/2884/2805 1981/2885/2806
f 1982/2895/2816 1981/2885/2806 1991/2896/2817
f 1991/2896/2817 1981/2885/2806 1990/2886/2807
f 1991/2896/2817 1990/2886/2807 2000/2897/2818
f 2000/2897/2818 1990/2886/2807 1999/2887/2808
f 2000/2897/2818 1999/2887/2808 2009/2898/2819
f 2009/2898/2819 1999/2887/2808 2008/2888/2809
f 2009/2898/2819 2008/2888/2809 2018/2899/2820
f 2018/2899/2820 2008/2888/2809 2017/2889/2810
f 2018/2899/2820 2017/2889/2810 2027/2900/2821
f 2027/2900/2821 2017/2889/2810 2026/2890/2811
f 2027/2900/2821 2026/2890/2811 2036/2901/2822
f 2036/2901/2822 2026/2890/2811 2035/2891/2812
f 2036/2901/2822 2035/2891/2812 2045/2902/2823
f 2045/2902/2823 2035/2891/2812 2044/2781/2707
f 2045/2902/2823 2044/2781/2707 2054/2779/2705
f 1973/2892/2813 1982/2895/2816 1983/2893/2814
f 1983/2893/2814 1982/2895/2816 1992/2903/2824
f 1983/2893/2814 1992/2903/2824 1993/2894/2815
f 1993/2894/2815 1992/2903/2824 2002/2904/2825
f 1993/2894/2815 2002/2904/2825 2003/2759/2685
f 2003/2759/2685 2002/2904/2825 2012/2761/2687
f 1992/2903/2824 1982/2895/2816 1991/2896/2817
f 1992/2903/2824 1991/2896/2817 2001/2905/2826
f 2001/2905/2826 1991/2896/2817 2000/2897/2818
f 2001/2905/2826 2000/2897/2818 2010/2906/2827
f 2010/2906/2827 2000/2897/2818 2009/2898/2819
f 2010/2906/2827 2009/2898/2819 2019/2907/2828
f 2019/2907/2828 2009/2898/2819 2018/2899/2820
f 2019/2907/2828 2018/2899/2820 2028/2908/2829
f 2028/2908/2829 2018/2899/2820 2027/2900/2821
f 2028/2908/2829 2027/2900/2821 2037/2909/2830
f 2037/2909/2830 2027/2900/2821 2036/2901/2822
f 2037/2909/2830 2036/2901/2822 2046/2910/2831
f 2046/2910/2831 2036/2901/2822 2045/2902/2823
f 2046/2910/2831 2045/2902/2823 2055/2911/2832
f 2055/2911/2832 2045/2902/2823 2054/2779/2705
f 2055/2911/2832 2054/2779/2705 2064/2777/2703
f 1992/2903/2824 2001/2905/2826 2002/2904/2825
f 2002/2904/2825 2001/2905/2826 2011/2912/2833
f 2002/2904/2825 2011/2912/2833 2012/2761/2687
f 2012/2761/2687 2011/2912/2833 2021/2763/2689
f 2011/2912/2833 2001/2905/2826 2010/2906/2827
f 2011/2912/2833 2010/2906/2827 2020/2913/2834
f 2020/2913/2834 2010/2906/2827 2019/2907/2828
f 2020/2913/2834 2019/2907/2828 2029/2914/2835
f 2029/2914/2835 2019/2907/2828 2028/2908/2829
f 2029/2914/2835 2028/2908/2829 2038/2915/2836
f 2038/2915/2836 2028/2908/2829 2037/2909/2830
f 2038/2915/2836 2037/2909/2830 2047/2916/2837
f 2047/2916/2837 2037/2909/2830 2046/2910/2831
f 2047/2916/2837 2046/2910/2831 2056/2917/2838
f 2056/2917/2838 2046/2910/2831 2055/2911/2832
f 2056/2917/2838 2055/2911/2832 2065/2775/2701
f 2065/2775/2701 2055/2911/2832 2064/2777/2703
f 2030/2765/2691 2021/2763/2689 2020/2913/2834
f 2020/2913/2834 2021/2763/2689 2011/2912/2833
f 2030/2765/2691 2020/2913/2834 2029/2914/2835
f 2039/2767/2693 2030/2765/2691 2029/2914/2835
f 2039/2767/2693 2029/2914/2835 2038/2915/2836
f 2048/2769/2695 2039/2767/2693 2038/2915/2836
f 2048/2769/2695 2038/2915/2836 2047/2916/2837
f 2057/2771/2697 2048/2769/2695 2047/2916/2837
f 2057/2771/2697 2047/2916/2837 2056/2917/2838
f 2066/2773/2699 2057/2771/2697 2056/2917/2838
f 2066/2773/2699 2056/2917/2838 2065/2775/2701
f 2084/2918/2839 1918/2919/2774 2095/2920/2840
f 2095/2920/2840 1918/2919/2774 1917/2921/2841
f 2095/2920/2840 1917/2921/2841 2094/2922/2842
f 2094/2922/2842 1917/2921/2841 1916/2923/2843
f 2094/2922/2842 1916/2923/2843 2093/2924/2844
f 2093/2924/2844 1916/2923/2843 2092/2925/2845
f 2093/2924/2844 2092/2925/2845 2102/2926/2846
f 2102/2926/2846 2092/2925/2845 2101/2927/2847
f 2102/2926/2846 2101/2927/2847 2111/2928/2848
f 2111/2928/2848 2101/2927/2847 2110/2929/2849
f 2111/2928/2848 2110/2929/2849 2120/2930/2850
f 2120/2930/2850 2110/2929/2849 2119/2931/2851
f 2120/2930/2850 2119/2931/2851 2134/2932/2852
f 2134/2932/2852 2119/2931/2851 2135/2933/2853
f 2134/2932/2852 2135/2933/2853 2129/2934/2854
f 2129/2934/2854 2135/2933/2853 2128/2935/2855
f 2129/2934/2854 2128/2935/2855 2146/2936/2856
f 2146/2936/2856 2128/2935/2855 2145/2937/2857
f 2146/2936/2856 2145/2937/2857 2160/2938/2858
f 2160/2938/2858 2145/2937/2857 2161/2939/2859
f 2160/2938/2858 2161/2939/2859 2155/2940/2860
f 2155/2940/2860 2161/2939/2859 2154/2941/2861
f 2155/2940/2860 2154/2941/2861 2177/2942/2862
f 2177/2942/2862 2154/2941/2861 2178/2943/2863
f 2177/2942/2862 2178/2943/2863 2172/2944/2864
f 2172/2944/2864 2178/2943/2863 2171/2945/2865
f 2172/2944/2864 2171/2945/2865 2072/2946/2866
f 2072/2946/2866 2171/2945/2865 2071/2947/2867
f 2071/2947/2867 2171/2945/2865 2170/2948/2868
f 2071/2947/2867 2170/2948/2868 2169/2949/2869
f 2169/2949/2869 2170/2948/2868 2180/2950/2870
f 2169/2949/2869 2180/2950/2870 2181/2951/2871
f 2181/2951/2871 2180/2950/2870 2151/2952/2872
f 2181/2951/2871 2151/2952/2872 2150/2953/2873
f 2150/2953/2873 2151/2952/2872 2165/2954/2874
f 2150/2953/2873 2165/2954/2874 2166/2955/2875
f 2166/2955/2875 2165/2954/2874 2086/2956/2876
f 2166/2955/2875 2086/2956/2876 1758/2957/2464
f 1758/2957/2464 2086/2956/2876 1759/2958/2465
f 1759/2958/2465 2086/2956/2876 2123/2959/2877
f 1759/2958/2465 2123/2959/2877 1760/2960/2467
f 1760/2960/2467 2123/2959/2877 2140/2961/2878
f 1760/2960/2467 2140/2961/2878 2114/2962/2879
f 2114/2962/2879 2140/2961/2878 2139/2963/2880
f 2114/2962/2879 2139/2963/2880 2115/2964/2881
f 2115/2964/2881 2139/2963/2880 2138/2965/2882
f 2115/2964/2881 2138/2965/2882 2116/2966/2883
f 2116/2966/2883 2138/2965/2882 2137/2967/2884
f 2116/2966/2883 2137/2967/2884 2117/2968/2885
f 2117/2968/2885 2137/2967/2884 2136/2969/2886
f 2117/2968/2885 2136/2969/2886 2118/2970/2887
f 2118/2970/2887 2136/2969/2886 2135/2933/2853
f 2118/2970/2887 2135/2933/2853 2119/2931/2851
f 1916/2923/2843 1915/2971/2702 2092/2925/2845
f 2092/2925/2845 1915/2971/2702 2091/2972/2888
f 2092/2925/2845 2091/2972/2888 2101/2927/2847
f 2101/2927/2847 2091/2972/2888 2100/2973/2889
f 2101/2927/2847 2100/2973/2889 2110/2929/2849
f 2110/2929/2849 2100/2973/2889 2109/2974/2890
f 2110/2929/2849 2109/2974/2890 2119/2931/2851
f 2119/2931/2851 2109/2974/2890 2118/2970/2887
f 2091/2972/2888 1915/2971/2702 2090/2975/2891
f 2090/2975/2891 1915/2971/2702 1914/2976/2892
f 2090/2975/2891 1914/2976/2892 2089/2977/2893
f 2089/2977/2893 1914/2976/2892 1913/2978/2894
f 2089/2977/2893 1913/2978/2894 2088/2979/2895
f 2088/2979/2895 1913/2978/2894 2087/2980/2896
f 2088/2979/2895 2087/2980/2896 2097/2981/2897
f 2097/2981/2897 2087/2980/2896 2096/2982/2898
f 2097/2981/2897 2096/2982/2898 2106/2983/2899
f 2106/2983/2899 2096/2982/2898 2105/2984/2900
f 2106/2983/2899 2105/2984/2900 2115/2964/2881
f 2115/2964/2881 2105/2984/2900 2114/2962/2879
f 1913/2978/2894 1764/2985/2477 2087/2980/2896
f 2087/2980/2896 1764/2985/2477 1763/2986/2475
f 2087/2980/2896 1763/2986/2475 2096/2982/2898
f 2096/2982/2898 1763/2986/2475 1762/2987/2472
f 2096/2982/2898 1762/2987/2472 2105/2984/2900
f 2105/2984/2900 1762/2987/2472 1761/2988/2470
f 2105/2984/2900 1761/2988/2470 2114/2962/2879
f 2114/2962/2879 1761/2988/2470 1760/2960/2467
f 1757/2989/2462 2085/2990/2901 1758/2957/2464
f 1758/2957/2464 2085/2990/2901 2149/2991/2902
f 1758/2957/2464 2149/2991/2902 2166/2955/2875
f 2166/2955/2875 2149/2991/2902 2150/2953/2873
f 2085/2990/2901 1757/2989/2462 2183/2992/2903
f 2183/2992/2903 1757/2989/2462 1756/2993/2461
f 2183/2992/2903 1756/2993/2461 1755/2994/2463
f 1755/2994/2463 2069/2995/2904 2183/2992/2903
f 2183/2992/2903 2069/2995/2904 2085/2990/2901
f 2070/2996/2905 2168/2997/2906 2069/2995/2904
f 2069/2995/2904 2168/2997/2906 2167/2998/2907
f 2069/2995/2904 2167/2998/2907 2182/2999/2908
f 2182/2999/2908 2167/2998/2907 2168/2997/2906
f 2182/2999/2908 2168/2997/2906 2181/2951/2871
f 2181/2951/2871 2168/2997/2906 2169/2949/2869
f 2168/2997/2906 2070/2996/2905 2169/2949/2869
f 2169/2949/2869 2070/2996/2905 2071/2947/2867
f 2172/2944/2864 2072/2946/2866 2173/3000/2909
f 2173/3000/2909 2072/2946/2866 2073/3001/2910
f 2173/3000/2909 2073/3001/2910 2174/3002/2911
f 2174/3002/2911 2073/3001/2910 1906/3003/2655
f 2174/3002/2911 1906/3003/2655 2074/3004/2912
f 2074/3004/2912 2075/3005/2913 2174/3002/2911
f 2174/3002/2911 2075/3005/2913 2175/3006/2914
f 2174/3002/2911 2175/3006/2914 2176/3007/2915
f 2176/3007/2915 2175/3006/2914 2156/3008/2916
f 2176/3007/2915 2156/3008/2916 2155/2940/2860
f 2155/2940/2860 2156/3008/2916 2160/2938/2858
f 2075/3005/2913 2076/3009/2917 2175/3006/2914
f 2175/3006/2914 2076/3009/2917 2157/3010/2918
f 2175/3006/2914 2157/3010/2918 2156/3008/2916
f 2156/3008/2916 2157/3010/2918 2159/3011/2919
f 2156/3008/2916 2159/3011/2919 2160/2938/2858
f 2160/2938/2858 2159/3011/2919 2146/2936/2856
f 2076/3009/2917 2077/3012/2920 2157/3010/2918
f 2157/3010/2918 2077/3012/2920 2158/3013/2921
f 2157/3010/2918 2158/3013/2921 2159/3011/2919
f 2159/3011/2919 2158/3013/2921 2147/3014/2922
f 2159/3011/2919 2147/3014/2922 2146/2936/2856
f 2146/2936/2856 2147/3014/2922 2129/2934/2854
f 2077/3012/2920 2078/3015/2923 2158/3013/2921
f 2158/3013/2921 2078/3015/2923 2148/3016/2924
f 2158/3013/2921 2148/3016/2924 2147/3014/2922
f 2147/3014/2922 2148/3016/2924 2130/3017/2925
f 2147/3014/2922 2130/3017/2925 2129/2934/2854
f 2129/2934/2854 2130/3017/2925 2134/2932/2852
f 2078/3015/2923 2079/3018/2926 2148/3016/2924
f 2148/3016/2924 2079/3018/2926 2131/3019/2927
f 2148/3016/2924 2131/3019/2927 2130/3017/2925
f 2130/3017/2925 2131/3019/2927 2133/3020/2928
f 2130/3017/2925 2133/3020/2928 2134/2932/2852
f 2134/2932/2852 2133/3020/2928 2120/2930/2850
f 2079/3018/2926 2080/3021/2929 2131/3019/2927
f 2131/3019/2927 2080/3021/2929 2132/3022/2930
f 2131/3019/2927 2132/3022/2930 2133/3020/2928
f 2133/3020/2928 2132/3022/2930 2121/3023/2931
f 2133/3020/2928 2121/3023/2931 2120/2930/2850
f 2120/2930/2850 2121/3023/2931 2111/2928/2848
f 2080/3021/2929 2081/3024/2932 2132/3022/2930
f 2132/3022/2930 2081/3024/2932 2122/3025/2933
f 2132/3022/2930 2122/3025/2933 2121/3023/2931
f 2121/3023/2931 2122/3025/2933 2112/3026/2934
f 2121/3023/2931 2112/3026/2934 2111/2928/2848
f 2111/2928/2848 2112/3026/2934 2102/2926/2846
f 2081/3024/2932 2082/3027/2935 2122/3025/2933
f 2122/3025/2933 2082/3027/2935 2113/3028/2936
f 2122/3025/2933 2113/3028/2936 2112/3026/2934
f 2112/3026/2934 2113/3028/2936 2103/3029/2937
f 2112/3026/2934 2103/3029/2937 2102/2926/2846
f 2102/2926/2846 2103/3029/2937 2093/2924/2844
f 2082/3027/2935 2083/3030/2938 2113/3028/2936
f 2113/3028/2936 2083/3030/2938 2104/3031/2939
f 2113/3028/2936 2104/3031/2939 2103/3029/2937
f 2103/3029/2937 2104/3031/2939 2094/2922/2842
f 2103/3029/2937 2094/2922/2842 2093/2924/2844
f 2083/3030/2938 2084/2918/2839 2104/3031/2939
f 2104/3031/2939 2084/2918/2839 2095/2920/2840
f 2104/3031/2939 2095/2920/2840 2094/2922/2842
f 2089/2977/2893 2088/2979/2895 2098/3032/2940
f 2098/3032/2940 2088/2979/2895 2097/2981/2897
f 2098/3032/2940 2097/2981/2897 2107/3033/2941
f 2107/3033/2941 2097/2981/2897 2106/2983/2899
f 2107/3033/2941 2106/2983/2899 2116/2966/2883
f 2116/2966/2883 2106/2983/2899 2115/2964/2881
f 2100/2973/2889 2091/2972/2888 2090/2975/2891
f 2090/2975/2891 2089/2977/2893 2099/3034/2942
f 2099/3034/2942 2089/2977/2893 2098/3032/2940
f 2099/3034/2942 2098/3032/2940 2108/3035/2943
f 2108/3035/2943 2098/3032/2940 2107/3033/2941
f 2108/3035/2943 2107/3033/2941 2117/2968/2885
f 2117/2968/2885 2107/3033/2941 2116/2966/2883
f 2109/2974/2890 2100/2973/2889 2099/3034/2942
f 2099/3034/2942 2100/2973/2889 2090/2975/2891
f 2109/2974/2890 2099/3034/2942 2108/3035/2943
f 2118/2970/2887 2109/2974/2890 2108/3035/2943
f 2118/2970/2887 2108/3035/2943 2117/2968/2885
f 2139/2963/2880 2140/2961/2878 2124/3036/2944
f 2124/3036/2944 2140/2961/2878 2123/2959/2877
f 2124/3036/2944 2123/2959/2877 2141/3037/2945
f 2141/3037/2945 2123/2959/2877 2086/2956/2876
f 2141/3037/2945 2086/2956/2876 2165/2954/2874
f 2138/2965/2882 2139/2963/2880 2125/3038/2946
f 2125/3038/2946 2139/2963/2880 2124/3036/2944
f 2125/3038/2946 2124/3036/2944 2142/3039/2947
f 2142/3039/2947 2124/3036/2944 2141/3037/2945
f 2142/3039/2947 2141/3037/2945 2164/3040/2948
f 2164/3040/2948 2141/3037/2945 2165/2954/2874
f 2164/3040/2948 2165/2954/2874 2151/2952/2872
f 2137/2967/2884 2138/2965/2882 2126/3041/2949
f 2126/3041/2949 2138/2965/2882 2125/3038/2946
f 2126/3041/2949 2125/3038/2946 2143/3042/2950
f 2143/3042/2950 2125/3038/2946 2142/3039/2947
f 2143/3042/2950 2142/3039/2947 2163/3043/2951
f 2163/3043/2951 2142/3039/2947 2164/3040/2948
f 2163/3043/2951 2164/3040/2948 2152/3044/2952
f 2152/3044/2952 2164/3040/2948 2151/2952/2872
f 2152/3044/2952 2151/2952/2872 2180/2950/2870
f 2136/2969/2886 2137/2967/2884 2127/3045/2953
f 2127/3045/2953 2137/2967/2884 2126/3041/2949
f 2127/3045/2953 2126/3041/2949 2144/3046/2954
f 2144/3046/2954 2126/3041/2949 2143/3042/2950
f 2144/3046/2954 2143/3042/2950 2162/3047/2955
f 2162/3047/2955 2143/3042/2950 2163/3043/2951
f 2162/3047/2955 2163/3043/2951 2153/3048/2956
f 2153/3048/2956 2163/3043/2951 2152/3044/2952
f 2153/3048/2956 2152/3044/2952 2179/3049/2957
f 2179/3049/2957 2152/3044/2952 2180/2950/2870
f 2179/3049/2957 2180/2950/2870 2170/2948/2868
f 2135/2933/2853 2136/2969/2886 2128/2935/2855
f 2128/2935/2855 2136/2969/2886 2127/3045/2953
f 2128/2935/2855 2127/3045/2953 2145/2937/2857
f 2145/2937/2857 2127/3045/2953 2144/3046/2954
f 2145/2937/2857 2144/3046/2954 2161/2939/2859
f 2161/2939/2859 2144/3046/2954 2162/3047/2955
f 2161/2939/2859 2162/3047/2955 2154/2941/2861
f 2154/2941/2861 2162/3047/2955 2153/3048/2956
f 2154/2941/2861 2153/3048/2956 2178/2943/2863
f 2178/2943/2863 2153/3048/2956 2179/3049/2957
f 2178/2943/2863 2179/3049/2957 2171/2945/2865
f 2171/2945/2865 2179/3049/2957 2170/2948/2868
f 2150/2953/2873 2149/2991/2902 2182/2999/2908
f 2182/2999/2908 2149/2991/2902 2085/2990/2901
f 2182/2999/2908 2085/2990/2901 2069/2995/2904
f 2182/2999/2908 2181/2951/2871 2150/2953/2873
f 2176/3007/2915 2155/2940/2860 2177/2942/2862
f 2176/3007/2915 2177/2942/2862 2173/3000/2909
f 2173/3000/2909 2177/2942/2862 2172/2944/2864
f 2173/3000/2909 2174/3002/2911 2176/3007/2915
f 1907/3050/2656 1906/3051/2655 2188/3052/2958
f 2188/3052/2958 1906/3051/2655 2073/3053/2959
f 2188/3052/2958 2073/3053/2959 2187/3054/2960
f 2187/3054/2960 2073/3053/2959 2072/3055/2961
f 2187/3054/2960 2072/3055/2961 2186/3056/2962
f 2186/3056/2962 2072/3055/2961 2071/3057/2867
f 2186/3056/2962 2071/3057/2867 2185/3058/2963
f 2185/3058/2963 2071/3057/2867 2070/3059/2964
f 2185/3058/2963 2070/3059/2964 2184/3060/2965
f 2184/3060/2965 2070/3059/2964 2069/3061/2966
f 2184/3060/2965 2069/3061/2966 1779/3062/2482
f 1779/3062/2482 2069/3061/2966 1755/3063/2463
f 1907/3064/2656 2188/3065/2967 2205/3066/2968
f 2205/3066/2968 2188/3065/2967 2218/3067/2969
f 2205/3066/2968 2218/3067/2969 2204/3068/2970
f 2204/3068/2970 2218/3067/2969 2227/3069/2971
f 2204/3068/2970 2227/3069/2971 2203/3070/2972
f 2203/3070/2972 2227/3069/2971 2236/3071/2973
f 2203/3070/2972 2236/3071/2973 2202/3072/2974
f 2202/3072/2974 2236/3071/2973 2208/3073/2975
f 2202/3072/2974 2208/3073/2975 2201/3074/2976
f 2201/3074/2976 2208/3073/2975 2253/3075/2977
f 2201/3074/2976 2253/3075/2977 2200/3076/2978
f 2200/3076/2978 2253/3075/2977 2252/3077/2979
f 2200/3076/2978 2252/3077/2979 2199/3078/2980
f 2199/3078/2980 2252/3077/2979 2270/3079/2981
f 2199/3078/2980 2270/3079/2981 2198/3080/2982
f 2198/3080/2982 2270/3079/2981 2269/3081/2983
f 2198/3080/2982 2269/3081/2983 2197/3082/2984
f 2197/3082/2984 2269/3081/2983 2286/3083/2985
f 2197/3082/2984 2286/3083/2985 2196/3084/2986
f 2196/3084/2986 2286/3083/2985 2295/3085/2987
f 2196/3084/2986 2295/3085/2987 2195/3086/2988
f 2195/3086/2988 2295/3085/2987 2304/3087/2989
f 2195/3086/2988 2304/3087/2989 2194/3088/2990
f 2194/3088/2990 2304/3087/2989 2193/3089/2991
f 2193/3089/2991 2304/3087/2989 2303/3090/2992
f 2193/3089/2991 2303/3090/2992 2192/3091/2993
f 2192/3091/2993 2303/3090/2992 2302/3092/2994
f 2192/3091/2993 2302/3092/2994 2301/3093/2995
f 2301/3093/2995 2302/3092/2994 2292/3094/2996
f 2301/3093/2995 2292/3094/2996 2291/3095/2997
f 2291/3095/2997 2292/3094/2996 2282/3096/2998
f 2291/3095/2997 2282/3096/2998 2281/3097/2999
f 2281/3097/2999 2282/3096/2998 2264/3098/3000
f 2281/3097/2999 2264/3098/3000 2263/3099/3001
f 2263/3099/3001 2264/3098/3000 2276/3100/3002
f 2263/3099/3001 2276/3100/3002 2277/3101/3003
f 2277/3101/3003 2276/3100/3002 2245/3102/3004
f 2277/3101/3003 2245/3102/3004 2244/3103/3005
f 2244/3103/3005 2245/3102/3004 2207/3104/3006
f 2244/3103/3005 2207/3104/3006 1775/3105/2466
f 1775/3105/2466 2207/3104/3006 1776/3106/2483
f 1776/3106/2483 2207/3104/3006 2228/3107/3007
f 1776/3106/2483 2228/3107/3007 2209/3108/3008
f 2209/3108/3008 2228/3107/3007 2229/3109/3009
f 2209/3108/3008 2229/3109/3009 2243/3110/3010
f 2243/3110/3010 2229/3109/3009 2230/3111/3011
f 2243/3110/3010 2230/3111/3011 2242/3112/3012
f 2242/3112/3012 2230/3111/3011 2231/3113/3013
f 2242/3112/3012 2231/3113/3013 2241/3114/3014
f 2241/3114/3014 2231/3113/3013 2232/3115/3015
f 2241/3114/3014 2232/3115/3015 2240/3116/3016
f 2240/3116/3016 2232/3115/3015 2233/3117/3017
f 2240/3116/3016 2233/3117/3017 2239/3118/3018
f 2239/3118/3018 2233/3117/3017 2234/3119/3019
f 2239/3118/3018 2234/3119/3019 2238/3120/3020
f 2238/3120/3020 2234/3119/3019 2235/3121/3021
f 2238/3120/3020 2235/3121/3021 2237/3122/3022
f 2237/3122/3022 2235/3121/3021 2208/3073/2975
f 2237/3122/3022 2208/3073/2975 2236/3071/2973
f 2218/3067/2969 2188/3065/2967 2217/3123/3023
f 2217/3123/3023 2188/3065/2967 2187/3124/3024
f 2217/3123/3023 2187/3124/3024 2216/3125/3025
f 2216/3125/3025 2187/3124/3024 2215/3126/3026
f 2216/3125/3025 2215/3126/3026 2225/3127/3027
f 2225/3127/3027 2215/3126/3026 2224/3128/3028
f 2225/3127/3027 2224/3128/3028 2238/3120/3020
f 2238/3120/3020 2224/3128/3028 2239/3118/3018
f 2187/3124/3024 2186/3129/2962 2215/3126/3026
f 2215/3126/3026 2186/3129/2962 2214/3130/3029
f 2215/3126/3026 2214/3130/3029 2224/3128/3028
f 2224/3128/3028 2214/3130/3029 2223/3131/3030
f 2224/3128/3028 2223/3131/3030 2239/3118/3018
f 2239/3118/3018 2223/3131/3030 2240/3116/3016
f 2214/3130/3029 2186/3129/2962 2213/3132/3031
f 2213/3132/3031 2186/3129/2962 2185/3133/3032
f 2213/3132/3031 2185/3133/3032 2212/3134/3033
f 2212/3134/3033 2185/3133/3032 2184/3135/3034
f 2212/3134/3033 2184/3135/3034 2210/3136/3035
f 2210/3136/3035 2184/3135/3034 2211/3137/3036
f 2210/3136/3035 2211/3137/3036 2221/3138/3037
f 2221/3138/3037 2211/3137/3036 2242/3112/3012
f 2221/3138/3037 2242/3112/3012 2241/3114/3014
f 1779/3139/2482 2219/3140/3038 2184/3135/3034
f 2184/3135/3034 2219/3140/3038 2220/3141/3039
f 2184/3135/3034 2220/3141/3039 2211/3137/3036
f 2211/3137/3036 2220/3141/3039 2243/3110/3010
f 2211/3137/3036 2243/3110/3010 2242/3112/3012
f 1779/3139/2482 1778/3142/2485 2219/3140/3038
f 2219/3140/3038 1778/3142/2485 1777/3143/2484
f 2219/3140/3038 1777/3143/2484 2220/3141/3039
f 2220/3141/3039 1777/3143/2484 2209/3108/3008
f 2220/3141/3039 2209/3108/3008 2243/3110/3010
f 1777/3143/2484 1776/3106/2483 2209/3108/3008
f 2244/3103/3005 1775/3105/2466 2206/3144/3040
f 2206/3144/3040 1775/3105/2466 1774/3145/2468
f 2206/3144/3040 1774/3145/2468 2261/3146/3041
f 2261/3146/3041 1774/3145/2468 1773/3147/2469
f 2261/3146/3041 1773/3147/2469 2278/3148/3042
f 2278/3148/3042 1773/3147/2469 1772/3149/2471
f 2278/3148/3042 1772/3149/2471 2287/3150/3043
f 2287/3150/3043 1772/3149/2471 1771/3151/2479
f 2287/3150/3043 1771/3151/2479 2296/3152/3044
f 2296/3152/3044 1771/3151/2479 1770/3153/2481
f 2296/3152/3044 1770/3153/2481 2189/3154/3045
f 2190/3155/3046 2298/3156/3047 2189/3154/3045
f 2189/3154/3045 2298/3156/3047 2297/3157/3048
f 2189/3154/3045 2297/3157/3048 2296/3152/3044
f 2296/3152/3044 2297/3157/3048 2287/3150/3043
f 2298/3156/3047 2190/3155/3046 2299/3158/3049
f 2299/3158/3049 2190/3155/3046 2191/3159/3050
f 2299/3158/3049 2191/3159/3050 2300/3160/3051
f 2300/3160/3051 2191/3159/3050 2301/3093/2995
f 2300/3160/3051 2301/3093/2995 2291/3095/2997
f 2191/3159/3050 2192/3091/2993 2301/3093/2995
f 2210/3136/3035 2221/3138/3037 2212/3134/3033
f 2212/3134/3033 2221/3138/3037 2222/3161/3052
f 2212/3134/3033 2222/3161/3052 2213/3132/3031
f 2213/3132/3031 2222/3161/3052 2223/3131/3030
f 2213/3132/3031 2223/3131/3030 2214/3130/3029
f 2227/3069/2971 2218/3067/2969 2217/3123/3023
f 2217/3123/3023 2216/3125/3025 2226/3162/3053
f 2226/3162/3053 2216/3125/3025 2225/3127/3027
f 2226/3162/3053 2225/3127/3027 2237/3122/3022
f 2237/3122/3022 2225/3127/3027 2238/3120/3020
f 2240/3116/3016 2223/3131/3030 2222/3161/3052
f 2240/3116/3016 2222/3161/3052 2241/3114/3014
f 2241/3114/3014 2222/3161/3052 2221/3138/3037
f 2236/3071/2973 2227/3069/2971 2226/3162/3053
f 2226/3162/3053 2227/3069/2971 2217/3123/3023
f 2236/3071/2973 2226/3162/3053 2237/3122/3022
f 2229/3109/3009 2228/3107/3007 2260/3163/3054
f 2260/3163/3054 2228/3107/3007 2207/3104/3006
f 2260/3163/3054 2207/3104/3006 2245/3102/3004
f 2230/3111/3011 2229/3109/3009 2259/3164/3055
f 2259/3164/3055 2229/3109/3009 2260/3163/3054
f 2259/3164/3055 2260/3163/3054 2246/3165/3056
f 2246/3165/3056 2260/3163/3054 2245/3102/3004
f 2246/3165/3056 2245/3102/3004 2276/3100/3002
f 2231/3113/3013 2230/3111/3011 2258/3166/3057
f 2258/3166/3057 2230/3111/3011 2259/3164/3055
f 2258/3166/3057 2259/3164/3055 2247/3167/3058
f 2247/3167/3058 2259/3164/3055 2246/3165/3056
f 2247/3167/3058 2246/3165/3056 2275/3168/3059
f 2275/3168/3059 2246/3165/3056 2276/3100/3002
f 2275/3168/3059 2276/3100/3002 2264/3098/3000
f 2232/3115/3015 2231/3113/3013 2257/3169/3060
f 2257/3169/3060 2231/3113/3013 2258/3166/3057
f 2257/3169/3060 2258/3166/3057 2248/3170/3061
f 2248/3170/3061 2258/3166/3057 2247/3167/3058
f 2248/3170/3061 2247/3167/3058 2274/3171/3062
f 2274/3171/3062 2247/3167/3058 2275/3168/3059
f 2274/3171/3062 2275/3168/3059 2265/3172/3063
f 2265/3172/3063 2275/3168/3059 2264/3098/3000
f 2265/3172/3063 2264/3098/3000 2282/3096/2998
f 2233/3117/3017 2232/3115/3015 2256/3173/3064
f 2256/3173/3064 2232/3115/3015 2257/3169/3060
f 2256/3173/3064 2257/3169/3060 2249/3174/3065
f 2249/3174/3065 2257/3169/3060 2248/3170/3061
f 2249/3174/3065 2248/3170/3061 2273/3175/3066
f 2273/3175/3066 2248/3170/3061 2274/3171/3062
f 2273/3175/3066 2274/3171/3062 2266/3176/3067
f 2266/3176/3067 2274/3171/3062 2265/3172/3063
f 2266/3176/3067 2265/3172/3063 2283/3177/3068
f 2283/3177/3068 2265/3172/3063 2282/3096/2998
f 2283/3177/3068 2282/3096/2998 2292/3094/2996
f 2234/3119/3019 2233/3117/3017 2255/3178/3069
f 2255/3178/3069 2233/3117/3017 2256/3173/3064
f 2255/3178/3069 2256/3173/3064 2250/3179/3070
f 2250/3179/3070 2256/3173/3064 2249/3174/3065
f 2250/3179/3070 2249/3174/3065 2272/3180/3071
f 2272/3180/3071 2249/3174/3065 2273/3175/3066
f 2272/3180/3071 2273/3175/3066 2267/3181/3072
f 2267/3181/3072 2273/3175/3066 2266/3176/3067
f 2267/3181/3072 2266/3176/3067 2284/3182/3073
f 2284/3182/3073 2266/3176/3067 2283/3177/3068
f 2284/3182/3073 2283/3177/3068 2293/3183/3074
f 2293/3183/3074 2283/3177/3068 2292/3094/2996
f 2293/3183/3074 2292/3094/2996 2302/3092/2994
f 2253/3075/2977 2208/3073/2975 2235/3121/3021
f 2235/3121/3021 2234/3119/3019 2254/3184/3075
f 2254/3184/3075 2234/3119/3019 2255/3178/3069
f 2254/3184/3075 2255/3178/3069 2251/3185/3076
f 2251/3185/3076 2255/3178/3069 2250/3179/3070
f 2251/3185/3076 2250/3179/3070 2271/3186/3077
f 2271/3186/3077 2250/3179/3070 2272/3180/3071
f 2271/3186/3077 2272/3180/3071 2268/3187/3078
f 2268/3187/3078 2272/3180/3071 2267/3181/3072
f 2268/3187/3078 2267/3181/3072 2285/3188/3079
f 2285/3188/3079 2267/3181/3072 2284/3182/3073
f 2285/3188/3079 2284/3182/3073 2294/3189/3080
f 2294/3189/3080 2284/3182/3073 2293/3183/3074
f 2294/3189/3080 2293/3183/3074 2303/3090/2992
f 2303/3090/2992 2293/3183/3074 2302/3092/2994
f 2251/3185/3076 2252/3077/2979 2254/3184/3075
f 2254/3184/3075 2252/3077/2979 2253/3075/2977
f 2254/3184/3075 2253/3075/2977 2235/3121/3021
f 2252/3077/2979 2251/3185/3076 2270/3079/2981
f 2270/3079/2981 2251/3185/3076 2271/3186/3077
f 2270/3079/2981 2271/3186/3077 2269/3081/2983
f 2269/3081/2983 2271/3186/3077 2268/3187/3078
f 2269/3081/2983 2268/3187/3078 2286/3083/2985
f 2286/3083/2985 2268/3187/3078 2285/3188/3079
f 2286/3083/2985 2285/3188/3079 2295/3085/2987
f 2295/3085/2987 2285/3188/3079 2294/3189/3080
f 2295/3085/2987 2294/3189/3080 2304/3087/2989
f 2304/3087/2989 2294/3189/3080 2303/3090/2992
f 2261/3146/3041 2262/3190/3081 2206/3144/3040
f 2206/3144/3040 2262/3190/3081 2277/3101/3003
f 2206/3144/3040 2277/3101/3003 2244/3103/3005
f 2277/3101/3003 2262/3190/3081 2263/3099/3001
f 2263/3099/3001 2262/3190/3081 2280/3191/3082
f 2263/3099/3001 2280/3191/3082 2281/3097/2999
f 2281/3097/2999 2280/3191/3082 2290/3192/3083
f 2281/3097/2999 2290/3192/3083 2291/3095/2997
f 2291/3095/2997 2290/3192/3083 2300/3160/3051
f 2262/3190/3081 2261/3146/3041 2279/3193/3084
f 2279/3193/3084 2261/3146/3041 2278/3148/3042
f 2279/3193/3084 2278/3148/3042 2288/3194/3085
f 2288/3194/3085 2278/3148/3042 2287/3150/3043
f 2288/3194/3085 2287/3150/3043 2297/3157/3048
f 2262/3190/3081 2279/3193/3084 2280/3191/3082
f 2280/3191/3082 2279/3193/3084 2289/3195/3086
f 2280/3191/3082 2289/3195/3086 2290/3192/3083
f 2290/3192/3083 2289/3195/3086 2299/3158/3049
f 2290/3192/3083 2299/3158/3049 2300/3160/3051
f 2289/3195/3086 2279/3193/3084 2288/3194/3085
f 2297/3157/3048 2298/3156/3047 2288/3194/3085
f 2288/3194/3085 2298/3156/3047 2289/3195/3086
f 2298/3156/3047 2299/3158/3049 2289/3195/3086
f 2194/3196/2990 2193/3197/3087 2324/3198/3088
f 2324/3198/3088 2193/3197/3087 2333/3199/3089
f 2324/3198/3088 2333/3199/3089 2323/3200/3090
f 2323/3200/3090 2333/3199/3089 2342/3201/3091
f 2323/3200/3090 2342/3201/3091 2322/3202/3092
f 2322/3202/3092 2342/3201/3091 2321/3203/3093
f 2321/3203/3093 2342/3201/3091 2351/3204/3094
f 2321/3203/3093 2351/3204/3094 2320/3205/3095
f 2320/3205/3095 2351/3204/3094 2360/3206/3096
f 2320/3205/3095 2360/3206/3096 2319/3207/3097
f 2319/3207/3097 2360/3206/3096 2369/3208/3098
f 2319/3207/3097 2369/3208/3098 2318/3209/3099
f 2318/3209/3099 2369/3208/3098 2378/3210/3100
f 2318/3209/3099 2378/3210/3100 2317/3211/3101
f 2317/3211/3101 2378/3210/3100 2387/3212/3102
f 2317/3211/3101 2387/3212/3102 2316/3213/3103
f 2316/3213/3103 2387/3212/3102 2396/3214/3104
f 2316/3213/3103 2396/3214/3104 2315/3215/3105
f 2315/3215/3105 2396/3214/3104 2405/3216/3106
f 2315/3215/3105 2405/3216/3106 2314/3217/3107
f 2314/3217/3107 2405/3216/3106 2313/3218/3108
f 2313/3218/3108 2405/3216/3106 2414/3219/3109
f 2313/3218/3108 2414/3219/3109 2312/3220/3110
f 2312/3220/3110 2414/3219/3109 2423/3221/3111
f 2312/3220/3110 2423/3221/3111 2311/3222/3112
f 2311/3222/3112 2423/3221/3111 2432/3223/3113
f 2311/3222/3112 2432/3223/3113 2310/3224/3114
f 2310/3224/3114 2432/3223/3113 2309/3225/3115
f 2309/3225/3115 2432/3223/3113 2308/3226/3116
f 2308/3226/3116 2432/3223/3113 2431/3227/3117
f 2308/3226/3116 2431/3227/3117 2430/3228/3118
f 2430/3228/3118 2431/3227/3117 2421/3229/3119
f 2430/3228/3118 2421/3229/3119 2420/3230/3120
f 2420/3230/3120 2421/3229/3119 2411/3231/3121
f 2420/3230/3120 2411/3231/3121 2410/3232/3122
f 2410/3232/3122 2411/3231/3121 2401/3233/3123
f 2410/3232/3122 2401/3233/3123 2400/3234/3124
f 2400/3234/3124 2401/3233/3123 2391/3235/3125
f 2400/3234/3124 2391/3235/3125 2390/3236/3126
f 2390/3236/3126 2391/3235/3125 2381/3237/3127
f 2390/3236/3126 2381/3237/3127 2380/3238/3128
f 2380/3238/3128 2381/3237/3127 2371/3239/3129
f 2380/3238/3128 2371/3239/3129 2370/3240/3130
f 2370/3240/3130 2371/3239/3129 2361/3241/3131
f 2370/3240/3130 2361/3241/3131 1788/3242/3132
f 1788/3242/3132 2361/3241/3131 1789/3243/3133
f 1789/3243/3133 2361/3241/3131 2352/3244/3134
f 1789/3243/3133 2352/3244/3134 1790/3245/3135
f 1790/3245/3135 2352/3244/3134 2343/3246/3136
f 1790/3245/3135 2343/3246/3136 1791/3247/3137
f 1791/3247/3137 2343/3246/3136 2334/3248/3138
f 1791/3247/3137 2334/3248/3138 1792/3249/3139
f 1792/3249/3139 2334/3248/3138 1793/3250/3140
f 1793/3250/3140 2334/3248/3138 2325/3251/3141
f 1793/3250/3140 2325/3251/3141 1794/3252/3142
f 1794/3252/3142 2325/3251/3141 1770/3253/2481
f 1770/3253/2481 2325/3251/3141 2189/3254/3143
f 2189/3254/3143 2325/3251/3141 2326/3255/3144
f 2189/3254/3143 2326/3255/3144 2327/3256/3145
f 2327/3256/3145 2326/3255/3144 2336/3257/3146
f 2327/3256/3145 2336/3257/3146 2337/3258/3147
f 2337/3258/3147 2336/3257/3146 2346/3259/3148
f 2337/3258/3147 2346/3259/3148 2347/3260/3149
f 2347/3260/3149 2346/3259/3148 2356/3261/3150
f 2347/3260/3149 2356/3261/3150 2357/3262/3151
f 2357/3262/3151 2356/3261/3150 2366/3263/3152
f 2357/3262/3151 2366/3263/3152 2367/3264/3153
f 2367/3264/3153 2366/3263/3152 2376/3265/3154
f 2367/3264/3153 2376/3265/3154 2377/3266/3155
f 2377/3266/3155 2376/3265/3154 2386/3267/3156
f 2377/3266/3155 2386/3267/3156 2387/3212/3102
f 2387/3212/3102 2386/3267/3156 2396/3214/3104
f 2333/3199/3089 2193/3197/3087 2332/3268/3157
f 2332/3268/3157 2193/3197/3087 2192/3269/3158
f 2332/3268/3157 2192/3269/3158 2331/3270/3159
f 2331/3270/3159 2192/3269/3158 2330/3271/3160
f 2331/3270/3159 2330/3271/3160 2340/3272/3161
f 2340/3272/3161 2330/3271/3160 2339/3273/3162
f 2340/3272/3161 2339/3273/3162 2349/3274/3163
f 2349/3274/3163 2339/3273/3162 2348/3275/3164
f 2349/3274/3163 2348/3275/3164 2358/3276/3165
f 2358/3276/3165 2348/3275/3164 2357/3262/3151
f 2358/3276/3165 2357/3262/3151 2367/3264/3153
f 2192/3269/3158 2191/3277/3050 2330/3271/3160
f 2330/3271/3160 2191/3277/3050 2329/3278/3166
f 2330/3271/3160 2329/3278/3166 2339/3273/3162
f 2339/3273/3162 2329/3278/3166 2338/3279/3167
f 2339/3273/3162 2338/3279/3167 2348/3275/3164
f 2348/3275/3164 2338/3279/3167 2347/3260/3149
f 2348/3275/3164 2347/3260/3149 2357/3262/3151
f 2329/3278/3166 2191/3277/3050 2328/3280/3168
f 2328/3280/3168 2191/3277/3050 2190/3281/3169
f 2328/3280/3168 2190/3281/3169 2327/3256/3145
f 2327/3256/3145 2190/3281/3169 2189/3254/3143
f 1788/3242/3132 1787/3282/3170 2370/3240/3130
f 2370/3240/3130 1787/3282/3170 2379/3283/3171
f 2370/3240/3130 2379/3283/3171 2380/3238/3128
f 2380/3238/3128 2379/3283/3171 2389/3284/3172
f 2380/3238/3128 2389/3284/3172 2390/3236/3126
f 2390/3236/3126 2389/3284/3172 2399/3285/3173
f 2390/3236/3126 2399/3285/3173 2400/3234/3124
f 2400/3234/3124 2399/3285/3173 2409/3286/3174
f 2400/3234/3124 2409/3286/3174 2410/3232/3122
f 2410/3232/3122 2409/3286/3174 2419/3287/3175
f 2410/3232/3122 2419/3287/3175 2420/3230/3120
f 2420/3230/3120 2419/3287/3175 2429/3288/3176
f 2420/3230/3120 2429/3288/3176 2430/3228/3118
f 2430/3228/3118 2429/3288/3176 2307/3289/3177
f 2430/3228/3118 2307/3289/3177 2308/3226/3116
f 1787/3282/3170 1786/3290/3178 2379/3283/3171
f 2379/3283/3171 1786/3290/3178 2388/3291/3179
f 2379/3283/3171 2388/3291/3179 2389/3284/3172
f 2389/3284/3172 2388/3291/3179 2398/3292/3180
f 2389/3284/3172 2398/3292/3180 2399/3285/3173
f 2399/3285/3173 2398/3292/3180 2408/3293/3181
f 2399/3285/3173 2408/3293/3181 2409/3286/3174
f 2409/3286/3174 2408/3293/3181 2418/3294/3182
f 2409/3286/3174 2418/3294/3182 2419/3287/3175
f 2419/3287/3175 2418/3294/3182 2428/3295/3183
f 2419/3287/3175 2428/3295/3183 2429/3288/3176
f 2429/3288/3176 2428/3295/3183 2307/3289/3177
f 1786/3290/3178 1785/3296/3184 2388/3291/3179
f 2388/3291/3179 1785/3296/3184 2397/3297/3185
f 2388/3291/3179 2397/3297/3185 2398/3292/3180
f 2398/3292/3180 2397/3297/3185 2407/3298/3186
f 2398/3292/3180 2407/3298/3186 2408/3293/3181
f 2408/3293/3181 2407/3298/3186 2417/3299/3187
f 2408/3293/3181 2417/3299/3187 2418/3294/3182
f 2418/3294/3182 2417/3299/3187 2427/3300/3188
f 2418/3294/3182 2427/3300/3188 2428/3295/3183
f 2428/3295/3183 2427/3300/3188 2306/3301/3189
f 2428/3295/3183 2306/3301/3189 2307/3289/3177
f 1785/3296/3184 1784/3302/3190 2397/3297/3185
f 2397/3297/3185 1784/3302/3190 1783/3303/3191
f 2397/3297/3185 1783/3303/3191 2406/3304/3192
f 2406/3304/3192 1783/3303/3191 1782/3305/3193
f 2406/3304/3192 1782/3305/3193 2415/3306/3194
f 2415/3306/3194 1782/3305/3193 1781/3307/3195
f 2415/3306/3194 1781/3307/3195 2424/3308/3196
f 2424/3308/3196 1781/3307/3195 1780/3309/3197
f 2424/3308/3196 1780/3309/3197 2305/3310/3198
f 2305/3310/3198 1780/3309/3197 821/3311/1363
f 2424/3308/3196 2305/3310/3198 2425/3312/3199
f 2425/3312/3199 2305/3310/3198 2306/3301/3189
f 2425/3312/3199 2306/3301/3189 2426/3313/3200
f 2426/3313/3200 2306/3301/3189 2427/3300/3188
f 2426/3313/3200 2427/3300/3188 2417/3299/3187
f 2326/3255/3144 2325/3251/3141 2335/3314/3201
f 2335/3314/3201 2325/3251/3141 2334/3248/3138
f 2335/3314/3201 2334/3248/3138 2344/3315/3202
f 2344/3315/3202 2334/3248/3138 2343/3246/3136
f 2344/3315/3202 2343/3246/3136 2353/3316/3203
f 2353/3316/3203 2343/3246/3136 2352/3244/3134
f 2353/3316/3203 2352/3244/3134 2362/3317/3204
f 2362/3317/3204 2352/3244/3134 2361/3241/3131
f 2362/3317/3204 2361/3241/3131 2371/3239/3129
f 2338/3279/3167 2329/3278/3166 2328/3280/3168
f 2338/3279/3167 2328/3280/3168 2337/3258/3147
f 2337/3258/3147 2328/3280/3168 2327/3256/3145
f 2342/3201/3091 2333/3199/3089 2332/3268/3157
f 2332/3268/3157 2331/3270/3159 2341/3318/3205
f 2341/3318/3205 2331/3270/3159 2340/3272/3161
f 2341/3318/3205 2340/3272/3161 2350/3319/3206
f 2350/3319/3206 2340/3272/3161 2349/3274/3163
f 2350/3319/3206 2349/3274/3163 2359/3320/3207
f 2359/3320/3207 2349/3274/3163 2358/3276/3165
f 2359/3320/3207 2358/3276/3165 2368/3321/3208
f 2368/3321/3208 2358/3276/3165 2367/3264/3153
f 2368/3321/3208 2367/3264/3153 2377/3266/3155
f 2326/3255/3144 2335/3314/3201 2336/3257/3146
f 2336/3257/3146 2335/3314/3201 2345/3322/3209
f 2336/3257/3146 2345/3322/3209 2346/3259/3148
f 2346/3259/3148 2345/3322/3209 2355/3323/3210
f 2346/3259/3148 2355/3323/3210 2356/3261/3150
f 2356/3261/3150 2355/3323/3210 2365/3324/3211
f 2356/3261/3150 2365/3324/3211 2366/3263/3152
f 2366/3263/3152 2365/3324/3211 2375/3325/3212
f 2366/3263/3152 2375/3325/3212 2376/3265/3154
f 2376/3265/3154 2375/3325/3212 2385/3326/3213
f 2376/3265/3154 2385/3326/3213 2386/3267/3156
f 2386/3267/3156 2385/3326/3213 2395/3327/3214
f 2386/3267/3156 2395/3327/3214 2396/3214/3104
f 2396/3214/3104 2395/3327/3214 2405/3216/3106
f 2345/3322/3209 2335/3314/3201 2344/3315/3202
f 2347/3260/3149 2338/3279/3167 2337/3258/3147
f 2351/3204/3094 2342/3201/3091 2341/3318/3205
f 2341/3318/3205 2342/3201/3091 2332/3268/3157
f 2351/3204/3094 2341/3318/3205 2350/3319/3206
f 2345/3322/3209 2344/3315/3202 2354/3328/3215
f 2354/3328/3215 2344/3315/3202 2353/3316/3203
f 2354/3328/3215 2353/3316/3203 2363/3329/3216
f 2363/3329/3216 2353/3316/3203 2362/3317/3204
f 2363/3329/3216 2362/3317/3204 2372/3330/3217
f 2372/3330/3217 2362/3317/3204 2371/3239/3129
f 2372/3330/3217 2371/3239/3129 2381/3237/3127
f 2360/3206/3096 2351/3204/3094 2350/3319/3206
f 2360/3206/3096 2350/3319/3206 2359/3320/3207
f 2345/3322/3209 2354/3328/3215 2355/3323/3210
f 2355/3323/3210 2354/3328/3215 2364/3331/3218
f 2355/3323/3210 2364/3331/3218 2365/3324/3211
f 2365/3324/3211 2364/3331/3218 2374/3332/3219
f 2365/3324/3211 2374/3332/3219 2375/3325/3212
f 2375/3325/3212 2374/3332/3219 2384/3333/3220
f 2375/3325/3212 2384/3333/3220 2385/3326/3213
f 2385/3326/3213 2384/3333/3220 2394/3334/3221
f 2385/3326/3213 2394/3334/3221 2395/3327/3214
f 2395/3327/3214 2394/3334/3221 2404/3335/3222
f 2395/3327/3214 2404/3335/3222 2405/3216/3106
f 2405/3216/3106 2404/3335/3222 2414/3219/3109
f 2364/3331/3218 2354/3328/3215 2363/3329/3216
f 2369/3208/3098 2360/3206/3096 2359/3320/3207
f 2369/3208/3098 2359/3320/3207 2368/3321/3208
f 2364/3331/3218 2363/3329/3216 2373/3336/3223
f 2373/3336/3223 2363/3329/3216 2372/3330/3217
f 2373/3336/3223 2372/3330/3217 2382/3337/3224
f 2382/3337/3224 2372/3330/3217 2381/3237/3127
f 2382/3337/3224 2381/3237/3127 2391/3235/3125
f 2378/3210/3100 2369/3208/3098 2368/3321/3208
f 2378/3210/3100 2368/3321/3208 2377/3266/3155
f 2364/3331/3218 2373/3336/3223 2374/3332/3219
f 2374/3332/3219 2373/3336/3223 2383/3338/3225
f 2374/3332/3219 2383/3338/3225 2384/3333/3220
f 2384/3333/3220 2383/3338/3225 2393/3339/3226
f 2384/3333/3220 2393/3339/3226 2394/3334/3221
f 2394/3334/3221 2393/3339/3226 2403/3340/3227
f 2394/3334/3221 2403/3340/3227 2404/3335/3222
f 2404/3335/3222 2403/3340/3227 2413/3341/3228
f 2404/3335/3222 2413/3341/3228 2414/3219/3109
f 2414/3219/3109 2413/3341/3228 2423/3221/3111
f 2383/3338/3225 2373/3336/3223 2382/3337/3224
f 2387/3212/3102 2378/3210/3100 2377/3266/3155
f 2383/3338/3225 2382/3337/3224 2392/3342/3229
f 2392/3342/3229 2382/3337/3224 2391/3235/3125
f 2392/3342/3229 2391/3235/3125 2401/3233/3123
f 2383/3338/3225 2392/3342/3229 2393/3339/3226
f 2393/3339/3226 2392/3342/3229 2402/3343/3230
f 2393/3339/3226 2402/3343/3230 2403/3340/3227
f 2403/3340/3227 2402/3343/3230 2412/3344/3231
f 2403/3340/3227 2412/3344/3231 2413/3341/3228
f 2413/3341/3228 2412/3344/3231 2422/3345/3232
f 2413/3341/3228 2422/3345/3232 2423/3221/3111
f 2423/3221/3111 2422/3345/3232 2432/3223/3113
f 2402/3343/3230 2392/3342/3229 2401/3233/3123
f 2412/3344/3231 2402/3343/3230 2411/3231/3121
f 2411/3231/3121 2402/3343/3230 2401/3233/3123
f 2397/3297/3185 2406/3304/3192 2407/3298/3186
f 2407/3298/3186 2406/3304/3192 2416/3346/3233
f 2407/3298/3186 2416/3346/3233 2417/3299/3187
f 2417/3299/3187 2416/3346/3233 2426/3313/3200
f 2422/3345/3232 2412/3344/3231 2421/3229/3119
f 2421/3229/3119 2412/3344/3231 2411/3231/3121
f 2406/3304/3192 2415/3306/3194 2416/3346/3233
f 2416/3346/3233 2415/3306/3194 2425/3312/3199
f 2416/3346/3233 2425/3312/3199 2426/3313/3200
f 2424/3308/3196 2425/3312/3199 2415/3306/3194
f 2432/3223/3113 2422/3345/3232 2431/3227/3117
f 2431/3227/3117 2422/3345/3232 2421/3229/3119
f 806/3347/3234 2305/3348/3198 807/3349/3235
f 807/3349/3235 2305/3348/3198 821/3350/1363
f 807/3349/3235 821/3350/1363 820/3351/1362
f 2305/3348/3198 806/3347/3234 2306/3352/3189
f 2306/3352/3189 806/3347/3234 805/3353/3236
f 2306/3352/3189 805/3353/3236 2307/3354/3177
f 2307/3354/3177 805/3353/3236 804/3355/3237
f 2307/3354/3177 804/3355/3237 2308/3356/3116
f 2308/3356/3116 804/3355/3237 803/3357/3238
f 2308/3356/3116 803/3357/3238 2309/3358/3115
f 2433/3359/3239 2434/3360/3240 2484/3361/3241
f 2484/3361/3241 2434/3360/3240 2492/3362/3242
f 2484/3361/3241 2492/3362/3242 2488/3363/3243
f 2488/3363/3243 2492/3362/3242 2491/3364/3244
f 2488/3363/3243 2491/3364/3244 2497/3365/3245
f 2497/3365/3245 2491/3364/3244 2490/3366/3246
f 2497/3365/3245 2490/3366/3246 2496/3367/3247
f 2496/3367/3247 2490/3366/3246 2489/3368/3248
f 2496/3367/3247 2489/3368/3248 2495/3369/3249
f 2495/3369/3249 2489/3368/3248 2443/3370/3250
f 2495/3369/3249 2443/3370/3250 2494/3371/3251
f 2494/3371/3251 2443/3370/3250 2444/3372/3252
f 2494/3371/3251 2444/3372/3252 2498/3373/3253
f 2498/3373/3253 2444/3372/3252 2445/3374/3254
f 2498/3373/3253 2445/3374/3254 2504/3375/3255
f 2504/3375/3255 2445/3374/3254 2446/3376/3256
f 2504/3375/3255 2446/3376/3256 2447/3377/3257
f 2492/3362/3242 2434/3360/3240 2493/3378/3258
f 2493/3378/3258 2434/3360/3240 2435/3379/3259
f 2493/3378/3258 2435/3379/3259 2436/3380/3260
f 2436/3380/3260 2437/3381/3261 2493/3378/3258
f 2493/3378/3258 2437/3381/3261 2438/3382/3262
f 2493/3378/3258 2438/3382/3262 2492/3362/3242
f 2492/3362/3242 2438/3382/3262 2439/3383/3263
f 2492/3362/3242 2439/3383/3263 2491/3364/3244
f 2491/3364/3244 2439/3383/3263 2440/3384/3264
f 2491/3364/3244 2440/3384/3264 2441/3385/3265
f 2491/3364/3244 2441/3385/3265 2490/3366/3246
f 2490/3366/3246 2441/3385/3265 2442/3386/3266
f 2490/3366/3246 2442/3386/3266 2489/3368/3248
f 2489/3368/3248 2442/3386/3266 2443/3370/3250
f 2504/3375/3255 2447/3377/3257 2511/3387/3267
f 2511/3387/3267 2447/3377/3257 2448/3388/3268
f 2511/3387/3267 2448/3388/3268 2520/3389/3269
f 2520/3389/3269 2448/3388/3268 2519/3390/3270
f 2520/3389/3269 2519/3390/3270 2530/3391/3271
f 2530/3391/3271 2519/3390/3270 2529/3392/3272
f 2530/3391/3271 2529/3392/3272 2556/3393/3273
f 2556/3393/3273 2529/3392/3272 2557/3394/3274
f 2556/3393/3273 2557/3394/3274 2541/3395/3275
f 2541/3395/3275 2557/3394/3274 2540/3396/3276
f 2541/3395/3275 2540/3396/3276 2564/3397/3277
f 2564/3397/3277 2540/3396/3276 2563/3398/3278
f 2564/3397/3277 2563/3398/3278 2576/3399/3279
f 2576/3399/3279 2563/3398/3278 2575/3400/3280
f 2576/3399/3279 2575/3400/3280 2605/3401/3281
f 2605/3401/3281 2575/3400/3280 2606/3402/3282
f 2605/3401/3281 2606/3402/3282 2590/3403/3283
f 2590/3403/3283 2606/3402/3282 2589/3404/3284
f 2590/3403/3283 2589/3404/3284 2631/3405/3285
f 2631/3405/3285 2589/3404/3284 2632/3406/3286
f 2631/3405/3285 2632/3406/3286 2617/3407/3287
f 2617/3407/3287 2632/3406/3286 2616/3408/3288
f 2617/3407/3287 2616/3408/3288 2662/3409/3289
f 2662/3409/3289 2616/3408/3288 2663/3410/3290
f 2662/3409/3289 2663/3410/3290 2648/3411/3291
f 2648/3411/3291 2663/3410/3290 2647/3412/3292
f 2648/3411/3291 2647/3412/3292 2681/3413/3293
f 2681/3413/3293 2647/3412/3292 2680/3414/3294
f 2681/3413/3293 2680/3414/3294 2700/3415/3295
f 2700/3415/3295 2680/3414/3294 2699/3416/3296
f 2700/3415/3295 2699/3416/3296 2465/3417/3297
f 2465/3417/3297 2699/3416/3296 2464/3418/3298
f 2464/3418/3298 2699/3416/3296 2698/3419/3299
f 2464/3418/3298 2698/3419/3299 2697/3420/3300
f 2697/3420/3300 2698/3419/3299 2678/3421/3301
f 2697/3420/3300 2678/3421/3301 2677/3422/3302
f 2677/3422/3302 2678/3421/3301 2644/3423/3303
f 2677/3422/3302 2644/3423/3303 2643/3424/3304
f 2643/3424/3304 2644/3423/3303 2667/3425/3305
f 2643/3424/3304 2667/3425/3305 2668/3426/3306
f 2668/3426/3306 2667/3425/3305 2611/3427/3307
f 2668/3426/3306 2611/3427/3307 2610/3428/3308
f 2610/3428/3308 2611/3427/3307 2638/3429/3309
f 2610/3428/3308 2638/3429/3309 2454/3430/3310
f 2454/3430/3310 2638/3429/3309 2453/3431/3311
f 2453/3431/3311 2638/3429/3309 2584/3432/3312
f 2453/3431/3311 2584/3432/3312 2585/3433/3313
f 2585/3433/3313 2584/3432/3312 2636/3434/3314
f 2585/3433/3313 2636/3434/3314 2635/3435/3315
f 2635/3435/3315 2636/3434/3314 2613/3436/3316
f 2635/3435/3315 2613/3436/3316 2614/3437/3317
f 2614/3437/3317 2613/3436/3316 2665/3438/3318
f 2614/3437/3317 2665/3438/3318 2664/3439/3319
f 2664/3439/3319 2665/3438/3318 2646/3440/3320
f 2664/3439/3319 2646/3440/3320 2647/3412/3292
f 2647/3412/3292 2646/3440/3320 2680/3414/3294
f 2448/3388/3268 2449/3441/3321 2519/3390/3270
f 2519/3390/3270 2449/3441/3321 2528/3442/3322
f 2519/3390/3270 2528/3442/3322 2529/3392/3272
f 2529/3392/3272 2528/3442/3322 2557/3394/3274
f 2528/3442/3322 2449/3441/3321 2559/3443/3323
f 2559/3443/3323 2449/3441/3321 2450/3444/3324
f 2559/3443/3323 2450/3444/3324 2538/3445/3325
f 2538/3445/3325 2450/3444/3324 2451/3446/3326
f 2538/3445/3325 2451/3446/3326 2561/3447/3327
f 2561/3447/3327 2451/3446/3326 2560/3448/3328
f 2561/3447/3327 2560/3448/3328 2573/3449/3329
f 2573/3449/3329 2560/3448/3328 2571/3450/3330
f 2573/3449/3329 2571/3450/3330 2608/3451/3331
f 2608/3451/3331 2571/3450/3330 2609/3452/3332
f 2608/3451/3331 2609/3452/3332 2587/3453/3333
f 2587/3453/3333 2609/3452/3332 2586/3454/3334
f 2587/3453/3333 2586/3454/3334 2634/3455/3335
f 2634/3455/3335 2586/3454/3334 2635/3435/3315
f 2634/3455/3335 2635/3435/3315 2614/3437/3317
f 2451/3446/3326 2452/3456/3336 2560/3448/3328
f 2560/3448/3328 2452/3456/3336 2571/3450/3330
f 2571/3450/3330 2452/3456/3336 2572/3457/3337
f 2572/3457/3337 2452/3456/3336 2453/3431/3311
f 2572/3457/3337 2453/3431/3311 2585/3433/3313
f 2610/3428/3308 2454/3430/3310 2670/3458/3338
f 2670/3458/3338 2454/3430/3310 2455/3459/3339
f 2670/3458/3338 2455/3459/3339 2640/3460/3340
f 2640/3460/3340 2455/3459/3339 2639/3461/3341
f 2640/3460/3340 2639/3461/3341 2673/3462/3342
f 2673/3462/3342 2639/3461/3341 2672/3463/3343
f 2673/3462/3342 2672/3463/3343 2692/3464/3344
f 2692/3464/3344 2672/3463/3343 2691/3465/3345
f 2692/3464/3344 2691/3465/3345 2461/3466/3346
f 2461/3466/3346 2691/3465/3345 2460/3467/3347
f 2460/3467/3347 2691/3465/3345 2690/3468/3348
f 2460/3467/3347 2690/3468/3348 2689/3469/3349
f 2689/3469/3349 2690/3468/3348 2456/3470/3350
f 2689/3469/3349 2456/3470/3350 2457/3471/3351
f 2455/3459/3339 2456/3470/3350 2639/3461/3341
f 2639/3461/3341 2456/3470/3350 2671/3472/3352
f 2639/3461/3341 2671/3472/3352 2672/3463/3343
f 2672/3463/3343 2671/3472/3352 2691/3465/3345
f 2457/3471/3351 2458/3473/3353 2689/3469/3349
f 2689/3469/3349 2458/3473/3353 2460/3467/3347
f 2458/3473/3353 2459/3474/3354 2460/3467/3347
f 2692/3464/3344 2461/3466/3346 2693/3475/3355
f 2693/3475/3355 2461/3466/3346 2462/3476/3356
f 2693/3475/3355 2462/3476/3356 2694/3477/3357
f 2694/3477/3357 2462/3476/3356 2695/3478/3358
f 2694/3477/3357 2695/3478/3358 2675/3479/3359
f 2675/3479/3359 2695/3478/3358 2676/3480/3360
f 2675/3479/3359 2676/3480/3360 2642/3481/3361
f 2642/3481/3361 2676/3480/3360 2643/3424/3304
f 2642/3481/3361 2643/3424/3304 2668/3426/3306
f 2462/3476/3356 2463/3482/3362 2695/3478/3358
f 2695/3478/3358 2463/3482/3362 2696/3483/3363
f 2695/3478/3358 2696/3483/3363 2676/3480/3360
f 2676/3480/3360 2696/3483/3363 2677/3422/3302
f 2676/3480/3360 2677/3422/3302 2643/3424/3304
f 2696/3483/3363 2463/3482/3362 2697/3420/3300
f 2697/3420/3300 2463/3482/3362 2464/3418/3298
f 2700/3415/3295 2465/3417/3297 2701/3484/3364
f 2701/3484/3364 2465/3417/3297 2466/3485/3365
f 2701/3484/3364 2466/3485/3365 2702/3486/3366
f 2702/3486/3366 2466/3485/3365 2703/3487/3367
f 2702/3486/3366 2703/3487/3367 2683/3488/3368
f 2683/3488/3368 2703/3487/3367 2684/3489/3369
f 2683/3488/3368 2684/3489/3369 2650/3490/3370
f 2650/3490/3370 2684/3489/3369 2651/3491/3371
f 2650/3490/3370 2651/3491/3371 2660/3492/3372
f 2660/3492/3372 2651/3491/3371 2659/3493/3373
f 2660/3492/3372 2659/3493/3373 2619/3494/3374
f 2619/3494/3374 2659/3493/3373 2620/3495/3375
f 2619/3494/3374 2620/3495/3375 2629/3496/3376
f 2629/3496/3376 2620/3495/3375 2628/3497/3377
f 2629/3496/3376 2628/3497/3377 2592/3498/3378
f 2592/3498/3378 2628/3497/3377 2593/3499/3379
f 2592/3498/3378 2593/3499/3379 2603/3500/3380
f 2603/3500/3380 2593/3499/3379 2602/3501/3381
f 2603/3500/3380 2602/3501/3381 2578/3502/3382
f 2578/3502/3382 2602/3501/3381 2579/3503/3383
f 2578/3502/3382 2579/3503/3383 2566/3504/3384
f 2566/3504/3384 2579/3503/3383 2567/3505/3385
f 2566/3504/3384 2567/3505/3385 2543/3506/3386
f 2543/3506/3386 2567/3505/3385 2544/3507/3387
f 2543/3506/3386 2544/3507/3387 2554/3508/3388
f 2554/3508/3388 2544/3507/3387 2553/3509/3389
f 2554/3508/3388 2553/3509/3389 2532/3510/3390
f 2532/3510/3390 2553/3509/3389 2533/3511/3391
f 2532/3510/3390 2533/3511/3391 2522/3512/3392
f 2522/3512/3392 2533/3511/3391 2523/3513/3393
f 2522/3512/3392 2523/3513/3393 2513/3514/3394
f 2513/3514/3394 2523/3513/3393 2514/3515/3395
f 2513/3514/3394 2514/3515/3395 2505/3516/3396
f 2505/3516/3396 2514/3515/3395 2506/3517/3397
f 2505/3516/3396 2506/3517/3397 2498/3373/3253
f 2498/3373/3253 2506/3517/3397 2499/3518/3398
f 2498/3373/3253 2499/3518/3398 2494/3371/3251
f 2494/3371/3251 2499/3518/3398 2500/3519/3399
f 2494/3371/3251 2500/3519/3399 2495/3369/3249
f 2495/3369/3249 2500/3519/3399 2501/3520/3400
f 2495/3369/3249 2501/3520/3400 2496/3367/3247
f 2496/3367/3247 2501/3520/3400 2502/3521/3401
f 2496/3367/3247 2502/3521/3401 2497/3365/3245
f 2497/3365/3245 2502/3521/3401 2503/3522/3402
f 2497/3365/3245 2503/3522/3402 2488/3363/3243
f 2488/3363/3243 2503/3522/3402 2483/3523/3403
f 2488/3363/3243 2483/3523/3403 2484/3361/3241
f 2466/3485/3365 2467/3524/3404 2703/3487/3367
f 2703/3487/3367 2467/3524/3404 2704/3525/3405
f 2703/3487/3367 2704/3525/3405 2684/3489/3369
f 2684/3489/3369 2704/3525/3405 2685/3526/3406
f 2684/3489/3369 2685/3526/3406 2651/3491/3371
f 2651/3491/3371 2685/3526/3406 2652/3527/3407
f 2651/3491/3371 2652/3527/3407 2659/3493/3373
f 2659/3493/3373 2652/3527/3407 2658/3528/3408
f 2659/3493/3373 2658/3528/3408 2620/3495/3375
f 2620/3495/3375 2658/3528/3408 2621/3529/3409
f 2620/3495/3375 2621/3529/3409 2628/3497/3377
f 2628/3497/3377 2621/3529/3409 2627/3530/3410
f 2628/3497/3377 2627/3530/3410 2593/3499/3379
f 2593/3499/3379 2627/3530/3410 2594/3531/3411
f 2593/3499/3379 2594/3531/3411 2602/3501/3381
f 2602/3501/3381 2594/3531/3411 2601/3532/3412
f 2602/3501/3381 2601/3532/3412 2579/3503/3383
f 2579/3503/3383 2601/3532/3412 2580/3533/3413
f 2579/3503/3383 2580/3533/3413 2567/3505/3385
f 2567/3505/3385 2580/3533/3413 2568/3534/3414
f 2567/3505/3385 2568/3534/3414 2544/3507/3387
f 2544/3507/3387 2568/3534/3414 2545/3535/3415
f 2544/3507/3387 2545/3535/3415 2553/3509/3389
f 2553/3509/3389 2545/3535/3415 2552/3536/3416
f 2553/3509/3389 2552/3536/3416 2533/3511/3391
f 2533/3511/3391 2552/3536/3416 2534/3537/3417
f 2533/3511/3391 2534/3537/3417 2523/3513/3393
f 2523/3513/3393 2534/3537/3417 2524/3538/3418
f 2523/3513/3393 2524/3538/3418 2514/3515/3395
f 2514/3515/3395 2524/3538/3418 2515/3539/3419
f 2514/3515/3395 2515/3539/3419 2506/3517/3397
f 2506/3517/3397 2515/3539/3419 2507/3540/3420
f 2506/3517/3397 2507/3540/3420 2499/3518/3398
f 2499/3518/3398 2507/3540/3420 2500/3519/3399
f 2704/3525/3405 2467/3524/3404 2705/3541/3421
f 2705/3541/3421 2467/3524/3404 2468/3542/3422
f 2705/3541/3421 2468/3542/3422 2706/3543/3423
f 2706/3543/3423 2468/3542/3422 2707/3544/3424
f 2706/3543/3423 2707/3544/3424 2687/3545/3425
f 2687/3545/3425 2707/3544/3424 2688/3546/3426
f 2687/3545/3425 2688/3546/3426 2654/3547/3427
f 2654/3547/3427 2688/3546/3426 2485/3548/3428
f 2654/3547/3427 2485/3548/3428 2656/3549/3429
f 2656/3549/3429 2485/3548/3428 2655/3550/3430
f 2656/3549/3429 2655/3550/3430 2623/3551/3431
f 2623/3551/3431 2655/3550/3430 2624/3552/3432
f 2623/3551/3431 2624/3552/3432 2625/3553/3433
f 2625/3553/3433 2624/3552/3432 2486/3554/3434
f 2625/3553/3433 2486/3554/3434 2596/3555/3435
f 2596/3555/3435 2486/3554/3434 2597/3556/3436
f 2596/3555/3435 2597/3556/3436 2599/3557/3437
f 2599/3557/3437 2597/3556/3436 2598/3558/3438
f 2599/3557/3437 2598/3558/3438 2582/3559/3439
f 2582/3559/3439 2598/3558/3438 2583/3560/3440
f 2582/3559/3439 2583/3560/3440 2570/3561/3441
f 2570/3561/3441 2583/3560/3440 2487/3562/3442
f 2570/3561/3441 2487/3562/3442 2547/3563/3443
f 2547/3563/3443 2487/3562/3442 2548/3564/3444
f 2547/3563/3443 2548/3564/3444 2550/3565/3445
f 2550/3565/3445 2548/3564/3444 2549/3566/3446
f 2550/3565/3445 2549/3566/3446 2536/3567/3447
f 2536/3567/3447 2549/3566/3446 2537/3568/3448
f 2536/3567/3447 2537/3568/3448 2526/3569/3449
f 2526/3569/3449 2537/3568/3448 2527/3570/3450
f 2526/3569/3449 2527/3570/3450 2517/3571/3451
f 2517/3571/3451 2527/3570/3450 2518/3572/3452
f 2517/3571/3451 2518/3572/3452 2509/3573/3453
f 2509/3573/3453 2518/3572/3452 2510/3574/3454
f 2509/3573/3453 2510/3574/3454 2502/3521/3401
f 2502/3521/3401 2510/3574/3454 2503/3522/3402
f 2468/3542/3422 2469/3575/3455 2707/3544/3424
f 2707/3544/3424 2469/3575/3455 2470/3576/3456
f 2707/3544/3424 2470/3576/3456 2688/3546/3426
f 2688/3546/3426 2470/3576/3456 2471/3577/3457
f 2688/3546/3426 2471/3577/3457 2485/3548/3428
f 2485/3548/3428 2471/3577/3457 2472/3578/3458
f 2485/3548/3428 2472/3578/3458 2655/3550/3430
f 2655/3550/3430 2472/3578/3458 2624/3552/3432
f 2472/3578/3458 2473/3579/3459 2624/3552/3432
f 2624/3552/3432 2473/3579/3459 2486/3554/3434
f 2473/3579/3459 2474/3580/3460 2486/3554/3434
f 2486/3554/3434 2474/3580/3460 2597/3556/3436
f 2597/3556/3436 2474/3580/3460 2598/3558/3438
f 2598/3558/3438 2474/3580/3460 2475/3581/3461
f 2598/3558/3438 2475/3581/3461 2583/3560/3440
f 2583/3560/3440 2475/3581/3461 2476/3582/3462
f 2583/3560/3440 2476/3582/3462 2487/3562/3442
f 2487/3562/3442 2476/3582/3462 2477/3583/3463
f 2487/3562/3442 2477/3583/3463 2548/3564/3444
f 2548/3564/3444 2477/3583/3463 2549/3566/3446
f 2477/3583/3463 2478/3584/3464 2549/3566/3446
f 2549/3566/3446 2478/3584/3464 2537/3568/3448
f 2478/3584/3464 2479/3585/3465 2537/3568/3448
f 2537/3568/3448 2479/3585/3465 2527/3570/3450
f 2479/3585/3465 2480/3586/3466 2527/3570/3450
f 2527/3570/3450 2480/3586/3466 2518/3572/3452
f 2480/3586/3466 2481/3587/3467 2518/3572/3452
f 2518/3572/3452 2481/3587/3467 2510/3574/3454
f 2481/3587/3467 2482/3588/3468 2510/3574/3454
f 2510/3574/3454 2482/3588/3468 2503/3522/3402
f 2482/3588/3468 2483/3523/3403 2503/3522/3402
f 2609/3452/3332 2571/3450/3330 2572/3457/3337
f 2509/3573/3453 2502/3521/3401 2501/3520/3400
f 2501/3520/3400 2500/3519/3399 2508/3589/3469
f 2508/3589/3469 2500/3519/3399 2507/3540/3420
f 2508/3589/3469 2507/3540/3420 2516/3590/3470
f 2516/3590/3470 2507/3540/3420 2515/3539/3419
f 2516/3590/3470 2515/3539/3419 2525/3591/3471
f 2525/3591/3471 2515/3539/3419 2524/3538/3418
f 2525/3591/3471 2524/3538/3418 2535/3592/3472
f 2535/3592/3472 2524/3538/3418 2534/3537/3417
f 2535/3592/3472 2534/3537/3417 2551/3593/3473
f 2551/3593/3473 2534/3537/3417 2552/3536/3416
f 2551/3593/3473 2552/3536/3416 2546/3594/3474
f 2546/3594/3474 2552/3536/3416 2545/3535/3415
f 2546/3594/3474 2545/3535/3415 2569/3595/3475
f 2569/3595/3475 2545/3535/3415 2568/3534/3414
f 2569/3595/3475 2568/3534/3414 2581/3596/3476
f 2581/3596/3476 2568/3534/3414 2580/3533/3413
f 2581/3596/3476 2580/3533/3413 2600/3597/3477
f 2600/3597/3477 2580/3533/3413 2601/3532/3412
f 2600/3597/3477 2601/3532/3412 2595/3598/3478
f 2595/3598/3478 2601/3532/3412 2594/3531/3411
f 2595/3598/3478 2594/3531/3411 2626/3599/3479
f 2626/3599/3479 2594/3531/3411 2627/3530/3410
f 2626/3599/3479 2627/3530/3410 2622/3600/3480
f 2622/3600/3480 2627/3530/3410 2621/3529/3409
f 2622/3600/3480 2621/3529/3409 2657/3601/3481
f 2657/3601/3481 2621/3529/3409 2658/3528/3408
f 2657/3601/3481 2658/3528/3408 2653/3602/3482
f 2653/3602/3482 2658/3528/3408 2652/3527/3407
f 2653/3602/3482 2652/3527/3407 2686/3603/3483
f 2686/3603/3483 2652/3527/3407 2685/3526/3406
f 2686/3603/3483 2685/3526/3406 2705/3541/3421
f 2705/3541/3421 2685/3526/3406 2704/3525/3405
f 2513/3514/3394 2505/3516/3396 2504/3375/3255
f 2504/3375/3255 2505/3516/3396 2498/3373/3253
f 2517/3571/3451 2509/3573/3453 2508/3589/3469
f 2508/3589/3469 2509/3573/3453 2501/3520/3400
f 2517/3571/3451 2508/3589/3469 2516/3590/3470
f 2513/3514/3394 2504/3375/3255 2512/3604/3484
f 2512/3604/3484 2504/3375/3255 2511/3387/3267
f 2512/3604/3484 2511/3387/3267 2521/3605/3485
f 2521/3605/3485 2511/3387/3267 2520/3389/3269
f 2521/3605/3485 2520/3389/3269 2531/3606/3486
f 2531/3606/3486 2520/3389/3269 2530/3391/3271
f 2531/3606/3486 2530/3391/3271 2555/3607/3487
f 2555/3607/3487 2530/3391/3271 2556/3393/3273
f 2555/3607/3487 2556/3393/3273 2542/3608/3488
f 2542/3608/3488 2556/3393/3273 2541/3395/3275
f 2542/3608/3488 2541/3395/3275 2565/3609/3489
f 2565/3609/3489 2541/3395/3275 2564/3397/3277
f 2565/3609/3489 2564/3397/3277 2577/3610/3490
f 2577/3610/3490 2564/3397/3277 2576/3399/3279
f 2577/3610/3490 2576/3399/3279 2604/3611/3491
f 2604/3611/3491 2576/3399/3279 2605/3401/3281
f 2604/3611/3491 2605/3401/3281 2591/3612/3492
f 2591/3612/3492 2605/3401/3281 2590/3403/3283
f 2591/3612/3492 2590/3403/3283 2630/3613/3493
f 2630/3613/3493 2590/3403/3283 2631/3405/3285
f 2630/3613/3493 2631/3405/3285 2618/3614/3494
f 2618/3614/3494 2631/3405/3285 2617/3407/3287
f 2618/3614/3494 2617/3407/3287 2661/3615/3495
f 2661/3615/3495 2617/3407/3287 2662/3409/3289
f 2661/3615/3495 2662/3409/3289 2649/3616/3496
f 2649/3616/3496 2662/3409/3289 2648/3411/3291
f 2649/3616/3496 2648/3411/3291 2682/3617/3497
f 2682/3617/3497 2648/3411/3291 2681/3413/3293
f 2682/3617/3497 2681/3413/3293 2701/3484/3364
f 2701/3484/3364 2681/3413/3293 2700/3415/3295
f 2522/3512/3392 2513/3514/3394 2512/3604/3484
f 2522/3512/3392 2512/3604/3484 2521/3605/3485
f 2526/3569/3449 2517/3571/3451 2516/3590/3470
f 2526/3569/3449 2516/3590/3470 2525/3591/3471
f 2532/3510/3390 2522/3512/3392 2521/3605/3485
f 2532/3510/3390 2521/3605/3485 2531/3606/3486
f 2536/3567/3447 2526/3569/3449 2525/3591/3471
f 2536/3567/3447 2525/3591/3471 2535/3592/3472
f 2554/3508/3388 2532/3510/3390 2531/3606/3486
f 2554/3508/3388 2531/3606/3486 2555/3607/3487
f 2550/3565/3445 2536/3567/3447 2535/3592/3472
f 2550/3565/3445 2535/3592/3472 2551/3593/3473
f 2538/3445/3325 2539/3618/3498 2559/3443/3323
f 2559/3443/3323 2539/3618/3498 2558/3619/3499
f 2559/3443/3323 2558/3619/3499 2528/3442/3322
f 2528/3442/3322 2558/3619/3499 2557/3394/3274
f 2557/3394/3274 2558/3619/3499 2540/3396/3276
f 2540/3396/3276 2558/3619/3499 2539/3618/3498
f 2540/3396/3276 2539/3618/3498 2563/3398/3278
f 2563/3398/3278 2539/3618/3498 2562/3620/3500
f 2563/3398/3278 2562/3620/3500 2575/3400/3280
f 2575/3400/3280 2562/3620/3500 2574/3621/3501
f 2575/3400/3280 2574/3621/3501 2606/3402/3282
f 2606/3402/3282 2574/3621/3501 2607/3622/3502
f 2606/3402/3282 2607/3622/3502 2589/3404/3284
f 2589/3404/3284 2607/3622/3502 2588/3623/3503
f 2589/3404/3284 2588/3623/3503 2632/3406/3286
f 2632/3406/3286 2588/3623/3503 2633/3624/3504
f 2632/3406/3286 2633/3624/3504 2616/3408/3288
f 2616/3408/3288 2633/3624/3504 2615/3625/3505
f 2616/3408/3288 2615/3625/3505 2663/3410/3290
f 2663/3410/3290 2615/3625/3505 2664/3439/3319
f 2663/3410/3290 2664/3439/3319 2647/3412/3292
f 2539/3618/3498 2538/3445/3325 2562/3620/3500
f 2562/3620/3500 2538/3445/3325 2561/3447/3327
f 2562/3620/3500 2561/3447/3327 2574/3621/3501
f 2574/3621/3501 2561/3447/3327 2573/3449/3329
f 2574/3621/3501 2573/3449/3329 2607/3622/3502
f 2607/3622/3502 2573/3449/3329 2608/3451/3331
f 2607/3622/3502 2608/3451/3331 2588/3623/3503
f 2588/3623/3503 2608/3451/3331 2587/3453/3333
f 2588/3623/3503 2587/3453/3333 2633/3624/3504
f 2633/3624/3504 2587/3453/3333 2634/3455/3335
f 2633/3624/3504 2634/3455/3335 2615/3625/3505
f 2615/3625/3505 2634/3455/3335 2614/3437/3317
f 2615/3625/3505 2614/3437/3317 2664/3439/3319
f 2554/3508/3388 2555/3607/3487 2543/3506/3386
f 2543/3506/3386 2555/3607/3487 2542/3608/3488
f 2543/3506/3386 2542/3608/3488 2566/3504/3384
f 2566/3504/3384 2542/3608/3488 2565/3609/3489
f 2566/3504/3384 2565/3609/3489 2578/3502/3382
f 2578/3502/3382 2565/3609/3489 2577/3610/3490
f 2578/3502/3382 2577/3610/3490 2603/3500/3380
f 2603/3500/3380 2577/3610/3490 2604/3611/3491
f 2603/3500/3380 2604/3611/3491 2592/3498/3378
f 2592/3498/3378 2604/3611/3491 2591/3612/3492
f 2592/3498/3378 2591/3612/3492 2629/3496/3376
f 2629/3496/3376 2591/3612/3492 2630/3613/3493
f 2629/3496/3376 2630/3613/3493 2619/3494/3374
f 2619/3494/3374 2630/3613/3493 2618/3614/3494
f 2619/3494/3374 2618/3614/3494 2660/3492/3372
f 2660/3492/3372 2618/3614/3494 2661/3615/3495
f 2660/3492/3372 2661/3615/3495 2650/3490/3370
f 2650/3490/3370 2661/3615/3495 2649/3616/3496
f 2650/3490/3370 2649/3616/3496 2683/3488/3368
f 2683/3488/3368 2649/3616/3496 2682/3617/3497
f 2683/3488/3368 2682/3617/3497 2702/3486/3366
f 2702/3486/3366 2682/3617/3497 2701/3484/3364
f 2550/3565/3445 2551/3593/3473 2547/3563/3443
f 2547/3563/3443 2551/3593/3473 2546/3594/3474
f 2547/3563/3443 2546/3594/3474 2570/3561/3441
f 2570/3561/3441 2546/3594/3474 2569/3595/3475
f 2570/3561/3441 2569/3595/3475 2582/3559/3439
f 2582/3559/3439 2569/3595/3475 2581/3596/3476
f 2582/3559/3439 2581/3596/3476 2599/3557/3437
f 2599/3557/3437 2581/3596/3476 2600/3597/3477
f 2599/3557/3437 2600/3597/3477 2596/3555/3435
f 2596/3555/3435 2600/3597/3477 2595/3598/3478
f 2596/3555/3435 2595/3598/3478 2625/3553/3433
f 2625/3553/3433 2595/3598/3478 2626/3599/3479
f 2625/3553/3433 2626/3599/3479 2623/3551/3431
f 2623/3551/3431 2626/3599/3479 2622/3600/3480
f 2623/3551/3431 2622/3600/3480 2656/3549/3429
f 2656/3549/3429 2622/3600/3480 2657/3601/3481
f 2656/3549/3429 2657/3601/3481 2654/3547/3427
f 2654/3547/3427 2657/3601/3481 2653/3602/3482
f 2654/3547/3427 2653/3602/3482 2687/3545/3425
f 2687/3545/3425 2653/3602/3482 2686/3603/3483
f 2687/3545/3425 2686/3603/3483 2706/3543/3423
f 2706/3543/3423 2686/3603/3483 2705/3541/3421
f 2609/3452/3332 2572/3457/3337 2586/3454/3334
f 2586/3454/3334 2572/3457/3337 2585/3433/3313
f 2586/3454/3334 2585/3433/3313 2635/3435/3315
f 2611/3427/3307 2612/3626/3506 2637/3627/3507
f 2637/3627/3507 2612/3626/3506 2636/3434/3314
f 2637/3627/3507 2636/3434/3314 2584/3432/3312
f 2636/3434/3314 2612/3626/3506 2613/3436/3316
f 2613/3436/3316 2612/3626/3506 2666/3628/3508
f 2613/3436/3316 2666/3628/3508 2665/3438/3318
f 2665/3438/3318 2666/3628/3508 2645/3629/3509
f 2665/3438/3318 2645/3629/3509 2646/3440/3320
f 2646/3440/3320 2645/3629/3509 2679/3630/3510
f 2646/3440/3320 2679/3630/3510 2680/3414/3294
f 2680/3414/3294 2679/3630/3510 2699/3416/3296
f 2666/3628/3508 2612/3626/3506 2667/3425/3305
f 2667/3425/3305 2612/3626/3506 2611/3427/3307
f 2584/3432/3312 2638/3429/3309 2637/3627/3507
f 2637/3627/3507 2638/3429/3309 2611/3427/3307
f 2640/3460/3340 2641/3631/3511 2670/3458/3338
f 2670/3458/3338 2641/3631/3511 2669/3632/3512
f 2670/3458/3338 2669/3632/3512 2610/3428/3308
f 2610/3428/3308 2669/3632/3512 2668/3426/3306
f 2668/3426/3306 2669/3632/3512 2642/3481/3361
f 2642/3481/3361 2669/3632/3512 2641/3631/3511
f 2642/3481/3361 2641/3631/3511 2675/3479/3359
f 2675/3479/3359 2641/3631/3511 2674/3633/3513
f 2675/3479/3359 2674/3633/3513 2694/3477/3357
f 2694/3477/3357 2674/3633/3513 2693/3475/3355
f 2641/3631/3511 2640/3460/3340 2674/3633/3513
f 2674/3633/3513 2640/3460/3340 2673/3462/3342
f 2674/3633/3513 2673/3462/3342 2693/3475/3355
f 2693/3475/3355 2673/3462/3342 2692/3464/3344
f 2666/3628/3508 2667/3425/3305 2644/3423/3303
f 2666/3628/3508 2644/3423/3303 2645/3629/3509
f 2645/3629/3509 2644/3423/3303 2678/3421/3301
f 2645/3629/3509 2678/3421/3301 2679/3630/3510
f 2679/3630/3510 2678/3421/3301 2698/3419/3299
f 2679/3630/3510 2698/3419/3299 2699/3416/3296
f 2690/3468/3348 2691/3465/3345 2671/3472/3352
f 2697/3420/3300 2677/3422/3302 2696/3483/3363
f 2690/3468/3348 2671/3472/3352 2456/3470/3350
f 803/3634/3238 802/3635/3514 2309/3636/3115
f 2309/3636/3115 802/3635/3514 1495/3637/3515
f 2309/3636/3115 1495/3637/3515 2310/3638/3516
f 2310/3638/3516 1495/3637/3515 2311/3639/3517
f 2311/3639/3517 1495/3637/3515 2312/3640/3518
f 2312/3640/3518 1495/3637/3515 2313/3641/3519
f 2313/3641/3519 1495/3637/3515 1494/3642/3520
f 2313/3641/3519 1494/3642/3520 2314/3643/3521
f 2314/3643/3521 1494/3642/3520 2315/3644/3522
f 2315/3644/3522 1494/3642/3520 2316/3645/3523
f 2316/3645/3523 1494/3642/3520 2317/3646/3524
f 2317/3646/3524 1494/3642/3520 1493/3647/3525
f 2317/3646/3524 1493/3647/3525 2318/3648/3526
f 2318/3648/3526 1493/3647/3525 2319/3649/3527
f 2319/3649/3527 1493/3647/3525 2320/3650/3528
f 2320/3650/3528 1493/3647/3525 1492/3651/3529
f 2320/3650/3528 1492/3651/3529 2321/3652/3530
f 2321/3652/3530 1492/3651/3529 2322/3653/3531
f 2322/3653/3531 1492/3651/3529 2323/3654/3532
f 2323/3654/3532 1492/3651/3529 1491/3655/3533
f 2323/3654/3532 1491/3655/3533 2324/3656/3534
f 2324/3656/3534 1491/3655/3533 1490/3657/3535
f 2324/3656/3534 1490/3657/3535 2194/3658/2990
f 2194/3658/2990 1490/3657/3535 1489/3659/3536
f 2194/3658/2990 1489/3659/3536 2195/3660/3537
f 2195/3660/3537 1489/3659/3536 1488/3661/3538
f 2195/3660/3537 1488/3661/3538 1487/3662/3539
f 1495/3637/3515 802/3635/3514 1496/3663/3540
f 1496/3663/3540 802/3635/3514 801/3664/3541
f 1496/3663/3540 801/3664/3541 1497/3665/3542
f 1497/3665/3542 801/3664/3541 1498/3666/3543
f 1498/3666/3543 801/3664/3541 800/3667/3544
f 1498/3666/3543 800/3667/3544 1499/3668/3545
f 1499/3668/3545 800/3667/3544 799/3669/3546
f 1499/3668/3545 799/3669/3546 1500/3670/3547
f 1500/3670/3547 799/3669/3546 798/3671/3548
f 1500/3670/3547 798/3671/3548 1501/3672/3549
f 1501/3672/3549 798/3671/3548 797/3673/3550
f 1501/3672/3549 797/3673/3550 1502/3674/3551
f 1502/3674/3551 797/3673/3550 796/3675/3552
f 1502/3674/3551 796/3675/3552 1503/3676/3553
f 1503/3676/3553 796/3675/3552 795/3677/3554
f 1503/3676/3553 795/3677/3554 794/3678/3555
f 1503/3676/3553 794/3678/3555 1504/3679/3556
f 1504/3679/3556 794/3678/3555 793/3680/3557
f 1504/3679/3556 793/3680/3557 792/3681/3558
f 1504/3679/3556 792/3681/3558 1505/3682/3559
f 1505/3682/3559 792/3681/3558 791/3683/3560
f 1505/3682/3559 791/3683/3560 790/3684/3561
f 1505/3682/3559 790/3684/3561 1506/3685/3562
f 1506/3685/3562 790/3684/3561 789/3686/3563
f 1506/3685/3562 789/3686/3563 1507/3687/3564
f 1507/3687/3564 789/3686/3563 788/3688/3565
f 1507/3687/3564 788/3688/3565 787/3689/3566
f 1507/3687/3564 787/3689/3566 1508/3690/3567
f 1508/3690/3567 787/3689/3566 786/3691/3568
f 1508/3690/3567 786/3691/3568 2709/3692/3569
f 2709/3692/3569 786/3691/3568 2708/3693/3570
f 2708/3693/3570 786/3691/3568 785/3694/3571
f 1508/3690/3567 2709/3692/3569 1509/3695/3572
f 1509/3695/3572 2709/3692/3569 2710/3696/3573
f 1509/3695/3572 2710/3696/3573 2711/3697/3574
f 2711/3697/3574 2712/3698/3575 1509/3695/3572
f 1509/3695/3572 2712/3698/3575 2713/3699/3576
f 1509/3695/3572 2713/3699/3576 2714/3700/3577
f 2714/3700/3577 2715/3701/3578 1509/3695/3572
f 1509/3695/3572 2715/3701/3578 1510/3702/3579
f 1510/3702/3579 2715/3701/3578 2716/3703/3580
f 1510/3702/3579 2716/3703/3580 2717/3704/3581
f 2717/3704/3581 2718/3705/3582 1510/3702/3579
f 1510/3702/3579 2718/3705/3582 1511/3706/3583
f 1511/3706/3583 2718/3705/3582 2719/3707/3584
f 1511/3706/3583 2719/3707/3584 2720/3708/3585
f 1511/3706/3583 2720/3708/3585 1512/3709/3586
f 1512/3709/3586 2720/3708/3585 2721/3710/3587
f 1512/3709/3586 2721/3710/3587 1513/3711/3588
f 1513/3711/3588 2721/3710/3587 2722/3712/3589
f 1513/3711/3588 2722/3712/3589 1514/3713/3590
f 1514/3713/3590 2722/3712/3589 2723/3714/3591
f 1514/3713/3590 2723/3714/3591 2724/3715/3592
f 1514/3713/3590 2724/3715/3592 1515/3716/3593
f 1515/3716/3593 2724/3715/3592 2725/3717/3594
f 1515/3716/3593 2725/3717/3594 1516/3718/3595
f 1516/3718/3595 2725/3717/3594 2726/3719/3596
f 1516/3718/3595 2726/3719/3596 1517/3720/3597
f 1517/3720/3597 2726/3719/3596 2727/3721/3598
f 1517/3720/3597 2727/3721/3598 1518/3722/3599
f 1518/3722/3599 2727/3721/3598 2728/3723/3600
f 1518/3722/3599 2728/3723/3600 2729/3724/3601
f 1518/3722/3599 2729/3724/3601 1519/3725/3602
f 1519/3725/3602 2729/3724/3601 2730/3726/3603
f 1519/3725/3602 2730/3726/3603 2731/3727/3604
f 2731/3727/3604 2732/3728/3605 1519/3725/3602
f 1519/3725/3602 2732/3728/3605 1216/3729/2337
f 1216/3729/2337 2732/3728/3605 2733/3730/3606
f 2195/3660/3537 1487/3662/3539 2196/3731/3607
f 2196/3731/3607 1487/3662/3539 1486/3732/3608
f 2196/3731/3607 1486/3732/3608 910/3733/1473
f 2196/3731/3607 910/3733/1473 2197/3734/3609
f 2197/3734/3609 910/3733/1473 941/3735/3610
f 2197/3734/3609 941/3735/3610 2198/3736/3611
f 2198/3736/3611 941/3735/3610 940/3737/3612
f 2198/3736/3611 940/3737/3612 2199/3738/3613
f 2199/3738/3613 940/3737/3612 939/3739/3614
f 2199/3738/3613 939/3739/3614 2200/3740/3615
f 2200/3740/3615 939/3739/3614 938/3741/3616
f 2200/3740/3615 938/3741/3616 2201/3742/3617
f 2201/3742/3617 938/3741/3616 937/3743/3618
f 2201/3742/3617 937/3743/3618 2202/3744/3619
f 2202/3744/3619 937/3743/3618 2203/3745/3620
f 2203/3745/3620 937/3743/3618 936/3746/3621
f 2203/3745/3620 936/3746/3621 2204/3747/3622
f 2204/3747/3622 936/3746/3621 935/3748/3623
f 2204/3747/3622 935/3748/3623 2205/3749/3624
f 2205/3749/3624 935/3748/3623 934/3750/1604
f 2205/3749/3624 934/3750/1604 1907/3751/2656
f 2735/3752/3625 2759/3753/3626 2734/3754/3627
f 2734/3754/3627 2759/3753/3626 2760/3755/3628
f 2734/3754/3627 2760/3755/3628 2750/3756/3629
f 2750/3756/3629 2760/3755/3628 2761/3757/3630
f 2750/3756/3629 2761/3757/3630 2749/3758/3631
f 2749/3758/3631 2761/3757/3630 2762/3759/3632
f 2749/3758/3631 2762/3759/3632 2748/3760/3633
f 2748/3760/3633 2762/3759/3632 2763/3761/3634
f 2748/3760/3633 2763/3761/3634 2764/3762/3635
f 2764/3762/3635 2763/3761/3634 2788/3763/3636
f 2764/3762/3635 2788/3763/3636 2787/3764/3637
f 2787/3764/3637 2788/3763/3636 2797/3765/3638
f 2787/3764/3637 2797/3765/3638 2798/3766/3639
f 2798/3766/3639 2797/3765/3638 2816/3767/3640
f 2798/3766/3639 2816/3767/3640 2817/3768/3641
f 2817/3768/3641 2816/3767/3640 3034/3769/3642
f 2817/3768/3641 3034/3769/3642 3033/3770/3643
f 3033/3770/3643 3034/3769/3642 2840/3771/3644
f 3033/3770/3643 2840/3771/3644 2839/3772/3645
f 2839/3772/3645 2840/3771/3644 2851/3773/3646
f 2839/3772/3645 2851/3773/3646 2852/3774/3647
f 2852/3774/3647 2851/3773/3646 2867/3775/3648
f 2852/3774/3647 2867/3775/3648 2868/3776/3649
f 2868/3776/3649 2867/3775/3648 2884/3777/3650
f 2868/3776/3649 2884/3777/3650 2883/3778/3651
f 2883/3778/3651 2884/3777/3650 2896/3779/3652
f 2883/3778/3651 2896/3779/3652 2897/3780/3653
f 2897/3780/3653 2896/3779/3652 2910/3781/3654
f 2897/3780/3653 2910/3781/3654 2909/3782/3655
f 2909/3782/3655 2910/3781/3654 2923/3783/3656
f 2909/3782/3655 2923/3783/3656 2924/3784/3657
f 2924/3784/3657 2923/3783/3656 2932/3785/3658
f 2924/3784/3657 2932/3785/3658 2931/3786/3659
f 2931/3786/3659 2932/3785/3658 2946/3787/3660
f 2931/3786/3659 2946/3787/3660 2947/3788/3661
f 2947/3788/3661 2946/3787/3660 2952/3789/3662
f 2947/3788/3661 2952/3789/3662 2951/3790/3663
f 2951/3790/3663 2952/3789/3662 2966/3791/3664
f 2951/3790/3663 2966/3791/3664 2967/3792/3665
f 2967/3792/3665 2966/3791/3664 2970/3793/3666
f 2967/3792/3665 2970/3793/3666 2969/3794/3667
f 2969/3794/3667 2970/3793/3666 2985/3795/3668
f 2969/3794/3667 2985/3795/3668 2728/3796/3669
f 2728/3796/3669 2985/3795/3668 2752/3797/3670
f 2728/3796/3669 2752/3797/3670 2729/3798/3671
f 2729/3798/3671 2752/3797/3670 2993/3799/3672
f 2729/3798/3671 2993/3799/3672 2730/3800/3673
f 2730/3800/3673 2993/3799/3672 3005/3801/3674
f 2730/3800/3673 3005/3801/3674 2751/3802/3675
f 2751/3802/3675 3005/3801/3674 3004/3803/3676
f 2751/3802/3675 3004/3803/3676 3010/3804/3677
f 3010/3804/3677 3004/3803/3676 3003/3805/3678
f 3010/3804/3677 3003/3805/3678 3009/3806/3679
f 3009/3806/3679 3003/3805/3678 3002/3807/3680
f 3009/3806/3679 3002/3807/3680 3008/3808/3681
f 3008/3808/3681 3002/3807/3680 3001/3809/3682
f 3008/3808/3681 3001/3809/3682 3007/3810/3683
f 3007/3810/3683 3001/3809/3682 3000/3811/3684
f 3007/3810/3683 3000/3811/3684 3006/3812/3685
f 3006/3812/3685 3000/3811/3684 2445/3813/3686
f 3006/3812/3685 2445/3813/3686 2444/3814/3687
f 2735/3752/3625 2459/3815/3688 2759/3753/3626
f 2759/3753/3626 2459/3815/3688 2792/3816/3689
f 2759/3753/3626 2792/3816/3689 2760/3755/3628
f 2760/3755/3628 2792/3816/3689 2791/3817/3690
f 2760/3755/3628 2791/3817/3690 2761/3757/3630
f 2761/3757/3630 2791/3817/3690 2790/3818/3691
f 2761/3757/3630 2790/3818/3691 2762/3759/3632
f 2762/3759/3632 2790/3818/3691 2789/3819/3692
f 2762/3759/3632 2789/3819/3692 2763/3761/3634
f 2763/3761/3634 2789/3819/3692 2788/3763/3636
f 2459/3815/3688 2458/3820/3693 2792/3816/3689
f 2792/3816/3689 2458/3820/3693 2793/3821/3694
f 2792/3816/3689 2793/3821/3694 2791/3817/3690
f 2791/3817/3690 2793/3821/3694 2794/3822/3695
f 2791/3817/3690 2794/3822/3695 2790/3818/3691
f 2790/3818/3691 2794/3822/3695 2795/3823/3696
f 2790/3818/3691 2795/3823/3696 2789/3819/3692
f 2789/3819/3692 2795/3823/3696 2796/3824/3697
f 2789/3819/3692 2796/3824/3697 2788/3763/3636
f 2788/3763/3636 2796/3824/3697 2797/3765/3638
f 2458/3820/3693 2457/3825/3698 2793/3821/3694
f 2793/3821/3694 2457/3825/3698 2456/3826/3699
f 2793/3821/3694 2456/3826/3699 2812/3827/3700
f 2812/3827/3700 2456/3826/3699 2455/3828/3701
f 2812/3827/3700 2455/3828/3701 2757/3829/3702
f 2757/3829/3702 2455/3828/3701 2845/3830/3703
f 2757/3829/3702 2845/3830/3703 2844/3831/3704
f 2844/3831/3704 2845/3830/3703 2846/3832/3705
f 2844/3831/3704 2846/3832/3705 2847/3833/3706
f 2847/3833/3706 2846/3832/3705 2862/3834/3707
f 2847/3833/3706 2862/3834/3707 2863/3835/3708
f 2863/3835/3708 2862/3834/3707 2889/3836/3709
f 2863/3835/3708 2889/3836/3709 2888/3837/3710
f 2888/3837/3710 2889/3836/3709 2891/3838/3711
f 2888/3837/3710 2891/3838/3711 2892/3839/3712
f 2892/3839/3712 2891/3838/3711 2915/3840/3713
f 2892/3839/3712 2915/3840/3713 2914/3841/3714
f 2914/3841/3714 2915/3840/3713 2918/3842/3715
f 2914/3841/3714 2918/3842/3715 2919/3843/3716
f 2919/3843/3716 2918/3842/3715 2937/3844/3717
f 2919/3843/3716 2937/3844/3717 2936/3845/3718
f 2936/3845/3718 2937/3844/3717 2941/3846/3719
f 2936/3845/3718 2941/3846/3719 2942/3847/3720
f 2942/3847/3720 2941/3846/3719 2957/3848/3721
f 2942/3847/3720 2957/3848/3721 2956/3849/3722
f 2956/3849/3722 2957/3848/3721 2961/3850/3723
f 2956/3849/3722 2961/3850/3723 2962/3851/3724
f 2962/3851/3724 2961/3850/3723 2975/3852/3725
f 2962/3851/3724 2975/3852/3725 2974/3853/3726
f 2974/3853/3726 2975/3852/3725 2980/3854/3727
f 2974/3853/3726 2980/3854/3727 2981/3855/3728
f 2981/3855/3728 2980/3854/3727 2989/3856/3729
f 2981/3855/3728 2989/3856/3729 2990/3857/3730
f 2990/3857/3730 2989/3856/3729 2996/3858/3731
f 2990/3857/3730 2996/3858/3731 2995/3859/3732
f 2995/3859/3732 2996/3858/3731 3003/3805/3678
f 2995/3859/3732 3003/3805/3678 3004/3803/3676
f 2845/3830/3703 2455/3828/3701 2846/3832/3705
f 2846/3832/3705 2455/3828/3701 2454/3860/3733
f 2846/3832/3705 2454/3860/3733 2862/3834/3707
f 2862/3834/3707 2454/3860/3733 2453/3861/3734
f 2862/3834/3707 2453/3861/3734 2889/3836/3709
f 2889/3836/3709 2453/3861/3734 2890/3862/3735
f 2889/3836/3709 2890/3862/3735 2891/3838/3711
f 2891/3838/3711 2890/3862/3735 2916/3863/3736
f 2891/3838/3711 2916/3863/3736 2915/3840/3713
f 2915/3840/3713 2916/3863/3736 2452/3864/3737
f 2915/3840/3713 2452/3864/3737 2917/3865/3738
f 2917/3865/3738 2452/3864/3737 2451/3866/3739
f 2917/3865/3738 2451/3866/3739 2939/3867/3740
f 2939/3867/3740 2451/3866/3739 2450/3868/3741
f 2939/3867/3740 2450/3868/3741 2938/3869/3742
f 2938/3869/3742 2450/3868/3741 2940/3870/3743
f 2938/3869/3742 2940/3870/3743 2937/3844/3717
f 2937/3844/3717 2940/3870/3743 2941/3846/3719
f 2453/3861/3734 2452/3864/3737 2890/3862/3735
f 2890/3862/3735 2452/3864/3737 2916/3863/3736
f 2450/3868/3741 2449/3871/3744 2940/3870/3743
f 2940/3870/3743 2449/3871/3744 2958/3872/3745
f 2940/3870/3743 2958/3872/3745 2941/3846/3719
f 2941/3846/3719 2958/3872/3745 2957/3848/3721
f 2958/3872/3745 2449/3871/3744 2959/3873/3746
f 2959/3873/3746 2449/3871/3744 2448/3874/3747
f 2959/3873/3746 2448/3874/3747 2977/3875/3748
f 2977/3875/3748 2448/3874/3747 2978/3876/3749
f 2977/3875/3748 2978/3876/3749 2976/3877/3750
f 2976/3877/3750 2978/3876/3749 2979/3878/3751
f 2976/3877/3750 2979/3878/3751 2975/3852/3725
f 2975/3852/3725 2979/3878/3751 2980/3854/3727
f 2448/3874/3747 2447/3879/3752 2978/3876/3749
f 2978/3876/3749 2447/3879/3752 2986/3880/3753
f 2978/3876/3749 2986/3880/3753 2987/3881/3754
f 2987/3881/3754 2986/3880/3753 2999/3882/3755
f 2987/3881/3754 2999/3882/3755 2998/3883/3756
f 2998/3883/3756 2999/3882/3755 3000/3811/3684
f 2998/3883/3756 3000/3811/3684 3001/3809/3682
f 2447/3879/3752 2446/3884/3757 2986/3880/3753
f 2986/3880/3753 2446/3884/3757 2999/3882/3755
f 2446/3884/3757 2445/3813/3686 2999/3882/3755
f 2999/3882/3755 2445/3813/3686 3000/3811/3684
f 3006/3812/3685 2444/3814/3687 3011/3885/3758
f 3011/3885/3758 2444/3814/3687 2443/3886/3759
f 3011/3885/3758 2443/3886/3759 3016/3887/3760
f 3016/3887/3760 2443/3886/3759 2442/3888/3761
f 3016/3887/3760 2442/3888/3761 2441/3889/3762
f 3016/3887/3760 2441/3889/3762 3017/3890/3763
f 3017/3890/3763 2441/3889/3762 2440/3891/3764
f 3017/3890/3763 2440/3891/3764 3018/3892/3765
f 3018/3892/3765 2440/3891/3764 2439/3893/3766
f 3018/3892/3765 2439/3893/3766 3020/3894/3767
f 3020/3894/3767 2439/3893/3766 2438/3895/3768
f 3020/3894/3767 2438/3895/3768 2437/3896/3769
f 2436/3897/3770 3021/3898/3771 2437/3896/3769
f 2437/3896/3769 3021/3898/3771 3019/3899/3772
f 2437/3896/3769 3019/3899/3772 3018/3892/3765
f 3018/3892/3765 3019/3899/3772 3014/3900/3773
f 3018/3892/3765 3014/3900/3773 3013/3901/3774
f 3013/3901/3774 3014/3900/3773 3009/3806/3679
f 3013/3901/3774 3009/3806/3679 3008/3808/3681
f 2436/3897/3770 2435/3902/3775 3021/3898/3771
f 3021/3898/3771 2435/3902/3775 2433/3903/3776
f 3021/3898/3771 2433/3903/3776 2733/3904/3606
f 2435/3902/3775 2434/3905/3777 2433/3903/3776
f 3021/3898/3771 2733/3904/3606 3019/3899/3772
f 3019/3899/3772 2733/3904/3606 2732/3906/3778
f 3019/3899/3772 2732/3906/3778 3015/3907/3779
f 3015/3907/3779 2732/3906/3778 2731/3908/3780
f 3015/3907/3779 2731/3908/3780 2751/3802/3675
f 2751/3802/3675 2731/3908/3780 2730/3800/3673
f 2728/3796/3669 2727/3909/3781 2969/3794/3667
f 2969/3794/3667 2727/3909/3781 2968/3910/3782
f 2969/3794/3667 2968/3910/3782 2967/3792/3665
f 2967/3792/3665 2968/3910/3782 2950/3911/3783
f 2967/3792/3665 2950/3911/3783 2951/3790/3663
f 2951/3790/3663 2950/3911/3783 2948/3912/3784
f 2951/3790/3663 2948/3912/3784 2947/3788/3661
f 2947/3788/3661 2948/3912/3784 2930/3913/3785
f 2947/3788/3661 2930/3913/3785 2931/3786/3659
f 2931/3786/3659 2930/3913/3785 2925/3914/3786
f 2931/3786/3659 2925/3914/3786 2924/3784/3657
f 2924/3784/3657 2925/3914/3786 2908/3915/3787
f 2924/3784/3657 2908/3915/3787 2909/3782/3655
f 2909/3782/3655 2908/3915/3787 2898/3916/3788
f 2909/3782/3655 2898/3916/3788 2897/3780/3653
f 2897/3780/3653 2898/3916/3788 2882/3917/3789
f 2897/3780/3653 2882/3917/3789 2883/3778/3651
f 2883/3778/3651 2882/3917/3789 2869/3918/3790
f 2883/3778/3651 2869/3918/3790 2868/3776/3649
f 2868/3776/3649 2869/3918/3790 2853/3919/3791
f 2868/3776/3649 2853/3919/3791 2852/3774/3647
f 2852/3774/3647 2853/3919/3791 2838/3920/3792
f 2852/3774/3647 2838/3920/3792 2839/3772/3645
f 2839/3772/3645 2838/3920/3792 3032/3921/3793
f 2839/3772/3645 3032/3921/3793 3033/3770/3643
f 3033/3770/3643 3032/3921/3793 2818/3922/3794
f 3033/3770/3643 2818/3922/3794 2817/3768/3641
f 2817/3768/3641 2818/3922/3794 2799/3923/3795
f 2817/3768/3641 2799/3923/3795 2798/3766/3639
f 2798/3766/3639 2799/3923/3795 2786/3924/3796
f 2798/3766/3639 2786/3924/3796 2787/3764/3637
f 2787/3764/3637 2786/3924/3796 2764/3762/3635
f 2727/3909/3781 2726/3925/3797 2968/3910/3782
f 2968/3910/3782 2726/3925/3797 2753/3926/3798
f 2968/3910/3782 2753/3926/3798 2950/3911/3783
f 2950/3911/3783 2753/3926/3798 2949/3927/3799
f 2950/3911/3783 2949/3927/3799 2948/3912/3784
f 2948/3912/3784 2949/3927/3799 2929/3928/3800
f 2948/3912/3784 2929/3928/3800 2930/3913/3785
f 2930/3913/3785 2929/3928/3800 2927/3929/3801
f 2930/3913/3785 2927/3929/3801 2926/3930/3802
f 2926/3930/3802 2927/3929/3801 2906/3931/3803
f 2926/3930/3802 2906/3931/3803 2907/3932/3804
f 2907/3932/3804 2906/3931/3803 2900/3933/3805
f 2907/3932/3804 2900/3933/3805 2899/3934/3806
f 2899/3934/3806 2900/3933/3805 2880/3935/3807
f 2899/3934/3806 2880/3935/3807 2881/3936/3808
f 2881/3936/3808 2880/3935/3807 2871/3937/3809
f 2881/3936/3808 2871/3937/3809 2870/3938/3810
f 2870/3938/3810 2871/3937/3809 2855/3939/3811
f 2870/3938/3810 2855/3939/3811 2854/3940/3812
f 2854/3940/3812 2855/3939/3811 2836/3941/3813
f 2854/3940/3812 2836/3941/3813 2837/3942/3814
f 2837/3942/3814 2836/3941/3813 3030/3943/3815
f 2837/3942/3814 3030/3943/3815 3031/3944/3816
f 3031/3944/3816 3030/3943/3815 2820/3945/3817
f 3031/3944/3816 2820/3945/3817 2819/3946/3818
f 2819/3946/3818 2820/3945/3817 2801/3947/3819
f 2819/3946/3818 2801/3947/3819 2800/3948/3820
f 2800/3948/3820 2801/3947/3819 2784/3949/3821
f 2800/3948/3820 2784/3949/3821 2785/3950/3822
f 2785/3950/3822 2784/3949/3821 2766/3951/3823
f 2785/3950/3822 2766/3951/3823 2765/3952/3824
f 2765/3952/3824 2766/3951/3823 2745/3953/3825
f 2765/3952/3824 2745/3953/3825 2746/3954/3826
f 2726/3925/3797 2725/3955/3827 2753/3926/3798
f 2753/3926/3798 2725/3955/3827 2754/3956/3828
f 2753/3926/3798 2754/3956/3828 2949/3927/3799
f 2949/3927/3799 2754/3956/3828 2928/3957/3829
f 2949/3927/3799 2928/3957/3829 2929/3928/3800
f 2929/3928/3800 2928/3957/3829 2755/3958/3830
f 2929/3928/3800 2755/3958/3830 2927/3929/3801
f 2927/3929/3801 2755/3958/3830 2905/3959/3831
f 2927/3929/3801 2905/3959/3831 2906/3931/3803
f 2906/3931/3803 2905/3959/3831 2901/3960/3832
f 2906/3931/3803 2901/3960/3832 2900/3933/3805
f 2900/3933/3805 2901/3960/3832 2879/3961/3833
f 2900/3933/3805 2879/3961/3833 2880/3935/3807
f 2880/3935/3807 2879/3961/3833 2872/3962/3834
f 2880/3935/3807 2872/3962/3834 2871/3937/3809
f 2871/3937/3809 2872/3962/3834 2856/3963/3835
f 2871/3937/3809 2856/3963/3835 2855/3939/3811
f 2855/3939/3811 2856/3963/3835 2835/3964/3836
f 2855/3939/3811 2835/3964/3836 2836/3941/3813
f 2836/3941/3813 2835/3964/3836 3029/3965/3837
f 2836/3941/3813 3029/3965/3837 3030/3943/3815
f 3030/3943/3815 3029/3965/3837 2821/3966/3838
f 3030/3943/3815 2821/3966/3838 2820/3945/3817
f 2820/3945/3817 2821/3966/3838 2802/3967/3839
f 2820/3945/3817 2802/3967/3839 2801/3947/3819
f 2801/3947/3819 2802/3967/3839 2783/3968/3840
f 2801/3947/3819 2783/3968/3840 2784/3949/3821
f 2784/3949/3821 2783/3968/3840 2767/3969/3841
f 2784/3949/3821 2767/3969/3841 2766/3951/3823
f 2766/3951/3823 2767/3969/3841 2745/3953/3825
f 2725/3955/3827 2724/3970/3842 2754/3956/3828
f 2754/3956/3828 2724/3970/3842 2928/3957/3829
f 2928/3957/3829 2724/3970/3842 2755/3958/3830
f 2755/3958/3830 2724/3970/3842 2723/3971/3843
f 2755/3958/3830 2723/3971/3843 2904/3972/3844
f 2904/3972/3844 2723/3971/3843 2903/3973/3845
f 2904/3972/3844 2903/3973/3845 2902/3974/3846
f 2902/3974/3846 2903/3973/3845 2877/3975/3847
f 2902/3974/3846 2877/3975/3847 2878/3976/3848
f 2878/3976/3848 2877/3975/3847 2874/3977/3849
f 2878/3976/3848 2874/3977/3849 2873/3978/3850
f 2873/3978/3850 2874/3977/3849 2858/3979/3851
f 2873/3978/3850 2858/3979/3851 2857/3980/3852
f 2857/3980/3852 2858/3979/3851 2833/3981/3853
f 2857/3980/3852 2833/3981/3853 2834/3982/3854
f 2834/3982/3854 2833/3981/3853 3027/3983/3855
f 2834/3982/3854 3027/3983/3855 3028/3984/3856
f 3028/3984/3856 3027/3983/3855 2823/3985/3857
f 3028/3984/3856 2823/3985/3857 2822/3986/3858
f 2822/3986/3858 2823/3985/3857 2804/3987/3859
f 2822/3986/3858 2804/3987/3859 2803/3988/3860
f 2803/3988/3860 2804/3987/3859 2781/3989/3861
f 2803/3988/3860 2781/3989/3861 2782/3990/3862
f 2782/3990/3862 2781/3989/3861 2769/3991/3863
f 2782/3990/3862 2769/3991/3863 2768/3992/3864
f 2768/3992/3864 2769/3991/3863 2743/3993/3865
f 2768/3992/3864 2743/3993/3865 2744/3994/3866
f 2723/3971/3843 2722/3995/3867 2903/3973/3845
f 2903/3973/3845 2722/3995/3867 2756/3996/3868
f 2903/3973/3845 2756/3996/3868 2877/3975/3847
f 2877/3975/3847 2756/3996/3868 2875/3997/3869
f 2877/3975/3847 2875/3997/3869 2874/3977/3849
f 2874/3977/3849 2875/3997/3869 2859/3998/3870
f 2874/3977/3849 2859/3998/3870 2858/3979/3851
f 2858/3979/3851 2859/3998/3870 2832/3999/3871
f 2858/3979/3851 2832/3999/3871 2833/3981/3853
f 2833/3981/3853 2832/3999/3871 3026/4000/3872
f 2833/3981/3853 3026/4000/3872 3027/3983/3855
f 3027/3983/3855 3026/4000/3872 2824/4001/3873
f 3027/3983/3855 2824/4001/3873 2823/3985/3857
f 2823/3985/3857 2824/4001/3873 2805/4002/3874
f 2823/3985/3857 2805/4002/3874 2804/3987/3859
f 2804/3987/3859 2805/4002/3874 2780/4003/3875
f 2804/3987/3859 2780/4003/3875 2781/3989/3861
f 2781/3989/3861 2780/4003/3875 2770/4004/3876
f 2781/3989/3861 2770/4004/3876 2769/3991/3863
f 2769/3991/3863 2770/4004/3876 2742/4005/3877
f 2769/3991/3863 2742/4005/3877 2743/3993/3865
f 2722/3995/3867 2721/4006/3878 2756/3996/3868
f 2756/3996/3868 2721/4006/3878 2876/4007/3879
f 2756/3996/3868 2876/4007/3879 2875/3997/3869
f 2875/3997/3869 2876/4007/3879 2860/4008/3880
f 2875/3997/3869 2860/4008/3880 2859/3998/3870
f 2859/3998/3870 2860/4008/3880 2831/4009/3881
f 2859/3998/3870 2831/4009/3881 2832/3999/3871
f 2832/3999/3871 2831/4009/3881 3025/4010/3882
f 2832/3999/3871 3025/4010/3882 3026/4000/3872
f 3026/4000/3872 3025/4010/3882 2825/4011/3883
f 3026/4000/3872 2825/4011/3883 2824/4001/3873
f 2824/4001/3873 2825/4011/3883 2806/4012/3884
f 2824/4001/3873 2806/4012/3884 2805/4002/3874
f 2805/4002/3874 2806/4012/3884 2779/4013/3885
f 2805/4002/3874 2779/4013/3885 2780/4003/3875
f 2780/4003/3875 2779/4013/3885 2771/4014/3886
f 2780/4003/3875 2771/4014/3886 2770/4004/3876
f 2770/4004/3876 2771/4014/3886 2741/4015/3887
f 2770/4004/3876 2741/4015/3887 2742/4005/3877
f 2876/4007/3879 2721/4006/3878 2861/4016/3888
f 2861/4016/3888 2721/4006/3878 2720/4017/3889
f 2861/4016/3888 2720/4017/3889 2829/4018/3890
f 2829/4018/3890 2720/4017/3889 2719/4019/3891
f 2829/4018/3890 2719/4019/3891 3022/4020/3892
f 3022/4020/3892 2719/4019/3891 2758/4021/3893
f 3022/4020/3892 2758/4021/3893 2828/4022/3894
f 2828/4022/3894 2758/4021/3893 2810/4023/3895
f 2828/4022/3894 2810/4023/3895 2809/4024/3896
f 2809/4024/3896 2810/4023/3895 2775/4025/3897
f 2809/4024/3896 2775/4025/3897 2776/4026/3898
f 2776/4026/3898 2775/4025/3897 2737/4027/3899
f 2776/4026/3898 2737/4027/3899 2738/4028/3900
f 2719/4019/3891 2718/4029/3901 2758/4021/3893
f 2758/4021/3893 2718/4029/3901 2811/4030/3902
f 2758/4021/3893 2811/4030/3902 2810/4023/3895
f 2810/4023/3895 2811/4030/3902 2774/4031/3903
f 2810/4023/3895 2774/4031/3903 2775/4025/3897
f 2775/4025/3897 2774/4031/3903 2736/4032/3904
f 2775/4025/3897 2736/4032/3904 2737/4027/3899
f 2718/4029/3901 2717/4033/3905 2811/4030/3902
f 2811/4030/3902 2717/4033/3905 2774/4031/3903
f 2717/4033/3905 2716/4034/3906 2774/4031/3903
f 2774/4031/3903 2716/4034/3906 2736/4032/3904
f 2776/4026/3898 2738/4028/3900 2777/4035/3907
f 2777/4035/3907 2738/4028/3900 2739/4036/3908
f 2777/4035/3907 2739/4036/3908 2778/4037/3909
f 2778/4037/3909 2739/4036/3908 2773/4038/3910
f 2778/4037/3909 2773/4038/3910 2772/4039/3911
f 2772/4039/3911 2773/4038/3910 2740/4040/3912
f 2772/4039/3911 2740/4040/3912 2741/4015/3887
f 2739/4036/3908 2740/4040/3912 2773/4038/3910
f 2768/3992/3864 2744/3994/3866 2767/3969/3841
f 2767/3969/3841 2744/3994/3866 2745/3953/3825
f 2765/3952/3824 2746/3954/3826 2764/3762/3635
f 2764/3762/3635 2746/3954/3826 2747/4041/3913
f 2764/3762/3635 2747/4041/3913 2748/3760/3633
f 2437/3896/3769 3018/3892/3765 3020/3894/3767
f 2905/3959/3831 2755/3958/3830 2904/3972/3844
f 2785/3950/3822 2765/3952/3824 2786/3924/3796
f 2786/3924/3796 2765/3952/3824 2764/3762/3635
f 2782/3990/3862 2768/3992/3864 2783/3968/3840
f 2783/3968/3840 2768/3992/3864 2767/3969/3841
f 2772/4039/3911 2741/4015/3887 2771/4014/3886
f 2778/4037/3909 2772/4039/3911 2779/4013/3885
f 2779/4013/3885 2772/4039/3911 2771/4014/3886
f 2776/4026/3898 2777/4035/3907 2808/4042/3914
f 2808/4042/3914 2777/4035/3907 2807/4043/3915
f 2808/4042/3914 2807/4043/3915 2826/4044/3916
f 2826/4044/3916 2807/4043/3915 2825/4011/3883
f 2826/4044/3916 2825/4011/3883 3025/4010/3882
f 2777/4035/3907 2778/4037/3909 2807/4043/3915
f 2807/4043/3915 2778/4037/3909 2806/4012/3884
f 2807/4043/3915 2806/4012/3884 2825/4011/3883
f 2778/4037/3909 2779/4013/3885 2806/4012/3884
f 2803/3988/3860 2782/3990/3862 2802/3967/3839
f 2802/3967/3839 2782/3990/3862 2783/3968/3840
f 2800/3948/3820 2785/3950/3822 2799/3923/3795
f 2799/3923/3795 2785/3950/3822 2786/3924/3796
f 2793/3821/3694 2812/3827/3700 2794/3822/3695
f 2794/3822/3695 2812/3827/3700 2813/4045/3917
f 2794/3822/3695 2813/4045/3917 2795/3823/3696
f 2795/3823/3696 2813/4045/3917 2814/4046/3918
f 2795/3823/3696 2814/4046/3918 2796/3824/3697
f 2796/3824/3697 2814/4046/3918 2815/4047/3919
f 2796/3824/3697 2815/4047/3919 2797/3765/3638
f 2797/3765/3638 2815/4047/3919 2816/3767/3640
f 2819/3946/3818 2800/3948/3820 2818/3922/3794
f 2818/3922/3794 2800/3948/3820 2799/3923/3795
f 2822/3986/3858 2803/3988/3860 2821/3966/3838
f 2821/3966/3838 2803/3988/3860 2802/3967/3839
f 2776/4026/3898 2808/4042/3914 2809/4024/3896
f 2809/4024/3896 2808/4042/3914 2827/4048/3920
f 2809/4024/3896 2827/4048/3920 2828/4022/3894
f 2828/4022/3894 2827/4048/3920 3023/4049/3921
f 2828/4022/3894 3023/4049/3921 3022/4020/3892
f 3022/4020/3892 3023/4049/3921 2829/4018/3890
f 2827/4048/3920 2808/4042/3914 2826/4044/3916
f 2812/3827/3700 2757/3829/3702 2813/4045/3917
f 2813/4045/3917 2757/3829/3702 3037/4050/3922
f 2813/4045/3917 3037/4050/3922 2814/4046/3918
f 2814/4046/3918 3037/4050/3922 3036/4051/3923
f 2814/4046/3918 3036/4051/3923 2815/4047/3919
f 2815/4047/3919 3036/4051/3923 3035/4052/3924
f 2815/4047/3919 3035/4052/3924 2816/3767/3640
f 2816/3767/3640 3035/4052/3924 3034/3769/3642
f 3031/3944/3816 2819/3946/3818 3032/3921/3793
f 3032/3921/3793 2819/3946/3818 2818/3922/3794
f 3028/3984/3856 2822/3986/3858 3029/3965/3837
f 3029/3965/3837 2822/3986/3858 2821/3966/3838
f 2827/4048/3920 2826/4044/3916 3024/4053/3925
f 3024/4053/3925 2826/4044/3916 3025/4010/3882
f 3024/4053/3925 3025/4010/3882 2831/4009/3881
f 2829/4018/3890 2830/4054/3926 2861/4016/3888
f 2861/4016/3888 2830/4054/3926 2860/4008/3880
f 2861/4016/3888 2860/4008/3880 2876/4007/3879
f 3024/4053/3925 2831/4009/3881 2830/4054/3926
f 2830/4054/3926 2831/4009/3881 2860/4008/3880
f 3024/4053/3925 2830/4054/3926 3023/4049/3921
f 3023/4049/3921 2830/4054/3926 2829/4018/3890
f 2857/3980/3852 2834/3982/3854 2856/3963/3835
f 2856/3963/3835 2834/3982/3854 2835/3964/3836
f 3029/3965/3837 2835/3964/3836 3028/3984/3856
f 3028/3984/3856 2835/3964/3836 2834/3982/3854
f 2854/3940/3812 2837/3942/3814 2853/3919/3791
f 2853/3919/3791 2837/3942/3814 2838/3920/3792
f 3032/3921/3793 2838/3920/3792 3031/3944/3816
f 3031/3944/3816 2838/3920/3792 2837/3942/3814
f 2840/3771/3644 2841/4055/3927 2850/4056/3928
f 2850/4056/3928 2841/4055/3927 2849/4057/3929
f 2850/4056/3928 2849/4057/3929 2865/4058/3930
f 2865/4058/3930 2849/4057/3929 2864/4059/3931
f 2865/4058/3930 2864/4059/3931 2887/4060/3932
f 2887/4060/3932 2864/4059/3931 2888/3837/3710
f 2887/4060/3932 2888/3837/3710 2892/3839/3712
f 2841/4055/3927 2842/4061/3933 2849/4057/3929
f 2849/4057/3929 2842/4061/3933 2848/4062/3934
f 2849/4057/3929 2848/4062/3934 2864/4059/3931
f 2864/4059/3931 2848/4062/3934 2863/3835/3708
f 2864/4059/3931 2863/3835/3708 2888/3837/3710
f 2840/3771/3644 3034/3769/3642 2841/4055/3927
f 2841/4055/3927 3034/3769/3642 3035/4052/3924
f 2841/4055/3927 3035/4052/3924 2842/4061/3933
f 2842/4061/3933 3035/4052/3924 3036/4051/3923
f 2842/4061/3933 3036/4051/3923 2843/4063/3935
f 2843/4063/3935 3036/4051/3923 3037/4050/3922
f 2843/4063/3935 3037/4050/3922 2844/3831/3704
f 2844/3831/3704 3037/4050/3922 2757/3829/3702
f 2842/4061/3933 2843/4063/3935 2848/4062/3934
f 2848/4062/3934 2843/4063/3935 2847/3833/3706
f 2848/4062/3934 2847/3833/3706 2863/3835/3708
f 2843/4063/3935 2844/3831/3704 2847/3833/3706
f 2840/3771/3644 2850/4056/3928 2851/3773/3646
f 2851/3773/3646 2850/4056/3928 2866/4064/3936
f 2851/3773/3646 2866/4064/3936 2867/3775/3648
f 2867/3775/3648 2866/4064/3936 2885/4065/3937
f 2867/3775/3648 2885/4065/3937 2884/3777/3650
f 2884/3777/3650 2885/4065/3937 2895/4066/3938
f 2884/3777/3650 2895/4066/3938 2896/3779/3652
f 2896/3779/3652 2895/4066/3938 2911/4067/3939
f 2896/3779/3652 2911/4067/3939 2910/3781/3654
f 2910/3781/3654 2911/4067/3939 2922/4068/3940
f 2910/3781/3654 2922/4068/3940 2923/3783/3656
f 2923/3783/3656 2922/4068/3940 2933/4069/3941
f 2923/3783/3656 2933/4069/3941 2932/3785/3658
f 2932/3785/3658 2933/4069/3941 2945/4070/3942
f 2932/3785/3658 2945/4070/3942 2946/3787/3660
f 2946/3787/3660 2945/4070/3942 2953/4071/3943
f 2946/3787/3660 2953/4071/3943 2952/3789/3662
f 2952/3789/3662 2953/4071/3943 2965/4072/3944
f 2952/3789/3662 2965/4072/3944 2966/3791/3664
f 2966/3791/3664 2965/4072/3944 2971/4073/3945
f 2966/3791/3664 2971/4073/3945 2970/3793/3666
f 2970/3793/3666 2971/4073/3945 2984/4074/3946
f 2970/3793/3666 2984/4074/3946 2985/3795/3668
f 2985/3795/3668 2984/4074/3946 2752/3797/3670
f 2866/4064/3936 2850/4056/3928 2865/4058/3930
f 2870/3938/3810 2854/3940/3812 2869/3918/3790
f 2869/3918/3790 2854/3940/3812 2853/3919/3791
f 2873/3978/3850 2857/3980/3852 2872/3962/3834
f 2872/3962/3834 2857/3980/3852 2856/3963/3835
f 2866/4064/3936 2865/4058/3930 2886/4075/3947
f 2886/4075/3947 2865/4058/3930 2887/4060/3932
f 2886/4075/3947 2887/4060/3932 2893/4076/3948
f 2893/4076/3948 2887/4060/3932 2892/3839/3712
f 2893/4076/3948 2892/3839/3712 2914/3841/3714
f 2881/3936/3808 2870/3938/3810 2882/3917/3789
f 2882/3917/3789 2870/3938/3810 2869/3918/3790
f 2878/3976/3848 2873/3978/3850 2879/3961/3833
f 2879/3961/3833 2873/3978/3850 2872/3962/3834
f 2902/3974/3846 2878/3976/3848 2901/3960/3832
f 2901/3960/3832 2878/3976/3848 2879/3961/3833
f 2899/3934/3806 2881/3936/3808 2898/3916/3788
f 2898/3916/3788 2881/3936/3808 2882/3917/3789
f 2885/4065/3937 2886/4075/3947 2894/4077/3949
f 2894/4077/3949 2886/4075/3947 2893/4076/3948
f 2894/4077/3949 2893/4076/3948 2913/4078/3950
f 2913/4078/3950 2893/4076/3948 2914/3841/3714
f 2913/4078/3950 2914/3841/3714 2919/3843/3716
f 2886/4075/3947 2885/4065/3937 2866/4064/3936
f 2885/4065/3937 2894/4077/3949 2895/4066/3938
f 2895/4066/3938 2894/4077/3949 2912/4079/3951
f 2895/4066/3938 2912/4079/3951 2911/4067/3939
f 2911/4067/3939 2912/4079/3951 2921/4080/3952
f 2911/4067/3939 2921/4080/3952 2922/4068/3940
f 2922/4068/3940 2921/4080/3952 2934/4081/3953
f 2922/4068/3940 2934/4081/3953 2933/4069/3941
f 2933/4069/3941 2934/4081/3953 2944/4082/3954
f 2933/4069/3941 2944/4082/3954 2945/4070/3942
f 2945/4070/3942 2944/4082/3954 2954/4083/3955
f 2945/4070/3942 2954/4083/3955 2953/4071/3943
f 2953/4071/3943 2954/4083/3955 2964/4084/3956
f 2953/4071/3943 2964/4084/3956 2965/4072/3944
f 2965/4072/3944 2964/4084/3956 2972/4085/3957
f 2965/4072/3944 2972/4085/3957 2971/4073/3945
f 2971/4073/3945 2972/4085/3957 2983/4086/3958
f 2971/4073/3945 2983/4086/3958 2984/4074/3946
f 2984/4074/3946 2983/4086/3958 2992/4087/3959
f 2984/4074/3946 2992/4087/3959 2752/3797/3670
f 2752/3797/3670 2992/4087/3959 2993/3799/3672
f 2912/4079/3951 2894/4077/3949 2913/4078/3950
f 2907/3932/3804 2899/3934/3806 2908/3915/3787
f 2908/3915/3787 2899/3934/3806 2898/3916/3788
f 2904/3972/3844 2902/3974/3846 2905/3959/3831
f 2905/3959/3831 2902/3974/3846 2901/3960/3832
f 2926/3930/3802 2907/3932/3804 2925/3914/3786
f 2925/3914/3786 2907/3932/3804 2908/3915/3787
f 2912/4079/3951 2913/4078/3950 2920/4088/3960
f 2920/4088/3960 2913/4078/3950 2919/3843/3716
f 2920/4088/3960 2919/3843/3716 2936/3845/3718
f 2915/3840/3713 2917/3865/3738 2918/3842/3715
f 2918/3842/3715 2917/3865/3738 2938/3869/3742
f 2918/3842/3715 2938/3869/3742 2937/3844/3717
f 2939/3867/3740 2938/3869/3742 2917/3865/3738
f 2912/4079/3951 2920/4088/3960 2921/4080/3952
f 2921/4080/3952 2920/4088/3960 2935/4089/3961
f 2921/4080/3952 2935/4089/3961 2934/4081/3953
f 2934/4081/3953 2935/4089/3961 2943/4090/3962
f 2934/4081/3953 2943/4090/3962 2944/4082/3954
f 2944/4082/3954 2943/4090/3962 2955/4091/3963
f 2944/4082/3954 2955/4091/3963 2954/4083/3955
f 2954/4083/3955 2955/4091/3963 2963/4092/3964
f 2954/4083/3955 2963/4092/3964 2964/4084/3956
f 2964/4084/3956 2963/4092/3964 2973/4093/3965
f 2964/4084/3956 2973/4093/3965 2972/4085/3957
f 2972/4085/3957 2973/4093/3965 2982/4094/3966
f 2972/4085/3957 2982/4094/3966 2983/4086/3958
f 2983/4086/3958 2982/4094/3966 2991/4095/3967
f 2983/4086/3958 2991/4095/3967 2992/4087/3959
f 2992/4087/3959 2991/4095/3967 2994/4096/3968
f 2992/4087/3959 2994/4096/3968 2993/3799/3672
f 2993/3799/3672 2994/4096/3968 3005/3801/3674
f 2935/4089/3961 2920/4088/3960 2936/3845/3718
f 2930/3913/3785 2926/3930/3802 2925/3914/3786
f 2943/4090/3962 2935/4089/3961 2942/3847/3720
f 2942/3847/3720 2935/4089/3961 2936/3845/3718
f 2955/4091/3963 2943/4090/3962 2956/3849/3722
f 2956/3849/3722 2943/4090/3962 2942/3847/3720
f 2963/4092/3964 2955/4091/3963 2962/3851/3724
f 2962/3851/3724 2955/4091/3963 2956/3849/3722
f 2957/3848/3721 2958/3872/3745 2960/4097/3969
f 2960/4097/3969 2958/3872/3745 2959/3873/3746
f 2960/4097/3969 2959/3873/3746 2977/3875/3748
f 2957/3848/3721 2960/4097/3969 2961/3850/3723
f 2961/3850/3723 2960/4097/3969 2976/3877/3750
f 2961/3850/3723 2976/3877/3750 2975/3852/3725
f 2976/3877/3750 2960/4097/3969 2977/3875/3748
f 2973/4093/3965 2963/4092/3964 2974/3853/3726
f 2974/3853/3726 2963/4092/3964 2962/3851/3724
f 2982/4094/3966 2973/4093/3965 2981/3855/3728
f 2981/3855/3728 2973/4093/3965 2974/3853/3726
f 2978/3876/3749 2987/3881/3754 2979/3878/3751
f 2979/3878/3751 2987/3881/3754 2988/4098/3970
f 2979/3878/3751 2988/4098/3970 2980/3854/3727
f 2980/3854/3727 2988/4098/3970 2989/3856/3729
f 2991/4095/3967 2982/4094/3966 2990/3857/3730
f 2990/3857/3730 2982/4094/3966 2981/3855/3728
f 2987/3881/3754 2998/3883/3756 2988/4098/3970
f 2988/4098/3970 2998/3883/3756 2997/4099/3971
f 2988/4098/3970 2997/4099/3971 2989/3856/3729
f 2989/3856/3729 2997/4099/3971 2996/3858/3731
f 2994/4096/3968 2991/4095/3967 2995/3859/3732
f 2995/3859/3732 2991/4095/3967 2990/3857/3730
f 3004/3803/3676 3005/3801/3674 2994/4096/3968
f 2994/4096/3968 2995/3859/3732 3004/3803/3676
f 3002/3807/3680 3003/3805/3678 2996/3858/3731
f 3001/3809/3682 3002/3807/3680 2997/4099/3971
f 2997/4099/3971 3002/3807/3680 2996/3858/3731
f 2997/4099/3971 2998/3883/3756 3001/3809/3682
f 3006/3812/3685 3011/3885/3758 3007/3810/3683
f 3007/3810/3683 3011/3885/3758 3012/4100/3972
f 3007/3810/3683 3012/4100/3972 3008/3808/3681
f 3008/3808/3681 3012/4100/3972 3013/3901/3774
f 3015/3907/3779 2751/3802/3675 3010/3804/3677
f 3015/3907/3779 3010/3804/3677 3014/3900/3773
f 3014/3900/3773 3010/3804/3677 3009/3806/3679
f 3011/3885/3758 3016/3887/3760 3012/4100/3972
f 3012/4100/3972 3016/3887/3760 3017/3890/3763
f 3012/4100/3972 3017/3890/3763 3013/3901/3774
f 3013/3901/3774 3017/3890/3763 3018/3892/3765
f 3019/3899/3772 3015/3907/3779 3014/3900/3773
f 2827/4048/3920 3024/4053/3925 3023/4049/3921
f 3038/4101/3973 776/4102/3974 775/4103/3975
f 3040/4104/3976 3041/4105/3977 3039/4106/3978
f 3039/4106/3978 3041/4105/3977 3042/4107/3979
f 3039/4106/3978 3042/4107/3979 2459/4108/3980
f 2459/4108/3980 2735/4109/3981 3039/4106/3978
f 774/4110/3982 3038/4111/3983 775/4112/3984
f 3041/4113/3985 3040/4114/3986 3045/4115/3987
f 3045/4115/3987 3040/4114/3986 3043/4116/3988
f 3045/4115/3987 3043/4116/3988 3044/4117/3989
f 3044/4117/3989 3043/4116/3988 2459/4118/3990
f 3044/4117/3989 2459/4118/3990 3042/4119/3991
f 3044/4117/3989 3042/4119/3991 3045/4115/3987
f 3045/4115/3987 3042/4119/3991 3041/4113/3985
f 3046/4120/3992 3047/4121/3993 3050/4122/3994
f 3050/4122/3994 3047/4121/3993 3049/4123/3995
f 3049/4123/3995 3047/4121/3993 3043/4124/3996
f 3043/4124/3996 3047/4121/3993 3048/4125/3997
f 3064/4126/3998 3051/4127/3999 3056/4128/4000
f 3056/4128/4000 3051/4127/3999 3052/4129/4001
f 3056/4128/4000 3052/4129/4001 3053/4130/4002
f 3053/4130/4002 3054/4131/4003 3056/4128/4000
f 3056/4128/4000 3054/4131/4003 3055/4132/4004
f 3056/4128/4000 3057/4133/4005 3064/4126/3998
f 3064/4126/3998 3057/4133/4005 3058/4134/4006
f 3064/4126/3998 3058/4134/4006 3059/4135/4007
f 3064/4126/3998 3059/4135/4007 3063/4136/4008
f 3063/4136/4008 3059/4135/4007 3060/4137/4009
f 3063/4136/4008 3060/4137/4009 3061/4138/4010
f 3061/4138/4010 3062/4139/4011 3063/4136/4008
f 3063/4136/4008 3062/4139/4011 3046/4140/4012
f 3063/4136/4008 3046/4140/4012 3050/4141/4013
f 3050/4141/4013 3049/4142/4014 3063/4136/4008
f 3063/4136/4008 3049/4142/4014 3040/4143/4015
f 3040/4143/4015 3049/4142/4014 3043/4144/4016
f 3065/4145/4017 3066/4146/4018 3048/4147/4019
f 3048/4147/4019 3066/4146/4018 3089/4148/4020
f 3048/4147/4019 3089/4148/4020 3098/4149/4021
f 3098/4149/4021 3089/4148/4020 3088/4150/4022
f 3098/4149/4021 3088/4150/4022 3097/4151/4023
f 3097/4151/4023 3088/4150/4022 3087/4152/4024
f 3097/4151/4023 3087/4152/4024 3096/4153/4025
f 3096/4153/4025 3087/4152/4024 3086/4154/4026
f 3096/4153/4025 3086/4154/4026 3095/4155/4027
f 3095/4155/4027 3086/4154/4026 3085/4156/4028
f 3095/4155/4027 3085/4156/4028 3094/4157/4029
f 3094/4157/4029 3085/4156/4028 3084/4158/4030
f 3094/4157/4029 3084/4158/4030 3093/4159/4031
f 3093/4159/4031 3084/4158/4030 3083/4160/4032
f 3093/4159/4031 3083/4160/4032 3092/4161/4033
f 3092/4161/4033 3083/4160/4032 3078/4162/4034
f 3092/4161/4033 3078/4162/4034 3091/4163/4035
f 3091/4163/4035 3078/4162/4034 3079/4164/4036
f 3091/4163/4035 3079/4164/4036 3080/4165/4037
f 3066/4146/4018 3067/4166/4038 3089/4148/4020
f 3089/4148/4020 3067/4166/4038 3088/4150/4022
f 3067/4166/4038 3068/4167/4039 3088/4150/4022
f 3088/4150/4022 3068/4167/4039 3069/4168/4040
f 3088/4150/4022 3069/4168/4040 3087/4152/4024
f 3087/4152/4024 3069/4168/4040 3070/4169/4041
f 3087/4152/4024 3070/4169/4041 3071/4170/4042
f 3087/4152/4024 3071/4170/4042 3086/4154/4026
f 3086/4154/4026 3071/4170/4042 3072/4171/4043
f 3086/4154/4026 3072/4171/4043 3073/4172/4044
f 3086/4154/4026 3073/4172/4044 3085/4156/4028
f 3085/4156/4028 3073/4172/4044 3074/4173/4045
f 3085/4156/4028 3074/4173/4045 3075/4174/4046
f 3085/4156/4028 3075/4174/4046 3084/4158/4030
f 3084/4158/4030 3075/4174/4046 3076/4175/4047
f 3084/4158/4030 3076/4175/4047 3083/4160/4032
f 3083/4160/4032 3076/4175/4047 3077/4176/4048
f 3083/4160/4032 3077/4176/4048 3078/4162/4034
f 3091/4163/4035 3080/4165/4037 3090/4177/4049
f 3090/4177/4049 3080/4165/4037 3081/4178/4050
f 3090/4177/4049 3081/4178/4050 2468/4179/4051
f 2468/4179/4051 3081/4178/4050 2469/4180/4052
f 2469/4180/4052 3081/4178/4050 3082/4181/4053
f 2468/4179/4051 2467/4182/4054 3090/4177/4049
f 3090/4177/4049 2467/4182/4054 3091/4163/4035
f 3091/4163/4035 2467/4182/4054 3092/4161/4033
f 3092/4161/4033 2467/4182/4054 2466/4183/4055
f 3092/4161/4033 2466/4183/4055 3093/4159/4031
f 3093/4159/4031 2466/4183/4055 2465/4184/4056
f 3093/4159/4031 2465/4184/4056 3094/4157/4029
f 3094/4157/4029 2465/4184/4056 2464/4185/4057
f 3094/4157/4029 2464/4185/4057 3095/4155/4027
f 3095/4155/4027 2464/4185/4057 2463/4186/4058
f 3095/4155/4027 2463/4186/4058 3096/4153/4025
f 3096/4153/4025 2463/4186/4058 2462/4187/4059
f 3096/4153/4025 2462/4187/4059 3097/4151/4023
f 3097/4151/4023 2462/4187/4059 2461/4188/4060
f 3097/4151/4023 2461/4188/4060 3098/4149/4021
f 3098/4149/4021 2461/4188/4060 2460/4189/4061
f 3098/4149/4021 2460/4189/4061 2459/4190/4062
f 2459/4190/4062 3043/4191/4063 3098/4149/4021
f 3098/4149/4021 3043/4191/4063 3048/4147/4019
f 765/4192/4064 764/4193/4065 3102/4194/4066
f 3102/4194/4066 764/4193/4065 3101/4195/4067
f 3101/4195/4067 764/4193/4065 763/4196/4068
f 3101/4195/4067 763/4196/4068 3100/4197/4069
f 3100/4197/4069 763/4196/4068 3099/4198/4070
f 784/4199/4071 3103/4200/4072 785/4201/4073
f 785/4201/4073 3103/4200/4072 3104/4202/4074
f 785/4201/4073 3104/4202/4074 3105/4203/4075
f 3105/4203/4075 2708/4204/4076 785/4201/4073
f 763/4205/4077 762/4206/4078 3099/4207/4079
f 3099/4207/4079 762/4206/4078 1228/4208/4080
f 3099/4207/4079 1228/4208/4080 3112/4209/4081
f 3112/4209/4081 1228/4208/4080 1227/4210/4082
f 3112/4209/4081 1227/4210/4082 3111/4211/4083
f 3111/4211/4083 1227/4210/4082 3110/4212/4084
f 3110/4212/4084 1227/4210/4082 3109/4213/4085
f 3109/4213/4085 1227/4210/4082 3108/4214/4086
f 3108/4214/4086 1227/4210/4082 3107/4215/4087
f 3107/4215/4087 1227/4210/4082 3106/4216/4088
f 3106/4216/4088 1227/4210/4082 1226/4217/4089
f 3106/4216/4088 1226/4217/4089 3082/4218/4090
f 3082/4218/4090 1226/4217/4089 2469/4219/4052
f 2469/4219/4052 1226/4217/4089 2470/4220/4091
f 2470/4220/4091 1226/4217/4089 1225/4221/4092
f 2470/4220/4091 1225/4221/4092 2471/4222/4093
f 2471/4222/4093 1225/4221/4092 2472/4223/4094
f 2472/4223/4094 1225/4221/4092 1224/4224/4095
f 2472/4223/4094 1224/4224/4095 2473/4225/4096
f 2473/4225/4096 1224/4224/4095 1223/4226/4097
f 2473/4225/4096 1223/4226/4097 2474/4227/4098
f 2474/4227/4098 1223/4226/4097 1222/4228/4099
f 2474/4227/4098 1222/4228/4099 2475/4229/4100
f 2475/4229/4100 1222/4228/4099 2476/4230/4101
f 2476/4230/4101 1222/4228/4099 1221/4231/4102
f 2476/4230/4101 1221/4231/4102 2477/4232/4103
f 2477/4232/4103 1221/4231/4102 1220/4233/4104
f 2477/4232/4103 1220/4233/4104 2478/4234/4105
f 2478/4234/4105 1220/4233/4104 1219/4235/4106
f 2478/4234/4105 1219/4235/4106 2479/4236/4107
f 2479/4236/4107 1219/4235/4106 1218/4237/4108
f 2479/4236/4107 1218/4237/4108 2480/4238/4109
f 2480/4238/4109 1218/4237/4108 2481/4239/4110
f 2481/4239/4110 1218/4237/4108 1217/4240/4111
f 2481/4239/4110 1217/4240/4111 2482/4241/4112
f 2482/4241/4112 1217/4240/4111 2483/4242/4113
f 2483/4242/4113 1217/4240/4111 2484/4243/4114
f 2484/4243/4114 1217/4240/4111 1216/4244/1913
f 2484/4243/4114 1216/4244/1913 2733/4245/4115
f 762/4206/4078 761/4246/4116 1228/4208/4080
f 1228/4208/4080 761/4246/4116 1229/4247/4117
f 1229/4247/4117 761/4246/4116 760/4248/4118
f 1229/4247/4117 760/4248/4118 759/4249/4119
f 1229/4247/4117 759/4249/4119 1230/4250/4120
f 1230/4250/4120 759/4249/4119 758/4251/4121
f 1230/4250/4120 758/4251/4121 1231/4252/4122
f 1231/4252/4122 758/4251/4121 757/4253/4123
f 1231/4252/4122 757/4253/4123 1232/4254/4124
f 1232/4254/4124 757/4253/4123 756/4255/4125
f 1232/4254/4124 756/4255/4125 1233/4256/4126
f 1233/4256/4126 756/4255/4125 755/4257/4127
f 1233/4256/4126 755/4257/4127 1234/4258/4128
f 1234/4258/4128 755/4257/4127 754/4259/4129
f 1234/4258/4128 754/4259/4129 1235/4260/4130
f 1235/4260/4130 754/4259/4129 753/4261/4131
f 1235/4260/4130 753/4261/4131 752/4262/4132
f 1235/4260/4130 752/4262/4132 1236/4263/4133
f 1236/4263/4133 752/4262/4132 751/4264/4134
f 1236/4263/4133 751/4264/4134 1237/4265/4135
f 1237/4265/4135 751/4264/4134 750/4266/4136
f 1237/4265/4135 750/4266/4136 749/4267/4137
f 748/4268/4138 1239/4269/4139 749/4267/4137
f 749/4267/4137 1239/4269/4139 1238/4270/4140
f 749/4267/4137 1238/4270/4140 1237/4265/4135
f 1239/4269/4139 748/4268/4138 1240/4271/4141
f 1240/4271/4141 748/4268/4138 747/4272/2658
f 1240/4271/4141 747/4272/2658 1912/4273/2657
f 1240/4271/4141 1912/4273/2657 1241/4274/4142
f 1241/4274/4142 1912/4273/2657 1933/4275/4143
f 1241/4274/4142 1933/4275/4143 1932/4276/4144
f 1932/4276/4144 1931/4277/4145 1241/4274/4142
f 1241/4274/4142 1931/4277/4145 1930/4278/4146
f 1241/4274/4142 1930/4278/4146 1929/4279/4147
f 1241/4274/4142 1929/4279/4147 1242/4280/4148
f 1242/4280/4148 1929/4279/4147 1928/4281/4149
f 1242/4280/4148 1928/4281/4149 1927/4282/4150
f 1927/4282/4150 1926/4283/4151 1242/4280/4148
f 1242/4280/4148 1926/4283/4151 1243/4284/4152
f 1243/4284/4152 1926/4283/4151 1925/4285/4153
f 1243/4284/4152 1925/4285/4153 1924/4286/4154
f 1924/4286/4154 1923/4287/4155 1243/4284/4152
f 1243/4284/4152 1923/4287/4155 1244/4288/4156
f 1244/4288/4156 1923/4287/4155 1922/4289/4157
f 1244/4288/4156 1922/4289/4157 1921/4290/4158
f 1921/4290/4158 1920/4291/4159 1244/4288/4156
f 1244/4288/4156 1920/4291/4159 1245/4292/4160
f 1245/4292/4160 1920/4291/4159 1919/4293/4161
f 1245/4292/4160 1919/4293/4161 1246/4294/4162
f 1246/4294/4162 1919/4293/4161 1918/4295/2774
f 1246/4294/4162 1918/4295/2774 1247/4296/4163
f 1247/4296/4163 1918/4295/2774 2084/4297/4164
f 1247/4296/4163 2084/4297/4164 1248/4298/4165
f 1248/4298/4165 2084/4297/4164 1249/4299/4166
f 1249/4299/4166 2084/4297/4164 2083/4300/4167
f 1249/4299/4166 2083/4300/4167 1250/4301/4168
f 1250/4301/4168 2083/4300/4167 1085/4302/1733
f 1085/4302/1733 2083/4300/4167 2082/4303/4169
f 1085/4302/1733 2082/4303/4169 1086/4304/4170
f 1086/4304/4170 2082/4303/4169 2081/4305/4171
f 1086/4304/4170 2081/4305/4171 1087/4306/4172
f 1087/4306/4172 2081/4305/4171 2080/4307/4173
f 1087/4306/4172 2080/4307/4173 1088/4308/4174
f 1088/4308/4174 2080/4307/4173 2079/4309/4175
f 1088/4308/4174 2079/4309/4175 1089/4310/4176
f 1089/4310/4176 2079/4309/4175 2078/4311/4177
f 1089/4310/4176 2078/4311/4177 1090/4312/4178
f 1090/4312/4178 2078/4311/4177 2077/4313/4179
f 1090/4312/4178 2077/4313/4179 2076/4314/4180
f 1090/4312/4178 2076/4314/4180 1091/4315/4181
f 1091/4315/4181 2076/4314/4180 2075/4316/4182
f 1091/4315/4181 2075/4316/4182 1092/4317/4183
f 1092/4317/4183 2075/4316/4182 2074/4318/4184
f 1092/4317/4183 2074/4318/4184 1906/4319/2655
f 1906/4319/2655 1061/4320/1631 1092/4317/4183
f 2733/4245/4115 2433/4321/4185 2484/4243/4114
f 3114/4322/4186 769/4323/4187 3123/4324/4188
f 3123/4324/4188 769/4323/4187 768/4325/4189
f 3123/4324/4188 768/4325/4189 3125/4326/4190
f 3125/4326/4190 768/4325/4189 3115/4327/4191
f 3125/4326/4190 3115/4327/4191 3130/4328/4192
f 3130/4328/4192 3115/4327/4191 3129/4329/4193
f 3130/4328/4192 3129/4329/4193 3069/4330/4194
f 3069/4330/4194 3129/4329/4193 3116/4331/4195
f 3069/4330/4194 3116/4331/4195 3070/4332/4196
f 3070/4332/4196 3116/4331/4195 3133/4333/4197
f 3070/4332/4196 3133/4333/4197 3071/4334/4198
f 3071/4334/4198 3133/4333/4197 3138/4335/4199
f 3071/4334/4198 3138/4335/4199 3117/4336/4200
f 3117/4336/4200 3138/4335/4199 3139/4337/4201
f 3117/4336/4200 3139/4337/4201 3137/4338/4202
f 3137/4338/4202 3139/4337/4201 3140/4339/4203
f 3137/4338/4202 3140/4339/4203 3136/4340/4204
f 3136/4340/4204 3140/4339/4203 3141/4341/4205
f 3136/4340/4204 3141/4341/4205 3135/4342/4206
f 3135/4342/4206 3141/4341/4205 765/4343/4207
f 3135/4342/4206 765/4343/4207 3102/4344/4208
f 768/4325/4189 767/4345/4209 3115/4327/4191
f 3115/4327/4191 767/4345/4209 3127/4346/4210
f 3115/4327/4191 3127/4346/4210 3129/4329/4193
f 3129/4329/4193 3127/4346/4210 3116/4331/4195
f 3127/4346/4210 767/4345/4209 3128/4347/4211
f 3128/4347/4211 767/4345/4209 766/4348/4212
f 3128/4347/4211 766/4348/4212 3131/4349/4213
f 3131/4349/4213 766/4348/4212 3141/4341/4205
f 3131/4349/4213 3141/4341/4205 3140/4339/4203
f 766/4348/4212 765/4343/4207 3141/4341/4205
f 3135/4342/4206 3102/4344/4208 3142/4350/4214
f 3142/4350/4214 3102/4344/4208 3101/4351/4215
f 3142/4350/4214 3101/4351/4215 3119/4352/4216
f 3119/4352/4216 3101/4351/4215 3100/4353/4217
f 3119/4352/4216 3100/4353/4217 3155/4354/4218
f 3155/4354/4218 3100/4353/4217 3149/4355/4219
f 3155/4354/4218 3149/4355/4219 3150/4356/4220
f 3150/4356/4220 3149/4355/4219 3157/4357/4221
f 3150/4356/4220 3157/4357/4221 3158/4358/4222
f 3158/4358/4222 3157/4357/4221 3160/4359/4223
f 3158/4358/4222 3160/4359/4223 3161/4360/4224
f 3161/4360/4224 3160/4359/4223 3163/4361/4225
f 3161/4360/4224 3163/4361/4225 3077/4362/4226
f 3077/4362/4226 3163/4361/4225 3120/4363/4227
f 3077/4362/4226 3120/4363/4227 3078/4364/4228
f 3078/4364/4228 3120/4363/4227 3165/4365/4229
f 3078/4364/4228 3165/4365/4229 3079/4366/4230
f 3079/4366/4230 3165/4365/4229 3122/4367/4231
f 3079/4366/4230 3122/4367/4231 3107/4368/4232
f 3107/4368/4232 3122/4367/4231 3108/4369/4233
f 3108/4369/4233 3122/4367/4231 3165/4365/4229
f 3108/4369/4233 3165/4365/4229 3120/4363/4227
f 3100/4353/4217 3099/4370/4234 3149/4355/4219
f 3149/4355/4219 3099/4370/4234 3156/4371/4235
f 3149/4355/4219 3156/4371/4235 3157/4357/4221
f 3157/4357/4221 3156/4371/4235 3111/4372/4236
f 3157/4357/4221 3111/4372/4236 3121/4373/4237
f 3121/4373/4237 3111/4372/4236 3110/4374/4238
f 3121/4373/4237 3110/4374/4238 3162/4375/4239
f 3162/4375/4239 3110/4374/4238 3164/4376/4240
f 3162/4375/4239 3164/4376/4240 3120/4363/4227
f 3120/4363/4227 3164/4376/4240 3108/4369/4233
f 3099/4370/4234 3112/4377/4241 3156/4371/4235
f 3156/4371/4235 3112/4377/4241 3111/4372/4236
f 3110/4374/4238 3109/4378/4242 3164/4376/4240
f 3164/4376/4240 3109/4378/4242 3108/4369/4233
f 3106/4379/4243 3081/4380/4244 3107/4368/4232
f 3107/4368/4232 3081/4380/4244 3080/4381/4245
f 3107/4368/4232 3080/4381/4245 3079/4366/4230
f 3106/4379/4243 3082/4382/4246 3081/4380/4244
f 3077/4362/4226 3076/4383/4247 3161/4360/4224
f 3161/4360/4224 3076/4383/4247 3159/4384/4248
f 3161/4360/4224 3159/4384/4248 3158/4358/4222
f 3158/4358/4222 3159/4384/4248 3151/4385/4249
f 3158/4358/4222 3151/4385/4249 3150/4356/4220
f 3150/4356/4220 3151/4385/4249 3154/4386/4250
f 3150/4356/4220 3154/4386/4250 3155/4354/4218
f 3155/4354/4218 3154/4386/4250 3119/4352/4216
f 3076/4383/4247 3075/4387/4251 3159/4384/4248
f 3159/4384/4248 3075/4387/4251 3118/4388/4252
f 3159/4384/4248 3118/4388/4252 3151/4385/4249
f 3151/4385/4249 3118/4388/4252 3153/4389/4253
f 3151/4385/4249 3153/4389/4253 3154/4386/4250
f 3154/4386/4250 3153/4389/4253 3146/4390/4254
f 3154/4386/4250 3146/4390/4254 3119/4352/4216
f 3119/4352/4216 3146/4390/4254 3142/4350/4214
f 3075/4387/4251 3074/4391/4255 3118/4388/4252
f 3118/4388/4252 3074/4391/4255 3152/4392/4256
f 3118/4388/4252 3152/4392/4256 3153/4389/4253
f 3153/4389/4253 3152/4392/4256 3147/4393/4257
f 3153/4389/4253 3147/4393/4257 3146/4390/4254
f 3146/4390/4254 3147/4393/4257 3143/4394/4258
f 3146/4390/4254 3143/4394/4258 3142/4350/4214
f 3142/4350/4214 3143/4394/4258 3135/4342/4206
f 3152/4392/4256 3074/4391/4255 3148/4395/4259
f 3148/4395/4259 3074/4391/4255 3073/4396/4260
f 3148/4395/4259 3073/4396/4260 3145/4397/4261
f 3145/4397/4261 3073/4396/4260 3072/4398/4262
f 3145/4397/4261 3072/4398/4262 3117/4336/4200
f 3117/4336/4200 3072/4398/4262 3071/4334/4198
f 3069/4330/4194 3068/4399/4263 3130/4328/4192
f 3130/4328/4192 3068/4399/4263 3126/4400/4264
f 3130/4328/4192 3126/4400/4264 3125/4326/4190
f 3125/4326/4190 3126/4400/4264 3123/4324/4188
f 3068/4399/4263 3067/4401/4265 3126/4400/4264
f 3126/4400/4264 3067/4401/4265 3124/4402/4266
f 3126/4400/4264 3124/4402/4266 3123/4324/4188
f 3123/4324/4188 3124/4402/4266 3114/4322/4186
f 3066/4403/4267 3113/4404/4268 3067/4401/4265
f 3067/4401/4265 3113/4404/4268 3124/4402/4266
f 3113/4404/4268 3114/4322/4186 3124/4402/4266
f 3162/4375/4239 3120/4363/4227 3163/4361/4225
f 3131/4349/4213 3132/4405/4269 3128/4347/4211
f 3128/4347/4211 3132/4405/4269 3134/4406/4270
f 3128/4347/4211 3134/4406/4270 3127/4346/4210
f 3127/4346/4210 3134/4406/4270 3116/4331/4195
f 3116/4331/4195 3134/4406/4270 3133/4333/4197
f 3133/4333/4197 3134/4406/4270 3132/4405/4269
f 3133/4333/4197 3132/4405/4269 3138/4335/4199
f 3138/4335/4199 3132/4405/4269 3139/4337/4201
f 3140/4339/4203 3139/4337/4201 3131/4349/4213
f 3131/4349/4213 3139/4337/4201 3132/4405/4269
f 3135/4342/4206 3143/4394/4258 3136/4340/4204
f 3136/4340/4204 3143/4394/4258 3144/4407/4271
f 3136/4340/4204 3144/4407/4271 3137/4338/4202
f 3137/4338/4202 3144/4407/4271 3145/4397/4261
f 3137/4338/4202 3145/4397/4261 3117/4336/4200
f 3148/4395/4259 3145/4397/4261 3144/4407/4271
f 3148/4395/4259 3144/4407/4271 3147/4393/4257
f 3147/4393/4257 3144/4407/4271 3143/4394/4258
f 3152/4392/4256 3148/4395/4259 3147/4393/4257
f 3157/4357/4221 3121/4373/4237 3160/4359/4223
f 3160/4359/4223 3121/4373/4237 3162/4375/4239
f 3160/4359/4223 3162/4375/4239 3163/4361/4225
f 773/4408/4272 772/4409/4273 3168/4410/4274
f 3168/4410/4274 772/4409/4273 3167/4411/4275
f 3167/4411/4275 772/4409/4273 771/4412/4276
f 3167/4411/4275 771/4412/4276 3169/4413/4277
f 3169/4413/4277 771/4412/4276 770/4414/4278
f 3169/4413/4277 770/4414/4278 769/4415/4279
f 769/4415/4279 3114/4416/4280 3169/4413/4277
f 3169/4413/4277 3114/4416/4280 3170/4417/4281
f 3169/4413/4277 3170/4417/4281 3167/4411/4275
f 3167/4411/4275 3170/4417/4281 3166/4418/4282
f 3166/4418/4282 3170/4417/4281 3113/4419/4283
f 3166/4418/4282 3113/4419/4283 3066/4420/4284
f 3114/4416/4280 3113/4419/4283 3170/4417/4281
f 3066/4420/4284 3065/4421/4285 3166/4418/4282
f 773/4422/4286 3168/4423/4287 774/4424/4288
f 774/4424/4288 3168/4423/4287 3038/4425/4289
f 777/4426/4290 776/4427/4291 3051/4428/4292
f 3051/4428/4292 776/4427/4291 3038/4429/4293
f 3051/4428/4292 3038/4429/4293 3168/4430/4294
f 3167/4431/4295 3166/4432/4296 3168/4430/4294
f 3168/4430/4294 3166/4432/4296 3046/4433/4297
f 3168/4430/4294 3046/4433/4297 3051/4428/4292
f 3051/4428/4292 3046/4433/4297 3062/4434/4298
f 3051/4428/4292 3062/4434/4298 3061/4435/4299
f 3065/4436/4300 3048/4437/4301 3166/4432/4296
f 3166/4432/4296 3048/4437/4301 3046/4433/4297
f 3048/4437/4301 3047/4438/4302 3046/4433/4297
f 3061/4435/4299 3060/4439/4303 3051/4428/4292
f 3051/4428/4292 3060/4439/4303 3059/4440/4304
f 3051/4428/4292 3059/4440/4304 3056/4441/4305
f 3056/4441/4305 3059/4440/4304 3057/4442/4306
f 3057/4442/4306 3059/4440/4304 3058/4443/4307
f 3056/4441/4305 3055/4444/4308 3051/4428/4292
f 3051/4428/4292 3055/4444/4308 3054/4445/4309
f 3051/4428/4292 3054/4445/4309 3053/4446/4310
f 3053/4446/4310 3052/4447/4311 3051/4428/4292
f 3172/4448/4312 780/4449/4313 3173/4450/4314
f 3173/4450/4314 780/4449/4313 779/4451/4315
f 3173/4450/4314 779/4451/4315 778/4452/4316
f 777/4453/4317 3051/4454/3999 778/4452/4316
f 778/4452/4316 3051/4454/3999 3173/4450/4314
f 3051/4454/3999 3064/4455/3998 3173/4450/4314
f 3173/4450/4314 3064/4455/3998 3174/4456/4318
f 3173/4450/4314 3174/4456/4318 3172/4448/4312
f 3172/4448/4312 3174/4456/4318 3171/4457/4319
f 3171/4457/4319 3174/4456/4318 3175/4458/4320
f 3171/4457/4319 3175/4458/4320 3039/4459/4321
f 3039/4459/4321 3175/4458/4320 3040/4460/4322
f 3040/4460/4322 3175/4458/4320 3063/4461/4008
f 3063/4461/4008 3175/4458/4320 3174/4456/4318
f 3063/4461/4008 3174/4456/4318 3064/4455/3998
f 3039/4459/4321 2735/4462/4323 3171/4457/4319
f 3177/4463/4324 781/4464/4325 3179/4465/4326
f 3179/4465/4326 781/4464/4325 780/4466/4327
f 3179/4465/4326 780/4466/4327 3172/4467/4328
f 3179/4465/4326 3172/4467/4328 3178/4468/4329
f 3178/4468/4329 3172/4467/4328 3171/4469/4330
f 3178/4468/4329 3171/4469/4330 2735/4470/4323
f 2735/4470/4323 2734/4471/4331 3178/4468/4329
f 3178/4468/4329 2734/4471/4331 3176/4472/4332
f 3178/4468/4329 3176/4472/4332 3177/4463/4324
f 3178/4468/4329 3177/4463/4324 3179/4465/4326
f 783/4473/4333 3187/4474/4334 784/4475/4335
f 784/4475/4335 3187/4474/4334 3186/4476/4336
f 784/4475/4335 3186/4476/4336 3103/4477/4337
f 3103/4477/4337 3186/4476/4336 3204/4478/4338
f 3103/4477/4337 3204/4478/4338 3104/4479/4339
f 3104/4479/4339 3204/4478/4338 3208/4480/4340
f 3104/4479/4339 3208/4480/4340 3105/4481/4341
f 3105/4481/4341 3208/4480/4340 3212/4482/4342
f 3105/4481/4341 3212/4482/4342 2708/4483/4343
f 2708/4483/4343 3212/4482/4342 3216/4484/4344
f 2708/4483/4343 3216/4484/4344 2709/4485/4345
f 2709/4485/4345 3216/4484/4344 3218/4486/4346
f 2709/4485/4345 3218/4486/4346 2710/4487/4347
f 2710/4487/4347 3218/4486/4346 3221/4488/4348
f 2710/4487/4347 3221/4488/4348 2711/4489/4349
f 2711/4489/4349 3221/4488/4348 3222/4490/4350
f 2711/4489/4349 3222/4490/4350 3220/4491/4351
f 3220/4491/4351 3222/4490/4350 3223/4492/4352
f 3220/4491/4351 3223/4492/4352 3219/4493/4353
f 3219/4493/4353 3223/4492/4352 2740/4494/4354
f 3219/4493/4353 2740/4494/4354 2739/4495/4355
f 782/4496/4356 3183/4497/4357 783/4473/4333
f 783/4473/4333 3183/4497/4357 3193/4498/4358
f 783/4473/4333 3193/4498/4358 3182/4499/4359
f 3182/4499/4359 3193/4498/4358 3192/4500/4360
f 3182/4499/4359 3192/4500/4360 3200/4501/4361
f 3200/4501/4361 3192/4500/4360 3191/4502/4362
f 3200/4501/4361 3191/4502/4362 3199/4503/4363
f 3199/4503/4363 3191/4502/4362 2747/4504/4364
f 3199/4503/4363 2747/4504/4364 2746/4505/4365
f 781/4506/4366 3197/4507/4367 782/4496/4356
f 782/4496/4356 3197/4507/4367 3196/4508/4368
f 782/4496/4356 3196/4508/4368 3183/4497/4357
f 3183/4497/4357 3196/4508/4368 3195/4509/4369
f 3183/4497/4357 3195/4509/4369 3194/4510/4370
f 3194/4510/4370 3195/4509/4369 2749/4511/4371
f 3194/4510/4370 2749/4511/4371 2748/4512/4372
f 781/4506/4366 3177/4513/4373 3197/4507/4367
f 3197/4507/4367 3177/4513/4373 3198/4514/4374
f 3197/4507/4367 3198/4514/4374 3196/4508/4368
f 3196/4508/4368 3198/4514/4374 3195/4509/4369
f 3177/4513/4373 3176/4515/4375 3198/4514/4374
f 3198/4514/4374 3176/4515/4375 2750/4516/4376
f 3198/4514/4374 2750/4516/4376 3195/4509/4369
f 3195/4509/4369 2750/4516/4376 2749/4511/4371
f 3176/4515/4375 2734/4517/4377 2750/4516/4376
f 3194/4510/4370 2748/4512/4372 3191/4502/4362
f 3191/4502/4362 2748/4512/4372 2747/4504/4364
f 2745/4518/4378 3181/4519/4379 2746/4505/4365
f 2746/4505/4365 3181/4519/4379 3190/4520/4380
f 2746/4505/4365 3190/4520/4380 3199/4503/4363
f 3199/4503/4363 3190/4520/4380 3189/4521/4381
f 3199/4503/4363 3189/4521/4381 3200/4501/4361
f 3200/4501/4361 3189/4521/4381 3188/4522/4382
f 3200/4501/4361 3188/4522/4382 3182/4499/4359
f 3182/4499/4359 3188/4522/4382 3187/4474/4334
f 3182/4499/4359 3187/4474/4334 783/4473/4333
f 3181/4519/4379 2745/4518/4378 3201/4523/4383
f 3201/4523/4383 2745/4518/4378 2744/4524/4384
f 3201/4523/4383 2744/4524/4384 3205/4525/4385
f 3205/4525/4385 2744/4524/4384 2743/4526/4386
f 3205/4525/4385 2743/4526/4386 3209/4527/4387
f 3209/4527/4387 2743/4526/4386 2742/4528/4388
f 3209/4527/4387 2742/4528/4388 3213/4529/4389
f 3213/4529/4389 2742/4528/4388 2741/4530/4390
f 3213/4529/4389 2741/4530/4390 3180/4531/4391
f 3180/4531/4391 2741/4530/4390 2740/4494/4354
f 3180/4531/4391 2740/4494/4354 3223/4492/4352
f 3219/4493/4353 2739/4495/4355 3224/4532/4392
f 3224/4532/4392 2739/4495/4355 2738/4533/4393
f 3224/4532/4392 2738/4533/4393 3225/4534/4394
f 3225/4534/4394 2738/4533/4393 2737/4535/4395
f 3225/4534/4394 2737/4535/4395 2714/4536/4396
f 2714/4536/4396 2737/4535/4395 2736/4537/4397
f 2714/4536/4396 2736/4537/4397 2715/4538/4398
f 2715/4538/4398 2736/4537/4397 2716/4539/4399
f 2714/4536/4396 2713/4540/4400 3225/4534/4394
f 3225/4534/4394 2713/4540/4400 3224/4532/4392
f 2713/4540/4400 2712/4541/4401 3224/4532/4392
f 3224/4532/4392 2712/4541/4401 3219/4493/4353
f 3219/4493/4353 2712/4541/4401 3220/4491/4351
f 3220/4491/4351 2712/4541/4401 2711/4489/4349
f 3189/4521/4381 3190/4520/4380 3184/4542/4402
f 3184/4542/4402 3190/4520/4380 3181/4519/4379
f 3184/4542/4402 3181/4519/4379 3202/4543/4403
f 3202/4543/4403 3181/4519/4379 3201/4523/4383
f 3202/4543/4403 3201/4523/4383 3206/4544/4404
f 3206/4544/4404 3201/4523/4383 3205/4525/4385
f 3206/4544/4404 3205/4525/4385 3210/4545/4405
f 3210/4545/4405 3205/4525/4385 3209/4527/4387
f 3210/4545/4405 3209/4527/4387 3214/4546/4406
f 3214/4546/4406 3209/4527/4387 3213/4529/4389
f 3214/4546/4406 3213/4529/4389 3217/4547/4407
f 3217/4547/4407 3213/4529/4389 3180/4531/4391
f 3217/4547/4407 3180/4531/4391 3222/4490/4350
f 3222/4490/4350 3180/4531/4391 3223/4492/4352
f 3188/4522/4382 3189/4521/4381 3185/4548/4408
f 3185/4548/4408 3189/4521/4381 3184/4542/4402
f 3185/4548/4408 3184/4542/4402 3203/4549/4409
f 3203/4549/4409 3184/4542/4402 3202/4543/4403
f 3203/4549/4409 3202/4543/4403 3207/4550/4410
f 3207/4550/4410 3202/4543/4403 3206/4544/4404
f 3207/4550/4410 3206/4544/4404 3211/4551/4411
f 3211/4551/4411 3206/4544/4404 3210/4545/4405
f 3211/4551/4411 3210/4545/4405 3215/4552/4412
f 3215/4552/4412 3210/4545/4405 3214/4546/4406
f 3215/4552/4412 3214/4546/4406 3218/4486/4346
f 3218/4486/4346 3214/4546/4406 3217/4547/4407
f 3218/4486/4346 3217/4547/4407 3221/4488/4348
f 3221/4488/4348 3217/4547/4407 3222/4490/4350
f 3187/4474/4334 3188/4522/4382 3186/4476/4336
f 3186/4476/4336 3188/4522/4382 3185/4548/4408
f 3186/4476/4336 3185/4548/4408 3204/4478/4338
f 3204/4478/4338 3185/4548/4408 3203/4549/4409
f 3204/4478/4338 3203/4549/4409 3208/4480/4340
f 3208/4480/4340 3203/4549/4409 3207/4550/4410
f 3208/4480/4340 3207/4550/4410 3212/4482/4342
f 3212/4482/4342 3207/4550/4410 3211/4551/4411
f 3212/4482/4342 3211/4551/4411 3216/4484/4344
f 3216/4484/4344 3211/4551/4411 3215/4552/4412
f 3216/4484/4344 3215/4552/4412 3218/4486/4346
f 3183/4497/4357 3194/4510/4370 3192/4500/4360
f 3192/4500/4360 3194/4510/4370 3191/4502/4362
f 3192/4500/4360 3193/4498/4358 3183/4497/4357
g Body7

v 4.999808 -2.903710 10.000000
v 9.999808 5.756544 10.000000
v 9.999808 5.756544 13.000000
v 4.999808 -2.903710 13.000000
v 14.999808 -2.903710 10.000000
v 14.999808 -2.903710 13.000000
v 124.783784 150.000000 10.000000
v 129.786041 150.000000 4.943073
v 124.783784 150.000000 0.000000
v 123.169285 138.924942 0.000000
v 121.960214 129.644281 0.000000
v 120.878930 120.412361 0.000000
v 119.917386 111.236686 0.000000
v 119.067668 102.124566 0.000000
v 118.321858 93.083308 0.000000
v 117.672044 84.120221 0.000000
v 117.110308 75.242616 0.000000
v 116.628736 66.457800 -0.000000
v 116.220040 57.772379 -0.000000
v 115.878912 49.190151 -0.000000
v 115.600438 40.714252 -0.000000
v 115.379705 32.347819 -0.000000
v 115.211810 24.093969 0.000000
v 115.093362 15.953405 0.000000
v 115.023146 7.923131 0.000000
v 115.000000 -0.000000 0.000000
v 115.000000 96.405044 0.000000
v 116.255386 102.287051 0.000000
v 117.444222 108.074788 0.000000
v 118.566404 113.731368 0.000000
v 119.621762 119.221988 0.000000
v 120.610057 124.514339 0.000000
v 121.530988 129.579025 0.000000
v 122.384195 134.389979 0.000000
v 122.785279 136.693188 0.000000
v 119.388823 -92.440598 -0.000000
v 118.757070 -90.438847 0.000000
v 118.223611 -88.253675 0.000000
v 117.530328 -84.966991 0.000000
v 116.763333 -81.550486 0.000000
v 115.920626 -78.020388 0.000000
v 115.000000 -74.394892 0.000000
v 115.058651 -12.320580 0.000000
v 115.236881 -24.398599 0.000000
v 115.542235 -36.248885 0.000000
v 115.985077 -47.883769 0.000000
v 116.576444 -59.314995 -0.000000
v 117.330759 -70.549066 -0.000000
v 118.263173 -81.589711 -0.000000
v 128.683236 134.472678 6.057931
v 127.754418 118.917675 6.996899
v 126.983501 103.322729 7.776243
v 126.356298 87.715212 8.410300
v 125.858894 72.128458 8.913140
v 125.475677 56.506161 9.300545
v 125.194347 40.830774 9.584950
v 125.007911 25.272039 9.773423
v 124.908516 9.623918 9.873904
v 124.898489 -6.120537 9.884042
v 124.984886 -21.716852 9.796700
v 125.182328 -37.394114 9.597100
v 125.510637 -53.076174 9.265204
v 125.993814 -68.692637 8.776746
v 126.304582 -76.526844 8.462581
v 126.666888 -84.364211 8.096315
v 127.084763 -92.192632 7.673874
v 127.562235 -100.000000 7.191184
v 127.205601 -100.000000 6.837606
v 126.848971 -100.000000 6.484028
v 126.492347 -100.000000 6.130451
v 126.314037 -100.000000 5.953662
v 126.224883 -100.000000 5.865269
v 126.135729 -100.000000 5.776875
v 126.112382 -99.999788 5.753755
v 125.788477 -99.963696 5.437310
v 125.373209 -99.852841 5.039969
v 124.870225 -99.644854 4.568144
v 124.353248 -99.358324 4.092387
v 123.366300 -98.621137 3.207525
v 122.445277 -97.704489 2.408929
v 121.593858 -96.638299 1.695525
v 120.792008 -95.401767 1.048942
v 120.052070 -93.999939 0.479603
v 123.574581 141.310407 0.072966
v 123.975689 143.704681 0.131779
v 124.370421 146.097982 0.175574
v 124.756592 148.480526 0.203486
v 123.416150 -82.954713 5.000000
v 124.014184 -88.790106 5.000000
v 122.874837 -77.060860 5.000000
v 121.539421 -58.538402 5.000000
v 120.902097 -45.871966 5.000000
v 121.197162 -52.237402 5.000000
v 120.651973 -39.440620 5.000000
v 120.445030 -32.941458 5.000000
v 120.113800 -17.032659 5.000000
v 120.125856 18.524452 5.000000
v 120.373109 32.005238 5.000000
v 120.232848 25.226488 5.000000
v 120.989014 52.035362 5.000000
v 121.584774 65.461211 5.000000
v 121.266279 58.717882 5.000000
v 122.356015 79.121500 5.000000
v 123.329802 92.990861 5.000000
v 123.901869 99.995112 5.000000
v 125.234785 114.125094 5.000000
v 126.843996 128.393501 5.000000
v 126.003010 121.243761 5.000000
v 128.759546 142.771330 5.000000
v 127.761453 135.570754 5.000000
v 124.535634 107.041034 5.000000
v 122.815746 86.031813 5.000000
v 121.946919 72.263455 5.000000
v 120.750677 45.415342 5.000000
v 120.548966 38.859515 5.000000
v 120.051457 11.897880 5.000000
v 120.000458 2.095870 5.000000
v 120.021472 -7.545715 5.000000
v 120.279525 -26.372570 5.000000
v 121.931441 -64.775610 5.000000
v 122.375741 -70.949579 5.000000
v 124.671684 -94.567352 5.000000
v 105.097218 -45.766743 29.901722
v 106.197548 -48.225388 28.789366
v 107.250213 -50.717836 27.725197
v 109.215439 -55.769519 25.738492
v 110.998678 -60.852547 23.935764
v 112.605713 -65.897678 22.311165
v 114.042326 -70.835664 20.858852
v 114.698531 -73.242839 20.195475
v 115.314298 -75.597261 19.572978
v 115.890351 -77.890275 18.990629
v 116.427413 -80.113225 18.447699
v 116.926205 -82.257455 17.943455
v 117.387451 -84.314310 17.477168
v 117.917606 -86.249569 16.941218
v 118.616134 -88.068548 16.235057
v 119.463032 -89.776632 15.378902
v 120.425741 -91.361945 14.405672
v 121.477305 -92.835095 13.342616
v 122.586832 -94.207160 12.220962
v 123.704486 -95.475729 11.091094
v 124.783784 -96.648128 10.000000
v 126.067308 -98.055809 8.702449
v 126.863446 -99.005014 7.897610
v 127.246558 -99.515006 7.510310
v 124.756592 148.480526 10.027490
v 124.276990 145.526939 10.512332
v 123.775915 142.504811 11.018884
v 122.721442 136.320608 12.084882
v 120.487885 123.852136 14.342849
v 119.348195 117.781804 15.494995
v 118.185061 111.784129 16.670841
v 116.996828 105.865325 17.872060
v 115.783035 100.038284 19.099118
v 114.543223 94.315900 20.352481
v 113.276928 88.711066 21.632615
v 111.983690 83.236674 22.939987
v 110.663049 77.905618 24.275061
v 109.314542 72.730790 25.638306
v 107.937709 67.725084 27.030187
v 106.532088 62.901392 28.451170
v 105.097218 58.272608 29.901722
v 117.386768 -84.311208 15.595584
v 117.404566 -84.392003 13.720230
v 117.441384 -84.559683 11.854306
v 117.497849 -84.817932 10.000000
v 117.574924 -85.172334 8.154898
v 117.672936 -85.626357 6.336172
v 117.792051 -86.183449 4.556557
v 117.932292 -86.847150 2.827813
v 118.070063 -87.507470 1.387867
v 126.112994 -99.994792 5.756292
v 118.520434 -89.384866 1.158211
v 118.221638 -87.833421 5.010296
v 118.785408 -89.374138 5.643970
v 119.302900 -90.493330 6.113030
v 119.898948 -91.576000 6.574520
v 120.571004 -92.617405 7.026424
v 121.316202 -93.612988 7.466771
v 122.131182 -94.558492 7.893663
v 123.012505 -95.449717 8.305220
v 123.956297 -96.282830 8.699664
v 124.958406 -97.054242 9.075290
v 124.367343 -96.285113 10.049652
v 123.342699 -95.415317 9.725190
v 122.384382 -94.478511 9.385030
v 121.497015 -93.479113 9.030781
v 120.684713 -92.422008 8.664162
v 119.951500 -91.312156 8.286907
v 119.300809 -90.154891 7.900821
v 118.735695 -88.955786 7.507760
v 118.120156 -87.301719 6.976060
v 122.670564 -94.490274 10.905321
v 121.709037 -93.444861 10.625413
v 120.828064 -92.333492 10.334686
v 120.032423 -91.161875 10.034648
v 119.326201 -89.936183 9.726873
v 118.713032 -88.662894 9.412984
v 118.045964 -86.902561 8.987783
v 121.949625 -93.504799 12.231495
v 120.998925 -92.346272 12.018348
v 120.140040 -91.119466 11.797680
v 119.377791 -89.831452 11.570756
v 118.716468 -88.489676 11.338887
v 117.998470 -86.630168 11.024317
v 120.273055 -91.179385 13.566589
v 119.454366 -89.834928 13.423174
v 118.744863 -88.430155 13.276339
v 117.976622 -86.478303 13.076815
v 118.800771 -88.484270 15.328850
v 117.980176 -86.441822 15.251055
v 118.435947 -88.945468 2.070132
v 118.918872 -90.293941 2.853815
v 119.363320 -91.276065 3.434979
v 119.876356 -92.229072 4.008073
v 120.456091 -93.149364 4.570940
v 121.100395 -94.033475 5.121467
v 121.806763 -94.878140 5.657605
v 122.572629 -95.680133 6.177322
v 123.395089 -96.436479 6.678682
v 124.271026 -97.144364 7.159815
v 125.516529 -98.008171 7.766713
v 125.939523 -97.977663 8.654704
v 124.606700 -97.077166 8.117870
v 123.667481 -96.333711 7.690048
v 122.784195 -95.535294 7.242571
v 121.960455 -94.685117 6.777241
v 121.199627 -93.786580 6.295924
v 120.504695 -92.843389 5.800591
v 119.878572 -91.859299 5.293228
v 119.323740 -90.838308 4.775891
v 118.842403 -89.784575 4.250682
v 118.318424 -88.335977 3.541813
v 126.533843 -98.792524 7.826397
v 125.263305 -98.046286 7.218922
v 124.072200 -97.211230 6.567677
v 123.235637 -96.529756 6.052966
v 122.451004 -95.803725 5.517793
v 121.721136 -95.035713 4.964061
v 121.048670 -94.228436 4.393737
v 120.435932 -93.384830 3.808878
v 119.885195 -92.507865 3.211560
v 119.398385 -91.600688 2.603919
v 118.977211 -90.666562 1.988134
v 119.063187 -91.201448 0.912890
v 119.454890 -92.071228 1.571754
v 119.908663 -92.916669 2.222428
v 120.423008 -93.734913 2.862719
v 120.996234 -94.523196 3.490470
v 121.626340 -95.278908 4.103590
v 122.311277 -95.999465 4.699996
v 123.048717 -96.682467 5.277698
v 123.836153 -97.325638 5.834761
v 124.959332 -98.117449 6.542148
v 126.159971 -98.829894 7.205305
v 118.639823 -90.008899 0.025480
v 119.524605 -92.605311 0.583113
v 119.946099 -93.385470 1.275304
v 120.425054 -94.141227 1.957105
v 120.959986 -94.870180 2.626355
v 121.549137 -95.570052 3.280953
v 122.190703 -96.238590 3.918807
v 122.882630 -96.873697 4.537911
v 123.622701 -97.473375 5.136315
v 124.680367 -98.214509 5.898689
v 125.813500 -98.885127 6.616621
v 127.015795 -99.481386 7.286033
v 120.443404 -94.631098 1.052914
v 120.939453 -95.293001 1.764246
v 121.487143 -95.929233 2.460962
v 122.084898 -96.537868 3.140972
v 122.730917 -97.117110 3.802261
v 123.423253 -97.665243 4.442871
v 124.414910 -98.344838 5.261529
v 125.479988 -98.962638 6.035716
v 126.612913 -99.515315 6.761296
v 127.202935 -99.766329 7.104669
v 121.446292 -96.338101 1.706723
v 122.002997 -96.882238 2.426542
v 122.606098 -97.400673 3.127717
v 123.253876 -97.891958 3.808284
v 124.183982 -98.502352 4.680319
v 125.185622 -99.058982 5.507971
v 126.253849 -99.559015 6.287066
v 126.811255 -99.787036 6.657197
v 127.095480 -99.895418 6.837202
v 127.238936 -99.948187 6.925914
v 127.310995 -99.974213 6.969944
v 122.509973 -97.722682 2.525324
v 123.116994 -98.152102 3.243019
v 123.990919 -98.686012 4.164684
v 124.934743 -99.173481 5.042089
v 125.944042 -99.612158 5.871032
v 126.471738 -99.812556 6.266110
v 126.741078 -99.907913 6.458592
v 126.877088 -99.954367 6.553542
v 126.945423 -99.977286 6.600691
v 123.838109 -98.895177 3.722028
v 124.730512 -99.305678 4.644748
v 125.687519 -99.674500 5.519058
v 126.188882 -99.842764 5.936827
v 126.445033 -99.922773 6.140653
v 126.574446 -99.961736 6.241276
v 126.639482 -99.980955 6.291261
v 124.573873 -99.454241 4.319289
v 125.485774 -99.745298 5.233920
v 125.964488 -99.877268 5.671807
v 126.209311 -99.939798 5.885680
v 126.333060 -99.970191 5.991322
v 126.395266 -99.985169 6.043816
v 125.343452 -99.822951 5.022664
v 125.803825 -99.915261 5.477515
v 126.039498 -99.958583 5.699837
v 126.158680 -99.979531 5.809696
v 126.218604 -99.989825 5.864296
v 125.938964 -99.978582 5.586962
v 126.054760 -99.989486 5.700070
v 0.000096 -30.620498 10.000000
v 0.000096 30.000000 10.000000
v 2.029982 29.924503 10.000000
v 4.042044 29.726451 10.000000
v 6.043875 29.436152 10.000000
v 8.153347 29.051135 10.000000
v 10.366684 28.577675 10.000000
v 12.679492 28.022203 10.000000
v 12.679492 27.981165 10.000000
v 13.508539 27.523891 10.000000
v 14.207391 26.883986 10.000000
v 14.736428 26.097038 10.000000
v 15.065174 25.208448 10.000000
v 15.893265 21.517316 10.000000
v 16.638911 17.676127 10.000000
v 17.289700 13.722886 10.000000
v 17.833222 9.695595 10.000000
v 18.257063 5.632259 10.000000
v 18.548815 1.570883 10.000000
v 18.695733 -2.425340 10.000000
v 18.712447 -4.332050 10.000000
v 18.693383 -6.168976 10.000000
v 18.640507 -7.937853 10.000000
v 18.555786 -9.640416 10.000000
v 18.298672 -12.853533 10.000000
v 17.937767 -15.822201 10.000000
v 17.488801 -18.560294 10.000000
v 16.967502 -21.081684 10.000000
v 16.389598 -23.400245 10.000000
v 15.770818 -25.529850 10.000000
v 15.126890 -27.484374 10.000000
v 11.113419 -28.547443 10.000000
v 6.980835 -29.671637 10.000000
v 4.858081 -30.174078 10.000000
v 2.697606 -30.502793 10.000000
v 1.352989 -30.595751 10.000000
v 0.513176 -30.616897 10.000000
v 0.186752 -30.620047 10.000000
v 15.065174 25.208448 14.132122
v 15.566243 23.035793 15.000000
v 15.824927 21.840825 15.423396
v 16.092161 20.546444 15.816481
v 16.364562 19.156116 16.179691
v 16.638749 17.673308 16.513466
v 16.911342 16.101487 16.818243
v 17.178036 14.448234 17.094068
v 17.674376 10.950799 17.558321
v 18.100536 7.249264 17.910230
v 18.431874 3.403024 18.154941
v 18.643750 -0.528531 18.297602
v 18.712222 -4.486661 18.342292
v 18.687606 -6.414119 18.327604
v 18.625372 -8.266612 18.288410
v 18.528440 -10.044180 18.224265
v 18.399728 -11.746860 18.134726
v 18.242154 -13.374691 18.019346
v 18.058638 -14.927711 17.877683
v 17.852098 -16.405959 17.709290
v 17.625452 -17.809472 17.513724
v 17.381620 -19.138289 17.290539
v 17.124091 -20.390947 17.039479
v 16.859841 -21.558186 16.761786
v 16.592949 -22.640629 16.458314
v 16.326778 -23.640958 16.129731
v 16.064693 -24.561854 15.776702
v 15.810058 -25.405998 15.399894
v 15.566243 -26.176019 15.000000
v 15.126890 -27.484374 14.239018
v 13.432052 27.577458 11.303472
v 14.084263 27.020563 12.433135
v 14.378055 26.671519 12.941997
v 14.649654 26.257494 13.412421
v 14.884226 25.773581 13.818712
v 14.476101 27.555841 13.111818
v 15.566243 27.260295 15.000000
v 113.830519 91.138385 2.338714
v 112.607049 85.848944 4.785395
v 111.329922 80.567923 7.339377
v 109.999470 75.326525 10.000000
v 108.898093 71.187313 12.202520
v 107.762975 67.109343 14.472515
v 107.434866 65.966016 15.075915
v 107.067967 64.706436 15.652626
v 106.664027 63.342580 16.201006
v 106.224793 61.886423 16.719414
v 105.752014 60.349943 17.206210
v 105.247436 58.745117 17.659751
v 104.149882 55.378331 18.460506
v 102.946356 51.882007 19.108452
v 101.653432 48.348053 19.589855
v 100.282685 44.845851 19.892288
v 98.818893 41.375830 20.000000
v 97.169658 37.787874 20.000000
v 95.497919 34.484425 20.000000
v 93.801421 31.459292 20.000000
v 92.077910 28.706285 20.000000
v 90.327691 26.222634 20.000000
v 88.567909 24.023565 20.000000
v 86.801249 22.097261 20.000000
v 85.026587 20.426159 20.000000
v 83.242797 18.992698 20.000000
v 81.445318 17.777194 20.000000
v 79.598345 16.745953 20.000000
v 77.687437 15.888519 20.000000
v 75.706046 15.200312 20.000000
v 73.647622 14.676753 20.000000
v 71.512585 14.313990 20.000000
v 69.309959 14.106758 20.000000
v 67.036012 14.046527 20.000000
v 64.686602 14.124698 20.000000
v 62.257589 14.332672 20.000000
v 59.748242 14.661782 20.000000
v 57.162177 15.102913 20.000000
v 54.501370 15.646782 20.000000
v 51.767796 16.284106 20.000000
v 48.963431 17.005605 20.000000
v 46.090250 17.801996 20.000000
v 43.150227 18.663996 20.000000
v 40.141459 19.583827 20.000000
v 37.046777 20.559443 20.000000
v 30.676947 22.612149 20.000000
v 24.226497 24.678150 20.000000
v 22.938741 25.081395 19.916738
v 21.669702 25.473732 19.667617
v 20.438875 25.848634 19.254940
v 19.267589 26.199417 18.683859
v 18.174448 26.520897 17.960697
v 17.180733 26.807461 17.096308
v 16.306857 27.054646 16.105729
v 0.563079 29.996328 10.562983
v 1.051296 29.984775 11.051200
v 1.950411 29.934759 11.950315
v 2.434802 29.894666 12.434706
v 2.987572 29.843517 12.987476
v 4.160074 29.711803 14.159978
v 6.599435 29.342486 16.599339
v 9.146794 28.847532 19.146698
v 11.780780 28.245601 21.780684
v 14.480023 27.555351 24.479927
v 17.223151 26.795441 27.223056
v 20.000096 25.980779 30.000000
v 24.092566 24.721026 30.000000
v 28.004098 23.474026 30.000000
v 31.657942 22.292548 30.000000
v 35.232482 21.137641 30.000000
v 42.245828 18.932817 30.000000
v 45.669327 17.917456 30.000000
v 49.027173 16.983167 30.000000
v 52.311713 16.147229 30.000000
v 55.515296 15.426918 30.000000
v 58.630268 14.839514 30.000000
v 61.648976 14.402295 30.000000
v 64.563768 14.132538 30.000000
v 67.362900 14.046754 30.000000
v 70.045563 14.158521 30.000000
v 72.620679 14.480722 30.000000
v 75.096853 15.026163 30.000000
v 77.457469 15.798831 30.000000
v 79.697362 16.796232 30.000000
v 81.828467 18.018099 30.000000
v 83.863653 19.464901 30.000000
v 84.864041 20.285609 30.000000
v 85.863230 21.182245 30.000000
v 86.861341 22.158274 30.000000
v 87.858497 23.217162 30.000000
v 88.854818 24.362373 30.000000
v 89.850426 25.597374 30.000000
v 90.845443 26.925629 30.000000
v 91.839990 28.350603 30.000000
v 92.834074 29.875581 30.000000
v 93.821413 31.493199 30.000000
v 94.798647 33.198624 30.000000
v 95.766188 34.992600 30.000000
v 96.724447 36.875871 30.000000
v 97.673835 38.849181 30.000000
v 98.614764 40.913275 30.000000
v 99.547645 43.068897 30.000000
v 100.472888 45.316791 30.000000
v 101.390906 47.657701 30.000000
v 102.302108 50.092371 30.000000
v 103.206907 52.621547 30.000000
v 104.105714 55.245971 30.000000
v 104.998940 57.966388 30.000000
v 0.699700 -30.342028 10.699604
v 1.336775 -30.148094 11.336679
v 2.827742 -29.892542 12.827646
v 4.547083 -29.730533 14.546987
v 5.514769 -29.608387 15.514673
v 6.582623 -29.451162 16.582528
v 8.762554 -29.061261 18.762458
v 10.965619 -28.582372 20.965523
v 13.191363 -28.023418 23.191267
v 15.439328 -27.393325 25.439232
v 20.000096 -25.955425 30.000000
v 10.151578 -28.768420 10.621971
v 9.154924 -28.981684 11.163195
v 8.130814 -29.183229 11.624861
v 7.086606 -29.369048 12.008160
v 6.029489 -29.535332 12.315362
v 4.964607 -29.679459 12.551321
v 2.773033 -29.964205 11.860377
v 2.729374 -30.168936 10.911739
v 6.637420 -29.682372 10.280464
v 4.694396 -29.973333 10.690668
v 4.804817 -29.780158 11.506023
v 5.671008 -29.836176 10.520647
v 5.819227 -29.643450 11.307467
v 6.824691 -29.487132 11.038220
v 7.815647 -29.313730 10.692608
v 8.785146 -29.126954 10.268820
v 1.341090 -30.267236 10.881407
v 1.346503 -30.416680 10.435175
v 1.572107 -30.277471 10.816522
v 104.998940 -45.554138 30.000000
v 103.643138 -42.732918 30.000000
v 102.196084 -39.940138 30.000000
v 100.654972 -37.195589 30.000000
v 99.016992 -34.519058 30.000000
v 97.278994 -31.929839 30.000000
v 95.421410 -29.425996 30.000000
v 93.430193 -27.020339 30.000000
v 91.299789 -24.739088 30.000000
v 89.024647 -22.608461 30.000000
v 86.603856 -20.658029 30.000000
v 84.061874 -18.929592 30.000000
v 81.396999 -17.436134 30.000000
v 78.601831 -16.185760 30.000000
v 77.153074 -15.654261 30.000000
v 75.669389 -15.186693 30.000000
v 72.655700 -14.458507 30.000000
v 69.609092 -13.995756 30.000000
v 66.536887 -13.776441 30.000000
v 63.446405 -13.778563 30.000000
v 60.344869 -13.980133 30.000000
v 57.232939 -14.360300 30.000000
v 54.111998 -14.899654 30.000000
v 50.986729 -15.578745 30.000000
v 47.861812 -16.378124 30.000000
v 44.741927 -17.278341 30.000000
v 38.535980 -19.303495 30.000000
v 32.406333 -21.498611 30.000000
v 26.307286 -23.739084 30.000000
v 15.566243 -27.355938 15.000000
v 16.311507 -27.133300 16.111742
v 17.191311 -26.863302 17.106778
v 18.190257 -26.547905 17.972718
v 19.283153 -26.193005 18.692779
v 20.452200 -25.803543 19.260395
v 21.680423 -25.384419 19.670446
v 22.944985 -24.943751 19.917546
v 24.226497 -24.489297 20.000000
v 34.319631 -20.801218 20.000000
v 39.380172 -19.012887 20.000000
v 44.468887 -17.360540 20.000000
v 49.579507 -15.924149 20.000000
v 52.138435 -15.312998 20.000000
v 54.697325 -14.787132 20.000000
v 57.261329 -14.356040 20.000000
v 59.841485 -14.030178 20.000000
v 62.432035 -13.823824 20.000000
v 65.026646 -13.751362 20.000000
v 67.618990 -13.827176 20.000000
v 70.202735 -14.065648 20.000000
v 72.768225 -14.480465 20.000000
v 75.269269 -15.073326 20.000000
v 77.695501 -15.844243 20.000000
v 80.050342 -16.795039 20.000000
v 82.337214 -17.927535 20.000000
v 84.559494 -19.243527 20.000000
v 86.692730 -20.724369 20.000000
v 88.716741 -22.343143 20.000000
v 90.635273 -24.085436 20.000000
v 92.452070 -25.936831 20.000000
v 94.170880 -27.882913 20.000000
v 95.796428 -29.910559 20.000000
v 97.344022 -32.022331 20.000000
v 98.818893 -34.211198 20.000000
v 100.259377 -36.527015 19.895709
v 101.616545 -38.881018 19.600685
v 102.894943 -41.262807 19.131702
v 104.099161 -43.660050 18.492414
v 105.212737 -46.018102 17.688870
v 106.207596 -48.249094 16.738369
v 106.653215 -49.287687 16.214638
v 107.062088 -50.262730 15.661141
v 107.432559 -51.165011 15.079795
v 107.762975 -51.985318 14.472515
v 108.896478 -54.915038 12.205750
v 109.999470 -57.947258 10.000000
v 111.318461 -61.827539 7.362297
v 112.591681 -65.862169 4.816127
v 113.818928 -70.051251 2.361893
v 21.278946 -0.047821 19.555728
v 19.887660 -0.047821 19.009689
v 22.736075 -0.047821 19.888308
v 106.946925 -22.211653 15.825383
v 106.946925 7.562013 15.825383
v 106.946925 37.335678 15.825383
v 105.927985 -22.211653 17.032838
v 105.927985 7.562013 17.032838
v 105.927985 37.335678 17.032838
v 104.731589 -22.211653 18.064740
v 104.731589 7.562013 18.064740
v 104.731589 37.335678 18.064740
v 103.387600 -22.211653 18.895331
v 103.387600 7.562013 18.895331
v 103.387600 37.335678 18.895331
v 101.929568 -22.211653 19.503878
v 101.929568 7.562013 19.503878
v 101.929568 37.335678 19.503878
v 100.393888 -22.211653 19.875191
v 100.393888 7.562013 19.875191
v 100.393888 37.335678 19.875191
vt -1.000000 0.000000 0.000000
vt -0.000000 0.000000 0.000000
vt -1.000000 0.300000 0.000000
vt -0.000000 0.300000 0.000000
vt -1.000000 0.000000 0.000000
vt -0.000000 0.000000 0.000000
vt -1.000000 0.300000 0.000000
vt -0.000000 0.300000 0.000000
vt -1.000000 0.000000 0.000000
vt -0.000000 0.000000 0.000000
vt -1.000000 0.300000 0.000000
vt -0.000000 0.300000 0.000000
vt -0.500000 -0.433013 0.000000
vt 0.500000 -0.433013 0.000000
vt 0.000000 0.433013 0.000000
vt -0.500000 4.978378 0.000000
vt -1.005693 5.478604 0.000000
vt -1.500000 4.978378 0.000000
vt 2.683072 13.892494 0.000000
vt 2.803979 12.964428 0.000000
vt 2.721472 13.669319 0.000000
vt 2.761581 13.438998 0.000000
vt 2.846901 12.957902 0.000000
vt 2.912107 12.041236 0.000000
vt 2.938994 12.451434 0.000000
vt 3.008261 11.123669 0.000000
vt 3.037824 11.922199 0.000000
vt 3.093233 10.212457 0.000000
vt 3.143360 11.373137 0.000000
vt 3.167814 9.308331 0.000000
vt 3.255578 10.807479 0.000000
vt 3.232796 8.412022 0.000000
vt 3.374461 10.228705 0.000000
vt 3.288969 7.524262 0.000000
vt 3.337126 6.645780 0.000000
vt 3.500000 9.640504 0.000000
vt 3.377996 5.777238 0.000000
vt 3.412109 4.919015 0.000000
vt 3.439956 4.071425 0.000000
vt 3.462029 3.234782 0.000000
vt 3.478819 2.409397 0.000000
vt 3.490664 1.595340 0.000000
vt 3.497685 0.792313 0.000000
vt 3.500000 -0.000000 0.000000
vt 3.061118 -9.244060 0.000000
vt 3.124293 -9.043885 0.000000
vt 3.173683 -8.158971 0.000000
vt 3.177639 -8.825367 0.000000
vt 3.246967 -8.496699 0.000000
vt 3.266924 -7.054907 0.000000
vt 3.323667 -8.155049 0.000000
vt 3.342356 -5.931499 0.000000
vt 3.407937 -7.802039 0.000000
vt 3.401492 -4.788377 0.000000
vt 3.500000 -7.439489 0.000000
vt 3.445776 -3.624888 0.000000
vt 3.476312 -2.439860 0.000000
vt 3.494135 -1.232058 0.000000
vt 3.500000 -0.000000 0.000000
vt 0.557493 -9.826969 0.000000
vt 0.707107 -9.118090 0.000000
vt 0.715158 -8.492728 0.000000
vt 1.389381 -8.891093 0.000000
vt 1.385437 -8.685925 0.000000
vt 0.424635 -11.179072 0.000000
vt 0.707107 -10.368815 0.000000
vt 0.707107 -9.743452 0.000000
vt 1.414214 -9.510940 0.000000
vt 1.403891 -9.304454 0.000000
vt 0.314325 -12.552371 0.000000
vt 0.707107 -11.619539 0.000000
vt 0.707107 -10.994177 0.000000
vt 1.414214 -10.313139 0.000000
vt 0.224690 -13.947178 0.000000
vt 0.707107 -13.495626 0.000000
vt 0.707107 -12.870264 0.000000
vt 0.707107 -12.244901 0.000000
vt 1.414214 -12.719733 0.000000
vt 1.414214 -11.917535 0.000000
vt 0.153690 -15.363853 0.000000
vt 0.707107 -14.746351 0.000000
vt 0.707107 -14.120988 0.000000
vt 1.414214 -13.521931 0.000000
vt 0.098855 -16.811710 0.000000
vt 0.707107 -15.997075 0.000000
vt 0.707107 -15.371713 0.000000
vt 1.414214 -15.126327 0.000000
vt 1.414214 -14.324129 0.000000
vt 0.058610 -18.296722 0.000000
vt 0.707107 -17.247800 0.000000
vt 0.707107 -16.622438 0.000000
vt 1.414214 -15.928526 0.000000
vt 0.032043 -19.806778 0.000000
vt 0.707107 -19.159186 0.000000
vt 0.707107 -18.498525 0.000000
vt 0.707107 -17.873162 0.000000
vt 1.414214 -18.335120 0.000000
vt 1.414214 -17.532922 0.000000
vt 0.017748 -21.366108 0.000000
vt 0.707107 -20.480510 0.000000
vt 0.707107 -19.819848 0.000000
vt 1.414214 -19.137318 0.000000
vt 0.016359 -22.978042 0.000000
vt 0.707107 -22.132164 0.000000
vt 0.707107 -21.141171 0.000000
vt 1.414180 -20.741740 0.000000
vt 1.414213 -19.939517 0.000000
vt 0.028730 -24.618336 0.000000
vt 0.707107 -24.114148 0.000000
vt 0.707107 -23.123156 0.000000
vt 1.414136 -22.346201 0.000000
vt 1.414137 -21.543980 0.000000
vt 0.056930 -26.310896 0.000000
vt 0.707107 -25.811286 0.000000
vt 0.707107 -25.105141 0.000000
vt 1.414214 -24.883703 0.000000
vt 1.414211 -23.614910 0.000000
vt 0.103913 -28.047853 0.000000
vt 0.707107 -27.223576 0.000000
vt 0.707107 -26.517431 0.000000
vt 1.414214 -26.152499 0.000000
vt 0.172973 -29.820966 0.000000
vt 0.707107 -28.635867 0.000000
vt 0.707107 -27.929721 0.000000
vt 1.414214 -27.421295 0.000000
vt 0.217395 -30.726879 0.000000
vt 0.707107 -30.048157 0.000000
vt 0.707107 -29.342012 0.000000
vt 1.414214 -28.690091 0.000000
vt 0.269196 -31.644081 0.000000
vt 0.707107 -31.442229 0.000000
vt 0.707107 -30.754302 0.000000
vt 1.414214 -29.958887 0.000000
vt 0.707107 -32.130155 0.000000
vt 0.328961 -32.571004 0.000000
vt 0.707107 -32.818082 0.000000
vt 0.397338 -33.506008 0.000000
vt 0.701559 -33.454224 0.000000
vt 0.645369 -33.473869 0.000000
vt 0.447340 -33.500397 0.000000
vt 0.497343 -33.494794 0.000000
vt 0.547346 -33.489200 0.000000
vt 0.600618 -33.483225 0.000000
vt 0.572347 -33.486407 0.000000
vt 0.584848 -33.485011 0.000000
vt 0.597349 -33.483616 0.000000
vt 0.768281 -33.421734 0.000000
vt 0.835557 -33.379805 0.000000
vt 0.960681 -33.277591 0.000000
vt 1.073605 -33.155726 0.000000
vt 1.174479 -33.017892 0.000000
vt 1.265903 -32.861442 0.000000
vt 1.346405 -32.687242 0.000000
vt 1.414214 -32.496476 0.000000
vt 1.414214 -31.227684 0.000000
vt 1.414214 -16.730724 0.000000
vt 1.414214 -11.115337 0.000000
vt 1.395571 -9.097553 0.000000
vt 1.414214 -8.558064 0.000000
vt -6.385008 -4.576674 0.000000
vt -6.228545 -4.822539 0.000000
vt -6.385008 5.827261 0.000000
vt -6.180975 6.290139 0.000000
vt -6.078860 -5.071784 0.000000
vt -5.981101 6.772508 0.000000
vt -5.799412 -5.576952 0.000000
vt -5.785320 7.273079 0.000000
vt -5.545842 -6.085255 0.000000
vt -5.593568 7.790562 0.000000
vt -5.317328 -6.589768 0.000000
vt -5.405777 8.323667 0.000000
vt -5.221884 8.871107 0.000000
vt -5.113047 -7.083566 0.000000
vt -3.567915 0.962392 0.000000
vt -5.019737 -7.324284 0.000000
vt -3.569341 -0.612054 0.000000
vt -4.932177 -7.559726 0.000000
vt -4.850265 -7.789028 0.000000
vt -3.557056 -2.171685 0.000000
vt -4.773897 -8.011323 0.000000
vt -4.702970 -8.225746 0.000000
vt -4.637383 -8.431431 0.000000
vt -4.561997 -8.624957 0.000000
vt -4.462669 -8.806855 0.000000
vt -3.528980 -3.739411 0.000000
vt -4.342243 -8.977663 0.000000
vt -4.205349 -9.136195 0.000000
vt -4.055821 -9.283509 0.000000
vt -3.482296 -5.307617 0.000000
vt -3.898050 -9.420716 0.000000
vt -3.739124 -9.547573 0.000000
vt -3.413590 -6.869264 0.000000
vt -3.585652 -9.664813 0.000000
vt -3.369400 -7.652684 0.000000
vt -3.317881 -8.436421 0.000000
vt -3.403140 -9.805581 0.000000
vt -3.258461 -9.219263 0.000000
vt -3.289932 -9.900501 0.000000
vt -3.235455 -9.951501 0.000000
vt -3.190567 -10.000000 0.000000
vt -5.041821 9.431590 0.000000
vt -3.553782 2.527204 0.000000
vt -4.865525 10.003828 0.000000
vt -3.527271 4.083077 0.000000
vt -4.692928 10.586533 0.000000
vt -4.523966 11.178413 0.000000
vt -3.487267 5.650616 0.000000
vt -4.358572 11.778180 0.000000
vt -3.432775 7.212846 0.000000
vt -4.196513 12.385214 0.000000
vt -3.362046 8.771521 0.000000
vt -3.878909 13.632061 0.000000
vt -3.272860 10.332273 0.000000
vt -3.728967 14.250481 0.000000
vt -3.163239 11.891768 0.000000
vt -3.657716 14.552694 0.000000
vt -3.589518 14.848053 0.000000
vt -3.031164 13.447268 0.000000
vt -3.585652 15.000000 0.000000
vt -2.874350 15.000000 0.000000
vt -0.000000 1.002749 0.000000
vt -0.151972 1.000000 0.000000
vt -0.000000 0.020349 0.000000
vt -0.151972 0.000000 0.000000
vt -0.902633 0.381128 0.000000
vt -0.781469 0.248849 0.000000
vt -0.725765 0.228745 0.000000
vt -0.781469 0.108195 0.000000
vt -0.658079 0.108195 0.000000
vt -0.658079 0.000002 0.000000
vt -0.493559 0.000002 0.000000
vt -0.493559 -0.111924 0.000000
vt -0.478311 0.000002 0.000000
vt -0.493559 -0.183530 0.000000
vt -0.329039 -0.183530 0.000000
vt -0.329039 -0.275461 0.000000
vt -0.279256 -0.199030 0.000000
vt -0.329039 -0.367391 0.000000
vt -0.164520 -0.367391 0.000000
vt -0.164520 -0.464877 0.000000
vt -0.152313 -0.336125 0.000000
vt -0.082260 -0.464877 0.000000
vt -0.000000 -0.519784 0.000000
vt -0.041130 -0.562362 0.000000
vt -0.020565 -0.562362 0.000000
vt -0.020565 -0.659848 0.000000
vt -0.010282 -0.659848 0.000000
vt -0.010282 -0.757333 0.000000
vt -0.000000 -0.709511 0.000000
vt -0.000000 -0.839417 0.000000
vt -0.010282 -0.854819 0.000000
vt -0.000000 -0.929608 0.000000
vt -0.010282 -0.952304 0.000000
vt -0.000000 -0.993301 0.000000
vt -0.010282 -1.049762 0.000000
vt -0.004229 -1.137923 0.000000
vt -0.020565 -1.049735 0.000000
vt -0.041130 -1.049680 0.000000
vt -0.041130 -0.952304 0.000000
vt -0.082260 -0.952304 0.000000
vt -0.082260 -0.854819 0.000000
vt -0.164520 -0.854819 0.000000
vt -0.164520 -0.757333 0.000000
vt -0.329039 -0.757333 0.000000
vt -0.329039 -0.659848 0.000000
vt -0.493559 -0.659848 0.000000
vt -0.493559 -0.562362 0.000000
vt -0.658079 -0.562362 0.000000
vt -0.658079 -0.464877 0.000000
vt -0.781469 -0.464877 0.000000
vt -0.781469 -0.367391 0.000000
vt -0.904858 -0.367391 0.000000
vt -0.904858 -0.275461 0.000000
vt -1.028248 -0.275461 0.000000
vt -1.028248 -0.183530 0.000000
vt -1.151638 -0.183530 0.000000
vt -1.151638 -0.111924 0.000000
vt -1.275028 -0.111924 0.000000
vt -1.275028 0.000001 0.000000
vt -1.398418 0.000001 0.000000
vt -1.398418 0.108195 0.000000
vt -1.521807 0.108195 0.000000
vt -1.521807 0.248849 0.000000
vt -1.645197 0.248849 0.000000
vt -1.645197 0.389503 0.000000
vt -1.809717 0.389503 0.000000
vt -1.809717 0.530157 0.000000
vt -1.974183 0.484054 0.000000
vt -1.974186 0.604738 0.000000
vt -1.809717 0.670810 0.000000
vt -1.974220 0.725360 0.000000
vt -1.809717 0.819151 0.000000
vt -1.974237 0.846042 0.000000
vt -1.828559 0.934092 0.000000
vt -1.974236 0.966794 0.000000
vt -1.071360 0.517108 0.000000
vt -1.028248 0.389503 0.000000
vt -0.904858 0.248849 0.000000
vt -1.232849 0.636101 0.000000
vt -1.151638 0.530157 0.000000
vt -1.151638 0.389503 0.000000
vt -1.028248 0.248849 0.000000
vt -0.904858 0.108195 0.000000
vt -0.781469 0.000002 0.000000
vt -0.658079 -0.111924 0.000000
vt -1.275028 0.530157 0.000000
vt -1.387236 0.736812 0.000000
vt -1.398418 0.670810 0.000000
vt -1.536710 0.819729 0.000000
vt -1.521807 0.670810 0.000000
vt -1.645197 0.670810 0.000000
vt -1.521807 0.530157 0.000000
vt -1.645197 0.530157 0.000000
vt -1.521807 0.389503 0.000000
vt -1.645197 0.819499 0.000000
vt -1.683571 0.885441 0.000000
vt -1.974229 0.362879 0.000000
vt -1.809717 0.248849 0.000000
vt -1.645197 0.108195 0.000000
vt -1.521807 0.000001 0.000000
vt -1.398418 -0.111924 0.000000
vt -1.275028 -0.183530 0.000000
vt -1.151638 -0.275461 0.000000
vt -1.028248 -0.367391 0.000000
vt -0.904858 -0.464877 0.000000
vt -0.781469 -0.562362 0.000000
vt -0.658079 -0.659848 0.000000
vt -0.493559 -0.757333 0.000000
vt -0.372401 -0.847527 0.000000
vt -0.329039 -0.854819 0.000000
vt -0.261302 -0.906950 0.000000
vt -0.164520 -0.952304 0.000000
vt -0.068098 -1.049609 0.000000
vt -1.974237 0.241894 0.000000
vt -1.809717 0.108195 0.000000
vt -1.645197 0.000001 0.000000
vt -1.521807 -0.111924 0.000000
vt -1.398418 -0.183530 0.000000
vt -1.275028 -0.275461 0.000000
vt -1.151638 -0.367391 0.000000
vt -1.028248 -0.464877 0.000000
vt -0.904858 -0.562362 0.000000
vt -0.781469 -0.659848 0.000000
vt -0.587727 -0.749730 0.000000
vt -1.974237 0.120947 0.000000
vt -1.974237 0.000000 0.000000
vt -1.809717 0.000000 0.000000
vt -1.809717 -0.111924 0.000000
vt -1.645197 -0.111924 0.000000
vt -1.645197 -0.183530 0.000000
vt -1.521807 -0.183530 0.000000
vt -1.521807 -0.275461 0.000000
vt -1.398418 -0.275461 0.000000
vt -1.398418 -0.367391 0.000000
vt -1.275028 -0.367391 0.000000
vt -1.275028 -0.464877 0.000000
vt -1.151638 -0.464877 0.000000
vt -1.187962 -0.525166 0.000000
vt -0.991773 -0.594105 0.000000
vt -1.974237 -0.104070 0.000000
vt -1.809717 -0.183530 0.000000
vt -1.770297 -0.295558 0.000000
vt -1.645197 -0.275461 0.000000
vt -1.574641 -0.394248 0.000000
vt -1.521807 -0.367391 0.000000
vt -1.382381 -0.458877 0.000000
vt -1.974237 -0.208141 0.000000
vt -1.809717 -0.275461 0.000000
vt -0.793926 -0.667252 0.000000
vt -1.028248 -0.562362 0.000000
vt -0.154511 -0.975776 0.000000
vt -0.000000 -1.147275 0.000000
vt -0.000000 -0.607351 0.000000
vt -0.010282 -0.562362 0.000000
vt -1.275028 0.108195 0.000000
vt -1.398418 0.248849 0.000000
vt -1.275028 0.248849 0.000000
vt -1.398418 0.389503 0.000000
vt -1.275028 0.389503 0.000000
vt -1.398418 0.530157 0.000000
vt -1.151638 0.108195 0.000000
vt -1.151638 0.248849 0.000000
vt -1.151638 0.000001 0.000000
vt -1.028248 0.000002 0.000000
vt -1.028248 0.108195 0.000000
vt -0.904858 0.000002 0.000000
vt -1.028248 -0.111924 0.000000
vt -0.904858 -0.111924 0.000000
vt -0.904858 -0.183530 0.000000
vt -0.781469 -0.111924 0.000000
vt -0.781469 -0.183530 0.000000
vt -0.781469 -0.275461 0.000000
vt -0.658079 -0.183530 0.000000
vt -0.493559 -0.275461 0.000000
vt -0.658079 -0.275461 0.000000
vt -0.658079 -0.367391 0.000000
vt -0.493559 -0.367391 0.000000
vt -0.329039 -0.464877 0.000000
vt -0.164520 -0.562362 0.000000
vt -0.082260 -0.562362 0.000000
vt -0.082260 -0.659848 0.000000
vt -0.041130 -0.659848 0.000000
vt -0.041130 -0.757333 0.000000
vt -0.020565 -0.757333 0.000000
vt -0.020565 -0.854819 0.000000
vt -0.493559 -0.464877 0.000000
vt -0.329039 -0.562362 0.000000
vt -0.164520 -0.659848 0.000000
vt -0.082260 -0.757333 0.000000
vt -0.041130 -0.854819 0.000000
vt -0.020565 -0.952304 0.000000
vt -0.499981 -2.802222 0.000000
vt -0.604388 0.431765 0.000000
vt -0.999981 -1.936196 0.000000
vt -0.815335 0.393263 0.000000
vt -1.036668 0.345917 0.000000
vt -1.499981 -2.802222 0.000000
vt -1.111342 -5.366595 0.000000
vt -0.698084 -5.479014 0.000000
vt -0.485808 -5.529258 0.000000
vt -1.728970 -1.139562 0.000000
vt -1.783322 -1.542291 0.000000
vt -1.825706 -1.948625 0.000000
vt -0.018675 -5.573855 0.000000
vt -0.000010 -5.573900 0.000000
vt -0.000010 0.488149 0.000000
vt -0.202998 0.480600 0.000000
vt -0.404204 0.460794 0.000000
vt -1.267949 0.290370 0.000000
vt -1.267949 0.286266 0.000000
vt -1.350854 0.240539 0.000000
vt -1.589326 -0.360119 0.000000
vt -1.663891 -0.744238 0.000000
vt -1.420739 0.176548 0.000000
vt -1.506517 0.008994 0.000000
vt -1.473643 0.097853 0.000000
vt -1.854881 -2.354762 0.000000
vt -1.869573 -2.754385 0.000000
vt -1.871245 -2.945056 0.000000
vt -1.869338 -3.128748 0.000000
vt -1.864051 -3.305636 0.000000
vt -1.855579 -3.475892 0.000000
vt -1.829867 -3.797204 0.000000
vt -1.793777 -4.094071 0.000000
vt -1.748880 -4.367880 0.000000
vt -1.696750 -4.620019 0.000000
vt -1.638960 -4.851875 0.000000
vt -1.577082 -5.064836 0.000000
vt -1.512689 -5.260288 0.000000
vt -0.269761 -5.562130 0.000000
vt -0.135299 -5.571426 0.000000
vt -0.051318 -5.573540 0.000000
vt 5.723912 5.423902 0.000000
vt 5.723912 5.000000 0.000000
vt 5.903307 5.500000 0.000000
vt 5.990329 5.000000 0.000000
vt 6.006927 5.539989 0.000000
vt 6.118877 5.577670 0.000000
vt 6.270051 5.000000 0.000000
vt 6.239061 5.612973 0.000000
vt 6.367375 5.645831 0.000000
vt 6.562827 5.000000 0.000000
vt 6.503699 5.676179 0.000000
vt 6.647905 5.703948 0.000000
vt 6.868521 5.000000 0.000000
vt 6.799604 5.729054 0.000000
vt 6.957242 5.751372 0.000000
vt 7.187183 5.000000 0.000000
vt 7.120323 5.770929 0.000000
vt 7.288570 5.787768 0.000000
vt 7.519112 5.000000 0.000000
vt 7.461744 5.801935 0.000000
vt 7.639647 5.813473 0.000000
vt 7.864907 5.000000 0.000000
vt 7.822125 5.822427 0.000000
vt 8.009077 5.828841 0.000000
vt 8.043292 5.000000 0.000000
vt 8.200459 5.832760 0.000000
vt 8.225544 5.000000 0.000000
vt 8.396286 5.834229 0.000000
vt 8.411861 5.000000 0.000000
vt 8.602481 5.000000 0.000000
vt 8.789697 5.829760 0.000000
vt 8.994553 5.000000 0.000000
vt 9.171693 5.815494 0.000000
vt 9.385589 5.000000 0.000000
vt 9.539977 5.791023 0.000000
vt 9.772706 5.000000 0.000000
vt 9.892016 5.755832 0.000000
vt 10.155696 5.000000 0.000000
vt 10.224887 5.709407 0.000000
vt 10.383023 5.681824 0.000000
vt 10.534441 5.000000 0.000000
vt 10.534181 5.651347 0.000000
vt 10.677736 5.617969 0.000000
vt 10.908845 5.000000 0.000000
vt 10.813396 5.581648 0.000000
vt 10.940806 5.542340 0.000000
vt 11.059549 5.500000 0.000000
vt 11.278749 5.000000 0.000000
vt 11.278749 5.413212 0.000000
vt -0.000000 0.421783 0.000000
vt -0.000000 0.834995 0.000000
vt -0.059393 0.453124 0.000000
vt -0.094968 0.834995 0.000000
vt -0.113212 0.493753 0.000000
vt -0.162759 0.540795 0.000000
vt -0.190016 0.834995 0.000000
vt -0.208406 0.591682 0.000000
vt -0.284995 0.834995 0.000000
vt -0.294333 0.704648 0.000000
vt -0.379898 0.834995 0.000000
vt 2.309401 2.798116 0.000000
vt 2.309401 2.802220 0.000000
vt 2.158889 2.757746 0.000000
vt 1.950079 2.755584 0.000000
vt 2.028447 2.702056 0.000000
vt 1.969689 2.667152 0.000000
vt 1.915369 2.625749 0.000000
vt 1.732051 2.726030 0.000000
vt 1.868454 2.577358 0.000000
vt 1.832265 2.520845 0.000000
vt 1.732051 2.303579 0.000000
vt -12.391789 2.845117 0.000000
vt -12.234431 1.720621 0.000000
vt -12.104461 2.990172 0.000000
vt -12.134175 1.765975 0.000000
vt -12.085146 3.000000 0.000000
vt -11.920156 1.846051 0.000000
vt -11.911634 3.000000 0.000000
vt -11.740625 3.000000 0.000000
vt -11.691719 1.910845 0.000000
vt -11.571948 3.000000 0.000000
vt -11.453098 1.958986 0.000000
vt -11.405442 3.000000 0.000000
vt -11.207292 1.989229 0.000000
vt -11.240960 3.000000 0.000000
vt -11.078363 3.000000 0.000000
vt -10.952474 2.000000 0.000000
vt -10.917523 3.000000 0.000000
vt -10.758320 3.000000 0.000000
vt -10.674228 2.000000 0.000000
vt -10.600638 3.000000 0.000000
vt -10.401120 2.000000 0.000000
vt -10.444369 3.000000 0.000000
vt -10.289412 3.000000 0.000000
vt -10.132548 2.000000 0.000000
vt -10.135672 3.000000 0.000000
vt -9.983062 3.000000 0.000000
vt -9.867970 2.000000 0.000000
vt -9.832071 3.000000 0.000000
vt -9.683592 3.000000 0.000000
vt -9.607296 2.000000 0.000000
vt -9.537546 3.000000 0.000000
vt -9.352884 2.000000 0.000000
vt -9.393845 3.000000 0.000000
vt -9.252407 3.000000 0.000000
vt -9.104846 2.000000 0.000000
vt -9.113159 3.000000 0.000000
vt -8.976032 3.000000 0.000000
vt -8.862789 2.000000 0.000000
vt -8.840963 3.000000 0.000000
vt -8.707895 3.000000 0.000000
vt -8.626379 2.000000 0.000000
vt -8.443678 3.000000 0.000000
vt -8.394884 2.000000 0.000000
vt -8.176009 3.000000 0.000000
vt -8.163776 2.000000 0.000000
vt -7.931575 2.000000 0.000000
vt -12.683453 2.703019 0.000000
vt -12.501749 1.565263 0.000000
vt -12.418760 1.620101 0.000000
vt -12.329472 1.671941 0.000000
vt -12.979810 2.563831 0.000000
vt -12.889002 1.220252 0.000000
vt -12.646595 1.447252 0.000000
vt -12.577882 1.507592 0.000000
vt -13.131565 1.000000 0.000000
vt -13.281361 2.427506 0.000000
vt -13.435165 0.733938 0.000000
vt -13.588757 2.293999 0.000000
vt -13.738698 0.478539 0.000000
vt -13.902823 2.163262 0.000000
vt -14.042015 0.233871 0.000000
vt -14.224591 2.035248 0.000000
vt -14.344951 0.000000 0.000000
vt -14.555344 1.909912 0.000000
vt -14.686386 0.000000 0.000000
vt -14.896696 1.787206 0.000000
vt -15.027822 0.000000 0.000000
vt -15.250698 1.667084 0.000000
vt -15.369257 0.000000 0.000000
vt -15.620014 1.549499 0.000000
vt -15.710692 0.000000 0.000000
vt -16.008627 1.434285 0.000000
vt -16.052128 0.000000 0.000000
vt -16.393563 0.000000 0.000000
vt -16.877751 1.208488 0.000000
vt -16.734999 0.000000 0.000000
vt -16.905716 0.000000 0.000000
vt -17.076434 0.000000 0.000000
vt -17.363003 1.101888 0.000000
vt -17.265482 0.007297 0.000000
vt -17.463074 0.013178 0.000000
vt -17.619504 1.051233 0.000000
vt -17.669712 0.017557 0.000000
vt -17.886046 1.002749 0.000000
vt -17.886046 0.020349 0.000000
vt -7.904097 3.000000 0.000000
vt -7.697853 2.000000 0.000000
vt -7.627372 3.000000 0.000000
vt -7.462194 2.000000 0.000000
vt -7.347194 3.000000 0.000000
vt -7.224937 2.000000 0.000000
vt -7.065856 3.000000 0.000000
vt -6.987227 2.000000 0.000000
vt -6.782560 3.000000 0.000000
vt -6.748668 2.000000 0.000000
vt -6.496382 3.000000 0.000000
vt -6.508757 2.000000 0.000000
vt -6.266953 2.000000 0.000000
vt -6.207273 3.000000 0.000000
vt -6.023000 2.000000 0.000000
vt -5.916038 3.000000 0.000000
vt -5.776969 2.000000 0.000000
vt -5.622813 3.000000 0.000000
vt -5.528664 2.000000 0.000000
vt -5.327507 3.000000 0.000000
vt -5.277797 2.000000 0.000000
vt -5.029839 3.000000 0.000000
vt -5.023983 2.000000 0.000000
vt -4.766741 2.000000 0.000000
vt -4.729364 3.000000 0.000000
vt -4.505491 2.000000 0.000000
vt -4.425480 3.000000 0.000000
vt -4.239182 2.000000 0.000000
vt -3.804259 3.000000 0.000000
vt -3.965247 2.000000 0.000000
vt -3.396371 2.000000 0.000000
vt -2.803324 2.000000 0.000000
vt -3.153505 3.000000 0.000000
vt -3.484799 3.000000 0.000000
vt -2.790707 3.000000 0.000000
vt -2.681601 1.991674 0.000000
vt -2.560246 1.966762 0.000000
vt -2.398202 3.000000 0.000000
vt -2.441069 1.925494 0.000000
vt -2.326163 1.868386 0.000000
vt -2.217475 1.796070 0.000000
vt -2.121648 2.722306 0.000000
vt -2.117350 1.709631 0.000000
vt -2.028166 1.610573 0.000000
vt -1.951691 1.500000 0.000000
vt -1.837922 2.447993 0.000000
vt -1.837522 1.311182 0.000000
vt -1.644744 1.000000 0.000000
vt -1.545877 2.178068 0.000000
vt -1.386706 1.000000 0.000000
vt -1.245321 1.914670 0.000000
vt -1.127132 1.000000 0.000000
vt -0.935897 1.659934 0.000000
vt -0.865460 1.000000 0.000000
vt -0.617107 1.415998 0.000000
vt -0.601011 1.000000 0.000000
vt -0.454017 1.298748 0.000000
vt -0.315098 1.000000 0.000000
vt -0.374487 1.243471 0.000000
vt -0.303252 1.195032 0.000000
vt -0.166975 1.105120 0.000000
vt -0.090542 1.056298 0.000000
vt -0.000016 1.000000 0.000000
vt -0.707100 -3.062050 0.000000
vt -0.608161 -3.034203 0.000000
vt -0.707100 3.000000 0.000000
vt -0.518065 -3.014809 0.000000
vt -0.627482 2.999633 0.000000
vt -0.558438 2.998477 0.000000
vt -0.431284 2.993476 0.000000
vt -0.307211 -2.989254 0.000000
vt -0.362781 2.989467 0.000000
vt -0.284607 2.984352 0.000000
vt -0.118790 2.971180 0.000000
vt -0.064059 -2.973053 0.000000
vt 0.072793 -2.960839 0.000000
vt 0.226187 2.934249 0.000000
vt 0.223810 -2.945116 0.000000
vt 0.532099 -2.906126 0.000000
vt 0.586438 2.884753 0.000000
vt 0.843659 -2.858237 0.000000
vt 0.958940 2.824560 0.000000
vt 1.158427 -2.802342 0.000000
vt 1.340671 2.755535 0.000000
vt 1.476337 -2.739333 0.000000
vt 1.728608 2.679544 0.000000
vt 2.121327 -2.595543 0.000000
vt 2.121327 2.598078 0.000000
vt 0.331405 2.199675 0.000000
vt 0.243993 2.199669 0.000000
vt 0.324499 1.991509 0.000000
vt 0.257404 1.964916 0.000000
vt 0.324499 1.887429 0.000000
vt 0.324499 1.783365 0.000000
vt 0.405005 1.887377 0.000000
vt 0.405005 1.783297 0.000000
vt 0.506246 1.887311 0.000000
vt 0.506256 1.783213 0.000000
vt 0.405005 1.679250 0.000000
vt 0.506256 1.679150 0.000000
vt 0.405005 1.575230 0.000000
vt 0.506256 1.575125 0.000000
vt 0.506256 1.471121 0.000000
vt 0.506256 1.367094 0.000000
vt 0.306675 1.741443 0.000000
vt 0.506226 1.991441 0.000000
vt 0.405005 1.991479 0.000000
vt 0.506229 2.199681 0.000000
vt 0.418817 2.199678 0.000000
vt 0.330563 0.141652 0.000000
vt 0.284492 0.141652 0.000000
vt 0.368657 0.118044 0.000000
vt 0.277204 0.000000 0.000000
vt 0.376515 0.000000 0.000000
vt 0.422703 0.141652 0.000000
vt 0.475826 0.000000 0.000000
vt 0.575137 0.000000 0.000000
vt 0.376633 0.141652 0.000000
vt 0.296958 0.000010 0.000000
vt 0.296960 0.018617 0.000000
vt 0.221869 0.070157 0.000000
vt 0.296959 0.051106 0.000000
vt 0.249887 0.134391 0.000000
vt 0.296958 0.134391 0.000000
vt 0.202816 0.134391 0.000000
vt 0.155745 0.134391 0.000000
vt 14.703055 1.747717 0.000000
vt 14.523605 1.794345 0.000000
vt 14.702781 1.559558 0.000000
vt 14.709912 1.372023 0.000000
vt 14.462775 0.000000 0.000000
vt 14.760840 0.000000 0.000000
vt 14.340361 1.844770 0.000000
vt 14.164710 0.000000 0.000000
vt 14.153920 1.899063 0.000000
vt 13.964780 1.957298 0.000000
vt 13.866645 0.000000 0.000000
vt 13.773354 2.019548 0.000000
vt 13.517321 0.236189 0.000000
vt 13.579985 2.085885 0.000000
vt 13.188492 2.231117 0.000000
vt 12.792006 2.393576 0.000000
vt 12.868495 0.736230 0.000000
vt 13.185624 0.481613 0.000000
vt 12.563542 1.000000 0.000000
vt 12.391675 2.573849 0.000000
vt 12.323938 1.220575 0.000000
vt 12.090282 1.447252 0.000000
vt 11.988291 2.772520 0.000000
vt 12.024341 1.507980 0.000000
vt 11.951496 1.566114 0.000000
vt 11.872370 1.621464 0.000000
vt 11.785642 2.878937 0.000000
vt 11.787576 1.673837 0.000000
vt 11.603387 1.768887 0.000000
vt 11.582439 2.990172 0.000000
vt 11.564687 3.000000 0.000000
vt 11.405071 1.849241 0.000000
vt 11.325930 3.000000 0.000000
vt 11.198818 1.913170 0.000000
vt 11.082657 3.000000 0.000000
vt 10.988238 1.960068 0.000000
vt 10.835110 3.000000 0.000000
vt 10.773300 1.989571 0.000000
vt 10.583483 3.000000 0.000000
vt 10.553780 2.000000 0.000000
vt 10.327884 3.000000 0.000000
vt 10.337255 2.000000 0.000000
vt 10.118076 2.000000 0.000000
vt 10.066108 3.000000 0.000000
vt 9.895791 2.000000 0.000000
vt 9.796983 3.000000 0.000000
vt 9.668673 2.000000 0.000000
vt 9.520544 3.000000 0.000000
vt 9.436512 2.000000 0.000000
vt 9.236765 3.000000 0.000000
vt 9.199199 2.000000 0.000000
vt 8.946106 3.000000 0.000000
vt 8.956599 2.000000 0.000000
vt 8.708550 2.000000 0.000000
vt 8.651726 3.000000 0.000000
vt 8.457507 2.000000 0.000000
vt 8.353342 3.000000 0.000000
vt 8.206036 2.000000 0.000000
vt 8.049961 3.000000 0.000000
vt 7.953441 2.000000 0.000000
vt 7.896080 3.000000 0.000000
vt 7.699021 2.000000 0.000000
vt 7.740608 3.000000 0.000000
vt 7.430629 3.000000 0.000000
vt 7.123973 3.000000 0.000000
vt 7.183258 2.000000 0.000000
vt 7.442072 2.000000 0.000000
vt 6.926681 2.000000 0.000000
vt 6.820265 3.000000 0.000000
vt 6.672647 2.000000 0.000000
vt 6.519189 3.000000 0.000000
vt 6.421161 2.000000 0.000000
vt 6.220484 3.000000 0.000000
vt 6.172266 2.000000 0.000000
vt 5.923345 3.000000 0.000000
vt 5.926047 2.000000 0.000000
vt 5.682575 2.000000 0.000000
vt 5.627114 3.000000 0.000000
vt 5.440374 2.000000 0.000000
vt 5.331502 3.000000 0.000000
vt 5.198564 2.000000 0.000000
vt 5.036259 3.000000 0.000000
vt 4.715318 2.000000 0.000000
vt 4.741159 3.000000 0.000000
vt 4.231324 2.000000 0.000000
vt 4.150547 3.000000 0.000000
vt 3.744299 2.000000 0.000000
vt 3.558078 3.000000 0.000000
vt 2.953983 3.000000 0.000000
vt 2.307365 3.000000 0.000000
vt 2.612543 1.991755 0.000000
vt 2.743504 2.000000 0.000000
vt 1.821294 2.543923 0.000000
vt 2.116584 1.797272 0.000000
vt 2.232106 1.869278 0.000000
vt 2.354625 1.926039 0.000000
vt 1.574718 2.319127 0.000000
vt 1.787323 1.423902 0.000000
vt 1.835070 1.500000 0.000000
vt 1.915651 1.611174 0.000000
vt 1.325355 2.096552 0.000000
vt 1.342087 1.000000 0.000000
vt 1.787323 1.000000 0.000000
vt 1.232749 1.062197 0.000000
vt 1.072862 1.876246 0.000000
vt 1.118275 1.116319 0.000000
vt 0.999337 1.162486 0.000000
vt 0.816879 1.658253 0.000000
vt 0.876636 1.200816 0.000000
vt 0.750881 1.231536 0.000000
vt 0.689059 1.551467 0.000000
vt 0.622557 1.255132 0.000000
vt 0.571757 1.454699 0.000000
vt 0.359735 1.282765 0.000000
vt 2.010128 1.710678 0.000000
vt 2.482250 1.967045 0.000000
vt 15.058905 0.000000 0.000000
vt 14.990118 0.138787 0.000000
vt 14.929818 0.282781 0.000000
vt 14.869723 0.455656 0.000000
vt 14.819662 0.633617 0.000000
vt 14.779110 0.815490 0.000000
vt 14.747605 1.000000 0.000000
vt 14.724729 1.185431 0.000000
vt -2.617602 -0.523599 0.000000
vt -2.540600 -0.476758 0.000000
vt -2.735594 -0.523599 0.000000
vt -2.713330 -0.389656 0.000000
vt -2.456185 -0.431274 0.000000
vt -2.364096 -0.387299 0.000000
vt -2.264063 -0.345005 0.000000
vt -2.155819 -0.304585 0.000000
vt -2.686330 -0.256737 0.000000
vt -2.039095 -0.266249 0.000000
vt -1.913829 -0.230282 0.000000
vt -1.780947 -0.197228 0.000000
vt -2.654791 -0.124438 0.000000
vt -1.640596 -0.167299 0.000000
vt -1.492771 -0.140661 0.000000
vt -1.337469 -0.117490 0.000000
vt -1.174686 -0.097972 0.000000
vt -1.004418 -0.082302 0.000000
vt -0.826661 -0.070685 0.000000
vt -0.641412 -0.063335 0.000000
vt -2.619301 0.006533 0.000000
vt -0.448666 -0.060472 0.000000
vt -0.052853 -0.068648 0.000000
vt 0.340302 -0.094183 0.000000
vt 2.619942 0.004739 0.000000
vt -0.004782 0.074800 0.000000
vt -2.580354 0.136580 0.000000
vt -0.004782 0.224399 0.000000
vt -2.538442 0.266157 0.000000
vt -0.004782 0.373999 0.000000
vt -2.494375 0.395094 0.000000
vt -2.448930 0.523599 0.000000
vt 2.508139 0.394465 0.000000
vt 2.467815 0.523599 0.000000
vt 2.652090 -0.126424 0.000000
vt 0.724926 -0.135358 0.000000
vt 1.095080 -0.190611 0.000000
vt 2.680746 -0.258225 0.000000
vt 1.444823 -0.258575 0.000000
vt 1.610149 -0.296944 0.000000
vt 1.767331 -0.337836 0.000000
vt 2.705465 -0.390416 0.000000
vt 1.915612 -0.381035 0.000000
vt 2.054644 -0.426440 0.000000
vt 2.184083 -0.473977 0.000000
vt 2.726030 -0.523599 0.000000
vt 2.303579 -0.523599 0.000000
vt 2.584863 0.135140 0.000000
vt 2.547373 0.265048 0.000000
vt 1.732051 -2.617602 0.000000
vt 1.732051 -2.735594 0.000000
vt 1.819921 -2.748437 0.000000
vt 8.077244 2.467815 0.000000
vt 7.432199 2.261215 0.000000
vt 8.077244 -2.448930 0.000000
vt 7.067931 -2.080122 0.000000
vt 6.795216 2.055944 0.000000
vt 6.561877 -1.901289 0.000000
vt 6.485748 1.958383 0.000000
vt 6.184871 1.866400 0.000000
vt 6.053005 -1.736054 0.000000
vt 5.890869 1.780200 0.000000
vt 5.541943 -1.592415 0.000000
vt 5.603551 1.700561 0.000000
vt 5.323114 1.628411 0.000000
vt 5.286050 -1.531300 0.000000
vt 5.049757 1.564678 0.000000
vt 5.030161 -1.478713 0.000000
vt 4.783676 1.510291 0.000000
vt 4.773761 -1.435604 0.000000
vt 4.525070 1.466178 0.000000
vt 4.515745 -1.403018 0.000000
vt 4.274135 1.433267 0.000000
vt 4.256690 -1.382382 0.000000
vt 4.031234 1.412470 0.000000
vt 3.997229 -1.375136 0.000000
vt 3.796293 1.404653 0.000000
vt 3.737995 -1.382718 0.000000
vt 3.568898 1.410676 0.000000
vt 3.479620 -1.406565 0.000000
vt 3.348635 1.431399 0.000000
vt 3.223071 -1.448046 0.000000
vt 3.135132 1.467675 0.000000
vt 2.972967 -1.507333 0.000000
vt 2.929289 1.520031 0.000000
vt 2.730344 -1.584424 0.000000
vt 2.731150 1.588852 0.000000
vt 2.494860 -1.679504 0.000000
vt 2.540059 1.674595 0.000000
vt 2.266173 -1.792754 0.000000
vt 2.355362 1.777719 0.000000
vt 2.043945 -1.924353 0.000000
vt 2.175614 1.899270 0.000000
vt 1.997235 2.042616 0.000000
vt 1.830621 -2.072437 0.000000
vt 1.819769 2.209726 0.000000
vt 1.628220 -2.234314 0.000000
vt 1.436367 -2.408544 0.000000
vt 1.643103 2.402357 0.000000
vt 1.254687 -2.593683 0.000000
vt 1.467125 2.622263 0.000000
vt 1.082806 -2.788291 0.000000
vt 1.292103 2.870629 0.000000
vt 0.920251 -2.991056 0.000000
vt 1.119752 3.145929 0.000000
vt 0.765492 -3.202233 0.000000
vt 0.950102 3.448442 0.000000
vt 0.618005 -3.421120 0.000000
vt 0.782928 3.778787 0.000000
vt 0.618005 4.137583 0.000000
vt -5.116501 0.484404 0.000000
vt -2.221165 0.395395 0.000000
vt -5.198532 0.553553 0.000000
vt 0.756201 0.395395 0.000000
vt 6.596602 0.484856 0.000000
vt 3.733568 0.395395 0.000000
vt 6.470644 0.416490 0.000000
vt 6.334258 0.348367 0.000000
vt 3.733568 0.237237 0.000000
vt 6.188642 0.280406 0.000000
vt 6.034994 0.212533 0.000000
vt 5.874512 0.144674 0.000000
vt 3.733568 0.079079 0.000000
vt 5.537833 0.008707 0.000000
vt 3.733568 -0.079079 0.000000
vt 5.188201 -0.128086 0.000000
vt 3.733568 -0.237237 0.000000
vt 4.834805 -0.266159 0.000000
vt 3.733568 -0.395395 0.000000
vt 4.484585 -0.406646 0.000000
vt 4.137583 -0.553553 0.000000
vt 0.756201 -0.395395 0.000000
vt -2.221165 -0.395395 0.000000
vt -2.221165 -0.237237 0.000000
vt -3.888102 -0.270004 0.000000
vt -4.126281 -0.133728 0.000000
vt -2.221165 -0.079079 0.000000
vt -4.366005 0.002715 0.000000
vt -2.221165 0.079079 0.000000
vt -4.601810 0.140144 0.000000
vt -2.221165 0.237237 0.000000
vt -4.824909 0.277847 0.000000
vt -4.928769 0.346627 0.000000
vt -5.026273 0.415455 0.000000
vt -3.652702 -0.409002 0.000000
vt -3.421120 -0.553553 0.000000
vt 6.710934 0.553553 0.000000
vt 0.756201 0.237237 0.000000
vt 0.756201 0.079079 0.000000
vt 0.756201 -0.079079 0.000000
vt 0.756201 -0.237237 0.000000
vt 1.364673 -5.491504 0.000000
vt 1.364312 7.118731 0.000000
vt 1.118058 -5.794726 0.000000
vt 1.118058 7.532652 0.000000
vt 0.823147 -6.182754 0.000000
vt 0.820585 8.056792 0.000000
vt 0.000000 -0.000000 0.000000
vt 0.535035 8.584894 0.000000
vt 0.261482 9.113838 0.000000
vt 1.618111 -5.198532 0.000000
vt 1.618111 6.710934 0.000000
vt 0.000000 9.640504 0.000000
vt 0.000000 -7.439489 0.000000
vt 0.264073 -7.005125 0.000000
vt 0.538471 -6.586217 0.000000
vt 0.013899 5.827261 0.000000
vt 0.000000 5.796639 0.000000
vt 0.013899 -4.576674 0.000000
vt 0.000000 -4.555414 0.000000
vt 7.499894 5.796639 0.000000
vt 7.410571 5.524597 0.000000
vt 7.499894 -4.555414 0.000000
vt 7.320691 5.262155 0.000000
vt 7.230211 5.009237 0.000000
vt 7.139091 4.765770 0.000000
vt 7.364314 -4.273292 0.000000
vt 7.047289 4.531679 0.000000
vt 6.954764 4.306890 0.000000
vt 7.219608 -3.994014 0.000000
vt 6.861476 4.091328 0.000000
vt 7.065497 -3.719559 0.000000
vt 6.767384 3.884918 0.000000
vt 6.672445 3.687587 0.000000
vt 6.901699 -3.451906 0.000000
vt 6.576619 3.499260 0.000000
vt 6.479865 3.319862 0.000000
vt 6.727899 -3.192984 0.000000
vt 6.382141 3.149320 0.000000
vt 6.542141 -2.942600 0.000000
vt 6.283407 2.987558 0.000000
vt 6.183999 2.835060 0.000000
vt 6.343019 -2.702034 0.000000
vt 6.084544 2.692563 0.000000
vt 5.985043 2.559737 0.000000
vt 6.129979 -2.473909 0.000000
vt 5.885482 2.436237 0.000000
vt 5.785850 2.321716 0.000000
vt 5.902465 -2.260846 0.000000
vt 5.686134 2.215827 0.000000
vt 5.586323 2.118225 0.000000
vt 5.660386 -2.065803 0.000000
vt 5.486404 2.028561 0.000000
vt 5.386365 1.946490 0.000000
vt 5.406187 -1.892959 0.000000
vt 5.182847 1.801810 0.000000
vt 5.139700 -1.743613 0.000000
vt 4.969736 1.679623 0.000000
vt 4.745747 1.579883 0.000000
vt 4.509685 1.502616 0.000000
vt 4.262068 1.448072 0.000000
vt 4.004556 1.415852 0.000000
vt 3.736290 1.404675 0.000000
vt 4.860183 -1.618576 0.000000
vt 4.715307 -1.565426 0.000000
vt 4.566939 -1.518669 0.000000
vt 4.265570 -1.445851 0.000000
vt 3.960909 -1.399576 0.000000
vt 3.653689 -1.377644 0.000000
vt 3.456377 1.413254 0.000000
vt 3.344640 -1.377856 0.000000
vt 3.164898 1.440229 0.000000
vt 3.034487 -1.398013 0.000000
vt 2.863027 1.483951 0.000000
vt 2.723294 -1.436030 0.000000
vt 2.551530 1.542692 0.000000
vt 2.411200 -1.489965 0.000000
vt 2.231171 1.614723 0.000000
vt 2.098673 -1.557874 0.000000
vt 1.902717 1.698317 0.000000
vt 1.786181 -1.637812 0.000000
vt 1.566933 1.791746 0.000000
vt 1.474193 -1.727834 0.000000
vt 1.224583 1.893282 0.000000
vt 0.853598 -1.930350 0.000000
vt 0.523248 2.113764 0.000000
vt 0.240633 -2.149861 0.000000
vt 0.165794 2.229255 0.000000
vt -0.199590 2.347403 0.000000
vt -0.369271 -2.373908 0.000000
vt -0.590743 2.472103 0.000000
vt -0.999990 -2.595543 0.000000
vt -0.999990 2.598078 0.000000
vn 0.086603 -0.050000 0.000000
vn 0.086603 -0.050000 0.000000
vn 0.086603 -0.050000 0.000000
vn 0.086603 -0.050000 0.000000
vn -0.086603 -0.050000 0.000000
vn -0.086603 -0.050000 0.000000
vn -0.086603 -0.050000 0.000000
vn -0.086603 -0.050000 0.000000
vn -0.000000 0.100000 -0.000000
vn -0.000000 0.100000 -0.000000
vn -0.000000 0.100000 -0.000000
vn -0.000000 0.100000 -0.000000
vn 0.000000 0.000000 -0.100000
vn 0.000000 0.000000 -0.100000
vn 0.000000 0.000000 -0.100000
vn 0.000000 0.100000 0.000000
vn 0.000000 0.100000 0.000000
vn 0.000000 0.100000 0.000000
vn 0.000000 0.000000 -0.100000
vn 0.000000 0.000000 -0.100000
vn 0.000000 0.000000 -0.100000
vn 0.000000 0.000000 -0.100000
vn 0.000000 0.000000 -0.100000
vn 0.000000 0.000000 -0.100000
vn 0.000000 0.000000 -0.100000
vn 0.000000 0.000000 -0.100000
vn 0.000000 0.000000 -0.100000
vn 0.000000 0.000000 -0.100000
vn 0.000000 0.000000 -0.100000
vn 0.000000 0.000000 -0.100000
vn 0.000000 0.000000 -0.100000
vn 0.000000 0.000000 -0.100000
vn 0.000000 0.000000 -0.100000
vn 0.000000 0.000000 -0.100000
vn 0.000000 0.000000 -0.100000
vn 0.000000 0.000000 -0.100000
vn 0.000000 0.000000 -0.100000
vn 0.000000 0.000000 -0.100000
vn 0.000000 0.000000 -0.100000
vn 0.000000 0.000000 -0.100000
vn 0.000000 0.000000 -0.100000
vn 0.000000 0.000000 -0.100000
vn 0.000000 0.000000 -0.100000
vn 0.000000 0.000000 -0.100000
vn 0.000000 0.000000 -0.100000
vn 0.000000 0.000000 -0.100000
vn 0.000000 0.000000 -0.100000
vn 0.000000 0.000000 -0.100000
vn 0.000000 0.000000 -0.100000
vn 0.000000 0.000000 -0.100000
vn 0.000000 0.000000 -0.100000
vn 0.000000 0.000000 -0.100000
vn 0.000000 0.000000 -0.100000
vn 0.000000 0.000000 -0.100000
vn 0.000000 0.000000 -0.100000
vn 0.000000 0.000000 -0.100000
vn 0.000000 0.000000 -0.100000
vn 0.000000 0.000000 -0.100000
vn 0.070106 -0.009231 -0.070711
vn 0.069987 -0.010092 -0.070711
vn 0.069867 -0.010887 -0.070711
vn 0.069945 -0.010377 -0.070711
vn 0.069906 -0.010638 -0.070711
vn 0.070288 -0.007720 -0.070711
vn 0.070185 -0.008607 -0.070711
vn 0.070092 -0.009330 -0.070711
vn 0.070055 -0.009610 -0.070711
vn 0.070020 -0.009861 -0.070711
vn 0.070425 -0.006338 -0.070712
vn 0.070336 -0.007260 -0.070711
vn 0.070266 -0.007918 -0.070711
vn 0.070177 -0.008670 -0.070711
vn 0.070527 -0.005090 -0.070711
vn 0.070497 -0.005477 -0.070711
vn 0.070451 -0.006040 -0.070712
vn 0.070398 -0.006634 -0.070711
vn 0.070439 -0.006180 -0.070712
vn 0.070367 -0.006958 -0.070711
vn 0.070598 -0.003985 -0.070711
vn 0.070570 -0.004447 -0.070711
vn 0.070537 -0.004946 -0.070711
vn 0.070499 -0.005454 -0.070711
vn 0.070647 -0.003009 -0.070711
vn 0.070622 -0.003544 -0.070711
vn 0.070599 -0.003979 -0.070711
vn 0.070588 -0.004158 -0.070711
vn 0.070548 -0.004780 -0.070711
vn 0.070679 -0.002110 -0.070711
vn 0.070658 -0.002734 -0.070711
vn 0.070641 -0.003130 -0.070711
vn 0.070619 -0.003590 -0.070711
vn 0.070699 -0.001301 -0.070711
vn 0.070692 -0.001634 -0.070711
vn 0.070682 -0.001996 -0.070711
vn 0.070671 -0.002356 -0.070711
vn 0.070680 -0.002088 -0.070711
vn 0.070664 -0.002560 -0.070711
vn 0.070709 -0.000508 -0.070711
vn 0.070704 -0.000962 -0.070711
vn 0.070699 -0.001294 -0.070711
vn 0.070691 -0.001646 -0.070711
vn 0.070710 0.000342 -0.070711
vn 0.070710 -0.000108 -0.070711
vn 0.070708 -0.000624 -0.070711
vn 0.070706 -0.000829 -0.070711
vn 0.070700 -0.001234 -0.070711
vn 0.070699 0.001258 -0.070711
vn 0.070704 0.000963 -0.070711
vn 0.070709 0.000420 -0.070711
vn 0.070711 0.000005 -0.070711
vn 0.070709 -0.000416 -0.070711
vn 0.070671 0.002350 -0.070711
vn 0.070682 0.002011 -0.070711
vn 0.070693 0.001556 -0.070711
vn 0.070696 0.001419 -0.070711
vn 0.070707 0.000686 -0.070711
vn 0.070617 0.003643 -0.070711
vn 0.070647 0.003007 -0.070711
vn 0.070667 0.002495 -0.070711
vn 0.070675 0.002242 -0.070711
vn 0.070519 0.005193 -0.070711
vn 0.070590 0.004129 -0.070711
vn 0.070622 0.003549 -0.070711
vn 0.070640 0.003155 -0.070711
vn 0.070448 0.006082 -0.070711
vn 0.070503 0.005409 -0.070711
vn 0.070551 0.004749 -0.070711
vn 0.070587 0.004175 -0.070711
vn 0.070358 0.007051 -0.070711
vn 0.070380 0.006832 -0.070711
vn 0.070446 0.006110 -0.070711
vn 0.070510 0.005324 -0.070711
vn 0.070302 0.007594 -0.070711
vn 0.070244 0.008110 -0.070711
vn 0.070209 0.008408 -0.070711
vn 0.070102 0.009258 -0.070710
vn 0.070111 0.009193 -0.070710
vn 0.070108 0.009218 -0.070710
vn 0.070103 0.009251 -0.070710
vn 0.070104 0.009244 -0.070710
vn 0.070105 0.009237 -0.070710
vn 0.070106 0.009230 -0.070710
vn 0.070106 0.009234 -0.070710
vn 0.070106 0.009232 -0.070710
vn 0.070106 0.009230 -0.070710
vn 0.070116 0.009152 -0.070710
vn 0.070123 0.009100 -0.070710
vn 0.070139 0.008972 -0.070710
vn 0.070158 0.008821 -0.070711
vn 0.070180 0.008651 -0.070711
vn 0.070203 0.008460 -0.070711
vn 0.070228 0.008250 -0.070711
vn 0.070254 0.008021 -0.070711
vn 0.070402 0.006603 -0.070711
vn 0.070644 -0.003061 -0.070711
vn 0.070280 -0.007788 -0.070711
vn 0.069983 -0.010117 -0.070711
vn 0.069881 -0.010803 -0.070711
vn 0.071094 -0.000000 0.070325
vn 0.071094 -0.000000 0.070325
vn 0.071094 -0.000000 0.070325
vn 0.071094 -0.000000 0.070325
vn 0.071094 -0.000000 0.070325
vn 0.071094 -0.000000 0.070325
vn 0.071094 -0.000000 0.070325
vn 0.071094 -0.000000 0.070325
vn 0.071094 -0.000000 0.070325
vn 0.071094 -0.000000 0.070325
vn 0.071094 -0.000000 0.070325
vn 0.071094 -0.000000 0.070325
vn 0.071094 -0.000000 0.070325
vn 0.071094 -0.000000 0.070325
vn 0.071094 -0.000000 0.070325
vn 0.071094 -0.000000 0.070325
vn 0.071094 -0.000000 0.070325
vn 0.071094 -0.000000 0.070325
vn 0.071094 -0.000000 0.070325
vn 0.071094 -0.000000 0.070325
vn 0.071094 -0.000000 0.070325
vn 0.071094 -0.000000 0.070325
vn 0.071094 -0.000000 0.070325
vn 0.071094 -0.000000 0.070325
vn 0.071094 -0.000000 0.070325
vn 0.071094 -0.000000 0.070325
vn 0.071094 -0.000000 0.070325
vn 0.071094 -0.000000 0.070325
vn 0.071094 -0.000000 0.070325
vn 0.071094 -0.000000 0.070325
vn 0.071094 -0.000000 0.070325
vn 0.071094 -0.000000 0.070325
vn 0.071094 -0.000000 0.070325
vn 0.071094 -0.000000 0.070325
vn 0.071094 -0.000000 0.070325
vn 0.071094 -0.000000 0.070325
vn 0.071094 -0.000000 0.070325
vn 0.071094 -0.000000 0.070325
vn 0.071094 -0.000000 0.070325
vn 0.071094 -0.000000 0.070325
vn 0.071094 -0.000000 0.070325
vn 0.071094 -0.000000 0.070325
vn 0.071094 -0.000000 0.070325
vn 0.071094 -0.000000 0.070325
vn 0.071094 -0.000000 0.070325
vn 0.071094 -0.000000 0.070325
vn 0.071094 -0.000000 0.070325
vn 0.071094 -0.000000 0.070325
vn 0.071094 -0.000000 0.070325
vn 0.071094 -0.000000 0.070325
vn 0.071094 -0.000000 0.070325
vn 0.071094 -0.000000 0.070325
vn 0.071094 -0.000000 0.070325
vn 0.071094 -0.000000 0.070325
vn 0.071094 -0.000000 0.070325
vn 0.071094 -0.000000 0.070325
vn 0.071094 -0.000000 0.070325
vn 0.071094 -0.000000 0.070325
vn 0.071094 -0.000000 0.070325
vn 0.071094 -0.000000 0.070325
vn 0.071094 -0.000000 0.070325
vn -0.099984 0.001789 -0.000000
vn -0.099984 0.001789 -0.000000
vn -0.099984 0.001789 -0.000000
vn -0.099984 0.001789 -0.000000
vn -0.067010 -0.073025 0.013305
vn -0.064265 -0.074459 0.018052
vn -0.062281 -0.075819 0.019300
vn -0.067068 -0.070948 0.021640
vn -0.062055 -0.074808 0.023517
vn -0.064494 -0.071701 0.026450
vn -0.057830 -0.076203 0.029135
vn -0.060746 -0.072515 0.032428
vn -0.057191 -0.076592 0.029374
vn -0.062576 -0.069967 0.034480
vn -0.056223 -0.073698 0.037517
vn -0.058880 -0.070004 0.040405
vn -0.054696 -0.074136 0.038888
vn -0.061458 -0.066033 0.043158
vn -0.055441 -0.069031 0.046486
vn -0.058421 -0.064286 0.049541
vn -0.053992 -0.070683 0.045703
vn -0.055471 -0.065542 0.051256
vn -0.054250 -0.063739 0.054719
vn -0.057050 -0.060811 0.055203
vn -0.056333 -0.061072 0.055649
vn -0.059243 -0.055293 0.058591
vn -0.058901 -0.055407 0.058828
vn -0.061562 -0.049255 0.061515
vn -0.059954 -0.052428 0.060471
vn -0.063279 -0.043844 0.063824
vn -0.063952 -0.042704 0.063926
vn -0.065271 -0.037492 0.065833
vn -0.066026 -0.035805 0.066019
vn -0.066490 -0.032889 0.067062
vn -0.067732 -0.028702 0.067739
vn -0.068785 -0.022099 0.069139
vn -0.068023 -0.028675 0.067458
vn -0.068602 -0.028623 0.066891
vn -0.066924 -0.035641 0.065199
vn -0.068102 -0.035423 0.064088
vn -0.066106 -0.042170 0.062062
vn -0.068497 -0.041518 0.059870
vn -0.066324 -0.047707 0.057664
vn -0.071110 -0.045858 0.053295
vn -0.068949 -0.051414 0.051015
vn -0.073669 -0.048978 0.046628
vn -0.071605 -0.053868 0.044395
vn -0.076258 -0.050812 0.040037
vn -0.074379 -0.055015 0.037962
vn -0.077844 -0.052269 0.034761
vn -0.076121 -0.055959 0.032776
vn -0.079578 -0.052787 0.029679
vn -0.078124 -0.055849 0.027885
vn -0.081552 -0.052244 0.024897
vn -0.080288 -0.054912 0.023205
vn -0.083649 -0.050878 0.020354
vn -0.082826 -0.052641 0.019202
vn -0.086046 -0.048223 0.016449
vn -0.085002 -0.050535 0.014864
vn -0.088136 -0.045608 0.012326
vn -0.087354 -0.047412 0.011014
vn -0.090331 -0.042005 0.008708
vn -0.089593 -0.043814 0.007305
vn -0.092420 -0.037816 0.005339
vn -0.091940 -0.039100 0.004280
vn -0.095275 -0.030299 0.002152
vn -0.095070 -0.030970 0.001593
vn -0.097701 -0.021320 0.000004
vn -0.097679 -0.021418 -0.000001
vn -0.094883 -0.031562 0.001004
vn -0.097666 -0.021479 -0.000004
vn -0.094706 -0.032104 0.000368
vn -0.097660 -0.021508 0.000000
vn -0.094997 -0.031234 -0.000129
vn -0.097660 -0.021507 0.000001
vn -0.072169 -0.068687 0.008581
vn -0.072156 -0.068232 0.011744
vn -0.069382 -0.070116 0.016428
vn -0.077435 -0.063077 0.005014
vn -0.075316 -0.065340 0.007630
vn -0.076960 -0.063009 0.010345
vn -0.074180 -0.065425 0.014727
vn -0.071781 -0.066788 0.019667
vn -0.069192 -0.067981 0.024312
vn -0.066973 -0.068196 0.029393
vn -0.080065 -0.059552 0.006563
vn -0.082551 -0.056381 0.002530
vn -0.083406 -0.055060 0.003450
vn -0.087287 -0.048786 0.000960
vn -0.087493 -0.048348 0.002733
vn -0.091042 -0.041321 0.001999
vn -0.088172 -0.046978 0.004326
vn -0.091480 -0.040266 0.003166
vn -0.088873 -0.045469 0.005851
vn -0.090602 -0.042317 0.000728
vn -0.091506 -0.040332 0.000131
vn -0.097730 -0.021184 0.000002
vn -0.095498 -0.029545 0.002681
vn -0.092920 -0.036406 0.006362
vn -0.090908 -0.040508 0.009741
vn -0.088948 -0.043616 0.013634
vn -0.086711 -0.046662 0.017430
vn -0.084701 -0.048470 0.021828
vn -0.082789 -0.049442 0.026484
vn -0.081073 -0.049372 0.031456
vn -0.079499 -0.048349 0.036637
vn -0.078038 -0.046307 0.042020
vn -0.075573 -0.043804 0.048682
vn -0.074073 -0.040085 0.053911
vn -0.073056 -0.040064 0.055296
vn -0.072211 -0.037345 0.058232
vn -0.070403 -0.034964 0.061814
vn -0.069354 -0.028555 0.066141
vn -0.097767 -0.021013 -0.000001
vn -0.095739 -0.028703 0.003194
vn -0.093315 -0.035238 0.007114
vn -0.091511 -0.038856 0.010770
vn -0.089468 -0.042272 0.014442
vn -0.087565 -0.044534 0.018684
vn -0.085734 -0.045946 0.023208
vn -0.084066 -0.046322 0.028055
vn -0.082514 -0.045754 0.033137
vn -0.081075 -0.044156 0.038433
vn -0.077841 -0.042931 0.045801
vn -0.097812 -0.020802 0.000001
vn -0.097866 -0.020550 0.000000
vn -0.095935 -0.027994 0.003570
vn -0.096148 -0.027201 0.003945
vn -0.093734 -0.033944 0.007863
vn -0.094006 -0.033069 0.008326
vn -0.091900 -0.037741 0.011406
vn -0.092405 -0.036223 0.012217
vn -0.090139 -0.040442 0.015474
vn -0.090805 -0.038525 0.016441
vn -0.088408 -0.042305 0.019858
vn -0.089285 -0.039829 0.021018
vn -0.086805 -0.043140 0.024573
vn -0.088175 -0.040429 0.024303
vn -0.084913 -0.042692 0.031100
vn -0.097918 -0.020298 0.000000
vn -0.096290 -0.026660 0.004176
vn -0.096075 -0.027167 0.005615
vn -0.094363 -0.031876 0.008915
vn -0.093852 -0.032492 0.011667
vn -0.092910 -0.034630 0.012977
vn -0.091186 -0.036984 0.017811
vn -0.097977 -0.020011 0.000000
vn -0.096479 -0.025919 0.004470
vn -0.081484 -0.043604 0.038197
vn -0.085302 -0.043023 0.029540
vn -0.070539 -0.033413 0.062512
vn -0.001304 -0.099983 0.001316
vn -0.057002 -0.058696 0.057494
vn -0.055972 -0.061201 0.055871
vn -0.083990 -0.052626 0.013274
vn -0.086344 -0.049593 0.009235
vn -0.082673 -0.055150 0.011122
vn -0.085346 -0.051589 0.007390
vn -0.081362 -0.057456 0.008890
vn -0.084367 -0.053408 0.005461
vn -0.080266 -0.057601 0.015476
vn -0.078614 -0.060432 0.012956
vn -0.081529 -0.055247 0.017341
vn -0.077727 -0.059737 0.019747
vn -0.076194 -0.062325 0.017610
vn -0.073603 -0.063994 0.022074
vn -0.079296 -0.056862 0.021882
vn -0.075463 -0.060878 0.024481
vn -0.076635 -0.058757 0.025975
vn -0.071354 -0.064655 0.026988
vn -0.072716 -0.062383 0.028650
vn -0.074440 -0.059258 0.030776
vn -0.068531 -0.065792 0.031223
vn -0.064885 -0.066436 0.037098
vn -0.070501 -0.062475 0.033562
vn -0.072418 -0.058960 0.035768
vn -0.067127 -0.062670 0.039578
vn -0.064089 -0.061514 0.045919
vn -0.061255 -0.059146 0.052437
vn -0.058471 -0.060274 0.054297
vn -0.061269 -0.054591 0.057148
vn -0.059923 -0.055063 0.058115
vn -0.062536 -0.048956 0.060766
vn -0.061888 -0.049156 0.061267
vn -0.064263 -0.042629 0.063663
vn -0.069418 -0.058418 0.042053
vn -0.066595 -0.056653 0.048533
vn -0.063904 -0.053601 0.055165
vn -0.063818 -0.048550 0.059750
vn -0.064882 -0.042478 0.063134
vn -0.066327 -0.035750 0.065747
vn 0.000000 0.000000 -0.100000
vn 0.000000 0.000000 -0.100000
vn 0.000000 0.000000 -0.100000
vn 0.000000 0.000000 -0.100000
vn 0.000000 0.000000 -0.100000
vn 0.000000 0.000000 -0.100000
vn 0.000000 0.000000 -0.100000
vn 0.000000 0.000000 -0.100000
vn 0.000000 0.000000 -0.100000
vn 0.000000 0.000000 -0.100000
vn 0.000000 0.000000 -0.100000
vn 0.000000 0.000000 -0.100000
vn 0.000000 0.000000 -0.100000
vn 0.000000 0.000000 -0.100000
vn 0.000000 0.000000 -0.100000
vn 0.000000 0.000000 -0.100000
vn 0.000000 0.000000 -0.100000
vn 0.000000 0.000000 -0.100000
vn 0.000000 0.000000 -0.100000
vn 0.000000 0.000000 -0.100000
vn 0.000000 0.000000 -0.100000
vn 0.000000 0.000000 -0.100000
vn 0.000000 0.000000 -0.100000
vn 0.000000 0.000000 -0.100000
vn 0.000000 0.000000 -0.100000
vn 0.000000 0.000000 -0.100000
vn 0.000000 0.000000 -0.100000
vn 0.000000 0.000000 -0.100000
vn 0.000000 0.000000 -0.100000
vn 0.000000 0.000000 -0.100000
vn 0.000000 0.000000 -0.100000
vn 0.000000 0.000000 -0.100000
vn 0.000000 0.000000 -0.100000
vn 0.000000 0.000000 -0.100000
vn 0.000000 0.000000 -0.100000
vn 0.000000 0.000000 -0.100000
vn 0.000000 0.000000 -0.100000
vn 0.000000 0.000000 -0.100000
vn 0.000000 0.000000 -0.100000
vn 0.000000 0.000000 -0.100000
vn 0.000000 0.000000 -0.100000
vn 0.094446 -0.032864 0.000000
vn 0.094446 -0.032864 0.000000
vn 0.095144 -0.030783 0.000000
vn 0.095480 -0.029724 0.000000
vn 0.095544 -0.029518 0.000000
vn 0.095967 -0.028112 0.000000
vn 0.096517 -0.026161 0.000000
vn 0.096407 -0.026565 0.000000
vn 0.096854 -0.024885 0.000000
vn 0.097483 -0.022295 0.000000
vn 0.097300 -0.023080 0.000000
vn 0.097735 -0.021165 0.000000
vn 0.098321 -0.018248 0.000000
vn 0.098148 -0.019155 0.000000
vn 0.098529 -0.017087 0.000000
vn 0.098997 -0.014127 0.000000
vn 0.098872 -0.014980 0.000000
vn 0.099171 -0.012848 0.000000
vn 0.099498 -0.010010 0.000000
vn 0.099425 -0.010706 0.000000
vn 0.099632 -0.008567 0.000000
vn 0.099823 -0.005953 0.000000
vn 0.099792 -0.006441 0.000000
vn 0.099906 -0.004338 0.000000
vn 0.099921 -0.003962 0.000000
vn 0.099974 -0.002267 0.000000
vn 0.099980 -0.002002 0.000000
vn 0.100000 -0.000233 0.000000
vn 0.100000 -0.000075 0.000000
vn 0.099984 0.001815 0.000000
vn 0.099935 0.003596 0.000000
vn 0.099851 0.005463 0.000000
vn 0.099754 0.007013 0.000000
vn 0.099611 0.008815 0.000000
vn 0.099491 0.010074 0.000000
vn 0.099288 0.011914 0.000000
vn 0.099173 0.012836 0.000000
vn 0.098894 0.014833 0.000000
vn 0.098815 0.015351 0.000000
vn 0.098625 0.016528 0.000000
vn 0.098430 0.017653 0.000000
vn 0.098430 0.017651 0.000000
vn 0.098232 0.018719 0.000000
vn 0.097885 0.020458 0.000000
vn 0.098033 0.019736 0.000000
vn 0.097834 0.020702 0.000000
vn 0.097636 0.021615 0.000000
vn 0.097237 0.023346 0.000000
vn 0.097237 0.023346 0.000000
vn 0.097237 0.023346 0.000000
vn 0.092714 0.037471 0.000000
vn 0.089024 0.045548 0.000000
vn 0.086845 0.049577 0.000000
vn 0.080057 0.059923 0.000000
vn 0.075802 0.065223 0.000000
vn 0.072722 0.068640 0.000000
vn 0.058328 0.081227 0.000000
vn 0.056420 0.082564 0.000000
vn 0.037592 0.092665 0.000000
vn 0.086603 0.000000 -0.050000
vn 0.086603 0.000000 -0.050000
vn 0.086603 0.000000 -0.050000
vn 0.086603 0.000000 -0.050000
vn 0.086603 0.000000 -0.050000
vn 0.086603 0.000000 -0.050000
vn 0.086603 0.000000 -0.050000
vn 0.086603 0.000000 -0.050000
vn 0.086603 0.000000 -0.050000
vn 0.086603 0.000000 -0.050000
vn 0.086603 0.000000 -0.050000
vn -0.095773 0.028767 -0.000000
vn -0.095492 0.029687 -0.000000
vn -0.095236 0.030497 -0.000000
vn -0.095297 0.030307 -0.000000
vn -0.095196 0.030621 -0.000000
vn -0.094833 0.031729 -0.000000
vn -0.094813 0.031788 -0.000000
vn -0.094387 0.033032 -0.000000
vn -0.094255 0.033406 -0.000000
vn -0.093913 0.034357 -0.000000
vn -0.093542 0.035354 -0.000000
vn -0.093384 0.035769 -0.000000
vn -0.092663 0.037596 -0.000000
vn -0.092794 0.037274 -0.000000
vn -0.092133 0.038877 -0.000000
vn -0.091563 0.040203 -0.000000
vn -0.091394 0.040584 -0.000000
vn -0.090565 0.042402 -0.000000
vn -0.090083 0.043416 -0.000000
vn -0.089634 0.044336 -0.000000
vn -0.088274 0.046987 -0.000000
vn -0.088588 0.046392 -0.000000
vn -0.087409 0.048576 -0.000000
vn -0.086053 0.050939 -0.000000
vn -0.086082 0.050891 -0.000000
vn -0.084587 0.053339 -0.000000
vn -0.083327 0.055287 -0.000000
vn -0.082908 0.055913 -0.000000
vn -0.081040 0.058588 -0.000000
vn -0.079988 0.060017 -0.000000
vn -0.078966 0.061354 -0.000000
vn -0.075971 0.065027 -0.000000
vn -0.076673 0.064197 -0.000000
vn -0.074149 0.067096 -0.000000
vn -0.071211 0.070207 -0.000000
vn -0.071385 0.070030 -0.000000
vn -0.068378 0.072969 -0.000000
vn -0.065675 0.075411 -0.000000
vn -0.065131 0.075881 -0.000000
vn -0.061655 0.078731 -0.000000
vn -0.059393 0.080452 -0.000000
vn -0.053977 0.084181 -0.000000
vn -0.052456 0.085138 -0.000000
vn -0.045310 0.089146 -0.000000
vn -0.044897 0.089355 -0.000000
vn -0.036894 0.092945 -0.000000
vn -0.096223 0.027223 -0.000000
vn -0.095953 0.028162 -0.000000
vn -0.095818 0.028616 -0.000000
vn -0.095665 0.029124 -0.000000
vn -0.096603 0.025842 -0.000000
vn -0.096494 0.026247 -0.000000
vn -0.096171 0.027408 -0.000000
vn -0.096070 0.027759 -0.000000
vn -0.096773 0.025200 -0.000000
vn -0.096926 0.024605 -0.000000
vn -0.097070 0.024031 -0.000000
vn -0.097201 0.023494 -0.000000
vn -0.097319 0.023000 -0.000000
vn -0.097437 0.022494 -0.000000
vn -0.097530 0.022089 -0.000000
vn -0.097641 0.021591 -0.000000
vn -0.097709 0.021282 -0.000000
vn -0.097818 0.020775 -0.000000
vn -0.097881 0.020479 -0.000000
vn -0.097973 0.020034 -0.000000
vn -0.098025 0.019775 -0.000000
vn -0.098108 0.019361 -0.000000
vn -0.098148 0.019154 -0.000000
vn -0.098228 0.018744 -0.000000
vn -0.098254 0.018605 -0.000000
vn -0.098335 0.018174 -0.000000
vn -0.098346 0.018114 -0.000000
vn -0.098427 0.017669 -0.000000
vn -0.098529 0.017088 -0.000000
vn -0.098500 0.017256 -0.000000
vn -0.098535 0.017056 -0.000000
vn -0.098569 0.016858 -0.000000
vn -0.098626 0.016522 -0.000000
vn -0.098606 0.016637 -0.000000
vn -0.098646 0.016401 -0.000000
vn -0.098678 0.016208 -0.000000
vn -0.098688 0.016143 -0.000000
vn -0.098735 0.015853 -0.000000
vn -0.098735 0.015853 -0.000000
vn -0.035933 0.093321 -0.000000
vn -0.028713 0.095789 -0.000000
vn -0.026267 0.096489 -0.000000
vn -0.020639 0.097847 -0.000000
vn -0.016844 0.098571 -0.000000
vn -0.012953 0.099158 -0.000000
vn -0.008148 0.099667 -0.000000
vn -0.005892 0.099826 -0.000000
vn -0.000408 0.099999 -0.000000
vn 0.000444 0.099999 0.000000
vn 0.006290 0.099802 0.000000
vn 0.006023 0.099818 0.000000
vn 0.010865 0.099408 0.000000
vn 0.011945 0.099284 0.000000
vn 0.015011 0.098867 0.000000
vn 0.016614 0.098610 0.000000
vn 0.018517 0.098271 0.000000
vn 0.020404 0.097896 0.000000
vn 0.021449 0.097673 0.000000
vn 0.023435 0.097215 0.000000
vn 0.023878 0.097107 0.000000
vn 0.025824 0.096608 0.000000
vn 0.025865 0.096597 0.000000
vn 0.027467 0.096154 0.000000
vn 0.027669 0.096096 0.000000
vn 0.028726 0.095785 0.000000
vn 0.029044 0.095689 0.000000
vn 0.029675 0.095496 0.000000
vn 0.030589 0.095207 0.000000
vn 0.030337 0.095287 0.000000
vn 0.030800 0.095138 0.000000
vn 0.030037 0.095382 0.000000
vn 0.030642 0.095190 0.000000
vn 0.030806 0.095137 0.000000
vn 0.030006 0.095392 0.000000
vn 0.029719 0.095482 0.000000
vn 0.029345 0.095598 0.000000
vn 0.028752 0.095777 0.000000
vn 0.028919 0.095727 0.000000
vn 0.028453 0.095867 0.000000
vn 0.027960 0.096012 0.000000
vn 0.027480 0.096150 0.000000
vn 0.027458 0.096157 0.000000
vn 0.026971 0.096294 0.000000
vn 0.026522 0.096419 0.000000
vn 0.025799 0.096615 0.000000
vn 0.025797 0.096615 0.000000
vn 0.024410 0.096975 0.000000
vn 0.023615 0.097172 0.000000
vn 0.022204 0.097504 0.000000
vn 0.020804 0.097812 0.000000
vn 0.019518 0.098077 0.000000
vn 0.017193 0.098511 0.000000
vn 0.016254 0.098670 0.000000
vn 0.012542 0.099210 0.000000
vn 0.012278 0.099243 0.000000
vn 0.009727 0.099526 0.000000
vn 0.007064 0.099750 0.000000
vn 0.008234 0.099660 0.000000
vn 0.006825 0.099767 0.000000
vn 0.003930 0.099923 0.000000
vn 0.002185 0.099976 0.000000
vn 0.000000 0.100000 0.000000
vn -0.070711 0.000000 0.070711
vn -0.070711 0.000000 0.070711
vn -0.070711 0.000000 0.070711
vn -0.070711 0.000000 0.070711
vn -0.070711 0.000000 0.070711
vn -0.070711 0.000000 0.070711
vn -0.070711 0.000000 0.070711
vn -0.070711 0.000000 0.070711
vn -0.070711 0.000000 0.070711
vn -0.070711 0.000000 0.070711
vn -0.070711 0.000000 0.070711
vn -0.070711 0.000000 0.070711
vn -0.070711 0.000000 0.070711
vn -0.070711 0.000000 0.070711
vn -0.070711 0.000000 0.070711
vn -0.070711 0.000000 0.070711
vn -0.070711 0.000000 0.070711
vn -0.070711 0.000000 0.070711
vn -0.070711 0.000000 0.070711
vn -0.070711 0.000000 0.070711
vn -0.070711 0.000000 0.070711
vn -0.070711 0.000000 0.070711
vn -0.070711 0.000000 0.070711
vn -0.070711 0.000000 0.070711
vn -0.070711 0.000000 0.070711
vn 0.008850 -0.095773 0.027370
vn 0.009300 -0.091003 0.040398
vn 0.016130 -0.095042 0.026587
vn 0.018262 -0.091611 0.035692
vn 0.019585 -0.094650 0.025648
vn 0.022963 -0.094146 0.024682
vn 0.017475 -0.097401 0.014409
vn 0.020295 -0.096933 0.013857
vn 0.014480 -0.098946 0.000008
vn 0.016562 -0.098619 -0.000002
vn 0.022968 -0.096414 0.013295
vn 0.018461 -0.098281 -0.000008
vn 0.025429 -0.095870 0.012743
vn 0.020161 -0.097947 -0.000003
vn 0.021690 -0.097619 0.000006
vn 0.023067 -0.097303 0.000013
vn 0.024910 -0.093122 0.026604
vn 0.012279 -0.099243 0.000008
vn 0.014556 -0.097800 0.014942
vn 0.007450 -0.099722 0.000002
vn 0.008229 -0.098698 0.013818
vn 0.003391 -0.093633 0.034948
vn 0.003299 -0.091076 0.041161
vn 0.004372 -0.095458 0.029473
vn 0.009274 -0.091007 0.040394
vn 0.008820 -0.095777 0.027367
vn 0.003530 -0.097470 0.022069
vn 0.008196 -0.098701 0.013815
vn 0.007414 -0.099725 -0.000000
vn 0.003469 -0.095770 0.028567
vn 0.000000 -0.091136 0.041161
vn 0.000467 -0.091135 0.041161
vn 0.001818 -0.095002 0.031165
vn 0.001275 -0.091127 0.041161
vn 0.003391 -0.093633 0.034948
vn 0.003299 -0.091076 0.041161
vn 0.003469 -0.095770 0.028567
vn 0.003530 -0.097470 0.022069
vn -0.097660 -0.021507 0.000000
vn -0.097486 -0.022281 0.000000
vn -0.097660 -0.021508 0.000000
vn -0.097666 -0.021478 0.000000
vn -0.097425 -0.022547 0.000000
vn -0.097714 -0.021262 0.000000
vn -0.097297 -0.023092 0.000000
vn -0.097103 -0.023897 0.000000
vn -0.097090 -0.023947 0.000000
vn -0.096863 -0.024851 0.000000
vn -0.096737 -0.025337 0.000000
vn -0.096612 -0.025810 0.000000
vn -0.096238 -0.027171 0.000000
vn -0.096334 -0.026829 0.000000
vn -0.095680 -0.029073 0.000000
vn -0.094863 -0.031639 0.000000
vn -0.095035 -0.031118 0.000000
vn -0.095675 -0.029091 0.000000
vn -0.094303 -0.033272 0.000000
vn -0.093830 -0.034583 0.000000
vn -0.093630 -0.035121 0.000000
vn -0.092875 -0.037071 0.000000
vn -0.092511 -0.037970 0.000000
vn -0.092642 -0.037649 0.000000
vn -0.092374 -0.038303 0.000000
vn -0.092068 -0.039031 0.000000
vn -0.091716 -0.039851 0.000000
vn -0.091724 -0.039833 0.000000
vn -0.090912 -0.041654 0.000000
vn -0.090813 -0.041868 0.000000
vn -0.090729 -0.042051 0.000000
vn -0.089926 -0.043742 0.000000
vn -0.089497 -0.044613 0.000000
vn -0.088761 -0.046060 0.000000
vn -0.088034 -0.047434 0.000000
vn -0.087403 -0.048587 0.000000
vn -0.086294 -0.050530 0.000000
vn -0.085815 -0.051339 0.000000
vn -0.084221 -0.053915 0.000000
vn -0.083953 -0.054331 0.000000
vn -0.081747 -0.057598 0.000000
vn -0.081844 -0.057459 0.000000
vn -0.079398 -0.060794 0.000000
vn -0.078768 -0.061608 0.000000
vn -0.076559 -0.064332 0.000000
vn -0.075172 -0.065949 0.000000
vn -0.073247 -0.068080 0.000000
vn -0.070845 -0.070576 0.000000
vn -0.069394 -0.072003 0.000000
vn -0.065681 -0.075406 0.000000
vn -0.064941 -0.076044 0.000000
vn -0.059607 -0.080294 0.000000
vn -0.059840 -0.080120 0.000000
vn -0.054070 -0.084122 0.000000
vn -0.052674 -0.085003 0.000000
vn -0.047718 -0.087880 0.000000
vn -0.044955 -0.089325 0.000000
vn -0.040946 -0.091233 0.000000
vn -0.036599 -0.093062 0.000000
vn -0.033878 -0.094086 0.000000
vn -0.032255 -0.094655 0.000000
vn -0.026670 -0.096378 0.000000
vn -0.027847 -0.096045 0.000000
vn -0.019167 -0.098146 0.000000
vn -0.010955 -0.099398 0.000000
vn -0.012502 -0.099215 0.000000
vn -0.019482 -0.098084 0.000000
vn -0.005970 -0.099822 0.000000
vn -0.003397 -0.099942 0.000000
vn 0.000030 -0.100000 0.000000
vn 0.003407 -0.099942 0.000000
vn 0.005464 -0.099851 0.000000
vn 0.009427 -0.099555 0.000000
vn 0.010329 -0.099465 0.000000
vn 0.014688 -0.098915 0.000000
vn 0.014643 -0.098922 0.000000
vn 0.018433 -0.098287 0.000000
vn 0.019231 -0.098133 0.000000
vn 0.021751 -0.097606 0.000000
vn 0.023102 -0.097295 0.000000
vn 0.024636 -0.096918 0.000000
vn 0.026344 -0.096468 0.000000
vn 0.029208 -0.095640 0.000000
vn 0.029001 -0.095702 0.000000
vn 0.032318 -0.094634 0.000000
vn 0.032704 -0.094501 0.000000
vn 0.034087 -0.094011 0.000000
vn 0.034418 -0.093890 0.000000
vn 0.034197 -0.093971 0.000000
vn 0.031700 -0.094843 0.000000
vn 0.033180 -0.094335 0.000000
vn 0.033648 -0.094169 0.000000
vn 0.028149 -0.095956 0.000000
vn 0.030487 -0.095239 0.000000
vn 0.031249 -0.094992 0.000000
vn 0.031966 -0.094753 0.000000
vn 0.025747 -0.096629 0.000000
vn 0.027843 -0.096046 0.000000
vn 0.028271 -0.095920 0.000000
vn 0.028959 -0.095715 0.000000
vn 0.022879 -0.097348 0.000000
vn 0.023085 -0.097299 0.000000
vn 0.027843 -0.096046 0.000000
vn 0.021698 -0.097618 0.000000
vn 0.019508 -0.098079 0.000000
vn 0.020149 -0.097949 0.000000
vn 0.018436 -0.098286 0.000000
vn 0.015599 -0.098776 0.000000
vn 0.016556 -0.098620 0.000000
vn 0.014512 -0.098941 0.000000
vn 0.013463 -0.099090 0.000000
vn 0.012304 -0.099240 0.000000
vn 0.011397 -0.099348 0.000000
vn 0.029710 -0.095485 0.000000
vn 0.032616 -0.094531 0.000000
vn -0.097918 -0.020298 0.000000
vn -0.097812 -0.020802 0.000000
vn -0.097767 -0.021013 0.000000
vn -0.097730 -0.021184 0.000000
vn -0.097701 -0.021318 0.000000
vn -0.097680 -0.021415 0.000000
vn 0.086603 0.000000 -0.050000
vn 0.084166 0.000000 -0.054000
vn 0.086603 0.000000 -0.050000
vn 0.079150 0.000000 -0.061117
vn 0.081624 0.000000 -0.057771
vn 0.079005 0.000000 -0.061304
vn 0.076343 0.000000 -0.064589
vn 0.073670 0.000000 -0.067621
vn 0.070352 0.000000 -0.071068
vn 0.071025 0.000000 -0.070395
vn 0.068447 0.000000 -0.072904
vn 0.066001 0.000000 -0.075126
vn 0.060362 0.000000 -0.079727
vn 0.063723 0.000000 -0.077067
vn 0.061648 0.000000 -0.078737
vn 0.059807 0.000000 -0.080144
vn 0.058231 0.000000 -0.081296
vn 0.056950 0.000000 -0.082199
vn 0.055992 0.000000 -0.082855
vn 0.055381 0.000000 -0.083264
vn 0.049433 0.000000 -0.086927
vn 0.055142 0.000000 -0.083422
vn 0.055823 0.000000 -0.082969
vn 0.057923 0.000000 -0.081517
vn 0.049589 0.000000 -0.086839
vn 0.043388 0.000000 -0.090097
vn 0.037743 0.000000 -0.092604
vn 0.029476 0.000000 -0.095557
vn 0.025461 0.000000 -0.096704
vn 0.014904 0.000000 -0.098883
vn 0.012815 0.000000 -0.099175
vn 0.000000 0.000000 -0.100000
vn 0.012878 0.000000 -0.099167
vn -0.000000 0.000000 -0.100000
vn 0.060520 0.000000 -0.079607
vn 0.061229 0.000000 -0.079063
vn 0.065502 0.000000 -0.075561
vn 0.070458 0.000000 -0.070963
vn 0.070482 0.000000 -0.070938
vn 0.073152 0.000000 -0.068182
vn 0.075878 0.000000 -0.065135
vn 0.079196 0.000000 -0.061057
vn 0.078620 0.000000 -0.061797
vn 0.081344 0.000000 -0.058165
vn 0.084016 0.000000 -0.054234
vn 0.086603 0.000000 -0.050000
vn 0.086603 0.000000 -0.050000
vn 0.037876 0.000000 -0.092549
vn 0.025568 0.000000 -0.096676
vn 0.086603 0.000000 -0.050000
vn 0.086603 0.000000 -0.050000
vn 0.000000 0.000000 -0.100000
vn 0.000000 0.000000 -0.100000
vn 0.000000 0.000000 -0.100000
vn 0.000000 0.000000 -0.100000
vn 0.000000 0.000000 -0.100000
vn 0.000000 0.000000 -0.100000
vn 0.000000 0.000000 -0.100000
vn 0.000000 0.000000 -0.100000
vn 0.000000 0.000000 -0.100000
vn 0.000000 0.000000 -0.100000
vn 0.000000 0.000000 -0.100000
vn 0.000000 0.000000 -0.100000
vn 0.000000 0.000000 -0.100000
vn 0.000000 0.000000 -0.100000
vn 0.000000 0.000000 -0.100000
vn 0.000000 0.000000 -0.100000
vn 0.000000 0.000000 -0.100000
vn 0.000000 0.000000 -0.100000
vn 0.000000 0.000000 -0.100000
vn 0.000000 0.000000 -0.100000
vn 0.000000 0.000000 -0.100000
vn 0.000000 0.000000 -0.100000
vn 0.000000 0.000000 -0.100000
vn 0.000000 0.000000 -0.100000
vn 0.000000 0.000000 -0.100000
vn 0.000000 0.000000 -0.100000
vn 0.000000 0.000000 -0.100000
vn 0.000000 0.000000 -0.100000
vn 0.000000 0.000000 -0.100000
vn 0.000000 0.000000 -0.100000
vn 0.000000 0.000000 -0.100000
vn 0.000000 0.000000 -0.100000
vn 0.000000 0.000000 -0.100000
vn 0.000000 0.000000 -0.100000
vn 0.000000 0.000000 -0.100000
vn 0.000000 0.000000 -0.100000
vn 0.000000 0.000000 -0.100000
vn 0.000000 0.000000 -0.100000
vn 0.000000 0.000000 -0.100000
vn 0.000000 0.000000 -0.100000
vn 0.000000 0.000000 -0.100000
vn 0.000000 0.000000 -0.100000
vn 0.000000 0.000000 -0.100000
vn 0.000000 0.000000 -0.100000
vn 0.000000 0.000000 -0.100000
vn 0.000000 0.000000 -0.100000
vn 0.000000 0.000000 -0.100000
vn 0.000000 0.000000 -0.100000
vn 0.000000 0.000000 -0.100000
vn 0.000000 0.000000 -0.100000
vn 0.000000 0.000000 -0.100000
vn 0.000000 0.000000 -0.100000
vn 0.000000 0.000000 -0.100000
vn 0.000000 0.000000 -0.100000
vn 0.000000 0.000000 -0.100000
vn 0.000000 0.000000 -0.100000
vn 0.000000 0.000000 -0.100000
vn 0.000000 0.000000 -0.100000
vn -0.086137 0.000000 -0.050798
vn -0.081280 0.000000 -0.058254
vn -0.089441 0.000000 -0.044725
vn -0.081280 0.000000 -0.058254
vn -0.086160 0.000000 -0.050759
vn -0.081280 0.000000 -0.058254
vn -0.082491 0.000000 -0.056526
vn -0.078452 0.000000 -0.062010
vn -0.071091 0.000000 -0.070328
vn -0.074060 0.000000 -0.067195
vn -0.069332 0.000000 -0.072063
vn -0.064286 0.000000 -0.076598
vn -0.059127 0.000000 -0.080647
vn -0.053310 0.000000 -0.084605
vn -0.045687 0.000000 -0.088953
vn -0.041275 0.000000 -0.091085
vn -0.031107 0.000000 -0.095039
vn -0.028345 0.000000 -0.095899
vn -0.015750 0.000000 -0.098752
vn -0.014638 0.000000 -0.098923
vn 0.000000 0.000000 -0.100000
vn -0.015750 0.000000 -0.098752
vn -0.015750 0.000000 -0.098752
vn -0.031107 0.000000 -0.095039
vn -0.027977 0.000000 -0.096007
vn -0.040760 0.000000 -0.091316
vn -0.045687 0.000000 -0.088953
vn -0.052802 0.000000 -0.084923
vn -0.059127 0.000000 -0.080647
vn -0.063938 0.000000 -0.076889
vn -0.071091 0.000000 -0.070328
vn -0.073888 0.000000 -0.067384
vn -0.078344 0.000000 -0.062147
vn -0.082432 0.000000 -0.056612
vn -0.014405 0.000000 -0.098957
vn 0.000000 0.000000 -0.100000
vn -0.089441 0.000000 -0.044725
vn -0.071091 0.000000 -0.070328
vn -0.059127 0.000000 -0.080647
vn -0.045687 0.000000 -0.088953
vn -0.031107 0.000000 -0.095039
vn -0.089441 0.000000 -0.044725
vn -0.089441 0.000000 -0.044725
vn -0.089441 0.000000 -0.044725
vn -0.089441 0.000000 -0.044725
vn -0.089441 0.000000 -0.044725
vn -0.089441 0.000000 -0.044725
vn -0.089441 0.000000 -0.044725
vn -0.089441 0.000000 -0.044725
vn -0.089441 0.000000 -0.044725
vn -0.089441 0.000000 -0.044725
vn -0.089441 0.000000 -0.044725
vn -0.089441 0.000000 -0.044725
vn -0.089441 0.000000 -0.044725
vn -0.089441 0.000000 -0.044725
vn -0.089441 0.000000 -0.044725
vn 0.070711 -0.000000 0.070711
vn 0.070711 -0.000000 0.070711
vn 0.070711 -0.000000 0.070711
vn 0.070711 -0.000000 0.070711
vn -0.000000 0.000000 0.100000
vn -0.000000 0.000000 0.100000
vn -0.000000 0.000000 0.100000
vn -0.000000 0.000000 0.100000
vn -0.000000 0.000000 0.100000
vn -0.000000 0.000000 0.100000
vn -0.000000 0.000000 0.100000
vn -0.000000 0.000000 0.100000
vn -0.000000 0.000000 0.100000
vn -0.000000 0.000000 0.100000
vn -0.000000 0.000000 0.100000
vn -0.000000 0.000000 0.100000
vn -0.000000 0.000000 0.100000
vn -0.000000 0.000000 0.100000
vn -0.000000 0.000000 0.100000
vn -0.000000 0.000000 0.100000
vn -0.000000 0.000000 0.100000
vn -0.000000 0.000000 0.100000
vn -0.000000 0.000000 0.100000
vn -0.000000 0.000000 0.100000
vn -0.000000 0.000000 0.100000
vn -0.000000 0.000000 0.100000
vn -0.000000 0.000000 0.100000
vn -0.000000 0.000000 0.100000
vn -0.000000 0.000000 0.100000
vn -0.000000 0.000000 0.100000
vn -0.000000 0.000000 0.100000
vn -0.000000 0.000000 0.100000
vn -0.000000 0.000000 0.100000
vn -0.000000 0.000000 0.100000
vn -0.000000 0.000000 0.100000
vn -0.000000 0.000000 0.100000
vn -0.000000 0.000000 0.100000
vn -0.000000 0.000000 0.100000
vn -0.000000 0.000000 0.100000
vn -0.000000 0.000000 0.100000
vn -0.000000 0.000000 0.100000
vn -0.000000 0.000000 0.100000
vn -0.000000 0.000000 0.100000
vn -0.000000 0.000000 0.100000
vn -0.000000 0.000000 0.100000
vn -0.000000 0.000000 0.100000
vn -0.000000 0.000000 0.100000
vn -0.000000 0.000000 0.100000
vn -0.000000 0.000000 0.100000
vn -0.000000 0.000000 0.100000
vn -0.000000 0.000000 0.100000
vn -0.000000 0.000000 0.100000
vn -0.000000 0.000000 0.100000
vn -0.000000 0.000000 0.100000
vn -0.000000 0.000000 0.100000
vn -0.000000 0.000000 0.100000
vn -0.000000 0.000000 0.100000
vn -0.000000 0.000000 0.100000
vn -0.000000 0.000000 0.100000
vn -0.000000 0.000000 0.100000
vn -0.000000 0.000000 0.100000
vn -0.000000 0.000000 0.100000
vn -0.000000 0.000000 0.100000
vn -0.000000 0.000000 0.100000
vn -0.000000 0.000000 0.100000
vn -0.000000 0.000000 0.100000
vn -0.000000 0.000000 0.100000
vn -0.000000 0.000000 0.100000
vn -0.000000 0.000000 0.100000
vn -0.000000 0.000000 0.100000
vn -0.000000 0.000000 0.100000
vn -0.000000 0.000000 0.100000
vn -0.000000 0.000000 0.100000
vn -0.000000 0.000000 0.100000
vn -0.000000 0.000000 0.100000
vn -0.000000 0.000000 0.100000
vn -0.000000 0.000000 0.100000
f 3226/4553/4413 3227/4554/4414 3229/4555/4415
f 3229/4555/4415 3227/4554/4414 3228/4556/4416
f 3227/4557/4417 3230/4558/4418 3228/4559/4419
f 3228/4559/4419 3230/4558/4418 3231/4560/4420
f 3230/4561/4421 3226/4562/4422 3231/4563/4423
f 3231/4563/4423 3226/4562/4422 3229/4564/4424
f 3231/4565/4425 3229/4566/4426 3228/4567/4427
f 3232/4568/4428 3233/4569/4429 3234/4570/4430
f 3235/4571/4431 3236/4572/4432 3260/4573/4433
f 3260/4573/4433 3236/4572/4432 3259/4574/4434
f 3259/4574/4434 3236/4572/4432 3258/4575/4435
f 3258/4575/4435 3236/4572/4432 3237/4576/4436
f 3258/4575/4435 3237/4576/4436 3257/4577/4437
f 3257/4577/4437 3237/4576/4436 3238/4578/4438
f 3257/4577/4437 3238/4578/4438 3256/4579/4439
f 3256/4579/4439 3238/4578/4438 3239/4580/4440
f 3256/4579/4439 3239/4580/4440 3255/4581/4441
f 3255/4581/4441 3239/4580/4440 3240/4582/4442
f 3255/4581/4441 3240/4582/4442 3254/4583/4443
f 3254/4583/4443 3240/4582/4442 3241/4584/4444
f 3254/4583/4443 3241/4584/4444 3253/4585/4445
f 3253/4585/4445 3241/4584/4444 3242/4586/4446
f 3253/4585/4445 3242/4586/4446 3243/4587/4447
f 3253/4585/4445 3243/4587/4447 3252/4588/4448
f 3252/4588/4448 3243/4587/4447 3244/4589/4449
f 3252/4588/4448 3244/4589/4449 3245/4590/4450
f 3245/4590/4450 3246/4591/4451 3252/4588/4448
f 3252/4588/4448 3246/4591/4451 3247/4592/4452
f 3252/4588/4448 3247/4592/4452 3248/4593/4453
f 3248/4593/4453 3249/4594/4454 3252/4588/4448
f 3252/4588/4448 3249/4594/4454 3250/4595/4455
f 3252/4588/4448 3250/4595/4455 3251/4596/4456
f 3261/4597/4457 3262/4598/4458 3274/4599/4459
f 3274/4599/4459 3262/4598/4458 3263/4600/4460
f 3274/4599/4459 3263/4600/4460 3264/4601/4461
f 3274/4599/4459 3264/4601/4461 3273/4602/4462
f 3273/4602/4462 3264/4601/4461 3265/4603/4463
f 3273/4602/4462 3265/4603/4463 3272/4604/4464
f 3272/4604/4464 3265/4603/4463 3266/4605/4465
f 3272/4604/4464 3266/4605/4465 3271/4606/4466
f 3271/4606/4466 3266/4605/4465 3267/4607/4467
f 3271/4606/4466 3267/4607/4467 3270/4608/4468
f 3270/4608/4468 3267/4607/4467 3269/4609/4469
f 3269/4609/4469 3267/4607/4467 3268/4610/4470
f 3268/4610/4470 3267/4607/4467 3251/4611/4456
f 3275/4612/4471 3334/4613/4472 3233/4614/4473
f 3233/4614/4473 3334/4613/4472 3311/4615/4474
f 3233/4614/4473 3311/4615/4474 3312/4616/4475
f 3276/4617/4476 3332/4618/4477 3275/4612/4471
f 3275/4612/4471 3332/4618/4477 3335/4619/4478
f 3275/4612/4471 3335/4619/4478 3334/4613/4472
f 3334/4613/4472 3335/4619/4478 3235/4620/4479
f 3334/4613/4472 3235/4620/4479 3309/4621/4480
f 3277/4622/4481 3331/4623/4482 3276/4617/4476
f 3276/4617/4476 3331/4623/4482 3333/4624/4483
f 3276/4617/4476 3333/4624/4483 3332/4618/4477
f 3332/4618/4477 3333/4624/4483 3236/4625/4484
f 3332/4618/4477 3236/4625/4484 3335/4619/4478
f 3335/4619/4478 3236/4625/4484 3235/4620/4479
f 3278/4626/4485 3329/4627/4486 3277/4622/4481
f 3277/4622/4481 3329/4627/4486 3330/4628/4487
f 3277/4622/4481 3330/4628/4487 3336/4629/4488
f 3336/4629/4488 3330/4628/4487 3239/4630/4489
f 3336/4629/4488 3239/4630/4489 3238/4631/4490
f 3279/4632/4491 3328/4633/4492 3278/4626/4485
f 3278/4626/4485 3328/4633/4492 3337/4634/4493
f 3278/4626/4485 3337/4634/4493 3329/4627/4486
f 3329/4627/4486 3337/4634/4493 3240/4635/4494
f 3329/4627/4486 3240/4635/4494 3330/4628/4487
f 3330/4628/4487 3240/4635/4494 3239/4630/4489
f 3280/4636/4495 3326/4637/4496 3279/4632/4491
f 3279/4632/4491 3326/4637/4496 3338/4638/4497
f 3279/4632/4491 3338/4638/4497 3328/4633/4492
f 3328/4633/4492 3338/4638/4497 3242/4639/4498
f 3328/4633/4492 3242/4639/4498 3241/4640/4499
f 3281/4641/4500 3325/4642/4501 3280/4636/4495
f 3280/4636/4495 3325/4642/4501 3327/4643/4502
f 3280/4636/4495 3327/4643/4502 3326/4637/4496
f 3326/4637/4496 3327/4643/4502 3243/4644/4503
f 3326/4637/4496 3243/4644/4503 3338/4638/4497
f 3338/4638/4497 3243/4644/4503 3242/4639/4498
f 3282/4645/4504 3323/4646/4505 3281/4641/4500
f 3281/4641/4500 3323/4646/4505 3340/4647/4506
f 3281/4641/4500 3340/4647/4506 3339/4648/4507
f 3339/4648/4507 3340/4647/4506 3246/4649/4508
f 3339/4648/4507 3246/4649/4508 3245/4650/4509
f 3283/4651/4510 3322/4652/4511 3282/4645/4504
f 3282/4645/4504 3322/4652/4511 3324/4653/4512
f 3282/4645/4504 3324/4653/4512 3323/4646/4505
f 3323/4646/4505 3324/4653/4512 3247/4654/4513
f 3323/4646/4505 3247/4654/4513 3340/4647/4506
f 3340/4647/4506 3247/4654/4513 3246/4649/4508
f 3284/4655/4514 3342/4656/4515 3283/4651/4510
f 3283/4651/4510 3342/4656/4515 3341/4657/4516
f 3283/4651/4510 3341/4657/4516 3322/4652/4511
f 3322/4652/4511 3341/4657/4516 3249/4658/4517
f 3322/4652/4511 3249/4658/4517 3248/4659/4518
f 3285/4660/4519 3321/4661/4520 3284/4655/4514
f 3284/4655/4514 3321/4661/4520 3343/4662/4521
f 3284/4655/4514 3343/4662/4521 3342/4656/4515
f 3342/4656/4515 3343/4662/4521 3251/4663/4522
f 3342/4656/4515 3251/4663/4522 3250/4664/4523
f 3286/4665/4524 3320/4666/4525 3285/4660/4519
f 3285/4660/4519 3320/4666/4525 3344/4667/4526
f 3285/4660/4519 3344/4667/4526 3321/4661/4520
f 3321/4661/4520 3344/4667/4526 3269/4668/4527
f 3321/4661/4520 3269/4668/4527 3268/4669/4528
f 3287/4670/4529 3317/4671/4530 3286/4665/4524
f 3286/4665/4524 3317/4671/4530 3319/4672/4531
f 3286/4665/4524 3319/4672/4531 3320/4666/4525
f 3320/4666/4525 3319/4672/4531 3270/4673/4532
f 3320/4666/4525 3270/4673/4532 3269/4668/4527
f 3288/4674/4533 3316/4675/4534 3287/4670/4529
f 3287/4670/4529 3316/4675/4534 3318/4676/4535
f 3287/4670/4529 3318/4676/4535 3317/4671/4530
f 3317/4671/4530 3318/4676/4535 3271/4677/4536
f 3317/4671/4530 3271/4677/4536 3319/4672/4531
f 3319/4672/4531 3271/4677/4536 3270/4673/4532
f 3289/4678/4537 3346/4679/4538 3288/4674/4533
f 3288/4674/4533 3346/4679/4538 3345/4680/4539
f 3288/4674/4533 3345/4680/4539 3316/4675/4534
f 3316/4675/4534 3345/4680/4539 3272/4681/4540
f 3316/4675/4534 3272/4681/4540 3318/4676/4535
f 3318/4676/4535 3272/4681/4540 3271/4677/4536
f 3290/4682/4541 3313/4683/4542 3289/4678/4537
f 3289/4678/4537 3313/4683/4542 3315/4684/4543
f 3289/4678/4537 3315/4684/4543 3346/4679/4538
f 3346/4679/4538 3315/4684/4543 3273/4685/4544
f 3346/4679/4538 3273/4685/4544 3345/4680/4539
f 3345/4680/4539 3273/4685/4544 3272/4681/4540
f 3313/4683/4542 3290/4682/4541 3314/4686/4545
f 3314/4686/4545 3290/4682/4541 3291/4687/4546
f 3314/4686/4545 3291/4687/4546 3347/4688/4547
f 3347/4688/4547 3291/4687/4546 3292/4689/4548
f 3347/4688/4547 3292/4689/4548 3301/4690/4549
f 3301/4690/4549 3292/4689/4548 3300/4691/4550
f 3300/4691/4550 3292/4689/4548 3293/4692/4551
f 3300/4691/4550 3293/4692/4551 3294/4693/4552
f 3294/4693/4552 3295/4694/4553 3300/4691/4550
f 3300/4691/4550 3295/4694/4553 3299/4695/4554
f 3299/4695/4554 3295/4694/4553 3296/4696/4555
f 3299/4695/4554 3296/4696/4555 3297/4697/4556
f 3297/4697/4556 3298/4698/4557 3299/4695/4554
f 3302/4699/4558 3303/4700/4559 3301/4690/4549
f 3301/4690/4549 3303/4700/4559 3304/4701/4560
f 3301/4690/4549 3304/4701/4560 3305/4702/4561
f 3301/4690/4549 3305/4702/4561 3347/4688/4547
f 3347/4688/4547 3305/4702/4561 3306/4703/4562
f 3347/4688/4547 3306/4703/4562 3307/4704/4563
f 3307/4704/4563 3308/4705/4564 3347/4688/4547
f 3347/4688/4547 3308/4705/4564 3261/4706/4565
f 3347/4688/4547 3261/4706/4565 3314/4686/4545
f 3314/4686/4545 3261/4706/4565 3274/4707/4566
f 3314/4686/4545 3274/4707/4566 3313/4683/4542
f 3313/4683/4542 3274/4707/4566 3315/4684/4543
f 3274/4707/4566 3273/4685/4544 3315/4684/4543
f 3321/4661/4520 3268/4669/4528 3343/4662/4521
f 3343/4662/4521 3268/4669/4528 3251/4663/4522
f 3342/4656/4515 3250/4664/4523 3341/4657/4516
f 3341/4657/4516 3250/4664/4523 3249/4658/4517
f 3322/4652/4511 3248/4659/4518 3324/4653/4512
f 3324/4653/4512 3248/4659/4518 3247/4654/4513
f 3339/4648/4507 3245/4650/4509 3325/4642/4501
f 3325/4642/4501 3245/4650/4509 3244/4708/4567
f 3325/4642/4501 3244/4708/4567 3327/4643/4502
f 3327/4643/4502 3244/4708/4567 3243/4644/4503
f 3328/4633/4492 3241/4640/4499 3337/4634/4493
f 3337/4634/4493 3241/4640/4499 3240/4635/4494
f 3336/4629/4488 3238/4631/4490 3331/4623/4482
f 3331/4623/4482 3238/4631/4490 3237/4709/4568
f 3331/4623/4482 3237/4709/4568 3333/4624/4483
f 3333/4624/4483 3237/4709/4568 3236/4625/4484
f 3309/4621/4480 3310/4710/4569 3334/4613/4472
f 3334/4613/4472 3310/4710/4569 3311/4615/4474
f 3312/4616/4475 3234/4711/4570 3233/4614/4473
f 3320/4666/4525 3269/4668/4527 3344/4667/4526
f 3325/4642/4501 3281/4641/4500 3339/4648/4507
f 3331/4623/4482 3277/4622/4481 3336/4629/4488
f 3348/4712/4571 3349/4713/4572 3388/4714/4573
f 3388/4714/4573 3349/4713/4572 3387/4715/4574
f 3387/4715/4574 3349/4713/4572 3350/4716/4575
f 3387/4715/4574 3350/4716/4575 3386/4717/4576
f 3386/4717/4576 3350/4716/4575 3351/4718/4577
f 3386/4717/4576 3351/4718/4577 3385/4719/4578
f 3385/4719/4578 3351/4718/4577 3352/4720/4579
f 3385/4719/4578 3352/4720/4579 3384/4721/4580
f 3384/4721/4580 3352/4720/4579 3353/4722/4581
f 3384/4721/4580 3353/4722/4581 3383/4723/4582
f 3383/4723/4582 3353/4722/4581 3382/4724/4583
f 3382/4724/4583 3353/4722/4581 3354/4725/4584
f 3382/4724/4583 3354/4725/4584 3283/4726/4585
f 3283/4726/4585 3354/4725/4584 3355/4727/4586
f 3283/4726/4585 3355/4727/4586 3284/4728/4587
f 3284/4728/4587 3355/4727/4586 3356/4729/4588
f 3284/4728/4587 3356/4729/4588 3357/4730/4589
f 3284/4728/4587 3357/4730/4589 3285/4731/4590
f 3285/4731/4590 3357/4730/4589 3358/4732/4591
f 3285/4731/4590 3358/4732/4591 3359/4733/4592
f 3359/4733/4592 3360/4734/4593 3285/4731/4590
f 3285/4731/4590 3360/4734/4593 3361/4735/4594
f 3285/4731/4590 3361/4735/4594 3362/4736/4595
f 3285/4731/4590 3362/4736/4595 3286/4737/4596
f 3286/4737/4596 3362/4736/4595 3363/4738/4597
f 3286/4737/4596 3363/4738/4597 3364/4739/4598
f 3364/4739/4598 3365/4740/4599 3286/4737/4596
f 3286/4737/4596 3365/4740/4599 3287/4741/4600
f 3287/4741/4600 3365/4740/4599 3366/4742/4601
f 3287/4741/4600 3366/4742/4601 3367/4743/4602
f 3287/4741/4600 3367/4743/4602 3288/4744/4603
f 3288/4744/4603 3367/4743/4602 3368/4745/4604
f 3288/4744/4603 3368/4745/4604 3289/4746/4605
f 3289/4746/4605 3368/4745/4604 3290/4747/4606
f 3290/4747/4606 3368/4745/4604 3369/4748/4607
f 3290/4747/4606 3369/4748/4607 3291/4749/4608
f 3291/4749/4608 3369/4748/4607 3370/4750/4609
f 3291/4749/4608 3370/4750/4609 3371/4751/4610
f 3371/4751/4610 3292/4752/4611 3291/4749/4608
f 3382/4724/4583 3283/4726/4585 3381/4753/4612
f 3381/4753/4612 3283/4726/4585 3282/4754/4613
f 3381/4753/4612 3282/4754/4613 3380/4755/4614
f 3380/4755/4614 3282/4754/4613 3281/4756/4615
f 3380/4755/4614 3281/4756/4615 3379/4757/4616
f 3379/4757/4616 3281/4756/4615 3378/4758/4617
f 3378/4758/4617 3281/4756/4615 3280/4759/4618
f 3378/4758/4617 3280/4759/4618 3377/4760/4619
f 3377/4760/4619 3280/4759/4618 3279/4761/4620
f 3377/4760/4619 3279/4761/4620 3376/4762/4621
f 3376/4762/4621 3279/4761/4620 3278/4763/4622
f 3376/4762/4621 3278/4763/4622 3375/4764/4623
f 3375/4764/4623 3278/4763/4622 3277/4765/4624
f 3375/4764/4623 3277/4765/4624 3374/4766/4625
f 3374/4766/4625 3277/4765/4624 3276/4767/4626
f 3374/4766/4625 3276/4767/4626 3373/4768/4627
f 3373/4768/4627 3276/4767/4626 3372/4769/4628
f 3372/4769/4628 3276/4767/4626 3275/4770/4629
f 3372/4769/4628 3275/4770/4629 3232/4771/4630
f 3232/4771/4630 3275/4770/4629 3233/4772/4631
f 3372/4773/4632 3232/4774/4633 3312/4775/4634
f 3312/4775/4634 3232/4774/4633 3234/4776/4635
f 3367/4777/4636 3410/4778/4637 3368/4779/4638
f 3368/4779/4638 3410/4778/4637 3408/4780/4639
f 3368/4779/4638 3408/4780/4639 3409/4781/4640
f 3409/4781/4640 3408/4780/4639 3450/4782/4641
f 3409/4781/4640 3450/4782/4641 3449/4783/4642
f 3449/4783/4642 3450/4782/4641 3448/4784/4643
f 3449/4783/4642 3448/4784/4643 3369/4785/4644
f 3369/4785/4644 3448/4784/4643 3461/4786/4645
f 3369/4785/4644 3461/4786/4645 3460/4787/4646
f 3460/4787/4646 3461/4786/4645 3481/4788/4647
f 3460/4787/4646 3481/4788/4647 3370/4789/4648
f 3370/4789/4648 3481/4788/4647 3492/4790/4649
f 3370/4789/4648 3492/4790/4649 3493/4791/4650
f 3493/4791/4650 3492/4790/4649 3502/4792/4651
f 3493/4791/4650 3502/4792/4651 3371/4793/4652
f 3371/4793/4652 3502/4792/4651 3503/4794/4653
f 3371/4793/4652 3503/4794/4653 3292/4795/4654
f 3292/4795/4654 3503/4794/4653 3512/4796/4655
f 3292/4795/4654 3512/4796/4655 3513/4797/4656
f 3513/4797/4656 3512/4796/4655 3522/4798/4657
f 3513/4797/4656 3522/4798/4657 3523/4799/4658
f 3523/4799/4658 3522/4798/4657 3530/4800/4659
f 3523/4799/4658 3530/4800/4659 3294/4801/4660
f 3294/4801/4660 3530/4800/4659 3295/4802/4661
f 3295/4802/4661 3530/4800/4659 3536/4803/4662
f 3295/4802/4661 3536/4803/4662 3296/4804/4663
f 3296/4804/4663 3536/4803/4662 3541/4805/4664
f 3296/4804/4663 3541/4805/4664 3297/4806/4665
f 3297/4806/4665 3541/4805/4664 3398/4807/4666
f 3297/4806/4665 3398/4807/4666 3299/4808/4667
f 3299/4808/4667 3398/4807/4666 3543/4809/4668
f 3299/4808/4667 3543/4809/4668 3542/4810/4669
f 3542/4810/4669 3543/4809/4668 3539/4811/4670
f 3542/4810/4669 3539/4811/4670 3538/4812/4671
f 3538/4812/4671 3539/4811/4670 3533/4813/4672
f 3538/4812/4671 3533/4813/4672 3532/4814/4673
f 3532/4814/4673 3533/4813/4672 3526/4815/4674
f 3532/4814/4673 3526/4815/4674 3525/4816/4675
f 3525/4816/4675 3526/4815/4674 3518/4817/4676
f 3525/4816/4675 3518/4817/4676 3517/4818/4677
f 3517/4818/4677 3518/4817/4676 3508/4819/4678
f 3517/4818/4677 3508/4819/4678 3507/4820/4679
f 3507/4820/4679 3508/4819/4678 3499/4821/4680
f 3507/4820/4679 3499/4821/4680 3498/4822/4681
f 3498/4822/4681 3499/4821/4680 3489/4823/4682
f 3498/4822/4681 3489/4823/4682 3488/4824/4683
f 3488/4824/4683 3489/4823/4682 3477/4825/4684
f 3488/4824/4683 3477/4825/4684 3476/4826/4685
f 3476/4826/4685 3477/4825/4684 3465/4827/4686
f 3476/4826/4685 3465/4827/4686 3466/4828/4687
f 3466/4828/4687 3465/4827/4686 3443/4829/4688
f 3466/4828/4687 3443/4829/4688 3442/4830/4689
f 3442/4830/4689 3443/4829/4688 3455/4831/4690
f 3442/4830/4689 3455/4831/4690 3456/4832/4691
f 3456/4832/4691 3455/4831/4690 3403/4833/4692
f 3456/4832/4691 3403/4833/4692 3402/4834/4693
f 3402/4834/4693 3403/4833/4692 3416/4835/4694
f 3402/4834/4693 3416/4835/4694 3417/4836/4695
f 3417/4836/4695 3416/4835/4694 3424/4837/4696
f 3417/4836/4695 3424/4837/4696 3425/4838/4697
f 3425/4838/4697 3424/4837/4696 3431/4839/4698
f 3425/4838/4697 3431/4839/4698 3392/4840/4699
f 3392/4840/4699 3431/4839/4698 3391/4841/4700
f 3391/4841/4700 3431/4839/4698 3435/4842/4701
f 3391/4841/4700 3435/4842/4701 3390/4843/4702
f 3390/4843/4702 3435/4842/4701 3437/4844/4703
f 3390/4843/4702 3437/4844/4703 3389/4845/4704
f 3389/4845/4704 3437/4844/4703 3361/4846/4705
f 3389/4845/4704 3361/4846/4705 3360/4847/4706
f 3366/4848/4707 3419/4849/4708 3367/4777/4636
f 3367/4777/4636 3419/4849/4708 3411/4850/4709
f 3367/4777/4636 3411/4850/4709 3410/4778/4637
f 3410/4778/4637 3411/4850/4709 3408/4780/4639
f 3365/4851/4710 3426/4852/4711 3366/4848/4707
f 3366/4848/4707 3426/4852/4711 3420/4853/4712
f 3366/4848/4707 3420/4853/4712 3419/4849/4708
f 3419/4849/4708 3420/4853/4712 3412/4854/4713
f 3419/4849/4708 3412/4854/4713 3411/4850/4709
f 3411/4850/4709 3412/4854/4713 3407/4855/4714
f 3411/4850/4709 3407/4855/4714 3408/4780/4639
f 3408/4780/4639 3407/4855/4714 3451/4856/4715
f 3408/4780/4639 3451/4856/4715 3450/4782/4641
f 3450/4782/4641 3451/4856/4715 3447/4857/4716
f 3450/4782/4641 3447/4857/4716 3448/4784/4643
f 3448/4784/4643 3447/4857/4716 3461/4786/4645
f 3426/4852/4711 3365/4851/4710 3427/4858/4717
f 3427/4858/4717 3365/4851/4710 3364/4859/4718
f 3427/4858/4717 3364/4859/4718 3432/4860/4719
f 3432/4860/4719 3364/4859/4718 3363/4861/4720
f 3432/4860/4719 3363/4861/4720 3433/4862/4721
f 3433/4862/4721 3363/4861/4720 3434/4863/4722
f 3433/4862/4721 3434/4863/4722 3429/4864/4723
f 3429/4864/4723 3434/4863/4722 3430/4865/4724
f 3429/4864/4723 3430/4865/4724 3423/4866/4725
f 3423/4866/4725 3430/4865/4724 3424/4837/4696
f 3423/4866/4725 3424/4837/4696 3416/4835/4694
f 3434/4863/4722 3363/4861/4720 3436/4867/4726
f 3436/4867/4726 3363/4861/4720 3362/4868/4727
f 3436/4867/4726 3362/4868/4727 3437/4844/4703
f 3437/4844/4703 3362/4868/4727 3361/4846/4705
f 3392/4840/4699 3393/4869/4728 3425/4838/4697
f 3425/4838/4697 3393/4869/4728 3418/4870/4729
f 3425/4838/4697 3418/4870/4729 3417/4836/4695
f 3417/4836/4695 3418/4870/4729 3401/4871/4730
f 3417/4836/4695 3401/4871/4730 3402/4834/4693
f 3402/4834/4693 3401/4871/4730 3457/4872/4731
f 3402/4834/4693 3457/4872/4731 3456/4832/4691
f 3456/4832/4691 3457/4872/4731 3441/4873/4732
f 3456/4832/4691 3441/4873/4732 3442/4830/4689
f 3442/4830/4689 3441/4873/4732 3467/4874/4733
f 3442/4830/4689 3467/4874/4733 3466/4828/4687
f 3466/4828/4687 3467/4874/4733 3475/4875/4734
f 3466/4828/4687 3475/4875/4734 3476/4826/4685
f 3476/4826/4685 3475/4875/4734 3487/4876/4735
f 3476/4826/4685 3487/4876/4735 3488/4824/4683
f 3488/4824/4683 3487/4876/4735 3497/4877/4736
f 3488/4824/4683 3497/4877/4736 3498/4822/4681
f 3498/4822/4681 3497/4877/4736 3506/4878/4737
f 3498/4822/4681 3506/4878/4737 3507/4820/4679
f 3507/4820/4679 3506/4878/4737 3516/4879/4738
f 3507/4820/4679 3516/4879/4738 3517/4818/4677
f 3517/4818/4677 3516/4879/4738 3524/4880/4739
f 3517/4818/4677 3524/4880/4739 3525/4816/4675
f 3525/4816/4675 3524/4880/4739 3303/4881/4740
f 3525/4816/4675 3303/4881/4740 3531/4882/4741
f 3531/4882/4741 3303/4881/4740 3302/4883/4742
f 3531/4882/4741 3302/4883/4742 3532/4814/4673
f 3532/4814/4673 3302/4883/4742 3537/4884/4743
f 3532/4814/4673 3537/4884/4743 3538/4812/4671
f 3538/4812/4671 3537/4884/4743 3300/4885/4744
f 3538/4812/4671 3300/4885/4744 3542/4810/4669
f 3542/4810/4669 3300/4885/4744 3299/4808/4667
f 3393/4869/4728 3394/4886/4745 3418/4870/4729
f 3418/4870/4729 3394/4886/4745 3400/4887/4746
f 3418/4870/4729 3400/4887/4746 3401/4871/4730
f 3401/4871/4730 3400/4887/4746 3458/4888/4747
f 3401/4871/4730 3458/4888/4747 3457/4872/4731
f 3457/4872/4731 3458/4888/4747 3440/4889/4748
f 3457/4872/4731 3440/4889/4748 3441/4873/4732
f 3441/4873/4732 3440/4889/4748 3468/4890/4749
f 3441/4873/4732 3468/4890/4749 3467/4874/4733
f 3467/4874/4733 3468/4890/4749 3474/4891/4750
f 3467/4874/4733 3474/4891/4750 3475/4875/4734
f 3475/4875/4734 3474/4891/4750 3486/4892/4751
f 3475/4875/4734 3486/4892/4751 3487/4876/4735
f 3487/4876/4735 3486/4892/4751 3496/4893/4752
f 3487/4876/4735 3496/4893/4752 3497/4877/4736
f 3497/4877/4736 3496/4893/4752 3505/4894/4753
f 3497/4877/4736 3505/4894/4753 3506/4878/4737
f 3506/4878/4737 3505/4894/4753 3515/4895/4754
f 3506/4878/4737 3515/4895/4754 3516/4879/4738
f 3516/4879/4738 3515/4895/4754 3304/4896/4755
f 3516/4879/4738 3304/4896/4755 3524/4880/4739
f 3524/4880/4739 3304/4896/4755 3303/4881/4740
f 3394/4886/4745 3395/4897/4756 3400/4887/4746
f 3400/4887/4746 3395/4897/4756 3396/4898/4757
f 3400/4887/4746 3396/4898/4757 3459/4899/4758
f 3459/4899/4758 3396/4898/4757 3438/4900/4759
f 3459/4899/4758 3438/4900/4759 3439/4901/4760
f 3439/4901/4760 3438/4900/4759 3470/4902/4761
f 3439/4901/4760 3470/4902/4761 3469/4903/4762
f 3469/4903/4762 3470/4902/4761 3472/4904/4763
f 3469/4903/4762 3472/4904/4763 3473/4905/4764
f 3473/4905/4764 3472/4904/4763 3484/4906/4765
f 3473/4905/4764 3484/4906/4765 3485/4907/4766
f 3485/4907/4766 3484/4906/4765 3494/4908/4767
f 3485/4907/4766 3494/4908/4767 3495/4909/4768
f 3495/4909/4768 3494/4908/4767 3307/4910/4769
f 3495/4909/4768 3307/4910/4769 3306/4911/4770
f 3396/4898/4757 3397/4912/4771 3438/4900/4759
f 3438/4900/4759 3397/4912/4771 3399/4913/4772
f 3438/4900/4759 3399/4913/4772 3470/4902/4761
f 3470/4902/4761 3399/4913/4772 3262/4914/4773
f 3470/4902/4761 3262/4914/4773 3471/4915/4774
f 3471/4915/4774 3262/4914/4773 3261/4916/4775
f 3471/4915/4774 3261/4916/4775 3483/4917/4776
f 3483/4917/4776 3261/4916/4775 3308/4918/4777
f 3483/4917/4776 3308/4918/4777 3484/4906/4765
f 3484/4906/4765 3308/4918/4777 3494/4908/4767
f 3397/4912/4771 3263/4919/4778 3399/4913/4772
f 3399/4913/4772 3263/4919/4778 3482/4920/4779
f 3399/4913/4772 3482/4920/4779 3262/4914/4773
f 3262/4914/4773 3482/4920/4779 3263/4919/4778
f 3308/4918/4777 3307/4910/4769 3494/4908/4767
f 3305/4921/4780 3505/4894/4753 3306/4911/4770
f 3306/4911/4770 3505/4894/4753 3504/4922/4781
f 3306/4911/4770 3504/4922/4781 3495/4909/4768
f 3495/4909/4768 3504/4922/4781 3496/4893/4752
f 3495/4909/4768 3496/4893/4752 3486/4892/4751
f 3505/4894/4753 3305/4921/4780 3515/4895/4754
f 3515/4895/4754 3305/4921/4780 3304/4896/4755
f 3302/4883/4742 3301/4923/4782 3537/4884/4743
f 3537/4884/4743 3301/4923/4782 3300/4885/4744
f 3299/4808/4667 3298/4924/4783 3297/4806/4665
f 3294/4801/4660 3293/4925/4784 3523/4799/4658
f 3523/4799/4658 3293/4925/4784 3514/4926/4785
f 3523/4799/4658 3514/4926/4785 3513/4797/4656
f 3513/4797/4656 3514/4926/4785 3292/4795/4654
f 3293/4925/4784 3292/4795/4654 3514/4926/4785
f 3371/4793/4652 3370/4789/4648 3493/4791/4650
f 3370/4789/4648 3369/4785/4644 3460/4787/4646
f 3449/4783/4642 3369/4785/4644 3409/4781/4640
f 3409/4781/4640 3369/4785/4644 3368/4779/4638
f 3458/4888/4747 3400/4887/4746 3459/4899/4758
f 3403/4833/4692 3404/4927/4786 3415/4928/4787
f 3415/4928/4787 3404/4927/4786 3414/4929/4788
f 3415/4928/4787 3414/4929/4788 3422/4930/4789
f 3422/4930/4789 3414/4929/4788 3421/4931/4790
f 3422/4930/4789 3421/4931/4790 3428/4932/4791
f 3428/4932/4791 3421/4931/4790 3427/4858/4717
f 3428/4932/4791 3427/4858/4717 3432/4860/4719
f 3404/4927/4786 3405/4933/4792 3414/4929/4788
f 3414/4929/4788 3405/4933/4792 3413/4934/4793
f 3414/4929/4788 3413/4934/4793 3421/4931/4790
f 3421/4931/4790 3413/4934/4793 3420/4853/4712
f 3421/4931/4790 3420/4853/4712 3427/4858/4717
f 3427/4858/4717 3420/4853/4712 3426/4852/4711
f 3403/4833/4692 3455/4831/4690 3404/4927/4786
f 3404/4927/4786 3455/4831/4690 3454/4935/4794
f 3404/4927/4786 3454/4935/4794 3405/4933/4792
f 3405/4933/4792 3454/4935/4794 3453/4936/4795
f 3405/4933/4792 3453/4936/4795 3406/4937/4796
f 3406/4937/4796 3453/4936/4795 3452/4938/4797
f 3406/4937/4796 3452/4938/4797 3407/4855/4714
f 3407/4855/4714 3452/4938/4797 3451/4856/4715
f 3405/4933/4792 3406/4937/4796 3413/4934/4793
f 3413/4934/4793 3406/4937/4796 3412/4854/4713
f 3413/4934/4793 3412/4854/4713 3420/4853/4712
f 3406/4937/4796 3407/4855/4714 3412/4854/4713
f 3423/4866/4725 3416/4835/4694 3415/4928/4787
f 3415/4928/4787 3416/4835/4694 3403/4833/4692
f 3423/4866/4725 3415/4928/4787 3422/4930/4789
f 3429/4864/4723 3423/4866/4725 3422/4930/4789
f 3429/4864/4723 3422/4930/4789 3428/4932/4791
f 3431/4839/4698 3424/4837/4696 3430/4865/4724
f 3433/4862/4721 3429/4864/4723 3428/4932/4791
f 3433/4862/4721 3428/4932/4791 3432/4860/4719
f 3435/4842/4701 3431/4839/4698 3430/4865/4724
f 3435/4842/4701 3430/4865/4724 3434/4863/4722
f 3437/4844/4703 3435/4842/4701 3434/4863/4722
f 3436/4867/4726 3437/4844/4703 3434/4863/4722
f 3458/4888/4747 3459/4899/4758 3439/4901/4760
f 3458/4888/4747 3439/4901/4760 3440/4889/4748
f 3440/4889/4748 3439/4901/4760 3469/4903/4762
f 3440/4889/4748 3469/4903/4762 3468/4890/4749
f 3468/4890/4749 3469/4903/4762 3473/4905/4764
f 3468/4890/4749 3473/4905/4764 3474/4891/4750
f 3474/4891/4750 3473/4905/4764 3485/4907/4766
f 3474/4891/4750 3485/4907/4766 3486/4892/4751
f 3486/4892/4751 3485/4907/4766 3495/4909/4768
f 3454/4935/4794 3455/4831/4690 3443/4829/4688
f 3453/4936/4795 3454/4935/4794 3444/4939/4798
f 3444/4939/4798 3454/4935/4794 3443/4829/4688
f 3444/4939/4798 3443/4829/4688 3465/4827/4686
f 3452/4938/4797 3453/4936/4795 3445/4940/4799
f 3445/4940/4799 3453/4936/4795 3444/4939/4798
f 3445/4940/4799 3444/4939/4798 3464/4941/4800
f 3464/4941/4800 3444/4939/4798 3465/4827/4686
f 3464/4941/4800 3465/4827/4686 3477/4825/4684
f 3451/4856/4715 3452/4938/4797 3446/4942/4801
f 3446/4942/4801 3452/4938/4797 3445/4940/4799
f 3446/4942/4801 3445/4940/4799 3463/4943/4802
f 3463/4943/4802 3445/4940/4799 3464/4941/4800
f 3463/4943/4802 3464/4941/4800 3478/4944/4803
f 3478/4944/4803 3464/4941/4800 3477/4825/4684
f 3478/4944/4803 3477/4825/4684 3489/4823/4682
f 3451/4856/4715 3446/4942/4801 3447/4857/4716
f 3447/4857/4716 3446/4942/4801 3462/4945/4804
f 3447/4857/4716 3462/4945/4804 3461/4786/4645
f 3461/4786/4645 3462/4945/4804 3480/4946/4805
f 3461/4786/4645 3480/4946/4805 3481/4788/4647
f 3481/4788/4647 3480/4946/4805 3492/4790/4649
f 3462/4945/4804 3446/4942/4801 3463/4943/4802
f 3462/4945/4804 3463/4943/4802 3479/4947/4806
f 3479/4947/4806 3463/4943/4802 3478/4944/4803
f 3479/4947/4806 3478/4944/4803 3490/4948/4807
f 3490/4948/4807 3478/4944/4803 3489/4823/4682
f 3490/4948/4807 3489/4823/4682 3499/4821/4680
f 3470/4902/4761 3471/4915/4774 3472/4904/4763
f 3472/4904/4763 3471/4915/4774 3483/4917/4776
f 3472/4904/4763 3483/4917/4776 3484/4906/4765
f 3462/4945/4804 3479/4947/4806 3480/4946/4805
f 3480/4946/4805 3479/4947/4806 3491/4949/4808
f 3480/4946/4805 3491/4949/4808 3492/4790/4649
f 3492/4790/4649 3491/4949/4808 3501/4950/4809
f 3492/4790/4649 3501/4950/4809 3502/4792/4651
f 3502/4792/4651 3501/4950/4809 3510/4951/4810
f 3502/4792/4651 3510/4951/4810 3511/4952/4811
f 3511/4952/4811 3510/4951/4810 3520/4953/4812
f 3511/4952/4811 3520/4953/4812 3521/4954/4813
f 3521/4954/4813 3520/4953/4812 3528/4955/4814
f 3521/4954/4813 3528/4955/4814 3529/4956/4815
f 3529/4956/4815 3528/4955/4814 3535/4957/4816
f 3529/4956/4815 3535/4957/4816 3536/4803/4662
f 3536/4803/4662 3535/4957/4816 3541/4805/4664
f 3491/4949/4808 3479/4947/4806 3490/4948/4807
f 3491/4949/4808 3490/4948/4807 3500/4958/4817
f 3500/4958/4817 3490/4948/4807 3499/4821/4680
f 3500/4958/4817 3499/4821/4680 3508/4819/4678
f 3505/4894/4753 3496/4893/4752 3504/4922/4781
f 3491/4949/4808 3500/4958/4817 3501/4950/4809
f 3501/4950/4809 3500/4958/4817 3509/4959/4818
f 3501/4950/4809 3509/4959/4818 3510/4951/4810
f 3510/4951/4810 3509/4959/4818 3519/4960/4819
f 3510/4951/4810 3519/4960/4819 3520/4953/4812
f 3520/4953/4812 3519/4960/4819 3527/4961/4820
f 3520/4953/4812 3527/4961/4820 3528/4955/4814
f 3528/4955/4814 3527/4961/4820 3534/4962/4821
f 3528/4955/4814 3534/4962/4821 3535/4957/4816
f 3535/4957/4816 3534/4962/4821 3540/4963/4822
f 3535/4957/4816 3540/4963/4822 3541/4805/4664
f 3541/4805/4664 3540/4963/4822 3543/4809/4668
f 3541/4805/4664 3543/4809/4668 3398/4807/4666
f 3509/4959/4818 3500/4958/4817 3508/4819/4678
f 3512/4796/4655 3503/4794/4653 3511/4952/4811
f 3511/4952/4811 3503/4794/4653 3502/4792/4651
f 3519/4960/4819 3509/4959/4818 3518/4817/4676
f 3518/4817/4676 3509/4959/4818 3508/4819/4678
f 3522/4798/4657 3512/4796/4655 3521/4954/4813
f 3521/4954/4813 3512/4796/4655 3511/4952/4811
f 3527/4961/4820 3519/4960/4819 3526/4815/4674
f 3526/4815/4674 3519/4960/4819 3518/4817/4676
f 3530/4800/4659 3522/4798/4657 3529/4956/4815
f 3529/4956/4815 3522/4798/4657 3521/4954/4813
f 3531/4882/4741 3532/4814/4673 3525/4816/4675
f 3534/4962/4821 3527/4961/4820 3533/4813/4672
f 3533/4813/4672 3527/4961/4820 3526/4815/4674
f 3536/4803/4662 3530/4800/4659 3529/4956/4815
f 3540/4963/4822 3534/4962/4821 3539/4811/4670
f 3539/4811/4670 3534/4962/4821 3533/4813/4672
f 3543/4809/4668 3540/4963/4822 3539/4811/4670
f 3226/4964/4823 3548/4965/4824 3227/4966/4825
f 3227/4966/4825 3548/4965/4824 3549/4967/4826
f 3227/4966/4825 3549/4967/4826 3550/4968/4827
f 3230/4969/4828 3575/4970/4829 3226/4964/4823
f 3226/4964/4823 3575/4970/4829 3576/4971/4830
f 3226/4964/4823 3576/4971/4830 3577/4972/4831
f 3227/4966/4825 3559/4973/4832 3230/4969/4828
f 3230/4969/4828 3559/4973/4832 3560/4974/4833
f 3230/4969/4828 3560/4974/4833 3561/4975/4834
f 3581/4976/4835 3544/4977/4836 3226/4964/4823
f 3226/4964/4823 3544/4977/4836 3545/4978/4837
f 3226/4964/4823 3545/4978/4837 3546/4979/4838
f 3546/4979/4838 3547/4980/4839 3226/4964/4823
f 3226/4964/4823 3547/4980/4839 3548/4965/4824
f 3551/4981/4840 3552/4982/4841 3550/4968/4827
f 3550/4968/4827 3552/4982/4841 3227/4966/4825
f 3552/4982/4841 3553/4983/4842 3227/4966/4825
f 3227/4966/4825 3553/4983/4842 3557/4984/4843
f 3227/4966/4825 3557/4984/4843 3558/4985/4844
f 3553/4983/4842 3554/4986/4845 3557/4984/4843
f 3557/4984/4843 3554/4986/4845 3556/4987/4846
f 3556/4987/4846 3554/4986/4845 3555/4988/4847
f 3558/4985/4844 3559/4973/4832 3227/4966/4825
f 3561/4975/4834 3562/4989/4848 3230/4969/4828
f 3230/4969/4828 3562/4989/4848 3563/4990/4849
f 3230/4969/4828 3563/4990/4849 3564/4991/4850
f 3564/4991/4850 3565/4992/4851 3230/4969/4828
f 3230/4969/4828 3565/4992/4851 3566/4993/4852
f 3230/4969/4828 3566/4993/4852 3567/4994/4853
f 3567/4994/4853 3568/4995/4854 3230/4969/4828
f 3230/4969/4828 3568/4995/4854 3569/4996/4855
f 3230/4969/4828 3569/4996/4855 3570/4997/4856
f 3570/4997/4856 3571/4998/4857 3230/4969/4828
f 3230/4969/4828 3571/4998/4857 3572/4999/4858
f 3230/4969/4828 3572/4999/4858 3573/5000/4859
f 3574/5001/4860 3575/4970/4829 3573/5000/4859
f 3573/5000/4859 3575/4970/4829 3230/4969/4828
f 3577/4972/4831 3578/5002/4861 3226/4964/4823
f 3226/4964/4823 3578/5002/4861 3579/5003/4862
f 3226/4964/4823 3579/5003/4862 3580/5004/4863
f 3580/5004/4863 3581/4976/4835 3226/4964/4823
f 3611/5005/4864 3574/5006/4865 3610/5007/4866
f 3610/5007/4866 3574/5006/4865 3573/5008/4867
f 3610/5007/4866 3573/5008/4867 3609/5009/4868
f 3609/5009/4868 3573/5008/4867 3608/5010/4869
f 3608/5010/4869 3573/5008/4867 3572/5011/4870
f 3608/5010/4869 3572/5011/4870 3607/5012/4871
f 3607/5012/4871 3572/5011/4870 3606/5013/4872
f 3606/5013/4872 3572/5011/4870 3571/5014/4873
f 3606/5013/4872 3571/5014/4873 3605/5015/4874
f 3605/5015/4874 3571/5014/4873 3604/5016/4875
f 3604/5016/4875 3571/5014/4873 3570/5017/4876
f 3604/5016/4875 3570/5017/4876 3603/5018/4877
f 3603/5018/4877 3570/5017/4876 3602/5019/4878
f 3602/5019/4878 3570/5017/4876 3569/5020/4879
f 3602/5019/4878 3569/5020/4879 3601/5021/4880
f 3601/5021/4880 3569/5020/4879 3600/5022/4881
f 3600/5022/4881 3569/5020/4879 3568/5023/4882
f 3600/5022/4881 3568/5023/4882 3599/5024/4883
f 3599/5024/4883 3568/5023/4882 3598/5025/4884
f 3598/5025/4884 3568/5023/4882 3567/5026/4885
f 3598/5025/4884 3567/5026/4885 3597/5027/4886
f 3597/5027/4886 3567/5026/4885 3596/5028/4887
f 3596/5028/4887 3567/5026/4885 3566/5029/4888
f 3596/5028/4887 3566/5029/4888 3595/5030/4889
f 3595/5030/4889 3566/5029/4888 3565/5031/4890
f 3595/5030/4889 3565/5031/4890 3594/5032/4891
f 3594/5032/4891 3565/5031/4890 3564/5033/4892
f 3594/5032/4891 3564/5033/4892 3563/5034/4893
f 3594/5032/4891 3563/5034/4893 3593/5035/4894
f 3593/5035/4894 3563/5034/4893 3562/5036/4895
f 3593/5035/4894 3562/5036/4895 3592/5037/4896
f 3592/5037/4896 3562/5036/4895 3561/5038/4897
f 3592/5037/4896 3561/5038/4897 3591/5039/4898
f 3591/5039/4898 3561/5038/4897 3560/5040/4899
f 3591/5039/4898 3560/5040/4899 3590/5041/4900
f 3590/5041/4900 3560/5040/4899 3559/5042/4901
f 3590/5041/4900 3559/5042/4901 3589/5043/4902
f 3589/5043/4902 3559/5042/4901 3588/5044/4903
f 3588/5044/4903 3559/5042/4901 3558/5045/4904
f 3588/5044/4903 3558/5045/4904 3587/5046/4905
f 3587/5046/4905 3558/5045/4904 3586/5047/4906
f 3586/5047/4906 3558/5045/4904 3557/5048/4907
f 3586/5047/4906 3557/5048/4907 3585/5049/4908
f 3585/5049/4908 3557/5048/4907 3584/5050/4909
f 3584/5050/4909 3557/5048/4907 3583/5051/4910
f 3583/5051/4910 3557/5048/4907 3556/5052/4911
f 3583/5051/4910 3556/5052/4911 3582/5053/4912
f 3582/5054/4913 3556/5055/4911 3616/5056/4914
f 3616/5056/4914 3556/5055/4911 3555/5057/4915
f 3616/5056/4914 3555/5057/4915 3615/5058/4916
f 3615/5058/4916 3555/5057/4915 3614/5059/4917
f 3614/5059/4917 3555/5057/4915 3554/5060/4918
f 3614/5059/4917 3554/5060/4918 3613/5061/4919
f 3613/5061/4919 3554/5060/4918 3553/5062/4920
f 3613/5061/4919 3553/5062/4920 3612/5063/4921
f 3612/5063/4921 3553/5062/4920 3552/5064/4922
f 3552/5065/4923 3551/5066/4924 3612/5067/4925
f 3612/5067/4925 3551/5066/4924 3617/5068/4926
f 3612/5067/4925 3617/5068/4926 3613/5069/4927
f 3613/5069/4927 3617/5068/4926 3614/5070/4928
f 3614/5070/4928 3617/5068/4926 3615/5071/4929
f 3615/5071/4929 3617/5068/4926 3618/5072/4930
f 3615/5071/4929 3618/5072/4930 3616/5073/4931
f 3616/5073/4931 3618/5072/4930 3582/5074/4932
f 3582/5074/4932 3618/5072/4930 3583/5075/4933
f 3387/5076/4934 3629/5077/4935 3388/5078/4936
f 3388/5078/4936 3629/5077/4935 3630/5079/4937
f 3388/5078/4936 3630/5079/4937 3726/5080/4938
f 3726/5080/4938 3630/5079/4937 3631/5081/4939
f 3726/5080/4938 3631/5081/4939 3725/5082/4940
f 3725/5082/4940 3631/5081/4939 3724/5083/4941
f 3724/5083/4941 3631/5081/4939 3632/5084/4942
f 3724/5083/4941 3632/5084/4942 3723/5085/4943
f 3723/5085/4943 3632/5084/4942 3633/5086/4944
f 3723/5085/4943 3633/5086/4944 3722/5087/4945
f 3722/5087/4945 3633/5086/4944 3634/5088/4946
f 3722/5087/4945 3634/5088/4946 3721/5089/4947
f 3721/5089/4947 3634/5088/4946 3720/5090/4948
f 3720/5090/4948 3634/5088/4946 3635/5091/4949
f 3720/5090/4948 3635/5091/4949 3719/5092/4950
f 3719/5092/4950 3635/5091/4949 3718/5093/4951
f 3718/5093/4951 3635/5091/4949 3636/5094/4952
f 3718/5093/4951 3636/5094/4952 3717/5095/4953
f 3717/5095/4953 3636/5094/4952 3637/5096/4954
f 3717/5095/4953 3637/5096/4954 3716/5097/4955
f 3716/5097/4955 3637/5096/4954 3715/5098/4956
f 3715/5098/4956 3637/5096/4954 3638/5099/4957
f 3715/5098/4956 3638/5099/4957 3714/5100/4958
f 3714/5100/4958 3638/5099/4957 3713/5101/4959
f 3713/5101/4959 3638/5099/4957 3639/5102/4960
f 3713/5101/4959 3639/5102/4960 3712/5103/4961
f 3712/5103/4961 3639/5102/4960 3711/5104/4962
f 3711/5104/4962 3639/5102/4960 3640/5105/4963
f 3711/5104/4962 3640/5105/4963 3710/5106/4964
f 3710/5106/4964 3640/5105/4963 3641/5107/4965
f 3710/5106/4964 3641/5107/4965 3709/5108/4966
f 3709/5108/4966 3641/5107/4965 3708/5109/4967
f 3708/5109/4967 3641/5107/4965 3642/5110/4968
f 3708/5109/4967 3642/5110/4968 3707/5111/4969
f 3707/5111/4969 3642/5110/4968 3706/5112/4970
f 3706/5112/4970 3642/5110/4968 3643/5113/4971
f 3706/5112/4970 3643/5113/4971 3705/5114/4972
f 3705/5114/4972 3643/5113/4971 3704/5115/4973
f 3704/5115/4973 3643/5113/4971 3644/5116/4974
f 3704/5115/4973 3644/5116/4974 3703/5117/4975
f 3703/5117/4975 3644/5116/4974 3645/5118/4976
f 3703/5117/4975 3645/5118/4976 3702/5119/4977
f 3702/5119/4977 3645/5118/4976 3646/5120/4978
f 3702/5119/4977 3646/5120/4978 3647/5121/4979
f 3386/5122/4980 3626/5123/4981 3387/5076/4934
f 3387/5076/4934 3626/5123/4981 3627/5124/4982
f 3387/5076/4934 3627/5124/4982 3628/5125/4983
f 3385/5126/4984 3623/5127/4985 3386/5122/4980
f 3386/5122/4980 3623/5127/4985 3624/5128/4986
f 3386/5122/4980 3624/5128/4986 3625/5129/4987
f 3623/5127/4985 3385/5126/4984 3622/5130/4988
f 3622/5130/4988 3385/5126/4984 3384/5131/4989
f 3622/5130/4988 3384/5131/4989 3621/5132/4990
f 3621/5132/4990 3384/5131/4989 3383/5133/4991
f 3621/5132/4990 3383/5133/4991 3620/5134/4992
f 3620/5134/4992 3383/5133/4991 3382/5135/4993
f 3620/5134/4992 3382/5135/4993 3619/5136/4994
f 3619/5136/4994 3382/5135/4993 3381/5137/4995
f 3619/5136/4994 3381/5137/4995 3252/5138/4996
f 3252/5138/4996 3381/5137/4995 3380/5139/4997
f 3252/5138/4996 3380/5139/4997 3253/5140/4998
f 3253/5140/4998 3380/5139/4997 3379/5141/4999
f 3253/5140/4998 3379/5141/4999 3254/5142/5000
f 3254/5142/5000 3379/5141/4999 3378/5143/5001
f 3254/5142/5000 3378/5143/5001 3255/5144/5002
f 3255/5144/5002 3378/5143/5001 3377/5145/5003
f 3255/5144/5002 3377/5145/5003 3256/5146/5004
f 3256/5146/5004 3377/5145/5003 3376/5147/5005
f 3256/5146/5004 3376/5147/5005 3257/5148/5006
f 3257/5148/5006 3376/5147/5005 3258/5149/5007
f 3258/5149/5007 3376/5147/5005 3375/5150/5008
f 3258/5149/5007 3375/5150/5008 3259/5151/5009
f 3259/5151/5009 3375/5150/5008 3260/5152/5010
f 3260/5152/5010 3375/5150/5008 3235/5153/5011
f 3235/5153/5011 3375/5150/5008 3374/5154/5012
f 3235/5153/5011 3374/5154/5012 3309/5155/5013
f 3309/5155/5013 3374/5154/5012 3310/5156/5014
f 3310/5156/5014 3374/5154/5012 3373/5157/5015
f 3310/5156/5014 3373/5157/5015 3311/5158/5016
f 3311/5158/5016 3373/5157/5015 3372/5159/5017
f 3311/5158/5016 3372/5159/5017 3312/5160/5018
f 3625/5129/4987 3626/5123/4981 3386/5122/4980
f 3628/5125/4983 3629/5077/4935 3387/5076/4934
f 3702/5119/4977 3647/5121/4979 3701/5161/5019
f 3701/5161/5019 3647/5121/4979 3648/5162/5020
f 3701/5161/5019 3648/5162/5020 3700/5163/5021
f 3700/5163/5021 3648/5162/5020 3649/5164/5022
f 3700/5163/5021 3649/5164/5022 3699/5165/5023
f 3699/5165/5023 3649/5164/5022 3650/5166/5024
f 3699/5165/5023 3650/5166/5024 3698/5167/5025
f 3698/5167/5025 3650/5166/5024 3651/5168/5026
f 3698/5167/5025 3651/5168/5026 3697/5169/5027
f 3697/5169/5027 3651/5168/5026 3652/5170/5028
f 3697/5169/5027 3652/5170/5028 3696/5171/5029
f 3696/5171/5029 3652/5170/5028 3653/5172/5030
f 3696/5171/5029 3653/5172/5030 3654/5173/5031
f 3696/5171/5029 3654/5173/5031 3695/5174/5032
f 3695/5174/5032 3654/5173/5031 3655/5175/5033
f 3695/5174/5032 3655/5175/5033 3694/5176/5034
f 3694/5176/5034 3655/5175/5033 3656/5177/5035
f 3694/5176/5034 3656/5177/5035 3693/5178/5036
f 3693/5178/5036 3656/5177/5035 3657/5179/5037
f 3693/5178/5036 3657/5179/5037 3692/5180/5038
f 3692/5180/5038 3657/5179/5037 3658/5181/5039
f 3692/5180/5038 3658/5181/5039 3691/5182/5040
f 3691/5182/5040 3658/5181/5039 3659/5183/5041
f 3691/5182/5040 3659/5183/5041 3660/5184/5042
f 3691/5182/5040 3660/5184/5042 3690/5185/5043
f 3690/5185/5043 3660/5184/5042 3661/5186/5044
f 3690/5185/5043 3661/5186/5044 3689/5187/5045
f 3689/5187/5045 3661/5186/5044 3662/5188/5046
f 3689/5187/5045 3662/5188/5046 3688/5189/5047
f 3688/5189/5047 3662/5188/5046 3663/5190/5048
f 3688/5189/5047 3663/5190/5048 3664/5191/5049
f 3665/5192/5050 3686/5193/5051 3664/5191/5049
f 3664/5191/5049 3686/5193/5051 3687/5194/5052
f 3664/5191/5049 3687/5194/5052 3688/5189/5047
f 3686/5193/5051 3665/5192/5050 3685/5195/5053
f 3685/5195/5053 3665/5192/5050 3666/5196/5054
f 3685/5195/5053 3666/5196/5054 3667/5197/5055
f 3685/5195/5053 3667/5197/5055 3684/5198/5056
f 3684/5198/5056 3667/5197/5055 3668/5199/5057
f 3684/5198/5056 3668/5199/5057 3669/5200/5058
f 3669/5200/5058 3670/5201/5059 3684/5198/5056
f 3684/5198/5056 3670/5201/5059 3683/5202/5060
f 3683/5202/5060 3670/5201/5059 3671/5203/5061
f 3683/5202/5060 3671/5203/5061 3672/5204/5062
f 3672/5204/5062 3618/5205/5063 3683/5202/5060
f 3683/5202/5060 3618/5205/5063 3682/5206/5064
f 3682/5206/5064 3618/5205/5063 3617/5207/5065
f 3682/5206/5064 3617/5207/5065 3551/5208/5066
f 3682/5206/5064 3551/5208/5066 3681/5209/5067
f 3681/5209/5067 3551/5208/5066 3550/5210/5068
f 3681/5209/5067 3550/5210/5068 3680/5211/5069
f 3680/5211/5069 3550/5210/5068 3549/5212/5070
f 3680/5211/5069 3549/5212/5070 3679/5213/5071
f 3679/5213/5071 3549/5212/5070 3548/5214/5072
f 3679/5213/5071 3548/5214/5072 3678/5215/5073
f 3678/5215/5073 3548/5214/5072 3547/5216/5074
f 3678/5215/5073 3547/5216/5074 3677/5217/5075
f 3677/5217/5075 3547/5216/5074 3546/5218/5076
f 3677/5217/5075 3546/5218/5076 3676/5219/5077
f 3676/5219/5077 3546/5218/5076 3675/5220/5078
f 3675/5220/5078 3546/5218/5076 3674/5221/5079
f 3674/5221/5079 3546/5218/5076 3673/5222/5080
f 3673/5222/5080 3546/5218/5076 3545/5223/5081
f 3544/5224/5082 3727/5225/5083 3545/5226/5084
f 3545/5226/5084 3727/5225/5083 3728/5227/5085
f 3545/5226/5084 3728/5227/5085 3673/5228/5086
f 3673/5228/5086 3728/5227/5085 3674/5229/5087
f 3674/5229/5087 3728/5227/5085 3675/5230/5088
f 3675/5230/5088 3728/5227/5085 3729/5231/5089
f 3675/5230/5088 3729/5231/5089 3676/5232/5090
f 3676/5232/5090 3729/5231/5089 3677/5233/5091
f 3677/5233/5091 3729/5231/5089 3678/5234/5092
f 3678/5234/5092 3729/5231/5089 3730/5235/5093
f 3678/5234/5092 3730/5235/5093 3731/5236/5094
f 3678/5234/5092 3731/5236/5094 3679/5237/5095
f 3679/5237/5095 3731/5236/5094 3732/5238/5096
f 3679/5237/5095 3732/5238/5096 3733/5239/5097
f 3679/5237/5095 3733/5239/5097 3680/5240/5098
f 3680/5240/5098 3733/5239/5097 3734/5241/5099
f 3680/5240/5098 3734/5241/5099 3681/5242/5100
f 3681/5242/5100 3734/5241/5099 3735/5243/5101
f 3681/5242/5100 3735/5243/5101 3682/5244/5102
f 3682/5244/5102 3735/5243/5101 3736/5245/5103
f 3682/5244/5102 3736/5245/5103 3683/5246/5104
f 3683/5246/5104 3736/5245/5103 3737/5247/5105
f 3683/5246/5104 3737/5247/5105 3684/5248/5106
f 3745/5249/5107 3578/5250/5108 3747/5251/5109
f 3747/5251/5109 3578/5250/5108 3577/5252/5110
f 3747/5251/5109 3577/5252/5110 3749/5253/5111
f 3749/5253/5111 3577/5252/5110 3746/5254/5112
f 3749/5253/5111 3746/5254/5112 3750/5255/5113
f 3750/5255/5113 3746/5254/5112 3751/5256/5114
f 3750/5255/5113 3751/5256/5114 3742/5257/5115
f 3742/5257/5115 3751/5256/5114 3741/5258/5116
f 3741/5258/5116 3751/5256/5114 3752/5259/5117
f 3741/5258/5116 3752/5259/5117 3740/5260/5118
f 3740/5260/5118 3752/5259/5117 3753/5261/5119
f 3740/5260/5118 3753/5261/5119 3739/5262/5120
f 3739/5262/5120 3753/5261/5119 3738/5263/5121
f 3738/5263/5121 3753/5261/5119 3575/5264/5122
f 3575/5264/5122 3753/5261/5119 3576/5265/5123
f 3576/5265/5123 3753/5261/5119 3752/5259/5117
f 3576/5265/5123 3752/5259/5117 3746/5254/5112
f 3746/5254/5112 3752/5259/5117 3751/5256/5114
f 3577/5252/5110 3576/5265/5123 3746/5254/5112
f 3742/5257/5115 3743/5266/5124 3750/5255/5113
f 3750/5255/5113 3743/5266/5124 3748/5267/5125
f 3750/5255/5113 3748/5267/5125 3749/5253/5111
f 3749/5253/5111 3748/5267/5125 3747/5251/5109
f 3729/5268/5126 3744/5269/5127 3743/5266/5124
f 3743/5266/5124 3744/5269/5127 3748/5267/5125
f 3744/5269/5127 3745/5249/5107 3748/5267/5125
f 3748/5267/5125 3745/5249/5107 3747/5251/5109
f 3755/5270/5128 3579/5271/5129 3756/5272/5130
f 3756/5272/5130 3579/5271/5129 3578/5273/5131
f 3756/5272/5130 3578/5273/5131 3745/5274/5132
f 3756/5272/5130 3745/5274/5132 3728/5275/5133
f 3728/5275/5133 3745/5274/5132 3744/5276/5134
f 3728/5275/5133 3744/5276/5134 3729/5277/5135
f 3728/5275/5133 3754/5278/5136 3756/5272/5130
f 3756/5272/5130 3754/5278/5136 3755/5270/5128
f 3544/5279/5137 3581/5280/5138 3727/5281/5139
f 3727/5281/5139 3581/5280/5138 3580/5282/5140
f 3727/5281/5139 3580/5282/5140 3755/5283/5141
f 3755/5283/5141 3580/5282/5140 3579/5284/5142
f 3755/5283/5141 3754/5285/5143 3727/5281/5139
f 3727/5281/5139 3754/5285/5143 3728/5286/5144
f 3360/5287/5145 3359/5288/5146 3389/5289/5147
f 3389/5289/5147 3359/5288/5146 3390/5290/5148
f 3390/5290/5148 3359/5288/5146 3265/5291/5149
f 3390/5290/5148 3265/5291/5149 3264/5292/5150
f 3359/5288/5146 3358/5293/5151 3265/5291/5149
f 3265/5291/5149 3358/5293/5151 3266/5294/5152
f 3266/5294/5152 3358/5293/5151 3357/5295/5153
f 3266/5294/5152 3357/5295/5153 3356/5296/5154
f 3266/5294/5152 3356/5296/5154 3267/5297/5155
f 3267/5297/5155 3356/5296/5154 3355/5298/5156
f 3267/5297/5155 3355/5298/5156 3835/5299/5157
f 3835/5299/5157 3355/5298/5156 3354/5300/5158
f 3835/5299/5157 3354/5300/5158 3353/5301/5159
f 3352/5302/5160 3833/5303/5161 3353/5301/5159
f 3353/5301/5159 3833/5303/5161 3834/5304/5162
f 3353/5301/5159 3834/5304/5162 3835/5299/5157
f 3833/5303/5161 3352/5302/5160 3832/5305/5163
f 3832/5305/5163 3352/5302/5160 3351/5306/5164
f 3832/5305/5163 3351/5306/5164 3831/5307/5165
f 3831/5307/5165 3351/5306/5164 3830/5308/5166
f 3830/5308/5166 3351/5306/5164 3350/5309/5167
f 3830/5308/5166 3350/5309/5167 3829/5310/5168
f 3829/5310/5168 3350/5309/5167 3828/5311/5169
f 3828/5311/5169 3350/5309/5167 3827/5312/5170
f 3827/5312/5170 3350/5309/5167 3349/5313/5171
f 3827/5312/5170 3349/5313/5171 3826/5314/5172
f 3826/5314/5172 3349/5313/5171 3825/5315/5173
f 3825/5315/5173 3349/5313/5171 3348/5316/5174
f 3825/5315/5173 3348/5316/5174 3757/5317/5175
f 3825/5315/5173 3757/5317/5175 3824/5318/5176
f 3824/5318/5176 3757/5317/5175 3758/5319/5177
f 3824/5318/5176 3758/5319/5177 3823/5320/5178
f 3823/5320/5178 3758/5319/5177 3759/5321/5179
f 3823/5320/5178 3759/5321/5179 3822/5322/5180
f 3822/5322/5180 3759/5321/5179 3760/5323/5181
f 3822/5322/5180 3760/5323/5181 3821/5324/5182
f 3821/5324/5182 3760/5323/5181 3761/5325/5183
f 3821/5324/5182 3761/5325/5183 3820/5326/5184
f 3820/5326/5184 3761/5325/5183 3762/5327/5185
f 3820/5326/5184 3762/5327/5185 3819/5328/5186
f 3819/5328/5186 3762/5327/5185 3818/5329/5187
f 3818/5329/5187 3762/5327/5185 3763/5330/5188
f 3818/5329/5187 3763/5330/5188 3817/5331/5189
f 3817/5331/5189 3763/5330/5188 3764/5332/5190
f 3817/5331/5189 3764/5332/5190 3816/5333/5191
f 3816/5333/5191 3764/5332/5190 3765/5334/5192
f 3816/5333/5191 3765/5334/5192 3815/5335/5193
f 3815/5335/5193 3765/5334/5192 3766/5336/5194
f 3815/5335/5193 3766/5336/5194 3814/5337/5195
f 3814/5337/5195 3766/5336/5194 3767/5338/5196
f 3814/5337/5195 3767/5338/5196 3813/5339/5197
f 3813/5339/5197 3767/5338/5196 3812/5340/5198
f 3812/5340/5198 3767/5338/5196 3768/5341/5199
f 3812/5340/5198 3768/5341/5199 3811/5342/5200
f 3811/5342/5200 3768/5341/5199 3769/5343/5201
f 3811/5342/5200 3769/5343/5201 3810/5344/5202
f 3810/5344/5202 3769/5343/5201 3770/5345/5203
f 3810/5344/5202 3770/5345/5203 3809/5346/5204
f 3809/5346/5204 3770/5345/5203 3771/5347/5205
f 3809/5346/5204 3771/5347/5205 3808/5348/5206
f 3808/5348/5206 3771/5347/5205 3772/5349/5207
f 3808/5348/5206 3772/5349/5207 3773/5350/5208
f 3774/5351/5209 3806/5352/5210 3773/5350/5208
f 3773/5350/5208 3806/5352/5210 3807/5353/5211
f 3773/5350/5208 3807/5353/5211 3808/5348/5206
f 3806/5352/5210 3774/5351/5209 3805/5354/5212
f 3805/5354/5212 3774/5351/5209 3775/5355/5213
f 3805/5354/5212 3775/5355/5213 3804/5356/5214
f 3804/5356/5214 3775/5355/5213 3776/5357/5215
f 3804/5356/5214 3776/5357/5215 3803/5358/5216
f 3803/5358/5216 3776/5357/5215 3777/5359/5217
f 3803/5358/5216 3777/5359/5217 3802/5360/5218
f 3802/5360/5218 3777/5359/5217 3778/5361/5219
f 3802/5360/5218 3778/5361/5219 3801/5362/5220
f 3801/5362/5220 3778/5361/5219 3800/5363/5221
f 3800/5363/5221 3778/5361/5219 3779/5364/5222
f 3800/5363/5221 3779/5364/5222 3799/5365/5223
f 3799/5365/5223 3779/5364/5222 3780/5366/5224
f 3799/5365/5223 3780/5366/5224 3798/5367/5225
f 3798/5367/5225 3780/5366/5224 3781/5368/5226
f 3798/5367/5225 3781/5368/5226 3797/5369/5227
f 3797/5369/5227 3781/5368/5226 3782/5370/5228
f 3797/5369/5227 3782/5370/5228 3796/5371/5229
f 3796/5371/5229 3782/5370/5228 3783/5372/5230
f 3796/5371/5229 3783/5372/5230 3795/5373/5231
f 3795/5373/5231 3783/5372/5230 3784/5374/5232
f 3795/5373/5231 3784/5374/5232 3785/5375/5233
f 3737/5376/5234 3793/5377/5235 3785/5375/5233
f 3785/5375/5233 3793/5377/5235 3794/5378/5236
f 3785/5375/5233 3794/5378/5236 3795/5373/5231
f 3736/5379/5237 3789/5380/5238 3737/5376/5234
f 3737/5376/5234 3789/5380/5238 3790/5381/5239
f 3737/5376/5234 3790/5381/5239 3791/5382/5240
f 3735/5383/5241 3611/5384/5242 3736/5379/5237
f 3736/5379/5237 3611/5384/5242 3786/5385/5243
f 3736/5379/5237 3786/5385/5243 3787/5386/5244
f 3734/5387/5245 3575/5388/5246 3735/5383/5241
f 3735/5383/5241 3575/5388/5246 3574/5389/5247
f 3735/5383/5241 3574/5389/5247 3611/5384/5242
f 3575/5388/5246 3734/5387/5245 3738/5390/5248
f 3738/5390/5248 3734/5387/5245 3733/5391/5249
f 3738/5390/5248 3733/5391/5249 3739/5392/5250
f 3739/5392/5250 3733/5391/5249 3740/5393/5251
f 3740/5393/5251 3733/5391/5249 3732/5394/5252
f 3740/5393/5251 3732/5394/5252 3741/5395/5253
f 3741/5395/5253 3732/5394/5252 3742/5396/5254
f 3742/5396/5254 3732/5394/5252 3731/5397/5255
f 3742/5396/5254 3731/5397/5255 3743/5398/5256
f 3743/5398/5256 3731/5397/5255 3730/5399/5257
f 3743/5398/5256 3730/5399/5257 3729/5400/5135
f 3787/5386/5244 3788/5401/5258 3736/5379/5237
f 3736/5379/5237 3788/5401/5258 3789/5380/5238
f 3791/5382/5240 3792/5402/5259 3737/5376/5234
f 3737/5376/5234 3792/5402/5259 3793/5377/5235
f 3263/5403/4778 3397/5404/5260 3264/5292/5150
f 3264/5292/5150 3397/5404/5260 3396/5405/4757
f 3264/5292/5150 3396/5405/4757 3395/5406/5261
f 3395/5406/5261 3394/5407/5262 3264/5292/5150
f 3264/5292/5150 3394/5407/5262 3393/5408/5263
f 3264/5292/5150 3393/5408/5263 3392/5409/5264
f 3392/5409/5264 3391/5410/5265 3264/5292/5150
f 3264/5292/5150 3391/5410/5265 3390/5290/5148
f 3610/5411/5266 3609/5412/5267 3786/5413/5268
f 3786/5413/5268 3609/5412/5267 3787/5414/5269
f 3787/5414/5269 3609/5412/5267 3608/5415/5270
f 3787/5414/5269 3608/5415/5270 3607/5416/5271
f 3607/5416/5271 3606/5417/5272 3787/5414/5269
f 3787/5414/5269 3606/5417/5272 3605/5418/5273
f 3787/5414/5269 3605/5418/5273 3788/5419/5274
f 3788/5419/5274 3605/5418/5273 3604/5420/5275
f 3788/5419/5274 3604/5420/5275 3603/5421/5276
f 3603/5421/5276 3602/5422/5277 3788/5419/5274
f 3788/5419/5274 3602/5422/5277 3789/5423/5278
f 3789/5423/5278 3602/5422/5277 3601/5424/5279
f 3789/5423/5278 3601/5424/5279 3600/5425/5280
f 3600/5425/5280 3599/5426/5281 3789/5423/5278
f 3789/5423/5278 3599/5426/5281 3598/5427/5282
f 3789/5423/5278 3598/5427/5282 3597/5428/5283
f 3597/5428/5283 3596/5429/5284 3789/5423/5278
f 3789/5423/5278 3596/5429/5284 3595/5430/5285
f 3789/5423/5278 3595/5430/5285 3790/5431/5286
f 3790/5431/5286 3595/5430/5285 3594/5432/5287
f 3790/5431/5286 3594/5432/5287 3593/5433/5288
f 3592/5434/5289 3669/5435/5290 3593/5433/5288
f 3593/5433/5288 3669/5435/5290 3837/5436/5291
f 3593/5433/5288 3837/5436/5291 3790/5431/5286
f 3790/5431/5286 3837/5436/5291 3791/5437/5292
f 3791/5437/5292 3837/5436/5291 3836/5438/5293
f 3791/5437/5292 3836/5438/5293 3792/5439/5294
f 3792/5439/5294 3836/5438/5293 3838/5440/5295
f 3792/5439/5294 3838/5440/5295 3793/5441/5296
f 3793/5441/5296 3838/5440/5295 3794/5442/5297
f 3794/5442/5297 3838/5440/5295 3666/5443/5298
f 3794/5442/5297 3666/5443/5298 3665/5444/5299
f 3669/5435/5290 3592/5434/5289 3670/5445/5300
f 3670/5445/5300 3592/5434/5289 3591/5446/5301
f 3670/5445/5300 3591/5446/5301 3590/5447/5302
f 3670/5445/5300 3590/5447/5302 3671/5448/5303
f 3671/5448/5303 3590/5447/5302 3589/5449/5304
f 3671/5448/5303 3589/5449/5304 3588/5450/5305
f 3588/5450/5305 3587/5451/5306 3671/5448/5303
f 3671/5448/5303 3587/5451/5306 3672/5452/5307
f 3672/5452/5307 3587/5451/5306 3586/5453/5308
f 3672/5452/5307 3586/5453/5308 3585/5454/5309
f 3585/5454/5309 3584/5455/5310 3672/5452/5307
f 3672/5452/5307 3584/5455/5310 3618/5456/5311
f 3618/5456/5311 3584/5455/5310 3583/5457/5312
f 3669/5435/5290 3668/5458/5313 3837/5436/5291
f 3837/5436/5291 3668/5458/5313 3836/5438/5293
f 3668/5458/5313 3667/5459/5314 3836/5438/5293
f 3836/5438/5293 3667/5459/5314 3838/5440/5295
f 3667/5459/5314 3666/5443/5298 3838/5440/5295
f 3610/5460/5315 3786/5461/5268 3611/5462/5316
f 3665/5463/5317 3664/5464/5318 3794/5465/5319
f 3794/5465/5319 3664/5464/5318 3795/5466/5320
f 3795/5466/5320 3664/5464/5318 3663/5467/5321
f 3795/5466/5320 3663/5467/5321 3796/5468/5322
f 3796/5468/5322 3663/5467/5321 3662/5469/5323
f 3796/5468/5322 3662/5469/5323 3661/5470/5324
f 3796/5468/5322 3661/5470/5324 3797/5471/5325
f 3797/5471/5325 3661/5470/5324 3660/5472/5326
f 3797/5471/5325 3660/5472/5326 3798/5473/5327
f 3798/5473/5327 3660/5472/5326 3659/5474/5328
f 3798/5473/5327 3659/5474/5328 3658/5475/5329
f 3798/5473/5327 3658/5475/5329 3799/5476/5330
f 3799/5476/5330 3658/5475/5329 3657/5477/5331
f 3799/5476/5330 3657/5477/5331 3800/5478/5332
f 3800/5478/5332 3657/5477/5331 3656/5479/5333
f 3800/5478/5332 3656/5479/5333 3801/5480/5334
f 3801/5480/5334 3656/5479/5333 3655/5481/5335
f 3801/5480/5334 3655/5481/5335 3802/5482/5336
f 3802/5482/5336 3655/5481/5335 3654/5483/5337
f 3802/5482/5336 3654/5483/5337 3803/5484/5338
f 3803/5484/5338 3654/5483/5337 3653/5485/5339
f 3803/5484/5338 3653/5485/5339 3804/5486/5340
f 3804/5486/5340 3653/5485/5339 3652/5487/5341
f 3804/5486/5340 3652/5487/5341 3805/5488/5342
f 3805/5488/5342 3652/5487/5341 3651/5489/5343
f 3805/5488/5342 3651/5489/5343 3806/5490/5344
f 3806/5490/5344 3651/5489/5343 3650/5491/5345
f 3806/5490/5344 3650/5491/5345 3807/5492/5346
f 3807/5492/5346 3650/5491/5345 3649/5493/5347
f 3807/5492/5346 3649/5493/5347 3808/5494/5348
f 3808/5494/5348 3649/5493/5347 3648/5495/5349
f 3808/5494/5348 3648/5495/5349 3809/5496/5350
f 3809/5496/5350 3648/5495/5349 3647/5497/5351
f 3809/5496/5350 3647/5497/5351 3810/5498/5352
f 3810/5498/5352 3647/5497/5351 3646/5499/5353
f 3810/5498/5352 3646/5499/5353 3811/5500/5354
f 3811/5500/5354 3646/5499/5353 3645/5501/5355
f 3811/5500/5354 3645/5501/5355 3812/5502/5356
f 3812/5502/5356 3645/5501/5355 3644/5503/5357
f 3812/5502/5356 3644/5503/5357 3643/5504/5358
f 3812/5502/5356 3643/5504/5358 3813/5505/5359
f 3813/5505/5359 3643/5504/5358 3642/5506/5360
f 3813/5505/5359 3642/5506/5360 3814/5507/5361
f 3814/5507/5361 3642/5506/5360 3815/5508/5362
f 3815/5508/5362 3642/5506/5360 3641/5509/5363
f 3815/5508/5362 3641/5509/5363 3816/5510/5364
f 3816/5510/5364 3641/5509/5363 3640/5511/5365
f 3816/5510/5364 3640/5511/5365 3817/5512/5366
f 3817/5512/5366 3640/5511/5365 3639/5513/5367
f 3817/5512/5366 3639/5513/5367 3818/5514/5368
f 3818/5514/5368 3639/5513/5367 3638/5515/5369
f 3818/5514/5368 3638/5515/5369 3819/5516/5370
f 3819/5516/5370 3638/5515/5369 3637/5517/5371
f 3819/5516/5370 3637/5517/5371 3820/5518/5372
f 3820/5518/5372 3637/5517/5371 3636/5519/5373
f 3820/5518/5372 3636/5519/5373 3635/5520/5374
f 3829/5521/5375 3839/5522/5376 3830/5523/5377
f 3830/5523/5377 3839/5522/5376 3840/5524/5378
f 3830/5523/5377 3840/5524/5378 3625/5525/5379
f 3625/5525/5379 3840/5524/5378 3841/5526/5380
f 3625/5525/5379 3841/5526/5380 3626/5527/5381
f 3626/5527/5381 3841/5526/5380 3627/5528/5382
f 3627/5528/5382 3841/5526/5380 3844/5529/5383
f 3627/5528/5382 3844/5529/5383 3628/5530/5384
f 3628/5530/5384 3844/5529/5383 3629/5531/5385
f 3629/5531/5385 3844/5529/5383 3630/5532/5386
f 3630/5532/5386 3844/5529/5383 3847/5533/5387
f 3630/5532/5386 3847/5533/5387 3631/5534/5388
f 3631/5534/5388 3847/5533/5387 3850/5535/5389
f 3631/5534/5388 3850/5535/5389 3632/5536/5390
f 3632/5536/5390 3850/5535/5389 3853/5537/5391
f 3632/5536/5390 3853/5537/5391 3633/5538/5392
f 3633/5538/5392 3853/5537/5391 3856/5539/5393
f 3633/5538/5392 3856/5539/5393 3634/5540/5394
f 3634/5540/5394 3856/5539/5393 3635/5541/5395
f 3635/5541/5395 3856/5539/5393 3855/5542/5396
f 3635/5541/5395 3855/5542/5396 3854/5543/5397
f 3854/5543/5397 3855/5542/5396 3851/5544/5398
f 3854/5543/5397 3851/5544/5398 3822/5545/5399
f 3822/5545/5399 3851/5544/5398 3823/5546/5400
f 3823/5546/5400 3851/5544/5398 3848/5547/5401
f 3823/5546/5400 3848/5547/5401 3824/5548/5402
f 3824/5548/5402 3848/5547/5401 3845/5549/5403
f 3824/5548/5402 3845/5549/5403 3825/5550/5404
f 3825/5550/5404 3845/5549/5403 3842/5551/5405
f 3825/5550/5404 3842/5551/5405 3826/5552/5406
f 3826/5552/5406 3842/5551/5405 3827/5553/5407
f 3827/5553/5407 3842/5551/5405 3839/5522/5376
f 3827/5553/5407 3839/5522/5376 3828/5554/5408
f 3828/5554/5408 3839/5522/5376 3829/5521/5375
f 3822/5545/5399 3821/5555/5409 3854/5543/5397
f 3854/5543/5397 3821/5555/5409 3635/5541/5395
f 3821/5555/5409 3820/5556/5410 3635/5541/5395
f 3625/5525/5379 3624/5557/5411 3830/5523/5377
f 3844/5529/5383 3841/5526/5380 3840/5524/5378
f 3840/5524/5378 3839/5522/5376 3843/5558/5412
f 3843/5558/5412 3839/5522/5376 3842/5551/5405
f 3843/5558/5412 3842/5551/5405 3846/5559/5413
f 3846/5559/5413 3842/5551/5405 3845/5549/5403
f 3846/5559/5413 3845/5549/5403 3849/5560/5414
f 3849/5560/5414 3845/5549/5403 3848/5547/5401
f 3849/5560/5414 3848/5547/5401 3852/5561/5415
f 3852/5561/5415 3848/5547/5401 3851/5544/5398
f 3852/5561/5415 3851/5544/5398 3855/5542/5396
f 3847/5533/5387 3844/5529/5383 3843/5558/5412
f 3843/5558/5412 3844/5529/5383 3840/5524/5378
f 3847/5533/5387 3843/5558/5412 3846/5559/5413
f 3850/5535/5389 3847/5533/5387 3846/5559/5413
f 3850/5535/5389 3846/5559/5413 3849/5560/5414
f 3853/5537/5391 3850/5535/5389 3849/5560/5414
f 3853/5537/5391 3849/5560/5414 3852/5561/5415
f 3856/5539/5393 3853/5537/5391 3852/5561/5415
f 3856/5539/5393 3852/5561/5415 3855/5542/5396
f 3831/5562/5416 3623/5563/5417 3832/5564/5418
f 3832/5564/5418 3623/5563/5417 3622/5565/5419
f 3832/5564/5418 3622/5565/5419 3833/5566/5420
f 3833/5566/5420 3622/5565/5419 3621/5567/5421
f 3833/5566/5420 3621/5567/5421 3251/5568/5422
f 3251/5568/5422 3621/5567/5421 3620/5569/5423
f 3251/5568/5422 3620/5569/5423 3619/5570/5424
f 3830/5571/5425 3624/5572/5426 3831/5562/5416
f 3831/5562/5416 3624/5572/5426 3623/5563/5417
f 3619/5570/5424 3252/5573/5427 3251/5568/5422
f 3267/5574/5428 3835/5575/5429 3251/5568/5422
f 3251/5568/5422 3835/5575/5429 3834/5576/5430
f 3251/5568/5422 3834/5576/5430 3833/5566/5420
f 3388/5577/5431 3726/5578/5432 3348/5579/5433
f 3348/5579/5433 3726/5578/5432 3757/5580/5434
f 3726/5581/5435 3725/5582/5436 3757/5583/5437
f 3757/5583/5437 3725/5582/5436 3724/5584/5438
f 3757/5583/5437 3724/5584/5438 3723/5585/5439
f 3723/5585/5439 3722/5586/5440 3757/5583/5437
f 3757/5583/5437 3722/5586/5440 3758/5587/5441
f 3758/5587/5441 3722/5586/5440 3721/5588/5442
f 3758/5587/5441 3721/5588/5442 3720/5589/5443
f 3758/5587/5441 3720/5589/5443 3759/5590/5444
f 3759/5590/5444 3720/5589/5443 3719/5591/5445
f 3759/5590/5444 3719/5591/5445 3760/5592/5446
f 3760/5592/5446 3719/5591/5445 3718/5593/5447
f 3760/5592/5446 3718/5593/5447 3717/5594/5448
f 3760/5592/5446 3717/5594/5448 3761/5595/5449
f 3761/5595/5449 3717/5594/5448 3716/5596/5450
f 3761/5595/5449 3716/5596/5450 3715/5597/5451
f 3761/5595/5449 3715/5597/5451 3762/5598/5452
f 3762/5598/5452 3715/5597/5451 3714/5599/5453
f 3762/5598/5452 3714/5599/5453 3763/5600/5454
f 3763/5600/5454 3714/5599/5453 3713/5601/5455
f 3763/5600/5454 3713/5601/5455 3712/5602/5456
f 3763/5600/5454 3712/5602/5456 3764/5603/5457
f 3764/5603/5457 3712/5602/5456 3711/5604/5458
f 3764/5603/5457 3711/5604/5458 3710/5605/5459
f 3764/5603/5457 3710/5605/5459 3765/5606/5460
f 3765/5606/5460 3710/5605/5459 3709/5607/5461
f 3765/5606/5460 3709/5607/5461 3708/5608/5462
f 3765/5606/5460 3708/5608/5462 3766/5609/5463
f 3766/5609/5463 3708/5608/5462 3707/5610/5464
f 3766/5609/5463 3707/5610/5464 3706/5611/5465
f 3766/5609/5463 3706/5611/5465 3767/5612/5466
f 3767/5612/5466 3706/5611/5465 3705/5613/5467
f 3767/5612/5466 3705/5613/5467 3704/5614/5468
f 3767/5612/5466 3704/5614/5468 3768/5615/5469
f 3768/5615/5469 3704/5614/5468 3703/5616/5470
f 3768/5615/5469 3703/5616/5470 3769/5617/5471
f 3769/5617/5471 3703/5616/5470 3702/5618/5472
f 3769/5617/5471 3702/5618/5472 3701/5619/5473
f 3701/5619/5473 3700/5620/5474 3769/5617/5471
f 3769/5617/5471 3700/5620/5474 3699/5621/5475
f 3769/5617/5471 3699/5621/5475 3698/5622/5476
f 3698/5622/5476 3697/5623/5477 3769/5617/5471
f 3769/5617/5471 3697/5623/5477 3770/5624/5478
f 3770/5624/5478 3697/5623/5477 3771/5625/5479
f 3771/5625/5479 3697/5623/5477 3772/5626/5480
f 3772/5626/5480 3697/5623/5477 3773/5627/5481
f 3773/5627/5481 3697/5623/5477 3774/5628/5482
f 3774/5628/5482 3697/5623/5477 3775/5629/5483
f 3775/5629/5483 3697/5623/5477 3696/5630/5484
f 3775/5629/5483 3696/5630/5484 3776/5631/5485
f 3776/5631/5485 3696/5630/5484 3695/5632/5486
f 3776/5631/5485 3695/5632/5486 3777/5633/5487
f 3777/5633/5487 3695/5632/5486 3694/5634/5488
f 3777/5633/5487 3694/5634/5488 3778/5635/5489
f 3778/5635/5489 3694/5634/5488 3693/5636/5490
f 3778/5635/5489 3693/5636/5490 3779/5637/5491
f 3779/5637/5491 3693/5636/5490 3692/5638/5492
f 3779/5637/5491 3692/5638/5492 3780/5639/5493
f 3780/5639/5493 3692/5638/5492 3691/5640/5494
f 3780/5639/5493 3691/5640/5494 3781/5641/5495
f 3781/5641/5495 3691/5640/5494 3690/5642/5496
f 3781/5641/5495 3690/5642/5496 3782/5643/5497
f 3782/5643/5497 3690/5642/5496 3689/5644/5498
f 3782/5643/5497 3689/5644/5498 3783/5645/5499
f 3783/5645/5499 3689/5644/5498 3688/5646/5500
f 3783/5645/5499 3688/5646/5500 3784/5647/5501
f 3784/5647/5501 3688/5646/5500 3687/5648/5502
f 3784/5647/5501 3687/5648/5502 3686/5649/5503
f 3784/5647/5501 3686/5649/5503 3785/5650/5504
f 3785/5650/5504 3686/5649/5503 3685/5651/5505
f 3785/5650/5504 3685/5651/5505 3737/5652/5506
f 3737/5652/5506 3685/5651/5505 3684/5653/5507
# 3856 vertices
# 5653 texture params
# 5507 normals
# 7700 facets

# 3 groups
