# WaveFront *.obj file (generated by Autodesk ATF)

mtllib Hulls.mtl

g Body1

v -162.233296 -140.000000 10.000000
v -164.198455 -131.419461 10.000000
v -165.968565 -122.677328 10.000000
v -167.550959 -113.772713 10.000000
v -168.952971 -104.704729 10.000000
v -170.181933 -95.472489 10.000000
v -171.245379 -86.075201 10.000000
v -172.153877 -76.512881 10.000000
v -172.917900 -66.784056 10.000000
v -173.547374 -56.886825 10.000000
v -174.052266 -46.819246 10.000000
v -174.442056 -36.577468 10.000000
v -174.724036 -26.154783 10.000000
v -174.905158 -15.544254 10.000000
v -174.992050 -4.737594 10.000000
v -174.986486 6.274546 10.000000
v -174.887295 17.499121 10.000000
v -174.693201 28.942964 10.000000
v -174.398325 40.606682 10.000000
v -173.989843 52.480148 10.000000
v -173.454357 64.552183 10.000000
v -172.777664 76.810468 10.000000
v -171.940424 89.236082 10.000000
v -170.921285 101.807806 10.000000
v -169.698894 114.504421 10.000000
v -168.251894 127.304710 10.000000
v -166.558616 140.187057 10.000000
v -164.595779 153.127962 10.000000
v -162.340546 166.104653 10.000000
v -159.771888 179.097235 10.000000
v -156.871060 192.089262 10.000000
v -153.619360 205.064355 10.000000
v -150.000000 218.008863 10.000000
v -150.000000 234.438835 5.102277
v -150.000000 242.430593 2.537251
v -150.000000 250.000000 0.000000
v -154.988343 235.603794 0.000000
v -159.497525 221.156497 0.000000
v -163.538414 206.668237 0.000000
v -167.127738 192.154713 0.000000
v -170.286941 177.636186 0.000000
v -173.041185 163.136598 0.000000
v -175.418438 148.682762 0.000000
v -177.448580 134.303528 0.000000
v -179.162538 120.028825 0.000000
v -180.591457 105.888583 0.000000
v -181.765888 91.911674 0.000000
v -182.715083 78.125064 0.000000
v -183.466424 64.553237 0.000000
v -184.044864 51.217621 0.000000
v -184.472236 38.135495 0.000000
v -184.766315 25.317987 0.000000
v -184.939837 12.767877 0.000000
v -184.999914 0.478768 0.000000
v -184.948436 -11.562276 0.000000
v -184.782881 -23.370747 0.000000
v -184.497111 -34.961199 0.000000
v -184.082106 -46.345858 0.000000
v -183.526647 -57.534434 0.000000
v -182.817984 -68.534057 0.000000
v -181.942382 -79.349500 0.000000
v -180.885567 -89.983626 0.000000
v -179.633166 -100.437852 0.000000
v -178.171238 -110.712520 0.000000
v -176.486897 -120.807168 0.000000
v -174.568957 -130.720772 0.000000
v -172.408590 -140.452070 0.000000
v -170.000000 -150.000000 0.000000
v -169.576916 -149.448901 0.551099
v -168.928012 -148.605159 1.394841
v -168.078968 -147.503889 2.496111
v -167.055462 -146.180208 3.819792
v -151.662042 229.642239 5.000000
v -164.113868 182.716024 5.000000
v -159.703941 201.524000 5.000000
v -168.325361 161.083134 5.000000
v -179.999864 1.872833 5.000000
v -179.701419 -27.222767 5.000000
v -179.443374 -36.618105 5.000000
v -176.832694 -80.327360 5.000000
v -174.098378 -104.030477 5.000000
v -172.949589 -111.713167 5.000000
v -167.881456 -137.853451 5.000000
v -170.269100 -126.751366 5.000000
v -171.674591 -119.286771 5.000000
v -175.125238 -96.238620 5.000000
v -176.034503 -88.337534 5.000000
v -177.526516 -72.207179 5.000000
v -178.121940 -63.975680 5.000000
v -178.659710 -54.989925 5.000000
v -179.097903 -45.871966 5.000000
v -179.877196 -17.680301 5.000000
v -179.975848 -7.984477 5.000000
v -179.948543 11.897880 5.000000
v -179.767152 25.226488 5.000000
v -179.451034 38.859515 5.000000
v -179.049499 51.029435 5.000000
v -178.516038 63.415455 5.000000
v -177.835629 76.003605 5.000000
v -176.987835 88.775864 5.000000
v -175.784111 103.569560 5.000000
v -174.296582 118.541277 5.000000
v -172.490465 133.657696 5.000000
v -170.329343 148.883259 5.000000
v -166.052770 173.310505 5.000000
v -161.999928 192.122661 5.000000
v -157.218919 210.913668 5.000000
v -154.539379 220.287110 5.000000
v -146.380640 205.064355 10.000000
v -143.128940 192.089262 10.000000
v -140.228112 179.097235 10.000000
v -137.659454 166.104653 10.000000
v -135.404221 153.127962 10.000000
v -133.441384 140.187057 10.000000
v -131.748106 127.304710 10.000000
v -130.301106 114.504421 10.000000
v -129.078715 101.807806 10.000000
v -128.059576 89.236082 10.000000
v -127.222336 76.810468 10.000000
v -126.545643 64.552183 10.000000
v -126.010157 52.480148 10.000000
v -125.601675 40.606682 10.000000
v -125.306799 28.942964 10.000000
v -125.112705 17.499121 10.000000
v -125.013514 6.274546 10.000000
v -125.007950 -4.737594 10.000000
v -125.094842 -15.544254 10.000000
v -125.275964 -26.154783 10.000000
v -125.557944 -36.577468 10.000000
v -125.947734 -46.819246 10.000000
v -126.452626 -56.886825 10.000000
v -127.082100 -66.784056 10.000000
v -127.846123 -76.512881 10.000000
v -128.754621 -86.075201 10.000000
v -129.818067 -95.472489 10.000000
v -131.047029 -104.704729 10.000000
v -132.449041 -113.772713 10.000000
v -134.031435 -122.677328 10.000000
v -135.801545 -131.419461 10.000000
v -137.766704 -140.000000 10.000000
v -130.000000 -150.000000 0.000000
v -127.591410 -140.452070 0.000000
v -125.431043 -130.720772 0.000000
v -123.513103 -120.807168 0.000000
v -121.828762 -110.712520 0.000000
v -120.366834 -100.437852 0.000000
v -119.114433 -89.983626 0.000000
v -118.057618 -79.349500 0.000000
v -117.182016 -68.534057 0.000000
v -116.473353 -57.534434 0.000000
v -115.917894 -46.345858 0.000000
v -115.502889 -34.961199 0.000000
v -115.217119 -23.370747 0.000000
v -115.051564 -11.562276 0.000000
v -115.000086 0.478768 0.000000
v -115.060163 12.767877 0.000000
v -115.233685 25.317987 0.000000
v -115.527764 38.135495 0.000000
v -115.955136 51.217621 0.000000
v -116.533576 64.553237 0.000000
v -117.284917 78.125064 0.000000
v -118.234112 91.911674 0.000000
v -119.408543 105.888583 0.000000
v -120.837462 120.028825 0.000000
v -122.551420 134.303528 0.000000
v -124.581562 148.682762 0.000000
v -126.958815 163.136598 0.000000
v -129.713059 177.636186 0.000000
v -132.872262 192.154713 0.000000
v -136.461586 206.668237 0.000000
v -140.502475 221.156497 0.000000
v -145.011657 235.603794 0.000000
v -117.779529 -26.400638 2.500000
v -117.500452 2.099773 2.500000
v -144.475259 207.619020 7.500000
v -142.061188 208.268836 5.000000
v -140.854153 208.593744 3.750000
v -139.647117 208.918652 2.500000
v -143.472032 222.366722 2.500000
v -144.669386 222.007820 3.750000
v -145.866740 221.648919 5.000000
v -148.261448 220.931117 7.500000
v -141.079731 194.274431 7.500000
v -138.648850 194.858185 5.000000
v -137.433409 195.150063 3.750000
v -136.217968 195.441940 2.500000
v -138.056757 180.912614 7.500000
v -135.611521 181.432943 5.000000
v -134.388904 181.693107 3.750000
v -133.166286 181.953272 2.500000
v -135.386112 167.551681 7.500000
v -132.928818 168.011759 5.000000
v -131.700172 168.241797 3.750000
v -130.471525 168.471836 2.500000
v -133.047549 154.209775 7.500000
v -130.580333 154.613314 5.000000
v -129.346725 154.815084 3.750000
v -128.113117 155.016853 2.500000
v -131.018535 140.908198 7.500000
v -128.543305 141.259248 5.000000
v -127.305690 141.434774 3.750000
v -126.068074 141.610299 2.500000
v -129.268428 127.623277 7.500000
v -126.788765 127.941957 5.000000
v -125.548938 128.101339 3.750000
v -124.309115 128.260749 2.500000
v -127.789651 114.524835 7.500000
v -125.303027 114.783481 5.000000
v -124.059715 114.912804 3.750000
v -122.816403 115.042127 2.500000
v -126.541099 101.491310 7.500000
v -124.050616 101.709930 5.000000
v -122.805375 101.819239 3.750000
v -121.560134 101.928549 2.500000
v -125.505546 88.593435 7.500000
v -123.012165 88.775864 5.000000
v -121.765474 88.867078 3.750000
v -120.518783 88.958292 2.500000
v -124.659889 75.853752 7.500000
v -122.164371 76.003605 5.000000
v -120.916612 76.078531 3.750000
v -119.668853 76.153457 2.500000
v -123.981049 63.294785 7.500000
v -121.483962 63.415455 5.000000
v -120.235419 63.475790 3.750000
v -118.986875 63.536124 2.500000
v -123.448739 50.935318 7.500000
v -120.950501 51.029435 5.000000
v -119.701382 51.076492 3.750000
v -118.452263 51.123549 2.500000
v -123.047973 38.788742 7.500000
v -120.548966 38.859515 5.000000
v -119.299463 38.894901 3.750000
v -118.049959 38.930288 2.500000
v -122.732429 25.180739 7.500000
v -120.232848 25.226488 5.000000
v -118.983057 25.249363 3.750000
v -117.733267 25.272238 2.500000
v -122.551369 11.876024 7.500000
v -120.051457 11.897880 5.000000
v -118.801501 11.908807 3.750000
v -117.551545 11.919735 2.500000
v -122.500464 2.091967 7.500000
v -120.000458 2.095870 5.000000
v -118.750455 2.097822 3.750000
v -122.521432 -7.531107 7.500000
v -120.021472 -7.545715 5.000000
v -118.771492 -7.553020 3.750000
v -117.521512 -7.560324 2.500000
v -122.613568 -16.998505 7.500000
v -120.113800 -17.032659 5.000000
v -118.863917 -17.049736 3.750000
v -117.614033 -17.066813 2.500000
v -123.150428 -39.352507 7.500000
v -120.651973 -39.440620 5.000000
v -119.402746 -39.484676 3.750000
v -118.153518 -39.528732 2.500000
v -119.028933 -26.359584 3.750000
v -120.278337 -26.318560 5.000000
v -122.777149 -26.236609 7.500000
v -123.694011 -52.111923 7.500000
v -121.197162 -52.237402 5.000000
v -119.948737 -52.300142 3.750000
v -118.700312 -52.362881 2.500000
v -124.425807 -64.607634 7.500000
v -121.931441 -64.775610 5.000000
v -120.684258 -64.859599 3.750000
v -119.437075 -64.943587 2.500000
v -125.365503 -76.844847 7.500000
v -122.874837 -77.060860 5.000000
v -121.629504 -77.168867 3.750000
v -120.384172 -77.276873 2.500000
v -126.620583 -89.629416 7.500000
v -124.135622 -89.903220 5.000000
v -122.893141 -90.040123 3.750000
v -121.650661 -90.177025 2.500000
v -128.161464 -102.126879 7.500000
v -125.684556 -102.465674 5.000000
v -124.446101 -102.635072 3.750000
v -123.207647 -102.804470 2.500000
v -130.009791 -114.337742 7.500000
v -127.543792 -114.748282 5.000000
v -126.310792 -114.953552 3.750000
v -125.077793 -115.158822 2.500000
v -132.182743 -126.263305 7.500000
v -129.730900 -126.751366 5.000000
v -128.504978 -126.995396 3.750000
v -127.279057 -127.239426 2.500000
v -134.553650 -137.287593 7.500000
v -132.118544 -137.853451 5.000000
v -130.900992 -138.136380 3.750000
v -129.683439 -138.419309 2.500000
v -147.703150 235.777732 2.500000
v -148.889651 235.384430 3.750000
v -150.000000 -150.000000 0.000000
v -151.794920 -109.973994 -50.000000
v -151.904892 -106.859267 -50.000000
v -152.002932 -103.491780 -50.000000
v -152.089678 -99.884344 -50.000000
v -152.165791 -96.050334 -50.000000
v -152.231956 -92.003593 -50.000000
v -152.288869 -87.758344 -50.000000
v -152.337239 -83.329101 -50.000000
v -152.377779 -78.730591 -50.000000
v -152.411203 -73.977684 -50.000000
v -152.438225 -69.085319 -50.000000
v -152.475876 -58.941878 -50.000000
v -152.496231 -48.418404 -50.000000
v -152.504483 -37.629388 -50.000000
v -152.502932 -15.677192 -50.000000
v -152.500263 6.182816 -50.000000
v -152.503656 16.910573 -50.000000
v -152.511001 27.444826 -50.000000
v -152.521693 37.760831 -50.000000
v -152.534226 47.848342 -50.000000
v -152.546312 57.709751 -50.000000
v -152.555015 67.358074 -50.000000
v -152.556872 76.815048 -50.000000
v -152.547991 86.109650 -50.000000
v -152.480837 104.356724 -50.000000
v -152.317144 122.430536 -50.000000
v -152.019410 140.698880 -50.000000
v -151.809060 150.020189 -50.000000
v -151.552305 159.522522 -50.000000
v -151.245624 169.242905 -50.000000
v -150.886058 179.212652 -50.000000
v -150.471335 189.455941 -50.000000
v -150.000000 199.988326 -50.000000
v -149.528665 189.455941 -50.000000
v -149.113942 179.212652 -50.000000
v -148.754376 169.242905 -50.000000
v -148.447695 159.522522 -50.000000
v -148.190940 150.020189 -50.000000
v -147.980590 140.698880 -50.000000
v -147.682856 122.430536 -50.000000
v -147.519163 104.356724 -50.000000
v -147.452009 86.109650 -50.000000
v -147.443128 76.815048 -50.000000
v -147.444985 67.358074 -50.000000
v -147.453688 57.709751 -50.000000
v -147.465774 47.848342 -50.000000
v -147.478307 37.760831 -50.000000
v -147.488999 27.444826 -50.000000
v -147.496344 16.910573 -50.000000
v -147.499737 6.182816 -50.000000
v -147.497068 -15.677192 -50.000000
v -147.495517 -37.629388 -50.000000
v -147.503769 -48.418404 -50.000000
v -147.524124 -58.941878 -50.000000
v -147.561775 -69.085319 -50.000000
v -147.588797 -73.977684 -50.000000
v -147.622221 -78.730591 -50.000000
v -147.662761 -83.329101 -50.000000
v -147.711131 -87.758344 -50.000000
v -147.768044 -92.003593 -50.000000
v -147.834209 -96.050334 -50.000000
v -147.910322 -99.884344 -50.000000
v -147.997068 -103.491780 -50.000000
v -148.095108 -106.859267 -50.000000
v -148.205080 -109.973994 -50.000000
v -148.355647 -113.399710 -50.000000
v -148.525732 -116.414318 -50.000000
v -148.716212 -119.000414 -50.000000
v -148.927965 -121.140596 -50.000000
v -149.161806 -122.818776 -50.000000
v -149.418192 -124.025985 -50.000000
v -149.554949 -124.450828 -50.000000
v -149.697473 -124.755351 -50.000000
v -149.770912 -124.862224 -50.000000
v -149.845809 -124.938695 -50.000000
v -149.883806 -124.965496 -50.000000
v -149.922170 -124.984656 -50.000000
v -149.960901 -124.996162 -50.000000
v -150.000000 -125.000000 -50.000000
v -150.039099 -124.996163 -50.000000
v -150.077830 -124.984662 -50.000000
v -150.116195 -124.965508 -50.000000
v -150.154192 -124.938716 -50.000000
v -150.229090 -124.862269 -50.000000
v -150.302531 -124.755426 -50.000000
v -150.445058 -124.450968 -50.000000
v -150.581818 -124.026185 -50.000000
v -150.838205 -122.819000 -50.000000
v -151.072035 -121.140597 -50.000000
v -151.283780 -119.000252 -50.000000
v -151.474261 -116.414173 -50.000000
v -151.644350 -113.399656 -50.000000
v -150.000000 243.748541 -6.250000
v -150.000000 237.497082 -12.500000
v -150.000000 231.245622 -18.750000
v -150.000000 224.994163 -25.000000
v -150.000000 218.742704 -31.250000
v -150.000000 212.491245 -37.500000
v -150.000000 206.239785 -43.750000
v -154.070555 -114.977244 -43.750000
v -156.346190 -119.980495 -37.500000
v -158.621825 -124.983746 -31.250000
v -160.897460 -129.986997 -25.000000
v -163.173095 -134.990248 -18.750000
v -165.448730 -139.993498 -12.500000
v -167.724365 -144.996749 -6.250000
v -170.302538 -141.704793 -3.125000
v -153.300963 237.090049 -3.125000
v -167.852849 -136.951924 -9.375000
v -152.905070 231.168323 -9.375000
v -165.403161 -132.199055 -15.625000
v -152.509176 225.246597 -15.625000
v -162.953473 -127.446186 -21.875000
v -152.212256 220.805303 -20.312500
v -153.154719 -108.434709 -46.875000
v -153.399937 238.570480 -1.562500
v -156.575364 228.682914 -1.562500
v -159.530791 218.778432 -1.562500
v -162.270725 208.861033 -1.562500
v -164.633694 199.612371 -1.562500
v -166.817141 190.359199 -1.562500
v -168.825595 181.105573 -1.562500
v -170.666607 171.858345 -1.562500
v -172.348023 162.624617 -1.562500
v -173.877674 153.411476 -1.562500
v -175.263394 144.226013 -1.562500
v -176.513013 135.075317 -1.562500
v -177.634366 125.966478 -1.562500
v -178.635284 116.906585 -1.562500
v -180.307146 98.961993 -1.562500
v -181.591295 81.298132 -1.562500
v -182.547052 63.965453 -1.562500
v -183.189413 48.101742 -1.562500
v -183.627076 32.590796 -1.562500
v -183.886181 17.443776 -1.562500
v -183.983647 2.657175 -1.562500
v -183.924733 -11.789328 -1.562500
v -183.705044 -25.919675 -1.562500
v -183.311643 -39.753854 -1.562500
v -182.729934 -53.310004 -1.562500
v -182.261263 -61.644235 -1.562500
v -181.704972 -69.874116 -1.562500
v -181.055329 -78.000576 -1.562500
v -180.306225 -86.023147 -1.562500
v -179.211203 -95.985936 -1.562500
v -177.937239 -105.778873 -1.562500
v -177.229517 -110.610812 -1.562500
v -176.472631 -115.399218 -1.562500
v -175.665195 -120.143437 -1.562500
v -174.806444 -124.842967 -1.562500
v -173.601001 -130.938814 -1.562500
v -172.304385 -136.955857 -1.562500
v -170.914960 -142.893010 -1.562500
v -153.004043 232.648755 -7.812500
v -155.809022 223.111791 -7.812500
v -158.418944 213.577404 -7.812500
v -160.837818 204.048213 -7.812500
v -162.923196 195.176352 -7.812500
v -164.849434 186.313394 -7.812500
v -166.620551 177.462010 -7.812500
v -168.243260 168.626702 -7.812500
v -169.724547 159.812100 -7.812500
v -171.071389 151.022827 -7.812500
v -172.290762 142.263505 -7.812500
v -173.389642 133.538757 -7.812500
v -174.375006 124.853206 -7.812500
v -175.253829 116.211474 -7.812500
v -176.719763 99.077958 -7.812500
v -177.843294 82.175069 -7.812500
v -178.677378 65.535168 -7.812500
v -179.236345 50.243998 -7.812500
v -179.615938 35.222934 -7.812500
v -179.839647 20.477740 -7.812500
v -179.922796 6.003637 -7.812500
v -179.870360 -8.215639 -7.812500
v -179.678633 -22.195150 -7.812500
v -179.336152 -35.941434 -7.812500
v -178.829930 -49.458152 -7.812500
v -178.421833 -57.783605 -7.812500
v -177.937041 -66.010525 -7.812500
v -177.370350 -74.134441 -7.812500
v -176.716168 -82.148861 -7.812500
v -175.758559 -92.083670 -7.812500
v -174.642654 -101.817186 -7.812500
v -174.021986 -106.603699 -7.812500
v -173.357660 -111.334072 -7.812500
v -172.648383 -116.005993 -7.812500
v -171.893414 -120.617482 -7.812500
v -170.832657 -126.571531 -7.812500
v -169.690474 -132.413878 -7.812500
v -168.465271 -138.140141 -7.812500
v -169.077694 -139.328358 -6.250000
v -170.343952 -133.549373 -6.250000
v -171.524743 -127.663352 -6.250000
v -172.621672 -121.673853 -6.250000
v -173.402586 -117.040354 -6.250000
v -174.136403 -112.350359 -6.250000
v -174.823869 -107.605477 -6.250000
v -175.466300 -102.807608 -6.250000
v -176.621720 -93.059236 -6.250000
v -177.613682 -83.117432 -6.250000
v -178.291595 -75.100975 -6.250000
v -178.879024 -66.976423 -6.250000
v -179.381691 -58.748762 -6.250000
v -179.804931 -50.421115 -6.250000
v -180.330025 -36.894539 -6.250000
v -180.685236 -23.126281 -6.250000
v -180.883953 -9.109061 -6.250000
v -180.938009 5.167021 -6.250000
v -180.851281 19.719249 -6.250000
v -180.618722 34.564900 -6.250000
v -180.224612 49.708434 -6.250000
v -179.644797 65.142739 -6.250000
v -178.780294 81.955834 -6.250000
v -177.616609 99.048967 -6.250000
v -176.099193 116.385252 -6.250000
v -175.189846 125.131524 -6.250000
v -174.170485 133.922897 -6.250000
v -173.033920 142.754132 -6.250000
v -171.772960 151.619989 -6.250000
v -170.380416 160.515229 -6.250000
v -168.849097 169.434613 -6.250000
v -167.171812 178.372901 -6.250000
v -165.341361 187.324845 -6.250000
v -163.350820 196.285357 -6.250000
v -161.196044 205.251418 -6.250000
v -158.696906 214.877661 -6.250000
v -156.000608 224.504572 -6.250000
v -153.103017 234.129186 -6.250000
v -154.851094 216.147888 -15.625000
v -157.029136 207.076120 -15.625000
v -159.046684 198.032188 -15.625000
v -160.785074 189.631329 -15.625000
v -162.389800 181.256138 -15.625000
v -163.864247 172.907557 -15.625000
v -165.214076 164.587148 -15.625000
v -166.445203 156.296455 -15.625000
v -167.563533 148.037016 -15.625000
v -168.574972 139.810370 -15.625000
v -169.485428 131.618057 -15.625000
v -170.300805 123.461616 -15.625000
v -171.027011 115.342586 -15.625000
v -172.235534 99.222914 -15.625000
v -173.158292 83.271240 -15.625000
v -173.840287 67.497312 -15.625000
v -174.295011 52.921820 -15.625000
v -174.602016 38.513106 -15.625000
v -174.781480 24.270196 -15.625000
v -174.846733 10.186713 -15.625000
v -174.802393 -3.748527 -15.625000
v -174.645619 -17.539494 -15.625000
v -174.366789 -31.175908 -15.625000
v -173.954924 -44.643336 -15.625000
v -173.622545 -52.957817 -15.625000
v -173.227128 -61.181035 -15.625000
v -172.764126 -69.301772 -15.625000
v -172.228596 -77.306003 -15.625000
v -171.442754 -87.205837 -15.625000
v -170.524422 -96.865078 -15.625000
v -170.012572 -101.594808 -15.625000
v -169.463946 -106.252641 -15.625000
v -168.877369 -110.834188 -15.625000
v -168.252126 -115.335625 -15.625000
v -167.372227 -121.112426 -15.625000
v -166.423086 -126.736404 -15.625000
v -166.628005 -134.575489 -12.500000
v -167.730041 -129.007394 -12.500000
v -168.756399 -123.296068 -12.500000
v -169.708641 -117.448368 -12.500000
v -170.385775 -112.902910 -12.500000
v -171.021431 -108.285213 -12.500000
v -171.616338 -103.598365 -12.500000
v -172.171715 -98.845921 -12.500000
v -173.169076 -89.156970 -12.500000
v -174.023625 -79.243146 -12.500000
v -174.606616 -71.234840 -12.500000
v -175.111094 -63.112831 -12.500000
v -175.542260 -54.888132 -12.500000
v -175.904926 -46.569262 -12.500000
v -176.354534 -33.082118 -12.500000
v -176.658824 -19.401756 -12.500000
v -176.829580 -5.535372 -12.500000
v -176.877158 8.513482 -12.500000
v -176.804747 22.753214 -12.500000
v -176.607584 37.197038 -12.500000
v -176.271545 51.850691 -12.500000
v -175.775124 66.712454 -12.500000
v -175.032292 82.832771 -12.500000
v -174.029226 99.164932 -12.500000
v -172.717739 115.690141 -12.500000
v -171.930485 124.018252 -12.500000
v -171.047113 132.386337 -12.500000
v -170.061288 140.791624 -12.500000
v -168.966675 149.231340 -12.500000
v -167.756941 157.702713 -12.500000
v -166.425750 166.202970 -12.500000
v -164.966768 174.729338 -12.500000
v -163.373654 183.279040 -12.500000
v -161.640323 191.849338 -12.500000
v -159.763137 200.438598 -12.500000
v -157.585059 209.676634 -12.500000
v -155.234265 218.933449 -12.500000
v -152.707123 228.207460 -12.500000
v -154.276338 211.969546 -20.312500
v -156.195251 203.175349 -20.312500
v -157.972004 194.422573 -20.312500
v -159.502200 186.304315 -20.312500
v -160.914020 178.221784 -20.312500
v -162.210464 170.174885 -20.312500
v -163.396566 162.163416 -20.312500
v -164.477596 154.187068 -20.312500
v -165.458819 146.245529 -20.312500
v -166.345498 138.338489 -20.312500
v -167.142899 130.465637 -20.312500
v -167.856285 122.626662 -20.312500
v -168.490921 114.821253 -20.312500
v -169.544997 99.309888 -20.312500
v -170.347290 83.928943 -20.312500
v -170.938032 68.674598 -20.312500
v -171.330211 54.528512 -20.312500
v -171.593662 40.487210 -20.312500
v -171.746579 26.545670 -20.312500
v -171.801095 12.696559 -20.312500
v -171.761613 -1.068260 -20.312500
v -171.625811 -14.746100 -20.312500
v -171.385170 -28.316593 -20.312500
v -171.029921 -41.754447 -20.312500
v -170.742972 -50.062344 -20.312500
v -170.401181 -58.283341 -20.312500
v -170.000392 -66.402171 -20.312500
v -169.536054 -74.400288 -20.312500
v -168.853271 -84.279137 -20.312500
v -168.053483 -93.893812 -20.312500
v -167.606924 -98.589474 -20.312500
v -167.127717 -103.203782 -20.312500
v -166.614760 -107.731105 -20.312500
v -166.067354 -112.166511 -20.312500
v -165.295969 -117.836964 -20.312500
v -164.462653 -123.329920 -20.312500
v -163.565895 -128.634403 -20.312500
v -164.178317 -129.822620 -18.750000
v -165.116130 -124.465415 -18.750000
v -165.988055 -118.928785 -18.750000
v -166.795611 -113.222882 -18.750000
v -167.368963 -108.765466 -18.750000
v -167.906460 -104.220068 -18.750000
v -168.408806 -99.591252 -18.750000
v -168.877129 -94.884234 -18.750000
v -169.716432 -85.254703 -18.750000
v -170.433568 -75.368859 -18.750000
v -170.921636 -67.368705 -18.750000
v -171.343163 -59.249239 -18.750000
v -171.702830 -51.027501 -18.750000
v -172.004922 -42.717410 -18.750000
v -172.379043 -29.269698 -18.750000
v -172.632413 -15.677231 -18.750000
v -172.775207 -1.961683 -18.750000
v -172.816307 11.859944 -18.750000
v -172.758213 25.787179 -18.750000
v -172.596447 39.829175 -18.750000
v -172.318478 53.992948 -18.750000
v -171.905450 68.282169 -18.750000
v -171.284291 83.709708 -18.750000
v -170.441843 99.280897 -18.750000
v -169.336284 114.995031 -18.750000
v -168.671125 122.904980 -18.750000
v -167.923742 130.849777 -18.750000
v -167.088656 138.829116 -18.750000
v -166.160390 146.842691 -18.750000
v -165.133465 154.890197 -18.750000
v -164.002403 162.971327 -18.750000
v -162.761725 171.085776 -18.750000
v -161.405947 179.233236 -18.750000
v -159.929825 187.413319 -18.750000
v -158.330230 195.625778 -18.750000
v -156.473213 204.475606 -18.750000
v -154.467923 213.362327 -18.750000
v -152.311229 222.285734 -18.750000
v -151.519442 210.442283 -31.250000
v -152.935239 202.220082 -31.250000
v -154.249520 194.073551 -31.250000
v -155.464417 186.000138 -31.250000
v -156.508829 178.541282 -31.250000
v -157.470532 171.141626 -31.250000
v -158.351638 163.798651 -31.250000
v -159.155708 156.508041 -31.250000
v -159.886514 149.265164 -31.250000
v -160.547820 142.065393 -31.250000
v -161.143393 134.904100 -31.250000
v -161.676999 127.776657 -31.250000
v -162.152405 120.678436 -31.250000
v -162.573376 113.604809 -31.250000
v -163.267077 99.512827 -31.250000
v -163.788287 85.463582 -31.250000
v -164.166104 71.421599 -31.250000
v -164.412343 58.277462 -31.250000
v -164.574171 45.093451 -31.250000
v -164.665145 31.855108 -31.250000
v -164.694606 18.552866 -31.250000
v -164.666460 5.185696 -31.250000
v -164.579591 -8.228181 -31.250000
v -164.428061 -21.644858 -31.250000
v -164.204914 -35.013705 -31.250000
v -164.023969 -43.306241 -31.250000
v -163.807303 -51.522056 -31.250000
v -163.551678 -59.636435 -31.250000
v -163.253454 -67.620286 -31.250000
v -162.811143 -77.450171 -31.250000
v -162.287959 -86.960861 -31.250000
v -161.993744 -91.577027 -31.250000
v -161.676518 -96.089777 -31.250000
v -161.335339 -100.490578 -31.250000
v -160.969551 -104.771911 -31.250000
v -160.451367 -110.194217 -31.250000
v -159.888309 -115.381457 -31.250000
v -159.278940 -120.316882 -31.250000
v -161.728629 -125.069751 -25.000000
v -162.502219 -119.923436 -25.000000
v -163.219711 -114.561501 -25.000000
v -163.882581 -108.997397 -25.000000
v -164.352151 -104.628022 -25.000000
v -164.791489 -100.154923 -25.000000
v -165.201275 -95.584139 -25.000000
v -165.582544 -90.922547 -25.000000
v -166.263788 -81.352437 -25.000000
v -166.843511 -71.494573 -25.000000
v -167.236657 -63.502570 -25.000000
v -167.575233 -55.385647 -25.000000
v -167.863399 -47.166871 -25.000000
v -168.104918 -38.865557 -25.000000
v -168.403552 -25.457278 -25.000000
v -168.606002 -11.952706 -25.000000
v -168.720833 1.612007 -25.000000
v -168.755456 15.206405 -25.000000
v -168.711679 28.821144 -25.000000
v -168.585309 42.461313 -25.000000
v -168.365410 56.135205 -25.000000
v -168.035777 69.851884 -25.000000
v -167.536289 84.586645 -25.000000
v -166.854460 99.396862 -25.000000
v -165.954830 114.299920 -25.000000
v -165.411765 121.791708 -25.000000
v -164.800371 129.313217 -25.000000
v -164.116025 136.866608 -25.000000
v -163.354105 144.454042 -25.000000
v -162.509989 152.077681 -25.000000
v -161.579056 159.739684 -25.000000
v -160.556681 167.442213 -25.000000
v -159.438239 175.187431 -25.000000
v -158.219327 182.977301 -25.000000
v -156.897323 190.812958 -25.000000
v -155.361367 199.274578 -25.000000
v -153.701581 207.791204 -25.000000
v -151.915336 216.364008 -25.000000
v -151.321495 207.481420 -34.375000
v -152.552068 199.434521 -34.375000
v -153.693597 191.473037 -34.375000
v -154.747963 183.593728 -34.375000
v -155.653580 176.323272 -34.375000
v -156.486679 169.118724 -34.375000
v -157.249116 161.976869 -34.375000
v -157.944035 154.892219 -34.375000
v -158.574776 147.858906 -34.375000
v -159.144677 140.871069 -34.375000
v -159.657077 133.922846 -34.375000
v -160.115314 127.008377 -34.375000
v -160.522725 120.121800 -34.375000
v -160.882648 113.257254 -34.375000
v -161.473386 99.570810 -34.375000
v -161.914287 85.902051 -34.375000
v -162.231267 72.206456 -34.375000
v -162.435810 59.348590 -34.375000
v -162.568602 46.409520 -34.375000
v -162.641878 33.372091 -34.375000
v -162.664180 20.226097 -34.375000
v -162.639273 6.972541 -34.375000
v -162.566385 -6.365918 -34.375000
v -162.440316 -19.738648 -34.375000
v -162.254912 -33.087779 -34.375000
v -162.104254 -41.375925 -34.375000
v -161.923337 -49.590260 -34.375000
v -161.709189 -57.703368 -34.375000
v -161.458426 -65.683143 -34.375000
v -161.084821 -75.499038 -34.375000
v -160.640666 -84.980017 -34.375000
v -160.389978 -89.573470 -34.375000
v -160.119032 -94.057205 -34.375000
v -159.826933 -98.421856 -34.375000
v -159.513035 -102.659168 -34.375000
v -159.067195 -108.010575 -34.375000
v -158.581353 -113.110467 -34.375000
v -158.054096 -117.940447 -34.375000
v -150.925602 201.559694 -40.625000
v -151.785726 193.863398 -40.625000
v -152.581751 186.272009 -40.625000
v -153.315056 178.780908 -40.625000
v -153.943083 171.887254 -40.625000
v -154.518971 165.072919 -40.625000
v -155.044073 158.333307 -40.625000
v -155.520688 151.660576 -40.625000
v -155.951300 145.046390 -40.625000
v -156.338392 138.482420 -40.625000
v -156.684445 131.960338 -40.625000
v -156.991942 125.471817 -40.625000
v -157.263364 119.008528 -40.625000
v -157.501194 112.562144 -40.625000
v -157.886003 99.686775 -40.625000
v -158.166285 86.778988 -40.625000
v -158.361594 73.776171 -40.625000
v -158.482742 61.490847 -40.625000
v -158.557464 49.041657 -40.625000
v -158.595343 36.406055 -40.625000
v -158.603329 23.572558 -40.625000
v -158.584900 10.546230 -40.625000
v -158.539974 -2.641393 -40.625000
v -158.464825 -15.926228 -40.625000
v -158.354908 -29.235926 -40.625000
v -158.264823 -37.515295 -40.625000
v -158.155407 -45.726668 -40.625000
v -158.024210 -53.837233 -40.625000
v -157.868369 -61.808857 -40.625000
v -157.632177 -71.596771 -40.625000
v -157.346081 -81.018330 -40.625000
v -157.182447 -85.566358 -40.625000
v -157.004061 -89.992059 -40.625000
v -156.810121 -94.284412 -40.625000
v -156.600005 -98.433683 -40.625000
v -156.298851 -103.643292 -40.625000
v -155.967443 -108.568488 -40.625000
v -155.604408 -113.187578 -40.625000
v -156.829252 -115.564013 -37.500000
v -157.274398 -110.839478 -37.500000
v -157.683023 -105.826934 -37.500000
v -158.056520 -100.546426 -37.500000
v -158.318527 -96.353134 -37.500000
v -158.561546 -92.024632 -37.500000
v -158.786213 -87.569914 -37.500000
v -158.993374 -82.999174 -37.500000
v -159.358499 -73.547904 -37.500000
v -159.663397 -63.746000 -37.500000
v -159.866699 -55.770300 -37.500000
v -160.039372 -47.658464 -37.500000
v -160.184539 -39.445610 -37.500000
v -160.304910 -31.161852 -37.500000
v -160.452571 -17.832438 -37.500000
v -160.553180 -4.503656 -37.500000
v -160.612087 8.759385 -37.500000
v -160.633755 21.899328 -37.500000
v -160.618610 34.889073 -37.500000
v -160.563033 47.725589 -37.500000
v -160.459276 60.419719 -37.500000
v -160.296430 72.991314 -37.500000
v -160.040286 86.340519 -37.500000
v -159.679695 99.628792 -37.500000
v -159.191921 112.909699 -37.500000
v -158.893045 119.565164 -37.500000
v -158.553628 126.240097 -37.500000
v -158.170761 132.941592 -37.500000
v -157.741535 139.676745 -37.500000
v -157.263038 146.452648 -37.500000
v -156.732361 153.276398 -37.500000
v -156.146595 160.155088 -37.500000
v -155.502825 167.095821 -37.500000
v -154.798332 174.105263 -37.500000
v -154.031510 181.187318 -37.500000
v -153.137674 188.872523 -37.500000
v -152.168897 196.648959 -37.500000
v -151.123549 204.520557 -37.500000
v -150.529708 195.637968 -46.875000
v -151.019383 188.292276 -46.875000
v -151.469904 181.070982 -46.875000
v -151.882149 173.968088 -46.875000
v -152.232585 167.451235 -46.875000
v -152.551264 161.027114 -46.875000
v -152.839029 154.689744 -46.875000
v -153.097341 148.428933 -46.875000
v -153.327824 142.233874 -46.875000
v -153.532107 136.093771 -46.875000
v -153.711814 129.997830 -46.875000
v -153.868571 123.935257 -46.875000
v -154.004004 117.895256 -46.875000
v -154.119740 111.867033 -46.875000
v -154.298620 99.802740 -46.875000
v -154.418283 87.655924 -46.875000
v -154.491921 75.345886 -46.875000
v -154.529675 63.633104 -46.875000
v -154.546326 51.673795 -46.875000
v -154.548809 39.440020 -46.875000
v -154.542479 26.919019 -46.875000
v -154.530527 14.119919 -46.875000
v -154.513563 1.083132 -46.875000
v -154.489334 -12.113808 -46.875000
v -154.454904 -25.384073 -46.875000
v -154.425393 -33.654664 -46.875000
v -154.387477 -41.863076 -46.875000
v -154.339230 -49.971098 -46.875000
v -154.278312 -57.934570 -46.875000
v -154.179533 -67.694505 -46.875000
v -154.051496 -77.056644 -46.875000
v -153.974916 -81.559245 -46.875000
v -153.889089 -85.926914 -46.875000
v -153.793309 -90.146968 -46.875000
v -153.686975 -94.208197 -46.875000
v -153.530506 -99.276008 -46.875000
v -153.353532 -104.026509 -46.875000
v -154.379564 -110.811144 -43.750000
v -154.660487 -106.297498 -43.750000
v -154.914679 -101.459650 -43.750000
v -155.143490 -96.320940 -43.750000
v -155.301715 -92.215690 -43.750000
v -155.446575 -87.959487 -43.750000
v -155.578681 -83.562801 -43.750000
v -155.698788 -79.037487 -43.750000
v -155.905855 -69.645638 -43.750000
v -156.073340 -59.871713 -43.750000
v -156.181720 -51.904165 -43.750000
v -156.271442 -43.794872 -43.750000
v -156.345108 -35.584980 -43.750000
v -156.404906 -27.310000 -43.750000
v -156.477080 -14.020018 -43.750000
v -156.526769 -0.779131 -43.750000
v -156.557714 12.333075 -43.750000
v -156.572904 25.245789 -43.750000
v -156.572076 37.923038 -43.750000
v -156.551895 50.357726 -43.750000
v -156.506209 62.561976 -43.750000
v -156.426757 74.561029 -43.750000
v -156.292284 87.217456 -43.750000
v -156.092312 99.744757 -43.750000
v -155.810467 112.214588 -43.750000
v -155.633684 118.451892 -43.750000
v -155.430256 124.703537 -43.750000
v -155.198130 130.979084 -43.750000
v -154.935249 137.288096 -43.750000
v -154.639562 143.640132 -43.750000
v -154.309014 150.044755 -43.750000
v -153.941551 156.511526 -43.750000
v -153.535118 163.050016 -43.750000
v -153.087834 169.669244 -43.750000
v -152.598603 176.374498 -43.750000
v -152.025827 183.671496 -43.750000
v -151.402555 191.077837 -43.750000
v -150.727655 198.598831 -43.750000
v -163.809175 -122.194425 -21.875000
v -164.603883 -116.745143 -21.875000
v -165.339096 -111.110139 -21.875000
v -165.860557 -106.696744 -21.875000
v -166.348974 -102.187495 -21.875000
v -166.805041 -97.587696 -21.875000
v -167.229837 -92.903391 -21.875000
v -167.990110 -83.303570 -21.875000
v -168.638539 -73.431716 -21.875000
v -169.079147 -65.435638 -21.875000
v -169.459198 -57.317443 -21.875000
v -169.783115 -49.097186 -21.875000
v -170.054920 -40.791484 -21.875000
v -170.391298 -27.363488 -21.875000
v -170.619208 -13.814969 -21.875000
v -170.748020 -0.174838 -21.875000
v -170.785882 13.533174 -21.875000
v -170.734946 27.304161 -21.875000
v -170.590878 41.145244 -21.875000
v -170.341944 55.064076 -21.875000
v -169.970614 69.067026 -21.875000
v -169.410290 84.148177 -21.875000
v -168.648152 99.338880 -21.875000
v -167.645557 114.647475 -21.875000
v -167.041445 122.348344 -21.875000
v -166.362056 130.081497 -21.875000
v -165.602340 137.847862 -21.875000
v -164.757248 145.648367 -21.875000
v -163.821727 153.483939 -21.875000
v -162.790729 161.355505 -21.875000
v -161.659203 169.263994 -21.875000
v -160.422093 177.210333 -21.875000
v -159.074576 185.195310 -21.875000
v -157.613777 193.219368 -21.875000
v -155.917290 201.875092 -21.875000
v -154.084752 210.576766 -21.875000
v -152.113283 219.324871 -21.875000
v -164.790739 -131.010837 -17.187500
v -165.769608 -125.600910 -17.187500
v -166.680141 -120.020605 -17.187500
v -167.523869 -114.279254 -17.187500
v -168.123166 -109.799827 -17.187500
v -168.685203 -105.236354 -17.187500
v -169.210689 -100.593030 -17.187500
v -169.700776 -95.874656 -17.187500
v -170.579593 -86.230270 -17.187500
v -171.331082 -76.337431 -17.187500
v -171.842881 -68.335239 -17.187500
v -172.285146 -60.215137 -17.187500
v -172.662687 -51.992659 -17.187500
v -172.979923 -43.680373 -17.187500
v -173.372916 -30.222803 -17.187500
v -173.639016 -16.608362 -17.187500
v -173.788800 -2.855105 -17.187500
v -173.831520 11.023328 -17.187500
v -173.769846 25.028688 -17.187500
v -173.599231 39.171141 -17.187500
v -173.306744 53.457384 -17.187500
v -172.872869 67.889740 -17.187500
v -172.221291 83.490474 -17.187500
v -171.338689 99.251906 -17.187500
v -170.181648 115.168808 -17.187500
v -169.485965 123.183298 -17.187500
v -168.704585 131.233917 -17.187500
v -167.831814 139.319743 -17.187500
v -166.861961 147.439854 -17.187500
v -165.789334 155.593326 -17.187500
v -164.608239 163.779238 -17.187500
v -163.312986 171.996666 -17.187500
v -161.897873 180.244687 -17.187500
v -160.357449 188.522324 -17.187500
v -158.688457 196.828983 -17.187500
v -156.751175 205.775863 -17.187500
v -154.659509 214.755107 -17.187500
v -152.410203 223.766166 -17.187500
v -167.240427 -135.763707 -10.937500
v -168.383519 -130.142889 -10.937500
v -169.448485 -124.387889 -10.937500
v -170.436899 -118.504739 -10.937500
v -171.139978 -113.937271 -10.937500
v -171.800174 -109.301500 -10.937500
v -172.418220 -104.600143 -10.937500
v -172.995361 -99.836343 -10.937500
v -174.032237 -90.132536 -10.937500
v -174.921139 -80.211718 -10.937500
v -175.527860 -72.201374 -10.937500
v -176.053076 -64.078729 -10.937500
v -176.502118 -55.853289 -10.937500
v -176.879928 -47.532225 -10.937500
v -177.348407 -34.035224 -10.937500
v -177.665427 -20.332888 -10.937500
v -177.843173 -6.428794 -10.937500
v -177.892371 7.676867 -10.937500
v -177.816380 21.994723 -10.937500
v -177.610369 36.539003 -10.937500
v -177.259812 51.315127 -10.937500
v -176.742542 66.320025 -10.937500
v -175.969293 82.613537 -10.937500
v -174.926071 99.135941 -10.937500
v -173.563102 115.863919 -10.937500
v -172.745325 124.296570 -10.937500
v -171.827956 132.770477 -10.937500
v -170.804446 141.282251 -10.937500
v -169.668247 149.828503 -10.937500
v -168.412810 158.405842 -10.937500
v -167.031587 167.010881 -10.937500
v -165.518029 175.640229 -10.937500
v -163.865581 184.290492 -10.937500
v -162.067947 192.958343 -10.937500
v -160.121364 201.641803 -10.937500
v -157.863021 210.976891 -10.937500
v -155.425851 220.326230 -10.937500
v -152.806096 229.687892 -10.937500
v -169.690116 -140.516576 -4.687500
v -170.997429 -134.684868 -4.687500
v -172.216829 -128.755173 -4.687500
v -173.349929 -122.730225 -4.687500
v -174.156789 -118.074715 -4.687500
v -174.915145 -113.366645 -4.687500
v -175.625752 -108.607255 -4.687500
v -176.289946 -103.798029 -4.687500
v -177.484881 -94.034803 -4.687500
v -178.511196 -84.086004 -4.687500
v -179.212840 -76.067509 -4.687500
v -179.821007 -67.942321 -4.687500
v -180.341548 -59.713920 -4.687500
v -180.779932 -51.384078 -4.687500
v -181.323898 -37.847644 -4.687500
v -181.691838 -24.057413 -4.687500
v -181.897546 -10.002484 -4.687500
v -181.953222 4.330406 -4.687500
v -181.862914 18.960758 -4.687500
v -181.621507 33.906865 -4.687500
v -181.212879 49.172870 -4.687500
v -180.612215 64.750310 -4.687500
v -179.717294 81.736600 -4.687500
v -178.513454 99.019975 -4.687500
v -176.944557 116.559029 -4.687500
v -176.004686 125.409842 -4.687500
v -174.951328 134.307037 -4.687500
v -173.777078 143.244759 -4.687500
v -172.474532 152.217152 -4.687500
v -171.036285 161.218359 -4.687500
v -169.454934 170.242524 -4.687500
v -167.723073 179.283791 -4.687500
v -165.833288 188.336296 -4.687500
v -163.778445 197.394362 -4.687500
v -161.554271 206.454623 -4.687500
v -158.974867 216.177918 -4.687500
v -156.192193 225.897352 -4.687500
v -153.201990 235.609618 -4.687500
v -156.383779 227.290133 -3.125000
v -159.252829 217.478175 -3.125000
v -161.912498 207.657828 -3.125000
v -164.206069 198.503366 -3.125000
v -166.325215 189.347748 -3.125000
v -168.274334 180.194682 -3.125000
v -170.060771 171.050434 -3.125000
v -171.692154 161.921488 -3.125000
v -173.176103 152.814314 -3.125000
v -174.520236 143.735386 -3.125000
v -175.732170 134.691177 -3.125000
v -176.819526 125.688160 -3.125000
v -177.789920 116.732807 -3.125000
v -179.410300 98.990984 -3.125000
v -180.654295 81.517366 -3.125000
v -181.579633 64.357882 -3.125000
v -182.201146 48.637306 -3.125000
v -182.624291 33.248831 -3.125000
v -182.874548 18.202267 -3.125000
v -182.968434 3.493791 -3.125000
v -182.911140 -10.895906 -3.125000
v -182.698441 -24.988544 -3.125000
v -182.317770 -38.800749 -3.125000
v -181.754933 -52.347041 -3.125000
v -181.301406 -60.679078 -3.125000
v -180.762989 -68.908218 -3.125000
v -180.134084 -77.034042 -3.125000
v -179.408710 -85.054576 -3.125000
v -178.348042 -95.010369 -3.125000
v -177.113592 -104.788451 -3.125000
v -176.427634 -109.609033 -3.125000
v -175.693888 -114.382931 -3.125000
v -174.910992 -119.109076 -3.125000
v -174.078187 -123.786596 -3.125000
v -172.908915 -129.846994 -3.125000
v -171.650907 -135.820363 -3.125000
v -155.617436 221.719010 -9.375000
v -158.140983 212.277147 -9.375000
v -160.479591 202.845008 -9.375000
v -162.495572 194.067348 -9.375000
v -164.357507 185.301943 -9.375000
v -166.069290 176.551119 -9.375000
v -167.637423 167.818791 -9.375000
v -169.068678 159.108971 -9.375000
v -170.369818 150.425665 -9.375000
v -171.547604 141.772878 -9.375000
v -172.608799 133.154617 -9.375000
v -173.560166 124.574888 -9.375000
v -174.408466 116.037696 -9.375000
v -175.822917 99.106949 -9.375000
v -176.906293 82.394303 -9.375000
v -177.709960 65.927597 -9.375000
v -178.248079 50.779563 -9.375000
v -178.613153 35.880969 -9.375000
v -178.828014 21.236232 -9.375000
v -178.907584 6.840252 -9.375000
v -178.856766 -7.322217 -9.375000
v -178.672030 -21.264019 -9.375000
v -178.342279 -34.988329 -9.375000
v -177.854929 -48.495189 -9.375000
v -177.461975 -56.818447 -9.375000
v -176.995059 -65.044627 -9.375000
v -176.449105 -73.167907 -9.375000
v -175.818653 -81.180289 -9.375000
v -174.895398 -91.108103 -9.375000
v -173.819007 -100.826764 -9.375000
v -173.220103 -105.601921 -9.375000
v -172.578917 -110.317786 -9.375000
v -171.894180 -114.971632 -9.375000
v -171.165157 -119.561111 -9.375000
v -170.140571 -125.479710 -9.375000
v -169.036996 -131.278383 -9.375000
v -145.929445 -114.977244 -43.750000
v -143.653810 -119.980495 -37.500000
v -141.378175 -124.983746 -31.250000
v -139.102540 -129.986997 -25.000000
v -136.826905 -134.990248 -18.750000
v -134.551270 -139.993498 -12.500000
v -132.275635 -144.996749 -6.250000
v -132.687295 -147.642204 -3.125000
v -166.480272 -147.714937 -3.125000
v -145.179124 -119.348647 -40.625000
v -154.609968 -120.294181 -40.625000
v -152.631584 -115.724055 -46.875000
v -166.974868 -148.857468 -1.562500
v -164.518020 -148.952579 -1.562500
v -163.289352 -148.995020 -1.562500
v -162.060517 -149.033958 -1.562500
v -160.831512 -149.069323 -1.562500
v -159.602333 -149.101045 -1.562500
v -158.002716 -149.136761 -1.562500
v -156.402793 -149.166117 -1.562500
v -153.972646 -149.198401 -1.562500
v -152.757303 -149.208926 -1.562500
v -152.149563 -149.212773 -1.562500
v -151.541778 -149.215672 -1.562500
v -150.933948 -149.217619 -1.562500
v -150.630015 -149.218235 -1.562500
v -150.326072 -149.218612 -1.562500
v -150.022116 -149.218749 -1.562500
v -149.718159 -149.218647 -1.562500
v -149.414214 -149.218305 -1.562500
v -149.110280 -149.217723 -1.562500
v -148.502446 -149.215845 -1.562500
v -147.894658 -149.213014 -1.562500
v -146.679218 -149.204511 -1.562500
v -144.248878 -149.176229 -1.562500
v -141.819250 -149.133094 -1.562500
v -139.390323 -149.075323 -1.562500
v -138.176116 -149.041052 -1.562500
v -136.962077 -149.003280 -1.562500
v -135.363378 -148.948303 -1.562500
v -133.764956 -148.887526 -1.562500
v -132.166802 -148.821102 -1.562500
v -164.501888 -143.144811 -9.375000
v -162.413477 -143.715473 -9.375000
v -161.367811 -143.970119 -9.375000
v -160.321144 -144.203748 -9.375000
v -159.273454 -144.415938 -9.375000
v -158.224720 -144.606271 -9.375000
v -156.858559 -144.820563 -9.375000
v -155.490573 -144.996700 -9.375000
v -153.409687 -145.190403 -9.375000
v -152.367629 -145.253555 -9.375000
v -151.846192 -145.276637 -9.375000
v -151.324483 -145.294031 -9.375000
v -150.802500 -145.305716 -9.375000
v -150.541406 -145.309411 -9.375000
v -150.280242 -145.311672 -9.375000
v -150.019010 -145.312496 -9.375000
v -149.757768 -145.311881 -9.375000
v -149.496595 -145.309828 -9.375000
v -149.235490 -145.306340 -9.375000
v -148.713487 -145.295068 -9.375000
v -148.191759 -145.278084 -9.375000
v -147.149119 -145.227064 -9.375000
v -145.067082 -145.057375 -9.375000
v -142.989314 -144.798562 -9.375000
v -140.915748 -144.451936 -9.375000
v -139.880509 -144.246314 -9.375000
v -138.846273 -144.019680 -9.375000
v -137.485630 -143.689821 -9.375000
v -136.126643 -143.325154 -9.375000
v -134.769267 -142.926611 -9.375000
v -133.728281 -145.284407 -6.250000
v -135.181969 -145.550102 -6.250000
v -136.636729 -145.793214 -6.250000
v -138.092594 -146.013120 -6.250000
v -139.198752 -146.164209 -6.250000
v -140.305578 -146.301290 -6.250000
v -142.521288 -146.532374 -6.250000
v -144.739800 -146.704917 -6.250000
v -146.961158 -146.818043 -6.250000
v -148.072918 -146.852056 -6.250000
v -148.629071 -146.863379 -6.250000
v -149.185406 -146.870893 -6.250000
v -149.463642 -146.873219 -6.250000
v -149.741924 -146.874587 -6.250000
v -150.020252 -146.874997 -6.250000
v -150.298574 -146.874448 -6.250000
v -150.576850 -146.872941 -6.250000
v -150.855079 -146.870477 -6.250000
v -151.411401 -146.862687 -6.250000
v -151.967541 -146.851092 -6.250000
v -152.523498 -146.835704 -6.250000
v -153.634870 -146.793602 -6.250000
v -155.855461 -146.664467 -6.250000
v -157.316222 -146.547042 -6.250000
v -158.775765 -146.404181 -6.250000
v -159.896677 -146.277292 -6.250000
v -161.016893 -146.135832 -6.250000
v -162.136427 -145.980079 -6.250000
v -163.255294 -145.810315 -6.250000
v -165.491080 -145.429874 -6.250000
v -162.523504 -138.574685 -15.625000
v -160.729843 -139.525789 -15.625000
v -159.830579 -139.950198 -15.625000
v -158.929645 -140.339579 -15.625000
v -158.027007 -140.693231 -15.625000
v -157.122629 -141.010452 -15.625000
v -155.943235 -141.367605 -15.625000
v -154.760797 -141.661167 -15.625000
v -152.959320 -141.984006 -15.625000
v -152.055889 -142.089259 -15.625000
v -151.603496 -142.127729 -15.625000
v -151.150647 -142.156718 -15.625000
v -150.697342 -142.176193 -15.625000
v -150.470518 -142.182352 -15.625000
v -150.243579 -142.186120 -15.625000
v -150.016525 -142.187494 -15.625000
v -149.789455 -142.186469 -15.625000
v -149.562499 -142.183047 -15.625000
v -149.335659 -142.177234 -15.625000
v -148.882321 -142.158446 -15.625000
v -148.429439 -142.130140 -15.625000
v -147.525040 -142.045107 -15.625000
v -145.721645 -141.762291 -15.625000
v -143.925365 -141.330936 -15.625000
v -142.136088 -140.753226 -15.625000
v -141.244023 -140.410523 -15.625000
v -140.353630 -140.032800 -15.625000
v -139.183431 -139.483034 -15.625000
v -138.015993 -138.875256 -15.625000
v -136.851238 -138.211018 -15.625000
v -135.810252 -140.568814 -12.500000
v -137.071318 -141.100205 -12.500000
v -138.334530 -141.586427 -12.500000
v -139.599951 -142.026240 -12.500000
v -140.562266 -142.328418 -12.500000
v -141.525918 -142.602581 -12.500000
v -143.457339 -143.064749 -12.500000
v -145.394363 -143.409833 -12.500000
v -147.337079 -143.636085 -12.500000
v -148.310599 -143.704112 -12.500000
v -148.797904 -143.726757 -12.500000
v -149.285574 -143.741787 -12.500000
v -149.529547 -143.746438 -12.500000
v -149.773611 -143.749175 -12.500000
v -150.017767 -143.749995 -12.500000
v -150.261910 -143.748896 -12.500000
v -150.505962 -143.745881 -12.500000
v -150.749921 -143.740954 -12.500000
v -151.237565 -143.725374 -12.500000
v -151.724844 -143.702183 -12.500000
v -152.211759 -143.671407 -12.500000
v -153.184503 -143.587205 -12.500000
v -155.125685 -143.328934 -12.500000
v -156.400897 -143.094084 -12.500000
v -157.673674 -142.808361 -12.500000
v -158.650231 -142.554584 -12.500000
v -159.625395 -142.271663 -12.500000
v -160.599195 -141.960159 -12.500000
v -161.571660 -141.620631 -12.500000
v -163.512696 -140.859748 -12.500000
v -159.555928 -131.719496 -25.000000
v -158.204391 -133.241262 -25.000000
v -157.524730 -133.920317 -25.000000
v -156.842397 -134.543327 -25.000000
v -156.157337 -135.109169 -25.000000
v -155.469493 -135.616723 -25.000000
v -154.570247 -136.188169 -25.000000
v -153.666132 -136.657868 -25.000000
v -152.283769 -137.174409 -25.000000
v -151.588281 -137.342814 -25.000000
v -151.239450 -137.404367 -25.000000
v -150.889893 -137.450749 -25.000000
v -150.539605 -137.481908 -25.000000
v -150.364186 -137.491763 -25.000000
v -150.188584 -137.497792 -25.000000
v -150.012797 -137.499990 -25.000000
v -149.836985 -137.498350 -25.000000
v -149.661356 -137.492876 -25.000000
v -149.485911 -137.483574 -25.000000
v -149.135570 -137.453514 -25.000000
v -148.785960 -137.408224 -25.000000
v -148.088921 -137.272170 -25.000000
v -146.703489 -136.819666 -25.000000
v -145.329442 -136.129498 -25.000000
v -143.966599 -135.205162 -25.000000
v -143.289295 -134.656836 -25.000000
v -142.614665 -134.052480 -25.000000
v -141.730133 -133.172855 -25.000000
v -140.850018 -132.200410 -25.000000
v -139.974196 -131.137629 -25.000000
v -137.892224 -135.853221 -18.750000
v -138.960668 -136.650307 -18.750000
v -140.032332 -137.379641 -18.750000
v -141.107308 -138.039360 -18.750000
v -141.925781 -138.492627 -18.750000
v -142.746258 -138.903871 -18.750000
v -144.393390 -139.597123 -18.750000
v -146.048926 -140.114750 -18.750000
v -147.713000 -140.454128 -18.750000
v -148.548280 -140.556168 -18.750000
v -148.966737 -140.590136 -18.750000
v -149.385743 -140.612680 -18.750000
v -149.595452 -140.619657 -18.750000
v -149.805298 -140.623762 -18.750000
v -150.015282 -140.624992 -18.750000
v -150.225247 -140.623344 -18.750000
v -150.435074 -140.618822 -18.750000
v -150.644763 -140.611431 -18.750000
v -151.063729 -140.588062 -18.750000
v -151.482147 -140.553275 -18.750000
v -151.900020 -140.507111 -18.750000
v -152.734136 -140.380807 -18.750000
v -154.395909 -139.993401 -18.750000
v -155.485572 -139.641127 -18.750000
v -156.571584 -139.212542 -18.750000
v -157.403784 -138.831877 -18.750000
v -158.233896 -138.407495 -18.750000
v -159.061962 -137.940238 -18.750000
v -159.888025 -137.430946 -18.750000
v -161.534312 -136.289622 -18.750000
v -158.566736 -129.434433 -28.125000
v -157.362574 -131.146420 -28.125000
v -156.756113 -131.910357 -28.125000
v -156.146648 -132.611243 -28.125000
v -155.534113 -133.247815 -28.125000
v -154.918447 -133.818813 -28.125000
v -154.112585 -134.461690 -28.125000
v -153.301244 -134.990101 -28.125000
v -152.058585 -135.571210 -28.125000
v -151.432411 -135.760666 -28.125000
v -151.118102 -135.829912 -28.125000
v -150.802974 -135.882092 -28.125000
v -150.487025 -135.917147 -28.125000
v -150.328742 -135.928233 -28.125000
v -150.170252 -135.935016 -28.125000
v -150.011555 -135.937489 -28.125000
v -149.852829 -135.935644 -28.125000
v -149.694309 -135.929485 -28.125000
v -149.535995 -135.919020 -28.125000
v -149.219987 -135.885203 -28.125000
v -148.904801 -135.834253 -28.125000
v -148.276881 -135.681192 -28.125000
v -147.030771 -135.172125 -28.125000
v -145.797467 -134.395685 -28.125000
v -144.576769 -133.355807 -28.125000
v -143.971052 -132.738941 -28.125000
v -143.368343 -132.059040 -28.125000
v -142.579033 -131.069462 -28.125000
v -141.794693 -129.975461 -28.125000
v -141.015181 -128.779832 -28.125000
v -155.599160 -122.579244 -37.500000
v -154.837123 -124.861893 -37.500000
v -154.450264 -125.880476 -37.500000
v -154.059399 -126.814990 -37.500000
v -153.664443 -127.663753 -37.500000
v -153.265311 -128.425084 -37.500000
v -152.739597 -129.282253 -37.500000
v -152.206580 -129.986802 -37.500000
v -151.383035 -130.761614 -37.500000
v -150.964802 -131.014221 -37.500000
v -150.754057 -131.106550 -37.500000
v -150.542220 -131.176123 -37.500000
v -150.329288 -131.222862 -37.500000
v -150.222410 -131.237644 -37.500000
v -150.115257 -131.246689 -37.500000
v -150.007827 -131.249985 -37.500000
v -149.900359 -131.247525 -37.500000
v -149.793166 -131.239313 -37.500000
v -149.686248 -131.225361 -37.500000
v -149.473237 -131.180271 -37.500000
v -149.261322 -131.112337 -37.500000
v -148.840763 -130.908256 -37.500000
v -148.012615 -130.229499 -37.500000
v -147.201544 -129.194246 -37.500000
v -146.407279 -127.807742 -37.500000
v -146.016324 -126.985254 -37.500000
v -145.629379 -126.078719 -37.500000
v -145.125735 -124.759282 -37.500000
v -144.628718 -123.300614 -37.500000
v -144.138139 -121.706443 -37.500000
v -142.056167 -126.422036 -31.250000
v -142.739368 -127.750512 -31.250000
v -143.427934 -128.966069 -31.250000
v -144.122022 -130.065600 -31.250000
v -144.652809 -130.821045 -31.250000
v -145.186939 -131.506452 -31.250000
v -146.265493 -132.661872 -31.250000
v -147.358052 -133.524583 -31.250000
v -148.464842 -134.090213 -31.250000
v -149.023641 -134.260281 -31.250000
v -149.304404 -134.316893 -31.250000
v -149.586080 -134.354467 -31.250000
v -149.727261 -134.366095 -31.250000
v -149.868672 -134.372937 -31.250000
v -150.010312 -134.374987 -31.250000
v -150.151920 -134.372240 -31.250000
v -150.293298 -134.364704 -31.250000
v -150.434446 -134.352385 -31.250000
v -150.716056 -134.313436 -31.250000
v -150.996754 -134.255458 -31.250000
v -151.276541 -134.178518 -31.250000
v -151.833402 -133.968012 -31.250000
v -152.936356 -133.322335 -31.250000
v -153.654922 -132.735211 -31.250000
v -154.367402 -132.020904 -31.250000
v -154.910890 -131.386461 -31.250000
v -155.450898 -130.679158 -31.250000
v -155.987497 -129.900397 -31.250000
v -156.520757 -129.051577 -31.250000
v -157.577544 -127.149370 -31.250000
v -155.104564 -121.436712 -39.062500
v -154.416214 -123.814472 -39.062500
v -154.065956 -124.875496 -39.062500
v -153.711525 -125.848948 -39.062500
v -153.352832 -126.733076 -39.062500
v -152.989788 -127.526129 -39.062500
v -152.510766 -128.419014 -39.062500
v -152.024136 -129.152919 -39.062500
v -151.270443 -129.960014 -39.062500
v -150.886867 -130.223147 -39.062500
v -150.693383 -130.319323 -39.062500
v -150.498761 -130.391795 -39.062500
v -150.302999 -130.440482 -39.062500
v -150.204688 -130.455880 -39.062500
v -150.106091 -130.465301 -39.062500
v -150.007206 -130.468734 -39.062500
v -149.908281 -130.466172 -39.062500
v -149.809642 -130.457618 -39.062500
v -149.711290 -130.443084 -39.062500
v -149.515445 -130.396116 -39.062500
v -149.320742 -130.325351 -39.062500
v -148.934743 -130.112766 -39.062500
v -148.176256 -129.405729 -39.062500
v -147.435556 -128.327340 -39.062500
v -146.712365 -126.883065 -39.062500
v -146.357202 -126.026306 -39.062500
v -146.006218 -125.081999 -39.062500
v -145.550185 -123.707586 -39.062500
v -145.101055 -122.188140 -39.062500
v -144.658631 -120.527545 -39.062500
v -152.311672 -118.577366 -46.875000
v -152.144415 -119.850595 -46.875000
v -151.972151 -121.018738 -46.875000
v -151.794773 -122.079692 -46.875000
v -151.612175 -123.031355 -46.875000
v -151.366610 -124.102816 -46.875000
v -151.111915 -124.983502 -46.875000
v -150.707484 -125.952017 -46.875000
v -150.497193 -126.267777 -46.875000
v -150.390012 -126.383187 -46.875000
v -150.281466 -126.470154 -46.875000
v -150.171551 -126.528578 -46.875000
v -150.116078 -126.547056 -46.875000
v -150.060261 -126.558361 -46.875000
v -150.004100 -126.562481 -46.875000
v -149.947890 -126.559406 -46.875000
v -149.892023 -126.549142 -46.875000
v -149.836501 -126.531701 -46.875000
v -149.726487 -126.475339 -46.875000
v -149.617843 -126.390421 -46.875000
v -149.404644 -126.135320 -46.875000
v -148.994460 -125.286874 -46.875000
v -148.605620 -123.992808 -46.875000
v -148.237790 -122.259678 -46.875000
v -148.061595 -121.231568 -46.875000
v -147.890414 -120.098399 -46.875000
v -147.672437 -118.449103 -46.875000
v -147.462742 -116.625768 -46.875000
v -147.261096 -114.633054 -46.875000
v -146.220110 -116.990850 -43.750000
v -146.518067 -118.850717 -43.750000
v -146.823536 -120.552496 -43.750000
v -147.136736 -122.091839 -43.750000
v -147.379838 -123.149463 -43.750000
v -147.627620 -124.109033 -43.750000
v -148.137595 -125.726621 -43.750000
v -148.667178 -126.934416 -43.750000
v -149.216684 -127.726298 -43.750000
v -149.499002 -127.964393 -43.750000
v -149.642070 -128.043650 -43.750000
v -149.786417 -128.096254 -43.750000
v -149.859071 -128.112532 -43.750000
v -149.932046 -128.122112 -43.750000
v -150.005342 -128.124982 -43.750000
v -150.078593 -128.121137 -43.750000
v -150.151522 -128.110585 -43.750000
v -150.224130 -128.093339 -43.750000
v -150.368384 -128.038810 -43.750000
v -150.511360 -127.957642 -43.750000
v -150.653063 -127.849925 -43.750000
v -150.932667 -127.555216 -43.750000
v -151.476803 -126.651269 -43.750000
v -151.824272 -125.829295 -43.750000
v -152.163220 -124.829265 -43.750000
v -152.417996 -123.941046 -43.750000
v -152.667901 -122.950822 -43.750000
v -152.913032 -121.860555 -43.750000
v -153.153489 -120.672208 -43.750000
v -153.620776 -118.009118 -43.750000
v -145.573392 -121.075666 -40.625000
v -145.974636 -122.655889 -40.625000
v -146.383057 -124.085279 -40.625000
v -146.698081 -125.067359 -40.625000
v -147.017450 -125.958388 -40.625000
v -147.669569 -127.460434 -40.625000
v -148.339897 -128.581958 -40.625000
v -149.028723 -129.317277 -40.625000
v -149.380162 -129.538365 -40.625000
v -149.557654 -129.611960 -40.625000
v -149.736332 -129.660807 -40.625000
v -149.826118 -129.675923 -40.625000
v -149.916203 -129.684819 -40.625000
v -150.006585 -129.687483 -40.625000
v -150.096925 -129.683913 -40.625000
v -150.186966 -129.674115 -40.625000
v -150.276709 -129.658101 -40.625000
v -150.455302 -129.607467 -40.625000
v -150.632708 -129.532096 -40.625000
v -150.808932 -129.432073 -40.625000
v -151.157851 -129.158415 -40.625000
v -151.841691 -128.319035 -40.625000
v -152.281935 -127.555774 -40.625000
v -152.714266 -126.627175 -40.625000
v -153.041220 -125.802399 -40.625000
v -153.363650 -124.882906 -40.625000
v -153.681648 -123.870516 -40.625000
v -153.995306 -122.767050 -40.625000
v -133.207788 -146.463305 -4.687500
v -134.709631 -146.662577 -4.687500
v -136.212279 -146.844910 -4.687500
v -137.715755 -147.009840 -4.687500
v -138.857873 -147.123157 -4.687500
v -140.000493 -147.225968 -4.687500
v -142.287276 -147.399281 -4.687500
v -144.576160 -147.528687 -4.687500
v -146.867178 -147.613532 -4.687500
v -148.013498 -147.639042 -4.687500
v -148.586862 -147.647534 -4.687500
v -149.160364 -147.653170 -4.687500
v -149.447166 -147.654914 -4.687500
v -149.734003 -147.655941 -4.687500
v -150.020874 -147.656248 -4.687500
v -150.307740 -147.655836 -4.687500
v -150.594572 -147.654706 -4.687500
v -150.881369 -147.652858 -4.687500
v -151.454860 -147.647015 -4.687500
v -152.028215 -147.638319 -4.687500
v -152.601433 -147.626778 -4.687500
v -153.747462 -147.595202 -4.687500
v -156.037905 -147.498350 -4.687500
v -157.545053 -147.410282 -4.687500
v -159.051288 -147.303136 -4.687500
v -160.208289 -147.207969 -4.687500
v -161.364768 -147.101874 -4.687500
v -162.520736 -146.985060 -4.687500
v -163.676202 -146.857737 -4.687500
v -165.985676 -146.572405 -4.687500
v -164.097111 -147.905158 -3.125000
v -162.905044 -147.990040 -3.125000
v -161.712643 -148.067916 -3.125000
v -160.519901 -148.138646 -3.125000
v -159.326811 -148.202090 -3.125000
v -157.773884 -148.273521 -3.125000
v -156.220349 -148.332233 -3.125000
v -153.860054 -148.396801 -3.125000
v -152.679368 -148.417852 -3.125000
v -152.088889 -148.425546 -3.125000
v -151.498319 -148.431344 -3.125000
v -150.907658 -148.435239 -3.125000
v -150.612293 -148.436470 -3.125000
v -150.316906 -148.437224 -3.125000
v -150.021495 -148.437499 -3.125000
v -149.726081 -148.437294 -3.125000
v -149.430690 -148.436609 -3.125000
v -149.135322 -148.435447 -3.125000
v -148.544654 -148.431689 -3.125000
v -147.954078 -148.426028 -3.125000
v -146.773198 -148.409021 -3.125000
v -144.412519 -148.352458 -3.125000
v -142.053263 -148.266187 -3.125000
v -139.695408 -148.150645 -3.125000
v -138.516995 -148.082105 -3.125000
v -137.338916 -148.006560 -3.125000
v -135.787829 -147.896607 -3.125000
v -134.237294 -147.775051 -3.125000
v -129.543027 -141.054366 -3.125000
v -128.061775 -134.498404 -3.125000
v -126.691650 -127.833134 -3.125000
v -125.430243 -121.061202 -3.125000
v -124.627470 -116.360986 -3.125000
v -123.873831 -111.612788 -3.125000
v -123.168549 -106.817461 -3.125000
v -122.510325 -101.976024 -3.125000
v -121.328707 -92.158084 -3.125000
v -120.317263 -82.164640 -3.125000
v -119.566480 -73.328144 -3.125000
v -118.928201 -64.366479 -3.125000
v -118.394664 -55.281582 -3.125000
v -117.958887 -46.073121 -3.125000
v -117.413020 -29.747424 -3.125000
v -117.110945 -13.032875 -3.125000
v -117.030835 0.829212 -3.125000
v -117.091838 14.985977 -3.125000
v -117.297952 29.454932 -3.125000
v -117.658059 44.247844 -3.125000
v -118.208803 59.607795 -3.125000
v -118.976833 75.270163 -3.125000
v -119.995153 91.213422 -3.125000
v -121.307930 107.402104 -3.125000
v -123.067507 124.725680 -3.125000
v -125.265395 142.230795 -3.125000
v -126.546306 151.036620 -3.125000
v -127.957915 159.870057 -3.125000
v -129.507357 168.725041 -3.125000
v -131.201531 177.595498 -3.125000
v -132.999901 186.262075 -3.125000
v -134.946932 194.934206 -3.125000
v -137.047934 203.607403 -3.125000
v -139.308160 212.277240 -3.125000
v -141.731221 220.940718 -3.125000
v -144.319385 229.595956 -3.125000
v -147.074897 238.241094 -3.125000
v -132.011459 -136.326825 -9.375000
v -130.710849 -129.998216 -9.375000
v -129.509291 -123.516510 -9.375000
v -128.404455 -116.888923 -9.375000
v -127.702078 -112.267328 -9.375000
v -127.043266 -107.582954 -9.375000
v -126.427268 -102.838122 -9.375000
v -125.852872 -98.035484 -9.375000
v -124.823067 -88.266551 -9.375000
v -123.943083 -78.294375 -9.375000
v -123.290876 -69.463510 -9.375000
v -122.737085 -60.504124 -9.375000
v -122.274639 -51.425833 -9.375000
v -121.897231 -42.235006 -9.375000
v -121.424600 -25.985976 -9.375000
v -121.162494 -9.431747 -9.375000
v -121.092055 4.223620 -9.375000
v -121.143274 18.095045 -9.375000
v -121.319959 32.195995 -9.375000
v -121.630256 46.536613 -9.375000
v -122.106640 61.356602 -9.375000
v -122.773057 76.406468 -9.375000
v -123.658960 91.673669 -9.375000
v -124.803641 107.136567 -9.375000
v -126.340974 123.656524 -9.375000
v -128.264535 140.337963 -9.375000
v -129.386783 148.730112 -9.375000
v -130.624345 157.151679 -9.375000
v -131.983557 165.598911 -9.375000
v -133.470529 174.067988 -9.375000
v -135.049701 182.350794 -9.375000
v -136.760139 190.648692 -9.375000
v -138.606550 198.958892 -9.375000
v -140.593589 207.278642 -9.375000
v -142.724452 215.606077 -9.375000
v -145.001151 223.940022 -9.375000
v -147.425671 232.279320 -9.375000
v -147.250284 235.260207 -6.250000
v -144.660268 226.767989 -6.250000
v -142.227837 218.273397 -6.250000
v -139.950875 209.777941 -6.250000
v -137.827242 201.283147 -6.250000
v -135.853536 192.791449 -6.250000
v -134.024801 184.306435 -6.250000
v -132.336030 175.831743 -6.250000
v -130.745457 167.161976 -6.250000
v -129.291130 158.510868 -6.250000
v -127.966545 149.883366 -6.250000
v -126.764965 141.284379 -6.250000
v -124.704240 124.191102 -6.250000
v -123.055786 107.269336 -6.250000
v -121.827057 91.443546 -6.250000
v -120.874945 75.838315 -6.250000
v -120.157722 60.482198 -6.250000
v -119.644157 45.392229 -6.250000
v -119.308955 30.825464 -6.250000
v -119.117556 16.540511 -6.250000
v -119.061445 2.526416 -6.250000
v -119.136720 -11.232311 -6.250000
v -119.418810 -27.866700 -6.250000
v -119.928059 -44.154063 -6.250000
v -120.334652 -53.353707 -6.250000
v -120.832643 -62.435302 -6.250000
v -121.428678 -71.395827 -6.250000
v -122.130173 -80.229507 -6.250000
v -123.075887 -90.212318 -6.250000
v -124.181598 -100.005754 -6.250000
v -124.797908 -104.827792 -6.250000
v -125.458549 -109.597871 -6.250000
v -126.164774 -114.314157 -6.250000
v -126.917349 -118.975062 -6.250000
v -128.100470 -125.674822 -6.250000
v -129.386312 -132.248310 -6.250000
v -130.777243 -138.690596 -6.250000
v -135.714108 -129.235513 -18.750000
v -134.684460 -123.247932 -18.750000
v -133.735752 -117.041573 -18.750000
v -132.865773 -110.630504 -18.750000
v -132.313989 -106.126841 -18.750000
v -131.797418 -101.538202 -18.750000
v -131.315346 -96.869114 -18.750000
v -130.866693 -92.124673 -18.750000
v -130.064606 -82.429252 -18.750000
v -129.381813 -72.488978 -18.750000
v -128.877471 -63.666557 -18.750000
v -128.450411 -54.710590 -18.750000
v -128.094603 -45.642209 -18.750000
v -127.804746 -36.477833 -18.750000
v -127.441970 -20.343803 -18.750000
v -127.239818 -4.030056 -18.750000
v -127.183886 9.315232 -18.750000
v -127.220427 22.758647 -18.750000
v -127.352969 36.307590 -18.750000
v -127.588551 49.969766 -18.750000
v -127.953397 63.979812 -18.750000
v -128.467394 78.110925 -18.750000
v -129.154670 92.364039 -18.750000
v -130.047209 106.738262 -18.750000
v -131.251174 122.052790 -18.750000
v -132.763244 137.498716 -18.750000
v -133.647497 145.270351 -18.750000
v -134.623990 153.074113 -18.750000
v -135.697857 160.909716 -18.750000
v -136.874024 168.776723 -18.750000
v -138.124401 176.483873 -18.750000
v -139.479950 184.220421 -18.750000
v -140.944474 191.986125 -18.750000
v -142.521731 199.780745 -18.750000
v -144.214300 207.604114 -18.750000
v -146.023799 215.456121 -18.750000
v -147.951832 223.336660 -18.750000
v -147.601058 229.298434 -12.500000
v -145.342033 221.112055 -12.500000
v -143.221068 212.938756 -12.500000
v -141.236303 204.779343 -12.500000
v -139.385858 196.634636 -12.500000
v -137.666743 188.505935 -12.500000
v -136.074601 180.395154 -12.500000
v -134.605027 172.304233 -12.500000
v -133.221657 164.035846 -12.500000
v -131.957560 155.792490 -12.500000
v -130.807021 147.576858 -12.500000
v -129.764105 139.391548 -12.500000
v -127.977707 123.121946 -12.500000
v -126.551497 107.003799 -12.500000
v -125.490863 91.903792 -12.500000
v -124.671170 76.974620 -12.500000
v -124.055559 62.231005 -12.500000
v -123.616354 47.680997 -12.500000
v -123.330962 33.566527 -12.500000
v -123.168991 19.649579 -12.500000
v -123.122665 5.920824 -12.500000
v -123.188269 -7.631183 -12.500000
v -123.430390 -24.105251 -12.500000
v -123.866403 -40.315948 -12.500000
v -124.214627 -49.497958 -12.500000
v -124.641527 -58.572946 -12.500000
v -125.153075 -67.531192 -12.500000
v -125.755993 -76.359242 -12.500000
v -126.570246 -86.320785 -12.500000
v -127.524146 -96.065213 -12.500000
v -128.056627 -100.848453 -12.500000
v -128.627983 -105.568036 -12.500000
v -129.239382 -110.220499 -12.500000
v -129.891561 -114.802783 -12.500000
v -130.918111 -121.358198 -12.500000
v -132.035386 -127.748121 -12.500000
v -133.245676 -133.963054 -12.500000
v -138.182540 -124.507972 -25.000000
v -137.333535 -118.747743 -25.000000
v -136.553393 -112.724949 -25.000000
v -135.839985 -106.458225 -25.000000
v -135.388597 -102.033183 -25.000000
v -134.966853 -97.508367 -25.000000
v -134.574065 -92.889776 -25.000000
v -134.209241 -88.184133 -25.000000
v -133.558966 -78.537720 -25.000000
v -133.007633 -68.618713 -25.000000
v -132.601868 -59.801923 -25.000000
v -132.259295 -50.848234 -25.000000
v -131.974579 -41.786460 -25.000000
v -131.743090 -32.639717 -25.000000
v -131.453550 -16.582355 -25.000000
v -131.291367 -0.428928 -25.000000
v -131.245106 12.709640 -25.000000
v -131.271863 25.867714 -25.000000
v -131.374975 39.048654 -25.000000
v -131.560748 52.258535 -25.000000
v -131.851235 65.728619 -25.000000
v -132.263619 79.247230 -25.000000
v -132.818477 92.824286 -25.000000
v -133.542921 106.472725 -25.000000
v -134.524641 120.983635 -25.000000
v -135.762384 135.605885 -25.000000
v -136.487973 142.963844 -25.000000
v -137.290421 150.355735 -25.000000
v -138.174057 157.783586 -25.000000
v -139.143021 165.249213 -25.000000
v -140.174201 172.572592 -25.000000
v -141.293158 179.934907 -25.000000
v -142.503090 187.337613 -25.000000
v -143.807160 194.782147 -25.000000
v -145.207531 202.269472 -25.000000
v -146.705565 209.800187 -25.000000
v -148.302606 217.374887 -25.000000
v -139.416756 -122.144201 -28.125000
v -138.658072 -116.497649 -28.125000
v -137.962214 -110.566637 -28.125000
v -137.327091 -104.372085 -28.125000
v -136.925901 -99.986354 -28.125000
v -136.551570 -95.493450 -28.125000
v -136.203425 -90.900106 -28.125000
v -135.880515 -86.213862 -28.125000
v -135.306146 -76.591954 -28.125000
v -134.820543 -66.683580 -28.125000
v -134.464066 -57.869605 -28.125000
v -134.163737 -48.917056 -28.125000
v -133.914566 -39.858585 -28.125000
v -133.712262 -30.720659 -28.125000
v -133.459340 -14.701631 -28.125000
v -133.317141 1.371635 -28.125000
v -133.275716 14.406844 -28.125000
v -133.297580 27.422248 -28.125000
v -133.385979 40.419185 -28.125000
v -133.546847 53.402919 -28.125000
v -133.800154 66.603022 -28.125000
v -134.161731 79.815383 -28.125000
v -134.650380 93.054409 -28.125000
v -135.290777 106.339957 -28.125000
v -136.161375 120.449057 -28.125000
v -137.261953 134.659469 -28.125000
v -137.908211 141.810590 -28.125000
v -138.623636 148.996546 -28.125000
v -139.412157 156.220521 -28.125000
v -140.277520 163.485458 -28.125000
v -141.199101 170.616952 -28.125000
v -142.199761 177.792150 -28.125000
v -143.282398 185.013357 -28.125000
v -144.449874 192.282848 -28.125000
v -145.704147 199.602151 -28.125000
v -147.046448 206.972221 -28.125000
v -148.477993 214.394000 -28.125000
v -143.119404 -115.052889 -37.500000
v -142.631683 -109.747366 -37.500000
v -142.188675 -104.091700 -37.500000
v -141.788410 -98.113666 -37.500000
v -141.537813 -93.845867 -37.500000
v -141.305722 -89.448698 -37.500000
v -141.091503 -84.931098 -37.500000
v -140.894336 -80.303052 -37.500000
v -140.547685 -70.754655 -37.500000
v -140.259272 -60.878183 -37.500000
v -140.050660 -52.072653 -37.500000
v -139.877063 -43.123523 -37.500000
v -139.734530 -34.074961 -37.500000
v -139.619778 -24.963486 -37.500000
v -139.476710 -9.059458 -37.500000
v -139.394465 6.773327 -37.500000
v -139.367547 19.498456 -37.500000
v -139.374734 32.085850 -37.500000
v -139.418989 44.530780 -37.500000
v -139.505142 56.836072 -37.500000
v -139.646910 69.226232 -37.500000
v -139.856068 81.519840 -37.500000
v -140.146090 93.744779 -37.500000
v -140.534344 105.941652 -37.500000
v -141.071575 118.845323 -37.500000
v -141.760662 131.820222 -37.500000
v -142.168926 138.350829 -37.500000
v -142.623281 144.918980 -37.500000
v -143.126458 151.531326 -37.500000
v -143.681016 158.194193 -37.500000
v -144.273801 164.750031 -37.500000
v -144.919572 171.363879 -37.500000
v -145.620322 178.040590 -37.500000
v -146.378017 184.784951 -37.500000
v -147.193994 191.600188 -37.500000
v -148.069096 198.488320 -37.500000
v -149.004154 205.451340 -37.500000
v -148.653380 211.413113 -31.250000
v -147.387331 204.144254 -31.250000
v -146.200763 196.934830 -31.250000
v -145.092588 189.783549 -31.250000
v -144.061706 182.689102 -31.250000
v -143.106365 175.649393 -31.250000
v -142.224001 168.661312 -31.250000
v -141.412019 161.721703 -31.250000
v -140.650258 154.657456 -31.250000
v -139.956851 147.637358 -31.250000
v -139.328449 140.657336 -31.250000
v -138.761523 133.713053 -31.250000
v -137.798108 119.914479 -31.250000
v -137.038633 106.207188 -31.250000
v -136.482283 93.284533 -31.250000
v -136.059844 80.383535 -31.250000
v -135.749073 67.477425 -31.250000
v -135.532945 54.547303 -31.250000
v -135.396982 41.789717 -31.250000
v -135.323298 28.976782 -31.250000
v -135.306326 16.104048 -31.250000
v -135.342916 3.172199 -31.250000
v -135.465130 -12.820907 -31.250000
v -135.681434 -28.801602 -31.250000
v -135.854554 -37.930710 -31.250000
v -136.068179 -46.985879 -31.250000
v -136.326264 -55.937288 -31.250000
v -136.633453 -64.748448 -31.250000
v -137.053326 -74.646187 -31.250000
v -137.551788 -84.243592 -31.250000
v -137.832784 -88.910437 -31.250000
v -138.136287 -93.478532 -31.250000
v -138.463205 -97.939525 -31.250000
v -138.814198 -102.285945 -31.250000
v -139.371034 -108.408324 -31.250000
v -139.982609 -114.247554 -31.250000
v -140.650972 -119.780430 -31.250000
v -145.587836 -110.325347 -43.750000
v -145.280757 -105.247177 -43.750000
v -145.006316 -99.775075 -43.750000
v -144.762622 -93.941387 -43.750000
v -144.612420 -89.752209 -43.750000
v -144.475157 -85.418863 -43.750000
v -144.350222 -80.951760 -43.750000
v -144.236883 -76.362511 -43.750000
v -144.042045 -66.863122 -43.750000
v -143.885092 -57.007918 -43.750000
v -143.775057 -48.208019 -43.750000
v -143.685947 -39.261167 -43.750000
v -143.614506 -30.219212 -43.750000
v -143.558122 -21.125371 -43.750000
v -143.488290 -5.298010 -43.750000
v -143.446013 10.374454 -43.750000
v -143.428767 22.892864 -43.750000
v -143.426170 35.194918 -43.750000
v -143.440996 47.271843 -43.750000
v -143.477339 59.124841 -43.750000
v -143.544748 70.975039 -43.750000
v -143.652293 82.656145 -43.750000
v -143.809897 94.205026 -43.750000
v -144.030056 105.676115 -43.750000
v -144.345042 117.776168 -43.750000
v -144.759802 129.927390 -43.750000
v -145.009402 136.044322 -43.750000
v -145.289711 142.200603 -43.750000
v -145.602658 148.405196 -43.750000
v -145.950013 154.666683 -43.750000
v -146.323601 160.838750 -43.750000
v -146.732780 167.078365 -43.750000
v -147.178938 173.392079 -43.750000
v -147.663445 179.786353 -43.750000
v -148.187226 186.265546 -43.750000
v -148.750862 192.832386 -43.750000
v -149.354928 199.489566 -43.750000
vt 0.000086 38.281682 0.000000
vt 0.707107 38.991282 0.000000
vt 0.000019 39.434116 0.000000
vt 1.414214 39.183329 0.000000
vt 0.874014 40.065618 0.000000
vt 1.061215 40.198636 0.000000
vt 1.216961 40.308702 0.000000
vt 1.336281 40.392663 0.000000
vt 1.414214 40.447333 0.000000
vt 0.707107 37.535231 0.000000
vt 0.000098 37.129248 0.000000
vt 0.707107 36.574204 0.000000
vt 0.000075 35.976811 0.000000
vt 0.707107 35.613177 0.000000
vt 0.000038 34.824368 0.000000
vt 0.707107 34.652151 0.000000
vt 0.000007 33.671925 0.000000
vt 0.707107 33.691124 0.000000
vt 0.707107 32.730098 0.000000
vt 1.414214 32.863457 0.000000
vt 0.707107 31.769071 0.000000
vt 1.414202 31.599418 0.000000
vt 0.707107 30.808045 0.000000
vt 1.414195 30.335408 0.000000
vt 0.707107 29.847018 0.000000
vt 1.414207 29.071490 0.000000
vt 0.707107 28.812630 0.000000
vt 1.414205 27.807527 0.000000
vt 0.707107 27.778241 0.000000
vt 0.707107 26.743853 0.000000
vt 0.000000 26.757297 0.000000
vt 0.707107 25.709464 0.000000
vt 0.000000 25.604859 0.000000
vt 0.707107 24.675076 0.000000
vt 0.000000 24.452422 0.000000
vt 0.707107 23.640688 0.000000
vt 0.000000 23.299984 0.000000
vt 0.707107 22.606299 0.000000
vt 0.000000 22.147546 0.000000
vt 0.707107 21.571911 0.000000
vt 0.000000 20.995109 0.000000
vt 0.707107 20.223666 0.000000
vt 0.000000 19.842671 0.000000
vt 0.707107 18.875422 0.000000
vt 0.000000 18.690233 0.000000
vt 0.707107 17.695785 0.000000
vt 0.000000 17.537796 0.000000
vt 0.707107 16.515994 0.000000
vt 0.000000 16.385358 0.000000
vt 0.707107 15.336280 0.000000
vt 0.000000 15.232920 0.000000
vt 0.707107 14.156566 0.000000
vt 0.000000 14.080483 0.000000
vt 0.000000 12.928045 0.000000
vt 0.000000 32.519486 0.000000
vt 0.000000 31.367048 0.000000
vt 0.000000 30.214610 0.000000
vt 0.000000 29.062173 0.000000
vt 0.000000 27.909735 0.000000
vt 0.707107 12.808322 0.000000
vt 0.000000 11.775607 0.000000
vt 0.707107 11.460078 0.000000
vt 0.000000 10.623169 0.000000
vt 0.707107 10.111833 0.000000
vt 0.000000 9.470732 0.000000
vt 0.707107 8.763589 0.000000
vt 0.000000 8.318294 0.000000
vt 0.707107 7.687984 0.000000
vt 0.000000 7.165856 0.000000
vt 0.707107 6.612379 0.000000
vt 0.000000 6.013419 0.000000
vt 0.707107 5.785832 0.000000
vt 0.000000 4.860981 0.000000
vt 0.707107 4.959284 0.000000
vt 0.707107 4.132737 0.000000
vt 1.414214 5.055856 0.000000
vt 1.414214 3.791936 0.000000
vt 0.707107 3.306190 0.000000
vt 1.414214 2.527914 0.000000
vt 0.707107 2.479642 0.000000
vt 0.707107 1.653095 0.000000
vt 0.000065 2.556048 0.000000
vt 0.692724 1.225813 0.000000
vt 0.000000 3.708543 0.000000
vt 1.414214 1.263931 0.000000
vt 1.055424 0.592024 0.000000
vt 1.414214 0.000000 0.000000
vt 1.414214 6.319821 0.000000
vt 1.414214 7.583862 0.000000
vt 1.414214 8.847853 0.000000
vt 1.414214 10.111833 0.000000
vt 1.414148 11.375906 0.000000
vt 1.414061 12.640016 0.000000
vt 1.414063 13.903998 0.000000
vt 1.414158 15.167836 0.000000
vt 1.414209 16.431738 0.000000
vt 1.414135 17.695862 0.000000
vt 1.414145 18.959829 0.000000
vt 1.414214 20.223666 0.000000
vt 1.414144 21.487740 0.000000
vt 1.414134 22.751720 0.000000
vt 1.414209 24.015609 0.000000
vt 1.414187 25.279542 0.000000
vt 1.414169 26.543491 0.000000
vt 1.414214 34.127375 0.000000
vt 1.414214 35.391257 0.000000
vt 1.414214 36.655205 0.000000
vt 1.414214 37.919247 0.000000
vt 0.000000 -3.708795 0.000000
vt 0.353553 -3.539382 0.000000
vt 0.000065 -2.556222 0.000000
vt 0.353553 -2.359588 0.000000
vt 0.692724 -1.225896 0.000000
vt 0.707107 -2.359588 0.000000
vt 0.883883 -2.359588 0.000000
vt 0.883883 -3.539382 0.000000
vt 1.060660 -3.539382 0.000000
vt 1.060660 -4.719176 0.000000
vt 1.414214 -3.792194 0.000000
vt 1.414214 -5.056199 0.000000
vt 1.060660 -5.898970 0.000000
vt 1.414214 -6.320250 0.000000
vt 1.060660 -7.078764 0.000000
vt 1.414214 -7.584377 0.000000
vt 1.060660 -8.258558 0.000000
vt 1.414214 -8.848454 0.000000
vt 1.060660 -9.438352 0.000000
vt 1.414214 -10.112520 0.000000
vt 1.060660 -10.619582 0.000000
vt 1.414148 -11.376679 0.000000
vt 1.060660 -11.797940 0.000000
vt 1.414061 -12.640875 0.000000
vt 1.060660 -12.977734 0.000000
vt 1.414063 -13.904943 0.000000
vt 1.060660 -14.157528 0.000000
vt 1.414158 -15.168867 0.000000
vt 1.060660 -15.337322 0.000000
vt 1.414209 -16.432854 0.000000
vt 1.060660 -16.517116 0.000000
vt 1.414135 -17.697064 0.000000
vt 1.060660 -17.697026 0.000000
vt 1.060660 -18.876705 0.000000
vt 0.883883 -18.876705 0.000000
vt 1.060660 -20.225041 0.000000
vt 0.883883 -20.225041 0.000000
vt 1.060660 -21.573377 0.000000
vt 0.883883 -21.573377 0.000000
vt 1.060660 -22.584629 0.000000
vt 0.883883 -22.584629 0.000000
vt 1.060660 -23.595881 0.000000
vt 0.883883 -23.595881 0.000000
vt 1.060660 -24.607133 0.000000
vt 0.883883 -24.607133 0.000000
vt 0.883883 -25.613965 0.000000
vt 0.707107 -25.612492 0.000000
vt 0.707107 -27.059548 0.000000
vt 0.353553 -27.059548 0.000000
vt 0.707107 -28.500710 0.000000
vt 0.353553 -28.500710 0.000000
vt 0.707107 -29.941873 0.000000
vt 0.353553 -29.941873 0.000000
vt 0.707107 -31.383036 0.000000
vt 0.353553 -31.383036 0.000000
vt 0.707107 -32.921722 0.000000
vt 0.353553 -32.921722 0.000000
vt 0.707107 -34.460409 0.000000
vt 0.353553 -34.460409 0.000000
vt 0.707107 -35.999095 0.000000
vt 0.353553 -35.999095 0.000000
vt 0.707107 -37.537781 0.000000
vt 0.353553 -37.537781 0.000000
vt 0.707107 -38.993931 0.000000
vt 0.353553 -38.993931 0.000000
vt 1.414214 -40.450081 0.000000
vt 0.000019 -39.436796 0.000000
vt 0.000086 -38.284284 0.000000
vt 0.000098 -37.131771 0.000000
vt 0.000075 -35.979255 0.000000
vt 0.000038 -34.826735 0.000000
vt 0.000007 -33.674213 0.000000
vt 0.000000 -32.521695 0.000000
vt 0.000000 -31.369179 0.000000
vt 0.000000 -30.216663 0.000000
vt 0.000000 -29.064147 0.000000
vt 0.000000 -27.911631 0.000000
vt 0.000000 -26.759115 0.000000
vt 0.353553 -25.609546 0.000000
vt 0.000000 -25.606599 0.000000
vt 0.353553 -24.607133 0.000000
vt 0.000000 -24.454083 0.000000
vt 0.353553 -23.595881 0.000000
vt 0.000000 -23.301567 0.000000
vt 0.353553 -22.584629 0.000000
vt 0.000000 -22.149051 0.000000
vt 0.353553 -21.573377 0.000000
vt 0.000000 -20.996535 0.000000
vt 0.353553 -20.225041 0.000000
vt 0.000000 -19.844019 0.000000
vt 0.353553 -18.876705 0.000000
vt 0.000000 -18.691503 0.000000
vt 0.353553 -17.696949 0.000000
vt 0.000000 -17.538987 0.000000
vt 0.353553 -16.517116 0.000000
vt 0.000000 -16.386471 0.000000
vt 0.353553 -15.337322 0.000000
vt 0.000000 -15.233955 0.000000
vt 0.353553 -14.157528 0.000000
vt 0.000000 -14.081439 0.000000
vt 0.353553 -12.977734 0.000000
vt 0.000000 -12.928923 0.000000
vt 0.353553 -11.797940 0.000000
vt 0.000000 -11.776407 0.000000
vt 0.353553 -10.622455 0.000000
vt 0.000000 -10.623891 0.000000
vt 0.000000 -9.471375 0.000000
vt 0.353553 -9.438352 0.000000
vt 0.000000 -8.318859 0.000000
vt 0.353553 -8.258558 0.000000
vt 0.000000 -7.166343 0.000000
vt 0.353553 -7.078764 0.000000
vt 0.000000 -6.013827 0.000000
vt 0.353553 -5.898970 0.000000
vt 0.000000 -4.861311 0.000000
vt 0.353553 -4.719176 0.000000
vt 1.414214 -39.185992 0.000000
vt 1.060660 -38.993931 0.000000
vt 0.883883 -38.993931 0.000000
vt 1.414214 -37.921823 0.000000
vt 1.060660 -37.537781 0.000000
vt 0.883883 -37.537781 0.000000
vt 0.883883 -35.999095 0.000000
vt 1.414214 -36.657696 0.000000
vt 1.060660 -35.999095 0.000000
vt 0.883883 -34.460409 0.000000
vt 1.414214 -35.393662 0.000000
vt 1.060660 -34.460409 0.000000
vt 0.883883 -32.921722 0.000000
vt 1.414214 -34.129694 0.000000
vt 1.060660 -32.921722 0.000000
vt 0.883883 -31.383036 0.000000
vt 1.414214 -32.865691 0.000000
vt 1.414202 -31.601565 0.000000
vt 1.060660 -31.383036 0.000000
vt 1.414195 -30.337469 0.000000
vt 1.060660 -29.941873 0.000000
vt 1.414207 -29.073466 0.000000
vt 1.060660 -28.500710 0.000000
vt 1.414205 -27.809417 0.000000
vt 1.060660 -27.059548 0.000000
vt 1.414169 -26.545295 0.000000
vt 1.060660 -25.615439 0.000000
vt 1.414187 -25.281260 0.000000
vt 1.414209 -24.017241 0.000000
vt 1.414134 -22.753266 0.000000
vt 1.414144 -21.489200 0.000000
vt 1.414214 -20.225041 0.000000
vt 1.414145 -18.961117 0.000000
vt 1.414214 -2.528086 0.000000
vt 1.060660 -2.359588 0.000000
vt 0.883883 -1.179794 0.000000
vt 1.055424 -0.592065 0.000000
vt 1.060660 -1.179794 0.000000
vt 1.414214 -1.264017 0.000000
vt 1.414214 0.000000 0.000000
vt 0.707107 -3.539382 0.000000
vt 0.707107 -4.719176 0.000000
vt 0.707107 -5.898970 0.000000
vt 0.707107 -7.078764 0.000000
vt 0.707107 -8.258558 0.000000
vt 0.707107 -9.438352 0.000000
vt 0.707107 -10.621019 0.000000
vt 0.707107 -11.797940 0.000000
vt 0.707107 -12.977734 0.000000
vt 0.707107 -14.157528 0.000000
vt 0.707107 -15.337322 0.000000
vt 0.707107 -16.517116 0.000000
vt 0.883883 -4.719176 0.000000
vt 0.883883 -5.898970 0.000000
vt 0.883883 -7.078764 0.000000
vt 0.883883 -8.258558 0.000000
vt 0.883883 -9.438352 0.000000
vt 0.883883 -10.620301 0.000000
vt 0.883883 -11.797940 0.000000
vt 0.883883 -12.977734 0.000000
vt 0.883883 -14.157528 0.000000
vt 0.883883 -15.337322 0.000000
vt 0.883883 -16.517116 0.000000
vt 0.707107 -17.696987 0.000000
vt 0.883883 -17.697007 0.000000
vt 0.707107 -18.876705 0.000000
vt 0.707107 -20.225041 0.000000
vt 0.707107 -21.573377 0.000000
vt 0.707107 -22.584629 0.000000
vt 0.707107 -23.595881 0.000000
vt 0.707107 -24.607133 0.000000
vt 0.883883 -27.059548 0.000000
vt 0.883883 -28.500710 0.000000
vt 0.883883 -29.941873 0.000000
vt -1.000000 -0.707107 0.000000
vt 1.000000 -0.707107 0.000000
vt -0.957692 -0.629170 0.000000
vt -0.892801 -0.509846 0.000000
vt -0.807897 -0.354103 0.000000
vt -0.705546 -0.166907 0.000000
vt 2.223330 0.707107 0.000000
vt -0.223330 0.707107 0.000000
vt 3.000000 -0.707107 0.000000
vt 0.000000 19.077454 0.000000
vt -0.361936 17.783003 0.000000
vt 0.361936 17.783003 0.000000
vt 0.687106 16.485494 0.000000
vt -0.687106 16.485494 0.000000
vt 0.977189 15.186291 0.000000
vt -0.977189 15.186291 0.000000
vt 1.234055 13.887033 0.000000
vt -1.234055 13.887033 0.000000
vt 1.459578 12.589364 0.000000
vt -1.459578 12.589364 0.000000
vt 1.655862 11.295273 0.000000
vt -1.655862 11.295273 0.000000
vt 1.825189 10.007038 0.000000
vt -1.825189 10.007038 0.000000
vt 1.969889 8.727009 0.000000
vt -1.969889 8.727009 0.000000
vt 2.092129 7.457348 0.000000
vt -2.092129 7.457348 0.000000
vt 2.194042 6.200176 0.000000
vt -2.194042 6.200176 0.000000
vt 2.277766 4.957614 0.000000
vt -2.277766 4.957614 0.000000
vt 2.345436 3.731786 0.000000
vt -2.345436 3.731786 0.000000
vt 2.398984 2.524582 0.000000
vt -2.398984 2.524582 0.000000
vt 2.439832 1.337236 0.000000
vt -2.439832 1.337236 0.000000
vt 2.469320 0.170864 0.000000
vt -2.469320 0.170864 0.000000
vt 2.488730 -0.973521 0.000000
vt -2.488730 -0.973521 0.000000
vt 2.498649 -2.095978 0.000000
vt -2.498649 -2.095978 0.000000
vt 2.499205 -3.197192 0.000000
vt 2.490516 -4.277858 0.000000
vt 2.472404 -5.338911 0.000000
vt 2.444206 -6.381179 0.000000
vt 2.405227 -7.405357 0.000000
vt 2.354737 -8.412115 0.000000
vt 2.291790 -9.401838 0.000000
vt 2.215388 -10.374721 0.000000
vt 2.124538 -11.330953 0.000000
vt 2.018193 -12.270682 0.000000
vt 1.895297 -13.193906 0.000000
vt 1.755096 -14.100704 0.000000
vt -2.499205 -3.197192 0.000000
vt -2.490516 -4.277858 0.000000
vt -2.472404 -5.338911 0.000000
vt -2.444206 -6.381179 0.000000
vt -2.405227 -7.405357 0.000000
vt -2.354737 -8.412115 0.000000
vt -2.291790 -9.401838 0.000000
vt -2.215388 -10.374721 0.000000
vt -2.124538 -11.330953 0.000000
vt -2.018193 -12.270682 0.000000
vt -1.895297 -13.193906 0.000000
vt -1.755096 -14.100704 0.000000
vt 1.596856 -14.991165 0.000000
vt -1.596856 -14.991165 0.000000
vt 1.419845 -15.865379 0.000000
vt -1.419845 -15.865379 0.000000
vt 1.223330 -16.723433 0.000000
vt -1.223330 -16.723433 0.000000
vt 0.164435 -14.962188 0.000000
vt 0.179492 -14.619622 0.000000
vt 0.249623 -8.464063 0.000000
vt 0.190489 -14.308149 0.000000
vt 0.200293 -13.971400 0.000000
vt 0.208968 -13.610657 0.000000
vt 0.216579 -13.227256 0.000000
vt 0.223196 -12.822582 0.000000
vt 0.228887 -12.398057 0.000000
vt 0.233724 -11.955132 0.000000
vt 0.237778 -11.495281 0.000000
vt 0.241120 -11.019991 0.000000
vt 0.243823 -10.530754 0.000000
vt 0.247588 -9.516410 0.000000
vt 0.250448 -7.385161 0.000000
vt 0.147426 -15.263640 0.000000
vt 0.128378 -15.522247 0.000000
vt 0.250293 -5.189942 0.000000
vt 0.107203 -15.736282 0.000000
vt 0.083821 -15.904122 0.000000
vt 0.250026 -3.003941 0.000000
vt 0.058182 -16.024841 0.000000
vt 0.044506 -16.067319 0.000000
vt 0.250366 -1.931165 0.000000
vt 0.030253 -16.097765 0.000000
vt 0.022909 -16.108449 0.000000
vt 0.015419 -16.116094 0.000000
vt 0.011619 -16.118773 0.000000
vt 0.251100 -0.877740 0.000000
vt 0.007783 -16.120688 0.000000
vt 0.003910 -16.121839 0.000000
vt -0.000000 -16.122222 0.000000
vt -0.251100 -0.877740 0.000000
vt -0.003910 -16.121838 0.000000
vt -0.007783 -16.120688 0.000000
vt -0.011619 -16.118772 0.000000
vt -0.250366 -1.931165 0.000000
vt -0.015419 -16.116092 0.000000
vt -0.022909 -16.108445 0.000000
vt -0.030253 -16.097757 0.000000
vt -0.044505 -16.067305 0.000000
vt -0.250026 -3.003941 0.000000
vt -0.058181 -16.024821 0.000000
vt -0.083819 -15.904100 0.000000
vt -0.250293 -5.189942 0.000000
vt -0.107203 -15.736282 0.000000
vt -0.128379 -15.522264 0.000000
vt -0.250448 -7.385161 0.000000
vt -0.147427 -15.263654 0.000000
vt -0.164435 -14.962193 0.000000
vt -0.249623 -8.464063 0.000000
vt -0.179492 -14.619622 0.000000
vt -0.190489 -14.308149 0.000000
vt -0.200293 -13.971400 0.000000
vt -0.208968 -13.610657 0.000000
vt -0.216579 -13.227256 0.000000
vt -0.223196 -12.822582 0.000000
vt -0.228887 -12.398057 0.000000
vt -0.233724 -11.955132 0.000000
vt -0.237778 -11.495281 0.000000
vt -0.241120 -11.019991 0.000000
vt -0.243823 -10.530754 0.000000
vt -0.247588 -9.516410 0.000000
vt 0.252169 0.153861 0.000000
vt 0.124562 13.302068 0.000000
vt 0.088606 14.299043 0.000000
vt -0.088606 14.299043 0.000000
vt -0.047134 15.323372 0.000000
vt 0.047134 15.323372 0.000000
vt -0.000000 16.376610 0.000000
vt 0.155231 12.330030 0.000000
vt 0.253423 1.162612 0.000000
vt 0.180906 11.379797 0.000000
vt 0.254631 2.148753 0.000000
vt 0.255502 3.113585 0.000000
vt 0.201941 10.447666 0.000000
vt 0.255687 4.059282 0.000000
vt 0.254799 4.988743 0.000000
vt 0.248084 6.813450 0.000000
vt 0.231714 8.620831 0.000000
vt -0.124562 13.302068 0.000000
vt -0.252169 0.153861 0.000000
vt -0.155231 12.330030 0.000000
vt -0.253423 1.162612 0.000000
vt -0.180906 11.379797 0.000000
vt -0.254631 2.148753 0.000000
vt -0.255502 3.113585 0.000000
vt -0.201941 10.447666 0.000000
vt -0.255687 4.059282 0.000000
vt -0.254799 4.988743 0.000000
vt -0.231714 8.620831 0.000000
vt -0.248084 6.813450 0.000000
vt -35.119236 0.000000 0.000000
vt -35.547301 0.198788 0.000000
vt -36.252129 0.000000 0.000000
vt -35.547301 0.397577 0.000000
vt -36.252129 0.795154 0.000000
vt -35.547301 0.596365 0.000000
vt -35.547301 0.795154 0.000000
vt -34.842473 0.596365 0.000000
vt -34.842473 0.795154 0.000000
vt -34.137645 0.596365 0.000000
vt -34.137645 0.795154 0.000000
vt -33.432817 0.596365 0.000000
vt -33.432817 0.795154 0.000000
vt -32.895480 0.596365 0.000000
vt -32.895480 0.795154 0.000000
vt -32.358143 0.596365 0.000000
vt -32.358143 0.795154 0.000000
vt -31.820807 0.596365 0.000000
vt -31.820807 0.795154 0.000000
vt -31.283470 0.596365 0.000000
vt -31.283470 0.795154 0.000000
vt -30.208797 0.596365 0.000000
vt -30.208797 0.795154 0.000000
vt -29.134123 0.596365 0.000000
vt -29.134123 0.795154 0.000000
vt -28.281580 0.596365 0.000000
vt -28.281580 0.795154 0.000000
vt -27.429037 0.596365 0.000000
vt -27.429037 0.795154 0.000000
vt -26.576494 0.596365 0.000000
vt -26.576494 0.795154 0.000000
vt -25.723951 0.596365 0.000000
vt -25.723951 0.795154 0.000000
vt -24.359712 0.596365 0.000000
vt -24.359712 0.795154 0.000000
vt -22.995472 0.596365 0.000000
vt -22.995472 0.795154 0.000000
vt -21.631232 0.596365 0.000000
vt -21.631232 0.795154 0.000000
vt -20.266992 0.596365 0.000000
vt -20.266992 0.795154 0.000000
vt -18.902752 0.596365 0.000000
vt -18.902752 0.795154 0.000000
vt -17.538513 0.596365 0.000000
vt -17.538513 0.795154 0.000000
vt -16.174273 0.596365 0.000000
vt -16.174273 0.795154 0.000000
vt -14.810033 0.596365 0.000000
vt -14.810033 0.795154 0.000000
vt -13.350412 0.596365 0.000000
vt -13.350412 0.795154 0.000000
vt -11.890792 0.596365 0.000000
vt -11.890792 0.795154 0.000000
vt -10.431171 0.596365 0.000000
vt -10.431171 0.795154 0.000000
vt -9.701361 0.596365 0.000000
vt -9.701361 0.795154 0.000000
vt -8.971550 0.596365 0.000000
vt -8.971550 0.795154 0.000000
vt -8.241740 0.596365 0.000000
vt -8.241740 0.795154 0.000000
vt -7.511930 0.596365 0.000000
vt -7.511930 0.795154 0.000000
vt -6.782119 0.596365 0.000000
vt -6.782119 0.795154 0.000000
vt -6.052309 0.596365 0.000000
vt -6.052309 0.795154 0.000000
vt -5.322499 0.596365 0.000000
vt -5.322499 0.795154 0.000000
vt -4.592688 0.596365 0.000000
vt -4.592688 0.795154 0.000000
vt -3.862878 0.596365 0.000000
vt -3.862878 0.795154 0.000000
vt -3.133068 0.596365 0.000000
vt -3.133068 0.795154 0.000000
vt -2.349801 0.596365 0.000000
vt -2.349801 0.795154 0.000000
vt -1.566534 0.596365 0.000000
vt -1.566534 0.795154 0.000000
vt -0.783267 0.596365 0.000000
vt -0.783267 0.795154 0.000000
vt -0.000000 0.795154 0.000000
vt -0.783267 0.993942 0.000000
vt -0.000000 1.590307 0.000000
vt -0.783267 1.192731 0.000000
vt -0.783267 1.391519 0.000000
vt -1.566534 1.391519 0.000000
vt -1.566534 1.590307 0.000000
vt -2.349801 1.590307 0.000000
vt -2.349801 1.987884 0.000000
vt -3.133068 1.987884 0.000000
vt -3.133068 2.186673 0.000000
vt -3.862878 2.186673 0.000000
vt -3.862878 2.385461 0.000000
vt -4.592688 2.385461 0.000000
vt -4.592688 2.584250 0.000000
vt -5.322499 2.584250 0.000000
vt -5.322499 2.783038 0.000000
vt -6.052309 2.783038 0.000000
vt -6.052309 3.180615 0.000000
vt -6.782119 3.180615 0.000000
vt -6.782119 3.975769 0.000000
vt -7.511930 3.975769 0.000000
vt -7.511930 4.373345 0.000000
vt -8.241740 4.373345 0.000000
vt -8.241740 4.770922 0.000000
vt -8.971550 4.770922 0.000000
vt -8.971550 5.168499 0.000000
vt -9.701361 5.168499 0.000000
vt -9.701361 5.566076 0.000000
vt -10.431171 5.566076 0.000000
vt -10.431171 5.963653 0.000000
vt -11.890792 5.963653 0.000000
vt -11.328849 6.361215 0.000000
vt -13.594493 6.361230 0.000000
vt -34.842473 0.198788 0.000000
vt -33.986349 0.000000 0.000000
vt -34.137645 0.198788 0.000000
vt -33.432817 0.198788 0.000000
vt -34.137645 0.397577 0.000000
vt -33.432817 0.397577 0.000000
vt -32.853484 0.000000 0.000000
vt -32.895480 0.198788 0.000000
vt -32.895480 0.397577 0.000000
vt -32.358143 0.198788 0.000000
vt -31.720609 0.000000 0.000000
vt -31.820807 0.198788 0.000000
vt -31.283470 0.198788 0.000000
vt -31.820807 0.397577 0.000000
vt -31.283470 0.397577 0.000000
vt -30.587685 0.000000 0.000000
vt -30.208797 0.198788 0.000000
vt -30.208797 0.397577 0.000000
vt -29.454796 0.000000 0.000000
vt -29.134123 0.198788 0.000000
vt -29.134123 0.397577 0.000000
vt -28.321960 0.000000 0.000000
vt -28.281580 0.198788 0.000000
vt -28.281580 0.397577 0.000000
vt -27.189090 0.000002 0.000000
vt -27.429037 0.198788 0.000000
vt -27.429037 0.397577 0.000000
vt -26.576494 0.198788 0.000000
vt -26.056194 0.000007 0.000000
vt -25.723951 0.198788 0.000000
vt -24.923338 0.000000 0.000000
vt -24.359712 0.198788 0.000000
vt -23.790428 0.000034 0.000000
vt -22.995472 0.198788 0.000000
vt -22.657524 0.000065 0.000000
vt -21.631232 0.198788 0.000000
vt -21.524682 0.000026 0.000000
vt -20.391830 0.000004 0.000000
vt -20.266992 0.198788 0.000000
vt -19.258966 0.000011 0.000000
vt -18.902752 0.198788 0.000000
vt -18.126079 0.000005 0.000000
vt -17.538513 0.198788 0.000000
vt -16.993248 0.000023 0.000000
vt -16.174273 0.198788 0.000000
vt -15.860307 0.000000 0.000000
vt -14.810033 0.198788 0.000000
vt -14.727465 0.000020 0.000000
vt -13.594573 0.000014 0.000000
vt -13.350412 0.198788 0.000000
vt -12.461674 0.000001 0.000000
vt -11.890792 0.198788 0.000000
vt -11.328822 0.000000 0.000000
vt -10.431171 0.198788 0.000000
vt -10.195907 0.000000 0.000000
vt -9.701361 0.198788 0.000000
vt -9.062935 0.000000 0.000000
vt -8.971550 0.198788 0.000000
vt -8.241740 0.198788 0.000000
vt -8.971550 0.397577 0.000000
vt -8.241740 0.397577 0.000000
vt -7.929982 0.000000 0.000000
vt -7.511930 0.198788 0.000000
vt -7.511930 0.397577 0.000000
vt -6.797118 0.000000 0.000000
vt -6.782119 0.198788 0.000000
vt -6.782119 0.397577 0.000000
vt -6.052309 0.198788 0.000000
vt -5.664336 0.000000 0.000000
vt -5.322499 0.198788 0.000000
vt -4.531512 0.000000 0.000000
vt -4.592688 0.198788 0.000000
vt -3.862878 0.198788 0.000000
vt -4.592688 0.397577 0.000000
vt -3.862878 0.397577 0.000000
vt -3.398498 0.000000 0.000000
vt -3.133068 0.198788 0.000000
vt -3.133068 0.397577 0.000000
vt -2.265547 0.000000 0.000000
vt -2.349801 0.198788 0.000000
vt -2.349801 0.397577 0.000000
vt -1.566534 0.198788 0.000000
vt -1.132770 0.000000 0.000000
vt -0.783267 0.198788 0.000000
vt -0.000000 0.000000 0.000000
vt -0.000000 2.385461 0.000000
vt -0.783267 1.987884 0.000000
vt -0.783267 1.590307 0.000000
vt -0.000000 3.180615 0.000000
vt -0.783267 2.584250 0.000000
vt -0.783267 2.385461 0.000000
vt -0.783267 2.186673 0.000000
vt -1.566534 2.385461 0.000000
vt -1.566534 2.186673 0.000000
vt -2.349801 2.385461 0.000000
vt -2.349801 2.186673 0.000000
vt -3.133068 2.385461 0.000000
vt -0.000000 3.975769 0.000000
vt -0.783267 3.975769 0.000000
vt -0.783267 3.180615 0.000000
vt -0.783267 2.783038 0.000000
vt -1.566534 3.180615 0.000000
vt -1.566534 2.783038 0.000000
vt -2.349801 3.180615 0.000000
vt -2.349801 2.783038 0.000000
vt -3.133068 3.180615 0.000000
vt -3.133068 2.783038 0.000000
vt -3.862878 3.180615 0.000000
vt -3.862878 2.783038 0.000000
vt -4.592688 3.180615 0.000000
vt -4.592688 2.783038 0.000000
vt -5.322499 3.180615 0.000000
vt -0.783267 4.373345 0.000000
vt -0.000000 4.770922 0.000000
vt -0.783267 4.770922 0.000000
vt -0.783267 5.168499 0.000000
vt -1.566534 5.168499 0.000000
vt -1.566534 5.566076 0.000000
vt -2.349801 5.566076 0.000000
vt -2.349801 5.963653 0.000000
vt -3.133068 5.963653 0.000000
vt -2.266503 6.361221 0.000000
vt -3.399112 6.361222 0.000000
vt -0.000000 5.566076 0.000000
vt -0.783267 5.566076 0.000000
vt -1.566534 5.963653 0.000000
vt -0.783267 5.963653 0.000000
vt -0.000000 6.361230 0.000000
vt -1.133281 6.361227 0.000000
vt -3.862878 5.963653 0.000000
vt -4.531530 6.361230 0.000000
vt -4.592688 5.963653 0.000000
vt -5.322499 5.963653 0.000000
vt -4.592688 5.566076 0.000000
vt -5.322499 5.566076 0.000000
vt -4.592688 5.168499 0.000000
vt -5.322499 5.168499 0.000000
vt -4.592688 4.770922 0.000000
vt -5.322499 4.770922 0.000000
vt -4.592688 4.373345 0.000000
vt -5.322499 4.373345 0.000000
vt -4.592688 3.975769 0.000000
vt -5.322499 3.975769 0.000000
vt -5.664622 6.361220 0.000000
vt -6.052309 5.963653 0.000000
vt -6.052309 5.566076 0.000000
vt -6.052309 5.168499 0.000000
vt -6.052309 4.770922 0.000000
vt -6.052309 4.373345 0.000000
vt -6.052309 3.975769 0.000000
vt -6.797914 6.361197 0.000000
vt -6.782119 5.963653 0.000000
vt -6.782119 5.566076 0.000000
vt -6.782119 5.168499 0.000000
vt -6.782119 4.770922 0.000000
vt -6.782119 4.373345 0.000000
vt -9.063663 6.361178 0.000000
vt -8.241740 5.963653 0.000000
vt -7.511930 5.963653 0.000000
vt -9.701361 5.963653 0.000000
vt -8.971550 5.963653 0.000000
vt -8.971550 5.566076 0.000000
vt -8.241740 5.566076 0.000000
vt -8.241740 5.168499 0.000000
vt -7.511930 5.168499 0.000000
vt -7.511930 4.770922 0.000000
vt -14.727348 6.361230 0.000000
vt -14.810033 5.963653 0.000000
vt -13.350412 5.963653 0.000000
vt -11.890792 5.566076 0.000000
vt -10.431171 5.168499 0.000000
vt -9.701361 4.770922 0.000000
vt -8.971550 4.373345 0.000000
vt -8.241740 3.975769 0.000000
vt -7.511930 3.180615 0.000000
vt -6.782119 2.783038 0.000000
vt -6.052309 2.584250 0.000000
vt -5.322499 2.385461 0.000000
vt -4.592688 2.186673 0.000000
vt -3.862878 1.987884 0.000000
vt -3.133068 1.590307 0.000000
vt -2.349801 1.391519 0.000000
vt -1.566534 1.192731 0.000000
vt -15.860306 6.361230 0.000000
vt -16.174273 5.963653 0.000000
vt -14.810033 5.566076 0.000000
vt -16.174273 5.566076 0.000000
vt -14.810033 5.168499 0.000000
vt -16.174273 5.168499 0.000000
vt -14.810033 4.770922 0.000000
vt -16.174273 4.770922 0.000000
vt -14.810033 4.373345 0.000000
vt -16.174273 4.373345 0.000000
vt -14.810033 3.975769 0.000000
vt -16.174273 3.975769 0.000000
vt -14.810033 3.180615 0.000000
vt -16.174273 3.180615 0.000000
vt -14.810033 2.783038 0.000000
vt -16.174273 2.783038 0.000000
vt -14.810033 2.584250 0.000000
vt -16.174273 2.584250 0.000000
vt -14.810033 2.385461 0.000000
vt -16.174273 2.385461 0.000000
vt -14.810033 2.186673 0.000000
vt -16.174273 2.186673 0.000000
vt -14.810033 1.987884 0.000000
vt -16.174273 1.987884 0.000000
vt -14.810033 1.590307 0.000000
vt -16.174273 1.590307 0.000000
vt -14.810033 1.391519 0.000000
vt -16.174273 1.391519 0.000000
vt -14.810033 1.192731 0.000000
vt -16.174273 1.192731 0.000000
vt -14.810033 0.993942 0.000000
vt -16.174273 0.993942 0.000000
vt -16.993108 6.361230 0.000000
vt -17.538513 5.963653 0.000000
vt -17.538513 5.566076 0.000000
vt -17.538513 5.168499 0.000000
vt -17.538513 4.770922 0.000000
vt -17.538513 4.373345 0.000000
vt -17.538513 3.975769 0.000000
vt -17.538513 3.180615 0.000000
vt -17.538513 2.783038 0.000000
vt -17.538513 2.584250 0.000000
vt -17.538513 2.385461 0.000000
vt -17.538513 2.186673 0.000000
vt -17.538513 1.987884 0.000000
vt -17.538513 1.590307 0.000000
vt -17.538513 1.391519 0.000000
vt -17.538513 1.192731 0.000000
vt -17.538513 0.993942 0.000000
vt -18.126048 6.361230 0.000000
vt -18.902752 5.963653 0.000000
vt -18.902752 5.566076 0.000000
vt -18.902752 5.168499 0.000000
vt -18.902752 4.770922 0.000000
vt -18.902752 4.373345 0.000000
vt -18.902752 3.975769 0.000000
vt -18.902752 3.180615 0.000000
vt -18.902752 2.783038 0.000000
vt -18.902752 2.584250 0.000000
vt -18.902752 2.385461 0.000000
vt -18.902752 2.186673 0.000000
vt -18.902752 1.987884 0.000000
vt -18.902752 1.590307 0.000000
vt -18.902752 1.391519 0.000000
vt -18.902752 1.192731 0.000000
vt -18.902752 0.993942 0.000000
vt -19.258891 6.361230 0.000000
vt -20.266992 5.963653 0.000000
vt -20.266992 5.566076 0.000000
vt -20.266992 5.168499 0.000000
vt -20.266992 4.770922 0.000000
vt -20.266992 4.373345 0.000000
vt -20.266992 3.975769 0.000000
vt -20.266992 3.180615 0.000000
vt -20.266992 2.783038 0.000000
vt -20.266992 2.584250 0.000000
vt -20.266992 2.385461 0.000000
vt -20.266992 2.186673 0.000000
vt -20.266992 1.987884 0.000000
vt -20.266992 1.590307 0.000000
vt -20.266992 1.391519 0.000000
vt -20.266992 1.192731 0.000000
vt -20.266992 0.993942 0.000000
vt -20.391802 6.361230 0.000000
vt -21.631232 5.963653 0.000000
vt -21.631232 5.566076 0.000000
vt -21.631232 5.168499 0.000000
vt -21.631232 4.770922 0.000000
vt -21.631232 4.373345 0.000000
vt -21.631232 3.975769 0.000000
vt -21.631232 3.180615 0.000000
vt -21.631232 2.783038 0.000000
vt -21.631232 2.584250 0.000000
vt -21.631232 2.385461 0.000000
vt -21.631232 2.186673 0.000000
vt -21.631232 1.987884 0.000000
vt -21.631232 1.590307 0.000000
vt -21.631232 1.391519 0.000000
vt -21.631232 1.192731 0.000000
vt -21.631232 0.993942 0.000000
vt -21.524461 6.361230 0.000000
vt -22.656952 6.361230 0.000000
vt -22.995472 5.963653 0.000000
vt -24.359712 5.963653 0.000000
vt -22.995472 5.566076 0.000000
vt -24.359712 5.566076 0.000000
vt -22.995472 5.168499 0.000000
vt -24.359712 5.168499 0.000000
vt -22.995472 4.770922 0.000000
vt -24.359712 4.770922 0.000000
vt -22.995472 4.373345 0.000000
vt -24.359712 4.373345 0.000000
vt -22.995472 3.975769 0.000000
vt -24.359712 3.975769 0.000000
vt -22.995472 3.180615 0.000000
vt -24.359712 3.180615 0.000000
vt -22.995472 2.783038 0.000000
vt -24.359712 2.783038 0.000000
vt -22.995472 2.584250 0.000000
vt -24.359712 2.584250 0.000000
vt -22.995472 2.385461 0.000000
vt -24.359712 2.385461 0.000000
vt -22.995472 2.186673 0.000000
vt -24.359712 2.186673 0.000000
vt -22.995472 1.987884 0.000000
vt -24.359712 1.987884 0.000000
vt -22.995472 1.590307 0.000000
vt -24.359712 1.590307 0.000000
vt -22.995472 1.391519 0.000000
vt -24.359712 1.391519 0.000000
vt -22.995472 1.192731 0.000000
vt -24.359712 1.192731 0.000000
vt -22.995472 0.993942 0.000000
vt -24.359712 0.993942 0.000000
vt -24.923330 6.361230 0.000000
vt -25.723951 5.963653 0.000000
vt -25.723951 5.566076 0.000000
vt -25.723951 5.168499 0.000000
vt -25.723951 4.770922 0.000000
vt -25.723951 4.373345 0.000000
vt -25.723951 3.975769 0.000000
vt -25.723951 3.180615 0.000000
vt -25.723951 2.783038 0.000000
vt -25.723951 2.584250 0.000000
vt -25.723951 2.385461 0.000000
vt -25.723951 2.186673 0.000000
vt -25.723951 1.987884 0.000000
vt -25.723951 1.590307 0.000000
vt -25.723951 1.391519 0.000000
vt -25.723951 1.192731 0.000000
vt -25.723951 0.993942 0.000000
vt -27.189051 6.361230 0.000000
vt -26.576494 5.963653 0.000000
vt -26.576494 5.566076 0.000000
vt -26.576494 5.168499 0.000000
vt -26.576494 4.770922 0.000000
vt -26.576494 4.373345 0.000000
vt -26.576494 3.975769 0.000000
vt -26.576494 3.180615 0.000000
vt -26.576494 2.783038 0.000000
vt -26.576494 2.584250 0.000000
vt -26.576494 2.385461 0.000000
vt -26.576494 2.186673 0.000000
vt -26.576494 1.987884 0.000000
vt -26.576494 1.590307 0.000000
vt -26.576494 1.391519 0.000000
vt -26.576494 1.192731 0.000000
vt -26.576494 0.993942 0.000000
vt -27.429037 5.963653 0.000000
vt -28.321925 6.361230 0.000000
vt -28.281580 5.963653 0.000000
vt -29.134123 5.963653 0.000000
vt -28.281580 5.566076 0.000000
vt -29.134123 5.566076 0.000000
vt -28.281580 5.168499 0.000000
vt -29.134123 5.168499 0.000000
vt -28.281580 4.770922 0.000000
vt -29.134123 4.770922 0.000000
vt -28.281580 4.373345 0.000000
vt -29.134123 4.373345 0.000000
vt -28.281580 3.975769 0.000000
vt -29.134123 3.975769 0.000000
vt -28.281580 3.180615 0.000000
vt -29.134123 3.180615 0.000000
vt -28.281580 2.783038 0.000000
vt -29.134123 2.783038 0.000000
vt -28.281580 2.584250 0.000000
vt -29.134123 2.584250 0.000000
vt -28.281580 2.385461 0.000000
vt -29.134123 2.385461 0.000000
vt -28.281580 2.186673 0.000000
vt -29.134123 2.186673 0.000000
vt -28.281580 1.987884 0.000000
vt -29.134123 1.987884 0.000000
vt -28.281580 1.590307 0.000000
vt -29.134123 1.590307 0.000000
vt -28.281580 1.391519 0.000000
vt -29.134123 1.391519 0.000000
vt -28.281580 1.192731 0.000000
vt -29.134123 1.192731 0.000000
vt -28.281580 0.993942 0.000000
vt -29.134123 0.993942 0.000000
vt -29.454687 6.361230 0.000000
vt -30.208797 5.963653 0.000000
vt -30.208797 5.566076 0.000000
vt -30.208797 5.168499 0.000000
vt -30.208797 4.770922 0.000000
vt -30.208797 4.373345 0.000000
vt -30.208797 3.975769 0.000000
vt -30.208797 3.180615 0.000000
vt -30.208797 2.783038 0.000000
vt -30.208797 2.584250 0.000000
vt -30.208797 2.385461 0.000000
vt -30.208797 2.186673 0.000000
vt -30.208797 1.987884 0.000000
vt -30.208797 1.590307 0.000000
vt -30.208797 1.391519 0.000000
vt -30.208797 1.192731 0.000000
vt -30.208797 0.993942 0.000000
vt -30.587611 6.361230 0.000000
vt -31.154114 6.361230 0.000000
vt -31.283470 5.963653 0.000000
vt -31.720604 6.361230 0.000000
vt -31.820807 5.963653 0.000000
vt -32.287072 6.361229 0.000000
vt -32.358143 5.963653 0.000000
vt -32.853644 6.361227 0.000000
vt -32.895480 5.963653 0.000000
vt -33.420258 6.361223 0.000000
vt -33.432817 5.963653 0.000000
vt -33.986825 6.361221 0.000000
vt -34.137645 5.963653 0.000000
vt -34.553278 6.361221 0.000000
vt -34.842473 5.963653 0.000000
vt -35.119596 6.361223 0.000000
vt -35.547301 5.963653 0.000000
vt -35.685825 6.361227 0.000000
vt -36.252129 6.361230 0.000000
vt -36.252129 5.566076 0.000000
vt -35.547301 5.566076 0.000000
vt -34.842473 5.566076 0.000000
vt -34.842473 5.168499 0.000000
vt -34.137645 5.168499 0.000000
vt -34.137645 4.770922 0.000000
vt -33.432817 4.770922 0.000000
vt -33.432817 4.373345 0.000000
vt -32.895480 4.373345 0.000000
vt -32.895480 3.975769 0.000000
vt -32.358143 3.975769 0.000000
vt -32.358143 3.180615 0.000000
vt -31.820807 3.180615 0.000000
vt -31.820807 2.783038 0.000000
vt -31.283470 2.783038 0.000000
vt -31.283470 2.584250 0.000000
vt -35.547301 5.168499 0.000000
vt -36.252129 4.770922 0.000000
vt -35.547301 4.770922 0.000000
vt -35.547301 4.373345 0.000000
vt -34.842473 4.373345 0.000000
vt -34.842473 3.975769 0.000000
vt -34.137645 3.975769 0.000000
vt -34.137645 3.180615 0.000000
vt -33.432817 3.180615 0.000000
vt -33.432817 2.783038 0.000000
vt -32.895480 2.783038 0.000000
vt -32.895480 2.584250 0.000000
vt -32.358143 2.584250 0.000000
vt -32.358143 2.385461 0.000000
vt -31.820807 2.385461 0.000000
vt -31.820807 2.186673 0.000000
vt -31.283470 2.186673 0.000000
vt -31.283470 1.987884 0.000000
vt -36.252129 3.975769 0.000000
vt -35.547301 3.975769 0.000000
vt -34.842473 3.180615 0.000000
vt -34.137645 2.783038 0.000000
vt -33.432817 2.584250 0.000000
vt -32.895480 2.385461 0.000000
vt -32.358143 2.186673 0.000000
vt -31.820807 1.987884 0.000000
vt -31.283470 1.590307 0.000000
vt -35.547301 3.180615 0.000000
vt -36.252129 3.180615 0.000000
vt -35.547301 2.783038 0.000000
vt -36.252129 2.385461 0.000000
vt -35.547301 2.584250 0.000000
vt -35.547301 2.385461 0.000000
vt -34.842473 2.385461 0.000000
vt -34.842473 2.186673 0.000000
vt -34.137645 2.186673 0.000000
vt -34.137645 1.987884 0.000000
vt -33.432817 1.987884 0.000000
vt -33.432817 1.590307 0.000000
vt -32.895480 1.590307 0.000000
vt -32.895480 1.391519 0.000000
vt -32.358143 1.391519 0.000000
vt -32.358143 1.192731 0.000000
vt -31.820807 1.192731 0.000000
vt -31.820807 0.993942 0.000000
vt -31.283470 0.993942 0.000000
vt -36.252129 1.590307 0.000000
vt -35.547301 1.987884 0.000000
vt -35.547301 2.186673 0.000000
vt -35.547301 1.192731 0.000000
vt -35.547301 1.391519 0.000000
vt -35.547301 1.590307 0.000000
vt -34.842473 1.391519 0.000000
vt -34.842473 1.590307 0.000000
vt -34.137645 1.391519 0.000000
vt -34.137645 1.590307 0.000000
vt -33.432817 1.391519 0.000000
vt -0.783267 0.397577 0.000000
vt -1.566534 0.397577 0.000000
vt -35.547301 0.993942 0.000000
vt -34.842473 0.993942 0.000000
vt -34.137645 0.993942 0.000000
vt -33.432817 0.993942 0.000000
vt -32.895480 0.993942 0.000000
vt -32.358143 0.993942 0.000000
vt -34.842473 1.192731 0.000000
vt -34.137645 1.192731 0.000000
vt -33.432817 1.192731 0.000000
vt -32.895480 1.192731 0.000000
vt -34.842473 1.987884 0.000000
vt -1.566534 1.987884 0.000000
vt -1.566534 2.584250 0.000000
vt -2.349801 2.584250 0.000000
vt -3.133068 2.584250 0.000000
vt -3.862878 2.584250 0.000000
vt -5.322499 0.397577 0.000000
vt -6.052309 0.397577 0.000000
vt -9.701361 0.397577 0.000000
vt -10.431171 0.397577 0.000000
vt -11.890792 0.397577 0.000000
vt -13.350412 0.397577 0.000000
vt -14.810033 0.397577 0.000000
vt -16.174273 0.397577 0.000000
vt -17.538513 0.397577 0.000000
vt -18.902752 0.397577 0.000000
vt -20.266992 0.397577 0.000000
vt -21.631232 0.397577 0.000000
vt -22.995472 0.397577 0.000000
vt -24.359712 0.397577 0.000000
vt -25.723951 0.397577 0.000000
vt -26.576494 0.397577 0.000000
vt -32.358143 0.397577 0.000000
vt -34.842473 0.397577 0.000000
vt -1.566534 0.993942 0.000000
vt -2.349801 0.993942 0.000000
vt -2.349801 1.192731 0.000000
vt -3.133068 0.993942 0.000000
vt -3.133068 1.192731 0.000000
vt -3.133068 1.391519 0.000000
vt -3.862878 0.993942 0.000000
vt -3.862878 1.192731 0.000000
vt -3.862878 1.391519 0.000000
vt -3.862878 1.590307 0.000000
vt -4.592688 0.993942 0.000000
vt -4.592688 1.192731 0.000000
vt -4.592688 1.391519 0.000000
vt -4.592688 1.590307 0.000000
vt -4.592688 1.987884 0.000000
vt -5.322499 0.993942 0.000000
vt -5.322499 1.192731 0.000000
vt -5.322499 1.391519 0.000000
vt -5.322499 1.590307 0.000000
vt -5.322499 1.987884 0.000000
vt -5.322499 2.186673 0.000000
vt -6.052309 0.993942 0.000000
vt -6.052309 1.192731 0.000000
vt -6.052309 1.391519 0.000000
vt -6.052309 1.590307 0.000000
vt -6.052309 1.987884 0.000000
vt -6.052309 2.186673 0.000000
vt -6.052309 2.385461 0.000000
vt -6.782119 0.993942 0.000000
vt -6.782119 1.192731 0.000000
vt -6.782119 1.391519 0.000000
vt -6.782119 1.590307 0.000000
vt -6.782119 1.987884 0.000000
vt -6.782119 2.186673 0.000000
vt -6.782119 2.385461 0.000000
vt -6.782119 2.584250 0.000000
vt -7.511930 0.993942 0.000000
vt -7.511930 1.192731 0.000000
vt -7.511930 1.391519 0.000000
vt -7.511930 1.590307 0.000000
vt -7.511930 1.987884 0.000000
vt -7.511930 2.186673 0.000000
vt -7.511930 2.385461 0.000000
vt -7.511930 2.584250 0.000000
vt -7.511930 2.783038 0.000000
vt -8.241740 0.993942 0.000000
vt -8.241740 1.192731 0.000000
vt -8.241740 1.391519 0.000000
vt -8.241740 1.590307 0.000000
vt -8.241740 1.987884 0.000000
vt -8.241740 2.186673 0.000000
vt -8.241740 2.385461 0.000000
vt -8.241740 2.584250 0.000000
vt -8.241740 2.783038 0.000000
vt -8.241740 3.180615 0.000000
vt -8.971550 0.993942 0.000000
vt -8.971550 1.192731 0.000000
vt -8.971550 1.391519 0.000000
vt -8.971550 1.590307 0.000000
vt -8.971550 1.987884 0.000000
vt -8.971550 2.186673 0.000000
vt -8.971550 2.385461 0.000000
vt -8.971550 2.584250 0.000000
vt -8.971550 2.783038 0.000000
vt -8.971550 3.180615 0.000000
vt -8.971550 3.975769 0.000000
vt -9.701361 0.993942 0.000000
vt -9.701361 1.192731 0.000000
vt -9.701361 1.391519 0.000000
vt -9.701361 1.590307 0.000000
vt -9.701361 1.987884 0.000000
vt -9.701361 2.186673 0.000000
vt -9.701361 2.385461 0.000000
vt -9.701361 2.584250 0.000000
vt -9.701361 2.783038 0.000000
vt -9.701361 3.180615 0.000000
vt -9.701361 3.975769 0.000000
vt -9.701361 4.373345 0.000000
vt -10.431171 0.993942 0.000000
vt -10.431171 1.192731 0.000000
vt -10.431171 1.391519 0.000000
vt -10.431171 1.590307 0.000000
vt -10.431171 1.987884 0.000000
vt -10.431171 2.186673 0.000000
vt -10.431171 2.385461 0.000000
vt -10.431171 2.584250 0.000000
vt -10.431171 2.783038 0.000000
vt -10.431171 3.180615 0.000000
vt -10.431171 3.975769 0.000000
vt -10.431171 4.373345 0.000000
vt -10.431171 4.770922 0.000000
vt -11.890792 0.993942 0.000000
vt -11.890792 1.192731 0.000000
vt -11.890792 1.391519 0.000000
vt -11.890792 1.590307 0.000000
vt -11.890792 1.987884 0.000000
vt -11.890792 2.186673 0.000000
vt -11.890792 2.385461 0.000000
vt -11.890792 2.584250 0.000000
vt -11.890792 2.783038 0.000000
vt -11.890792 3.180615 0.000000
vt -11.890792 3.975769 0.000000
vt -11.890792 4.373345 0.000000
vt -11.890792 4.770922 0.000000
vt -11.890792 5.168499 0.000000
vt -13.350412 0.993942 0.000000
vt -13.350412 1.192731 0.000000
vt -13.350412 1.391519 0.000000
vt -13.350412 1.590307 0.000000
vt -13.350412 1.987884 0.000000
vt -13.350412 2.186673 0.000000
vt -13.350412 2.385461 0.000000
vt -13.350412 2.584250 0.000000
vt -13.350412 2.783038 0.000000
vt -13.350412 3.180615 0.000000
vt -13.350412 3.975769 0.000000
vt -13.350412 4.373345 0.000000
vt -13.350412 4.770922 0.000000
vt -13.350412 5.168499 0.000000
vt -13.350412 5.566076 0.000000
vt -27.429037 0.993942 0.000000
vt -27.429037 1.192731 0.000000
vt -27.429037 1.391519 0.000000
vt -27.429037 1.590307 0.000000
vt -27.429037 1.987884 0.000000
vt -27.429037 2.186673 0.000000
vt -27.429037 2.385461 0.000000
vt -27.429037 2.584250 0.000000
vt -27.429037 2.783038 0.000000
vt -27.429037 3.180615 0.000000
vt -27.429037 3.975769 0.000000
vt -27.429037 4.373345 0.000000
vt -27.429037 4.770922 0.000000
vt -27.429037 5.168499 0.000000
vt -27.429037 5.566076 0.000000
vt -31.283470 1.192731 0.000000
vt -31.820807 1.391519 0.000000
vt -32.358143 1.590307 0.000000
vt -32.895480 1.987884 0.000000
vt -33.432817 2.186673 0.000000
vt -34.137645 2.385461 0.000000
vt -34.842473 2.584250 0.000000
vt -32.358143 1.987884 0.000000
vt -31.820807 1.590307 0.000000
vt -32.895480 2.186673 0.000000
vt -33.432817 2.385461 0.000000
vt -34.137645 2.584250 0.000000
vt -34.842473 2.783038 0.000000
vt -31.283470 1.391519 0.000000
vt -31.820807 2.584250 0.000000
vt -31.283470 2.385461 0.000000
vt -32.358143 2.783038 0.000000
vt -32.895480 3.180615 0.000000
vt -33.432817 3.975769 0.000000
vt -34.137645 4.373345 0.000000
vt -34.842473 4.770922 0.000000
vt -1.566534 3.975769 0.000000
vt -1.566534 4.373345 0.000000
vt -1.566534 4.770922 0.000000
vt -2.349801 3.975769 0.000000
vt -2.349801 4.373345 0.000000
vt -2.349801 4.770922 0.000000
vt -2.349801 5.168499 0.000000
vt -3.133068 3.975769 0.000000
vt -3.133068 4.373345 0.000000
vt -3.133068 4.770922 0.000000
vt -3.133068 5.168499 0.000000
vt -3.133068 5.566076 0.000000
vt -3.862878 3.975769 0.000000
vt -3.862878 4.373345 0.000000
vt -3.862878 4.770922 0.000000
vt -3.862878 5.168499 0.000000
vt -3.862878 5.566076 0.000000
vt -31.283470 3.975769 0.000000
vt -31.283470 3.180615 0.000000
vt -31.820807 3.975769 0.000000
vt -31.283470 4.373345 0.000000
vt -31.283470 4.770922 0.000000
vt -31.283470 5.168499 0.000000
vt -31.283470 5.566076 0.000000
vt -32.358143 4.373345 0.000000
vt -32.895480 4.770922 0.000000
vt -33.432817 5.168499 0.000000
vt -34.137645 5.566076 0.000000
vt -31.820807 4.373345 0.000000
vt -31.820807 4.770922 0.000000
vt -31.820807 5.168499 0.000000
vt -31.820807 5.566076 0.000000
vt -32.358143 4.770922 0.000000
vt -32.895480 5.168499 0.000000
vt -33.432817 5.566076 0.000000
vt -7.511930 5.566076 0.000000
vt -32.358143 5.168499 0.000000
vt -32.358143 5.566076 0.000000
vt -32.895480 5.566076 0.000000
vt -1.125699 0.000000 0.000000
vt -1.740036 0.174693 0.000000
vt -2.251398 0.000000 0.000000
vt -1.810392 0.174693 0.000000
vt -1.880749 0.174693 0.000000
vt -1.880749 0.349386 0.000000
vt -1.973411 0.349386 0.000000
vt -1.973411 0.524078 0.000000
vt -2.066073 0.524078 0.000000
vt -2.066073 0.698771 0.000000
vt -2.158736 0.698771 0.000000
vt -2.158736 1.048157 0.000000
vt -2.251398 0.698771 0.000000
vt -2.251398 1.397542 0.000000
vt -2.158736 1.397542 0.000000
vt -2.158736 1.746928 0.000000
vt -2.066073 1.397542 0.000000
vt -2.066073 1.746928 0.000000
vt -1.973411 1.397542 0.000000
vt -1.973411 1.746928 0.000000
vt -1.880749 1.397542 0.000000
vt -1.880749 1.746928 0.000000
vt -1.810392 1.397542 0.000000
vt -1.810392 1.746928 0.000000
vt -1.740036 1.397542 0.000000
vt -1.740036 1.746928 0.000000
vt -1.599324 1.397542 0.000000
vt -1.599324 1.746928 0.000000
vt -1.458611 1.397542 0.000000
vt -1.458611 1.746928 0.000000
vt -1.317899 1.397542 0.000000
vt -1.317899 1.746928 0.000000
vt -1.247543 1.397542 0.000000
vt -1.247543 1.746928 0.000000
vt -1.212365 1.397542 0.000000
vt -1.212365 1.746928 0.000000
vt -1.177187 1.397542 0.000000
vt -1.177187 1.746928 0.000000
vt -1.159597 1.397542 0.000000
vt -1.159597 1.746928 0.000000
vt -1.142008 1.397542 0.000000
vt -1.142008 1.746928 0.000000
vt -1.124419 1.397542 0.000000
vt -1.124419 1.746928 0.000000
vt -1.106830 1.397542 0.000000
vt -1.106830 1.746928 0.000000
vt -1.089241 1.397542 0.000000
vt -1.089241 1.746928 0.000000
vt -1.071652 1.397542 0.000000
vt -1.071652 1.746928 0.000000
vt -1.036474 1.397542 0.000000
vt -1.036474 1.746928 0.000000
vt -1.001296 1.397542 0.000000
vt -1.001296 1.746928 0.000000
vt -0.966118 1.397542 0.000000
vt -0.966118 1.746928 0.000000
vt -0.895762 1.397542 0.000000
vt -0.895762 1.746928 0.000000
vt -0.755049 1.397542 0.000000
vt -0.755049 1.746928 0.000000
vt -0.662387 1.397542 0.000000
vt -0.662387 1.746928 0.000000
vt -0.569724 1.397542 0.000000
vt -0.569724 1.746928 0.000000
vt -0.498509 1.397542 0.000000
vt -0.498509 1.746928 0.000000
vt -0.427293 1.397542 0.000000
vt -0.427293 1.746928 0.000000
vt -0.356078 1.397542 0.000000
vt -0.356078 1.746928 0.000000
vt -0.284862 1.397542 0.000000
vt -0.284862 1.746928 0.000000
vt -0.142431 1.397542 0.000000
vt -0.142431 1.746928 0.000000
vt -0.000000 1.397542 0.000000
vt -0.000000 2.096314 0.000000
vt -0.000000 0.000000 0.000000
vt -0.569724 0.174693 0.000000
vt -0.662387 0.174693 0.000000
vt -0.755049 0.174693 0.000000
vt -0.755049 0.349386 0.000000
vt -0.895762 0.349386 0.000000
vt -0.895762 0.524078 0.000000
vt -0.966118 0.524078 0.000000
vt -0.966118 0.698771 0.000000
vt -1.001296 0.698771 0.000000
vt -1.001296 1.048157 0.000000
vt -1.036474 1.048157 0.000000
vt -0.000000 0.698771 0.000000
vt -0.142431 0.349386 0.000000
vt -0.142431 0.174693 0.000000
vt -0.284862 0.174693 0.000000
vt -0.284862 0.349386 0.000000
vt -0.356078 0.349386 0.000000
vt -0.356078 0.524078 0.000000
vt -0.427293 0.524078 0.000000
vt -0.427293 0.698771 0.000000
vt -0.498509 0.698771 0.000000
vt -0.498509 1.048157 0.000000
vt -0.569724 1.048157 0.000000
vt -0.142431 1.048157 0.000000
vt -0.142431 0.698771 0.000000
vt -0.142431 0.524078 0.000000
vt -0.284862 0.698771 0.000000
vt -0.284862 0.524078 0.000000
vt -0.356078 0.698771 0.000000
vt -0.000000 2.795085 0.000000
vt -0.142431 2.795085 0.000000
vt -0.142431 2.096314 0.000000
vt -0.284862 2.096314 0.000000
vt -0.356078 2.096314 0.000000
vt -0.427293 2.096314 0.000000
vt -0.498509 2.096314 0.000000
vt -0.569724 2.096314 0.000000
vt -0.662387 2.096314 0.000000
vt -0.755049 2.096314 0.000000
vt -0.895762 2.096314 0.000000
vt -0.966118 2.096314 0.000000
vt -1.001296 2.096314 0.000000
vt -1.036474 2.096314 0.000000
vt -1.071652 2.096314 0.000000
vt -1.089241 2.096314 0.000000
vt -1.106830 2.096314 0.000000
vt -1.124419 2.096314 0.000000
vt -1.142008 2.096314 0.000000
vt -1.159597 2.096314 0.000000
vt -1.177187 2.096314 0.000000
vt -1.212365 2.096314 0.000000
vt -1.247543 2.096314 0.000000
vt -1.317899 2.096314 0.000000
vt -1.458611 2.096314 0.000000
vt -1.599324 2.096314 0.000000
vt -1.740036 2.096314 0.000000
vt -1.810392 2.096314 0.000000
vt -1.880749 2.096314 0.000000
vt -1.973411 2.096314 0.000000
vt -2.066073 2.096314 0.000000
vt -2.158736 2.096314 0.000000
vt -2.251398 2.096314 0.000000
vt -0.142431 3.144471 0.000000
vt -0.000000 3.493856 0.000000
vt -0.142431 3.493856 0.000000
vt -0.142431 4.192627 0.000000
vt -0.284862 4.192627 0.000000
vt -0.284862 4.367320 0.000000
vt -0.356078 4.367320 0.000000
vt -0.356078 4.542013 0.000000
vt -0.427293 4.542013 0.000000
vt -0.427293 4.891399 0.000000
vt -0.498509 4.891399 0.000000
vt -0.498509 5.240784 0.000000
vt -0.569724 5.240784 0.000000
vt -0.562850 5.590170 0.000000
vt -0.703562 5.590170 0.000000
vt -0.000000 4.192627 0.000000
vt -0.142431 4.367320 0.000000
vt -0.284862 4.542013 0.000000
vt -0.356078 4.891399 0.000000
vt -0.427293 5.240784 0.000000
vt -0.422137 5.590170 0.000000
vt -0.142431 4.542013 0.000000
vt -0.000000 4.891399 0.000000
vt -0.142431 4.891399 0.000000
vt -0.142431 5.240784 0.000000
vt -0.284862 5.240784 0.000000
vt -0.281425 5.590170 0.000000
vt -0.356078 5.240784 0.000000
vt -0.000000 5.590170 0.000000
vt -0.140712 5.590170 0.000000
vt -0.844274 5.590170 0.000000
vt -0.755049 5.240784 0.000000
vt -0.662387 5.240784 0.000000
vt -0.569724 4.891399 0.000000
vt -0.498509 4.542013 0.000000
vt -0.427293 4.367320 0.000000
vt -0.356078 4.192627 0.000000
vt -0.284862 3.493856 0.000000
vt -0.914631 5.590170 0.000000
vt -0.895762 5.240784 0.000000
vt -0.755049 4.891399 0.000000
vt -0.895762 4.891399 0.000000
vt -0.755049 4.542013 0.000000
vt -0.895762 4.542013 0.000000
vt -0.755049 4.367320 0.000000
vt -0.895762 4.367320 0.000000
vt -0.755049 4.192627 0.000000
vt -0.895762 4.192627 0.000000
vt -0.755049 3.493856 0.000000
vt -0.895762 3.493856 0.000000
vt -0.755049 3.144471 0.000000
vt -0.895762 3.144471 0.000000
vt -0.755049 2.795085 0.000000
vt -0.895762 2.795085 0.000000
vt -0.984987 5.590170 0.000000
vt -0.966118 5.240784 0.000000
vt -0.966118 4.891399 0.000000
vt -0.966118 4.542013 0.000000
vt -0.966118 4.367320 0.000000
vt -0.966118 4.192627 0.000000
vt -0.966118 3.493856 0.000000
vt -0.966118 3.144471 0.000000
vt -0.966118 2.795085 0.000000
vt -1.001296 5.240784 0.000000
vt -1.020165 5.590170 0.000000
vt -1.036474 5.240784 0.000000
vt -1.055343 5.590170 0.000000
vt -1.072932 5.590170 0.000000
vt -1.071652 5.240784 0.000000
vt -1.090521 5.590170 0.000000
vt -1.089241 5.240784 0.000000
vt -1.108110 5.590170 0.000000
vt -1.106830 5.240784 0.000000
vt -1.125699 5.590170 0.000000
vt -1.124419 5.240784 0.000000
vt -1.142008 5.240784 0.000000
vt -1.124419 4.891399 0.000000
vt -1.142008 4.891399 0.000000
vt -1.124419 4.542013 0.000000
vt -1.142008 4.542013 0.000000
vt -1.124419 4.367320 0.000000
vt -1.142008 4.367320 0.000000
vt -1.124419 4.192627 0.000000
vt -1.142008 4.192627 0.000000
vt -1.124419 3.493856 0.000000
vt -1.142008 3.493856 0.000000
vt -1.124419 3.144471 0.000000
vt -1.142008 3.144471 0.000000
vt -1.124419 2.795085 0.000000
vt -1.142008 2.795085 0.000000
vt -1.143288 5.590170 0.000000
vt -1.159597 5.240784 0.000000
vt -1.159597 4.891399 0.000000
vt -1.159597 4.542013 0.000000
vt -1.159597 4.367320 0.000000
vt -1.159597 4.192627 0.000000
vt -1.159597 3.493856 0.000000
vt -1.159597 3.144471 0.000000
vt -1.159597 2.795085 0.000000
vt -1.160877 5.590170 0.000000
vt -1.177187 5.240784 0.000000
vt -1.177187 4.891399 0.000000
vt -1.177187 4.542013 0.000000
vt -1.177187 4.367320 0.000000
vt -1.177187 4.192627 0.000000
vt -1.177187 3.493856 0.000000
vt -1.177187 3.144471 0.000000
vt -1.177187 2.795085 0.000000
vt -1.178466 5.590170 0.000000
vt -1.196055 5.590170 0.000000
vt -1.212365 5.240784 0.000000
vt -1.231233 5.590170 0.000000
vt -1.247543 5.240784 0.000000
vt -1.266412 5.590170 0.000000
vt -1.317899 5.240784 0.000000
vt -1.336768 5.590170 0.000000
vt -1.407124 5.590170 0.000000
vt -1.458611 5.240784 0.000000
vt -1.547836 5.590170 0.000000
vt -1.599324 5.240784 0.000000
vt -1.688549 5.590170 0.000000
vt -1.740036 5.240784 0.000000
vt -1.829261 5.590170 0.000000
vt -1.810392 5.240784 0.000000
vt -1.880749 5.240784 0.000000
vt -1.810392 4.891399 0.000000
vt -1.880749 4.891399 0.000000
vt -1.810392 4.542013 0.000000
vt -1.880749 4.542013 0.000000
vt -1.810392 4.367320 0.000000
vt -1.880749 4.367320 0.000000
vt -1.810392 4.192627 0.000000
vt -1.880749 4.192627 0.000000
vt -1.810392 3.493856 0.000000
vt -1.880749 3.493856 0.000000
vt -1.810392 3.144471 0.000000
vt -1.880749 3.144471 0.000000
vt -1.810392 2.795085 0.000000
vt -1.880749 2.795085 0.000000
vt -1.969974 5.590170 0.000000
vt -1.973411 5.240784 0.000000
vt -1.973411 4.891399 0.000000
vt -1.973411 4.542013 0.000000
vt -1.973411 4.367320 0.000000
vt -1.973411 4.192627 0.000000
vt -1.973411 3.493856 0.000000
vt -1.973411 3.144471 0.000000
vt -1.973411 2.795085 0.000000
vt -2.066073 5.240784 0.000000
vt -2.110686 5.590170 0.000000
vt -2.158736 5.240784 0.000000
vt -2.251398 5.590170 0.000000
vt -2.251398 4.891399 0.000000
vt -2.251398 4.192627 0.000000
vt -2.158736 4.542013 0.000000
vt -2.158736 4.891399 0.000000
vt -2.066073 4.891399 0.000000
vt -2.251398 3.493856 0.000000
vt -2.158736 3.493856 0.000000
vt -2.158736 4.192627 0.000000
vt -2.158736 4.367320 0.000000
vt -2.066073 4.192627 0.000000
vt -2.066073 4.367320 0.000000
vt -2.158736 3.144471 0.000000
vt -2.251398 2.795085 0.000000
vt -2.158736 2.795085 0.000000
vt -2.158736 0.349386 0.000000
vt -2.158736 0.524078 0.000000
vt -2.158736 0.174693 0.000000
vt -2.066073 0.174693 0.000000
vt -2.066073 0.349386 0.000000
vt -0.284862 1.048157 0.000000
vt -0.356078 1.048157 0.000000
vt -0.427293 1.048157 0.000000
vt -0.356078 0.174693 0.000000
vt -0.427293 0.174693 0.000000
vt -0.498509 0.174693 0.000000
vt -0.498509 0.349386 0.000000
vt -0.569724 0.349386 0.000000
vt -0.569724 0.524078 0.000000
vt -0.662387 0.524078 0.000000
vt -0.662387 0.698771 0.000000
vt -0.755049 0.698771 0.000000
vt -0.755049 1.048157 0.000000
vt -0.895762 1.048157 0.000000
vt -0.427293 0.349386 0.000000
vt -0.662387 0.349386 0.000000
vt -0.895762 0.174693 0.000000
vt -0.966118 0.174693 0.000000
vt -1.001296 0.174693 0.000000
vt -1.001296 0.349386 0.000000
vt -1.036474 0.349386 0.000000
vt -1.036474 0.524078 0.000000
vt -1.071652 0.524078 0.000000
vt -1.071652 0.698771 0.000000
vt -1.089241 0.698771 0.000000
vt -1.089241 1.048157 0.000000
vt -1.106830 1.048157 0.000000
vt -0.966118 0.349386 0.000000
vt -1.036474 0.174693 0.000000
vt -1.071652 0.174693 0.000000
vt -1.089241 0.174693 0.000000
vt -1.089241 0.349386 0.000000
vt -1.106830 0.349386 0.000000
vt -1.106830 0.524078 0.000000
vt -1.124419 0.524078 0.000000
vt -1.124419 0.698771 0.000000
vt -1.142008 0.698771 0.000000
vt -1.142008 1.048157 0.000000
vt -1.159597 1.048157 0.000000
vt -1.071652 0.349386 0.000000
vt -1.106830 0.174693 0.000000
vt -1.124419 0.174693 0.000000
vt -1.142008 0.174693 0.000000
vt -1.142008 0.349386 0.000000
vt -1.159597 0.349386 0.000000
vt -1.159597 0.524078 0.000000
vt -1.177187 0.524078 0.000000
vt -1.177187 0.698771 0.000000
vt -1.212365 0.698771 0.000000
vt -1.212365 1.048157 0.000000
vt -1.247543 1.048157 0.000000
vt -1.124419 0.349386 0.000000
vt -1.159597 0.174693 0.000000
vt -1.177187 0.174693 0.000000
vt -1.212365 0.174693 0.000000
vt -1.212365 0.349386 0.000000
vt -1.247543 0.349386 0.000000
vt -1.247543 0.524078 0.000000
vt -1.317899 0.524078 0.000000
vt -1.317899 0.698771 0.000000
vt -1.458611 0.698771 0.000000
vt -1.458611 1.048157 0.000000
vt -1.599324 1.048157 0.000000
vt -1.177187 0.349386 0.000000
vt -1.247543 0.174693 0.000000
vt -1.317899 0.174693 0.000000
vt -1.458611 0.174693 0.000000
vt -1.458611 0.349386 0.000000
vt -1.599324 0.349386 0.000000
vt -1.599324 0.524078 0.000000
vt -1.740036 0.524078 0.000000
vt -1.740036 0.698771 0.000000
vt -1.810392 0.698771 0.000000
vt -1.810392 1.048157 0.000000
vt -1.880749 1.048157 0.000000
vt -1.317899 0.349386 0.000000
vt -1.599324 0.174693 0.000000
vt -1.740036 0.349386 0.000000
vt -1.810392 0.349386 0.000000
vt -1.810392 0.524078 0.000000
vt -1.973411 0.174693 0.000000
vt -0.662387 1.048157 0.000000
vt -0.569724 0.698771 0.000000
vt -0.966118 1.048157 0.000000
vt -0.895762 0.698771 0.000000
vt -1.071652 1.048157 0.000000
vt -1.036474 0.698771 0.000000
vt -1.124419 1.048157 0.000000
vt -1.106830 0.698771 0.000000
vt -1.177187 1.048157 0.000000
vt -1.159597 0.698771 0.000000
vt -1.317899 1.048157 0.000000
vt -1.247543 0.698771 0.000000
vt -1.740036 1.048157 0.000000
vt -1.599324 0.698771 0.000000
vt -1.973411 1.048157 0.000000
vt -1.880749 0.698771 0.000000
vt -1.973411 0.698771 0.000000
vt -1.880749 0.524078 0.000000
vt -2.066073 1.048157 0.000000
vt -1.458611 0.524078 0.000000
vt -1.212365 0.524078 0.000000
vt -1.142008 0.524078 0.000000
vt -1.089241 0.524078 0.000000
vt -1.001296 0.524078 0.000000
vt -0.755049 0.524078 0.000000
vt -0.498509 0.524078 0.000000
vt -0.284862 2.795085 0.000000
vt -0.284862 3.144471 0.000000
vt -0.356078 2.795085 0.000000
vt -0.356078 3.144471 0.000000
vt -0.356078 3.493856 0.000000
vt -0.427293 2.795085 0.000000
vt -0.427293 3.144471 0.000000
vt -0.427293 3.493856 0.000000
vt -0.427293 4.192627 0.000000
vt -0.498509 2.795085 0.000000
vt -0.498509 3.144471 0.000000
vt -0.498509 3.493856 0.000000
vt -0.498509 4.192627 0.000000
vt -0.498509 4.367320 0.000000
vt -0.569724 2.795085 0.000000
vt -0.569724 3.144471 0.000000
vt -0.569724 3.493856 0.000000
vt -0.569724 4.192627 0.000000
vt -0.569724 4.367320 0.000000
vt -0.569724 4.542013 0.000000
vt -0.662387 2.795085 0.000000
vt -0.662387 3.144471 0.000000
vt -0.662387 3.493856 0.000000
vt -0.662387 4.192627 0.000000
vt -0.662387 4.367320 0.000000
vt -0.662387 4.542013 0.000000
vt -0.662387 4.891399 0.000000
vt -1.001296 2.795085 0.000000
vt -1.001296 3.144471 0.000000
vt -1.001296 3.493856 0.000000
vt -1.001296 4.192627 0.000000
vt -1.001296 4.367320 0.000000
vt -1.001296 4.542013 0.000000
vt -1.001296 4.891399 0.000000
vt -1.036474 2.795085 0.000000
vt -1.036474 3.144471 0.000000
vt -1.036474 3.493856 0.000000
vt -1.036474 4.192627 0.000000
vt -1.036474 4.367320 0.000000
vt -1.036474 4.542013 0.000000
vt -1.036474 4.891399 0.000000
vt -1.071652 2.795085 0.000000
vt -1.071652 3.144471 0.000000
vt -1.071652 3.493856 0.000000
vt -1.071652 4.192627 0.000000
vt -1.071652 4.367320 0.000000
vt -1.071652 4.542013 0.000000
vt -1.071652 4.891399 0.000000
vt -1.089241 2.795085 0.000000
vt -1.089241 3.144471 0.000000
vt -1.089241 3.493856 0.000000
vt -1.089241 4.192627 0.000000
vt -1.089241 4.367320 0.000000
vt -1.089241 4.542013 0.000000
vt -1.089241 4.891399 0.000000
vt -1.106830 2.795085 0.000000
vt -1.106830 3.144471 0.000000
vt -1.106830 3.493856 0.000000
vt -1.106830 4.192627 0.000000
vt -1.106830 4.367320 0.000000
vt -1.106830 4.542013 0.000000
vt -1.106830 4.891399 0.000000
vt -1.212365 2.795085 0.000000
vt -1.212365 3.144471 0.000000
vt -1.212365 3.493856 0.000000
vt -1.212365 4.192627 0.000000
vt -1.212365 4.367320 0.000000
vt -1.212365 4.542013 0.000000
vt -1.212365 4.891399 0.000000
vt -1.247543 2.795085 0.000000
vt -1.247543 3.144471 0.000000
vt -1.247543 3.493856 0.000000
vt -1.247543 4.192627 0.000000
vt -1.247543 4.367320 0.000000
vt -1.247543 4.542013 0.000000
vt -1.247543 4.891399 0.000000
vt -1.317899 2.795085 0.000000
vt -1.317899 3.144471 0.000000
vt -1.317899 3.493856 0.000000
vt -1.317899 4.192627 0.000000
vt -1.317899 4.367320 0.000000
vt -1.317899 4.542013 0.000000
vt -1.317899 4.891399 0.000000
vt -1.458611 2.795085 0.000000
vt -1.458611 3.144471 0.000000
vt -1.458611 3.493856 0.000000
vt -1.458611 4.192627 0.000000
vt -1.458611 4.367320 0.000000
vt -1.458611 4.542013 0.000000
vt -1.458611 4.891399 0.000000
vt -1.599324 2.795085 0.000000
vt -1.599324 3.144471 0.000000
vt -1.599324 3.493856 0.000000
vt -1.599324 4.192627 0.000000
vt -1.599324 4.367320 0.000000
vt -1.599324 4.542013 0.000000
vt -1.599324 4.891399 0.000000
vt -1.740036 2.795085 0.000000
vt -1.740036 3.144471 0.000000
vt -1.740036 3.493856 0.000000
vt -1.740036 4.192627 0.000000
vt -1.740036 4.367320 0.000000
vt -1.740036 4.542013 0.000000
vt -1.740036 4.891399 0.000000
vt -2.066073 2.795085 0.000000
vt -2.066073 3.144471 0.000000
vt -2.066073 3.493856 0.000000
vt -2.066073 4.542013 0.000000
vt -0.284862 4.891399 0.000000
vt -36.252346 0.795154 0.000000
vt -36.252346 0.000000 0.000000
vt -35.561109 0.397577 0.000000
vt -35.119504 0.000000 0.000000
vt -34.869872 0.397577 0.000000
vt -33.986615 0.000000 0.000000
vt -34.178635 0.397577 0.000000
vt -33.487398 0.397577 0.000000
vt -34.178635 0.795154 0.000000
vt -33.487398 0.795154 0.000000
vt -34.178635 1.192731 0.000000
vt -33.487398 1.192731 0.000000
vt -34.178635 1.590307 0.000000
vt -33.487398 1.590307 0.000000
vt -34.178635 2.385461 0.000000
vt -33.487398 2.385461 0.000000
vt -34.178635 3.180615 0.000000
vt -33.487398 3.180615 0.000000
vt -34.178635 3.578192 0.000000
vt -33.487398 3.578192 0.000000
vt -34.178635 3.975769 0.000000
vt -33.487398 3.975769 0.000000
vt -34.178635 4.770922 0.000000
vt -33.487398 4.770922 0.000000
vt -34.178635 5.566076 0.000000
vt -33.487398 5.566076 0.000000
vt -33.986433 6.361228 0.000000
vt -32.853687 6.361230 0.000000
vt -32.796160 5.566076 0.000000
vt -32.104923 5.566076 0.000000
vt -32.104923 4.770922 0.000000
vt -31.413686 4.770922 0.000000
vt -31.413686 3.975769 0.000000
vt -30.722449 3.975769 0.000000
vt -30.722449 3.578192 0.000000
vt -30.014116 3.578192 0.000000
vt -30.014116 3.180615 0.000000
vt -29.305784 3.180615 0.000000
vt -29.305784 2.385461 0.000000
vt -28.597452 2.385461 0.000000
vt -28.597452 1.590307 0.000000
vt -27.889120 1.590307 0.000000
vt -27.889120 1.192731 0.000000
vt -26.472456 1.192731 0.000000
vt -26.472456 0.795154 0.000000
vt -25.055792 0.795154 0.000000
vt -25.055792 0.397577 0.000000
vt -23.714750 0.397577 0.000000
vt -23.790517 0.000041 0.000000
vt -22.657713 0.000002 0.000000
vt -32.853690 0.000000 0.000000
vt -32.796160 0.397577 0.000000
vt -32.796160 0.795154 0.000000
vt -32.796160 1.192731 0.000000
vt -32.796160 1.590307 0.000000
vt -32.796160 2.385461 0.000000
vt -32.796160 3.180615 0.000000
vt -32.796160 3.578192 0.000000
vt -32.796160 3.975769 0.000000
vt -32.796160 4.770922 0.000000
vt -31.720838 0.000000 0.000000
vt -32.104923 0.397577 0.000000
vt -32.104923 0.795154 0.000000
vt -32.104923 1.192731 0.000000
vt -32.104923 1.590307 0.000000
vt -32.104923 2.385461 0.000000
vt -32.104923 3.180615 0.000000
vt -32.104923 3.578192 0.000000
vt -32.104923 3.975769 0.000000
vt -31.413686 0.397577 0.000000
vt -30.587945 0.000000 0.000000
vt -30.722449 0.397577 0.000000
vt -30.014116 0.397577 0.000000
vt -30.722449 0.795154 0.000000
vt -30.014116 0.795154 0.000000
vt -30.722449 1.192731 0.000000
vt -30.014116 1.192731 0.000000
vt -30.722449 1.590307 0.000000
vt -30.014116 1.590307 0.000000
vt -30.722449 2.385461 0.000000
vt -30.014116 2.385461 0.000000
vt -30.722449 3.180615 0.000000
vt -29.455031 0.000000 0.000000
vt -29.305784 0.397577 0.000000
vt -29.305784 0.795154 0.000000
vt -29.305784 1.192731 0.000000
vt -29.305784 1.590307 0.000000
vt -28.322104 0.000015 0.000000
vt -28.597452 0.397577 0.000000
vt -28.597452 0.795154 0.000000
vt -28.597452 1.192731 0.000000
vt -27.889120 0.397577 0.000000
vt -27.189124 0.000061 0.000000
vt -26.472456 0.397577 0.000000
vt -26.056157 0.000104 0.000000
vt -24.923283 0.000099 0.000000
vt -22.373708 0.397577 0.000000
vt -21.524602 0.000105 0.000000
vt -21.032666 0.397577 0.000000
vt -20.391535 0.000176 0.000000
vt -19.691624 0.397577 0.000000
vt -19.258814 0.000098 0.000000
vt -18.372686 0.397577 0.000000
vt -18.126173 0.000000 0.000000
vt -17.053748 0.397577 0.000000
vt -16.993235 0.000024 0.000000
vt -15.860388 0.000006 0.000000
vt -15.734810 0.397577 0.000000
vt -14.727525 0.000014 0.000000
vt -14.415872 0.397577 0.000000
vt -13.594648 0.000024 0.000000
vt -12.789651 0.397577 0.000000
vt -12.461744 0.000000 0.000000
vt -11.163431 0.397577 0.000000
vt -11.328894 0.000013 0.000000
vt -10.196021 0.000017 0.000000
vt -9.063091 0.000001 0.000000
vt -9.294992 0.397577 0.000000
vt -10.229211 0.397577 0.000000
vt -11.163431 0.795154 0.000000
vt -12.789651 0.795154 0.000000
vt -12.789651 1.192731 0.000000
vt -14.415872 1.192731 0.000000
vt -14.415872 1.590307 0.000000
vt -15.734810 1.590307 0.000000
vt -15.734810 2.385461 0.000000
vt -17.053748 2.385461 0.000000
vt -17.053748 3.180615 0.000000
vt -18.372686 3.180615 0.000000
vt -18.372686 3.578192 0.000000
vt -19.691624 3.578192 0.000000
vt -19.691624 3.975769 0.000000
vt -21.032666 3.975769 0.000000
vt -21.032666 4.770922 0.000000
vt -22.373708 4.770922 0.000000
vt -22.373708 5.566076 0.000000
vt -23.714750 5.566076 0.000000
vt -22.657723 6.361230 0.000000
vt -24.923828 6.361226 0.000000
vt -8.360773 0.397577 0.000000
vt -7.930225 0.000000 0.000000
vt -7.426554 0.397577 0.000000
vt -6.797367 0.000000 0.000000
vt -6.353187 0.397577 0.000000
vt -5.664456 0.000000 0.000000
vt -5.279820 0.397577 0.000000
vt -4.531544 0.000000 0.000000
vt -4.743137 0.397577 0.000000
vt -4.206453 0.397577 0.000000
vt -4.743137 0.795154 0.000000
vt -4.206453 0.795154 0.000000
vt -4.743137 1.192731 0.000000
vt -4.206453 1.192731 0.000000
vt -4.743137 1.590307 0.000000
vt -4.206453 1.590307 0.000000
vt -4.743137 2.385461 0.000000
vt -4.206453 2.385461 0.000000
vt -4.743137 3.180615 0.000000
vt -4.206453 3.180615 0.000000
vt -4.743137 3.578192 0.000000
vt -4.206453 3.578192 0.000000
vt -4.743137 3.975769 0.000000
vt -4.206453 3.975769 0.000000
vt -4.743137 4.770922 0.000000
vt -4.206453 4.770922 0.000000
vt -4.743137 5.566076 0.000000
vt -4.206453 5.566076 0.000000
vt -4.531535 6.361230 0.000000
vt -3.964963 6.361227 0.000000
vt -3.669770 5.566076 0.000000
vt -3.398312 6.361223 0.000000
vt -3.133087 5.566076 0.000000
vt -2.831673 6.361219 0.000000
vt -2.349815 5.566076 0.000000
vt -2.265123 6.361217 0.000000
vt -1.698715 6.361218 0.000000
vt -1.566543 5.566076 0.000000
vt -1.132457 6.361222 0.000000
vt -0.783272 5.566076 0.000000
vt -0.566282 6.361227 0.000000
vt -0.000000 5.566076 0.000000
vt -0.000000 6.361230 0.000000
vt -3.398681 0.000000 0.000000
vt -3.669770 0.397577 0.000000
vt -3.669770 0.795154 0.000000
vt -3.669770 1.192731 0.000000
vt -3.669770 1.590307 0.000000
vt -3.669770 2.385461 0.000000
vt -3.669770 3.180615 0.000000
vt -3.669770 3.578192 0.000000
vt -3.669770 3.975769 0.000000
vt -3.669770 4.770922 0.000000
vt -3.133087 0.397577 0.000000
vt -2.265810 0.000000 0.000000
vt -2.349815 0.397577 0.000000
vt -1.566543 0.397577 0.000000
vt -2.349815 0.795154 0.000000
vt -1.566543 0.795154 0.000000
vt -2.349815 1.192731 0.000000
vt -1.566543 1.192731 0.000000
vt -2.349815 1.590307 0.000000
vt -1.566543 1.590307 0.000000
vt -2.349815 2.385461 0.000000
vt -1.566543 2.385461 0.000000
vt -2.349815 3.180615 0.000000
vt -1.566543 3.180615 0.000000
vt -2.349815 3.578192 0.000000
vt -1.566543 3.578192 0.000000
vt -2.349815 3.975769 0.000000
vt -1.566543 3.975769 0.000000
vt -2.349815 4.770922 0.000000
vt -1.566543 4.770922 0.000000
vt -1.132908 0.000000 0.000000
vt -0.783272 0.397577 0.000000
vt -0.783272 0.795154 0.000000
vt -0.783272 1.192731 0.000000
vt -0.783272 1.590307 0.000000
vt -0.783272 2.385461 0.000000
vt -0.783272 3.180615 0.000000
vt -0.783272 3.578192 0.000000
vt -0.783272 3.975769 0.000000
vt -0.783272 4.770922 0.000000
vt -0.000000 0.000000 0.000000
vt -0.000000 0.795154 0.000000
vt -0.000000 1.590307 0.000000
vt -0.000000 2.385461 0.000000
vt -0.000000 3.180615 0.000000
vt -0.000000 3.975769 0.000000
vt -0.000000 4.770922 0.000000
vt -5.098004 6.361230 0.000000
vt -5.279820 5.566076 0.000000
vt -5.279820 4.770922 0.000000
vt -5.279820 3.975769 0.000000
vt -5.279820 3.578192 0.000000
vt -5.279820 3.180615 0.000000
vt -5.279820 2.385461 0.000000
vt -5.279820 1.590307 0.000000
vt -5.279820 1.192731 0.000000
vt -5.279820 0.795154 0.000000
vt -5.664510 6.361230 0.000000
vt -6.353187 5.566076 0.000000
vt -6.353187 4.770922 0.000000
vt -6.353187 3.975769 0.000000
vt -6.353187 3.578192 0.000000
vt -6.353187 3.180615 0.000000
vt -6.353187 2.385461 0.000000
vt -6.353187 1.590307 0.000000
vt -6.353187 1.192731 0.000000
vt -6.353187 0.795154 0.000000
vt -6.797488 6.361230 0.000000
vt -7.426554 5.566076 0.000000
vt -7.426554 4.770922 0.000000
vt -7.426554 3.975769 0.000000
vt -7.426554 3.578192 0.000000
vt -7.426554 3.180615 0.000000
vt -7.426554 2.385461 0.000000
vt -7.426554 1.590307 0.000000
vt -7.426554 1.192731 0.000000
vt -7.426554 0.795154 0.000000
vt -7.930286 6.361230 0.000000
vt -8.360773 5.566076 0.000000
vt -8.360773 4.770922 0.000000
vt -8.360773 3.975769 0.000000
vt -8.360773 3.578192 0.000000
vt -8.360773 3.180615 0.000000
vt -8.360773 2.385461 0.000000
vt -8.360773 1.590307 0.000000
vt -8.360773 1.192731 0.000000
vt -8.360773 0.795154 0.000000
vt -9.063114 6.361230 0.000000
vt -9.294992 5.566076 0.000000
vt -9.294992 4.770922 0.000000
vt -9.294992 3.975769 0.000000
vt -9.294992 3.578192 0.000000
vt -9.294992 3.180615 0.000000
vt -9.294992 2.385461 0.000000
vt -9.294992 1.590307 0.000000
vt -9.294992 1.192731 0.000000
vt -9.294992 0.795154 0.000000
vt -10.229211 5.566076 0.000000
vt -11.329101 6.361230 0.000000
vt -11.163431 5.566076 0.000000
vt -12.789651 5.566076 0.000000
vt -11.163431 4.770922 0.000000
vt -12.789651 4.770922 0.000000
vt -11.163431 3.975769 0.000000
vt -12.789651 3.975769 0.000000
vt -11.163431 3.578192 0.000000
vt -12.789651 3.578192 0.000000
vt -11.163431 3.180615 0.000000
vt -12.789651 3.180615 0.000000
vt -11.163431 2.385461 0.000000
vt -12.789651 2.385461 0.000000
vt -11.163431 1.590307 0.000000
vt -12.789651 1.590307 0.000000
vt -11.163431 1.192731 0.000000
vt -13.594848 6.361230 0.000000
vt -14.415872 5.566076 0.000000
vt -14.415872 4.770922 0.000000
vt -14.415872 3.975769 0.000000
vt -14.415872 3.578192 0.000000
vt -14.415872 3.180615 0.000000
vt -14.415872 2.385461 0.000000
vt -14.727638 6.361230 0.000000
vt -15.734810 5.566076 0.000000
vt -15.734810 4.770922 0.000000
vt -15.734810 3.975769 0.000000
vt -15.734810 3.578192 0.000000
vt -15.734810 3.180615 0.000000
vt -15.860434 6.361230 0.000000
vt -16.993402 6.361230 0.000000
vt -17.053748 5.566076 0.000000
vt -18.126173 6.361230 0.000000
vt -18.372686 5.566076 0.000000
vt -19.259397 6.361230 0.000000
vt -19.691624 5.566076 0.000000
vt -20.392569 6.361230 0.000000
vt -21.032666 5.566076 0.000000
vt -21.525216 6.361230 0.000000
vt -27.189443 6.361220 0.000000
vt -26.472456 5.566076 0.000000
vt -25.055792 5.566076 0.000000
vt -23.714750 4.770922 0.000000
vt -22.373708 3.975769 0.000000
vt -21.032666 3.578192 0.000000
vt -19.691624 3.180615 0.000000
vt -18.372686 2.385461 0.000000
vt -17.053748 1.590307 0.000000
vt -15.734810 1.192731 0.000000
vt -14.415872 0.795154 0.000000
vt -29.455031 6.361230 0.000000
vt -28.597452 5.566076 0.000000
vt -27.889120 5.566076 0.000000
vt -26.472456 4.770922 0.000000
vt -25.055792 4.770922 0.000000
vt -25.055792 3.975769 0.000000
vt -23.714750 3.975769 0.000000
vt -23.714750 3.578192 0.000000
vt -22.373708 3.578192 0.000000
vt -22.373708 3.180615 0.000000
vt -21.032666 3.180615 0.000000
vt -21.032666 2.385461 0.000000
vt -19.691624 2.385461 0.000000
vt -19.691624 1.590307 0.000000
vt -18.372686 1.590307 0.000000
vt -18.372686 1.192731 0.000000
vt -17.053748 1.192731 0.000000
vt -17.053748 0.795154 0.000000
vt -15.734810 0.795154 0.000000
vt -30.587831 6.361228 0.000000
vt -30.014116 5.566076 0.000000
vt -29.305784 5.566076 0.000000
vt -28.597452 4.770922 0.000000
vt -27.889120 4.770922 0.000000
vt -27.889120 3.975769 0.000000
vt -26.472456 3.975769 0.000000
vt -26.472456 3.578192 0.000000
vt -25.055792 3.578192 0.000000
vt -25.055792 3.180615 0.000000
vt -23.714750 3.180615 0.000000
vt -23.714750 2.385461 0.000000
vt -22.373708 2.385461 0.000000
vt -22.373708 1.590307 0.000000
vt -21.032666 1.590307 0.000000
vt -21.032666 1.192731 0.000000
vt -19.691624 1.192731 0.000000
vt -19.691624 0.795154 0.000000
vt -18.372686 0.795154 0.000000
vt -31.720691 6.361227 0.000000
vt -31.413686 5.566076 0.000000
vt -30.722449 5.566076 0.000000
vt -30.014116 4.770922 0.000000
vt -29.305784 4.770922 0.000000
vt -29.305784 3.975769 0.000000
vt -28.597452 3.975769 0.000000
vt -28.597452 3.578192 0.000000
vt -27.889120 3.578192 0.000000
vt -27.889120 3.180615 0.000000
vt -26.472456 3.180615 0.000000
vt -26.472456 2.385461 0.000000
vt -25.055792 2.385461 0.000000
vt -25.055792 1.590307 0.000000
vt -23.714750 1.590307 0.000000
vt -23.714750 1.192731 0.000000
vt -22.373708 1.192731 0.000000
vt -22.373708 0.795154 0.000000
vt -21.032666 0.795154 0.000000
vt -34.869872 5.566076 0.000000
vt -35.119302 6.361229 0.000000
vt -35.561109 5.566076 0.000000
vt -36.252346 6.361230 0.000000
vt -36.252346 5.566076 0.000000
vt -35.561109 4.770922 0.000000
vt -36.252346 4.770922 0.000000
vt -35.561109 3.975769 0.000000
vt -36.252346 3.975769 0.000000
vt -35.561109 3.578192 0.000000
vt -36.252346 3.180615 0.000000
vt -35.561109 3.180615 0.000000
vt -35.561109 2.385461 0.000000
vt -34.869872 2.385461 0.000000
vt -34.869872 1.590307 0.000000
vt -36.252346 2.385461 0.000000
vt -35.561109 1.590307 0.000000
vt -34.869872 1.192731 0.000000
vt -36.252346 1.590307 0.000000
vt -35.561109 1.192731 0.000000
vt -34.869872 0.795154 0.000000
vt -35.561109 0.795154 0.000000
vt -3.133087 0.795154 0.000000
vt -3.133087 1.192731 0.000000
vt -3.133087 1.590307 0.000000
vt -3.133087 2.385461 0.000000
vt -3.133087 3.180615 0.000000
vt -3.133087 3.578192 0.000000
vt -3.133087 3.975769 0.000000
vt -3.133087 4.770922 0.000000
vt -10.229211 0.795154 0.000000
vt -10.229211 1.192731 0.000000
vt -10.229211 1.590307 0.000000
vt -10.229211 2.385461 0.000000
vt -10.229211 3.180615 0.000000
vt -10.229211 3.578192 0.000000
vt -10.229211 3.975769 0.000000
vt -10.229211 4.770922 0.000000
vt -23.714750 0.795154 0.000000
vt -27.889120 0.795154 0.000000
vt -31.413686 0.795154 0.000000
vt -31.413686 1.192731 0.000000
vt -31.413686 1.590307 0.000000
vt -31.413686 2.385461 0.000000
vt -31.413686 3.180615 0.000000
vt -31.413686 3.578192 0.000000
vt -25.055792 1.192731 0.000000
vt -26.472456 1.590307 0.000000
vt -27.889120 2.385461 0.000000
vt -28.597452 3.180615 0.000000
vt -29.305784 3.578192 0.000000
vt -30.014116 3.975769 0.000000
vt -30.722449 4.770922 0.000000
vt -34.869872 3.180615 0.000000
vt -17.053748 3.578192 0.000000
vt -17.053748 3.975769 0.000000
vt -17.053748 4.770922 0.000000
vt -34.869872 3.578192 0.000000
vt -34.869872 3.975769 0.000000
vt -34.869872 4.770922 0.000000
vt -18.372686 3.975769 0.000000
vt -19.691624 4.770922 0.000000
vt -18.372686 4.770922 0.000000
vn -0.069125 -0.014892 0.070710
vn -0.068881 -0.015984 0.070710
vn -0.068715 -0.016683 0.070711
vn -0.068810 -0.016285 0.070711
vn -0.068462 -0.017692 0.070711
vn -0.068406 -0.017904 0.070711
vn -0.068360 -0.018080 0.070711
vn -0.068325 -0.018214 0.070711
vn -0.068301 -0.018301 0.070711
vn -0.069356 -0.013779 0.070710
vn -0.069471 -0.013190 0.070710
vn -0.069615 -0.012402 0.070710
vn -0.069757 -0.011578 0.070710
vn -0.069837 -0.011089 0.070710
vn -0.069992 -0.010057 0.070710
vn -0.070023 -0.009839 0.070710
vn -0.070182 -0.008629 0.070711
vn -0.070180 -0.008652 0.070711
vn -0.070308 -0.007533 0.070711
vn -0.070292 -0.007682 0.070711
vn -0.070411 -0.006504 0.070711
vn -0.070427 -0.006331 0.070711
vn -0.070492 -0.005550 0.070711
vn -0.070526 -0.005107 0.070711
vn -0.070556 -0.004667 0.070711
vn -0.070597 -0.004007 0.070711
vn -0.070609 -0.003797 0.070711
vn -0.070646 -0.003028 0.070711
vn -0.070647 -0.003007 0.070711
vn -0.070674 -0.002281 0.070711
vn -0.070673 -0.002290 0.070711
vn -0.070692 -0.001613 0.070711
vn -0.070694 -0.001549 0.070711
vn -0.070704 -0.001002 0.070711
vn -0.070705 -0.000878 0.070711
vn -0.070709 -0.000444 0.070711
vn -0.070710 -0.000265 0.070711
vn -0.070710 0.000096 0.070711
vn -0.070710 0.000332 0.070711
vn -0.070708 0.000624 0.070711
vn -0.070705 0.000913 0.070711
vn -0.070699 0.001294 0.070711
vn -0.070695 0.001484 0.070711
vn -0.070682 0.001996 0.070711
vn -0.070679 0.002098 0.070711
vn -0.070660 0.002676 0.070711
vn -0.070656 0.002772 0.070711
vn -0.070628 0.003417 0.070711
vn -0.070624 0.003503 0.070711
vn -0.070584 0.004231 0.070711
vn -0.070579 0.004307 0.070711
vn -0.070522 0.005152 0.070711
vn -0.070517 0.005215 0.070711
vn -0.070435 0.006227 0.070712
vn -0.070333 -0.007301 0.070711
vn -0.070447 -0.006096 0.070711
vn -0.070534 -0.004996 0.070711
vn -0.070597 -0.004000 0.070711
vn -0.070643 -0.003103 0.070711
vn -0.070425 0.006338 0.070712
vn -0.070328 0.007341 0.070711
vn -0.070294 0.007665 0.070711
vn -0.070191 0.008560 0.070711
vn -0.070118 0.009133 0.070711
vn -0.070016 0.009889 0.070711
vn -0.069887 0.010763 0.070711
vn -0.069796 0.011335 0.070711
vn -0.069654 0.012176 0.070711
vn -0.069525 0.012895 0.070711
vn -0.069376 0.013677 0.070710
vn -0.069199 0.014546 0.070710
vn -0.069127 0.014882 0.070710
vn -0.068810 0.016284 0.070711
vn -0.068846 0.016132 0.070711
vn -0.068530 0.017426 0.070711
vn -0.068881 0.015984 0.070711
vn -0.068389 0.017972 0.070711
vn -0.068177 0.018760 0.070711
vn -0.067815 0.020031 0.070710
vn -0.067791 0.020110 0.070710
vn -0.067375 0.021464 0.070710
vn -0.067828 0.019984 0.070710
vn -0.067147 0.022167 0.070710
vn -0.068353 0.018107 0.070711
vn -0.067168 0.022104 0.070710
vn -0.066793 0.023209 0.070711
vn -0.066446 0.024184 0.070711
vn -0.069291 0.014099 0.070710
vn -0.069630 0.012318 0.070711
vn -0.069903 0.010657 0.070711
vn -0.070118 0.009133 0.070711
vn -0.070284 0.007753 0.070711
vn -0.070411 0.006496 0.070711
vn -0.070506 0.005363 0.070711
vn -0.070576 0.004355 0.070711
vn -0.070625 0.003472 0.070711
vn -0.070660 0.002676 0.070711
vn -0.070684 0.001949 0.070711
vn -0.070699 0.001294 0.070711
vn -0.070707 0.000667 0.070711
vn -0.070711 0.000021 0.070711
vn -0.070708 -0.000643 0.070711
vn -0.070698 -0.001352 0.070711
vn -0.070678 -0.002147 0.070711
vn -0.070112 -0.009183 0.070710
vn -0.069883 -0.010795 0.070710
vn -0.069595 -0.012516 0.070710
vn -0.069241 -0.014347 0.070710
vn 0.068353 0.018107 0.070711
vn 0.068280 0.018381 0.070711
vn 0.067828 0.019984 0.070710
vn 0.067733 0.020306 0.070710
vn 0.067147 0.022167 0.070710
vn 0.067733 0.020306 0.070710
vn 0.067733 0.020306 0.070710
vn 0.068280 0.018382 0.070711
vn 0.068280 0.018382 0.070711
vn 0.068758 0.016504 0.070711
vn 0.068389 0.017972 0.070711
vn 0.068881 0.015984 0.070711
vn 0.069163 0.014715 0.070710
vn 0.069291 0.014099 0.070710
vn 0.069502 0.013018 0.070711
vn 0.069630 0.012318 0.070711
vn 0.069783 0.011414 0.070711
vn 0.069903 0.010657 0.070711
vn 0.070010 0.009929 0.070711
vn 0.070118 0.009133 0.070711
vn 0.070190 0.008565 0.070711
vn 0.070284 0.007753 0.070711
vn 0.070330 0.007320 0.070711
vn 0.070411 0.006496 0.070711
vn 0.070439 0.006182 0.070712
vn 0.070506 0.005363 0.070711
vn 0.070522 0.005152 0.070711
vn 0.070576 0.004355 0.070711
vn 0.070584 0.004230 0.070711
vn 0.070625 0.003472 0.070711
vn 0.070628 0.003417 0.070711
vn 0.070660 0.002676 0.070711
vn 0.070660 0.002676 0.070711
vn 0.070682 0.001995 0.070711
vn 0.070682 0.001996 0.070711
vn 0.070699 0.001294 0.070711
vn 0.070699 0.001294 0.070711
vn 0.070708 0.000624 0.070711
vn 0.070708 0.000624 0.070711
vn 0.070710 0.000108 0.070711
vn 0.070710 0.000108 0.070711
vn 0.070709 -0.000420 0.070711
vn 0.070709 -0.000420 0.070711
vn 0.070704 -0.000963 0.070711
vn 0.070704 -0.000963 0.070711
vn 0.070694 -0.001553 0.070711
vn 0.070694 -0.001552 0.070711
vn 0.070667 -0.002495 0.070711
vn 0.070667 -0.002495 0.070711
vn 0.070622 -0.003549 0.070711
vn 0.070622 -0.003549 0.070711
vn 0.070551 -0.004749 0.070711
vn 0.070551 -0.004749 0.070711
vn 0.070446 -0.006110 0.070711
vn 0.070446 -0.006110 0.070711
vn 0.070285 -0.007744 0.070711
vn 0.070285 -0.007744 0.070711
vn 0.070057 -0.009594 0.070710
vn 0.070057 -0.009594 0.070710
vn 0.069753 -0.011605 0.070710
vn 0.069753 -0.011605 0.070710
vn 0.069356 -0.013779 0.070710
vn 0.069356 -0.013779 0.070710
vn 0.068881 -0.015984 0.070710
vn 0.068881 -0.015984 0.070710
vn 0.068301 -0.018301 0.070711
vn 0.068715 -0.016683 0.070711
vn 0.069125 -0.014892 0.070710
vn 0.069471 -0.013190 0.070710
vn 0.069757 -0.011578 0.070710
vn 0.069992 -0.010057 0.070710
vn 0.070182 -0.008629 0.070711
vn 0.070333 -0.007301 0.070711
vn 0.070447 -0.006096 0.070711
vn 0.070534 -0.004996 0.070711
vn 0.070597 -0.004000 0.070711
vn 0.070643 -0.003103 0.070711
vn 0.070673 -0.002290 0.070711
vn 0.070694 -0.001551 0.070711
vn 0.070694 -0.001549 0.070711
vn 0.070704 -0.000963 0.070711
vn 0.070705 -0.000878 0.070711
vn 0.070709 -0.000420 0.070711
vn 0.070710 -0.000265 0.070711
vn 0.070710 0.000108 0.070711
vn 0.070710 0.000332 0.070711
vn 0.070708 0.000624 0.070711
vn 0.070705 0.000913 0.070711
vn 0.070699 0.001294 0.070711
vn 0.070695 0.001484 0.070711
vn 0.070682 0.001996 0.070711
vn 0.070679 0.002098 0.070711
vn 0.070660 0.002676 0.070711
vn 0.070656 0.002772 0.070711
vn 0.070628 0.003417 0.070711
vn 0.070624 0.003503 0.070711
vn 0.070584 0.004231 0.070711
vn 0.070579 0.004307 0.070711
vn 0.070522 0.005152 0.070711
vn 0.070517 0.005215 0.070711
vn 0.070439 0.006182 0.070712
vn 0.070435 0.006227 0.070712
vn 0.070330 0.007320 0.070711
vn 0.070328 0.007341 0.070711
vn 0.070190 0.008561 0.070711
vn 0.070191 0.008560 0.070711
vn 0.070016 0.009889 0.070711
vn 0.070010 0.009929 0.070711
vn 0.069796 0.011335 0.070711
vn 0.069783 0.011414 0.070711
vn 0.069525 0.012895 0.070711
vn 0.069502 0.013017 0.070711
vn 0.069199 0.014546 0.070710
vn 0.069163 0.014715 0.070710
vn 0.068810 0.016284 0.070711
vn 0.068758 0.016504 0.070711
vn 0.068810 -0.016285 0.070711
vn 0.068881 -0.015984 0.070710
vn 0.068881 -0.015984 0.070710
vn 0.069241 -0.014347 0.070710
vn 0.069356 -0.013779 0.070710
vn 0.069356 -0.013779 0.070710
vn 0.069753 -0.011605 0.070710
vn 0.069595 -0.012516 0.070710
vn 0.069753 -0.011605 0.070710
vn 0.070057 -0.009594 0.070710
vn 0.069883 -0.010795 0.070710
vn 0.070057 -0.009594 0.070710
vn 0.070285 -0.007744 0.070711
vn 0.070112 -0.009183 0.070710
vn 0.070285 -0.007744 0.070711
vn 0.070446 -0.006110 0.070711
vn 0.070292 -0.007682 0.070711
vn 0.070427 -0.006331 0.070711
vn 0.070446 -0.006110 0.070711
vn 0.070526 -0.005107 0.070711
vn 0.070551 -0.004749 0.070711
vn 0.070597 -0.004007 0.070711
vn 0.070622 -0.003548 0.070711
vn 0.070646 -0.003028 0.070711
vn 0.070667 -0.002495 0.070711
vn 0.070678 -0.002147 0.070711
vn 0.070693 -0.001554 0.070711
vn 0.070698 -0.001352 0.070711
vn 0.070708 -0.000643 0.070711
vn 0.070711 0.000021 0.070711
vn 0.070707 0.000667 0.070711
vn 0.070699 0.001294 0.070711
vn 0.070684 0.001949 0.070711
vn 0.067815 0.020031 0.070710
vn 0.067733 0.020306 0.070710
vn 0.067122 0.022242 0.070710
vn 0.066793 0.023209 0.070711
vn 0.067122 0.022242 0.070710
vn 0.067168 0.022104 0.070710
vn 0.066446 0.024184 0.070711
vn 0.068280 0.018382 0.070711
vn 0.068758 0.016504 0.070711
vn 0.069163 0.014715 0.070710
vn 0.069502 0.013017 0.070711
vn 0.069783 0.011414 0.070711
vn 0.070010 0.009929 0.070711
vn 0.070190 0.008563 0.070711
vn 0.070330 0.007320 0.070711
vn 0.070439 0.006182 0.070712
vn 0.070522 0.005152 0.070711
vn 0.070584 0.004231 0.070711
vn 0.070628 0.003417 0.070711
vn 0.068758 0.016504 0.070711
vn 0.069163 0.014715 0.070710
vn 0.069502 0.013017 0.070711
vn 0.069783 0.011414 0.070711
vn 0.070010 0.009929 0.070711
vn 0.070190 0.008564 0.070711
vn 0.070330 0.007320 0.070711
vn 0.070439 0.006182 0.070712
vn 0.070522 0.005152 0.070711
vn 0.070584 0.004230 0.070711
vn 0.070628 0.003417 0.070711
vn 0.070660 0.002676 0.070711
vn 0.070660 0.002676 0.070711
vn 0.070682 0.001996 0.070711
vn 0.070699 0.001294 0.070711
vn 0.070708 0.000624 0.070711
vn 0.070710 0.000108 0.070711
vn 0.070709 -0.000420 0.070711
vn 0.070704 -0.000963 0.070711
vn 0.070667 -0.002495 0.070711
vn 0.070622 -0.003548 0.070711
vn 0.070551 -0.004749 0.070711
vn 0.000000 -0.070711 0.070711
vn 0.000000 -0.070711 0.070711
vn 0.000000 -0.070711 0.070711
vn 0.000000 -0.070711 0.070711
vn 0.000000 -0.070711 0.070711
vn 0.000000 -0.070711 0.070711
vn 0.000000 -0.070711 0.070711
vn 0.000000 -0.070711 0.070711
vn 0.000000 -0.070711 0.070711
vn 0.000000 0.000000 0.100000
vn 0.000000 0.000000 0.100000
vn 0.000000 0.000000 0.100000
vn 0.000000 0.000000 0.100000
vn 0.000000 0.000000 0.100000
vn 0.000000 0.000000 0.100000
vn 0.000000 0.000000 0.100000
vn 0.000000 0.000000 0.100000
vn 0.000000 0.000000 0.100000
vn 0.000000 0.000000 0.100000
vn 0.000000 0.000000 0.100000
vn 0.000000 0.000000 0.100000
vn 0.000000 0.000000 0.100000
vn 0.000000 0.000000 0.100000
vn 0.000000 0.000000 0.100000
vn 0.000000 0.000000 0.100000
vn 0.000000 0.000000 0.100000
vn 0.000000 0.000000 0.100000
vn 0.000000 0.000000 0.100000
vn 0.000000 0.000000 0.100000
vn 0.000000 0.000000 0.100000
vn 0.000000 0.000000 0.100000
vn 0.000000 0.000000 0.100000
vn 0.000000 0.000000 0.100000
vn 0.000000 0.000000 0.100000
vn 0.000000 0.000000 0.100000
vn 0.000000 0.000000 0.100000
vn 0.000000 0.000000 0.100000
vn 0.000000 0.000000 0.100000
vn 0.000000 0.000000 0.100000
vn 0.000000 0.000000 0.100000
vn 0.000000 0.000000 0.100000
vn 0.000000 0.000000 0.100000
vn 0.000000 0.000000 0.100000
vn 0.000000 0.000000 0.100000
vn 0.000000 0.000000 0.100000
vn 0.000000 0.000000 0.100000
vn 0.000000 0.000000 0.100000
vn 0.000000 0.000000 0.100000
vn 0.000000 0.000000 0.100000
vn 0.000000 0.000000 0.100000
vn 0.000000 0.000000 0.100000
vn 0.000000 0.000000 0.100000
vn 0.000000 0.000000 0.100000
vn 0.000000 0.000000 0.100000
vn 0.000000 0.000000 0.100000
vn 0.000000 0.000000 0.100000
vn 0.000000 0.000000 0.100000
vn 0.000000 0.000000 0.100000
vn 0.000000 0.000000 0.100000
vn 0.000000 0.000000 0.100000
vn 0.000000 0.000000 0.100000
vn 0.000000 0.000000 0.100000
vn 0.000000 0.000000 0.100000
vn 0.000000 0.000000 0.100000
vn 0.000000 0.000000 0.100000
vn 0.000000 0.000000 0.100000
vn 0.000000 0.000000 0.100000
vn 0.000000 0.000000 0.100000
vn 0.000000 0.000000 0.100000
vn 0.000000 0.000000 0.100000
vn 0.000000 0.000000 0.100000
vn 0.000000 0.000000 0.100000
vn 0.000000 0.000000 0.100000
vn 0.000000 0.000000 0.100000
vn 0.000000 -0.000000 -0.100000
vn 0.000000 -0.000000 -0.100000
vn 0.000000 -0.000000 -0.100000
vn 0.000000 -0.000000 -0.100000
vn 0.000000 -0.000000 -0.100000
vn 0.000000 -0.000000 -0.100000
vn 0.000000 -0.000000 -0.100000
vn 0.000000 -0.000000 -0.100000
vn 0.000000 -0.000000 -0.100000
vn 0.000000 -0.000000 -0.100000
vn 0.000000 -0.000000 -0.100000
vn 0.000000 -0.000000 -0.100000
vn 0.000000 -0.000000 -0.100000
vn 0.000000 -0.000000 -0.100000
vn 0.000000 -0.000000 -0.100000
vn 0.000000 -0.000000 -0.100000
vn 0.000000 -0.000000 -0.100000
vn 0.000000 -0.000000 -0.100000
vn 0.000000 -0.000000 -0.100000
vn 0.000000 -0.000000 -0.100000
vn 0.000000 -0.000000 -0.100000
vn 0.000000 -0.000000 -0.100000
vn 0.000000 -0.000000 -0.100000
vn 0.000000 -0.000000 -0.100000
vn 0.000000 -0.000000 -0.100000
vn 0.000000 -0.000000 -0.100000
vn 0.000000 -0.000000 -0.100000
vn 0.000000 -0.000000 -0.100000
vn 0.000000 -0.000000 -0.100000
vn 0.000000 -0.000000 -0.100000
vn 0.000000 -0.000000 -0.100000
vn 0.000000 -0.000000 -0.100000
vn 0.000000 -0.000000 -0.100000
vn 0.000000 -0.000000 -0.100000
vn 0.000000 -0.000000 -0.100000
vn 0.000000 -0.000000 -0.100000
vn 0.000000 -0.000000 -0.100000
vn 0.000000 -0.000000 -0.100000
vn 0.000000 -0.000000 -0.100000
vn 0.000000 -0.000000 -0.100000
vn 0.000000 -0.000000 -0.100000
vn 0.000000 -0.000000 -0.100000
vn 0.000000 -0.000000 -0.100000
vn 0.000000 -0.000000 -0.100000
vn 0.000000 -0.000000 -0.100000
vn 0.000000 -0.000000 -0.100000
vn 0.000000 -0.000000 -0.100000
vn 0.000000 -0.000000 -0.100000
vn 0.000000 -0.000000 -0.100000
vn 0.000000 -0.000000 -0.100000
vn 0.000000 -0.000000 -0.100000
vn 0.000000 -0.000000 -0.100000
vn 0.000000 -0.000000 -0.100000
vn 0.000000 -0.000000 -0.100000
vn 0.000000 -0.000000 -0.100000
vn 0.000000 -0.000000 -0.100000
vn 0.000000 -0.000000 -0.100000
vn 0.000000 -0.000000 -0.100000
vn 0.000000 -0.000000 -0.100000
vn 0.000000 -0.000000 -0.100000
vn 0.000000 -0.000000 -0.100000
vn 0.000000 -0.000000 -0.100000
vn 0.000000 -0.000000 -0.100000
vn 0.000000 -0.000000 -0.100000
vn 0.000000 -0.000000 -0.100000
vn 0.000000 -0.000000 -0.100000
vn 0.000000 -0.000000 -0.100000
vn 0.000000 -0.000000 -0.100000
vn 0.000000 -0.000000 -0.100000
vn 0.000000 -0.000000 -0.100000
vn 0.000000 -0.000000 -0.100000
vn 0.000000 -0.000000 -0.100000
vn 0.000000 -0.000000 -0.100000
vn 0.000000 -0.000000 -0.100000
vn 0.000000 -0.000000 -0.100000
vn 0.000000 -0.000000 -0.100000
vn 0.000000 -0.000000 -0.100000
vn 0.000000 -0.000000 -0.100000
vn 0.000000 -0.000000 -0.100000
vn 0.000000 -0.000000 -0.100000
vn 0.000000 -0.000000 -0.100000
vn 0.000000 -0.000000 -0.100000
vn 0.000000 -0.000000 -0.100000
vn 0.000000 -0.000000 -0.100000
vn 0.000000 -0.000000 -0.100000
vn 0.000000 -0.000000 -0.100000
vn 0.000000 -0.000000 -0.100000
vn 0.000000 -0.000000 -0.100000
vn 0.000000 -0.000000 -0.100000
vn 0.000000 -0.000000 -0.100000
vn 0.000000 -0.000000 -0.100000
vn 0.000000 -0.000000 -0.100000
vn -0.084633 -0.020040 -0.049353
vn -0.084743 -0.020642 -0.048913
vn -0.084318 -0.022593 -0.048786
vn -0.084944 -0.020280 -0.048716
vn -0.085142 -0.021201 -0.047972
vn -0.085148 -0.019908 -0.048513
vn -0.085355 -0.019526 -0.048304
vn -0.085251 -0.018309 -0.048960
vn -0.085449 -0.017919 -0.048759
vn -0.085263 -0.016773 -0.049487
vn -0.085449 -0.016384 -0.049296
vn -0.085205 -0.015303 -0.050059
vn -0.085378 -0.014920 -0.049880
vn -0.085127 -0.014227 -0.050508
vn -0.085288 -0.013853 -0.050339
vn -0.085027 -0.013190 -0.050956
vn -0.085178 -0.012828 -0.050796
vn -0.084911 -0.012195 -0.051395
vn -0.085051 -0.011847 -0.051244
vn -0.084781 -0.011251 -0.051823
vn -0.084910 -0.010921 -0.051681
vn -0.084505 -0.009505 -0.052617
vn -0.084614 -0.009210 -0.052494
vn -0.084235 -0.007936 -0.053305
vn -0.084326 -0.007680 -0.053199
vn -0.084043 -0.006808 -0.053763
vn -0.084120 -0.006584 -0.053670
vn -0.083878 -0.005779 -0.054140
vn -0.083943 -0.005586 -0.054059
vn -0.083746 -0.004841 -0.054436
vn -0.083799 -0.004678 -0.054368
vn -0.083650 -0.003984 -0.054652
vn -0.083692 -0.003849 -0.054596
vn -0.083570 -0.002772 -0.054848
vn -0.083598 -0.002680 -0.054810
vn -0.083586 -0.001710 -0.054867
vn -0.083602 -0.001655 -0.054845
vn -0.083693 -0.000759 -0.054726
vn -0.083699 -0.000737 -0.054717
vn -0.083878 0.000097 -0.054447
vn -0.083877 0.000092 -0.054449
vn -0.084145 0.000937 -0.054025
vn -0.084139 0.000907 -0.054035
vn -0.084488 0.001796 -0.053466
vn -0.084478 0.001744 -0.053482
vn -0.084906 0.002753 -0.052758
vn -0.084896 0.002679 -0.052778
vn -0.085389 0.003842 -0.051904
vn -0.085381 0.003746 -0.051923
vn -0.085966 0.005221 -0.050820
vn -0.085964 0.005099 -0.050835
vn -0.086580 0.006842 -0.049569
vn -0.086588 0.006692 -0.049576
vn -0.087205 0.008750 -0.048154
vn -0.087227 0.008568 -0.048146
vn -0.087512 0.009815 -0.047385
vn -0.087544 0.009615 -0.047367
vn -0.087811 0.010954 -0.046576
vn -0.087855 0.010735 -0.046544
vn -0.088098 0.012170 -0.045723
vn -0.088156 0.011930 -0.045675
vn -0.088372 0.013462 -0.044824
vn -0.088445 0.013200 -0.044757
vn -0.088627 0.014833 -0.043877
vn -0.088719 0.014548 -0.043787
vn -0.088863 0.016284 -0.042875
vn -0.088975 0.015973 -0.042758
vn -0.089075 0.017815 -0.041812
vn -0.089211 0.017478 -0.041664
vn -0.089261 0.019430 -0.040680
vn -0.089424 0.019064 -0.040495
vn -0.089427 0.021113 -0.039460
vn -0.089620 0.020717 -0.039231
vn -0.089582 0.022839 -0.038125
vn -0.089807 0.022412 -0.037848
vn -0.089733 0.024739 -0.036550
vn -0.089996 0.024278 -0.036213
vn -0.089866 0.026690 -0.034810
vn -0.090169 0.026192 -0.034403
vn -0.089976 0.028690 -0.032882
vn -0.090320 0.028155 -0.032398
vn -0.090442 0.030165 -0.030172
vn -0.090667 0.027605 -0.031898
vn -0.092009 0.027694 -0.027701
vn -0.091016 0.027039 -0.031384
vn -0.091368 0.026456 -0.030854
vn -0.091094 0.024612 -0.033108
vn -0.091408 0.024055 -0.032650
vn -0.091077 0.022296 -0.034756
vn -0.091634 0.021216 -0.033957
vn -0.091220 0.019582 -0.035993
vn -0.091465 0.019062 -0.035648
vn -0.091047 0.017614 -0.037420
vn -0.091261 0.017118 -0.037126
vn -0.090818 0.015744 -0.038784
vn -0.091003 0.015272 -0.038537
vn -0.090536 0.013987 -0.040095
vn -0.090694 0.013540 -0.039891
vn -0.090203 0.012352 -0.041362
vn -0.090472 0.011493 -0.041022
vn -0.089940 0.010436 -0.042449
vn -0.090397 0.008706 -0.041863
vn -0.089789 0.007851 -0.043316
vn -0.089979 0.006982 -0.043070
vn -0.089354 0.006250 -0.044461
vn -0.089505 0.005404 -0.044267
vn -0.088873 0.004793 -0.045592
vn -0.088987 0.003973 -0.045447
vn -0.088358 0.003481 -0.046698
vn -0.088438 0.002688 -0.046599
vn -0.087821 0.002313 -0.047771
vn -0.087870 0.001552 -0.047713
vn -0.086732 0.001055 -0.049763
vn -0.087160 0.000529 -0.049019
vn -0.085633 0.000146 -0.051643
vn -0.084862 -0.019064 -0.049345
vn -0.084714 -0.017578 -0.050145
vn -0.084895 -0.017532 -0.049854
vn -0.084863 -0.016052 -0.050405
vn -0.085078 -0.017156 -0.049672
vn -0.085033 -0.015680 -0.050234
vn -0.084639 -0.015235 -0.051031
vn -0.084804 -0.014960 -0.050837
vn -0.084965 -0.014596 -0.050674
vn -0.084725 -0.013901 -0.051268
vn -0.084472 -0.013029 -0.051910
vn -0.084630 -0.012879 -0.051690
vn -0.084521 -0.011905 -0.052100
vn -0.084771 -0.012538 -0.051544
vn -0.084651 -0.011580 -0.051962
vn -0.084252 -0.011013 -0.052729
vn -0.084285 -0.010090 -0.052861
vn -0.084395 -0.009798 -0.052739
vn -0.084022 -0.009183 -0.053441
vn -0.084052 -0.008445 -0.053515
vn -0.084144 -0.008191 -0.053410
vn -0.083815 -0.007534 -0.054021
vn -0.083887 -0.007255 -0.053948
vn -0.083965 -0.007032 -0.053856
vn -0.083651 -0.006058 -0.054460
vn -0.083747 -0.006164 -0.054299
vn -0.083813 -0.005972 -0.054220
vn -0.083638 -0.005166 -0.054571
vn -0.083541 -0.004743 -0.054758
vn -0.083563 -0.004252 -0.054764
vn -0.083490 -0.003574 -0.054923
vn -0.083514 -0.002956 -0.054925
vn -0.083497 -0.002542 -0.054971
vn -0.083555 -0.001819 -0.054912
vn -0.083565 -0.001602 -0.054902
vn -0.083681 -0.000804 -0.054744
vn -0.083689 -0.000749 -0.054732
vn -0.083860 0.000028 -0.054475
vn -0.083881 0.000107 -0.054443
vn -0.084084 0.000788 -0.054123
vn -0.084158 0.000996 -0.054004
vn -0.084354 0.001541 -0.053684
vn -0.084505 0.001898 -0.053435
vn -0.084674 0.002343 -0.053149
vn -0.084924 0.002897 -0.052721
vn -0.085038 0.003216 -0.052519
vn -0.085403 0.004028 -0.051866
vn -0.085441 0.004195 -0.051791
vn -0.085875 0.005312 -0.050964
vn -0.085969 0.005456 -0.050789
vn -0.086327 0.006571 -0.050045
vn -0.086565 0.007132 -0.049554
vn -0.086783 0.008006 -0.049036
vn -0.087160 0.009102 -0.048169
vn -0.087230 0.009623 -0.047942
vn -0.087448 0.010201 -0.047421
vn -0.087650 0.011427 -0.046764
vn -0.087725 0.011377 -0.046636
vn -0.087986 0.012631 -0.045814
vn -0.087767 0.011168 -0.046607
vn -0.088042 0.012403 -0.045769
vn -0.088031 0.013423 -0.045502
vn -0.088228 0.013966 -0.044953
vn -0.088299 0.013717 -0.044889
vn -0.088357 0.015616 -0.044149
vn -0.088448 0.015382 -0.044049
vn -0.088537 0.015111 -0.043964
vn -0.088643 0.016880 -0.043098
vn -0.088616 0.018011 -0.042694
vn -0.088809 0.018463 -0.042096
vn -0.088794 0.020619 -0.041116
vn -0.088942 0.020134 -0.041035
vn -0.089049 0.021875 -0.039897
vn -0.089101 0.019787 -0.040860
vn -0.089237 0.021499 -0.039681
vn -0.088904 0.023389 -0.039357
vn -0.089140 0.023660 -0.038656
vn -0.089359 0.023255 -0.038394
vn -0.088967 0.026270 -0.037346
vn -0.089217 0.025626 -0.037196
vn -0.089474 0.025189 -0.036878
vn -0.089271 0.027644 -0.035587
vn -0.088974 0.029260 -0.035036
vn -0.089297 0.029714 -0.033810
vn -0.088910 0.032361 -0.032368
vn -0.093588 0.024909 -0.024915
vn -0.092436 0.024600 -0.029163
vn -0.091722 0.025856 -0.030307
vn -0.095144 0.021764 -0.021769
vn -0.093514 0.022571 -0.027309
vn -0.093154 0.023268 -0.027946
vn -0.092794 0.023944 -0.028564
vn -0.092686 0.021654 -0.030667
vn -0.092363 0.022281 -0.031186
vn -0.092202 0.020072 -0.033106
vn -0.091917 0.020653 -0.033538
vn -0.091713 0.018526 -0.035292
vn -0.096626 0.018212 -0.018216
vn -0.095994 0.017050 -0.022235
vn -0.094590 0.020349 -0.025272
vn -0.093873 0.021853 -0.026651
vn -0.093987 0.018948 -0.028414
vn -0.093335 0.020342 -0.029577
vn -0.093360 0.017568 -0.031228
vn -0.092778 0.018858 -0.032198
vn -0.092727 0.016215 -0.033745
vn -0.092216 0.017405 -0.034545
vn -0.092143 0.014980 -0.035850
vn -0.091698 0.016081 -0.036510
vn -0.091573 0.013771 -0.037745
vn -0.091191 0.014787 -0.038282
vn -0.091017 0.012605 -0.039460
vn -0.096668 0.015242 -0.020565
vn -0.097961 0.014205 -0.014208
vn -0.097312 0.013320 -0.018785
vn -0.097916 0.011277 -0.016887
vn -0.097139 0.010521 -0.021289
vn -0.097701 0.008495 -0.019552
vn -0.096813 0.007874 -0.023775
vn -0.097330 0.005861 -0.022192
vn -0.096348 0.005380 -0.026232
vn -0.097907 0.003748 -0.020003
vn -0.096463 0.003264 -0.026157
vn -0.099054 0.009701 -0.009704
vn -0.098469 0.009107 -0.014866
vn -0.098218 0.006338 -0.017693
vn -0.098955 0.006805 -0.012715
vn -0.099782 0.004671 -0.004672
vn -0.099082 0.004222 -0.012846
vn -0.095390 0.004931 -0.029606
vn -0.094909 0.002779 -0.031379
vn -0.094420 0.004485 -0.032630
vn -0.093462 0.004048 -0.035334
vn -0.094009 0.006097 -0.033544
vn -0.093102 0.005537 -0.036075
vn -0.093594 0.007600 -0.034386
vn -0.092742 0.006922 -0.036756
vn -0.093180 0.009002 -0.035163
vn -0.092385 0.008215 -0.037383
vn -0.092769 0.010313 -0.035883
vn -0.092033 0.009422 -0.037963
vn -0.092363 0.011540 -0.036549
vn -0.091687 0.010552 -0.038499
vn -0.093354 0.002308 -0.035773
vn -0.092529 0.003628 -0.037753
vn -0.092222 0.004998 -0.038342
vn -0.091917 0.006272 -0.038883
vn -0.091616 0.007459 -0.039380
vn -0.091321 0.008569 -0.039839
vn -0.091031 0.009607 -0.040263
vn -0.091866 0.001868 -0.039460
vn -0.091632 0.003227 -0.039915
vn -0.091378 0.004482 -0.040373
vn -0.091126 0.005650 -0.040793
vn -0.090878 0.006738 -0.041179
vn -0.090635 0.007755 -0.041534
vn -0.089238 0.001108 -0.045115
vn -0.089973 0.002487 -0.043574
vn -0.090778 0.002846 -0.041847
vn -0.088518 0.001839 -0.046489
vn -0.089219 0.002151 -0.045115
vn -0.089103 0.003094 -0.045289
vn -0.089815 0.003529 -0.043826
vn -0.089659 0.004499 -0.044057
vn -0.090373 0.005058 -0.042511
vn -0.090174 0.006053 -0.042802
vn -0.085062 0.000025 -0.052579
vn -0.085064 0.000374 -0.052573
vn -0.085801 0.000664 -0.051360
vn -0.086730 0.001654 -0.049751
vn -0.087771 0.003023 -0.047823
vn -0.088278 0.004221 -0.046789
vn -0.088760 0.005561 -0.045724
vn -0.089206 0.007043 -0.044640
vn -0.089423 0.009433 -0.043756
vn -0.089721 0.011224 -0.042711
vn -0.090072 0.012763 -0.041523
vn -0.090380 0.014420 -0.040293
vn -0.090635 0.016201 -0.039023
vn -0.090835 0.018096 -0.037704
vn -0.090737 0.020579 -0.036650
vn -0.090802 0.022812 -0.035137
vn -0.090782 0.025154 -0.033553
vn -0.084609 -0.000052 -0.053304
vn -0.084543 0.000186 -0.053409
vn -0.085101 0.000712 -0.052511
vn -0.084579 0.000427 -0.053349
vn -0.085134 0.001034 -0.052451
vn -0.084614 0.000658 -0.053292
vn -0.085165 0.001340 -0.052393
vn -0.084647 0.000880 -0.053237
vn -0.085194 0.001631 -0.052338
vn -0.084678 0.001093 -0.053183
vn -0.085221 0.001909 -0.052285
vn -0.084707 0.001297 -0.053132
vn -0.085270 0.002429 -0.052184
vn -0.084762 0.001682 -0.053034
vn -0.085291 0.002672 -0.052137
vn -0.084787 0.001864 -0.052988
vn -0.085302 0.002790 -0.052114
vn -0.084799 0.001952 -0.052965
vn -0.085312 0.002905 -0.052091
vn -0.084811 0.002039 -0.052943
vn -0.085321 0.003018 -0.052069
vn -0.084822 0.002124 -0.052921
vn -0.085331 0.003128 -0.052047
vn -0.084834 0.002208 -0.052900
vn -0.085349 0.003342 -0.052004
vn -0.084855 0.002370 -0.052858
vn -0.085357 0.003446 -0.051983
vn -0.084866 0.002450 -0.052837
vn -0.085366 0.003548 -0.051963
vn -0.084876 0.002527 -0.052817
vn -0.085374 0.003648 -0.051943
vn -0.084886 0.002604 -0.052797
vn -0.084267 -0.000094 -0.053843
vn -0.084170 0.000059 -0.053994
vn -0.084200 0.000216 -0.053947
vn -0.084229 0.000368 -0.053902
vn -0.084256 0.000515 -0.053857
vn -0.084283 0.000656 -0.053815
vn -0.084308 0.000793 -0.053773
vn -0.084355 0.001054 -0.053694
vn -0.084378 0.001178 -0.053656
vn -0.084389 0.001239 -0.053638
vn -0.084400 0.001298 -0.053619
vn -0.084410 0.001357 -0.053601
vn -0.084420 0.001415 -0.053584
vn -0.084440 0.001528 -0.053549
vn -0.084450 0.001583 -0.053532
vn -0.084460 0.001637 -0.053515
vn -0.084469 0.001691 -0.053499
vn -0.084027 -0.000108 -0.054216
vn -0.083938 -0.000017 -0.054354
vn -0.083957 0.000066 -0.054325
vn -0.083975 0.000147 -0.054298
vn -0.083992 0.000225 -0.054271
vn -0.084009 0.000302 -0.054245
vn -0.084025 0.000376 -0.054219
vn -0.084056 0.000519 -0.054170
vn -0.084071 0.000588 -0.054146
vn -0.084078 0.000622 -0.054134
vn -0.084085 0.000655 -0.054123
vn -0.084092 0.000688 -0.054111
vn -0.084099 0.000721 -0.054100
vn -0.084113 0.000784 -0.054078
vn -0.084120 0.000816 -0.054067
vn -0.084126 0.000847 -0.054056
vn -0.084133 0.000877 -0.054046
vn -0.083885 -0.000098 -0.054437
vn -0.083839 -0.000064 -0.054507
vn -0.083842 -0.000050 -0.054502
vn -0.083845 -0.000037 -0.054497
vn -0.083849 -0.000024 -0.054492
vn -0.083852 -0.000012 -0.054488
vn -0.083855 0.000001 -0.054483
vn -0.083861 0.000025 -0.054474
vn -0.083863 0.000036 -0.054470
vn -0.083865 0.000042 -0.054467
vn -0.083866 0.000048 -0.054465
vn -0.083868 0.000054 -0.054463
vn -0.083869 0.000059 -0.054461
vn -0.083872 0.000070 -0.054457
vn -0.083873 0.000076 -0.054455
vn -0.083874 0.000081 -0.054453
vn -0.083876 0.000086 -0.054451
vn -0.083834 -0.000074 -0.054514
vn -0.083870 -0.000092 -0.054459
vn -0.083856 -0.000146 -0.054481
vn -0.083842 -0.000199 -0.054502
vn -0.083828 -0.000251 -0.054523
vn -0.083815 -0.000303 -0.054544
vn -0.083801 -0.000354 -0.054564
vn -0.083775 -0.000454 -0.054604
vn -0.083762 -0.000502 -0.054624
vn -0.083755 -0.000527 -0.054633
vn -0.083749 -0.000551 -0.054643
vn -0.083742 -0.000574 -0.054652
vn -0.083736 -0.000598 -0.054662
vn -0.083724 -0.000645 -0.054680
vn -0.083717 -0.000668 -0.054690
vn -0.083711 -0.000691 -0.054699
vn -0.083705 -0.000714 -0.054708
vn -0.083876 -0.000040 -0.054450
vn -0.084007 -0.000011 -0.054247
vn -0.084030 -0.000129 -0.054212
vn -0.084326 -0.000182 -0.053750
vn -0.083996 -0.000253 -0.054264
vn -0.084271 -0.000381 -0.053836
vn -0.083963 -0.000376 -0.054315
vn -0.084215 -0.000579 -0.053921
vn -0.083929 -0.000498 -0.054366
vn -0.084160 -0.000776 -0.054005
vn -0.083896 -0.000619 -0.054416
vn -0.084104 -0.000971 -0.054089
vn -0.083862 -0.000738 -0.054466
vn -0.084048 -0.001166 -0.054172
vn -0.083796 -0.000974 -0.054564
vn -0.083936 -0.001551 -0.054336
vn -0.083763 -0.001090 -0.054612
vn -0.083880 -0.001742 -0.054417
vn -0.083747 -0.001148 -0.054636
vn -0.083852 -0.001837 -0.054457
vn -0.083731 -0.001205 -0.054660
vn -0.083823 -0.001932 -0.054497
vn -0.083715 -0.001262 -0.054683
vn -0.083795 -0.002026 -0.054536
vn -0.083698 -0.001319 -0.054707
vn -0.083767 -0.002121 -0.054576
vn -0.083666 -0.001432 -0.054753
vn -0.083711 -0.002308 -0.054655
vn -0.083650 -0.001488 -0.054776
vn -0.083683 -0.002402 -0.054694
vn -0.083634 -0.001544 -0.054799
vn -0.083655 -0.002495 -0.054733
vn -0.083618 -0.001599 -0.054822
vn -0.083627 -0.002587 -0.054771
vn -0.084555 0.000023 -0.053390
vn -0.084764 -0.000265 -0.053056
vn -0.084685 -0.000547 -0.053180
vn -0.084605 -0.000828 -0.053304
vn -0.084525 -0.001107 -0.053426
vn -0.084444 -0.001386 -0.053547
vn -0.084362 -0.001664 -0.053668
vn -0.084198 -0.002216 -0.053905
vn -0.084115 -0.002491 -0.054023
vn -0.084073 -0.002628 -0.054081
vn -0.084031 -0.002765 -0.054139
vn -0.083989 -0.002901 -0.054197
vn -0.083947 -0.003037 -0.054255
vn -0.083863 -0.003309 -0.054370
vn -0.083820 -0.003444 -0.054427
vn -0.083778 -0.003580 -0.054484
vn -0.083735 -0.003715 -0.054540
vn -0.085503 -0.000031 -0.051857
vn -0.085111 -0.000345 -0.052497
vn -0.085016 -0.000684 -0.052648
vn -0.084919 -0.001023 -0.052798
vn -0.084822 -0.001360 -0.052947
vn -0.084724 -0.001696 -0.053094
vn -0.084624 -0.002032 -0.053241
vn -0.084423 -0.002700 -0.053530
vn -0.084321 -0.003032 -0.053672
vn -0.084270 -0.003198 -0.053743
vn -0.084219 -0.003363 -0.053814
vn -0.084167 -0.003528 -0.053884
vn -0.084115 -0.003693 -0.053954
vn -0.084010 -0.004023 -0.054093
vn -0.083958 -0.004187 -0.054162
vn -0.083905 -0.004351 -0.054231
vn -0.083852 -0.004514 -0.054300
vn -0.085517 -0.000448 -0.051832
vn -0.086138 -0.000108 -0.050795
vn -0.085984 -0.000579 -0.051054
vn -0.086509 -0.000748 -0.050155
vn -0.085851 -0.001052 -0.051268
vn -0.086355 -0.001300 -0.050409
vn -0.085717 -0.001523 -0.051481
vn -0.086199 -0.001848 -0.050659
vn -0.085581 -0.001993 -0.051691
vn -0.086040 -0.002394 -0.050906
vn -0.085443 -0.002461 -0.051899
vn -0.085878 -0.002937 -0.051150
vn -0.085303 -0.002926 -0.052104
vn -0.085714 -0.003477 -0.051390
vn -0.085017 -0.003852 -0.052509
vn -0.085380 -0.004547 -0.051861
vn -0.084872 -0.004313 -0.052708
vn -0.085209 -0.005077 -0.052092
vn -0.084799 -0.004542 -0.052807
vn -0.085123 -0.005341 -0.052206
vn -0.084725 -0.004771 -0.052905
vn -0.085037 -0.005604 -0.052320
vn -0.084651 -0.004999 -0.053002
vn -0.084950 -0.005866 -0.052432
vn -0.084576 -0.005227 -0.053099
vn -0.084862 -0.006128 -0.052544
vn -0.084426 -0.005682 -0.053292
vn -0.084685 -0.006648 -0.052765
vn -0.084350 -0.005908 -0.053387
vn -0.084596 -0.006908 -0.052875
vn -0.084274 -0.006134 -0.053482
vn -0.084507 -0.007166 -0.052983
vn -0.084197 -0.006359 -0.053576
vn -0.084417 -0.007423 -0.053091
vn -0.086882 -0.000236 -0.049512
vn -0.087255 -0.001026 -0.048842
vn -0.087069 -0.001691 -0.049154
vn -0.086880 -0.002350 -0.049461
vn -0.086687 -0.003003 -0.049763
vn -0.086491 -0.003651 -0.050059
vn -0.086293 -0.004292 -0.050350
vn -0.085887 -0.005558 -0.050916
vn -0.085681 -0.006181 -0.051192
vn -0.085577 -0.006491 -0.051327
vn -0.085472 -0.006799 -0.051462
vn -0.085367 -0.007106 -0.051595
vn -0.085261 -0.007411 -0.051727
vn -0.085047 -0.008017 -0.051987
vn -0.084940 -0.008317 -0.052116
vn -0.084832 -0.008616 -0.052243
vn -0.084723 -0.008914 -0.052369
vn -0.087734 -0.000427 -0.047985
vn -0.088198 -0.000551 -0.047125
vn -0.088087 -0.001393 -0.047316
vn -0.088686 -0.000699 -0.046198
vn -0.088531 -0.001618 -0.046472
vn -0.089196 -0.000876 -0.045203
vn -0.088991 -0.001879 -0.045575
vn -0.089724 -0.001087 -0.044140
vn -0.089464 -0.002180 -0.044627
vn -0.090267 -0.001338 -0.043012
vn -0.089944 -0.002528 -0.043631
vn -0.090819 -0.001637 -0.041824
vn -0.090577 -0.003069 -0.042265
vn -0.091373 -0.001995 -0.040584
vn -0.091197 -0.003734 -0.040855
vn -0.091919 -0.002429 -0.039306
vn -0.091780 -0.004562 -0.039442
vn -0.092446 -0.002959 -0.038012
vn -0.092938 -0.003617 -0.036734
vn -0.091642 -0.007440 -0.039323
vn -0.091236 -0.006191 -0.040468
vn -0.090736 -0.005183 -0.041715
vn -0.090272 -0.006559 -0.042520
vn -0.089783 -0.005596 -0.043678
vn -0.089381 -0.006783 -0.044330
vn -0.088907 -0.005859 -0.045400
vn -0.088555 -0.006900 -0.045939
vn -0.088212 -0.006210 -0.046690
vn -0.087891 -0.007153 -0.047159
vn -0.087571 -0.006464 -0.047849
vn -0.086981 -0.008162 -0.048660
vn -0.086709 -0.007424 -0.049259
vn -0.086437 -0.008195 -0.049614
vn -0.086184 -0.007471 -0.050166
vn -0.086058 -0.007827 -0.050326
vn -0.090694 -0.007715 -0.041414
vn -0.090378 -0.010671 -0.041449
vn -0.090155 -0.009143 -0.042290
vn -0.089624 -0.010483 -0.043100
vn -0.089345 -0.009106 -0.043984
vn -0.088886 -0.010285 -0.044649
vn -0.088574 -0.009018 -0.045534
vn -0.087772 -0.011080 -0.046620
vn -0.087489 -0.009831 -0.047424
vn -0.087134 -0.010747 -0.047877
vn -0.086917 -0.009833 -0.048464
vn -0.086754 -0.010260 -0.048667
vn -0.086533 -0.009388 -0.049233
vn -0.086383 -0.009787 -0.049419
vn -0.086162 -0.008953 -0.049959
vn -0.086025 -0.009326 -0.050128
vn -0.085806 -0.008533 -0.050640
vn -0.085680 -0.008882 -0.050795
vn -0.089175 -0.013424 -0.043215
vn -0.089102 -0.011741 -0.043852
vn -0.087983 -0.012475 -0.045863
vn -0.087374 -0.012052 -0.047122
vn -0.086956 -0.011194 -0.048097
vn -0.086591 -0.010680 -0.048867
vn -0.086233 -0.010182 -0.049601
vn -0.085886 -0.009697 -0.050294
vn -0.085425 -0.009572 -0.051098
vn -0.088090 -0.014036 -0.045201
vn -0.088049 -0.015790 -0.044699
vn -0.087602 -0.015086 -0.045808
vn -0.087003 -0.017839 -0.045959
vn -0.087363 -0.015588 -0.046096
vn -0.087127 -0.016075 -0.046374
vn -0.087106 -0.014462 -0.046940
vn -0.086892 -0.014930 -0.047190
vn -0.086785 -0.013439 -0.047831
vn -0.086590 -0.013884 -0.048056
vn -0.086426 -0.012495 -0.048729
vn -0.086074 -0.013328 -0.049129
vn -0.085938 -0.012309 -0.049630
vn -0.085775 -0.012703 -0.049812
vn -0.085630 -0.011719 -0.050300
vn -0.085479 -0.012093 -0.050468
vn -0.085330 -0.011144 -0.050937
vn -0.085191 -0.011497 -0.051092
vn -0.085040 -0.010587 -0.051538
vn -0.086036 -0.019628 -0.047038
vn -0.086664 -0.017011 -0.046904
vn -0.086894 -0.016550 -0.046643
vn -0.085778 -0.018733 -0.047866
vn -0.085995 -0.018319 -0.047637
vn -0.086215 -0.017895 -0.047400
vn -0.086054 -0.016696 -0.048124
vn -0.086261 -0.016270 -0.047900
vn -0.086014 -0.015169 -0.048698
vn -0.086205 -0.014749 -0.048489
vn -0.085899 -0.013736 -0.049322
vn -0.089635 0.029209 -0.033353
vn -0.089567 0.027174 -0.035204
vn -0.085565 -0.019135 -0.048088
vn -0.085648 -0.017521 -0.048553
vn -0.085636 -0.015986 -0.049102
vn -0.085551 -0.014531 -0.049698
vn -0.085450 -0.013475 -0.050166
vn -0.085329 -0.012462 -0.050633
vn -0.085850 -0.017113 -0.048341
vn -0.085824 -0.015582 -0.048902
vn -0.085725 -0.014137 -0.049512
vn -0.085613 -0.013091 -0.049991
vn -0.086679 -0.015387 -0.047433
vn -0.092043 0.022890 -0.031689
vn -0.093010 0.021008 -0.030130
vn -0.092489 0.019474 -0.032659
vn -0.091963 0.017974 -0.034925
vn -0.091478 0.016608 -0.036823
vn -0.088941 0.018144 -0.041956
vn -0.088752 0.016586 -0.042988
vn -0.087480 0.010010 -0.047404
vn -0.087182 0.008928 -0.048161
vn -0.086573 0.006988 -0.049561
vn -0.085968 0.005340 -0.050804
vn -0.085396 0.003936 -0.051884
vn -0.084915 0.002825 -0.052740
vn -0.084496 0.001847 -0.053450
vn -0.084152 0.000967 -0.054014
vn -0.083879 0.000102 -0.054445
vn -0.083687 -0.000782 -0.054735
vn -0.083570 -0.001765 -0.054890
vn -0.083542 -0.002864 -0.054886
vn -0.083606 -0.004118 -0.054708
vn -0.083692 -0.005004 -0.054503
vn -0.084876 -0.013547 -0.051113
vn -0.085055 -0.018691 -0.049155
vn -0.090474 0.025681 -0.033985
vn -0.090262 0.023803 -0.035865
vn -0.090530 0.023314 -0.035506
vn -0.090035 0.021972 -0.037562
vn -0.090266 0.021521 -0.037267
vn -0.090500 0.021057 -0.036963
vn -0.089815 0.020310 -0.038996
vn -0.090014 0.019892 -0.038753
vn -0.090215 0.019462 -0.038503
vn -0.090419 0.019019 -0.038245
vn -0.089590 0.018689 -0.040304
vn -0.089758 0.018302 -0.040106
vn -0.089929 0.017905 -0.039903
vn -0.090101 0.017497 -0.039693
vn -0.090455 0.016646 -0.039253
vn -0.089350 0.017132 -0.041510
vn -0.089490 0.016776 -0.041353
vn -0.089633 0.016410 -0.041190
vn -0.089778 0.016034 -0.041022
vn -0.090075 0.015250 -0.040669
vn -0.090226 0.014841 -0.040484
vn -0.089090 0.015655 -0.042638
vn -0.089206 0.015327 -0.042513
vn -0.089324 0.014991 -0.042385
vn -0.089444 0.014645 -0.042253
vn -0.089689 0.013924 -0.041976
vn -0.089815 0.013548 -0.041830
vn -0.089942 0.013161 -0.041679
vn -0.088812 0.014255 -0.043694
vn -0.088907 0.013954 -0.043599
vn -0.089003 0.013645 -0.043500
vn -0.089101 0.013328 -0.043398
vn -0.089301 0.012666 -0.043184
vn -0.089403 0.012321 -0.043072
vn -0.089508 0.011966 -0.042956
vn -0.089613 0.011600 -0.042836
vn -0.088520 0.012932 -0.044688
vn -0.088596 0.012656 -0.044617
vn -0.088673 0.012373 -0.044543
vn -0.088751 0.012082 -0.044467
vn -0.088911 0.011475 -0.044307
vn -0.088993 0.011159 -0.044223
vn -0.089077 0.010834 -0.044136
vn -0.089161 0.010499 -0.044046
vn -0.089247 0.010154 -0.043953
vn -0.088215 0.011684 -0.045625
vn -0.088274 0.011431 -0.045574
vn -0.088334 0.011172 -0.045522
vn -0.088396 0.010906 -0.045467
vn -0.088521 0.010351 -0.045353
vn -0.088585 0.010062 -0.045292
vn -0.088650 0.009764 -0.045230
vn -0.088717 0.009458 -0.045165
vn -0.088784 0.009143 -0.045098
vn -0.088921 0.008485 -0.044957
vn -0.087899 0.010510 -0.046511
vn -0.087945 0.010279 -0.046477
vn -0.087991 0.010042 -0.046441
vn -0.088037 0.009799 -0.046405
vn -0.088133 0.009293 -0.046328
vn -0.088181 0.009029 -0.046287
vn -0.088231 0.008758 -0.046245
vn -0.088281 0.008479 -0.046202
vn -0.088331 0.008192 -0.046157
vn -0.088435 0.007593 -0.046061
vn -0.088649 0.006281 -0.045846
vn -0.087577 0.009410 -0.047347
vn -0.087610 0.009199 -0.047327
vn -0.087644 0.008983 -0.047306
vn -0.087678 0.008761 -0.047284
vn -0.087747 0.008300 -0.047239
vn -0.087783 0.008060 -0.047214
vn -0.087819 0.007814 -0.047189
vn -0.087855 0.007560 -0.047163
vn -0.087892 0.007300 -0.047136
vn -0.087966 0.006756 -0.047078
vn -0.088120 0.005566 -0.046946
vn -0.088198 0.004915 -0.046871
vn -0.087250 0.008381 -0.048137
vn -0.087273 0.008190 -0.048128
vn -0.087296 0.007993 -0.048119
vn -0.087320 0.007792 -0.048110
vn -0.087368 0.007373 -0.048089
vn -0.087392 0.007156 -0.048078
vn -0.087416 0.006932 -0.048066
vn -0.087441 0.006702 -0.048054
vn -0.087466 0.006466 -0.048041
vn -0.087516 0.005974 -0.048013
vn -0.087618 0.004900 -0.047949
vn -0.087669 0.004313 -0.047912
vn -0.087720 0.003689 -0.047870
vn -0.086596 0.006538 -0.049583
vn -0.086603 0.006381 -0.049590
vn -0.086611 0.006220 -0.049597
vn -0.086618 0.006056 -0.049605
vn -0.086633 0.005714 -0.049620
vn -0.086640 0.005536 -0.049627
vn -0.086647 0.005354 -0.049635
vn -0.086654 0.005168 -0.049642
vn -0.086661 0.004976 -0.049650
vn -0.086675 0.004578 -0.049665
vn -0.086699 0.003713 -0.049695
vn -0.086709 0.003244 -0.049709
vn -0.086718 0.002745 -0.049724
vn -0.086725 0.002217 -0.049738
vn -0.085962 0.004975 -0.050851
vn -0.085959 0.004848 -0.050868
vn -0.085956 0.004718 -0.050884
vn -0.085954 0.004585 -0.050901
vn -0.085947 0.004310 -0.050936
vn -0.085944 0.004168 -0.050954
vn -0.085940 0.004023 -0.050972
vn -0.085936 0.003874 -0.050991
vn -0.085931 0.003721 -0.051009
vn -0.085922 0.003405 -0.051048
vn -0.085898 0.002723 -0.051129
vn -0.085883 0.002355 -0.051172
vn -0.085866 0.001967 -0.051216
vn -0.085847 0.001557 -0.051262
vn -0.085825 0.001123 -0.051310
vn -0.084007 -0.005392 -0.053979
vn -0.084071 -0.005199 -0.053898
vn -0.084135 -0.005004 -0.053816
vn -0.084199 -0.004810 -0.053734
vn -0.084326 -0.004420 -0.053569
vn -0.084388 -0.004224 -0.053486
vn -0.084451 -0.004028 -0.053403
vn -0.084513 -0.003832 -0.053319
vn -0.084575 -0.003635 -0.053235
vn -0.084697 -0.003241 -0.053065
vn -0.084938 -0.002449 -0.052721
vn -0.085057 -0.002051 -0.052546
vn -0.085174 -0.001652 -0.052370
vn -0.085290 -0.001252 -0.052193
vn -0.085404 -0.000850 -0.052013
vn -0.085168 -0.010251 -0.051393
vn -0.085470 -0.010787 -0.050779
vn -0.085781 -0.011341 -0.050130
vn -0.086264 -0.011505 -0.049255
vn -0.086602 -0.012068 -0.048523
vn -0.086980 -0.012986 -0.047601
vn -0.087323 -0.013983 -0.046682
vn -0.086082 -0.010573 -0.049780
vn -0.085609 -0.010427 -0.050620
vn -0.086428 -0.011096 -0.049063
vn -0.086779 -0.011634 -0.048312
vn -0.087177 -0.012523 -0.047364
vn -0.087541 -0.013492 -0.046417
vn -0.085297 -0.009913 -0.051246
vn -0.086300 -0.008576 -0.049788
vn -0.085933 -0.008182 -0.050484
vn -0.086682 -0.008984 -0.049045
vn -0.087243 -0.008963 -0.048045
vn -0.088201 -0.007908 -0.046456
vn -0.088977 -0.007923 -0.044948
vn -0.089808 -0.007865 -0.043275
vn -0.095286 0.015889 -0.025847
vn -0.095923 0.014211 -0.024429
vn -0.096544 0.012424 -0.022912
vn -0.094536 0.014738 -0.029082
vn -0.095122 0.013183 -0.027892
vn -0.095701 0.011526 -0.026617
vn -0.096267 0.009759 -0.025247
vn -0.093770 0.013602 -0.031972
vn -0.094296 0.012166 -0.030987
vn -0.094822 0.010634 -0.029928
vn -0.095343 0.008998 -0.028788
vn -0.095854 0.007250 -0.027559
vn -0.093059 0.012561 -0.034384
vn -0.093526 0.011232 -0.033568
vn -0.093996 0.009812 -0.032689
vn -0.094466 0.008295 -0.031741
vn -0.094932 0.006671 -0.030716
vn -0.086921 -0.005274 -0.049162
vn -0.086432 -0.006749 -0.049839
vn -0.087246 -0.005839 -0.048518
vn -0.087161 -0.004519 -0.048810
vn -0.087398 -0.003754 -0.048450
vn -0.087632 -0.002978 -0.048081
vn -0.087861 -0.002191 -0.047703
vn -0.087862 -0.005587 -0.047424
vn -0.088531 -0.005243 -0.046204
vn -0.089257 -0.004784 -0.044836
vn -0.090182 -0.004359 -0.042990
vn -0.087510 -0.005024 -0.048132
vn -0.087772 -0.004195 -0.047734
vn -0.088029 -0.003351 -0.047325
vn -0.088282 -0.002492 -0.046905
vn -0.088150 -0.004690 -0.046984
vn -0.088846 -0.004249 -0.045698
vn -0.089603 -0.003674 -0.044247
vn -0.090574 0.003992 -0.042194
vn -0.088435 -0.003773 -0.046530
vn -0.088715 -0.002836 -0.046060
vn -0.089157 -0.003228 -0.045172
vn -0.000000 -0.089443 -0.044721
vn 0.002297 -0.085839 -0.051248
vn 0.000000 -0.078067 -0.062494
vn 0.002521 -0.084956 -0.052690
vn 0.002732 -0.083976 -0.054227
vn 0.005604 -0.083557 -0.054652
vn 0.006125 -0.082024 -0.056873
vn 0.009406 -0.081388 -0.057336
vn 0.010111 -0.079575 -0.059713
vn 0.013769 -0.078672 -0.060176
vn 0.014585 -0.076577 -0.062636
vn 0.022641 -0.073980 -0.063359
vn 0.015282 -0.074361 -0.065092
vn 0.032191 -0.067847 -0.066034
vn 0.031030 -0.070631 -0.063627
vn 0.039551 -0.066501 -0.063350
vn 0.029587 -0.073362 -0.061177
vn 0.037955 -0.069560 -0.060999
vn 0.027846 -0.076003 -0.058721
vn 0.035962 -0.072591 -0.058629
vn 0.025799 -0.078512 -0.056305
vn 0.033545 -0.075546 -0.056281
vn 0.024038 -0.080304 -0.054529
vn 0.031416 -0.077705 -0.054543
vn 0.022101 -0.081979 -0.052830
vn 0.029029 -0.079762 -0.052871
vn 0.017731 -0.084907 -0.049764
vn 0.023505 -0.083457 -0.049824
vn 0.012849 -0.087164 -0.047300
vn 0.017158 -0.086395 -0.047345
vn 0.007578 -0.088674 -0.045601
vn 0.010168 -0.088405 -0.045620
vn 0.004839 -0.089133 -0.045077
vn 0.006501 -0.089023 -0.045085
vn 0.003451 -0.089286 -0.044902
vn 0.004638 -0.089230 -0.044906
vn 0.002055 -0.089387 -0.044785
vn 0.002762 -0.089367 -0.044787
vn 0.001354 -0.089419 -0.044749
vn 0.001820 -0.089410 -0.044750
vn 0.000652 -0.089437 -0.044728
vn 0.000876 -0.089435 -0.044728
vn -0.000051 -0.089443 -0.044721
vn -0.000069 -0.089443 -0.044721
vn -0.000754 -0.089435 -0.044730
vn -0.001013 -0.089433 -0.044730
vn -0.001455 -0.089415 -0.044753
vn -0.001956 -0.089405 -0.044754
vn -0.002156 -0.089382 -0.044792
vn -0.002898 -0.089360 -0.044793
vn -0.003551 -0.089276 -0.044913
vn -0.004773 -0.089217 -0.044917
vn -0.004938 -0.089120 -0.045092
vn -0.006634 -0.089005 -0.045101
vn -0.006313 -0.088912 -0.045330
vn -0.008477 -0.088725 -0.045343
vn -0.009021 -0.088346 -0.045974
vn -0.012092 -0.087965 -0.045999
vn -0.014202 -0.086630 -0.047891
vn -0.018931 -0.085692 -0.047943
vn -0.017391 -0.085096 -0.049560
vn -0.023068 -0.083700 -0.049620
vn -0.020365 -0.083267 -0.051497
vn -0.026856 -0.081371 -0.051551
vn -0.022469 -0.081682 -0.053134
vn -0.029486 -0.079394 -0.053170
vn -0.024396 -0.079963 -0.054870
vn -0.031852 -0.077291 -0.054878
vn -0.026142 -0.078128 -0.056680
vn -0.033954 -0.075088 -0.056647
vn -0.027704 -0.076194 -0.058540
vn -0.035796 -0.072814 -0.058453
vn -0.030290 -0.072107 -0.062314
vn -0.038740 -0.068145 -0.062092
vn -0.032191 -0.067847 -0.066034
vn -0.049137 -0.058384 -0.064629
vn 0.000000 -0.078067 -0.062494
vn -0.002102 -0.086498 -0.050136
vn -0.001778 -0.087406 -0.048550
vn -0.001441 -0.088143 -0.047209
vn -0.002964 -0.088039 -0.047331
vn -0.001869 -0.088904 -0.045745
vn -0.002886 -0.088853 -0.045792
vn -0.002016 -0.089159 -0.045240
vn -0.002771 -0.089127 -0.045262
vn -0.002166 -0.089251 -0.045051
vn -0.003462 -0.089198 -0.045075
vn -0.002489 -0.089317 -0.044904
vn -0.015282 -0.074361 -0.065092
vn -0.006793 -0.079499 -0.060281
vn -0.003322 -0.080173 -0.059676
vn -0.002972 -0.082655 -0.056208
vn -0.006088 -0.082143 -0.056705
vn -0.005689 -0.083327 -0.054994
vn -0.008747 -0.082790 -0.055401
vn -0.008096 -0.083961 -0.053713
vn -0.011072 -0.083412 -0.054036
vn -0.010130 -0.084571 -0.052394
vn -0.016013 -0.083369 -0.052851
vn -0.014461 -0.084643 -0.051248
vn -0.022036 -0.075283 -0.062024
vn -0.014161 -0.077719 -0.061312
vn -0.010408 -0.078685 -0.060831
vn -0.012757 -0.080761 -0.057575
vn -0.009350 -0.081516 -0.057163
vn -0.011949 -0.082140 -0.055770
vn -0.064176 -0.046752 -0.060792
vn -0.062846 -0.051958 -0.057886
vn -0.047153 -0.063405 -0.061289
vn -0.044079 -0.068616 -0.057870
vn -0.042071 -0.071240 -0.056168
vn -0.039719 -0.073841 -0.054497
vn -0.037006 -0.076384 -0.052877
vn -0.033919 -0.078831 -0.051335
vn -0.029363 -0.081787 -0.049485
vn -0.024265 -0.084380 -0.047866
vn -0.015623 -0.087420 -0.045974
vn -0.010981 -0.088456 -0.045332
vn -0.008601 -0.088840 -0.045094
vn -0.006192 -0.089132 -0.044914
vn -0.003760 -0.089328 -0.044792
vn -0.002539 -0.089391 -0.044754
vn -0.001315 -0.089429 -0.044730
vn -0.000089 -0.089443 -0.044721
vn 0.001137 -0.089432 -0.044728
vn 0.002362 -0.089398 -0.044749
vn 0.003584 -0.089339 -0.044786
vn 0.006017 -0.089149 -0.044903
vn 0.008429 -0.088864 -0.045079
vn 0.013157 -0.088019 -0.045603
vn 0.022047 -0.085311 -0.047286
vn 0.029894 -0.081475 -0.049681
vn 0.036474 -0.076836 -0.052592
vn 0.039224 -0.074337 -0.054180
vn 0.041618 -0.071776 -0.055823
vn 0.044256 -0.068362 -0.058035
vn 0.046352 -0.064960 -0.060263
vn 0.047960 -0.061622 -0.062470
vn 0.049137 -0.058384 -0.064629
vn -0.069680 -0.045578 -0.055384
vn -0.075970 -0.034389 -0.055190
vn -0.075643 -0.039031 -0.052485
vn -0.084834 -0.026198 -0.046010
vn -0.084674 -0.030743 -0.043418
vn -0.086692 -0.027337 -0.041679
vn -0.086402 -0.029917 -0.040494
vn -0.088360 -0.026370 -0.038693
vn -0.087957 -0.029148 -0.037604
vn -0.091545 -0.021774 -0.033844
vn -0.091238 -0.024503 -0.032790
vn -0.094258 -0.016851 -0.028835
vn -0.094077 -0.019443 -0.027775
vn -0.096494 -0.011239 -0.023717
vn -0.096241 -0.016333 -0.021702
vn -0.084281 -0.022653 -0.048821
vn -0.086591 -0.023153 -0.044339
vn -0.088486 -0.024003 -0.039927
vn -0.091591 -0.019512 -0.035077
vn -0.094209 -0.014771 -0.030107
vn -0.096050 -0.008158 -0.026604
vn -0.088153 -0.020199 -0.042674
vn -0.089670 -0.012323 -0.042514
vn -0.090746 -0.014595 -0.039397
vn -0.092724 -0.009425 -0.036243
vn -0.093663 -0.011648 -0.033039
vn -0.095237 -0.006120 -0.029874
vn -0.093997 -0.013067 -0.031524
vn -0.094179 -0.004681 -0.033292
vn -0.094069 -0.025987 -0.021812
vn -0.091474 -0.030226 -0.026812
vn -0.093309 -0.023903 -0.026871
vn -0.090560 -0.027847 -0.031990
vn -0.087177 -0.032443 -0.036710
vn -0.085787 -0.032922 -0.039454
vn -0.084202 -0.033518 -0.042268
vn -0.074231 -0.044672 -0.049942
vn -0.090720 -0.034729 -0.023742
vn -0.083351 -0.046489 -0.029856
vn -0.085440 -0.041036 -0.031877
vn -0.073169 -0.058363 -0.035214
vn -0.078010 -0.050956 -0.036303
vn -0.062710 -0.067378 -0.039085
vn -0.073924 -0.055446 -0.038222
vn -0.057683 -0.070918 -0.040539
vn -0.069685 -0.059577 -0.039932
vn -0.052888 -0.073904 -0.041726
vn -0.052484 -0.072398 -0.044766
vn -0.036535 -0.081728 -0.044561
vn -0.044409 -0.076789 -0.046166
vn -0.030025 -0.083973 -0.045244
vn -0.036980 -0.080106 -0.047069
vn -0.024466 -0.085543 -0.045649
vn -0.082364 -0.049087 -0.028403
vn -0.072693 -0.059737 -0.033870
vn -0.060083 -0.070071 -0.038473
vn -0.049068 -0.076728 -0.041294
vn -0.044275 -0.079087 -0.042249
vn -0.039940 -0.080974 -0.042988
vn -0.026447 -0.085503 -0.044608
vn -0.021477 -0.086699 -0.044966
vn -0.017358 -0.087511 -0.045172
vn -0.063661 -0.067849 -0.036656
vn -0.073560 -0.059521 -0.032346
vn -0.050846 -0.076382 -0.039756
vn -0.058345 -0.072085 -0.037410
vn -0.047237 -0.078500 -0.040080
vn -0.033516 -0.084018 -0.042634
vn -0.033457 -0.084131 -0.042457
vn -0.023252 -0.086874 -0.043729
vn -0.017356 -0.088045 -0.044124
vn -0.012227 -0.088740 -0.044449
vn -0.000000 -0.089443 -0.044721
vn -0.000831 -0.089439 -0.044720
vn 0.010586 -0.088916 -0.044518
vn -0.000596 -0.089441 -0.044721
vn 0.007592 -0.089167 -0.044628
vn -0.000449 -0.089442 -0.044721
vn 0.005721 -0.089282 -0.044676
vn -0.000394 -0.089442 -0.044721
vn 0.005027 -0.089317 -0.044690
vn -0.000348 -0.089442 -0.044721
vn 0.004443 -0.089343 -0.044700
vn -0.000220 -0.089442 -0.044721
vn 0.002810 -0.089399 -0.044720
vn -0.000177 -0.089443 -0.044721
vn 0.002256 -0.089413 -0.044724
vn -0.000142 -0.089443 -0.044721
vn 0.001811 -0.089422 -0.044726
vn 0.017363 -0.088043 -0.044123
vn 0.021695 -0.087211 -0.043859
vn 0.015674 -0.088261 -0.044321
vn 0.011850 -0.088752 -0.044526
vn 0.010421 -0.088902 -0.044586
vn 0.009216 -0.089013 -0.044629
vn 0.005835 -0.089256 -0.044715
vn 0.004687 -0.089314 -0.044732
vn 0.003761 -0.089353 -0.044742
vn 0.033468 -0.084127 -0.042456
vn 0.032091 -0.084483 -0.042811
vn 0.023487 -0.086767 -0.043817
vn 0.017862 -0.087866 -0.044277
vn 0.015736 -0.088204 -0.044412
vn 0.013934 -0.088457 -0.044510
vn 0.008844 -0.089012 -0.044706
vn 0.007108 -0.089147 -0.044746
vn 0.005706 -0.089237 -0.044769
vn 0.047250 -0.078494 -0.040077
vn 0.058359 -0.072077 -0.037406
vn 0.049753 -0.076983 -0.039979
vn 0.073570 -0.059510 -0.032341
vn 0.062880 -0.068459 -0.036872
vn 0.082371 -0.049077 -0.028399
vn 0.078592 -0.053064 -0.031742
vn 0.090723 -0.034723 -0.023740
vn 0.094070 -0.025984 -0.021810
vn 0.090187 -0.033596 -0.027158
vn 0.096240 -0.016334 -0.021702
vn 0.093434 -0.023333 -0.026939
vn 0.096494 -0.011242 -0.023719
vn 0.094244 -0.017278 -0.028627
vn 0.096050 -0.008158 -0.026605
vn 0.094233 -0.015139 -0.029850
vn 0.094052 -0.013390 -0.031225
vn 0.091509 -0.022260 -0.033625
vn 0.091599 -0.019942 -0.034813
vn 0.087839 -0.029739 -0.037415
vn 0.088303 -0.026901 -0.038457
vn 0.085623 -0.033558 -0.039275
vn 0.086305 -0.030495 -0.040267
vn 0.083146 -0.037395 -0.041090
vn 0.084063 -0.034136 -0.042049
vn 0.070765 -0.052284 -0.047526
vn 0.072635 -0.048650 -0.048552
vn 0.063350 -0.059015 -0.050040
vn 0.065592 -0.055464 -0.051200
vn 0.055435 -0.064997 -0.051984
vn 0.057901 -0.061685 -0.053314
vn 0.095237 -0.006120 -0.029874
vn 0.093625 -0.011523 -0.033189
vn 0.091423 -0.017441 -0.036574
vn 0.088486 -0.023792 -0.040051
vn 0.086707 -0.027107 -0.041799
vn 0.084704 -0.030494 -0.043535
vn 0.074332 -0.044372 -0.050058
vn 0.067761 -0.051153 -0.052838
vn 0.060413 -0.057534 -0.055137
vn 0.093039 -0.010023 -0.035261
vn 0.094179 -0.004681 -0.033292
vn 0.092329 -0.008793 -0.037391
vn 0.092938 -0.003617 -0.036734
vn 0.089670 -0.012323 -0.042514
vn 0.084281 -0.022653 -0.048821
vn 0.087901 -0.019096 -0.043689
vn 0.090406 -0.013731 -0.040476
vn 0.091004 -0.015410 -0.038482
vn 0.075970 -0.034389 -0.055190
vn 0.075860 -0.037306 -0.053418
vn 0.084707 -0.024862 -0.046975
vn 0.086397 -0.021932 -0.045328
vn 0.084876 -0.027445 -0.045198
vn 0.086700 -0.024295 -0.043507
vn 0.070090 -0.043733 -0.056345
vn 0.064176 -0.046752 -0.060792
vn 0.063436 -0.050062 -0.058903
vn 0.007009 -0.078495 -0.061559
vn 0.010731 -0.077615 -0.062135
vn 0.003431 -0.079228 -0.060920
vn 0.003223 -0.080957 -0.058614
vn 0.006594 -0.080332 -0.059188
vn -0.019984 -0.078813 -0.058216
vn -0.018778 -0.080443 -0.056359
vn -0.017453 -0.081965 -0.054562
vn -0.002775 -0.083761 -0.054556
vn -0.002564 -0.084772 -0.052982
vn -0.002339 -0.085685 -0.051503
vn -0.004804 -0.085391 -0.051820
vn -0.004320 -0.086266 -0.050393
vn -0.006659 -0.085974 -0.050638
vn -0.005640 -0.087039 -0.048913
vn -0.007737 -0.086784 -0.049079
vn -0.006282 -0.087742 -0.047560
vn -0.010007 -0.087289 -0.047754
vn -0.006333 -0.088610 -0.045915
vn -0.005261 -0.084410 -0.053359
vn -0.003656 -0.087244 -0.048735
vn -0.000908 -0.088944 -0.045696
vn -0.000634 -0.089203 -0.045194
vn -0.000496 -0.089297 -0.045009
vn -0.001020 -0.089285 -0.045024
vn -0.000733 -0.089362 -0.044877
vn -0.001133 -0.089354 -0.044884
vn -0.000688 -0.089410 -0.044781
vn -0.000945 -0.089406 -0.044784
vn -0.000638 -0.089426 -0.044750
vn -0.001020 -0.089422 -0.044752
vn -0.000528 -0.089437 -0.044730
vn -0.001305 -0.089183 -0.045218
vn -0.000356 -0.089368 -0.044870
vn -0.000216 -0.089415 -0.044776
vn -0.000146 -0.089430 -0.044746
vn -0.000301 -0.089429 -0.044747
vn -0.000156 -0.089439 -0.044728
vn -0.000241 -0.089439 -0.044729
vn -0.000016 -0.089443 -0.044721
vn -0.000022 -0.089443 -0.044721
vn 0.000286 -0.089439 -0.044727
vn 0.000457 -0.089438 -0.044727
vn 0.000949 -0.089424 -0.044748
vn -0.000445 -0.089413 -0.044779
vn -0.000076 -0.089439 -0.044728
vn -0.000005 -0.089443 -0.044721
vn 0.000065 -0.089440 -0.044726
vn 0.000135 -0.089440 -0.044727
vn 0.000280 -0.089431 -0.044744
vn 0.000432 -0.089430 -0.044745
vn 0.000656 -0.089413 -0.044776
vn 0.000901 -0.089410 -0.044778
vn 0.001513 -0.089350 -0.044882
vn 0.002419 -0.089324 -0.044893
vn 0.003392 -0.089208 -0.045060
vn -0.000011 -0.089443 -0.044721
vn 0.000136 -0.089432 -0.044743
vn 0.000206 -0.089418 -0.044771
vn 0.000346 -0.089372 -0.044861
vn 0.000713 -0.089366 -0.044869
vn 0.001000 -0.089291 -0.045012
vn 0.001544 -0.089277 -0.045025
vn 0.002422 -0.089030 -0.045472
vn 0.003328 -0.088985 -0.045504
vn 0.005672 -0.088070 -0.047026
vn 0.009043 -0.087703 -0.047185
vn 0.012544 -0.085943 -0.049562
vn 0.000424 -0.089416 -0.044773
vn 0.000486 -0.089303 -0.044998
vn 0.000762 -0.089094 -0.045405
vn 0.001300 -0.088395 -0.046739
vn 0.002675 -0.088312 -0.046839
vn 0.003731 -0.087144 -0.048908
vn 0.005755 -0.086930 -0.049092
vn 0.007268 -0.085203 -0.051842
vn 0.009952 -0.084768 -0.052109
vn 0.010895 -0.083644 -0.053712
vn 0.017184 -0.082246 -0.054225
vn 0.018517 -0.080764 -0.055985
vn 0.001568 -0.089066 -0.045439
vn 0.001815 -0.087313 -0.048715
vn 0.004718 -0.085557 -0.051553
vn 0.005175 -0.084607 -0.053055
vn 0.007965 -0.084174 -0.053398
vn 0.002990 -0.082543 -0.056371
vn -0.012298 -0.086092 -0.049365
vn -0.009125 -0.085613 -0.050865
vn -0.004427 -0.089041 -0.045301
vn -0.003966 -0.088788 -0.045836
vn -0.001511 -0.089396 -0.044788
vn -0.001557 -0.089344 -0.044891
vn -0.000036 -0.089443 -0.044721
vn -0.000331 -0.089438 -0.044729
vn 0.001440 -0.089401 -0.044782
vn 0.000594 -0.089428 -0.044746
vn 0.005316 -0.088860 -0.045559
vn 0.002122 -0.089259 -0.045038
vn 0.015740 -0.083609 -0.052553
vn 0.007895 -0.086664 -0.049265
vn 0.020095 -0.078651 -0.058397
vn 0.011775 -0.082409 -0.055409
vn 0.012831 -0.080623 -0.057752
vn 0.008618 -0.083038 -0.055049
vn 0.021469 -0.076379 -0.060871
vn 0.004130 -0.088204 -0.046935
vn 0.001101 -0.089359 -0.044875
vn 0.000208 -0.089440 -0.044727
vn -0.000464 -0.089428 -0.044749
vn -0.001576 -0.089270 -0.045038
vn -0.004576 -0.087907 -0.047449
vn -0.007399 -0.085023 -0.052118
vn -0.060252 -0.057834 -0.055000
vn -0.067626 -0.051459 -0.052713
vn -0.058349 -0.061016 -0.053596
vn -0.065988 -0.054759 -0.051450
vn -0.072955 -0.047940 -0.048778
vn -0.055958 -0.064341 -0.052239
vn -0.063833 -0.058304 -0.050259
vn -0.071176 -0.051547 -0.047717
vn -0.083360 -0.036721 -0.041263
vn -0.053013 -0.067781 -0.050945
vn -0.061065 -0.062085 -0.049158
vn -0.068772 -0.055515 -0.046782
vn -0.082028 -0.040440 -0.040447
vn -0.084738 -0.036451 -0.038611
vn -0.049443 -0.071289 -0.049733
vn -0.057569 -0.066075 -0.048166
vn -0.065590 -0.059850 -0.045999
vn -0.080028 -0.044782 -0.039876
vn -0.083086 -0.040629 -0.038026
vn -0.085869 -0.036395 -0.036081
vn -0.043790 -0.075824 -0.048304
vn -0.051768 -0.071454 -0.047058
vn -0.060014 -0.065970 -0.045236
vn -0.076016 -0.051516 -0.039594
vn -0.079630 -0.047252 -0.037767
vn -0.082993 -0.042789 -0.035794
vn -0.088823 -0.033451 -0.031489
vn -0.013642 -0.088257 -0.044996
vn -0.016931 -0.087751 -0.044868
vn -0.020945 -0.086996 -0.044644
vn -0.032203 -0.084040 -0.043592
vn -0.035969 -0.082760 -0.043093
vn -0.040240 -0.081119 -0.042432
vn -0.050588 -0.076230 -0.040371
vn -0.009844 -0.088828 -0.044863
vn -0.012245 -0.088563 -0.044796
vn -0.015201 -0.088163 -0.044678
vn -0.023707 -0.086558 -0.044109
vn -0.026648 -0.085841 -0.043831
vn -0.030058 -0.084902 -0.043454
vn -0.038730 -0.081961 -0.042219
vn -0.005987 -0.089216 -0.044773
vn -0.007457 -0.089118 -0.044749
vn -0.009277 -0.088969 -0.044705
vn -0.014609 -0.088359 -0.044489
vn -0.016494 -0.088081 -0.044382
vn -0.018717 -0.087710 -0.044234
vn -0.024585 -0.086506 -0.043729
vn -0.004043 -0.089339 -0.044745
vn -0.005038 -0.089294 -0.044734
vn -0.006271 -0.089226 -0.044714
vn -0.009903 -0.088946 -0.044615
vn -0.011196 -0.088818 -0.044565
vn -0.012729 -0.088646 -0.044496
vn -0.016825 -0.088079 -0.044260
vn -0.002094 -0.089415 -0.044728
vn -0.002609 -0.089403 -0.044725
vn -0.003249 -0.089385 -0.044719
vn -0.005137 -0.089309 -0.044693
vn -0.005813 -0.089275 -0.044679
vn -0.006615 -0.089228 -0.044661
vn -0.008775 -0.089074 -0.044596
vn 0.009568 -0.088862 -0.044855
vn 0.011903 -0.088611 -0.044792
vn 0.014779 -0.088234 -0.044680
vn 0.023070 -0.086714 -0.044141
vn 0.025942 -0.086034 -0.043878
vn 0.029276 -0.085141 -0.043520
vn 0.037784 -0.082337 -0.042343
vn 0.013372 -0.088304 -0.044985
vn 0.016599 -0.087817 -0.044862
vn 0.020540 -0.087091 -0.044646
vn 0.031617 -0.084241 -0.043632
vn 0.035332 -0.083004 -0.043150
vn 0.039553 -0.081415 -0.042511
vn 0.049817 -0.076664 -0.040508
vn 0.020717 -0.086673 -0.045372
vn 0.025544 -0.085529 -0.045080
vn 0.031293 -0.083866 -0.044579
vn 0.046373 -0.077795 -0.042396
vn 0.051021 -0.075364 -0.041438
vn 0.056034 -0.072400 -0.040230
vn 0.067013 -0.064439 -0.036837
vn 0.033874 -0.081720 -0.046631
vn 0.040934 -0.078870 -0.045868
vn 0.048769 -0.075016 -0.044657
vn 0.066185 -0.063230 -0.040267
vn 0.070663 -0.059271 -0.038649
vn 0.075060 -0.054883 -0.036796
vn 0.083281 -0.044892 -0.032389
vn 0.044471 -0.075329 -0.048454
vn 0.052483 -0.070854 -0.047172
vn 0.060720 -0.065271 -0.045308
vn 0.076556 -0.050707 -0.039599
vn 0.080103 -0.046446 -0.037766
vn 0.083395 -0.042002 -0.035793
vn 0.089077 -0.032747 -0.031510
vn 0.052414 -0.068413 -0.050720
vn 0.060488 -0.062794 -0.048971
vn 0.068257 -0.056273 -0.046630
vn 0.081721 -0.041178 -0.040325
vn 0.084489 -0.037156 -0.038485
vn 0.086984 -0.033106 -0.036576
vn 0.091146 -0.025058 -0.032626
vn 0.062217 -0.053656 -0.057010
vn 0.069210 -0.047251 -0.054564
vn 0.075354 -0.040613 -0.051695
vn 0.088320 -0.021234 -0.041817
vn -0.091445 -0.017609 -0.036438
vn 0.090442 0.030165 -0.030172
vn 0.088910 0.032361 -0.032368
vn 0.089632 0.029464 -0.033135
vn 0.088962 0.029276 -0.035054
vn 0.089574 0.027662 -0.034804
vn 0.088959 0.026276 -0.037361
vn 0.089500 0.025892 -0.036323
vn 0.089413 0.024154 -0.037707
vn 0.090050 0.024956 -0.035612
vn 0.089895 0.023279 -0.037107
vn 0.090613 0.023966 -0.034856
vn 0.090390 0.022355 -0.036469
vn 0.091187 0.022919 -0.034053
vn 0.090895 0.021377 -0.035791
vn 0.092367 0.020633 -0.032290
vn 0.091940 0.019246 -0.034301
vn 0.093578 0.018057 -0.030284
vn 0.093022 0.016845 -0.032604
vn 0.094189 0.016647 -0.029177
vn 0.093574 0.015531 -0.031666
vn 0.094800 0.015146 -0.027993
vn 0.094128 0.014132 -0.030661
vn 0.096001 0.011846 -0.025367
vn 0.095236 0.011051 -0.028426
vn 0.097134 0.008096 -0.022346
vn 0.096309 0.007542 -0.025840
vn 0.097906 0.003749 -0.020007
vn 0.096463 0.003261 -0.026157
vn 0.095447 0.006988 -0.029000
vn 0.094572 0.006441 -0.031853
vn 0.093678 0.009487 -0.033682
vn 0.092910 0.008734 -0.035937
vn 0.092133 0.011203 -0.037228
vn 0.091495 0.010287 -0.039023
vn 0.091172 0.011322 -0.039489
vn 0.090593 0.010335 -0.041062
vn 0.090330 0.011229 -0.041405
vn 0.089818 0.010210 -0.042760
vn 0.089406 0.011711 -0.043237
vn 0.088989 0.010622 -0.044363
vn 0.088678 0.011849 -0.044675
vn 0.088333 0.010716 -0.045633
vn 0.088217 0.011234 -0.045734
vn 0.087572 0.009082 -0.047420
vn 0.087508 0.009493 -0.047457
vn 0.086891 0.007541 -0.048920
vn 0.086863 0.007866 -0.048918
vn 0.086302 0.006215 -0.050133
vn 0.086327 0.006564 -0.050047
vn 0.085875 0.005312 -0.050964
vn 0.088914 0.023366 -0.039350
vn 0.089316 0.022449 -0.038970
vn 0.089733 0.021635 -0.038469
vn 0.090163 0.020774 -0.037936
vn 0.090603 0.019865 -0.037369
vn 0.091517 0.017883 -0.036123
vn 0.092471 0.015652 -0.034701
vn 0.092960 0.014430 -0.033914
vn 0.093456 0.013128 -0.033070
vn 0.094457 0.010261 -0.031187
vn 0.088799 0.020609 -0.041110
vn 0.089195 0.020805 -0.040142
vn 0.089554 0.020048 -0.039727
vn 0.089923 0.019249 -0.039286
vn 0.090302 0.018404 -0.038817
vn 0.091093 0.016564 -0.037785
vn 0.091924 0.014493 -0.036606
vn 0.092352 0.013359 -0.035953
vn 0.092789 0.012151 -0.035251
vn 0.089050 0.019225 -0.041237
vn 0.088608 0.018029 -0.042703
vn 0.088883 0.017708 -0.042263
vn 0.088692 0.016218 -0.043251
vn 0.089140 0.017057 -0.041989
vn 0.088905 0.015618 -0.043035
vn 0.089405 0.016371 -0.041697
vn 0.089124 0.014985 -0.042806
vn 0.089679 0.015646 -0.041388
vn 0.089351 0.014317 -0.042561
vn 0.090251 0.014068 -0.040705
vn 0.089826 0.012863 -0.042022
vn 0.090857 0.012294 -0.039923
vn 0.088352 0.015624 -0.044158
vn 0.088480 0.014798 -0.044184
vn 0.088654 0.014245 -0.044018
vn 0.088833 0.013662 -0.043841
vn 0.089018 0.013048 -0.043653
vn 0.088027 0.013424 -0.045509
vn 0.088246 0.013457 -0.045072
vn 0.088386 0.012949 -0.044948
vn 0.088530 0.012413 -0.044816
vn 0.087994 0.012192 -0.045917
vn 0.087648 0.011423 -0.046770
vn 0.087446 0.009885 -0.047491
vn 0.087228 0.009615 -0.047946
vn 0.086783 0.007997 -0.049039
vn 0.085756 0.004813 -0.051213
vn 0.085441 0.004210 -0.051789
vn 0.085245 0.003594 -0.052158
vn 0.085036 0.003215 -0.052523
vn 0.084786 0.002524 -0.052962
vn 0.084670 0.002326 -0.053156
vn 0.084402 0.001616 -0.053606
vn 0.084355 0.001544 -0.053683
vn 0.084086 0.000780 -0.054119
vn 0.084083 0.000787 -0.054124
vn 0.083859 0.000027 -0.054476
vn 0.083838 -0.000059 -0.054509
vn 0.083688 -0.000753 -0.054734
vn 0.083664 -0.000926 -0.054768
vn 0.083565 -0.001605 -0.054903
vn 0.083551 -0.002125 -0.054906
vn 0.083499 -0.002536 -0.054969
vn 0.083566 -0.003508 -0.054812
vn 0.083491 -0.003573 -0.054923
vn 0.083541 -0.004745 -0.054758
vn 0.083651 -0.006059 -0.054460
vn 0.083741 -0.005427 -0.054387
vn 0.083632 -0.004421 -0.054646
vn 0.083638 -0.003280 -0.054717
vn 0.083591 -0.001991 -0.054851
vn 0.083630 -0.001856 -0.054795
vn 0.083693 -0.000817 -0.054725
vn 0.083708 -0.000761 -0.054702
vn 0.083837 -0.000061 -0.054510
vn 0.083837 -0.000062 -0.054511
vn 0.084029 0.000522 -0.054211
vn 0.084004 0.000410 -0.054250
vn 0.084270 0.000910 -0.053830
vn 0.084248 0.000797 -0.053866
vn 0.084607 0.001315 -0.053291
vn 0.084580 0.001138 -0.053338
vn 0.085054 0.001717 -0.052564
vn 0.084995 0.001194 -0.052673
vn 0.085595 0.001726 -0.051676
vn 0.085543 0.000964 -0.051783
vn 0.086306 0.001401 -0.050490
vn 0.085633 0.000146 -0.051643
vn 0.087159 0.000527 -0.049020
vn 0.083892 -0.006535 -0.054032
vn 0.083815 -0.007533 -0.054021
vn 0.084077 -0.007759 -0.053580
vn 0.084022 -0.009182 -0.053441
vn 0.084321 -0.009317 -0.052945
vn 0.084252 -0.011013 -0.052729
vn 0.084578 -0.011046 -0.052197
vn 0.084470 -0.013035 -0.051913
vn 0.084702 -0.011978 -0.051789
vn 0.084813 -0.012963 -0.051368
vn 0.084970 -0.011305 -0.051501
vn 0.085103 -0.012259 -0.051061
vn 0.085237 -0.010621 -0.051204
vn 0.085392 -0.011542 -0.050745
vn 0.085503 -0.009925 -0.050900
vn 0.085680 -0.010809 -0.050419
vn 0.086029 -0.008499 -0.050267
vn 0.086254 -0.009301 -0.049737
vn 0.086548 -0.007026 -0.049599
vn 0.086822 -0.007731 -0.049013
vn 0.086804 -0.006271 -0.049252
vn 0.087103 -0.006922 -0.048634
vn 0.087057 -0.005504 -0.048896
vn 0.087381 -0.006097 -0.048243
vn 0.087554 -0.003933 -0.048154
vn 0.087929 -0.004399 -0.047426
vn 0.088036 -0.002312 -0.047374
vn 0.088462 -0.002633 -0.046557
vn 0.088686 -0.000699 -0.046198
vn 0.089196 -0.000877 -0.045202
vn 0.088899 -0.002995 -0.045695
vn 0.089725 -0.001088 -0.044139
vn 0.089343 -0.003407 -0.044791
vn 0.090268 -0.001338 -0.043011
vn 0.089991 -0.004115 -0.043412
vn 0.090820 -0.001637 -0.041822
vn 0.091373 -0.001995 -0.040582
vn 0.090617 -0.004984 -0.041997
vn 0.091920 -0.002428 -0.039305
vn 0.091185 -0.006067 -0.040602
vn 0.092447 -0.002959 -0.038011
vn 0.091642 -0.007440 -0.039323
vn 0.084638 -0.015237 -0.051032
vn 0.084914 -0.013985 -0.050932
vn 0.085225 -0.013255 -0.050607
vn 0.085536 -0.012508 -0.050271
vn 0.085848 -0.011743 -0.049923
vn 0.086471 -0.010156 -0.049190
vn 0.087091 -0.008492 -0.048405
vn 0.087399 -0.007630 -0.047992
vn 0.087705 -0.006747 -0.047564
vn 0.088309 -0.004915 -0.046662
vn 0.084997 -0.015044 -0.050490
vn 0.084716 -0.017576 -0.050143
vn 0.085072 -0.016654 -0.049855
vn 0.085070 -0.018340 -0.049262
vn 0.085433 -0.015884 -0.049486
vn 0.085458 -0.017568 -0.048871
vn 0.085799 -0.015087 -0.049100
vn 0.085854 -0.016761 -0.048458
vn 0.086170 -0.014262 -0.048697
vn 0.086258 -0.015919 -0.048023
vn 0.086921 -0.012519 -0.047833
vn 0.087088 -0.014119 -0.047078
vn 0.087685 -0.010646 -0.046883
vn 0.087945 -0.012148 -0.046023
vn 0.088070 -0.009656 -0.046373
vn 0.088383 -0.011092 -0.045448
vn 0.088456 -0.008630 -0.045838
vn 0.088825 -0.009985 -0.044838
vn 0.089227 -0.006457 -0.044686
vn 0.089719 -0.007606 -0.043504
vn 0.084635 -0.020036 -0.049350
vn 0.084963 -0.020097 -0.048758
vn 0.085372 -0.019341 -0.048347
vn 0.085794 -0.018545 -0.047912
vn 0.086227 -0.017706 -0.047448
vn 0.087132 -0.015886 -0.046429
vn 0.088086 -0.013851 -0.045266
vn 0.088580 -0.012742 -0.044623
vn 0.089085 -0.011566 -0.043933
vn 0.090123 -0.008988 -0.042392
vn 0.084318 -0.022593 -0.048786
vn 0.085142 -0.021201 -0.047972
vn 0.086036 -0.019628 -0.047038
vn 0.087003 -0.017839 -0.045959
vn 0.088049 -0.015790 -0.044699
vn 0.089175 -0.013424 -0.043215
vn 0.090378 -0.010671 -0.041449
vn 0.088198 -0.000551 -0.047125
vn 0.087624 -0.002033 -0.048144
vn 0.087187 -0.003520 -0.048848
vn 0.086735 -0.004970 -0.049520
vn 0.086505 -0.005682 -0.049846
vn 0.086272 -0.006384 -0.050164
vn 0.085798 -0.007761 -0.050778
vn 0.085315 -0.009101 -0.051366
vn 0.085071 -0.009758 -0.051649
vn 0.084825 -0.010407 -0.051926
vn 0.087734 -0.000427 -0.047986
vn 0.086854 -0.001568 -0.049536
vn 0.086493 -0.002815 -0.050110
vn 0.086120 -0.004042 -0.050666
vn 0.085929 -0.004648 -0.050937
vn 0.085736 -0.005249 -0.051203
vn 0.085343 -0.006436 -0.051722
vn 0.084940 -0.007604 -0.052224
vn 0.084736 -0.008180 -0.052469
vn 0.084529 -0.008751 -0.052709
vn 0.086882 -0.000236 -0.049512
vn 0.086166 -0.001204 -0.050734
vn 0.085868 -0.002241 -0.051202
vn 0.085560 -0.003268 -0.051660
vn 0.085403 -0.003778 -0.051885
vn 0.085244 -0.004285 -0.052106
vn 0.084920 -0.005291 -0.052541
vn 0.084588 -0.006287 -0.052965
vn 0.084420 -0.006780 -0.053173
vn 0.084249 -0.007271 -0.053378
vn 0.086138 -0.000108 -0.050795
vn 0.085640 -0.000954 -0.051623
vn 0.085388 -0.001830 -0.052014
vn 0.085130 -0.002699 -0.052398
vn 0.084999 -0.003132 -0.052587
vn 0.084865 -0.003563 -0.052775
vn 0.084595 -0.004420 -0.053143
vn 0.084318 -0.005271 -0.053504
vn 0.084177 -0.005694 -0.053682
vn 0.084035 -0.006115 -0.053858
vn 0.085503 -0.000031 -0.051857
vn 0.085182 -0.000755 -0.052378
vn 0.084972 -0.001486 -0.052702
vn 0.084758 -0.002213 -0.053021
vn 0.084649 -0.002574 -0.053178
vn 0.084539 -0.002935 -0.053334
vn 0.084316 -0.003653 -0.053641
vn 0.084089 -0.004366 -0.053944
vn 0.083974 -0.004720 -0.054093
vn 0.083858 -0.005074 -0.054241
vn 0.084794 -0.000593 -0.053006
vn 0.084555 0.000024 -0.053389
vn 0.084475 -0.000461 -0.053514
vn 0.084075 -0.000294 -0.054141
vn 0.084338 -0.000942 -0.053723
vn 0.083994 -0.000588 -0.054265
vn 0.084201 -0.001418 -0.053928
vn 0.083912 -0.000878 -0.054387
vn 0.084131 -0.001654 -0.054030
vn 0.083871 -0.001021 -0.054448
vn 0.084061 -0.001890 -0.054130
vn 0.083831 -0.001163 -0.054507
vn 0.083921 -0.002357 -0.054329
vn 0.083750 -0.001443 -0.054624
vn 0.083780 -0.002821 -0.054525
vn 0.083670 -0.001719 -0.054739
vn 0.083709 -0.003051 -0.054622
vn 0.084007 -0.000012 -0.054247
vn 0.083869 -0.000162 -0.054461
vn 0.083835 -0.000289 -0.054512
vn 0.083802 -0.000412 -0.054562
vn 0.083786 -0.000472 -0.054586
vn 0.083770 -0.000531 -0.054610
vn 0.083739 -0.000648 -0.054657
vn 0.083876 -0.000041 -0.054450
vn 0.083835 -0.000069 -0.054513
vn 0.083835 -0.000067 -0.054513
vn 0.083836 -0.000066 -0.054512
vn 0.083836 -0.000065 -0.054512
vn 0.083836 -0.000064 -0.054511
vn 0.083834 -0.000075 -0.054514
vn 0.083884 -0.000098 -0.054437
vn 0.083921 0.000039 -0.054381
vn 0.084027 -0.000107 -0.054216
vn 0.084127 0.000172 -0.054062
vn 0.084266 -0.000096 -0.053845
vn 0.084456 0.000357 -0.053545
vn 0.084607 -0.000052 -0.053306
vn 0.084927 0.000620 -0.052792
vn 0.085061 0.000028 -0.052580
vn 0.089237 0.001106 -0.045117
vn 0.088368 0.002643 -0.046735
vn 0.087224 0.001948 -0.048869
vn 0.086322 0.002377 -0.050427
vn 0.085638 0.002413 -0.051578
vn 0.085080 0.001962 -0.052512
vn 0.084633 0.001485 -0.053245
vn 0.084311 0.001127 -0.053762
vn 0.084053 0.000629 -0.054173
vn 0.083837 -0.000060 -0.054510
vn 0.083678 -0.000872 -0.054747
vn 0.091865 0.001872 -0.039463
vn 0.090420 0.003900 -0.042533
vn 0.089691 0.003454 -0.044085
vn 0.088214 0.004158 -0.046914
vn 0.087175 0.003170 -0.048893
vn 0.087120 0.004249 -0.048908
vn 0.086328 0.003247 -0.050367
vn 0.086329 0.003647 -0.050338
vn 0.085657 0.002732 -0.051531
vn 0.085674 0.003035 -0.051486
vn 0.085105 0.002196 -0.052462
vn 0.085151 0.002636 -0.052367
vn 0.084682 0.001808 -0.053157
vn 0.084726 0.002109 -0.053075
vn 0.084350 0.001331 -0.053697
vn 0.084368 0.001429 -0.053666
vn 0.084064 0.000680 -0.054155
vn 0.084075 0.000730 -0.054137
vn 0.083837 -0.000059 -0.054509
vn 0.093353 0.002313 -0.035776
vn 0.092001 0.004870 -0.038886
vn 0.091191 0.004373 -0.040806
vn 0.090038 0.005924 -0.043106
vn 0.089395 0.005299 -0.044502
vn 0.089109 0.006912 -0.044853
vn 0.088063 0.005488 -0.047062
vn 0.087988 0.006094 -0.047127
vn 0.087092 0.004742 -0.048913
vn 0.087063 0.005209 -0.048917
vn 0.086329 0.004026 -0.050310
vn 0.086325 0.004729 -0.050256
vn 0.085703 0.003600 -0.051401
vn 0.085727 0.004117 -0.051322
vn 0.085192 0.003042 -0.052279
vn 0.085210 0.003233 -0.052237
vn 0.084747 0.002252 -0.053036
vn 0.084767 0.002390 -0.052998
vn 0.084385 0.001523 -0.053636
vn 0.094909 0.002778 -0.031377
vn 0.093701 0.005907 -0.034428
vn 0.092847 0.005387 -0.036747
vn 0.091422 0.007280 -0.039862
vn 0.090714 0.006585 -0.041565
vn 0.090255 0.008514 -0.042209
vn 0.089670 0.007691 -0.043591
vn 0.089492 0.008492 -0.043806
vn 0.088971 0.007644 -0.045009
vn 0.088836 0.008332 -0.045152
vn 0.087915 0.006664 -0.047186
vn 0.087773 0.007711 -0.047291
vn 0.087005 0.006068 -0.048921
vn 0.086948 0.006841 -0.048922
vn 0.086317 0.005366 -0.050205
vn 0.086313 0.005662 -0.050180
vn 0.085738 0.004359 -0.051284
vn 0.085747 0.004590 -0.051248
vn 0.085228 0.003417 -0.052197
vn 0.097893 0.008643 -0.018500
vn 0.099081 0.004224 -0.012849
vn 0.098547 0.009181 -0.014288
vn 0.099782 0.004671 -0.004672
vn 0.099054 0.009701 -0.009704
vn 0.097394 0.013429 -0.018276
vn 0.097961 0.014205 -0.014208
vn 0.096071 0.017192 -0.021791
vn 0.096626 0.018212 -0.018216
vn 0.095370 0.018907 -0.023388
vn 0.095144 0.021764 -0.021769
vn 0.094655 0.020521 -0.024887
vn 0.093202 0.023467 -0.027616
vn 0.092791 0.022041 -0.030068
vn 0.091475 0.024487 -0.032137
vn 0.093588 0.024909 -0.024915
vn 0.091751 0.026079 -0.030026
vn 0.090830 0.025606 -0.033080
vn 0.092009 0.027694 -0.027701
vn 0.091035 0.027274 -0.031125
vn 0.090196 0.026663 -0.033968
vn 0.090328 0.028400 -0.032160
vn 0.085329 -0.014293 -0.050147
vn 0.085662 -0.013521 -0.049791
vn 0.085998 -0.012727 -0.049420
vn 0.086672 -0.011071 -0.048635
vn 0.087348 -0.009317 -0.047786
vn 0.087686 -0.008401 -0.047336
vn 0.088022 -0.007459 -0.046867
vn 0.088689 -0.005491 -0.045871
vn 0.083725 -0.004133 -0.054526
vn 0.083818 -0.003843 -0.054405
vn 0.083909 -0.003553 -0.054282
vn 0.084091 -0.002969 -0.054035
vn 0.084271 -0.002381 -0.053784
vn 0.084360 -0.002086 -0.053657
vn 0.084448 -0.001789 -0.053529
vn 0.084622 -0.001193 -0.053269
vn 0.086308 0.005945 -0.050156
vn 0.088104 0.011725 -0.045829
vn 0.089355 0.018522 -0.040897
vn 0.089670 0.017781 -0.040536
vn 0.089994 0.016998 -0.040152
vn 0.090670 0.015292 -0.039307
vn 0.091385 0.013373 -0.038340
vn 0.091755 0.012323 -0.037804
vn 0.086919 0.007200 -0.048921
vn 0.087637 0.008649 -0.047380
vn 0.088577 0.009592 -0.045410
vn 0.089320 0.009245 -0.044006
vn 0.090034 0.009389 -0.042495
vn 0.090863 0.009382 -0.040692
vn 0.092162 0.008004 -0.037976
vn 0.094127 0.019284 -0.027718
vn 0.083991 0.000352 -0.054271
vn 0.083978 0.000292 -0.054292
vn 0.083950 0.000169 -0.054335
vn 0.094794 0.017774 -0.026425
vn 0.095454 0.016168 -0.025043
vn 0.096730 0.012640 -0.021990
vn 0.084226 0.000680 -0.053903
vn 0.084521 0.000763 -0.053438
vn 0.084178 0.000434 -0.053980
usemtl Steel_-_Satin
f 2/1/1 83/2/2 1/3/3
f 1/3/3 83/2/2 67/4/4
f 1/3/3 67/4/4 72/5/5
f 72/5/5 67/4/4 71/6/6
f 71/6/6 67/4/4 70/7/7
f 70/7/7 67/4/4 69/8/8
f 69/8/8 67/4/4 68/9/9
f 83/2/2 2/1/1 84/10/10
f 84/10/10 2/1/1 3/11/11
f 84/10/10 3/11/11 85/12/12
f 85/12/12 3/11/11 4/13/13
f 85/12/12 4/13/13 82/14/14
f 82/14/14 4/13/13 5/15/15
f 82/14/14 5/15/15 81/16/16
f 81/16/16 5/15/15 6/17/17
f 81/16/16 6/17/17 86/18/18
f 86/18/18 6/17/17 87/19/19
f 86/18/18 87/19/19 62/20/20
f 62/20/20 87/19/19 80/21/21
f 62/20/20 80/21/21 61/22/22
f 61/22/22 80/21/21 88/23/23
f 61/22/22 88/23/23 60/24/24
f 60/24/24 88/23/23 89/25/25
f 60/24/24 89/25/25 59/26/26
f 59/26/26 89/25/25 90/27/27
f 59/26/26 90/27/27 58/28/28
f 58/28/28 90/27/27 91/29/29
f 58/28/28 91/29/29 79/30/30
f 79/30/30 91/29/29 12/31/31
f 79/30/30 12/31/31 78/32/32
f 78/32/32 12/31/31 13/33/33
f 78/32/32 13/33/33 92/34/34
f 92/34/34 13/33/33 14/35/35
f 92/34/34 14/35/35 93/36/36
f 93/36/36 14/35/35 15/37/37
f 93/36/36 15/37/37 77/38/38
f 77/38/38 15/37/37 16/39/39
f 77/38/38 16/39/39 94/40/40
f 94/40/40 16/39/39 17/41/41
f 94/40/40 17/41/41 95/42/42
f 95/42/42 17/41/41 18/43/43
f 95/42/42 18/43/43 96/44/44
f 96/44/44 18/43/43 19/45/45
f 96/44/44 19/45/45 97/46/46
f 97/46/46 19/45/45 20/47/47
f 97/46/46 20/47/47 98/48/48
f 98/48/48 20/47/47 21/49/49
f 98/48/48 21/49/49 99/50/50
f 99/50/50 21/49/49 22/51/51
f 99/50/50 22/51/51 100/52/52
f 100/52/52 22/51/51 23/53/53
f 100/52/52 23/53/53 24/54/54
f 6/17/17 7/55/55 87/19/19
f 87/19/19 7/55/55 80/21/21
f 7/55/55 8/56/56 80/21/21
f 80/21/21 8/56/56 88/23/23
f 8/56/56 9/57/57 88/23/23
f 88/23/23 9/57/57 89/25/25
f 9/57/57 10/58/58 89/25/25
f 89/25/25 10/58/58 90/27/27
f 10/58/58 11/59/59 90/27/27
f 90/27/27 11/59/59 91/29/29
f 11/59/59 12/31/31 91/29/29
f 100/52/52 24/54/54 101/60/60
f 101/60/60 24/54/54 25/61/61
f 101/60/60 25/61/61 102/62/62
f 102/62/62 25/61/61 26/63/63
f 102/62/62 26/63/63 103/64/64
f 103/64/64 26/63/63 27/65/65
f 103/64/64 27/65/65 104/66/66
f 104/66/66 27/65/65 28/67/67
f 104/66/66 28/67/67 76/68/68
f 76/68/68 28/67/67 29/69/69
f 76/68/68 29/69/69 105/70/70
f 105/70/70 29/69/69 30/71/71
f 105/70/70 30/71/71 74/72/72
f 74/72/72 30/71/71 31/73/73
f 74/72/72 31/73/73 106/74/74
f 106/74/74 31/73/73 75/75/75
f 106/74/74 75/75/75 40/76/76
f 40/76/76 75/75/75 39/77/77
f 39/77/77 75/75/75 107/78/78
f 39/77/77 107/78/78 38/79/79
f 38/79/79 107/78/78 108/80/80
f 38/79/79 108/80/80 73/81/81
f 73/81/81 108/80/80 33/82/82
f 73/81/81 33/82/82 34/83/83
f 31/73/73 32/84/84 75/75/75
f 75/75/75 32/84/84 107/78/78
f 32/84/84 33/82/82 107/78/78
f 107/78/78 33/82/82 108/80/80
f 73/81/81 34/83/83 37/85/85
f 37/85/85 34/83/83 35/86/86
f 37/85/85 35/86/86 36/87/87
f 37/85/85 38/79/79 73/81/81
f 106/74/74 40/76/76 74/72/72
f 74/72/72 40/76/76 41/88/88
f 74/72/72 41/88/88 105/70/70
f 105/70/70 41/88/88 42/89/89
f 105/70/70 42/89/89 76/68/68
f 76/68/68 42/89/89 43/90/90
f 76/68/68 43/90/90 104/66/66
f 104/66/66 43/90/90 103/64/64
f 43/90/90 44/91/91 103/64/64
f 103/64/64 44/91/91 45/92/92
f 103/64/64 45/92/92 102/62/62
f 102/62/62 45/92/92 46/93/93
f 102/62/62 46/93/93 101/60/60
f 101/60/60 46/93/93 47/94/94
f 101/60/60 47/94/94 100/52/52
f 100/52/52 47/94/94 48/95/95
f 100/52/52 48/95/95 99/50/50
f 99/50/50 48/95/95 49/96/96
f 99/50/50 49/96/96 98/48/48
f 98/48/48 49/96/96 50/97/97
f 98/48/48 50/97/97 97/46/46
f 97/46/46 50/97/97 96/44/44
f 50/97/97 51/98/98 96/44/44
f 96/44/44 51/98/98 95/42/42
f 51/98/98 52/99/99 95/42/42
f 95/42/42 52/99/99 53/100/100
f 95/42/42 53/100/100 94/40/40
f 94/40/40 53/100/100 77/38/38
f 53/100/100 54/101/101 77/38/38
f 77/38/38 54/101/101 93/36/36
f 54/101/101 55/102/102 93/36/36
f 93/36/36 55/102/102 92/34/34
f 55/102/102 56/103/103 92/34/34
f 92/34/34 56/103/103 78/32/32
f 56/103/103 57/104/104 78/32/32
f 78/32/32 57/104/104 79/30/30
f 57/104/104 58/28/28 79/30/30
f 62/20/20 63/105/105 86/18/18
f 86/18/18 63/105/105 81/16/16
f 63/105/105 64/106/106 81/16/16
f 81/16/16 64/106/106 82/14/14
f 64/106/106 65/107/107 82/14/14
f 82/14/14 65/107/107 85/12/12
f 85/12/12 65/107/107 84/10/10
f 84/10/10 65/107/107 66/108/108
f 84/10/10 66/108/108 83/2/2
f 83/2/2 66/108/108 67/4/4
f 109/109/109 175/110/110 33/111/111
f 33/111/111 175/110/110 182/112/112
f 33/111/111 182/112/112 34/113/113
f 34/113/113 182/112/112 181/114/114
f 34/113/113 181/114/114 180/115/115
f 180/115/115 181/114/114 177/116/116
f 180/115/115 177/116/116 178/117/117
f 178/117/117 177/116/116 186/118/118
f 178/117/117 186/118/118 170/119/119
f 170/119/119 186/118/118 169/120/120
f 169/120/120 186/118/118 190/121/121
f 169/120/120 190/121/121 168/122/122
f 168/122/122 190/121/121 194/123/123
f 168/122/122 194/123/123 167/124/124
f 167/124/124 194/123/123 198/125/125
f 167/124/124 198/125/125 166/126/126
f 166/126/126 198/125/125 202/127/127
f 166/126/126 202/127/127 165/128/128
f 165/128/128 202/127/127 206/129/129
f 165/128/128 206/129/129 164/130/130
f 164/130/130 206/129/129 210/131/131
f 164/130/130 210/131/131 163/132/132
f 163/132/132 210/131/131 214/133/133
f 163/132/132 214/133/133 162/134/134
f 162/134/134 214/133/133 218/135/135
f 162/134/134 218/135/135 161/136/136
f 161/136/136 218/135/135 222/137/137
f 161/136/136 222/137/137 160/138/138
f 160/138/138 222/137/137 226/139/139
f 160/138/138 226/139/139 159/140/140
f 159/140/140 226/139/139 230/141/141
f 159/140/140 230/141/141 234/142/142
f 234/142/142 230/141/141 233/143/143
f 234/142/142 233/143/143 238/144/144
f 238/144/144 233/143/143 237/145/145
f 238/144/144 237/145/145 242/146/146
f 242/146/146 237/145/145 241/147/147
f 242/146/146 241/147/147 174/148/148
f 174/148/148 241/147/147 245/149/149
f 174/148/148 245/149/149 249/150/150
f 249/150/150 245/149/149 248/151/151
f 249/150/150 248/151/151 253/152/152
f 253/152/152 248/151/151 252/153/153
f 253/152/152 252/153/153 258/154/154
f 258/154/154 252/153/153 259/155/155
f 258/154/154 259/155/155 255/156/156
f 255/156/156 259/155/155 254/157/157
f 255/156/156 254/157/157 262/158/158
f 262/158/158 254/157/157 261/159/159
f 262/158/158 261/159/159 266/160/160
f 266/160/160 261/159/159 265/161/161
f 266/160/160 265/161/161 270/162/162
f 270/162/162 265/161/161 269/163/163
f 270/162/162 269/163/163 274/164/164
f 274/164/164 269/163/163 273/165/165
f 274/164/164 273/165/165 278/166/166
f 278/166/166 273/165/165 277/167/167
f 278/166/166 277/167/167 282/168/168
f 282/168/168 277/167/167 281/169/169
f 282/168/168 281/169/169 286/170/170
f 286/170/170 281/169/169 285/171/171
f 286/170/170 285/171/171 290/172/172
f 290/172/172 285/171/171 289/173/173
f 290/172/172 289/173/173 141/174/174
f 141/174/174 289/173/173 140/175/175
f 140/175/175 289/173/173 139/176/176
f 139/176/176 289/173/173 285/171/171
f 139/176/176 285/171/171 138/177/177
f 138/177/177 285/171/171 281/169/169
f 138/177/177 281/169/169 137/178/178
f 137/178/178 281/169/169 136/179/179
f 136/179/179 281/169/169 277/167/167
f 136/179/179 277/167/167 135/180/180
f 135/180/180 277/167/167 273/165/165
f 135/180/180 273/165/165 134/181/181
f 134/181/181 273/165/165 269/163/163
f 134/181/181 269/163/163 133/182/182
f 133/182/182 269/163/163 132/183/183
f 132/183/183 269/163/163 265/161/161
f 132/183/183 265/161/161 131/184/184
f 131/184/184 265/161/161 261/159/159
f 131/184/184 261/159/159 130/185/185
f 130/185/185 261/159/159 254/157/157
f 130/185/185 254/157/157 129/186/186
f 129/186/186 254/157/157 260/187/187
f 129/186/186 260/187/187 128/188/188
f 128/188/188 260/187/187 250/189/189
f 128/188/188 250/189/189 127/190/190
f 127/190/190 250/189/189 246/191/191
f 127/190/190 246/191/191 126/192/192
f 126/192/192 246/191/191 243/193/193
f 126/192/192 243/193/193 125/194/194
f 125/194/194 243/193/193 239/195/195
f 125/194/194 239/195/195 124/196/196
f 124/196/196 239/195/195 235/197/197
f 124/196/196 235/197/197 123/198/198
f 123/198/198 235/197/197 231/199/199
f 123/198/198 231/199/199 122/200/200
f 122/200/200 231/199/199 227/201/201
f 122/200/200 227/201/201 121/202/202
f 121/202/202 227/201/201 223/203/203
f 121/202/202 223/203/203 120/204/204
f 120/204/204 223/203/203 219/205/205
f 120/204/204 219/205/205 119/206/206
f 119/206/206 219/205/205 215/207/207
f 119/206/206 215/207/207 118/208/208
f 118/208/208 215/207/207 211/209/209
f 118/208/208 211/209/209 117/210/210
f 117/210/210 211/209/209 207/211/211
f 117/210/210 207/211/211 116/212/212
f 116/212/212 207/211/211 203/213/213
f 116/212/212 203/213/213 115/214/214
f 115/214/214 203/213/213 114/215/215
f 114/215/215 203/213/213 199/216/216
f 114/215/215 199/216/216 113/217/217
f 113/217/217 199/216/216 195/218/218
f 113/217/217 195/218/218 112/219/219
f 112/219/219 195/218/218 191/220/220
f 112/219/219 191/220/220 111/221/221
f 111/221/221 191/220/220 187/222/222
f 111/221/221 187/222/222 110/223/223
f 110/223/223 187/222/222 183/224/224
f 110/223/223 183/224/224 109/109/109
f 109/109/109 183/224/224 175/110/110
f 142/225/225 292/226/226 141/174/174
f 141/174/174 292/226/226 291/227/227
f 141/174/174 291/227/227 290/172/172
f 290/172/172 291/227/227 286/170/170
f 142/225/225 143/228/228 292/226/226
f 292/226/226 143/228/228 288/229/229
f 292/226/226 288/229/229 287/230/230
f 287/230/230 288/229/229 283/231/231
f 287/230/230 283/231/231 282/168/168
f 282/168/168 283/231/231 278/166/166
f 143/228/228 144/232/232 288/229/229
f 288/229/229 144/232/232 284/233/233
f 288/229/229 284/233/233 283/231/231
f 283/231/231 284/233/233 279/234/234
f 283/231/231 279/234/234 278/166/166
f 278/166/166 279/234/234 274/164/164
f 144/232/232 145/235/235 284/233/233
f 284/233/233 145/235/235 280/236/236
f 284/233/233 280/236/236 279/234/234
f 279/234/234 280/236/236 275/237/237
f 279/234/234 275/237/237 274/164/164
f 274/164/164 275/237/237 270/162/162
f 145/235/235 146/238/238 280/236/236
f 280/236/236 146/238/238 276/239/239
f 280/236/236 276/239/239 275/237/237
f 275/237/237 276/239/239 271/240/240
f 275/237/237 271/240/240 270/162/162
f 270/162/162 271/240/240 266/160/160
f 146/238/238 147/241/241 276/239/239
f 276/239/239 147/241/241 148/242/242
f 276/239/239 148/242/242 272/243/243
f 272/243/243 148/242/242 149/244/244
f 272/243/243 149/244/244 268/245/245
f 268/245/245 149/244/244 150/246/246
f 268/245/245 150/246/246 264/247/247
f 264/247/247 150/246/246 151/248/248
f 264/247/247 151/248/248 257/249/249
f 257/249/249 151/248/248 152/250/250
f 257/249/249 152/250/250 173/251/251
f 173/251/251 152/250/250 153/252/252
f 173/251/251 153/252/252 253/152/152
f 253/152/152 153/252/252 154/253/253
f 253/152/152 154/253/253 249/150/150
f 249/150/150 154/253/253 155/254/254
f 249/150/150 155/254/254 174/148/148
f 174/148/148 155/254/254 156/255/255
f 174/148/148 156/255/255 242/146/146
f 242/146/146 156/255/255 238/144/144
f 156/255/255 157/256/256 238/144/144
f 238/144/144 157/256/256 158/257/257
f 238/144/144 158/257/257 234/142/142
f 234/142/142 158/257/257 159/140/140
f 170/119/119 171/258/258 178/117/117
f 178/117/117 171/258/258 179/259/259
f 178/117/117 179/259/259 180/115/115
f 180/115/115 179/259/259 294/260/260
f 180/115/115 294/260/260 34/113/113
f 34/113/113 294/260/260 35/261/261
f 35/261/261 294/260/260 293/262/262
f 35/261/261 293/262/262 172/263/263
f 172/263/263 293/262/262 179/259/259
f 172/263/263 179/259/259 171/258/258
f 172/263/263 36/264/264 35/261/261
f 181/114/114 182/112/112 176/265/265
f 176/265/265 182/112/112 175/110/110
f 176/265/265 175/110/110 184/266/266
f 184/266/266 175/110/110 183/224/224
f 184/266/266 183/224/224 188/267/267
f 188/267/267 183/224/224 187/222/222
f 188/267/267 187/222/222 192/268/268
f 192/268/268 187/222/222 191/220/220
f 192/268/268 191/220/220 196/269/269
f 196/269/269 191/220/220 195/218/218
f 196/269/269 195/218/218 200/270/270
f 200/270/270 195/218/218 199/216/216
f 200/270/270 199/216/216 204/271/271
f 204/271/271 199/216/216 203/213/213
f 204/271/271 203/213/213 208/272/272
f 208/272/272 203/213/213 207/211/211
f 208/272/272 207/211/211 212/273/273
f 212/273/273 207/211/211 211/209/209
f 212/273/273 211/209/209 216/274/274
f 216/274/274 211/209/209 215/207/207
f 216/274/274 215/207/207 220/275/275
f 220/275/275 215/207/207 219/205/205
f 220/275/275 219/205/205 224/276/276
f 224/276/276 219/205/205 223/203/203
f 224/276/276 223/203/203 227/201/201
f 181/114/114 176/265/265 177/116/116
f 177/116/116 176/265/265 185/277/277
f 177/116/116 185/277/277 186/118/118
f 186/118/118 185/277/277 190/121/121
f 185/277/277 176/265/265 184/266/266
f 293/262/262 294/260/260 179/259/259
f 185/277/277 184/266/266 189/278/278
f 189/278/278 184/266/266 188/267/267
f 189/278/278 188/267/267 193/279/279
f 193/279/279 188/267/267 192/268/268
f 193/279/279 192/268/268 197/280/280
f 197/280/280 192/268/268 196/269/269
f 197/280/280 196/269/269 201/281/281
f 201/281/281 196/269/269 200/270/270
f 201/281/281 200/270/270 205/282/282
f 205/282/282 200/270/270 204/271/271
f 205/282/282 204/271/271 209/283/283
f 209/283/283 204/271/271 208/272/272
f 209/283/283 208/272/272 213/284/284
f 213/284/284 208/272/272 212/273/273
f 213/284/284 212/273/273 217/285/285
f 217/285/285 212/273/273 216/274/274
f 217/285/285 216/274/274 221/286/286
f 221/286/286 216/274/274 220/275/275
f 221/286/286 220/275/275 225/287/287
f 225/287/287 220/275/275 224/276/276
f 225/287/287 224/276/276 228/288/288
f 228/288/288 224/276/276 227/201/201
f 228/288/288 227/201/201 231/199/199
f 194/123/123 190/121/121 189/278/278
f 189/278/278 190/121/121 185/277/277
f 194/123/123 189/278/278 193/279/279
f 198/125/125 194/123/123 193/279/279
f 198/125/125 193/279/279 197/280/280
f 202/127/127 198/125/125 197/280/280
f 202/127/127 197/280/280 201/281/281
f 206/129/129 202/127/127 201/281/281
f 206/129/129 201/281/281 205/282/282
f 210/131/131 206/129/129 205/282/282
f 210/131/131 205/282/282 209/283/283
f 214/133/133 210/131/131 209/283/283
f 214/133/133 209/283/283 213/284/284
f 218/135/135 214/133/133 213/284/284
f 218/135/135 213/284/284 217/285/285
f 222/137/137 218/135/135 217/285/285
f 222/137/137 217/285/285 221/286/286
f 226/139/139 222/137/137 221/286/286
f 226/139/139 221/286/286 225/287/287
f 226/139/139 225/287/287 229/289/289
f 229/289/289 225/287/287 228/288/288
f 229/289/289 228/288/288 232/290/290
f 232/290/290 228/288/288 231/199/199
f 232/290/290 231/199/199 236/291/291
f 236/291/291 231/199/199 235/197/197
f 236/291/291 235/197/197 240/292/292
f 240/292/292 235/197/197 239/195/195
f 240/292/292 239/195/195 244/293/293
f 244/293/293 239/195/195 243/193/193
f 244/293/293 243/193/193 247/294/294
f 247/294/294 243/193/193 246/191/191
f 247/294/294 246/191/191 251/295/295
f 251/295/295 246/191/191 250/189/189
f 251/295/295 250/189/189 260/187/187
f 233/143/143 230/141/141 229/289/289
f 229/289/289 230/141/141 226/139/139
f 233/143/143 229/289/289 232/290/290
f 237/145/145 233/143/143 232/290/290
f 237/145/145 232/290/290 236/291/291
f 241/147/147 237/145/145 236/291/291
f 241/147/147 236/291/291 240/292/292
f 245/149/149 241/147/147 240/292/292
f 245/149/149 240/292/292 244/293/293
f 248/151/151 245/149/149 244/293/293
f 248/151/151 244/293/293 247/294/294
f 252/153/153 248/151/151 247/294/294
f 252/153/153 247/294/294 251/295/295
f 259/155/155 252/153/153 251/295/295
f 259/155/155 251/295/295 260/187/187
f 173/251/251 253/152/152 258/154/154
f 260/187/187 254/157/157 259/155/155
f 173/251/251 258/154/154 256/296/296
f 256/296/296 258/154/154 255/156/156
f 256/296/296 255/156/156 263/297/297
f 263/297/297 255/156/156 262/158/158
f 263/297/297 262/158/158 267/298/298
f 267/298/298 262/158/158 266/160/160
f 267/298/298 266/160/160 271/240/240
f 264/247/247 257/249/249 256/296/296
f 256/296/296 257/249/249 173/251/251
f 264/247/247 256/296/296 263/297/297
f 268/245/245 264/247/247 263/297/297
f 268/245/245 263/297/297 267/298/298
f 272/243/243 268/245/245 267/298/298
f 272/243/243 267/298/298 271/240/240
f 276/239/239 272/243/243 271/240/240
f 287/230/230 282/168/168 286/170/170
f 292/226/226 287/230/230 291/227/227
f 291/227/227 287/230/230 286/170/170
f 68/299/299 295/300/300 69/301/301
f 69/301/301 295/300/300 70/302/302
f 70/302/302 295/300/300 71/303/303
f 71/303/303 295/300/300 72/304/304
f 72/304/304 295/300/300 140/305/305
f 72/304/304 140/305/305 1/306/306
f 295/300/300 141/307/307 140/305/305
f 33/308/308 32/309/309 109/310/310
f 109/310/310 32/309/309 110/311/311
f 110/311/311 32/309/309 31/312/312
f 110/311/311 31/312/312 111/313/313
f 111/313/313 31/312/312 30/314/314
f 111/313/313 30/314/314 112/315/315
f 112/315/315 30/314/314 29/316/316
f 112/315/315 29/316/316 113/317/317
f 113/317/317 29/316/316 28/318/318
f 113/317/317 28/318/318 114/319/319
f 114/319/319 28/318/318 27/320/320
f 114/319/319 27/320/320 115/321/321
f 115/321/321 27/320/320 26/322/322
f 115/321/321 26/322/322 116/323/323
f 116/323/323 26/322/322 25/324/324
f 116/323/323 25/324/324 117/325/325
f 117/325/325 25/324/324 24/326/326
f 117/325/325 24/326/326 118/327/327
f 118/327/327 24/326/326 23/328/328
f 118/327/327 23/328/328 119/329/329
f 119/329/329 23/328/328 22/330/330
f 119/329/329 22/330/330 120/331/331
f 120/331/331 22/330/330 21/332/332
f 120/331/331 21/332/332 121/333/333
f 121/333/333 21/332/332 20/334/334
f 121/333/333 20/334/334 122/335/335
f 122/335/335 20/334/334 19/336/336
f 122/335/335 19/336/336 123/337/337
f 123/337/337 19/336/336 18/338/338
f 123/337/337 18/338/338 124/339/339
f 124/339/339 18/338/338 17/340/340
f 124/339/339 17/340/340 125/341/341
f 125/341/341 17/340/340 16/342/342
f 125/341/341 16/342/342 126/343/343
f 126/343/343 16/342/342 127/344/344
f 127/344/344 16/342/342 128/345/345
f 128/345/345 16/342/342 129/346/346
f 129/346/346 16/342/342 130/347/347
f 130/347/347 16/342/342 131/348/348
f 131/348/348 16/342/342 132/349/349
f 132/349/349 16/342/342 133/350/350
f 133/350/350 16/342/342 134/351/351
f 134/351/351 16/342/342 135/352/352
f 135/352/352 16/342/342 136/353/353
f 136/353/353 16/342/342 137/354/354
f 137/354/354 16/342/342 15/355/355
f 137/354/354 15/355/355 14/356/356
f 14/356/356 13/357/357 137/354/354
f 137/354/354 13/357/357 12/358/358
f 137/354/354 12/358/358 11/359/359
f 11/359/359 10/360/360 137/354/354
f 137/354/354 10/360/360 9/361/361
f 137/354/354 9/361/361 8/362/362
f 8/362/362 7/363/363 137/354/354
f 137/354/354 7/363/363 6/364/364
f 137/354/354 6/364/364 5/365/365
f 5/365/365 4/366/366 137/354/354
f 137/354/354 4/366/366 138/367/367
f 138/367/367 4/366/366 3/368/368
f 138/367/367 3/368/368 139/369/369
f 139/369/369 3/368/368 2/370/370
f 139/369/369 2/370/370 140/371/371
f 140/371/371 2/370/370 1/372/372
f 387/373/373 296/374/374 308/375/375
f 308/375/375 296/374/374 297/376/376
f 308/375/375 297/376/376 298/377/377
f 298/377/377 299/378/378 308/375/375
f 308/375/375 299/378/378 300/379/379
f 308/375/375 300/379/379 301/380/380
f 301/380/380 302/381/381 308/375/375
f 308/375/375 302/381/381 303/382/382
f 308/375/375 303/382/382 304/383/383
f 304/383/383 305/384/384 308/375/375
f 308/375/375 305/384/384 306/385/385
f 308/375/375 306/385/385 307/386/386
f 308/375/375 309/387/387 387/373/373
f 387/373/373 309/387/387 386/388/388
f 386/388/388 309/387/387 385/389/389
f 385/389/389 309/387/387 310/390/390
f 385/389/389 310/390/390 384/391/391
f 384/391/391 310/390/390 383/392/392
f 383/392/392 310/390/390 311/393/393
f 383/392/392 311/393/393 382/394/394
f 382/394/394 311/393/393 381/395/395
f 381/395/395 311/393/393 312/396/396
f 381/395/395 312/396/396 380/397/397
f 380/397/397 312/396/396 379/398/398
f 379/398/398 312/396/396 378/399/399
f 378/399/399 312/396/396 377/400/400
f 377/400/400 312/396/396 313/401/401
f 377/400/400 313/401/401 376/402/402
f 376/402/402 313/401/401 375/403/403
f 375/403/403 313/401/401 374/404/404
f 374/404/404 313/401/401 343/405/405
f 374/404/404 343/405/405 373/406/406
f 373/406/406 343/405/405 372/407/407
f 372/407/407 343/405/405 371/408/408
f 371/408/408 343/405/405 344/409/409
f 371/408/408 344/409/409 370/410/410
f 370/410/410 344/409/409 369/411/411
f 369/411/411 344/409/409 368/412/412
f 368/412/412 344/409/409 367/413/413
f 367/413/413 344/409/409 345/414/414
f 367/413/413 345/414/414 366/415/415
f 366/415/415 345/414/414 365/416/416
f 365/416/416 345/414/414 346/417/417
f 365/416/416 346/417/417 364/418/418
f 364/418/418 346/417/417 363/419/419
f 363/419/419 346/417/417 347/420/420
f 363/419/419 347/420/420 362/421/421
f 362/421/421 347/420/420 361/422/422
f 361/422/422 347/420/420 348/423/423
f 361/422/422 348/423/423 360/424/424
f 360/424/424 348/423/423 359/425/425
f 359/425/425 348/423/423 358/426/426
f 358/426/426 348/423/423 357/427/427
f 357/427/427 348/423/423 356/428/428
f 356/428/428 348/423/423 355/429/429
f 355/429/429 348/423/423 354/430/430
f 354/430/430 348/423/423 353/431/431
f 353/431/431 348/423/423 352/432/432
f 352/432/432 348/423/423 351/433/433
f 351/433/433 348/423/423 350/434/434
f 350/434/434 348/423/423 349/435/435
f 314/436/436 325/437/437 313/401/401
f 313/401/401 325/437/437 326/438/438
f 313/401/401 326/438/438 330/439/439
f 330/439/439 326/438/438 329/440/440
f 329/440/440 326/438/438 327/441/441
f 329/440/440 327/441/441 328/442/442
f 325/437/437 314/436/436 324/443/443
f 324/443/443 314/436/436 315/444/444
f 324/443/443 315/444/444 323/445/445
f 323/445/445 315/444/444 316/446/446
f 323/445/445 316/446/446 317/447/447
f 323/445/445 317/447/447 322/448/448
f 322/448/448 317/447/447 318/449/449
f 322/448/448 318/449/449 319/450/450
f 320/451/451 321/452/452 319/450/450
f 319/450/450 321/452/452 322/448/448
f 313/401/401 330/439/439 343/405/405
f 343/405/405 330/439/439 331/453/453
f 343/405/405 331/453/453 342/454/454
f 342/454/454 331/453/453 332/455/455
f 342/454/454 332/455/455 341/456/456
f 341/456/456 332/455/455 333/457/457
f 341/456/456 333/457/457 340/458/458
f 340/458/458 333/457/457 339/459/459
f 339/459/459 333/457/457 334/460/460
f 339/459/459 334/460/460 338/461/461
f 338/461/461 334/460/460 337/462/462
f 337/462/462 334/460/460 335/463/463
f 337/462/462 335/463/463 336/464/464
f 67/465/465 448/466/466 68/467/467
f 68/467/467 448/466/466 402/468/468
f 68/467/467 402/468/468 401/469/469
f 401/469/469 402/468/468 1052/470/470
f 401/469/469 1052/470/470 487/471/471
f 487/471/471 1052/470/470 1053/472/472
f 487/471/471 1053/472/472 488/473/473
f 488/473/473 1053/472/472 1054/474/474
f 488/473/473 1054/474/474 489/475/475
f 489/475/475 1054/474/474 1055/476/476
f 489/475/475 1055/476/476 490/477/477
f 490/477/477 1055/476/476 1056/478/478
f 490/477/477 1056/478/478 491/479/479
f 491/479/479 1056/478/478 1057/480/480
f 491/479/479 1057/480/480 492/481/481
f 492/481/481 1057/480/480 1058/482/482
f 492/481/481 1058/482/482 493/483/483
f 493/483/483 1058/482/482 1059/484/484
f 493/483/483 1059/484/484 494/485/485
f 494/485/485 1059/484/484 1060/486/486
f 494/485/485 1060/486/486 495/487/487
f 495/487/487 1060/486/486 1061/488/488
f 495/487/487 1061/488/488 496/489/489
f 496/489/489 1061/488/488 1062/490/490
f 496/489/489 1062/490/490 497/491/491
f 497/491/491 1062/490/490 1063/492/492
f 497/491/491 1063/492/492 498/493/493
f 498/493/493 1063/492/492 1064/494/494
f 498/493/493 1064/494/494 499/495/495
f 499/495/495 1064/494/494 1065/496/496
f 499/495/495 1065/496/496 500/497/497
f 500/497/497 1065/496/496 1066/498/498
f 500/497/497 1066/498/498 501/499/499
f 501/499/499 1066/498/498 1067/500/500
f 501/499/499 1067/500/500 502/501/501
f 502/501/501 1067/500/500 1068/502/502
f 502/501/501 1068/502/502 503/503/503
f 503/503/503 1068/502/502 1069/504/504
f 503/503/503 1069/504/504 504/505/505
f 504/505/505 1069/504/504 1070/506/506
f 504/505/505 1070/506/506 505/507/507
f 505/507/507 1070/506/506 1071/508/508
f 505/507/507 1071/508/508 506/509/509
f 506/509/509 1071/508/508 1072/510/510
f 506/509/509 1072/510/510 507/511/511
f 507/511/511 1072/510/510 1073/512/512
f 507/511/511 1073/512/512 508/513/513
f 508/513/513 1073/512/512 1074/514/514
f 508/513/513 1074/514/514 509/515/515
f 509/515/515 1074/514/514 1075/516/516
f 509/515/515 1075/516/516 510/517/517
f 510/517/517 1075/516/516 1076/518/518
f 510/517/517 1076/518/518 511/519/519
f 511/519/519 1076/518/518 1077/520/520
f 511/519/519 1077/520/520 512/521/521
f 512/521/521 1077/520/520 1078/522/522
f 512/521/521 1078/522/522 513/523/523
f 513/523/523 1078/522/522 1079/524/524
f 513/523/523 1079/524/524 514/525/525
f 514/525/525 1079/524/524 1080/526/526
f 514/525/525 1080/526/526 515/527/527
f 515/527/527 1080/526/526 1081/528/528
f 515/527/527 1081/528/528 516/529/529
f 516/529/529 1081/528/528 1082/530/530
f 516/529/529 1082/530/530 517/531/531
f 517/531/531 1082/530/530 1083/532/532
f 517/531/531 1083/532/532 518/533/533
f 518/533/533 1083/532/532 1084/534/534
f 518/533/533 1084/534/534 519/535/535
f 519/535/535 1084/534/534 1085/536/536
f 519/535/535 1085/536/536 520/537/537
f 520/537/537 1085/536/536 1086/538/538
f 520/537/537 1086/538/538 521/539/539
f 521/539/539 1086/538/538 1087/540/540
f 521/539/539 1087/540/540 522/541/541
f 522/541/541 1087/540/540 1088/542/542
f 522/541/541 1088/542/542 523/543/543
f 523/543/543 1088/542/542 1089/544/544
f 523/543/543 1089/544/544 524/545/545
f 524/545/545 1089/544/544 388/546/546
f 524/545/545 388/546/546 449/547/547
f 449/547/547 388/546/546 389/548/548
f 449/547/547 389/548/548 405/549/549
f 405/549/549 389/548/548 1051/550/550
f 405/549/549 1051/550/550 1050/551/551
f 1050/551/551 1051/550/550 597/552/552
f 1050/551/551 597/552/552 596/553/553
f 596/553/553 597/552/552 526/554/554
f 596/553/553 526/554/554 527/555/555
f 527/555/555 526/554/554 1010/556/556
f 527/555/555 1010/556/556 1009/557/557
f 1009/557/557 1010/556/556 669/558/558
f 1009/557/557 669/558/558 668/559/559
f 668/559/559 669/558/558 603/560/560
f 668/559/559 603/560/560 604/561/561
f 604/561/561 603/560/560 969/562/562
f 604/561/561 969/562/562 968/563/563
f 968/563/563 969/562/562 742/564/564
f 968/563/563 742/564/564 741/565/565
f 741/565/565 742/564/564 682/566/566
f 741/565/565 682/566/566 683/567/567
f 683/567/567 682/566/566 759/568/568
f 683/567/567 759/568/568 760/569/569
f 760/569/569 759/568/568 853/570/570
f 760/569/569 853/570/570 852/571/571
f 852/571/571 853/570/570 799/572/572
f 852/571/571 799/572/572 800/573/573
f 800/573/573 799/572/572 926/574/574
f 800/573/573 926/574/574 925/575/575
f 925/575/575 926/574/574 877/576/576
f 925/575/575 877/576/576 878/577/577
f 878/577/577 877/576/576 320/578/578
f 878/577/577 320/578/578 319/579/579
f 448/466/466 67/465/465 447/580/580
f 447/580/580 67/465/465 66/581/581
f 447/580/580 66/581/581 446/582/582
f 446/582/582 66/581/581 445/583/583
f 446/582/582 445/583/583 1124/584/584
f 1124/584/584 445/583/583 1123/585/585
f 1124/584/584 1123/585/585 1054/474/474
f 1054/474/474 1123/585/585 1055/476/476
f 66/581/581 65/586/586 445/583/583
f 445/583/583 65/586/586 444/587/587
f 445/583/583 444/587/587 1123/585/585
f 1123/585/585 444/587/587 1122/588/588
f 1123/585/585 1122/588/588 1055/476/476
f 1055/476/476 1122/588/588 1056/478/478
f 444/587/587 65/586/586 443/589/589
f 443/589/589 65/586/586 64/590/590
f 443/589/589 64/590/590 442/591/591
f 442/591/591 64/590/590 441/592/592
f 442/591/591 441/592/592 1120/593/593
f 1120/593/593 441/592/592 1119/594/594
f 1120/593/593 1119/594/594 1058/482/482
f 1058/482/482 1119/594/594 1059/484/484
f 64/590/590 63/595/595 441/592/592
f 441/592/592 63/595/595 440/596/596
f 441/592/592 440/596/596 1119/594/594
f 1119/594/594 440/596/596 1118/597/597
f 1119/594/594 1118/597/597 1059/484/484
f 1059/484/484 1118/597/597 1060/486/486
f 63/595/595 62/598/598 440/596/596
f 440/596/596 62/598/598 439/599/599
f 440/596/596 439/599/599 1118/597/597
f 1118/597/597 439/599/599 1117/600/600
f 1118/597/597 1117/600/600 1060/486/486
f 1060/486/486 1117/600/600 1061/488/488
f 62/598/598 61/601/601 439/599/599
f 439/599/599 61/601/601 438/602/602
f 439/599/599 438/602/602 1117/600/600
f 1117/600/600 438/602/602 1116/603/603
f 1117/600/600 1116/603/603 1061/488/488
f 1061/488/488 1116/603/603 1062/490/490
f 61/601/601 60/604/604 438/602/602
f 438/602/602 60/604/604 437/605/605
f 438/602/602 437/605/605 1116/603/603
f 1116/603/603 437/605/605 1115/606/606
f 1116/603/603 1115/606/606 1062/490/490
f 1062/490/490 1115/606/606 1063/492/492
f 437/605/605 60/604/604 436/607/607
f 436/607/607 60/604/604 59/608/608
f 436/607/607 59/608/608 435/609/609
f 435/609/609 59/608/608 58/610/610
f 435/609/609 58/610/610 434/611/611
f 434/611/611 58/610/610 57/612/612
f 434/611/611 57/612/612 433/613/613
f 433/613/613 57/612/612 56/614/614
f 433/613/613 56/614/614 432/615/615
f 432/615/615 56/614/614 55/616/616
f 432/615/615 55/616/616 54/617/617
f 432/615/615 54/617/617 431/618/618
f 431/618/618 54/617/617 53/619/619
f 431/618/618 53/619/619 430/620/620
f 430/620/620 53/619/619 52/621/621
f 430/620/620 52/621/621 429/622/622
f 429/622/622 52/621/621 51/623/623
f 429/622/622 51/623/623 428/624/624
f 428/624/624 51/623/623 50/625/625
f 428/624/624 50/625/625 427/626/626
f 427/626/626 50/625/625 49/627/627
f 427/626/626 49/627/627 48/628/628
f 427/626/626 48/628/628 426/629/629
f 426/629/629 48/628/628 47/630/630
f 426/629/629 47/630/630 425/631/631
f 425/631/631 47/630/630 46/632/632
f 425/631/631 46/632/632 424/633/633
f 424/633/633 46/632/632 45/634/634
f 424/633/633 45/634/634 423/635/635
f 423/635/635 45/634/634 44/636/636
f 423/635/635 44/636/636 422/637/637
f 422/637/637 44/636/636 421/638/638
f 422/637/637 421/638/638 1100/639/639
f 1100/639/639 421/638/638 1099/640/640
f 1100/639/639 1099/640/640 1078/522/522
f 1078/522/522 1099/640/640 1079/524/524
f 44/636/636 43/641/641 421/638/638
f 421/638/638 43/641/641 420/642/642
f 421/638/638 420/642/642 1099/640/640
f 1099/640/640 420/642/642 1098/643/643
f 1099/640/640 1098/643/643 1079/524/524
f 1079/524/524 1098/643/643 1080/526/526
f 43/641/641 42/644/644 420/642/642
f 420/642/642 42/644/644 419/645/645
f 420/642/642 419/645/645 1098/643/643
f 1098/643/643 419/645/645 1097/646/646
f 1098/643/643 1097/646/646 1080/526/526
f 1080/526/526 1097/646/646 1081/528/528
f 419/645/645 42/644/644 418/647/647
f 418/647/647 42/644/644 41/648/648
f 418/647/647 41/648/648 417/649/649
f 417/649/649 41/648/648 40/650/650
f 417/649/649 40/650/650 416/651/651
f 416/651/651 40/650/650 415/652/652
f 416/651/651 415/652/652 1094/653/653
f 1094/653/653 415/652/652 1093/654/654
f 1094/653/653 1093/654/654 1084/534/534
f 1084/534/534 1093/654/654 1085/536/536
f 40/650/650 39/655/655 415/652/652
f 415/652/652 39/655/655 414/656/656
f 415/652/652 414/656/656 1093/654/654
f 1093/654/654 414/656/656 1092/657/657
f 1093/654/654 1092/657/657 1085/536/536
f 1085/536/536 1092/657/657 1086/538/538
f 39/655/655 38/658/658 414/656/656
f 414/656/656 38/658/658 413/659/659
f 414/656/656 413/659/659 1092/657/657
f 1092/657/657 413/659/659 1091/660/660
f 1092/657/657 1091/660/660 1086/538/538
f 1086/538/538 1091/660/660 1087/540/540
f 413/659/659 38/658/658 412/661/661
f 412/661/661 38/658/658 37/662/662
f 412/661/661 37/662/662 411/663/663
f 411/663/663 37/662/662 36/664/664
f 411/663/663 36/664/664 388/546/546
f 390/665/665 407/666/666 389/548/548
f 389/548/548 407/666/666 598/667/667
f 389/548/548 598/667/667 1051/550/550
f 1051/550/550 598/667/667 597/552/552
f 391/668/668 409/669/669 390/665/665
f 390/665/665 409/669/669 673/670/670
f 390/665/665 673/670/670 1013/671/671
f 1013/671/671 673/670/670 672/672/672
f 1013/671/671 672/672/672 1012/673/673
f 1012/673/673 672/672/672 671/674/674
f 1012/673/673 671/674/674 1011/675/675
f 1011/675/675 671/674/674 670/676/676
f 1011/675/675 670/676/676 1010/556/556
f 1010/556/556 670/676/676 669/558/558
f 392/677/677 674/678/678 391/668/668
f 391/668/668 674/678/678 749/679/679
f 391/668/668 749/679/679 975/680/680
f 975/680/680 749/679/679 748/681/681
f 975/680/680 748/681/681 974/682/682
f 974/682/682 748/681/681 747/683/683
f 974/682/682 747/683/683 973/684/684
f 973/684/684 747/683/683 746/685/685
f 973/684/684 746/685/685 972/686/686
f 972/686/686 746/685/685 745/687/687
f 972/686/686 745/687/687 971/688/688
f 971/688/688 745/687/687 744/689/689
f 971/688/688 744/689/689 970/690/690
f 970/690/690 744/689/689 743/691/691
f 970/690/690 743/691/691 969/562/562
f 969/562/562 743/691/691 742/564/564
f 674/678/678 392/677/677 750/692/692
f 750/692/692 392/677/677 393/693/693
f 750/692/692 393/693/693 863/694/694
f 863/694/694 393/693/693 788/695/695
f 863/694/694 788/695/695 789/696/696
f 789/696/696 788/695/695 937/697/697
f 789/696/696 937/697/697 936/698/698
f 936/698/698 937/697/697 866/699/699
f 936/698/698 866/699/699 867/700/700
f 867/700/700 866/699/699 326/701/701
f 867/700/700 326/701/701 325/702/702
f 393/693/693 394/703/703 788/695/695
f 788/695/695 394/703/703 938/704/704
f 788/695/695 938/704/704 937/697/697
f 937/697/697 938/704/704 865/705/705
f 937/697/697 865/705/705 866/699/699
f 866/699/699 865/705/705 326/701/701
f 938/704/704 394/703/703 864/706/706
f 864/706/706 394/703/703 328/707/707
f 864/706/706 328/707/707 327/708/708
f 864/706/706 327/708/708 865/705/705
f 865/705/705 327/708/708 326/701/701
f 867/700/700 325/702/702 868/709/709
f 868/709/709 325/702/702 324/710/710
f 868/709/709 324/710/710 869/711/711
f 869/711/711 324/710/710 870/712/712
f 869/711/711 870/712/712 933/713/713
f 933/713/713 870/712/712 932/714/714
f 933/713/713 932/714/714 793/715/715
f 793/715/715 932/714/714 794/716/716
f 793/715/715 794/716/716 858/717/717
f 858/717/717 794/716/716 857/718/718
f 858/717/717 857/718/718 755/719/719
f 755/719/719 857/718/718 756/720/720
f 755/719/719 756/720/720 679/721/721
f 679/721/721 756/720/720 680/722/722
f 679/721/721 680/722/722 744/689/689
f 744/689/689 680/722/722 743/691/691
f 324/710/710 323/723/723 870/712/712
f 870/712/712 323/723/723 871/724/724
f 870/712/712 871/724/724 932/714/714
f 932/714/714 871/724/724 931/725/725
f 932/714/714 931/725/725 794/716/716
f 794/716/716 931/725/725 795/726/726
f 794/716/716 795/726/726 857/718/718
f 857/718/718 795/726/726 856/727/727
f 857/718/718 856/727/727 756/720/720
f 756/720/720 856/727/727 757/728/728
f 756/720/720 757/728/728 680/722/722
f 680/722/722 757/728/728 681/729/729
f 680/722/722 681/729/729 743/691/691
f 743/691/691 681/729/729 742/564/564
f 323/723/723 322/730/730 871/724/724
f 871/724/724 322/730/730 872/731/731
f 871/724/724 872/731/731 931/725/725
f 931/725/725 872/731/731 930/732/732
f 931/725/725 930/732/732 795/726/726
f 795/726/726 930/732/732 796/733/733
f 795/726/726 796/733/733 856/727/727
f 856/727/727 796/733/733 855/734/734
f 856/727/727 855/734/734 757/728/728
f 757/728/728 855/734/734 758/735/735
f 757/728/728 758/735/735 681/729/729
f 681/729/729 758/735/735 682/566/566
f 681/729/729 682/566/566 742/564/564
f 321/736/736 874/737/737 322/730/730
f 322/730/730 874/737/737 873/738/738
f 322/730/730 873/738/738 872/731/731
f 872/731/731 873/738/738 930/732/732
f 320/578/578 877/576/576 321/736/736
f 321/736/736 877/576/576 876/739/739
f 321/736/736 876/739/739 875/740/740
f 875/740/740 876/739/739 927/741/741
f 875/740/740 927/741/741 928/742/742
f 928/742/742 927/741/741 798/743/743
f 928/742/742 798/743/743 797/744/744
f 797/744/744 798/743/743 854/745/745
f 797/744/744 854/745/745 855/734/734
f 855/734/734 854/745/745 758/735/735
f 318/746/746 880/747/747 319/579/579
f 319/579/579 880/747/747 879/748/748
f 319/579/579 879/748/748 878/577/577
f 878/577/577 879/748/748 924/749/749
f 878/577/577 924/749/749 925/575/575
f 925/575/575 924/749/749 801/750/750
f 925/575/575 801/750/750 800/573/573
f 800/573/573 801/750/750 851/751/751
f 800/573/573 851/751/751 852/571/571
f 852/571/571 851/751/751 761/752/752
f 852/571/571 761/752/752 760/569/569
f 760/569/569 761/752/752 684/753/753
f 760/569/569 684/753/753 683/567/567
f 683/567/567 684/753/753 740/754/754
f 683/567/567 740/754/754 741/565/565
f 741/565/565 740/754/754 967/755/755
f 741/565/565 967/755/755 968/563/563
f 968/563/563 967/755/755 605/756/756
f 968/563/563 605/756/756 604/561/561
f 604/561/561 605/756/756 667/757/757
f 604/561/561 667/757/757 668/559/559
f 668/559/559 667/757/757 1008/758/758
f 668/559/559 1008/758/758 1009/557/557
f 1009/557/557 1008/758/758 528/759/759
f 1009/557/557 528/759/759 527/555/555
f 527/555/555 528/759/759 595/760/760
f 527/555/555 595/760/760 596/553/553
f 596/553/553 595/760/760 1049/761/761
f 596/553/553 1049/761/761 1050/551/551
f 1050/551/551 1049/761/761 1126/762/762
f 1050/551/551 1126/762/762 405/549/549
f 405/549/549 1126/762/762 449/547/547
f 318/746/746 317/763/763 880/747/747
f 880/747/747 317/763/763 881/764/764
f 880/747/747 881/764/764 922/765/765
f 922/765/765 881/764/764 921/766/766
f 922/765/765 921/766/766 804/767/767
f 804/767/767 921/766/766 805/768/768
f 804/767/767 805/768/768 847/769/769
f 847/769/769 805/768/768 846/770/770
f 847/769/769 846/770/770 766/771/771
f 766/771/771 846/770/770 767/772/772
f 766/771/771 767/772/772 690/773/773
f 690/773/773 767/772/772 691/774/774
f 690/773/773 691/774/774 733/775/775
f 733/775/775 691/774/774 732/776/776
f 733/775/775 732/776/776 959/777/777
f 959/777/777 732/776/776 958/778/778
f 959/777/777 958/778/778 614/779/779
f 614/779/779 958/778/778 615/780/780
f 614/779/779 615/780/780 657/781/781
f 657/781/781 615/780/780 656/782/782
f 657/781/781 656/782/782 997/783/783
f 997/783/783 656/782/782 996/784/784
f 997/783/783 996/784/784 540/785/785
f 540/785/785 996/784/784 541/786/786
f 540/785/785 541/786/786 582/787/787
f 582/787/787 541/786/786 581/788/788
f 582/787/787 581/788/788 1035/789/789
f 1035/789/789 581/788/788 1034/790/790
f 1035/789/789 1034/790/790 1141/791/791
f 1141/791/791 1034/790/790 1142/792/792
f 1141/791/791 1142/792/792 465/793/793
f 465/793/793 1142/792/792 466/794/794
f 465/793/793 466/794/794 508/513/513
f 508/513/513 466/794/794 507/511/511
f 317/763/763 316/795/795 881/764/764
f 881/764/764 316/795/795 882/796/796
f 881/764/764 882/796/796 921/766/766
f 921/766/766 882/796/796 920/797/797
f 921/766/766 920/797/797 805/768/768
f 805/768/768 920/797/797 806/798/798
f 805/768/768 806/798/798 846/770/770
f 846/770/770 806/798/798 845/799/799
f 846/770/770 845/799/799 767/772/772
f 767/772/772 845/799/799 768/800/800
f 767/772/772 768/800/800 691/774/774
f 691/774/774 768/800/800 692/801/801
f 691/774/774 692/801/801 732/776/776
f 732/776/776 692/801/801 731/802/802
f 732/776/776 731/802/802 958/778/778
f 958/778/778 731/802/802 957/803/803
f 958/778/778 957/803/803 615/780/780
f 615/780/780 957/803/803 616/804/804
f 615/780/780 616/804/804 656/782/782
f 656/782/782 616/804/804 655/805/805
f 656/782/782 655/805/805 996/784/784
f 996/784/784 655/805/805 995/806/806
f 996/784/784 995/806/806 541/786/786
f 541/786/786 995/806/806 542/807/807
f 541/786/786 542/807/807 581/788/788
f 581/788/788 542/807/807 580/808/808
f 581/788/788 580/808/808 1034/790/790
f 1034/790/790 580/808/808 1033/809/809
f 1034/790/790 1033/809/809 1142/792/792
f 1142/792/792 1033/809/809 1143/810/810
f 1142/792/792 1143/810/810 466/794/794
f 466/794/794 1143/810/810 467/811/811
f 466/794/794 467/811/811 507/511/511
f 507/511/511 467/811/811 506/509/509
f 316/795/795 315/812/812 882/796/796
f 882/796/796 315/812/812 883/813/813
f 882/796/796 883/813/813 920/797/797
f 920/797/797 883/813/813 919/814/814
f 920/797/797 919/814/814 806/798/798
f 806/798/798 919/814/814 807/815/815
f 806/798/798 807/815/815 845/799/799
f 845/799/799 807/815/815 844/816/816
f 845/799/799 844/816/816 768/800/800
f 768/800/800 844/816/816 769/817/817
f 768/800/800 769/817/817 692/801/801
f 692/801/801 769/817/817 693/818/818
f 692/801/801 693/818/818 731/802/802
f 731/802/802 693/818/818 730/819/819
f 731/802/802 730/819/819 957/803/803
f 957/803/803 730/819/819 956/820/820
f 957/803/803 956/820/820 616/804/804
f 616/804/804 956/820/820 617/821/821
f 616/804/804 617/821/821 655/805/805
f 655/805/805 617/821/821 654/822/822
f 655/805/805 654/822/822 995/806/806
f 995/806/806 654/822/822 994/823/823
f 995/806/806 994/823/823 542/807/807
f 542/807/807 994/823/823 543/824/824
f 542/807/807 543/824/824 580/808/808
f 580/808/808 543/824/824 579/825/825
f 580/808/808 579/825/825 1033/809/809
f 1033/809/809 579/825/825 1032/826/826
f 1033/809/809 1032/826/826 1143/810/810
f 1143/810/810 1032/826/826 1144/827/827
f 1143/810/810 1144/827/827 467/811/811
f 467/811/811 1144/827/827 468/828/828
f 467/811/811 468/828/828 506/509/509
f 506/509/509 468/828/828 505/507/507
f 315/812/812 314/829/829 883/813/813
f 883/813/813 314/829/829 884/830/830
f 883/813/813 884/830/830 919/814/814
f 919/814/814 884/830/830 918/831/831
f 919/814/814 918/831/831 807/815/815
f 807/815/815 918/831/831 808/832/832
f 807/815/815 808/832/832 844/816/816
f 844/816/816 808/832/832 843/833/833
f 844/816/816 843/833/833 769/817/817
f 769/817/817 843/833/833 770/834/834
f 769/817/817 770/834/834 693/818/818
f 693/818/818 770/834/834 694/835/835
f 693/818/818 694/835/835 730/819/819
f 730/819/819 694/835/835 729/836/836
f 730/819/819 729/836/836 956/820/820
f 956/820/820 729/836/836 955/837/837
f 956/820/820 955/837/837 617/821/821
f 617/821/821 955/837/837 618/838/838
f 617/821/821 618/838/838 654/822/822
f 654/822/822 618/838/838 653/839/839
f 654/822/822 653/839/839 994/823/823
f 994/823/823 653/839/839 993/840/840
f 994/823/823 993/840/840 543/824/824
f 543/824/824 993/840/840 544/841/841
f 543/824/824 544/841/841 579/825/825
f 579/825/825 544/841/841 578/842/842
f 579/825/825 578/842/842 1032/826/826
f 1032/826/826 578/842/842 1031/843/843
f 1032/826/826 1031/843/843 1144/827/827
f 1144/827/827 1031/843/843 1145/844/844
f 1144/827/827 1145/844/844 468/828/828
f 468/828/828 1145/844/844 469/845/845
f 468/828/828 469/845/845 505/507/507
f 505/507/507 469/845/845 504/505/505
f 314/829/829 313/846/846 884/830/830
f 884/830/830 313/846/846 885/847/847
f 884/830/830 885/847/847 918/831/831
f 918/831/831 885/847/847 917/848/848
f 918/831/831 917/848/848 808/832/832
f 808/832/832 917/848/848 809/849/849
f 808/832/832 809/849/849 843/833/833
f 843/833/833 809/849/849 842/850/850
f 843/833/833 842/850/850 770/834/834
f 770/834/834 842/850/850 771/851/851
f 770/834/834 771/851/851 694/835/835
f 694/835/835 771/851/851 695/852/852
f 694/835/835 695/852/852 729/836/836
f 729/836/836 695/852/852 728/853/853
f 729/836/836 728/853/853 955/837/837
f 955/837/837 728/853/853 954/854/854
f 955/837/837 954/854/854 618/838/838
f 618/838/838 954/854/854 619/855/855
f 618/838/838 619/855/855 653/839/839
f 653/839/839 619/855/855 652/856/856
f 653/839/839 652/856/856 993/840/840
f 993/840/840 652/856/856 992/857/857
f 993/840/840 992/857/857 544/841/841
f 544/841/841 992/857/857 545/858/858
f 544/841/841 545/858/858 578/842/842
f 578/842/842 545/858/858 577/859/859
f 578/842/842 577/859/859 1031/843/843
f 1031/843/843 577/859/859 1030/860/860
f 1031/843/843 1030/860/860 1145/844/844
f 1145/844/844 1030/860/860 1146/861/861
f 1145/844/844 1146/861/861 469/845/845
f 469/845/845 1146/861/861 470/862/862
f 469/845/845 470/862/862 504/505/505
f 504/505/505 470/862/862 503/503/503
f 313/846/846 312/863/863 885/847/847
f 885/847/847 312/863/863 311/864/864
f 885/847/847 311/864/864 886/865/865
f 886/865/865 311/864/864 887/866/866
f 886/865/865 887/866/866 916/867/867
f 916/867/867 887/866/866 915/868/868
f 916/867/867 915/868/868 810/869/869
f 810/869/869 915/868/868 811/870/870
f 810/869/869 811/870/870 841/871/871
f 841/871/871 811/870/870 840/872/872
f 841/871/871 840/872/872 772/873/873
f 772/873/873 840/872/872 773/874/874
f 772/873/873 773/874/874 696/875/875
f 696/875/875 773/874/874 697/876/876
f 696/875/875 697/876/876 727/877/877
f 727/877/877 697/876/876 726/878/878
f 727/877/877 726/878/878 953/879/879
f 953/879/879 726/878/878 952/880/880
f 953/879/879 952/880/880 620/881/881
f 620/881/881 952/880/880 621/882/882
f 620/881/881 621/882/882 651/883/883
f 651/883/883 621/882/882 650/884/884
f 651/883/883 650/884/884 991/885/885
f 991/885/885 650/884/884 990/886/886
f 991/885/885 990/886/886 546/887/887
f 546/887/887 990/886/886 547/888/888
f 546/887/887 547/888/888 576/889/889
f 576/889/889 547/888/888 575/890/890
f 576/889/889 575/890/890 1029/891/891
f 1029/891/891 575/890/890 1028/892/892
f 1029/891/891 1028/892/892 1147/893/893
f 1147/893/893 1028/892/892 1148/894/894
f 1147/893/893 1148/894/894 471/895/895
f 471/895/895 1148/894/894 472/896/896
f 471/895/895 472/896/896 502/501/501
f 502/501/501 472/896/896 501/499/499
f 311/864/864 310/897/897 887/866/866
f 887/866/866 310/897/897 888/898/898
f 887/866/866 888/898/898 915/868/868
f 915/868/868 888/898/898 914/899/899
f 915/868/868 914/899/899 811/870/870
f 811/870/870 914/899/899 812/900/900
f 811/870/870 812/900/900 840/872/872
f 840/872/872 812/900/900 839/901/901
f 840/872/872 839/901/901 773/874/874
f 773/874/874 839/901/901 774/902/902
f 773/874/874 774/902/902 697/876/876
f 697/876/876 774/902/902 698/903/903
f 697/876/876 698/903/903 726/878/878
f 726/878/878 698/903/903 725/904/904
f 726/878/878 725/904/904 952/880/880
f 952/880/880 725/904/904 951/905/905
f 952/880/880 951/905/905 621/882/882
f 621/882/882 951/905/905 622/906/906
f 621/882/882 622/906/906 650/884/884
f 650/884/884 622/906/906 649/907/907
f 650/884/884 649/907/907 990/886/886
f 990/886/886 649/907/907 989/908/908
f 990/886/886 989/908/908 547/888/888
f 547/888/888 989/908/908 548/909/909
f 547/888/888 548/909/909 575/890/890
f 575/890/890 548/909/909 574/910/910
f 575/890/890 574/910/910 1028/892/892
f 1028/892/892 574/910/910 1027/911/911
f 1028/892/892 1027/911/911 1148/894/894
f 1148/894/894 1027/911/911 1149/912/912
f 1148/894/894 1149/912/912 472/896/896
f 472/896/896 1149/912/912 473/913/913
f 472/896/896 473/913/913 501/499/499
f 501/499/499 473/913/913 500/497/497
f 310/897/897 309/914/914 888/898/898
f 888/898/898 309/914/914 889/915/915
f 888/898/898 889/915/915 914/899/899
f 914/899/899 889/915/915 913/916/916
f 914/899/899 913/916/916 812/900/900
f 812/900/900 913/916/916 813/917/917
f 812/900/900 813/917/917 839/901/901
f 839/901/901 813/917/917 838/918/918
f 839/901/901 838/918/918 774/902/902
f 774/902/902 838/918/918 775/919/919
f 774/902/902 775/919/919 698/903/903
f 698/903/903 775/919/919 699/920/920
f 698/903/903 699/920/920 725/904/904
f 725/904/904 699/920/920 724/921/921
f 725/904/904 724/921/921 951/905/905
f 951/905/905 724/921/921 950/922/922
f 951/905/905 950/922/922 622/906/906
f 622/906/906 950/922/922 623/923/923
f 622/906/906 623/923/923 649/907/907
f 649/907/907 623/923/923 648/924/924
f 649/907/907 648/924/924 989/908/908
f 989/908/908 648/924/924 988/925/925
f 989/908/908 988/925/925 548/909/909
f 548/909/909 988/925/925 549/926/926
f 548/909/909 549/926/926 574/910/910
f 574/910/910 549/926/926 573/927/927
f 574/910/910 573/927/927 1027/911/911
f 1027/911/911 573/927/927 1026/928/928
f 1027/911/911 1026/928/928 1149/912/912
f 1149/912/912 1026/928/928 1150/929/929
f 1149/912/912 1150/929/929 473/913/913
f 473/913/913 1150/929/929 474/930/930
f 473/913/913 474/930/930 500/497/497
f 500/497/497 474/930/930 499/495/495
f 889/915/915 309/914/914 890/931/931
f 890/931/931 309/914/914 308/932/932
f 890/931/931 308/932/932 891/933/933
f 891/933/933 308/932/932 892/934/934
f 891/933/933 892/934/934 911/935/935
f 911/935/935 892/934/934 910/936/936
f 911/935/935 910/936/936 815/937/937
f 815/937/937 910/936/936 816/938/938
f 815/937/937 816/938/938 836/939/939
f 836/939/939 816/938/938 835/940/940
f 836/939/939 835/940/940 777/941/941
f 777/941/941 835/940/940 778/942/942
f 777/941/941 778/942/942 701/943/943
f 701/943/943 778/942/942 702/944/944
f 701/943/943 702/944/944 722/945/945
f 722/945/945 702/944/944 721/946/946
f 722/945/945 721/946/946 948/947/947
f 948/947/947 721/946/946 947/948/948
f 948/947/947 947/948/948 625/949/949
f 625/949/949 947/948/948 626/950/950
f 625/949/949 626/950/950 646/951/951
f 646/951/951 626/950/950 645/952/952
f 646/951/951 645/952/952 986/953/953
f 986/953/953 645/952/952 985/954/954
f 986/953/953 985/954/954 551/955/955
f 551/955/955 985/954/954 552/956/956
f 551/955/955 552/956/956 571/957/957
f 571/957/957 552/956/956 570/958/958
f 571/957/957 570/958/958 1024/959/959
f 1024/959/959 570/958/958 1023/960/960
f 1024/959/959 1023/960/960 1152/961/961
f 1152/961/961 1023/960/960 1153/962/962
f 1152/961/961 1153/962/962 476/963/963
f 476/963/963 1153/962/962 477/964/964
f 476/963/963 477/964/964 497/491/491
f 497/491/491 477/964/964 496/489/489
f 308/932/932 307/965/965 892/934/934
f 892/934/934 307/965/965 893/966/966
f 892/934/934 893/966/966 910/936/936
f 910/936/936 893/966/966 909/967/967
f 910/936/936 909/967/967 816/938/938
f 816/938/938 909/967/967 817/968/968
f 816/938/938 817/968/968 835/940/940
f 835/940/940 817/968/968 834/969/969
f 835/940/940 834/969/969 778/942/942
f 778/942/942 834/969/969 779/970/970
f 778/942/942 779/970/970 702/944/944
f 702/944/944 779/970/970 703/971/971
f 702/944/944 703/971/971 721/946/946
f 721/946/946 703/971/971 720/972/972
f 721/946/946 720/972/972 947/948/948
f 947/948/948 720/972/972 946/973/973
f 947/948/948 946/973/973 626/950/950
f 626/950/950 946/973/973 627/974/974
f 626/950/950 627/974/974 645/952/952
f 645/952/952 627/974/974 644/975/975
f 645/952/952 644/975/975 985/954/954
f 985/954/954 644/975/975 984/976/976
f 985/954/954 984/976/976 552/956/956
f 552/956/956 984/976/976 553/977/977
f 552/956/956 553/977/977 570/958/958
f 570/958/958 553/977/977 569/978/978
f 570/958/958 569/978/978 1023/960/960
f 1023/960/960 569/978/978 1022/979/979
f 1023/960/960 1022/979/979 1153/962/962
f 1153/962/962 1022/979/979 1154/980/980
f 1153/962/962 1154/980/980 477/964/964
f 477/964/964 1154/980/980 478/981/981
f 477/964/964 478/981/981 496/489/489
f 496/489/489 478/981/981 495/487/487
f 307/965/965 306/982/982 893/966/966
f 893/966/966 306/982/982 305/983/983
f 893/966/966 305/983/983 894/984/984
f 894/984/984 305/983/983 304/985/985
f 894/984/984 304/985/985 895/986/986
f 895/986/986 304/985/985 303/987/987
f 895/986/986 303/987/987 896/988/988
f 896/988/988 303/987/987 302/989/989
f 896/988/988 302/989/989 897/990/990
f 897/990/990 302/989/989 301/991/991
f 897/990/990 301/991/991 898/992/992
f 898/992/992 301/991/991 300/993/993
f 898/992/992 300/993/993 899/994/994
f 899/994/994 300/993/993 299/995/995
f 899/994/994 299/995/995 900/996/996
f 900/996/996 299/995/995 298/997/997
f 900/996/996 298/997/997 410/998/998
f 410/998/998 298/997/997 297/999/999
f 410/998/998 297/999/999 296/1000/1000
f 296/1000/1000 395/1001/1001 410/998/998
f 410/998/998 395/1001/1001 901/1002/1002
f 410/998/998 901/1002/1002 902/1003/1003
f 902/1003/1003 901/1002/1002 824/1004/1004
f 902/1003/1003 824/1004/1004 823/1005/1005
f 823/1005/1005 824/1004/1004 828/1006/1006
f 823/1005/1005 828/1006/1006 829/1007/1007
f 829/1007/1007 828/1006/1006 784/1008/1008
f 829/1007/1007 784/1008/1008 783/1009/1009
f 783/1009/1009 784/1008/1008 707/1010/1010
f 783/1009/1009 707/1010/1010 706/1011/1011
f 706/1011/1011 707/1010/1010 717/1012/1012
f 706/1011/1011 717/1012/1012 718/1013/1013
f 718/1013/1013 717/1012/1012 944/1014/1014
f 718/1013/1013 944/1014/1014 945/1015/1015
f 945/1015/1015 944/1014/1014 628/1016/1016
f 945/1015/1015 628/1016/1016 627/974/974
f 627/974/974 628/1016/1016 644/975/975
f 901/1002/1002 395/1001/1001 825/1017/1017
f 825/1017/1017 395/1001/1001 396/1018/1018
f 825/1017/1017 396/1018/1018 826/1019/1019
f 826/1019/1019 396/1018/1018 787/1020/1020
f 826/1019/1019 787/1020/1020 786/1021/1021
f 786/1021/1021 787/1020/1020 710/1022/1022
f 786/1021/1021 710/1022/1022 709/1023/1023
f 709/1023/1023 710/1022/1022 714/1024/1024
f 709/1023/1023 714/1024/1024 715/1025/1025
f 715/1025/1025 714/1024/1024 941/1026/1026
f 715/1025/1025 941/1026/1026 942/1027/1027
f 942/1027/1027 941/1026/1026 631/1028/1028
f 942/1027/1027 631/1028/1028 630/1029/1029
f 630/1029/1029 631/1028/1028 641/1030/1030
f 630/1029/1029 641/1030/1030 642/1031/1031
f 642/1031/1031 641/1030/1030 982/1032/1032
f 642/1031/1031 982/1032/1032 983/1033/1033
f 983/1033/1033 982/1032/1032 554/1034/1034
f 983/1033/1033 554/1034/1034 553/977/977
f 553/977/977 554/1034/1034 569/978/978
f 396/1018/1018 397/1035/1035 787/1020/1020
f 787/1020/1020 397/1035/1035 711/1036/1036
f 787/1020/1020 711/1036/1036 710/1022/1022
f 710/1022/1022 711/1036/1036 713/1037/1037
f 710/1022/1022 713/1037/1037 714/1024/1024
f 714/1024/1024 713/1037/1037 940/1038/1038
f 714/1024/1024 940/1038/1038 941/1026/1026
f 941/1026/1026 940/1038/1038 632/1039/1039
f 941/1026/1026 632/1039/1039 631/1028/1028
f 631/1028/1028 632/1039/1039 640/1040/1040
f 631/1028/1028 640/1040/1040 641/1030/1030
f 641/1030/1030 640/1040/1040 981/1041/1041
f 641/1030/1030 981/1041/1041 982/1032/1032
f 982/1032/1032 981/1041/1041 555/1042/1042
f 982/1032/1032 555/1042/1042 554/1034/1034
f 554/1034/1034 555/1042/1042 568/1043/1043
f 554/1034/1034 568/1043/1043 569/978/978
f 569/978/978 568/1043/1043 1022/979/979
f 711/1036/1036 397/1035/1035 712/1044/1044
f 712/1044/1044 397/1035/1035 398/1045/1045
f 712/1044/1044 398/1045/1045 408/1046/1046
f 408/1046/1046 398/1045/1045 399/1047/1047
f 408/1046/1046 399/1047/1047 635/1048/1048
f 635/1048/1048 399/1047/1047 636/1049/1049
f 635/1048/1048 636/1049/1049 637/1050/1050
f 637/1050/1050 636/1049/1049 977/1051/1051
f 637/1050/1050 977/1051/1051 978/1052/1052
f 978/1052/1052 977/1051/1051 559/1053/1053
f 978/1052/1052 559/1053/1053 558/1054/1054
f 558/1054/1054 559/1053/1053 564/1055/1055
f 558/1054/1054 564/1055/1055 565/1056/1056
f 565/1056/1056 564/1055/1055 1018/1057/1057
f 565/1056/1056 1018/1057/1057 1019/1058/1058
f 1019/1058/1058 1018/1057/1057 1157/1059/1059
f 1019/1058/1058 1157/1059/1059 1156/1060/1060
f 1156/1060/1060 1157/1059/1059 480/1061/1061
f 1156/1060/1060 480/1061/1061 479/1062/1062
f 479/1062/1062 480/1061/1061 494/485/485
f 479/1062/1062 494/485/485 495/487/487
f 400/1063/1063 406/1064/1064 399/1047/1047
f 399/1047/1047 406/1064/1064 976/1065/1065
f 399/1047/1047 976/1065/1065 636/1049/1049
f 636/1049/1049 976/1065/1065 977/1051/1051
f 401/469/469 404/1066/1066 400/1063/1063
f 400/1063/1063 404/1066/1066 1014/1067/1067
f 400/1063/1063 1014/1067/1067 561/1068/1068
f 561/1068/1068 1014/1067/1067 1015/1069/1069
f 561/1068/1068 1015/1069/1069 562/1070/1070
f 562/1070/1070 1015/1069/1069 1016/1071/1071
f 562/1070/1070 1016/1071/1071 563/1072/1072
f 563/1072/1072 1016/1071/1071 1017/1073/1073
f 563/1072/1072 1017/1073/1073 564/1055/1055
f 564/1055/1055 1017/1073/1073 1018/1057/1057
f 388/546/546 1089/544/544 403/1074/1074
f 403/1074/1074 1089/544/544 1088/542/542
f 403/1074/1074 1088/542/542 1090/1075/1075
f 1090/1075/1075 1088/542/542 1087/540/540
f 1090/1075/1075 1087/540/540 1091/660/660
f 401/469/469 487/471/471 486/1076/1076
f 486/1076/1076 487/471/471 488/473/473
f 486/1076/1076 488/473/473 485/1077/1077
f 485/1077/1077 488/473/473 489/475/475
f 485/1077/1077 489/475/475 484/1078/1078
f 484/1078/1078 489/475/475 490/477/477
f 484/1078/1078 490/477/477 483/1079/1079
f 483/1079/1079 490/477/477 491/479/479
f 483/1079/1079 491/479/479 482/1080/1080
f 482/1080/1080 491/479/479 492/481/481
f 482/1080/1080 492/481/481 481/1081/1081
f 481/1081/1081 492/481/481 493/483/483
f 481/1081/1081 493/483/483 480/1061/1061
f 480/1061/1061 493/483/483 494/485/485
f 401/469/469 486/1076/1076 404/1066/1066
f 404/1066/1066 486/1076/1076 485/1077/1077
f 404/1066/1066 485/1077/1077 1161/1082/1082
f 1161/1082/1082 485/1077/1077 484/1078/1078
f 1161/1082/1082 484/1078/1078 1160/1083/1083
f 1160/1083/1083 484/1078/1078 483/1079/1079
f 1160/1083/1083 483/1079/1079 1159/1084/1084
f 1159/1084/1084 483/1079/1079 482/1080/1080
f 1159/1084/1084 482/1080/1080 1158/1085/1085
f 1158/1085/1085 482/1080/1080 481/1081/1081
f 1158/1085/1085 481/1081/1081 1157/1059/1059
f 1157/1059/1059 481/1081/1081 480/1061/1061
f 400/1063/1063 561/1068/1068 406/1064/1064
f 406/1064/1064 561/1068/1068 562/1070/1070
f 406/1064/1064 562/1070/1070 560/1086/1086
f 560/1086/1086 562/1070/1070 563/1072/1072
f 560/1086/1086 563/1072/1072 559/1053/1053
f 559/1053/1053 563/1072/1072 564/1055/1055
f 390/665/665 1013/671/671 407/666/666
f 407/666/666 1013/671/671 1012/673/673
f 407/666/666 1012/673/673 525/1087/1087
f 525/1087/1087 1012/673/673 1011/675/675
f 525/1087/1087 1011/675/675 526/554/554
f 526/554/554 1011/675/675 1010/556/556
f 391/668/668 975/680/680 409/669/669
f 409/669/669 975/680/680 974/682/682
f 409/669/669 974/682/682 599/1088/1088
f 599/1088/1088 974/682/682 973/684/684
f 599/1088/1088 973/684/684 600/1089/1089
f 600/1089/1089 973/684/684 972/686/686
f 600/1089/1089 972/686/686 601/1090/1090
f 601/1090/1090 972/686/686 971/688/688
f 601/1090/1090 971/688/688 602/1091/1091
f 602/1091/1091 971/688/688 970/690/690
f 602/1091/1091 970/690/690 603/560/560
f 603/560/560 970/690/690 969/562/562
f 1091/660/660 413/659/659 412/661/661
f 403/1074/1074 1090/1075/1075 411/663/663
f 411/663/663 1090/1075/1075 412/661/661
f 1090/1075/1075 1091/660/660 412/661/661
f 417/649/649 416/651/651 1095/1092/1092
f 1095/1092/1092 416/651/651 1094/653/653
f 1095/1092/1092 1094/653/653 1083/532/532
f 1083/532/532 1094/653/653 1084/534/534
f 1097/646/646 419/645/645 418/647/647
f 418/647/647 417/649/649 1096/1093/1093
f 1096/1093/1093 417/649/649 1095/1092/1092
f 1096/1093/1093 1095/1092/1092 1082/530/530
f 1082/530/530 1095/1092/1092 1083/532/532
f 423/635/635 422/637/637 1101/1094/1094
f 1101/1094/1094 422/637/637 1100/639/639
f 1101/1094/1094 1100/639/639 1077/520/520
f 1077/520/520 1100/639/639 1078/522/522
f 424/633/633 423/635/635 1102/1095/1095
f 1102/1095/1095 423/635/635 1101/1094/1094
f 1102/1095/1095 1101/1094/1094 1076/518/518
f 1076/518/518 1101/1094/1094 1077/520/520
f 425/631/631 424/633/633 1103/1096/1096
f 1103/1096/1096 424/633/633 1102/1095/1095
f 1103/1096/1096 1102/1095/1095 1075/516/516
f 1075/516/516 1102/1095/1095 1076/518/518
f 426/629/629 425/631/631 1104/1097/1097
f 1104/1097/1097 425/631/631 1103/1096/1096
f 1104/1097/1097 1103/1096/1096 1074/514/514
f 1074/514/514 1103/1096/1096 1075/516/516
f 427/626/626 426/629/629 1105/1098/1098
f 1105/1098/1098 426/629/629 1104/1097/1097
f 1105/1098/1098 1104/1097/1097 1073/512/512
f 1073/512/512 1104/1097/1097 1074/514/514
f 428/624/624 427/626/626 1106/1099/1099
f 1106/1099/1099 427/626/626 1105/1098/1098
f 1106/1099/1099 1105/1098/1098 1072/510/510
f 1072/510/510 1105/1098/1098 1073/512/512
f 429/622/622 428/624/624 1107/1100/1100
f 1107/1100/1100 428/624/624 1106/1099/1099
f 1107/1100/1100 1106/1099/1099 1071/508/508
f 1071/508/508 1106/1099/1099 1072/510/510
f 430/620/620 429/622/622 1108/1101/1101
f 1108/1101/1101 429/622/622 1107/1100/1100
f 1108/1101/1101 1107/1100/1100 1070/506/506
f 1070/506/506 1107/1100/1100 1071/508/508
f 431/618/618 430/620/620 1109/1102/1102
f 1109/1102/1102 430/620/620 1108/1101/1101
f 1109/1102/1102 1108/1101/1101 1069/504/504
f 1069/504/504 1108/1101/1101 1070/506/506
f 432/615/615 431/618/618 1110/1103/1103
f 1110/1103/1103 431/618/618 1109/1102/1102
f 1110/1103/1103 1109/1102/1102 1068/502/502
f 1068/502/502 1109/1102/1102 1069/504/504
f 433/613/613 432/615/615 1111/1104/1104
f 1111/1104/1104 432/615/615 1110/1103/1103
f 1111/1104/1104 1110/1103/1103 1067/500/500
f 1067/500/500 1110/1103/1103 1068/502/502
f 434/611/611 433/613/613 1112/1105/1105
f 1112/1105/1105 433/613/613 1111/1104/1104
f 1112/1105/1105 1111/1104/1104 1066/498/498
f 1066/498/498 1111/1104/1104 1067/500/500
f 435/609/609 434/611/611 1113/1106/1106
f 1113/1106/1106 434/611/611 1112/1105/1105
f 1113/1106/1106 1112/1105/1105 1065/496/496
f 1065/496/496 1112/1105/1105 1066/498/498
f 1115/606/606 437/605/605 436/607/607
f 436/607/607 435/609/609 1114/1107/1107
f 1114/1107/1107 435/609/609 1113/1106/1106
f 1114/1107/1107 1113/1106/1106 1064/494/494
f 1064/494/494 1113/1106/1106 1065/496/496
f 1122/588/588 444/587/587 443/589/589
f 443/589/589 442/591/591 1121/1108/1108
f 1121/1108/1108 442/591/591 1120/593/593
f 1121/1108/1108 1120/593/593 1057/480/480
f 1057/480/480 1120/593/593 1058/482/482
f 402/468/468 448/466/466 447/580/580
f 447/580/580 446/582/582 1125/1109/1109
f 1125/1109/1109 446/582/582 1124/584/584
f 1125/1109/1109 1124/584/584 1053/472/472
f 1053/472/472 1124/584/584 1054/474/474
f 523/543/543 524/545/545 450/1110/1110
f 450/1110/1110 524/545/545 449/547/547
f 450/1110/1110 449/547/547 1126/762/762
f 522/541/541 523/543/543 451/1111/1111
f 451/1111/1111 523/543/543 450/1110/1110
f 451/1111/1111 450/1110/1110 1127/1112/1112
f 1127/1112/1112 450/1110/1110 1126/762/762
f 1127/1112/1112 1126/762/762 1049/761/761
f 521/539/539 522/541/541 452/1113/1113
f 452/1113/1113 522/541/541 451/1111/1111
f 452/1113/1113 451/1111/1111 1128/1114/1114
f 1128/1114/1114 451/1111/1111 1127/1112/1112
f 1128/1114/1114 1127/1112/1112 1048/1115/1115
f 1048/1115/1115 1127/1112/1112 1049/761/761
f 1048/1115/1115 1049/761/761 595/760/760
f 520/537/537 521/539/539 453/1116/1116
f 453/1116/1116 521/539/539 452/1113/1113
f 453/1116/1116 452/1113/1113 1129/1117/1117
f 1129/1117/1117 452/1113/1113 1128/1114/1114
f 1129/1117/1117 1128/1114/1114 1047/1118/1118
f 1047/1118/1118 1128/1114/1114 1048/1115/1115
f 1047/1118/1118 1048/1115/1115 594/1119/1119
f 594/1119/1119 1048/1115/1115 595/760/760
f 594/1119/1119 595/760/760 528/759/759
f 519/535/535 520/537/537 454/1120/1120
f 454/1120/1120 520/537/537 453/1116/1116
f 454/1120/1120 453/1116/1116 1130/1121/1121
f 1130/1121/1121 453/1116/1116 1129/1117/1117
f 1130/1121/1121 1129/1117/1117 1046/1122/1122
f 1046/1122/1122 1129/1117/1117 1047/1118/1118
f 1046/1122/1122 1047/1118/1118 593/1123/1123
f 593/1123/1123 1047/1118/1118 594/1119/1119
f 593/1123/1123 594/1119/1119 529/1124/1124
f 529/1124/1124 594/1119/1119 528/759/759
f 529/1124/1124 528/759/759 1008/758/758
f 518/533/533 519/535/535 455/1125/1125
f 455/1125/1125 519/535/535 454/1120/1120
f 455/1125/1125 454/1120/1120 1131/1126/1126
f 1131/1126/1126 454/1120/1120 1130/1121/1121
f 1131/1126/1126 1130/1121/1121 1045/1127/1127
f 1045/1127/1127 1130/1121/1121 1046/1122/1122
f 1045/1127/1127 1046/1122/1122 592/1128/1128
f 592/1128/1128 1046/1122/1122 593/1123/1123
f 592/1128/1128 593/1123/1123 530/1129/1129
f 530/1129/1129 593/1123/1123 529/1124/1124
f 530/1129/1129 529/1124/1124 1007/1130/1130
f 1007/1130/1130 529/1124/1124 1008/758/758
f 1007/1130/1130 1008/758/758 667/757/757
f 517/531/531 518/533/533 456/1131/1131
f 456/1131/1131 518/533/533 455/1125/1125
f 456/1131/1131 455/1125/1125 1132/1132/1132
f 1132/1132/1132 455/1125/1125 1131/1126/1126
f 1132/1132/1132 1131/1126/1126 1044/1133/1133
f 1044/1133/1133 1131/1126/1126 1045/1127/1127
f 1044/1133/1133 1045/1127/1127 591/1134/1134
f 591/1134/1134 1045/1127/1127 592/1128/1128
f 591/1134/1134 592/1128/1128 531/1135/1135
f 531/1135/1135 592/1128/1128 530/1129/1129
f 531/1135/1135 530/1129/1129 1006/1136/1136
f 1006/1136/1136 530/1129/1129 1007/1130/1130
f 1006/1136/1136 1007/1130/1130 666/1137/1137
f 666/1137/1137 1007/1130/1130 667/757/757
f 666/1137/1137 667/757/757 605/756/756
f 516/529/529 517/531/531 457/1138/1138
f 457/1138/1138 517/531/531 456/1131/1131
f 457/1138/1138 456/1131/1131 1133/1139/1139
f 1133/1139/1139 456/1131/1131 1132/1132/1132
f 1133/1139/1139 1132/1132/1132 1043/1140/1140
f 1043/1140/1140 1132/1132/1132 1044/1133/1133
f 1043/1140/1140 1044/1133/1133 590/1141/1141
f 590/1141/1141 1044/1133/1133 591/1134/1134
f 590/1141/1141 591/1134/1134 532/1142/1142
f 532/1142/1142 591/1134/1134 531/1135/1135
f 532/1142/1142 531/1135/1135 1005/1143/1143
f 1005/1143/1143 531/1135/1135 1006/1136/1136
f 1005/1143/1143 1006/1136/1136 665/1144/1144
f 665/1144/1144 1006/1136/1136 666/1137/1137
f 665/1144/1144 666/1137/1137 606/1145/1145
f 606/1145/1145 666/1137/1137 605/756/756
f 606/1145/1145 605/756/756 967/755/755
f 515/527/527 516/529/529 458/1146/1146
f 458/1146/1146 516/529/529 457/1138/1138
f 458/1146/1146 457/1138/1138 1134/1147/1147
f 1134/1147/1147 457/1138/1138 1133/1139/1139
f 1134/1147/1147 1133/1139/1139 1042/1148/1148
f 1042/1148/1148 1133/1139/1139 1043/1140/1140
f 1042/1148/1148 1043/1140/1140 589/1149/1149
f 589/1149/1149 1043/1140/1140 590/1141/1141
f 589/1149/1149 590/1141/1141 533/1150/1150
f 533/1150/1150 590/1141/1141 532/1142/1142
f 533/1150/1150 532/1142/1142 1004/1151/1151
f 1004/1151/1151 532/1142/1142 1005/1143/1143
f 1004/1151/1151 1005/1143/1143 664/1152/1152
f 664/1152/1152 1005/1143/1143 665/1144/1144
f 664/1152/1152 665/1144/1144 607/1153/1153
f 607/1153/1153 665/1144/1144 606/1145/1145
f 607/1153/1153 606/1145/1145 966/1154/1154
f 966/1154/1154 606/1145/1145 967/755/755
f 966/1154/1154 967/755/755 740/754/754
f 514/525/525 515/527/527 459/1155/1155
f 459/1155/1155 515/527/527 458/1146/1146
f 459/1155/1155 458/1146/1146 1135/1156/1156
f 1135/1156/1156 458/1146/1146 1134/1147/1147
f 1135/1156/1156 1134/1147/1147 1041/1157/1157
f 1041/1157/1157 1134/1147/1147 1042/1148/1148
f 1041/1157/1157 1042/1148/1148 588/1158/1158
f 588/1158/1158 1042/1148/1148 589/1149/1149
f 588/1158/1158 589/1149/1149 534/1159/1159
f 534/1159/1159 589/1149/1149 533/1150/1150
f 534/1159/1159 533/1150/1150 1003/1160/1160
f 1003/1160/1160 533/1150/1150 1004/1151/1151
f 1003/1160/1160 1004/1151/1151 663/1161/1161
f 663/1161/1161 1004/1151/1151 664/1152/1152
f 663/1161/1161 664/1152/1152 608/1162/1162
f 608/1162/1162 664/1152/1152 607/1153/1153
f 608/1162/1162 607/1153/1153 965/1163/1163
f 965/1163/1163 607/1153/1153 966/1154/1154
f 965/1163/1163 966/1154/1154 739/1164/1164
f 739/1164/1164 966/1154/1154 740/754/754
f 739/1164/1164 740/754/754 684/753/753
f 513/523/523 514/525/525 460/1165/1165
f 460/1165/1165 514/525/525 459/1155/1155
f 460/1165/1165 459/1155/1155 1136/1166/1166
f 1136/1166/1166 459/1155/1155 1135/1156/1156
f 1136/1166/1166 1135/1156/1156 1040/1167/1167
f 1040/1167/1167 1135/1156/1156 1041/1157/1157
f 1040/1167/1167 1041/1157/1157 587/1168/1168
f 587/1168/1168 1041/1157/1157 588/1158/1158
f 587/1168/1168 588/1158/1158 535/1169/1169
f 535/1169/1169 588/1158/1158 534/1159/1159
f 535/1169/1169 534/1159/1159 1002/1170/1170
f 1002/1170/1170 534/1159/1159 1003/1160/1160
f 1002/1170/1170 1003/1160/1160 662/1171/1171
f 662/1171/1171 1003/1160/1160 663/1161/1161
f 662/1171/1171 663/1161/1161 609/1172/1172
f 609/1172/1172 663/1161/1161 608/1162/1162
f 609/1172/1172 608/1162/1162 964/1173/1173
f 964/1173/1173 608/1162/1162 965/1163/1163
f 964/1173/1173 965/1163/1163 738/1174/1174
f 738/1174/1174 965/1163/1163 739/1164/1164
f 738/1174/1174 739/1164/1164 685/1175/1175
f 685/1175/1175 739/1164/1164 684/753/753
f 685/1175/1175 684/753/753 761/752/752
f 512/521/521 513/523/523 461/1176/1176
f 461/1176/1176 513/523/523 460/1165/1165
f 461/1176/1176 460/1165/1165 1137/1177/1177
f 1137/1177/1177 460/1165/1165 1136/1166/1166
f 1137/1177/1177 1136/1166/1166 1039/1178/1178
f 1039/1178/1178 1136/1166/1166 1040/1167/1167
f 1039/1178/1178 1040/1167/1167 586/1179/1179
f 586/1179/1179 1040/1167/1167 587/1168/1168
f 586/1179/1179 587/1168/1168 536/1180/1180
f 536/1180/1180 587/1168/1168 535/1169/1169
f 536/1180/1180 535/1169/1169 1001/1181/1181
f 1001/1181/1181 535/1169/1169 1002/1170/1170
f 1001/1181/1181 1002/1170/1170 661/1182/1182
f 661/1182/1182 1002/1170/1170 662/1171/1171
f 661/1182/1182 662/1171/1171 610/1183/1183
f 610/1183/1183 662/1171/1171 609/1172/1172
f 610/1183/1183 609/1172/1172 963/1184/1184
f 963/1184/1184 609/1172/1172 964/1173/1173
f 963/1184/1184 964/1173/1173 737/1185/1185
f 737/1185/1185 964/1173/1173 738/1174/1174
f 737/1185/1185 738/1174/1174 686/1186/1186
f 686/1186/1186 738/1174/1174 685/1175/1175
f 686/1186/1186 685/1175/1175 762/1187/1187
f 762/1187/1187 685/1175/1175 761/752/752
f 762/1187/1187 761/752/752 851/751/751
f 511/519/519 512/521/521 462/1188/1188
f 462/1188/1188 512/521/521 461/1176/1176
f 462/1188/1188 461/1176/1176 1138/1189/1189
f 1138/1189/1189 461/1176/1176 1137/1177/1177
f 1138/1189/1189 1137/1177/1177 1038/1190/1190
f 1038/1190/1190 1137/1177/1177 1039/1178/1178
f 1038/1190/1190 1039/1178/1178 585/1191/1191
f 585/1191/1191 1039/1178/1178 586/1179/1179
f 585/1191/1191 586/1179/1179 537/1192/1192
f 537/1192/1192 586/1179/1179 536/1180/1180
f 537/1192/1192 536/1180/1180 1000/1193/1193
f 1000/1193/1193 536/1180/1180 1001/1181/1181
f 1000/1193/1193 1001/1181/1181 660/1194/1194
f 660/1194/1194 1001/1181/1181 661/1182/1182
f 660/1194/1194 661/1182/1182 611/1195/1195
f 611/1195/1195 661/1182/1182 610/1183/1183
f 611/1195/1195 610/1183/1183 962/1196/1196
f 962/1196/1196 610/1183/1183 963/1184/1184
f 962/1196/1196 963/1184/1184 736/1197/1197
f 736/1197/1197 963/1184/1184 737/1185/1185
f 736/1197/1197 737/1185/1185 687/1198/1198
f 687/1198/1198 737/1185/1185 686/1186/1186
f 687/1198/1198 686/1186/1186 763/1199/1199
f 763/1199/1199 686/1186/1186 762/1187/1187
f 763/1199/1199 762/1187/1187 850/1200/1200
f 850/1200/1200 762/1187/1187 851/751/751
f 850/1200/1200 851/751/751 801/750/750
f 510/517/517 511/519/519 463/1201/1201
f 463/1201/1201 511/519/519 462/1188/1188
f 463/1201/1201 462/1188/1188 1139/1202/1202
f 1139/1202/1202 462/1188/1188 1138/1189/1189
f 1139/1202/1202 1138/1189/1189 1037/1203/1203
f 1037/1203/1203 1138/1189/1189 1038/1190/1190
f 1037/1203/1203 1038/1190/1190 584/1204/1204
f 584/1204/1204 1038/1190/1190 585/1191/1191
f 584/1204/1204 585/1191/1191 538/1205/1205
f 538/1205/1205 585/1191/1191 537/1192/1192
f 538/1205/1205 537/1192/1192 999/1206/1206
f 999/1206/1206 537/1192/1192 1000/1193/1193
f 999/1206/1206 1000/1193/1193 659/1207/1207
f 659/1207/1207 1000/1193/1193 660/1194/1194
f 659/1207/1207 660/1194/1194 612/1208/1208
f 612/1208/1208 660/1194/1194 611/1195/1195
f 612/1208/1208 611/1195/1195 961/1209/1209
f 961/1209/1209 611/1195/1195 962/1196/1196
f 961/1209/1209 962/1196/1196 735/1210/1210
f 735/1210/1210 962/1196/1196 736/1197/1197
f 735/1210/1210 736/1197/1197 688/1211/1211
f 688/1211/1211 736/1197/1197 687/1198/1198
f 688/1211/1211 687/1198/1198 764/1212/1212
f 764/1212/1212 687/1198/1198 763/1199/1199
f 764/1212/1212 763/1199/1199 849/1213/1213
f 849/1213/1213 763/1199/1199 850/1200/1200
f 849/1213/1213 850/1200/1200 802/1214/1214
f 802/1214/1214 850/1200/1200 801/750/750
f 802/1214/1214 801/750/750 924/749/749
f 509/515/515 510/517/517 464/1215/1215
f 464/1215/1215 510/517/517 463/1201/1201
f 464/1215/1215 463/1201/1201 1140/1216/1216
f 1140/1216/1216 463/1201/1201 1139/1202/1202
f 1140/1216/1216 1139/1202/1202 1036/1217/1217
f 1036/1217/1217 1139/1202/1202 1037/1203/1203
f 1036/1217/1217 1037/1203/1203 583/1218/1218
f 583/1218/1218 1037/1203/1203 584/1204/1204
f 583/1218/1218 584/1204/1204 539/1219/1219
f 539/1219/1219 584/1204/1204 538/1205/1205
f 539/1219/1219 538/1205/1205 998/1220/1220
f 998/1220/1220 538/1205/1205 999/1206/1206
f 998/1220/1220 999/1206/1206 658/1221/1221
f 658/1221/1221 999/1206/1206 659/1207/1207
f 658/1221/1221 659/1207/1207 613/1222/1222
f 613/1222/1222 659/1207/1207 612/1208/1208
f 613/1222/1222 612/1208/1208 960/1223/1223
f 960/1223/1223 612/1208/1208 961/1209/1209
f 960/1223/1223 961/1209/1209 734/1224/1224
f 734/1224/1224 961/1209/1209 735/1210/1210
f 734/1224/1224 735/1210/1210 689/1225/1225
f 689/1225/1225 735/1210/1210 688/1211/1211
f 689/1225/1225 688/1211/1211 765/1226/1226
f 765/1226/1226 688/1211/1211 764/1212/1212
f 765/1226/1226 764/1212/1212 848/1227/1227
f 848/1227/1227 764/1212/1212 849/1213/1213
f 848/1227/1227 849/1213/1213 803/1228/1228
f 803/1228/1228 849/1213/1213 802/1214/1214
f 803/1228/1228 802/1214/1214 923/1229/1229
f 923/1229/1229 802/1214/1214 924/749/749
f 923/1229/1229 924/749/749 879/748/748
f 508/513/513 509/515/515 465/793/793
f 465/793/793 509/515/515 464/1215/1215
f 465/793/793 464/1215/1215 1141/791/791
f 1141/791/791 464/1215/1215 1140/1216/1216
f 1141/791/791 1140/1216/1216 1035/789/789
f 1035/789/789 1140/1216/1216 1036/1217/1217
f 1035/789/789 1036/1217/1217 582/787/787
f 582/787/787 1036/1217/1217 583/1218/1218
f 582/787/787 583/1218/1218 540/785/785
f 540/785/785 583/1218/1218 539/1219/1219
f 540/785/785 539/1219/1219 997/783/783
f 997/783/783 539/1219/1219 998/1220/1220
f 997/783/783 998/1220/1220 657/781/781
f 657/781/781 998/1220/1220 658/1221/1221
f 657/781/781 658/1221/1221 614/779/779
f 614/779/779 658/1221/1221 613/1222/1222
f 614/779/779 613/1222/1222 959/777/777
f 959/777/777 613/1222/1222 960/1223/1223
f 959/777/777 960/1223/1223 733/775/775
f 733/775/775 960/1223/1223 734/1224/1224
f 733/775/775 734/1224/1224 690/773/773
f 690/773/773 734/1224/1224 689/1225/1225
f 690/773/773 689/1225/1225 766/771/771
f 766/771/771 689/1225/1225 765/1226/1226
f 766/771/771 765/1226/1226 847/769/769
f 847/769/769 765/1226/1226 848/1227/1227
f 847/769/769 848/1227/1227 804/767/767
f 804/767/767 848/1227/1227 803/1228/1228
f 804/767/767 803/1228/1228 922/765/765
f 922/765/765 803/1228/1228 923/1229/1229
f 922/765/765 923/1229/1229 880/747/747
f 880/747/747 923/1229/1229 879/748/748
f 502/501/501 503/503/503 471/895/895
f 471/895/895 503/503/503 470/862/862
f 471/895/895 470/862/862 1147/893/893
f 1147/893/893 470/862/862 1146/861/861
f 1147/893/893 1146/861/861 1029/891/891
f 1029/891/891 1146/861/861 1030/860/860
f 1029/891/891 1030/860/860 576/889/889
f 576/889/889 1030/860/860 577/859/859
f 576/889/889 577/859/859 546/887/887
f 546/887/887 577/859/859 545/858/858
f 546/887/887 545/858/858 991/885/885
f 991/885/885 545/858/858 992/857/857
f 991/885/885 992/857/857 651/883/883
f 651/883/883 992/857/857 652/856/856
f 651/883/883 652/856/856 620/881/881
f 620/881/881 652/856/856 619/855/855
f 620/881/881 619/855/855 953/879/879
f 953/879/879 619/855/855 954/854/854
f 953/879/879 954/854/854 727/877/877
f 727/877/877 954/854/854 728/853/853
f 727/877/877 728/853/853 696/875/875
f 696/875/875 728/853/853 695/852/852
f 696/875/875 695/852/852 772/873/873
f 772/873/873 695/852/852 771/851/851
f 772/873/873 771/851/851 841/871/871
f 841/871/871 771/851/851 842/850/850
f 841/871/871 842/850/850 810/869/869
f 810/869/869 842/850/850 809/849/849
f 810/869/869 809/849/849 916/867/867
f 916/867/867 809/849/849 917/848/848
f 916/867/867 917/848/848 886/865/865
f 886/865/865 917/848/848 885/847/847
f 498/493/493 499/495/495 475/1230/1230
f 475/1230/1230 499/495/495 474/930/930
f 475/1230/1230 474/930/930 1151/1231/1231
f 1151/1231/1231 474/930/930 1150/929/929
f 1151/1231/1231 1150/929/929 1025/1232/1232
f 1025/1232/1232 1150/929/929 1026/928/928
f 1025/1232/1232 1026/928/928 572/1233/1233
f 572/1233/1233 1026/928/928 573/927/927
f 572/1233/1233 573/927/927 550/1234/1234
f 550/1234/1234 573/927/927 549/926/926
f 550/1234/1234 549/926/926 987/1235/1235
f 987/1235/1235 549/926/926 988/925/925
f 987/1235/1235 988/925/925 647/1236/1236
f 647/1236/1236 988/925/925 648/924/924
f 647/1236/1236 648/924/924 624/1237/1237
f 624/1237/1237 648/924/924 623/923/923
f 624/1237/1237 623/923/923 949/1238/1238
f 949/1238/1238 623/923/923 950/922/922
f 949/1238/1238 950/922/922 723/1239/1239
f 723/1239/1239 950/922/922 724/921/921
f 723/1239/1239 724/921/921 700/1240/1240
f 700/1240/1240 724/921/921 699/920/920
f 700/1240/1240 699/920/920 776/1241/1241
f 776/1241/1241 699/920/920 775/919/919
f 776/1241/1241 775/919/919 837/1242/1242
f 837/1242/1242 775/919/919 838/918/918
f 837/1242/1242 838/918/918 814/1243/1243
f 814/1243/1243 838/918/918 813/917/917
f 814/1243/1243 813/917/917 912/1244/1244
f 912/1244/1244 813/917/917 913/916/916
f 912/1244/1244 913/916/916 890/931/931
f 890/931/931 913/916/916 889/915/915
f 497/491/491 498/493/493 476/963/963
f 476/963/963 498/493/493 475/1230/1230
f 476/963/963 475/1230/1230 1152/961/961
f 1152/961/961 475/1230/1230 1151/1231/1231
f 1152/961/961 1151/1231/1231 1024/959/959
f 1024/959/959 1151/1231/1231 1025/1232/1232
f 1024/959/959 1025/1232/1232 571/957/957
f 571/957/957 1025/1232/1232 572/1233/1233
f 571/957/957 572/1233/1233 551/955/955
f 551/955/955 572/1233/1233 550/1234/1234
f 551/955/955 550/1234/1234 986/953/953
f 986/953/953 550/1234/1234 987/1235/1235
f 986/953/953 987/1235/1235 646/951/951
f 646/951/951 987/1235/1235 647/1236/1236
f 646/951/951 647/1236/1236 625/949/949
f 625/949/949 647/1236/1236 624/1237/1237
f 625/949/949 624/1237/1237 948/947/947
f 948/947/947 624/1237/1237 949/1238/1238
f 948/947/947 949/1238/1238 722/945/945
f 722/945/945 949/1238/1238 723/1239/1239
f 722/945/945 723/1239/1239 701/943/943
f 701/943/943 723/1239/1239 700/1240/1240
f 701/943/943 700/1240/1240 777/941/941
f 777/941/941 700/1240/1240 776/1241/1241
f 777/941/941 776/1241/1241 836/939/939
f 836/939/939 776/1241/1241 837/1242/1242
f 836/939/939 837/1242/1242 815/937/937
f 815/937/937 837/1242/1242 814/1243/1243
f 815/937/937 814/1243/1243 911/935/935
f 911/935/935 814/1243/1243 912/1244/1244
f 911/935/935 912/1244/1244 891/933/933
f 891/933/933 912/1244/1244 890/931/931
f 495/487/487 478/981/981 479/1062/1062
f 479/1062/1062 478/981/981 1155/1245/1245
f 479/1062/1062 1155/1245/1245 1156/1060/1060
f 1156/1060/1060 1155/1245/1245 1020/1246/1246
f 1156/1060/1060 1020/1246/1246 1019/1058/1058
f 1019/1058/1058 1020/1246/1246 566/1247/1247
f 1019/1058/1058 566/1247/1247 565/1056/1056
f 565/1056/1056 566/1247/1247 557/1248/1248
f 565/1056/1056 557/1248/1248 558/1054/1054
f 558/1054/1054 557/1248/1248 979/1249/1249
f 558/1054/1054 979/1249/1249 978/1052/1052
f 978/1052/1052 979/1249/1249 638/1250/1250
f 978/1052/1052 638/1250/1250 637/1050/1050
f 637/1050/1050 638/1250/1250 634/1251/1251
f 637/1050/1050 634/1251/1251 635/1048/1048
f 635/1048/1048 634/1251/1251 408/1046/1046
f 1155/1245/1245 478/981/981 1154/980/980
f 597/552/552 598/667/667 525/1087/1087
f 525/1087/1087 598/667/667 407/666/666
f 525/1087/1087 526/554/554 597/552/552
f 983/1033/1033 553/977/977 984/976/976
f 555/1042/1042 556/1252/1252 567/1253/1253
f 567/1253/1253 556/1252/1252 566/1247/1247
f 567/1253/1253 566/1247/1247 1020/1246/1246
f 566/1247/1247 556/1252/1252 557/1248/1248
f 557/1248/1248 556/1252/1252 980/1254/1254
f 557/1248/1248 980/1254/1254 979/1249/1249
f 979/1249/1249 980/1254/1254 639/1255/1255
f 979/1249/1249 639/1255/1255 638/1250/1250
f 638/1250/1250 639/1255/1255 633/1256/1256
f 638/1250/1250 633/1256/1256 634/1251/1251
f 634/1251/1251 633/1256/1256 939/1257/1257
f 634/1251/1251 939/1257/1257 408/1046/1046
f 408/1046/1046 939/1257/1257 712/1044/1044
f 980/1254/1254 556/1252/1252 981/1041/1041
f 981/1041/1041 556/1252/1252 555/1042/1042
f 976/1065/1065 406/1064/1064 560/1086/1086
f 976/1065/1065 560/1086/1086 977/1051/1051
f 977/1051/1051 560/1086/1086 559/1053/1053
f 555/1042/1042 567/1253/1253 568/1043/1043
f 568/1043/1043 567/1253/1253 1021/1258/1258
f 568/1043/1043 1021/1258/1258 1022/979/979
f 1022/979/979 1021/1258/1258 1154/980/980
f 1021/1258/1258 567/1253/1253 1020/1246/1246
f 672/672/672 673/670/670 599/1088/1088
f 599/1088/1088 673/670/670 409/669/669
f 671/674/674 672/672/672 600/1089/1089
f 600/1089/1089 672/672/672 599/1088/1088
f 670/676/676 671/674/674 601/1090/1090
f 601/1090/1090 671/674/674 600/1089/1089
f 669/558/558 670/676/676 602/1091/1091
f 602/1091/1091 670/676/676 601/1090/1090
f 602/1091/1091 603/560/560 669/558/558
f 945/1015/1015 627/974/974 946/973/973
f 628/1016/1016 629/1259/1259 643/1260/1260
f 643/1260/1260 629/1259/1259 642/1031/1031
f 643/1260/1260 642/1031/1031 983/1033/1033
f 642/1031/1031 629/1259/1259 630/1029/1029
f 630/1029/1029 629/1259/1259 943/1261/1261
f 630/1029/1029 943/1261/1261 942/1027/1027
f 942/1027/1027 943/1261/1261 716/1262/1262
f 942/1027/1027 716/1262/1262 715/1025/1025
f 715/1025/1025 716/1262/1262 708/1263/1263
f 715/1025/1025 708/1263/1263 709/1023/1023
f 709/1023/1023 708/1263/1263 785/1264/1264
f 709/1023/1023 785/1264/1264 786/1021/1021
f 786/1021/1021 785/1264/1264 827/1265/1265
f 786/1021/1021 827/1265/1265 826/1019/1019
f 826/1019/1019 827/1265/1265 825/1017/1017
f 943/1261/1261 629/1259/1259 944/1014/1014
f 944/1014/1014 629/1259/1259 628/1016/1016
f 640/1040/1040 632/1039/1039 639/1255/1255
f 639/1255/1255 632/1039/1039 633/1256/1256
f 939/1257/1257 633/1256/1256 940/1038/1038
f 940/1038/1038 633/1256/1256 632/1039/1039
f 981/1041/1041 640/1040/1040 980/1254/1254
f 980/1254/1254 640/1040/1040 639/1255/1255
f 984/976/976 644/975/975 643/1260/1260
f 643/1260/1260 644/975/975 628/1016/1016
f 984/976/976 643/1260/1260 983/1033/1033
f 748/681/681 749/679/679 675/1266/1266
f 675/1266/1266 749/679/679 674/678/678
f 675/1266/1266 674/678/678 751/1267/1267
f 751/1267/1267 674/678/678 750/692/692
f 751/1267/1267 750/692/692 862/1268/1268
f 862/1268/1268 750/692/692 863/694/694
f 862/1268/1268 863/694/694 789/696/696
f 747/683/683 748/681/681 676/1269/1269
f 676/1269/1269 748/681/681 675/1266/1266
f 676/1269/1269 675/1266/1266 752/1270/1270
f 752/1270/1270 675/1266/1266 751/1267/1267
f 752/1270/1270 751/1267/1267 861/1271/1271
f 861/1271/1271 751/1267/1267 862/1268/1268
f 861/1271/1271 862/1268/1268 790/1272/1272
f 790/1272/1272 862/1268/1268 789/696/696
f 790/1272/1272 789/696/696 936/698/698
f 746/685/685 747/683/683 677/1273/1273
f 677/1273/1273 747/683/683 676/1269/1269
f 677/1273/1273 676/1269/1269 753/1274/1274
f 753/1274/1274 676/1269/1269 752/1270/1270
f 753/1274/1274 752/1270/1270 860/1275/1275
f 860/1275/1275 752/1270/1270 861/1271/1271
f 860/1275/1275 861/1271/1271 791/1276/1276
f 791/1276/1276 861/1271/1271 790/1272/1272
f 791/1276/1276 790/1272/1272 935/1277/1277
f 935/1277/1277 790/1272/1272 936/698/698
f 935/1277/1277 936/698/698 867/700/700
f 745/687/687 746/685/685 678/1278/1278
f 678/1278/1278 746/685/685 677/1273/1273
f 678/1278/1278 677/1273/1273 754/1279/1279
f 754/1279/1279 677/1273/1273 753/1274/1274
f 754/1279/1279 753/1274/1274 859/1280/1280
f 859/1280/1280 753/1274/1274 860/1275/1275
f 859/1280/1280 860/1275/1275 792/1281/1281
f 792/1281/1281 860/1275/1275 791/1276/1276
f 792/1281/1281 791/1276/1276 934/1282/1282
f 934/1282/1282 791/1276/1276 935/1277/1277
f 934/1282/1282 935/1277/1277 868/709/709
f 868/709/709 935/1277/1277 867/700/700
f 744/689/689 745/687/687 679/721/721
f 679/721/721 745/687/687 678/1278/1278
f 679/721/721 678/1278/1278 755/719/719
f 755/719/719 678/1278/1278 754/1279/1279
f 755/719/719 754/1279/1279 858/717/717
f 858/717/717 754/1279/1279 859/1280/1280
f 858/717/717 859/1280/1280 793/715/715
f 793/715/715 859/1280/1280 792/1281/1281
f 793/715/715 792/1281/1281 933/713/713
f 933/713/713 792/1281/1281 934/1282/1282
f 933/713/713 934/1282/1282 869/711/711
f 869/711/711 934/1282/1282 868/709/709
f 759/568/568 682/566/566 758/735/735
f 703/971/971 704/1283/1283 720/972/972
f 720/972/972 704/1283/1283 719/1284/1284
f 720/972/972 719/1284/1284 946/973/973
f 946/973/973 719/1284/1284 945/1015/1015
f 704/1283/1283 705/1285/1285 719/1284/1284
f 719/1284/1284 705/1285/1285 718/1013/1013
f 719/1284/1284 718/1013/1013 945/1015/1015
f 704/1283/1283 703/971/971 780/1286/1286
f 780/1286/1286 703/971/971 779/970/970
f 780/1286/1286 779/970/970 833/1287/1287
f 833/1287/1287 779/970/970 834/969/969
f 833/1287/1287 834/969/969 818/1288/1288
f 818/1288/1288 834/969/969 817/968/968
f 818/1288/1288 817/968/968 908/1289/1289
f 908/1289/1289 817/968/968 909/967/967
f 908/1289/1289 909/967/967 894/984/984
f 894/984/984 909/967/967 893/966/966
f 718/1013/1013 705/1285/1285 706/1011/1011
f 706/1011/1011 705/1285/1285 782/1290/1290
f 706/1011/1011 782/1290/1290 783/1009/1009
f 783/1009/1009 782/1290/1290 830/1291/1291
f 783/1009/1009 830/1291/1291 829/1007/1007
f 829/1007/1007 830/1291/1291 822/1292/1292
f 829/1007/1007 822/1292/1292 823/1005/1005
f 823/1005/1005 822/1292/1292 903/1293/1293
f 823/1005/1005 903/1293/1293 902/1003/1003
f 902/1003/1003 903/1293/1293 900/996/996
f 902/1003/1003 900/996/996 410/998/998
f 705/1285/1285 704/1283/1283 781/1294/1294
f 781/1294/1294 704/1283/1283 780/1286/1286
f 781/1294/1294 780/1286/1286 832/1295/1295
f 832/1295/1295 780/1286/1286 833/1287/1287
f 832/1295/1295 833/1287/1287 819/1296/1296
f 819/1296/1296 833/1287/1287 818/1288/1288
f 819/1296/1296 818/1288/1288 907/1297/1297
f 907/1297/1297 818/1288/1288 908/1289/1289
f 907/1297/1297 908/1289/1289 895/986/986
f 895/986/986 908/1289/1289 894/984/984
f 717/1012/1012 707/1010/1010 716/1262/1262
f 716/1262/1262 707/1010/1010 708/1263/1263
f 785/1264/1264 708/1263/1263 784/1008/1008
f 784/1008/1008 708/1263/1263 707/1010/1010
f 713/1037/1037 711/1036/1036 712/1044/1044
f 940/1038/1038 713/1037/1037 939/1257/1257
f 939/1257/1257 713/1037/1037 712/1044/1044
f 944/1014/1014 717/1012/1012 943/1261/1261
f 943/1261/1261 717/1012/1012 716/1262/1262
f 853/570/570 759/568/568 854/745/745
f 854/745/745 759/568/568 758/735/735
f 705/1285/1285 781/1294/1294 782/1290/1290
f 782/1290/1290 781/1294/1294 831/1298/1298
f 782/1290/1290 831/1298/1298 830/1291/1291
f 830/1291/1291 831/1298/1298 821/1299/1299
f 830/1291/1291 821/1299/1299 822/1292/1292
f 822/1292/1292 821/1299/1299 904/1300/1300
f 822/1292/1292 904/1300/1300 903/1293/1293
f 903/1293/1293 904/1300/1300 899/994/994
f 903/1293/1293 899/994/994 900/996/996
f 831/1298/1298 781/1294/1294 832/1295/1295
f 827/1265/1265 785/1264/1264 828/1006/1006
f 828/1006/1006 785/1264/1264 784/1008/1008
f 855/734/734 796/733/733 797/744/744
f 797/744/744 796/733/733 929/1301/1301
f 797/744/744 929/1301/1301 928/742/742
f 928/742/742 929/1301/1301 874/737/737
f 928/742/742 874/737/737 875/740/740
f 875/740/740 874/737/737 321/736/736
f 929/1301/1301 796/733/733 930/732/732
f 853/570/570 854/745/745 798/743/743
f 853/570/570 798/743/743 799/572/572
f 799/572/572 798/743/743 927/741/741
f 799/572/572 927/741/741 926/574/574
f 926/574/574 927/741/741 876/739/739
f 926/574/574 876/739/739 877/576/576
f 831/1298/1298 832/1295/1295 820/1302/1302
f 820/1302/1302 832/1295/1295 819/1296/1296
f 820/1302/1302 819/1296/1296 906/1303/1303
f 906/1303/1303 819/1296/1296 907/1297/1297
f 906/1303/1303 907/1297/1297 896/988/988
f 896/988/988 907/1297/1297 895/986/986
f 831/1298/1298 820/1302/1302 821/1299/1299
f 821/1299/1299 820/1302/1302 905/1304/1304
f 821/1299/1299 905/1304/1304 904/1300/1300
f 904/1300/1300 905/1304/1304 898/992/992
f 904/1300/1300 898/992/992 899/994/994
f 905/1304/1304 820/1302/1302 906/1303/1303
f 827/1265/1265 828/1006/1006 824/1004/1004
f 901/1002/1002 825/1017/1017 824/1004/1004
f 824/1004/1004 825/1017/1017 827/1265/1265
f 864/706/706 865/705/705 938/704/704
f 929/1301/1301 930/732/732 873/738/738
f 873/738/738 874/737/737 929/1301/1301
f 905/1304/1304 906/1303/1303 897/990/990
f 897/990/990 906/1303/1303 896/988/988
f 897/990/990 898/992/992 905/1304/1304
f 404/1066/1066 1161/1082/1082 1014/1067/1067
f 1014/1067/1067 1161/1082/1082 1015/1069/1069
f 1161/1082/1082 1160/1083/1083 1015/1069/1069
f 1015/1069/1069 1160/1083/1083 1016/1071/1071
f 1160/1083/1083 1159/1084/1084 1016/1071/1071
f 1016/1071/1071 1159/1084/1084 1017/1073/1073
f 1159/1084/1084 1158/1085/1085 1017/1073/1073
f 1017/1073/1073 1158/1085/1085 1018/1057/1057
f 1158/1085/1085 1157/1059/1059 1018/1057/1057
f 1154/980/980 1021/1258/1258 1155/1245/1245
f 1155/1245/1245 1021/1258/1258 1020/1246/1246
f 1125/1109/1109 1053/472/472 1052/470/470
f 1121/1108/1108 1057/480/480 1056/478/478
f 1121/1108/1108 1056/478/478 1122/588/588
f 1114/1107/1107 1064/494/494 1063/492/492
f 1114/1107/1107 1063/492/492 1115/606/606
f 1096/1093/1093 1082/530/530 1081/528/528
f 1096/1093/1093 1081/528/528 1097/646/646
f 388/546/546 403/1074/1074 411/663/663
f 1096/1093/1093 1097/646/646 418/647/647
f 1114/1107/1107 1115/606/606 436/607/607
f 1121/1108/1108 1122/588/588 443/589/589
f 1052/470/470 402/468/468 1125/1109/1109
f 1125/1109/1109 402/468/468 447/580/580
f 295/1305/1305 1198/1306/1306 141/1307/1307
f 141/1307/1307 1198/1306/1306 1199/1308/1308
f 141/1307/1307 1199/1308/1308 1200/1309/1309
f 1200/1309/1309 1199/1308/1308 1646/1310/1310
f 1200/1309/1309 1646/1310/1310 1647/1311/1311
f 1647/1311/1311 1646/1310/1310 1593/1312/1312
f 1647/1311/1311 1593/1312/1312 1592/1313/1313
f 1592/1313/1313 1593/1312/1312 1235/1314/1314
f 1592/1313/1313 1235/1314/1314 1234/1315/1315
f 1234/1315/1315 1235/1314/1314 1233/1316/1316
f 1234/1315/1315 1233/1316/1316 1168/1317/1317
f 1168/1317/1317 1233/1316/1316 1167/1318/1318
f 1167/1318/1318 1233/1316/1316 1294/1319/1319
f 1167/1318/1318 1294/1319/1319 1293/1320/1320
f 1293/1320/1320 1294/1319/1319 1295/1321/1321
f 1293/1320/1320 1295/1321/1321 1292/1322/1322
f 1292/1322/1322 1295/1321/1321 1296/1323/1323
f 1292/1322/1322 1296/1323/1323 1291/1324/1324
f 1291/1324/1324 1296/1323/1323 1297/1325/1325
f 1291/1324/1324 1297/1325/1325 1290/1326/1326
f 1290/1326/1326 1297/1325/1325 1298/1327/1327
f 1290/1326/1326 1298/1327/1327 1289/1328/1328
f 1289/1328/1328 1298/1327/1327 1299/1329/1329
f 1289/1328/1328 1299/1329/1329 1288/1330/1330
f 1288/1330/1330 1299/1329/1329 1300/1331/1331
f 1288/1330/1330 1300/1331/1331 1287/1332/1332
f 1287/1332/1332 1300/1331/1331 1301/1333/1333
f 1287/1332/1332 1301/1333/1333 1286/1334/1334
f 1286/1334/1334 1301/1333/1333 1302/1335/1335
f 1286/1334/1334 1302/1335/1335 1285/1336/1336
f 1285/1336/1336 1302/1335/1335 1303/1337/1337
f 1285/1336/1336 1303/1337/1337 1284/1338/1338
f 1284/1338/1338 1303/1337/1337 1304/1339/1339
f 1284/1338/1338 1304/1339/1339 1283/1340/1340
f 1283/1340/1340 1304/1339/1339 1305/1341/1341
f 1283/1340/1340 1305/1341/1341 1282/1342/1342
f 1282/1342/1342 1305/1341/1341 1306/1343/1343
f 1282/1342/1342 1306/1343/1343 1281/1344/1344
f 1281/1344/1344 1306/1343/1343 1307/1345/1345
f 1281/1344/1344 1307/1345/1345 1280/1346/1346
f 1280/1346/1346 1307/1345/1345 1308/1347/1347
f 1280/1346/1346 1308/1347/1347 1279/1348/1348
f 1279/1348/1348 1308/1347/1347 1309/1349/1349
f 1279/1348/1348 1309/1349/1349 1278/1350/1350
f 1278/1350/1350 1309/1349/1349 1310/1351/1351
f 1278/1350/1350 1310/1351/1351 1277/1352/1352
f 1277/1352/1352 1310/1351/1351 1311/1353/1353
f 1277/1352/1352 1311/1353/1353 1276/1354/1354
f 1276/1354/1354 1311/1353/1353 1312/1355/1355
f 1276/1354/1354 1312/1355/1355 1275/1356/1356
f 1275/1356/1356 1312/1355/1355 1313/1357/1357
f 1275/1356/1356 1313/1357/1357 1274/1358/1358
f 1274/1358/1358 1313/1357/1357 1314/1359/1359
f 1274/1358/1358 1314/1359/1359 1273/1360/1360
f 1273/1360/1360 1314/1359/1359 1315/1361/1361
f 1273/1360/1360 1315/1361/1361 1272/1362/1362
f 1272/1362/1362 1315/1361/1361 1316/1363/1363
f 1272/1362/1362 1316/1363/1363 1271/1364/1364
f 1271/1364/1364 1316/1363/1363 1317/1365/1365
f 1271/1364/1364 1317/1365/1365 1270/1366/1366
f 1270/1366/1366 1317/1365/1365 1318/1367/1367
f 1270/1366/1366 1318/1367/1367 1269/1368/1368
f 1269/1368/1368 1318/1367/1367 1319/1369/1369
f 1269/1368/1368 1319/1369/1369 1268/1370/1370
f 1268/1370/1370 1319/1369/1369 1320/1371/1371
f 1268/1370/1370 1320/1371/1371 1267/1372/1372
f 1267/1372/1372 1320/1371/1371 1321/1373/1373
f 1267/1372/1372 1321/1373/1373 1266/1374/1374
f 1266/1374/1374 1321/1373/1373 1322/1375/1375
f 1266/1374/1374 1322/1375/1375 1265/1376/1376
f 1265/1376/1376 1322/1375/1375 1323/1377/1377
f 1265/1376/1376 1323/1377/1377 1264/1378/1378
f 1264/1378/1378 1323/1377/1377 400/1379/1379
f 1264/1378/1378 400/1379/1379 399/1380/1380
f 68/1381/1381 1179/1382/1382 295/1305/1305
f 295/1305/1305 1179/1382/1382 1180/1383/1383
f 295/1305/1305 1180/1383/1383 1181/1384/1384
f 1181/1384/1384 1180/1383/1383 1627/1385/1385
f 1181/1384/1384 1627/1385/1385 1628/1386/1386
f 1628/1386/1386 1627/1385/1385 1612/1387/1387
f 1628/1386/1386 1612/1387/1387 1611/1388/1388
f 1611/1388/1388 1612/1387/1387 1254/1389/1389
f 1611/1388/1388 1254/1389/1389 1253/1390/1390
f 1253/1390/1390 1254/1389/1389 1214/1391/1391
f 1253/1390/1390 1214/1391/1391 1215/1392/1392
f 1215/1392/1392 1214/1391/1391 1312/1355/1355
f 1215/1392/1392 1312/1355/1355 1311/1353/1353
f 401/1393/1393 1170/1394/1394 68/1381/1381
f 68/1381/1381 1170/1394/1394 1174/1395/1395
f 68/1381/1381 1174/1395/1395 1175/1396/1396
f 1175/1396/1396 1174/1395/1395 1621/1397/1397
f 1175/1396/1396 1621/1397/1397 1622/1398/1398
f 1622/1398/1398 1621/1397/1397 1618/1399/1399
f 1622/1398/1398 1618/1399/1399 1617/1400/1400
f 1617/1400/1400 1618/1399/1399 1260/1401/1401
f 1617/1400/1400 1260/1401/1401 1259/1402/1402
f 1259/1402/1402 1260/1401/1401 1208/1403/1403
f 1259/1402/1402 1208/1403/1403 1209/1404/1404
f 1209/1404/1404 1208/1403/1403 1318/1367/1367
f 1209/1404/1404 1318/1367/1367 1317/1365/1365
f 400/1379/1379 1204/1405/1405 401/1393/1393
f 401/1393/1393 1204/1405/1405 1263/1406/1406
f 401/1393/1393 1263/1406/1406 1620/1407/1407
f 1620/1407/1407 1263/1406/1406 1262/1408/1408
f 1620/1407/1407 1262/1408/1408 1619/1409/1409
f 1619/1409/1409 1262/1408/1408 1261/1410/1410
f 1619/1409/1409 1261/1410/1410 1618/1399/1399
f 1618/1399/1399 1261/1410/1410 1260/1401/1401
f 398/1411/1411 1324/1412/1412 399/1380/1380
f 399/1380/1380 1324/1412/1412 1383/1413/1413
f 399/1380/1380 1383/1413/1413 1264/1378/1378
f 1264/1378/1378 1383/1413/1413 1382/1414/1414
f 1264/1378/1378 1382/1414/1414 1265/1376/1376
f 1265/1376/1376 1382/1414/1414 1381/1415/1415
f 1265/1376/1376 1381/1415/1415 1266/1374/1374
f 1266/1374/1374 1381/1415/1415 1380/1416/1416
f 1266/1374/1374 1380/1416/1416 1267/1372/1372
f 1267/1372/1372 1380/1416/1416 1379/1417/1417
f 1267/1372/1372 1379/1417/1417 1268/1370/1370
f 1268/1370/1370 1379/1417/1417 1378/1418/1418
f 1268/1370/1370 1378/1418/1418 1269/1368/1368
f 1269/1368/1368 1378/1418/1418 1377/1419/1419
f 1269/1368/1368 1377/1419/1419 1270/1366/1366
f 1270/1366/1366 1377/1419/1419 1376/1420/1420
f 1270/1366/1366 1376/1420/1420 1271/1364/1364
f 1271/1364/1364 1376/1420/1420 1375/1421/1421
f 1271/1364/1364 1375/1421/1421 1272/1362/1362
f 1272/1362/1362 1375/1421/1421 1374/1422/1422
f 1272/1362/1362 1374/1422/1422 1273/1360/1360
f 1273/1360/1360 1374/1422/1422 1373/1423/1423
f 1273/1360/1360 1373/1423/1423 1274/1358/1358
f 1274/1358/1358 1373/1423/1423 1372/1424/1424
f 1274/1358/1358 1372/1424/1424 1275/1356/1356
f 1275/1356/1356 1372/1424/1424 1371/1425/1425
f 1275/1356/1356 1371/1425/1425 1276/1354/1354
f 1276/1354/1354 1371/1425/1425 1370/1426/1426
f 1276/1354/1354 1370/1426/1426 1277/1352/1352
f 1277/1352/1352 1370/1426/1426 1369/1427/1427
f 1277/1352/1352 1369/1427/1427 1278/1350/1350
f 1278/1350/1350 1369/1427/1427 1368/1428/1428
f 1278/1350/1350 1368/1428/1428 1279/1348/1348
f 1279/1348/1348 1368/1428/1428 1367/1429/1429
f 1279/1348/1348 1367/1429/1429 1280/1346/1346
f 1280/1346/1346 1367/1429/1429 1366/1430/1430
f 1280/1346/1346 1366/1430/1430 1281/1344/1344
f 1281/1344/1344 1366/1430/1430 1365/1431/1431
f 1281/1344/1344 1365/1431/1431 1282/1342/1342
f 1282/1342/1342 1365/1431/1431 1364/1432/1432
f 1282/1342/1342 1364/1432/1432 1283/1340/1340
f 1283/1340/1340 1364/1432/1432 1363/1433/1433
f 1283/1340/1340 1363/1433/1433 1284/1338/1338
f 1284/1338/1338 1363/1433/1433 1362/1434/1434
f 1284/1338/1338 1362/1434/1434 1285/1336/1336
f 1285/1336/1336 1362/1434/1434 1361/1435/1435
f 1285/1336/1336 1361/1435/1435 1286/1334/1334
f 1286/1334/1334 1361/1435/1435 1360/1436/1436
f 1286/1334/1334 1360/1436/1436 1287/1332/1332
f 1287/1332/1332 1360/1436/1436 1359/1437/1437
f 1287/1332/1332 1359/1437/1437 1288/1330/1330
f 1288/1330/1330 1359/1437/1437 1358/1438/1438
f 1288/1330/1330 1358/1438/1438 1289/1328/1328
f 1289/1328/1328 1358/1438/1438 1357/1439/1439
f 1289/1328/1328 1357/1439/1439 1290/1326/1326
f 1290/1326/1326 1357/1439/1439 1356/1440/1440
f 1290/1326/1326 1356/1440/1440 1291/1324/1324
f 1291/1324/1324 1356/1440/1440 1355/1441/1441
f 1291/1324/1324 1355/1441/1441 1292/1322/1322
f 1292/1322/1322 1355/1441/1441 1354/1442/1442
f 1292/1322/1322 1354/1442/1442 1293/1320/1320
f 1293/1320/1320 1354/1442/1442 1166/1443/1443
f 1293/1320/1320 1166/1443/1443 1167/1318/1318
f 1324/1412/1412 398/1411/1411 1384/1444/1444
f 1384/1444/1444 398/1411/1411 397/1445/1445
f 1384/1444/1444 397/1445/1445 1473/1446/1446
f 1473/1446/1446 397/1445/1445 1414/1447/1447
f 1473/1446/1446 1414/1447/1447 1415/1448/1448
f 1415/1448/1448 1414/1447/1447 1475/1449/1449
f 1415/1448/1448 1475/1449/1449 1476/1450/1450
f 1476/1450/1450 1475/1449/1449 1589/1451/1451
f 1476/1450/1450 1589/1451/1451 1588/1452/1452
f 1588/1452/1452 1589/1451/1451 1559/1453/1453
f 1588/1452/1452 1559/1453/1453 1558/1454/1454
f 1558/1454/1454 1559/1453/1453 1507/1455/1455
f 1558/1454/1454 1507/1455/1455 1508/1456/1456
f 1508/1456/1456 1507/1455/1455 384/1457/1457
f 1508/1456/1456 384/1457/1457 383/1458/1458
f 397/1445/1445 396/1459/1459 1414/1447/1447
f 1414/1447/1447 396/1459/1459 1474/1460/1460
f 1414/1447/1447 1474/1460/1460 1475/1449/1449
f 1475/1449/1449 1474/1460/1460 1590/1461/1461
f 1475/1449/1449 1590/1461/1461 1589/1451/1451
f 1589/1451/1451 1590/1461/1461 1560/1462/1462
f 1589/1451/1451 1560/1462/1462 1559/1453/1453
f 1559/1453/1453 1560/1462/1462 1506/1463/1463
f 1559/1453/1453 1506/1463/1463 1507/1455/1455
f 1507/1455/1455 1506/1463/1463 385/1464/1464
f 1507/1455/1455 385/1464/1464 384/1457/1457
f 1474/1460/1460 396/1459/1459 1172/1465/1465
f 1172/1465/1465 396/1459/1459 395/1466/1466
f 1172/1465/1465 395/1466/1466 1562/1467/1467
f 1562/1467/1467 395/1466/1466 1173/1468/1468
f 1562/1467/1467 1173/1468/1468 1504/1469/1469
f 1504/1469/1469 1173/1468/1468 386/1470/1470
f 1504/1469/1469 386/1470/1470 1505/1471/1471
f 1505/1471/1471 386/1470/1470 385/1464/1464
f 1505/1471/1471 385/1464/1464 1506/1463/1463
f 395/1466/1466 296/1472/1000 1173/1468/1468
f 1173/1468/1468 296/1472/1000 387/1473/1472
f 1173/1468/1468 387/1473/1472 386/1470/1470
f 382/1474/1473 1510/1475/1474 383/1458/1458
f 383/1458/1458 1510/1475/1474 1509/1476/1475
f 383/1458/1458 1509/1476/1475 1508/1456/1456
f 1508/1456/1456 1509/1476/1475 1557/1477/1476
f 1508/1456/1456 1557/1477/1476 1558/1454/1454
f 1558/1454/1454 1557/1477/1476 1587/1478/1477
f 1558/1454/1454 1587/1478/1477 1588/1452/1452
f 1588/1452/1452 1587/1478/1477 1477/1479/1478
f 1588/1452/1452 1477/1479/1478 1476/1450/1450
f 1476/1450/1450 1477/1479/1478 1416/1480/1479
f 1476/1450/1450 1416/1480/1479 1415/1448/1448
f 1415/1448/1448 1416/1480/1479 1472/1481/1480
f 1415/1448/1448 1472/1481/1480 1473/1446/1446
f 1473/1446/1446 1472/1481/1480 1384/1444/1444
f 382/1474/1473 381/1482/1481 1510/1475/1474
f 1510/1475/1474 381/1482/1481 1511/1483/1482
f 1510/1475/1474 1511/1483/1482 1555/1484/1483
f 1555/1484/1483 1511/1483/1482 1554/1485/1484
f 1555/1484/1483 1554/1485/1484 1584/1486/1485
f 1584/1486/1485 1554/1485/1484 1583/1487/1486
f 1584/1486/1485 1583/1487/1486 1481/1488/1487
f 1481/1488/1487 1583/1487/1486 1482/1489/1488
f 1481/1488/1487 1482/1489/1488 1421/1490/1489
f 1421/1490/1489 1482/1489/1488 1422/1491/1490
f 1421/1490/1489 1422/1491/1490 1466/1492/1491
f 1466/1492/1491 1422/1491/1490 1465/1493/1492
f 1466/1492/1491 1465/1493/1492 1391/1494/1493
f 1391/1494/1493 1465/1493/1492 1392/1495/1494
f 1391/1494/1493 1392/1495/1494 1331/1496/1495
f 1331/1496/1495 1392/1495/1494 1332/1497/1496
f 1331/1496/1495 1332/1497/1496 1376/1420/1420
f 1376/1420/1420 1332/1497/1496 1375/1421/1421
f 381/1482/1481 380/1498/1497 1511/1483/1482
f 1511/1483/1482 380/1498/1497 1512/1499/1498
f 1511/1483/1482 1512/1499/1498 1554/1485/1484
f 1554/1485/1484 1512/1499/1498 1553/1500/1499
f 1554/1485/1484 1553/1500/1499 1583/1487/1486
f 1583/1487/1486 1553/1500/1499 1582/1501/1500
f 1583/1487/1486 1582/1501/1500 1482/1489/1488
f 1482/1489/1488 1582/1501/1500 1483/1502/1501
f 1482/1489/1488 1483/1502/1501 1422/1491/1490
f 1422/1491/1490 1483/1502/1501 1423/1503/1502
f 1422/1491/1490 1423/1503/1502 1465/1493/1492
f 1465/1493/1492 1423/1503/1502 1464/1504/1503
f 1465/1493/1492 1464/1504/1503 1392/1495/1494
f 1392/1495/1494 1464/1504/1503 1393/1505/1504
f 1392/1495/1494 1393/1505/1504 1332/1497/1496
f 1332/1497/1496 1393/1505/1504 1333/1506/1505
f 1332/1497/1496 1333/1506/1505 1375/1421/1421
f 1375/1421/1421 1333/1506/1505 1374/1422/1422
f 1512/1499/1498 380/1498/1497 1513/1507/1506
f 1513/1507/1506 380/1498/1497 379/1508/1507
f 1513/1507/1506 379/1508/1507 1514/1509/1508
f 1514/1509/1508 379/1508/1507 378/1510/1509
f 1514/1509/1508 378/1510/1509 377/1511/1510
f 1514/1509/1508 377/1511/1510 1515/1512/1511
f 1515/1512/1511 377/1511/1510 376/1513/1512
f 1515/1512/1511 376/1513/1512 1516/1514/1513
f 1516/1514/1513 376/1513/1512 375/1515/1514
f 1516/1514/1513 375/1515/1514 1517/1516/1515
f 1517/1516/1515 375/1515/1514 374/1517/1516
f 1517/1516/1515 374/1517/1516 1518/1518/1517
f 1518/1518/1517 374/1517/1516 1519/1519/1518
f 1518/1518/1517 1519/1519/1518 1547/1520/1519
f 1547/1520/1519 1519/1519/1518 1546/1521/1520
f 1547/1520/1519 1546/1521/1520 1576/1522/1521
f 1576/1522/1521 1546/1521/1520 1575/1523/1522
f 1576/1522/1521 1575/1523/1522 1489/1524/1523
f 1489/1524/1523 1575/1523/1522 1490/1525/1524
f 1489/1524/1523 1490/1525/1524 1429/1526/1525
f 1429/1526/1525 1490/1525/1524 1430/1527/1526
f 1429/1526/1525 1430/1527/1526 1458/1528/1527
f 1458/1528/1527 1430/1527/1526 1457/1529/1528
f 1458/1528/1527 1457/1529/1528 1399/1530/1529
f 1399/1530/1529 1457/1529/1528 1400/1531/1530
f 1399/1530/1529 1400/1531/1530 1339/1532/1531
f 1339/1532/1531 1400/1531/1530 1340/1533/1532
f 1339/1532/1531 1340/1533/1532 1368/1428/1428
f 1368/1428/1428 1340/1533/1532 1367/1429/1429
f 374/1517/1516 373/1534/1533 1519/1519/1518
f 1519/1519/1518 373/1534/1533 1520/1535/1534
f 1519/1519/1518 1520/1535/1534 1546/1521/1520
f 1546/1521/1520 1520/1535/1534 1545/1536/1535
f 1546/1521/1520 1545/1536/1535 1575/1523/1522
f 1575/1523/1522 1545/1536/1535 1574/1537/1536
f 1575/1523/1522 1574/1537/1536 1490/1525/1524
f 1490/1525/1524 1574/1537/1536 1491/1538/1537
f 1490/1525/1524 1491/1538/1537 1430/1527/1526
f 1430/1527/1526 1491/1538/1537 1431/1539/1538
f 1430/1527/1526 1431/1539/1538 1457/1529/1528
f 1457/1529/1528 1431/1539/1538 1456/1540/1539
f 1457/1529/1528 1456/1540/1539 1400/1531/1530
f 1400/1531/1530 1456/1540/1539 1401/1541/1540
f 1400/1531/1530 1401/1541/1540 1340/1533/1532
f 1340/1533/1532 1401/1541/1540 1341/1542/1541
f 1340/1533/1532 1341/1542/1541 1367/1429/1429
f 1367/1429/1429 1341/1542/1541 1366/1430/1430
f 373/1534/1533 372/1543/1542 1520/1535/1534
f 1520/1535/1534 372/1543/1542 1521/1544/1543
f 1520/1535/1534 1521/1544/1543 1545/1536/1535
f 1545/1536/1535 1521/1544/1543 1544/1545/1544
f 1545/1536/1535 1544/1545/1544 1574/1537/1536
f 1574/1537/1536 1544/1545/1544 1573/1546/1545
f 1574/1537/1536 1573/1546/1545 1491/1538/1537
f 1491/1538/1537 1573/1546/1545 1492/1547/1546
f 1491/1538/1537 1492/1547/1546 1431/1539/1538
f 1431/1539/1538 1492/1547/1546 1432/1548/1547
f 1431/1539/1538 1432/1548/1547 1456/1540/1539
f 1456/1540/1539 1432/1548/1547 1455/1549/1548
f 1456/1540/1539 1455/1549/1548 1401/1541/1540
f 1401/1541/1540 1455/1549/1548 1402/1550/1549
f 1401/1541/1540 1402/1550/1549 1341/1542/1541
f 1341/1542/1541 1402/1550/1549 1342/1551/1550
f 1341/1542/1541 1342/1551/1550 1366/1430/1430
f 1366/1430/1430 1342/1551/1550 1365/1431/1431
f 372/1543/1542 371/1552/1551 1521/1544/1543
f 1521/1544/1543 371/1552/1551 370/1553/1552
f 1521/1544/1543 370/1553/1552 1522/1554/1553
f 1522/1554/1553 370/1553/1552 369/1555/1554
f 1522/1554/1553 369/1555/1554 1523/1556/1555
f 1523/1556/1555 369/1555/1554 368/1557/1556
f 1523/1556/1555 368/1557/1556 1524/1558/1557
f 1524/1558/1557 368/1557/1556 367/1559/1558
f 1524/1558/1557 367/1559/1558 366/1560/1559
f 1524/1558/1557 366/1560/1559 1525/1561/1560
f 1525/1561/1560 366/1560/1559 365/1562/1561
f 1525/1561/1560 365/1562/1561 1526/1563/1562
f 1526/1563/1562 365/1562/1561 364/1564/1563
f 1526/1563/1562 364/1564/1563 1527/1565/1564
f 1527/1565/1564 364/1564/1563 363/1566/1565
f 1527/1565/1564 363/1566/1565 1528/1567/1566
f 1528/1567/1566 363/1566/1565 1529/1568/1567
f 1528/1567/1566 1529/1568/1567 1537/1569/1568
f 1537/1569/1568 1529/1568/1567 1536/1570/1569
f 1537/1569/1568 1536/1570/1569 1566/1571/1570
f 1566/1571/1570 1536/1570/1569 1565/1572/1571
f 1566/1571/1570 1565/1572/1571 1499/1573/1572
f 1499/1573/1572 1565/1572/1571 1500/1574/1573
f 1499/1573/1572 1500/1574/1573 1439/1575/1574
f 1439/1575/1574 1500/1574/1573 1440/1576/1575
f 1439/1575/1574 1440/1576/1575 1448/1577/1576
f 1448/1577/1576 1440/1576/1575 1447/1578/1577
f 1448/1577/1576 1447/1578/1577 1409/1579/1578
f 1409/1579/1578 1447/1578/1577 1410/1580/1579
f 1409/1579/1578 1410/1580/1579 1349/1581/1580
f 1349/1581/1580 1410/1580/1579 1350/1582/1581
f 1349/1581/1580 1350/1582/1581 1358/1438/1438
f 1358/1438/1438 1350/1582/1581 1357/1439/1439
f 363/1566/1565 362/1583/1582 1529/1568/1567
f 1529/1568/1567 362/1583/1582 1530/1584/1583
f 1529/1568/1567 1530/1584/1583 1536/1570/1569
f 1536/1570/1569 1530/1584/1583 1535/1585/1584
f 1536/1570/1569 1535/1585/1584 1565/1572/1571
f 1565/1572/1571 1535/1585/1584 1564/1586/1585
f 1565/1572/1571 1564/1586/1585 1500/1574/1573
f 1500/1574/1573 1564/1586/1585 1501/1587/1586
f 1500/1574/1573 1501/1587/1586 1440/1576/1575
f 1440/1576/1575 1501/1587/1586 1441/1588/1587
f 1440/1576/1575 1441/1588/1587 1447/1578/1577
f 1447/1578/1577 1441/1588/1587 1446/1589/1588
f 1447/1578/1577 1446/1589/1588 1410/1580/1579
f 1410/1580/1579 1446/1589/1588 1411/1590/1589
f 1410/1580/1579 1411/1590/1589 1350/1582/1581
f 1350/1582/1581 1411/1590/1589 1351/1591/1590
f 1350/1582/1581 1351/1591/1590 1357/1439/1439
f 1357/1439/1439 1351/1591/1590 1356/1440/1440
f 1530/1584/1583 362/1583/1582 1531/1592/1591
f 1531/1592/1591 362/1583/1582 361/1593/1592
f 1531/1592/1591 361/1593/1592 1532/1594/1593
f 1532/1594/1593 361/1593/1592 360/1595/1594
f 1532/1594/1593 360/1595/1594 1162/1596/1595
f 1163/1597/1596 1171/1598/1597 1162/1596/1595
f 1162/1596/1595 1171/1598/1597 1533/1599/1598
f 1162/1596/1595 1533/1599/1598 1532/1594/1593
f 1532/1594/1593 1533/1599/1598 1534/1600/1599
f 1532/1594/1593 1534/1600/1599 1531/1592/1591
f 1531/1592/1591 1534/1600/1599 1535/1585/1584
f 1531/1592/1591 1535/1585/1584 1530/1584/1583
f 1164/1601/1600 1444/1602/1601 1163/1597/1596
f 1163/1597/1596 1444/1602/1601 1443/1603/1602
f 1163/1597/1596 1443/1603/1602 1503/1604/1603
f 1503/1604/1603 1443/1603/1602 1442/1605/1604
f 1503/1604/1603 1442/1605/1604 1502/1606/1605
f 1502/1606/1605 1442/1605/1604 1441/1588/1587
f 1502/1606/1605 1441/1588/1587 1501/1587/1586
f 1444/1602/1601 1164/1601/1600 1413/1607/1606
f 1413/1607/1606 1164/1601/1600 1165/1608/1607
f 1413/1607/1606 1165/1608/1607 1353/1609/1608
f 1353/1609/1608 1165/1608/1607 1354/1442/1442
f 1353/1609/1608 1354/1442/1442 1355/1441/1441
f 1165/1608/1607 1166/1443/1443 1354/1442/1442
f 141/1307/1307 1169/1610/1609 1168/1317/1317
f 1168/1317/1317 1169/1610/1609 1591/1611/1610
f 1168/1317/1317 1591/1611/1610 1234/1315/1315
f 1234/1315/1315 1591/1611/1610 1592/1313/1313
f 1169/1610/1609 141/1307/1307 1203/1612/1611
f 1203/1612/1611 141/1307/1307 1202/1613/1612
f 1203/1612/1611 1202/1613/1612 1169/1610/1609
f 1169/1610/1609 1202/1613/1612 1648/1614/1613
f 1169/1610/1609 1648/1614/1613 1591/1611/1610
f 1591/1611/1610 1648/1614/1613 1592/1313/1313
f 401/1393/1393 1620/1407/1407 1170/1394/1394
f 1170/1394/1394 1620/1407/1407 1619/1409/1409
f 1170/1394/1394 1619/1409/1409 1621/1397/1397
f 1621/1397/1397 1619/1409/1409 1618/1399/1399
f 400/1379/1379 1323/1377/1377 1204/1405/1405
f 1204/1405/1405 1323/1377/1377 1322/1375/1375
f 1204/1405/1405 1322/1375/1375 1205/1615/1614
f 1205/1615/1614 1322/1375/1375 1321/1373/1373
f 1205/1615/1614 1321/1373/1373 1206/1616/1615
f 1206/1616/1615 1321/1373/1373 1320/1371/1371
f 1206/1616/1615 1320/1371/1371 1207/1617/1616
f 1207/1617/1616 1320/1371/1371 1319/1369/1369
f 1207/1617/1616 1319/1369/1369 1208/1403/1403
f 1208/1403/1403 1319/1369/1369 1318/1367/1367
f 1171/1598/1597 1163/1597/1596 1503/1604/1603
f 1175/1396/1396 1176/1618/1617 68/1381/1381
f 68/1381/1381 1176/1618/1617 1177/1619/1618
f 68/1381/1381 1177/1619/1618 1178/1620/1619
f 1178/1620/1619 1177/1619/1618 1624/1621/1620
f 1178/1620/1619 1624/1621/1620 1625/1622/1621
f 1625/1622/1621 1624/1621/1620 1615/1623/1622
f 1625/1622/1621 1615/1623/1622 1614/1624/1623
f 1614/1624/1623 1615/1623/1622 1257/1625/1624
f 1614/1624/1623 1257/1625/1624 1256/1626/1625
f 1256/1626/1625 1257/1625/1624 1211/1627/1626
f 1256/1626/1625 1211/1627/1626 1212/1628/1627
f 1212/1628/1627 1211/1627/1626 1315/1361/1361
f 1212/1628/1627 1315/1361/1361 1314/1359/1359
f 1170/1394/1394 1621/1397/1397 1174/1395/1395
f 1175/1396/1396 1622/1398/1398 1176/1618/1617
f 1176/1618/1617 1622/1398/1398 1623/1629/1628
f 1176/1618/1617 1623/1629/1628 1177/1619/1618
f 1177/1619/1618 1623/1629/1628 1624/1621/1620
f 1179/1382/1382 68/1381/1381 1178/1620/1619
f 1178/1620/1619 1625/1622/1621 1179/1382/1382
f 1179/1382/1382 1625/1622/1621 1626/1630/1629
f 1179/1382/1382 1626/1630/1629 1180/1383/1383
f 1180/1383/1383 1626/1630/1629 1627/1385/1385
f 1181/1384/1384 1182/1631/1630 295/1305/1305
f 295/1305/1305 1182/1631/1630 1183/1632/1631
f 295/1305/1305 1183/1632/1631 1184/1633/1632
f 1184/1633/1632 1183/1632/1631 1630/1634/1633
f 1184/1633/1632 1630/1634/1633 1631/1635/1634
f 1631/1635/1634 1630/1634/1633 1609/1636/1635
f 1631/1635/1634 1609/1636/1635 1608/1637/1636
f 1608/1637/1636 1609/1636/1635 1251/1638/1637
f 1608/1637/1636 1251/1638/1637 1250/1639/1638
f 1250/1639/1638 1251/1638/1637 1217/1640/1639
f 1250/1639/1638 1217/1640/1639 1218/1641/1640
f 1218/1641/1640 1217/1640/1639 1309/1349/1349
f 1218/1641/1640 1309/1349/1349 1308/1347/1347
f 1181/1384/1384 1628/1386/1386 1182/1631/1630
f 1182/1631/1630 1628/1386/1386 1629/1642/1641
f 1182/1631/1630 1629/1642/1641 1183/1632/1631
f 1183/1632/1631 1629/1642/1641 1630/1634/1633
f 1184/1633/1632 1185/1643/1642 295/1305/1305
f 295/1305/1305 1185/1643/1642 1186/1644/1643
f 295/1305/1305 1186/1644/1643 1187/1645/1644
f 1187/1645/1644 1186/1644/1643 1633/1646/1645
f 1187/1645/1644 1633/1646/1645 1634/1647/1646
f 1634/1647/1646 1633/1646/1645 1606/1648/1647
f 1634/1647/1646 1606/1648/1647 1605/1649/1648
f 1605/1649/1648 1606/1648/1647 1248/1650/1649
f 1605/1649/1648 1248/1650/1649 1247/1651/1650
f 1247/1651/1650 1248/1650/1649 1220/1652/1651
f 1247/1651/1650 1220/1652/1651 1221/1653/1652
f 1221/1653/1652 1220/1652/1651 1306/1343/1343
f 1221/1653/1652 1306/1343/1343 1305/1341/1341
f 1184/1633/1632 1631/1635/1634 1185/1643/1642
f 1185/1643/1642 1631/1635/1634 1632/1654/1653
f 1185/1643/1642 1632/1654/1653 1186/1644/1643
f 1186/1644/1643 1632/1654/1653 1633/1646/1645
f 1187/1645/1644 1188/1655/1654 295/1305/1305
f 295/1305/1305 1188/1655/1654 1189/1656/1655
f 295/1305/1305 1189/1656/1655 1190/1657/1656
f 1190/1657/1656 1189/1656/1655 1636/1658/1657
f 1190/1657/1656 1636/1658/1657 1637/1659/1658
f 1637/1659/1658 1636/1658/1657 1603/1660/1659
f 1637/1659/1658 1603/1660/1659 1602/1661/1660
f 1602/1661/1660 1603/1660/1659 1245/1662/1661
f 1602/1661/1660 1245/1662/1661 1244/1663/1662
f 1244/1663/1662 1245/1662/1661 1223/1664/1663
f 1244/1663/1662 1223/1664/1663 1224/1665/1664
f 1224/1665/1664 1223/1664/1663 1303/1337/1337
f 1224/1665/1664 1303/1337/1337 1302/1335/1335
f 1187/1645/1644 1634/1647/1646 1188/1655/1654
f 1188/1655/1654 1634/1647/1646 1635/1666/1665
f 1188/1655/1654 1635/1666/1665 1189/1656/1655
f 1189/1656/1655 1635/1666/1665 1636/1658/1657
f 1190/1657/1656 1191/1667/1666 295/1305/1305
f 295/1305/1305 1191/1667/1666 1192/1668/1667
f 295/1305/1305 1192/1668/1667 1193/1669/1668
f 1193/1669/1668 1192/1668/1667 1639/1670/1669
f 1193/1669/1668 1639/1670/1669 1640/1671/1670
f 1640/1671/1670 1639/1670/1669 1600/1672/1671
f 1640/1671/1670 1600/1672/1671 1599/1673/1672
f 1599/1673/1672 1600/1672/1671 1242/1674/1673
f 1599/1673/1672 1242/1674/1673 1241/1675/1674
f 1241/1675/1674 1242/1674/1673 1226/1676/1675
f 1241/1675/1674 1226/1676/1675 1227/1677/1676
f 1227/1677/1676 1226/1676/1675 1300/1331/1331
f 1227/1677/1676 1300/1331/1331 1299/1329/1329
f 1190/1657/1656 1637/1659/1658 1191/1667/1666
f 1191/1667/1666 1637/1659/1658 1638/1678/1677
f 1191/1667/1666 1638/1678/1677 1192/1668/1667
f 1192/1668/1667 1638/1678/1677 1639/1670/1669
f 1193/1669/1668 1194/1679/1678 295/1305/1305
f 295/1305/1305 1194/1679/1678 1195/1680/1679
f 295/1305/1305 1195/1680/1679 1196/1681/1680
f 1196/1681/1680 1195/1680/1679 1642/1682/1681
f 1196/1681/1680 1642/1682/1681 1643/1683/1682
f 1643/1683/1682 1642/1682/1681 1597/1684/1683
f 1643/1683/1682 1597/1684/1683 1596/1685/1684
f 1596/1685/1684 1597/1684/1683 1239/1686/1685
f 1596/1685/1684 1239/1686/1685 1238/1687/1686
f 1238/1687/1686 1239/1686/1685 1229/1688/1687
f 1238/1687/1686 1229/1688/1687 1230/1689/1688
f 1230/1689/1688 1229/1688/1687 1297/1325/1325
f 1230/1689/1688 1297/1325/1325 1296/1323/1323
f 1193/1669/1668 1640/1671/1670 1194/1679/1678
f 1194/1679/1678 1640/1671/1670 1641/1690/1689
f 1194/1679/1678 1641/1690/1689 1195/1680/1679
f 1195/1680/1679 1641/1690/1689 1642/1682/1681
f 1198/1306/1306 295/1305/1305 1197/1691/1690
f 1197/1691/1690 295/1305/1305 1196/1681/1680
f 1197/1691/1690 1196/1681/1680 1643/1683/1682
f 1198/1306/1306 1197/1691/1690 1644/1692/1691
f 1644/1692/1691 1197/1691/1690 1643/1683/1682
f 1644/1692/1691 1643/1683/1682 1596/1685/1684
f 1199/1308/1308 1198/1306/1306 1645/1693/1692
f 1645/1693/1692 1198/1306/1306 1644/1692/1691
f 1645/1693/1692 1644/1692/1691 1595/1694/1693
f 1595/1694/1693 1644/1692/1691 1596/1685/1684
f 1595/1694/1693 1596/1685/1684 1238/1687/1686
f 1202/1613/1612 141/1307/1307 1201/1695/1694
f 1201/1695/1694 141/1307/1307 1200/1309/1309
f 1201/1695/1694 1200/1309/1309 1647/1311/1311
f 1648/1614/1613 1202/1613/1612 1201/1695/1694
f 1648/1614/1613 1201/1695/1694 1647/1311/1311
f 1262/1408/1408 1263/1406/1406 1205/1615/1614
f 1205/1615/1614 1263/1406/1406 1204/1405/1405
f 1261/1410/1410 1262/1408/1408 1206/1616/1615
f 1206/1616/1615 1262/1408/1408 1205/1615/1614
f 1260/1401/1401 1261/1410/1410 1207/1617/1616
f 1207/1617/1616 1261/1410/1410 1206/1616/1615
f 1207/1617/1616 1208/1403/1403 1260/1401/1401
f 1209/1404/1404 1210/1696/1695 1258/1697/1696
f 1258/1697/1696 1210/1696/1695 1257/1625/1624
f 1258/1697/1696 1257/1625/1624 1615/1623/1622
f 1257/1625/1624 1210/1696/1695 1211/1627/1626
f 1211/1627/1626 1210/1696/1695 1316/1363/1363
f 1211/1627/1626 1316/1363/1363 1315/1361/1361
f 1316/1363/1363 1210/1696/1695 1317/1365/1365
f 1317/1365/1365 1210/1696/1695 1209/1404/1404
f 1212/1628/1627 1213/1698/1697 1255/1699/1698
f 1255/1699/1698 1213/1698/1697 1254/1389/1389
f 1255/1699/1698 1254/1389/1389 1612/1387/1387
f 1254/1389/1389 1213/1698/1697 1214/1391/1391
f 1214/1391/1391 1213/1698/1697 1313/1357/1357
f 1214/1391/1391 1313/1357/1357 1312/1355/1355
f 1313/1357/1357 1213/1698/1697 1314/1359/1359
f 1314/1359/1359 1213/1698/1697 1212/1628/1627
f 1215/1392/1392 1216/1700/1699 1252/1701/1700
f 1252/1701/1700 1216/1700/1699 1251/1638/1637
f 1252/1701/1700 1251/1638/1637 1609/1636/1635
f 1251/1638/1637 1216/1700/1699 1217/1640/1639
f 1217/1640/1639 1216/1700/1699 1310/1351/1351
f 1217/1640/1639 1310/1351/1351 1309/1349/1349
f 1310/1351/1351 1216/1700/1699 1311/1353/1353
f 1311/1353/1353 1216/1700/1699 1215/1392/1392
f 1218/1641/1640 1219/1702/1701 1249/1703/1702
f 1249/1703/1702 1219/1702/1701 1248/1650/1649
f 1249/1703/1702 1248/1650/1649 1606/1648/1647
f 1248/1650/1649 1219/1702/1701 1220/1652/1651
f 1220/1652/1651 1219/1702/1701 1307/1345/1345
f 1220/1652/1651 1307/1345/1345 1306/1343/1343
f 1307/1345/1345 1219/1702/1701 1308/1347/1347
f 1308/1347/1347 1219/1702/1701 1218/1641/1640
f 1221/1653/1652 1222/1704/1703 1246/1705/1704
f 1246/1705/1704 1222/1704/1703 1245/1662/1661
f 1246/1705/1704 1245/1662/1661 1603/1660/1659
f 1245/1662/1661 1222/1704/1703 1223/1664/1663
f 1223/1664/1663 1222/1704/1703 1304/1339/1339
f 1223/1664/1663 1304/1339/1339 1303/1337/1337
f 1304/1339/1339 1222/1704/1703 1305/1341/1341
f 1305/1341/1341 1222/1704/1703 1221/1653/1652
f 1224/1665/1664 1225/1706/1705 1243/1707/1706
f 1243/1707/1706 1225/1706/1705 1242/1674/1673
f 1243/1707/1706 1242/1674/1673 1600/1672/1671
f 1242/1674/1673 1225/1706/1705 1226/1676/1675
f 1226/1676/1675 1225/1706/1705 1301/1333/1333
f 1226/1676/1675 1301/1333/1333 1300/1331/1331
f 1301/1333/1333 1225/1706/1705 1302/1335/1335
f 1302/1335/1335 1225/1706/1705 1224/1665/1664
f 1227/1677/1676 1228/1708/1707 1240/1709/1708
f 1240/1709/1708 1228/1708/1707 1239/1686/1685
f 1240/1709/1708 1239/1686/1685 1597/1684/1683
f 1239/1686/1685 1228/1708/1707 1229/1688/1687
f 1229/1688/1687 1228/1708/1707 1298/1327/1327
f 1229/1688/1687 1298/1327/1327 1297/1325/1325
f 1298/1327/1327 1228/1708/1707 1299/1329/1329
f 1299/1329/1329 1228/1708/1707 1227/1677/1676
f 1230/1689/1688 1231/1710/1709 1237/1711/1710
f 1237/1711/1710 1231/1710/1709 1236/1712/1711
f 1237/1711/1710 1236/1712/1711 1594/1713/1712
f 1594/1713/1712 1236/1712/1711 1593/1312/1312
f 1594/1713/1712 1593/1312/1312 1646/1310/1310
f 1231/1710/1709 1232/1714/1713 1236/1712/1711
f 1236/1712/1711 1232/1714/1713 1235/1314/1314
f 1236/1712/1711 1235/1314/1314 1593/1312/1312
f 1230/1689/1688 1296/1323/1323 1231/1710/1709
f 1231/1710/1709 1296/1323/1323 1295/1321/1321
f 1231/1710/1709 1295/1321/1321 1232/1714/1713
f 1232/1714/1713 1295/1321/1321 1294/1319/1319
f 1232/1714/1713 1294/1319/1319 1233/1316/1316
f 1232/1714/1713 1233/1316/1316 1235/1314/1314
f 1595/1694/1693 1238/1687/1686 1237/1711/1710
f 1237/1711/1710 1238/1687/1686 1230/1689/1688
f 1595/1694/1693 1237/1711/1710 1594/1713/1712
f 1227/1677/1676 1240/1709/1708 1241/1675/1674
f 1241/1675/1674 1240/1709/1708 1598/1715/1714
f 1241/1675/1674 1598/1715/1714 1599/1673/1672
f 1599/1673/1672 1598/1715/1714 1641/1690/1689
f 1599/1673/1672 1641/1690/1689 1640/1671/1670
f 1598/1715/1714 1240/1709/1708 1597/1684/1683
f 1224/1665/1664 1243/1707/1706 1244/1663/1662
f 1244/1663/1662 1243/1707/1706 1601/1716/1715
f 1244/1663/1662 1601/1716/1715 1602/1661/1660
f 1602/1661/1660 1601/1716/1715 1638/1678/1677
f 1602/1661/1660 1638/1678/1677 1637/1659/1658
f 1601/1716/1715 1243/1707/1706 1600/1672/1671
f 1221/1653/1652 1246/1705/1704 1247/1651/1650
f 1247/1651/1650 1246/1705/1704 1604/1717/1716
f 1247/1651/1650 1604/1717/1716 1605/1649/1648
f 1605/1649/1648 1604/1717/1716 1635/1666/1665
f 1605/1649/1648 1635/1666/1665 1634/1647/1646
f 1604/1717/1716 1246/1705/1704 1603/1660/1659
f 1218/1641/1640 1249/1703/1702 1250/1639/1638
f 1250/1639/1638 1249/1703/1702 1607/1718/1717
f 1250/1639/1638 1607/1718/1717 1608/1637/1636
f 1608/1637/1636 1607/1718/1717 1632/1654/1653
f 1608/1637/1636 1632/1654/1653 1631/1635/1634
f 1607/1718/1717 1249/1703/1702 1606/1648/1647
f 1215/1392/1392 1252/1701/1700 1253/1390/1390
f 1253/1390/1390 1252/1701/1700 1610/1719/1718
f 1253/1390/1390 1610/1719/1718 1611/1388/1388
f 1611/1388/1388 1610/1719/1718 1629/1642/1641
f 1611/1388/1388 1629/1642/1641 1628/1386/1386
f 1610/1719/1718 1252/1701/1700 1609/1636/1635
f 1212/1628/1627 1255/1699/1698 1256/1626/1625
f 1256/1626/1625 1255/1699/1698 1613/1720/1719
f 1256/1626/1625 1613/1720/1719 1614/1624/1623
f 1614/1624/1623 1613/1720/1719 1626/1630/1629
f 1614/1624/1623 1626/1630/1629 1625/1622/1621
f 1613/1720/1719 1255/1699/1698 1612/1387/1387
f 1209/1404/1404 1258/1697/1696 1259/1402/1402
f 1259/1402/1402 1258/1697/1696 1616/1721/1720
f 1259/1402/1402 1616/1721/1720 1617/1400/1400
f 1617/1400/1400 1616/1721/1720 1623/1629/1628
f 1617/1400/1400 1623/1629/1628 1622/1398/1398
f 1616/1721/1720 1258/1697/1696 1615/1623/1622
f 1382/1414/1414 1383/1413/1413 1325/1722/1721
f 1325/1722/1721 1383/1413/1413 1324/1412/1412
f 1325/1722/1721 1324/1412/1412 1385/1723/1722
f 1385/1723/1722 1324/1412/1412 1384/1444/1444
f 1385/1723/1722 1384/1444/1444 1472/1481/1480
f 1381/1415/1415 1382/1414/1414 1326/1724/1723
f 1326/1724/1723 1382/1414/1414 1325/1722/1721
f 1326/1724/1723 1325/1722/1721 1386/1725/1724
f 1386/1725/1724 1325/1722/1721 1385/1723/1722
f 1386/1725/1724 1385/1723/1722 1471/1726/1725
f 1471/1726/1725 1385/1723/1722 1472/1481/1480
f 1471/1726/1725 1472/1481/1480 1416/1480/1479
f 1380/1416/1416 1381/1415/1415 1327/1727/1726
f 1327/1727/1726 1381/1415/1415 1326/1724/1723
f 1327/1727/1726 1326/1724/1723 1387/1728/1727
f 1387/1728/1727 1326/1724/1723 1386/1725/1724
f 1387/1728/1727 1386/1725/1724 1470/1729/1728
f 1470/1729/1728 1386/1725/1724 1471/1726/1725
f 1470/1729/1728 1471/1726/1725 1417/1730/1729
f 1417/1730/1729 1471/1726/1725 1416/1480/1479
f 1417/1730/1729 1416/1480/1479 1477/1479/1478
f 1379/1417/1417 1380/1416/1416 1328/1731/1730
f 1328/1731/1730 1380/1416/1416 1327/1727/1726
f 1328/1731/1730 1327/1727/1726 1388/1732/1731
f 1388/1732/1731 1327/1727/1726 1387/1728/1727
f 1388/1732/1731 1387/1728/1727 1469/1733/1732
f 1469/1733/1732 1387/1728/1727 1470/1729/1728
f 1469/1733/1732 1470/1729/1728 1418/1734/1733
f 1418/1734/1733 1470/1729/1728 1417/1730/1729
f 1418/1734/1733 1417/1730/1729 1478/1735/1734
f 1478/1735/1734 1417/1730/1729 1477/1479/1478
f 1478/1735/1734 1477/1479/1478 1587/1478/1477
f 1378/1418/1418 1379/1417/1417 1329/1736/1735
f 1329/1736/1735 1379/1417/1417 1328/1731/1730
f 1329/1736/1735 1328/1731/1730 1389/1737/1736
f 1389/1737/1736 1328/1731/1730 1388/1732/1731
f 1389/1737/1736 1388/1732/1731 1468/1738/1737
f 1468/1738/1737 1388/1732/1731 1469/1733/1732
f 1468/1738/1737 1469/1733/1732 1419/1739/1738
f 1419/1739/1738 1469/1733/1732 1418/1734/1733
f 1419/1739/1738 1418/1734/1733 1479/1740/1739
f 1479/1740/1739 1418/1734/1733 1478/1735/1734
f 1479/1740/1739 1478/1735/1734 1586/1741/1740
f 1586/1741/1740 1478/1735/1734 1587/1478/1477
f 1586/1741/1740 1587/1478/1477 1557/1477/1476
f 1377/1419/1419 1378/1418/1418 1330/1742/1741
f 1330/1742/1741 1378/1418/1418 1329/1736/1735
f 1330/1742/1741 1329/1736/1735 1390/1743/1742
f 1390/1743/1742 1329/1736/1735 1389/1737/1736
f 1390/1743/1742 1389/1737/1736 1467/1744/1743
f 1467/1744/1743 1389/1737/1736 1468/1738/1737
f 1467/1744/1743 1468/1738/1737 1420/1745/1744
f 1420/1745/1744 1468/1738/1737 1419/1739/1738
f 1420/1745/1744 1419/1739/1738 1480/1746/1745
f 1480/1746/1745 1419/1739/1738 1479/1740/1739
f 1480/1746/1745 1479/1740/1739 1585/1747/1746
f 1585/1747/1746 1479/1740/1739 1586/1741/1740
f 1585/1747/1746 1586/1741/1740 1556/1748/1747
f 1556/1748/1747 1586/1741/1740 1557/1477/1476
f 1556/1748/1747 1557/1477/1476 1509/1476/1475
f 1376/1420/1420 1377/1419/1419 1331/1496/1495
f 1331/1496/1495 1377/1419/1419 1330/1742/1741
f 1331/1496/1495 1330/1742/1741 1391/1494/1493
f 1391/1494/1493 1330/1742/1741 1390/1743/1742
f 1391/1494/1493 1390/1743/1742 1466/1492/1491
f 1466/1492/1491 1390/1743/1742 1467/1744/1743
f 1466/1492/1491 1467/1744/1743 1421/1490/1489
f 1421/1490/1489 1467/1744/1743 1420/1745/1744
f 1421/1490/1489 1420/1745/1744 1481/1488/1487
f 1481/1488/1487 1420/1745/1744 1480/1746/1745
f 1481/1488/1487 1480/1746/1745 1584/1486/1485
f 1584/1486/1485 1480/1746/1745 1585/1747/1746
f 1584/1486/1485 1585/1747/1746 1555/1484/1483
f 1555/1484/1483 1585/1747/1746 1556/1748/1747
f 1555/1484/1483 1556/1748/1747 1510/1475/1474
f 1510/1475/1474 1556/1748/1747 1509/1476/1475
f 1373/1423/1423 1374/1422/1422 1334/1749/1748
f 1334/1749/1748 1374/1422/1422 1333/1506/1505
f 1334/1749/1748 1333/1506/1505 1394/1750/1749
f 1394/1750/1749 1333/1506/1505 1393/1505/1504
f 1394/1750/1749 1393/1505/1504 1463/1751/1750
f 1463/1751/1750 1393/1505/1504 1464/1504/1503
f 1463/1751/1750 1464/1504/1503 1424/1752/1751
f 1424/1752/1751 1464/1504/1503 1423/1503/1502
f 1424/1752/1751 1423/1503/1502 1484/1753/1752
f 1484/1753/1752 1423/1503/1502 1483/1502/1501
f 1484/1753/1752 1483/1502/1501 1581/1754/1753
f 1581/1754/1753 1483/1502/1501 1582/1501/1500
f 1581/1754/1753 1582/1501/1500 1552/1755/1754
f 1552/1755/1754 1582/1501/1500 1553/1500/1499
f 1552/1755/1754 1553/1500/1499 1513/1507/1506
f 1513/1507/1506 1553/1500/1499 1512/1499/1498
f 1372/1424/1424 1373/1423/1423 1335/1756/1755
f 1335/1756/1755 1373/1423/1423 1334/1749/1748
f 1335/1756/1755 1334/1749/1748 1395/1757/1756
f 1395/1757/1756 1334/1749/1748 1394/1750/1749
f 1395/1757/1756 1394/1750/1749 1462/1758/1757
f 1462/1758/1757 1394/1750/1749 1463/1751/1750
f 1462/1758/1757 1463/1751/1750 1425/1759/1758
f 1425/1759/1758 1463/1751/1750 1424/1752/1751
f 1425/1759/1758 1424/1752/1751 1485/1760/1759
f 1485/1760/1759 1424/1752/1751 1484/1753/1752
f 1485/1760/1759 1484/1753/1752 1580/1761/1760
f 1580/1761/1760 1484/1753/1752 1581/1754/1753
f 1580/1761/1760 1581/1754/1753 1551/1762/1761
f 1551/1762/1761 1581/1754/1753 1552/1755/1754
f 1551/1762/1761 1552/1755/1754 1514/1509/1508
f 1514/1509/1508 1552/1755/1754 1513/1507/1506
f 1371/1425/1425 1372/1424/1424 1336/1763/1762
f 1336/1763/1762 1372/1424/1424 1335/1756/1755
f 1336/1763/1762 1335/1756/1755 1396/1764/1763
f 1396/1764/1763 1335/1756/1755 1395/1757/1756
f 1396/1764/1763 1395/1757/1756 1461/1765/1764
f 1461/1765/1764 1395/1757/1756 1462/1758/1757
f 1461/1765/1764 1462/1758/1757 1426/1766/1765
f 1426/1766/1765 1462/1758/1757 1425/1759/1758
f 1426/1766/1765 1425/1759/1758 1486/1767/1766
f 1486/1767/1766 1425/1759/1758 1485/1760/1759
f 1486/1767/1766 1485/1760/1759 1579/1768/1767
f 1579/1768/1767 1485/1760/1759 1580/1761/1760
f 1579/1768/1767 1580/1761/1760 1550/1769/1768
f 1550/1769/1768 1580/1761/1760 1551/1762/1761
f 1550/1769/1768 1551/1762/1761 1515/1512/1511
f 1515/1512/1511 1551/1762/1761 1514/1509/1508
f 1370/1426/1426 1371/1425/1425 1337/1770/1769
f 1337/1770/1769 1371/1425/1425 1336/1763/1762
f 1337/1770/1769 1336/1763/1762 1397/1771/1770
f 1397/1771/1770 1336/1763/1762 1396/1764/1763
f 1397/1771/1770 1396/1764/1763 1460/1772/1771
f 1460/1772/1771 1396/1764/1763 1461/1765/1764
f 1460/1772/1771 1461/1765/1764 1427/1773/1772
f 1427/1773/1772 1461/1765/1764 1426/1766/1765
f 1427/1773/1772 1426/1766/1765 1487/1774/1773
f 1487/1774/1773 1426/1766/1765 1486/1767/1766
f 1487/1774/1773 1486/1767/1766 1578/1775/1774
f 1578/1775/1774 1486/1767/1766 1579/1768/1767
f 1578/1775/1774 1579/1768/1767 1549/1776/1775
f 1549/1776/1775 1579/1768/1767 1550/1769/1768
f 1549/1776/1775 1550/1769/1768 1516/1514/1513
f 1516/1514/1513 1550/1769/1768 1515/1512/1511
f 1369/1427/1427 1370/1426/1426 1338/1777/1776
f 1338/1777/1776 1370/1426/1426 1337/1770/1769
f 1338/1777/1776 1337/1770/1769 1398/1778/1777
f 1398/1778/1777 1337/1770/1769 1397/1771/1770
f 1398/1778/1777 1397/1771/1770 1459/1779/1778
f 1459/1779/1778 1397/1771/1770 1460/1772/1771
f 1459/1779/1778 1460/1772/1771 1428/1780/1779
f 1428/1780/1779 1460/1772/1771 1427/1773/1772
f 1428/1780/1779 1427/1773/1772 1488/1781/1780
f 1488/1781/1780 1427/1773/1772 1487/1774/1773
f 1488/1781/1780 1487/1774/1773 1577/1782/1781
f 1577/1782/1781 1487/1774/1773 1578/1775/1774
f 1577/1782/1781 1578/1775/1774 1548/1783/1782
f 1548/1783/1782 1578/1775/1774 1549/1776/1775
f 1548/1783/1782 1549/1776/1775 1517/1516/1515
f 1517/1516/1515 1549/1776/1775 1516/1514/1513
f 1368/1428/1428 1369/1427/1427 1339/1532/1531
f 1339/1532/1531 1369/1427/1427 1338/1777/1776
f 1339/1532/1531 1338/1777/1776 1399/1530/1529
f 1399/1530/1529 1338/1777/1776 1398/1778/1777
f 1399/1530/1529 1398/1778/1777 1458/1528/1527
f 1458/1528/1527 1398/1778/1777 1459/1779/1778
f 1458/1528/1527 1459/1779/1778 1429/1526/1525
f 1429/1526/1525 1459/1779/1778 1428/1780/1779
f 1429/1526/1525 1428/1780/1779 1489/1524/1523
f 1489/1524/1523 1428/1780/1779 1488/1781/1780
f 1489/1524/1523 1488/1781/1780 1576/1522/1521
f 1576/1522/1521 1488/1781/1780 1577/1782/1781
f 1576/1522/1521 1577/1782/1781 1547/1520/1519
f 1547/1520/1519 1577/1782/1781 1548/1783/1782
f 1547/1520/1519 1548/1783/1782 1518/1518/1517
f 1518/1518/1517 1548/1783/1782 1517/1516/1515
f 1364/1432/1432 1365/1431/1431 1343/1784/1783
f 1343/1784/1783 1365/1431/1431 1342/1551/1550
f 1343/1784/1783 1342/1551/1550 1403/1785/1784
f 1403/1785/1784 1342/1551/1550 1402/1550/1549
f 1403/1785/1784 1402/1550/1549 1454/1786/1785
f 1454/1786/1785 1402/1550/1549 1455/1549/1548
f 1454/1786/1785 1455/1549/1548 1433/1787/1786
f 1433/1787/1786 1455/1549/1548 1432/1548/1547
f 1433/1787/1786 1432/1548/1547 1493/1788/1787
f 1493/1788/1787 1432/1548/1547 1492/1547/1546
f 1493/1788/1787 1492/1547/1546 1572/1789/1788
f 1572/1789/1788 1492/1547/1546 1573/1546/1545
f 1572/1789/1788 1573/1546/1545 1543/1790/1789
f 1543/1790/1789 1573/1546/1545 1544/1545/1544
f 1543/1790/1789 1544/1545/1544 1522/1554/1553
f 1522/1554/1553 1544/1545/1544 1521/1544/1543
f 1363/1433/1433 1364/1432/1432 1344/1791/1790
f 1344/1791/1790 1364/1432/1432 1343/1784/1783
f 1344/1791/1790 1343/1784/1783 1404/1792/1791
f 1404/1792/1791 1343/1784/1783 1403/1785/1784
f 1404/1792/1791 1403/1785/1784 1453/1793/1792
f 1453/1793/1792 1403/1785/1784 1454/1786/1785
f 1453/1793/1792 1454/1786/1785 1434/1794/1793
f 1434/1794/1793 1454/1786/1785 1433/1787/1786
f 1434/1794/1793 1433/1787/1786 1494/1795/1794
f 1494/1795/1794 1433/1787/1786 1493/1788/1787
f 1494/1795/1794 1493/1788/1787 1571/1796/1795
f 1571/1796/1795 1493/1788/1787 1572/1789/1788
f 1571/1796/1795 1572/1789/1788 1542/1797/1796
f 1542/1797/1796 1572/1789/1788 1543/1790/1789
f 1542/1797/1796 1543/1790/1789 1523/1556/1555
f 1523/1556/1555 1543/1790/1789 1522/1554/1553
f 1362/1434/1434 1363/1433/1433 1345/1798/1797
f 1345/1798/1797 1363/1433/1433 1344/1791/1790
f 1345/1798/1797 1344/1791/1790 1405/1799/1798
f 1405/1799/1798 1344/1791/1790 1404/1792/1791
f 1405/1799/1798 1404/1792/1791 1452/1800/1799
f 1452/1800/1799 1404/1792/1791 1453/1793/1792
f 1452/1800/1799 1453/1793/1792 1435/1801/1800
f 1435/1801/1800 1453/1793/1792 1434/1794/1793
f 1435/1801/1800 1434/1794/1793 1495/1802/1801
f 1495/1802/1801 1434/1794/1793 1494/1795/1794
f 1495/1802/1801 1494/1795/1794 1570/1803/1802
f 1570/1803/1802 1494/1795/1794 1571/1796/1795
f 1570/1803/1802 1571/1796/1795 1541/1804/1803
f 1541/1804/1803 1571/1796/1795 1542/1797/1796
f 1541/1804/1803 1542/1797/1796 1524/1558/1557
f 1524/1558/1557 1542/1797/1796 1523/1556/1555
f 1361/1435/1435 1362/1434/1434 1346/1805/1804
f 1346/1805/1804 1362/1434/1434 1345/1798/1797
f 1346/1805/1804 1345/1798/1797 1406/1806/1805
f 1406/1806/1805 1345/1798/1797 1405/1799/1798
f 1406/1806/1805 1405/1799/1798 1451/1807/1806
f 1451/1807/1806 1405/1799/1798 1452/1800/1799
f 1451/1807/1806 1452/1800/1799 1436/1808/1807
f 1436/1808/1807 1452/1800/1799 1435/1801/1800
f 1436/1808/1807 1435/1801/1800 1496/1809/1808
f 1496/1809/1808 1435/1801/1800 1495/1802/1801
f 1496/1809/1808 1495/1802/1801 1569/1810/1809
f 1569/1810/1809 1495/1802/1801 1570/1803/1802
f 1569/1810/1809 1570/1803/1802 1540/1811/1810
f 1540/1811/1810 1570/1803/1802 1541/1804/1803
f 1540/1811/1810 1541/1804/1803 1525/1561/1560
f 1525/1561/1560 1541/1804/1803 1524/1558/1557
f 1360/1436/1436 1361/1435/1435 1347/1812/1811
f 1347/1812/1811 1361/1435/1435 1346/1805/1804
f 1347/1812/1811 1346/1805/1804 1407/1813/1812
f 1407/1813/1812 1346/1805/1804 1406/1806/1805
f 1407/1813/1812 1406/1806/1805 1450/1814/1813
f 1450/1814/1813 1406/1806/1805 1451/1807/1806
f 1450/1814/1813 1451/1807/1806 1437/1815/1814
f 1437/1815/1814 1451/1807/1806 1436/1808/1807
f 1437/1815/1814 1436/1808/1807 1497/1816/1815
f 1497/1816/1815 1436/1808/1807 1496/1809/1808
f 1497/1816/1815 1496/1809/1808 1568/1817/1816
f 1568/1817/1816 1496/1809/1808 1569/1810/1809
f 1568/1817/1816 1569/1810/1809 1539/1818/1817
f 1539/1818/1817 1569/1810/1809 1540/1811/1810
f 1539/1818/1817 1540/1811/1810 1526/1563/1562
f 1526/1563/1562 1540/1811/1810 1525/1561/1560
f 1359/1437/1437 1360/1436/1436 1348/1819/1818
f 1348/1819/1818 1360/1436/1436 1347/1812/1811
f 1348/1819/1818 1347/1812/1811 1408/1820/1819
f 1408/1820/1819 1347/1812/1811 1407/1813/1812
f 1408/1820/1819 1407/1813/1812 1449/1821/1820
f 1449/1821/1820 1407/1813/1812 1450/1814/1813
f 1449/1821/1820 1450/1814/1813 1438/1822/1821
f 1438/1822/1821 1450/1814/1813 1437/1815/1814
f 1438/1822/1821 1437/1815/1814 1498/1823/1822
f 1498/1823/1822 1437/1815/1814 1497/1816/1815
f 1498/1823/1822 1497/1816/1815 1567/1824/1823
f 1567/1824/1823 1497/1816/1815 1568/1817/1816
f 1567/1824/1823 1568/1817/1816 1538/1825/1824
f 1538/1825/1824 1568/1817/1816 1539/1818/1817
f 1538/1825/1824 1539/1818/1817 1527/1565/1564
f 1527/1565/1564 1539/1818/1817 1526/1563/1562
f 1358/1438/1438 1359/1437/1437 1349/1581/1580
f 1349/1581/1580 1359/1437/1437 1348/1819/1818
f 1349/1581/1580 1348/1819/1818 1409/1579/1578
f 1409/1579/1578 1348/1819/1818 1408/1820/1819
f 1409/1579/1578 1408/1820/1819 1448/1577/1576
f 1448/1577/1576 1408/1820/1819 1449/1821/1820
f 1448/1577/1576 1449/1821/1820 1439/1575/1574
f 1439/1575/1574 1449/1821/1820 1438/1822/1821
f 1439/1575/1574 1438/1822/1821 1499/1573/1572
f 1499/1573/1572 1438/1822/1821 1498/1823/1822
f 1499/1573/1572 1498/1823/1822 1566/1571/1570
f 1566/1571/1570 1498/1823/1822 1567/1824/1823
f 1566/1571/1570 1567/1824/1823 1537/1569/1568
f 1537/1569/1568 1567/1824/1823 1538/1825/1824
f 1537/1569/1568 1538/1825/1824 1528/1567/1566
f 1528/1567/1566 1538/1825/1824 1527/1565/1564
f 1355/1441/1441 1356/1440/1440 1352/1826/1825
f 1352/1826/1825 1356/1440/1440 1351/1591/1590
f 1352/1826/1825 1351/1591/1590 1412/1827/1826
f 1412/1827/1826 1351/1591/1590 1411/1590/1589
f 1412/1827/1826 1411/1590/1589 1445/1828/1827
f 1445/1828/1827 1411/1590/1589 1446/1589/1588
f 1445/1828/1827 1446/1589/1588 1442/1605/1604
f 1442/1605/1604 1446/1589/1588 1441/1588/1587
f 1413/1607/1606 1353/1609/1608 1352/1826/1825
f 1352/1826/1825 1353/1609/1608 1355/1441/1441
f 1413/1607/1606 1352/1826/1825 1412/1827/1826
f 1444/1602/1601 1413/1607/1606 1412/1827/1826
f 1444/1602/1601 1412/1827/1826 1445/1828/1827
f 1444/1602/1601 1445/1828/1827 1443/1603/1602
f 1443/1603/1602 1445/1828/1827 1442/1605/1604
f 1171/1598/1597 1503/1604/1603 1502/1606/1605
f 1502/1606/1605 1501/1587/1586 1563/1829/1828
f 1563/1829/1828 1501/1587/1586 1564/1586/1585
f 1563/1829/1828 1564/1586/1585 1534/1600/1599
f 1534/1600/1599 1564/1586/1585 1535/1585/1584
f 1504/1469/1469 1505/1471/1471 1561/1830/1829
f 1561/1830/1829 1505/1471/1471 1560/1462/1462
f 1561/1830/1829 1560/1462/1462 1590/1461/1461
f 1505/1471/1471 1506/1463/1463 1560/1462/1462
f 1563/1829/1828 1534/1600/1599 1533/1599/1598
f 1563/1829/1828 1533/1599/1598 1171/1598/1597
f 1172/1465/1465 1562/1467/1467 1561/1830/1829
f 1561/1830/1829 1562/1467/1467 1504/1469/1469
f 1172/1465/1465 1561/1830/1829 1590/1461/1461
f 1502/1606/1605 1563/1829/1828 1171/1598/1597
f 1474/1460/1460 1172/1465/1465 1590/1461/1461
f 1647/1311/1311 1592/1313/1313 1648/1614/1613
f 1645/1693/1692 1595/1694/1693 1594/1713/1712
f 1645/1693/1692 1594/1713/1712 1646/1310/1310
f 1641/1690/1689 1598/1715/1714 1642/1682/1681
f 1642/1682/1681 1598/1715/1714 1597/1684/1683
f 1638/1678/1677 1601/1716/1715 1639/1670/1669
f 1639/1670/1669 1601/1716/1715 1600/1672/1671
f 1635/1666/1665 1604/1717/1716 1636/1658/1657
f 1636/1658/1657 1604/1717/1716 1603/1660/1659
f 1632/1654/1653 1607/1718/1717 1633/1646/1645
f 1633/1646/1645 1607/1718/1717 1606/1648/1647
f 1629/1642/1641 1610/1719/1718 1630/1634/1633
f 1630/1634/1633 1610/1719/1718 1609/1636/1635
f 1626/1630/1629 1613/1720/1719 1627/1385/1385
f 1627/1385/1385 1613/1720/1719 1612/1387/1387
f 1623/1629/1628 1616/1721/1720 1624/1621/1620
f 1624/1621/1620 1616/1721/1720 1615/1623/1622
f 1645/1693/1692 1646/1310/1310 1199/1308/1308
f 388/1831/1830 36/1832/1831 1685/1833/1832
f 1685/1833/1832 36/1832/1831 172/1834/1833
f 1685/1833/1832 172/1834/1833 1684/1835/1834
f 1684/1835/1834 172/1834/1833 171/1836/1835
f 1684/1835/1834 171/1836/1835 1683/1837/1836
f 1683/1837/1836 171/1836/1835 1682/1838/1837
f 1683/1837/1836 1682/1838/1837 1725/1839/1838
f 1725/1839/1838 1682/1838/1837 1726/1840/1839
f 1725/1839/1838 1726/1840/1839 1720/1841/1840
f 1720/1841/1840 1726/1840/1839 1719/1842/1841
f 1720/1841/1840 1719/1842/1841 1799/1843/1842
f 1799/1843/1842 1719/1842/1841 1800/1844/1843
f 1799/1843/1842 1800/1844/1843 1794/1845/1844
f 1794/1845/1844 1800/1844/1843 1793/1846/1845
f 1794/1845/1844 1793/1846/1845 1868/1847/1846
f 1868/1847/1846 1793/1846/1845 1867/1848/1847
f 1868/1847/1846 1867/1848/1847 1905/1849/1848
f 1905/1849/1848 1867/1848/1847 1904/1850/1849
f 1905/1849/1848 1904/1850/1849 1947/1851/1850
f 1947/1851/1850 1904/1850/1849 1948/1852/1851
f 1947/1851/1850 1948/1852/1851 1942/1853/1852
f 1942/1853/1852 1948/1852/1851 1941/1854/1853
f 1942/1853/1852 1941/1854/1853 2016/1855/1854
f 2016/1855/1854 1941/1854/1853 2015/1856/1855
f 2016/1855/1854 2015/1856/1855 330/1857/1856
f 330/1857/1856 2015/1856/1855 331/1858/1857
f 331/1858/1857 2015/1856/1855 2014/1859/1858
f 331/1858/1857 2014/1859/1858 2013/1860/1859
f 2013/1860/1859 2014/1859/1858 1939/1861/1860
f 2013/1860/1859 1939/1861/1860 1938/1862/1861
f 1938/1862/1861 1939/1861/1860 1951/1863/1862
f 1938/1862/1861 1951/1863/1862 1952/1864/1863
f 1952/1864/1863 1951/1863/1862 1900/1865/1864
f 1952/1864/1863 1900/1865/1864 1899/1866/1865
f 1899/1866/1865 1900/1865/1864 1862/1867/1866
f 1899/1866/1865 1862/1867/1866 1861/1868/1867
f 1861/1868/1867 1862/1867/1866 1787/1869/1868
f 1861/1868/1867 1787/1869/1868 1786/1870/1869
f 1786/1870/1869 1787/1869/1868 1807/1871/1870
f 1786/1870/1869 1807/1871/1870 1808/1872/1871
f 1808/1872/1871 1807/1871/1870 1711/1873/1872
f 1808/1872/1871 1711/1873/1872 1710/1874/1873
f 1710/1874/1873 1711/1873/1872 1735/1875/1874
f 1710/1874/1873 1735/1875/1874 1736/1876/1875
f 1736/1876/1875 1735/1875/1874 1672/1877/1876
f 1736/1876/1875 1672/1877/1876 1671/1878/1877
f 1671/1878/1877 1672/1877/1876 162/1879/1878
f 1671/1878/1877 162/1879/1878 161/1880/1879
f 171/1836/1835 170/1881/1880 1682/1838/1837
f 1682/1838/1837 170/1881/1880 1681/1882/1881
f 1682/1838/1837 1681/1882/1881 1726/1840/1839
f 1726/1840/1839 1681/1882/1881 1727/1883/1882
f 1726/1840/1839 1727/1883/1882 1719/1842/1841
f 1719/1842/1841 1727/1883/1882 1718/1884/1883
f 1719/1842/1841 1718/1884/1883 1800/1844/1843
f 1800/1844/1843 1718/1884/1883 1801/1885/1884
f 1800/1844/1843 1801/1885/1884 1793/1846/1845
f 1793/1846/1845 1801/1885/1884 1792/1886/1885
f 1793/1846/1845 1792/1886/1885 1867/1848/1847
f 1867/1848/1847 1792/1886/1885 1866/1887/1886
f 1867/1848/1847 1866/1887/1886 1904/1850/1849
f 1904/1850/1849 1866/1887/1886 1903/1888/1887
f 1904/1850/1849 1903/1888/1887 1948/1852/1851
f 1948/1852/1851 1903/1888/1887 1949/1889/1888
f 1948/1852/1851 1949/1889/1888 1941/1854/1853
f 1941/1854/1853 1949/1889/1888 1940/1890/1889
f 1941/1854/1853 1940/1890/1889 2015/1856/1855
f 2015/1856/1855 1940/1890/1889 2014/1859/1858
f 170/1881/1880 169/1891/1890 1681/1882/1881
f 1681/1882/1881 169/1891/1890 1680/1892/1891
f 1681/1882/1881 1680/1892/1891 1727/1883/1882
f 1727/1883/1882 1680/1892/1891 1728/1893/1892
f 1727/1883/1882 1728/1893/1892 1718/1884/1883
f 1718/1884/1883 1728/1893/1892 1717/1894/1893
f 1718/1884/1883 1717/1894/1893 1801/1885/1884
f 1801/1885/1884 1717/1894/1893 1802/1895/1894
f 1801/1885/1884 1802/1895/1894 1792/1886/1885
f 1792/1886/1885 1802/1895/1894 1791/1896/1895
f 1792/1886/1885 1791/1896/1895 1866/1887/1886
f 1866/1887/1886 1791/1896/1895 1865/1897/1896
f 1866/1887/1886 1865/1897/1896 1903/1888/1887
f 1903/1888/1887 1865/1897/1896 1902/1898/1897
f 1903/1888/1887 1902/1898/1897 1949/1889/1888
f 1949/1889/1888 1902/1898/1897 1950/1899/1898
f 1949/1889/1888 1950/1899/1898 1940/1890/1889
f 1940/1890/1889 1950/1899/1898 1939/1861/1860
f 1940/1890/1889 1939/1861/1860 2014/1859/1858
f 1680/1892/1891 169/1891/1890 1679/1900/1899
f 1679/1900/1899 169/1891/1890 168/1901/1900
f 1679/1900/1899 168/1901/1900 1678/1902/1901
f 1678/1902/1901 168/1901/1900 1677/1903/1902
f 1678/1902/1901 1677/1903/1902 1730/1904/1903
f 1730/1904/1903 1677/1903/1902 1731/1905/1904
f 1730/1904/1903 1731/1905/1904 1715/1906/1905
f 1715/1906/1905 1731/1905/1904 1714/1907/1906
f 1715/1906/1905 1714/1907/1906 1804/1908/1907
f 1804/1908/1907 1714/1907/1906 1805/1909/1908
f 1804/1908/1907 1805/1909/1908 1789/1910/1909
f 1789/1910/1909 1805/1909/1908 1788/1911/1910
f 1789/1910/1909 1788/1911/1910 1863/1912/1911
f 1863/1912/1911 1788/1911/1910 1862/1867/1866
f 1863/1912/1911 1862/1867/1866 1900/1865/1864
f 168/1901/1900 167/1913/1912 1677/1903/1902
f 1677/1903/1902 167/1913/1912 1676/1914/1913
f 1677/1903/1902 1676/1914/1913 1731/1905/1904
f 1731/1905/1904 1676/1914/1913 1732/1915/1914
f 1731/1905/1904 1732/1915/1914 1714/1907/1906
f 1714/1907/1906 1732/1915/1914 1713/1916/1915
f 1714/1907/1906 1713/1916/1915 1805/1909/1908
f 1805/1909/1908 1713/1916/1915 1806/1917/1916
f 1805/1909/1908 1806/1917/1916 1788/1911/1910
f 1788/1911/1910 1806/1917/1916 1787/1869/1868
f 1788/1911/1910 1787/1869/1868 1862/1867/1866
f 167/1913/1912 166/1918/1917 1676/1914/1913
f 1676/1914/1913 166/1918/1917 1675/1919/1918
f 1676/1914/1913 1675/1919/1918 1732/1915/1914
f 1732/1915/1914 1675/1919/1918 1733/1920/1919
f 1732/1915/1914 1733/1920/1919 1713/1916/1915
f 1713/1916/1915 1733/1920/1919 1712/1921/1920
f 1713/1916/1915 1712/1921/1920 1806/1917/1916
f 1806/1917/1916 1712/1921/1920 1807/1871/1870
f 1806/1917/1916 1807/1871/1870 1787/1869/1868
f 1675/1919/1918 166/1918/1917 1674/1922/1921
f 1674/1922/1921 166/1918/1917 165/1923/1922
f 1674/1922/1921 165/1923/1922 1673/1924/1923
f 1673/1924/1923 165/1923/1922 164/1925/1924
f 1673/1924/1923 164/1925/1924 1672/1877/1876
f 1672/1877/1876 164/1925/1924 163/1926/1925
f 1672/1877/1876 163/1926/1925 162/1879/1878
f 1671/1878/1877 161/1880/1879 1670/1927/1926
f 1670/1927/1926 161/1880/1879 160/1928/1927
f 1670/1927/1926 160/1928/1927 1669/1929/1928
f 1669/1929/1928 160/1928/1927 159/1930/1929
f 1669/1929/1928 159/1930/1929 1668/1931/1930
f 1668/1931/1930 159/1930/1929 158/1932/1931
f 1668/1931/1930 158/1932/1931 1667/1933/1932
f 1667/1933/1932 158/1932/1931 157/1934/1933
f 1667/1933/1932 157/1934/1933 1666/1935/1934
f 1666/1935/1934 157/1934/1933 156/1936/1935
f 1666/1935/1934 156/1936/1935 155/1937/1936
f 1666/1935/1934 155/1937/1936 1665/1938/1937
f 1665/1938/1937 155/1937/1936 154/1939/1938
f 1665/1938/1937 154/1939/1938 1664/1940/1939
f 1664/1940/1939 154/1939/1938 153/1941/1940
f 1664/1940/1939 153/1941/1940 1663/1942/1941
f 1663/1942/1941 153/1941/1940 152/1943/1942
f 1663/1942/1941 152/1943/1942 1662/1944/1943
f 1662/1944/1943 152/1943/1942 151/1945/1944
f 1662/1944/1943 151/1945/1944 150/1946/1945
f 149/1947/1946 1660/1948/1947 150/1946/1945
f 150/1946/1945 1660/1948/1947 1661/1949/1948
f 150/1946/1945 1661/1949/1948 1662/1944/1943
f 1662/1944/1943 1661/1949/1948 1746/1950/1949
f 1662/1944/1943 1746/1950/1949 1745/1951/1950
f 1745/1951/1950 1746/1950/1949 1700/1952/1951
f 1745/1951/1950 1700/1952/1951 1701/1953/1952
f 1701/1953/1952 1700/1952/1951 1818/1954/1953
f 1701/1953/1952 1818/1954/1953 1817/1955/1954
f 1817/1955/1954 1818/1954/1953 1776/1956/1955
f 1817/1955/1954 1776/1956/1955 1777/1957/1956
f 1777/1957/1956 1776/1956/1955 1851/1958/1957
f 1777/1957/1956 1851/1958/1957 1852/1959/1958
f 1852/1959/1958 1851/1958/1957 1889/1960/1959
f 1852/1959/1958 1889/1960/1959 1890/1961/1960
f 1890/1961/1960 1889/1960/1959 1962/1962/1961
f 1890/1961/1960 1962/1962/1961 1961/1963/1962
f 1961/1963/1962 1962/1962/1961 1928/1964/1963
f 1961/1963/1962 1928/1964/1963 1929/1965/1964
f 1929/1965/1964 1928/1964/1963 2003/1966/1965
f 1929/1965/1964 2003/1966/1965 2004/1967/1966
f 2004/1967/1966 2003/1966/1965 337/1968/1967
f 2004/1967/1966 337/1968/1967 336/1969/1968
f 1660/1948/1947 149/1947/1946 1659/1970/1969
f 1659/1970/1969 149/1947/1946 148/1971/1970
f 1659/1970/1969 148/1971/1970 1658/1972/1971
f 1658/1972/1971 148/1971/1970 147/1973/1972
f 1658/1972/1971 147/1973/1972 1657/1974/1973
f 1657/1974/1973 147/1973/1972 146/1975/1974
f 1657/1974/1973 146/1975/1974 1656/1976/1975
f 1656/1976/1975 146/1975/1974 145/1977/1976
f 1656/1976/1975 145/1977/1976 1655/1978/1977
f 1655/1978/1977 145/1977/1976 1654/1979/1978
f 1655/1978/1977 1654/1979/1978 1753/1980/1979
f 1753/1980/1979 1654/1979/1978 1754/1981/1980
f 1753/1980/1979 1754/1981/1980 1692/1982/1981
f 1692/1982/1981 1754/1981/1980 1691/1983/1982
f 1692/1982/1981 1691/1983/1982 1827/1984/1983
f 1827/1984/1983 1691/1983/1982 1828/1985/1984
f 1827/1984/1983 1828/1985/1984 1766/1986/1985
f 1766/1986/1985 1828/1985/1984 1765/1987/1986
f 1766/1986/1985 1765/1987/1986 1840/1988/1987
f 1840/1988/1987 1765/1987/1986 1839/1989/1988
f 1840/1988/1987 1839/1989/1988 1877/1990/1989
f 1877/1990/1989 1839/1989/1988 1876/1991/1990
f 1877/1990/1989 1876/1991/1990 1975/1992/1991
f 1975/1992/1991 1876/1991/1990 1976/1993/1992
f 1975/1992/1991 1976/1993/1992 1914/1994/1993
f 1914/1994/1993 1976/1993/1992 1913/1995/1994
f 1914/1994/1993 1913/1995/1994 1988/1996/1995
f 1988/1996/1995 1913/1995/1994 1987/1997/1996
f 1988/1996/1995 1987/1997/1996 352/1998/1997
f 352/1998/1997 1987/1997/1996 353/1999/1998
f 353/1999/1998 1987/1997/1996 1986/2000/1999
f 353/1999/1998 1986/2000/1999 354/2001/2000
f 354/2001/2000 1986/2000/1999 1985/2002/2001
f 354/2001/2000 1985/2002/2001 355/2003/2002
f 355/2003/2002 1985/2002/2001 1984/2004/2003
f 355/2003/2002 1984/2004/2003 356/2005/2004
f 356/2005/2004 1984/2004/2003 357/2006/2005
f 357/2006/2005 1984/2004/2003 1983/2007/2006
f 357/2006/2005 1983/2007/2006 358/2008/2007
f 358/2008/2007 1983/2007/2006 1982/2009/2008
f 358/2008/2007 1982/2009/2008 359/2010/2009
f 359/2010/2009 1982/2009/2008 1162/2011/2010
f 359/2010/2009 1162/2011/2010 360/2012/1594
f 145/1977/1976 144/2013/2011 1654/1979/1978
f 1654/1979/1978 144/2013/2011 1653/2014/2012
f 1654/1979/1978 1653/2014/2012 1754/1981/1980
f 1754/1981/1980 1653/2014/2012 1755/2015/2013
f 1754/1981/1980 1755/2015/2013 1691/1983/1982
f 1691/1983/1982 1755/2015/2013 1690/2016/2014
f 1691/1983/1982 1690/2016/2014 1828/1985/1984
f 1828/1985/1984 1690/2016/2014 1829/2017/2015
f 1828/1985/1984 1829/2017/2015 1765/1987/1986
f 1765/1987/1986 1829/2017/2015 1764/2018/2016
f 1765/1987/1986 1764/2018/2016 1839/1989/1988
f 1839/1989/1988 1764/2018/2016 1838/2019/2017
f 1839/1989/1988 1838/2019/2017 1876/1991/1990
f 1876/1991/1990 1838/2019/2017 1875/2020/2018
f 1876/1991/1990 1875/2020/2018 1976/1993/1992
f 1976/1993/1992 1875/2020/2018 1977/2021/2019
f 1976/1993/1992 1977/2021/2019 1913/1995/1994
f 1913/1995/1994 1977/2021/2019 1912/2022/2020
f 1913/1995/1994 1912/2022/2020 1987/1997/1996
f 1987/1997/1996 1912/2022/2020 1986/2000/1999
f 1653/2014/2012 144/2013/2011 1652/2023/2021
f 1652/2023/2021 144/2013/2011 143/2024/2022
f 1652/2023/2021 143/2024/2022 1651/2025/2023
f 1651/2025/2023 143/2024/2022 1650/2026/2024
f 1651/2025/2023 1650/2026/2024 1757/2027/2025
f 1757/2027/2025 1650/2026/2024 1758/2028/2026
f 1757/2027/2025 1758/2028/2026 1688/2029/2027
f 1688/2029/2027 1758/2028/2026 1687/2030/2028
f 1688/2029/2027 1687/2030/2028 1831/2031/2029
f 1831/2031/2029 1687/2030/2028 1832/2032/2030
f 1831/2031/2029 1832/2032/2030 1762/2033/2031
f 1762/2033/2031 1832/2032/2030 1761/2034/2032
f 1762/2033/2031 1761/2034/2032 1836/2035/2033
f 1836/2035/2033 1761/2034/2032 1835/2036/2034
f 1836/2035/2033 1835/2036/2034 1873/2037/2035
f 1873/2037/2035 1835/2036/2034 1872/2038/2036
f 1873/2037/2035 1872/2038/2036 1979/2039/2037
f 1979/2039/2037 1872/2038/2036 1980/2040/2038
f 1979/2039/2037 1980/2040/2038 1910/2041/2039
f 1910/2041/2039 1980/2040/2038 1909/2042/2040
f 1910/2041/2039 1909/2042/2040 1984/2004/2003
f 1984/2004/2003 1909/2042/2040 1983/2007/2006
f 143/2024/2022 142/2043/2041 1650/2026/2024
f 1650/2026/2024 142/2043/2041 1649/2044/2042
f 1650/2026/2024 1649/2044/2042 1758/2028/2026
f 1758/2028/2026 1649/2044/2042 1759/2045/2043
f 1758/2028/2026 1759/2045/2043 1687/2030/2028
f 1687/2030/2028 1759/2045/2043 1686/2046/2044
f 1687/2030/2028 1686/2046/2044 1832/2032/2030
f 1832/2032/2030 1686/2046/2044 1833/2047/2045
f 1832/2032/2030 1833/2047/2045 1761/2034/2032
f 1761/2034/2032 1833/2047/2045 1760/2048/2046
f 1761/2034/2032 1760/2048/2046 1835/2036/2034
f 1835/2036/2034 1760/2048/2046 1834/2049/2047
f 1835/2036/2034 1834/2049/2047 1872/2038/2036
f 1872/2038/2036 1834/2049/2047 1871/2050/2048
f 1872/2038/2036 1871/2050/2048 1980/2040/2038
f 1980/2040/2038 1871/2050/2048 1981/2051/2049
f 1980/2040/2038 1981/2051/2049 1909/2042/2040
f 1909/2042/2040 1981/2051/2049 1908/2052/2050
f 1909/2042/2040 1908/2052/2050 1983/2007/2006
f 1983/2007/2006 1908/2052/2050 1982/2009/2008
f 142/2043/2041 141/2053/2051 1649/2044/2042
f 1649/2044/2042 141/2053/2051 1168/2054/2052
f 1649/2044/2042 1168/2054/2052 1759/2045/2043
f 1759/2045/2043 1168/2054/2052 1686/2046/2044
f 1168/2054/2052 1167/2055/2053 1686/2046/2044
f 1686/2046/2044 1167/2055/2053 1833/2047/2045
f 1833/2047/2045 1167/2055/2053 1760/2048/2046
f 1760/2048/2046 1167/2055/2053 1166/2056/2054
f 1760/2048/2046 1166/2056/2054 1834/2049/2047
f 1834/2049/2047 1166/2056/2054 1165/2057/2055
f 1834/2049/2047 1165/2057/2055 1871/2050/2048
f 1871/2050/2048 1165/2057/2055 1164/2058/2056
f 1871/2050/2048 1164/2058/2056 1981/2051/2049
f 1981/2051/2049 1164/2058/2056 1908/2052/2050
f 1164/2058/2056 1163/2059/2057 1908/2052/2050
f 1908/2052/2050 1163/2059/2057 1982/2009/2008
f 1163/2059/2057 1162/2011/2010 1982/2009/2008
f 352/1998/1997 351/2060/2058 1988/1996/1995
f 1988/1996/1995 351/2060/2058 1989/2061/2059
f 1988/1996/1995 1989/2061/2059 1914/1994/1993
f 1914/1994/1993 1989/2061/2059 1915/2062/2060
f 1914/1994/1993 1915/2062/2060 1975/1992/1991
f 1975/1992/1991 1915/2062/2060 1974/2063/2061
f 1975/1992/1991 1974/2063/2061 1877/1990/1989
f 1877/1990/1989 1974/2063/2061 1878/2064/2062
f 1877/1990/1989 1878/2064/2062 1840/1988/1987
f 1840/1988/1987 1878/2064/2062 1841/2065/2063
f 1840/1988/1987 1841/2065/2063 1766/1986/1985
f 1766/1986/1985 1841/2065/2063 1767/2066/2064
f 1766/1986/1985 1767/2066/2064 1827/1984/1983
f 1827/1984/1983 1767/2066/2064 1826/2067/2065
f 1827/1984/1983 1826/2067/2065 1692/1982/1981
f 1692/1982/1981 1826/2067/2065 1693/2068/2066
f 1692/1982/1981 1693/2068/2066 1753/1980/1979
f 1753/1980/1979 1693/2068/2066 1752/2069/2067
f 1753/1980/1979 1752/2069/2067 1655/1978/1977
f 1655/1978/1977 1752/2069/2067 1656/1976/1975
f 351/2060/2058 350/2070/2068 1989/2061/2059
f 1989/2061/2059 350/2070/2068 1990/2071/2069
f 1989/2061/2059 1990/2071/2069 1915/2062/2060
f 1915/2062/2060 1990/2071/2069 1916/2072/2070
f 1915/2062/2060 1916/2072/2070 1974/2063/2061
f 1974/2063/2061 1916/2072/2070 1973/2073/2071
f 1974/2063/2061 1973/2073/2071 1878/2064/2062
f 1878/2064/2062 1973/2073/2071 1879/2074/2072
f 1878/2064/2062 1879/2074/2072 1841/2065/2063
f 1841/2065/2063 1879/2074/2072 1842/2075/2073
f 1841/2065/2063 1842/2075/2073 1767/2066/2064
f 1767/2066/2064 1842/2075/2073 1768/2076/2074
f 1767/2066/2064 1768/2076/2074 1826/2067/2065
f 1826/2067/2065 1768/2076/2074 1825/2077/2075
f 1826/2067/2065 1825/2077/2075 1693/2068/2066
f 1693/2068/2066 1825/2077/2075 1694/2078/2076
f 1693/2068/2066 1694/2078/2076 1752/2069/2067
f 1752/2069/2067 1694/2078/2076 1751/2079/2077
f 1752/2069/2067 1751/2079/2077 1656/1976/1975
f 1656/1976/1975 1751/2079/2077 1657/1974/1973
f 350/2070/2068 349/2080/2078 1990/2071/2069
f 1990/2071/2069 349/2080/2078 1991/2081/2079
f 1990/2071/2069 1991/2081/2079 1916/2072/2070
f 1916/2072/2070 1991/2081/2079 1917/2082/2080
f 1916/2072/2070 1917/2082/2080 1973/2073/2071
f 1973/2073/2071 1917/2082/2080 1972/2083/2081
f 1973/2073/2071 1972/2083/2081 1879/2074/2072
f 1879/2074/2072 1972/2083/2081 1880/2084/2082
f 1879/2074/2072 1880/2084/2082 1842/2075/2073
f 1842/2075/2073 1880/2084/2082 1843/2085/2083
f 1842/2075/2073 1843/2085/2083 1768/2076/2074
f 1768/2076/2074 1843/2085/2083 1769/2086/2084
f 1768/2076/2074 1769/2086/2084 1825/2077/2075
f 1825/2077/2075 1769/2086/2084 1824/2087/2085
f 1825/2077/2075 1824/2087/2085 1694/2078/2076
f 1694/2078/2076 1824/2087/2085 1695/2088/2086
f 1694/2078/2076 1695/2088/2086 1751/2079/2077
f 1751/2079/2077 1695/2088/2086 1750/2089/2087
f 1751/2079/2077 1750/2089/2087 1657/1974/1973
f 1657/1974/1973 1750/2089/2087 1658/1972/1971
f 349/2080/2078 348/2090/2088 1991/2081/2079
f 1991/2081/2079 348/2090/2088 1992/2091/2089
f 1991/2081/2079 1992/2091/2089 1917/2082/2080
f 1917/2082/2080 1992/2091/2089 1918/2092/2090
f 1917/2082/2080 1918/2092/2090 1972/2083/2081
f 1972/2083/2081 1918/2092/2090 1971/2093/2091
f 1972/2083/2081 1971/2093/2091 1880/2084/2082
f 1880/2084/2082 1971/2093/2091 1881/2094/2092
f 1880/2084/2082 1881/2094/2092 1843/2085/2083
f 1843/2085/2083 1881/2094/2092 1844/2095/2093
f 1843/2085/2083 1844/2095/2093 1769/2086/2084
f 1769/2086/2084 1844/2095/2093 1770/2096/2094
f 1769/2086/2084 1770/2096/2094 1824/2087/2085
f 1824/2087/2085 1770/2096/2094 1823/2097/2095
f 1824/2087/2085 1823/2097/2095 1695/2088/2086
f 1695/2088/2086 1823/2097/2095 1696/2098/2096
f 1695/2088/2086 1696/2098/2096 1750/2089/2087
f 1750/2089/2087 1696/2098/2096 1749/2099/2097
f 1750/2089/2087 1749/2099/2097 1658/1972/1971
f 1658/1972/1971 1749/2099/2097 1659/1970/1969
f 348/2090/2088 347/2100/2098 1992/2091/2089
f 1992/2091/2089 347/2100/2098 1993/2101/2099
f 1992/2091/2089 1993/2101/2099 1918/2092/2090
f 1918/2092/2090 1993/2101/2099 1919/2102/2100
f 1918/2092/2090 1919/2102/2100 1971/2093/2091
f 1971/2093/2091 1919/2102/2100 1970/2103/2101
f 1971/2093/2091 1970/2103/2101 1881/2094/2092
f 1881/2094/2092 1970/2103/2101 1882/2104/2102
f 1881/2094/2092 1882/2104/2102 1844/2095/2093
f 1844/2095/2093 1882/2104/2102 1845/2105/2103
f 1844/2095/2093 1845/2105/2103 1770/2096/2094
f 1770/2096/2094 1845/2105/2103 1771/2106/2104
f 1770/2096/2094 1771/2106/2104 1823/2097/2095
f 1823/2097/2095 1771/2106/2104 1822/2107/2105
f 1823/2097/2095 1822/2107/2105 1696/2098/2096
f 1696/2098/2096 1822/2107/2105 1697/2108/2106
f 1696/2098/2096 1697/2108/2106 1749/2099/2097
f 1749/2099/2097 1697/2108/2106 1748/2109/2107
f 1749/2099/2097 1748/2109/2107 1659/1970/1969
f 1659/1970/1969 1748/2109/2107 1660/1948/1947
f 1993/2101/2099 347/2100/2098 1994/2110/2108
f 1994/2110/2108 347/2100/2098 346/2111/2109
f 1994/2110/2108 346/2111/2109 1995/2112/2110
f 1995/2112/2110 346/2111/2109 1996/2113/2111
f 1995/2112/2110 1996/2113/2111 1921/2114/2112
f 1921/2114/2112 1996/2113/2111 1922/2115/2113
f 1921/2114/2112 1922/2115/2113 1968/2116/2114
f 1968/2116/2114 1922/2115/2113 1967/2117/2115
f 1968/2116/2114 1967/2117/2115 1884/2118/2116
f 1884/2118/2116 1967/2117/2115 1885/2119/2117
f 1884/2118/2116 1885/2119/2117 1847/2120/2118
f 1847/2120/2118 1885/2119/2117 1848/2121/2119
f 1847/2120/2118 1848/2121/2119 1773/2122/2120
f 1773/2122/2120 1848/2121/2119 1774/2123/2121
f 1773/2122/2120 1774/2123/2121 1820/2124/2122
f 1820/2124/2122 1774/2123/2121 1819/2125/2123
f 1820/2124/2122 1819/2125/2123 1699/2126/2124
f 1699/2126/2124 1819/2125/2123 1700/1952/1951
f 1699/2126/2124 1700/1952/1951 1746/1950/1949
f 346/2111/2109 345/2127/2125 1996/2113/2111
f 1996/2113/2111 345/2127/2125 1997/2128/2126
f 1996/2113/2111 1997/2128/2126 1922/2115/2113
f 1922/2115/2113 1997/2128/2126 1923/2129/2127
f 1922/2115/2113 1923/2129/2127 1967/2117/2115
f 1967/2117/2115 1923/2129/2127 1966/2130/2128
f 1967/2117/2115 1966/2130/2128 1885/2119/2117
f 1885/2119/2117 1966/2130/2128 1886/2131/2129
f 1885/2119/2117 1886/2131/2129 1848/2121/2119
f 1848/2121/2119 1886/2131/2129 1849/2132/2130
f 1848/2121/2119 1849/2132/2130 1774/2123/2121
f 1774/2123/2121 1849/2132/2130 1775/2133/2131
f 1774/2123/2121 1775/2133/2131 1819/2125/2123
f 1819/2125/2123 1775/2133/2131 1818/1954/1953
f 1819/2125/2123 1818/1954/1953 1700/1952/1951
f 345/2127/2125 344/2134/2132 1997/2128/2126
f 1997/2128/2126 344/2134/2132 1998/2135/2133
f 1997/2128/2126 1998/2135/2133 1923/2129/2127
f 1923/2129/2127 1998/2135/2133 1924/2136/2134
f 1923/2129/2127 1924/2136/2134 1966/2130/2128
f 1966/2130/2128 1924/2136/2134 1965/2137/2135
f 1966/2130/2128 1965/2137/2135 1886/2131/2129
f 1886/2131/2129 1965/2137/2135 1887/2138/2136
f 1886/2131/2129 1887/2138/2136 1849/2132/2130
f 1849/2132/2130 1887/2138/2136 1850/2139/2137
f 1849/2132/2130 1850/2139/2137 1775/2133/2131
f 1775/2133/2131 1850/2139/2137 1776/1956/1955
f 1775/2133/2131 1776/1956/1955 1818/1954/1953
f 344/2134/2132 343/2140/2138 1998/2135/2133
f 1998/2135/2133 343/2140/2138 342/2141/2139
f 1998/2135/2133 342/2141/2139 1999/2142/2140
f 1999/2142/2140 342/2141/2139 341/2143/2141
f 1999/2142/2140 341/2143/2141 2000/2144/2142
f 2000/2144/2142 341/2143/2141 340/2145/2143
f 2000/2144/2142 340/2145/2143 2001/2146/2144
f 2001/2146/2144 340/2145/2143 339/2147/2145
f 2001/2146/2144 339/2147/2145 2002/2148/2146
f 2002/2148/2146 339/2147/2145 338/2149/2147
f 2002/2148/2146 338/2149/2147 2003/1966/1965
f 2003/1966/1965 338/2149/2147 337/1968/1967
f 335/2150/2148 2006/2151/2149 336/1969/1968
f 336/1969/1968 2006/2151/2149 2005/2152/2150
f 336/1969/1968 2005/2152/2150 2004/1967/1966
f 2004/1967/1966 2005/2152/2150 1930/2153/2151
f 2004/1967/1966 1930/2153/2151 1929/1965/1964
f 1929/1965/1964 1930/2153/2151 1960/2154/2152
f 1929/1965/1964 1960/2154/2152 1961/1963/1962
f 1961/1963/1962 1960/2154/2152 1891/2155/2153
f 1961/1963/1962 1891/2155/2153 1890/1961/1960
f 1890/1961/1960 1891/2155/2153 1853/2156/2154
f 1890/1961/1960 1853/2156/2154 1852/1959/1958
f 1852/1959/1958 1853/2156/2154 1778/2157/2155
f 1852/1959/1958 1778/2157/2155 1777/1957/1956
f 1777/1957/1956 1778/2157/2155 1816/2158/2156
f 1777/1957/1956 1816/2158/2156 1817/1955/1954
f 1817/1955/1954 1816/2158/2156 1702/2159/2157
f 1817/1955/1954 1702/2159/2157 1701/1953/1952
f 1701/1953/1952 1702/2159/2157 1744/2160/2158
f 1701/1953/1952 1744/2160/2158 1745/1951/1950
f 1745/1951/1950 1744/2160/2158 1663/1942/1941
f 1745/1951/1950 1663/1942/1941 1662/1944/1943
f 334/2161/2159 2008/2162/2160 335/2150/2148
f 335/2150/2148 2008/2162/2160 2007/2163/2161
f 335/2150/2148 2007/2163/2161 2006/2151/2149
f 2006/2151/2149 2007/2163/2161 1932/2164/2162
f 2006/2151/2149 1932/2164/2162 1931/2165/2163
f 1931/2165/2163 1932/2164/2162 1958/2166/2164
f 1931/2165/2163 1958/2166/2164 1959/2167/2165
f 1959/2167/2165 1958/2166/2164 1893/2168/2166
f 1959/2167/2165 1893/2168/2166 1892/2169/2167
f 1892/2169/2167 1893/2168/2166 1855/2170/2168
f 1892/2169/2167 1855/2170/2168 1854/2171/2169
f 1854/2171/2169 1855/2170/2168 1780/2172/2170
f 1854/2171/2169 1780/2172/2170 1779/2173/2171
f 1779/2173/2171 1780/2172/2170 1814/2174/2172
f 1779/2173/2171 1814/2174/2172 1815/2175/2173
f 1815/2175/2173 1814/2174/2172 1704/2176/2174
f 1815/2175/2173 1704/2176/2174 1703/2177/2175
f 1703/2177/2175 1704/2176/2174 1742/2178/2176
f 1703/2177/2175 1742/2178/2176 1743/2179/2177
f 1743/2179/2177 1742/2178/2176 1665/1938/1937
f 1743/2179/2177 1665/1938/1937 1664/1940/1939
f 333/2180/2178 2010/2181/2179 334/2161/2159
f 334/2161/2159 2010/2181/2179 2009/2182/2180
f 334/2161/2159 2009/2182/2180 2008/2162/2160
f 2008/2162/2160 2009/2182/2180 1934/2183/2181
f 2008/2162/2160 1934/2183/2181 1933/2184/2182
f 1933/2184/2182 1934/2183/2181 1956/2185/2183
f 1933/2184/2182 1956/2185/2183 1957/2186/2184
f 1957/2186/2184 1956/2185/2183 1895/2187/2185
f 1957/2186/2184 1895/2187/2185 1894/2188/2186
f 1894/2188/2186 1895/2187/2185 1857/2189/2187
f 1894/2188/2186 1857/2189/2187 1856/2190/2188
f 1856/2190/2188 1857/2189/2187 1782/2191/2189
f 1856/2190/2188 1782/2191/2189 1781/2192/2190
f 1781/2192/2190 1782/2191/2189 1812/2193/2191
f 1781/2192/2190 1812/2193/2191 1813/2194/2192
f 1813/2194/2192 1812/2193/2191 1706/2195/2193
f 1813/2194/2192 1706/2195/2193 1705/2196/2194
f 1705/2196/2194 1706/2195/2193 1740/2197/2195
f 1705/2196/2194 1740/2197/2195 1741/2198/2196
f 1741/2198/2196 1740/2197/2195 1667/1933/1932
f 1741/2198/2196 1667/1933/1932 1666/1935/1934
f 332/2199/2197 2012/2200/2198 333/2180/2178
f 333/2180/2178 2012/2200/2198 2011/2201/2199
f 333/2180/2178 2011/2201/2199 2010/2181/2179
f 2010/2181/2179 2011/2201/2199 1936/2202/2200
f 2010/2181/2179 1936/2202/2200 1935/2203/2201
f 1935/2203/2201 1936/2202/2200 1954/2204/2202
f 1935/2203/2201 1954/2204/2202 1955/2205/2203
f 1955/2205/2203 1954/2204/2202 1897/2206/2204
f 1955/2205/2203 1897/2206/2204 1896/2207/2205
f 1896/2207/2205 1897/2206/2204 1859/2208/2206
f 1896/2207/2205 1859/2208/2206 1858/2209/2207
f 1858/2209/2207 1859/2208/2206 1784/2210/2208
f 1858/2209/2207 1784/2210/2208 1783/2211/2209
f 1783/2211/2209 1784/2210/2208 1810/2212/2210
f 1783/2211/2209 1810/2212/2210 1811/2213/2211
f 1811/2213/2211 1810/2212/2210 1708/2214/2212
f 1811/2213/2211 1708/2214/2212 1707/2215/2213
f 1707/2215/2213 1708/2214/2212 1738/2216/2214
f 1707/2215/2213 1738/2216/2214 1739/2217/2215
f 1739/2217/2215 1738/2216/2214 1669/1929/1928
f 1739/2217/2215 1669/1929/1928 1668/1931/1930
f 2012/2200/2198 332/2199/2197 2013/1860/1859
f 2013/1860/1859 332/2199/2197 331/1858/1857
f 2016/1855/1854 330/1857/1856 2017/2218/2216
f 2017/2218/2216 330/1857/1856 329/2219/2217
f 2017/2218/2216 329/2219/2217 2018/2220/2218
f 2018/2220/2218 329/2219/2217 328/2221/2219
f 2018/2220/2218 328/2221/2219 394/2222/2220
f 2018/2220/2218 394/2222/2220 1944/2223/2221
f 1944/2223/2221 394/2222/2220 393/2224/2222
f 1944/2223/2221 393/2224/2222 1945/2225/2223
f 1945/2225/2223 393/2224/2222 392/2226/2224
f 1945/2225/2223 392/2226/2224 1907/2227/2225
f 1907/2227/2225 392/2226/2224 391/2228/2226
f 1907/2227/2225 391/2228/2226 1870/2229/2227
f 1870/2229/2227 391/2228/2226 1796/2230/2228
f 1870/2229/2227 1796/2230/2228 1795/2231/2229
f 1795/2231/2229 1796/2230/2228 1798/2232/2230
f 1795/2231/2229 1798/2232/2230 1799/1843/1842
f 1799/1843/1842 1798/2232/2230 1720/1841/1840
f 391/2228/2226 390/2233/2231 1796/2230/2228
f 1796/2230/2228 390/2233/2231 1797/2234/2232
f 1796/2230/2228 1797/2234/2232 1798/2232/2230
f 1798/2232/2230 1797/2234/2232 1721/2235/2233
f 1798/2232/2230 1721/2235/2233 1720/1841/1840
f 1720/1841/1840 1721/2235/2233 1725/1839/1838
f 390/2233/2231 389/2236/2234 1797/2234/2232
f 1797/2234/2232 389/2236/2234 1722/2237/2235
f 1797/2234/2232 1722/2237/2235 1721/2235/2233
f 1721/2235/2233 1722/2237/2235 1724/2238/2236
f 1721/2235/2233 1724/2238/2236 1725/1839/1838
f 1725/1839/1838 1724/2238/2236 1683/1837/1836
f 389/2236/2234 388/1831/1830 1722/2237/2235
f 1722/2237/2235 388/1831/1830 1723/2239/2237
f 1722/2237/2235 1723/2239/2237 1724/2238/2236
f 1724/2238/2236 1723/2239/2237 1684/1835/1834
f 1724/2238/2236 1684/1835/1834 1683/1837/1836
f 1723/2239/2237 388/1831/1830 1685/1833/1832
f 1755/2015/2013 1653/2014/2012 1652/2023/2021
f 1652/2023/2021 1651/2025/2023 1756/2240/2238
f 1756/2240/2238 1651/2025/2023 1757/2027/2025
f 1756/2240/2238 1757/2027/2025 1689/2241/2239
f 1689/2241/2239 1757/2027/2025 1688/2029/2027
f 1689/2241/2239 1688/2029/2027 1830/2242/2240
f 1830/2242/2240 1688/2029/2027 1831/2031/2029
f 1830/2242/2240 1831/2031/2029 1763/2243/2241
f 1763/2243/2241 1831/2031/2029 1762/2033/2031
f 1763/2243/2241 1762/2033/2031 1837/2244/2242
f 1837/2244/2242 1762/2033/2031 1836/2035/2033
f 1837/2244/2242 1836/2035/2033 1874/2245/2243
f 1874/2245/2243 1836/2035/2033 1873/2037/2035
f 1874/2245/2243 1873/2037/2035 1978/2246/2244
f 1978/2246/2244 1873/2037/2035 1979/2039/2037
f 1978/2246/2244 1979/2039/2037 1911/2247/2245
f 1911/2247/2245 1979/2039/2037 1910/2041/2039
f 1911/2247/2245 1910/2041/2039 1985/2002/2001
f 1985/2002/2001 1910/2041/2039 1984/2004/2003
f 1661/1949/1948 1660/1948/1947 1747/2248/2246
f 1747/2248/2246 1660/1948/1947 1748/2109/2107
f 1747/2248/2246 1748/2109/2107 1698/2249/2247
f 1698/2249/2247 1748/2109/2107 1697/2108/2106
f 1698/2249/2247 1697/2108/2106 1821/2250/2248
f 1821/2250/2248 1697/2108/2106 1822/2107/2105
f 1821/2250/2248 1822/2107/2105 1772/2251/2249
f 1772/2251/2249 1822/2107/2105 1771/2106/2104
f 1772/2251/2249 1771/2106/2104 1846/2252/2250
f 1846/2252/2250 1771/2106/2104 1845/2105/2103
f 1846/2252/2250 1845/2105/2103 1883/2253/2251
f 1883/2253/2251 1845/2105/2103 1882/2104/2102
f 1883/2253/2251 1882/2104/2102 1969/2254/2252
f 1969/2254/2252 1882/2104/2102 1970/2103/2101
f 1969/2254/2252 1970/2103/2101 1920/2255/2253
f 1920/2255/2253 1970/2103/2101 1919/2102/2100
f 1920/2255/2253 1919/2102/2100 1994/2110/2108
f 1994/2110/2108 1919/2102/2100 1993/2101/2099
f 1743/2179/2177 1664/1940/1939 1744/2160/2158
f 1744/2160/2158 1664/1940/1939 1663/1942/1941
f 1741/2198/2196 1666/1935/1934 1742/2178/2176
f 1742/2178/2176 1666/1935/1934 1665/1938/1937
f 1739/2217/2215 1668/1931/1930 1740/2197/2195
f 1740/2197/2195 1668/1931/1930 1667/1933/1932
f 1669/1929/1928 1738/2216/2214 1670/1927/1926
f 1670/1927/1926 1738/2216/2214 1737/2256/2254
f 1670/1927/1926 1737/2256/2254 1671/1878/1877
f 1671/1878/1877 1737/2256/2254 1736/1876/1875
f 1672/1877/1876 1735/1875/1874 1673/1924/1923
f 1673/1924/1923 1735/1875/1874 1734/2257/2255
f 1673/1924/1923 1734/2257/2255 1674/1922/1921
f 1674/1922/1921 1734/2257/2255 1733/1920/1919
f 1674/1922/1921 1733/1920/1919 1675/1919/1918
f 1728/1893/1892 1680/1892/1891 1679/1900/1899
f 1679/1900/1899 1678/1902/1901 1729/2258/2256
f 1729/2258/2256 1678/1902/1901 1730/1904/1903
f 1729/2258/2256 1730/1904/1903 1716/2259/2257
f 1716/2259/2257 1730/1904/1903 1715/1906/1905
f 1716/2259/2257 1715/1906/1905 1803/2260/2258
f 1803/2260/2258 1715/1906/1905 1804/1908/1907
f 1803/2260/2258 1804/1908/1907 1790/2261/2259
f 1790/2261/2259 1804/1908/1907 1789/1910/1909
f 1790/2261/2259 1789/1910/1909 1864/2262/2260
f 1864/2262/2260 1789/1910/1909 1863/1912/1911
f 1864/2262/2260 1863/1912/1911 1901/2263/2261
f 1901/2263/2261 1863/1912/1911 1900/1865/1864
f 1901/2263/2261 1900/1865/1864 1951/1863/1862
f 1723/2239/2237 1685/1833/1832 1684/1835/1834
f 1689/2241/2239 1690/2016/2014 1756/2240/2238
f 1756/2240/2238 1690/2016/2014 1755/2015/2013
f 1756/2240/2238 1755/2015/2013 1652/2023/2021
f 1690/2016/2014 1689/2241/2239 1829/2017/2015
f 1829/2017/2015 1689/2241/2239 1830/2242/2240
f 1829/2017/2015 1830/2242/2240 1764/2018/2016
f 1764/2018/2016 1830/2242/2240 1763/2243/2241
f 1764/2018/2016 1763/2243/2241 1838/2019/2017
f 1838/2019/2017 1763/2243/2241 1837/2244/2242
f 1838/2019/2017 1837/2244/2242 1875/2020/2018
f 1875/2020/2018 1837/2244/2242 1874/2245/2243
f 1875/2020/2018 1874/2245/2243 1977/2021/2019
f 1977/2021/2019 1874/2245/2243 1978/2246/2244
f 1977/2021/2019 1978/2246/2244 1912/2022/2020
f 1912/2022/2020 1978/2246/2244 1911/2247/2245
f 1912/2022/2020 1911/2247/2245 1986/2000/1999
f 1986/2000/1999 1911/2247/2245 1985/2002/2001
f 1698/2249/2247 1699/2126/2124 1747/2248/2246
f 1747/2248/2246 1699/2126/2124 1746/1950/1949
f 1747/2248/2246 1746/1950/1949 1661/1949/1948
f 1699/2126/2124 1698/2249/2247 1820/2124/2122
f 1820/2124/2122 1698/2249/2247 1821/2250/2248
f 1820/2124/2122 1821/2250/2248 1773/2122/2120
f 1773/2122/2120 1821/2250/2248 1772/2251/2249
f 1773/2122/2120 1772/2251/2249 1847/2120/2118
f 1847/2120/2118 1772/2251/2249 1846/2252/2250
f 1847/2120/2118 1846/2252/2250 1884/2118/2116
f 1884/2118/2116 1846/2252/2250 1883/2253/2251
f 1884/2118/2116 1883/2253/2251 1968/2116/2114
f 1968/2116/2114 1883/2253/2251 1969/2254/2252
f 1968/2116/2114 1969/2254/2252 1921/2114/2112
f 1921/2114/2112 1969/2254/2252 1920/2255/2253
f 1921/2114/2112 1920/2255/2253 1995/2112/2110
f 1995/2112/2110 1920/2255/2253 1994/2110/2108
f 1743/2179/2177 1744/2160/2158 1702/2159/2157
f 1743/2179/2177 1702/2159/2157 1703/2177/2175
f 1703/2177/2175 1702/2159/2157 1816/2158/2156
f 1703/2177/2175 1816/2158/2156 1815/2175/2173
f 1815/2175/2173 1816/2158/2156 1778/2157/2155
f 1815/2175/2173 1778/2157/2155 1779/2173/2171
f 1779/2173/2171 1778/2157/2155 1853/2156/2154
f 1779/2173/2171 1853/2156/2154 1854/2171/2169
f 1854/2171/2169 1853/2156/2154 1891/2155/2153
f 1854/2171/2169 1891/2155/2153 1892/2169/2167
f 1892/2169/2167 1891/2155/2153 1960/2154/2152
f 1892/2169/2167 1960/2154/2152 1959/2167/2165
f 1959/2167/2165 1960/2154/2152 1930/2153/2151
f 1959/2167/2165 1930/2153/2151 1931/2165/2163
f 1931/2165/2163 1930/2153/2151 2005/2152/2150
f 1931/2165/2163 2005/2152/2150 2006/2151/2149
f 1741/2198/2196 1742/2178/2176 1704/2176/2174
f 1741/2198/2196 1704/2176/2174 1705/2196/2194
f 1705/2196/2194 1704/2176/2174 1814/2174/2172
f 1705/2196/2194 1814/2174/2172 1813/2194/2192
f 1813/2194/2192 1814/2174/2172 1780/2172/2170
f 1813/2194/2192 1780/2172/2170 1781/2192/2190
f 1781/2192/2190 1780/2172/2170 1855/2170/2168
f 1781/2192/2190 1855/2170/2168 1856/2190/2188
f 1856/2190/2188 1855/2170/2168 1893/2168/2166
f 1856/2190/2188 1893/2168/2166 1894/2188/2186
f 1894/2188/2186 1893/2168/2166 1958/2166/2164
f 1894/2188/2186 1958/2166/2164 1957/2186/2184
f 1957/2186/2184 1958/2166/2164 1932/2164/2162
f 1957/2186/2184 1932/2164/2162 1933/2184/2182
f 1933/2184/2182 1932/2164/2162 2007/2163/2161
f 1933/2184/2182 2007/2163/2161 2008/2162/2160
f 1739/2217/2215 1740/2197/2195 1706/2195/2193
f 1739/2217/2215 1706/2195/2193 1707/2215/2213
f 1707/2215/2213 1706/2195/2193 1812/2193/2191
f 1707/2215/2213 1812/2193/2191 1811/2213/2211
f 1811/2213/2211 1812/2193/2191 1782/2191/2189
f 1811/2213/2211 1782/2191/2189 1783/2211/2209
f 1783/2211/2209 1782/2191/2189 1857/2189/2187
f 1783/2211/2209 1857/2189/2187 1858/2209/2207
f 1858/2209/2207 1857/2189/2187 1895/2187/2185
f 1858/2209/2207 1895/2187/2185 1896/2207/2205
f 1896/2207/2205 1895/2187/2185 1956/2185/2183
f 1896/2207/2205 1956/2185/2183 1955/2205/2203
f 1955/2205/2203 1956/2185/2183 1934/2183/2181
f 1955/2205/2203 1934/2183/2181 1935/2203/2201
f 1935/2203/2201 1934/2183/2181 2009/2182/2180
f 1935/2203/2201 2009/2182/2180 2010/2181/2179
f 1737/2256/2254 1738/2216/2214 1708/2214/2212
f 1736/1876/1875 1737/2256/2254 1709/2264/2262
f 1709/2264/2262 1737/2256/2254 1708/2214/2212
f 1709/2264/2262 1708/2214/2212 1810/2212/2210
f 1736/1876/1875 1709/2264/2262 1710/1874/1873
f 1710/1874/1873 1709/2264/2262 1809/2265/2263
f 1710/1874/1873 1809/2265/2263 1808/1872/1871
f 1808/1872/1871 1809/2265/2263 1785/2266/2264
f 1808/1872/1871 1785/2266/2264 1786/1870/1869
f 1786/1870/1869 1785/2266/2264 1860/2267/2265
f 1786/1870/1869 1860/2267/2265 1861/1868/1867
f 1861/1868/1867 1860/2267/2265 1898/2268/2266
f 1861/1868/1867 1898/2268/2266 1899/1866/1865
f 1899/1866/1865 1898/2268/2266 1953/2269/2267
f 1899/1866/1865 1953/2269/2267 1952/1864/1863
f 1952/1864/1863 1953/2269/2267 1937/2270/2268
f 1952/1864/1863 1937/2270/2268 1938/1862/1861
f 1938/1862/1861 1937/2270/2268 2012/2200/2198
f 1938/1862/1861 2012/2200/2198 2013/1860/1859
f 1809/2265/2263 1709/2264/2262 1810/2212/2210
f 1734/2257/2255 1735/1875/1874 1711/1873/1872
f 1733/1920/1919 1734/2257/2255 1712/1921/1920
f 1712/1921/1920 1734/2257/2255 1711/1873/1872
f 1712/1921/1920 1711/1873/1872 1807/1871/1870
f 1716/2259/2257 1717/1894/1893 1729/2258/2256
f 1729/2258/2256 1717/1894/1893 1728/1893/1892
f 1729/2258/2256 1728/1893/1892 1679/1900/1899
f 1717/1894/1893 1716/2259/2257 1802/1895/1894
f 1802/1895/1894 1716/2259/2257 1803/2260/2258
f 1802/1895/1894 1803/2260/2258 1791/1896/1895
f 1791/1896/1895 1803/2260/2258 1790/2261/2259
f 1791/1896/1895 1790/2261/2259 1865/1897/1896
f 1865/1897/1896 1790/2261/2259 1864/2262/2260
f 1865/1897/1896 1864/2262/2260 1902/1898/1897
f 1902/1898/1897 1864/2262/2260 1901/2263/2261
f 1902/1898/1897 1901/2263/2261 1950/1899/1898
f 1950/1899/1898 1901/2263/2261 1951/1863/1862
f 1950/1899/1898 1951/1863/1862 1939/1861/1860
f 1851/1958/1957 1776/1956/1955 1850/2139/2137
f 1809/2265/2263 1810/2212/2210 1784/2210/2208
f 1809/2265/2263 1784/2210/2208 1785/2266/2264
f 1785/2266/2264 1784/2210/2208 1859/2208/2206
f 1785/2266/2264 1859/2208/2206 1860/2267/2265
f 1860/2267/2265 1859/2208/2206 1897/2206/2204
f 1860/2267/2265 1897/2206/2204 1898/2268/2266
f 1898/2268/2266 1897/2206/2204 1954/2204/2202
f 1898/2268/2266 1954/2204/2202 1953/2269/2267
f 1953/2269/2267 1954/2204/2202 1936/2202/2200
f 1953/2269/2267 1936/2202/2200 1937/2270/2268
f 1937/2270/2268 1936/2202/2200 2011/2201/2199
f 1937/2270/2268 2011/2201/2199 2012/2200/2198
f 1799/1843/1842 1794/1845/1844 1795/2231/2229
f 1795/2231/2229 1794/1845/1844 1869/2271/2269
f 1795/2231/2229 1869/2271/2269 1870/2229/2227
f 1870/2229/2227 1869/2271/2269 1907/2227/2225
f 1869/2271/2269 1794/1845/1844 1868/1847/1846
f 1851/1958/1957 1850/2139/2137 1888/2272/2270
f 1888/2272/2270 1850/2139/2137 1887/2138/2136
f 1888/2272/2270 1887/2138/2136 1964/2273/2271
f 1964/2273/2271 1887/2138/2136 1965/2137/2135
f 1964/2273/2271 1965/2137/2135 1925/2274/2272
f 1925/2274/2272 1965/2137/2135 1924/2136/2134
f 1925/2274/2272 1924/2136/2134 1999/2142/2140
f 1999/2142/2140 1924/2136/2134 1998/2135/2133
f 1869/2271/2269 1868/1847/1846 1906/2275/2273
f 1906/2275/2273 1868/1847/1846 1905/1849/1848
f 1906/2275/2273 1905/1849/1848 1946/2276/2274
f 1946/2276/2274 1905/1849/1848 1947/1851/1850
f 1946/2276/2274 1947/1851/1850 1943/2277/2275
f 1943/2277/2275 1947/1851/1850 1942/1853/1852
f 1943/2277/2275 1942/1853/1852 2017/2218/2216
f 2017/2218/2216 1942/1853/1852 2016/1855/1854
f 1851/1958/1957 1888/2272/2270 1889/1960/1959
f 1889/1960/1959 1888/2272/2270 1963/2278/2276
f 1889/1960/1959 1963/2278/2276 1962/1962/1961
f 1962/1962/1961 1963/2278/2276 1927/2279/2277
f 1962/1962/1961 1927/2279/2277 1928/1964/1963
f 1928/1964/1963 1927/2279/2277 2002/2148/2146
f 1928/1964/1963 2002/2148/2146 2003/1966/1965
f 1963/2278/2276 1888/2272/2270 1964/2273/2271
f 1945/2225/2223 1907/2227/2225 1906/2275/2273
f 1906/2275/2273 1907/2227/2225 1869/2271/2269
f 1945/2225/2223 1906/2275/2273 1946/2276/2274
f 1963/2278/2276 1964/2273/2271 1926/2280/2278
f 1926/2280/2278 1964/2273/2271 1925/2274/2272
f 1926/2280/2278 1925/2274/2272 2000/2144/2142
f 2000/2144/2142 1925/2274/2272 1999/2142/2140
f 1963/2278/2276 1926/2280/2278 1927/2279/2277
f 1927/2279/2277 1926/2280/2278 2001/2146/2144
f 1927/2279/2277 2001/2146/2144 2002/2148/2146
f 2001/2146/2144 1926/2280/2278 2000/2144/2142
f 1945/2225/2223 1946/2276/2274 1944/2223/2221
f 1944/2223/2221 1946/2276/2274 1943/2277/2275
f 1944/2223/2221 1943/2277/2275 2018/2220/2218
f 2018/2220/2218 1943/2277/2275 2017/2218/2216
g Body2

v 150.000000 218.008863 10.000000
v 153.619360 205.064355 10.000000
v 156.871060 192.089262 10.000000
v 159.771888 179.097235 10.000000
v 162.340546 166.104653 10.000000
v 164.595779 153.127962 10.000000
v 166.558616 140.187057 10.000000
v 168.251894 127.304710 10.000000
v 169.698894 114.504421 10.000000
v 170.921285 101.807806 10.000000
v 171.940424 89.236082 10.000000
v 172.777664 76.810468 10.000000
v 173.454357 64.552183 10.000000
v 173.989843 52.480148 10.000000
v 174.398325 40.606682 10.000000
v 174.693201 28.942964 10.000000
v 174.887295 17.499121 10.000000
v 174.986486 6.274546 10.000000
v 174.992050 -4.737594 10.000000
v 174.905158 -15.544254 10.000000
v 174.724036 -26.154783 10.000000
v 174.442056 -36.577468 10.000000
v 174.052266 -46.819246 10.000000
v 173.547374 -56.886825 10.000000
v 172.917900 -66.784056 10.000000
v 172.153877 -76.512881 10.000000
v 171.245379 -86.075201 10.000000
v 170.181933 -95.472489 10.000000
v 168.952971 -104.704729 10.000000
v 167.550959 -113.772713 10.000000
v 165.968565 -122.677328 10.000000
v 164.198455 -131.419461 10.000000
v 162.233296 -140.000000 10.000000
v 167.055462 -146.180208 3.819792
v 168.078968 -147.503889 2.496111
v 168.928012 -148.605159 1.394841
v 169.576916 -149.448901 0.551099
v 170.000000 -150.000000 0.000000
v 172.408590 -140.452070 0.000000
v 174.568957 -130.720772 0.000000
v 176.486897 -120.807168 0.000000
v 178.171238 -110.712520 0.000000
v 179.633166 -100.437852 0.000000
v 180.885567 -89.983626 0.000000
v 181.942382 -79.349500 0.000000
v 182.817984 -68.534057 0.000000
v 183.526647 -57.534434 0.000000
v 184.082106 -46.345858 0.000000
v 184.497111 -34.961199 0.000000
v 184.782881 -23.370747 0.000000
v 184.948436 -11.562276 0.000000
v 184.999914 0.478768 0.000000
v 184.939837 12.767877 0.000000
v 184.766315 25.317987 0.000000
v 184.472236 38.135495 0.000000
v 184.044864 51.217621 0.000000
v 183.466424 64.553237 0.000000
v 182.715083 78.125064 0.000000
v 181.765888 91.911674 0.000000
v 180.591457 105.888583 0.000000
v 179.162538 120.028825 0.000000
v 177.448580 134.303528 0.000000
v 175.418438 148.682762 0.000000
v 173.041185 163.136598 0.000000
v 170.286941 177.636186 0.000000
v 167.127738 192.154713 0.000000
v 163.538414 206.668237 0.000000
v 159.497525 221.156497 0.000000
v 154.988343 235.603794 0.000000
v 150.000000 250.000000 0.000000
v 150.000000 242.430593 2.537251
v 150.000000 234.438835 5.102277
v 151.662042 229.642239 5.000000
v 159.703941 201.524000 5.000000
v 164.113868 182.716024 5.000000
v 168.325361 161.083134 5.000000
v 178.516038 63.415455 5.000000
v 179.049499 51.029435 5.000000
v 179.999864 1.872833 5.000000
v 179.443374 -36.618105 5.000000
v 179.701419 -27.222767 5.000000
v 176.832694 -80.327360 5.000000
v 174.098378 -104.030477 5.000000
v 172.949589 -111.713167 5.000000
v 157.218919 210.913668 5.000000
v 154.539379 220.287110 5.000000
v 161.999928 192.122661 5.000000
v 166.052770 173.310505 5.000000
v 170.329343 148.883259 5.000000
v 172.490465 133.657696 5.000000
v 174.296582 118.541277 5.000000
v 175.784111 103.569560 5.000000
v 176.987835 88.775864 5.000000
v 177.835629 76.003605 5.000000
v 179.451034 38.859515 5.000000
v 179.767152 25.226488 5.000000
v 179.948543 11.897880 5.000000
v 179.975848 -7.984477 5.000000
v 179.877196 -17.680301 5.000000
v 179.097903 -45.871966 5.000000
v 178.659710 -54.989925 5.000000
v 178.121940 -63.975680 5.000000
v 177.526516 -72.207179 5.000000
v 176.034503 -88.337534 5.000000
v 175.125238 -96.238620 5.000000
v 171.674591 -119.286771 5.000000
v 170.269100 -126.751366 5.000000
v 167.881456 -137.853451 5.000000
v 137.766704 -140.000000 10.000000
v 135.801545 -131.419461 10.000000
v 134.031435 -122.677328 10.000000
v 132.449041 -113.772713 10.000000
v 131.047029 -104.704729 10.000000
v 129.818067 -95.472489 10.000000
v 128.754621 -86.075201 10.000000
v 127.846123 -76.512881 10.000000
v 127.082100 -66.784056 10.000000
v 126.452626 -56.886825 10.000000
v 125.947734 -46.819246 10.000000
v 125.557944 -36.577468 10.000000
v 125.275964 -26.154783 10.000000
v 125.094842 -15.544254 10.000000
v 125.007950 -4.737594 10.000000
v 125.013514 6.274546 10.000000
v 125.112705 17.499121 10.000000
v 125.306799 28.942964 10.000000
v 125.601675 40.606682 10.000000
v 126.010157 52.480148 10.000000
v 126.545643 64.552183 10.000000
v 127.222336 76.810468 10.000000
v 128.059576 89.236082 10.000000
v 129.078715 101.807806 10.000000
v 130.301106 114.504421 10.000000
v 131.748106 127.304710 10.000000
v 133.441384 140.187057 10.000000
v 135.404221 153.127962 10.000000
v 137.659454 166.104653 10.000000
v 140.228112 179.097235 10.000000
v 143.128940 192.089262 10.000000
v 146.380640 205.064355 10.000000
v 145.011657 235.603794 0.000000
v 140.502475 221.156497 0.000000
v 136.461586 206.668237 0.000000
v 132.872262 192.154713 0.000000
v 129.713059 177.636186 0.000000
v 126.958815 163.136598 0.000000
v 124.581562 148.682762 0.000000
v 122.551420 134.303528 0.000000
v 120.837462 120.028825 0.000000
v 119.408543 105.888583 0.000000
v 118.234112 91.911674 0.000000
v 117.284917 78.125064 0.000000
v 116.533576 64.553237 0.000000
v 115.955136 51.217621 0.000000
v 115.527764 38.135495 0.000000
v 115.233685 25.317987 0.000000
v 115.060163 12.767877 0.000000
v 115.000086 0.478768 0.000000
v 115.051564 -11.562276 0.000000
v 115.217119 -23.370747 0.000000
v 115.502889 -34.961199 0.000000
v 115.917894 -46.345858 0.000000
v 116.473353 -57.534434 0.000000
v 117.182016 -68.534057 0.000000
v 118.057618 -79.349500 0.000000
v 119.114433 -89.983626 0.000000
v 120.366834 -100.437852 0.000000
v 121.828762 -110.712520 0.000000
v 123.513103 -120.807168 0.000000
v 125.431043 -130.720772 0.000000
v 127.591410 -140.452070 0.000000
v 130.000000 -150.000000 0.000000
v 117.500452 2.099773 2.500000
v 134.553650 -137.287593 7.500000
v 132.118544 -137.853451 5.000000
v 130.900992 -138.136380 3.750000
v 129.683439 -138.419309 2.500000
v 132.182743 -126.263305 7.500000
v 129.730900 -126.751366 5.000000
v 128.504978 -126.995396 3.750000
v 127.279057 -127.239426 2.500000
v 130.009791 -114.337742 7.500000
v 127.543792 -114.748282 5.000000
v 126.310792 -114.953552 3.750000
v 125.077793 -115.158822 2.500000
v 128.161464 -102.126879 7.500000
v 125.684556 -102.465674 5.000000
v 124.446101 -102.635072 3.750000
v 123.207647 -102.804470 2.500000
v 126.620583 -89.629416 7.500000
v 124.135622 -89.903220 5.000000
v 122.893141 -90.040123 3.750000
v 121.650661 -90.177025 2.500000
v 125.365503 -76.844847 7.500000
v 122.874837 -77.060860 5.000000
v 121.629504 -77.168867 3.750000
v 120.384172 -77.276873 2.500000
v 124.425807 -64.607634 7.500000
v 121.931441 -64.775610 5.000000
v 120.684258 -64.859599 3.750000
v 119.437075 -64.943587 2.500000
v 123.694011 -52.111923 7.500000
v 121.197162 -52.237402 5.000000
v 119.948737 -52.300142 3.750000
v 118.700312 -52.362881 2.500000
v 123.150428 -39.352507 7.500000
v 120.651973 -39.440620 5.000000
v 119.402746 -39.484676 3.750000
v 118.153518 -39.528732 2.500000
v 122.777149 -26.236609 7.500000
v 120.278337 -26.318560 5.000000
v 119.028933 -26.359584 3.750000
v 117.779529 -26.400638 2.500000
v 122.613568 -16.998505 7.500000
v 120.113800 -17.032659 5.000000
v 118.863917 -17.049736 3.750000
v 117.614033 -17.066813 2.500000
v 122.521432 -7.531107 7.500000
v 120.021472 -7.545715 5.000000
v 118.771492 -7.553020 3.750000
v 117.521512 -7.560324 2.500000
v 122.500464 2.091967 7.500000
v 120.000458 2.095870 5.000000
v 118.750455 2.097822 3.750000
v 122.551369 11.876024 7.500000
v 120.051457 11.897880 5.000000
v 118.801501 11.908807 3.750000
v 117.551545 11.919735 2.500000
v 122.732429 25.180739 7.500000
v 120.232848 25.226488 5.000000
v 118.983057 25.249363 3.750000
v 117.733267 25.272238 2.500000
v 123.047973 38.788742 7.500000
v 120.548966 38.859515 5.000000
v 119.299463 38.894901 3.750000
v 118.049959 38.930288 2.500000
v 123.448739 50.935318 7.500000
v 120.950501 51.029435 5.000000
v 119.701382 51.076492 3.750000
v 118.452263 51.123549 2.500000
v 123.981049 63.294785 7.500000
v 121.483962 63.415455 5.000000
v 120.235419 63.475790 3.750000
v 118.986875 63.536124 2.500000
v 124.659889 75.853752 7.500000
v 122.164371 76.003605 5.000000
v 120.916612 76.078531 3.750000
v 119.668853 76.153457 2.500000
v 125.505546 88.593435 7.500000
v 123.012165 88.775864 5.000000
v 121.765474 88.867078 3.750000
v 120.518783 88.958292 2.500000
v 126.541099 101.491310 7.500000
v 124.050616 101.709930 5.000000
v 122.805375 101.819239 3.750000
v 121.560134 101.928549 2.500000
v 127.789651 114.524835 7.500000
v 125.303027 114.783481 5.000000
v 124.059715 114.912804 3.750000
v 122.816403 115.042127 2.500000
v 129.268428 127.623277 7.500000
v 126.788765 127.941957 5.000000
v 125.548938 128.101339 3.750000
v 124.309115 128.260749 2.500000
v 131.018535 140.908198 7.500000
v 128.543305 141.259248 5.000000
v 127.305690 141.434774 3.750000
v 126.068074 141.610299 2.500000
v 133.047549 154.209775 7.500000
v 130.580333 154.613314 5.000000
v 129.346725 154.815084 3.750000
v 128.113117 155.016853 2.500000
v 135.386112 167.551681 7.500000
v 132.928818 168.011759 5.000000
v 131.700172 168.241797 3.750000
v 130.471525 168.471836 2.500000
v 138.056757 180.912614 7.500000
v 135.611521 181.432943 5.000000
v 134.388904 181.693107 3.750000
v 133.166286 181.953272 2.500000
v 141.079731 194.274431 7.500000
v 138.648850 194.858185 5.000000
v 137.433409 195.150063 3.750000
v 136.217968 195.441940 2.500000
v 144.475259 207.619020 7.500000
v 142.061188 208.268836 5.000000
v 140.854153 208.593744 3.750000
v 139.647117 208.918652 2.500000
v 148.261448 220.931117 7.500000
v 145.866740 221.648919 5.000000
v 144.669386 222.007820 3.750000
v 143.472032 222.366722 2.500000
v 148.889651 235.384430 3.750000
v 147.703150 235.777732 2.500000
v 150.000000 -150.000000 0.000000
v 150.000000 199.988326 -50.000000
v 150.471335 189.455941 -50.000000
v 150.886058 179.212652 -50.000000
v 151.245624 169.242905 -50.000000
v 151.552305 159.522522 -50.000000
v 151.809060 150.020189 -50.000000
v 152.019410 140.698880 -50.000000
v 152.317144 122.430536 -50.000000
v 152.480837 104.356724 -50.000000
v 152.547991 86.109650 -50.000000
v 152.556872 76.815048 -50.000000
v 152.555015 67.358074 -50.000000
v 152.546312 57.709751 -50.000000
v 152.534226 47.848342 -50.000000
v 152.521693 37.760831 -50.000000
v 152.511001 27.444826 -50.000000
v 152.503656 16.910573 -50.000000
v 152.500263 6.182816 -50.000000
v 152.502932 -15.677192 -50.000000
v 152.504483 -37.629388 -50.000000
v 152.496231 -48.418404 -50.000000
v 152.475876 -58.941878 -50.000000
v 152.438225 -69.085319 -50.000000
v 152.411203 -73.977684 -50.000000
v 152.377779 -78.730591 -50.000000
v 152.337239 -83.329101 -50.000000
v 152.288869 -87.758344 -50.000000
v 152.231956 -92.003593 -50.000000
v 152.165791 -96.050334 -50.000000
v 152.089678 -99.884344 -50.000000
v 152.002932 -103.491780 -50.000000
v 151.904892 -106.859267 -50.000000
v 151.794920 -109.973994 -50.000000
v 151.644350 -113.399656 -50.000000
v 151.474261 -116.414173 -50.000000
v 151.283780 -119.000252 -50.000000
v 151.072035 -121.140597 -50.000000
v 150.838205 -122.819000 -50.000000
v 150.581818 -124.026185 -50.000000
v 150.445058 -124.450968 -50.000000
v 150.302531 -124.755426 -50.000000
v 150.229090 -124.862269 -50.000000
v 150.154192 -124.938716 -50.000000
v 150.116195 -124.965508 -50.000000
v 150.077830 -124.984662 -50.000000
v 150.039099 -124.996163 -50.000000
v 150.000000 -125.000000 -50.000000
v 149.960901 -124.996162 -50.000000
v 149.922170 -124.984656 -50.000000
v 149.883806 -124.965496 -50.000000
v 149.845809 -124.938695 -50.000000
v 149.770912 -124.862224 -50.000000
v 149.697473 -124.755351 -50.000000
v 149.554949 -124.450828 -50.000000
v 149.418192 -124.025985 -50.000000
v 149.161806 -122.818776 -50.000000
v 148.927965 -121.140596 -50.000000
v 148.716212 -119.000414 -50.000000
v 148.525732 -116.414318 -50.000000
v 148.355647 -113.399710 -50.000000
v 148.205080 -109.973994 -50.000000
v 148.095108 -106.859267 -50.000000
v 147.997068 -103.491780 -50.000000
v 147.910322 -99.884344 -50.000000
v 147.834209 -96.050334 -50.000000
v 147.768044 -92.003593 -50.000000
v 147.711131 -87.758344 -50.000000
v 147.662761 -83.329101 -50.000000
v 147.622221 -78.730591 -50.000000
v 147.588797 -73.977684 -50.000000
v 147.561775 -69.085319 -50.000000
v 147.524124 -58.941878 -50.000000
v 147.503769 -48.418404 -50.000000
v 147.495517 -37.629388 -50.000000
v 147.497068 -15.677192 -50.000000
v 147.499737 6.182816 -50.000000
v 147.496344 16.910573 -50.000000
v 147.488999 27.444826 -50.000000
v 147.478307 37.760831 -50.000000
v 147.465774 47.848342 -50.000000
v 147.453688 57.709751 -50.000000
v 147.444985 67.358074 -50.000000
v 147.443128 76.815048 -50.000000
v 147.452009 86.109650 -50.000000
v 147.519163 104.356724 -50.000000
v 147.682856 122.430536 -50.000000
v 147.980590 140.698880 -50.000000
v 148.190940 150.020189 -50.000000
v 148.447695 159.522522 -50.000000
v 148.754376 169.242905 -50.000000
v 149.113942 179.212652 -50.000000
v 149.528665 189.455941 -50.000000
v 167.724365 -144.996749 -6.250000
v 165.448730 -139.993498 -12.500000
v 163.173095 -134.990248 -18.750000
v 160.897460 -129.986997 -25.000000
v 158.621825 -124.983746 -31.250000
v 156.346190 -119.980495 -37.500000
v 154.070555 -114.977244 -43.750000
v 150.000000 206.239785 -43.750000
v 150.000000 212.491245 -37.500000
v 150.000000 218.742704 -31.250000
v 150.000000 224.994163 -25.000000
v 150.000000 231.245622 -18.750000
v 150.000000 237.497082 -12.500000
v 150.000000 243.748541 -6.250000
v 153.300963 237.090049 -3.125000
v 170.302538 -141.704793 -3.125000
v 152.905070 231.168323 -9.375000
v 167.852849 -136.951924 -9.375000
v 152.509176 225.246597 -15.625000
v 165.403161 -132.199055 -15.625000
v 152.113283 219.324871 -21.875000
v 163.565895 -128.634403 -20.312500
v 150.529708 195.637968 -46.875000
v 153.154719 -108.434709 -46.875000
v 170.914960 -142.893010 -1.562500
v 172.304385 -136.955857 -1.562500
v 173.601001 -130.938814 -1.562500
v 174.806444 -124.842967 -1.562500
v 175.665195 -120.143437 -1.562500
v 176.472631 -115.399218 -1.562500
v 177.229517 -110.610812 -1.562500
v 177.937239 -105.778873 -1.562500
v 179.211203 -95.985936 -1.562500
v 180.306225 -86.023147 -1.562500
v 181.055329 -78.000576 -1.562500
v 181.704972 -69.874116 -1.562500
v 182.261263 -61.644235 -1.562500
v 182.729934 -53.310004 -1.562500
v 183.311643 -39.753854 -1.562500
v 183.705044 -25.919675 -1.562500
v 183.924733 -11.789328 -1.562500
v 183.983647 2.657175 -1.562500
v 183.886181 17.443776 -1.562500
v 183.627076 32.590796 -1.562500
v 183.189413 48.101742 -1.562500
v 182.547052 63.965453 -1.562500
v 181.591295 81.298132 -1.562500
v 180.307146 98.961993 -1.562500
v 178.635284 116.906585 -1.562500
v 177.634366 125.966478 -1.562500
v 176.513013 135.075317 -1.562500
v 175.263394 144.226013 -1.562500
v 173.877674 153.411476 -1.562500
v 172.348023 162.624617 -1.562500
v 170.666607 171.858345 -1.562500
v 168.825595 181.105573 -1.562500
v 166.817141 190.359199 -1.562500
v 164.633694 199.612371 -1.562500
v 162.270725 208.861033 -1.562500
v 159.530791 218.778432 -1.562500
v 156.575364 228.682914 -1.562500
v 153.399937 238.570480 -1.562500
v 168.465271 -138.140141 -7.812500
v 169.690474 -132.413878 -7.812500
v 170.832657 -126.571531 -7.812500
v 171.893414 -120.617482 -7.812500
v 172.648383 -116.005993 -7.812500
v 173.357660 -111.334072 -7.812500
v 174.021986 -106.603699 -7.812500
v 174.642654 -101.817186 -7.812500
v 175.758559 -92.083670 -7.812500
v 176.716168 -82.148861 -7.812500
v 177.370350 -74.134441 -7.812500
v 177.937041 -66.010525 -7.812500
v 178.421833 -57.783605 -7.812500
v 178.829930 -49.458152 -7.812500
v 179.336152 -35.941434 -7.812500
v 179.678633 -22.195150 -7.812500
v 179.870360 -8.215639 -7.812500
v 179.922796 6.003637 -7.812500
v 179.839647 20.477740 -7.812500
v 179.615938 35.222934 -7.812500
v 179.236345 50.243998 -7.812500
v 178.677378 65.535168 -7.812500
v 177.843294 82.175069 -7.812500
v 176.719763 99.077958 -7.812500
v 175.253829 116.211474 -7.812500
v 174.375006 124.853206 -7.812500
v 173.389642 133.538757 -7.812500
v 172.290762 142.263505 -7.812500
v 171.071389 151.022827 -7.812500
v 169.724547 159.812100 -7.812500
v 168.243260 168.626702 -7.812500
v 166.620551 177.462010 -7.812500
v 164.849434 186.313394 -7.812500
v 162.923196 195.176352 -7.812500
v 160.837818 204.048213 -7.812500
v 158.418944 213.577404 -7.812500
v 155.809022 223.111791 -7.812500
v 153.004043 232.648755 -7.812500
v 153.103017 234.129186 -6.250000
v 156.000608 224.504572 -6.250000
v 158.696906 214.877661 -6.250000
v 161.196044 205.251418 -6.250000
v 163.350820 196.285357 -6.250000
v 165.341361 187.324845 -6.250000
v 167.171812 178.372901 -6.250000
v 168.849097 169.434613 -6.250000
v 170.380416 160.515229 -6.250000
v 171.772960 151.619989 -6.250000
v 173.033920 142.754132 -6.250000
v 174.170485 133.922897 -6.250000
v 175.189846 125.131524 -6.250000
v 176.099193 116.385252 -6.250000
v 177.616609 99.048967 -6.250000
v 178.780294 81.955834 -6.250000
v 179.644797 65.142739 -6.250000
v 180.224612 49.708434 -6.250000
v 180.618722 34.564900 -6.250000
v 180.851281 19.719249 -6.250000
v 180.938009 5.167021 -6.250000
v 180.883953 -9.109061 -6.250000
v 180.685236 -23.126281 -6.250000
v 180.330025 -36.894539 -6.250000
v 179.804931 -50.421115 -6.250000
v 179.381691 -58.748762 -6.250000
v 178.879024 -66.976423 -6.250000
v 178.291595 -75.100975 -6.250000
v 177.613682 -83.117432 -6.250000
v 176.621720 -93.059236 -6.250000
v 175.466300 -102.807608 -6.250000
v 174.823869 -107.605477 -6.250000
v 174.136403 -112.350359 -6.250000
v 173.402586 -117.040354 -6.250000
v 172.621672 -121.673853 -6.250000
v 171.524743 -127.663352 -6.250000
v 170.343952 -133.549373 -6.250000
v 169.077694 -139.328358 -6.250000
v 166.423086 -126.736404 -15.625000
v 167.372227 -121.112426 -15.625000
v 168.252126 -115.335625 -15.625000
v 168.877369 -110.834188 -15.625000
v 169.463946 -106.252641 -15.625000
v 170.012572 -101.594808 -15.625000
v 170.524422 -96.865078 -15.625000
v 171.442754 -87.205837 -15.625000
v 172.228596 -77.306003 -15.625000
v 172.764126 -69.301772 -15.625000
v 173.227128 -61.181035 -15.625000
v 173.622545 -52.957817 -15.625000
v 173.954924 -44.643336 -15.625000
v 174.366789 -31.175908 -15.625000
v 174.645619 -17.539494 -15.625000
v 174.802393 -3.748527 -15.625000
v 174.846733 10.186713 -15.625000
v 174.781480 24.270196 -15.625000
v 174.602016 38.513106 -15.625000
v 174.295011 52.921820 -15.625000
v 173.840287 67.497312 -15.625000
v 173.158292 83.271240 -15.625000
v 172.235534 99.222914 -15.625000
v 171.027011 115.342586 -15.625000
v 170.300805 123.461616 -15.625000
v 169.485428 131.618057 -15.625000
v 168.574972 139.810370 -15.625000
v 167.563533 148.037016 -15.625000
v 166.445203 156.296455 -15.625000
v 165.214076 164.587148 -15.625000
v 163.864247 172.907557 -15.625000
v 162.389800 181.256138 -15.625000
v 160.785074 189.631329 -15.625000
v 159.046684 198.032188 -15.625000
v 157.029136 207.076120 -15.625000
v 154.851094 216.147888 -15.625000
v 152.707123 228.207460 -12.500000
v 155.234265 218.933449 -12.500000
v 157.585059 209.676634 -12.500000
v 159.763137 200.438598 -12.500000
v 161.640323 191.849338 -12.500000
v 163.373654 183.279040 -12.500000
v 164.966768 174.729338 -12.500000
v 166.425750 166.202970 -12.500000
v 167.756941 157.702713 -12.500000
v 168.966675 149.231340 -12.500000
v 170.061288 140.791624 -12.500000
v 171.047113 132.386337 -12.500000
v 171.930485 124.018252 -12.500000
v 172.717739 115.690141 -12.500000
v 174.029226 99.164932 -12.500000
v 175.032292 82.832771 -12.500000
v 175.775124 66.712454 -12.500000
v 176.271545 51.850691 -12.500000
v 176.607584 37.197038 -12.500000
v 176.804747 22.753214 -12.500000
v 176.877158 8.513482 -12.500000
v 176.829580 -5.535372 -12.500000
v 176.658824 -19.401756 -12.500000
v 176.354534 -33.082118 -12.500000
v 175.904926 -46.569262 -12.500000
v 175.542260 -54.888132 -12.500000
v 175.111094 -63.112831 -12.500000
v 174.606616 -71.234840 -12.500000
v 174.023625 -79.243146 -12.500000
v 173.169076 -89.156970 -12.500000
v 172.171715 -98.845921 -12.500000
v 171.616338 -103.598365 -12.500000
v 171.021431 -108.285213 -12.500000
v 170.385775 -112.902910 -12.500000
v 169.708641 -117.448368 -12.500000
v 168.756399 -123.296068 -12.500000
v 167.730041 -129.007394 -12.500000
v 166.628005 -134.575489 -12.500000
v 164.462653 -123.329920 -20.312500
v 165.295969 -117.836964 -20.312500
v 166.067354 -112.166511 -20.312500
v 166.614760 -107.731105 -20.312500
v 167.127717 -103.203782 -20.312500
v 167.606924 -98.589474 -20.312500
v 168.053483 -93.893812 -20.312500
v 168.853271 -84.279137 -20.312500
v 169.536054 -74.400288 -20.312500
v 170.000392 -66.402171 -20.312500
v 170.401181 -58.283341 -20.312500
v 170.742972 -50.062344 -20.312500
v 171.029921 -41.754447 -20.312500
v 171.385170 -28.316593 -20.312500
v 171.625811 -14.746100 -20.312500
v 171.761613 -1.068260 -20.312500
v 171.801095 12.696559 -20.312500
v 171.746579 26.545670 -20.312500
v 171.593662 40.487210 -20.312500
v 171.330211 54.528512 -20.312500
v 170.938032 68.674598 -20.312500
v 170.347290 83.928943 -20.312500
v 169.544997 99.309888 -20.312500
v 168.490921 114.821253 -20.312500
v 167.856285 122.626662 -20.312500
v 167.142899 130.465637 -20.312500
v 166.345498 138.338489 -20.312500
v 165.458819 146.245529 -20.312500
v 164.477596 154.187068 -20.312500
v 163.396566 162.163416 -20.312500
v 162.210464 170.174885 -20.312500
v 160.914020 178.221784 -20.312500
v 159.502200 186.304315 -20.312500
v 157.972004 194.422573 -20.312500
v 156.195251 203.175349 -20.312500
v 154.276338 211.969546 -20.312500
v 152.212256 220.805303 -20.312500
v 152.311229 222.285734 -18.750000
v 154.467923 213.362327 -18.750000
v 156.473213 204.475606 -18.750000
v 158.330230 195.625778 -18.750000
v 159.929825 187.413319 -18.750000
v 161.405947 179.233236 -18.750000
v 162.761725 171.085776 -18.750000
v 164.002403 162.971327 -18.750000
v 165.133465 154.890197 -18.750000
v 166.160390 146.842691 -18.750000
v 167.088656 138.829116 -18.750000
v 167.923742 130.849777 -18.750000
v 168.671125 122.904980 -18.750000
v 169.336284 114.995031 -18.750000
v 170.441843 99.280897 -18.750000
v 171.284291 83.709708 -18.750000
v 171.905450 68.282169 -18.750000
v 172.318478 53.992948 -18.750000
v 172.596447 39.829175 -18.750000
v 172.758213 25.787179 -18.750000
v 172.816307 11.859944 -18.750000
v 172.775207 -1.961683 -18.750000
v 172.632413 -15.677231 -18.750000
v 172.379043 -29.269698 -18.750000
v 172.004922 -42.717410 -18.750000
v 171.702830 -51.027501 -18.750000
v 171.343163 -59.249239 -18.750000
v 170.921636 -67.368705 -18.750000
v 170.433568 -75.368859 -18.750000
v 169.716432 -85.254703 -18.750000
v 168.877129 -94.884234 -18.750000
v 168.408806 -99.591252 -18.750000
v 167.906460 -104.220068 -18.750000
v 167.368963 -108.765466 -18.750000
v 166.795611 -113.222882 -18.750000
v 165.988055 -118.928785 -18.750000
v 165.116130 -124.465415 -18.750000
v 164.178317 -129.822620 -18.750000
v 159.278940 -120.316882 -31.250000
v 159.888309 -115.381457 -31.250000
v 160.451367 -110.194217 -31.250000
v 160.969551 -104.771911 -31.250000
v 161.335339 -100.490578 -31.250000
v 161.676518 -96.089777 -31.250000
v 161.993744 -91.577027 -31.250000
v 162.287959 -86.960861 -31.250000
v 162.811143 -77.450171 -31.250000
v 163.253454 -67.620286 -31.250000
v 163.551678 -59.636435 -31.250000
v 163.807303 -51.522056 -31.250000
v 164.023969 -43.306241 -31.250000
v 164.204914 -35.013705 -31.250000
v 164.428061 -21.644858 -31.250000
v 164.579591 -8.228181 -31.250000
v 164.666460 5.185696 -31.250000
v 164.694606 18.552866 -31.250000
v 164.665145 31.855108 -31.250000
v 164.574171 45.093451 -31.250000
v 164.412343 58.277462 -31.250000
v 164.166104 71.421599 -31.250000
v 163.788287 85.463582 -31.250000
v 163.267077 99.512827 -31.250000
v 162.573376 113.604809 -31.250000
v 162.152405 120.678436 -31.250000
v 161.676999 127.776657 -31.250000
v 161.143393 134.904100 -31.250000
v 160.547820 142.065393 -31.250000
v 159.886514 149.265164 -31.250000
v 159.155708 156.508041 -31.250000
v 158.351638 163.798651 -31.250000
v 157.470532 171.141626 -31.250000
v 156.508829 178.541282 -31.250000
v 155.464417 186.000138 -31.250000
v 154.249520 194.073551 -31.250000
v 152.935239 202.220082 -31.250000
v 151.519442 210.442283 -31.250000
v 151.915336 216.364008 -25.000000
v 153.701581 207.791204 -25.000000
v 155.361367 199.274578 -25.000000
v 156.897323 190.812958 -25.000000
v 158.219327 182.977301 -25.000000
v 159.438239 175.187431 -25.000000
v 160.556681 167.442213 -25.000000
v 161.579056 159.739684 -25.000000
v 162.509989 152.077681 -25.000000
v 163.354105 144.454042 -25.000000
v 164.116025 136.866608 -25.000000
v 164.800371 129.313217 -25.000000
v 165.411765 121.791708 -25.000000
v 165.954830 114.299920 -25.000000
v 166.854460 99.396862 -25.000000
v 167.536289 84.586645 -25.000000
v 168.035777 69.851884 -25.000000
v 168.365410 56.135205 -25.000000
v 168.585309 42.461313 -25.000000
v 168.711679 28.821144 -25.000000
v 168.755456 15.206405 -25.000000
v 168.720833 1.612007 -25.000000
v 168.606002 -11.952706 -25.000000
v 168.403552 -25.457278 -25.000000
v 168.104918 -38.865557 -25.000000
v 167.863399 -47.166871 -25.000000
v 167.575233 -55.385647 -25.000000
v 167.236657 -63.502570 -25.000000
v 166.843511 -71.494573 -25.000000
v 166.263788 -81.352437 -25.000000
v 165.582544 -90.922547 -25.000000
v 165.201275 -95.584139 -25.000000
v 164.791489 -100.154923 -25.000000
v 164.352151 -104.628022 -25.000000
v 163.882581 -108.997397 -25.000000
v 163.219711 -114.561501 -25.000000
v 162.502219 -119.923436 -25.000000
v 161.728629 -125.069751 -25.000000
v 158.054096 -117.940447 -34.375000
v 158.581353 -113.110467 -34.375000
v 159.067195 -108.010575 -34.375000
v 159.513035 -102.659168 -34.375000
v 159.826933 -98.421856 -34.375000
v 160.119032 -94.057205 -34.375000
v 160.389978 -89.573470 -34.375000
v 160.640666 -84.980017 -34.375000
v 161.084821 -75.499038 -34.375000
v 161.458426 -65.683143 -34.375000
v 161.709189 -57.703368 -34.375000
v 161.923337 -49.590260 -34.375000
v 162.104254 -41.375925 -34.375000
v 162.254912 -33.087779 -34.375000
v 162.440316 -19.738648 -34.375000
v 162.566385 -6.365918 -34.375000
v 162.639273 6.972541 -34.375000
v 162.664180 20.226097 -34.375000
v 162.641878 33.372091 -34.375000
v 162.568602 46.409520 -34.375000
v 162.435810 59.348590 -34.375000
v 162.231267 72.206456 -34.375000
v 161.914287 85.902051 -34.375000
v 161.473386 99.570810 -34.375000
v 160.882648 113.257254 -34.375000
v 160.522725 120.121800 -34.375000
v 160.115314 127.008377 -34.375000
v 159.657077 133.922846 -34.375000
v 159.144677 140.871069 -34.375000
v 158.574776 147.858906 -34.375000
v 157.944035 154.892219 -34.375000
v 157.249116 161.976869 -34.375000
v 156.486679 169.118724 -34.375000
v 155.653580 176.323272 -34.375000
v 154.747963 183.593728 -34.375000
v 153.693597 191.473037 -34.375000
v 152.552068 199.434521 -34.375000
v 151.321495 207.481420 -34.375000
v 155.604408 -113.187578 -40.625000
v 155.967443 -108.568488 -40.625000
v 156.298851 -103.643292 -40.625000
v 156.600005 -98.433683 -40.625000
v 156.810121 -94.284412 -40.625000
v 157.004061 -89.992059 -40.625000
v 157.182447 -85.566358 -40.625000
v 157.346081 -81.018330 -40.625000
v 157.632177 -71.596771 -40.625000
v 157.868369 -61.808857 -40.625000
v 158.024210 -53.837233 -40.625000
v 158.155407 -45.726668 -40.625000
v 158.264823 -37.515295 -40.625000
v 158.354908 -29.235926 -40.625000
v 158.464825 -15.926228 -40.625000
v 158.539974 -2.641393 -40.625000
v 158.584900 10.546230 -40.625000
v 158.603329 23.572558 -40.625000
v 158.595343 36.406055 -40.625000
v 158.557464 49.041657 -40.625000
v 158.482742 61.490847 -40.625000
v 158.361594 73.776171 -40.625000
v 158.166285 86.778988 -40.625000
v 157.886003 99.686775 -40.625000
v 157.501194 112.562144 -40.625000
v 157.263364 119.008528 -40.625000
v 156.991942 125.471817 -40.625000
v 156.684445 131.960338 -40.625000
v 156.338392 138.482420 -40.625000
v 155.951300 145.046390 -40.625000
v 155.520688 151.660576 -40.625000
v 155.044073 158.333307 -40.625000
v 154.518971 165.072919 -40.625000
v 153.943083 171.887254 -40.625000
v 153.315056 178.780908 -40.625000
v 152.581751 186.272009 -40.625000
v 151.785726 193.863398 -40.625000
v 150.925602 201.559694 -40.625000
v 151.123549 204.520557 -37.500000
v 152.168897 196.648959 -37.500000
v 153.137674 188.872523 -37.500000
v 154.031510 181.187318 -37.500000
v 154.798332 174.105263 -37.500000
v 155.502825 167.095821 -37.500000
v 156.146595 160.155088 -37.500000
v 156.732361 153.276398 -37.500000
v 157.263038 146.452648 -37.500000
v 157.741535 139.676745 -37.500000
v 158.170761 132.941592 -37.500000
v 158.553628 126.240097 -37.500000
v 158.893045 119.565164 -37.500000
v 159.191921 112.909699 -37.500000
v 159.679695 99.628792 -37.500000
v 160.040286 86.340519 -37.500000
v 160.296430 72.991314 -37.500000
v 160.459276 60.419719 -37.500000
v 160.563033 47.725589 -37.500000
v 160.618610 34.889073 -37.500000
v 160.633755 21.899328 -37.500000
v 160.612087 8.759385 -37.500000
v 160.553180 -4.503656 -37.500000
v 160.452571 -17.832438 -37.500000
v 160.304910 -31.161852 -37.500000
v 160.184539 -39.445610 -37.500000
v 160.039372 -47.658464 -37.500000
v 159.866699 -55.770300 -37.500000
v 159.663397 -63.746000 -37.500000
v 159.358499 -73.547904 -37.500000
v 158.993374 -82.999174 -37.500000
v 158.786213 -87.569914 -37.500000
v 158.561546 -92.024632 -37.500000
v 158.318527 -96.353134 -37.500000
v 158.056520 -100.546426 -37.500000
v 157.683023 -105.826934 -37.500000
v 157.274398 -110.839478 -37.500000
v 156.829252 -115.564013 -37.500000
v 153.353532 -104.026509 -46.875000
v 153.530506 -99.276008 -46.875000
v 153.686975 -94.208197 -46.875000
v 153.793309 -90.146968 -46.875000
v 153.889089 -85.926914 -46.875000
v 153.974916 -81.559245 -46.875000
v 154.051496 -77.056644 -46.875000
v 154.179533 -67.694505 -46.875000
v 154.278312 -57.934570 -46.875000
v 154.339230 -49.971098 -46.875000
v 154.387477 -41.863076 -46.875000
v 154.425393 -33.654664 -46.875000
v 154.454904 -25.384073 -46.875000
v 154.489334 -12.113808 -46.875000
v 154.513563 1.083132 -46.875000
v 154.530527 14.119919 -46.875000
v 154.542479 26.919019 -46.875000
v 154.548809 39.440020 -46.875000
v 154.546326 51.673795 -46.875000
v 154.529675 63.633104 -46.875000
v 154.491921 75.345886 -46.875000
v 154.418283 87.655924 -46.875000
v 154.298620 99.802740 -46.875000
v 154.119740 111.867033 -46.875000
v 154.004004 117.895256 -46.875000
v 153.868571 123.935257 -46.875000
v 153.711814 129.997830 -46.875000
v 153.532107 136.093771 -46.875000
v 153.327824 142.233874 -46.875000
v 153.097341 148.428933 -46.875000
v 152.839029 154.689744 -46.875000
v 152.551264 161.027114 -46.875000
v 152.232585 167.451235 -46.875000
v 151.882149 173.968088 -46.875000
v 151.469904 181.070982 -46.875000
v 151.019383 188.292276 -46.875000
v 150.727655 198.598831 -43.750000
v 151.402555 191.077837 -43.750000
v 152.025827 183.671496 -43.750000
v 152.598603 176.374498 -43.750000
v 153.087834 169.669244 -43.750000
v 153.535118 163.050016 -43.750000
v 153.941551 156.511526 -43.750000
v 154.309014 150.044755 -43.750000
v 154.639562 143.640132 -43.750000
v 154.935249 137.288096 -43.750000
v 155.198130 130.979084 -43.750000
v 155.430256 124.703537 -43.750000
v 155.633684 118.451892 -43.750000
v 155.810467 112.214588 -43.750000
v 156.092312 99.744757 -43.750000
v 156.292284 87.217456 -43.750000
v 156.426757 74.561029 -43.750000
v 156.506209 62.561976 -43.750000
v 156.551895 50.357726 -43.750000
v 156.572076 37.923038 -43.750000
v 156.572904 25.245789 -43.750000
v 156.557714 12.333075 -43.750000
v 156.526769 -0.779131 -43.750000
v 156.477080 -14.020018 -43.750000
v 156.404906 -27.310000 -43.750000
v 156.345108 -35.584980 -43.750000
v 156.271442 -43.794872 -43.750000
v 156.181720 -51.904165 -43.750000
v 156.073340 -59.871713 -43.750000
v 155.905855 -69.645638 -43.750000
v 155.698788 -79.037487 -43.750000
v 155.578681 -83.562801 -43.750000
v 155.446575 -87.959487 -43.750000
v 155.301715 -92.215690 -43.750000
v 155.143490 -96.320940 -43.750000
v 154.914679 -101.459650 -43.750000
v 154.660487 -106.297498 -43.750000
v 154.379564 -110.811144 -43.750000
v 154.084752 210.576766 -21.875000
v 155.917290 201.875092 -21.875000
v 157.613777 193.219368 -21.875000
v 159.074576 185.195310 -21.875000
v 160.422093 177.210333 -21.875000
v 161.659203 169.263994 -21.875000
v 162.790729 161.355505 -21.875000
v 163.821727 153.483939 -21.875000
v 164.757248 145.648367 -21.875000
v 165.602340 137.847862 -21.875000
v 166.362056 130.081497 -21.875000
v 167.041445 122.348344 -21.875000
v 167.645557 114.647475 -21.875000
v 168.648152 99.338880 -21.875000
v 169.410290 84.148177 -21.875000
v 169.970614 69.067026 -21.875000
v 170.341944 55.064076 -21.875000
v 170.590878 41.145244 -21.875000
v 170.734946 27.304161 -21.875000
v 170.785882 13.533174 -21.875000
v 170.748020 -0.174838 -21.875000
v 170.619208 -13.814969 -21.875000
v 170.391298 -27.363488 -21.875000
v 170.054920 -40.791484 -21.875000
v 169.783115 -49.097186 -21.875000
v 169.459198 -57.317443 -21.875000
v 169.079147 -65.435638 -21.875000
v 168.638539 -73.431716 -21.875000
v 167.990110 -83.303570 -21.875000
v 167.229837 -92.903391 -21.875000
v 166.805041 -97.587696 -21.875000
v 166.348974 -102.187495 -21.875000
v 165.860557 -106.696744 -21.875000
v 165.339096 -111.110139 -21.875000
v 164.603883 -116.745143 -21.875000
v 163.809175 -122.194425 -21.875000
v 162.953473 -127.446186 -21.875000
v 152.410203 223.766166 -17.187500
v 154.659509 214.755107 -17.187500
v 156.751175 205.775863 -17.187500
v 158.688457 196.828983 -17.187500
v 160.357449 188.522324 -17.187500
v 161.897873 180.244687 -17.187500
v 163.312986 171.996666 -17.187500
v 164.608239 163.779238 -17.187500
v 165.789334 155.593326 -17.187500
v 166.861961 147.439854 -17.187500
v 167.831814 139.319743 -17.187500
v 168.704585 131.233917 -17.187500
v 169.485965 123.183298 -17.187500
v 170.181648 115.168808 -17.187500
v 171.338689 99.251906 -17.187500
v 172.221291 83.490474 -17.187500
v 172.872869 67.889740 -17.187500
v 173.306744 53.457384 -17.187500
v 173.599231 39.171141 -17.187500
v 173.769846 25.028688 -17.187500
v 173.831520 11.023328 -17.187500
v 173.788800 -2.855105 -17.187500
v 173.639016 -16.608362 -17.187500
v 173.372916 -30.222803 -17.187500
v 172.979923 -43.680373 -17.187500
v 172.662687 -51.992659 -17.187500
v 172.285146 -60.215137 -17.187500
v 171.842881 -68.335239 -17.187500
v 171.331082 -76.337431 -17.187500
v 170.579593 -86.230270 -17.187500
v 169.700776 -95.874656 -17.187500
v 169.210689 -100.593030 -17.187500
v 168.685203 -105.236354 -17.187500
v 168.123166 -109.799827 -17.187500
v 167.523869 -114.279254 -17.187500
v 166.680141 -120.020605 -17.187500
v 165.769608 -125.600910 -17.187500
v 164.790739 -131.010837 -17.187500
v 152.806096 229.687892 -10.937500
v 155.425851 220.326230 -10.937500
v 157.863021 210.976891 -10.937500
v 160.121364 201.641803 -10.937500
v 162.067947 192.958343 -10.937500
v 163.865581 184.290492 -10.937500
v 165.518029 175.640229 -10.937500
v 167.031587 167.010881 -10.937500
v 168.412810 158.405842 -10.937500
v 169.668247 149.828503 -10.937500
v 170.804446 141.282251 -10.937500
v 171.827956 132.770477 -10.937500
v 172.745325 124.296570 -10.937500
v 173.563102 115.863919 -10.937500
v 174.926071 99.135941 -10.937500
v 175.969293 82.613537 -10.937500
v 176.742542 66.320025 -10.937500
v 177.259812 51.315127 -10.937500
v 177.610369 36.539003 -10.937500
v 177.816380 21.994723 -10.937500
v 177.892371 7.676867 -10.937500
v 177.843173 -6.428794 -10.937500
v 177.665427 -20.332888 -10.937500
v 177.348407 -34.035224 -10.937500
v 176.879928 -47.532225 -10.937500
v 176.502118 -55.853289 -10.937500
v 176.053076 -64.078729 -10.937500
v 175.527860 -72.201374 -10.937500
v 174.921139 -80.211718 -10.937500
v 174.032237 -90.132536 -10.937500
v 172.995361 -99.836343 -10.937500
v 172.418220 -104.600143 -10.937500
v 171.800174 -109.301500 -10.937500
v 171.139978 -113.937271 -10.937500
v 170.436899 -118.504739 -10.937500
v 169.448485 -124.387889 -10.937500
v 168.383519 -130.142889 -10.937500
v 167.240427 -135.763707 -10.937500
v 153.201990 235.609618 -4.687500
v 156.192193 225.897352 -4.687500
v 158.974867 216.177918 -4.687500
v 161.554271 206.454623 -4.687500
v 163.778445 197.394362 -4.687500
v 165.833288 188.336296 -4.687500
v 167.723073 179.283791 -4.687500
v 169.454934 170.242524 -4.687500
v 171.036285 161.218359 -4.687500
v 172.474532 152.217152 -4.687500
v 173.777078 143.244759 -4.687500
v 174.951328 134.307037 -4.687500
v 176.004686 125.409842 -4.687500
v 176.944557 116.559029 -4.687500
v 178.513454 99.019975 -4.687500
v 179.717294 81.736600 -4.687500
v 180.612215 64.750310 -4.687500
v 181.212879 49.172870 -4.687500
v 181.621507 33.906865 -4.687500
v 181.862914 18.960758 -4.687500
v 181.953222 4.330406 -4.687500
v 181.897546 -10.002484 -4.687500
v 181.691838 -24.057413 -4.687500
v 181.323898 -37.847644 -4.687500
v 180.779932 -51.384078 -4.687500
v 180.341548 -59.713920 -4.687500
v 179.821007 -67.942321 -4.687500
v 179.212840 -76.067509 -4.687500
v 178.511196 -84.086004 -4.687500
v 177.484881 -94.034803 -4.687500
v 176.289946 -103.798029 -4.687500
v 175.625752 -108.607255 -4.687500
v 174.915145 -113.366645 -4.687500
v 174.156789 -118.074715 -4.687500
v 173.349929 -122.730225 -4.687500
v 172.216829 -128.755173 -4.687500
v 170.997429 -134.684868 -4.687500
v 169.690116 -140.516576 -4.687500
v 171.650907 -135.820363 -3.125000
v 172.908915 -129.846994 -3.125000
v 174.078187 -123.786596 -3.125000
v 174.910992 -119.109076 -3.125000
v 175.693888 -114.382931 -3.125000
v 176.427634 -109.609033 -3.125000
v 177.113592 -104.788451 -3.125000
v 178.348042 -95.010369 -3.125000
v 179.408710 -85.054576 -3.125000
v 180.134084 -77.034042 -3.125000
v 180.762989 -68.908218 -3.125000
v 181.301406 -60.679078 -3.125000
v 181.754933 -52.347041 -3.125000
v 182.317770 -38.800749 -3.125000
v 182.698441 -24.988544 -3.125000
v 182.911140 -10.895906 -3.125000
v 182.968434 3.493791 -3.125000
v 182.874548 18.202267 -3.125000
v 182.624291 33.248831 -3.125000
v 182.201146 48.637306 -3.125000
v 181.579633 64.357882 -3.125000
v 180.654295 81.517366 -3.125000
v 179.410300 98.990984 -3.125000
v 177.789920 116.732807 -3.125000
v 176.819526 125.688160 -3.125000
v 175.732170 134.691177 -3.125000
v 174.520236 143.735386 -3.125000
v 173.176103 152.814314 -3.125000
v 171.692154 161.921488 -3.125000
v 170.060771 171.050434 -3.125000
v 168.274334 180.194682 -3.125000
v 166.325215 189.347748 -3.125000
v 164.206069 198.503366 -3.125000
v 161.912498 207.657828 -3.125000
v 159.252829 217.478175 -3.125000
v 156.383779 227.290133 -3.125000
v 169.036996 -131.278383 -9.375000
v 170.140571 -125.479710 -9.375000
v 171.165157 -119.561111 -9.375000
v 171.894180 -114.971632 -9.375000
v 172.578917 -110.317786 -9.375000
v 173.220103 -105.601921 -9.375000
v 173.819007 -100.826764 -9.375000
v 174.895398 -91.108103 -9.375000
v 175.818653 -81.180289 -9.375000
v 176.449105 -73.167907 -9.375000
v 176.995059 -65.044627 -9.375000
v 177.461975 -56.818447 -9.375000
v 177.854929 -48.495189 -9.375000
v 178.342279 -34.988329 -9.375000
v 178.672030 -21.264019 -9.375000
v 178.856766 -7.322217 -9.375000
v 178.907584 6.840252 -9.375000
v 178.828014 21.236232 -9.375000
v 178.613153 35.880969 -9.375000
v 178.248079 50.779563 -9.375000
v 177.709960 65.927597 -9.375000
v 176.906293 82.394303 -9.375000
v 175.822917 99.106949 -9.375000
v 174.408466 116.037696 -9.375000
v 173.560166 124.574888 -9.375000
v 172.608799 133.154617 -9.375000
v 171.547604 141.772878 -9.375000
v 170.369818 150.425665 -9.375000
v 169.068678 159.108971 -9.375000
v 167.637423 167.818791 -9.375000
v 166.069290 176.551119 -9.375000
v 164.357507 185.301943 -9.375000
v 162.495572 194.067348 -9.375000
v 160.479591 202.845008 -9.375000
v 158.140983 212.277147 -9.375000
v 155.617436 221.719010 -9.375000
v 132.275635 -144.996749 -6.250000
v 134.551270 -139.993498 -12.500000
v 136.826905 -134.990248 -18.750000
v 139.102540 -129.986997 -25.000000
v 141.378175 -124.983746 -31.250000
v 143.653810 -119.980495 -37.500000
v 145.929445 -114.977244 -43.750000
v 166.480272 -147.714937 -3.125000
v 132.687295 -147.642204 -3.125000
v 154.609968 -120.294181 -40.625000
v 145.179124 -119.348647 -40.625000
v 132.166802 -148.821102 -1.562500
v 133.764956 -148.887526 -1.562500
v 135.363378 -148.948303 -1.562500
v 136.962077 -149.003280 -1.562500
v 138.176116 -149.041052 -1.562500
v 139.390323 -149.075323 -1.562500
v 141.819250 -149.133094 -1.562500
v 144.248878 -149.176229 -1.562500
v 146.679218 -149.204511 -1.562500
v 147.894658 -149.213014 -1.562500
v 148.502446 -149.215845 -1.562500
v 149.110280 -149.217723 -1.562500
v 149.414214 -149.218305 -1.562500
v 149.718159 -149.218647 -1.562500
v 150.022116 -149.218749 -1.562500
v 150.326072 -149.218612 -1.562500
v 150.630015 -149.218235 -1.562500
v 150.933948 -149.217619 -1.562500
v 151.541778 -149.215672 -1.562500
v 152.149563 -149.212773 -1.562500
v 152.757303 -149.208926 -1.562500
v 153.972646 -149.198401 -1.562500
v 156.402793 -149.166117 -1.562500
v 158.002716 -149.136761 -1.562500
v 159.602333 -149.101045 -1.562500
v 160.831512 -149.069323 -1.562500
v 162.060517 -149.033958 -1.562500
v 163.289352 -148.995020 -1.562500
v 164.518020 -148.952579 -1.562500
v 166.974868 -148.857468 -1.562500
v 134.769267 -142.926611 -9.375000
v 136.126643 -143.325154 -9.375000
v 137.485630 -143.689821 -9.375000
v 138.846273 -144.019680 -9.375000
v 139.880509 -144.246314 -9.375000
v 140.915748 -144.451936 -9.375000
v 142.989314 -144.798562 -9.375000
v 145.067082 -145.057375 -9.375000
v 147.149119 -145.227064 -9.375000
v 148.191759 -145.278084 -9.375000
v 148.713487 -145.295068 -9.375000
v 149.235490 -145.306340 -9.375000
v 149.496595 -145.309828 -9.375000
v 149.757768 -145.311881 -9.375000
v 150.019010 -145.312496 -9.375000
v 150.280242 -145.311672 -9.375000
v 150.541406 -145.309411 -9.375000
v 150.802500 -145.305716 -9.375000
v 151.324483 -145.294031 -9.375000
v 151.846192 -145.276637 -9.375000
v 152.367629 -145.253555 -9.375000
v 153.409687 -145.190403 -9.375000
v 155.490573 -144.996700 -9.375000
v 156.858559 -144.820563 -9.375000
v 158.224720 -144.606271 -9.375000
v 159.273454 -144.415938 -9.375000
v 160.321144 -144.203748 -9.375000
v 161.367811 -143.970119 -9.375000
v 162.413477 -143.715473 -9.375000
v 164.501888 -143.144811 -9.375000
v 165.491080 -145.429874 -6.250000
v 163.255294 -145.810315 -6.250000
v 162.136427 -145.980079 -6.250000
v 161.016893 -146.135832 -6.250000
v 159.896677 -146.277292 -6.250000
v 158.775765 -146.404181 -6.250000
v 157.316222 -146.547042 -6.250000
v 155.855461 -146.664467 -6.250000
v 153.634870 -146.793602 -6.250000
v 152.523498 -146.835704 -6.250000
v 151.967541 -146.851092 -6.250000
v 151.411401 -146.862687 -6.250000
v 150.855079 -146.870477 -6.250000
v 150.576850 -146.872941 -6.250000
v 150.298574 -146.874448 -6.250000
v 150.020252 -146.874997 -6.250000
v 149.741924 -146.874587 -6.250000
v 149.463642 -146.873219 -6.250000
v 149.185406 -146.870893 -6.250000
v 148.629071 -146.863379 -6.250000
v 148.072918 -146.852056 -6.250000
v 146.961158 -146.818043 -6.250000
v 144.739800 -146.704917 -6.250000
v 142.521288 -146.532374 -6.250000
v 140.305578 -146.301290 -6.250000
v 139.198752 -146.164209 -6.250000
v 138.092594 -146.013120 -6.250000
v 136.636729 -145.793214 -6.250000
v 135.181969 -145.550102 -6.250000
v 133.728281 -145.284407 -6.250000
v 136.851238 -138.211018 -15.625000
v 138.015993 -138.875256 -15.625000
v 139.183431 -139.483034 -15.625000
v 140.353630 -140.032800 -15.625000
v 141.244023 -140.410523 -15.625000
v 142.136088 -140.753226 -15.625000
v 143.925365 -141.330936 -15.625000
v 145.721645 -141.762291 -15.625000
v 147.525040 -142.045107 -15.625000
v 148.429439 -142.130140 -15.625000
v 148.882321 -142.158446 -15.625000
v 149.335659 -142.177234 -15.625000
v 149.562499 -142.183047 -15.625000
v 149.789455 -142.186469 -15.625000
v 150.016525 -142.187494 -15.625000
v 150.243579 -142.186120 -15.625000
v 150.470518 -142.182352 -15.625000
v 150.697342 -142.176193 -15.625000
v 151.150647 -142.156718 -15.625000
v 151.603496 -142.127729 -15.625000
v 152.055889 -142.089259 -15.625000
v 152.959320 -141.984006 -15.625000
v 154.760797 -141.661167 -15.625000
v 155.943235 -141.367605 -15.625000
v 157.122629 -141.010452 -15.625000
v 158.027007 -140.693231 -15.625000
v 158.929645 -140.339579 -15.625000
v 159.830579 -139.950198 -15.625000
v 160.729843 -139.525789 -15.625000
v 162.523504 -138.574685 -15.625000
v 163.512696 -140.859748 -12.500000
v 161.571660 -141.620631 -12.500000
v 160.599195 -141.960159 -12.500000
v 159.625395 -142.271663 -12.500000
v 158.650231 -142.554584 -12.500000
v 157.673674 -142.808361 -12.500000
v 156.400897 -143.094084 -12.500000
v 155.125685 -143.328934 -12.500000
v 153.184503 -143.587205 -12.500000
v 152.211759 -143.671407 -12.500000
v 151.724844 -143.702183 -12.500000
v 151.237565 -143.725374 -12.500000
v 150.749921 -143.740954 -12.500000
v 150.505962 -143.745881 -12.500000
v 150.261910 -143.748896 -12.500000
v 150.017767 -143.749995 -12.500000
v 149.773611 -143.749175 -12.500000
v 149.529547 -143.746438 -12.500000
v 149.285574 -143.741787 -12.500000
v 148.797904 -143.726757 -12.500000
v 148.310599 -143.704112 -12.500000
v 147.337079 -143.636085 -12.500000
v 145.394363 -143.409833 -12.500000
v 143.457339 -143.064749 -12.500000
v 141.525918 -142.602581 -12.500000
v 140.562266 -142.328418 -12.500000
v 139.599951 -142.026240 -12.500000
v 138.334530 -141.586427 -12.500000
v 137.071318 -141.100205 -12.500000
v 135.810252 -140.568814 -12.500000
v 139.974196 -131.137629 -25.000000
v 140.850018 -132.200410 -25.000000
v 141.730133 -133.172855 -25.000000
v 142.614665 -134.052480 -25.000000
v 143.289295 -134.656836 -25.000000
v 143.966599 -135.205162 -25.000000
v 145.329442 -136.129498 -25.000000
v 146.703489 -136.819666 -25.000000
v 148.088921 -137.272170 -25.000000
v 148.785960 -137.408224 -25.000000
v 149.135570 -137.453514 -25.000000
v 149.485911 -137.483574 -25.000000
v 149.661356 -137.492876 -25.000000
v 149.836985 -137.498350 -25.000000
v 150.012797 -137.499990 -25.000000
v 150.188584 -137.497792 -25.000000
v 150.364186 -137.491763 -25.000000
v 150.539605 -137.481908 -25.000000
v 150.889893 -137.450749 -25.000000
v 151.239450 -137.404367 -25.000000
v 151.588281 -137.342814 -25.000000
v 152.283769 -137.174409 -25.000000
v 153.666132 -136.657868 -25.000000
v 154.570247 -136.188169 -25.000000
v 155.469493 -135.616723 -25.000000
v 156.157337 -135.109169 -25.000000
v 156.842397 -134.543327 -25.000000
v 157.524730 -133.920317 -25.000000
v 158.204391 -133.241262 -25.000000
v 159.555928 -131.719496 -25.000000
v 161.534312 -136.289622 -18.750000
v 159.888025 -137.430946 -18.750000
v 159.061962 -137.940238 -18.750000
v 158.233896 -138.407495 -18.750000
v 157.403784 -138.831877 -18.750000
v 156.571584 -139.212542 -18.750000
v 155.485572 -139.641127 -18.750000
v 154.395909 -139.993401 -18.750000
v 152.734136 -140.380807 -18.750000
v 151.900020 -140.507111 -18.750000
v 151.482147 -140.553275 -18.750000
v 151.063729 -140.588062 -18.750000
v 150.644763 -140.611431 -18.750000
v 150.435074 -140.618822 -18.750000
v 150.225247 -140.623344 -18.750000
v 150.015282 -140.624992 -18.750000
v 149.805298 -140.623762 -18.750000
v 149.595452 -140.619657 -18.750000
v 149.385743 -140.612680 -18.750000
v 148.966737 -140.590136 -18.750000
v 148.548280 -140.556168 -18.750000
v 147.713000 -140.454128 -18.750000
v 146.048926 -140.114750 -18.750000
v 144.393390 -139.597123 -18.750000
v 142.746258 -138.903871 -18.750000
v 141.925781 -138.492627 -18.750000
v 141.107308 -138.039360 -18.750000
v 140.032332 -137.379641 -18.750000
v 138.960668 -136.650307 -18.750000
v 137.892224 -135.853221 -18.750000
v 141.015181 -128.779832 -28.125000
v 141.794693 -129.975461 -28.125000
v 142.579033 -131.069462 -28.125000
v 143.368343 -132.059040 -28.125000
v 143.971052 -132.738941 -28.125000
v 144.576769 -133.355807 -28.125000
v 145.797467 -134.395685 -28.125000
v 147.030771 -135.172125 -28.125000
v 148.276881 -135.681192 -28.125000
v 148.904801 -135.834253 -28.125000
v 149.219987 -135.885203 -28.125000
v 149.535995 -135.919020 -28.125000
v 149.694309 -135.929485 -28.125000
v 149.852829 -135.935644 -28.125000
v 150.011555 -135.937489 -28.125000
v 150.170252 -135.935016 -28.125000
v 150.328742 -135.928233 -28.125000
v 150.487025 -135.917147 -28.125000
v 150.802974 -135.882092 -28.125000
v 151.118102 -135.829912 -28.125000
v 151.432411 -135.760666 -28.125000
v 152.058585 -135.571210 -28.125000
v 153.301244 -134.990101 -28.125000
v 154.112585 -134.461690 -28.125000
v 154.918447 -133.818813 -28.125000
v 155.534113 -133.247815 -28.125000
v 156.146648 -132.611243 -28.125000
v 156.756113 -131.910357 -28.125000
v 157.362574 -131.146420 -28.125000
v 158.566736 -129.434433 -28.125000
v 144.138139 -121.706443 -37.500000
v 144.628718 -123.300614 -37.500000
v 145.125735 -124.759282 -37.500000
v 145.629379 -126.078719 -37.500000
v 146.016324 -126.985254 -37.500000
v 146.407279 -127.807742 -37.500000
v 147.201544 -129.194246 -37.500000
v 148.012615 -130.229499 -37.500000
v 148.840763 -130.908256 -37.500000
v 149.261322 -131.112337 -37.500000
v 149.473237 -131.180271 -37.500000
v 149.686248 -131.225361 -37.500000
v 149.793166 -131.239313 -37.500000
v 149.900359 -131.247525 -37.500000
v 150.007827 -131.249985 -37.500000
v 150.115257 -131.246689 -37.500000
v 150.222410 -131.237644 -37.500000
v 150.329288 -131.222862 -37.500000
v 150.542220 -131.176123 -37.500000
v 150.754057 -131.106550 -37.500000
v 150.964802 -131.014221 -37.500000
v 151.383035 -130.761614 -37.500000
v 152.206580 -129.986802 -37.500000
v 152.739597 -129.282253 -37.500000
v 153.265311 -128.425084 -37.500000
v 153.664443 -127.663753 -37.500000
v 154.059399 -126.814990 -37.500000
v 154.450264 -125.880476 -37.500000
v 154.837123 -124.861893 -37.500000
v 155.599160 -122.579244 -37.500000
v 157.577544 -127.149370 -31.250000
v 156.520757 -129.051577 -31.250000
v 155.987497 -129.900397 -31.250000
v 155.450898 -130.679158 -31.250000
v 154.910890 -131.386461 -31.250000
v 154.367402 -132.020904 -31.250000
v 153.654922 -132.735211 -31.250000
v 152.936356 -133.322335 -31.250000
v 151.833402 -133.968012 -31.250000
v 151.276541 -134.178518 -31.250000
v 150.996754 -134.255458 -31.250000
v 150.716056 -134.313436 -31.250000
v 150.434446 -134.352385 -31.250000
v 150.293298 -134.364704 -31.250000
v 150.151920 -134.372240 -31.250000
v 150.010312 -134.374987 -31.250000
v 149.868672 -134.372937 -31.250000
v 149.727261 -134.366095 -31.250000
v 149.586080 -134.354467 -31.250000
v 149.304404 -134.316893 -31.250000
v 149.023641 -134.260281 -31.250000
v 148.464842 -134.090213 -31.250000
v 147.358052 -133.524583 -31.250000
v 146.265493 -132.661872 -31.250000
v 145.186939 -131.506452 -31.250000
v 144.652809 -130.821045 -31.250000
v 144.122022 -130.065600 -31.250000
v 143.427934 -128.966069 -31.250000
v 142.739368 -127.750512 -31.250000
v 142.056167 -126.422036 -31.250000
v 144.658631 -120.527545 -39.062500
v 145.101055 -122.188140 -39.062500
v 145.550185 -123.707586 -39.062500
v 146.006218 -125.081999 -39.062500
v 146.357202 -126.026306 -39.062500
v 146.712365 -126.883065 -39.062500
v 147.435556 -128.327340 -39.062500
v 148.176256 -129.405729 -39.062500
v 148.934743 -130.112766 -39.062500
v 149.320742 -130.325351 -39.062500
v 149.515445 -130.396116 -39.062500
v 149.711290 -130.443084 -39.062500
v 149.809642 -130.457618 -39.062500
v 149.908281 -130.466172 -39.062500
v 150.007206 -130.468734 -39.062500
v 150.106091 -130.465301 -39.062500
v 150.204688 -130.455880 -39.062500
v 150.302999 -130.440482 -39.062500
v 150.498761 -130.391795 -39.062500
v 150.693383 -130.319323 -39.062500
v 150.886867 -130.223147 -39.062500
v 151.270443 -129.960014 -39.062500
v 152.024136 -129.152919 -39.062500
v 152.510766 -128.419014 -39.062500
v 152.989788 -127.526129 -39.062500
v 153.352832 -126.733076 -39.062500
v 153.711525 -125.848948 -39.062500
v 154.065956 -124.875496 -39.062500
v 154.416214 -123.814472 -39.062500
v 155.104564 -121.436712 -39.062500
v 147.261096 -114.633054 -46.875000
v 147.462742 -116.625768 -46.875000
v 147.672437 -118.449103 -46.875000
v 147.890414 -120.098399 -46.875000
v 148.061595 -121.231568 -46.875000
v 148.237790 -122.259678 -46.875000
v 148.605620 -123.992808 -46.875000
v 148.994460 -125.286874 -46.875000
v 149.404644 -126.135320 -46.875000
v 149.617843 -126.390421 -46.875000
v 149.726487 -126.475339 -46.875000
v 149.836501 -126.531701 -46.875000
v 149.892023 -126.549142 -46.875000
v 149.947890 -126.559406 -46.875000
v 150.004100 -126.562481 -46.875000
v 150.060261 -126.558361 -46.875000
v 150.116078 -126.547056 -46.875000
v 150.171551 -126.528578 -46.875000
v 150.281466 -126.470154 -46.875000
v 150.390012 -126.383187 -46.875000
v 150.497193 -126.267777 -46.875000
v 150.707484 -125.952017 -46.875000
v 151.111915 -124.983502 -46.875000
v 151.366610 -124.102816 -46.875000
v 151.612175 -123.031355 -46.875000
v 151.794773 -122.079692 -46.875000
v 151.972151 -121.018738 -46.875000
v 152.144415 -119.850595 -46.875000
v 152.311672 -118.577366 -46.875000
v 152.631584 -115.724055 -46.875000
v 153.620776 -118.009118 -43.750000
v 153.153489 -120.672208 -43.750000
v 152.913032 -121.860555 -43.750000
v 152.667901 -122.950822 -43.750000
v 152.417996 -123.941046 -43.750000
v 152.163220 -124.829265 -43.750000
v 151.824272 -125.829295 -43.750000
v 151.476803 -126.651269 -43.750000
v 150.932667 -127.555216 -43.750000
v 150.653063 -127.849925 -43.750000
v 150.511360 -127.957642 -43.750000
v 150.368384 -128.038810 -43.750000
v 150.224130 -128.093339 -43.750000
v 150.151522 -128.110585 -43.750000
v 150.078593 -128.121137 -43.750000
v 150.005342 -128.124982 -43.750000
v 149.932046 -128.122112 -43.750000
v 149.859071 -128.112532 -43.750000
v 149.786417 -128.096254 -43.750000
v 149.642070 -128.043650 -43.750000
v 149.499002 -127.964393 -43.750000
v 149.216684 -127.726298 -43.750000
v 148.667178 -126.934416 -43.750000
v 148.137595 -125.726621 -43.750000
v 147.627620 -124.109033 -43.750000
v 147.379838 -123.149463 -43.750000
v 147.136736 -122.091839 -43.750000
v 146.823536 -120.552496 -43.750000
v 146.518067 -118.850717 -43.750000
v 146.220110 -116.990850 -43.750000
v 153.995306 -122.767050 -40.625000
v 153.681648 -123.870516 -40.625000
v 153.363650 -124.882906 -40.625000
v 153.041220 -125.802399 -40.625000
v 152.714266 -126.627175 -40.625000
v 152.281935 -127.555774 -40.625000
v 151.841691 -128.319035 -40.625000
v 151.157851 -129.158415 -40.625000
v 150.808932 -129.432073 -40.625000
v 150.632708 -129.532096 -40.625000
v 150.455302 -129.607467 -40.625000
v 150.276709 -129.658101 -40.625000
v 150.186966 -129.674115 -40.625000
v 150.096925 -129.683913 -40.625000
v 150.006585 -129.687483 -40.625000
v 149.916203 -129.684819 -40.625000
v 149.826118 -129.675923 -40.625000
v 149.736332 -129.660807 -40.625000
v 149.557654 -129.611960 -40.625000
v 149.380162 -129.538365 -40.625000
v 149.028723 -129.317277 -40.625000
v 148.339897 -128.581958 -40.625000
v 147.669569 -127.460434 -40.625000
v 147.017450 -125.958388 -40.625000
v 146.698081 -125.067359 -40.625000
v 146.383057 -124.085279 -40.625000
v 145.974636 -122.655889 -40.625000
v 145.573392 -121.075666 -40.625000
v 165.985676 -146.572405 -4.687500
v 163.676202 -146.857737 -4.687500
v 162.520736 -146.985060 -4.687500
v 161.364768 -147.101874 -4.687500
v 160.208289 -147.207969 -4.687500
v 159.051288 -147.303136 -4.687500
v 157.545053 -147.410282 -4.687500
v 156.037905 -147.498350 -4.687500
v 153.747462 -147.595202 -4.687500
v 152.601433 -147.626778 -4.687500
v 152.028215 -147.638319 -4.687500
v 151.454860 -147.647015 -4.687500
v 150.881369 -147.652858 -4.687500
v 150.594572 -147.654706 -4.687500
v 150.307740 -147.655836 -4.687500
v 150.020874 -147.656248 -4.687500
v 149.734003 -147.655941 -4.687500
v 149.447166 -147.654914 -4.687500
v 149.160364 -147.653170 -4.687500
v 148.586862 -147.647534 -4.687500
v 148.013498 -147.639042 -4.687500
v 146.867178 -147.613532 -4.687500
v 144.576160 -147.528687 -4.687500
v 142.287276 -147.399281 -4.687500
v 140.000493 -147.225968 -4.687500
v 138.857873 -147.123157 -4.687500
v 137.715755 -147.009840 -4.687500
v 136.212279 -146.844910 -4.687500
v 134.709631 -146.662577 -4.687500
v 133.207788 -146.463305 -4.687500
v 134.237294 -147.775051 -3.125000
v 135.787829 -147.896607 -3.125000
v 137.338916 -148.006560 -3.125000
v 138.516995 -148.082105 -3.125000
v 139.695408 -148.150645 -3.125000
v 142.053263 -148.266187 -3.125000
v 144.412519 -148.352458 -3.125000
v 146.773198 -148.409021 -3.125000
v 147.954078 -148.426028 -3.125000
v 148.544654 -148.431689 -3.125000
v 149.135322 -148.435447 -3.125000
v 149.430690 -148.436609 -3.125000
v 149.726081 -148.437294 -3.125000
v 150.021495 -148.437499 -3.125000
v 150.316906 -148.437224 -3.125000
v 150.612293 -148.436470 -3.125000
v 150.907658 -148.435239 -3.125000
v 151.498319 -148.431344 -3.125000
v 152.088889 -148.425546 -3.125000
v 152.679368 -148.417852 -3.125000
v 153.860054 -148.396801 -3.125000
v 156.220349 -148.332233 -3.125000
v 157.773884 -148.273521 -3.125000
v 159.326811 -148.202090 -3.125000
v 160.519901 -148.138646 -3.125000
v 161.712643 -148.067916 -3.125000
v 162.905044 -147.990040 -3.125000
v 164.097111 -147.905158 -3.125000
v 147.074897 238.241094 -3.125000
v 144.319385 229.595956 -3.125000
v 141.731221 220.940718 -3.125000
v 139.308160 212.277240 -3.125000
v 137.047934 203.607403 -3.125000
v 134.946932 194.934206 -3.125000
v 132.999901 186.262075 -3.125000
v 131.201531 177.595498 -3.125000
v 129.507357 168.725041 -3.125000
v 127.957915 159.870057 -3.125000
v 126.546306 151.036620 -3.125000
v 125.265395 142.230795 -3.125000
v 123.067507 124.725680 -3.125000
v 121.307930 107.402104 -3.125000
v 119.995153 91.213422 -3.125000
v 118.976833 75.270163 -3.125000
v 118.208803 59.607795 -3.125000
v 117.658059 44.247844 -3.125000
v 117.297952 29.454932 -3.125000
v 117.091838 14.985977 -3.125000
v 117.030835 0.829212 -3.125000
v 117.110945 -13.032875 -3.125000
v 117.413020 -29.747424 -3.125000
v 117.958887 -46.073121 -3.125000
v 118.394664 -55.281582 -3.125000
v 118.928201 -64.366479 -3.125000
v 119.566480 -73.328144 -3.125000
v 120.317263 -82.164640 -3.125000
v 121.328707 -92.158084 -3.125000
v 122.510325 -101.976024 -3.125000
v 123.168549 -106.817461 -3.125000
v 123.873831 -111.612788 -3.125000
v 124.627470 -116.360986 -3.125000
v 125.430243 -121.061202 -3.125000
v 126.691650 -127.833134 -3.125000
v 128.061775 -134.498404 -3.125000
v 129.543027 -141.054366 -3.125000
v 147.425671 232.279320 -9.375000
v 145.001151 223.940022 -9.375000
v 142.724452 215.606077 -9.375000
v 140.593589 207.278642 -9.375000
v 138.606550 198.958892 -9.375000
v 136.760139 190.648692 -9.375000
v 135.049701 182.350794 -9.375000
v 133.470529 174.067988 -9.375000
v 131.983557 165.598911 -9.375000
v 130.624345 157.151679 -9.375000
v 129.386783 148.730112 -9.375000
v 128.264535 140.337963 -9.375000
v 126.340974 123.656524 -9.375000
v 124.803641 107.136567 -9.375000
v 123.658960 91.673669 -9.375000
v 122.773057 76.406468 -9.375000
v 122.106640 61.356602 -9.375000
v 121.630256 46.536613 -9.375000
v 121.319959 32.195995 -9.375000
v 121.143274 18.095045 -9.375000
v 121.092055 4.223620 -9.375000
v 121.162494 -9.431747 -9.375000
v 121.424600 -25.985976 -9.375000
v 121.897231 -42.235006 -9.375000
v 122.274639 -51.425833 -9.375000
v 122.737085 -60.504124 -9.375000
v 123.290876 -69.463510 -9.375000
v 123.943083 -78.294375 -9.375000
v 124.823067 -88.266551 -9.375000
v 125.852872 -98.035484 -9.375000
v 126.427268 -102.838122 -9.375000
v 127.043266 -107.582954 -9.375000
v 127.702078 -112.267328 -9.375000
v 128.404455 -116.888923 -9.375000
v 129.509291 -123.516510 -9.375000
v 130.710849 -129.998216 -9.375000
v 132.011459 -136.326825 -9.375000
v 130.777243 -138.690596 -6.250000
v 129.386312 -132.248310 -6.250000
v 128.100470 -125.674822 -6.250000
v 126.917349 -118.975062 -6.250000
v 126.164774 -114.314157 -6.250000
v 125.458549 -109.597871 -6.250000
v 124.797908 -104.827792 -6.250000
v 124.181598 -100.005754 -6.250000
v 123.075887 -90.212318 -6.250000
v 122.130173 -80.229507 -6.250000
v 121.428678 -71.395827 -6.250000
v 120.832643 -62.435302 -6.250000
v 120.334652 -53.353707 -6.250000
v 119.928059 -44.154063 -6.250000
v 119.418810 -27.866700 -6.250000
v 119.136720 -11.232311 -6.250000
v 119.061445 2.526416 -6.250000
v 119.117556 16.540511 -6.250000
v 119.308955 30.825464 -6.250000
v 119.644157 45.392229 -6.250000
v 120.157722 60.482198 -6.250000
v 120.874945 75.838315 -6.250000
v 121.827057 91.443546 -6.250000
v 123.055786 107.269336 -6.250000
v 124.704240 124.191102 -6.250000
v 126.764965 141.284379 -6.250000
v 127.966545 149.883366 -6.250000
v 129.291130 158.510868 -6.250000
v 130.745457 167.161976 -6.250000
v 132.336030 175.831743 -6.250000
v 134.024801 184.306435 -6.250000
v 135.853536 192.791449 -6.250000
v 137.827242 201.283147 -6.250000
v 139.950875 209.777941 -6.250000
v 142.227837 218.273397 -6.250000
v 144.660268 226.767989 -6.250000
v 147.250284 235.260207 -6.250000
v 147.951832 223.336660 -18.750000
v 146.023799 215.456121 -18.750000
v 144.214300 207.604114 -18.750000
v 142.521731 199.780745 -18.750000
v 140.944474 191.986125 -18.750000
v 139.479950 184.220421 -18.750000
v 138.124401 176.483873 -18.750000
v 136.874024 168.776723 -18.750000
v 135.697857 160.909716 -18.750000
v 134.623990 153.074113 -18.750000
v 133.647497 145.270351 -18.750000
v 132.763244 137.498716 -18.750000
v 131.251174 122.052790 -18.750000
v 130.047209 106.738262 -18.750000
v 129.154670 92.364039 -18.750000
v 128.467394 78.110925 -18.750000
v 127.953397 63.979812 -18.750000
v 127.588551 49.969766 -18.750000
v 127.352969 36.307590 -18.750000
v 127.220427 22.758647 -18.750000
v 127.183886 9.315232 -18.750000
v 127.239818 -4.030056 -18.750000
v 127.441970 -20.343803 -18.750000
v 127.804746 -36.477833 -18.750000
v 128.094603 -45.642209 -18.750000
v 128.450411 -54.710590 -18.750000
v 128.877471 -63.666557 -18.750000
v 129.381813 -72.488978 -18.750000
v 130.064606 -82.429252 -18.750000
v 130.866693 -92.124673 -18.750000
v 131.315346 -96.869114 -18.750000
v 131.797418 -101.538202 -18.750000
v 132.313989 -106.126841 -18.750000
v 132.865773 -110.630504 -18.750000
v 133.735752 -117.041573 -18.750000
v 134.684460 -123.247932 -18.750000
v 135.714108 -129.235513 -18.750000
v 133.245676 -133.963054 -12.500000
v 132.035386 -127.748121 -12.500000
v 130.918111 -121.358198 -12.500000
v 129.891561 -114.802783 -12.500000
v 129.239382 -110.220499 -12.500000
v 128.627983 -105.568036 -12.500000
v 128.056627 -100.848453 -12.500000
v 127.524146 -96.065213 -12.500000
v 126.570246 -86.320785 -12.500000
v 125.755993 -76.359242 -12.500000
v 125.153075 -67.531192 -12.500000
v 124.641527 -58.572946 -12.500000
v 124.214627 -49.497958 -12.500000
v 123.866403 -40.315948 -12.500000
v 123.430390 -24.105251 -12.500000
v 123.188269 -7.631183 -12.500000
v 123.122665 5.920824 -12.500000
v 123.168991 19.649579 -12.500000
v 123.330962 33.566527 -12.500000
v 123.616354 47.680997 -12.500000
v 124.055559 62.231005 -12.500000
v 124.671170 76.974620 -12.500000
v 125.490863 91.903792 -12.500000
v 126.551497 107.003799 -12.500000
v 127.977707 123.121946 -12.500000
v 129.764105 139.391548 -12.500000
v 130.807021 147.576858 -12.500000
v 131.957560 155.792490 -12.500000
v 133.221657 164.035846 -12.500000
v 134.605027 172.304233 -12.500000
v 136.074601 180.395154 -12.500000
v 137.666743 188.505935 -12.500000
v 139.385858 196.634636 -12.500000
v 141.236303 204.779343 -12.500000
v 143.221068 212.938756 -12.500000
v 145.342033 221.112055 -12.500000
v 147.601058 229.298434 -12.500000
v 148.302606 217.374887 -25.000000
v 146.705565 209.800187 -25.000000
v 145.207531 202.269472 -25.000000
v 143.807160 194.782147 -25.000000
v 142.503090 187.337613 -25.000000
v 141.293158 179.934907 -25.000000
v 140.174201 172.572592 -25.000000
v 139.143021 165.249213 -25.000000
v 138.174057 157.783586 -25.000000
v 137.290421 150.355735 -25.000000
v 136.487973 142.963844 -25.000000
v 135.762384 135.605885 -25.000000
v 134.524641 120.983635 -25.000000
v 133.542921 106.472725 -25.000000
v 132.818477 92.824286 -25.000000
v 132.263619 79.247230 -25.000000
v 131.851235 65.728619 -25.000000
v 131.560748 52.258535 -25.000000
v 131.374975 39.048654 -25.000000
v 131.271863 25.867714 -25.000000
v 131.245106 12.709640 -25.000000
v 131.291367 -0.428928 -25.000000
v 131.453550 -16.582355 -25.000000
v 131.743090 -32.639717 -25.000000
v 131.974579 -41.786460 -25.000000
v 132.259295 -50.848234 -25.000000
v 132.601868 -59.801923 -25.000000
v 133.007633 -68.618713 -25.000000
v 133.558966 -78.537720 -25.000000
v 134.209241 -88.184133 -25.000000
v 134.574065 -92.889776 -25.000000
v 134.966853 -97.508367 -25.000000
v 135.388597 -102.033183 -25.000000
v 135.839985 -106.458225 -25.000000
v 136.553393 -112.724949 -25.000000
v 137.333535 -118.747743 -25.000000
v 138.182540 -124.507972 -25.000000
v 148.477993 214.394000 -28.125000
v 147.046448 206.972221 -28.125000
v 145.704147 199.602151 -28.125000
v 144.449874 192.282848 -28.125000
v 143.282398 185.013357 -28.125000
v 142.199761 177.792150 -28.125000
v 141.199101 170.616952 -28.125000
v 140.277520 163.485458 -28.125000
v 139.412157 156.220521 -28.125000
v 138.623636 148.996546 -28.125000
v 137.908211 141.810590 -28.125000
v 137.261953 134.659469 -28.125000
v 136.161375 120.449057 -28.125000
v 135.290777 106.339957 -28.125000
v 134.650380 93.054409 -28.125000
v 134.161731 79.815383 -28.125000
v 133.800154 66.603022 -28.125000
v 133.546847 53.402919 -28.125000
v 133.385979 40.419185 -28.125000
v 133.297580 27.422248 -28.125000
v 133.275716 14.406844 -28.125000
v 133.317141 1.371635 -28.125000
v 133.459340 -14.701631 -28.125000
v 133.712262 -30.720659 -28.125000
v 133.914566 -39.858585 -28.125000
v 134.163737 -48.917056 -28.125000
v 134.464066 -57.869605 -28.125000
v 134.820543 -66.683580 -28.125000
v 135.306146 -76.591954 -28.125000
v 135.880515 -86.213862 -28.125000
v 136.203425 -90.900106 -28.125000
v 136.551570 -95.493450 -28.125000
v 136.925901 -99.986354 -28.125000
v 137.327091 -104.372085 -28.125000
v 137.962214 -110.566637 -28.125000
v 138.658072 -116.497649 -28.125000
v 139.416756 -122.144201 -28.125000
v 149.004154 205.451340 -37.500000
v 148.069096 198.488320 -37.500000
v 147.193994 191.600188 -37.500000
v 146.378017 184.784951 -37.500000
v 145.620322 178.040590 -37.500000
v 144.919572 171.363879 -37.500000
v 144.273801 164.750031 -37.500000
v 143.681016 158.194193 -37.500000
v 143.126458 151.531326 -37.500000
v 142.623281 144.918980 -37.500000
v 142.168926 138.350829 -37.500000
v 141.760662 131.820222 -37.500000
v 141.071575 118.845323 -37.500000
v 140.534344 105.941652 -37.500000
v 140.146090 93.744779 -37.500000
v 139.856068 81.519840 -37.500000
v 139.646910 69.226232 -37.500000
v 139.505142 56.836072 -37.500000
v 139.418989 44.530780 -37.500000
v 139.374734 32.085850 -37.500000
v 139.367547 19.498456 -37.500000
v 139.394465 6.773327 -37.500000
v 139.476710 -9.059458 -37.500000
v 139.619778 -24.963486 -37.500000
v 139.734530 -34.074961 -37.500000
v 139.877063 -43.123523 -37.500000
v 140.050660 -52.072653 -37.500000
v 140.259272 -60.878183 -37.500000
v 140.547685 -70.754655 -37.500000
v 140.894336 -80.303052 -37.500000
v 141.091503 -84.931098 -37.500000
v 141.305722 -89.448698 -37.500000
v 141.537813 -93.845867 -37.500000
v 141.788410 -98.113666 -37.500000
v 142.188675 -104.091700 -37.500000
v 142.631683 -109.747366 -37.500000
v 143.119404 -115.052889 -37.500000
v 140.650972 -119.780430 -31.250000
v 139.982609 -114.247554 -31.250000
v 139.371034 -108.408324 -31.250000
v 138.814198 -102.285945 -31.250000
v 138.463205 -97.939525 -31.250000
v 138.136287 -93.478532 -31.250000
v 137.832784 -88.910437 -31.250000
v 137.551788 -84.243592 -31.250000
v 137.053326 -74.646187 -31.250000
v 136.633453 -64.748448 -31.250000
v 136.326264 -55.937288 -31.250000
v 136.068179 -46.985879 -31.250000
v 135.854554 -37.930710 -31.250000
v 135.681434 -28.801602 -31.250000
v 135.465130 -12.820907 -31.250000
v 135.342916 3.172199 -31.250000
v 135.306326 16.104048 -31.250000
v 135.323298 28.976782 -31.250000
v 135.396982 41.789717 -31.250000
v 135.532945 54.547303 -31.250000
v 135.749073 67.477425 -31.250000
v 136.059844 80.383535 -31.250000
v 136.482283 93.284533 -31.250000
v 137.038633 106.207188 -31.250000
v 137.798108 119.914479 -31.250000
v 138.761523 133.713053 -31.250000
v 139.328449 140.657336 -31.250000
v 139.956851 147.637358 -31.250000
v 140.650258 154.657456 -31.250000
v 141.412019 161.721703 -31.250000
v 142.224001 168.661312 -31.250000
v 143.106365 175.649393 -31.250000
v 144.061706 182.689102 -31.250000
v 145.092588 189.783549 -31.250000
v 146.200763 196.934830 -31.250000
v 147.387331 204.144254 -31.250000
v 148.653380 211.413113 -31.250000
v 149.354928 199.489566 -43.750000
v 148.750862 192.832386 -43.750000
v 148.187226 186.265546 -43.750000
v 147.663445 179.786353 -43.750000
v 147.178938 173.392079 -43.750000
v 146.732780 167.078365 -43.750000
v 146.323601 160.838750 -43.750000
v 145.950013 154.666683 -43.750000
v 145.602658 148.405196 -43.750000
v 145.289711 142.200603 -43.750000
v 145.009402 136.044322 -43.750000
v 144.759802 129.927390 -43.750000
v 144.345042 117.776168 -43.750000
v 144.030056 105.676115 -43.750000
v 143.809897 94.205026 -43.750000
v 143.652293 82.656145 -43.750000
v 143.544748 70.975039 -43.750000
v 143.477339 59.124841 -43.750000
v 143.440996 47.271843 -43.750000
v 143.426170 35.194918 -43.750000
v 143.428767 22.892864 -43.750000
v 143.446013 10.374454 -43.750000
v 143.488290 -5.298010 -43.750000
v 143.558122 -21.125371 -43.750000
v 143.614506 -30.219212 -43.750000
v 143.685947 -39.261167 -43.750000
v 143.775057 -48.208019 -43.750000
v 143.885092 -57.007918 -43.750000
v 144.042045 -66.863122 -43.750000
v 144.236883 -76.362511 -43.750000
v 144.350222 -80.951760 -43.750000
v 144.475157 -85.418863 -43.750000
v 144.612420 -89.752209 -43.750000
v 144.762622 -93.941387 -43.750000
v 145.006316 -99.775075 -43.750000
v 145.280757 -105.247177 -43.750000
v 145.587836 -110.325347 -43.750000
vt -0.000000 3.708543 0.000000
vt -0.707107 3.306190 0.000000
vt -0.000065 2.556048 0.000000
vt -0.707107 2.479642 0.000000
vt -0.707107 1.653095 0.000000
vt -1.414214 2.527914 0.000000
vt -1.414214 1.263931 0.000000
vt -0.707107 4.132737 0.000000
vt -0.000000 4.860981 0.000000
vt -0.707107 4.959284 0.000000
vt -0.707107 5.785832 0.000000
vt -1.414214 5.055856 0.000000
vt -1.414214 6.319821 0.000000
vt -0.707107 6.612379 0.000000
vt -1.414214 7.583862 0.000000
vt -0.707107 7.687984 0.000000
vt -1.414214 8.847853 0.000000
vt -0.707107 8.763589 0.000000
vt -0.707107 10.111833 0.000000
vt -0.000000 9.470732 0.000000
vt -0.000000 10.623169 0.000000
vt -0.000000 6.013419 0.000000
vt -0.000000 7.165856 0.000000
vt -0.000000 8.318294 0.000000
vt -0.707107 11.460078 0.000000
vt -0.000000 11.775607 0.000000
vt -0.707107 12.808322 0.000000
vt -0.000000 12.928045 0.000000
vt -0.707107 14.156566 0.000000
vt -0.000000 14.080483 0.000000
vt -0.000000 15.232920 0.000000
vt -0.707107 15.336280 0.000000
vt -0.000000 16.385358 0.000000
vt -0.707107 16.515994 0.000000
vt -0.000000 17.537796 0.000000
vt -0.707107 17.695785 0.000000
vt -0.000000 18.690233 0.000000
vt -0.707107 18.875422 0.000000
vt -0.000000 19.842671 0.000000
vt -0.707107 20.223666 0.000000
vt -0.000000 20.995109 0.000000
vt -0.707107 21.571911 0.000000
vt -0.000000 22.147546 0.000000
vt -0.707107 22.606299 0.000000
vt -0.000000 23.299984 0.000000
vt -0.707107 23.640688 0.000000
vt -0.000000 24.452422 0.000000
vt -0.707107 24.675076 0.000000
vt -0.000000 25.604859 0.000000
vt -0.707107 25.709464 0.000000
vt -0.000000 26.757297 0.000000
vt -0.707107 26.743853 0.000000
vt -0.707107 27.778241 0.000000
vt -1.414205 27.807527 0.000000
vt -0.707107 28.812630 0.000000
vt -1.414207 29.071490 0.000000
vt -0.707107 29.847018 0.000000
vt -1.414195 30.335408 0.000000
vt -0.707107 30.808045 0.000000
vt -1.414202 31.599418 0.000000
vt -0.707107 31.769071 0.000000
vt -1.414214 32.863457 0.000000
vt -0.707107 32.730098 0.000000
vt -0.707107 33.691124 0.000000
vt -0.000007 33.671925 0.000000
vt -0.707107 34.652151 0.000000
vt -0.000038 34.824368 0.000000
vt -0.707107 35.613177 0.000000
vt -0.000075 35.976811 0.000000
vt -0.707107 36.574204 0.000000
vt -0.000098 37.129248 0.000000
vt -0.707107 37.535231 0.000000
vt -0.000086 38.281682 0.000000
vt -0.707107 38.991282 0.000000
vt -0.000019 39.434116 0.000000
vt -0.874014 40.065618 0.000000
vt -0.000000 27.909735 0.000000
vt -0.000000 29.062173 0.000000
vt -0.000000 30.214610 0.000000
vt -0.000000 31.367048 0.000000
vt -0.000000 32.519486 0.000000
vt -1.414214 39.183329 0.000000
vt -1.061215 40.198636 0.000000
vt -1.216961 40.308702 0.000000
vt -1.336281 40.392663 0.000000
vt -1.414214 40.447333 0.000000
vt -1.414214 37.919247 0.000000
vt -1.414214 36.655205 0.000000
vt -1.414214 35.391257 0.000000
vt -1.414214 34.127375 0.000000
vt -1.414169 26.543491 0.000000
vt -1.414187 25.279542 0.000000
vt -1.414209 24.015609 0.000000
vt -1.414134 22.751720 0.000000
vt -1.414144 21.487740 0.000000
vt -1.414214 20.223666 0.000000
vt -1.414145 18.959829 0.000000
vt -1.414135 17.695862 0.000000
vt -1.414209 16.431738 0.000000
vt -1.414158 15.167836 0.000000
vt -1.414063 13.903998 0.000000
vt -1.414061 12.640016 0.000000
vt -1.414148 11.375906 0.000000
vt -1.414214 10.111833 0.000000
vt -1.414214 3.791936 0.000000
vt -1.414214 -0.000000 0.000000
vt -1.055424 0.592024 0.000000
vt -0.692724 1.225813 0.000000
vt -0.000086 -38.284284 0.000000
vt -0.353553 -38.993931 0.000000
vt -0.000019 -39.436796 0.000000
vt -0.707107 -38.993931 0.000000
vt -0.883883 -38.993931 0.000000
vt -0.883883 -37.537781 0.000000
vt -1.060660 -37.537781 0.000000
vt -1.060660 -35.999095 0.000000
vt -1.414214 -36.657696 0.000000
vt -1.414214 -35.393662 0.000000
vt -1.060660 -34.460409 0.000000
vt -1.414214 -34.129694 0.000000
vt -1.060660 -32.921722 0.000000
vt -1.414214 -32.865691 0.000000
vt -1.414202 -31.601565 0.000000
vt -1.060660 -31.383036 0.000000
vt -1.414195 -30.337469 0.000000
vt -1.060660 -29.941873 0.000000
vt -1.414207 -29.073466 0.000000
vt -1.060660 -28.500710 0.000000
vt -1.414205 -27.809417 0.000000
vt -1.060660 -27.059548 0.000000
vt -1.414169 -26.545295 0.000000
vt -1.060660 -25.615439 0.000000
vt -1.414187 -25.281260 0.000000
vt -1.060660 -24.607133 0.000000
vt -1.414209 -24.017241 0.000000
vt -1.060660 -23.595881 0.000000
vt -1.414134 -22.753266 0.000000
vt -1.060660 -22.584629 0.000000
vt -1.414144 -21.489200 0.000000
vt -1.060660 -21.573377 0.000000
vt -1.060660 -20.225041 0.000000
vt -0.883883 -21.573377 0.000000
vt -0.883883 -20.225041 0.000000
vt -0.707107 -21.573377 0.000000
vt -0.707107 -20.225041 0.000000
vt -0.353553 -21.573377 0.000000
vt -0.353553 -20.225041 0.000000
vt -0.000000 -20.996535 0.000000
vt -0.000000 -19.844019 0.000000
vt -0.353553 -37.537781 0.000000
vt -0.000098 -37.131771 0.000000
vt -0.353553 -35.999095 0.000000
vt -0.000075 -35.979255 0.000000
vt -0.000038 -34.826735 0.000000
vt -0.353553 -34.460409 0.000000
vt -0.000007 -33.674213 0.000000
vt -0.353553 -32.921722 0.000000
vt -0.000000 -32.521695 0.000000
vt -0.353553 -31.383036 0.000000
vt -0.000000 -31.369179 0.000000
vt -0.000000 -30.216663 0.000000
vt -0.353553 -29.941873 0.000000
vt -0.000000 -29.064147 0.000000
vt -0.353553 -28.500710 0.000000
vt -0.000000 -27.911631 0.000000
vt -0.353553 -27.059548 0.000000
vt -0.000000 -26.759115 0.000000
vt -0.353553 -25.609546 0.000000
vt -0.000000 -25.606599 0.000000
vt -0.353553 -24.607133 0.000000
vt -0.000000 -24.454083 0.000000
vt -0.353553 -23.595881 0.000000
vt -0.000000 -23.301567 0.000000
vt -0.353553 -22.584629 0.000000
vt -0.000000 -22.149051 0.000000
vt -0.353553 -18.876705 0.000000
vt -0.000000 -18.691503 0.000000
vt -0.353553 -17.696949 0.000000
vt -0.000000 -17.538987 0.000000
vt -0.353553 -16.517116 0.000000
vt -0.000000 -16.386471 0.000000
vt -0.353553 -15.337322 0.000000
vt -0.000000 -15.233955 0.000000
vt -0.353553 -14.157528 0.000000
vt -0.000000 -14.081439 0.000000
vt -0.353553 -12.977734 0.000000
vt -0.000000 -12.928923 0.000000
vt -0.353553 -11.797940 0.000000
vt -0.000000 -11.776407 0.000000
vt -0.353553 -10.622455 0.000000
vt -0.000000 -10.623891 0.000000
vt -0.000000 -9.471375 0.000000
vt -0.353553 -9.438352 0.000000
vt -0.000000 -8.318859 0.000000
vt -0.353553 -8.258558 0.000000
vt -0.000000 -7.166343 0.000000
vt -0.353553 -7.078764 0.000000
vt -0.000000 -6.013827 0.000000
vt -0.353553 -5.898970 0.000000
vt -0.000000 -4.861311 0.000000
vt -0.353553 -4.719176 0.000000
vt -0.000000 -3.708795 0.000000
vt -0.353553 -3.539382 0.000000
vt -0.000065 -2.556222 0.000000
vt -0.353553 -2.359588 0.000000
vt -0.692724 -1.225896 0.000000
vt -0.707107 -2.359588 0.000000
vt -0.883883 -1.179794 0.000000
vt -0.883883 -2.359588 0.000000
vt -1.060660 -1.179794 0.000000
vt -1.060660 -2.359588 0.000000
vt -1.414214 -1.264017 0.000000
vt -1.414214 -2.528086 0.000000
vt -1.055424 -0.592065 0.000000
vt -1.414214 0.000000 0.000000
vt -1.060660 -3.539382 0.000000
vt -1.414214 -3.792194 0.000000
vt -1.060660 -4.719176 0.000000
vt -1.414214 -5.056199 0.000000
vt -1.060660 -5.898970 0.000000
vt -1.414214 -6.320250 0.000000
vt -1.060660 -7.078764 0.000000
vt -1.414214 -7.584377 0.000000
vt -1.060660 -8.258558 0.000000
vt -1.414214 -8.848454 0.000000
vt -1.060660 -9.438352 0.000000
vt -1.414214 -10.112520 0.000000
vt -1.060660 -10.619582 0.000000
vt -1.414148 -11.376679 0.000000
vt -1.060660 -11.797940 0.000000
vt -1.414061 -12.640875 0.000000
vt -1.060660 -12.977734 0.000000
vt -1.414063 -13.904943 0.000000
vt -1.060660 -14.157528 0.000000
vt -1.414158 -15.168867 0.000000
vt -1.060660 -15.337322 0.000000
vt -1.414209 -16.432854 0.000000
vt -1.060660 -16.517116 0.000000
vt -1.414135 -17.697064 0.000000
vt -1.060660 -17.697026 0.000000
vt -1.060660 -18.876705 0.000000
vt -0.883883 -18.876705 0.000000
vt -1.414145 -18.961117 0.000000
vt -1.414214 -20.225041 0.000000
vt -1.414214 -37.921823 0.000000
vt -1.060660 -38.993931 0.000000
vt -1.414214 -39.185992 0.000000
vt -1.414214 -40.450081 0.000000
vt -0.707107 -37.537781 0.000000
vt -0.707107 -35.999095 0.000000
vt -0.707107 -34.460409 0.000000
vt -0.707107 -32.921722 0.000000
vt -0.707107 -31.383036 0.000000
vt -0.707107 -29.941873 0.000000
vt -0.707107 -28.500710 0.000000
vt -0.707107 -27.059548 0.000000
vt -0.707107 -25.612492 0.000000
vt -0.707107 -24.607133 0.000000
vt -0.707107 -23.595881 0.000000
vt -0.707107 -22.584629 0.000000
vt -0.883883 -35.999095 0.000000
vt -0.883883 -34.460409 0.000000
vt -0.883883 -32.921722 0.000000
vt -0.883883 -31.383036 0.000000
vt -0.883883 -29.941873 0.000000
vt -0.883883 -28.500710 0.000000
vt -0.883883 -27.059548 0.000000
vt -0.883883 -25.613965 0.000000
vt -0.883883 -24.607133 0.000000
vt -0.883883 -23.595881 0.000000
vt -0.883883 -22.584629 0.000000
vt -0.707107 -18.876705 0.000000
vt -0.707107 -17.696987 0.000000
vt -0.707107 -16.517116 0.000000
vt -0.707107 -15.337322 0.000000
vt -0.707107 -14.157528 0.000000
vt -0.707107 -12.977734 0.000000
vt -0.707107 -11.797940 0.000000
vt -0.883883 -17.697007 0.000000
vt -0.883883 -16.517116 0.000000
vt -0.883883 -15.337322 0.000000
vt -0.883883 -14.157528 0.000000
vt -0.883883 -12.977734 0.000000
vt -0.883883 -11.797940 0.000000
vt -0.707107 -10.621019 0.000000
vt -0.707107 -9.438352 0.000000
vt -0.707107 -8.258558 0.000000
vt -0.707107 -7.078764 0.000000
vt -0.707107 -5.898970 0.000000
vt -0.707107 -4.719176 0.000000
vt -0.707107 -3.539382 0.000000
vt -0.883883 -10.620301 0.000000
vt -0.883883 -9.438352 0.000000
vt -0.883883 -8.258558 0.000000
vt -0.883883 -7.078764 0.000000
vt -0.883883 -5.898970 0.000000
vt -0.883883 -4.719176 0.000000
vt -0.883883 -3.539382 0.000000
vt -3.000000 -0.707107 0.000000
vt -1.000000 -0.707107 0.000000
vt -2.223330 0.707107 0.000000
vt 0.705546 -0.166907 0.000000
vt 0.223330 0.707107 0.000000
vt 1.000000 -0.707107 0.000000
vt 0.957692 -0.629170 0.000000
vt 0.892801 -0.509846 0.000000
vt 0.807897 -0.354103 0.000000
vt -1.223330 -16.723433 0.000000
vt 1.223330 -16.723433 0.000000
vt -1.419845 -15.865379 0.000000
vt 1.419845 -15.865379 0.000000
vt -1.596856 -14.991165 0.000000
vt 1.596856 -14.991165 0.000000
vt -1.755096 -14.100704 0.000000
vt 1.755096 -14.100704 0.000000
vt -1.895297 -13.193906 0.000000
vt -2.018193 -12.270682 0.000000
vt -2.124538 -11.330953 0.000000
vt -2.215388 -10.374721 0.000000
vt -2.291790 -9.401838 0.000000
vt -2.354737 -8.412115 0.000000
vt -2.405227 -7.405357 0.000000
vt -2.444206 -6.381179 0.000000
vt -2.472404 -5.338911 0.000000
vt -2.490516 -4.277858 0.000000
vt -2.499205 -3.197192 0.000000
vt -2.498649 -2.095978 0.000000
vt 1.895297 -13.193906 0.000000
vt 2.018193 -12.270682 0.000000
vt 2.124538 -11.330953 0.000000
vt 2.215388 -10.374721 0.000000
vt 2.291790 -9.401838 0.000000
vt 2.354737 -8.412115 0.000000
vt 2.405227 -7.405357 0.000000
vt 2.444206 -6.381179 0.000000
vt 2.472404 -5.338911 0.000000
vt 2.490516 -4.277858 0.000000
vt 2.499205 -3.197192 0.000000
vt 2.498649 -2.095978 0.000000
vt -2.488730 -0.973521 0.000000
vt 2.488730 -0.973521 0.000000
vt -2.469320 0.170864 0.000000
vt 2.469320 0.170864 0.000000
vt -2.439832 1.337236 0.000000
vt 2.439832 1.337236 0.000000
vt -2.398984 2.524582 0.000000
vt 2.398984 2.524582 0.000000
vt -2.345436 3.731786 0.000000
vt 2.345436 3.731786 0.000000
vt -2.277766 4.957614 0.000000
vt 2.277766 4.957614 0.000000
vt -2.194042 6.200176 0.000000
vt 2.194042 6.200176 0.000000
vt -2.092129 7.457348 0.000000
vt 2.092129 7.457348 0.000000
vt -1.969889 8.727009 0.000000
vt 1.969889 8.727009 0.000000
vt -1.825189 10.007038 0.000000
vt 1.825189 10.007038 0.000000
vt -1.655862 11.295273 0.000000
vt 1.655862 11.295273 0.000000
vt -1.459578 12.589364 0.000000
vt 1.459578 12.589364 0.000000
vt -1.234055 13.887033 0.000000
vt 1.234055 13.887033 0.000000
vt -0.977189 15.186291 0.000000
vt 0.977189 15.186291 0.000000
vt -0.687106 16.485494 0.000000
vt 0.687106 16.485494 0.000000
vt -0.361936 17.783003 0.000000
vt 0.361936 17.783003 0.000000
vt -0.000000 19.077454 0.000000
vt 0.000000 16.376610 0.000000
vt -0.047134 15.323372 0.000000
vt 0.047134 15.323372 0.000000
vt 0.088606 14.299043 0.000000
vt -0.088606 14.299043 0.000000
vt 0.251100 -0.877740 0.000000
vt -0.251100 -0.877740 0.000000
vt 0.000000 -16.122222 0.000000
vt -0.003910 -16.121839 0.000000
vt -0.007783 -16.120688 0.000000
vt -0.011619 -16.118773 0.000000
vt -0.250366 -1.931165 0.000000
vt -0.015419 -16.116094 0.000000
vt -0.022909 -16.108449 0.000000
vt -0.030253 -16.097765 0.000000
vt -0.044506 -16.067319 0.000000
vt -0.250026 -3.003941 0.000000
vt -0.058182 -16.024841 0.000000
vt -0.083821 -15.904122 0.000000
vt -0.250293 -5.189942 0.000000
vt -0.107203 -15.736282 0.000000
vt -0.128378 -15.522247 0.000000
vt -0.250448 -7.385161 0.000000
vt -0.147426 -15.263640 0.000000
vt -0.164435 -14.962188 0.000000
vt -0.249623 -8.464063 0.000000
vt -0.179492 -14.619622 0.000000
vt -0.190489 -14.308149 0.000000
vt -0.200293 -13.971400 0.000000
vt -0.208968 -13.610657 0.000000
vt -0.216579 -13.227256 0.000000
vt -0.223196 -12.822582 0.000000
vt -0.228887 -12.398057 0.000000
vt -0.233724 -11.955132 0.000000
vt -0.237778 -11.495281 0.000000
vt -0.241120 -11.019991 0.000000
vt -0.243823 -10.530754 0.000000
vt -0.247588 -9.516410 0.000000
vt -0.124562 13.302068 0.000000
vt -0.252169 0.153861 0.000000
vt -0.155231 12.330030 0.000000
vt -0.253423 1.162612 0.000000
vt -0.180906 11.379797 0.000000
vt -0.254631 2.148753 0.000000
vt -0.255502 3.113585 0.000000
vt -0.201941 10.447666 0.000000
vt -0.255687 4.059282 0.000000
vt -0.254799 4.988743 0.000000
vt -0.231714 8.620831 0.000000
vt -0.248084 6.813450 0.000000
vt 0.003910 -16.121838 0.000000
vt 0.007783 -16.120688 0.000000
vt 0.011619 -16.118772 0.000000
vt 0.250366 -1.931165 0.000000
vt 0.015419 -16.116092 0.000000
vt 0.022909 -16.108445 0.000000
vt 0.030253 -16.097757 0.000000
vt 0.044505 -16.067305 0.000000
vt 0.250026 -3.003941 0.000000
vt 0.058181 -16.024821 0.000000
vt 0.083819 -15.904100 0.000000
vt 0.250293 -5.189942 0.000000
vt 0.107203 -15.736282 0.000000
vt 0.128379 -15.522264 0.000000
vt 0.250448 -7.385161 0.000000
vt 0.147427 -15.263654 0.000000
vt 0.164435 -14.962193 0.000000
vt 0.249623 -8.464063 0.000000
vt 0.179492 -14.619622 0.000000
vt 0.190489 -14.308149 0.000000
vt 0.200293 -13.971400 0.000000
vt 0.208968 -13.610657 0.000000
vt 0.216579 -13.227256 0.000000
vt 0.223196 -12.822582 0.000000
vt 0.228887 -12.398057 0.000000
vt 0.233724 -11.955132 0.000000
vt 0.237778 -11.495281 0.000000
vt 0.241120 -11.019991 0.000000
vt 0.243823 -10.530754 0.000000
vt 0.247588 -9.516410 0.000000
vt 0.124562 13.302068 0.000000
vt 0.252169 0.153861 0.000000
vt 0.155231 12.330030 0.000000
vt 0.253423 1.162612 0.000000
vt 0.180906 11.379797 0.000000
vt 0.254631 2.148753 0.000000
vt 0.255502 3.113585 0.000000
vt 0.201941 10.447666 0.000000
vt 0.255687 4.059282 0.000000
vt 0.254799 4.988743 0.000000
vt 0.248084 6.813450 0.000000
vt 0.231714 8.620831 0.000000
vt 1.132770 0.000000 0.000000
vt 0.783267 0.198788 0.000000
vt 0.000000 0.000000 0.000000
vt 0.783267 0.397577 0.000000
vt 0.000000 0.795154 0.000000
vt 0.783267 0.596365 0.000000
vt 0.783267 0.795154 0.000000
vt 1.566534 0.596365 0.000000
vt 1.566534 0.795154 0.000000
vt 2.349801 0.596365 0.000000
vt 2.349801 0.795154 0.000000
vt 3.133068 0.596365 0.000000
vt 3.133068 0.795154 0.000000
vt 3.862878 0.596365 0.000000
vt 3.862878 0.795154 0.000000
vt 4.592688 0.596365 0.000000
vt 4.592688 0.795154 0.000000
vt 5.322499 0.596365 0.000000
vt 5.322499 0.795154 0.000000
vt 6.052309 0.596365 0.000000
vt 6.052309 0.795154 0.000000
vt 6.782119 0.596365 0.000000
vt 6.782119 0.795154 0.000000
vt 7.511930 0.596365 0.000000
vt 7.511930 0.795154 0.000000
vt 8.241740 0.596365 0.000000
vt 8.241740 0.795154 0.000000
vt 8.971550 0.596365 0.000000
vt 8.971550 0.795154 0.000000
vt 9.701361 0.596365 0.000000
vt 9.701361 0.795154 0.000000
vt 10.431171 0.596365 0.000000
vt 10.431171 0.795154 0.000000
vt 11.890792 0.596365 0.000000
vt 11.890792 0.795154 0.000000
vt 13.350412 0.596365 0.000000
vt 13.350412 0.795154 0.000000
vt 14.810033 0.596365 0.000000
vt 14.810033 0.795154 0.000000
vt 16.174273 0.596365 0.000000
vt 16.174273 0.795154 0.000000
vt 17.538513 0.596365 0.000000
vt 17.538513 0.795154 0.000000
vt 18.902752 0.596365 0.000000
vt 18.902752 0.795154 0.000000
vt 20.266992 0.596365 0.000000
vt 20.266992 0.795154 0.000000
vt 21.631232 0.596365 0.000000
vt 21.631232 0.795154 0.000000
vt 22.995472 0.596365 0.000000
vt 22.995472 0.795154 0.000000
vt 24.359712 0.596365 0.000000
vt 24.359712 0.795154 0.000000
vt 25.723951 0.596365 0.000000
vt 25.723951 0.795154 0.000000
vt 26.576494 0.596365 0.000000
vt 26.576494 0.795154 0.000000
vt 27.429037 0.596365 0.000000
vt 27.429037 0.795154 0.000000
vt 28.281580 0.596365 0.000000
vt 28.281580 0.795154 0.000000
vt 29.134123 0.596365 0.000000
vt 29.134123 0.795154 0.000000
vt 30.208797 0.596365 0.000000
vt 30.208797 0.795154 0.000000
vt 31.283470 0.596365 0.000000
vt 31.283470 0.795154 0.000000
vt 31.820807 0.596365 0.000000
vt 31.820807 0.795154 0.000000
vt 32.358143 0.596365 0.000000
vt 32.358143 0.795154 0.000000
vt 32.895480 0.596365 0.000000
vt 32.895480 0.795154 0.000000
vt 33.432817 0.596365 0.000000
vt 33.432817 0.795154 0.000000
vt 34.137645 0.596365 0.000000
vt 34.137645 0.795154 0.000000
vt 34.842473 0.596365 0.000000
vt 34.842473 0.795154 0.000000
vt 35.547301 0.596365 0.000000
vt 35.547301 0.795154 0.000000
vt 36.252129 0.795154 0.000000
vt 35.547301 0.993942 0.000000
vt 36.252129 1.590307 0.000000
vt 35.547301 1.192731 0.000000
vt 35.547301 1.391519 0.000000
vt 34.842473 1.391519 0.000000
vt 34.842473 1.590307 0.000000
vt 34.137645 1.590307 0.000000
vt 34.137645 1.987884 0.000000
vt 33.432817 1.987884 0.000000
vt 33.432817 2.186673 0.000000
vt 32.895480 2.186673 0.000000
vt 32.895480 2.385461 0.000000
vt 32.358143 2.385461 0.000000
vt 32.358143 2.584250 0.000000
vt 31.820807 2.584250 0.000000
vt 31.820807 2.783038 0.000000
vt 31.283470 2.783038 0.000000
vt 31.283470 3.180615 0.000000
vt 30.208797 3.180615 0.000000
vt 30.208797 3.975769 0.000000
vt 29.134123 3.975769 0.000000
vt 29.134123 4.373345 0.000000
vt 28.281580 4.373345 0.000000
vt 28.281580 4.770922 0.000000
vt 27.429037 4.770922 0.000000
vt 27.429037 5.168499 0.000000
vt 26.576494 5.168499 0.000000
vt 26.576494 5.566076 0.000000
vt 25.723951 5.566076 0.000000
vt 25.723951 5.963653 0.000000
vt 24.359712 5.963653 0.000000
vt 24.923330 6.361230 0.000000
vt 22.656952 6.361230 0.000000
vt 1.566534 0.198788 0.000000
vt 2.265547 0.000000 0.000000
vt 2.349801 0.198788 0.000000
vt 3.398498 0.000000 0.000000
vt 3.133068 0.198788 0.000000
vt 3.862878 0.198788 0.000000
vt 3.133068 0.397577 0.000000
vt 3.862878 0.397577 0.000000
vt 4.531512 0.000000 0.000000
vt 4.592688 0.198788 0.000000
vt 4.592688 0.397577 0.000000
vt 5.664336 0.000000 0.000000
vt 5.322499 0.198788 0.000000
vt 5.322499 0.397577 0.000000
vt 6.052309 0.198788 0.000000
vt 6.797118 0.000000 0.000000
vt 6.782119 0.198788 0.000000
vt 7.511930 0.198788 0.000000
vt 6.782119 0.397577 0.000000
vt 7.511930 0.397577 0.000000
vt 7.929982 0.000000 0.000000
vt 8.241740 0.198788 0.000000
vt 8.241740 0.397577 0.000000
vt 9.062935 0.000000 0.000000
vt 8.971550 0.198788 0.000000
vt 8.971550 0.397577 0.000000
vt 9.701361 0.198788 0.000000
vt 10.195907 0.000000 0.000000
vt 10.431171 0.198788 0.000000
vt 11.328822 0.000000 0.000000
vt 11.890792 0.198788 0.000000
vt 12.461674 0.000001 0.000000
vt 13.350412 0.198788 0.000000
vt 13.594573 0.000014 0.000000
vt 14.727465 0.000020 0.000000
vt 14.810033 0.198788 0.000000
vt 15.860307 0.000000 0.000000
vt 16.174273 0.198788 0.000000
vt 16.993248 0.000023 0.000000
vt 17.538513 0.198788 0.000000
vt 18.126079 0.000005 0.000000
vt 18.902752 0.198788 0.000000
vt 19.258966 0.000011 0.000000
vt 20.266992 0.198788 0.000000
vt 20.391830 0.000004 0.000000
vt 21.631232 0.198788 0.000000
vt 21.524682 0.000026 0.000000
vt 22.657524 0.000065 0.000000
vt 22.995472 0.198788 0.000000
vt 23.790428 0.000034 0.000000
vt 24.359712 0.198788 0.000000
vt 24.923338 0.000000 0.000000
vt 25.723951 0.198788 0.000000
vt 26.056194 0.000007 0.000000
vt 26.576494 0.198788 0.000000
vt 27.189090 0.000002 0.000000
vt 27.429037 0.198788 0.000000
vt 28.321960 0.000000 0.000000
vt 28.281580 0.198788 0.000000
vt 29.134123 0.198788 0.000000
vt 28.281580 0.397577 0.000000
vt 29.134123 0.397577 0.000000
vt 29.454796 0.000000 0.000000
vt 30.208797 0.198788 0.000000
vt 30.208797 0.397577 0.000000
vt 30.587685 0.000000 0.000000
vt 31.283470 0.198788 0.000000
vt 31.283470 0.397577 0.000000
vt 31.720609 0.000000 0.000000
vt 31.820807 0.198788 0.000000
vt 31.820807 0.397577 0.000000
vt 32.358143 0.198788 0.000000
vt 32.853484 0.000000 0.000000
vt 32.895480 0.198788 0.000000
vt 33.432817 0.198788 0.000000
vt 32.895480 0.397577 0.000000
vt 33.432817 0.397577 0.000000
vt 33.986349 0.000000 0.000000
vt 34.137645 0.198788 0.000000
vt 34.137645 0.397577 0.000000
vt 34.842473 0.198788 0.000000
vt 35.119236 0.000000 0.000000
vt 35.547301 0.198788 0.000000
vt 36.252129 0.000000 0.000000
vt 36.252129 2.385461 0.000000
vt 35.547301 1.987884 0.000000
vt 35.547301 1.590307 0.000000
vt 36.252129 3.180615 0.000000
vt 35.547301 2.584250 0.000000
vt 35.547301 2.385461 0.000000
vt 35.547301 2.186673 0.000000
vt 34.842473 2.385461 0.000000
vt 34.842473 2.186673 0.000000
vt 34.137645 2.385461 0.000000
vt 34.137645 2.186673 0.000000
vt 33.432817 2.385461 0.000000
vt 36.252129 3.975769 0.000000
vt 35.547301 3.975769 0.000000
vt 35.547301 3.180615 0.000000
vt 35.547301 2.783038 0.000000
vt 34.842473 3.180615 0.000000
vt 34.842473 2.783038 0.000000
vt 34.137645 3.180615 0.000000
vt 34.137645 2.783038 0.000000
vt 33.432817 3.180615 0.000000
vt 33.432817 2.783038 0.000000
vt 32.895480 3.180615 0.000000
vt 32.895480 2.783038 0.000000
vt 32.358143 3.180615 0.000000
vt 32.358143 2.783038 0.000000
vt 31.820807 3.180615 0.000000
vt 35.547301 4.373345 0.000000
vt 36.252129 4.770922 0.000000
vt 35.547301 4.770922 0.000000
vt 35.547301 5.168499 0.000000
vt 34.842473 5.168499 0.000000
vt 34.842473 5.566076 0.000000
vt 34.137645 5.566076 0.000000
vt 34.137645 5.963653 0.000000
vt 33.432817 5.963653 0.000000
vt 33.986825 6.361221 0.000000
vt 33.420258 6.361223 0.000000
vt 36.252129 5.566076 0.000000
vt 35.547301 5.566076 0.000000
vt 34.842473 5.963653 0.000000
vt 34.553278 6.361221 0.000000
vt 35.547301 5.963653 0.000000
vt 36.252129 6.361230 0.000000
vt 35.685825 6.361227 0.000000
vt 35.119596 6.361223 0.000000
vt 32.895480 5.963653 0.000000
vt 32.853644 6.361227 0.000000
vt 32.358143 5.963653 0.000000
vt 32.287072 6.361229 0.000000
vt 31.820807 5.963653 0.000000
vt 31.720604 6.361230 0.000000
vt 31.283470 5.963653 0.000000
vt 31.154114 6.361230 0.000000
vt 30.587611 6.361230 0.000000
vt 30.208797 5.963653 0.000000
vt 29.454687 6.361230 0.000000
vt 29.134123 5.963653 0.000000
vt 28.321925 6.361230 0.000000
vt 28.281580 5.963653 0.000000
vt 27.429037 5.963653 0.000000
vt 28.281580 5.566076 0.000000
vt 27.429037 5.566076 0.000000
vt 28.281580 5.168499 0.000000
vt 27.189051 6.361230 0.000000
vt 26.576494 5.963653 0.000000
vt 21.524461 6.361230 0.000000
vt 21.631232 5.963653 0.000000
vt 22.995472 5.963653 0.000000
vt 24.359712 5.566076 0.000000
vt 25.723951 5.168499 0.000000
vt 26.576494 4.770922 0.000000
vt 27.429037 4.373345 0.000000
vt 28.281580 3.975769 0.000000
vt 29.134123 3.180615 0.000000
vt 30.208797 2.783038 0.000000
vt 31.283470 2.584250 0.000000
vt 31.820807 2.385461 0.000000
vt 32.358143 2.186673 0.000000
vt 32.895480 1.987884 0.000000
vt 33.432817 1.590307 0.000000
vt 34.137645 1.391519 0.000000
vt 34.842473 1.192731 0.000000
vt 20.391802 6.361230 0.000000
vt 20.266992 5.963653 0.000000
vt 21.631232 5.566076 0.000000
vt 20.266992 5.566076 0.000000
vt 21.631232 5.168499 0.000000
vt 20.266992 5.168499 0.000000
vt 21.631232 4.770922 0.000000
vt 20.266992 4.770922 0.000000
vt 21.631232 4.373345 0.000000
vt 20.266992 4.373345 0.000000
vt 21.631232 3.975769 0.000000
vt 20.266992 3.975769 0.000000
vt 21.631232 3.180615 0.000000
vt 20.266992 3.180615 0.000000
vt 21.631232 2.783038 0.000000
vt 20.266992 2.783038 0.000000
vt 21.631232 2.584250 0.000000
vt 20.266992 2.584250 0.000000
vt 21.631232 2.385461 0.000000
vt 20.266992 2.385461 0.000000
vt 21.631232 2.186673 0.000000
vt 20.266992 2.186673 0.000000
vt 21.631232 1.987884 0.000000
vt 20.266992 1.987884 0.000000
vt 21.631232 1.590307 0.000000
vt 20.266992 1.590307 0.000000
vt 21.631232 1.391519 0.000000
vt 20.266992 1.391519 0.000000
vt 21.631232 1.192731 0.000000
vt 20.266992 1.192731 0.000000
vt 21.631232 0.993942 0.000000
vt 20.266992 0.993942 0.000000
vt 19.258891 6.361230 0.000000
vt 18.902752 5.963653 0.000000
vt 18.902752 5.566076 0.000000
vt 18.902752 5.168499 0.000000
vt 18.902752 4.770922 0.000000
vt 18.902752 4.373345 0.000000
vt 18.902752 3.975769 0.000000
vt 18.902752 3.180615 0.000000
vt 18.902752 2.783038 0.000000
vt 18.902752 2.584250 0.000000
vt 18.902752 2.385461 0.000000
vt 18.902752 2.186673 0.000000
vt 18.902752 1.987884 0.000000
vt 18.902752 1.590307 0.000000
vt 18.902752 1.391519 0.000000
vt 18.902752 1.192731 0.000000
vt 18.902752 0.993942 0.000000
vt 18.126048 6.361230 0.000000
vt 17.538513 5.963653 0.000000
vt 17.538513 5.566076 0.000000
vt 17.538513 5.168499 0.000000
vt 17.538513 4.770922 0.000000
vt 17.538513 4.373345 0.000000
vt 17.538513 3.975769 0.000000
vt 17.538513 3.180615 0.000000
vt 17.538513 2.783038 0.000000
vt 17.538513 2.584250 0.000000
vt 17.538513 2.385461 0.000000
vt 17.538513 2.186673 0.000000
vt 17.538513 1.987884 0.000000
vt 17.538513 1.590307 0.000000
vt 17.538513 1.391519 0.000000
vt 17.538513 1.192731 0.000000
vt 17.538513 0.993942 0.000000
vt 16.993108 6.361230 0.000000
vt 16.174273 5.963653 0.000000
vt 16.174273 5.566076 0.000000
vt 16.174273 5.168499 0.000000
vt 16.174273 4.770922 0.000000
vt 16.174273 4.373345 0.000000
vt 16.174273 3.975769 0.000000
vt 16.174273 3.180615 0.000000
vt 16.174273 2.783038 0.000000
vt 16.174273 2.584250 0.000000
vt 16.174273 2.385461 0.000000
vt 16.174273 2.186673 0.000000
vt 16.174273 1.987884 0.000000
vt 16.174273 1.590307 0.000000
vt 16.174273 1.391519 0.000000
vt 16.174273 1.192731 0.000000
vt 16.174273 0.993942 0.000000
vt 15.860306 6.361230 0.000000
vt 14.727348 6.361230 0.000000
vt 14.810033 5.963653 0.000000
vt 13.594493 6.361230 0.000000
vt 13.350412 5.963653 0.000000
vt 11.328849 6.361215 0.000000
vt 11.890792 5.963653 0.000000
vt 10.431171 5.963653 0.000000
vt 11.890792 5.566076 0.000000
vt 10.431171 5.566076 0.000000
vt 11.890792 5.168499 0.000000
vt 10.431171 5.168499 0.000000
vt 11.890792 4.770922 0.000000
vt 10.431171 4.770922 0.000000
vt 11.890792 4.373345 0.000000
vt 10.431171 4.373345 0.000000
vt 11.890792 3.975769 0.000000
vt 10.431171 3.975769 0.000000
vt 11.890792 3.180615 0.000000
vt 10.431171 3.180615 0.000000
vt 11.890792 2.783038 0.000000
vt 10.431171 2.783038 0.000000
vt 11.890792 2.584250 0.000000
vt 10.431171 2.584250 0.000000
vt 11.890792 2.385461 0.000000
vt 10.431171 2.385461 0.000000
vt 11.890792 2.186673 0.000000
vt 10.431171 2.186673 0.000000
vt 11.890792 1.987884 0.000000
vt 10.431171 1.987884 0.000000
vt 11.890792 1.590307 0.000000
vt 10.431171 1.590307 0.000000
vt 11.890792 1.391519 0.000000
vt 10.431171 1.391519 0.000000
vt 11.890792 1.192731 0.000000
vt 10.431171 1.192731 0.000000
vt 11.890792 0.993942 0.000000
vt 10.431171 0.993942 0.000000
vt 9.063663 6.361178 0.000000
vt 9.701361 5.963653 0.000000
vt 9.701361 5.566076 0.000000
vt 9.701361 5.168499 0.000000
vt 9.701361 4.770922 0.000000
vt 9.701361 4.373345 0.000000
vt 9.701361 3.975769 0.000000
vt 9.701361 3.180615 0.000000
vt 9.701361 2.783038 0.000000
vt 9.701361 2.584250 0.000000
vt 9.701361 2.385461 0.000000
vt 9.701361 2.186673 0.000000
vt 9.701361 1.987884 0.000000
vt 9.701361 1.590307 0.000000
vt 9.701361 1.391519 0.000000
vt 9.701361 1.192731 0.000000
vt 9.701361 0.993942 0.000000
vt 6.797914 6.361197 0.000000
vt 8.241740 5.963653 0.000000
vt 8.971550 5.963653 0.000000
vt 5.664622 6.361220 0.000000
vt 6.052309 5.963653 0.000000
vt 6.782119 5.963653 0.000000
vt 7.511930 5.963653 0.000000
vt 7.511930 5.566076 0.000000
vt 8.241740 5.566076 0.000000
vt 8.241740 5.168499 0.000000
vt 8.971550 5.168499 0.000000
vt 8.971550 4.770922 0.000000
vt 5.322499 5.963653 0.000000
vt 4.531530 6.361230 0.000000
vt 4.592688 5.963653 0.000000
vt 3.862878 5.963653 0.000000
vt 4.592688 5.566076 0.000000
vt 3.862878 5.566076 0.000000
vt 4.592688 5.168499 0.000000
vt 3.862878 5.168499 0.000000
vt 4.592688 4.770922 0.000000
vt 3.862878 4.770922 0.000000
vt 4.592688 4.373345 0.000000
vt 3.862878 4.373345 0.000000
vt 4.592688 3.975769 0.000000
vt 3.862878 3.975769 0.000000
vt 4.592688 3.180615 0.000000
vt 3.862878 3.180615 0.000000
vt 4.592688 2.783038 0.000000
vt 3.862878 2.783038 0.000000
vt 4.592688 2.584250 0.000000
vt 3.862878 2.584250 0.000000
vt 4.592688 2.385461 0.000000
vt 3.862878 2.385461 0.000000
vt 4.592688 2.186673 0.000000
vt 3.862878 2.186673 0.000000
vt 4.592688 1.987884 0.000000
vt 3.862878 1.987884 0.000000
vt 4.592688 1.590307 0.000000
vt 3.862878 1.590307 0.000000
vt 4.592688 1.391519 0.000000
vt 3.862878 1.391519 0.000000
vt 4.592688 1.192731 0.000000
vt 3.862878 1.192731 0.000000
vt 4.592688 0.993942 0.000000
vt 3.862878 0.993942 0.000000
vt 3.399112 6.361222 0.000000
vt 3.133068 5.963653 0.000000
vt 3.133068 5.566076 0.000000
vt 3.133068 5.168499 0.000000
vt 3.133068 4.770922 0.000000
vt 3.133068 4.373345 0.000000
vt 3.133068 3.975769 0.000000
vt 3.133068 3.180615 0.000000
vt 3.133068 2.783038 0.000000
vt 3.133068 2.584250 0.000000
vt 3.133068 2.385461 0.000000
vt 3.133068 2.186673 0.000000
vt 3.133068 1.987884 0.000000
vt 3.133068 1.590307 0.000000
vt 3.133068 1.391519 0.000000
vt 3.133068 1.192731 0.000000
vt 3.133068 0.993942 0.000000
vt 2.266503 6.361221 0.000000
vt 2.349801 5.963653 0.000000
vt 2.349801 5.566076 0.000000
vt 2.349801 5.168499 0.000000
vt 2.349801 4.770922 0.000000
vt 2.349801 4.373345 0.000000
vt 2.349801 3.975769 0.000000
vt 2.349801 3.180615 0.000000
vt 2.349801 2.783038 0.000000
vt 2.349801 2.584250 0.000000
vt 2.349801 2.385461 0.000000
vt 2.349801 2.186673 0.000000
vt 2.349801 1.987884 0.000000
vt 2.349801 1.590307 0.000000
vt 2.349801 1.391519 0.000000
vt 2.349801 1.192731 0.000000
vt 2.349801 0.993942 0.000000
vt 1.566534 5.963653 0.000000
vt 1.133281 6.361227 0.000000
vt 0.783267 5.963653 0.000000
vt 0.000000 6.361230 0.000000
vt 0.000000 5.566076 0.000000
vt 0.000000 4.770922 0.000000
vt 0.783267 5.168499 0.000000
vt 0.783267 5.566076 0.000000
vt 1.566534 5.566076 0.000000
vt 0.000000 3.975769 0.000000
vt 0.783267 4.373345 0.000000
vt 0.783267 4.770922 0.000000
vt 1.566534 4.770922 0.000000
vt 1.566534 5.168499 0.000000
vt 0.000000 3.180615 0.000000
vt 0.783267 3.180615 0.000000
vt 0.783267 3.975769 0.000000
vt 1.566534 3.975769 0.000000
vt 1.566534 4.373345 0.000000
vt 0.783267 2.783038 0.000000
vt 0.000000 2.385461 0.000000
vt 0.783267 2.584250 0.000000
vt 0.783267 2.385461 0.000000
vt 1.566534 2.385461 0.000000
vt 1.566534 2.186673 0.000000
vt 0.000000 1.590307 0.000000
vt 0.783267 1.987884 0.000000
vt 0.783267 2.186673 0.000000
vt 0.783267 1.192731 0.000000
vt 0.783267 1.391519 0.000000
vt 0.783267 1.590307 0.000000
vt 1.566534 1.391519 0.000000
vt 1.566534 1.590307 0.000000
vt 35.547301 0.397577 0.000000
vt 34.842473 0.397577 0.000000
vt 0.783267 0.993942 0.000000
vt 1.566534 0.993942 0.000000
vt 1.566534 1.192731 0.000000
vt 1.566534 1.987884 0.000000
vt 34.842473 1.987884 0.000000
vt 34.842473 2.584250 0.000000
vt 34.137645 2.584250 0.000000
vt 33.432817 2.584250 0.000000
vt 32.895480 2.584250 0.000000
vt 32.358143 0.397577 0.000000
vt 27.429037 0.397577 0.000000
vt 26.576494 0.397577 0.000000
vt 25.723951 0.397577 0.000000
vt 24.359712 0.397577 0.000000
vt 22.995472 0.397577 0.000000
vt 21.631232 0.397577 0.000000
vt 20.266992 0.397577 0.000000
vt 18.902752 0.397577 0.000000
vt 17.538513 0.397577 0.000000
vt 16.174273 0.397577 0.000000
vt 14.810033 0.397577 0.000000
vt 13.350412 0.397577 0.000000
vt 11.890792 0.397577 0.000000
vt 10.431171 0.397577 0.000000
vt 9.701361 0.397577 0.000000
vt 6.052309 0.397577 0.000000
vt 2.349801 0.397577 0.000000
vt 1.566534 0.397577 0.000000
vt 34.842473 0.993942 0.000000
vt 34.137645 0.993942 0.000000
vt 34.137645 1.192731 0.000000
vt 33.432817 0.993942 0.000000
vt 33.432817 1.192731 0.000000
vt 33.432817 1.391519 0.000000
vt 32.895480 0.993942 0.000000
vt 32.895480 1.192731 0.000000
vt 32.895480 1.391519 0.000000
vt 32.895480 1.590307 0.000000
vt 32.358143 0.993942 0.000000
vt 32.358143 1.192731 0.000000
vt 32.358143 1.391519 0.000000
vt 32.358143 1.590307 0.000000
vt 32.358143 1.987884 0.000000
vt 31.820807 0.993942 0.000000
vt 31.820807 1.192731 0.000000
vt 31.820807 1.391519 0.000000
vt 31.820807 1.590307 0.000000
vt 31.820807 1.987884 0.000000
vt 31.820807 2.186673 0.000000
vt 31.283470 0.993942 0.000000
vt 31.283470 1.192731 0.000000
vt 31.283470 1.391519 0.000000
vt 31.283470 1.590307 0.000000
vt 31.283470 1.987884 0.000000
vt 31.283470 2.186673 0.000000
vt 31.283470 2.385461 0.000000
vt 30.208797 0.993942 0.000000
vt 30.208797 1.192731 0.000000
vt 30.208797 1.391519 0.000000
vt 30.208797 1.590307 0.000000
vt 30.208797 1.987884 0.000000
vt 30.208797 2.186673 0.000000
vt 30.208797 2.385461 0.000000
vt 30.208797 2.584250 0.000000
vt 29.134123 0.993942 0.000000
vt 29.134123 1.192731 0.000000
vt 29.134123 1.391519 0.000000
vt 29.134123 1.590307 0.000000
vt 29.134123 1.987884 0.000000
vt 29.134123 2.186673 0.000000
vt 29.134123 2.385461 0.000000
vt 29.134123 2.584250 0.000000
vt 29.134123 2.783038 0.000000
vt 28.281580 0.993942 0.000000
vt 28.281580 1.192731 0.000000
vt 28.281580 1.391519 0.000000
vt 28.281580 1.590307 0.000000
vt 28.281580 1.987884 0.000000
vt 28.281580 2.186673 0.000000
vt 28.281580 2.385461 0.000000
vt 28.281580 2.584250 0.000000
vt 28.281580 2.783038 0.000000
vt 28.281580 3.180615 0.000000
vt 27.429037 0.993942 0.000000
vt 27.429037 1.192731 0.000000
vt 27.429037 1.391519 0.000000
vt 27.429037 1.590307 0.000000
vt 27.429037 1.987884 0.000000
vt 27.429037 2.186673 0.000000
vt 27.429037 2.385461 0.000000
vt 27.429037 2.584250 0.000000
vt 27.429037 2.783038 0.000000
vt 27.429037 3.180615 0.000000
vt 27.429037 3.975769 0.000000
vt 26.576494 0.993942 0.000000
vt 26.576494 1.192731 0.000000
vt 26.576494 1.391519 0.000000
vt 26.576494 1.590307 0.000000
vt 26.576494 1.987884 0.000000
vt 26.576494 2.186673 0.000000
vt 26.576494 2.385461 0.000000
vt 26.576494 2.584250 0.000000
vt 26.576494 2.783038 0.000000
vt 26.576494 3.180615 0.000000
vt 26.576494 3.975769 0.000000
vt 26.576494 4.373345 0.000000
vt 25.723951 0.993942 0.000000
vt 25.723951 1.192731 0.000000
vt 25.723951 1.391519 0.000000
vt 25.723951 1.590307 0.000000
vt 25.723951 1.987884 0.000000
vt 25.723951 2.186673 0.000000
vt 25.723951 2.385461 0.000000
vt 25.723951 2.584250 0.000000
vt 25.723951 2.783038 0.000000
vt 25.723951 3.180615 0.000000
vt 25.723951 3.975769 0.000000
vt 25.723951 4.373345 0.000000
vt 25.723951 4.770922 0.000000
vt 24.359712 0.993942 0.000000
vt 24.359712 1.192731 0.000000
vt 24.359712 1.391519 0.000000
vt 24.359712 1.590307 0.000000
vt 24.359712 1.987884 0.000000
vt 24.359712 2.186673 0.000000
vt 24.359712 2.385461 0.000000
vt 24.359712 2.584250 0.000000
vt 24.359712 2.783038 0.000000
vt 24.359712 3.180615 0.000000
vt 24.359712 3.975769 0.000000
vt 24.359712 4.373345 0.000000
vt 24.359712 4.770922 0.000000
vt 24.359712 5.168499 0.000000
vt 22.995472 0.993942 0.000000
vt 22.995472 1.192731 0.000000
vt 22.995472 1.391519 0.000000
vt 22.995472 1.590307 0.000000
vt 22.995472 1.987884 0.000000
vt 22.995472 2.186673 0.000000
vt 22.995472 2.385461 0.000000
vt 22.995472 2.584250 0.000000
vt 22.995472 2.783038 0.000000
vt 22.995472 3.180615 0.000000
vt 22.995472 3.975769 0.000000
vt 22.995472 4.373345 0.000000
vt 22.995472 4.770922 0.000000
vt 22.995472 5.168499 0.000000
vt 22.995472 5.566076 0.000000
vt 14.810033 0.993942 0.000000
vt 14.810033 1.192731 0.000000
vt 14.810033 1.391519 0.000000
vt 14.810033 1.590307 0.000000
vt 14.810033 1.987884 0.000000
vt 14.810033 2.186673 0.000000
vt 14.810033 2.385461 0.000000
vt 14.810033 2.584250 0.000000
vt 14.810033 2.783038 0.000000
vt 14.810033 3.180615 0.000000
vt 14.810033 3.975769 0.000000
vt 14.810033 4.373345 0.000000
vt 14.810033 4.770922 0.000000
vt 14.810033 5.168499 0.000000
vt 14.810033 5.566076 0.000000
vt 13.350412 0.993942 0.000000
vt 13.350412 1.192731 0.000000
vt 13.350412 1.391519 0.000000
vt 13.350412 1.590307 0.000000
vt 13.350412 1.987884 0.000000
vt 13.350412 2.186673 0.000000
vt 13.350412 2.385461 0.000000
vt 13.350412 2.584250 0.000000
vt 13.350412 2.783038 0.000000
vt 13.350412 3.180615 0.000000
vt 13.350412 3.975769 0.000000
vt 13.350412 4.373345 0.000000
vt 13.350412 4.770922 0.000000
vt 13.350412 5.168499 0.000000
vt 13.350412 5.566076 0.000000
vt 8.971550 0.993942 0.000000
vt 8.971550 1.192731 0.000000
vt 8.971550 1.391519 0.000000
vt 8.971550 1.590307 0.000000
vt 8.971550 1.987884 0.000000
vt 8.971550 2.186673 0.000000
vt 8.971550 2.385461 0.000000
vt 8.971550 2.584250 0.000000
vt 8.971550 2.783038 0.000000
vt 8.971550 3.180615 0.000000
vt 8.971550 3.975769 0.000000
vt 8.971550 4.373345 0.000000
vt 8.241740 0.993942 0.000000
vt 8.241740 1.192731 0.000000
vt 8.241740 1.391519 0.000000
vt 8.241740 1.590307 0.000000
vt 8.241740 1.987884 0.000000
vt 8.241740 2.186673 0.000000
vt 8.241740 2.385461 0.000000
vt 8.241740 2.584250 0.000000
vt 8.241740 2.783038 0.000000
vt 8.241740 3.180615 0.000000
vt 8.241740 3.975769 0.000000
vt 8.241740 4.373345 0.000000
vt 8.241740 4.770922 0.000000
vt 7.511930 0.993942 0.000000
vt 7.511930 1.192731 0.000000
vt 7.511930 1.391519 0.000000
vt 7.511930 1.590307 0.000000
vt 7.511930 1.987884 0.000000
vt 7.511930 2.186673 0.000000
vt 7.511930 2.385461 0.000000
vt 7.511930 2.584250 0.000000
vt 7.511930 2.783038 0.000000
vt 7.511930 3.180615 0.000000
vt 7.511930 3.975769 0.000000
vt 7.511930 4.373345 0.000000
vt 7.511930 4.770922 0.000000
vt 7.511930 5.168499 0.000000
vt 6.782119 0.993942 0.000000
vt 6.782119 1.192731 0.000000
vt 6.782119 1.391519 0.000000
vt 6.782119 1.590307 0.000000
vt 6.782119 1.987884 0.000000
vt 6.782119 2.186673 0.000000
vt 6.782119 2.385461 0.000000
vt 6.782119 2.584250 0.000000
vt 6.782119 2.783038 0.000000
vt 6.782119 3.180615 0.000000
vt 6.782119 3.975769 0.000000
vt 6.782119 4.373345 0.000000
vt 6.782119 4.770922 0.000000
vt 6.782119 5.168499 0.000000
vt 6.782119 5.566076 0.000000
vt 6.052309 0.993942 0.000000
vt 6.052309 1.192731 0.000000
vt 6.052309 1.391519 0.000000
vt 6.052309 1.590307 0.000000
vt 6.052309 1.987884 0.000000
vt 6.052309 2.186673 0.000000
vt 6.052309 2.385461 0.000000
vt 6.052309 2.584250 0.000000
vt 6.052309 2.783038 0.000000
vt 6.052309 3.180615 0.000000
vt 6.052309 3.975769 0.000000
vt 6.052309 4.373345 0.000000
vt 6.052309 4.770922 0.000000
vt 6.052309 5.168499 0.000000
vt 6.052309 5.566076 0.000000
vt 5.322499 0.993942 0.000000
vt 5.322499 1.192731 0.000000
vt 5.322499 1.391519 0.000000
vt 5.322499 1.590307 0.000000
vt 5.322499 1.987884 0.000000
vt 5.322499 2.186673 0.000000
vt 5.322499 2.385461 0.000000
vt 5.322499 2.584250 0.000000
vt 5.322499 2.783038 0.000000
vt 5.322499 3.180615 0.000000
vt 5.322499 3.975769 0.000000
vt 5.322499 4.373345 0.000000
vt 5.322499 4.770922 0.000000
vt 5.322499 5.168499 0.000000
vt 5.322499 5.566076 0.000000
vt 1.566534 2.584250 0.000000
vt 1.566534 2.783038 0.000000
vt 1.566534 3.180615 0.000000
vt 34.842473 3.975769 0.000000
vt 34.842473 4.373345 0.000000
vt 34.842473 4.770922 0.000000
vt 34.137645 3.975769 0.000000
vt 34.137645 4.373345 0.000000
vt 34.137645 4.770922 0.000000
vt 34.137645 5.168499 0.000000
vt 33.432817 3.975769 0.000000
vt 33.432817 4.373345 0.000000
vt 33.432817 4.770922 0.000000
vt 33.432817 5.168499 0.000000
vt 33.432817 5.566076 0.000000
vt 32.895480 3.975769 0.000000
vt 32.895480 4.373345 0.000000
vt 32.895480 4.770922 0.000000
vt 32.895480 5.168499 0.000000
vt 32.895480 5.566076 0.000000
vt 32.358143 3.975769 0.000000
vt 32.358143 4.373345 0.000000
vt 32.358143 4.770922 0.000000
vt 32.358143 5.168499 0.000000
vt 32.358143 5.566076 0.000000
vt 31.820807 3.975769 0.000000
vt 31.820807 4.373345 0.000000
vt 31.820807 4.770922 0.000000
vt 31.820807 5.168499 0.000000
vt 31.820807 5.566076 0.000000
vt 31.283470 3.975769 0.000000
vt 31.283470 4.373345 0.000000
vt 31.283470 4.770922 0.000000
vt 31.283470 5.168499 0.000000
vt 31.283470 5.566076 0.000000
vt 30.208797 4.373345 0.000000
vt 29.134123 4.770922 0.000000
vt 30.208797 4.770922 0.000000
vt 30.208797 5.168499 0.000000
vt 30.208797 5.566076 0.000000
vt 29.134123 5.168499 0.000000
vt 29.134123 5.566076 0.000000
vt 8.971550 5.566076 0.000000
vt 1.125699 0.000000 0.000000
vt 0.498509 0.174693 0.000000
vt 0.000000 0.000000 0.000000
vt 0.427293 0.174693 0.000000
vt 0.356078 0.174693 0.000000
vt 0.356078 0.349386 0.000000
vt 0.284862 0.349386 0.000000
vt 0.284862 0.524078 0.000000
vt 0.142431 0.524078 0.000000
vt 0.142431 0.698771 0.000000
vt 0.000000 0.698771 0.000000
vt 0.142431 1.048157 0.000000
vt 0.000000 1.397542 0.000000
vt 0.142431 1.397542 0.000000
vt 0.142431 1.746928 0.000000
vt 0.284862 1.397542 0.000000
vt 0.284862 1.746928 0.000000
vt 0.356078 1.397542 0.000000
vt 0.356078 1.746928 0.000000
vt 0.427293 1.397542 0.000000
vt 0.427293 1.746928 0.000000
vt 0.498509 1.397542 0.000000
vt 0.498509 1.746928 0.000000
vt 0.569724 1.397542 0.000000
vt 0.569724 1.746928 0.000000
vt 0.662387 1.397542 0.000000
vt 0.662387 1.746928 0.000000
vt 0.755049 1.397542 0.000000
vt 0.755049 1.746928 0.000000
vt 0.895762 1.397542 0.000000
vt 0.895762 1.746928 0.000000
vt 0.966118 1.397542 0.000000
vt 0.966118 1.746928 0.000000
vt 1.001296 1.397542 0.000000
vt 1.001296 1.746928 0.000000
vt 1.036474 1.397542 0.000000
vt 1.036474 1.746928 0.000000
vt 1.071652 1.397542 0.000000
vt 1.071652 1.746928 0.000000
vt 1.089241 1.397542 0.000000
vt 1.089241 1.746928 0.000000
vt 1.106830 1.397542 0.000000
vt 1.106830 1.746928 0.000000
vt 1.124419 1.397542 0.000000
vt 1.124419 1.746928 0.000000
vt 1.142008 1.397542 0.000000
vt 1.142008 1.746928 0.000000
vt 1.159597 1.397542 0.000000
vt 1.159597 1.746928 0.000000
vt 1.177187 1.397542 0.000000
vt 1.177187 1.746928 0.000000
vt 1.212365 1.397542 0.000000
vt 1.212365 1.746928 0.000000
vt 1.247543 1.397542 0.000000
vt 1.247543 1.746928 0.000000
vt 1.317899 1.397542 0.000000
vt 1.317899 1.746928 0.000000
vt 1.458611 1.397542 0.000000
vt 1.458611 1.746928 0.000000
vt 1.599324 1.397542 0.000000
vt 1.599324 1.746928 0.000000
vt 1.740036 1.397542 0.000000
vt 1.740036 1.746928 0.000000
vt 1.810392 1.397542 0.000000
vt 1.810392 1.746928 0.000000
vt 1.880749 1.397542 0.000000
vt 1.880749 1.746928 0.000000
vt 1.973411 1.397542 0.000000
vt 1.973411 1.746928 0.000000
vt 2.066073 1.397542 0.000000
vt 2.066073 1.746928 0.000000
vt 2.158736 1.397542 0.000000
vt 2.158736 1.746928 0.000000
vt 2.251398 1.397542 0.000000
vt 2.251398 2.096314 0.000000
vt 2.251398 0.000000 0.000000
vt 1.740036 0.174693 0.000000
vt 1.599324 0.174693 0.000000
vt 1.458611 0.174693 0.000000
vt 1.458611 0.349386 0.000000
vt 1.317899 0.349386 0.000000
vt 1.317899 0.524078 0.000000
vt 1.247543 0.524078 0.000000
vt 1.247543 0.698771 0.000000
vt 1.212365 0.698771 0.000000
vt 1.212365 1.048157 0.000000
vt 1.177187 1.048157 0.000000
vt 2.251398 0.698771 0.000000
vt 2.158736 0.349386 0.000000
vt 2.158736 0.174693 0.000000
vt 2.066073 0.174693 0.000000
vt 2.066073 0.349386 0.000000
vt 1.973411 0.349386 0.000000
vt 1.973411 0.524078 0.000000
vt 1.880749 0.524078 0.000000
vt 1.880749 0.698771 0.000000
vt 1.810392 0.698771 0.000000
vt 1.810392 1.048157 0.000000
vt 1.740036 1.048157 0.000000
vt 2.158736 1.048157 0.000000
vt 2.158736 0.698771 0.000000
vt 2.158736 0.524078 0.000000
vt 2.066073 0.698771 0.000000
vt 2.066073 0.524078 0.000000
vt 1.973411 0.698771 0.000000
vt 2.251398 2.795085 0.000000
vt 2.158736 2.795085 0.000000
vt 2.158736 2.096314 0.000000
vt 2.066073 2.096314 0.000000
vt 1.973411 2.096314 0.000000
vt 1.880749 2.096314 0.000000
vt 1.810392 2.096314 0.000000
vt 1.740036 2.096314 0.000000
vt 1.599324 2.096314 0.000000
vt 1.458611 2.096314 0.000000
vt 1.317899 2.096314 0.000000
vt 1.247543 2.096314 0.000000
vt 1.212365 2.096314 0.000000
vt 1.177187 2.096314 0.000000
vt 1.159597 2.096314 0.000000
vt 1.142008 2.096314 0.000000
vt 1.124419 2.096314 0.000000
vt 1.106830 2.096314 0.000000
vt 1.089241 2.096314 0.000000
vt 1.071652 2.096314 0.000000
vt 1.036474 2.096314 0.000000
vt 1.001296 2.096314 0.000000
vt 0.966118 2.096314 0.000000
vt 0.895762 2.096314 0.000000
vt 0.755049 2.096314 0.000000
vt 0.662387 2.096314 0.000000
vt 0.569724 2.096314 0.000000
vt 0.498509 2.096314 0.000000
vt 0.427293 2.096314 0.000000
vt 0.356078 2.096314 0.000000
vt 0.284862 2.096314 0.000000
vt 0.142431 2.096314 0.000000
vt 0.000000 2.096314 0.000000
vt 2.158736 3.144471 0.000000
vt 2.251398 3.493856 0.000000
vt 2.158736 3.493856 0.000000
vt 2.158736 4.192627 0.000000
vt 2.066073 4.192627 0.000000
vt 2.066073 4.367320 0.000000
vt 1.973411 4.367320 0.000000
vt 1.973411 4.542013 0.000000
vt 1.880749 4.542013 0.000000
vt 1.880749 4.891399 0.000000
vt 1.810392 4.891399 0.000000
vt 1.810392 5.240784 0.000000
vt 1.740036 5.240784 0.000000
vt 1.688549 5.590170 0.000000
vt 1.547836 5.590170 0.000000
vt 2.251398 4.192627 0.000000
vt 2.158736 4.367320 0.000000
vt 2.066073 4.542013 0.000000
vt 1.973411 4.891399 0.000000
vt 1.880749 5.240784 0.000000
vt 1.829261 5.590170 0.000000
vt 2.158736 4.542013 0.000000
vt 2.251398 4.891399 0.000000
vt 2.158736 4.891399 0.000000
vt 2.158736 5.240784 0.000000
vt 2.066073 5.240784 0.000000
vt 2.110686 5.590170 0.000000
vt 1.969974 5.590170 0.000000
vt 2.251398 5.590170 0.000000
vt 1.973411 5.240784 0.000000
vt 2.066073 4.891399 0.000000
vt 1.599324 5.240784 0.000000
vt 1.407124 5.590170 0.000000
vt 1.458611 5.240784 0.000000
vt 1.336768 5.590170 0.000000
vt 1.317899 5.240784 0.000000
vt 1.266412 5.590170 0.000000
vt 1.247543 5.240784 0.000000
vt 1.231233 5.590170 0.000000
vt 1.196055 5.590170 0.000000
vt 1.212365 5.240784 0.000000
vt 1.178466 5.590170 0.000000
vt 1.177187 5.240784 0.000000
vt 1.160877 5.590170 0.000000
vt 1.159597 5.240784 0.000000
vt 1.143288 5.590170 0.000000
vt 1.142008 5.240784 0.000000
vt 1.125699 5.590170 0.000000
vt 1.124419 5.240784 0.000000
vt 1.108110 5.590170 0.000000
vt 1.106830 5.240784 0.000000
vt 1.090521 5.590170 0.000000
vt 1.089241 5.240784 0.000000
vt 1.072932 5.590170 0.000000
vt 1.071652 5.240784 0.000000
vt 1.055343 5.590170 0.000000
vt 1.036474 5.240784 0.000000
vt 1.020165 5.590170 0.000000
vt 1.001296 5.240784 0.000000
vt 0.984987 5.590170 0.000000
vt 0.966118 5.240784 0.000000
vt 0.914631 5.590170 0.000000
vt 0.895762 5.240784 0.000000
vt 0.844274 5.590170 0.000000
vt 0.755049 5.240784 0.000000
vt 0.703562 5.590170 0.000000
vt 0.662387 5.240784 0.000000
vt 0.562850 5.590170 0.000000
vt 0.569724 5.240784 0.000000
vt 0.498509 5.240784 0.000000
vt 0.569724 4.891399 0.000000
vt 0.498509 4.891399 0.000000
vt 0.569724 4.542013 0.000000
vt 0.498509 4.542013 0.000000
vt 0.569724 4.367320 0.000000
vt 0.498509 4.367320 0.000000
vt 0.569724 4.192627 0.000000
vt 0.498509 4.192627 0.000000
vt 0.569724 3.493856 0.000000
vt 0.498509 3.493856 0.000000
vt 0.569724 3.144471 0.000000
vt 0.498509 3.144471 0.000000
vt 0.569724 2.795085 0.000000
vt 0.498509 2.795085 0.000000
vt 0.422137 5.590170 0.000000
vt 0.427293 5.240784 0.000000
vt 0.427293 4.891399 0.000000
vt 0.427293 4.542013 0.000000
vt 0.427293 4.367320 0.000000
vt 0.427293 4.192627 0.000000
vt 0.427293 3.493856 0.000000
vt 0.427293 3.144471 0.000000
vt 0.427293 2.795085 0.000000
vt 0.356078 5.240784 0.000000
vt 0.281425 5.590170 0.000000
vt 0.284862 5.240784 0.000000
vt 0.142431 5.240784 0.000000
vt 0.284862 4.891399 0.000000
vt 0.142431 4.891399 0.000000
vt 0.284862 4.542013 0.000000
vt 0.142431 4.542013 0.000000
vt 0.284862 4.367320 0.000000
vt 0.142431 4.367320 0.000000
vt 0.284862 4.192627 0.000000
vt 0.142431 4.192627 0.000000
vt 0.284862 3.493856 0.000000
vt 0.142431 3.493856 0.000000
vt 0.284862 3.144471 0.000000
vt 0.142431 3.144471 0.000000
vt 0.284862 2.795085 0.000000
vt 0.142431 2.795085 0.000000
vt 0.140712 5.590170 0.000000
vt 0.000000 5.590170 0.000000
vt 0.000000 4.891399 0.000000
vt 0.000000 4.192627 0.000000
vt 0.000000 3.493856 0.000000
vt 0.000000 2.795085 0.000000
vt 0.142431 0.349386 0.000000
vt 0.142431 0.174693 0.000000
vt 0.284862 0.174693 0.000000
vt 2.066073 1.048157 0.000000
vt 1.973411 1.048157 0.000000
vt 1.880749 1.048157 0.000000
vt 1.973411 0.174693 0.000000
vt 1.880749 0.174693 0.000000
vt 1.810392 0.174693 0.000000
vt 1.810392 0.349386 0.000000
vt 1.740036 0.349386 0.000000
vt 1.740036 0.524078 0.000000
vt 1.599324 0.524078 0.000000
vt 1.599324 0.698771 0.000000
vt 1.458611 0.698771 0.000000
vt 1.458611 1.048157 0.000000
vt 1.317899 1.048157 0.000000
vt 1.880749 0.349386 0.000000
vt 1.599324 0.349386 0.000000
vt 1.317899 0.174693 0.000000
vt 1.247543 0.174693 0.000000
vt 1.212365 0.174693 0.000000
vt 1.212365 0.349386 0.000000
vt 1.177187 0.349386 0.000000
vt 1.177187 0.524078 0.000000
vt 1.159597 0.524078 0.000000
vt 1.159597 0.698771 0.000000
vt 1.142008 0.698771 0.000000
vt 1.142008 1.048157 0.000000
vt 1.124419 1.048157 0.000000
vt 1.247543 0.349386 0.000000
vt 1.177187 0.174693 0.000000
vt 1.159597 0.174693 0.000000
vt 1.142008 0.174693 0.000000
vt 1.142008 0.349386 0.000000
vt 1.124419 0.349386 0.000000
vt 1.124419 0.524078 0.000000
vt 1.106830 0.524078 0.000000
vt 1.106830 0.698771 0.000000
vt 1.089241 0.698771 0.000000
vt 1.089241 1.048157 0.000000
vt 1.071652 1.048157 0.000000
vt 1.159597 0.349386 0.000000
vt 1.124419 0.174693 0.000000
vt 1.106830 0.174693 0.000000
vt 1.089241 0.174693 0.000000
vt 1.089241 0.349386 0.000000
vt 1.071652 0.349386 0.000000
vt 1.071652 0.524078 0.000000
vt 1.036474 0.524078 0.000000
vt 1.036474 0.698771 0.000000
vt 1.001296 0.698771 0.000000
vt 1.001296 1.048157 0.000000
vt 0.966118 1.048157 0.000000
vt 1.106830 0.349386 0.000000
vt 1.071652 0.174693 0.000000
vt 1.036474 0.174693 0.000000
vt 1.001296 0.174693 0.000000
vt 1.001296 0.349386 0.000000
vt 0.966118 0.349386 0.000000
vt 0.966118 0.524078 0.000000
vt 0.895762 0.524078 0.000000
vt 0.895762 0.698771 0.000000
vt 0.755049 0.698771 0.000000
vt 0.755049 1.048157 0.000000
vt 0.662387 1.048157 0.000000
vt 1.036474 0.349386 0.000000
vt 0.966118 0.174693 0.000000
vt 0.895762 0.174693 0.000000
vt 0.755049 0.174693 0.000000
vt 0.755049 0.349386 0.000000
vt 0.662387 0.349386 0.000000
vt 0.662387 0.524078 0.000000
vt 0.569724 0.524078 0.000000
vt 0.569724 0.698771 0.000000
vt 0.498509 0.698771 0.000000
vt 0.498509 1.048157 0.000000
vt 0.427293 1.048157 0.000000
vt 0.895762 0.349386 0.000000
vt 0.662387 0.174693 0.000000
vt 0.569724 0.174693 0.000000
vt 0.498509 0.349386 0.000000
vt 0.427293 0.349386 0.000000
vt 0.427293 0.524078 0.000000
vt 0.356078 0.524078 0.000000
vt 0.356078 0.698771 0.000000
vt 0.284862 0.698771 0.000000
vt 0.284862 1.048157 0.000000
vt 0.569724 0.349386 0.000000
vt 1.599324 1.048157 0.000000
vt 1.740036 0.698771 0.000000
vt 1.247543 1.048157 0.000000
vt 1.317899 0.698771 0.000000
vt 1.159597 1.048157 0.000000
vt 1.177187 0.698771 0.000000
vt 1.106830 1.048157 0.000000
vt 1.124419 0.698771 0.000000
vt 1.036474 1.048157 0.000000
vt 1.071652 0.698771 0.000000
vt 0.895762 1.048157 0.000000
vt 0.966118 0.698771 0.000000
vt 0.569724 1.048157 0.000000
vt 0.662387 0.698771 0.000000
vt 0.356078 1.048157 0.000000
vt 0.427293 0.698771 0.000000
vt 0.498509 0.524078 0.000000
vt 0.755049 0.524078 0.000000
vt 1.001296 0.524078 0.000000
vt 1.089241 0.524078 0.000000
vt 1.142008 0.524078 0.000000
vt 1.212365 0.524078 0.000000
vt 1.458611 0.524078 0.000000
vt 1.810392 0.524078 0.000000
vt 2.066073 2.795085 0.000000
vt 2.066073 3.144471 0.000000
vt 2.066073 3.493856 0.000000
vt 1.973411 2.795085 0.000000
vt 1.973411 3.144471 0.000000
vt 1.973411 3.493856 0.000000
vt 1.973411 4.192627 0.000000
vt 1.880749 2.795085 0.000000
vt 1.880749 3.144471 0.000000
vt 1.880749 3.493856 0.000000
vt 1.880749 4.192627 0.000000
vt 1.880749 4.367320 0.000000
vt 1.810392 2.795085 0.000000
vt 1.810392 3.144471 0.000000
vt 1.810392 3.493856 0.000000
vt 1.810392 4.192627 0.000000
vt 1.810392 4.367320 0.000000
vt 1.810392 4.542013 0.000000
vt 1.740036 2.795085 0.000000
vt 1.740036 3.144471 0.000000
vt 1.740036 3.493856 0.000000
vt 1.740036 4.192627 0.000000
vt 1.740036 4.367320 0.000000
vt 1.740036 4.542013 0.000000
vt 1.740036 4.891399 0.000000
vt 1.599324 2.795085 0.000000
vt 1.599324 3.144471 0.000000
vt 1.599324 3.493856 0.000000
vt 1.599324 4.192627 0.000000
vt 1.599324 4.367320 0.000000
vt 1.599324 4.542013 0.000000
vt 1.599324 4.891399 0.000000
vt 1.458611 2.795085 0.000000
vt 1.458611 3.144471 0.000000
vt 1.458611 3.493856 0.000000
vt 1.458611 4.192627 0.000000
vt 1.458611 4.367320 0.000000
vt 1.458611 4.542013 0.000000
vt 1.458611 4.891399 0.000000
vt 1.317899 2.795085 0.000000
vt 1.317899 3.144471 0.000000
vt 1.317899 3.493856 0.000000
vt 1.317899 4.192627 0.000000
vt 1.317899 4.367320 0.000000
vt 1.317899 4.542013 0.000000
vt 1.317899 4.891399 0.000000
vt 1.247543 2.795085 0.000000
vt 1.247543 3.144471 0.000000
vt 1.247543 3.493856 0.000000
vt 1.247543 4.192627 0.000000
vt 1.247543 4.367320 0.000000
vt 1.247543 4.542013 0.000000
vt 1.247543 4.891399 0.000000
vt 1.212365 2.795085 0.000000
vt 1.212365 3.144471 0.000000
vt 1.212365 3.493856 0.000000
vt 1.212365 4.192627 0.000000
vt 1.212365 4.367320 0.000000
vt 1.212365 4.542013 0.000000
vt 1.212365 4.891399 0.000000
vt 1.177187 2.795085 0.000000
vt 1.177187 3.144471 0.000000
vt 1.177187 3.493856 0.000000
vt 1.177187 4.192627 0.000000
vt 1.177187 4.367320 0.000000
vt 1.177187 4.542013 0.000000
vt 1.177187 4.891399 0.000000
vt 1.159597 2.795085 0.000000
vt 1.159597 3.144471 0.000000
vt 1.159597 3.493856 0.000000
vt 1.159597 4.192627 0.000000
vt 1.159597 4.367320 0.000000
vt 1.159597 4.542013 0.000000
vt 1.159597 4.891399 0.000000
vt 1.142008 2.795085 0.000000
vt 1.142008 3.144471 0.000000
vt 1.142008 3.493856 0.000000
vt 1.142008 4.192627 0.000000
vt 1.142008 4.367320 0.000000
vt 1.142008 4.542013 0.000000
vt 1.142008 4.891399 0.000000
vt 1.124419 2.795085 0.000000
vt 1.124419 3.144471 0.000000
vt 1.124419 3.493856 0.000000
vt 1.124419 4.192627 0.000000
vt 1.124419 4.367320 0.000000
vt 1.124419 4.542013 0.000000
vt 1.124419 4.891399 0.000000
vt 1.106830 2.795085 0.000000
vt 1.106830 3.144471 0.000000
vt 1.106830 3.493856 0.000000
vt 1.106830 4.192627 0.000000
vt 1.106830 4.367320 0.000000
vt 1.106830 4.542013 0.000000
vt 1.106830 4.891399 0.000000
vt 1.089241 2.795085 0.000000
vt 1.089241 3.144471 0.000000
vt 1.089241 3.493856 0.000000
vt 1.089241 4.192627 0.000000
vt 1.089241 4.367320 0.000000
vt 1.089241 4.542013 0.000000
vt 1.089241 4.891399 0.000000
vt 1.071652 2.795085 0.000000
vt 1.071652 3.144471 0.000000
vt 1.071652 3.493856 0.000000
vt 1.071652 4.192627 0.000000
vt 1.071652 4.367320 0.000000
vt 1.071652 4.542013 0.000000
vt 1.071652 4.891399 0.000000
vt 1.036474 2.795085 0.000000
vt 1.036474 3.144471 0.000000
vt 1.036474 3.493856 0.000000
vt 1.036474 4.192627 0.000000
vt 1.036474 4.367320 0.000000
vt 1.036474 4.542013 0.000000
vt 1.036474 4.891399 0.000000
vt 1.001296 2.795085 0.000000
vt 1.001296 3.144471 0.000000
vt 1.001296 3.493856 0.000000
vt 1.001296 4.192627 0.000000
vt 1.001296 4.367320 0.000000
vt 1.001296 4.542013 0.000000
vt 1.001296 4.891399 0.000000
vt 0.966118 2.795085 0.000000
vt 0.966118 3.144471 0.000000
vt 0.966118 3.493856 0.000000
vt 0.966118 4.192627 0.000000
vt 0.966118 4.367320 0.000000
vt 0.966118 4.542013 0.000000
vt 0.966118 4.891399 0.000000
vt 0.895762 2.795085 0.000000
vt 0.895762 3.144471 0.000000
vt 0.895762 3.493856 0.000000
vt 0.895762 4.192627 0.000000
vt 0.895762 4.367320 0.000000
vt 0.895762 4.542013 0.000000
vt 0.895762 4.891399 0.000000
vt 0.755049 2.795085 0.000000
vt 0.755049 3.144471 0.000000
vt 0.755049 3.493856 0.000000
vt 0.755049 4.192627 0.000000
vt 0.755049 4.367320 0.000000
vt 0.755049 4.542013 0.000000
vt 0.755049 4.891399 0.000000
vt 0.662387 2.795085 0.000000
vt 0.662387 3.144471 0.000000
vt 0.662387 3.493856 0.000000
vt 0.662387 4.192627 0.000000
vt 0.662387 4.367320 0.000000
vt 0.662387 4.542013 0.000000
vt 0.662387 4.891399 0.000000
vt 0.356078 2.795085 0.000000
vt 0.356078 3.144471 0.000000
vt 0.356078 3.493856 0.000000
vt 0.356078 4.192627 0.000000
vt 0.356078 4.367320 0.000000
vt 0.356078 4.542013 0.000000
vt 0.356078 4.891399 0.000000
vt 0.000000 0.795154 0.000000
vt 0.000000 0.000000 0.000000
vt 0.783272 0.397577 0.000000
vt 1.132908 0.000000 0.000000
vt 1.566543 0.397577 0.000000
vt 2.265810 0.000000 0.000000
vt 2.349815 0.397577 0.000000
vt 3.398681 0.000000 0.000000
vt 3.133087 0.397577 0.000000
vt 3.669770 0.397577 0.000000
vt 3.133087 0.795154 0.000000
vt 3.669770 0.795154 0.000000
vt 3.133087 1.192731 0.000000
vt 3.669770 1.192731 0.000000
vt 3.133087 1.590307 0.000000
vt 3.669770 1.590307 0.000000
vt 3.133087 2.385461 0.000000
vt 3.669770 2.385461 0.000000
vt 3.133087 3.180615 0.000000
vt 3.669770 3.180615 0.000000
vt 3.133087 3.578192 0.000000
vt 3.669770 3.578192 0.000000
vt 3.133087 3.975769 0.000000
vt 3.669770 3.975769 0.000000
vt 3.133087 4.770922 0.000000
vt 3.669770 4.770922 0.000000
vt 3.133087 5.566076 0.000000
vt 3.669770 5.566076 0.000000
vt 3.398312 6.361223 0.000000
vt 3.964963 6.361227 0.000000
vt 4.206453 5.566076 0.000000
vt 4.531535 6.361230 0.000000
vt 4.743137 5.566076 0.000000
vt 5.098004 6.361230 0.000000
vt 5.279820 5.566076 0.000000
vt 5.664510 6.361230 0.000000
vt 6.353187 5.566076 0.000000
vt 6.797488 6.361230 0.000000
vt 7.426554 5.566076 0.000000
vt 7.930286 6.361230 0.000000
vt 8.360773 5.566076 0.000000
vt 9.063114 6.361230 0.000000
vt 9.294992 5.566076 0.000000
vt 10.229211 5.566076 0.000000
vt 10.229211 4.770922 0.000000
vt 11.163431 4.770922 0.000000
vt 11.163431 3.975769 0.000000
vt 12.789651 3.975769 0.000000
vt 12.789651 3.578192 0.000000
vt 14.415872 3.578192 0.000000
vt 14.415872 3.180615 0.000000
vt 15.734810 3.180615 0.000000
vt 15.734810 2.385461 0.000000
vt 17.053748 2.385461 0.000000
vt 17.053748 1.590307 0.000000
vt 18.372686 1.590307 0.000000
vt 18.372686 1.192731 0.000000
vt 19.691624 1.192731 0.000000
vt 19.691624 0.795154 0.000000
vt 21.032666 0.795154 0.000000
vt 21.032666 0.397577 0.000000
vt 22.373708 0.397577 0.000000
vt 21.524602 0.000105 0.000000
vt 22.657713 0.000002 0.000000
vt 4.531544 0.000000 0.000000
vt 4.206453 0.397577 0.000000
vt 4.206453 0.795154 0.000000
vt 4.206453 1.192731 0.000000
vt 4.206453 1.590307 0.000000
vt 4.206453 2.385461 0.000000
vt 4.206453 3.180615 0.000000
vt 4.206453 3.578192 0.000000
vt 4.206453 3.975769 0.000000
vt 4.206453 4.770922 0.000000
vt 4.743137 0.397577 0.000000
vt 5.664456 0.000000 0.000000
vt 5.279820 0.397577 0.000000
vt 6.353187 0.397577 0.000000
vt 5.279820 0.795154 0.000000
vt 6.353187 0.795154 0.000000
vt 5.279820 1.192731 0.000000
vt 6.353187 1.192731 0.000000
vt 5.279820 1.590307 0.000000
vt 6.353187 1.590307 0.000000
vt 5.279820 2.385461 0.000000
vt 6.353187 2.385461 0.000000
vt 5.279820 3.180615 0.000000
vt 6.353187 3.180615 0.000000
vt 5.279820 3.578192 0.000000
vt 6.353187 3.578192 0.000000
vt 5.279820 3.975769 0.000000
vt 6.353187 3.975769 0.000000
vt 5.279820 4.770922 0.000000
vt 6.353187 4.770922 0.000000
vt 6.797367 0.000000 0.000000
vt 7.426554 0.397577 0.000000
vt 7.426554 0.795154 0.000000
vt 7.426554 1.192731 0.000000
vt 7.426554 1.590307 0.000000
vt 7.426554 2.385461 0.000000
vt 7.426554 3.180615 0.000000
vt 7.426554 3.578192 0.000000
vt 7.426554 3.975769 0.000000
vt 7.426554 4.770922 0.000000
vt 7.930225 0.000000 0.000000
vt 8.360773 0.397577 0.000000
vt 8.360773 0.795154 0.000000
vt 8.360773 1.192731 0.000000
vt 8.360773 1.590307 0.000000
vt 8.360773 2.385461 0.000000
vt 8.360773 3.180615 0.000000
vt 8.360773 3.578192 0.000000
vt 8.360773 3.975769 0.000000
vt 8.360773 4.770922 0.000000
vt 9.063091 0.000001 0.000000
vt 9.294992 0.397577 0.000000
vt 9.294992 0.795154 0.000000
vt 9.294992 1.192731 0.000000
vt 9.294992 1.590307 0.000000
vt 9.294992 2.385461 0.000000
vt 9.294992 3.180615 0.000000
vt 9.294992 3.578192 0.000000
vt 9.294992 3.975769 0.000000
vt 9.294992 4.770922 0.000000
vt 10.196021 0.000017 0.000000
vt 10.229211 0.397577 0.000000
vt 10.229211 0.795154 0.000000
vt 10.229211 1.192731 0.000000
vt 10.229211 1.590307 0.000000
vt 10.229211 2.385461 0.000000
vt 10.229211 3.180615 0.000000
vt 10.229211 3.578192 0.000000
vt 10.229211 3.975769 0.000000
vt 11.328894 0.000013 0.000000
vt 11.163431 0.397577 0.000000
vt 11.163431 0.795154 0.000000
vt 11.163431 1.192731 0.000000
vt 11.163431 1.590307 0.000000
vt 11.163431 2.385461 0.000000
vt 11.163431 3.180615 0.000000
vt 11.163431 3.578192 0.000000
vt 12.461744 0.000000 0.000000
vt 12.789651 0.397577 0.000000
vt 12.789651 0.795154 0.000000
vt 12.789651 1.192731 0.000000
vt 12.789651 1.590307 0.000000
vt 12.789651 2.385461 0.000000
vt 12.789651 3.180615 0.000000
vt 13.594648 0.000024 0.000000
vt 14.415872 0.397577 0.000000
vt 14.415872 0.795154 0.000000
vt 14.415872 1.192731 0.000000
vt 14.415872 1.590307 0.000000
vt 14.415872 2.385461 0.000000
vt 14.727525 0.000014 0.000000
vt 15.734810 0.397577 0.000000
vt 15.734810 0.795154 0.000000
vt 15.734810 1.192731 0.000000
vt 15.734810 1.590307 0.000000
vt 15.860388 0.000006 0.000000
vt 17.053748 0.397577 0.000000
vt 17.053748 0.795154 0.000000
vt 17.053748 1.192731 0.000000
vt 16.993235 0.000024 0.000000
vt 18.126173 0.000000 0.000000
vt 18.372686 0.397577 0.000000
vt 19.258814 0.000098 0.000000
vt 19.691624 0.397577 0.000000
vt 20.391535 0.000176 0.000000
vt 23.714750 0.397577 0.000000
vt 23.790517 0.000041 0.000000
vt 24.923283 0.000099 0.000000
vt 25.055792 0.397577 0.000000
vt 26.056157 0.000104 0.000000
vt 26.472456 0.397577 0.000000
vt 27.189124 0.000061 0.000000
vt 27.889120 0.397577 0.000000
vt 28.322104 0.000015 0.000000
vt 28.597452 0.397577 0.000000
vt 29.455031 0.000000 0.000000
vt 29.305784 0.397577 0.000000
vt 30.014116 0.397577 0.000000
vt 29.305784 0.795154 0.000000
vt 30.014116 0.795154 0.000000
vt 29.305784 1.192731 0.000000
vt 30.014116 1.192731 0.000000
vt 29.305784 1.590307 0.000000
vt 30.014116 1.590307 0.000000
vt 29.305784 2.385461 0.000000
vt 30.014116 2.385461 0.000000
vt 29.305784 3.180615 0.000000
vt 30.014116 3.180615 0.000000
vt 29.305784 3.578192 0.000000
vt 30.014116 3.578192 0.000000
vt 29.305784 3.975769 0.000000
vt 30.014116 3.975769 0.000000
vt 29.305784 4.770922 0.000000
vt 30.014116 4.770922 0.000000
vt 29.305784 5.566076 0.000000
vt 30.014116 5.566076 0.000000
vt 29.455031 6.361230 0.000000
vt 30.587831 6.361228 0.000000
vt 30.722449 5.566076 0.000000
vt 31.413686 5.566076 0.000000
vt 31.413686 4.770922 0.000000
vt 32.104923 4.770922 0.000000
vt 32.104923 3.975769 0.000000
vt 32.796160 3.975769 0.000000
vt 32.796160 3.578192 0.000000
vt 33.487398 3.578192 0.000000
vt 33.487398 3.180615 0.000000
vt 34.178635 3.180615 0.000000
vt 34.178635 2.385461 0.000000
vt 34.869872 2.385461 0.000000
vt 34.869872 1.590307 0.000000
vt 35.561109 1.590307 0.000000
vt 35.561109 1.192731 0.000000
vt 36.252346 1.590307 0.000000
vt 36.252346 0.795154 0.000000
vt 35.561109 0.795154 0.000000
vt 35.561109 0.397577 0.000000
vt 34.869872 0.795154 0.000000
vt 34.869872 0.397577 0.000000
vt 34.178635 0.795154 0.000000
vt 34.178635 0.397577 0.000000
vt 33.487398 0.795154 0.000000
vt 33.487398 0.397577 0.000000
vt 32.796160 0.795154 0.000000
vt 32.796160 0.397577 0.000000
vt 32.104923 0.795154 0.000000
vt 32.104923 0.397577 0.000000
vt 31.413686 0.795154 0.000000
vt 31.413686 0.397577 0.000000
vt 30.722449 0.795154 0.000000
vt 30.722449 0.397577 0.000000
vt 30.587945 0.000000 0.000000
vt 31.720838 0.000000 0.000000
vt 32.853690 0.000000 0.000000
vt 33.986615 0.000000 0.000000
vt 35.119504 0.000000 0.000000
vt 36.252346 0.000000 0.000000
vt 35.561109 2.385461 0.000000
vt 36.252346 2.385461 0.000000
vt 35.561109 3.180615 0.000000
vt 36.252346 3.180615 0.000000
vt 35.561109 3.578192 0.000000
vt 36.252346 3.975769 0.000000
vt 35.561109 3.975769 0.000000
vt 35.561109 4.770922 0.000000
vt 34.869872 4.770922 0.000000
vt 34.869872 5.566076 0.000000
vt 34.178635 5.566076 0.000000
vt 33.986433 6.361228 0.000000
vt 33.487398 5.566076 0.000000
vt 32.853687 6.361230 0.000000
vt 32.796160 5.566076 0.000000
vt 32.104923 5.566076 0.000000
vt 32.796160 4.770922 0.000000
vt 36.252346 4.770922 0.000000
vt 35.561109 5.566076 0.000000
vt 35.119302 6.361229 0.000000
vt 36.252346 5.566076 0.000000
vt 36.252346 6.361230 0.000000
vt 31.720691 6.361227 0.000000
vt 28.597452 5.566076 0.000000
vt 27.189443 6.361220 0.000000
vt 27.889120 5.566076 0.000000
vt 26.472456 5.566076 0.000000
vt 27.889120 4.770922 0.000000
vt 26.472456 4.770922 0.000000
vt 27.889120 3.975769 0.000000
vt 26.472456 3.975769 0.000000
vt 27.889120 3.578192 0.000000
vt 26.472456 3.578192 0.000000
vt 27.889120 3.180615 0.000000
vt 26.472456 3.180615 0.000000
vt 27.889120 2.385461 0.000000
vt 26.472456 2.385461 0.000000
vt 27.889120 1.590307 0.000000
vt 26.472456 1.590307 0.000000
vt 27.889120 1.192731 0.000000
vt 26.472456 1.192731 0.000000
vt 27.889120 0.795154 0.000000
vt 26.472456 0.795154 0.000000
vt 24.923828 6.361226 0.000000
vt 25.055792 5.566076 0.000000
vt 25.055792 4.770922 0.000000
vt 25.055792 3.975769 0.000000
vt 25.055792 3.578192 0.000000
vt 25.055792 3.180615 0.000000
vt 25.055792 2.385461 0.000000
vt 25.055792 1.590307 0.000000
vt 25.055792 1.192731 0.000000
vt 25.055792 0.795154 0.000000
vt 23.714750 5.566076 0.000000
vt 22.657723 6.361230 0.000000
vt 22.373708 5.566076 0.000000
vt 21.525216 6.361230 0.000000
vt 21.032666 5.566076 0.000000
vt 20.392569 6.361230 0.000000
vt 19.691624 5.566076 0.000000
vt 19.259397 6.361230 0.000000
vt 18.372686 5.566076 0.000000
vt 18.126173 6.361230 0.000000
vt 17.053748 5.566076 0.000000
vt 16.993402 6.361230 0.000000
vt 15.860434 6.361230 0.000000
vt 15.734810 5.566076 0.000000
vt 14.727638 6.361230 0.000000
vt 14.415872 5.566076 0.000000
vt 13.594848 6.361230 0.000000
vt 12.789651 5.566076 0.000000
vt 11.329101 6.361230 0.000000
vt 11.163431 5.566076 0.000000
vt 2.831673 6.361219 0.000000
vt 2.349815 5.566076 0.000000
vt 2.349815 4.770922 0.000000
vt 2.349815 3.975769 0.000000
vt 2.349815 3.578192 0.000000
vt 2.349815 3.180615 0.000000
vt 2.349815 2.385461 0.000000
vt 2.349815 1.590307 0.000000
vt 2.349815 1.192731 0.000000
vt 2.349815 0.795154 0.000000
vt 2.265123 6.361217 0.000000
vt 1.698715 6.361218 0.000000
vt 1.566543 5.566076 0.000000
vt 1.132457 6.361222 0.000000
vt 0.783272 5.566076 0.000000
vt 0.566282 6.361227 0.000000
vt 0.000000 5.566076 0.000000
vt 0.000000 6.361230 0.000000
vt 0.783272 4.770922 0.000000
vt 0.000000 4.770922 0.000000
vt 0.783272 3.975769 0.000000
vt 0.000000 3.975769 0.000000
vt 0.783272 3.578192 0.000000
vt 0.000000 3.180615 0.000000
vt 0.783272 3.180615 0.000000
vt 0.783272 2.385461 0.000000
vt 1.566543 2.385461 0.000000
vt 1.566543 1.590307 0.000000
vt 0.000000 2.385461 0.000000
vt 0.783272 1.590307 0.000000
vt 1.566543 1.192731 0.000000
vt 0.000000 1.590307 0.000000
vt 0.783272 1.192731 0.000000
vt 1.566543 0.795154 0.000000
vt 0.783272 0.795154 0.000000
vt 28.597452 0.795154 0.000000
vt 28.597452 1.192731 0.000000
vt 28.597452 1.590307 0.000000
vt 28.597452 2.385461 0.000000
vt 28.597452 3.180615 0.000000
vt 28.597452 3.578192 0.000000
vt 28.597452 3.975769 0.000000
vt 28.597452 4.770922 0.000000
vt 23.714750 0.795154 0.000000
vt 23.714750 1.192731 0.000000
vt 23.714750 1.590307 0.000000
vt 23.714750 2.385461 0.000000
vt 23.714750 3.180615 0.000000
vt 23.714750 3.578192 0.000000
vt 23.714750 3.975769 0.000000
vt 23.714750 4.770922 0.000000
vt 22.373708 0.795154 0.000000
vt 22.373708 1.192731 0.000000
vt 22.373708 1.590307 0.000000
vt 22.373708 2.385461 0.000000
vt 22.373708 3.180615 0.000000
vt 22.373708 3.578192 0.000000
vt 22.373708 3.975769 0.000000
vt 22.373708 4.770922 0.000000
vt 18.372686 0.795154 0.000000
vt 4.743137 0.795154 0.000000
vt 4.743137 1.192731 0.000000
vt 4.743137 1.590307 0.000000
vt 4.743137 2.385461 0.000000
vt 4.743137 3.180615 0.000000
vt 4.743137 3.578192 0.000000
vt 4.743137 3.975769 0.000000
vt 4.743137 4.770922 0.000000
vt 34.869872 1.192731 0.000000
vt 34.178635 1.192731 0.000000
vt 34.178635 1.590307 0.000000
vt 33.487398 1.192731 0.000000
vt 33.487398 1.590307 0.000000
vt 33.487398 2.385461 0.000000
vt 32.796160 1.192731 0.000000
vt 32.796160 1.590307 0.000000
vt 32.796160 2.385461 0.000000
vt 32.796160 3.180615 0.000000
vt 32.104923 1.192731 0.000000
vt 32.104923 1.590307 0.000000
vt 32.104923 2.385461 0.000000
vt 32.104923 3.180615 0.000000
vt 32.104923 3.578192 0.000000
vt 31.413686 1.192731 0.000000
vt 31.413686 1.590307 0.000000
vt 31.413686 2.385461 0.000000
vt 31.413686 3.180615 0.000000
vt 31.413686 3.578192 0.000000
vt 31.413686 3.975769 0.000000
vt 30.722449 1.192731 0.000000
vt 30.722449 1.590307 0.000000
vt 30.722449 2.385461 0.000000
vt 30.722449 3.180615 0.000000
vt 30.722449 3.578192 0.000000
vt 30.722449 3.975769 0.000000
vt 30.722449 4.770922 0.000000
vt 21.032666 1.192731 0.000000
vt 19.691624 1.590307 0.000000
vt 18.372686 2.385461 0.000000
vt 17.053748 3.180615 0.000000
vt 15.734810 3.578192 0.000000
vt 14.415872 3.975769 0.000000
vt 12.789651 4.770922 0.000000
vt 21.032666 1.590307 0.000000
vt 21.032666 2.385461 0.000000
vt 21.032666 3.180615 0.000000
vt 21.032666 3.578192 0.000000
vt 21.032666 3.975769 0.000000
vt 21.032666 4.770922 0.000000
vt 34.869872 3.180615 0.000000
vt 34.178635 3.578192 0.000000
vt 33.487398 3.975769 0.000000
vt 19.691624 2.385461 0.000000
vt 18.372686 3.180615 0.000000
vt 17.053748 3.578192 0.000000
vt 15.734810 3.975769 0.000000
vt 14.415872 4.770922 0.000000
vt 19.691624 3.180615 0.000000
vt 19.691624 3.578192 0.000000
vt 19.691624 3.975769 0.000000
vt 19.691624 4.770922 0.000000
vt 1.566543 3.180615 0.000000
vt 34.869872 3.578192 0.000000
vt 34.869872 3.975769 0.000000
vt 18.372686 3.578192 0.000000
vt 17.053748 3.975769 0.000000
vt 15.734810 4.770922 0.000000
vt 1.566543 3.578192 0.000000
vt 1.566543 3.975769 0.000000
vt 1.566543 4.770922 0.000000
vt 34.178635 3.975769 0.000000
vt 33.487398 4.770922 0.000000
vt 18.372686 3.975769 0.000000
vt 18.372686 4.770922 0.000000
vt 34.178635 4.770922 0.000000
vt 17.053748 4.770922 0.000000
vn 0.068353 0.018107 0.070711
vn 0.068177 0.018760 0.070711
vn 0.067828 0.019984 0.070710
vn 0.067791 0.020110 0.070710
vn 0.067375 0.021464 0.070710
vn 0.067815 0.020031 0.070710
vn 0.067168 0.022104 0.070710
vn 0.068530 0.017426 0.070711
vn 0.068810 0.016284 0.070711
vn 0.068846 0.016132 0.070711
vn 0.069127 0.014882 0.070710
vn 0.068881 0.015984 0.070711
vn 0.069291 0.014099 0.070710
vn 0.069376 0.013677 0.070710
vn 0.069630 0.012318 0.070711
vn 0.069654 0.012176 0.070711
vn 0.069903 0.010657 0.070711
vn 0.069887 0.010763 0.070711
vn 0.070118 0.009133 0.070711
vn 0.070016 0.009889 0.070711
vn 0.070191 0.008560 0.070711
vn 0.069199 0.014546 0.070710
vn 0.069525 0.012895 0.070711
vn 0.069796 0.011335 0.070711
vn 0.070294 0.007665 0.070711
vn 0.070328 0.007341 0.070711
vn 0.070425 0.006338 0.070712
vn 0.070435 0.006227 0.070712
vn 0.070522 0.005152 0.070711
vn 0.070517 0.005215 0.070711
vn 0.070579 0.004307 0.070711
vn 0.070584 0.004231 0.070711
vn 0.070624 0.003503 0.070711
vn 0.070628 0.003417 0.070711
vn 0.070656 0.002772 0.070711
vn 0.070660 0.002676 0.070711
vn 0.070679 0.002098 0.070711
vn 0.070682 0.001996 0.070711
vn 0.070695 0.001484 0.070711
vn 0.070699 0.001294 0.070711
vn 0.070705 0.000913 0.070711
vn 0.070708 0.000624 0.070711
vn 0.070710 0.000332 0.070711
vn 0.070710 0.000096 0.070711
vn 0.070710 -0.000265 0.070711
vn 0.070709 -0.000444 0.070711
vn 0.070705 -0.000878 0.070711
vn 0.070704 -0.001002 0.070711
vn 0.070694 -0.001549 0.070711
vn 0.070692 -0.001613 0.070711
vn 0.070673 -0.002290 0.070711
vn 0.070674 -0.002281 0.070711
vn 0.070647 -0.003007 0.070711
vn 0.070646 -0.003028 0.070711
vn 0.070609 -0.003797 0.070711
vn 0.070597 -0.004007 0.070711
vn 0.070556 -0.004667 0.070711
vn 0.070526 -0.005107 0.070711
vn 0.070492 -0.005550 0.070711
vn 0.070427 -0.006331 0.070711
vn 0.070411 -0.006504 0.070711
vn 0.070292 -0.007682 0.070711
vn 0.070308 -0.007533 0.070711
vn 0.070180 -0.008652 0.070711
vn 0.070182 -0.008629 0.070711
vn 0.070023 -0.009839 0.070710
vn 0.069992 -0.010057 0.070710
vn 0.069837 -0.011089 0.070710
vn 0.069757 -0.011578 0.070710
vn 0.069615 -0.012402 0.070710
vn 0.069471 -0.013190 0.070710
vn 0.069356 -0.013779 0.070710
vn 0.069125 -0.014892 0.070710
vn 0.068881 -0.015984 0.070710
vn 0.068715 -0.016683 0.070711
vn 0.068462 -0.017692 0.070711
vn 0.070643 -0.003103 0.070711
vn 0.070597 -0.004000 0.070711
vn 0.070534 -0.004996 0.070711
vn 0.070447 -0.006096 0.070711
vn 0.070333 -0.007301 0.070711
vn 0.068810 -0.016285 0.070711
vn 0.068406 -0.017904 0.070711
vn 0.068360 -0.018080 0.070711
vn 0.068325 -0.018214 0.070711
vn 0.068301 -0.018301 0.070711
vn 0.069241 -0.014347 0.070710
vn 0.069595 -0.012516 0.070710
vn 0.069883 -0.010795 0.070710
vn 0.070112 -0.009183 0.070710
vn 0.070678 -0.002147 0.070711
vn 0.070698 -0.001352 0.070711
vn 0.070708 -0.000643 0.070711
vn 0.070711 0.000021 0.070711
vn 0.070707 0.000667 0.070711
vn 0.070699 0.001294 0.070711
vn 0.070684 0.001949 0.070711
vn 0.070660 0.002676 0.070711
vn 0.070625 0.003472 0.070711
vn 0.070576 0.004355 0.070711
vn 0.070506 0.005363 0.070711
vn 0.070411 0.006496 0.070711
vn 0.070284 0.007753 0.070711
vn 0.070118 0.009133 0.070711
vn 0.068389 0.017972 0.070711
vn 0.066446 0.024184 0.070711
vn 0.066793 0.023209 0.070711
vn 0.067147 0.022167 0.070710
vn -0.069125 -0.014892 0.070710
vn -0.068881 -0.015984 0.070710
vn -0.068715 -0.016683 0.070711
vn -0.068881 -0.015984 0.070710
vn -0.068881 -0.015984 0.070710
vn -0.069356 -0.013779 0.070710
vn -0.069356 -0.013779 0.070710
vn -0.069753 -0.011605 0.070710
vn -0.069595 -0.012516 0.070710
vn -0.069883 -0.010795 0.070710
vn -0.070057 -0.009594 0.070710
vn -0.070112 -0.009183 0.070710
vn -0.070285 -0.007744 0.070711
vn -0.070292 -0.007682 0.070711
vn -0.070427 -0.006331 0.070711
vn -0.070446 -0.006110 0.070711
vn -0.070526 -0.005107 0.070711
vn -0.070551 -0.004749 0.070711
vn -0.070597 -0.004007 0.070711
vn -0.070622 -0.003548 0.070711
vn -0.070646 -0.003028 0.070711
vn -0.070667 -0.002495 0.070711
vn -0.070678 -0.002147 0.070711
vn -0.070693 -0.001554 0.070711
vn -0.070698 -0.001352 0.070711
vn -0.070704 -0.000963 0.070711
vn -0.070708 -0.000643 0.070711
vn -0.070709 -0.000420 0.070711
vn -0.070711 0.000021 0.070711
vn -0.070710 0.000108 0.070711
vn -0.070707 0.000667 0.070711
vn -0.070708 0.000624 0.070711
vn -0.070699 0.001294 0.070711
vn -0.070708 0.000624 0.070711
vn -0.070699 0.001294 0.070711
vn -0.070708 0.000624 0.070711
vn -0.070699 0.001294 0.070711
vn -0.070708 0.000624 0.070711
vn -0.070699 0.001294 0.070711
vn -0.070705 0.000913 0.070711
vn -0.070695 0.001484 0.070711
vn -0.069356 -0.013779 0.070710
vn -0.069471 -0.013190 0.070710
vn -0.069753 -0.011605 0.070710
vn -0.069757 -0.011578 0.070710
vn -0.069992 -0.010057 0.070710
vn -0.070057 -0.009594 0.070710
vn -0.070182 -0.008629 0.070711
vn -0.070285 -0.007744 0.070711
vn -0.070333 -0.007301 0.070711
vn -0.070446 -0.006110 0.070711
vn -0.070447 -0.006096 0.070711
vn -0.070534 -0.004996 0.070711
vn -0.070551 -0.004749 0.070711
vn -0.070597 -0.004000 0.070711
vn -0.070622 -0.003549 0.070711
vn -0.070643 -0.003103 0.070711
vn -0.070667 -0.002495 0.070711
vn -0.070673 -0.002290 0.070711
vn -0.070694 -0.001551 0.070711
vn -0.070694 -0.001549 0.070711
vn -0.070704 -0.000963 0.070711
vn -0.070705 -0.000878 0.070711
vn -0.070709 -0.000420 0.070711
vn -0.070710 -0.000265 0.070711
vn -0.070710 0.000108 0.070711
vn -0.070710 0.000332 0.070711
vn -0.070682 0.001996 0.070711
vn -0.070679 0.002098 0.070711
vn -0.070660 0.002676 0.070711
vn -0.070656 0.002772 0.070711
vn -0.070628 0.003417 0.070711
vn -0.070624 0.003503 0.070711
vn -0.070584 0.004231 0.070711
vn -0.070579 0.004307 0.070711
vn -0.070522 0.005152 0.070711
vn -0.070517 0.005215 0.070711
vn -0.070439 0.006182 0.070712
vn -0.070435 0.006227 0.070712
vn -0.070330 0.007320 0.070711
vn -0.070328 0.007341 0.070711
vn -0.070190 0.008561 0.070711
vn -0.070191 0.008560 0.070711
vn -0.070016 0.009889 0.070711
vn -0.070010 0.009929 0.070711
vn -0.069796 0.011335 0.070711
vn -0.069783 0.011414 0.070711
vn -0.069525 0.012895 0.070711
vn -0.069502 0.013017 0.070711
vn -0.069199 0.014546 0.070710
vn -0.069163 0.014715 0.070710
vn -0.068810 0.016284 0.070711
vn -0.068758 0.016504 0.070711
vn -0.068353 0.018107 0.070711
vn -0.068280 0.018381 0.070711
vn -0.067828 0.019984 0.070710
vn -0.067733 0.020306 0.070710
vn -0.067147 0.022167 0.070710
vn -0.067733 0.020306 0.070710
vn -0.067122 0.022242 0.070710
vn -0.067733 0.020306 0.070710
vn -0.067122 0.022242 0.070710
vn -0.067733 0.020306 0.070710
vn -0.067168 0.022104 0.070710
vn -0.067815 0.020031 0.070710
vn -0.066793 0.023209 0.070711
vn -0.066446 0.024184 0.070711
vn -0.068280 0.018382 0.070711
vn -0.068389 0.017972 0.070711
vn -0.068758 0.016504 0.070711
vn -0.068881 0.015984 0.070711
vn -0.069163 0.014715 0.070710
vn -0.069291 0.014099 0.070710
vn -0.069502 0.013018 0.070711
vn -0.069630 0.012318 0.070711
vn -0.069783 0.011414 0.070711
vn -0.069903 0.010657 0.070711
vn -0.070010 0.009929 0.070711
vn -0.070118 0.009133 0.070711
vn -0.070190 0.008565 0.070711
vn -0.070284 0.007753 0.070711
vn -0.070330 0.007320 0.070711
vn -0.070411 0.006496 0.070711
vn -0.070439 0.006182 0.070712
vn -0.070506 0.005363 0.070711
vn -0.070522 0.005152 0.070711
vn -0.070576 0.004355 0.070711
vn -0.070584 0.004230 0.070711
vn -0.070625 0.003472 0.070711
vn -0.070628 0.003417 0.070711
vn -0.070660 0.002676 0.070711
vn -0.070660 0.002676 0.070711
vn -0.070682 0.001995 0.070711
vn -0.070682 0.001996 0.070711
vn -0.070684 0.001949 0.070711
vn -0.070699 0.001294 0.070711
vn -0.069241 -0.014347 0.070710
vn -0.068881 -0.015984 0.070710
vn -0.068810 -0.016285 0.070711
vn -0.068301 -0.018301 0.070711
vn -0.069356 -0.013779 0.070710
vn -0.069753 -0.011605 0.070710
vn -0.070057 -0.009594 0.070710
vn -0.070285 -0.007744 0.070711
vn -0.070446 -0.006110 0.070711
vn -0.070551 -0.004749 0.070711
vn -0.070622 -0.003549 0.070711
vn -0.070667 -0.002495 0.070711
vn -0.070694 -0.001552 0.070711
vn -0.070704 -0.000963 0.070711
vn -0.070709 -0.000420 0.070711
vn -0.070710 0.000108 0.070711
vn -0.069753 -0.011605 0.070710
vn -0.070057 -0.009594 0.070710
vn -0.070285 -0.007744 0.070711
vn -0.070446 -0.006110 0.070711
vn -0.070551 -0.004749 0.070711
vn -0.070622 -0.003548 0.070711
vn -0.070667 -0.002495 0.070711
vn -0.070694 -0.001553 0.070711
vn -0.070704 -0.000963 0.070711
vn -0.070709 -0.000420 0.070711
vn -0.070710 0.000108 0.070711
vn -0.070682 0.001996 0.070711
vn -0.070660 0.002676 0.070711
vn -0.070628 0.003417 0.070711
vn -0.070584 0.004231 0.070711
vn -0.070522 0.005152 0.070711
vn -0.070439 0.006182 0.070712
vn -0.070330 0.007320 0.070711
vn -0.070660 0.002676 0.070711
vn -0.070628 0.003417 0.070711
vn -0.070584 0.004230 0.070711
vn -0.070522 0.005152 0.070711
vn -0.070439 0.006182 0.070712
vn -0.070330 0.007320 0.070711
vn -0.070190 0.008563 0.070711
vn -0.070010 0.009929 0.070711
vn -0.069783 0.011414 0.070711
vn -0.069502 0.013017 0.070711
vn -0.069163 0.014715 0.070710
vn -0.068758 0.016504 0.070711
vn -0.068280 0.018382 0.070711
vn -0.070190 0.008564 0.070711
vn -0.070010 0.009929 0.070711
vn -0.069783 0.011414 0.070711
vn -0.069502 0.013017 0.070711
vn -0.069163 0.014715 0.070710
vn -0.068758 0.016504 0.070711
vn -0.068280 0.018382 0.070711
vn 0.000000 -0.070711 0.070711
vn 0.000000 -0.070711 0.070711
vn 0.000000 -0.070711 0.070711
vn 0.000000 -0.070711 0.070711
vn 0.000000 -0.070711 0.070711
vn 0.000000 -0.070711 0.070711
vn 0.000000 -0.070711 0.070711
vn 0.000000 -0.070711 0.070711
vn 0.000000 -0.070711 0.070711
vn 0.000000 0.000000 0.100000
vn 0.000000 0.000000 0.100000
vn 0.000000 0.000000 0.100000
vn 0.000000 0.000000 0.100000
vn 0.000000 0.000000 0.100000
vn 0.000000 0.000000 0.100000
vn 0.000000 0.000000 0.100000
vn 0.000000 0.000000 0.100000
vn 0.000000 0.000000 0.100000
vn 0.000000 0.000000 0.100000
vn 0.000000 0.000000 0.100000
vn 0.000000 0.000000 0.100000
vn 0.000000 0.000000 0.100000
vn 0.000000 0.000000 0.100000
vn 0.000000 0.000000 0.100000
vn 0.000000 0.000000 0.100000
vn 0.000000 0.000000 0.100000
vn 0.000000 0.000000 0.100000
vn 0.000000 0.000000 0.100000
vn 0.000000 0.000000 0.100000
vn 0.000000 0.000000 0.100000
vn 0.000000 0.000000 0.100000
vn 0.000000 0.000000 0.100000
vn 0.000000 0.000000 0.100000
vn 0.000000 0.000000 0.100000
vn 0.000000 0.000000 0.100000
vn 0.000000 0.000000 0.100000
vn 0.000000 0.000000 0.100000
vn 0.000000 0.000000 0.100000
vn 0.000000 0.000000 0.100000
vn 0.000000 0.000000 0.100000
vn 0.000000 0.000000 0.100000
vn 0.000000 0.000000 0.100000
vn 0.000000 0.000000 0.100000
vn 0.000000 0.000000 0.100000
vn 0.000000 0.000000 0.100000
vn 0.000000 0.000000 0.100000
vn 0.000000 0.000000 0.100000
vn 0.000000 0.000000 0.100000
vn 0.000000 0.000000 0.100000
vn 0.000000 0.000000 0.100000
vn 0.000000 0.000000 0.100000
vn 0.000000 0.000000 0.100000
vn 0.000000 0.000000 0.100000
vn 0.000000 0.000000 0.100000
vn 0.000000 0.000000 0.100000
vn 0.000000 0.000000 0.100000
vn 0.000000 0.000000 0.100000
vn 0.000000 0.000000 0.100000
vn 0.000000 0.000000 0.100000
vn 0.000000 0.000000 0.100000
vn 0.000000 0.000000 0.100000
vn 0.000000 0.000000 0.100000
vn 0.000000 0.000000 0.100000
vn 0.000000 0.000000 0.100000
vn 0.000000 0.000000 0.100000
vn 0.000000 0.000000 0.100000
vn 0.000000 0.000000 0.100000
vn 0.000000 0.000000 0.100000
vn 0.000000 0.000000 0.100000
vn 0.000000 0.000000 0.100000
vn 0.000000 0.000000 0.100000
vn 0.000000 0.000000 0.100000
vn 0.000000 0.000000 0.100000
vn 0.000000 0.000000 0.100000
vn -0.000000 -0.000000 -0.100000
vn -0.000000 -0.000000 -0.100000
vn -0.000000 -0.000000 -0.100000
vn -0.000000 -0.000000 -0.100000
vn -0.000000 -0.000000 -0.100000
vn -0.000000 -0.000000 -0.100000
vn -0.000000 -0.000000 -0.100000
vn -0.000000 -0.000000 -0.100000
vn -0.000000 -0.000000 -0.100000
vn -0.000000 -0.000000 -0.100000
vn -0.000000 -0.000000 -0.100000
vn -0.000000 -0.000000 -0.100000
vn -0.000000 -0.000000 -0.100000
vn -0.000000 -0.000000 -0.100000
vn -0.000000 -0.000000 -0.100000
vn -0.000000 -0.000000 -0.100000
vn -0.000000 -0.000000 -0.100000
vn -0.000000 -0.000000 -0.100000
vn -0.000000 -0.000000 -0.100000
vn -0.000000 -0.000000 -0.100000
vn -0.000000 -0.000000 -0.100000
vn -0.000000 -0.000000 -0.100000
vn -0.000000 -0.000000 -0.100000
vn -0.000000 -0.000000 -0.100000
vn -0.000000 -0.000000 -0.100000
vn -0.000000 -0.000000 -0.100000
vn -0.000000 -0.000000 -0.100000
vn -0.000000 -0.000000 -0.100000
vn -0.000000 -0.000000 -0.100000
vn -0.000000 -0.000000 -0.100000
vn -0.000000 -0.000000 -0.100000
vn -0.000000 -0.000000 -0.100000
vn -0.000000 -0.000000 -0.100000
vn -0.000000 -0.000000 -0.100000
vn -0.000000 -0.000000 -0.100000
vn -0.000000 -0.000000 -0.100000
vn -0.000000 -0.000000 -0.100000
vn -0.000000 -0.000000 -0.100000
vn -0.000000 -0.000000 -0.100000
vn -0.000000 -0.000000 -0.100000
vn -0.000000 -0.000000 -0.100000
vn -0.000000 -0.000000 -0.100000
vn -0.000000 -0.000000 -0.100000
vn -0.000000 -0.000000 -0.100000
vn -0.000000 -0.000000 -0.100000
vn -0.000000 -0.000000 -0.100000
vn -0.000000 -0.000000 -0.100000
vn -0.000000 -0.000000 -0.100000
vn -0.000000 -0.000000 -0.100000
vn -0.000000 -0.000000 -0.100000
vn -0.000000 -0.000000 -0.100000
vn -0.000000 -0.000000 -0.100000
vn -0.000000 -0.000000 -0.100000
vn -0.000000 -0.000000 -0.100000
vn -0.000000 -0.000000 -0.100000
vn -0.000000 -0.000000 -0.100000
vn -0.000000 -0.000000 -0.100000
vn -0.000000 -0.000000 -0.100000
vn -0.000000 -0.000000 -0.100000
vn -0.000000 -0.000000 -0.100000
vn -0.000000 -0.000000 -0.100000
vn -0.000000 -0.000000 -0.100000
vn -0.000000 -0.000000 -0.100000
vn -0.000000 -0.000000 -0.100000
vn -0.000000 -0.000000 -0.100000
vn -0.000000 -0.000000 -0.100000
vn -0.000000 -0.000000 -0.100000
vn -0.000000 -0.000000 -0.100000
vn -0.000000 -0.000000 -0.100000
vn -0.000000 -0.000000 -0.100000
vn -0.000000 -0.000000 -0.100000
vn -0.000000 -0.000000 -0.100000
vn -0.000000 -0.000000 -0.100000
vn -0.000000 -0.000000 -0.100000
vn -0.000000 -0.000000 -0.100000
vn -0.000000 -0.000000 -0.100000
vn -0.000000 -0.000000 -0.100000
vn -0.000000 -0.000000 -0.100000
vn -0.000000 -0.000000 -0.100000
vn -0.000000 -0.000000 -0.100000
vn -0.000000 -0.000000 -0.100000
vn -0.000000 -0.000000 -0.100000
vn -0.000000 -0.000000 -0.100000
vn -0.000000 -0.000000 -0.100000
vn -0.000000 -0.000000 -0.100000
vn -0.000000 -0.000000 -0.100000
vn -0.000000 -0.000000 -0.100000
vn -0.000000 -0.000000 -0.100000
vn -0.000000 -0.000000 -0.100000
vn -0.000000 -0.000000 -0.100000
vn -0.000000 -0.000000 -0.100000
vn -0.000000 -0.000000 -0.100000
vn 0.088974 0.029260 -0.035036
vn 0.089297 0.029714 -0.033810
vn 0.088910 0.032361 -0.032368
vn 0.089635 0.029209 -0.033353
vn 0.090442 0.030165 -0.030172
vn 0.089976 0.028690 -0.032882
vn 0.090320 0.028155 -0.032398
vn 0.089866 0.026690 -0.034810
vn 0.090169 0.026192 -0.034403
vn 0.089733 0.024739 -0.036550
vn 0.089996 0.024278 -0.036213
vn 0.089582 0.022839 -0.038125
vn 0.089807 0.022412 -0.037848
vn 0.089427 0.021113 -0.039460
vn 0.089620 0.020717 -0.039231
vn 0.089261 0.019430 -0.040680
vn 0.089424 0.019064 -0.040495
vn 0.089075 0.017815 -0.041812
vn 0.089211 0.017478 -0.041664
vn 0.088863 0.016284 -0.042875
vn 0.088975 0.015973 -0.042758
vn 0.088627 0.014833 -0.043877
vn 0.088719 0.014548 -0.043787
vn 0.088372 0.013462 -0.044824
vn 0.088445 0.013200 -0.044757
vn 0.088098 0.012170 -0.045723
vn 0.088156 0.011930 -0.045675
vn 0.087811 0.010954 -0.046576
vn 0.087855 0.010735 -0.046544
vn 0.087512 0.009815 -0.047385
vn 0.087544 0.009615 -0.047367
vn 0.087205 0.008750 -0.048154
vn 0.087227 0.008568 -0.048146
vn 0.086580 0.006842 -0.049569
vn 0.086588 0.006692 -0.049576
vn 0.085966 0.005221 -0.050820
vn 0.085964 0.005099 -0.050835
vn 0.085389 0.003842 -0.051904
vn 0.085381 0.003746 -0.051923
vn 0.084906 0.002753 -0.052758
vn 0.084896 0.002679 -0.052778
vn 0.084488 0.001796 -0.053466
vn 0.084478 0.001744 -0.053482
vn 0.084145 0.000937 -0.054025
vn 0.084139 0.000907 -0.054035
vn 0.083878 0.000097 -0.054447
vn 0.083877 0.000092 -0.054449
vn 0.083693 -0.000759 -0.054726
vn 0.083699 -0.000737 -0.054717
vn 0.083586 -0.001710 -0.054867
vn 0.083602 -0.001655 -0.054845
vn 0.083570 -0.002772 -0.054848
vn 0.083598 -0.002680 -0.054810
vn 0.083650 -0.003984 -0.054652
vn 0.083692 -0.003849 -0.054596
vn 0.083746 -0.004841 -0.054436
vn 0.083799 -0.004678 -0.054368
vn 0.083878 -0.005779 -0.054140
vn 0.083943 -0.005586 -0.054059
vn 0.084043 -0.006808 -0.053763
vn 0.084120 -0.006584 -0.053670
vn 0.084235 -0.007936 -0.053305
vn 0.084326 -0.007680 -0.053199
vn 0.084505 -0.009505 -0.052617
vn 0.084614 -0.009210 -0.052494
vn 0.084781 -0.011251 -0.051823
vn 0.084910 -0.010921 -0.051681
vn 0.084911 -0.012195 -0.051395
vn 0.085051 -0.011847 -0.051244
vn 0.085027 -0.013190 -0.050956
vn 0.085178 -0.012828 -0.050796
vn 0.085127 -0.014227 -0.050508
vn 0.085288 -0.013853 -0.050339
vn 0.085205 -0.015303 -0.050059
vn 0.085378 -0.014920 -0.049880
vn 0.085263 -0.016773 -0.049487
vn 0.085449 -0.016384 -0.049296
vn 0.085251 -0.018309 -0.048960
vn 0.085449 -0.017919 -0.048759
vn 0.085148 -0.019908 -0.048513
vn 0.085355 -0.019526 -0.048304
vn 0.085142 -0.021201 -0.047972
vn 0.085565 -0.019135 -0.048088
vn 0.086036 -0.019628 -0.047038
vn 0.085778 -0.018733 -0.047866
vn 0.085995 -0.018319 -0.047637
vn 0.086054 -0.016696 -0.048124
vn 0.086261 -0.016270 -0.047900
vn 0.086205 -0.014749 -0.048489
vn 0.086590 -0.013884 -0.048056
vn 0.086426 -0.012495 -0.048729
vn 0.086602 -0.012068 -0.048523
vn 0.086428 -0.011096 -0.049063
vn 0.086591 -0.010680 -0.048867
vn 0.086383 -0.009787 -0.049419
vn 0.086533 -0.009388 -0.049233
vn 0.086300 -0.008576 -0.049788
vn 0.086437 -0.008195 -0.049614
vn 0.086184 -0.007471 -0.050166
vn 0.086432 -0.006749 -0.049839
vn 0.085887 -0.005558 -0.050916
vn 0.086293 -0.004292 -0.050350
vn 0.085714 -0.003477 -0.051390
vn 0.085878 -0.002937 -0.051150
vn 0.085443 -0.002461 -0.051899
vn 0.085581 -0.001993 -0.051691
vn 0.085174 -0.001652 -0.052370
vn 0.085290 -0.001252 -0.052193
vn 0.084919 -0.001023 -0.052798
vn 0.085016 -0.000684 -0.052648
vn 0.084685 -0.000547 -0.053180
vn 0.084764 -0.000265 -0.053056
vn 0.084326 -0.000182 -0.053750
vn 0.084555 0.000023 -0.053390
vn 0.084007 -0.000011 -0.054247
vn 0.089271 0.027644 -0.035587
vn 0.088967 0.026270 -0.037346
vn 0.089217 0.025626 -0.037196
vn 0.088904 0.023389 -0.039357
vn 0.089140 0.023660 -0.038656
vn 0.089049 0.021875 -0.039897
vn 0.089359 0.023255 -0.038394
vn 0.089237 0.021499 -0.039681
vn 0.088794 0.020619 -0.041116
vn 0.088942 0.020134 -0.041035
vn 0.089101 0.019787 -0.040860
vn 0.088616 0.018011 -0.042694
vn 0.088809 0.018463 -0.042096
vn 0.088941 0.018144 -0.041956
vn 0.088643 0.016880 -0.043098
vn 0.088357 0.015616 -0.044149
vn 0.088448 0.015382 -0.044049
vn 0.088228 0.013966 -0.044953
vn 0.088537 0.015111 -0.043964
vn 0.088299 0.013717 -0.044889
vn 0.088031 0.013423 -0.045502
vn 0.087986 0.012631 -0.045814
vn 0.088042 0.012403 -0.045769
vn 0.087650 0.011427 -0.046764
vn 0.087725 0.011377 -0.046636
vn 0.087767 0.011168 -0.046607
vn 0.087448 0.010201 -0.047421
vn 0.087230 0.009623 -0.047942
vn 0.087160 0.009102 -0.048169
vn 0.086783 0.008006 -0.049036
vn 0.086565 0.007132 -0.049554
vn 0.086327 0.006571 -0.050045
vn 0.085969 0.005456 -0.050789
vn 0.085875 0.005312 -0.050964
vn 0.085441 0.004195 -0.051791
vn 0.085403 0.004028 -0.051866
vn 0.085038 0.003216 -0.052519
vn 0.084924 0.002897 -0.052721
vn 0.084674 0.002343 -0.053149
vn 0.084505 0.001898 -0.053435
vn 0.084354 0.001541 -0.053684
vn 0.084158 0.000996 -0.054004
vn 0.084084 0.000788 -0.054123
vn 0.083881 0.000107 -0.054443
vn 0.083860 0.000028 -0.054475
vn 0.083681 -0.000804 -0.054744
vn 0.083689 -0.000749 -0.054732
vn 0.083565 -0.001602 -0.054902
vn 0.083555 -0.001819 -0.054912
vn 0.083497 -0.002542 -0.054971
vn 0.083514 -0.002956 -0.054925
vn 0.083490 -0.003574 -0.054923
vn 0.083563 -0.004252 -0.054764
vn 0.083541 -0.004743 -0.054758
vn 0.083638 -0.005166 -0.054571
vn 0.083651 -0.006058 -0.054460
vn 0.083747 -0.006164 -0.054299
vn 0.083815 -0.007534 -0.054021
vn 0.083887 -0.007255 -0.053948
vn 0.084052 -0.008445 -0.053515
vn 0.083965 -0.007032 -0.053856
vn 0.084144 -0.008191 -0.053410
vn 0.084022 -0.009183 -0.053441
vn 0.084285 -0.010090 -0.052861
vn 0.084395 -0.009798 -0.052739
vn 0.084252 -0.011013 -0.052729
vn 0.084521 -0.011905 -0.052100
vn 0.084651 -0.011580 -0.051962
vn 0.084472 -0.013029 -0.051910
vn 0.084630 -0.012879 -0.051690
vn 0.084771 -0.012538 -0.051544
vn 0.084725 -0.013901 -0.051268
vn 0.084639 -0.015235 -0.051031
vn 0.084804 -0.014960 -0.050837
vn 0.084863 -0.016052 -0.050405
vn 0.084965 -0.014596 -0.050674
vn 0.085033 -0.015680 -0.050234
vn 0.084714 -0.017578 -0.050145
vn 0.084895 -0.017532 -0.049854
vn 0.085078 -0.017156 -0.049672
vn 0.084862 -0.019064 -0.049345
vn 0.084633 -0.020040 -0.049353
vn 0.084743 -0.020642 -0.048913
vn 0.084318 -0.022593 -0.048786
vn 0.087003 -0.017839 -0.045959
vn 0.086664 -0.017011 -0.046904
vn 0.086215 -0.017895 -0.047400
vn 0.088049 -0.015790 -0.044699
vn 0.087363 -0.015588 -0.046096
vn 0.087127 -0.016075 -0.046374
vn 0.086894 -0.016550 -0.046643
vn 0.087106 -0.014462 -0.046940
vn 0.086892 -0.014930 -0.047190
vn 0.086980 -0.012986 -0.047601
vn 0.086785 -0.013439 -0.047831
vn 0.086779 -0.011634 -0.048312
vn 0.089175 -0.013424 -0.043215
vn 0.089102 -0.011741 -0.043852
vn 0.088090 -0.014036 -0.045201
vn 0.087602 -0.015086 -0.045808
vn 0.087983 -0.012475 -0.045863
vn 0.087541 -0.013492 -0.046417
vn 0.087772 -0.011080 -0.046620
vn 0.087374 -0.012052 -0.047122
vn 0.087489 -0.009831 -0.047424
vn 0.087134 -0.010747 -0.047877
vn 0.087243 -0.008963 -0.048045
vn 0.086917 -0.009833 -0.048464
vn 0.086981 -0.008162 -0.048660
vn 0.086682 -0.008984 -0.049045
vn 0.086709 -0.007424 -0.049259
vn 0.089624 -0.010483 -0.043100
vn 0.090378 -0.010671 -0.041449
vn 0.090155 -0.009143 -0.042290
vn 0.090694 -0.007715 -0.041414
vn 0.090272 -0.006559 -0.042520
vn 0.090736 -0.005183 -0.041715
vn 0.090182 -0.004359 -0.042990
vn 0.090577 -0.003069 -0.042265
vn 0.089944 -0.002528 -0.043631
vn 0.090819 -0.001637 -0.041824
vn 0.090267 -0.001338 -0.043012
vn 0.091642 -0.007440 -0.039323
vn 0.091236 -0.006191 -0.040468
vn 0.091197 -0.003734 -0.040855
vn 0.091373 -0.001995 -0.040584
vn 0.091780 -0.004562 -0.039442
vn 0.092938 -0.003617 -0.036734
vn 0.092446 -0.002959 -0.038012
vn 0.091919 -0.002429 -0.039306
vn 0.089464 -0.002180 -0.044627
vn 0.089724 -0.001087 -0.044140
vn 0.088991 -0.001879 -0.045575
vn 0.089196 -0.000876 -0.045203
vn 0.088531 -0.001618 -0.046472
vn 0.088686 -0.000699 -0.046198
vn 0.088087 -0.001393 -0.047316
vn 0.088198 -0.000551 -0.047125
vn 0.087734 -0.000427 -0.047985
vn 0.087255 -0.001026 -0.048842
vn 0.086882 -0.000236 -0.049512
vn 0.086509 -0.000748 -0.050155
vn 0.086138 -0.000108 -0.050795
vn 0.085984 -0.000579 -0.051054
vn 0.085517 -0.000448 -0.051832
vn 0.085851 -0.001052 -0.051268
vn 0.085404 -0.000850 -0.052013
vn 0.085717 -0.001523 -0.051481
vn 0.085503 -0.000031 -0.051857
vn 0.085111 -0.000345 -0.052497
vn 0.083876 -0.000040 -0.054450
vn 0.083870 -0.000092 -0.054459
vn 0.084030 -0.000129 -0.054212
vn 0.084271 -0.000381 -0.053836
vn 0.084605 -0.000828 -0.053304
vn 0.084822 -0.001360 -0.052947
vn 0.085057 -0.002051 -0.052546
vn 0.085303 -0.002926 -0.052104
vn 0.085380 -0.004547 -0.051861
vn 0.085681 -0.006181 -0.051192
vn 0.086058 -0.007827 -0.050326
vn 0.086162 -0.008953 -0.049959
vn 0.086233 -0.010182 -0.049601
vn 0.086264 -0.011505 -0.049255
vn 0.086074 -0.013328 -0.049129
vn 0.086014 -0.015169 -0.048698
vn 0.085850 -0.017113 -0.048341
vn 0.083834 -0.000074 -0.054514
vn 0.083839 -0.000064 -0.054507
vn 0.083856 -0.000146 -0.054481
vn 0.083842 -0.000050 -0.054502
vn 0.083842 -0.000199 -0.054502
vn 0.083845 -0.000037 -0.054497
vn 0.083828 -0.000251 -0.054523
vn 0.083849 -0.000024 -0.054492
vn 0.083815 -0.000303 -0.054544
vn 0.083852 -0.000012 -0.054488
vn 0.083801 -0.000354 -0.054564
vn 0.083855 0.000001 -0.054483
vn 0.083775 -0.000454 -0.054604
vn 0.083861 0.000025 -0.054474
vn 0.083762 -0.000502 -0.054624
vn 0.083863 0.000036 -0.054470
vn 0.083755 -0.000527 -0.054633
vn 0.083865 0.000042 -0.054467
vn 0.083749 -0.000551 -0.054643
vn 0.083866 0.000048 -0.054465
vn 0.083742 -0.000574 -0.054652
vn 0.083868 0.000054 -0.054463
vn 0.083736 -0.000598 -0.054662
vn 0.083869 0.000059 -0.054461
vn 0.083724 -0.000645 -0.054680
vn 0.083872 0.000070 -0.054457
vn 0.083717 -0.000668 -0.054690
vn 0.083873 0.000076 -0.054455
vn 0.083711 -0.000691 -0.054699
vn 0.083874 0.000081 -0.054453
vn 0.083705 -0.000714 -0.054708
vn 0.083876 0.000086 -0.054451
vn 0.083885 -0.000098 -0.054437
vn 0.083938 -0.000017 -0.054354
vn 0.083957 0.000066 -0.054325
vn 0.083975 0.000147 -0.054298
vn 0.083992 0.000225 -0.054271
vn 0.084009 0.000302 -0.054245
vn 0.084025 0.000376 -0.054219
vn 0.084056 0.000519 -0.054170
vn 0.084071 0.000588 -0.054146
vn 0.084078 0.000622 -0.054134
vn 0.084085 0.000655 -0.054123
vn 0.084092 0.000688 -0.054111
vn 0.084099 0.000721 -0.054100
vn 0.084113 0.000784 -0.054078
vn 0.084120 0.000816 -0.054067
vn 0.084126 0.000847 -0.054056
vn 0.084133 0.000877 -0.054046
vn 0.084027 -0.000108 -0.054216
vn 0.084170 0.000059 -0.053994
vn 0.084200 0.000216 -0.053947
vn 0.084229 0.000368 -0.053902
vn 0.084256 0.000515 -0.053857
vn 0.084283 0.000656 -0.053815
vn 0.084308 0.000793 -0.053773
vn 0.084355 0.001054 -0.053694
vn 0.084378 0.001178 -0.053656
vn 0.084389 0.001239 -0.053638
vn 0.084400 0.001298 -0.053619
vn 0.084410 0.001357 -0.053601
vn 0.084420 0.001415 -0.053584
vn 0.084440 0.001528 -0.053549
vn 0.084450 0.001583 -0.053532
vn 0.084460 0.001637 -0.053515
vn 0.084469 0.001691 -0.053499
vn 0.084267 -0.000094 -0.053843
vn 0.084543 0.000186 -0.053409
vn 0.084579 0.000427 -0.053349
vn 0.084614 0.000658 -0.053292
vn 0.084647 0.000880 -0.053237
vn 0.084678 0.001093 -0.053183
vn 0.084707 0.001297 -0.053132
vn 0.084762 0.001682 -0.053034
vn 0.084787 0.001864 -0.052988
vn 0.084799 0.001952 -0.052965
vn 0.084811 0.002039 -0.052943
vn 0.084822 0.002124 -0.052921
vn 0.084834 0.002208 -0.052900
vn 0.084855 0.002370 -0.052858
vn 0.084866 0.002450 -0.052837
vn 0.084876 0.002527 -0.052817
vn 0.084886 0.002604 -0.052797
vn 0.084609 -0.000052 -0.053304
vn 0.085062 0.000025 -0.052579
vn 0.085064 0.000374 -0.052573
vn 0.085633 0.000146 -0.051643
vn 0.085801 0.000664 -0.051360
vn 0.087160 0.000529 -0.049019
vn 0.086732 0.001055 -0.049763
vn 0.087870 0.001552 -0.047713
vn 0.086730 0.001654 -0.049751
vn 0.087821 0.002313 -0.047771
vn 0.086725 0.002217 -0.049738
vn 0.087771 0.003023 -0.047823
vn 0.086718 0.002745 -0.049724
vn 0.087720 0.003689 -0.047870
vn 0.086709 0.003244 -0.049709
vn 0.087669 0.004313 -0.047912
vn 0.086699 0.003713 -0.049695
vn 0.087618 0.004900 -0.047949
vn 0.086675 0.004578 -0.049665
vn 0.087516 0.005974 -0.048013
vn 0.086661 0.004976 -0.049650
vn 0.087466 0.006466 -0.048041
vn 0.086654 0.005168 -0.049642
vn 0.087441 0.006702 -0.048054
vn 0.086647 0.005354 -0.049635
vn 0.087416 0.006932 -0.048066
vn 0.086640 0.005536 -0.049627
vn 0.087392 0.007156 -0.048078
vn 0.086633 0.005714 -0.049620
vn 0.087368 0.007373 -0.048089
vn 0.086618 0.006056 -0.049605
vn 0.087320 0.007792 -0.048110
vn 0.086611 0.006220 -0.049597
vn 0.087296 0.007993 -0.048119
vn 0.086603 0.006381 -0.049590
vn 0.087273 0.008190 -0.048128
vn 0.086596 0.006538 -0.049583
vn 0.087250 0.008381 -0.048137
vn 0.089238 0.001108 -0.045115
vn 0.088518 0.001839 -0.046489
vn 0.088438 0.002688 -0.046599
vn 0.088358 0.003481 -0.046698
vn 0.088278 0.004221 -0.046789
vn 0.088198 0.004915 -0.046871
vn 0.088120 0.005566 -0.046946
vn 0.087966 0.006756 -0.047078
vn 0.087892 0.007300 -0.047136
vn 0.087855 0.007560 -0.047163
vn 0.087819 0.007814 -0.047189
vn 0.087783 0.008060 -0.047214
vn 0.087747 0.008300 -0.047239
vn 0.087678 0.008761 -0.047284
vn 0.087644 0.008983 -0.047306
vn 0.087610 0.009199 -0.047327
vn 0.087577 0.009410 -0.047347
vn 0.091866 0.001868 -0.039460
vn 0.089973 0.002487 -0.043574
vn 0.089219 0.002151 -0.045115
vn 0.093354 0.002308 -0.035773
vn 0.092529 0.003628 -0.037753
vn 0.091632 0.003227 -0.039915
vn 0.090778 0.002846 -0.041847
vn 0.090574 0.003992 -0.042194
vn 0.089815 0.003529 -0.043826
vn 0.089659 0.004499 -0.044057
vn 0.088987 0.003973 -0.045447
vn 0.088873 0.004793 -0.045592
vn 0.093462 0.004048 -0.035334
vn 0.094909 0.002779 -0.031379
vn 0.094420 0.004485 -0.032630
vn 0.095390 0.004931 -0.029606
vn 0.094009 0.006097 -0.033544
vn 0.094932 0.006671 -0.030716
vn 0.093594 0.007600 -0.034386
vn 0.094466 0.008295 -0.031741
vn 0.093180 0.009002 -0.035163
vn 0.093996 0.009812 -0.032689
vn 0.092769 0.010313 -0.035883
vn 0.093526 0.011232 -0.033568
vn 0.092363 0.011540 -0.036549
vn 0.093059 0.012561 -0.034384
vn 0.091573 0.013771 -0.037745
vn 0.092143 0.014980 -0.035850
vn 0.091191 0.014787 -0.038282
vn 0.091698 0.016081 -0.036510
vn 0.091003 0.015272 -0.038537
vn 0.091478 0.016608 -0.036823
vn 0.090818 0.015744 -0.038784
vn 0.091261 0.017118 -0.037126
vn 0.090635 0.016201 -0.039023
vn 0.091047 0.017614 -0.037420
vn 0.090455 0.016646 -0.039253
vn 0.090835 0.018096 -0.037704
vn 0.090101 0.017497 -0.039693
vn 0.090419 0.019019 -0.038245
vn 0.089929 0.017905 -0.039903
vn 0.090215 0.019462 -0.038503
vn 0.089758 0.018302 -0.040106
vn 0.090014 0.019892 -0.038753
vn 0.089590 0.018689 -0.040304
vn 0.089815 0.020310 -0.038996
vn 0.096463 0.003264 -0.026157
vn 0.096348 0.005380 -0.026232
vn 0.095854 0.007250 -0.027559
vn 0.095343 0.008998 -0.028788
vn 0.094822 0.010634 -0.029928
vn 0.094296 0.012166 -0.030987
vn 0.093770 0.013602 -0.031972
vn 0.092727 0.016215 -0.033745
vn 0.092216 0.017405 -0.034545
vn 0.091963 0.017974 -0.034925
vn 0.091713 0.018526 -0.035292
vn 0.091465 0.019062 -0.035648
vn 0.091220 0.019582 -0.035993
vn 0.090737 0.020579 -0.036650
vn 0.090500 0.021057 -0.036963
vn 0.090266 0.021521 -0.037267
vn 0.090035 0.021972 -0.037562
vn 0.097907 0.003748 -0.020003
vn 0.097330 0.005861 -0.022192
vn 0.096813 0.007874 -0.023775
vn 0.096267 0.009759 -0.025247
vn 0.095701 0.011526 -0.026617
vn 0.095122 0.013183 -0.027892
vn 0.094536 0.014738 -0.029082
vn 0.093360 0.017568 -0.031228
vn 0.092778 0.018858 -0.032198
vn 0.092489 0.019474 -0.032659
vn 0.092202 0.020072 -0.033106
vn 0.091917 0.020653 -0.033538
vn 0.091634 0.021216 -0.033957
vn 0.091077 0.022296 -0.034756
vn 0.090802 0.022812 -0.035137
vn 0.090530 0.023314 -0.035506
vn 0.090262 0.023803 -0.035865
vn 0.098218 0.006338 -0.017693
vn 0.099082 0.004222 -0.012846
vn 0.098955 0.006805 -0.012715
vn 0.099782 0.004671 -0.004672
vn 0.099054 0.009701 -0.009704
vn 0.097961 0.014205 -0.014208
vn 0.097916 0.011277 -0.016887
vn 0.098469 0.009107 -0.014866
vn 0.097701 0.008495 -0.019552
vn 0.096626 0.018212 -0.018216
vn 0.096668 0.015242 -0.020565
vn 0.097312 0.013320 -0.018785
vn 0.096544 0.012424 -0.022912
vn 0.097139 0.010521 -0.021289
vn 0.095144 0.021764 -0.021769
vn 0.094590 0.020349 -0.025272
vn 0.095994 0.017050 -0.022235
vn 0.095286 0.015889 -0.025847
vn 0.095923 0.014211 -0.024429
vn 0.093873 0.021853 -0.026651
vn 0.093588 0.024909 -0.024915
vn 0.093514 0.022571 -0.027309
vn 0.093154 0.023268 -0.027946
vn 0.092686 0.021654 -0.030667
vn 0.092363 0.022281 -0.031186
vn 0.092009 0.027694 -0.027701
vn 0.092436 0.024600 -0.029163
vn 0.092794 0.023944 -0.028564
vn 0.091016 0.027039 -0.031384
vn 0.091368 0.026456 -0.030854
vn 0.091722 0.025856 -0.030307
vn 0.091094 0.024612 -0.033108
vn 0.091408 0.024055 -0.032650
vn 0.084944 -0.020280 -0.048716
vn 0.085055 -0.018691 -0.049155
vn 0.090667 0.027605 -0.031898
vn 0.090474 0.025681 -0.033985
vn 0.090782 0.025154 -0.033553
vn 0.092043 0.022890 -0.031689
vn 0.086679 -0.015387 -0.047433
vn 0.087323 -0.013983 -0.046682
vn 0.087177 -0.012523 -0.047364
vn 0.086956 -0.011194 -0.048097
vn 0.086754 -0.010260 -0.048667
vn 0.084876 -0.013547 -0.051113
vn 0.083813 -0.005972 -0.054220
vn 0.083692 -0.005004 -0.054503
vn 0.083606 -0.004118 -0.054708
vn 0.083542 -0.002864 -0.054886
vn 0.083570 -0.001765 -0.054890
vn 0.083687 -0.000782 -0.054735
vn 0.083879 0.000102 -0.054445
vn 0.084152 0.000967 -0.054014
vn 0.084496 0.001847 -0.053450
vn 0.084915 0.002825 -0.052740
vn 0.085396 0.003936 -0.051884
vn 0.085968 0.005340 -0.050804
vn 0.086573 0.006988 -0.049561
vn 0.087182 0.008928 -0.048161
vn 0.087480 0.010010 -0.047404
vn 0.088752 0.016586 -0.042988
vn 0.089474 0.025189 -0.036878
vn 0.089567 0.027174 -0.035204
vn 0.085648 -0.017521 -0.048553
vn 0.085636 -0.015986 -0.049102
vn 0.085824 -0.015582 -0.048902
vn 0.085551 -0.014531 -0.049698
vn 0.085725 -0.014137 -0.049512
vn 0.085899 -0.013736 -0.049322
vn 0.085450 -0.013475 -0.050166
vn 0.085613 -0.013091 -0.049991
vn 0.085775 -0.012703 -0.049812
vn 0.085938 -0.012309 -0.049630
vn 0.085329 -0.012462 -0.050633
vn 0.085479 -0.012093 -0.050468
vn 0.085630 -0.011719 -0.050300
vn 0.085781 -0.011341 -0.050130
vn 0.086082 -0.010573 -0.049780
vn 0.085191 -0.011497 -0.051092
vn 0.085330 -0.011144 -0.050937
vn 0.085470 -0.010787 -0.050779
vn 0.085609 -0.010427 -0.050620
vn 0.085886 -0.009697 -0.050294
vn 0.086025 -0.009326 -0.050128
vn 0.085040 -0.010587 -0.051538
vn 0.085168 -0.010251 -0.051393
vn 0.085297 -0.009913 -0.051246
vn 0.085425 -0.009572 -0.051098
vn 0.085680 -0.008882 -0.050795
vn 0.085806 -0.008533 -0.050640
vn 0.085933 -0.008182 -0.050484
vn 0.084723 -0.008914 -0.052369
vn 0.084832 -0.008616 -0.052243
vn 0.084940 -0.008317 -0.052116
vn 0.085047 -0.008017 -0.051987
vn 0.085261 -0.007411 -0.051727
vn 0.085367 -0.007106 -0.051595
vn 0.085472 -0.006799 -0.051462
vn 0.085577 -0.006491 -0.051327
vn 0.084417 -0.007423 -0.053091
vn 0.084507 -0.007166 -0.052983
vn 0.084596 -0.006908 -0.052875
vn 0.084685 -0.006648 -0.052765
vn 0.084862 -0.006128 -0.052544
vn 0.084950 -0.005866 -0.052432
vn 0.085037 -0.005604 -0.052320
vn 0.085123 -0.005341 -0.052206
vn 0.085209 -0.005077 -0.052092
vn 0.084197 -0.006359 -0.053576
vn 0.084274 -0.006134 -0.053482
vn 0.084350 -0.005908 -0.053387
vn 0.084426 -0.005682 -0.053292
vn 0.084576 -0.005227 -0.053099
vn 0.084651 -0.004999 -0.053002
vn 0.084725 -0.004771 -0.052905
vn 0.084799 -0.004542 -0.052807
vn 0.084872 -0.004313 -0.052708
vn 0.085017 -0.003852 -0.052509
vn 0.084007 -0.005392 -0.053979
vn 0.084071 -0.005199 -0.053898
vn 0.084135 -0.005004 -0.053816
vn 0.084199 -0.004810 -0.053734
vn 0.084326 -0.004420 -0.053569
vn 0.084388 -0.004224 -0.053486
vn 0.084451 -0.004028 -0.053403
vn 0.084513 -0.003832 -0.053319
vn 0.084575 -0.003635 -0.053235
vn 0.084697 -0.003241 -0.053065
vn 0.084938 -0.002449 -0.052721
vn 0.083852 -0.004514 -0.054300
vn 0.083905 -0.004351 -0.054231
vn 0.083958 -0.004187 -0.054162
vn 0.084010 -0.004023 -0.054093
vn 0.084115 -0.003693 -0.053954
vn 0.084167 -0.003528 -0.053884
vn 0.084219 -0.003363 -0.053814
vn 0.084270 -0.003198 -0.053743
vn 0.084321 -0.003032 -0.053672
vn 0.084423 -0.002700 -0.053530
vn 0.084624 -0.002032 -0.053241
vn 0.084724 -0.001696 -0.053094
vn 0.083735 -0.003715 -0.054540
vn 0.083778 -0.003580 -0.054484
vn 0.083820 -0.003444 -0.054427
vn 0.083863 -0.003309 -0.054370
vn 0.083947 -0.003037 -0.054255
vn 0.083989 -0.002901 -0.054197
vn 0.084031 -0.002765 -0.054139
vn 0.084073 -0.002628 -0.054081
vn 0.084115 -0.002491 -0.054023
vn 0.084198 -0.002216 -0.053905
vn 0.084362 -0.001664 -0.053668
vn 0.084444 -0.001386 -0.053547
vn 0.084525 -0.001107 -0.053426
vn 0.083627 -0.002587 -0.054771
vn 0.083655 -0.002495 -0.054733
vn 0.083683 -0.002402 -0.054694
vn 0.083711 -0.002308 -0.054655
vn 0.083767 -0.002121 -0.054576
vn 0.083795 -0.002026 -0.054536
vn 0.083823 -0.001932 -0.054497
vn 0.083852 -0.001837 -0.054457
vn 0.083880 -0.001742 -0.054417
vn 0.083936 -0.001551 -0.054336
vn 0.084048 -0.001166 -0.054172
vn 0.084104 -0.000971 -0.054089
vn 0.084160 -0.000776 -0.054005
vn 0.084215 -0.000579 -0.053921
vn 0.083618 -0.001599 -0.054822
vn 0.083634 -0.001544 -0.054799
vn 0.083650 -0.001488 -0.054776
vn 0.083666 -0.001432 -0.054753
vn 0.083698 -0.001319 -0.054707
vn 0.083715 -0.001262 -0.054683
vn 0.083731 -0.001205 -0.054660
vn 0.083747 -0.001148 -0.054636
vn 0.083763 -0.001090 -0.054612
vn 0.083796 -0.000974 -0.054564
vn 0.083862 -0.000738 -0.054466
vn 0.083896 -0.000619 -0.054416
vn 0.083929 -0.000498 -0.054366
vn 0.083963 -0.000376 -0.054315
vn 0.083996 -0.000253 -0.054264
vn 0.085374 0.003648 -0.051943
vn 0.085366 0.003548 -0.051963
vn 0.085357 0.003446 -0.051983
vn 0.085349 0.003342 -0.052004
vn 0.085331 0.003128 -0.052047
vn 0.085321 0.003018 -0.052069
vn 0.085312 0.002905 -0.052091
vn 0.085302 0.002790 -0.052114
vn 0.085291 0.002672 -0.052137
vn 0.085270 0.002429 -0.052184
vn 0.085221 0.001909 -0.052285
vn 0.085194 0.001631 -0.052338
vn 0.085165 0.001340 -0.052393
vn 0.085134 0.001034 -0.052451
vn 0.085101 0.000712 -0.052511
vn 0.085962 0.004975 -0.050851
vn 0.085959 0.004848 -0.050868
vn 0.085956 0.004718 -0.050884
vn 0.085954 0.004585 -0.050901
vn 0.085947 0.004310 -0.050936
vn 0.085944 0.004168 -0.050954
vn 0.085940 0.004023 -0.050972
vn 0.085936 0.003874 -0.050991
vn 0.085931 0.003721 -0.051009
vn 0.085922 0.003405 -0.051048
vn 0.085898 0.002723 -0.051129
vn 0.085883 0.002355 -0.051172
vn 0.085866 0.001967 -0.051216
vn 0.085847 0.001557 -0.051262
vn 0.085825 0.001123 -0.051310
vn 0.087899 0.010510 -0.046511
vn 0.087945 0.010279 -0.046477
vn 0.087991 0.010042 -0.046441
vn 0.088037 0.009799 -0.046405
vn 0.088133 0.009293 -0.046328
vn 0.088181 0.009029 -0.046287
vn 0.088231 0.008758 -0.046245
vn 0.088281 0.008479 -0.046202
vn 0.088331 0.008192 -0.046157
vn 0.088435 0.007593 -0.046061
vn 0.088649 0.006281 -0.045846
vn 0.088760 0.005561 -0.045724
vn 0.088215 0.011684 -0.045625
vn 0.088274 0.011431 -0.045574
vn 0.088334 0.011172 -0.045522
vn 0.088396 0.010906 -0.045467
vn 0.088521 0.010351 -0.045353
vn 0.088585 0.010062 -0.045292
vn 0.088650 0.009764 -0.045230
vn 0.088717 0.009458 -0.045165
vn 0.088784 0.009143 -0.045098
vn 0.088921 0.008485 -0.044957
vn 0.089206 0.007043 -0.044640
vn 0.089354 0.006250 -0.044461
vn 0.089505 0.005404 -0.044267
vn 0.088520 0.012932 -0.044688
vn 0.088596 0.012656 -0.044617
vn 0.088673 0.012373 -0.044543
vn 0.088751 0.012082 -0.044467
vn 0.088911 0.011475 -0.044307
vn 0.088993 0.011159 -0.044223
vn 0.089077 0.010834 -0.044136
vn 0.089161 0.010499 -0.044046
vn 0.089247 0.010154 -0.043953
vn 0.089423 0.009433 -0.043756
vn 0.089789 0.007851 -0.043316
vn 0.089979 0.006982 -0.043070
vn 0.090174 0.006053 -0.042802
vn 0.090373 0.005058 -0.042511
vn 0.088812 0.014255 -0.043694
vn 0.088907 0.013954 -0.043599
vn 0.089003 0.013645 -0.043500
vn 0.089101 0.013328 -0.043398
vn 0.089301 0.012666 -0.043184
vn 0.089403 0.012321 -0.043072
vn 0.089508 0.011966 -0.042956
vn 0.089613 0.011600 -0.042836
vn 0.089721 0.011224 -0.042711
vn 0.089940 0.010436 -0.042449
vn 0.090397 0.008706 -0.041863
vn 0.090635 0.007755 -0.041534
vn 0.090878 0.006738 -0.041179
vn 0.091126 0.005650 -0.040793
vn 0.091378 0.004482 -0.040373
vn 0.089090 0.015655 -0.042638
vn 0.089206 0.015327 -0.042513
vn 0.089324 0.014991 -0.042385
vn 0.089444 0.014645 -0.042253
vn 0.089689 0.013924 -0.041976
vn 0.089815 0.013548 -0.041830
vn 0.089942 0.013161 -0.041679
vn 0.090072 0.012763 -0.041523
vn 0.090203 0.012352 -0.041362
vn 0.090472 0.011493 -0.041022
vn 0.091031 0.009607 -0.040263
vn 0.091321 0.008569 -0.039839
vn 0.091616 0.007459 -0.039380
vn 0.091917 0.006272 -0.038883
vn 0.092222 0.004998 -0.038342
vn 0.089350 0.017132 -0.041510
vn 0.089490 0.016776 -0.041353
vn 0.089633 0.016410 -0.041190
vn 0.089778 0.016034 -0.041022
vn 0.090075 0.015250 -0.040669
vn 0.090226 0.014841 -0.040484
vn 0.090380 0.014420 -0.040293
vn 0.090536 0.013987 -0.040095
vn 0.090694 0.013540 -0.039891
vn 0.091017 0.012605 -0.039460
vn 0.091687 0.010552 -0.038499
vn 0.092033 0.009422 -0.037963
vn 0.092385 0.008215 -0.037383
vn 0.092742 0.006922 -0.036756
vn 0.093102 0.005537 -0.036075
vn 0.093010 0.021008 -0.030130
vn 0.093335 0.020342 -0.029577
vn 0.093987 0.018948 -0.028414
vn 0.088886 -0.010285 -0.044649
vn 0.089345 -0.009106 -0.043984
vn 0.089808 -0.007865 -0.043275
vn 0.088574 -0.009018 -0.045534
vn 0.088977 -0.007923 -0.044948
vn 0.089381 -0.006783 -0.044330
vn 0.089783 -0.005596 -0.043678
vn 0.088201 -0.007908 -0.046456
vn 0.088555 -0.006900 -0.045939
vn 0.088907 -0.005859 -0.045400
vn 0.089257 -0.004784 -0.044836
vn 0.089603 -0.003674 -0.044247
vn 0.087891 -0.007153 -0.047159
vn 0.088212 -0.006210 -0.046690
vn 0.088531 -0.005243 -0.046204
vn 0.088846 -0.004249 -0.045698
vn 0.089157 -0.003228 -0.045172
vn 0.087571 -0.006464 -0.047849
vn 0.087862 -0.005587 -0.047424
vn 0.088150 -0.004690 -0.046984
vn 0.088435 -0.003773 -0.046530
vn 0.088715 -0.002836 -0.046060
vn 0.087246 -0.005839 -0.048518
vn 0.087510 -0.005024 -0.048132
vn 0.087772 -0.004195 -0.047734
vn 0.088029 -0.003351 -0.047325
vn 0.088282 -0.002492 -0.046905
vn 0.086921 -0.005274 -0.049162
vn 0.087161 -0.004519 -0.048810
vn 0.087398 -0.003754 -0.048450
vn 0.087632 -0.002978 -0.048081
vn 0.087861 -0.002191 -0.047703
vn 0.086491 -0.003651 -0.050059
vn 0.086040 -0.002394 -0.050906
vn 0.086687 -0.003003 -0.049763
vn 0.086880 -0.002350 -0.049461
vn 0.087069 -0.001691 -0.049154
vn 0.086199 -0.001848 -0.050659
vn 0.086355 -0.001300 -0.050409
vn 0.089103 0.003094 -0.045289
vn 0.000000 -0.089443 -0.044721
vn 0.002339 -0.085685 -0.051503
vn 0.000000 -0.078067 -0.062494
vn 0.002564 -0.084772 -0.052982
vn 0.002775 -0.083761 -0.054556
vn 0.005689 -0.083327 -0.054994
vn 0.006088 -0.082143 -0.056705
vn 0.009350 -0.081516 -0.057163
vn 0.010408 -0.078685 -0.060831
vn 0.014161 -0.077719 -0.061312
vn 0.015282 -0.074361 -0.065092
vn 0.022036 -0.075283 -0.062024
vn 0.032191 -0.067847 -0.066034
vn 0.030290 -0.072107 -0.062314
vn 0.038740 -0.068145 -0.062092
vn 0.027704 -0.076194 -0.058540
vn 0.035796 -0.072814 -0.058453
vn 0.026142 -0.078128 -0.056680
vn 0.033954 -0.075088 -0.056647
vn 0.024396 -0.079963 -0.054870
vn 0.031852 -0.077291 -0.054878
vn 0.022469 -0.081682 -0.053134
vn 0.029486 -0.079394 -0.053170
vn 0.020365 -0.083267 -0.051497
vn 0.026856 -0.081371 -0.051551
vn 0.017391 -0.085096 -0.049560
vn 0.023068 -0.083700 -0.049620
vn 0.014202 -0.086630 -0.047891
vn 0.018931 -0.085692 -0.047943
vn 0.009021 -0.088346 -0.045974
vn 0.012092 -0.087965 -0.045999
vn 0.006313 -0.088912 -0.045330
vn 0.008477 -0.088725 -0.045343
vn 0.004938 -0.089120 -0.045092
vn 0.006634 -0.089005 -0.045101
vn 0.003551 -0.089276 -0.044913
vn 0.004773 -0.089217 -0.044917
vn 0.002156 -0.089382 -0.044792
vn 0.002898 -0.089360 -0.044793
vn 0.001455 -0.089415 -0.044753
vn 0.001956 -0.089405 -0.044754
vn 0.000754 -0.089435 -0.044730
vn 0.001013 -0.089433 -0.044730
vn 0.000051 -0.089443 -0.044721
vn 0.000069 -0.089443 -0.044721
vn -0.000652 -0.089437 -0.044728
vn -0.000876 -0.089435 -0.044728
vn -0.001354 -0.089419 -0.044749
vn -0.001820 -0.089410 -0.044750
vn -0.002055 -0.089387 -0.044785
vn -0.002762 -0.089367 -0.044787
vn -0.003451 -0.089286 -0.044902
vn -0.004638 -0.089230 -0.044906
vn -0.004839 -0.089133 -0.045077
vn -0.006501 -0.089023 -0.045085
vn -0.007578 -0.088674 -0.045601
vn -0.010168 -0.088405 -0.045620
vn -0.012849 -0.087164 -0.047300
vn -0.017158 -0.086395 -0.047345
vn -0.017731 -0.084907 -0.049764
vn -0.023505 -0.083457 -0.049824
vn -0.022101 -0.081979 -0.052830
vn -0.029029 -0.079762 -0.052871
vn -0.024038 -0.080304 -0.054529
vn -0.031416 -0.077705 -0.054543
vn -0.025799 -0.078512 -0.056305
vn -0.033545 -0.075546 -0.056281
vn -0.027846 -0.076003 -0.058721
vn -0.035962 -0.072591 -0.058629
vn -0.029587 -0.073362 -0.061177
vn -0.037955 -0.069560 -0.060999
vn -0.031030 -0.070631 -0.063627
vn -0.039551 -0.066501 -0.063350
vn -0.032191 -0.067847 -0.066034
vn -0.049137 -0.058384 -0.064629
vn 0.000000 -0.078067 -0.062494
vn -0.002297 -0.085839 -0.051248
vn -0.001815 -0.087313 -0.048715
vn -0.001300 -0.088395 -0.046739
vn -0.002675 -0.088312 -0.046839
vn -0.001568 -0.089066 -0.045439
vn -0.002422 -0.089030 -0.045472
vn -0.001544 -0.089277 -0.045025
vn -0.002122 -0.089259 -0.045038
vn -0.001513 -0.089350 -0.044882
vn -0.002419 -0.089324 -0.044893
vn -0.001440 -0.089401 -0.044782
vn -0.015282 -0.074361 -0.065092
vn -0.007009 -0.078495 -0.061559
vn -0.003431 -0.079228 -0.060920
vn -0.003223 -0.080957 -0.058614
vn -0.006594 -0.080332 -0.059188
vn -0.006125 -0.082024 -0.056873
vn -0.009406 -0.081388 -0.057336
vn -0.008618 -0.083038 -0.055049
vn -0.011775 -0.082409 -0.055409
vn -0.010895 -0.083644 -0.053712
vn -0.017184 -0.082246 -0.054225
vn -0.015740 -0.083609 -0.052553
vn -0.022641 -0.073980 -0.063359
vn -0.014585 -0.076577 -0.062636
vn -0.010731 -0.077615 -0.062135
vn -0.013769 -0.078672 -0.060176
vn -0.010111 -0.079575 -0.059713
vn -0.012831 -0.080623 -0.057752
vn -0.064176 -0.046752 -0.060792
vn -0.063436 -0.050062 -0.058903
vn -0.047960 -0.061622 -0.062470
vn -0.046352 -0.064960 -0.060263
vn -0.044256 -0.068362 -0.058035
vn -0.041618 -0.071776 -0.055823
vn -0.039224 -0.074337 -0.054180
vn -0.036474 -0.076836 -0.052592
vn -0.029894 -0.081475 -0.049681
vn -0.022047 -0.085311 -0.047286
vn -0.013157 -0.088019 -0.045603
vn -0.008429 -0.088864 -0.045079
vn -0.006017 -0.089149 -0.044903
vn -0.003584 -0.089339 -0.044786
vn -0.002362 -0.089398 -0.044749
vn -0.001137 -0.089432 -0.044728
vn 0.000089 -0.089443 -0.044721
vn 0.001315 -0.089429 -0.044730
vn 0.002539 -0.089391 -0.044754
vn 0.003760 -0.089328 -0.044792
vn 0.006192 -0.089132 -0.044914
vn 0.008601 -0.088840 -0.045094
vn 0.010981 -0.088456 -0.045332
vn 0.015623 -0.087420 -0.045974
vn 0.024265 -0.084380 -0.047866
vn 0.029363 -0.081787 -0.049485
vn 0.033919 -0.078831 -0.051335
vn 0.037006 -0.076384 -0.052877
vn 0.039719 -0.073841 -0.054497
vn 0.042071 -0.071240 -0.056168
vn 0.044079 -0.068616 -0.057870
vn 0.047153 -0.063405 -0.061289
vn 0.049137 -0.058384 -0.064629
vn -0.070090 -0.043733 -0.056345
vn -0.075970 -0.034389 -0.055190
vn -0.075860 -0.037306 -0.053418
vn -0.084707 -0.024862 -0.046975
vn -0.084876 -0.027445 -0.045198
vn -0.086700 -0.024295 -0.043507
vn -0.086707 -0.027107 -0.041799
vn -0.088486 -0.023792 -0.040051
vn -0.088303 -0.026901 -0.038457
vn -0.091599 -0.019942 -0.034813
vn -0.091509 -0.022260 -0.033625
vn -0.094233 -0.015139 -0.029850
vn -0.094244 -0.017278 -0.028627
vn -0.096494 -0.011242 -0.023719
vn -0.096240 -0.016334 -0.021702
vn -0.084281 -0.022653 -0.048821
vn -0.086397 -0.021932 -0.045328
vn -0.088320 -0.021234 -0.041817
vn -0.091423 -0.017441 -0.036574
vn -0.094052 -0.013390 -0.031225
vn -0.096050 -0.008158 -0.026605
vn -0.087901 -0.019096 -0.043689
vn -0.089670 -0.012323 -0.042514
vn -0.090406 -0.013731 -0.040476
vn -0.092329 -0.008793 -0.037391
vn -0.093039 -0.010023 -0.035261
vn -0.094179 -0.004681 -0.033292
vn -0.095237 -0.006120 -0.029874
vn -0.092938 -0.003617 -0.036734
vn -0.093625 -0.011523 -0.033189
vn -0.091004 -0.015410 -0.038482
vn -0.093434 -0.023333 -0.026939
vn -0.094070 -0.025984 -0.021810
vn -0.090187 -0.033596 -0.027158
vn -0.090723 -0.034723 -0.023740
vn -0.078592 -0.053064 -0.031742
vn -0.082371 -0.049077 -0.028399
vn -0.062880 -0.068459 -0.036872
vn -0.073570 -0.059510 -0.032341
vn -0.058359 -0.072077 -0.037406
vn -0.049753 -0.076983 -0.039979
vn -0.047250 -0.078494 -0.040077
vn -0.032091 -0.084483 -0.042811
vn -0.033468 -0.084127 -0.042456
vn -0.021695 -0.087211 -0.043859
vn -0.017363 -0.088043 -0.044123
vn -0.010586 -0.088916 -0.044518
vn 0.000000 -0.089443 -0.044721
vn 0.000831 -0.089439 -0.044720
vn 0.017356 -0.088045 -0.044124
vn 0.012227 -0.088740 -0.044449
vn 0.033457 -0.084131 -0.042457
vn 0.023252 -0.086874 -0.043729
vn 0.047237 -0.078500 -0.040080
vn 0.033516 -0.084018 -0.042634
vn 0.058345 -0.072085 -0.037410
vn 0.050846 -0.076382 -0.039756
vn 0.073560 -0.059521 -0.032346
vn 0.063661 -0.067849 -0.036656
vn 0.082364 -0.049087 -0.028403
vn 0.072693 -0.059737 -0.033870
vn 0.090720 -0.034729 -0.023742
vn 0.083351 -0.046489 -0.029856
vn 0.094069 -0.025987 -0.021812
vn 0.091474 -0.030226 -0.026812
vn 0.096241 -0.016333 -0.021702
vn 0.093309 -0.023903 -0.026871
vn 0.096494 -0.011239 -0.023717
vn 0.094077 -0.019443 -0.027775
vn 0.094258 -0.016851 -0.028835
vn 0.090560 -0.027847 -0.031990
vn 0.091238 -0.024503 -0.032790
vn 0.085869 -0.036395 -0.036081
vn 0.087177 -0.032443 -0.036710
vn 0.083086 -0.040629 -0.038026
vn 0.084738 -0.036451 -0.038611
vn 0.080028 -0.044782 -0.039876
vn 0.082028 -0.040440 -0.040447
vn 0.065590 -0.059850 -0.045999
vn 0.068772 -0.055515 -0.046782
vn 0.057569 -0.066075 -0.048166
vn 0.061065 -0.062085 -0.049158
vn 0.049443 -0.071289 -0.049733
vn 0.053013 -0.067781 -0.050945
vn 0.096050 -0.008158 -0.026604
vn 0.094209 -0.014771 -0.030107
vn 0.091545 -0.021774 -0.033844
vn 0.087957 -0.029148 -0.037604
vn 0.085787 -0.032922 -0.039454
vn 0.083360 -0.036721 -0.041263
vn 0.071176 -0.051547 -0.047717
vn 0.063833 -0.058304 -0.050259
vn 0.055958 -0.064341 -0.052239
vn 0.093997 -0.013067 -0.031524
vn 0.095237 -0.006120 -0.029874
vn 0.093663 -0.011648 -0.033039
vn 0.092724 -0.009425 -0.036243
vn 0.091445 -0.017609 -0.036438
vn 0.090746 -0.014595 -0.039397
vn 0.088486 -0.024003 -0.039927
vn 0.088153 -0.020199 -0.042674
vn 0.086692 -0.027337 -0.041679
vn 0.086591 -0.023153 -0.044339
vn 0.084674 -0.030743 -0.043418
vn 0.084834 -0.026198 -0.046010
vn 0.074231 -0.044672 -0.049942
vn 0.075643 -0.039031 -0.052485
vn 0.067626 -0.051459 -0.052713
vn 0.069680 -0.045578 -0.055384
vn 0.060252 -0.057834 -0.055000
vn 0.062846 -0.051958 -0.057886
vn 0.094179 -0.004681 -0.033292
vn 0.089670 -0.012323 -0.042514
vn 0.084281 -0.022653 -0.048821
vn 0.075970 -0.034389 -0.055190
vn 0.064176 -0.046752 -0.060792
vn 0.006793 -0.079499 -0.060281
vn 0.003322 -0.080173 -0.059676
vn 0.002972 -0.082655 -0.056208
vn -0.021469 -0.076379 -0.060871
vn -0.020095 -0.078651 -0.058397
vn -0.018517 -0.080764 -0.055985
vn -0.002990 -0.082543 -0.056371
vn -0.002732 -0.083976 -0.054227
vn -0.002521 -0.084956 -0.052690
vn -0.005175 -0.084607 -0.053055
vn -0.004718 -0.085557 -0.051553
vn -0.007268 -0.085203 -0.051842
vn -0.005755 -0.086930 -0.049092
vn -0.007895 -0.086664 -0.049265
vn -0.005672 -0.088070 -0.047026
vn -0.009043 -0.087703 -0.047185
vn -0.005316 -0.088860 -0.045559
vn -0.005604 -0.083557 -0.054652
vn -0.003731 -0.087144 -0.048908
vn -0.000762 -0.089094 -0.045405
vn -0.000486 -0.089303 -0.044998
vn -0.000346 -0.089372 -0.044861
vn -0.000713 -0.089366 -0.044869
vn -0.000424 -0.089416 -0.044773
vn -0.000656 -0.089413 -0.044776
vn -0.000432 -0.089430 -0.044745
vn -0.000594 -0.089428 -0.044746
vn -0.000286 -0.089439 -0.044727
vn -0.000457 -0.089438 -0.044727
vn 0.000036 -0.089443 -0.044721
vn -0.001000 -0.089291 -0.045012
vn -0.000206 -0.089418 -0.044771
vn -0.000136 -0.089432 -0.044743
vn -0.000065 -0.089440 -0.044726
vn -0.000135 -0.089440 -0.044727
vn 0.000011 -0.089443 -0.044721
vn 0.000016 -0.089443 -0.044721
vn 0.000241 -0.089439 -0.044729
vn 0.000331 -0.089438 -0.044729
vn 0.000638 -0.089426 -0.044750
vn 0.001020 -0.089422 -0.044752
vn 0.001511 -0.089396 -0.044788
vn -0.000280 -0.089431 -0.044744
vn 0.000005 -0.089443 -0.044721
vn 0.000076 -0.089439 -0.044728
vn 0.000146 -0.089430 -0.044746
vn 0.000301 -0.089429 -0.044747
vn 0.000445 -0.089413 -0.044779
vn 0.000688 -0.089410 -0.044781
vn 0.001133 -0.089354 -0.044884
vn 0.001557 -0.089344 -0.044891
vn 0.002166 -0.089251 -0.045051
vn 0.003462 -0.089198 -0.045075
vn 0.004427 -0.089041 -0.045301
vn 0.000156 -0.089439 -0.044728
vn 0.000216 -0.089415 -0.044776
vn 0.000356 -0.089368 -0.044870
vn 0.000496 -0.089297 -0.045009
vn 0.001020 -0.089285 -0.045024
vn 0.001305 -0.089183 -0.045218
vn 0.002016 -0.089159 -0.045240
vn 0.002886 -0.088853 -0.045792
vn 0.003966 -0.088788 -0.045836
vn 0.006282 -0.087742 -0.047560
vn 0.010007 -0.087289 -0.047754
vn 0.012298 -0.086092 -0.049365
vn 0.000733 -0.089362 -0.044877
vn 0.000634 -0.089203 -0.045194
vn 0.000908 -0.088944 -0.045696
vn 0.001441 -0.088143 -0.047209
vn 0.002964 -0.088039 -0.047331
vn 0.003656 -0.087244 -0.048735
vn 0.005640 -0.087039 -0.048913
vn 0.006659 -0.085974 -0.050638
vn 0.009125 -0.085613 -0.050865
vn 0.010130 -0.084571 -0.052394
vn 0.016013 -0.083369 -0.052851
vn 0.017453 -0.081965 -0.054562
vn 0.001869 -0.088904 -0.045745
vn 0.001778 -0.087406 -0.048550
vn 0.002102 -0.086498 -0.050136
vn 0.004804 -0.085391 -0.051820
vn 0.005261 -0.084410 -0.053359
vn 0.008096 -0.083961 -0.053713
vn 0.008747 -0.082790 -0.055401
vn 0.011949 -0.082140 -0.055770
vn 0.012757 -0.080761 -0.057575
vn 0.019984 -0.078813 -0.058216
vn 0.004320 -0.086266 -0.050393
vn -0.012544 -0.085943 -0.049562
vn -0.009952 -0.084768 -0.052109
vn -0.003392 -0.089208 -0.045060
vn -0.003328 -0.088985 -0.045504
vn -0.000949 -0.089424 -0.044748
vn -0.000901 -0.089410 -0.044778
vn 0.000528 -0.089437 -0.044730
vn 0.000022 -0.089443 -0.044721
vn 0.002489 -0.089317 -0.044904
vn 0.000945 -0.089406 -0.044784
vn 0.006333 -0.088610 -0.045915
vn 0.002771 -0.089127 -0.045262
vn 0.014461 -0.084643 -0.051248
vn 0.007737 -0.086784 -0.049079
vn 0.018778 -0.080443 -0.056359
vn 0.011072 -0.083412 -0.054036
vn 0.007399 -0.085023 -0.052118
vn 0.004576 -0.087907 -0.047449
vn 0.001576 -0.089270 -0.045038
vn 0.000464 -0.089428 -0.044749
vn -0.000208 -0.089440 -0.044727
vn -0.001101 -0.089359 -0.044875
vn -0.004130 -0.088204 -0.046935
vn -0.007965 -0.084174 -0.053398
vn -0.062217 -0.053656 -0.057010
vn -0.069210 -0.047251 -0.054564
vn -0.075354 -0.040613 -0.051695
vn -0.060413 -0.057534 -0.055137
vn -0.067761 -0.051153 -0.052838
vn -0.074332 -0.044372 -0.050058
vn -0.084704 -0.030494 -0.043535
vn -0.057901 -0.061685 -0.053314
vn -0.065592 -0.055464 -0.051200
vn -0.072635 -0.048650 -0.048552
vn -0.084063 -0.034136 -0.042049
vn -0.086305 -0.030495 -0.040267
vn -0.055435 -0.064997 -0.051984
vn -0.063350 -0.059015 -0.050040
vn -0.070765 -0.052284 -0.047526
vn -0.083146 -0.037395 -0.041090
vn -0.085623 -0.033558 -0.039275
vn -0.087839 -0.029739 -0.037415
vn -0.052414 -0.068413 -0.050720
vn -0.060488 -0.062794 -0.048971
vn -0.068257 -0.056273 -0.046630
vn -0.081721 -0.041178 -0.040325
vn -0.084489 -0.037156 -0.038485
vn -0.086984 -0.033106 -0.036576
vn -0.091146 -0.025058 -0.032626
vn -0.044471 -0.075329 -0.048454
vn -0.052483 -0.070854 -0.047172
vn -0.060720 -0.065271 -0.045308
vn -0.076556 -0.050707 -0.039599
vn -0.080103 -0.046446 -0.037766
vn -0.083395 -0.042002 -0.035793
vn -0.089077 -0.032747 -0.031510
vn -0.033874 -0.081720 -0.046631
vn -0.040934 -0.078870 -0.045868
vn -0.048769 -0.075016 -0.044657
vn -0.066185 -0.063230 -0.040267
vn -0.070663 -0.059271 -0.038649
vn -0.075060 -0.054883 -0.036796
vn -0.083281 -0.044892 -0.032389
vn -0.020717 -0.086673 -0.045372
vn -0.025544 -0.085529 -0.045080
vn -0.031293 -0.083866 -0.044579
vn -0.046373 -0.077795 -0.042396
vn -0.051021 -0.075364 -0.041438
vn -0.056034 -0.072400 -0.040230
vn -0.067013 -0.064439 -0.036837
vn -0.013372 -0.088304 -0.044985
vn -0.016599 -0.087817 -0.044862
vn -0.020540 -0.087091 -0.044646
vn -0.031617 -0.084241 -0.043632
vn -0.035332 -0.083004 -0.043150
vn -0.039553 -0.081415 -0.042511
vn -0.049817 -0.076664 -0.040508
vn -0.009568 -0.088862 -0.044855
vn -0.011903 -0.088611 -0.044792
vn -0.014779 -0.088234 -0.044680
vn -0.023070 -0.086714 -0.044141
vn -0.025942 -0.086034 -0.043878
vn -0.029276 -0.085141 -0.043520
vn -0.037784 -0.082337 -0.042343
vn -0.005706 -0.089237 -0.044769
vn -0.007108 -0.089147 -0.044746
vn -0.008844 -0.089012 -0.044706
vn -0.013934 -0.088457 -0.044510
vn -0.015736 -0.088204 -0.044412
vn -0.017862 -0.087866 -0.044277
vn -0.023487 -0.086767 -0.043817
vn -0.003761 -0.089353 -0.044742
vn -0.004687 -0.089314 -0.044732
vn -0.005835 -0.089256 -0.044715
vn -0.009216 -0.089013 -0.044629
vn -0.010421 -0.088902 -0.044586
vn -0.011850 -0.088752 -0.044526
vn -0.015674 -0.088261 -0.044321
vn -0.001811 -0.089422 -0.044726
vn -0.002256 -0.089413 -0.044724
vn -0.002810 -0.089399 -0.044720
vn -0.004443 -0.089343 -0.044700
vn -0.005027 -0.089317 -0.044690
vn -0.005721 -0.089282 -0.044676
vn -0.007592 -0.089167 -0.044628
vn 0.000142 -0.089443 -0.044721
vn 0.000177 -0.089443 -0.044721
vn 0.000220 -0.089442 -0.044721
vn 0.000348 -0.089442 -0.044721
vn 0.000394 -0.089442 -0.044721
vn 0.000449 -0.089442 -0.044721
vn 0.000596 -0.089441 -0.044721
vn 0.002094 -0.089415 -0.044728
vn 0.002609 -0.089403 -0.044725
vn 0.003249 -0.089385 -0.044719
vn 0.005137 -0.089309 -0.044693
vn 0.005813 -0.089275 -0.044679
vn 0.006615 -0.089228 -0.044661
vn 0.008775 -0.089074 -0.044596
vn 0.004043 -0.089339 -0.044745
vn 0.005038 -0.089294 -0.044734
vn 0.006271 -0.089226 -0.044714
vn 0.009903 -0.088946 -0.044615
vn 0.011196 -0.088818 -0.044565
vn 0.012729 -0.088646 -0.044496
vn 0.016825 -0.088079 -0.044260
vn 0.005987 -0.089216 -0.044773
vn 0.007457 -0.089118 -0.044749
vn 0.009277 -0.088969 -0.044705
vn 0.014609 -0.088359 -0.044489
vn 0.016494 -0.088081 -0.044382
vn 0.018717 -0.087710 -0.044234
vn 0.024585 -0.086506 -0.043729
vn 0.009844 -0.088828 -0.044863
vn 0.012245 -0.088563 -0.044796
vn 0.015201 -0.088163 -0.044678
vn 0.023707 -0.086558 -0.044109
vn 0.026648 -0.085841 -0.043831
vn 0.030058 -0.084902 -0.043454
vn 0.038730 -0.081961 -0.042219
vn 0.013642 -0.088257 -0.044996
vn 0.016931 -0.087751 -0.044868
vn 0.020945 -0.086996 -0.044644
vn 0.032203 -0.084040 -0.043592
vn 0.035969 -0.082760 -0.043093
vn 0.040240 -0.081119 -0.042432
vn 0.050588 -0.076230 -0.040371
vn 0.017358 -0.087511 -0.045172
vn 0.021477 -0.086699 -0.044966
vn 0.026447 -0.085503 -0.044608
vn 0.039940 -0.080974 -0.042988
vn 0.044275 -0.079087 -0.042249
vn 0.049068 -0.076728 -0.041294
vn 0.060083 -0.070071 -0.038473
vn 0.024466 -0.085543 -0.045649
vn 0.030025 -0.083973 -0.045244
vn 0.036535 -0.081728 -0.044561
vn 0.052888 -0.073904 -0.041726
vn 0.057683 -0.070918 -0.040539
vn 0.062710 -0.067378 -0.039085
vn 0.073169 -0.058363 -0.035214
vn 0.036980 -0.080106 -0.047069
vn 0.044409 -0.076789 -0.046166
vn 0.052484 -0.072398 -0.044766
vn 0.069685 -0.059577 -0.039932
vn 0.073924 -0.055446 -0.038222
vn 0.078010 -0.050956 -0.036303
vn 0.085440 -0.041036 -0.031877
vn 0.043790 -0.075824 -0.048304
vn 0.051768 -0.071454 -0.047058
vn 0.060014 -0.065970 -0.045236
vn 0.076016 -0.051516 -0.039594
vn 0.079630 -0.047252 -0.037767
vn 0.082993 -0.042789 -0.035794
vn 0.088823 -0.033451 -0.031489
vn 0.058349 -0.061016 -0.053596
vn 0.065988 -0.054759 -0.051450
vn 0.072955 -0.047940 -0.048778
vn 0.084202 -0.033518 -0.042268
vn 0.086402 -0.029917 -0.040494
vn 0.088360 -0.026370 -0.038693
vn 0.091591 -0.019512 -0.035077
vn -0.085142 -0.021201 -0.047972
vn -0.084318 -0.022593 -0.048786
vn -0.084963 -0.020097 -0.048758
vn -0.084635 -0.020036 -0.049350
vn -0.085070 -0.018340 -0.049262
vn -0.084716 -0.017576 -0.050143
vn -0.085072 -0.016654 -0.049855
vn -0.084638 -0.015237 -0.051032
vn -0.084997 -0.015044 -0.050490
vn -0.084914 -0.013985 -0.050932
vn -0.085329 -0.014293 -0.050147
vn -0.085225 -0.013255 -0.050607
vn -0.085662 -0.013521 -0.049791
vn -0.085536 -0.012508 -0.050271
vn -0.085998 -0.012727 -0.049420
vn -0.085848 -0.011743 -0.049923
vn -0.086672 -0.011071 -0.048635
vn -0.086471 -0.010156 -0.049190
vn -0.087348 -0.009317 -0.047786
vn -0.087091 -0.008492 -0.048405
vn -0.087686 -0.008401 -0.047336
vn -0.087399 -0.007630 -0.047992
vn -0.088022 -0.007459 -0.046867
vn -0.087705 -0.006747 -0.047564
vn -0.088689 -0.005491 -0.045871
vn -0.088309 -0.004915 -0.046662
vn -0.089343 -0.003407 -0.044791
vn -0.088899 -0.002995 -0.045695
vn -0.089725 -0.001088 -0.044139
vn -0.089196 -0.000877 -0.045202
vn -0.088462 -0.002633 -0.046557
vn -0.088686 -0.000699 -0.046198
vn -0.088036 -0.002312 -0.047374
vn -0.088198 -0.000551 -0.047125
vn -0.087624 -0.002033 -0.048144
vn -0.087734 -0.000427 -0.047986
vn -0.086854 -0.001568 -0.049536
vn -0.086882 -0.000236 -0.049512
vn -0.086166 -0.001204 -0.050734
vn -0.086138 -0.000108 -0.050795
vn -0.085640 -0.000954 -0.051623
vn -0.085503 -0.000031 -0.051857
vn -0.085182 -0.000755 -0.052378
vn -0.084794 -0.000593 -0.053006
vn -0.084622 -0.001193 -0.053269
vn -0.084338 -0.000942 -0.053723
vn -0.084201 -0.001418 -0.053928
vn -0.083912 -0.000878 -0.054387
vn -0.083871 -0.001021 -0.054448
vn -0.083786 -0.000472 -0.054586
vn -0.083770 -0.000531 -0.054610
vn -0.083836 -0.000064 -0.054511
vn -0.083837 -0.000062 -0.054511
vn -0.084029 0.000522 -0.054211
vn -0.084053 0.000629 -0.054173
vn -0.084350 0.001331 -0.053697
vn -0.084368 0.001429 -0.053666
vn -0.084747 0.002252 -0.053036
vn -0.084767 0.002390 -0.052998
vn -0.085228 0.003417 -0.052197
vn -0.085245 0.003594 -0.052158
vn -0.085756 0.004813 -0.051213
vn -0.085441 0.004210 -0.051789
vn -0.085875 0.005312 -0.050964
vn -0.084470 -0.013035 -0.051913
vn -0.084813 -0.012963 -0.051368
vn -0.085103 -0.012259 -0.051061
vn -0.085392 -0.011542 -0.050745
vn -0.085680 -0.010809 -0.050419
vn -0.086254 -0.009301 -0.049737
vn -0.086822 -0.007731 -0.049013
vn -0.087103 -0.006922 -0.048634
vn -0.087381 -0.006097 -0.048243
vn -0.087929 -0.004399 -0.047426
vn -0.084702 -0.011978 -0.051789
vn -0.084252 -0.011013 -0.052729
vn -0.084578 -0.011046 -0.052197
vn -0.084321 -0.009317 -0.052945
vn -0.084825 -0.010407 -0.051926
vn -0.084529 -0.008751 -0.052709
vn -0.085071 -0.009758 -0.051649
vn -0.084736 -0.008180 -0.052469
vn -0.085315 -0.009101 -0.051366
vn -0.084940 -0.007604 -0.052224
vn -0.085798 -0.007761 -0.050778
vn -0.085343 -0.006436 -0.051722
vn -0.086272 -0.006384 -0.050164
vn -0.085736 -0.005249 -0.051203
vn -0.086505 -0.005682 -0.049846
vn -0.085929 -0.004648 -0.050937
vn -0.086735 -0.004970 -0.049520
vn -0.086120 -0.004042 -0.050666
vn -0.087187 -0.003520 -0.048848
vn -0.086493 -0.002815 -0.050110
vn -0.084022 -0.009182 -0.053441
vn -0.084077 -0.007759 -0.053580
vn -0.084249 -0.007271 -0.053378
vn -0.084420 -0.006780 -0.053173
vn -0.084588 -0.006287 -0.052965
vn -0.084920 -0.005291 -0.052541
vn -0.085244 -0.004285 -0.052106
vn -0.085403 -0.003778 -0.051885
vn -0.085560 -0.003268 -0.051660
vn -0.085868 -0.002241 -0.051202
vn -0.083815 -0.007533 -0.054021
vn -0.083892 -0.006535 -0.054032
vn -0.084035 -0.006115 -0.053858
vn -0.084177 -0.005694 -0.053682
vn -0.084318 -0.005271 -0.053504
vn -0.084595 -0.004420 -0.053143
vn -0.084865 -0.003563 -0.052775
vn -0.084999 -0.003132 -0.052587
vn -0.085130 -0.002699 -0.052398
vn -0.085388 -0.001830 -0.052014
vn -0.083651 -0.006059 -0.054460
vn -0.083741 -0.005427 -0.054387
vn -0.083858 -0.005074 -0.054241
vn -0.083974 -0.004720 -0.054093
vn -0.084089 -0.004366 -0.053944
vn -0.084316 -0.003653 -0.053641
vn -0.084539 -0.002935 -0.053334
vn -0.084649 -0.002574 -0.053178
vn -0.084758 -0.002213 -0.053021
vn -0.084972 -0.001486 -0.052702
vn -0.083541 -0.004745 -0.054758
vn -0.083632 -0.004421 -0.054646
vn -0.083725 -0.004133 -0.054526
vn -0.083818 -0.003843 -0.054405
vn -0.083909 -0.003553 -0.054282
vn -0.084091 -0.002969 -0.054035
vn -0.084271 -0.002381 -0.053784
vn -0.084360 -0.002086 -0.053657
vn -0.084448 -0.001789 -0.053529
vn -0.083491 -0.003573 -0.054923
vn -0.083566 -0.003508 -0.054812
vn -0.083638 -0.003280 -0.054717
vn -0.083709 -0.003051 -0.054622
vn -0.083780 -0.002821 -0.054525
vn -0.083921 -0.002357 -0.054329
vn -0.084061 -0.001890 -0.054130
vn -0.084131 -0.001654 -0.054030
vn -0.083499 -0.002536 -0.054969
vn -0.083551 -0.002125 -0.054906
vn -0.083591 -0.001991 -0.054851
vn -0.083630 -0.001856 -0.054795
vn -0.083670 -0.001719 -0.054739
vn -0.083750 -0.001443 -0.054624
vn -0.083831 -0.001163 -0.054507
vn -0.083565 -0.001605 -0.054903
vn -0.083664 -0.000926 -0.054768
vn -0.083678 -0.000872 -0.054747
vn -0.083693 -0.000817 -0.054725
vn -0.083708 -0.000761 -0.054702
vn -0.083739 -0.000648 -0.054657
vn -0.083688 -0.000753 -0.054734
vn -0.083838 -0.000059 -0.054509
vn -0.083837 -0.000059 -0.054509
vn -0.083837 -0.000060 -0.054510
vn -0.083837 -0.000061 -0.054510
vn -0.083859 0.000027 -0.054476
vn -0.084086 0.000780 -0.054119
vn -0.084075 0.000730 -0.054137
vn -0.084064 0.000680 -0.054155
vn -0.084083 0.000787 -0.054124
vn -0.084355 0.001544 -0.053683
vn -0.084402 0.001616 -0.053606
vn -0.084670 0.002326 -0.053156
vn -0.084786 0.002524 -0.052962
vn -0.085036 0.003215 -0.052523
vn -0.086302 0.006215 -0.050133
vn -0.086327 0.006564 -0.050047
vn -0.086783 0.007997 -0.049039
vn -0.086863 0.007866 -0.048918
vn -0.087228 0.009615 -0.047946
vn -0.087446 0.009885 -0.047491
vn -0.087648 0.011423 -0.046770
vn -0.087994 0.012192 -0.045917
vn -0.088027 0.013424 -0.045509
vn -0.088246 0.013457 -0.045072
vn -0.088352 0.015624 -0.044158
vn -0.088480 0.014798 -0.044184
vn -0.088692 0.016218 -0.043251
vn -0.088654 0.014245 -0.044018
vn -0.088905 0.015618 -0.043035
vn -0.088833 0.013662 -0.043841
vn -0.089124 0.014985 -0.042806
vn -0.089018 0.013048 -0.043653
vn -0.089351 0.014317 -0.042561
vn -0.089406 0.011711 -0.043237
vn -0.089826 0.012863 -0.042022
vn -0.089818 0.010210 -0.042760
vn -0.090330 0.011229 -0.041405
vn -0.090034 0.009389 -0.042495
vn -0.090593 0.010335 -0.041062
vn -0.090255 0.008514 -0.042209
vn -0.090863 0.009382 -0.040692
vn -0.090714 0.006585 -0.041565
vn -0.091422 0.007280 -0.039862
vn -0.091191 0.004373 -0.040806
vn -0.092001 0.004870 -0.038886
vn -0.091865 0.001872 -0.039463
vn -0.093353 0.002313 -0.035776
vn -0.092847 0.005387 -0.036747
vn -0.093701 0.005907 -0.034428
vn -0.092910 0.008734 -0.035937
vn -0.093678 0.009487 -0.033682
vn -0.092789 0.012151 -0.035251
vn -0.093456 0.013128 -0.033070
vn -0.092960 0.014430 -0.033914
vn -0.093574 0.015531 -0.031666
vn -0.093022 0.016845 -0.032604
vn -0.093578 0.018057 -0.030284
vn -0.092367 0.020633 -0.032290
vn -0.092791 0.022041 -0.030068
vn -0.091475 0.024487 -0.032137
vn -0.091751 0.026079 -0.030026
vn -0.091035 0.027274 -0.031125
vn -0.092009 0.027694 -0.027701
vn -0.090442 0.030165 -0.030172
vn -0.090328 0.028400 -0.032160
vn -0.089632 0.029464 -0.033135
vn -0.090196 0.026663 -0.033968
vn -0.089574 0.027662 -0.034804
vn -0.090050 0.024956 -0.035612
vn -0.089500 0.025892 -0.036323
vn -0.089895 0.023279 -0.037107
vn -0.089413 0.024154 -0.037707
vn -0.089733 0.021635 -0.038469
vn -0.089316 0.022449 -0.038970
vn -0.089554 0.020048 -0.039727
vn -0.089195 0.020805 -0.040142
vn -0.089355 0.018522 -0.040897
vn -0.089050 0.019225 -0.041237
vn -0.089140 0.017057 -0.041989
vn -0.088883 0.017708 -0.042263
vn -0.088608 0.018029 -0.042703
vn -0.088799 0.020609 -0.041110
vn -0.088914 0.023366 -0.039350
vn -0.088959 0.026276 -0.037361
vn -0.088962 0.029276 -0.035054
vn -0.088910 0.032361 -0.032368
vn -0.093202 0.023467 -0.027616
vn -0.093588 0.024909 -0.024915
vn -0.094655 0.020521 -0.024887
vn -0.095144 0.021764 -0.021769
vn -0.095370 0.018907 -0.023388
vn -0.096626 0.018212 -0.018216
vn -0.096071 0.017192 -0.021791
vn -0.097394 0.013429 -0.018276
vn -0.096730 0.012640 -0.021990
vn -0.097893 0.008643 -0.018500
vn -0.097134 0.008096 -0.022346
vn -0.097906 0.003749 -0.020007
vn -0.096309 0.007542 -0.025840
vn -0.096463 0.003261 -0.026157
vn -0.095447 0.006988 -0.029000
vn -0.094572 0.006441 -0.031853
vn -0.094457 0.010261 -0.031187
vn -0.097961 0.014205 -0.014208
vn -0.098547 0.009181 -0.014288
vn -0.099081 0.004224 -0.012849
vn -0.099054 0.009701 -0.009704
vn -0.099782 0.004671 -0.004672
vn -0.094909 0.002778 -0.031377
vn -0.090420 0.003900 -0.042533
vn -0.089237 0.001106 -0.045117
vn -0.089691 0.003454 -0.044085
vn -0.088368 0.002643 -0.046735
vn -0.089395 0.005299 -0.044502
vn -0.088214 0.004158 -0.046914
vn -0.089109 0.006912 -0.044853
vn -0.088063 0.005488 -0.047062
vn -0.088971 0.007644 -0.045009
vn -0.087988 0.006094 -0.047127
vn -0.088836 0.008332 -0.045152
vn -0.087915 0.006664 -0.047186
vn -0.088577 0.009592 -0.045410
vn -0.087773 0.007711 -0.047291
vn -0.088333 0.010716 -0.045633
vn -0.087637 0.008649 -0.047380
vn -0.088217 0.011234 -0.045734
vn -0.087572 0.009082 -0.047420
vn -0.088104 0.011725 -0.045829
vn -0.087508 0.009493 -0.047457
vn -0.087159 0.000527 -0.049020
vn -0.087224 0.001948 -0.048869
vn -0.087175 0.003170 -0.048893
vn -0.087120 0.004249 -0.048908
vn -0.087092 0.004742 -0.048913
vn -0.087063 0.005209 -0.048917
vn -0.087005 0.006068 -0.048921
vn -0.086948 0.006841 -0.048922
vn -0.086919 0.007200 -0.048921
vn -0.086891 0.007541 -0.048920
vn -0.086306 0.001401 -0.050490
vn -0.085633 0.000146 -0.051643
vn -0.085543 0.000964 -0.051783
vn -0.085061 0.000028 -0.052580
vn -0.084927 0.000620 -0.052792
vn -0.084607 -0.000052 -0.053306
vn -0.084456 0.000357 -0.053545
vn -0.084266 -0.000096 -0.053845
vn -0.084127 0.000172 -0.054062
vn -0.084027 -0.000107 -0.054216
vn -0.083921 0.000039 -0.054381
vn -0.083884 -0.000098 -0.054437
vn -0.083834 -0.000075 -0.054514
vn -0.083835 -0.000069 -0.054513
vn -0.083876 -0.000041 -0.054450
vn -0.083869 -0.000162 -0.054461
vn -0.084007 -0.000012 -0.054247
vn -0.084075 -0.000294 -0.054141
vn -0.084555 0.000024 -0.053389
vn -0.084475 -0.000461 -0.053514
vn -0.090268 -0.001338 -0.043011
vn -0.089991 -0.004115 -0.043412
vn -0.089227 -0.006457 -0.044686
vn -0.088456 -0.008630 -0.045838
vn -0.088070 -0.009656 -0.046373
vn -0.087685 -0.010646 -0.046883
vn -0.086921 -0.012519 -0.047833
vn -0.086170 -0.014262 -0.048697
vn -0.085799 -0.015087 -0.049100
vn -0.085433 -0.015884 -0.049486
vn -0.090820 -0.001637 -0.041822
vn -0.091373 -0.001995 -0.040582
vn -0.090617 -0.004984 -0.041997
vn -0.091920 -0.002428 -0.039305
vn -0.091185 -0.006067 -0.040602
vn -0.092447 -0.002959 -0.038011
vn -0.091642 -0.007440 -0.039323
vn -0.090123 -0.008988 -0.042392
vn -0.090378 -0.010671 -0.041449
vn -0.089085 -0.011566 -0.043933
vn -0.089175 -0.013424 -0.043215
vn -0.088580 -0.012742 -0.044623
vn -0.088049 -0.015790 -0.044699
vn -0.088086 -0.013851 -0.045266
vn -0.087132 -0.015886 -0.046429
vn -0.087088 -0.014119 -0.047078
vn -0.086258 -0.015919 -0.048023
vn -0.087003 -0.017839 -0.045959
vn -0.086227 -0.017706 -0.047448
vn -0.085854 -0.016761 -0.048458
vn -0.086036 -0.019628 -0.047038
vn -0.085794 -0.018545 -0.047912
vn -0.085458 -0.017568 -0.048871
vn -0.085372 -0.019341 -0.048347
vn -0.088386 0.012949 -0.044948
vn -0.088530 0.012413 -0.044816
vn -0.088678 0.011849 -0.044675
vn -0.088989 0.010622 -0.044363
vn -0.089320 0.009245 -0.044006
vn -0.089492 0.008492 -0.043806
vn -0.089670 0.007691 -0.043591
vn -0.090038 0.005924 -0.043106
vn -0.086308 0.005945 -0.050156
vn -0.086313 0.005662 -0.050180
vn -0.086317 0.005366 -0.050205
vn -0.086325 0.004729 -0.050256
vn -0.086329 0.004026 -0.050310
vn -0.086329 0.003647 -0.050338
vn -0.086328 0.003247 -0.050367
vn -0.086322 0.002377 -0.050427
vn -0.085747 0.004590 -0.051248
vn -0.085738 0.004359 -0.051284
vn -0.085727 0.004117 -0.051322
vn -0.085703 0.003600 -0.051401
vn -0.085674 0.003035 -0.051486
vn -0.085657 0.002732 -0.051531
vn -0.085638 0.002413 -0.051578
vn -0.085595 0.001726 -0.051676
vn -0.084385 0.001523 -0.053636
vn -0.084970 -0.011305 -0.051501
vn -0.085237 -0.010621 -0.051204
vn -0.085503 -0.009925 -0.050900
vn -0.086029 -0.008499 -0.050267
vn -0.086548 -0.007026 -0.049599
vn -0.086804 -0.006271 -0.049252
vn -0.087057 -0.005504 -0.048896
vn -0.087554 -0.003933 -0.048154
vn -0.090830 0.025606 -0.033080
vn -0.090613 0.023966 -0.034856
vn -0.091187 0.022919 -0.034053
vn -0.090390 0.022355 -0.036469
vn -0.090895 0.021377 -0.035791
vn -0.091940 0.019246 -0.034301
vn -0.090163 0.020774 -0.037936
vn -0.090603 0.019865 -0.037369
vn -0.091517 0.017883 -0.036123
vn -0.092471 0.015652 -0.034701
vn -0.089923 0.019249 -0.039286
vn -0.090302 0.018404 -0.038817
vn -0.091093 0.016564 -0.037785
vn -0.091924 0.014493 -0.036606
vn -0.092352 0.013359 -0.035953
vn -0.089670 0.017781 -0.040536
vn -0.089994 0.016998 -0.040152
vn -0.090670 0.015292 -0.039307
vn -0.091385 0.013373 -0.038340
vn -0.091755 0.012323 -0.037804
vn -0.092133 0.011203 -0.037228
vn -0.089405 0.016371 -0.041697
vn -0.089679 0.015646 -0.041388
vn -0.090251 0.014068 -0.040705
vn -0.090857 0.012294 -0.039923
vn -0.091172 0.011322 -0.039489
vn -0.091495 0.010287 -0.039023
vn -0.092162 0.008004 -0.037976
vn -0.085210 0.003233 -0.052237
vn -0.084726 0.002109 -0.053075
vn -0.084311 0.001127 -0.053762
vn -0.084004 0.000410 -0.054250
vn -0.083836 -0.000065 -0.054512
vn -0.083802 -0.000412 -0.054562
vn -0.083994 -0.000588 -0.054265
vn -0.085192 0.003042 -0.052279
vn -0.085151 0.002636 -0.052367
vn -0.085105 0.002196 -0.052462
vn -0.085080 0.001962 -0.052512
vn -0.085054 0.001717 -0.052564
vn -0.084995 0.001194 -0.052673
vn -0.094127 0.019284 -0.027718
vn -0.094189 0.016647 -0.029177
vn -0.094128 0.014132 -0.030661
vn -0.084682 0.001808 -0.053157
vn -0.084270 0.000910 -0.053830
vn -0.083991 0.000352 -0.054271
vn -0.083836 -0.000066 -0.054512
vn -0.083835 -0.000289 -0.054512
vn -0.084633 0.001485 -0.053245
vn -0.084607 0.001315 -0.053291
vn -0.084580 0.001138 -0.053338
vn -0.084521 0.000763 -0.053438
vn -0.087945 -0.012148 -0.046023
vn -0.094794 0.017774 -0.026425
vn -0.095454 0.016168 -0.025043
vn -0.084248 0.000797 -0.053866
vn -0.083978 0.000292 -0.054292
vn -0.083835 -0.000067 -0.054513
vn -0.088383 -0.011092 -0.045448
vn -0.088825 -0.009985 -0.044838
vn -0.089719 -0.007606 -0.043504
vn -0.094800 0.015146 -0.027993
vn -0.095236 0.011051 -0.028426
vn -0.084226 0.000680 -0.053903
vn -0.084178 0.000434 -0.053980
vn -0.096001 0.011846 -0.025367
vn -0.083950 0.000169 -0.054335
f 2020/2281/2279 2103/2282/2280 2019/2283/2281
f 2019/2283/2281 2103/2282/2280 2104/2284/2282
f 2019/2283/2281 2104/2284/2282 2091/2285/2283
f 2091/2285/2283 2104/2284/2282 2086/2286/2284
f 2091/2285/2283 2086/2286/2284 2087/2287/2285
f 2103/2282/2280 2020/2281/2279 2092/2288/2286
f 2092/2288/2286 2020/2281/2279 2021/2289/2287
f 2092/2288/2286 2021/2289/2287 2105/2290/2288
f 2105/2290/2288 2021/2289/2287 2093/2291/2289
f 2105/2290/2288 2093/2291/2289 2084/2292/2290
f 2084/2292/2290 2093/2291/2289 2083/2293/2291
f 2083/2293/2291 2093/2291/2289 2106/2294/2292
f 2083/2293/2291 2106/2294/2292 2082/2295/2293
f 2082/2295/2293 2106/2294/2292 2094/2296/2294
f 2082/2295/2293 2094/2296/2294 2081/2297/2295
f 2081/2297/2295 2094/2296/2294 2107/2298/2296
f 2081/2297/2295 2107/2298/2296 2108/2299/2297
f 2108/2299/2297 2107/2298/2296 2025/2300/2298
f 2108/2299/2297 2025/2300/2298 2026/2301/2299
f 2021/2289/2287 2022/2302/2300 2093/2291/2289
f 2093/2291/2289 2022/2302/2300 2106/2294/2292
f 2022/2302/2300 2023/2303/2301 2106/2294/2292
f 2106/2294/2292 2023/2303/2301 2094/2296/2294
f 2023/2303/2301 2024/2304/2302 2094/2296/2294
f 2094/2296/2294 2024/2304/2302 2107/2298/2296
f 2024/2304/2302 2025/2300/2298 2107/2298/2296
f 2108/2299/2297 2026/2301/2299 2109/2305/2303
f 2109/2305/2303 2026/2301/2299 2027/2306/2304
f 2109/2305/2303 2027/2306/2304 2110/2307/2305
f 2110/2307/2305 2027/2306/2304 2028/2308/2306
f 2110/2307/2305 2028/2308/2306 2111/2309/2307
f 2111/2309/2307 2028/2308/2306 2029/2310/2308
f 2111/2309/2307 2029/2310/2308 2030/2311/2309
f 2111/2309/2307 2030/2311/2309 2112/2312/2310
f 2112/2312/2310 2030/2311/2309 2031/2313/2311
f 2112/2312/2310 2031/2313/2311 2095/2314/2312
f 2095/2314/2312 2031/2313/2311 2032/2315/2313
f 2095/2314/2312 2032/2315/2313 2096/2316/2314
f 2096/2316/2314 2032/2315/2313 2033/2317/2315
f 2096/2316/2314 2033/2317/2315 2113/2318/2316
f 2113/2318/2316 2033/2317/2315 2034/2319/2317
f 2113/2318/2316 2034/2319/2317 2114/2320/2318
f 2114/2320/2318 2034/2319/2317 2035/2321/2319
f 2114/2320/2318 2035/2321/2319 2115/2322/2320
f 2115/2322/2320 2035/2321/2319 2036/2323/2321
f 2115/2322/2320 2036/2323/2321 2097/2324/2322
f 2097/2324/2322 2036/2323/2321 2037/2325/2323
f 2097/2324/2322 2037/2325/2323 2116/2326/2324
f 2116/2326/2324 2037/2325/2323 2038/2327/2325
f 2116/2326/2324 2038/2327/2325 2117/2328/2326
f 2117/2328/2326 2038/2327/2325 2039/2329/2327
f 2117/2328/2326 2039/2329/2327 2099/2330/2328
f 2099/2330/2328 2039/2329/2327 2040/2331/2329
f 2099/2330/2328 2040/2331/2329 2098/2332/2330
f 2098/2332/2330 2040/2331/2329 2118/2333/2331
f 2098/2332/2330 2118/2333/2331 2066/2334/2332
f 2066/2334/2332 2118/2333/2331 2119/2335/2333
f 2066/2334/2332 2119/2335/2333 2065/2336/2334
f 2065/2336/2334 2119/2335/2333 2120/2337/2335
f 2065/2336/2334 2120/2337/2335 2064/2338/2336
f 2064/2338/2336 2120/2337/2335 2121/2339/2337
f 2064/2338/2336 2121/2339/2337 2063/2340/2338
f 2063/2340/2338 2121/2339/2337 2100/2341/2339
f 2063/2340/2338 2100/2341/2339 2062/2342/2340
f 2062/2342/2340 2100/2341/2339 2122/2343/2341
f 2062/2342/2340 2122/2343/2341 2123/2344/2342
f 2123/2344/2342 2122/2343/2341 2046/2345/2343
f 2123/2344/2342 2046/2345/2343 2101/2346/2344
f 2101/2346/2344 2046/2345/2343 2047/2347/2345
f 2101/2346/2344 2047/2347/2345 2102/2348/2346
f 2102/2348/2346 2047/2347/2345 2048/2349/2347
f 2102/2348/2346 2048/2349/2347 2124/2350/2348
f 2124/2350/2348 2048/2349/2347 2049/2351/2349
f 2124/2350/2348 2049/2351/2349 2125/2352/2350
f 2125/2352/2350 2049/2351/2349 2050/2353/2351
f 2125/2352/2350 2050/2353/2351 2126/2354/2352
f 2126/2354/2352 2050/2353/2351 2051/2355/2353
f 2126/2354/2352 2051/2355/2353 2052/2356/2354
f 2040/2331/2329 2041/2357/2355 2118/2333/2331
f 2118/2333/2331 2041/2357/2355 2119/2335/2333
f 2041/2357/2355 2042/2358/2356 2119/2335/2333
f 2119/2335/2333 2042/2358/2356 2120/2337/2335
f 2042/2358/2356 2043/2359/2357 2120/2337/2335
f 2120/2337/2335 2043/2359/2357 2121/2339/2337
f 2043/2359/2357 2044/2360/2358 2121/2339/2337
f 2121/2339/2337 2044/2360/2358 2100/2341/2339
f 2044/2360/2358 2045/2361/2359 2100/2341/2339
f 2100/2341/2339 2045/2361/2359 2122/2343/2341
f 2045/2361/2359 2046/2345/2343 2122/2343/2341
f 2126/2354/2352 2052/2356/2354 2057/2362/2360
f 2057/2362/2360 2052/2356/2354 2053/2363/2361
f 2057/2362/2360 2053/2363/2361 2054/2364/2362
f 2054/2364/2362 2055/2365/2363 2057/2362/2360
f 2057/2362/2360 2055/2365/2363 2056/2366/2364
f 2057/2362/2360 2058/2367/2365 2126/2354/2352
f 2126/2354/2352 2058/2367/2365 2125/2352/2350
f 2058/2367/2365 2059/2368/2366 2125/2352/2350
f 2125/2352/2350 2059/2368/2366 2124/2350/2348
f 2124/2350/2348 2059/2368/2366 2102/2348/2346
f 2102/2348/2346 2059/2368/2366 2060/2369/2367
f 2102/2348/2346 2060/2369/2367 2101/2346/2344
f 2101/2346/2344 2060/2369/2367 2061/2370/2368
f 2101/2346/2344 2061/2370/2368 2123/2344/2342
f 2123/2344/2342 2061/2370/2368 2062/2342/2340
f 2066/2334/2332 2067/2371/2369 2098/2332/2330
f 2098/2332/2330 2067/2371/2369 2099/2330/2328
f 2067/2371/2369 2068/2372/2370 2099/2330/2328
f 2099/2330/2328 2068/2372/2370 2117/2328/2326
f 2068/2372/2370 2069/2373/2371 2117/2328/2326
f 2117/2328/2326 2069/2373/2371 2116/2326/2324
f 2069/2373/2371 2070/2374/2372 2116/2326/2324
f 2116/2326/2324 2070/2374/2372 2097/2324/2322
f 2070/2374/2372 2071/2375/2373 2097/2324/2322
f 2097/2324/2322 2071/2375/2373 2115/2322/2320
f 2115/2322/2320 2071/2375/2373 2114/2320/2318
f 2114/2320/2318 2071/2375/2373 2072/2376/2374
f 2114/2320/2318 2072/2376/2374 2073/2377/2375
f 2114/2320/2318 2073/2377/2375 2113/2318/2316
f 2113/2318/2316 2073/2377/2375 2074/2378/2376
f 2113/2318/2316 2074/2378/2376 2096/2316/2314
f 2096/2316/2314 2074/2378/2376 2095/2314/2312
f 2074/2378/2376 2075/2379/2377 2095/2314/2312
f 2095/2314/2312 2075/2379/2377 2112/2312/2310
f 2075/2379/2377 2076/2380/2378 2112/2312/2310
f 2112/2312/2310 2076/2380/2378 2111/2309/2307
f 2076/2380/2378 2077/2381/2379 2111/2309/2307
f 2111/2309/2307 2077/2381/2379 2110/2307/2305
f 2077/2381/2379 2078/2382/2380 2110/2307/2305
f 2110/2307/2305 2078/2382/2380 2109/2305/2303
f 2078/2382/2380 2079/2383/2381 2109/2305/2303
f 2109/2305/2303 2079/2383/2381 2108/2299/2297
f 2079/2383/2381 2080/2384/2382 2108/2299/2297
f 2108/2299/2297 2080/2384/2382 2081/2297/2295
f 2105/2290/2288 2084/2292/2290 2092/2288/2286
f 2092/2288/2286 2084/2292/2290 2085/2385/2383
f 2092/2288/2286 2085/2385/2383 2103/2282/2280
f 2103/2282/2280 2085/2385/2383 2086/2286/2284
f 2103/2282/2280 2086/2286/2284 2104/2284/2282
f 2088/2386/2384 2089/2387/2385 2087/2287/2285
f 2087/2287/2285 2089/2387/2385 2090/2388/2386
f 2087/2287/2285 2090/2388/2386 2091/2285/2283
f 2091/2285/2283 2090/2388/2386 2019/2283/2281
f 2128/2389/2387 2192/2390/2388 2127/2391/2389
f 2127/2391/2389 2192/2390/2388 2193/2392/2390
f 2127/2391/2389 2193/2392/2390 2194/2393/2391
f 2194/2393/2391 2193/2392/2390 2198/2394/2392
f 2194/2393/2391 2198/2394/2392 2199/2395/2393
f 2199/2395/2393 2198/2394/2392 2203/2396/2394
f 2199/2395/2393 2203/2396/2394 2187/2397/2395
f 2187/2397/2395 2203/2396/2394 2186/2398/2396
f 2186/2398/2396 2203/2396/2394 2207/2399/2397
f 2186/2398/2396 2207/2399/2397 2185/2400/2398
f 2185/2400/2398 2207/2399/2397 2211/2401/2399
f 2185/2400/2398 2211/2401/2399 2184/2402/2400
f 2184/2402/2400 2211/2401/2399 2183/2403/2401
f 2183/2403/2401 2211/2401/2399 2215/2404/2402
f 2183/2403/2401 2215/2404/2402 2182/2405/2403
f 2182/2405/2403 2215/2404/2402 2219/2406/2404
f 2182/2405/2403 2219/2406/2404 2181/2407/2405
f 2181/2407/2405 2219/2406/2404 2223/2408/2406
f 2181/2407/2405 2223/2408/2406 2180/2409/2407
f 2180/2409/2407 2223/2408/2406 2227/2410/2408
f 2180/2409/2407 2227/2410/2408 2179/2411/2409
f 2179/2411/2409 2227/2410/2408 2231/2412/2410
f 2179/2411/2409 2231/2412/2410 2178/2413/2411
f 2178/2413/2411 2231/2412/2410 2235/2414/2412
f 2178/2413/2411 2235/2414/2412 2177/2415/2413
f 2177/2415/2413 2235/2414/2412 2239/2416/2414
f 2177/2415/2413 2239/2416/2414 2176/2417/2415
f 2176/2417/2415 2239/2416/2414 2191/2418/2416
f 2176/2417/2415 2191/2418/2416 2175/2419/2417
f 2175/2419/2417 2191/2418/2416 2246/2420/2418
f 2175/2419/2417 2246/2420/2418 2250/2421/2419
f 2250/2421/2419 2246/2420/2418 2245/2422/2420
f 2250/2421/2419 2245/2422/2420 2249/2423/2421
f 2249/2423/2421 2245/2422/2420 2244/2424/2422
f 2249/2423/2421 2244/2424/2422 2248/2425/2423
f 2248/2425/2423 2244/2424/2422 2243/2426/2424
f 2248/2425/2423 2243/2426/2424 2247/2427/2425
f 2247/2427/2425 2243/2426/2424 2143/2428/2426
f 2247/2427/2425 2143/2428/2426 2144/2429/2427
f 2192/2390/2388 2128/2389/2387 2196/2430/2428
f 2196/2430/2428 2128/2389/2387 2129/2431/2429
f 2196/2430/2428 2129/2431/2429 2200/2432/2430
f 2200/2432/2430 2129/2431/2429 2130/2433/2431
f 2200/2432/2430 2130/2433/2431 2131/2434/2432
f 2200/2432/2430 2131/2434/2432 2204/2435/2433
f 2204/2435/2433 2131/2434/2432 2132/2436/2434
f 2204/2435/2433 2132/2436/2434 2208/2437/2435
f 2208/2437/2435 2132/2436/2434 2133/2438/2436
f 2208/2437/2435 2133/2438/2436 2212/2439/2437
f 2212/2439/2437 2133/2438/2436 2134/2440/2438
f 2212/2439/2437 2134/2440/2438 2135/2441/2439
f 2212/2439/2437 2135/2441/2439 2216/2442/2440
f 2216/2442/2440 2135/2441/2439 2136/2443/2441
f 2216/2442/2440 2136/2443/2441 2220/2444/2442
f 2220/2444/2442 2136/2443/2441 2137/2445/2443
f 2220/2444/2442 2137/2445/2443 2224/2446/2444
f 2224/2446/2444 2137/2445/2443 2138/2447/2445
f 2224/2446/2444 2138/2447/2445 2228/2448/2446
f 2228/2448/2446 2138/2447/2445 2139/2449/2447
f 2228/2448/2446 2139/2449/2447 2232/2450/2448
f 2232/2450/2448 2139/2449/2447 2140/2451/2449
f 2232/2450/2448 2140/2451/2449 2236/2452/2450
f 2236/2452/2450 2140/2451/2449 2141/2453/2451
f 2236/2452/2450 2141/2453/2451 2240/2454/2452
f 2240/2454/2452 2141/2453/2451 2142/2455/2453
f 2240/2454/2452 2142/2455/2453 2243/2426/2424
f 2243/2426/2424 2142/2455/2453 2143/2428/2426
f 2247/2427/2425 2144/2429/2427 2251/2456/2454
f 2251/2456/2454 2144/2429/2427 2145/2457/2455
f 2251/2456/2454 2145/2457/2455 2255/2458/2456
f 2255/2458/2456 2145/2457/2455 2146/2459/2457
f 2255/2458/2456 2146/2459/2457 2259/2460/2458
f 2259/2460/2458 2146/2459/2457 2147/2461/2459
f 2259/2460/2458 2147/2461/2459 2263/2462/2460
f 2263/2462/2460 2147/2461/2459 2148/2463/2461
f 2263/2462/2460 2148/2463/2461 2267/2464/2462
f 2267/2464/2462 2148/2463/2461 2149/2465/2463
f 2267/2464/2462 2149/2465/2463 2271/2466/2464
f 2271/2466/2464 2149/2465/2463 2150/2467/2465
f 2271/2466/2464 2150/2467/2465 2275/2468/2466
f 2275/2468/2466 2150/2467/2465 2151/2469/2467
f 2275/2468/2466 2151/2469/2467 2279/2470/2468
f 2279/2470/2468 2151/2469/2467 2152/2471/2469
f 2279/2470/2468 2152/2471/2469 2153/2472/2470
f 2279/2470/2468 2153/2472/2470 2283/2473/2471
f 2283/2473/2471 2153/2472/2470 2154/2474/2472
f 2283/2473/2471 2154/2474/2472 2287/2475/2473
f 2287/2475/2473 2154/2474/2472 2155/2476/2474
f 2287/2475/2473 2155/2476/2474 2291/2477/2475
f 2291/2477/2475 2155/2476/2474 2156/2478/2476
f 2291/2477/2475 2156/2478/2476 2295/2479/2477
f 2295/2479/2477 2156/2478/2476 2157/2480/2478
f 2295/2479/2477 2157/2480/2478 2299/2481/2479
f 2299/2481/2479 2157/2480/2478 2158/2482/2480
f 2299/2481/2479 2158/2482/2480 2303/2483/2481
f 2303/2483/2481 2158/2482/2480 2019/2484/2482
f 2303/2483/2481 2019/2484/2482 2307/2485/2483
f 2307/2485/2483 2019/2484/2482 2090/2486/2484
f 2307/2485/2483 2090/2486/2484 2308/2487/2485
f 2308/2487/2485 2090/2486/2484 2311/2488/2486
f 2308/2487/2485 2311/2488/2486 2309/2489/2487
f 2309/2489/2487 2311/2488/2486 2312/2490/2488
f 2309/2489/2487 2312/2490/2488 2310/2491/2489
f 2310/2491/2489 2312/2490/2488 2159/2492/2490
f 2310/2491/2489 2159/2492/2490 2160/2493/2491
f 2090/2486/2484 2089/2494/2492 2311/2488/2486
f 2311/2488/2486 2089/2494/2492 2312/2490/2488
f 2088/2495/2493 2159/2492/2490 2089/2494/2492
f 2089/2494/2492 2159/2492/2490 2312/2490/2488
f 2310/2491/2489 2160/2493/2491 2306/2496/2494
f 2306/2496/2494 2160/2493/2491 2161/2497/2495
f 2306/2496/2494 2161/2497/2495 2302/2498/2496
f 2302/2498/2496 2161/2497/2495 2162/2499/2497
f 2302/2498/2496 2162/2499/2497 2298/2500/2498
f 2298/2500/2498 2162/2499/2497 2163/2501/2499
f 2298/2500/2498 2163/2501/2499 2294/2502/2500
f 2294/2502/2500 2163/2501/2499 2164/2503/2501
f 2294/2502/2500 2164/2503/2501 2290/2504/2502
f 2290/2504/2502 2164/2503/2501 2165/2505/2503
f 2290/2504/2502 2165/2505/2503 2286/2506/2504
f 2286/2506/2504 2165/2505/2503 2166/2507/2505
f 2286/2506/2504 2166/2507/2505 2282/2508/2506
f 2282/2508/2506 2166/2507/2505 2167/2509/2507
f 2282/2508/2506 2167/2509/2507 2278/2510/2508
f 2278/2510/2508 2167/2509/2507 2168/2511/2509
f 2278/2510/2508 2168/2511/2509 2274/2512/2510
f 2274/2512/2510 2168/2511/2509 2169/2513/2511
f 2274/2512/2510 2169/2513/2511 2270/2514/2512
f 2270/2514/2512 2169/2513/2511 2170/2515/2513
f 2270/2514/2512 2170/2515/2513 2266/2516/2514
f 2266/2516/2514 2170/2515/2513 2171/2517/2515
f 2266/2516/2514 2171/2517/2515 2262/2518/2516
f 2262/2518/2516 2171/2517/2515 2172/2519/2517
f 2262/2518/2516 2172/2519/2517 2258/2520/2518
f 2258/2520/2518 2172/2519/2517 2254/2521/2519
f 2258/2520/2518 2254/2521/2519 2253/2522/2520
f 2253/2522/2520 2254/2521/2519 2249/2423/2421
f 2253/2522/2520 2249/2423/2421 2248/2425/2423
f 2172/2519/2517 2173/2523/2521 2254/2521/2519
f 2254/2521/2519 2173/2523/2521 2250/2421/2419
f 2254/2521/2519 2250/2421/2419 2249/2423/2421
f 2173/2523/2521 2174/2524/2522 2250/2421/2419
f 2250/2421/2419 2174/2524/2522 2175/2419/2417
f 2187/2397/2395 2188/2525/2523 2199/2395/2393
f 2199/2395/2393 2188/2525/2523 2195/2526/2524
f 2199/2395/2393 2195/2526/2524 2194/2393/2391
f 2194/2393/2391 2195/2526/2524 2189/2527/2525
f 2194/2393/2391 2189/2527/2525 2127/2391/2389
f 2127/2391/2389 2189/2527/2525 2190/2528/2526
f 2188/2525/2523 2189/2527/2525 2195/2526/2524
f 2193/2392/2390 2192/2390/2388 2197/2529/2527
f 2197/2529/2527 2192/2390/2388 2196/2430/2428
f 2197/2529/2527 2196/2430/2428 2201/2530/2528
f 2201/2530/2528 2196/2430/2428 2200/2432/2430
f 2201/2530/2528 2200/2432/2430 2205/2531/2529
f 2205/2531/2529 2200/2432/2430 2204/2435/2433
f 2205/2531/2529 2204/2435/2433 2209/2532/2530
f 2209/2532/2530 2204/2435/2433 2208/2437/2435
f 2209/2532/2530 2208/2437/2435 2213/2533/2531
f 2213/2533/2531 2208/2437/2435 2212/2439/2437
f 2213/2533/2531 2212/2439/2437 2217/2534/2532
f 2217/2534/2532 2212/2439/2437 2216/2442/2440
f 2217/2534/2532 2216/2442/2440 2221/2535/2533
f 2221/2535/2533 2216/2442/2440 2220/2444/2442
f 2221/2535/2533 2220/2444/2442 2225/2536/2534
f 2225/2536/2534 2220/2444/2442 2224/2446/2444
f 2225/2536/2534 2224/2446/2444 2229/2537/2535
f 2229/2537/2535 2224/2446/2444 2228/2448/2446
f 2229/2537/2535 2228/2448/2446 2233/2538/2536
f 2233/2538/2536 2228/2448/2446 2232/2450/2448
f 2233/2538/2536 2232/2450/2448 2237/2539/2537
f 2237/2539/2537 2232/2450/2448 2236/2452/2450
f 2237/2539/2537 2236/2452/2450 2241/2540/2538
f 2241/2540/2538 2236/2452/2450 2240/2454/2452
f 2241/2540/2538 2240/2454/2452 2244/2424/2422
f 2244/2424/2422 2240/2454/2452 2243/2426/2424
f 2193/2392/2390 2197/2529/2527 2198/2394/2392
f 2198/2394/2392 2197/2529/2527 2202/2541/2539
f 2198/2394/2392 2202/2541/2539 2203/2396/2394
f 2203/2396/2394 2202/2541/2539 2207/2399/2397
f 2202/2541/2539 2197/2529/2527 2201/2530/2528
f 2202/2541/2539 2201/2530/2528 2206/2542/2540
f 2206/2542/2540 2201/2530/2528 2205/2531/2529
f 2206/2542/2540 2205/2531/2529 2210/2543/2541
f 2210/2543/2541 2205/2531/2529 2209/2532/2530
f 2210/2543/2541 2209/2532/2530 2214/2544/2542
f 2214/2544/2542 2209/2532/2530 2213/2533/2531
f 2214/2544/2542 2213/2533/2531 2218/2545/2543
f 2218/2545/2543 2213/2533/2531 2217/2534/2532
f 2218/2545/2543 2217/2534/2532 2222/2546/2544
f 2222/2546/2544 2217/2534/2532 2221/2535/2533
f 2222/2546/2544 2221/2535/2533 2226/2547/2545
f 2226/2547/2545 2221/2535/2533 2225/2536/2534
f 2226/2547/2545 2225/2536/2534 2230/2548/2546
f 2230/2548/2546 2225/2536/2534 2229/2537/2535
f 2230/2548/2546 2229/2537/2535 2234/2549/2547
f 2234/2549/2547 2229/2537/2535 2233/2538/2536
f 2234/2549/2547 2233/2538/2536 2238/2550/2548
f 2238/2550/2548 2233/2538/2536 2237/2539/2537
f 2238/2550/2548 2237/2539/2537 2242/2551/2549
f 2242/2551/2549 2237/2539/2537 2241/2540/2538
f 2242/2551/2549 2241/2540/2538 2245/2422/2420
f 2245/2422/2420 2241/2540/2538 2244/2424/2422
f 2211/2401/2399 2207/2399/2397 2206/2542/2540
f 2206/2542/2540 2207/2399/2397 2202/2541/2539
f 2211/2401/2399 2206/2542/2540 2210/2543/2541
f 2215/2404/2402 2211/2401/2399 2210/2543/2541
f 2215/2404/2402 2210/2543/2541 2214/2544/2542
f 2219/2406/2404 2215/2404/2402 2214/2544/2542
f 2219/2406/2404 2214/2544/2542 2218/2545/2543
f 2223/2408/2406 2219/2406/2404 2218/2545/2543
f 2223/2408/2406 2218/2545/2543 2222/2546/2544
f 2227/2410/2408 2223/2408/2406 2222/2546/2544
f 2227/2410/2408 2222/2546/2544 2226/2547/2545
f 2231/2412/2410 2227/2410/2408 2226/2547/2545
f 2231/2412/2410 2226/2547/2545 2230/2548/2546
f 2235/2414/2412 2231/2412/2410 2230/2548/2546
f 2235/2414/2412 2230/2548/2546 2234/2549/2547
f 2239/2416/2414 2235/2414/2412 2234/2549/2547
f 2239/2416/2414 2234/2549/2547 2238/2550/2548
f 2191/2418/2416 2239/2416/2414 2238/2550/2548
f 2191/2418/2416 2238/2550/2548 2242/2551/2549
f 2246/2420/2418 2191/2418/2416 2242/2551/2549
f 2246/2420/2418 2242/2551/2549 2245/2422/2420
f 2248/2425/2423 2247/2427/2425 2252/2552/2550
f 2252/2552/2550 2247/2427/2425 2251/2456/2454
f 2252/2552/2550 2251/2456/2454 2256/2553/2551
f 2256/2553/2551 2251/2456/2454 2255/2458/2456
f 2256/2553/2551 2255/2458/2456 2260/2554/2552
f 2260/2554/2552 2255/2458/2456 2259/2460/2458
f 2260/2554/2552 2259/2460/2458 2264/2555/2553
f 2264/2555/2553 2259/2460/2458 2263/2462/2460
f 2264/2555/2553 2263/2462/2460 2268/2556/2554
f 2268/2556/2554 2263/2462/2460 2267/2464/2462
f 2268/2556/2554 2267/2464/2462 2272/2557/2555
f 2272/2557/2555 2267/2464/2462 2271/2466/2464
f 2272/2557/2555 2271/2466/2464 2276/2558/2556
f 2276/2558/2556 2271/2466/2464 2275/2468/2466
f 2276/2558/2556 2275/2468/2466 2279/2470/2468
f 2248/2425/2423 2252/2552/2550 2253/2522/2520
f 2253/2522/2520 2252/2552/2550 2257/2559/2557
f 2253/2522/2520 2257/2559/2557 2258/2520/2518
f 2258/2520/2518 2257/2559/2557 2262/2518/2516
f 2257/2559/2557 2252/2552/2550 2256/2553/2551
f 2257/2559/2557 2256/2553/2551 2261/2560/2558
f 2261/2560/2558 2256/2553/2551 2260/2554/2552
f 2261/2560/2558 2260/2554/2552 2265/2561/2559
f 2265/2561/2559 2260/2554/2552 2264/2555/2553
f 2265/2561/2559 2264/2555/2553 2269/2562/2560
f 2269/2562/2560 2264/2555/2553 2268/2556/2554
f 2269/2562/2560 2268/2556/2554 2273/2563/2561
f 2273/2563/2561 2268/2556/2554 2272/2557/2555
f 2273/2563/2561 2272/2557/2555 2277/2564/2562
f 2277/2564/2562 2272/2557/2555 2276/2558/2556
f 2277/2564/2562 2276/2558/2556 2280/2565/2563
f 2280/2565/2563 2276/2558/2556 2279/2470/2468
f 2280/2565/2563 2279/2470/2468 2284/2566/2564
f 2284/2566/2564 2279/2470/2468 2283/2473/2471
f 2284/2566/2564 2283/2473/2471 2288/2567/2565
f 2288/2567/2565 2283/2473/2471 2287/2475/2473
f 2288/2567/2565 2287/2475/2473 2292/2568/2566
f 2292/2568/2566 2287/2475/2473 2291/2477/2475
f 2292/2568/2566 2291/2477/2475 2296/2569/2567
f 2296/2569/2567 2291/2477/2475 2295/2479/2477
f 2296/2569/2567 2295/2479/2477 2300/2570/2568
f 2300/2570/2568 2295/2479/2477 2299/2481/2479
f 2300/2570/2568 2299/2481/2479 2304/2571/2569
f 2304/2571/2569 2299/2481/2479 2303/2483/2481
f 2304/2571/2569 2303/2483/2481 2308/2487/2485
f 2308/2487/2485 2303/2483/2481 2307/2485/2483
f 2266/2516/2514 2262/2518/2516 2261/2560/2558
f 2261/2560/2558 2262/2518/2516 2257/2559/2557
f 2266/2516/2514 2261/2560/2558 2265/2561/2559
f 2270/2514/2512 2266/2516/2514 2265/2561/2559
f 2270/2514/2512 2265/2561/2559 2269/2562/2560
f 2274/2512/2510 2270/2514/2512 2269/2562/2560
f 2274/2512/2510 2269/2562/2560 2273/2563/2561
f 2278/2510/2508 2274/2512/2510 2273/2563/2561
f 2278/2510/2508 2273/2563/2561 2277/2564/2562
f 2278/2510/2508 2277/2564/2562 2281/2572/2570
f 2281/2572/2570 2277/2564/2562 2280/2565/2563
f 2281/2572/2570 2280/2565/2563 2285/2573/2571
f 2285/2573/2571 2280/2565/2563 2284/2566/2564
f 2285/2573/2571 2284/2566/2564 2289/2574/2572
f 2289/2574/2572 2284/2566/2564 2288/2567/2565
f 2289/2574/2572 2288/2567/2565 2293/2575/2573
f 2293/2575/2573 2288/2567/2565 2292/2568/2566
f 2293/2575/2573 2292/2568/2566 2297/2576/2574
f 2297/2576/2574 2292/2568/2566 2296/2569/2567
f 2297/2576/2574 2296/2569/2567 2301/2577/2575
f 2301/2577/2575 2296/2569/2567 2300/2570/2568
f 2301/2577/2575 2300/2570/2568 2305/2578/2576
f 2305/2578/2576 2300/2570/2568 2304/2571/2569
f 2305/2578/2576 2304/2571/2569 2309/2489/2487
f 2309/2489/2487 2304/2571/2569 2308/2487/2485
f 2286/2506/2504 2282/2508/2506 2281/2572/2570
f 2281/2572/2570 2282/2508/2506 2278/2510/2508
f 2286/2506/2504 2281/2572/2570 2285/2573/2571
f 2290/2504/2502 2286/2506/2504 2285/2573/2571
f 2290/2504/2502 2285/2573/2571 2289/2574/2572
f 2294/2502/2500 2290/2504/2502 2289/2574/2572
f 2294/2502/2500 2289/2574/2572 2293/2575/2573
f 2298/2500/2498 2294/2502/2500 2293/2575/2573
f 2298/2500/2498 2293/2575/2573 2297/2576/2574
f 2302/2498/2496 2298/2500/2498 2297/2576/2574
f 2302/2498/2496 2297/2576/2574 2301/2577/2575
f 2306/2496/2494 2302/2498/2496 2301/2577/2575
f 2306/2496/2494 2301/2577/2575 2305/2578/2576
f 2310/2491/2489 2306/2496/2494 2305/2578/2576
f 2310/2491/2489 2305/2578/2576 2309/2489/2487
f 2190/2579/2577 2313/2580/2578 2127/2581/2579
f 2127/2581/2579 2313/2580/2578 2052/2582/2580
f 2127/2581/2579 2052/2582/2580 2051/2583/2581
f 2056/2584/2582 2055/2585/2583 2313/2580/2578
f 2313/2580/2578 2055/2585/2583 2054/2586/2584
f 2313/2580/2578 2054/2586/2584 2053/2587/2585
f 2053/2587/2585 2052/2582/2580 2313/2580/2578
f 2127/2588/2586 2051/2589/2587 2128/2590/2588
f 2128/2590/2588 2051/2589/2587 2050/2591/2589
f 2128/2590/2588 2050/2591/2589 2129/2592/2590
f 2129/2592/2590 2050/2591/2589 2049/2593/2591
f 2129/2592/2590 2049/2593/2591 2130/2594/2592
f 2130/2594/2592 2049/2593/2591 2048/2595/2593
f 2130/2594/2592 2048/2595/2593 2131/2596/2594
f 2131/2596/2594 2048/2595/2593 2132/2597/2595
f 2132/2597/2595 2048/2595/2593 2133/2598/2596
f 2133/2598/2596 2048/2595/2593 2134/2599/2597
f 2134/2599/2597 2048/2595/2593 2135/2600/2598
f 2135/2600/2598 2048/2595/2593 2136/2601/2599
f 2136/2601/2599 2048/2595/2593 2137/2602/2600
f 2137/2602/2600 2048/2595/2593 2138/2603/2601
f 2138/2603/2601 2048/2595/2593 2139/2604/2602
f 2139/2604/2602 2048/2595/2593 2140/2605/2603
f 2140/2605/2603 2048/2595/2593 2141/2606/2604
f 2141/2606/2604 2048/2595/2593 2142/2607/2605
f 2142/2607/2605 2048/2595/2593 2047/2608/2606
f 2142/2607/2605 2047/2608/2606 2046/2609/2607
f 2046/2609/2607 2045/2610/2608 2142/2607/2605
f 2142/2607/2605 2045/2610/2608 2044/2611/2609
f 2142/2607/2605 2044/2611/2609 2043/2612/2610
f 2043/2612/2610 2042/2613/2611 2142/2607/2605
f 2142/2607/2605 2042/2613/2611 2041/2614/2612
f 2142/2607/2605 2041/2614/2612 2040/2615/2613
f 2040/2615/2613 2039/2616/2614 2142/2607/2605
f 2142/2607/2605 2039/2616/2614 2038/2617/2615
f 2142/2607/2605 2038/2617/2615 2037/2618/2616
f 2037/2618/2616 2036/2619/2617 2142/2607/2605
f 2142/2607/2605 2036/2619/2617 2143/2620/2618
f 2143/2620/2618 2036/2619/2617 2035/2621/2619
f 2143/2620/2618 2035/2621/2619 2144/2622/2620
f 2144/2622/2620 2035/2621/2619 2034/2623/2621
f 2144/2622/2620 2034/2623/2621 2145/2624/2622
f 2145/2624/2622 2034/2623/2621 2033/2625/2623
f 2145/2624/2622 2033/2625/2623 2146/2626/2624
f 2146/2626/2624 2033/2625/2623 2032/2627/2625
f 2146/2626/2624 2032/2627/2625 2147/2628/2626
f 2147/2628/2626 2032/2627/2625 2031/2629/2627
f 2147/2628/2626 2031/2629/2627 2148/2630/2628
f 2148/2630/2628 2031/2629/2627 2030/2631/2629
f 2148/2630/2628 2030/2631/2629 2149/2632/2630
f 2149/2632/2630 2030/2631/2629 2029/2633/2631
f 2149/2632/2630 2029/2633/2631 2150/2634/2632
f 2150/2634/2632 2029/2633/2631 2028/2635/2633
f 2150/2634/2632 2028/2635/2633 2151/2636/2634
f 2151/2636/2634 2028/2635/2633 2027/2637/2635
f 2151/2636/2634 2027/2637/2635 2152/2638/2636
f 2152/2638/2636 2027/2637/2635 2026/2639/2637
f 2152/2638/2636 2026/2639/2637 2153/2640/2638
f 2153/2640/2638 2026/2639/2637 2025/2641/2639
f 2153/2640/2638 2025/2641/2639 2154/2642/2640
f 2154/2642/2640 2025/2641/2639 2024/2643/2641
f 2154/2642/2640 2024/2643/2641 2155/2644/2642
f 2155/2644/2642 2024/2643/2641 2023/2645/2643
f 2155/2644/2642 2023/2645/2643 2156/2646/2644
f 2156/2646/2644 2023/2645/2643 2022/2647/2645
f 2156/2646/2644 2022/2647/2645 2157/2648/2646
f 2157/2648/2646 2022/2647/2645 2021/2649/2647
f 2157/2648/2646 2021/2649/2647 2158/2650/2648
f 2158/2650/2648 2021/2649/2647 2020/2651/2649
f 2158/2650/2648 2020/2651/2649 2019/2652/2650
f 2314/2653/2651 2315/2654/2652 2405/2655/2653
f 2405/2655/2653 2315/2654/2652 2404/2656/2654
f 2404/2656/2654 2315/2654/2652 2316/2657/2655
f 2404/2656/2654 2316/2657/2655 2391/2658/2656
f 2391/2658/2656 2316/2657/2655 2329/2659/2657
f 2391/2658/2656 2329/2659/2657 2360/2660/2658
f 2360/2660/2658 2329/2659/2657 2359/2661/2659
f 2359/2661/2659 2329/2659/2657 2358/2662/2660
f 2358/2662/2660 2329/2659/2657 2357/2663/2661
f 2357/2663/2661 2329/2659/2657 2330/2664/2662
f 2357/2663/2661 2330/2664/2662 2356/2665/2663
f 2356/2665/2663 2330/2664/2662 2355/2666/2664
f 2355/2666/2664 2330/2664/2662 2354/2667/2665
f 2354/2667/2665 2330/2664/2662 2353/2668/2666
f 2353/2668/2666 2330/2664/2662 2331/2669/2667
f 2353/2668/2666 2331/2669/2667 2352/2670/2668
f 2352/2670/2668 2331/2669/2667 2351/2671/2669
f 2351/2671/2669 2331/2669/2667 2332/2672/2670
f 2351/2671/2669 2332/2672/2670 2350/2673/2671
f 2350/2673/2671 2332/2672/2670 2349/2674/2672
f 2349/2674/2672 2332/2672/2670 2333/2675/2673
f 2349/2674/2672 2333/2675/2673 2348/2676/2674
f 2348/2676/2674 2333/2675/2673 2347/2677/2675
f 2347/2677/2675 2333/2675/2673 2334/2678/2676
f 2347/2677/2675 2334/2678/2676 2346/2679/2677
f 2346/2679/2677 2334/2678/2676 2345/2680/2678
f 2345/2680/2678 2334/2678/2676 2344/2681/2679
f 2344/2681/2679 2334/2678/2676 2343/2682/2680
f 2343/2682/2680 2334/2678/2676 2342/2683/2681
f 2342/2683/2681 2334/2678/2676 2341/2684/2682
f 2341/2684/2682 2334/2678/2676 2340/2685/2683
f 2340/2685/2683 2334/2678/2676 2339/2686/2684
f 2339/2686/2684 2334/2678/2676 2338/2687/2685
f 2338/2687/2685 2334/2678/2676 2337/2688/2686
f 2337/2688/2686 2334/2678/2676 2336/2689/2687
f 2336/2689/2687 2334/2678/2676 2335/2690/2688
f 2316/2657/2655 2317/2691/2689 2329/2659/2657
f 2329/2659/2657 2317/2691/2689 2328/2692/2690
f 2328/2692/2690 2317/2691/2689 2318/2693/2691
f 2328/2692/2690 2318/2693/2691 2327/2694/2692
f 2327/2694/2692 2318/2693/2691 2319/2695/2693
f 2327/2694/2692 2319/2695/2693 2326/2696/2694
f 2326/2696/2694 2319/2695/2693 2325/2697/2695
f 2325/2697/2695 2319/2695/2693 2320/2698/2696
f 2325/2697/2695 2320/2698/2696 2324/2699/2697
f 2324/2699/2697 2320/2698/2696 2323/2700/2698
f 2323/2700/2698 2320/2698/2696 2321/2701/2699
f 2323/2700/2698 2321/2701/2699 2322/2702/2700
f 2360/2660/2658 2361/2703/2701 2391/2658/2656
f 2391/2658/2656 2361/2703/2701 2362/2704/2702
f 2391/2658/2656 2362/2704/2702 2363/2705/2703
f 2391/2658/2656 2363/2705/2703 2390/2706/2704
f 2390/2706/2704 2363/2705/2703 2364/2707/2705
f 2390/2706/2704 2364/2707/2705 2365/2708/2706
f 2365/2708/2706 2366/2709/2707 2390/2706/2704
f 2390/2706/2704 2366/2709/2707 2367/2710/2708
f 2390/2706/2704 2367/2710/2708 2389/2711/2709
f 2389/2711/2709 2367/2710/2708 2368/2712/2710
f 2389/2711/2709 2368/2712/2710 2369/2713/2711
f 2389/2711/2709 2369/2713/2711 2388/2714/2712
f 2388/2714/2712 2369/2713/2711 2370/2715/2713
f 2388/2714/2712 2370/2715/2713 2371/2716/2714
f 2388/2714/2712 2371/2716/2714 2387/2717/2715
f 2387/2717/2715 2371/2716/2714 2372/2718/2716
f 2387/2717/2715 2372/2718/2716 2373/2719/2717
f 2387/2717/2715 2373/2719/2717 2386/2720/2718
f 2386/2720/2718 2373/2719/2717 2374/2721/2719
f 2386/2720/2718 2374/2721/2719 2375/2722/2720
f 2375/2722/2720 2376/2723/2721 2386/2720/2718
f 2386/2720/2718 2376/2723/2721 2377/2724/2722
f 2386/2720/2718 2377/2724/2722 2378/2725/2723
f 2378/2725/2723 2379/2726/2724 2386/2720/2718
f 2386/2720/2718 2379/2726/2724 2380/2727/2725
f 2386/2720/2718 2380/2727/2725 2381/2728/2726
f 2381/2728/2726 2382/2729/2727 2386/2720/2718
f 2386/2720/2718 2382/2729/2727 2383/2730/2728
f 2386/2720/2718 2383/2730/2728 2384/2731/2729
f 2384/2731/2729 2385/2732/2730 2386/2720/2718
f 2404/2656/2654 2391/2658/2656 2403/2733/2731
f 2403/2733/2731 2391/2658/2656 2392/2734/2732
f 2403/2733/2731 2392/2734/2732 2402/2735/2733
f 2402/2735/2733 2392/2734/2732 2393/2736/2734
f 2402/2735/2733 2393/2736/2734 2401/2737/2735
f 2401/2737/2735 2393/2736/2734 2394/2738/2736
f 2401/2737/2735 2394/2738/2736 2395/2739/2737
f 2401/2737/2735 2395/2739/2737 2400/2740/2738
f 2400/2740/2738 2395/2739/2737 2396/2741/2739
f 2400/2740/2738 2396/2741/2739 2397/2742/2740
f 2398/2743/2741 2399/2744/2742 2397/2742/2740
f 2397/2742/2740 2399/2744/2742 2400/2740/2738
f 2087/2745/2743 2467/2746/2744 2088/2747/2745
f 2088/2747/2745 2467/2746/2744 2420/2748/2746
f 2088/2747/2745 2420/2748/2746 2419/2749/2747
f 2419/2749/2747 2420/2748/2746 3070/2750/2748
f 2419/2749/2747 3070/2750/2748 2506/2751/2749
f 2506/2751/2749 3070/2750/2748 3071/2752/2750
f 2506/2751/2749 3071/2752/2750 2507/2753/2751
f 2507/2753/2751 3071/2752/2750 3072/2754/2752
f 2507/2753/2751 3072/2754/2752 2508/2755/2753
f 2508/2755/2753 3072/2754/2752 3073/2756/2754
f 2508/2755/2753 3073/2756/2754 2509/2757/2755
f 2509/2757/2755 3073/2756/2754 3074/2758/2756
f 2509/2757/2755 3074/2758/2756 2510/2759/2757
f 2510/2759/2757 3074/2758/2756 3075/2760/2758
f 2510/2759/2757 3075/2760/2758 2511/2761/2759
f 2511/2761/2759 3075/2760/2758 3076/2762/2760
f 2511/2761/2759 3076/2762/2760 2512/2763/2761
f 2512/2763/2761 3076/2762/2760 3077/2764/2762
f 2512/2763/2761 3077/2764/2762 2513/2765/2763
f 2513/2765/2763 3077/2764/2762 3078/2766/2764
f 2513/2765/2763 3078/2766/2764 2514/2767/2765
f 2514/2767/2765 3078/2766/2764 3079/2768/2766
f 2514/2767/2765 3079/2768/2766 2515/2769/2767
f 2515/2769/2767 3079/2768/2766 3080/2770/2768
f 2515/2769/2767 3080/2770/2768 2516/2771/2769
f 2516/2771/2769 3080/2770/2768 3081/2772/2770
f 2516/2771/2769 3081/2772/2770 2517/2773/2771
f 2517/2773/2771 3081/2772/2770 3082/2774/2772
f 2517/2773/2771 3082/2774/2772 2518/2775/2773
f 2518/2775/2773 3082/2774/2772 3083/2776/2774
f 2518/2775/2773 3083/2776/2774 2519/2777/2775
f 2519/2777/2775 3083/2776/2774 3084/2778/2776
f 2519/2777/2775 3084/2778/2776 2520/2779/2777
f 2520/2779/2777 3084/2778/2776 3085/2780/2778
f 2520/2779/2777 3085/2780/2778 2521/2781/2779
f 2521/2781/2779 3085/2780/2778 3086/2782/2780
f 2521/2781/2779 3086/2782/2780 2522/2783/2781
f 2522/2783/2781 3086/2782/2780 3087/2784/2782
f 2522/2783/2781 3087/2784/2782 2523/2785/2783
f 2523/2785/2783 3087/2784/2782 3088/2786/2784
f 2523/2785/2783 3088/2786/2784 2524/2787/2785
f 2524/2787/2785 3088/2786/2784 3089/2788/2786
f 2524/2787/2785 3089/2788/2786 2525/2789/2787
f 2525/2789/2787 3089/2788/2786 3090/2790/2788
f 2525/2789/2787 3090/2790/2788 2526/2791/2789
f 2526/2791/2789 3090/2790/2788 3091/2792/2790
f 2526/2791/2789 3091/2792/2790 2527/2793/2791
f 2527/2793/2791 3091/2792/2790 3092/2794/2792
f 2527/2793/2791 3092/2794/2792 2528/2795/2793
f 2528/2795/2793 3092/2794/2792 3093/2796/2794
f 2528/2795/2793 3093/2796/2794 2529/2797/2795
f 2529/2797/2795 3093/2796/2794 3094/2798/2796
f 2529/2797/2795 3094/2798/2796 2530/2799/2797
f 2530/2799/2797 3094/2798/2796 3095/2800/2798
f 2530/2799/2797 3095/2800/2798 2531/2801/2799
f 2531/2801/2799 3095/2800/2798 3096/2802/2800
f 2531/2801/2799 3096/2802/2800 2532/2803/2801
f 2532/2803/2801 3096/2802/2800 3097/2804/2802
f 2532/2803/2801 3097/2804/2802 2533/2805/2803
f 2533/2805/2803 3097/2804/2802 3098/2806/2804
f 2533/2805/2803 3098/2806/2804 2534/2807/2805
f 2534/2807/2805 3098/2806/2804 3099/2808/2806
f 2534/2807/2805 3099/2808/2806 2535/2809/2807
f 2535/2809/2807 3099/2808/2806 3100/2810/2808
f 2535/2809/2807 3100/2810/2808 2536/2811/2809
f 2536/2811/2809 3100/2810/2808 3101/2812/2810
f 2536/2811/2809 3101/2812/2810 2537/2813/2811
f 2537/2813/2811 3101/2812/2810 3102/2814/2812
f 2537/2813/2811 3102/2814/2812 2538/2815/2813
f 2538/2815/2813 3102/2814/2812 3103/2816/2814
f 2538/2815/2813 3103/2816/2814 2539/2817/2815
f 2539/2817/2815 3103/2816/2814 3104/2818/2816
f 2539/2817/2815 3104/2818/2816 2540/2819/2817
f 2540/2819/2817 3104/2818/2816 3105/2820/2818
f 2540/2819/2817 3105/2820/2818 2541/2821/2819
f 2541/2821/2819 3105/2820/2818 3106/2822/2820
f 2541/2821/2819 3106/2822/2820 2542/2823/2821
f 2542/2823/2821 3106/2822/2820 3107/2824/2822
f 2542/2823/2821 3107/2824/2822 2543/2825/2823
f 2543/2825/2823 3107/2824/2822 2406/2826/2824
f 2543/2825/2823 2406/2826/2824 2468/2827/2825
f 2468/2827/2825 2406/2826/2824 2407/2828/2826
f 2468/2827/2825 2407/2828/2826 2423/2829/2827
f 2423/2829/2827 2407/2828/2826 3069/2830/2828
f 2423/2829/2827 3069/2830/2828 3068/2831/2829
f 3068/2831/2829 3069/2830/2828 2616/2832/2830
f 3068/2831/2829 2616/2832/2830 2615/2833/2831
f 2615/2833/2831 2616/2832/2830 2545/2834/2832
f 2615/2833/2831 2545/2834/2832 2546/2835/2833
f 2546/2835/2833 2545/2834/2832 3028/2836/2834
f 2546/2835/2833 3028/2836/2834 3027/2837/2835
f 3027/2837/2835 3028/2836/2834 2688/2838/2836
f 3027/2837/2835 2688/2838/2836 2687/2839/2837
f 2687/2839/2837 2688/2838/2836 2622/2840/2838
f 2687/2839/2837 2622/2840/2838 2623/2841/2839
f 2623/2841/2839 2622/2840/2838 2987/2842/2840
f 2623/2841/2839 2987/2842/2840 2986/2843/2841
f 2986/2843/2841 2987/2842/2840 2761/2844/2842
f 2986/2843/2841 2761/2844/2842 2760/2845/2843
f 2760/2845/2843 2761/2844/2842 2701/2846/2844
f 2760/2845/2843 2701/2846/2844 2702/2847/2845
f 2702/2847/2845 2701/2846/2844 2778/2848/2846
f 2702/2847/2845 2778/2848/2846 2779/2849/2847
f 2779/2849/2847 2778/2848/2846 2872/2850/2848
f 2779/2849/2847 2872/2850/2848 2871/2851/2849
f 2871/2851/2849 2872/2850/2848 2818/2852/2850
f 2871/2851/2849 2818/2852/2850 2819/2853/2851
f 2819/2853/2851 2818/2852/2850 2944/2854/2852
f 2819/2853/2851 2944/2854/2852 2943/2855/2853
f 2943/2855/2853 2944/2854/2852 2895/2856/2854
f 2943/2855/2853 2895/2856/2854 2896/2857/2855
f 2896/2857/2855 2895/2856/2854 2332/2858/2856
f 2896/2857/2855 2332/2858/2856 2331/2859/2857
f 2467/2746/2744 2087/2745/2743 2466/2860/2858
f 2466/2860/2858 2087/2745/2743 2086/2861/2859
f 2466/2860/2858 2086/2861/2859 2465/2862/2860
f 2465/2862/2860 2086/2861/2859 2085/2863/2861
f 2465/2862/2860 2085/2863/2861 2464/2864/2862
f 2464/2864/2862 2085/2863/2861 2463/2865/2863
f 2464/2864/2862 2463/2865/2863 3141/2866/2864
f 3141/2866/2864 2463/2865/2863 3140/2867/2865
f 3141/2866/2864 3140/2867/2865 3073/2756/2754
f 3073/2756/2754 3140/2867/2865 3074/2758/2756
f 2085/2863/2861 2084/2868/2866 2463/2865/2863
f 2463/2865/2863 2084/2868/2866 2462/2869/2867
f 2463/2865/2863 2462/2869/2867 3140/2867/2865
f 3140/2867/2865 2462/2869/2867 3139/2870/2868
f 3140/2867/2865 3139/2870/2868 3074/2758/2756
f 3074/2758/2756 3139/2870/2868 3075/2760/2758
f 2084/2868/2866 2083/2871/2869 2462/2869/2867
f 2462/2869/2867 2083/2871/2869 2461/2872/2870
f 2462/2869/2867 2461/2872/2870 3139/2870/2868
f 3139/2870/2868 2461/2872/2870 3138/2873/2871
f 3139/2870/2868 3138/2873/2871 3075/2760/2758
f 3075/2760/2758 3138/2873/2871 3076/2762/2760
f 2461/2872/2870 2083/2871/2869 2460/2874/2872
f 2460/2874/2872 2083/2871/2869 2082/2875/2873
f 2460/2874/2872 2082/2875/2873 2459/2876/2874
f 2459/2876/2874 2082/2875/2873 2458/2877/2875
f 2459/2876/2874 2458/2877/2875 3136/2878/2876
f 3136/2878/2876 2458/2877/2875 3135/2879/2877
f 3136/2878/2876 3135/2879/2877 3078/2766/2764
f 3078/2766/2764 3135/2879/2877 3079/2768/2766
f 2082/2875/2873 2081/2880/2878 2458/2877/2875
f 2458/2877/2875 2081/2880/2878 2457/2881/2879
f 2458/2877/2875 2457/2881/2879 3135/2879/2877
f 3135/2879/2877 2457/2881/2879 3134/2882/2880
f 3135/2879/2877 3134/2882/2880 3079/2768/2766
f 3079/2768/2766 3134/2882/2880 3080/2770/2768
f 2081/2880/2878 2080/2883/2881 2457/2881/2879
f 2457/2881/2879 2080/2883/2881 2456/2884/2882
f 2457/2881/2879 2456/2884/2882 3134/2882/2880
f 3134/2882/2880 2456/2884/2882 3133/2885/2883
f 3134/2882/2880 3133/2885/2883 3080/2770/2768
f 3080/2770/2768 3133/2885/2883 3081/2772/2770
f 2456/2884/2882 2080/2883/2881 2455/2886/2884
f 2455/2886/2884 2080/2883/2881 2079/2887/2885
f 2455/2886/2884 2079/2887/2885 2454/2888/2886
f 2454/2888/2886 2079/2887/2885 2078/2889/2887
f 2454/2888/2886 2078/2889/2887 2453/2890/2888
f 2453/2890/2888 2078/2889/2887 2077/2891/2889
f 2453/2890/2888 2077/2891/2889 2452/2892/2890
f 2452/2892/2890 2077/2891/2889 2076/2893/2891
f 2452/2892/2890 2076/2893/2891 2075/2894/2892
f 2452/2892/2890 2075/2894/2892 2451/2895/2893
f 2451/2895/2893 2075/2894/2892 2074/2896/2894
f 2451/2895/2893 2074/2896/2894 2450/2897/2895
f 2450/2897/2895 2074/2896/2894 2073/2898/2896
f 2450/2897/2895 2073/2898/2896 2449/2899/2897
f 2449/2899/2897 2073/2898/2896 2072/2900/2898
f 2449/2899/2897 2072/2900/2898 2448/2901/2899
f 2448/2901/2899 2072/2900/2898 2071/2902/2900
f 2448/2901/2899 2071/2902/2900 2447/2903/2901
f 2447/2903/2901 2071/2902/2900 2070/2904/2902
f 2447/2903/2901 2070/2904/2902 2446/2905/2903
f 2446/2905/2903 2070/2904/2902 2069/2906/2904
f 2446/2905/2903 2069/2906/2904 2068/2907/2905
f 2446/2905/2903 2068/2907/2905 2445/2908/2906
f 2445/2908/2906 2068/2907/2905 2067/2909/2907
f 2445/2908/2906 2067/2909/2907 2444/2910/2908
f 2444/2910/2908 2067/2909/2907 2066/2911/2909
f 2444/2910/2908 2066/2911/2909 2443/2912/2910
f 2443/2912/2910 2066/2911/2909 2065/2913/2911
f 2443/2912/2910 2065/2913/2911 2442/2914/2912
f 2442/2914/2912 2065/2913/2911 2064/2915/2913
f 2442/2914/2912 2064/2915/2913 2441/2916/2914
f 2441/2916/2914 2064/2915/2913 2063/2917/2915
f 2441/2916/2914 2063/2917/2915 2440/2918/2916
f 2440/2918/2916 2063/2917/2915 2439/2919/2917
f 2440/2918/2916 2439/2919/2917 3117/2920/2918
f 3117/2920/2918 2439/2919/2917 3116/2921/2919
f 3117/2920/2918 3116/2921/2919 3097/2804/2802
f 3097/2804/2802 3116/2921/2919 3098/2806/2804
f 2063/2917/2915 2062/2922/2920 2439/2919/2917
f 2439/2919/2917 2062/2922/2920 2438/2923/2921
f 2439/2919/2917 2438/2923/2921 3116/2921/2919
f 3116/2921/2919 2438/2923/2921 3115/2924/2922
f 3116/2921/2919 3115/2924/2922 3098/2806/2804
f 3098/2806/2804 3115/2924/2922 3099/2808/2806
f 2062/2922/2920 2061/2925/2923 2438/2923/2921
f 2438/2923/2921 2061/2925/2923 2437/2926/2924
f 2438/2923/2921 2437/2926/2924 3115/2924/2922
f 3115/2924/2922 2437/2926/2924 3114/2927/2925
f 3115/2924/2922 3114/2927/2925 3099/2808/2806
f 3099/2808/2806 3114/2927/2925 3100/2810/2808
f 2061/2925/2923 2060/2928/2926 2437/2926/2924
f 2437/2926/2924 2060/2928/2926 2436/2929/2927
f 2437/2926/2924 2436/2929/2927 3114/2927/2925
f 3114/2927/2925 2436/2929/2927 3113/2930/2928
f 3114/2927/2925 3113/2930/2928 3100/2810/2808
f 3100/2810/2808 3113/2930/2928 3101/2812/2810
f 2436/2929/2927 2060/2928/2926 2435/2931/2929
f 2435/2931/2929 2060/2928/2926 2059/2932/2930
f 2435/2931/2929 2059/2932/2930 2434/2933/2931
f 2434/2933/2931 2059/2932/2930 2433/2934/2932
f 2434/2933/2931 2433/2934/2932 3111/2935/2933
f 3111/2935/2933 2433/2934/2932 3110/2936/2934
f 3111/2935/2933 3110/2936/2934 3103/2816/2814
f 3103/2816/2814 3110/2936/2934 3104/2818/2816
f 2059/2932/2930 2058/2937/2935 2433/2934/2932
f 2433/2934/2932 2058/2937/2935 2432/2938/2936
f 2433/2934/2932 2432/2938/2936 3110/2936/2934
f 3110/2936/2934 2432/2938/2936 3109/2939/2937
f 3110/2936/2934 3109/2939/2937 3104/2818/2816
f 3104/2818/2816 3109/2939/2937 3105/2820/2818
f 2432/2938/2936 2058/2937/2935 2431/2940/2938
f 2431/2940/2938 2058/2937/2935 2057/2941/2939
f 2431/2940/2938 2057/2941/2939 2430/2942/2940
f 2430/2942/2940 2057/2941/2939 2056/2943/2941
f 2430/2942/2940 2056/2943/2941 2406/2826/2824
f 2408/2944/2942 2425/2945/2943 2407/2828/2826
f 2407/2828/2826 2425/2945/2943 2617/2946/2944
f 2407/2828/2826 2617/2946/2944 3069/2830/2828
f 3069/2830/2828 2617/2946/2944 2616/2832/2830
f 2409/2947/2945 2427/2948/2946 2408/2944/2942
f 2408/2944/2942 2427/2948/2946 2692/2949/2947
f 2408/2944/2942 2692/2949/2947 3031/2950/2948
f 3031/2950/2948 2692/2949/2947 2691/2951/2949
f 3031/2950/2948 2691/2951/2949 3030/2952/2950
f 3030/2952/2950 2691/2951/2949 2690/2953/2951
f 3030/2952/2950 2690/2953/2951 3029/2954/2952
f 3029/2954/2952 2690/2953/2951 2689/2955/2953
f 3029/2954/2952 2689/2955/2953 3028/2836/2834
f 3028/2836/2834 2689/2955/2953 2688/2838/2836
f 2410/2956/2954 2693/2957/2955 2409/2947/2945
f 2409/2947/2945 2693/2957/2955 2768/2958/2956
f 2409/2947/2945 2768/2958/2956 2993/2959/2957
f 2993/2959/2957 2768/2958/2956 2767/2960/2958
f 2993/2959/2957 2767/2960/2958 2992/2961/2959
f 2992/2961/2959 2767/2960/2958 2766/2962/2960
f 2992/2961/2959 2766/2962/2960 2991/2963/2961
f 2991/2963/2961 2766/2962/2960 2765/2964/2962
f 2991/2963/2961 2765/2964/2962 2990/2965/2963
f 2990/2965/2963 2765/2964/2962 2764/2966/2964
f 2990/2965/2963 2764/2966/2964 2989/2967/2965
f 2989/2967/2965 2764/2966/2964 2763/2968/2966
f 2989/2967/2965 2763/2968/2966 2988/2969/2967
f 2988/2969/2967 2763/2968/2966 2762/2970/2968
f 2988/2969/2967 2762/2970/2968 2987/2842/2840
f 2987/2842/2840 2762/2970/2968 2761/2844/2842
f 2693/2957/2955 2410/2956/2954 2769/2971/2969
f 2769/2971/2969 2410/2956/2954 2411/2972/2970
f 2769/2971/2969 2411/2972/2970 2882/2973/2971
f 2882/2973/2971 2411/2972/2970 2807/2974/2972
f 2882/2973/2971 2807/2974/2972 2808/2975/2973
f 2808/2975/2973 2807/2974/2972 2955/2976/2974
f 2808/2975/2973 2955/2976/2974 2954/2977/2975
f 2954/2977/2975 2955/2976/2974 2884/2978/2976
f 2954/2977/2975 2884/2978/2976 2885/2979/2977
f 2885/2979/2977 2884/2978/2976 2342/2980/2978
f 2885/2979/2977 2342/2980/2978 2341/2981/2979
f 2411/2972/2970 2412/2982/2980 2807/2974/2972
f 2807/2974/2972 2412/2982/2980 2956/2983/2981
f 2807/2974/2972 2956/2983/2981 2955/2976/2974
f 2955/2976/2974 2956/2983/2981 2883/2984/2982
f 2955/2976/2974 2883/2984/2982 2884/2978/2976
f 2884/2978/2976 2883/2984/2982 2343/2985/2983
f 2884/2978/2976 2343/2985/2983 2342/2980/2978
f 2956/2983/2981 2412/2982/2980 2429/2986/2984
f 2429/2986/2984 2412/2982/2980 2346/2987/2985
f 2429/2986/2984 2346/2987/2985 2345/2988/2986
f 2345/2988/2986 2344/2989/2987 2429/2986/2984
f 2429/2986/2984 2344/2989/2987 2883/2984/2982
f 2429/2986/2984 2883/2984/2982 2956/2983/2981
f 2344/2989/2987 2343/2985/2983 2883/2984/2982
f 2885/2979/2977 2341/2981/2979 2886/2990/2988
f 2886/2990/2988 2341/2981/2979 2340/2991/2989
f 2886/2990/2988 2340/2991/2989 2887/2992/2990
f 2887/2992/2990 2340/2991/2989 2339/2993/2991
f 2887/2992/2990 2339/2993/2991 2888/2994/2992
f 2888/2994/2992 2339/2993/2991 2338/2995/2993
f 2888/2994/2992 2338/2995/2993 2889/2996/2994
f 2889/2996/2994 2338/2995/2993 2337/2997/2995
f 2889/2996/2994 2337/2997/2995 2336/2998/2996
f 2889/2996/2994 2336/2998/2996 2890/2999/2997
f 2890/2999/2997 2336/2998/2996 2335/3000/2998
f 2890/2999/2997 2335/3000/2998 2891/3001/2999
f 2891/3001/2999 2335/3000/2998 2334/3002/3000
f 2891/3001/2999 2334/3002/3000 2892/3003/3001
f 2892/3003/3001 2334/3002/3000 2893/3004/3002
f 2892/3003/3001 2893/3004/3002 2946/3005/3003
f 2946/3005/3003 2893/3004/3002 2945/3006/3004
f 2946/3005/3003 2945/3006/3004 2817/3007/3005
f 2817/3007/3005 2945/3006/3004 2818/2852/2850
f 2817/3007/3005 2818/2852/2850 2872/2850/2848
f 2334/3002/3000 2333/3008/3006 2893/3004/3002
f 2893/3004/3002 2333/3008/3006 2894/3009/3007
f 2893/3004/3002 2894/3009/3007 2945/3006/3004
f 2945/3006/3004 2894/3009/3007 2944/2854/2852
f 2945/3006/3004 2944/2854/2852 2818/2852/2850
f 2894/3009/3007 2333/3008/3006 2895/2856/2854
f 2895/2856/2854 2333/3008/3006 2332/2858/2856
f 2330/3010/3008 2898/3011/3009 2331/2859/2857
f 2331/2859/2857 2898/3011/3009 2897/3012/3010
f 2331/2859/2857 2897/3012/3010 2896/2857/2855
f 2896/2857/2855 2897/3012/3010 2942/3013/3011
f 2896/2857/2855 2942/3013/3011 2943/2855/2853
f 2943/2855/2853 2942/3013/3011 2820/3014/3012
f 2943/2855/2853 2820/3014/3012 2819/2853/2851
f 2819/2853/2851 2820/3014/3012 2870/3015/3013
f 2819/2853/2851 2870/3015/3013 2871/2851/2849
f 2871/2851/2849 2870/3015/3013 2780/3016/3014
f 2871/2851/2849 2780/3016/3014 2779/2849/2847
f 2779/2849/2847 2780/3016/3014 2703/3017/3015
f 2779/2849/2847 2703/3017/3015 2702/2847/2845
f 2702/2847/2845 2703/3017/3015 2759/3018/3016
f 2702/2847/2845 2759/3018/3016 2760/2845/2843
f 2760/2845/2843 2759/3018/3016 2985/3019/3017
f 2760/2845/2843 2985/3019/3017 2986/2843/2841
f 2986/2843/2841 2985/3019/3017 2624/3020/3018
f 2986/2843/2841 2624/3020/3018 2623/2841/2839
f 2623/2841/2839 2624/3020/3018 2686/3021/3019
f 2623/2841/2839 2686/3021/3019 2687/2839/2837
f 2687/2839/2837 2686/3021/3019 3026/3022/3020
f 2687/2839/2837 3026/3022/3020 3027/2837/2835
f 3027/2837/2835 3026/3022/3020 2547/3023/3021
f 3027/2837/2835 2547/3023/3021 2546/2835/2833
f 2546/2835/2833 2547/3023/3021 2614/3024/3022
f 2546/2835/2833 2614/3024/3022 2615/2833/2831
f 2615/2833/2831 2614/3024/3022 3067/3025/3023
f 2615/2833/2831 3067/3025/3023 3068/2831/2829
f 3068/2831/2829 3067/3025/3023 3144/3026/3024
f 3068/2831/2829 3144/3026/3024 2423/2829/2827
f 2423/2829/2827 3144/3026/3024 2468/2827/2825
f 2330/3010/3008 2329/3027/3025 2898/3011/3009
f 2898/3011/3009 2329/3027/3025 2899/3028/3026
f 2898/3011/3009 2899/3028/3026 2940/3029/3027
f 2940/3029/3027 2899/3028/3026 2939/3030/3028
f 2940/3029/3027 2939/3030/3028 2823/3031/3029
f 2823/3031/3029 2939/3030/3028 2824/3032/3030
f 2823/3031/3029 2824/3032/3030 2866/3033/3031
f 2866/3033/3031 2824/3032/3030 2865/3034/3032
f 2866/3033/3031 2865/3034/3032 2785/3035/3033
f 2785/3035/3033 2865/3034/3032 2786/3036/3034
f 2785/3035/3033 2786/3036/3034 2709/3037/3035
f 2709/3037/3035 2786/3036/3034 2710/3038/3036
f 2709/3037/3035 2710/3038/3036 2752/3039/3037
f 2752/3039/3037 2710/3038/3036 2751/3040/3038
f 2752/3039/3037 2751/3040/3038 2977/3041/3039
f 2977/3041/3039 2751/3040/3038 2976/3042/3040
f 2977/3041/3039 2976/3042/3040 2633/3043/3041
f 2633/3043/3041 2976/3042/3040 2634/3044/3042
f 2633/3043/3041 2634/3044/3042 2676/3045/3043
f 2676/3045/3043 2634/3044/3042 2675/3046/3044
f 2676/3045/3043 2675/3046/3044 3015/3047/3045
f 3015/3047/3045 2675/3046/3044 3014/3048/3046
f 3015/3047/3045 3014/3048/3046 2559/3049/3047
f 2559/3049/3047 3014/3048/3046 2560/3050/3048
f 2559/3049/3047 2560/3050/3048 2601/3051/3049
f 2601/3051/3049 2560/3050/3048 2600/3052/3050
f 2601/3051/3049 2600/3052/3050 3053/3053/3051
f 3053/3053/3051 2600/3052/3050 3052/3054/3052
f 3053/3053/3051 3052/3054/3052 3159/3055/3053
f 3159/3055/3053 3052/3054/3052 3160/3056/3054
f 3159/3055/3053 3160/3056/3054 2484/3057/3055
f 2484/3057/3055 3160/3056/3054 2485/3058/3056
f 2484/3057/3055 2485/3058/3056 2527/2793/2791
f 2527/2793/2791 2485/3058/3056 2526/2791/2789
f 2329/3027/3025 2328/3059/3057 2899/3028/3026
f 2899/3028/3026 2328/3059/3057 2900/3060/3058
f 2899/3028/3026 2900/3060/3058 2939/3030/3028
f 2939/3030/3028 2900/3060/3058 2938/3061/3059
f 2939/3030/3028 2938/3061/3059 2824/3032/3030
f 2824/3032/3030 2938/3061/3059 2825/3062/3060
f 2824/3032/3030 2825/3062/3060 2865/3034/3032
f 2865/3034/3032 2825/3062/3060 2864/3063/3061
f 2865/3034/3032 2864/3063/3061 2786/3036/3034
f 2786/3036/3034 2864/3063/3061 2787/3064/3062
f 2786/3036/3034 2787/3064/3062 2710/3038/3036
f 2710/3038/3036 2787/3064/3062 2711/3065/3063
f 2710/3038/3036 2711/3065/3063 2751/3040/3038
f 2751/3040/3038 2711/3065/3063 2750/3066/3064
f 2751/3040/3038 2750/3066/3064 2976/3042/3040
f 2976/3042/3040 2750/3066/3064 2975/3067/3065
f 2976/3042/3040 2975/3067/3065 2634/3044/3042
f 2634/3044/3042 2975/3067/3065 2635/3068/3066
f 2634/3044/3042 2635/3068/3066 2675/3046/3044
f 2675/3046/3044 2635/3068/3066 2674/3069/3067
f 2675/3046/3044 2674/3069/3067 3014/3048/3046
f 3014/3048/3046 2674/3069/3067 3013/3070/3068
f 3014/3048/3046 3013/3070/3068 2560/3050/3048
f 2560/3050/3048 3013/3070/3068 2561/3071/3069
f 2560/3050/3048 2561/3071/3069 2600/3052/3050
f 2600/3052/3050 2561/3071/3069 2599/3072/3070
f 2600/3052/3050 2599/3072/3070 3052/3054/3052
f 3052/3054/3052 2599/3072/3070 3051/3073/3071
f 3052/3054/3052 3051/3073/3071 3160/3056/3054
f 3160/3056/3054 3051/3073/3071 3161/3074/3072
f 3160/3056/3054 3161/3074/3072 2485/3058/3056
f 2485/3058/3056 3161/3074/3072 2486/3075/3073
f 2485/3058/3056 2486/3075/3073 2526/2791/2789
f 2526/2791/2789 2486/3075/3073 2525/2789/2787
f 2328/3059/3057 2327/3076/3074 2900/3060/3058
f 2900/3060/3058 2327/3076/3074 2901/3077/3075
f 2900/3060/3058 2901/3077/3075 2938/3061/3059
f 2938/3061/3059 2901/3077/3075 2937/3078/3076
f 2938/3061/3059 2937/3078/3076 2825/3062/3060
f 2825/3062/3060 2937/3078/3076 2826/3079/3077
f 2825/3062/3060 2826/3079/3077 2864/3063/3061
f 2864/3063/3061 2826/3079/3077 2863/3080/3078
f 2864/3063/3061 2863/3080/3078 2787/3064/3062
f 2787/3064/3062 2863/3080/3078 2788/3081/3079
f 2787/3064/3062 2788/3081/3079 2711/3065/3063
f 2711/3065/3063 2788/3081/3079 2712/3082/3080
f 2711/3065/3063 2712/3082/3080 2750/3066/3064
f 2750/3066/3064 2712/3082/3080 2749/3083/3081
f 2750/3066/3064 2749/3083/3081 2975/3067/3065
f 2975/3067/3065 2749/3083/3081 2974/3084/3082
f 2975/3067/3065 2974/3084/3082 2635/3068/3066
f 2635/3068/3066 2974/3084/3082 2636/3085/3083
f 2635/3068/3066 2636/3085/3083 2674/3069/3067
f 2674/3069/3067 2636/3085/3083 2673/3086/3084
f 2674/3069/3067 2673/3086/3084 3013/3070/3068
f 3013/3070/3068 2673/3086/3084 3012/3087/3085
f 3013/3070/3068 3012/3087/3085 2561/3071/3069
f 2561/3071/3069 3012/3087/3085 2562/3088/3086
f 2561/3071/3069 2562/3088/3086 2599/3072/3070
f 2599/3072/3070 2562/3088/3086 2598/3089/3087
f 2599/3072/3070 2598/3089/3087 3051/3073/3071
f 3051/3073/3071 2598/3089/3087 3050/3090/3088
f 3051/3073/3071 3050/3090/3088 3161/3074/3072
f 3161/3074/3072 3050/3090/3088 3162/3091/3089
f 3161/3074/3072 3162/3091/3089 2486/3075/3073
f 2486/3075/3073 3162/3091/3089 2487/3092/3090
f 2486/3075/3073 2487/3092/3090 2525/2789/2787
f 2525/2789/2787 2487/3092/3090 2524/2787/2785
f 2327/3076/3074 2326/3093/3091 2901/3077/3075
f 2901/3077/3075 2326/3093/3091 2902/3094/3092
f 2901/3077/3075 2902/3094/3092 2937/3078/3076
f 2937/3078/3076 2902/3094/3092 2936/3095/3093
f 2937/3078/3076 2936/3095/3093 2826/3079/3077
f 2826/3079/3077 2936/3095/3093 2827/3096/3094
f 2826/3079/3077 2827/3096/3094 2863/3080/3078
f 2863/3080/3078 2827/3096/3094 2862/3097/3095
f 2863/3080/3078 2862/3097/3095 2788/3081/3079
f 2788/3081/3079 2862/3097/3095 2789/3098/3096
f 2788/3081/3079 2789/3098/3096 2712/3082/3080
f 2712/3082/3080 2789/3098/3096 2713/3099/3097
f 2712/3082/3080 2713/3099/3097 2749/3083/3081
f 2749/3083/3081 2713/3099/3097 2748/3100/3098
f 2749/3083/3081 2748/3100/3098 2974/3084/3082
f 2974/3084/3082 2748/3100/3098 2973/3101/3099
f 2974/3084/3082 2973/3101/3099 2636/3085/3083
f 2636/3085/3083 2973/3101/3099 2637/3102/3100
f 2636/3085/3083 2637/3102/3100 2673/3086/3084
f 2673/3086/3084 2637/3102/3100 2672/3103/3101
f 2673/3086/3084 2672/3103/3101 3012/3087/3085
f 3012/3087/3085 2672/3103/3101 3011/3104/3102
f 3012/3087/3085 3011/3104/3102 2562/3088/3086
f 2562/3088/3086 3011/3104/3102 2563/3105/3103
f 2562/3088/3086 2563/3105/3103 2598/3089/3087
f 2598/3089/3087 2563/3105/3103 2597/3106/3104
f 2598/3089/3087 2597/3106/3104 3050/3090/3088
f 3050/3090/3088 2597/3106/3104 3049/3107/3105
f 3050/3090/3088 3049/3107/3105 3162/3091/3089
f 3162/3091/3089 3049/3107/3105 3163/3108/3106
f 3162/3091/3089 3163/3108/3106 2487/3092/3090
f 2487/3092/3090 3163/3108/3106 2488/3109/3107
f 2487/3092/3090 2488/3109/3107 2524/2787/2785
f 2524/2787/2785 2488/3109/3107 2523/2785/2783
f 2326/3093/3091 2325/3110/3108 2902/3094/3092
f 2902/3094/3092 2325/3110/3108 2324/3111/3109
f 2902/3094/3092 2324/3111/3109 2903/3112/3110
f 2903/3112/3110 2324/3111/3109 2323/3113/3111
f 2903/3112/3110 2323/3113/3111 2904/3114/3112
f 2904/3114/3112 2323/3113/3111 2322/3115/3113
f 2904/3114/3112 2322/3115/3113 2905/3116/3114
f 2905/3116/3114 2322/3115/3113 2906/3117/3115
f 2905/3116/3114 2906/3117/3115 2933/3118/3116
f 2933/3118/3116 2906/3117/3115 2932/3119/3117
f 2933/3118/3116 2932/3119/3117 2830/3120/3118
f 2830/3120/3118 2932/3119/3117 2831/3121/3119
f 2830/3120/3118 2831/3121/3119 2859/3122/3120
f 2859/3122/3120 2831/3121/3119 2858/3123/3121
f 2859/3122/3120 2858/3123/3121 2792/3124/3122
f 2792/3124/3122 2858/3123/3121 2793/3125/3123
f 2792/3124/3122 2793/3125/3123 2716/3126/3124
f 2716/3126/3124 2793/3125/3123 2717/3127/3125
f 2716/3126/3124 2717/3127/3125 2745/3128/3126
f 2745/3128/3126 2717/3127/3125 2744/3129/3127
f 2745/3128/3126 2744/3129/3127 2970/3130/3128
f 2970/3130/3128 2744/3129/3127 2969/3131/3129
f 2970/3130/3128 2969/3131/3129 2640/3132/3130
f 2640/3132/3130 2969/3131/3129 2641/3133/3131
f 2640/3132/3130 2641/3133/3131 2669/3134/3132
f 2669/3134/3132 2641/3133/3131 2668/3135/3133
f 2669/3134/3132 2668/3135/3133 3008/3136/3134
f 3008/3136/3134 2668/3135/3133 3007/3137/3135
f 3008/3136/3134 3007/3137/3135 2566/3138/3136
f 2566/3138/3136 3007/3137/3135 2567/3139/3137
f 2566/3138/3136 2567/3139/3137 2594/3140/3138
f 2594/3140/3138 2567/3139/3137 2593/3141/3139
f 2594/3140/3138 2593/3141/3139 3046/3142/3140
f 3046/3142/3140 2593/3141/3139 3045/3143/3141
f 3046/3142/3140 3045/3143/3141 3166/3144/3142
f 3166/3144/3142 3045/3143/3141 3167/3145/3143
f 3166/3144/3142 3167/3145/3143 2491/3146/3144
f 2491/3146/3144 3167/3145/3143 2492/3147/3145
f 2491/3146/3144 2492/3147/3145 2520/2779/2777
f 2520/2779/2777 2492/3147/3145 2519/2777/2775
f 2322/3115/3113 2321/3148/3146 2906/3117/3115
f 2906/3117/3115 2321/3148/3146 2907/3149/3147
f 2906/3117/3115 2907/3149/3147 2932/3119/3117
f 2932/3119/3117 2907/3149/3147 2931/3150/3148
f 2932/3119/3117 2931/3150/3148 2831/3121/3119
f 2831/3121/3119 2931/3150/3148 2832/3151/3149
f 2831/3121/3119 2832/3151/3149 2858/3123/3121
f 2858/3123/3121 2832/3151/3149 2857/3152/3150
f 2858/3123/3121 2857/3152/3150 2793/3125/3123
f 2793/3125/3123 2857/3152/3150 2794/3153/3151
f 2793/3125/3123 2794/3153/3151 2717/3127/3125
f 2717/3127/3125 2794/3153/3151 2718/3154/3152
f 2717/3127/3125 2718/3154/3152 2744/3129/3127
f 2744/3129/3127 2718/3154/3152 2743/3155/3153
f 2744/3129/3127 2743/3155/3153 2969/3131/3129
f 2969/3131/3129 2743/3155/3153 2968/3156/3154
f 2969/3131/3129 2968/3156/3154 2641/3133/3131
f 2641/3133/3131 2968/3156/3154 2642/3157/3155
f 2641/3133/3131 2642/3157/3155 2668/3135/3133
f 2668/3135/3133 2642/3157/3155 2667/3158/3156
f 2668/3135/3133 2667/3158/3156 3007/3137/3135
f 3007/3137/3135 2667/3158/3156 3006/3159/3157
f 3007/3137/3135 3006/3159/3157 2567/3139/3137
f 2567/3139/3137 3006/3159/3157 2568/3160/3158
f 2567/3139/3137 2568/3160/3158 2593/3141/3139
f 2593/3141/3139 2568/3160/3158 2592/3161/3159
f 2593/3141/3139 2592/3161/3159 3045/3143/3141
f 3045/3143/3141 2592/3161/3159 3044/3162/3160
f 3045/3143/3141 3044/3162/3160 3167/3145/3143
f 3167/3145/3143 3044/3162/3160 3168/3163/3161
f 3167/3145/3143 3168/3163/3161 2492/3147/3145
f 2492/3147/3145 3168/3163/3161 2493/3164/3162
f 2492/3147/3145 2493/3164/3162 2519/2777/2775
f 2519/2777/2775 2493/3164/3162 2518/2775/2773
f 2320/3165/3163 2909/3166/3164 2321/3148/3146
f 2321/3148/3146 2909/3166/3164 2908/3167/3165
f 2321/3148/3146 2908/3167/3165 2907/3149/3147
f 2907/3149/3147 2908/3167/3165 2931/3150/3148
f 2319/3168/3166 2912/3169/3167 2320/3165/3163
f 2320/3165/3163 2912/3169/3167 2911/3170/3168
f 2320/3165/3163 2911/3170/3168 2910/3171/3169
f 2910/3171/3169 2911/3170/3168 2928/3172/3170
f 2910/3171/3169 2928/3172/3170 2929/3173/3171
f 2929/3173/3171 2928/3172/3170 2834/3174/3172
f 2929/3173/3171 2834/3174/3172 2833/3175/3173
f 2833/3175/3173 2834/3174/3172 2856/3176/3174
f 2833/3175/3173 2856/3176/3174 2857/3152/3150
f 2857/3152/3150 2856/3176/3174 2794/3153/3151
f 2912/3169/3167 2319/3168/3166 2913/3177/3175
f 2913/3177/3175 2319/3168/3166 2318/3178/3176
f 2913/3177/3175 2318/3178/3176 2914/3179/3177
f 2914/3179/3177 2318/3178/3176 2915/3180/3178
f 2914/3179/3177 2915/3180/3178 2924/3181/3179
f 2924/3181/3179 2915/3180/3178 2923/3182/3180
f 2924/3181/3179 2923/3182/3180 2839/3183/3181
f 2839/3183/3181 2923/3182/3180 2840/3184/3182
f 2839/3183/3181 2840/3184/3182 2850/3185/3183
f 2850/3185/3183 2840/3184/3182 2849/3186/3184
f 2850/3185/3183 2849/3186/3184 2801/3187/3185
f 2801/3187/3185 2849/3186/3184 2802/3188/3186
f 2801/3187/3185 2802/3188/3186 2725/3189/3187
f 2725/3189/3187 2802/3188/3186 2726/3190/3188
f 2725/3189/3187 2726/3190/3188 2736/3191/3189
f 2736/3191/3189 2726/3190/3188 2735/3192/3190
f 2736/3191/3189 2735/3192/3190 2961/3193/3191
f 2961/3193/3191 2735/3192/3190 2960/3194/3192
f 2961/3193/3191 2960/3194/3192 2649/3195/3193
f 2649/3195/3193 2960/3194/3192 2650/3196/3194
f 2649/3195/3193 2650/3196/3194 2660/3197/3195
f 2660/3197/3195 2650/3196/3194 2659/3198/3196
f 2660/3197/3195 2659/3198/3196 2999/3199/3197
f 2999/3199/3197 2659/3198/3196 2998/3200/3198
f 2999/3199/3197 2998/3200/3198 2575/3201/3199
f 2575/3201/3199 2998/3200/3198 2576/3202/3200
f 2575/3201/3199 2576/3202/3200 2585/3203/3201
f 2585/3203/3201 2576/3202/3200 2584/3204/3202
f 2585/3203/3201 2584/3204/3202 3037/3205/3203
f 3037/3205/3203 2584/3204/3202 3036/3206/3204
f 3037/3205/3203 3036/3206/3204 3175/3207/3205
f 3175/3207/3205 3036/3206/3204 3176/3208/3206
f 3175/3207/3205 3176/3208/3206 2500/3209/3207
f 2500/3209/3207 3176/3208/3206 2501/3210/3208
f 2500/3209/3207 2501/3210/3208 2511/2761/2759
f 2511/2761/2759 2501/3210/3208 2510/2759/2757
f 2318/3178/3176 2317/3211/3209 2915/3180/3178
f 2915/3180/3178 2317/3211/3209 2916/3212/3210
f 2915/3180/3178 2916/3212/3210 2923/3182/3180
f 2923/3182/3180 2916/3212/3210 2922/3213/3211
f 2923/3182/3180 2922/3213/3211 2840/3184/3182
f 2840/3184/3182 2922/3213/3211 2841/3214/3212
f 2840/3184/3182 2841/3214/3212 2849/3186/3184
f 2849/3186/3184 2841/3214/3212 2848/3215/3213
f 2849/3186/3184 2848/3215/3213 2802/3188/3186
f 2802/3188/3186 2848/3215/3213 2803/3216/3214
f 2802/3188/3186 2803/3216/3214 2726/3190/3188
f 2726/3190/3188 2803/3216/3214 2727/3217/3215
f 2726/3190/3188 2727/3217/3215 2735/3192/3190
f 2735/3192/3190 2727/3217/3215 2734/3218/3216
f 2735/3192/3190 2734/3218/3216 2960/3194/3192
f 2960/3194/3192 2734/3218/3216 2959/3219/3217
f 2960/3194/3192 2959/3219/3217 2650/3196/3194
f 2650/3196/3194 2959/3219/3217 2651/3220/3218
f 2650/3196/3194 2651/3220/3218 2659/3198/3196
f 2659/3198/3196 2651/3220/3218 2658/3221/3219
f 2659/3198/3196 2658/3221/3219 2998/3200/3198
f 2998/3200/3198 2658/3221/3219 2997/3222/3220
f 2998/3200/3198 2997/3222/3220 2576/3202/3200
f 2576/3202/3200 2997/3222/3220 2577/3223/3221
f 2576/3202/3200 2577/3223/3221 2584/3204/3202
f 2584/3204/3202 2577/3223/3221 2583/3224/3222
f 2584/3204/3202 2583/3224/3222 3036/3206/3204
f 3036/3206/3204 2583/3224/3222 3035/3225/3223
f 3036/3206/3204 3035/3225/3223 3176/3208/3206
f 3176/3208/3206 3035/3225/3223 3177/3226/3224
f 3176/3208/3206 3177/3226/3224 2501/3210/3208
f 2501/3210/3208 3177/3226/3224 2502/3227/3225
f 2501/3210/3208 2502/3227/3225 2510/2759/2757
f 2510/2759/2757 2502/3227/3225 2509/2757/2755
f 2317/3211/3209 2316/3228/3226 2916/3212/3210
f 2916/3212/3210 2316/3228/3226 2917/3229/3227
f 2916/3212/3210 2917/3229/3227 2922/3213/3211
f 2922/3213/3211 2917/3229/3227 2921/3230/3228
f 2922/3213/3211 2921/3230/3228 2841/3214/3212
f 2841/3214/3212 2921/3230/3228 2842/3231/3229
f 2841/3214/3212 2842/3231/3229 2848/3215/3213
f 2848/3215/3213 2842/3231/3229 2847/3232/3230
f 2848/3215/3213 2847/3232/3230 2803/3216/3214
f 2803/3216/3214 2847/3232/3230 2804/3233/3231
f 2803/3216/3214 2804/3233/3231 2727/3217/3215
f 2727/3217/3215 2804/3233/3231 2728/3234/3232
f 2727/3217/3215 2728/3234/3232 2734/3218/3216
f 2734/3218/3216 2728/3234/3232 2733/3235/3233
f 2734/3218/3216 2733/3235/3233 2959/3219/3217
f 2959/3219/3217 2733/3235/3233 2958/3236/3234
f 2959/3219/3217 2958/3236/3234 2651/3220/3218
f 2651/3220/3218 2958/3236/3234 2652/3237/3235
f 2651/3220/3218 2652/3237/3235 2658/3221/3219
f 2658/3221/3219 2652/3237/3235 2657/3238/3236
f 2658/3221/3219 2657/3238/3236 2997/3222/3220
f 2997/3222/3220 2657/3238/3236 2996/3239/3237
f 2997/3222/3220 2996/3239/3237 2577/3223/3221
f 2577/3223/3221 2996/3239/3237 2578/3240/3238
f 2577/3223/3221 2578/3240/3238 2583/3224/3222
f 2583/3224/3222 2578/3240/3238 2582/3241/3239
f 2583/3224/3222 2582/3241/3239 3035/3225/3223
f 3035/3225/3223 2582/3241/3239 3034/3242/3240
f 3035/3225/3223 3034/3242/3240 3177/3226/3224
f 3177/3226/3224 3034/3242/3240 3178/3243/3241
f 3177/3226/3224 3178/3243/3241 2502/3227/3225
f 2502/3227/3225 3178/3243/3241 2503/3244/3242
f 2502/3227/3225 2503/3244/3242 2509/2757/2755
f 2509/2757/2755 2503/3244/3242 2508/2755/2753
f 2917/3229/3227 2316/3228/3226 2918/3245/3243
f 2918/3245/3243 2316/3228/3226 2315/3246/3244
f 2918/3245/3243 2315/3246/3244 2428/3247/3245
f 2428/3247/3245 2315/3246/3244 2314/3248/3246
f 2428/3247/3245 2314/3248/3246 2413/3249/3247
f 2414/3250/3248 2844/3251/3249 2413/3249/3247
f 2413/3249/3247 2844/3251/3249 2919/3252/3250
f 2413/3249/3247 2919/3252/3250 2428/3247/3245
f 2428/3247/3245 2919/3252/3250 2920/3253/3251
f 2428/3247/3245 2920/3253/3251 2918/3245/3243
f 2918/3245/3243 2920/3253/3251 2921/3230/3228
f 2918/3245/3243 2921/3230/3228 2917/3229/3227
f 2415/3254/3252 2806/3255/3253 2414/3250/3248
f 2414/3250/3248 2806/3255/3253 2845/3256/3254
f 2414/3250/3248 2845/3256/3254 2844/3251/3249
f 2844/3251/3249 2845/3256/3254 2846/3257/3255
f 2844/3251/3249 2846/3257/3255 2843/3258/3256
f 2843/3258/3256 2846/3257/3255 2847/3232/3230
f 2843/3258/3256 2847/3232/3230 2842/3231/3229
f 2416/3259/3257 2731/3260/3258 2415/3254/3252
f 2415/3254/3252 2731/3260/3258 2730/3261/3259
f 2415/3254/3252 2730/3261/3259 2806/3255/3253
f 2806/3255/3253 2730/3261/3259 2729/3262/3260
f 2806/3255/3253 2729/3262/3260 2805/3263/3261
f 2805/3263/3261 2729/3262/3260 2728/3234/3232
f 2805/3263/3261 2728/3234/3232 2804/3233/3231
f 2731/3260/3258 2416/3259/3257 2426/3264/3262
f 2426/3264/3262 2416/3259/3257 2417/3265/3263
f 2426/3264/3262 2417/3265/3263 2654/3266/3264
f 2654/3266/3264 2417/3265/3263 2655/3267/3265
f 2654/3266/3264 2655/3267/3265 2656/3268/3266
f 2656/3268/3266 2655/3267/3265 2995/3269/3267
f 2656/3268/3266 2995/3269/3267 2996/3239/3237
f 2996/3239/3237 2995/3269/3267 2578/3240/3238
f 2418/3270/3268 2424/3271/3269 2417/3265/3263
f 2417/3265/3263 2424/3271/3269 2994/3272/3270
f 2417/3265/3263 2994/3272/3270 2655/3267/3265
f 2655/3267/3265 2994/3272/3270 2995/3269/3267
f 2419/2749/2747 2422/3273/3271 2418/3270/3268
f 2418/3270/3268 2422/3273/3271 3032/3274/3272
f 2418/3270/3268 3032/3274/3272 2580/3275/3273
f 2580/3275/3273 3032/3274/3272 3033/3276/3274
f 2580/3275/3273 3033/3276/3274 2581/3277/3275
f 2581/3277/3275 3033/3276/3274 3034/3242/3240
f 2581/3277/3275 3034/3242/3240 2582/3241/3239
f 2406/2826/2824 3107/2824/2822 2421/3278/3276
f 2421/3278/3276 3107/2824/2822 3106/2822/2820
f 2421/3278/3276 3106/2822/2820 3108/3279/3277
f 3108/3279/3277 3106/2822/2820 3105/2820/2818
f 3108/3279/3277 3105/2820/2818 3109/2939/2937
f 2419/2749/2747 2506/2751/2749 2505/3280/3278
f 2505/3280/3278 2506/2751/2749 2507/2753/2751
f 2505/3280/3278 2507/2753/2751 2504/3281/3279
f 2504/3281/3279 2507/2753/2751 2508/2755/2753
f 2504/3281/3279 2508/2755/2753 2503/3244/3242
f 2419/2749/2747 2505/3280/3278 2422/3273/3271
f 2422/3273/3271 2505/3280/3278 2504/3281/3279
f 2422/3273/3271 2504/3281/3279 3179/3282/3280
f 3179/3282/3280 2504/3281/3279 2503/3244/3242
f 3179/3282/3280 2503/3244/3242 3178/3243/3241
f 2418/3270/3268 2580/3275/3273 2424/3271/3269
f 2424/3271/3269 2580/3275/3273 2581/3277/3275
f 2424/3271/3269 2581/3277/3275 2579/3283/3281
f 2579/3283/3281 2581/3277/3275 2582/3241/3239
f 2579/3283/3281 2582/3241/3239 2578/3240/3238
f 2408/2944/2942 3031/2950/2948 2425/2945/2943
f 2425/2945/2943 3031/2950/2948 3030/2952/2950
f 2425/2945/2943 3030/2952/2950 2544/3284/3282
f 2544/3284/3282 3030/2952/2950 3029/2954/2952
f 2544/3284/3282 3029/2954/2952 2545/2834/2832
f 2545/2834/2832 3029/2954/2952 3028/2836/2834
f 2409/2947/2945 2993/2959/2957 2427/2948/2946
f 2427/2948/2946 2993/2959/2957 2992/2961/2959
f 2427/2948/2946 2992/2961/2959 2618/3285/3283
f 2618/3285/3283 2992/2961/2959 2991/2963/2961
f 2618/3285/3283 2991/2963/2961 2619/3286/3284
f 2619/3286/3284 2991/2963/2961 2990/2965/2963
f 2619/3286/3284 2990/2965/2963 2620/3287/3285
f 2620/3287/3285 2990/2965/2963 2989/2967/2965
f 2620/3287/3285 2989/2967/2965 2621/3288/3286
f 2621/3288/3286 2989/2967/2965 2988/2969/2967
f 2621/3288/3286 2988/2969/2967 2622/2840/2838
f 2622/2840/2838 2988/2969/2967 2987/2842/2840
f 3109/2939/2937 2432/2938/2936 2431/2940/2938
f 2421/3278/3276 3108/3279/3277 2430/2942/2940
f 2430/2942/2940 3108/3279/3277 2431/2940/2938
f 3108/3279/3277 3109/2939/2937 2431/2940/2938
f 3113/2930/2928 2436/2929/2927 2435/2931/2929
f 2435/2931/2929 2434/2933/2931 3112/3289/3287
f 3112/3289/3287 2434/2933/2931 3111/2935/2933
f 3112/3289/3287 3111/2935/2933 3102/2814/2812
f 3102/2814/2812 3111/2935/2933 3103/2816/2814
f 2441/2916/2914 2440/2918/2916 3118/3290/3288
f 3118/3290/3288 2440/2918/2916 3117/2920/2918
f 3118/3290/3288 3117/2920/2918 3096/2802/2800
f 3096/2802/2800 3117/2920/2918 3097/2804/2802
f 2442/2914/2912 2441/2916/2914 3119/3291/3289
f 3119/3291/3289 2441/2916/2914 3118/3290/3288
f 3119/3291/3289 3118/3290/3288 3095/2800/2798
f 3095/2800/2798 3118/3290/3288 3096/2802/2800
f 2443/2912/2910 2442/2914/2912 3120/3292/3290
f 3120/3292/3290 2442/2914/2912 3119/3291/3289
f 3120/3292/3290 3119/3291/3289 3094/2798/2796
f 3094/2798/2796 3119/3291/3289 3095/2800/2798
f 2444/2910/2908 2443/2912/2910 3121/3293/3291
f 3121/3293/3291 2443/2912/2910 3120/3292/3290
f 3121/3293/3291 3120/3292/3290 3093/2796/2794
f 3093/2796/2794 3120/3292/3290 3094/2798/2796
f 2445/2908/2906 2444/2910/2908 3122/3294/3292
f 3122/3294/3292 2444/2910/2908 3121/3293/3291
f 3122/3294/3292 3121/3293/3291 3092/2794/2792
f 3092/2794/2792 3121/3293/3291 3093/2796/2794
f 2446/2905/2903 2445/2908/2906 3123/3295/3293
f 3123/3295/3293 2445/2908/2906 3122/3294/3292
f 3123/3295/3293 3122/3294/3292 3091/2792/2790
f 3091/2792/2790 3122/3294/3292 3092/2794/2792
f 2447/2903/2901 2446/2905/2903 3124/3296/3294
f 3124/3296/3294 2446/2905/2903 3123/3295/3293
f 3124/3296/3294 3123/3295/3293 3090/2790/2788
f 3090/2790/2788 3123/3295/3293 3091/2792/2790
f 2448/2901/2899 2447/2903/2901 3125/3297/3295
f 3125/3297/3295 2447/2903/2901 3124/3296/3294
f 3125/3297/3295 3124/3296/3294 3089/2788/2786
f 3089/2788/2786 3124/3296/3294 3090/2790/2788
f 2449/2899/2897 2448/2901/2899 3126/3298/3296
f 3126/3298/3296 2448/2901/2899 3125/3297/3295
f 3126/3298/3296 3125/3297/3295 3088/2786/2784
f 3088/2786/2784 3125/3297/3295 3089/2788/2786
f 2450/2897/2895 2449/2899/2897 3127/3299/3297
f 3127/3299/3297 2449/2899/2897 3126/3298/3296
f 3127/3299/3297 3126/3298/3296 3087/2784/2782
f 3087/2784/2782 3126/3298/3296 3088/2786/2784
f 2451/2895/2893 2450/2897/2895 3128/3300/3298
f 3128/3300/3298 2450/2897/2895 3127/3299/3297
f 3128/3300/3298 3127/3299/3297 3086/2782/2780
f 3086/2782/2780 3127/3299/3297 3087/2784/2782
f 2452/2892/2890 2451/2895/2893 3129/3301/3299
f 3129/3301/3299 2451/2895/2893 3128/3300/3298
f 3129/3301/3299 3128/3300/3298 3085/2780/2778
f 3085/2780/2778 3128/3300/3298 3086/2782/2780
f 2453/2890/2888 2452/2892/2890 3130/3302/3300
f 3130/3302/3300 2452/2892/2890 3129/3301/3299
f 3130/3302/3300 3129/3301/3299 3084/2778/2776
f 3084/2778/2776 3129/3301/3299 3085/2780/2778
f 2454/2888/2886 2453/2890/2888 3131/3303/3301
f 3131/3303/3301 2453/2890/2888 3130/3302/3300
f 3131/3303/3301 3130/3302/3300 3083/2776/2774
f 3083/2776/2774 3130/3302/3300 3084/2778/2776
f 3133/2885/2883 2456/2884/2882 2455/2886/2884
f 2455/2886/2884 2454/2888/2886 3132/3304/3302
f 3132/3304/3302 2454/2888/2886 3131/3303/3301
f 3132/3304/3302 3131/3303/3301 3082/2774/2772
f 3082/2774/2772 3131/3303/3301 3083/2776/2774
f 3138/2873/2871 2461/2872/2870 2460/2874/2872
f 2460/2874/2872 2459/2876/2874 3137/3305/3303
f 3137/3305/3303 2459/2876/2874 3136/2878/2876
f 3137/3305/3303 3136/2878/2876 3077/2764/2762
f 3077/2764/2762 3136/2878/2876 3078/2766/2764
f 2465/2862/2860 2464/2864/2862 3142/3306/3304
f 3142/3306/3304 2464/2864/2862 3141/2866/2864
f 3142/3306/3304 3141/2866/2864 3072/2754/2752
f 3072/2754/2752 3141/2866/2864 3073/2756/2754
f 2420/2748/2746 2467/2746/2744 2466/2860/2858
f 2466/2860/2858 2465/2862/2860 3143/3307/3305
f 3143/3307/3305 2465/2862/2860 3142/3306/3304
f 3143/3307/3305 3142/3306/3304 3071/2752/2750
f 3071/2752/2750 3142/3306/3304 3072/2754/2752
f 2542/2823/2821 2543/2825/2823 2469/3308/3306
f 2469/3308/3306 2543/2825/2823 2468/2827/2825
f 2469/3308/3306 2468/2827/2825 3144/3026/3024
f 2541/2821/2819 2542/2823/2821 2470/3309/3307
f 2470/3309/3307 2542/2823/2821 2469/3308/3306
f 2470/3309/3307 2469/3308/3306 3145/3310/3308
f 3145/3310/3308 2469/3308/3306 3144/3026/3024
f 3145/3310/3308 3144/3026/3024 3067/3025/3023
f 2540/2819/2817 2541/2821/2819 2471/3311/3309
f 2471/3311/3309 2541/2821/2819 2470/3309/3307
f 2471/3311/3309 2470/3309/3307 3146/3312/3310
f 3146/3312/3310 2470/3309/3307 3145/3310/3308
f 3146/3312/3310 3145/3310/3308 3066/3313/3311
f 3066/3313/3311 3145/3310/3308 3067/3025/3023
f 3066/3313/3311 3067/3025/3023 2614/3024/3022
f 2539/2817/2815 2540/2819/2817 2472/3314/3312
f 2472/3314/3312 2540/2819/2817 2471/3311/3309
f 2472/3314/3312 2471/3311/3309 3147/3315/3313
f 3147/3315/3313 2471/3311/3309 3146/3312/3310
f 3147/3315/3313 3146/3312/3310 3065/3316/3314
f 3065/3316/3314 3146/3312/3310 3066/3313/3311
f 3065/3316/3314 3066/3313/3311 2613/3317/3315
f 2613/3317/3315 3066/3313/3311 2614/3024/3022
f 2613/3317/3315 2614/3024/3022 2547/3023/3021
f 2538/2815/2813 2539/2817/2815 2473/3318/3316
f 2473/3318/3316 2539/2817/2815 2472/3314/3312
f 2473/3318/3316 2472/3314/3312 3148/3319/3317
f 3148/3319/3317 2472/3314/3312 3147/3315/3313
f 3148/3319/3317 3147/3315/3313 3064/3320/3318
f 3064/3320/3318 3147/3315/3313 3065/3316/3314
f 3064/3320/3318 3065/3316/3314 2612/3321/3319
f 2612/3321/3319 3065/3316/3314 2613/3317/3315
f 2612/3321/3319 2613/3317/3315 2548/3322/3320
f 2548/3322/3320 2613/3317/3315 2547/3023/3021
f 2548/3322/3320 2547/3023/3021 3026/3022/3020
f 2537/2813/2811 2538/2815/2813 2474/3323/3321
f 2474/3323/3321 2538/2815/2813 2473/3318/3316
f 2474/3323/3321 2473/3318/3316 3149/3324/3322
f 3149/3324/3322 2473/3318/3316 3148/3319/3317
f 3149/3324/3322 3148/3319/3317 3063/3325/3323
f 3063/3325/3323 3148/3319/3317 3064/3320/3318
f 3063/3325/3323 3064/3320/3318 2611/3326/3324
f 2611/3326/3324 3064/3320/3318 2612/3321/3319
f 2611/3326/3324 2612/3321/3319 2549/3327/3325
f 2549/3327/3325 2612/3321/3319 2548/3322/3320
f 2549/3327/3325 2548/3322/3320 3025/3328/3326
f 3025/3328/3326 2548/3322/3320 3026/3022/3020
f 3025/3328/3326 3026/3022/3020 2686/3021/3019
f 2536/2811/2809 2537/2813/2811 2475/3329/3327
f 2475/3329/3327 2537/2813/2811 2474/3323/3321
f 2475/3329/3327 2474/3323/3321 3150/3330/3328
f 3150/3330/3328 2474/3323/3321 3149/3324/3322
f 3150/3330/3328 3149/3324/3322 3062/3331/3329
f 3062/3331/3329 3149/3324/3322 3063/3325/3323
f 3062/3331/3329 3063/3325/3323 2610/3332/3330
f 2610/3332/3330 3063/3325/3323 2611/3326/3324
f 2610/3332/3330 2611/3326/3324 2550/3333/3331
f 2550/3333/3331 2611/3326/3324 2549/3327/3325
f 2550/3333/3331 2549/3327/3325 3024/3334/3332
f 3024/3334/3332 2549/3327/3325 3025/3328/3326
f 3024/3334/3332 3025/3328/3326 2685/3335/3333
f 2685/3335/3333 3025/3328/3326 2686/3021/3019
f 2685/3335/3333 2686/3021/3019 2624/3020/3018
f 2535/2809/2807 2536/2811/2809 2476/3336/3334
f 2476/3336/3334 2536/2811/2809 2475/3329/3327
f 2476/3336/3334 2475/3329/3327 3151/3337/3335
f 3151/3337/3335 2475/3329/3327 3150/3330/3328
f 3151/3337/3335 3150/3330/3328 3061/3338/3336
f 3061/3338/3336 3150/3330/3328 3062/3331/3329
f 3061/3338/3336 3062/3331/3329 2609/3339/3337
f 2609/3339/3337 3062/3331/3329 2610/3332/3330
f 2609/3339/3337 2610/3332/3330 2551/3340/3338
f 2551/3340/3338 2610/3332/3330 2550/3333/3331
f 2551/3340/3338 2550/3333/3331 3023/3341/3339
f 3023/3341/3339 2550/3333/3331 3024/3334/3332
f 3023/3341/3339 3024/3334/3332 2684/3342/3340
f 2684/3342/3340 3024/3334/3332 2685/3335/3333
f 2684/3342/3340 2685/3335/3333 2625/3343/3341
f 2625/3343/3341 2685/3335/3333 2624/3020/3018
f 2625/3343/3341 2624/3020/3018 2985/3019/3017
f 2534/2807/2805 2535/2809/2807 2477/3344/3342
f 2477/3344/3342 2535/2809/2807 2476/3336/3334
f 2477/3344/3342 2476/3336/3334 3152/3345/3343
f 3152/3345/3343 2476/3336/3334 3151/3337/3335
f 3152/3345/3343 3151/3337/3335 3060/3346/3344
f 3060/3346/3344 3151/3337/3335 3061/3338/3336
f 3060/3346/3344 3061/3338/3336 2608/3347/3345
f 2608/3347/3345 3061/3338/3336 2609/3339/3337
f 2608/3347/3345 2609/3339/3337 2552/3348/3346
f 2552/3348/3346 2609/3339/3337 2551/3340/3338
f 2552/3348/3346 2551/3340/3338 3022/3349/3347
f 3022/3349/3347 2551/3340/3338 3023/3341/3339
f 3022/3349/3347 3023/3341/3339 2683/3350/3348
f 2683/3350/3348 3023/3341/3339 2684/3342/3340
f 2683/3350/3348 2684/3342/3340 2626/3351/3349
f 2626/3351/3349 2684/3342/3340 2625/3343/3341
f 2626/3351/3349 2625/3343/3341 2984/3352/3350
f 2984/3352/3350 2625/3343/3341 2985/3019/3017
f 2984/3352/3350 2985/3019/3017 2759/3018/3016
f 2533/2805/2803 2534/2807/2805 2478/3353/3351
f 2478/3353/3351 2534/2807/2805 2477/3344/3342
f 2478/3353/3351 2477/3344/3342 3153/3354/3352
f 3153/3354/3352 2477/3344/3342 3152/3345/3343
f 3153/3354/3352 3152/3345/3343 3059/3355/3353
f 3059/3355/3353 3152/3345/3343 3060/3346/3344
f 3059/3355/3353 3060/3346/3344 2607/3356/3354
f 2607/3356/3354 3060/3346/3344 2608/3347/3345
f 2607/3356/3354 2608/3347/3345 2553/3357/3355
f 2553/3357/3355 2608/3347/3345 2552/3348/3346
f 2553/3357/3355 2552/3348/3346 3021/3358/3356
f 3021/3358/3356 2552/3348/3346 3022/3349/3347
f 3021/3358/3356 3022/3349/3347 2682/3359/3357
f 2682/3359/3357 3022/3349/3347 2683/3350/3348
f 2682/3359/3357 2683/3350/3348 2627/3360/3358
f 2627/3360/3358 2683/3350/3348 2626/3351/3349
f 2627/3360/3358 2626/3351/3349 2983/3361/3359
f 2983/3361/3359 2626/3351/3349 2984/3352/3350
f 2983/3361/3359 2984/3352/3350 2758/3362/3360
f 2758/3362/3360 2984/3352/3350 2759/3018/3016
f 2758/3362/3360 2759/3018/3016 2703/3017/3015
f 2532/2803/2801 2533/2805/2803 2479/3363/3361
f 2479/3363/3361 2533/2805/2803 2478/3353/3351
f 2479/3363/3361 2478/3353/3351 3154/3364/3362
f 3154/3364/3362 2478/3353/3351 3153/3354/3352
f 3154/3364/3362 3153/3354/3352 3058/3365/3363
f 3058/3365/3363 3153/3354/3352 3059/3355/3353
f 3058/3365/3363 3059/3355/3353 2606/3366/3364
f 2606/3366/3364 3059/3355/3353 2607/3356/3354
f 2606/3366/3364 2607/3356/3354 2554/3367/3365
f 2554/3367/3365 2607/3356/3354 2553/3357/3355
f 2554/3367/3365 2553/3357/3355 3020/3368/3366
f 3020/3368/3366 2553/3357/3355 3021/3358/3356
f 3020/3368/3366 3021/3358/3356 2681/3369/3367
f 2681/3369/3367 3021/3358/3356 2682/3359/3357
f 2681/3369/3367 2682/3359/3357 2628/3370/3368
f 2628/3370/3368 2682/3359/3357 2627/3360/3358
f 2628/3370/3368 2627/3360/3358 2982/3371/3369
f 2982/3371/3369 2627/3360/3358 2983/3361/3359
f 2982/3371/3369 2983/3361/3359 2757/3372/3370
f 2757/3372/3370 2983/3361/3359 2758/3362/3360
f 2757/3372/3370 2758/3362/3360 2704/3373/3371
f 2704/3373/3371 2758/3362/3360 2703/3017/3015
f 2704/3373/3371 2703/3017/3015 2780/3016/3014
f 2531/2801/2799 2532/2803/2801 2480/3374/3372
f 2480/3374/3372 2532/2803/2801 2479/3363/3361
f 2480/3374/3372 2479/3363/3361 3155/3375/3373
f 3155/3375/3373 2479/3363/3361 3154/3364/3362
f 3155/3375/3373 3154/3364/3362 3057/3376/3374
f 3057/3376/3374 3154/3364/3362 3058/3365/3363
f 3057/3376/3374 3058/3365/3363 2605/3377/3375
f 2605/3377/3375 3058/3365/3363 2606/3366/3364
f 2605/3377/3375 2606/3366/3364 2555/3378/3376
f 2555/3378/3376 2606/3366/3364 2554/3367/3365
f 2555/3378/3376 2554/3367/3365 3019/3379/3377
f 3019/3379/3377 2554/3367/3365 3020/3368/3366
f 3019/3379/3377 3020/3368/3366 2680/3380/3378
f 2680/3380/3378 3020/3368/3366 2681/3369/3367
f 2680/3380/3378 2681/3369/3367 2629/3381/3379
f 2629/3381/3379 2681/3369/3367 2628/3370/3368
f 2629/3381/3379 2628/3370/3368 2981/3382/3380
f 2981/3382/3380 2628/3370/3368 2982/3371/3369
f 2981/3382/3380 2982/3371/3369 2756/3383/3381
f 2756/3383/3381 2982/3371/3369 2757/3372/3370
f 2756/3383/3381 2757/3372/3370 2705/3384/3382
f 2705/3384/3382 2757/3372/3370 2704/3373/3371
f 2705/3384/3382 2704/3373/3371 2781/3385/3383
f 2781/3385/3383 2704/3373/3371 2780/3016/3014
f 2781/3385/3383 2780/3016/3014 2870/3015/3013
f 2530/2799/2797 2531/2801/2799 2481/3386/3384
f 2481/3386/3384 2531/2801/2799 2480/3374/3372
f 2481/3386/3384 2480/3374/3372 3156/3387/3385
f 3156/3387/3385 2480/3374/3372 3155/3375/3373
f 3156/3387/3385 3155/3375/3373 3056/3388/3386
f 3056/3388/3386 3155/3375/3373 3057/3376/3374
f 3056/3388/3386 3057/3376/3374 2604/3389/3387
f 2604/3389/3387 3057/3376/3374 2605/3377/3375
f 2604/3389/3387 2605/3377/3375 2556/3390/3388
f 2556/3390/3388 2605/3377/3375 2555/3378/3376
f 2556/3390/3388 2555/3378/3376 3018/3391/3389
f 3018/3391/3389 2555/3378/3376 3019/3379/3377
f 3018/3391/3389 3019/3379/3377 2679/3392/3390
f 2679/3392/3390 3019/3379/3377 2680/3380/3378
f 2679/3392/3390 2680/3380/3378 2630/3393/3391
f 2630/3393/3391 2680/3380/3378 2629/3381/3379
f 2630/3393/3391 2629/3381/3379 2980/3394/3392
f 2980/3394/3392 2629/3381/3379 2981/3382/3380
f 2980/3394/3392 2981/3382/3380 2755/3395/3393
f 2755/3395/3393 2981/3382/3380 2756/3383/3381
f 2755/3395/3393 2756/3383/3381 2706/3396/3394
f 2706/3396/3394 2756/3383/3381 2705/3384/3382
f 2706/3396/3394 2705/3384/3382 2782/3397/3395
f 2782/3397/3395 2705/3384/3382 2781/3385/3383
f 2782/3397/3395 2781/3385/3383 2869/3398/3396
f 2869/3398/3396 2781/3385/3383 2870/3015/3013
f 2869/3398/3396 2870/3015/3013 2820/3014/3012
f 2529/2797/2795 2530/2799/2797 2482/3399/3397
f 2482/3399/3397 2530/2799/2797 2481/3386/3384
f 2482/3399/3397 2481/3386/3384 3157/3400/3398
f 3157/3400/3398 2481/3386/3384 3156/3387/3385
f 3157/3400/3398 3156/3387/3385 3055/3401/3399
f 3055/3401/3399 3156/3387/3385 3056/3388/3386
f 3055/3401/3399 3056/3388/3386 2603/3402/3400
f 2603/3402/3400 3056/3388/3386 2604/3389/3387
f 2603/3402/3400 2604/3389/3387 2557/3403/3401
f 2557/3403/3401 2604/3389/3387 2556/3390/3388
f 2557/3403/3401 2556/3390/3388 3017/3404/3402
f 3017/3404/3402 2556/3390/3388 3018/3391/3389
f 3017/3404/3402 3018/3391/3389 2678/3405/3403
f 2678/3405/3403 3018/3391/3389 2679/3392/3390
f 2678/3405/3403 2679/3392/3390 2631/3406/3404
f 2631/3406/3404 2679/3392/3390 2630/3393/3391
f 2631/3406/3404 2630/3393/3391 2979/3407/3405
f 2979/3407/3405 2630/3393/3391 2980/3394/3392
f 2979/3407/3405 2980/3394/3392 2754/3408/3406
f 2754/3408/3406 2980/3394/3392 2755/3395/3393
f 2754/3408/3406 2755/3395/3393 2707/3409/3407
f 2707/3409/3407 2755/3395/3393 2706/3396/3394
f 2707/3409/3407 2706/3396/3394 2783/3410/3408
f 2783/3410/3408 2706/3396/3394 2782/3397/3395
f 2783/3410/3408 2782/3397/3395 2868/3411/3409
f 2868/3411/3409 2782/3397/3395 2869/3398/3396
f 2868/3411/3409 2869/3398/3396 2821/3412/3410
f 2821/3412/3410 2869/3398/3396 2820/3014/3012
f 2821/3412/3410 2820/3014/3012 2942/3013/3011
f 2528/2795/2793 2529/2797/2795 2483/3413/3411
f 2483/3413/3411 2529/2797/2795 2482/3399/3397
f 2483/3413/3411 2482/3399/3397 3158/3414/3412
f 3158/3414/3412 2482/3399/3397 3157/3400/3398
f 3158/3414/3412 3157/3400/3398 3054/3415/3413
f 3054/3415/3413 3157/3400/3398 3055/3401/3399
f 3054/3415/3413 3055/3401/3399 2602/3416/3414
f 2602/3416/3414 3055/3401/3399 2603/3402/3400
f 2602/3416/3414 2603/3402/3400 2558/3417/3415
f 2558/3417/3415 2603/3402/3400 2557/3403/3401
f 2558/3417/3415 2557/3403/3401 3016/3418/3416
f 3016/3418/3416 2557/3403/3401 3017/3404/3402
f 3016/3418/3416 3017/3404/3402 2677/3419/3417
f 2677/3419/3417 3017/3404/3402 2678/3405/3403
f 2677/3419/3417 2678/3405/3403 2632/3420/3418
f 2632/3420/3418 2678/3405/3403 2631/3406/3404
f 2632/3420/3418 2631/3406/3404 2978/3421/3419
f 2978/3421/3419 2631/3406/3404 2979/3407/3405
f 2978/3421/3419 2979/3407/3405 2753/3422/3420
f 2753/3422/3420 2979/3407/3405 2754/3408/3406
f 2753/3422/3420 2754/3408/3406 2708/3423/3421
f 2708/3423/3421 2754/3408/3406 2707/3409/3407
f 2708/3423/3421 2707/3409/3407 2784/3424/3422
f 2784/3424/3422 2707/3409/3407 2783/3410/3408
f 2784/3424/3422 2783/3410/3408 2867/3425/3423
f 2867/3425/3423 2783/3410/3408 2868/3411/3409
f 2867/3425/3423 2868/3411/3409 2822/3426/3424
f 2822/3426/3424 2868/3411/3409 2821/3412/3410
f 2822/3426/3424 2821/3412/3410 2941/3427/3425
f 2941/3427/3425 2821/3412/3410 2942/3013/3011
f 2941/3427/3425 2942/3013/3011 2897/3012/3010
f 2527/2793/2791 2528/2795/2793 2484/3057/3055
f 2484/3057/3055 2528/2795/2793 2483/3413/3411
f 2484/3057/3055 2483/3413/3411 3159/3055/3053
f 3159/3055/3053 2483/3413/3411 3158/3414/3412
f 3159/3055/3053 3158/3414/3412 3053/3053/3051
f 3053/3053/3051 3158/3414/3412 3054/3415/3413
f 3053/3053/3051 3054/3415/3413 2601/3051/3049
f 2601/3051/3049 3054/3415/3413 2602/3416/3414
f 2601/3051/3049 2602/3416/3414 2559/3049/3047
f 2559/3049/3047 2602/3416/3414 2558/3417/3415
f 2559/3049/3047 2558/3417/3415 3015/3047/3045
f 3015/3047/3045 2558/3417/3415 3016/3418/3416
f 3015/3047/3045 3016/3418/3416 2676/3045/3043
f 2676/3045/3043 3016/3418/3416 2677/3419/3417
f 2676/3045/3043 2677/3419/3417 2633/3043/3041
f 2633/3043/3041 2677/3419/3417 2632/3420/3418
f 2633/3043/3041 2632/3420/3418 2977/3041/3039
f 2977/3041/3039 2632/3420/3418 2978/3421/3419
f 2977/3041/3039 2978/3421/3419 2752/3039/3037
f 2752/3039/3037 2978/3421/3419 2753/3422/3420
f 2752/3039/3037 2753/3422/3420 2709/3037/3035
f 2709/3037/3035 2753/3422/3420 2708/3423/3421
f 2709/3037/3035 2708/3423/3421 2785/3035/3033
f 2785/3035/3033 2708/3423/3421 2784/3424/3422
f 2785/3035/3033 2784/3424/3422 2866/3033/3031
f 2866/3033/3031 2784/3424/3422 2867/3425/3423
f 2866/3033/3031 2867/3425/3423 2823/3031/3029
f 2823/3031/3029 2867/3425/3423 2822/3426/3424
f 2823/3031/3029 2822/3426/3424 2940/3029/3027
f 2940/3029/3027 2822/3426/3424 2941/3427/3425
f 2940/3029/3027 2941/3427/3425 2898/3011/3009
f 2898/3011/3009 2941/3427/3425 2897/3012/3010
f 2522/2783/2781 2523/2785/2783 2489/3428/3426
f 2489/3428/3426 2523/2785/2783 2488/3109/3107
f 2489/3428/3426 2488/3109/3107 3164/3429/3427
f 3164/3429/3427 2488/3109/3107 3163/3108/3106
f 3164/3429/3427 3163/3108/3106 3048/3430/3428
f 3048/3430/3428 3163/3108/3106 3049/3107/3105
f 3048/3430/3428 3049/3107/3105 2596/3431/3429
f 2596/3431/3429 3049/3107/3105 2597/3106/3104
f 2596/3431/3429 2597/3106/3104 2564/3432/3430
f 2564/3432/3430 2597/3106/3104 2563/3105/3103
f 2564/3432/3430 2563/3105/3103 3010/3433/3431
f 3010/3433/3431 2563/3105/3103 3011/3104/3102
f 3010/3433/3431 3011/3104/3102 2671/3434/3432
f 2671/3434/3432 3011/3104/3102 2672/3103/3101
f 2671/3434/3432 2672/3103/3101 2638/3435/3433
f 2638/3435/3433 2672/3103/3101 2637/3102/3100
f 2638/3435/3433 2637/3102/3100 2972/3436/3434
f 2972/3436/3434 2637/3102/3100 2973/3101/3099
f 2972/3436/3434 2973/3101/3099 2747/3437/3435
f 2747/3437/3435 2973/3101/3099 2748/3100/3098
f 2747/3437/3435 2748/3100/3098 2714/3438/3436
f 2714/3438/3436 2748/3100/3098 2713/3099/3097
f 2714/3438/3436 2713/3099/3097 2790/3439/3437
f 2790/3439/3437 2713/3099/3097 2789/3098/3096
f 2790/3439/3437 2789/3098/3096 2861/3440/3438
f 2861/3440/3438 2789/3098/3096 2862/3097/3095
f 2861/3440/3438 2862/3097/3095 2828/3441/3439
f 2828/3441/3439 2862/3097/3095 2827/3096/3094
f 2828/3441/3439 2827/3096/3094 2935/3442/3440
f 2935/3442/3440 2827/3096/3094 2936/3095/3093
f 2935/3442/3440 2936/3095/3093 2903/3112/3110
f 2903/3112/3110 2936/3095/3093 2902/3094/3092
f 2521/2781/2779 2522/2783/2781 2490/3443/3441
f 2490/3443/3441 2522/2783/2781 2489/3428/3426
f 2490/3443/3441 2489/3428/3426 3165/3444/3442
f 3165/3444/3442 2489/3428/3426 3164/3429/3427
f 3165/3444/3442 3164/3429/3427 3047/3445/3443
f 3047/3445/3443 3164/3429/3427 3048/3430/3428
f 3047/3445/3443 3048/3430/3428 2595/3446/3444
f 2595/3446/3444 3048/3430/3428 2596/3431/3429
f 2595/3446/3444 2596/3431/3429 2565/3447/3445
f 2565/3447/3445 2596/3431/3429 2564/3432/3430
f 2565/3447/3445 2564/3432/3430 3009/3448/3446
f 3009/3448/3446 2564/3432/3430 3010/3433/3431
f 3009/3448/3446 3010/3433/3431 2670/3449/3447
f 2670/3449/3447 3010/3433/3431 2671/3434/3432
f 2670/3449/3447 2671/3434/3432 2639/3450/3448
f 2639/3450/3448 2671/3434/3432 2638/3435/3433
f 2639/3450/3448 2638/3435/3433 2971/3451/3449
f 2971/3451/3449 2638/3435/3433 2972/3436/3434
f 2971/3451/3449 2972/3436/3434 2746/3452/3450
f 2746/3452/3450 2972/3436/3434 2747/3437/3435
f 2746/3452/3450 2747/3437/3435 2715/3453/3451
f 2715/3453/3451 2747/3437/3435 2714/3438/3436
f 2715/3453/3451 2714/3438/3436 2791/3454/3452
f 2791/3454/3452 2714/3438/3436 2790/3439/3437
f 2791/3454/3452 2790/3439/3437 2860/3455/3453
f 2860/3455/3453 2790/3439/3437 2861/3440/3438
f 2860/3455/3453 2861/3440/3438 2829/3456/3454
f 2829/3456/3454 2861/3440/3438 2828/3441/3439
f 2829/3456/3454 2828/3441/3439 2934/3457/3455
f 2934/3457/3455 2828/3441/3439 2935/3442/3440
f 2934/3457/3455 2935/3442/3440 2904/3114/3112
f 2904/3114/3112 2935/3442/3440 2903/3112/3110
f 2520/2779/2777 2521/2781/2779 2491/3146/3144
f 2491/3146/3144 2521/2781/2779 2490/3443/3441
f 2491/3146/3144 2490/3443/3441 3166/3144/3142
f 3166/3144/3142 2490/3443/3441 3165/3444/3442
f 3166/3144/3142 3165/3444/3442 3046/3142/3140
f 3046/3142/3140 3165/3444/3442 3047/3445/3443
f 3046/3142/3140 3047/3445/3443 2594/3140/3138
f 2594/3140/3138 3047/3445/3443 2595/3446/3444
f 2594/3140/3138 2595/3446/3444 2566/3138/3136
f 2566/3138/3136 2595/3446/3444 2565/3447/3445
f 2566/3138/3136 2565/3447/3445 3008/3136/3134
f 3008/3136/3134 2565/3447/3445 3009/3448/3446
f 3008/3136/3134 3009/3448/3446 2669/3134/3132
f 2669/3134/3132 3009/3448/3446 2670/3449/3447
f 2669/3134/3132 2670/3449/3447 2640/3132/3130
f 2640/3132/3130 2670/3449/3447 2639/3450/3448
f 2640/3132/3130 2639/3450/3448 2970/3130/3128
f 2970/3130/3128 2639/3450/3448 2971/3451/3449
f 2970/3130/3128 2971/3451/3449 2745/3128/3126
f 2745/3128/3126 2971/3451/3449 2746/3452/3450
f 2745/3128/3126 2746/3452/3450 2716/3126/3124
f 2716/3126/3124 2746/3452/3450 2715/3453/3451
f 2716/3126/3124 2715/3453/3451 2792/3124/3122
f 2792/3124/3122 2715/3453/3451 2791/3454/3452
f 2792/3124/3122 2791/3454/3452 2859/3122/3120
f 2859/3122/3120 2791/3454/3452 2860/3455/3453
f 2859/3122/3120 2860/3455/3453 2830/3120/3118
f 2830/3120/3118 2860/3455/3453 2829/3456/3454
f 2830/3120/3118 2829/3456/3454 2933/3118/3116
f 2933/3118/3116 2829/3456/3454 2934/3457/3455
f 2933/3118/3116 2934/3457/3455 2905/3116/3114
f 2905/3116/3114 2934/3457/3455 2904/3114/3112
f 2517/2773/2771 2518/2775/2773 2494/3458/3456
f 2494/3458/3456 2518/2775/2773 2493/3164/3162
f 2494/3458/3456 2493/3164/3162 3169/3459/3457
f 3169/3459/3457 2493/3164/3162 3168/3163/3161
f 3169/3459/3457 3168/3163/3161 3043/3460/3458
f 3043/3460/3458 3168/3163/3161 3044/3162/3160
f 3043/3460/3458 3044/3162/3160 2591/3461/3459
f 2591/3461/3459 3044/3162/3160 2592/3161/3159
f 2591/3461/3459 2592/3161/3159 2569/3462/3460
f 2569/3462/3460 2592/3161/3159 2568/3160/3158
f 2569/3462/3460 2568/3160/3158 3005/3463/3461
f 3005/3463/3461 2568/3160/3158 3006/3159/3157
f 3005/3463/3461 3006/3159/3157 2666/3464/3462
f 2666/3464/3462 3006/3159/3157 2667/3158/3156
f 2666/3464/3462 2667/3158/3156 2643/3465/3463
f 2643/3465/3463 2667/3158/3156 2642/3157/3155
f 2643/3465/3463 2642/3157/3155 2967/3466/3464
f 2967/3466/3464 2642/3157/3155 2968/3156/3154
f 2967/3466/3464 2968/3156/3154 2742/3467/3465
f 2742/3467/3465 2968/3156/3154 2743/3155/3153
f 2742/3467/3465 2743/3155/3153 2719/3468/3466
f 2719/3468/3466 2743/3155/3153 2718/3154/3152
f 2719/3468/3466 2718/3154/3152 2795/3469/3467
f 2795/3469/3467 2718/3154/3152 2794/3153/3151
f 2795/3469/3467 2794/3153/3151 2856/3176/3174
f 2516/2771/2769 2517/2773/2771 2495/3470/3468
f 2495/3470/3468 2517/2773/2771 2494/3458/3456
f 2495/3470/3468 2494/3458/3456 3170/3471/3469
f 3170/3471/3469 2494/3458/3456 3169/3459/3457
f 3170/3471/3469 3169/3459/3457 3042/3472/3470
f 3042/3472/3470 3169/3459/3457 3043/3460/3458
f 3042/3472/3470 3043/3460/3458 2590/3473/3471
f 2590/3473/3471 3043/3460/3458 2591/3461/3459
f 2590/3473/3471 2591/3461/3459 2570/3474/3472
f 2570/3474/3472 2591/3461/3459 2569/3462/3460
f 2570/3474/3472 2569/3462/3460 3004/3475/3473
f 3004/3475/3473 2569/3462/3460 3005/3463/3461
f 3004/3475/3473 3005/3463/3461 2665/3476/3474
f 2665/3476/3474 3005/3463/3461 2666/3464/3462
f 2665/3476/3474 2666/3464/3462 2644/3477/3475
f 2644/3477/3475 2666/3464/3462 2643/3465/3463
f 2644/3477/3475 2643/3465/3463 2966/3478/3476
f 2966/3478/3476 2643/3465/3463 2967/3466/3464
f 2966/3478/3476 2967/3466/3464 2741/3479/3477
f 2741/3479/3477 2967/3466/3464 2742/3467/3465
f 2741/3479/3477 2742/3467/3465 2720/3480/3478
f 2720/3480/3478 2742/3467/3465 2719/3468/3466
f 2720/3480/3478 2719/3468/3466 2796/3481/3479
f 2796/3481/3479 2719/3468/3466 2795/3469/3467
f 2796/3481/3479 2795/3469/3467 2855/3482/3480
f 2855/3482/3480 2795/3469/3467 2856/3176/3174
f 2855/3482/3480 2856/3176/3174 2834/3174/3172
f 2515/2769/2767 2516/2771/2769 2496/3483/3481
f 2496/3483/3481 2516/2771/2769 2495/3470/3468
f 2496/3483/3481 2495/3470/3468 3171/3484/3482
f 3171/3484/3482 2495/3470/3468 3170/3471/3469
f 3171/3484/3482 3170/3471/3469 3041/3485/3483
f 3041/3485/3483 3170/3471/3469 3042/3472/3470
f 3041/3485/3483 3042/3472/3470 2589/3486/3484
f 2589/3486/3484 3042/3472/3470 2590/3473/3471
f 2589/3486/3484 2590/3473/3471 2571/3487/3485
f 2571/3487/3485 2590/3473/3471 2570/3474/3472
f 2571/3487/3485 2570/3474/3472 3003/3488/3486
f 3003/3488/3486 2570/3474/3472 3004/3475/3473
f 3003/3488/3486 3004/3475/3473 2664/3489/3487
f 2664/3489/3487 3004/3475/3473 2665/3476/3474
f 2664/3489/3487 2665/3476/3474 2645/3490/3488
f 2645/3490/3488 2665/3476/3474 2644/3477/3475
f 2645/3490/3488 2644/3477/3475 2965/3491/3489
f 2965/3491/3489 2644/3477/3475 2966/3478/3476
f 2965/3491/3489 2966/3478/3476 2740/3492/3490
f 2740/3492/3490 2966/3478/3476 2741/3479/3477
f 2740/3492/3490 2741/3479/3477 2721/3493/3491
f 2721/3493/3491 2741/3479/3477 2720/3480/3478
f 2721/3493/3491 2720/3480/3478 2797/3494/3492
f 2797/3494/3492 2720/3480/3478 2796/3481/3479
f 2797/3494/3492 2796/3481/3479 2854/3495/3493
f 2854/3495/3493 2796/3481/3479 2855/3482/3480
f 2854/3495/3493 2855/3482/3480 2835/3496/3494
f 2835/3496/3494 2855/3482/3480 2834/3174/3172
f 2835/3496/3494 2834/3174/3172 2928/3172/3170
f 2514/2767/2765 2515/2769/2767 2497/3497/3495
f 2497/3497/3495 2515/2769/2767 2496/3483/3481
f 2497/3497/3495 2496/3483/3481 3172/3498/3496
f 3172/3498/3496 2496/3483/3481 3171/3484/3482
f 3172/3498/3496 3171/3484/3482 3040/3499/3497
f 3040/3499/3497 3171/3484/3482 3041/3485/3483
f 3040/3499/3497 3041/3485/3483 2588/3500/3498
f 2588/3500/3498 3041/3485/3483 2589/3486/3484
f 2588/3500/3498 2589/3486/3484 2572/3501/3499
f 2572/3501/3499 2589/3486/3484 2571/3487/3485
f 2572/3501/3499 2571/3487/3485 3002/3502/3500
f 3002/3502/3500 2571/3487/3485 3003/3488/3486
f 3002/3502/3500 3003/3488/3486 2663/3503/3501
f 2663/3503/3501 3003/3488/3486 2664/3489/3487
f 2663/3503/3501 2664/3489/3487 2646/3504/3502
f 2646/3504/3502 2664/3489/3487 2645/3490/3488
f 2646/3504/3502 2645/3490/3488 2964/3505/3503
f 2964/3505/3503 2645/3490/3488 2965/3491/3489
f 2964/3505/3503 2965/3491/3489 2739/3506/3504
f 2739/3506/3504 2965/3491/3489 2740/3492/3490
f 2739/3506/3504 2740/3492/3490 2722/3507/3505
f 2722/3507/3505 2740/3492/3490 2721/3493/3491
f 2722/3507/3505 2721/3493/3491 2798/3508/3506
f 2798/3508/3506 2721/3493/3491 2797/3494/3492
f 2798/3508/3506 2797/3494/3492 2853/3509/3507
f 2853/3509/3507 2797/3494/3492 2854/3495/3493
f 2853/3509/3507 2854/3495/3493 2836/3510/3508
f 2836/3510/3508 2854/3495/3493 2835/3496/3494
f 2836/3510/3508 2835/3496/3494 2927/3511/3509
f 2927/3511/3509 2835/3496/3494 2928/3172/3170
f 2927/3511/3509 2928/3172/3170 2911/3170/3168
f 2513/2765/2763 2514/2767/2765 2498/3512/3510
f 2498/3512/3510 2514/2767/2765 2497/3497/3495
f 2498/3512/3510 2497/3497/3495 3173/3513/3511
f 3173/3513/3511 2497/3497/3495 3172/3498/3496
f 3173/3513/3511 3172/3498/3496 3039/3514/3512
f 3039/3514/3512 3172/3498/3496 3040/3499/3497
f 3039/3514/3512 3040/3499/3497 2587/3515/3513
f 2587/3515/3513 3040/3499/3497 2588/3500/3498
f 2587/3515/3513 2588/3500/3498 2573/3516/3514
f 2573/3516/3514 2588/3500/3498 2572/3501/3499
f 2573/3516/3514 2572/3501/3499 3001/3517/3515
f 3001/3517/3515 2572/3501/3499 3002/3502/3500
f 3001/3517/3515 3002/3502/3500 2662/3518/3516
f 2662/3518/3516 3002/3502/3500 2663/3503/3501
f 2662/3518/3516 2663/3503/3501 2647/3519/3517
f 2647/3519/3517 2663/3503/3501 2646/3504/3502
f 2647/3519/3517 2646/3504/3502 2963/3520/3518
f 2963/3520/3518 2646/3504/3502 2964/3505/3503
f 2963/3520/3518 2964/3505/3503 2738/3521/3519
f 2738/3521/3519 2964/3505/3503 2739/3506/3504
f 2738/3521/3519 2739/3506/3504 2723/3522/3520
f 2723/3522/3520 2739/3506/3504 2722/3507/3505
f 2723/3522/3520 2722/3507/3505 2799/3523/3521
f 2799/3523/3521 2722/3507/3505 2798/3508/3506
f 2799/3523/3521 2798/3508/3506 2852/3524/3522
f 2852/3524/3522 2798/3508/3506 2853/3509/3507
f 2852/3524/3522 2853/3509/3507 2837/3525/3523
f 2837/3525/3523 2853/3509/3507 2836/3510/3508
f 2837/3525/3523 2836/3510/3508 2926/3526/3524
f 2926/3526/3524 2836/3510/3508 2927/3511/3509
f 2926/3526/3524 2927/3511/3509 2912/3169/3167
f 2912/3169/3167 2927/3511/3509 2911/3170/3168
f 2512/2763/2761 2513/2765/2763 2499/3527/3525
f 2499/3527/3525 2513/2765/2763 2498/3512/3510
f 2499/3527/3525 2498/3512/3510 3174/3528/3526
f 3174/3528/3526 2498/3512/3510 3173/3513/3511
f 3174/3528/3526 3173/3513/3511 3038/3529/3527
f 3038/3529/3527 3173/3513/3511 3039/3514/3512
f 3038/3529/3527 3039/3514/3512 2586/3530/3528
f 2586/3530/3528 3039/3514/3512 2587/3515/3513
f 2586/3530/3528 2587/3515/3513 2574/3531/3529
f 2574/3531/3529 2587/3515/3513 2573/3516/3514
f 2574/3531/3529 2573/3516/3514 3000/3532/3530
f 3000/3532/3530 2573/3516/3514 3001/3517/3515
f 3000/3532/3530 3001/3517/3515 2661/3533/3531
f 2661/3533/3531 3001/3517/3515 2662/3518/3516
f 2661/3533/3531 2662/3518/3516 2648/3534/3532
f 2648/3534/3532 2662/3518/3516 2647/3519/3517
f 2648/3534/3532 2647/3519/3517 2962/3535/3533
f 2962/3535/3533 2647/3519/3517 2963/3520/3518
f 2962/3535/3533 2963/3520/3518 2737/3536/3534
f 2737/3536/3534 2963/3520/3518 2738/3521/3519
f 2737/3536/3534 2738/3521/3519 2724/3537/3535
f 2724/3537/3535 2738/3521/3519 2723/3522/3520
f 2724/3537/3535 2723/3522/3520 2800/3538/3536
f 2800/3538/3536 2723/3522/3520 2799/3523/3521
f 2800/3538/3536 2799/3523/3521 2851/3539/3537
f 2851/3539/3537 2799/3523/3521 2852/3524/3522
f 2851/3539/3537 2852/3524/3522 2838/3540/3538
f 2838/3540/3538 2852/3524/3522 2837/3525/3523
f 2838/3540/3538 2837/3525/3523 2925/3541/3539
f 2925/3541/3539 2837/3525/3523 2926/3526/3524
f 2925/3541/3539 2926/3526/3524 2913/3177/3175
f 2913/3177/3175 2926/3526/3524 2912/3169/3167
f 2511/2761/2759 2512/2763/2761 2500/3209/3207
f 2500/3209/3207 2512/2763/2761 2499/3527/3525
f 2500/3209/3207 2499/3527/3525 3175/3207/3205
f 3175/3207/3205 2499/3527/3525 3174/3528/3526
f 3175/3207/3205 3174/3528/3526 3037/3205/3203
f 3037/3205/3203 3174/3528/3526 3038/3529/3527
f 3037/3205/3203 3038/3529/3527 2585/3203/3201
f 2585/3203/3201 3038/3529/3527 2586/3530/3528
f 2585/3203/3201 2586/3530/3528 2575/3201/3199
f 2575/3201/3199 2586/3530/3528 2574/3531/3529
f 2575/3201/3199 2574/3531/3529 2999/3199/3197
f 2999/3199/3197 2574/3531/3529 3000/3532/3530
f 2999/3199/3197 3000/3532/3530 2660/3197/3195
f 2660/3197/3195 3000/3532/3530 2661/3533/3531
f 2660/3197/3195 2661/3533/3531 2649/3195/3193
f 2649/3195/3193 2661/3533/3531 2648/3534/3532
f 2649/3195/3193 2648/3534/3532 2961/3193/3191
f 2961/3193/3191 2648/3534/3532 2962/3535/3533
f 2961/3193/3191 2962/3535/3533 2736/3191/3189
f 2736/3191/3189 2962/3535/3533 2737/3536/3534
f 2736/3191/3189 2737/3536/3534 2725/3189/3187
f 2725/3189/3187 2737/3536/3534 2724/3537/3535
f 2725/3189/3187 2724/3537/3535 2801/3187/3185
f 2801/3187/3185 2724/3537/3535 2800/3538/3536
f 2801/3187/3185 2800/3538/3536 2850/3185/3183
f 2850/3185/3183 2800/3538/3536 2851/3539/3537
f 2850/3185/3183 2851/3539/3537 2839/3183/3181
f 2839/3183/3181 2851/3539/3537 2838/3540/3538
f 2839/3183/3181 2838/3540/3538 2924/3181/3179
f 2924/3181/3179 2838/3540/3538 2925/3541/3539
f 2924/3181/3179 2925/3541/3539 2914/3179/3177
f 2914/3179/3177 2925/3541/3539 2913/3177/3175
f 2616/2832/2830 2617/2946/2944 2544/3284/3282
f 2544/3284/3282 2617/2946/2944 2425/2945/2943
f 2544/3284/3282 2545/2834/2832 2616/2832/2830
f 2994/3272/3270 2424/3271/3269 2579/3283/3281
f 2994/3272/3270 2579/3283/3281 2995/3269/3267
f 2995/3269/3267 2579/3283/3281 2578/3240/3238
f 2691/2951/2949 2692/2949/2947 2618/3285/3283
f 2618/3285/3283 2692/2949/2947 2427/2948/2946
f 2690/2953/2951 2691/2951/2949 2619/3286/3284
f 2619/3286/3284 2691/2951/2949 2618/3285/3283
f 2689/2955/2953 2690/2953/2951 2620/3287/3285
f 2620/3287/3285 2690/2953/2951 2619/3286/3284
f 2688/2838/2836 2689/2955/2953 2621/3288/3286
f 2621/3288/3286 2689/2955/2953 2620/3287/3285
f 2621/3288/3286 2622/2840/2838 2688/2838/2836
f 2652/3237/3235 2653/3542/3540 2657/3238/3236
f 2657/3238/3236 2653/3542/3540 2656/3268/3266
f 2657/3238/3236 2656/3268/3266 2996/3239/3237
f 2426/3264/3262 2654/3266/3264 2653/3542/3540
f 2653/3542/3540 2654/3266/3264 2656/3268/3266
f 2653/3542/3540 2652/3237/3235 2957/3543/3541
f 2957/3543/3541 2652/3237/3235 2958/3236/3234
f 2957/3543/3541 2958/3236/3234 2732/3544/3542
f 2732/3544/3542 2958/3236/3234 2733/3235/3233
f 2732/3544/3542 2733/3235/3233 2729/3262/3260
f 2729/3262/3260 2733/3235/3233 2728/3234/3232
f 2767/2960/2958 2768/2958/2956 2694/3545/3543
f 2694/3545/3543 2768/2958/2956 2693/2957/2955
f 2694/3545/3543 2693/2957/2955 2770/3546/3544
f 2770/3546/3544 2693/2957/2955 2769/2971/2969
f 2770/3546/3544 2769/2971/2969 2881/3547/3545
f 2881/3547/3545 2769/2971/2969 2882/2973/2971
f 2881/3547/3545 2882/2973/2971 2808/2975/2973
f 2766/2962/2960 2767/2960/2958 2695/3548/3546
f 2695/3548/3546 2767/2960/2958 2694/3545/3543
f 2695/3548/3546 2694/3545/3543 2771/3549/3547
f 2771/3549/3547 2694/3545/3543 2770/3546/3544
f 2771/3549/3547 2770/3546/3544 2880/3550/3548
f 2880/3550/3548 2770/3546/3544 2881/3547/3545
f 2880/3550/3548 2881/3547/3545 2809/3551/3549
f 2809/3551/3549 2881/3547/3545 2808/2975/2973
f 2809/3551/3549 2808/2975/2973 2954/2977/2975
f 2765/2964/2962 2766/2962/2960 2696/3552/3550
f 2696/3552/3550 2766/2962/2960 2695/3548/3546
f 2696/3552/3550 2695/3548/3546 2772/3553/3551
f 2772/3553/3551 2695/3548/3546 2771/3549/3547
f 2772/3553/3551 2771/3549/3547 2879/3554/3552
f 2879/3554/3552 2771/3549/3547 2880/3550/3548
f 2879/3554/3552 2880/3550/3548 2810/3555/3553
f 2810/3555/3553 2880/3550/3548 2809/3551/3549
f 2810/3555/3553 2809/3551/3549 2953/3556/3554
f 2953/3556/3554 2809/3551/3549 2954/2977/2975
f 2953/3556/3554 2954/2977/2975 2885/2979/2977
f 2764/2966/2964 2765/2964/2962 2697/3557/3555
f 2697/3557/3555 2765/2964/2962 2696/3552/3550
f 2697/3557/3555 2696/3552/3550 2773/3558/3556
f 2773/3558/3556 2696/3552/3550 2772/3553/3551
f 2773/3558/3556 2772/3553/3551 2878/3559/3557
f 2878/3559/3557 2772/3553/3551 2879/3554/3552
f 2878/3559/3557 2879/3554/3552 2811/3560/3558
f 2811/3560/3558 2879/3554/3552 2810/3555/3553
f 2811/3560/3558 2810/3555/3553 2952/3561/3559
f 2952/3561/3559 2810/3555/3553 2953/3556/3554
f 2952/3561/3559 2953/3556/3554 2886/2990/2988
f 2886/2990/2988 2953/3556/3554 2885/2979/2977
f 2763/2968/2966 2764/2966/2964 2698/3562/3560
f 2698/3562/3560 2764/2966/2964 2697/3557/3555
f 2698/3562/3560 2697/3557/3555 2774/3563/3561
f 2774/3563/3561 2697/3557/3555 2773/3558/3556
f 2774/3563/3561 2773/3558/3556 2877/3564/3562
f 2877/3564/3562 2773/3558/3556 2878/3559/3557
f 2877/3564/3562 2878/3559/3557 2812/3565/3563
f 2812/3565/3563 2878/3559/3557 2811/3560/3558
f 2812/3565/3563 2811/3560/3558 2951/3566/3564
f 2951/3566/3564 2811/3560/3558 2952/3561/3559
f 2951/3566/3564 2952/3561/3559 2887/2992/2990
f 2887/2992/2990 2952/3561/3559 2886/2990/2988
f 2762/2970/2968 2763/2968/2966 2699/3567/3565
f 2699/3567/3565 2763/2968/2966 2698/3562/3560
f 2699/3567/3565 2698/3562/3560 2775/3568/3566
f 2775/3568/3566 2698/3562/3560 2774/3563/3561
f 2775/3568/3566 2774/3563/3561 2876/3569/3567
f 2876/3569/3567 2774/3563/3561 2877/3564/3562
f 2876/3569/3567 2877/3564/3562 2813/3570/3568
f 2813/3570/3568 2877/3564/3562 2812/3565/3563
f 2813/3570/3568 2812/3565/3563 2950/3571/3569
f 2950/3571/3569 2812/3565/3563 2951/3566/3564
f 2950/3571/3569 2951/3566/3564 2888/2994/2992
f 2888/2994/2992 2951/3566/3564 2887/2992/2990
f 2761/2844/2842 2762/2970/2968 2700/3572/3570
f 2700/3572/3570 2762/2970/2968 2699/3567/3565
f 2700/3572/3570 2699/3567/3565 2776/3573/3571
f 2776/3573/3571 2699/3567/3565 2775/3568/3566
f 2776/3573/3571 2775/3568/3566 2875/3574/3572
f 2875/3574/3572 2775/3568/3566 2876/3569/3567
f 2875/3574/3572 2876/3569/3567 2814/3575/3573
f 2814/3575/3573 2876/3569/3567 2813/3570/3568
f 2814/3575/3573 2813/3570/3568 2949/3576/3574
f 2949/3576/3574 2813/3570/3568 2950/3571/3569
f 2949/3576/3574 2950/3571/3569 2889/2996/2994
f 2889/2996/2994 2950/3571/3569 2888/2994/2992
f 2761/2844/2842 2700/3572/3570 2701/2846/2844
f 2701/2846/2844 2700/3572/3570 2777/3577/3575
f 2701/2846/2844 2777/3577/3575 2778/2848/2846
f 2778/2848/2846 2777/3577/3575 2873/3578/3576
f 2778/2848/2846 2873/3578/3576 2872/2850/2848
f 2872/2850/2848 2873/3578/3576 2817/3007/3005
f 2777/3577/3575 2700/3572/3570 2776/3573/3571
f 2729/3262/3260 2730/3261/3259 2732/3544/3542
f 2732/3544/3542 2730/3261/3259 2731/3260/3258
f 2732/3544/3542 2731/3260/3258 2957/3543/3541
f 2957/3543/3541 2731/3260/3258 2426/3264/3262
f 2957/3543/3541 2426/3264/3262 2653/3542/3540
f 2777/3577/3575 2776/3573/3571 2874/3579/3577
f 2874/3579/3577 2776/3573/3571 2875/3574/3572
f 2874/3579/3577 2875/3574/3572 2815/3580/3578
f 2815/3580/3578 2875/3574/3572 2814/3575/3573
f 2815/3580/3578 2814/3575/3573 2948/3581/3579
f 2948/3581/3579 2814/3575/3573 2949/3576/3574
f 2948/3581/3579 2949/3576/3574 2890/2999/2997
f 2890/2999/2997 2949/3576/3574 2889/2996/2994
f 2845/3256/3254 2806/3255/3253 2805/3263/3261
f 2847/3232/3230 2846/3257/3255 2804/3233/3231
f 2804/3233/3231 2846/3257/3255 2805/3263/3261
f 2846/3257/3255 2845/3256/3254 2805/3263/3261
f 2815/3580/3578 2816/3582/3580 2874/3579/3577
f 2874/3579/3577 2816/3582/3580 2873/3578/3576
f 2874/3579/3577 2873/3578/3576 2777/3577/3575
f 2946/3005/3003 2817/3007/3005 2816/3582/3580
f 2816/3582/3580 2817/3007/3005 2873/3578/3576
f 2816/3582/3580 2815/3580/3578 2947/3583/3581
f 2947/3583/3581 2815/3580/3578 2948/3581/3579
f 2947/3583/3581 2948/3581/3579 2891/3001/2999
f 2891/3001/2999 2948/3581/3579 2890/2999/2997
f 2857/3152/3150 2832/3151/3149 2833/3175/3173
f 2833/3175/3173 2832/3151/3149 2930/3584/3582
f 2833/3175/3173 2930/3584/3582 2929/3173/3171
f 2929/3173/3171 2930/3584/3582 2909/3166/3164
f 2929/3173/3171 2909/3166/3164 2910/3171/3169
f 2910/3171/3169 2909/3166/3164 2320/3165/3163
f 2930/3584/3582 2832/3151/3149 2931/3150/3148
f 2919/3252/3250 2844/3251/3249 2843/3258/3256
f 2921/3230/3228 2920/3253/3251 2842/3231/3229
f 2842/3231/3229 2920/3253/3251 2843/3258/3256
f 2920/3253/3251 2919/3252/3250 2843/3258/3256
f 2891/3001/2999 2892/3003/3001 2947/3583/3581
f 2947/3583/3581 2892/3003/3001 2946/3005/3003
f 2947/3583/3581 2946/3005/3003 2816/3582/3580
f 2894/3009/3007 2895/2856/2854 2944/2854/2852
f 2930/3584/3582 2931/3150/3148 2908/3167/3165
f 2908/3167/3165 2909/3166/3164 2930/3584/3582
f 3178/3243/3241 3034/3242/3240 3033/3276/3274
f 2422/3273/3271 3179/3282/3280 3032/3274/3272
f 3032/3274/3272 3179/3282/3280 3033/3276/3274
f 3179/3282/3280 3178/3243/3241 3033/3276/3274
f 3143/3307/3305 3071/2752/2750 3070/2750/2748
f 3137/3305/3303 3077/2764/2762 3076/2762/2760
f 3137/3305/3303 3076/2762/2760 3138/2873/2871
f 3132/3304/3302 3082/2774/2772 3081/2772/2770
f 3132/3304/3302 3081/2772/2770 3133/2885/2883
f 3112/3289/3287 3102/2814/2812 3101/2812/2810
f 3112/3289/3287 3101/2812/2810 3113/2930/2928
f 2406/2826/2824 2421/3278/3276 2430/2942/2940
f 3112/3289/3287 3113/2930/2928 2435/2931/2929
f 3132/3304/3302 3133/2885/2883 2455/2886/2884
f 3137/3305/3303 3138/2873/2871 2460/2874/2872
f 3070/2750/2748 2420/2748/2746 3143/3307/3305
f 3143/3307/3305 2420/2748/2746 2466/2860/2858
f 2313/3585/3583 3216/3586/3584 2056/3587/3585
f 2056/3587/3585 3216/3586/3584 3217/3588/3586
f 2056/3587/3585 3217/3588/3586 3218/3589/3587
f 3218/3589/3587 3217/3588/3586 3665/3590/3588
f 3218/3589/3587 3665/3590/3588 3666/3591/3589
f 3666/3591/3589 3665/3590/3588 3610/3592/3590
f 3666/3591/3589 3610/3592/3590 3609/3593/3591
f 3609/3593/3591 3610/3592/3590 3251/3594/3592
f 3609/3593/3591 3251/3594/3592 2406/3595/3593
f 2406/3595/3593 3251/3594/3592 3250/3596/3594
f 2406/3595/3593 3250/3596/3594 2407/3597/3595
f 2407/3597/3595 3250/3596/3594 3311/3598/3596
f 2407/3597/3595 3311/3598/3596 3310/3599/3597
f 3310/3599/3597 3311/3598/3596 3312/3600/3598
f 3310/3599/3597 3312/3600/3598 3309/3601/3599
f 3309/3601/3599 3312/3600/3598 3313/3602/3600
f 3309/3601/3599 3313/3602/3600 3308/3603/3601
f 3308/3603/3601 3313/3602/3600 3314/3604/3602
f 3308/3603/3601 3314/3604/3602 3307/3605/3603
f 3307/3605/3603 3314/3604/3602 3315/3606/3604
f 3307/3605/3603 3315/3606/3604 3306/3607/3605
f 3306/3607/3605 3315/3606/3604 3316/3608/3606
f 3306/3607/3605 3316/3608/3606 3305/3609/3607
f 3305/3609/3607 3316/3608/3606 3317/3610/3608
f 3305/3609/3607 3317/3610/3608 3304/3611/3609
f 3304/3611/3609 3317/3610/3608 3318/3612/3610
f 3304/3611/3609 3318/3612/3610 3303/3613/3611
f 3303/3613/3611 3318/3612/3610 3319/3614/3612
f 3303/3613/3611 3319/3614/3612 3302/3615/3613
f 3302/3615/3613 3319/3614/3612 3320/3616/3614
f 3302/3615/3613 3320/3616/3614 3301/3617/3615
f 3301/3617/3615 3320/3616/3614 3321/3618/3616
f 3301/3617/3615 3321/3618/3616 3300/3619/3617
f 3300/3619/3617 3321/3618/3616 3322/3620/3618
f 3300/3619/3617 3322/3620/3618 3299/3621/3619
f 3299/3621/3619 3322/3620/3618 3323/3622/3620
f 3299/3621/3619 3323/3622/3620 3298/3623/3621
f 3298/3623/3621 3323/3622/3620 3324/3624/3622
f 3298/3623/3621 3324/3624/3622 3297/3625/3623
f 3297/3625/3623 3324/3624/3622 3325/3626/3624
f 3297/3625/3623 3325/3626/3624 3296/3627/3625
f 3296/3627/3625 3325/3626/3624 3326/3628/3626
f 3296/3627/3625 3326/3628/3626 3295/3629/3627
f 3295/3629/3627 3326/3628/3626 3327/3630/3628
f 3295/3629/3627 3327/3630/3628 3294/3631/3629
f 3294/3631/3629 3327/3630/3628 3328/3632/3630
f 3294/3631/3629 3328/3632/3630 3293/3633/3631
f 3293/3633/3631 3328/3632/3630 3329/3634/3632
f 3293/3633/3631 3329/3634/3632 3292/3635/3633
f 3292/3635/3633 3329/3634/3632 3330/3636/3634
f 3292/3635/3633 3330/3636/3634 3291/3637/3635
f 3291/3637/3635 3330/3636/3634 3331/3638/3636
f 3291/3637/3635 3331/3638/3636 3290/3639/3637
f 3290/3639/3637 3331/3638/3636 3332/3640/3638
f 3290/3639/3637 3332/3640/3638 3289/3641/3639
f 3289/3641/3639 3332/3640/3638 3333/3642/3640
f 3289/3641/3639 3333/3642/3640 3288/3643/3641
f 3288/3643/3641 3333/3642/3640 3334/3644/3642
f 3288/3643/3641 3334/3644/3642 3287/3645/3643
f 3287/3645/3643 3334/3644/3642 3335/3646/3644
f 3287/3645/3643 3335/3646/3644 3286/3647/3645
f 3286/3647/3645 3335/3646/3644 3336/3648/3646
f 3286/3647/3645 3336/3648/3646 3285/3649/3647
f 3285/3649/3647 3336/3648/3646 3337/3650/3648
f 3285/3649/3647 3337/3650/3648 3284/3651/3649
f 3284/3651/3649 3337/3650/3648 3338/3652/3650
f 3284/3651/3649 3338/3652/3650 3283/3653/3651
f 3283/3653/3651 3338/3652/3650 3339/3654/3652
f 3283/3653/3651 3339/3654/3652 3282/3655/3653
f 3282/3655/3653 3339/3654/3652 3340/3656/3654
f 3282/3655/3653 3340/3656/3654 3281/3657/3655
f 3281/3657/3655 3340/3656/3654 3181/3658/3656
f 3281/3657/3655 3181/3658/3656 3182/3659/3657
f 2190/3660/3658 3196/3661/3659 2313/3585/3583
f 2313/3585/3583 3196/3661/3659 3197/3662/3660
f 2313/3585/3583 3197/3662/3660 3198/3663/3661
f 3198/3663/3661 3197/3662/3660 3645/3664/3662
f 3198/3663/3661 3645/3664/3662 3646/3665/3663
f 3646/3665/3663 3645/3664/3662 3630/3666/3664
f 3646/3665/3663 3630/3666/3664 3629/3667/3665
f 3629/3667/3665 3630/3666/3664 3271/3668/3666
f 3629/3667/3665 3271/3668/3666 3270/3669/3667
f 3270/3669/3667 3271/3668/3666 3231/3670/3668
f 3270/3669/3667 3231/3670/3668 3232/3671/3669
f 3232/3671/3669 3231/3670/3668 3329/3634/3632
f 3232/3671/3669 3329/3634/3632 3328/3632/3630
f 3180/3672/3670 3188/3673/3671 2190/3660/3658
f 2190/3660/3658 3188/3673/3671 3191/3674/3672
f 2190/3660/3658 3191/3674/3672 3192/3675/3673
f 3192/3675/3673 3191/3674/3672 3639/3676/3674
f 3192/3675/3673 3639/3676/3674 3640/3677/3675
f 3640/3677/3675 3639/3676/3674 3636/3678/3676
f 3640/3677/3675 3636/3678/3676 3635/3679/3677
f 3635/3679/3677 3636/3678/3676 3277/3680/3678
f 3635/3679/3677 3277/3680/3678 3276/3681/3679
f 3276/3681/3679 3277/3680/3678 3225/3682/3680
f 3276/3681/3679 3225/3682/3680 3226/3683/3681
f 3226/3683/3681 3225/3682/3680 3335/3646/3644
f 3226/3683/3681 3335/3646/3644 3334/3644/3642
f 3181/3658/3656 3221/3684/3682 3180/3672/3670
f 3180/3672/3670 3221/3684/3682 3280/3685/3683
f 3180/3672/3670 3280/3685/3683 3638/3686/3684
f 3638/3686/3684 3280/3685/3683 3279/3687/3685
f 3638/3686/3684 3279/3687/3685 3637/3688/3686
f 3637/3688/3686 3279/3687/3685 3278/3689/3687
f 3637/3688/3686 3278/3689/3687 3636/3678/3676
f 3636/3678/3676 3278/3689/3687 3277/3680/3678
f 3183/3690/3688 3341/3691/3689 3182/3659/3657
f 3182/3659/3657 3341/3691/3689 3400/3692/3690
f 3182/3659/3657 3400/3692/3690 3281/3657/3655
f 3281/3657/3655 3400/3692/3690 3399/3693/3691
f 3281/3657/3655 3399/3693/3691 3282/3655/3653
f 3282/3655/3653 3399/3693/3691 3398/3694/3692
f 3282/3655/3653 3398/3694/3692 3283/3653/3651
f 3283/3653/3651 3398/3694/3692 3397/3695/3693
f 3283/3653/3651 3397/3695/3693 3284/3651/3649
f 3284/3651/3649 3397/3695/3693 3396/3696/3694
f 3284/3651/3649 3396/3696/3694 3285/3649/3647
f 3285/3649/3647 3396/3696/3694 3395/3697/3695
f 3285/3649/3647 3395/3697/3695 3286/3647/3645
f 3286/3647/3645 3395/3697/3695 3394/3698/3696
f 3286/3647/3645 3394/3698/3696 3287/3645/3643
f 3287/3645/3643 3394/3698/3696 3393/3699/3697
f 3287/3645/3643 3393/3699/3697 3288/3643/3641
f 3288/3643/3641 3393/3699/3697 3392/3700/3698
f 3288/3643/3641 3392/3700/3698 3289/3641/3639
f 3289/3641/3639 3392/3700/3698 3391/3701/3699
f 3289/3641/3639 3391/3701/3699 3290/3639/3637
f 3290/3639/3637 3391/3701/3699 3390/3702/3700
f 3290/3639/3637 3390/3702/3700 3291/3637/3635
f 3291/3637/3635 3390/3702/3700 3389/3703/3701
f 3291/3637/3635 3389/3703/3701 3292/3635/3633
f 3292/3635/3633 3389/3703/3701 3388/3704/3702
f 3292/3635/3633 3388/3704/3702 3293/3633/3631
f 3293/3633/3631 3388/3704/3702 3387/3705/3703
f 3293/3633/3631 3387/3705/3703 3294/3631/3629
f 3294/3631/3629 3387/3705/3703 3386/3706/3704
f 3294/3631/3629 3386/3706/3704 3295/3629/3627
f 3295/3629/3627 3386/3706/3704 3385/3707/3705
f 3295/3629/3627 3385/3707/3705 3296/3627/3625
f 3296/3627/3625 3385/3707/3705 3384/3708/3706
f 3296/3627/3625 3384/3708/3706 3297/3625/3623
f 3297/3625/3623 3384/3708/3706 3383/3709/3707
f 3297/3625/3623 3383/3709/3707 3298/3623/3621
f 3298/3623/3621 3383/3709/3707 3382/3710/3708
f 3298/3623/3621 3382/3710/3708 3299/3621/3619
f 3299/3621/3619 3382/3710/3708 3381/3711/3709
f 3299/3621/3619 3381/3711/3709 3300/3619/3617
f 3300/3619/3617 3381/3711/3709 3380/3712/3710
f 3300/3619/3617 3380/3712/3710 3301/3617/3615
f 3301/3617/3615 3380/3712/3710 3379/3713/3711
f 3301/3617/3615 3379/3713/3711 3302/3615/3613
f 3302/3615/3613 3379/3713/3711 3378/3714/3712
f 3302/3615/3613 3378/3714/3712 3303/3613/3611
f 3303/3613/3611 3378/3714/3712 3377/3715/3713
f 3303/3613/3611 3377/3715/3713 3304/3611/3609
f 3304/3611/3609 3377/3715/3713 3376/3716/3714
f 3304/3611/3609 3376/3716/3714 3305/3609/3607
f 3305/3609/3607 3376/3716/3714 3375/3717/3715
f 3305/3609/3607 3375/3717/3715 3306/3607/3605
f 3306/3607/3605 3375/3717/3715 3374/3718/3716
f 3306/3607/3605 3374/3718/3716 3307/3605/3603
f 3307/3605/3603 3374/3718/3716 3373/3719/3717
f 3307/3605/3603 3373/3719/3717 3308/3603/3601
f 3308/3603/3601 3373/3719/3717 3372/3720/3718
f 3308/3603/3601 3372/3720/3718 3309/3601/3599
f 3309/3601/3599 3372/3720/3718 3371/3721/3719
f 3309/3601/3599 3371/3721/3719 3310/3599/3597
f 3310/3599/3597 3371/3721/3719 2408/3722/3720
f 3310/3599/3597 2408/3722/3720 2407/3597/3595
f 3341/3691/3689 3183/3690/3688 3401/3723/3721
f 3401/3723/3721 3183/3690/3688 3184/3724/3722
f 3401/3723/3721 3184/3724/3722 3490/3725/3723
f 3490/3725/3723 3184/3724/3722 3431/3726/3724
f 3490/3725/3723 3431/3726/3724 3432/3727/3725
f 3432/3727/3725 3431/3726/3724 3492/3728/3726
f 3432/3727/3725 3492/3728/3726 3493/3729/3727
f 3493/3729/3727 3492/3728/3726 3607/3730/3728
f 3493/3729/3727 3607/3730/3728 3606/3731/3729
f 3606/3731/3729 3607/3730/3728 3577/3732/3730
f 3606/3731/3729 3577/3732/3730 3576/3733/3731
f 3576/3733/3731 3577/3732/3730 3525/3734/3732
f 3576/3733/3731 3525/3734/3732 3526/3735/3733
f 3526/3735/3733 3525/3734/3732 2370/3736/3734
f 3526/3735/3733 2370/3736/3734 2369/3737/3735
f 3184/3724/3722 3185/3738/3736 3431/3726/3724
f 3431/3726/3724 3185/3738/3736 3491/3739/3737
f 3431/3726/3724 3491/3739/3737 3492/3728/3726
f 3492/3728/3726 3491/3739/3737 3608/3740/3738
f 3492/3728/3726 3608/3740/3738 3607/3730/3728
f 3607/3730/3728 3608/3740/3738 3578/3741/3739
f 3607/3730/3728 3578/3741/3739 3577/3732/3730
f 3577/3732/3730 3578/3741/3739 3524/3742/3740
f 3577/3732/3730 3524/3742/3740 3525/3734/3732
f 3525/3734/3732 3524/3742/3740 2371/3743/3741
f 3525/3734/3732 2371/3743/3741 2370/3736/3734
f 3491/3739/3737 3185/3738/3736 3190/3744/3742
f 3190/3744/3742 3185/3738/3736 3186/3745/3743
f 3190/3744/3742 3186/3745/3743 3580/3746/3744
f 3580/3746/3744 3186/3745/3743 3521/3747/3745
f 3580/3746/3744 3521/3747/3745 3522/3748/3746
f 3522/3748/3746 3521/3747/3745 2373/3749/3747
f 3522/3748/3746 2373/3749/3747 2372/3750/3748
f 3186/3745/3743 2374/3751/3749 3521/3747/3745
f 3521/3747/3745 2374/3751/3749 2373/3749/3747
f 2371/3743/3741 3524/3742/3740 2372/3750/3748
f 2372/3750/3748 3524/3742/3740 3523/3752/3750
f 2372/3750/3748 3523/3752/3750 3522/3748/3746
f 3522/3748/3746 3523/3752/3750 3579/3753/3751
f 3522/3748/3746 3579/3753/3751 3580/3746/3744
f 3580/3746/3744 3579/3753/3751 3190/3744/3742
f 3526/3735/3733 2369/3737/3735 3527/3754/3752
f 3527/3754/3752 2369/3737/3735 2368/3755/3753
f 3527/3754/3752 2368/3755/3753 3528/3756/3754
f 3528/3756/3754 2368/3755/3753 2367/3757/3755
f 3528/3756/3754 2367/3757/3755 3529/3758/3756
f 3529/3758/3756 2367/3757/3755 2366/3759/3757
f 3529/3758/3756 2366/3759/3757 3530/3760/3758
f 3530/3760/3758 2366/3759/3757 2365/3761/3759
f 3530/3760/3758 2365/3761/3759 2364/3762/3760
f 3530/3760/3758 2364/3762/3760 3531/3763/3761
f 3531/3763/3761 2364/3762/3760 2363/3764/3762
f 3531/3763/3761 2363/3764/3762 3532/3765/3763
f 3532/3765/3763 2363/3764/3762 2362/3766/3764
f 3532/3765/3763 2362/3766/3764 3533/3767/3765
f 3533/3767/3765 2362/3766/3764 2361/3768/3766
f 3533/3767/3765 2361/3768/3766 3534/3769/3767
f 3534/3769/3767 2361/3768/3766 2360/3770/3768
f 3534/3769/3767 2360/3770/3768 3535/3771/3769
f 3535/3771/3769 2360/3770/3768 2359/3772/3770
f 3535/3771/3769 2359/3772/3770 3536/3773/3771
f 3536/3773/3771 2359/3772/3770 2358/3774/3772
f 3536/3773/3771 2358/3774/3772 3537/3775/3773
f 3537/3775/3773 2358/3774/3772 2357/3776/3774
f 3537/3775/3773 2357/3776/3774 3538/3777/3775
f 3538/3777/3775 2357/3776/3774 2356/3778/3776
f 3538/3777/3775 2356/3778/3776 3539/3779/3777
f 3539/3779/3777 2356/3778/3776 2355/3780/3778
f 3539/3779/3777 2355/3780/3778 3540/3781/3779
f 3540/3781/3779 2355/3780/3778 2354/3782/3780
f 3540/3781/3779 2354/3782/3780 3541/3783/3781
f 3541/3783/3781 2354/3782/3780 2353/3784/3782
f 3541/3783/3781 2353/3784/3782 3542/3785/3783
f 3542/3785/3783 2353/3784/3782 2352/3786/3784
f 3542/3785/3783 2352/3786/3784 3543/3787/3785
f 3543/3787/3785 2352/3786/3784 2351/3788/3786
f 3543/3787/3785 2351/3788/3786 3544/3789/3787
f 3544/3789/3787 2351/3788/3786 2350/3790/3788
f 3544/3789/3787 2350/3790/3788 3545/3791/3789
f 3545/3791/3789 2350/3790/3788 3546/3792/3790
f 3545/3791/3789 3546/3792/3790 3556/3793/3791
f 3556/3793/3791 3546/3792/3790 3555/3794/3792
f 3556/3793/3791 3555/3794/3792 3585/3795/3793
f 3585/3795/3793 3555/3794/3792 3584/3796/3794
f 3585/3795/3793 3584/3796/3794 3515/3797/3795
f 3515/3797/3795 3584/3796/3794 3516/3798/3796
f 3515/3797/3795 3516/3798/3796 3455/3799/3797
f 3455/3799/3797 3516/3798/3796 3456/3800/3798
f 3455/3799/3797 3456/3800/3798 3466/3801/3799
f 3466/3801/3799 3456/3800/3798 3465/3802/3800
f 3466/3801/3799 3465/3802/3800 3425/3803/3801
f 3425/3803/3801 3465/3802/3800 3426/3804/3802
f 3425/3803/3801 3426/3804/3802 3365/3805/3803
f 3365/3805/3803 3426/3804/3802 3366/3806/3804
f 3365/3805/3803 3366/3806/3804 3376/3716/3714
f 3376/3716/3714 3366/3806/3804 3375/3717/3715
f 2350/3790/3788 2349/3807/3805 3546/3792/3790
f 3546/3792/3790 2349/3807/3805 3547/3808/3806
f 3546/3792/3790 3547/3808/3806 3555/3794/3792
f 3555/3794/3792 3547/3808/3806 3554/3809/3807
f 3555/3794/3792 3554/3809/3807 3584/3796/3794
f 3584/3796/3794 3554/3809/3807 3583/3810/3808
f 3584/3796/3794 3583/3810/3808 3516/3798/3796
f 3516/3798/3796 3583/3810/3808 3517/3811/3809
f 3516/3798/3796 3517/3811/3809 3456/3800/3798
f 3456/3800/3798 3517/3811/3809 3457/3812/3810
f 3456/3800/3798 3457/3812/3810 3465/3802/3800
f 3465/3802/3800 3457/3812/3810 3464/3813/3811
f 3465/3802/3800 3464/3813/3811 3426/3804/3802
f 3426/3804/3802 3464/3813/3811 3427/3814/3812
f 3426/3804/3802 3427/3814/3812 3366/3806/3804
f 3366/3806/3804 3427/3814/3812 3367/3815/3813
f 3366/3806/3804 3367/3815/3813 3375/3717/3715
f 3375/3717/3715 3367/3815/3813 3374/3718/3716
f 3547/3808/3806 2349/3807/3805 3548/3816/3814
f 3548/3816/3814 2349/3807/3805 2348/3817/3815
f 3548/3816/3814 2348/3817/3815 3549/3818/3816
f 3549/3818/3816 2348/3817/3815 3550/3819/3817
f 3549/3818/3816 3550/3819/3817 3552/3820/3818
f 3552/3820/3818 3550/3819/3817 3551/3821/3819
f 3552/3820/3818 3551/3821/3819 3581/3822/3820
f 3581/3822/3820 3551/3821/3819 3189/3823/3821
f 3581/3822/3820 3189/3823/3821 3519/3824/3822
f 3519/3824/3822 3189/3823/3821 3520/3825/3823
f 3519/3824/3822 3520/3825/3823 3459/3826/3824
f 3459/3826/3824 3520/3825/3823 3460/3827/3825
f 3459/3826/3824 3460/3827/3825 3462/3828/3826
f 3462/3828/3826 3460/3827/3825 3461/3829/3827
f 3462/3828/3826 3461/3829/3827 3429/3830/3828
f 3429/3830/3828 3461/3829/3827 3430/3831/3829
f 3429/3830/3828 3430/3831/3829 3369/3832/3830
f 3369/3832/3830 3430/3831/3829 3370/3833/3831
f 3369/3832/3830 3370/3833/3831 3372/3720/3718
f 3372/3720/3718 3370/3833/3831 3371/3721/3719
f 2348/3817/3815 2347/3834/3832 3550/3819/3817
f 3550/3819/3817 2347/3834/3832 2346/3835/2985
f 3550/3819/3817 2346/3835/2985 2412/3836/3833
f 2411/3837/3834 3189/3823/3821 2412/3836/3833
f 2412/3836/3833 3189/3823/3821 3551/3821/3819
f 2412/3836/3833 3551/3821/3819 3550/3819/3817
f 2410/3838/3835 3461/3829/3827 2411/3837/3834
f 2411/3837/3834 3461/3829/3827 3460/3827/3825
f 2411/3837/3834 3460/3827/3825 3520/3825/3823
f 3461/3829/3827 2410/3838/3835 3430/3831/3829
f 3430/3831/3829 2410/3838/3835 2409/3839/3836
f 3430/3831/3829 2409/3839/3836 3370/3833/3831
f 3370/3833/3831 2409/3839/3836 3371/3721/3719
f 2409/3839/3836 2408/3722/3720 3371/3721/3719
f 3609/3593/3591 2406/3595/3593 3187/3840/3837
f 3187/3840/3837 2406/3595/3593 2056/3587/3585
f 3187/3840/3837 2056/3587/3585 3220/3841/3838
f 3220/3841/3838 2056/3587/3585 3219/3842/3839
f 3220/3841/3838 3219/3842/3839 3187/3840/3837
f 3187/3840/3837 3219/3842/3839 3666/3591/3589
f 3187/3840/3837 3666/3591/3589 3609/3593/3591
f 3180/3672/3670 3638/3686/3684 3188/3673/3671
f 3188/3673/3671 3638/3686/3684 3637/3688/3686
f 3188/3673/3671 3637/3688/3686 3639/3676/3674
f 3639/3676/3674 3637/3688/3686 3636/3678/3676
f 3181/3658/3656 3340/3656/3654 3221/3684/3682
f 3221/3684/3682 3340/3656/3654 3339/3654/3652
f 3221/3684/3682 3339/3654/3652 3222/3843/3840
f 3222/3843/3840 3339/3654/3652 3338/3652/3650
f 3222/3843/3840 3338/3652/3650 3223/3844/3841
f 3223/3844/3841 3338/3652/3650 3337/3650/3648
f 3223/3844/3841 3337/3650/3648 3224/3845/3842
f 3224/3845/3842 3337/3650/3648 3336/3648/3646
f 3224/3845/3842 3336/3648/3646 3225/3682/3680
f 3225/3682/3680 3336/3648/3646 3335/3646/3644
f 3189/3823/3821 2411/3837/3834 3520/3825/3823
f 3192/3675/3673 3193/3846/3843 2190/3660/3658
f 2190/3660/3658 3193/3846/3843 3194/3847/3844
f 2190/3660/3658 3194/3847/3844 3195/3848/3845
f 3195/3848/3845 3194/3847/3844 3642/3849/3846
f 3195/3848/3845 3642/3849/3846 3643/3850/3847
f 3643/3850/3847 3642/3849/3846 3633/3851/3848
f 3643/3850/3847 3633/3851/3848 3632/3852/3849
f 3632/3852/3849 3633/3851/3848 3274/3853/3850
f 3632/3852/3849 3274/3853/3850 3273/3854/3851
f 3273/3854/3851 3274/3853/3850 3228/3855/3852
f 3273/3854/3851 3228/3855/3852 3229/3856/3853
f 3229/3856/3853 3228/3855/3852 3332/3640/3638
f 3229/3856/3853 3332/3640/3638 3331/3638/3636
f 3188/3673/3671 3639/3676/3674 3191/3674/3672
f 3192/3675/3673 3640/3677/3675 3193/3846/3843
f 3193/3846/3843 3640/3677/3675 3641/3857/3854
f 3193/3846/3843 3641/3857/3854 3194/3847/3844
f 3194/3847/3844 3641/3857/3854 3642/3849/3846
f 3196/3661/3659 2190/3660/3658 3195/3848/3845
f 3195/3848/3845 3643/3850/3847 3196/3661/3659
f 3196/3661/3659 3643/3850/3847 3644/3858/3855
f 3196/3661/3659 3644/3858/3855 3197/3662/3660
f 3197/3662/3660 3644/3858/3855 3645/3664/3662
f 3198/3663/3661 3199/3859/3856 2313/3585/3583
f 2313/3585/3583 3199/3859/3856 3200/3860/3857
f 2313/3585/3583 3200/3860/3857 3201/3861/3858
f 3201/3861/3858 3200/3860/3857 3648/3862/3859
f 3201/3861/3858 3648/3862/3859 3649/3863/3860
f 3649/3863/3860 3648/3862/3859 3627/3864/3861
f 3649/3863/3860 3627/3864/3861 3626/3865/3862
f 3626/3865/3862 3627/3864/3861 3268/3866/3863
f 3626/3865/3862 3268/3866/3863 3267/3867/3864
f 3267/3867/3864 3268/3866/3863 3234/3868/3865
f 3267/3867/3864 3234/3868/3865 3235/3869/3866
f 3235/3869/3866 3234/3868/3865 3326/3628/3626
f 3235/3869/3866 3326/3628/3626 3325/3626/3624
f 3198/3663/3661 3646/3665/3663 3199/3859/3856
f 3199/3859/3856 3646/3665/3663 3647/3870/3867
f 3199/3859/3856 3647/3870/3867 3200/3860/3857
f 3200/3860/3857 3647/3870/3867 3648/3862/3859
f 3201/3861/3858 3202/3871/3868 2313/3585/3583
f 2313/3585/3583 3202/3871/3868 3203/3872/3869
f 2313/3585/3583 3203/3872/3869 3204/3873/3870
f 3204/3873/3870 3203/3872/3869 3651/3874/3871
f 3204/3873/3870 3651/3874/3871 3652/3875/3872
f 3652/3875/3872 3651/3874/3871 3624/3876/3873
f 3652/3875/3872 3624/3876/3873 3623/3877/3874
f 3623/3877/3874 3624/3876/3873 3265/3878/3875
f 3623/3877/3874 3265/3878/3875 3264/3879/3876
f 3264/3879/3876 3265/3878/3875 3237/3880/3877
f 3264/3879/3876 3237/3880/3877 3238/3881/3878
f 3238/3881/3878 3237/3880/3877 3323/3622/3620
f 3238/3881/3878 3323/3622/3620 3322/3620/3618
f 3201/3861/3858 3649/3863/3860 3202/3871/3868
f 3202/3871/3868 3649/3863/3860 3650/3882/3879
f 3202/3871/3868 3650/3882/3879 3203/3872/3869
f 3203/3872/3869 3650/3882/3879 3651/3874/3871
f 3204/3873/3870 3205/3883/3880 2313/3585/3583
f 2313/3585/3583 3205/3883/3880 3206/3884/3881
f 2313/3585/3583 3206/3884/3881 3207/3885/3882
f 3207/3885/3882 3206/3884/3881 3654/3886/3883
f 3207/3885/3882 3654/3886/3883 3655/3887/3884
f 3655/3887/3884 3654/3886/3883 3621/3888/3885
f 3655/3887/3884 3621/3888/3885 3620/3889/3886
f 3620/3889/3886 3621/3888/3885 3262/3890/3887
f 3620/3889/3886 3262/3890/3887 3261/3891/3888
f 3261/3891/3888 3262/3890/3887 3240/3892/3889
f 3261/3891/3888 3240/3892/3889 3241/3893/3890
f 3241/3893/3890 3240/3892/3889 3320/3616/3614
f 3241/3893/3890 3320/3616/3614 3319/3614/3612
f 3204/3873/3870 3652/3875/3872 3205/3883/3880
f 3205/3883/3880 3652/3875/3872 3653/3894/3891
f 3205/3883/3880 3653/3894/3891 3206/3884/3881
f 3206/3884/3881 3653/3894/3891 3654/3886/3883
f 3207/3885/3882 3208/3895/3892 2313/3585/3583
f 2313/3585/3583 3208/3895/3892 3209/3896/3893
f 2313/3585/3583 3209/3896/3893 3210/3897/3894
f 3210/3897/3894 3209/3896/3893 3657/3898/3895
f 3210/3897/3894 3657/3898/3895 3658/3899/3896
f 3658/3899/3896 3657/3898/3895 3618/3900/3897
f 3658/3899/3896 3618/3900/3897 3617/3901/3898
f 3617/3901/3898 3618/3900/3897 3259/3902/3899
f 3617/3901/3898 3259/3902/3899 3258/3903/3900
f 3258/3903/3900 3259/3902/3899 3243/3904/3901
f 3258/3903/3900 3243/3904/3901 3244/3905/3902
f 3244/3905/3902 3243/3904/3901 3317/3610/3608
f 3244/3905/3902 3317/3610/3608 3316/3608/3606
f 3207/3885/3882 3655/3887/3884 3208/3895/3892
f 3208/3895/3892 3655/3887/3884 3656/3906/3903
f 3208/3895/3892 3656/3906/3903 3209/3896/3893
f 3209/3896/3893 3656/3906/3903 3657/3898/3895
f 3210/3897/3894 3211/3907/3904 2313/3585/3583
f 2313/3585/3583 3211/3907/3904 3212/3908/3905
f 2313/3585/3583 3212/3908/3905 3213/3909/3906
f 3213/3909/3906 3212/3908/3905 3660/3910/3907
f 3213/3909/3906 3660/3910/3907 3661/3911/3908
f 3661/3911/3908 3660/3910/3907 3615/3912/3909
f 3661/3911/3908 3615/3912/3909 3614/3913/3910
f 3614/3913/3910 3615/3912/3909 3256/3914/3911
f 3614/3913/3910 3256/3914/3911 3255/3915/3912
f 3255/3915/3912 3256/3914/3911 3246/3916/3913
f 3255/3915/3912 3246/3916/3913 3247/3917/3914
f 3247/3917/3914 3246/3916/3913 3314/3604/3602
f 3247/3917/3914 3314/3604/3602 3313/3602/3600
f 3210/3897/3894 3658/3899/3896 3211/3907/3904
f 3211/3907/3904 3658/3899/3896 3659/3918/3915
f 3211/3907/3904 3659/3918/3915 3212/3908/3905
f 3212/3908/3905 3659/3918/3915 3660/3910/3907
f 3213/3909/3906 3214/3919/3916 2313/3585/3583
f 2313/3585/3583 3214/3919/3916 3215/3920/3917
f 2313/3585/3583 3215/3920/3917 3216/3586/3584
f 3216/3586/3584 3215/3920/3917 3663/3921/3918
f 3216/3586/3584 3663/3921/3918 3664/3922/3919
f 3664/3922/3919 3663/3921/3918 3612/3923/3920
f 3664/3922/3919 3612/3923/3920 3611/3924/3921
f 3611/3924/3921 3612/3923/3920 3253/3925/3922
f 3611/3924/3921 3253/3925/3922 3252/3926/3923
f 3252/3926/3923 3253/3925/3922 3249/3927/3924
f 3252/3926/3923 3249/3927/3924 3250/3596/3594
f 3250/3596/3594 3249/3927/3924 3311/3598/3596
f 3213/3909/3906 3661/3911/3908 3214/3919/3916
f 3214/3919/3916 3661/3911/3908 3662/3928/3925
f 3214/3919/3916 3662/3928/3925 3215/3920/3917
f 3215/3920/3917 3662/3928/3925 3663/3921/3918
f 3219/3842/3839 2056/3587/3585 3218/3589/3587
f 3665/3590/3588 3217/3588/3586 3664/3922/3919
f 3664/3922/3919 3217/3588/3586 3216/3586/3584
f 3666/3591/3589 3219/3842/3839 3218/3589/3587
f 3279/3687/3685 3280/3685/3683 3222/3843/3840
f 3222/3843/3840 3280/3685/3683 3221/3684/3682
f 3278/3689/3687 3279/3687/3685 3223/3844/3841
f 3223/3844/3841 3279/3687/3685 3222/3843/3840
f 3277/3680/3678 3278/3689/3687 3224/3845/3842
f 3224/3845/3842 3278/3689/3687 3223/3844/3841
f 3224/3845/3842 3225/3682/3680 3277/3680/3678
f 3226/3683/3681 3227/3929/3926 3275/3930/3927
f 3275/3930/3927 3227/3929/3926 3274/3853/3850
f 3275/3930/3927 3274/3853/3850 3633/3851/3848
f 3274/3853/3850 3227/3929/3926 3228/3855/3852
f 3228/3855/3852 3227/3929/3926 3333/3642/3640
f 3228/3855/3852 3333/3642/3640 3332/3640/3638
f 3333/3642/3640 3227/3929/3926 3334/3644/3642
f 3334/3644/3642 3227/3929/3926 3226/3683/3681
f 3229/3856/3853 3230/3931/3928 3272/3932/3929
f 3272/3932/3929 3230/3931/3928 3271/3668/3666
f 3272/3932/3929 3271/3668/3666 3630/3666/3664
f 3271/3668/3666 3230/3931/3928 3231/3670/3668
f 3231/3670/3668 3230/3931/3928 3330/3636/3634
f 3231/3670/3668 3330/3636/3634 3329/3634/3632
f 3330/3636/3634 3230/3931/3928 3331/3638/3636
f 3331/3638/3636 3230/3931/3928 3229/3856/3853
f 3232/3671/3669 3233/3933/3930 3269/3934/3931
f 3269/3934/3931 3233/3933/3930 3268/3866/3863
f 3269/3934/3931 3268/3866/3863 3627/3864/3861
f 3268/3866/3863 3233/3933/3930 3234/3868/3865
f 3234/3868/3865 3233/3933/3930 3327/3630/3628
f 3234/3868/3865 3327/3630/3628 3326/3628/3626
f 3327/3630/3628 3233/3933/3930 3328/3632/3630
f 3328/3632/3630 3233/3933/3930 3232/3671/3669
f 3235/3869/3866 3236/3935/3932 3266/3936/3933
f 3266/3936/3933 3236/3935/3932 3265/3878/3875
f 3266/3936/3933 3265/3878/3875 3624/3876/3873
f 3265/3878/3875 3236/3935/3932 3237/3880/3877
f 3237/3880/3877 3236/3935/3932 3324/3624/3622
f 3237/3880/3877 3324/3624/3622 3323/3622/3620
f 3324/3624/3622 3236/3935/3932 3325/3626/3624
f 3325/3626/3624 3236/3935/3932 3235/3869/3866
f 3238/3881/3878 3239/3937/3934 3263/3938/3935
f 3263/3938/3935 3239/3937/3934 3262/3890/3887
f 3263/3938/3935 3262/3890/3887 3621/3888/3885
f 3262/3890/3887 3239/3937/3934 3240/3892/3889
f 3240/3892/3889 3239/3937/3934 3321/3618/3616
f 3240/3892/3889 3321/3618/3616 3320/3616/3614
f 3321/3618/3616 3239/3937/3934 3322/3620/3618
f 3322/3620/3618 3239/3937/3934 3238/3881/3878
f 3241/3893/3890 3242/3939/3936 3260/3940/3937
f 3260/3940/3937 3242/3939/3936 3259/3902/3899
f 3260/3940/3937 3259/3902/3899 3618/3900/3897
f 3259/3902/3899 3242/3939/3936 3243/3904/3901
f 3243/3904/3901 3242/3939/3936 3318/3612/3610
f 3243/3904/3901 3318/3612/3610 3317/3610/3608
f 3318/3612/3610 3242/3939/3936 3319/3614/3612
f 3319/3614/3612 3242/3939/3936 3241/3893/3890
f 3244/3905/3902 3245/3941/3938 3257/3942/3939
f 3257/3942/3939 3245/3941/3938 3256/3914/3911
f 3257/3942/3939 3256/3914/3911 3615/3912/3909
f 3256/3914/3911 3245/3941/3938 3246/3916/3913
f 3246/3916/3913 3245/3941/3938 3315/3606/3604
f 3246/3916/3913 3315/3606/3604 3314/3604/3602
f 3315/3606/3604 3245/3941/3938 3316/3608/3606
f 3316/3608/3606 3245/3941/3938 3244/3905/3902
f 3247/3917/3914 3248/3943/3940 3254/3944/3941
f 3254/3944/3941 3248/3943/3940 3253/3925/3922
f 3254/3944/3941 3253/3925/3922 3612/3923/3920
f 3253/3925/3922 3248/3943/3940 3249/3927/3924
f 3249/3927/3924 3248/3943/3940 3312/3600/3598
f 3249/3927/3924 3312/3600/3598 3311/3598/3596
f 3312/3600/3598 3248/3943/3940 3313/3602/3600
f 3313/3602/3600 3248/3943/3940 3247/3917/3914
f 3250/3596/3594 3251/3594/3592 3252/3926/3923
f 3252/3926/3923 3251/3594/3592 3610/3592/3590
f 3252/3926/3923 3610/3592/3590 3611/3924/3921
f 3611/3924/3921 3610/3592/3590 3665/3590/3588
f 3611/3924/3921 3665/3590/3588 3664/3922/3919
f 3247/3917/3914 3254/3944/3941 3255/3915/3912
f 3255/3915/3912 3254/3944/3941 3613/3945/3942
f 3255/3915/3912 3613/3945/3942 3614/3913/3910
f 3614/3913/3910 3613/3945/3942 3662/3928/3925
f 3614/3913/3910 3662/3928/3925 3661/3911/3908
f 3613/3945/3942 3254/3944/3941 3612/3923/3920
f 3244/3905/3902 3257/3942/3939 3258/3903/3900
f 3258/3903/3900 3257/3942/3939 3616/3946/3943
f 3258/3903/3900 3616/3946/3943 3617/3901/3898
f 3617/3901/3898 3616/3946/3943 3659/3918/3915
f 3617/3901/3898 3659/3918/3915 3658/3899/3896
f 3616/3946/3943 3257/3942/3939 3615/3912/3909
f 3241/3893/3890 3260/3940/3937 3261/3891/3888
f 3261/3891/3888 3260/3940/3937 3619/3947/3944
f 3261/3891/3888 3619/3947/3944 3620/3889/3886
f 3620/3889/3886 3619/3947/3944 3656/3906/3903
f 3620/3889/3886 3656/3906/3903 3655/3887/3884
f 3619/3947/3944 3260/3940/3937 3618/3900/3897
f 3238/3881/3878 3263/3938/3935 3264/3879/3876
f 3264/3879/3876 3263/3938/3935 3622/3948/3945
f 3264/3879/3876 3622/3948/3945 3623/3877/3874
f 3623/3877/3874 3622/3948/3945 3653/3894/3891
f 3623/3877/3874 3653/3894/3891 3652/3875/3872
f 3622/3948/3945 3263/3938/3935 3621/3888/3885
f 3235/3869/3866 3266/3936/3933 3267/3867/3864
f 3267/3867/3864 3266/3936/3933 3625/3949/3946
f 3267/3867/3864 3625/3949/3946 3626/3865/3862
f 3626/3865/3862 3625/3949/3946 3650/3882/3879
f 3626/3865/3862 3650/3882/3879 3649/3863/3860
f 3625/3949/3946 3266/3936/3933 3624/3876/3873
f 3232/3671/3669 3269/3934/3931 3270/3669/3667
f 3270/3669/3667 3269/3934/3931 3628/3950/3947
f 3270/3669/3667 3628/3950/3947 3629/3667/3665
f 3629/3667/3665 3628/3950/3947 3647/3870/3867
f 3629/3667/3665 3647/3870/3867 3646/3665/3663
f 3628/3950/3947 3269/3934/3931 3627/3864/3861
f 3229/3856/3853 3272/3932/3929 3273/3854/3851
f 3273/3854/3851 3272/3932/3929 3631/3951/3948
f 3273/3854/3851 3631/3951/3948 3632/3852/3849
f 3632/3852/3849 3631/3951/3948 3644/3858/3855
f 3632/3852/3849 3644/3858/3855 3643/3850/3847
f 3631/3951/3948 3272/3932/3929 3630/3666/3664
f 3226/3683/3681 3275/3930/3927 3276/3681/3679
f 3276/3681/3679 3275/3930/3927 3634/3952/3949
f 3276/3681/3679 3634/3952/3949 3635/3679/3677
f 3635/3679/3677 3634/3952/3949 3641/3857/3854
f 3635/3679/3677 3641/3857/3854 3640/3677/3675
f 3634/3952/3949 3275/3930/3927 3633/3851/3848
f 3399/3693/3691 3400/3692/3690 3342/3953/3950
f 3342/3953/3950 3400/3692/3690 3341/3691/3689
f 3342/3953/3950 3341/3691/3689 3402/3954/3951
f 3402/3954/3951 3341/3691/3689 3401/3723/3721
f 3402/3954/3951 3401/3723/3721 3489/3955/3952
f 3489/3955/3952 3401/3723/3721 3490/3725/3723
f 3489/3955/3952 3490/3725/3723 3432/3727/3725
f 3398/3694/3692 3399/3693/3691 3343/3956/3953
f 3343/3956/3953 3399/3693/3691 3342/3953/3950
f 3343/3956/3953 3342/3953/3950 3403/3957/3954
f 3403/3957/3954 3342/3953/3950 3402/3954/3951
f 3403/3957/3954 3402/3954/3951 3488/3958/3955
f 3488/3958/3955 3402/3954/3951 3489/3955/3952
f 3488/3958/3955 3489/3955/3952 3433/3959/3956
f 3433/3959/3956 3489/3955/3952 3432/3727/3725
f 3433/3959/3956 3432/3727/3725 3493/3729/3727
f 3397/3695/3693 3398/3694/3692 3344/3960/3957
f 3344/3960/3957 3398/3694/3692 3343/3956/3953
f 3344/3960/3957 3343/3956/3953 3404/3961/3958
f 3404/3961/3958 3343/3956/3953 3403/3957/3954
f 3404/3961/3958 3403/3957/3954 3487/3962/3959
f 3487/3962/3959 3403/3957/3954 3488/3958/3955
f 3487/3962/3959 3488/3958/3955 3434/3963/3960
f 3434/3963/3960 3488/3958/3955 3433/3959/3956
f 3434/3963/3960 3433/3959/3956 3494/3964/3961
f 3494/3964/3961 3433/3959/3956 3493/3729/3727
f 3494/3964/3961 3493/3729/3727 3606/3731/3729
f 3396/3696/3694 3397/3695/3693 3345/3965/3962
f 3345/3965/3962 3397/3695/3693 3344/3960/3957
f 3345/3965/3962 3344/3960/3957 3405/3966/3963
f 3405/3966/3963 3344/3960/3957 3404/3961/3958
f 3405/3966/3963 3404/3961/3958 3486/3967/3964
f 3486/3967/3964 3404/3961/3958 3487/3962/3959
f 3486/3967/3964 3487/3962/3959 3435/3968/3965
f 3435/3968/3965 3487/3962/3959 3434/3963/3960
f 3435/3968/3965 3434/3963/3960 3495/3969/3966
f 3495/3969/3966 3434/3963/3960 3494/3964/3961
f 3495/3969/3966 3494/3964/3961 3605/3970/3967
f 3605/3970/3967 3494/3964/3961 3606/3731/3729
f 3605/3970/3967 3606/3731/3729 3576/3733/3731
f 3395/3697/3695 3396/3696/3694 3346/3971/3968
f 3346/3971/3968 3396/3696/3694 3345/3965/3962
f 3346/3971/3968 3345/3965/3962 3406/3972/3969
f 3406/3972/3969 3345/3965/3962 3405/3966/3963
f 3406/3972/3969 3405/3966/3963 3485/3973/3970
f 3485/3973/3970 3405/3966/3963 3486/3967/3964
f 3485/3973/3970 3486/3967/3964 3436/3974/3971
f 3436/3974/3971 3486/3967/3964 3435/3968/3965
f 3436/3974/3971 3435/3968/3965 3496/3975/3972
f 3496/3975/3972 3435/3968/3965 3495/3969/3966
f 3496/3975/3972 3495/3969/3966 3604/3976/3973
f 3604/3976/3973 3495/3969/3966 3605/3970/3967
f 3604/3976/3973 3605/3970/3967 3575/3977/3974
f 3575/3977/3974 3605/3970/3967 3576/3733/3731
f 3575/3977/3974 3576/3733/3731 3526/3735/3733
f 3394/3698/3696 3395/3697/3695 3347/3978/3975
f 3347/3978/3975 3395/3697/3695 3346/3971/3968
f 3347/3978/3975 3346/3971/3968 3407/3979/3976
f 3407/3979/3976 3346/3971/3968 3406/3972/3969
f 3407/3979/3976 3406/3972/3969 3484/3980/3977
f 3484/3980/3977 3406/3972/3969 3485/3973/3970
f 3484/3980/3977 3485/3973/3970 3437/3981/3978
f 3437/3981/3978 3485/3973/3970 3436/3974/3971
f 3437/3981/3978 3436/3974/3971 3497/3982/3979
f 3497/3982/3979 3436/3974/3971 3496/3975/3972
f 3497/3982/3979 3496/3975/3972 3603/3983/3980
f 3603/3983/3980 3496/3975/3972 3604/3976/3973
f 3603/3983/3980 3604/3976/3973 3574/3984/3981
f 3574/3984/3981 3604/3976/3973 3575/3977/3974
f 3574/3984/3981 3575/3977/3974 3527/3754/3752
f 3527/3754/3752 3575/3977/3974 3526/3735/3733
f 3393/3699/3697 3394/3698/3696 3348/3985/3982
f 3348/3985/3982 3394/3698/3696 3347/3978/3975
f 3348/3985/3982 3347/3978/3975 3408/3986/3983
f 3408/3986/3983 3347/3978/3975 3407/3979/3976
f 3408/3986/3983 3407/3979/3976 3483/3987/3984
f 3483/3987/3984 3407/3979/3976 3484/3980/3977
f 3483/3987/3984 3484/3980/3977 3438/3988/3985
f 3438/3988/3985 3484/3980/3977 3437/3981/3978
f 3438/3988/3985 3437/3981/3978 3498/3989/3986
f 3498/3989/3986 3437/3981/3978 3497/3982/3979
f 3498/3989/3986 3497/3982/3979 3602/3990/3987
f 3602/3990/3987 3497/3982/3979 3603/3983/3980
f 3602/3990/3987 3603/3983/3980 3573/3991/3988
f 3573/3991/3988 3603/3983/3980 3574/3984/3981
f 3573/3991/3988 3574/3984/3981 3528/3756/3754
f 3528/3756/3754 3574/3984/3981 3527/3754/3752
f 3392/3700/3698 3393/3699/3697 3349/3992/3989
f 3349/3992/3989 3393/3699/3697 3348/3985/3982
f 3349/3992/3989 3348/3985/3982 3409/3993/3990
f 3409/3993/3990 3348/3985/3982 3408/3986/3983
f 3409/3993/3990 3408/3986/3983 3482/3994/3991
f 3482/3994/3991 3408/3986/3983 3483/3987/3984
f 3482/3994/3991 3483/3987/3984 3439/3995/3992
f 3439/3995/3992 3483/3987/3984 3438/3988/3985
f 3439/3995/3992 3438/3988/3985 3499/3996/3993
f 3499/3996/3993 3438/3988/3985 3498/3989/3986
f 3499/3996/3993 3498/3989/3986 3601/3997/3994
f 3601/3997/3994 3498/3989/3986 3602/3990/3987
f 3601/3997/3994 3602/3990/3987 3572/3998/3995
f 3572/3998/3995 3602/3990/3987 3573/3991/3988
f 3572/3998/3995 3573/3991/3988 3529/3758/3756
f 3529/3758/3756 3573/3991/3988 3528/3756/3754
f 3391/3701/3699 3392/3700/3698 3350/3999/3996
f 3350/3999/3996 3392/3700/3698 3349/3992/3989
f 3350/3999/3996 3349/3992/3989 3410/4000/3997
f 3410/4000/3997 3349/3992/3989 3409/3993/3990
f 3410/4000/3997 3409/3993/3990 3481/4001/3998
f 3481/4001/3998 3409/3993/3990 3482/3994/3991
f 3481/4001/3998 3482/3994/3991 3440/4002/3999
f 3440/4002/3999 3482/3994/3991 3439/3995/3992
f 3440/4002/3999 3439/3995/3992 3500/4003/4000
f 3500/4003/4000 3439/3995/3992 3499/3996/3993
f 3500/4003/4000 3499/3996/3993 3600/4004/4001
f 3600/4004/4001 3499/3996/3993 3601/3997/3994
f 3600/4004/4001 3601/3997/3994 3571/4005/4002
f 3571/4005/4002 3601/3997/3994 3572/3998/3995
f 3571/4005/4002 3572/3998/3995 3530/3760/3758
f 3530/3760/3758 3572/3998/3995 3529/3758/3756
f 3390/3702/3700 3391/3701/3699 3351/4006/4003
f 3351/4006/4003 3391/3701/3699 3350/3999/3996
f 3351/4006/4003 3350/3999/3996 3411/4007/4004
f 3411/4007/4004 3350/3999/3996 3410/4000/3997
f 3411/4007/4004 3410/4000/3997 3480/4008/4005
f 3480/4008/4005 3410/4000/3997 3481/4001/3998
f 3480/4008/4005 3481/4001/3998 3441/4009/4006
f 3441/4009/4006 3481/4001/3998 3440/4002/3999
f 3441/4009/4006 3440/4002/3999 3501/4010/4007
f 3501/4010/4007 3440/4002/3999 3500/4003/4000
f 3501/4010/4007 3500/4003/4000 3599/4011/4008
f 3599/4011/4008 3500/4003/4000 3600/4004/4001
f 3599/4011/4008 3600/4004/4001 3570/4012/4009
f 3570/4012/4009 3600/4004/4001 3571/4005/4002
f 3570/4012/4009 3571/4005/4002 3531/3763/3761
f 3531/3763/3761 3571/4005/4002 3530/3760/3758
f 3389/3703/3701 3390/3702/3700 3352/4013/4010
f 3352/4013/4010 3390/3702/3700 3351/4006/4003
f 3352/4013/4010 3351/4006/4003 3412/4014/4011
f 3412/4014/4011 3351/4006/4003 3411/4007/4004
f 3412/4014/4011 3411/4007/4004 3479/4015/4012
f 3479/4015/4012 3411/4007/4004 3480/4008/4005
f 3479/4015/4012 3480/4008/4005 3442/4016/4013
f 3442/4016/4013 3480/4008/4005 3441/4009/4006
f 3442/4016/4013 3441/4009/4006 3502/4017/4014
f 3502/4017/4014 3441/4009/4006 3501/4010/4007
f 3502/4017/4014 3501/4010/4007 3598/4018/4015
f 3598/4018/4015 3501/4010/4007 3599/4011/4008
f 3598/4018/4015 3599/4011/4008 3569/4019/4016
f 3569/4019/4016 3599/4011/4008 3570/4012/4009
f 3569/4019/4016 3570/4012/4009 3532/3765/3763
f 3532/3765/3763 3570/4012/4009 3531/3763/3761
f 3388/3704/3702 3389/3703/3701 3353/4020/4017
f 3353/4020/4017 3389/3703/3701 3352/4013/4010
f 3353/4020/4017 3352/4013/4010 3413/4021/4018
f 3413/4021/4018 3352/4013/4010 3412/4014/4011
f 3413/4021/4018 3412/4014/4011 3478/4022/4019
f 3478/4022/4019 3412/4014/4011 3479/4015/4012
f 3478/4022/4019 3479/4015/4012 3443/4023/4020
f 3443/4023/4020 3479/4015/4012 3442/4016/4013
f 3443/4023/4020 3442/4016/4013 3503/4024/4021
f 3503/4024/4021 3442/4016/4013 3502/4017/4014
f 3503/4024/4021 3502/4017/4014 3597/4025/4022
f 3597/4025/4022 3502/4017/4014 3598/4018/4015
f 3597/4025/4022 3598/4018/4015 3568/4026/4023
f 3568/4026/4023 3598/4018/4015 3569/4019/4016
f 3568/4026/4023 3569/4019/4016 3533/3767/3765
f 3533/3767/3765 3569/4019/4016 3532/3765/3763
f 3387/3705/3703 3388/3704/3702 3354/4027/4024
f 3354/4027/4024 3388/3704/3702 3353/4020/4017
f 3354/4027/4024 3353/4020/4017 3414/4028/4025
f 3414/4028/4025 3353/4020/4017 3413/4021/4018
f 3414/4028/4025 3413/4021/4018 3477/4029/4026
f 3477/4029/4026 3413/4021/4018 3478/4022/4019
f 3477/4029/4026 3478/4022/4019 3444/4030/4027
f 3444/4030/4027 3478/4022/4019 3443/4023/4020
f 3444/4030/4027 3443/4023/4020 3504/4031/4028
f 3504/4031/4028 3443/4023/4020 3503/4024/4021
f 3504/4031/4028 3503/4024/4021 3596/4032/4029
f 3596/4032/4029 3503/4024/4021 3597/4025/4022
f 3596/4032/4029 3597/4025/4022 3567/4033/4030
f 3567/4033/4030 3597/4025/4022 3568/4026/4023
f 3567/4033/4030 3568/4026/4023 3534/3769/3767
f 3534/3769/3767 3568/4026/4023 3533/3767/3765
f 3386/3706/3704 3387/3705/3703 3355/4034/4031
f 3355/4034/4031 3387/3705/3703 3354/4027/4024
f 3355/4034/4031 3354/4027/4024 3415/4035/4032
f 3415/4035/4032 3354/4027/4024 3414/4028/4025
f 3415/4035/4032 3414/4028/4025 3476/4036/4033
f 3476/4036/4033 3414/4028/4025 3477/4029/4026
f 3476/4036/4033 3477/4029/4026 3445/4037/4034
f 3445/4037/4034 3477/4029/4026 3444/4030/4027
f 3445/4037/4034 3444/4030/4027 3505/4038/4035
f 3505/4038/4035 3444/4030/4027 3504/4031/4028
f 3505/4038/4035 3504/4031/4028 3595/4039/4036
f 3595/4039/4036 3504/4031/4028 3596/4032/4029
f 3595/4039/4036 3596/4032/4029 3566/4040/4037
f 3566/4040/4037 3596/4032/4029 3567/4033/4030
f 3566/4040/4037 3567/4033/4030 3535/3771/3769
f 3535/3771/3769 3567/4033/4030 3534/3769/3767
f 3385/3707/3705 3386/3706/3704 3356/4041/4038
f 3356/4041/4038 3386/3706/3704 3355/4034/4031
f 3356/4041/4038 3355/4034/4031 3416/4042/4039
f 3416/4042/4039 3355/4034/4031 3415/4035/4032
f 3416/4042/4039 3415/4035/4032 3475/4043/4040
f 3475/4043/4040 3415/4035/4032 3476/4036/4033
f 3475/4043/4040 3476/4036/4033 3446/4044/4041
f 3446/4044/4041 3476/4036/4033 3445/4037/4034
f 3446/4044/4041 3445/4037/4034 3506/4045/4042
f 3506/4045/4042 3445/4037/4034 3505/4038/4035
f 3506/4045/4042 3505/4038/4035 3594/4046/4043
f 3594/4046/4043 3505/4038/4035 3595/4039/4036
f 3594/4046/4043 3595/4039/4036 3565/4047/4044
f 3565/4047/4044 3595/4039/4036 3566/4040/4037
f 3565/4047/4044 3566/4040/4037 3536/3773/3771
f 3536/3773/3771 3566/4040/4037 3535/3771/3769
f 3384/3708/3706 3385/3707/3705 3357/4048/4045
f 3357/4048/4045 3385/3707/3705 3356/4041/4038
f 3357/4048/4045 3356/4041/4038 3417/4049/4046
f 3417/4049/4046 3356/4041/4038 3416/4042/4039
f 3417/4049/4046 3416/4042/4039 3474/4050/4047
f 3474/4050/4047 3416/4042/4039 3475/4043/4040
f 3474/4050/4047 3475/4043/4040 3447/4051/4048
f 3447/4051/4048 3475/4043/4040 3446/4044/4041
f 3447/4051/4048 3446/4044/4041 3507/4052/4049
f 3507/4052/4049 3446/4044/4041 3506/4045/4042
f 3507/4052/4049 3506/4045/4042 3593/4053/4050
f 3593/4053/4050 3506/4045/4042 3594/4046/4043
f 3593/4053/4050 3594/4046/4043 3564/4054/4051
f 3564/4054/4051 3594/4046/4043 3565/4047/4044
f 3564/4054/4051 3565/4047/4044 3537/3775/3773
f 3537/3775/3773 3565/4047/4044 3536/3773/3771
f 3383/3709/3707 3384/3708/3706 3358/4055/4052
f 3358/4055/4052 3384/3708/3706 3357/4048/4045
f 3358/4055/4052 3357/4048/4045 3418/4056/4053
f 3418/4056/4053 3357/4048/4045 3417/4049/4046
f 3418/4056/4053 3417/4049/4046 3473/4057/4054
f 3473/4057/4054 3417/4049/4046 3474/4050/4047
f 3473/4057/4054 3474/4050/4047 3448/4058/4055
f 3448/4058/4055 3474/4050/4047 3447/4051/4048
f 3448/4058/4055 3447/4051/4048 3508/4059/4056
f 3508/4059/4056 3447/4051/4048 3507/4052/4049
f 3508/4059/4056 3507/4052/4049 3592/4060/4057
f 3592/4060/4057 3507/4052/4049 3593/4053/4050
f 3592/4060/4057 3593/4053/4050 3563/4061/4058
f 3563/4061/4058 3593/4053/4050 3564/4054/4051
f 3563/4061/4058 3564/4054/4051 3538/3777/3775
f 3538/3777/3775 3564/4054/4051 3537/3775/3773
f 3382/3710/3708 3383/3709/3707 3359/4062/4059
f 3359/4062/4059 3383/3709/3707 3358/4055/4052
f 3359/4062/4059 3358/4055/4052 3419/4063/4060
f 3419/4063/4060 3358/4055/4052 3418/4056/4053
f 3419/4063/4060 3418/4056/4053 3472/4064/4061
f 3472/4064/4061 3418/4056/4053 3473/4057/4054
f 3472/4064/4061 3473/4057/4054 3449/4065/4062
f 3449/4065/4062 3473/4057/4054 3448/4058/4055
f 3449/4065/4062 3448/4058/4055 3509/4066/4063
f 3509/4066/4063 3448/4058/4055 3508/4059/4056
f 3509/4066/4063 3508/4059/4056 3591/4067/4064
f 3591/4067/4064 3508/4059/4056 3592/4060/4057
f 3591/4067/4064 3592/4060/4057 3562/4068/4065
f 3562/4068/4065 3592/4060/4057 3563/4061/4058
f 3562/4068/4065 3563/4061/4058 3539/3779/3777
f 3539/3779/3777 3563/4061/4058 3538/3777/3775
f 3381/3711/3709 3382/3710/3708 3360/4069/4066
f 3360/4069/4066 3382/3710/3708 3359/4062/4059
f 3360/4069/4066 3359/4062/4059 3420/4070/4067
f 3420/4070/4067 3359/4062/4059 3419/4063/4060
f 3420/4070/4067 3419/4063/4060 3471/4071/4068
f 3471/4071/4068 3419/4063/4060 3472/4064/4061
f 3471/4071/4068 3472/4064/4061 3450/4072/4069
f 3450/4072/4069 3472/4064/4061 3449/4065/4062
f 3450/4072/4069 3449/4065/4062 3510/4073/4070
f 3510/4073/4070 3449/4065/4062 3509/4066/4063
f 3510/4073/4070 3509/4066/4063 3590/4074/4071
f 3590/4074/4071 3509/4066/4063 3591/4067/4064
f 3590/4074/4071 3591/4067/4064 3561/4075/4072
f 3561/4075/4072 3591/4067/4064 3562/4068/4065
f 3561/4075/4072 3562/4068/4065 3540/3781/3779
f 3540/3781/3779 3562/4068/4065 3539/3779/3777
f 3380/3712/3710 3381/3711/3709 3361/4076/4073
f 3361/4076/4073 3381/3711/3709 3360/4069/4066
f 3361/4076/4073 3360/4069/4066 3421/4077/4074
f 3421/4077/4074 3360/4069/4066 3420/4070/4067
f 3421/4077/4074 3420/4070/4067 3470/4078/4075
f 3470/4078/4075 3420/4070/4067 3471/4071/4068
f 3470/4078/4075 3471/4071/4068 3451/4079/4076
f 3451/4079/4076 3471/4071/4068 3450/4072/4069
f 3451/4079/4076 3450/4072/4069 3511/4080/4077
f 3511/4080/4077 3450/4072/4069 3510/4073/4070
f 3511/4080/4077 3510/4073/4070 3589/4081/4078
f 3589/4081/4078 3510/4073/4070 3590/4074/4071
f 3589/4081/4078 3590/4074/4071 3560/4082/4079
f 3560/4082/4079 3590/4074/4071 3561/4075/4072
f 3560/4082/4079 3561/4075/4072 3541/3783/3781
f 3541/3783/3781 3561/4075/4072 3540/3781/3779
f 3379/3713/3711 3380/3712/3710 3362/4083/4080
f 3362/4083/4080 3380/3712/3710 3361/4076/4073
f 3362/4083/4080 3361/4076/4073 3422/4084/4081
f 3422/4084/4081 3361/4076/4073 3421/4077/4074
f 3422/4084/4081 3421/4077/4074 3469/4085/4082
f 3469/4085/4082 3421/4077/4074 3470/4078/4075
f 3469/4085/4082 3470/4078/4075 3452/4086/4083
f 3452/4086/4083 3470/4078/4075 3451/4079/4076
f 3452/4086/4083 3451/4079/4076 3512/4087/4084
f 3512/4087/4084 3451/4079/4076 3511/4080/4077
f 3512/4087/4084 3511/4080/4077 3588/4088/4085
f 3588/4088/4085 3511/4080/4077 3589/4081/4078
f 3588/4088/4085 3589/4081/4078 3559/4089/4086
f 3559/4089/4086 3589/4081/4078 3560/4082/4079
f 3559/4089/4086 3560/4082/4079 3542/3785/3783
f 3542/3785/3783 3560/4082/4079 3541/3783/3781
f 3378/3714/3712 3379/3713/3711 3363/4090/4087
f 3363/4090/4087 3379/3713/3711 3362/4083/4080
f 3363/4090/4087 3362/4083/4080 3423/4091/4088
f 3423/4091/4088 3362/4083/4080 3422/4084/4081
f 3423/4091/4088 3422/4084/4081 3468/4092/4089
f 3468/4092/4089 3422/4084/4081 3469/4085/4082
f 3468/4092/4089 3469/4085/4082 3453/4093/4090
f 3453/4093/4090 3469/4085/4082 3452/4086/4083
f 3453/4093/4090 3452/4086/4083 3513/4094/4091
f 3513/4094/4091 3452/4086/4083 3512/4087/4084
f 3513/4094/4091 3512/4087/4084 3587/4095/4092
f 3587/4095/4092 3512/4087/4084 3588/4088/4085
f 3587/4095/4092 3588/4088/4085 3558/4096/4093
f 3558/4096/4093 3588/4088/4085 3559/4089/4086
f 3558/4096/4093 3559/4089/4086 3543/3787/3785
f 3543/3787/3785 3559/4089/4086 3542/3785/3783
f 3377/3715/3713 3378/3714/3712 3364/4097/4094
f 3364/4097/4094 3378/3714/3712 3363/4090/4087
f 3364/4097/4094 3363/4090/4087 3424/4098/4095
f 3424/4098/4095 3363/4090/4087 3423/4091/4088
f 3424/4098/4095 3423/4091/4088 3467/4099/4096
f 3467/4099/4096 3423/4091/4088 3468/4092/4089
f 3467/4099/4096 3468/4092/4089 3454/4100/4097
f 3454/4100/4097 3468/4092/4089 3453/4093/4090
f 3454/4100/4097 3453/4093/4090 3514/4101/4098
f 3514/4101/4098 3453/4093/4090 3513/4094/4091
f 3514/4101/4098 3513/4094/4091 3586/4102/4099
f 3586/4102/4099 3513/4094/4091 3587/4095/4092
f 3586/4102/4099 3587/4095/4092 3557/4103/4100
f 3557/4103/4100 3587/4095/4092 3558/4096/4093
f 3557/4103/4100 3558/4096/4093 3544/3789/3787
f 3544/3789/3787 3558/4096/4093 3543/3787/3785
f 3376/3716/3714 3377/3715/3713 3365/3805/3803
f 3365/3805/3803 3377/3715/3713 3364/4097/4094
f 3365/3805/3803 3364/4097/4094 3425/3803/3801
f 3425/3803/3801 3364/4097/4094 3424/4098/4095
f 3425/3803/3801 3424/4098/4095 3466/3801/3799
f 3466/3801/3799 3424/4098/4095 3467/4099/4096
f 3466/3801/3799 3467/4099/4096 3455/3799/3797
f 3455/3799/3797 3467/4099/4096 3454/4100/4097
f 3455/3799/3797 3454/4100/4097 3515/3797/3795
f 3515/3797/3795 3454/4100/4097 3514/4101/4098
f 3515/3797/3795 3514/4101/4098 3585/3795/3793
f 3585/3795/3793 3514/4101/4098 3586/4102/4099
f 3585/3795/3793 3586/4102/4099 3556/3793/3791
f 3556/3793/3791 3586/4102/4099 3557/4103/4100
f 3556/3793/3791 3557/4103/4100 3545/3791/3789
f 3545/3791/3789 3557/4103/4100 3544/3789/3787
f 3373/3719/3717 3374/3718/3716 3368/4104/4101
f 3368/4104/4101 3374/3718/3716 3367/3815/3813
f 3368/4104/4101 3367/3815/3813 3428/4105/4102
f 3428/4105/4102 3367/3815/3813 3427/3814/3812
f 3428/4105/4102 3427/3814/3812 3463/4106/4103
f 3463/4106/4103 3427/3814/3812 3464/3813/3811
f 3463/4106/4103 3464/3813/3811 3458/4107/4104
f 3458/4107/4104 3464/3813/3811 3457/3812/3810
f 3458/4107/4104 3457/3812/3810 3518/4108/4105
f 3518/4108/4105 3457/3812/3810 3517/3811/3809
f 3518/4108/4105 3517/3811/3809 3582/4109/4106
f 3582/4109/4106 3517/3811/3809 3583/3810/3808
f 3582/4109/4106 3583/3810/3808 3553/4110/4107
f 3553/4110/4107 3583/3810/3808 3554/3809/3807
f 3553/4110/4107 3554/3809/3807 3548/3816/3814
f 3548/3816/3814 3554/3809/3807 3547/3808/3806
f 3372/3720/3718 3373/3719/3717 3369/3832/3830
f 3369/3832/3830 3373/3719/3717 3368/4104/4101
f 3369/3832/3830 3368/4104/4101 3429/3830/3828
f 3429/3830/3828 3368/4104/4101 3428/4105/4102
f 3429/3830/3828 3428/4105/4102 3462/3828/3826
f 3462/3828/3826 3428/4105/4102 3463/4106/4103
f 3462/3828/3826 3463/4106/4103 3459/3826/3824
f 3459/3826/3824 3463/4106/4103 3458/4107/4104
f 3459/3826/3824 3458/4107/4104 3519/3824/3822
f 3519/3824/3822 3458/4107/4104 3518/4108/4105
f 3519/3824/3822 3518/4108/4105 3581/3822/3820
f 3581/3822/3820 3518/4108/4105 3582/4109/4106
f 3581/3822/3820 3582/4109/4106 3552/3820/3818
f 3552/3820/3818 3582/4109/4106 3553/4110/4107
f 3552/3820/3818 3553/4110/4107 3549/3818/3816
f 3549/3818/3816 3553/4110/4107 3548/3816/3814
f 3579/3753/3751 3523/3752/3750 3578/3741/3739
f 3578/3741/3739 3523/3752/3750 3524/3742/3740
f 3190/3744/3742 3579/3753/3751 3608/3740/3738
f 3608/3740/3738 3579/3753/3751 3578/3741/3739
f 3491/3739/3737 3190/3744/3742 3608/3740/3738
f 3662/3928/3925 3613/3945/3942 3663/3921/3918
f 3663/3921/3918 3613/3945/3942 3612/3923/3920
f 3659/3918/3915 3616/3946/3943 3660/3910/3907
f 3660/3910/3907 3616/3946/3943 3615/3912/3909
f 3656/3906/3903 3619/3947/3944 3657/3898/3895
f 3657/3898/3895 3619/3947/3944 3618/3900/3897
f 3653/3894/3891 3622/3948/3945 3654/3886/3883
f 3654/3886/3883 3622/3948/3945 3621/3888/3885
f 3650/3882/3879 3625/3949/3946 3651/3874/3871
f 3651/3874/3871 3625/3949/3946 3624/3876/3873
f 3647/3870/3867 3628/3950/3947 3648/3862/3859
f 3648/3862/3859 3628/3950/3947 3627/3864/3861
f 3644/3858/3855 3631/3951/3948 3645/3664/3662
f 3645/3664/3662 3631/3951/3948 3630/3666/3664
f 3641/3857/3854 3634/3952/3949 3642/3849/3846
f 3642/3849/3846 3634/3952/3949 3633/3851/3848
f 3180/4111/4108 2190/4112/4109 3703/4113/4110
f 3703/4113/4110 2190/4112/4109 2189/4114/4111
f 3703/4113/4110 2189/4114/4111 3702/4115/4112
f 3702/4115/4112 2189/4114/4111 2188/4116/4113
f 3702/4115/4112 2188/4116/4113 3701/4117/4114
f 3701/4117/4114 2188/4116/4113 2187/4118/4115
f 3701/4117/4114 2187/4118/4115 3700/4119/4116
f 3700/4119/4116 2187/4118/4115 3699/4120/4117
f 3700/4119/4116 3699/4120/4117 3744/4121/4118
f 3744/4121/4118 3699/4120/4117 3745/4122/4119
f 3744/4121/4118 3745/4122/4119 3737/4123/4120
f 3737/4123/4120 3745/4122/4119 3736/4124/4121
f 3737/4123/4120 3736/4124/4121 3818/4125/4122
f 3818/4125/4122 3736/4124/4121 3819/4126/4123
f 3818/4125/4122 3819/4126/4123 3811/4127/4124
f 3811/4127/4124 3819/4126/4123 3810/4128/4125
f 3811/4127/4124 3810/4128/4125 3885/4129/4126
f 3885/4129/4126 3810/4128/4125 3884/4130/4127
f 3885/4129/4126 3884/4130/4127 3922/4131/4128
f 3922/4131/4128 3884/4130/4127 3921/4132/4129
f 3922/4131/4128 3921/4132/4129 3966/4133/4130
f 3966/4133/4130 3921/4132/4129 3967/4134/4131
f 3966/4133/4130 3967/4134/4131 3959/4135/4132
f 3959/4135/4132 3967/4134/4131 3958/4136/4133
f 3959/4135/4132 3958/4136/4133 4033/4137/4134
f 4033/4137/4134 3958/4136/4133 4032/4138/4135
f 4033/4137/4134 4032/4138/4135 2380/4139/4136
f 2380/4139/4136 4032/4138/4135 2381/4140/4137
f 2381/4140/4137 4032/4138/4135 4031/4141/4138
f 2381/4140/4137 4031/4141/4138 2382/4142/4139
f 2382/4142/4139 4031/4141/4138 4030/4143/4140
f 2382/4142/4139 4030/4143/4140 2383/4144/4141
f 2383/4144/4141 4030/4143/4140 4029/4145/4142
f 2383/4144/4141 4029/4145/4142 2384/4146/4143
f 2384/4146/4143 4029/4145/4142 4028/4147/4144
f 2384/4146/4143 4028/4147/4144 2385/4148/4145
f 2385/4148/4145 4028/4147/4144 4027/4149/4146
f 2385/4148/4145 4027/4149/4146 2386/4150/4147
f 2386/4150/4147 4027/4149/4146 4026/4151/4148
f 2386/4150/4147 4026/4151/4148 2387/4152/4149
f 2387/4152/4149 4026/4151/4148 4025/4153/4150
f 2387/4152/4149 4025/4153/4150 4024/4154/4151
f 4024/4154/4151 4025/4153/4150 3950/4155/4152
f 4024/4154/4151 3950/4155/4152 3949/4156/4153
f 3949/4156/4153 3950/4155/4152 3976/4157/4154
f 3949/4156/4153 3976/4157/4154 3977/4158/4155
f 3977/4158/4155 3976/4157/4154 3911/4159/4156
f 3977/4158/4155 3911/4159/4156 3910/4160/4157
f 3910/4160/4157 3911/4159/4156 3873/4161/4158
f 3910/4160/4157 3873/4161/4158 3872/4162/4159
f 3872/4162/4159 3873/4161/4158 3798/4163/4160
f 3872/4162/4159 3798/4163/4160 3797/4164/4161
f 3797/4164/4161 3798/4163/4160 3832/4165/4162
f 3797/4164/4161 3832/4165/4162 3833/4166/4163
f 3833/4166/4163 3832/4165/4162 3722/4167/4164
f 3833/4166/4163 3722/4167/4164 3721/4168/4165
f 3721/4168/4165 3722/4167/4164 3760/4169/4166
f 3721/4168/4165 3760/4169/4166 3761/4170/4167
f 3761/4170/4167 3760/4169/4166 3683/4171/4168
f 3761/4170/4167 3683/4171/4168 3682/4172/4169
f 3682/4172/4169 3683/4171/4168 2171/4173/4170
f 3682/4172/4169 2171/4173/4170 2170/4174/4171
f 2187/4118/4115 2186/4175/4172 3699/4120/4117
f 3699/4120/4117 2186/4175/4172 3698/4176/4173
f 3699/4120/4117 3698/4176/4173 3745/4122/4119
f 3745/4122/4119 3698/4176/4173 3746/4177/4174
f 3745/4122/4119 3746/4177/4174 3736/4124/4121
f 3736/4124/4121 3746/4177/4174 3735/4178/4175
f 3736/4124/4121 3735/4178/4175 3819/4126/4123
f 3819/4126/4123 3735/4178/4175 3820/4179/4176
f 3819/4126/4123 3820/4179/4176 3810/4128/4125
f 3810/4128/4125 3820/4179/4176 3809/4180/4177
f 3810/4128/4125 3809/4180/4177 3884/4130/4127
f 3884/4130/4127 3809/4180/4177 3883/4181/4178
f 3884/4130/4127 3883/4181/4178 3921/4132/4129
f 3921/4132/4129 3883/4181/4178 3920/4182/4179
f 3921/4132/4129 3920/4182/4179 3967/4134/4131
f 3967/4134/4131 3920/4182/4179 3968/4183/4180
f 3967/4134/4131 3968/4183/4180 3958/4136/4133
f 3958/4136/4133 3968/4183/4180 3957/4184/4181
f 3958/4136/4133 3957/4184/4181 4032/4138/4135
f 4032/4138/4135 3957/4184/4181 4031/4141/4138
f 3698/4176/4173 2186/4175/4172 3697/4185/4182
f 3697/4185/4182 2186/4175/4172 2185/4186/4183
f 3697/4185/4182 2185/4186/4183 3696/4187/4184
f 3696/4187/4184 2185/4186/4183 3695/4188/4185
f 3696/4187/4184 3695/4188/4185 3748/4189/4186
f 3748/4189/4186 3695/4188/4185 3749/4190/4187
f 3748/4189/4186 3749/4190/4187 3733/4191/4188
f 3733/4191/4188 3749/4190/4187 3732/4192/4189
f 3733/4191/4188 3732/4192/4189 3822/4193/4190
f 3822/4193/4190 3732/4192/4189 3823/4194/4191
f 3822/4193/4190 3823/4194/4191 3807/4195/4192
f 3807/4195/4192 3823/4194/4191 3806/4196/4193
f 3807/4195/4192 3806/4196/4193 3881/4197/4194
f 3881/4197/4194 3806/4196/4193 3880/4198/4195
f 3881/4197/4194 3880/4198/4195 3918/4199/4196
f 3918/4199/4196 3880/4198/4195 3917/4200/4197
f 3918/4199/4196 3917/4200/4197 3970/4201/4198
f 3970/4201/4198 3917/4200/4197 3971/4202/4199
f 3970/4201/4198 3971/4202/4199 3955/4203/4200
f 3955/4203/4200 3971/4202/4199 3954/4204/4201
f 3955/4203/4200 3954/4204/4201 4029/4145/4142
f 4029/4145/4142 3954/4204/4201 4028/4147/4144
f 2185/4186/4183 2184/4205/4202 3695/4188/4185
f 3695/4188/4185 2184/4205/4202 3694/4206/4203
f 3695/4188/4185 3694/4206/4203 3749/4190/4187
f 3749/4190/4187 3694/4206/4203 3750/4207/4204
f 3749/4190/4187 3750/4207/4204 3732/4192/4189
f 3732/4192/4189 3750/4207/4204 3731/4208/4205
f 3732/4192/4189 3731/4208/4205 3823/4194/4191
f 3823/4194/4191 3731/4208/4205 3824/4209/4206
f 3823/4194/4191 3824/4209/4206 3806/4196/4193
f 3806/4196/4193 3824/4209/4206 3805/4210/4207
f 3806/4196/4193 3805/4210/4207 3880/4198/4195
f 3880/4198/4195 3805/4210/4207 3879/4211/4208
f 3880/4198/4195 3879/4211/4208 3917/4200/4197
f 3917/4200/4197 3879/4211/4208 3916/4212/4209
f 3917/4200/4197 3916/4212/4209 3971/4202/4199
f 3971/4202/4199 3916/4212/4209 3972/4213/4210
f 3971/4202/4199 3972/4213/4210 3954/4204/4201
f 3954/4204/4201 3972/4213/4210 3953/4214/4211
f 3954/4204/4201 3953/4214/4211 4028/4147/4144
f 4028/4147/4144 3953/4214/4211 4027/4149/4146
f 2184/4205/4202 2183/4215/4212 3694/4206/4203
f 3694/4206/4203 2183/4215/4212 3693/4216/4213
f 3694/4206/4203 3693/4216/4213 3750/4207/4204
f 3750/4207/4204 3693/4216/4213 3751/4217/4214
f 3750/4207/4204 3751/4217/4214 3731/4208/4205
f 3731/4208/4205 3751/4217/4214 3730/4218/4215
f 3731/4208/4205 3730/4218/4215 3824/4209/4206
f 3824/4209/4206 3730/4218/4215 3825/4219/4216
f 3824/4209/4206 3825/4219/4216 3805/4210/4207
f 3805/4210/4207 3825/4219/4216 3804/4220/4217
f 3805/4210/4207 3804/4220/4217 3879/4211/4208
f 3879/4211/4208 3804/4220/4217 3878/4221/4218
f 3879/4211/4208 3878/4221/4218 3916/4212/4209
f 3916/4212/4209 3878/4221/4218 3915/4222/4219
f 3916/4212/4209 3915/4222/4219 3972/4213/4210
f 3972/4213/4210 3915/4222/4219 3973/4223/4220
f 3972/4213/4210 3973/4223/4220 3953/4214/4211
f 3953/4214/4211 3973/4223/4220 3952/4224/4221
f 3953/4214/4211 3952/4224/4221 4027/4149/4146
f 4027/4149/4146 3952/4224/4221 4026/4151/4148
f 2183/4215/4212 2182/4225/4222 3693/4216/4213
f 3693/4216/4213 2182/4225/4222 3692/4226/4223
f 3693/4216/4213 3692/4226/4223 3751/4217/4214
f 3751/4217/4214 3692/4226/4223 3752/4227/4224
f 3751/4217/4214 3752/4227/4224 3730/4218/4215
f 3730/4218/4215 3752/4227/4224 3729/4228/4225
f 3730/4218/4215 3729/4228/4225 3825/4219/4216
f 3825/4219/4216 3729/4228/4225 3826/4229/4226
f 3825/4219/4216 3826/4229/4226 3804/4220/4217
f 3804/4220/4217 3826/4229/4226 3803/4230/4227
f 3804/4220/4217 3803/4230/4227 3878/4221/4218
f 3878/4221/4218 3803/4230/4227 3877/4231/4228
f 3878/4221/4218 3877/4231/4228 3915/4222/4219
f 3915/4222/4219 3877/4231/4228 3914/4232/4229
f 3915/4222/4219 3914/4232/4229 3973/4223/4220
f 3973/4223/4220 3914/4232/4229 3974/4233/4230
f 3973/4223/4220 3974/4233/4230 3952/4224/4221
f 3952/4224/4221 3974/4233/4230 3951/4234/4231
f 3952/4224/4221 3951/4234/4231 4026/4151/4148
f 4026/4151/4148 3951/4234/4231 4025/4153/4150
f 2182/4225/4222 2181/4235/4232 3692/4226/4223
f 3692/4226/4223 2181/4235/4232 3691/4236/4233
f 3692/4226/4223 3691/4236/4233 3752/4227/4224
f 3752/4227/4224 3691/4236/4233 3753/4237/4234
f 3752/4227/4224 3753/4237/4234 3729/4228/4225
f 3729/4228/4225 3753/4237/4234 3728/4238/4235
f 3729/4228/4225 3728/4238/4235 3826/4229/4226
f 3826/4229/4226 3728/4238/4235 3827/4239/4236
f 3826/4229/4226 3827/4239/4236 3803/4230/4227
f 3803/4230/4227 3827/4239/4236 3802/4240/4237
f 3803/4230/4227 3802/4240/4237 3877/4231/4228
f 3877/4231/4228 3802/4240/4237 3876/4241/4238
f 3877/4231/4228 3876/4241/4238 3914/4232/4229
f 3914/4232/4229 3876/4241/4238 3913/4242/4239
f 3914/4232/4229 3913/4242/4239 3974/4233/4230
f 3974/4233/4230 3913/4242/4239 3975/4243/4240
f 3974/4233/4230 3975/4243/4240 3951/4234/4231
f 3951/4234/4231 3975/4243/4240 3950/4155/4152
f 3951/4234/4231 3950/4155/4152 4025/4153/4150
f 2181/4235/4232 2180/4244/4241 3691/4236/4233
f 3691/4236/4233 2180/4244/4241 3690/4245/4242
f 3691/4236/4233 3690/4245/4242 3753/4237/4234
f 3753/4237/4234 3690/4245/4242 3754/4246/4243
f 3753/4237/4234 3754/4246/4243 3728/4238/4235
f 3728/4238/4235 3754/4246/4243 3727/4247/4244
f 3728/4238/4235 3727/4247/4244 3827/4239/4236
f 3827/4239/4236 3727/4247/4244 3828/4248/4245
f 3827/4239/4236 3828/4248/4245 3802/4240/4237
f 3802/4240/4237 3828/4248/4245 3801/4249/4246
f 3802/4240/4237 3801/4249/4246 3876/4241/4238
f 3876/4241/4238 3801/4249/4246 3875/4250/4247
f 3876/4241/4238 3875/4250/4247 3913/4242/4239
f 3913/4242/4239 3875/4250/4247 3912/4251/4248
f 3913/4242/4239 3912/4251/4248 3975/4243/4240
f 3975/4243/4240 3912/4251/4248 3976/4157/4154
f 3975/4243/4240 3976/4157/4154 3950/4155/4152
f 2180/4244/4241 2179/4252/4249 3690/4245/4242
f 3690/4245/4242 2179/4252/4249 3689/4253/4250
f 3690/4245/4242 3689/4253/4250 3754/4246/4243
f 3754/4246/4243 3689/4253/4250 3755/4254/4251
f 3754/4246/4243 3755/4254/4251 3727/4247/4244
f 3727/4247/4244 3755/4254/4251 3726/4255/4252
f 3727/4247/4244 3726/4255/4252 3828/4248/4245
f 3828/4248/4245 3726/4255/4252 3829/4256/4253
f 3828/4248/4245 3829/4256/4253 3801/4249/4246
f 3801/4249/4246 3829/4256/4253 3800/4257/4254
f 3801/4249/4246 3800/4257/4254 3875/4250/4247
f 3875/4250/4247 3800/4257/4254 3874/4258/4255
f 3875/4250/4247 3874/4258/4255 3912/4251/4248
f 3912/4251/4248 3874/4258/4255 3911/4159/4156
f 3912/4251/4248 3911/4159/4156 3976/4157/4154
f 2179/4252/4249 2178/4259/4256 3689/4253/4250
f 3689/4253/4250 2178/4259/4256 3688/4260/4257
f 3689/4253/4250 3688/4260/4257 3755/4254/4251
f 3755/4254/4251 3688/4260/4257 3756/4261/4258
f 3755/4254/4251 3756/4261/4258 3726/4255/4252
f 3726/4255/4252 3756/4261/4258 3725/4262/4259
f 3726/4255/4252 3725/4262/4259 3829/4256/4253
f 3829/4256/4253 3725/4262/4259 3830/4263/4260
f 3829/4256/4253 3830/4263/4260 3800/4257/4254
f 3800/4257/4254 3830/4263/4260 3799/4264/4261
f 3800/4257/4254 3799/4264/4261 3874/4258/4255
f 3874/4258/4255 3799/4264/4261 3873/4161/4158
f 3874/4258/4255 3873/4161/4158 3911/4159/4156
f 2178/4259/4256 2177/4265/4262 3688/4260/4257
f 3688/4260/4257 2177/4265/4262 3687/4266/4263
f 3688/4260/4257 3687/4266/4263 3756/4261/4258
f 3756/4261/4258 3687/4266/4263 3757/4267/4264
f 3756/4261/4258 3757/4267/4264 3725/4262/4259
f 3725/4262/4259 3757/4267/4264 3724/4268/4265
f 3725/4262/4259 3724/4268/4265 3830/4263/4260
f 3830/4263/4260 3724/4268/4265 3831/4269/4266
f 3830/4263/4260 3831/4269/4266 3799/4264/4261
f 3799/4264/4261 3831/4269/4266 3798/4163/4160
f 3799/4264/4261 3798/4163/4160 3873/4161/4158
f 2177/4265/4262 2176/4270/4267 3687/4266/4263
f 3687/4266/4263 2176/4270/4267 3686/4271/4268
f 3687/4266/4263 3686/4271/4268 3757/4267/4264
f 3757/4267/4264 3686/4271/4268 3758/4272/4269
f 3757/4267/4264 3758/4272/4269 3724/4268/4265
f 3724/4268/4265 3758/4272/4269 3723/4273/4270
f 3724/4268/4265 3723/4273/4270 3831/4269/4266
f 3831/4269/4266 3723/4273/4270 3832/4165/4162
f 3831/4269/4266 3832/4165/4162 3798/4163/4160
f 2176/4270/4267 2175/4274/4271 3686/4271/4268
f 3686/4271/4268 2175/4274/4271 2174/4275/4272
f 3686/4271/4268 2174/4275/4272 3685/4276/4273
f 3685/4276/4273 2174/4275/4272 2173/4277/4274
f 3685/4276/4273 2173/4277/4274 3684/4278/4275
f 3684/4278/4275 2173/4277/4274 2172/4279/4276
f 3684/4278/4275 2172/4279/4276 3683/4171/4168
f 3683/4171/4168 2172/4279/4276 2171/4173/4170
f 3682/4172/4169 2170/4174/4171 3681/4280/4277
f 3681/4280/4277 2170/4174/4171 2169/4281/4278
f 3681/4280/4277 2169/4281/4278 2168/4282/4279
f 3681/4280/4277 2168/4282/4279 3680/4283/4280
f 3680/4283/4280 2168/4282/4279 2167/4284/4281
f 3680/4283/4280 2167/4284/4281 3679/4285/4282
f 3679/4285/4282 2167/4284/4281 2166/4286/4283
f 3679/4285/4282 2166/4286/4283 3678/4287/4284
f 3678/4287/4284 2166/4286/4283 2165/4288/4285
f 3678/4287/4284 2165/4288/4285 3677/4289/4286
f 3677/4289/4286 2165/4288/4285 2164/4290/4287
f 3677/4289/4286 2164/4290/4287 3676/4291/4288
f 3676/4291/4288 2164/4290/4287 3675/4292/4289
f 3676/4291/4288 3675/4292/4289 3768/4293/4290
f 3768/4293/4290 3675/4292/4289 3769/4294/4291
f 3768/4293/4290 3769/4294/4291 3713/4295/4292
f 3713/4295/4292 3769/4294/4291 3712/4296/4293
f 3713/4295/4292 3712/4296/4293 3842/4297/4294
f 3842/4297/4294 3712/4296/4293 3843/4298/4295
f 3842/4297/4294 3843/4298/4295 3787/4299/4296
f 3787/4299/4296 3843/4298/4295 3786/4300/4297
f 3787/4299/4296 3786/4300/4297 3861/4301/4298
f 3861/4301/4298 3786/4300/4297 3860/4302/4299
f 3861/4301/4298 3860/4302/4299 3898/4303/4300
f 3898/4303/4300 3860/4302/4299 3897/4304/4301
f 3898/4303/4300 3897/4304/4301 3990/4305/4302
f 3990/4305/4302 3897/4304/4301 3991/4306/4303
f 3990/4305/4302 3991/4306/4303 3935/4307/4304
f 3935/4307/4304 3991/4306/4303 3934/4308/4305
f 3935/4307/4304 3934/4308/4305 4009/4309/4306
f 4009/4309/4306 3934/4308/4305 4008/4310/4307
f 4009/4309/4306 4008/4310/4307 2400/4311/4308
f 2400/4311/4308 4008/4310/4307 2401/4312/4309
f 2401/4312/4309 4008/4310/4307 4007/4313/4310
f 2401/4312/4309 4007/4313/4310 4006/4314/4311
f 4006/4314/4311 4007/4313/4310 3932/4315/4312
f 4006/4314/4311 3932/4315/4312 3931/4316/4313
f 3931/4316/4313 3932/4315/4312 3994/4317/4314
f 3931/4316/4313 3994/4317/4314 3995/4318/4315
f 3995/4318/4315 3994/4317/4314 3893/4319/4316
f 3995/4318/4315 3893/4319/4316 3892/4320/4317
f 3892/4320/4317 3893/4319/4316 3855/4321/4318
f 3892/4320/4317 3855/4321/4318 3854/4322/4319
f 3854/4322/4319 3855/4321/4318 3780/4323/4320
f 3854/4322/4319 3780/4323/4320 3779/4324/4321
f 3779/4324/4321 3780/4323/4320 3850/4325/4322
f 3779/4324/4321 3850/4325/4322 3851/4326/4323
f 3851/4326/4323 3850/4325/4322 3704/4327/4324
f 3851/4326/4323 3704/4327/4324 2418/4328/4325
f 2418/4328/4325 3704/4327/4324 2419/4329/4326
f 2419/4329/4326 3704/4327/4324 3777/4330/4327
f 2419/4329/4326 3777/4330/4327 3667/4331/4328
f 3667/4331/4328 3777/4330/4327 3776/4332/4329
f 3667/4331/4328 3776/4332/4329 3668/4333/4330
f 3668/4333/4330 3776/4332/4329 3775/4334/4331
f 3668/4333/4330 3775/4334/4331 3669/4335/4332
f 3669/4335/4332 3775/4334/4331 3774/4336/4333
f 3669/4335/4332 3774/4336/4333 3670/4337/4334
f 3670/4337/4334 3774/4336/4333 3773/4338/4335
f 3670/4337/4334 3773/4338/4335 3671/4339/4336
f 3671/4339/4336 3773/4338/4335 3772/4340/4337
f 3671/4339/4336 3772/4340/4337 3672/4341/4338
f 3672/4341/4338 3772/4340/4337 3771/4342/4339
f 3672/4341/4338 3771/4342/4339 3673/4343/4340
f 3673/4343/4340 3771/4342/4339 3770/4344/4341
f 3673/4343/4340 3770/4344/4341 3674/4345/4342
f 3674/4345/4342 3770/4344/4341 3769/4294/4291
f 3674/4345/4342 3769/4294/4291 3675/4292/4289
f 2164/4290/4287 2163/4346/4343 3675/4292/4289
f 3675/4292/4289 2163/4346/4343 3674/4345/4342
f 3674/4345/4342 2163/4346/4343 3673/4343/4340
f 3673/4343/4340 2163/4346/4343 2162/4347/4344
f 3673/4343/4340 2162/4347/4344 3672/4341/4338
f 3672/4341/4338 2162/4347/4344 2161/4348/4345
f 3672/4341/4338 2161/4348/4345 3671/4339/4336
f 3671/4339/4336 2161/4348/4345 3670/4337/4334
f 2161/4348/4345 2160/4349/4346 3670/4337/4334
f 3670/4337/4334 2160/4349/4346 3669/4335/4332
f 3669/4335/4332 2160/4349/4346 3668/4333/4330
f 3668/4333/4330 2160/4349/4346 2159/4350/4347
f 3668/4333/4330 2159/4350/4347 3667/4331/4328
f 3667/4331/4328 2159/4350/4347 2088/4351/4348
f 3667/4331/4328 2088/4351/4348 2419/4329/4326
f 3851/4326/4323 2418/4328/4325 3778/4352/4349
f 3778/4352/4349 2418/4328/4325 2417/4353/4350
f 3778/4352/4349 2417/4353/4350 3852/4354/4351
f 3852/4354/4351 2417/4353/4350 2416/4355/4352
f 3852/4354/4351 2416/4355/4352 3889/4356/4353
f 3889/4356/4353 2416/4355/4352 2415/4357/4354
f 3889/4356/4353 2415/4357/4354 3999/4358/4355
f 3999/4358/4355 2415/4357/4354 3926/4359/4356
f 3999/4358/4355 3926/4359/4356 3927/4360/4357
f 3927/4360/4357 3926/4359/4356 4001/4361/4358
f 3927/4360/4357 4001/4361/4358 4002/4362/4359
f 4002/4362/4359 4001/4361/4358 2404/4363/4360
f 4002/4362/4359 2404/4363/4360 4003/4364/4361
f 4003/4364/4361 2404/4363/4360 2403/4365/4362
f 4003/4364/4361 2403/4365/4362 4004/4366/4363
f 4004/4366/4363 2403/4365/4362 4005/4367/4364
f 4004/4366/4363 4005/4367/4364 3930/4368/4365
f 3930/4368/4365 4005/4367/4364 3931/4316/4313
f 3930/4368/4365 3931/4316/4313 3995/4318/4315
f 2415/4357/4354 2414/4369/4366 3926/4359/4356
f 3926/4359/4356 2414/4369/4366 4000/4370/4367
f 3926/4359/4356 4000/4370/4367 4001/4361/4358
f 4001/4361/4358 4000/4370/4367 2405/4371/4368
f 4001/4361/4358 2405/4371/4368 2404/4363/4360
f 2414/4369/4366 2413/4372/4369 4000/4370/4367
f 4000/4370/4367 2413/4372/4369 2314/4373/4370
f 4000/4370/4367 2314/4373/4370 2405/4371/4368
f 2403/4365/4362 2402/4374/4371 4005/4367/4364
f 4005/4367/4364 2402/4374/4371 4006/4314/4311
f 4005/4367/4364 4006/4314/4311 3931/4316/4313
f 2402/4374/4371 2401/4312/4309 4006/4314/4311
f 4009/4309/4306 2400/4311/4308 4010/4375/4372
f 4010/4375/4372 2400/4311/4308 2399/4376/4373
f 4010/4375/4372 2399/4376/4373 4011/4377/4374
f 4011/4377/4374 2399/4376/4373 4012/4378/4375
f 4011/4377/4374 4012/4378/4375 3937/4379/4376
f 3937/4379/4376 4012/4378/4375 3938/4380/4377
f 3937/4379/4376 3938/4380/4377 3988/4381/4378
f 3988/4381/4378 3938/4380/4377 3987/4382/4379
f 3988/4381/4378 3987/4382/4379 3900/4383/4380
f 3900/4383/4380 3987/4382/4379 3901/4384/4381
f 3900/4383/4380 3901/4384/4381 3863/4385/4382
f 3863/4385/4382 3901/4384/4381 3864/4386/4383
f 3863/4385/4382 3864/4386/4383 3789/4387/4384
f 3789/4387/4384 3864/4386/4383 3790/4388/4385
f 3789/4387/4384 3790/4388/4385 3840/4389/4386
f 3840/4389/4386 3790/4388/4385 3839/4390/4387
f 3840/4389/4386 3839/4390/4387 3715/4391/4388
f 3715/4391/4388 3839/4390/4387 3716/4392/4389
f 3715/4391/4388 3716/4392/4389 3766/4393/4390
f 3766/4393/4390 3716/4392/4389 3765/4394/4391
f 3766/4393/4390 3765/4394/4391 3678/4287/4284
f 3678/4287/4284 3765/4394/4391 3679/4285/4282
f 2399/4376/4373 2398/4395/4392 4012/4378/4375
f 4012/4378/4375 2398/4395/4392 4013/4396/4393
f 4012/4378/4375 4013/4396/4393 3938/4380/4377
f 3938/4380/4377 4013/4396/4393 3939/4397/4394
f 3938/4380/4377 3939/4397/4394 3987/4382/4379
f 3987/4382/4379 3939/4397/4394 3986/4398/4395
f 3987/4382/4379 3986/4398/4395 3901/4384/4381
f 3901/4384/4381 3986/4398/4395 3902/4399/4396
f 3901/4384/4381 3902/4399/4396 3864/4386/4383
f 3864/4386/4383 3902/4399/4396 3865/4400/4397
f 3864/4386/4383 3865/4400/4397 3790/4388/4385
f 3790/4388/4385 3865/4400/4397 3791/4401/4398
f 3790/4388/4385 3791/4401/4398 3839/4390/4387
f 3839/4390/4387 3791/4401/4398 3838/4402/4399
f 3839/4390/4387 3838/4402/4399 3716/4392/4389
f 3716/4392/4389 3838/4402/4399 3717/4403/4400
f 3716/4392/4389 3717/4403/4400 3765/4394/4391
f 3765/4394/4391 3717/4403/4400 3764/4404/4401
f 3765/4394/4391 3764/4404/4401 3679/4285/4282
f 3679/4285/4282 3764/4404/4401 3680/4283/4280
f 4013/4396/4393 2398/4395/4392 4014/4405/4402
f 4014/4405/4402 2398/4395/4392 2397/4406/4403
f 4014/4405/4402 2397/4406/4403 4015/4407/4404
f 4015/4407/4404 2397/4406/4403 2396/4408/4405
f 4015/4407/4404 2396/4408/4405 4016/4409/4406
f 4016/4409/4406 2396/4408/4405 2395/4410/4407
f 4016/4409/4406 2395/4410/4407 4017/4411/4408
f 4017/4411/4408 2395/4410/4407 2394/4412/4409
f 4017/4411/4408 2394/4412/4409 4018/4413/4410
f 4018/4413/4410 2394/4412/4409 2393/4414/4411
f 4018/4413/4410 2393/4414/4411 4019/4415/4412
f 4019/4415/4412 2393/4414/4411 2392/4416/4413
f 4019/4415/4412 2392/4416/4413 2391/4417/4414
f 4019/4415/4412 2391/4417/4414 4020/4418/4415
f 4020/4418/4415 2391/4417/4414 2390/4419/4416
f 4020/4418/4415 2390/4419/4416 4021/4420/4417
f 4021/4420/4417 2390/4419/4416 2389/4421/4418
f 4021/4420/4417 2389/4421/4418 4022/4422/4419
f 4022/4422/4419 2389/4421/4418 2388/4423/4420
f 4022/4422/4419 2388/4423/4420 4023/4424/4421
f 4023/4424/4421 2388/4423/4420 4024/4154/4151
f 4023/4424/4421 4024/4154/4151 3949/4156/4153
f 2388/4423/4420 2387/4152/4149 4024/4154/4151
f 2380/4139/4136 2379/4425/4422 4033/4137/4134
f 4033/4137/4134 2379/4425/4422 4034/4426/4423
f 4033/4137/4134 4034/4426/4423 3959/4135/4132
f 3959/4135/4132 4034/4426/4423 3960/4427/4424
f 3959/4135/4132 3960/4427/4424 3966/4133/4130
f 3966/4133/4130 3960/4427/4424 3965/4428/4425
f 3966/4133/4130 3965/4428/4425 3922/4131/4128
f 3922/4131/4128 3965/4428/4425 3923/4429/4426
f 3922/4131/4128 3923/4429/4426 3885/4129/4126
f 3885/4129/4126 3923/4429/4426 3886/4430/4427
f 3885/4129/4126 3886/4430/4427 3811/4127/4124
f 3811/4127/4124 3886/4430/4427 3812/4431/4428
f 3811/4127/4124 3812/4431/4428 3818/4125/4122
f 3818/4125/4122 3812/4431/4428 3817/4432/4429
f 3818/4125/4122 3817/4432/4429 3737/4123/4120
f 3737/4123/4120 3817/4432/4429 3738/4433/4430
f 3737/4123/4120 3738/4433/4430 3744/4121/4118
f 3744/4121/4118 3738/4433/4430 3743/4434/4431
f 3744/4121/4118 3743/4434/4431 3700/4119/4116
f 3700/4119/4116 3743/4434/4431 3701/4117/4114
f 2379/4425/4422 2378/4435/4432 4034/4426/4423
f 4034/4426/4423 2378/4435/4432 2377/4436/4433
f 4034/4426/4423 2377/4436/4433 4035/4437/4434
f 4035/4437/4434 2377/4436/4433 2376/4438/4435
f 4035/4437/4434 2376/4438/4435 4036/4439/4436
f 4036/4439/4436 2376/4438/4435 2375/4440/4437
f 4036/4439/4436 2375/4440/4437 3186/4441/4438
f 3186/4441/4438 2375/4440/4437 2374/4442/3749
f 4036/4439/4436 3186/4441/4438 3962/4443/4439
f 3962/4443/4439 3186/4441/4438 3185/4444/4440
f 3962/4443/4439 3185/4444/4440 3963/4445/4441
f 3963/4445/4441 3185/4444/4440 3184/4446/4442
f 3963/4445/4441 3184/4446/4442 3925/4447/4443
f 3925/4447/4443 3184/4446/4442 3183/4448/4444
f 3925/4447/4443 3183/4448/4444 3888/4449/4445
f 3888/4449/4445 3183/4448/4444 3814/4450/4446
f 3888/4449/4445 3814/4450/4446 3813/4451/4447
f 3813/4451/4447 3814/4450/4446 3816/4452/4448
f 3813/4451/4447 3816/4452/4448 3817/4432/4429
f 3817/4432/4429 3816/4452/4448 3738/4433/4430
f 3183/4448/4444 3182/4453/4449 3814/4450/4446
f 3814/4450/4446 3182/4453/4449 3815/4454/4450
f 3814/4450/4446 3815/4454/4450 3816/4452/4448
f 3816/4452/4448 3815/4454/4450 3739/4455/4451
f 3816/4452/4448 3739/4455/4451 3738/4433/4430
f 3738/4433/4430 3739/4455/4451 3743/4434/4431
f 3182/4453/4449 3181/4456/4452 3815/4454/4450
f 3815/4454/4450 3181/4456/4452 3740/4457/4453
f 3815/4454/4450 3740/4457/4453 3739/4455/4451
f 3739/4455/4451 3740/4457/4453 3742/4458/4454
f 3739/4455/4451 3742/4458/4454 3743/4434/4431
f 3743/4434/4431 3742/4458/4454 3701/4117/4114
f 3181/4456/4452 3180/4111/4108 3740/4457/4453
f 3740/4457/4453 3180/4111/4108 3741/4459/4455
f 3740/4457/4453 3741/4459/4455 3742/4458/4454
f 3742/4458/4454 3741/4459/4455 3702/4115/4112
f 3742/4458/4454 3702/4115/4112 3701/4117/4114
f 3741/4459/4455 3180/4111/4108 3703/4113/4110
f 3766/4393/4390 3678/4287/4284 3677/4289/4286
f 3677/4289/4286 3676/4291/4288 3767/4460/4456
f 3767/4460/4456 3676/4291/4288 3768/4293/4290
f 3767/4460/4456 3768/4293/4290 3714/4461/4457
f 3714/4461/4457 3768/4293/4290 3713/4295/4292
f 3714/4461/4457 3713/4295/4292 3841/4462/4458
f 3841/4462/4458 3713/4295/4292 3842/4297/4294
f 3841/4462/4458 3842/4297/4294 3788/4463/4459
f 3788/4463/4459 3842/4297/4294 3787/4299/4296
f 3788/4463/4459 3787/4299/4296 3862/4464/4460
f 3862/4464/4460 3787/4299/4296 3861/4301/4298
f 3862/4464/4460 3861/4301/4298 3899/4465/4461
f 3899/4465/4461 3861/4301/4298 3898/4303/4300
f 3899/4465/4461 3898/4303/4300 3989/4466/4462
f 3989/4466/4462 3898/4303/4300 3990/4305/4302
f 3989/4466/4462 3990/4305/4302 3936/4467/4463
f 3936/4467/4463 3990/4305/4302 3935/4307/4304
f 3936/4467/4463 3935/4307/4304 4010/4375/4372
f 4010/4375/4372 3935/4307/4304 4009/4309/4306
f 3681/4280/4277 3680/4283/4280 3763/4468/4464
f 3763/4468/4464 3680/4283/4280 3764/4404/4401
f 3763/4468/4464 3764/4404/4401 3718/4469/4465
f 3718/4469/4465 3764/4404/4401 3717/4403/4400
f 3718/4469/4465 3717/4403/4400 3837/4470/4466
f 3837/4470/4466 3717/4403/4400 3838/4402/4399
f 3837/4470/4466 3838/4402/4399 3792/4471/4467
f 3792/4471/4467 3838/4402/4399 3791/4401/4398
f 3792/4471/4467 3791/4401/4398 3866/4472/4468
f 3866/4472/4468 3791/4401/4398 3865/4400/4397
f 3866/4472/4468 3865/4400/4397 3903/4473/4469
f 3903/4473/4469 3865/4400/4397 3902/4399/4396
f 3903/4473/4469 3902/4399/4396 3985/4474/4470
f 3985/4474/4470 3902/4399/4396 3986/4398/4395
f 3985/4474/4470 3986/4398/4395 3940/4475/4471
f 3940/4475/4471 3986/4398/4395 3939/4397/4394
f 3940/4475/4471 3939/4397/4394 4014/4405/4402
f 4014/4405/4402 3939/4397/4394 4013/4396/4393
f 3682/4172/4169 3681/4280/4277 3762/4476/4472
f 3762/4476/4472 3681/4280/4277 3763/4468/4464
f 3762/4476/4472 3763/4468/4464 3719/4477/4473
f 3719/4477/4473 3763/4468/4464 3718/4469/4465
f 3719/4477/4473 3718/4469/4465 3836/4478/4474
f 3836/4478/4474 3718/4469/4465 3837/4470/4466
f 3836/4478/4474 3837/4470/4466 3793/4479/4475
f 3793/4479/4475 3837/4470/4466 3792/4471/4467
f 3793/4479/4475 3792/4471/4467 3867/4480/4476
f 3867/4480/4476 3792/4471/4467 3866/4472/4468
f 3867/4480/4476 3866/4472/4468 3904/4481/4477
f 3904/4481/4477 3866/4472/4468 3903/4473/4469
f 3904/4481/4477 3903/4473/4469 3984/4482/4478
f 3984/4482/4478 3903/4473/4469 3985/4474/4470
f 3984/4482/4478 3985/4474/4470 3941/4483/4479
f 3941/4483/4479 3985/4474/4470 3940/4475/4471
f 3941/4483/4479 3940/4475/4471 4015/4407/4404
f 4015/4407/4404 3940/4475/4471 4014/4405/4402
f 3683/4171/4168 3760/4169/4166 3684/4278/4275
f 3684/4278/4275 3760/4169/4166 3759/4484/4480
f 3684/4278/4275 3759/4484/4480 3685/4276/4273
f 3685/4276/4273 3759/4484/4480 3758/4272/4269
f 3685/4276/4273 3758/4272/4269 3686/4271/4268
f 3746/4177/4174 3698/4176/4173 3697/4185/4182
f 3697/4185/4182 3696/4187/4184 3747/4485/4481
f 3747/4485/4481 3696/4187/4184 3748/4189/4186
f 3747/4485/4481 3748/4189/4186 3734/4486/4482
f 3734/4486/4482 3748/4189/4186 3733/4191/4188
f 3734/4486/4482 3733/4191/4188 3821/4487/4483
f 3821/4487/4483 3733/4191/4188 3822/4193/4190
f 3821/4487/4483 3822/4193/4190 3808/4488/4484
f 3808/4488/4484 3822/4193/4190 3807/4195/4192
f 3808/4488/4484 3807/4195/4192 3882/4489/4485
f 3882/4489/4485 3807/4195/4192 3881/4197/4194
f 3882/4489/4485 3881/4197/4194 3919/4490/4486
f 3919/4490/4486 3881/4197/4194 3918/4199/4196
f 3919/4490/4486 3918/4199/4196 3969/4491/4487
f 3969/4491/4487 3918/4199/4196 3970/4201/4198
f 3969/4491/4487 3970/4201/4198 3956/4492/4488
f 3956/4492/4488 3970/4201/4198 3955/4203/4200
f 3956/4492/4488 3955/4203/4200 4030/4143/4140
f 4030/4143/4140 3955/4203/4200 4029/4145/4142
f 3741/4459/4455 3703/4113/4110 3702/4115/4112
f 3776/4332/4329 3777/4330/4327 3705/4493/4489
f 3705/4493/4489 3777/4330/4327 3704/4327/4324
f 3705/4493/4489 3704/4327/4324 3850/4325/4322
f 3775/4334/4331 3776/4332/4329 3706/4494/4490
f 3706/4494/4490 3776/4332/4329 3705/4493/4489
f 3706/4494/4490 3705/4493/4489 3849/4495/4491
f 3849/4495/4491 3705/4493/4489 3850/4325/4322
f 3849/4495/4491 3850/4325/4322 3780/4323/4320
f 3774/4336/4333 3775/4334/4331 3707/4496/4492
f 3707/4496/4492 3775/4334/4331 3706/4494/4490
f 3707/4496/4492 3706/4494/4490 3848/4497/4493
f 3848/4497/4493 3706/4494/4490 3849/4495/4491
f 3848/4497/4493 3849/4495/4491 3781/4498/4494
f 3781/4498/4494 3849/4495/4491 3780/4323/4320
f 3781/4498/4494 3780/4323/4320 3855/4321/4318
f 3773/4338/4335 3774/4336/4333 3708/4499/4495
f 3708/4499/4495 3774/4336/4333 3707/4496/4492
f 3708/4499/4495 3707/4496/4492 3847/4500/4496
f 3847/4500/4496 3707/4496/4492 3848/4497/4493
f 3847/4500/4496 3848/4497/4493 3782/4501/4497
f 3782/4501/4497 3848/4497/4493 3781/4498/4494
f 3782/4501/4497 3781/4498/4494 3856/4502/4498
f 3856/4502/4498 3781/4498/4494 3855/4321/4318
f 3856/4502/4498 3855/4321/4318 3893/4319/4316
f 3772/4340/4337 3773/4338/4335 3709/4503/4499
f 3709/4503/4499 3773/4338/4335 3708/4499/4495
f 3709/4503/4499 3708/4499/4495 3846/4504/4500
f 3846/4504/4500 3708/4499/4495 3847/4500/4496
f 3846/4504/4500 3847/4500/4496 3783/4505/4501
f 3783/4505/4501 3847/4500/4496 3782/4501/4497
f 3783/4505/4501 3782/4501/4497 3857/4506/4502
f 3857/4506/4502 3782/4501/4497 3856/4502/4498
f 3857/4506/4502 3856/4502/4498 3894/4507/4503
f 3894/4507/4503 3856/4502/4498 3893/4319/4316
f 3894/4507/4503 3893/4319/4316 3994/4317/4314
f 3771/4342/4339 3772/4340/4337 3710/4508/4504
f 3710/4508/4504 3772/4340/4337 3709/4503/4499
f 3710/4508/4504 3709/4503/4499 3845/4509/4505
f 3845/4509/4505 3709/4503/4499 3846/4504/4500
f 3845/4509/4505 3846/4504/4500 3784/4510/4506
f 3784/4510/4506 3846/4504/4500 3783/4505/4501
f 3784/4510/4506 3783/4505/4501 3858/4511/4507
f 3858/4511/4507 3783/4505/4501 3857/4506/4502
f 3858/4511/4507 3857/4506/4502 3895/4512/4508
f 3895/4512/4508 3857/4506/4502 3894/4507/4503
f 3895/4512/4508 3894/4507/4503 3993/4513/4509
f 3993/4513/4509 3894/4507/4503 3994/4317/4314
f 3993/4513/4509 3994/4317/4314 3932/4315/4312
f 3770/4344/4341 3771/4342/4339 3711/4514/4510
f 3711/4514/4510 3771/4342/4339 3710/4508/4504
f 3711/4514/4510 3710/4508/4504 3844/4515/4511
f 3844/4515/4511 3710/4508/4504 3845/4509/4505
f 3844/4515/4511 3845/4509/4505 3785/4516/4512
f 3785/4516/4512 3845/4509/4505 3784/4510/4506
f 3785/4516/4512 3784/4510/4506 3859/4517/4513
f 3859/4517/4513 3784/4510/4506 3858/4511/4507
f 3859/4517/4513 3858/4511/4507 3896/4518/4514
f 3896/4518/4514 3858/4511/4507 3895/4512/4508
f 3896/4518/4514 3895/4512/4508 3992/4519/4515
f 3992/4519/4515 3895/4512/4508 3993/4513/4509
f 3992/4519/4515 3993/4513/4509 3933/4520/4516
f 3933/4520/4516 3993/4513/4509 3932/4315/4312
f 3933/4520/4516 3932/4315/4312 4007/4313/4310
f 3769/4294/4291 3770/4344/4341 3712/4296/4293
f 3712/4296/4293 3770/4344/4341 3711/4514/4510
f 3712/4296/4293 3711/4514/4510 3843/4298/4295
f 3843/4298/4295 3711/4514/4510 3844/4515/4511
f 3843/4298/4295 3844/4515/4511 3786/4300/4297
f 3786/4300/4297 3844/4515/4511 3785/4516/4512
f 3786/4300/4297 3785/4516/4512 3860/4302/4299
f 3860/4302/4299 3785/4516/4512 3859/4517/4513
f 3860/4302/4299 3859/4517/4513 3897/4304/4301
f 3897/4304/4301 3859/4517/4513 3896/4518/4514
f 3897/4304/4301 3896/4518/4514 3991/4306/4303
f 3991/4306/4303 3896/4518/4514 3992/4519/4515
f 3991/4306/4303 3992/4519/4515 3934/4308/4305
f 3934/4308/4305 3992/4519/4515 3933/4520/4516
f 3934/4308/4305 3933/4520/4516 4008/4310/4307
f 4008/4310/4307 3933/4520/4516 4007/4313/4310
f 3714/4461/4457 3715/4391/4388 3767/4460/4456
f 3767/4460/4456 3715/4391/4388 3766/4393/4390
f 3767/4460/4456 3766/4393/4390 3677/4289/4286
f 3715/4391/4388 3714/4461/4457 3840/4389/4386
f 3840/4389/4386 3714/4461/4457 3841/4462/4458
f 3840/4389/4386 3841/4462/4458 3789/4387/4384
f 3789/4387/4384 3841/4462/4458 3788/4463/4459
f 3789/4387/4384 3788/4463/4459 3863/4385/4382
f 3863/4385/4382 3788/4463/4459 3862/4464/4460
f 3863/4385/4382 3862/4464/4460 3900/4383/4380
f 3900/4383/4380 3862/4464/4460 3899/4465/4461
f 3900/4383/4380 3899/4465/4461 3988/4381/4378
f 3988/4381/4378 3899/4465/4461 3989/4466/4462
f 3988/4381/4378 3989/4466/4462 3937/4379/4376
f 3937/4379/4376 3989/4466/4462 3936/4467/4463
f 3937/4379/4376 3936/4467/4463 4011/4377/4374
f 4011/4377/4374 3936/4467/4463 4010/4375/4372
f 3719/4477/4473 3720/4521/4517 3762/4476/4472
f 3762/4476/4472 3720/4521/4517 3761/4170/4167
f 3762/4476/4472 3761/4170/4167 3682/4172/4169
f 3761/4170/4167 3720/4521/4517 3721/4168/4165
f 3721/4168/4165 3720/4521/4517 3834/4522/4518
f 3721/4168/4165 3834/4522/4518 3833/4166/4163
f 3833/4166/4163 3834/4522/4518 3796/4523/4519
f 3833/4166/4163 3796/4523/4519 3797/4164/4161
f 3797/4164/4161 3796/4523/4519 3871/4524/4520
f 3797/4164/4161 3871/4524/4520 3872/4162/4159
f 3872/4162/4159 3871/4524/4520 3909/4525/4521
f 3872/4162/4159 3909/4525/4521 3910/4160/4157
f 3910/4160/4157 3909/4525/4521 3978/4526/4522
f 3910/4160/4157 3978/4526/4522 3977/4158/4155
f 3977/4158/4155 3978/4526/4522 3948/4527/4523
f 3977/4158/4155 3948/4527/4523 3949/4156/4153
f 3949/4156/4153 3948/4527/4523 4023/4424/4421
f 3720/4521/4517 3719/4477/4473 3835/4528/4524
f 3835/4528/4524 3719/4477/4473 3836/4478/4474
f 3835/4528/4524 3836/4478/4474 3794/4529/4525
f 3794/4529/4525 3836/4478/4474 3793/4479/4475
f 3794/4529/4525 3793/4479/4475 3868/4530/4526
f 3868/4530/4526 3793/4479/4475 3867/4480/4476
f 3868/4530/4526 3867/4480/4476 3905/4531/4527
f 3905/4531/4527 3867/4480/4476 3904/4481/4477
f 3905/4531/4527 3904/4481/4477 3983/4532/4528
f 3983/4532/4528 3904/4481/4477 3984/4482/4478
f 3983/4532/4528 3984/4482/4478 3942/4533/4529
f 3942/4533/4529 3984/4482/4478 3941/4483/4479
f 3942/4533/4529 3941/4483/4479 4016/4409/4406
f 4016/4409/4406 3941/4483/4479 4015/4407/4404
f 3759/4484/4480 3760/4169/4166 3722/4167/4164
f 3758/4272/4269 3759/4484/4480 3723/4273/4270
f 3723/4273/4270 3759/4484/4480 3722/4167/4164
f 3723/4273/4270 3722/4167/4164 3832/4165/4162
f 3734/4486/4482 3735/4178/4175 3747/4485/4481
f 3747/4485/4481 3735/4178/4175 3746/4177/4174
f 3747/4485/4481 3746/4177/4174 3697/4185/4182
f 3735/4178/4175 3734/4486/4482 3820/4179/4176
f 3820/4179/4176 3734/4486/4482 3821/4487/4483
f 3820/4179/4176 3821/4487/4483 3809/4180/4177
f 3809/4180/4177 3821/4487/4483 3808/4488/4484
f 3809/4180/4177 3808/4488/4484 3883/4181/4178
f 3883/4181/4178 3808/4488/4484 3882/4489/4485
f 3883/4181/4178 3882/4489/4485 3920/4182/4179
f 3920/4182/4179 3882/4489/4485 3919/4490/4486
f 3920/4182/4179 3919/4490/4486 3968/4183/4180
f 3968/4183/4180 3919/4490/4486 3969/4491/4487
f 3968/4183/4180 3969/4491/4487 3957/4184/4181
f 3957/4184/4181 3969/4491/4487 3956/4492/4488
f 3957/4184/4181 3956/4492/4488 4031/4141/4138
f 4031/4141/4138 3956/4492/4488 4030/4143/4140
f 3851/4326/4323 3778/4352/4349 3779/4324/4321
f 3779/4324/4321 3778/4352/4349 3853/4534/4530
f 3779/4324/4321 3853/4534/4530 3854/4322/4319
f 3854/4322/4319 3853/4534/4530 3891/4535/4531
f 3854/4322/4319 3891/4535/4531 3892/4320/4317
f 3892/4320/4317 3891/4535/4531 3996/4536/4532
f 3892/4320/4317 3996/4536/4532 3995/4318/4315
f 3995/4318/4315 3996/4536/4532 3930/4368/4365
f 3853/4534/4530 3778/4352/4349 3852/4354/4351
f 3794/4529/4525 3795/4537/4533 3835/4528/4524
f 3835/4528/4524 3795/4537/4533 3834/4522/4518
f 3835/4528/4524 3834/4522/4518 3720/4521/4517
f 3834/4522/4518 3795/4537/4533 3796/4523/4519
f 3796/4523/4519 3795/4537/4533 3870/4538/4534
f 3796/4523/4519 3870/4538/4534 3871/4524/4520
f 3871/4524/4520 3870/4538/4534 3908/4539/4535
f 3871/4524/4520 3908/4539/4535 3909/4525/4521
f 3909/4525/4521 3908/4539/4535 3979/4540/4536
f 3909/4525/4521 3979/4540/4536 3978/4526/4522
f 3978/4526/4522 3979/4540/4536 3947/4541/4537
f 3978/4526/4522 3947/4541/4537 3948/4527/4523
f 3948/4527/4523 3947/4541/4537 4022/4422/4419
f 3948/4527/4523 4022/4422/4419 4023/4424/4421
f 3795/4537/4533 3794/4529/4525 3869/4542/4538
f 3869/4542/4538 3794/4529/4525 3868/4530/4526
f 3869/4542/4538 3868/4530/4526 3906/4543/4539
f 3906/4543/4539 3868/4530/4526 3905/4531/4527
f 3906/4543/4539 3905/4531/4527 3982/4544/4540
f 3982/4544/4540 3905/4531/4527 3983/4532/4528
f 3982/4544/4540 3983/4532/4528 3943/4545/4541
f 3943/4545/4541 3983/4532/4528 3942/4533/4529
f 3943/4545/4541 3942/4533/4529 4017/4411/4408
f 4017/4411/4408 3942/4533/4529 4016/4409/4406
f 3817/4432/4429 3812/4431/4428 3813/4451/4447
f 3813/4451/4447 3812/4431/4428 3887/4546/4542
f 3813/4451/4447 3887/4546/4542 3888/4449/4445
f 3888/4449/4445 3887/4546/4542 3925/4447/4443
f 3887/4546/4542 3812/4431/4428 3886/4430/4427
f 3853/4534/4530 3852/4354/4351 3890/4547/4543
f 3890/4547/4543 3852/4354/4351 3889/4356/4353
f 3890/4547/4543 3889/4356/4353 3998/4548/4544
f 3998/4548/4544 3889/4356/4353 3999/4358/4355
f 3998/4548/4544 3999/4358/4355 3927/4360/4357
f 3795/4537/4533 3869/4542/4538 3870/4538/4534
f 3870/4538/4534 3869/4542/4538 3907/4549/4545
f 3870/4538/4534 3907/4549/4545 3908/4539/4535
f 3908/4539/4535 3907/4549/4545 3980/4550/4546
f 3908/4539/4535 3980/4550/4546 3979/4540/4536
f 3979/4540/4536 3980/4550/4546 3946/4551/4547
f 3979/4540/4536 3946/4551/4547 3947/4541/4537
f 3947/4541/4537 3946/4551/4547 4021/4420/4417
f 3947/4541/4537 4021/4420/4417 4022/4422/4419
f 3907/4549/4545 3869/4542/4538 3906/4543/4539
f 3887/4546/4542 3886/4430/4427 3924/4552/4548
f 3924/4552/4548 3886/4430/4427 3923/4429/4426
f 3924/4552/4548 3923/4429/4426 3964/4553/4549
f 3964/4553/4549 3923/4429/4426 3965/4428/4425
f 3964/4553/4549 3965/4428/4425 3961/4554/4550
f 3961/4554/4550 3965/4428/4425 3960/4427/4424
f 3961/4554/4550 3960/4427/4424 4035/4437/4434
f 4035/4437/4434 3960/4427/4424 4034/4426/4423
f 3853/4534/4530 3890/4547/4543 3891/4535/4531
f 3891/4535/4531 3890/4547/4543 3997/4555/4551
f 3891/4535/4531 3997/4555/4551 3996/4536/4532
f 3996/4536/4532 3997/4555/4551 3929/4556/4552
f 3996/4536/4532 3929/4556/4552 3930/4368/4365
f 3930/4368/4365 3929/4556/4552 4004/4366/4363
f 3997/4555/4551 3890/4547/4543 3998/4548/4544
f 3907/4549/4545 3906/4543/4539 3981/4557/4553
f 3981/4557/4553 3906/4543/4539 3982/4544/4540
f 3981/4557/4553 3982/4544/4540 3944/4558/4554
f 3944/4558/4554 3982/4544/4540 3943/4545/4541
f 3944/4558/4554 3943/4545/4541 4018/4413/4410
f 4018/4413/4410 3943/4545/4541 4017/4411/4408
f 3963/4445/4441 3925/4447/4443 3924/4552/4548
f 3924/4552/4548 3925/4447/4443 3887/4546/4542
f 3963/4445/4441 3924/4552/4548 3964/4553/4549
f 3997/4555/4551 3998/4548/4544 3928/4559/4555
f 3928/4559/4555 3998/4548/4544 3927/4360/4357
f 3928/4559/4555 3927/4360/4357 4002/4362/4359
f 3997/4555/4551 3928/4559/4555 3929/4556/4552
f 3929/4556/4552 3928/4559/4555 4003/4364/4361
f 3929/4556/4552 4003/4364/4361 4004/4366/4363
f 4003/4364/4361 3928/4559/4555 4002/4362/4359
f 3944/4558/4554 3945/4560/4556 3981/4557/4553
f 3981/4557/4553 3945/4560/4556 3980/4550/4546
f 3981/4557/4553 3980/4550/4546 3907/4549/4545
f 3980/4550/4546 3945/4560/4556 3946/4551/4547
f 3946/4551/4547 3945/4560/4556 4020/4418/4415
f 3946/4551/4547 4020/4418/4415 4021/4420/4417
f 4018/4413/4410 4019/4415/4412 3944/4558/4554
f 3944/4558/4554 4019/4415/4412 3945/4560/4556
f 4019/4415/4412 4020/4418/4415 3945/4560/4556
f 3963/4445/4441 3964/4553/4549 3962/4443/4439
f 3962/4443/4439 3964/4553/4549 3961/4554/4550
f 3962/4443/4439 3961/4554/4550 4036/4439/4436
f 4036/4439/4436 3961/4554/4550 4035/4437/4434
# 4036 vertices
# 4560 texture params
# 4556 normals
# 8064 facets

# 2 groups
