# WaveFront *.obj file (generated by Autodesk ATF)

mtllib camera casing v1.mtl

g Body1

v -10.000000 -0.250000 19.500000
v -9.982963 -0.250000 19.629410
v -9.933013 -0.250000 19.750000
v -9.853554 -0.250000 19.853554
v -9.750000 -0.250000 19.933013
v -9.629410 -0.250000 19.982963
v -9.500000 -0.250000 20.000000
v -9.500000 -3.122983 20.000000
v -9.595165 -3.097125 19.990728
v -9.689254 -3.069119 19.962798
v -9.776028 -3.040995 19.916754
v -9.850695 -3.015052 19.856383
v -9.912308 -2.992368 19.782618
v -9.960468 -2.973846 19.694853
v -9.990106 -2.962100 19.598281
v -10.000000 -2.958099 19.500000
v -10.000000 -2.958099 0.500000
v -10.000000 -0.250000 0.500000
v -8.000000 -3.250000 19.500000
v -8.017037 -3.250000 19.629410
v -8.066987 -3.250000 19.750000
v -8.146447 -3.250000 19.853554
v -8.250000 -3.250000 19.933013
v -8.370591 -3.250000 19.982963
v -8.500000 -3.250000 20.000000
v -8.500000 -0.250000 20.000000
v -8.370591 -0.250000 19.982963
v -8.250000 -0.250000 19.933013
v -8.146447 -0.250000 19.853554
v -8.066987 -0.250000 19.750000
v -8.017037 -0.250000 19.629410
v -8.000000 -0.250000 19.500000
v -8.836509 -3.235820 20.000000
v -9.170632 -3.193381 20.000000
v -6.500000 -3.250000 20.000000
v -6.629410 -3.250000 19.982963
v -6.750000 -3.250000 19.933013
v -6.853553 -3.250000 19.853554
v -6.933013 -3.250000 19.750000
v -6.982963 -3.250000 19.629410
v -7.000000 -3.250000 19.500000
v -7.000000 -0.250000 19.500000
v -6.982963 -0.250000 19.629410
v -6.933013 -0.250000 19.750000
v -6.853553 -0.250000 19.853554
v -6.750000 -0.250000 19.933013
v -6.629410 -0.250000 19.982963
v -6.500000 -0.250000 20.000000
v -7.000000 -3.250000 0.500000
v -7.000000 -0.250000 0.500000
v -5.000000 -3.250000 19.500000
v -5.017037 -3.250000 19.629410
v -5.066987 -3.250000 19.750000
v -5.146447 -3.250000 19.853554
v -5.250000 -3.250000 19.933013
v -5.370591 -3.250000 19.982963
v -5.500000 -3.250000 20.000000
v -5.500000 -0.250000 20.000000
v -5.370591 -0.250000 19.982963
v -5.250000 -0.250000 19.933013
v -5.146447 -0.250000 19.853554
v -5.066987 -0.250000 19.750000
v -5.017037 -0.250000 19.629410
v -5.000000 -0.250000 19.500000
v -3.500000 -3.250000 20.000000
v -3.629410 -3.250000 19.982963
v -3.750000 -3.250000 19.933013
v -3.853553 -3.250000 19.853554
v -3.933013 -3.250000 19.750000
v -3.982963 -3.250000 19.629410
v -4.000000 -3.250000 19.500000
v -4.000000 -0.250000 19.500000
v -3.982963 -0.250000 19.629410
v -3.933013 -0.250000 19.750000
v -3.853553 -0.250000 19.853554
v -3.750000 -0.250000 19.933013
v -3.629410 -0.250000 19.982963
v -3.500000 -0.250000 20.000000
v -4.000000 -3.250000 0.500000
v -4.000000 -0.250000 0.500000
v -2.000000 -3.250000 19.500000
v -2.017037 -3.250000 19.629410
v -2.066987 -3.250000 19.750000
v -2.146447 -3.250000 19.853554
v -2.250000 -3.250000 19.933013
v -2.370591 -3.250000 19.982963
v -2.500000 -3.250000 20.000000
v -2.500000 -0.250000 20.000000
v -2.370591 -0.250000 19.982963
v -2.250000 -0.250000 19.933013
v -2.146447 -0.250000 19.853554
v -2.066987 -0.250000 19.750000
v -2.017037 -0.250000 19.629410
v -2.000000 -0.250000 19.500000
v -0.500000 -3.250000 20.000000
v -0.629410 -3.250000 19.982963
v -0.750000 -3.250000 19.933013
v -0.853553 -3.250000 19.853554
v -0.933013 -3.250000 19.750000
v -0.982963 -3.250000 19.629410
v -1.000000 -3.250000 19.500000
v -1.000000 -0.250000 19.500000
v -0.982963 -0.250000 19.629410
v -0.933013 -0.250000 19.750000
v -0.853553 -0.250000 19.853554
v -0.750000 -0.250000 19.933013
v -0.629410 -0.250000 19.982963
v -0.500000 -0.250000 20.000000
v -1.000000 -3.250000 0.500000
v -1.000000 -0.250000 0.500000
v 1.000000 -3.250000 19.500000
v 0.982963 -3.250000 19.629410
v 0.933013 -3.250000 19.750000
v 0.853553 -3.250000 19.853554
v 0.750000 -3.250000 19.933013
v 0.629410 -3.250000 19.982963
v 0.500000 -3.250000 20.000000
v 0.500000 -0.250000 20.000000
v 0.629410 -0.250000 19.982963
v 0.750000 -0.250000 19.933013
v 0.853553 -0.250000 19.853554
v 0.933013 -0.250000 19.750000
v 0.982963 -0.250000 19.629410
v 1.000000 -0.250000 19.500000
v 2.500000 -3.250000 20.000000
v 2.370591 -3.250000 19.982963
v 2.250000 -3.250000 19.933013
v 2.146447 -3.250000 19.853554
v 2.066987 -3.250000 19.750000
v 2.017037 -3.250000 19.629410
v 2.000000 -3.250000 19.500000
v 2.000000 -0.250000 19.500000
v 2.017037 -0.250000 19.629410
v 2.066987 -0.250000 19.750000
v 2.146447 -0.250000 19.853554
v 2.250000 -0.250000 19.933013
v 2.370591 -0.250000 19.982963
v 2.500000 -0.250000 20.000000
v 2.000000 -3.250000 0.500000
v 2.000000 -0.250000 0.500000
v 4.000000 -3.250000 19.500000
v 3.982963 -3.250000 19.629410
v 3.933013 -3.250000 19.750000
v 3.853553 -3.250000 19.853554
v 3.750000 -3.250000 19.933013
v 3.629410 -3.250000 19.982963
v 3.500000 -3.250000 20.000000
v 3.500000 -0.250000 20.000000
v 3.629410 -0.250000 19.982963
v 3.750000 -0.250000 19.933013
v 3.853553 -0.250000 19.853554
v 3.933013 -0.250000 19.750000
v 3.982963 -0.250000 19.629410
v 4.000000 -0.250000 19.500000
v 5.500000 -3.250000 20.000000
v 5.370591 -3.250000 19.982963
v 5.250000 -3.250000 19.933013
v 5.146447 -3.250000 19.853554
v 5.066987 -3.250000 19.750000
v 5.017037 -3.250000 19.629410
v 5.000000 -3.250000 19.500000
v 5.000000 -0.250000 19.500000
v 5.017037 -0.250000 19.629410
v 5.066987 -0.250000 19.750000
v 5.146447 -0.250000 19.853554
v 5.250000 -0.250000 19.933013
v 5.370591 -0.250000 19.982963
v 5.500000 -0.250000 20.000000
v 5.000000 -3.250000 0.500000
v 5.000000 -0.250000 0.500000
v 7.000000 -3.250000 19.500000
v 6.982963 -3.250000 19.629410
v 6.933013 -3.250000 19.750000
v 6.853553 -3.250000 19.853554
v 6.750000 -3.250000 19.933013
v 6.629410 -3.250000 19.982963
v 6.500000 -3.250000 20.000000
v 6.500000 -0.250000 20.000000
v 6.629410 -0.250000 19.982963
v 6.750000 -0.250000 19.933013
v 6.853553 -0.250000 19.853554
v 6.933013 -0.250000 19.750000
v 6.982963 -0.250000 19.629410
v 7.000000 -0.250000 19.500000
v 8.500000 -3.250000 20.000000
v 8.370591 -3.250000 19.982963
v 8.250000 -3.250000 19.933013
v 8.146447 -3.250000 19.853554
v 8.066987 -3.250000 19.750000
v 8.017037 -3.250000 19.629410
v 8.000000 -3.250000 19.500000
v 8.000000 -0.250000 19.500000
v 8.017037 -0.250000 19.629410
v 8.066987 -0.250000 19.750000
v 8.146447 -0.250000 19.853554
v 8.250000 -0.250000 19.933013
v 8.370591 -0.250000 19.982963
v 8.500000 -0.250000 20.000000
v 8.000000 -3.250000 0.500000
v 8.000000 -0.250000 0.500000
v 9.500000 -0.250000 20.000000
v 9.629410 -0.250000 19.982963
v 9.750000 -0.250000 19.933013
v 9.853554 -0.250000 19.853554
v 9.933013 -0.250000 19.750000
v 9.982963 -0.250000 19.629410
v 10.000000 -0.250000 19.500000
v 10.000000 -2.958099 19.500000
v 9.990106 -2.962100 19.598281
v 9.960468 -2.973846 19.694853
v 9.912308 -2.992368 19.782618
v 9.850695 -3.015052 19.856383
v 9.776028 -3.040995 19.916754
v 9.689254 -3.069119 19.962798
v 9.595165 -3.097125 19.990728
v 9.500000 -3.122983 20.000000
v 9.170632 -3.193381 20.000000
v 8.836509 -3.235820 20.000000
v 8.500000 14.072148 5.490038
v 8.908675 14.093487 5.559291
v 9.309528 14.070732 5.664486
v 9.694886 14.004318 5.803610
v 10.057373 13.895516 5.973998
v 10.390051 13.746409 6.172391
v 10.686551 13.559851 6.394990
v 10.941199 13.339413 6.637535
v 11.149121 13.089313 6.895383
v 11.306337 12.814340 7.163599
v 11.409837 12.519757 7.437049
v 11.502157 12.151744 6.986904
v 11.589929 11.801860 6.521058
v 11.673072 11.470428 6.040708
v 11.751505 11.157773 5.547051
v 11.825151 10.864199 5.041478
v 11.894007 10.589720 4.525829
v 11.958160 10.333990 4.001418
v 12.017923 10.095759 3.468115
v 12.073570 9.873933 2.926912
v 12.125365 9.667464 2.378952
v 12.218676 9.295501 1.267755
v 12.301492 8.965375 0.144465
v 12.378796 8.657219 -0.985376
v 12.379783 8.653285 -1.000000
v 12.375808 8.669012 -0.988751
v 12.288532 8.969123 -0.771279
v 12.183059 9.260691 -0.553882
v 12.061757 9.542173 -0.336642
v 11.926997 9.812029 -0.119643
v 11.781149 10.068718 0.097035
v 11.626584 10.310696 0.313307
v 11.465685 10.536454 0.529094
v 11.301277 10.746454 0.744427
v 10.970281 11.124896 1.173402
v 10.648407 11.455388 1.599194
v 10.346200 11.749241 2.020702
v 10.065641 12.016689 2.437012
v 9.807689 12.267333 2.847244
v 9.572999 12.510663 3.250637
v 9.358554 12.753416 3.647291
v 9.161468 12.999791 4.036195
v 8.979215 13.253423 4.416007
v 8.809582 13.515917 4.785608
v 8.650525 13.788438 5.143964
v 12.322426 8.879771 -0.366613
v 12.244162 9.183213 0.470596
v 12.104913 9.714603 1.860084
v 11.436230 12.304465 6.551004
v 11.283788 12.585173 6.309811
v 11.084071 12.842551 6.077298
v 10.840585 13.072056 5.857568
v 10.697670 13.179404 5.749288
v 10.544716 13.277518 5.646091
v 10.275673 13.416376 5.490073
v 9.985425 13.527746 5.350826
v 9.677728 13.610178 5.230158
v 9.356430 13.662437 5.129732
v 9.037529 13.683807 5.053121
v 11.557331 11.829204 5.907130
v 11.409463 12.113702 5.691424
v 11.217431 12.376341 5.482951
v 10.984382 12.612792 5.285145
v 10.847844 12.724484 5.187258
v 10.701814 12.827460 5.093620
v 10.445031 12.975393 4.951198
v 10.167898 13.097245 4.822849
v 9.873760 13.191539 4.710124
v 9.566047 13.256987 4.614465
v 9.259862 13.292215 4.539333
v 11.670641 11.386325 5.236252
v 11.529434 11.670225 5.046544
v 11.347705 11.934174 4.862650
v 11.128181 12.174189 4.687343
v 10.999793 12.288724 4.600164
v 10.862556 12.395267 4.516415
v 10.621264 12.550638 4.388149
v 10.360654 12.681971 4.271285
v 10.083603 12.787812 4.167115
v 9.793064 12.866868 4.076849
v 9.503059 12.917075 4.003801
v 11.776190 10.975863 4.542078
v 11.644033 11.254048 4.378532
v 11.475604 11.514645 4.219446
v 11.273155 11.754152 4.066956
v 11.154968 11.869681 3.990695
v 11.028701 11.978153 3.917076
v 10.806688 12.138790 3.803439
v 10.566644 12.278101 3.698629
v 10.310927 12.394716 3.603676
v 10.041965 12.487388 3.519556
v 9.772473 12.553360 3.449391
v 11.848325 10.696775 4.024590
v 11.724434 10.967025 3.879924
v 11.567784 11.221679 3.738801
v 11.380259 11.457656 3.602926
v 11.270947 11.572423 3.534664
v 11.154214 11.680939 3.468509
v 10.948956 11.843486 3.365753
v 10.726835 11.987085 3.270064
v 10.489810 12.110467 3.182287
v 10.239903 12.212464 3.103227
v 9.988727 12.289840 3.035835
v 11.916863 10.432890 3.497319
v 11.802806 10.691564 3.371237
v 11.659888 10.936844 3.247861
v 11.489619 11.166132 3.128499
v 11.390548 11.278613 3.068236
v 11.284812 11.385746 3.009590
v 11.098909 11.548110 2.917892
v 10.897568 11.694225 2.831634
v 10.682343 11.822962 2.751485
v 10.454843 11.933270 2.678083
v 10.225435 12.021490 2.614175
v 11.982354 10.181875 2.959371
v 11.879715 10.424857 2.851485
v 11.752458 10.656792 2.745561
v 11.601723 10.875596 2.642551
v 11.514225 10.983897 2.590270
v 11.420921 11.087817 2.539166
v 11.256933 11.247170 2.458705
v 11.079217 11.393194 2.382223
v 10.888934 11.524934 2.310221
v 10.687289 11.641491 2.243183
v 10.483272 11.738877 2.183613
v 12.044930 9.942958 2.413255
v 11.955207 10.165743 2.322969
v 11.845361 10.379876 2.234012
v 11.716191 10.583795 2.147031
v 11.641448 10.685644 2.102644
v 11.561852 10.784102 2.059059
v 11.422074 10.936826 1.989946
v 11.270570 11.079225 1.923554
v 11.108143 11.210543 1.860235
v 10.935625 11.330057 1.800331
v 10.760525 11.433599 1.746071
v 12.029527 9.912276 1.786647
v 11.938675 10.103645 1.714032
v 11.832861 10.287647 1.642643
v 11.771915 10.380387 1.606014
v 11.707150 10.470699 1.569883
v 11.593620 10.612370 1.512190
v 11.470666 10.746664 1.456197
v 11.338785 10.873036 1.402130
v 11.198492 10.990964 1.350212
v 11.055735 11.096290 1.302357
v 12.203863 9.337676 0.886895
v 12.155570 9.479642 0.840694
v 12.099559 9.618827 0.794746
v 12.035982 9.754851 0.749177
v 11.999865 9.824445 0.725593
v 11.961764 9.893024 0.702163
v 11.895461 10.002520 0.664344
v 11.824091 10.108970 0.627056
v 11.747795 10.212163 0.590375
v 11.666718 10.311893 0.554373
v 11.584133 10.404631 0.520353
v 11.360832 10.716472 0.853550
v 11.469024 10.615561 0.893851
v 11.575209 10.505376 0.936912
v 11.675008 10.389813 0.981161
v 11.768148 10.269206 1.026473
v 11.854367 10.143892 1.072719
v 11.903718 10.064846 1.101493
v 11.950318 9.984243 1.130540
v 12.031777 9.825730 1.186859
v 12.102638 9.662432 1.243847
v 12.162626 9.494985 1.301283
v 12.283649 9.030790 0.052598
v 12.258453 9.114099 0.027560
v 12.230610 9.196558 0.002571
v 12.200145 9.278083 -0.022346
v 12.183218 9.320219 -0.035310
v 12.165591 9.362066 -0.048243
v 12.135361 9.429635 -0.069256
v 12.103299 9.496349 -0.090166
v 12.069428 9.562158 -0.110956
v 12.033770 9.627008 -0.131613
v 11.997702 9.688609 -0.151398
v 11.798943 10.061501 0.185298
v 11.857032 9.981922 0.212447
v 11.914184 9.897370 0.240958
v 11.968140 9.810831 0.269806
v 12.018834 9.722420 0.298953
v 12.066202 9.632251 0.328362
v 12.093585 9.576122 0.346515
v 12.119680 9.519402 0.364744
v 12.166053 9.409145 0.399863
v 12.207571 9.297015 0.435167
v 12.286619 8.976763 -0.744531
v 12.293821 8.956190 -0.738465
v 12.301106 8.934784 -0.732169
v 12.308204 8.913300 -0.725867
v 12.315116 8.891742 -0.719559
v 12.321842 8.870113 -0.713248
v 12.325875 8.856814 -0.709374
v 12.329838 8.843490 -0.705499
v 12.337237 8.817888 -0.698070
v 12.344376 8.792205 -0.690638
v 12.351256 8.766446 -0.683203
v 12.173482 9.290617 -0.489274
v 12.191255 9.251103 -0.477218
v 12.208994 9.209804 -0.464682
v 12.226031 9.168179 -0.452111
v 12.242362 9.126245 -0.439509
v 12.257984 9.084018 -0.426881
v 12.267214 9.057978 -0.419124
v 12.276174 9.031838 -0.411360
v 12.292592 8.981471 -0.396460
v 12.308011 8.930774 -0.381542
v 6.229089 21.035594 8.979215
v 6.605175 21.127927 9.010386
v 6.974953 21.215468 9.091243
v 7.332224 21.296751 9.220428
v 7.670993 21.370412 9.395776
v 7.985581 21.435216 9.614346
v 8.270710 21.490075 9.872472
v 8.521600 21.534070 10.165826
v 8.734043 21.566463 10.489487
v 8.904475 21.586711 10.838028
v 9.030039 21.594474 11.205602
v 9.108629 21.589622 11.586047
v 9.138926 21.572236 11.972980
v 9.338682 20.775952 11.896899
v 9.536887 19.985854 11.771989
v 9.732789 19.204935 11.598722
v 9.925647 18.436150 11.377754
v 10.114730 17.682410 11.109923
v 10.299324 16.946570 10.796242
v 10.478728 16.231414 10.437899
v 10.652264 15.539652 10.036250
v 10.819275 14.873902 9.592817
v 10.979128 14.236684 9.109277
v 11.131218 13.630411 8.587463
v 11.274969 13.057379 8.029349
v 8.339640 14.563870 6.025716
v 8.167010 15.093217 6.524247
v 7.983022 15.657391 6.982993
v 7.788649 16.253409 7.399531
v 7.584919 16.878120 7.771656
v 7.372909 17.528221 8.097402
v 7.153740 18.200273 8.375047
v 6.928571 18.890725 8.603122
v 6.698592 19.595924 8.780421
v 6.465020 20.312143 8.906007
v 8.326501 15.549978 6.920233
v 10.638671 15.562026 9.800195
v 8.063499 16.375237 7.495850
v 10.064546 17.848670 10.936989
v 7.637625 17.710522 8.195526
v 7.183028 19.134433 8.687517
v 9.286492 20.947448 11.686347
v 9.254619 20.965570 11.459208
v 9.205988 20.979181 11.234737
v 9.140890 20.988203 11.014258
v 9.059613 20.992554 10.799095
v 8.962518 20.992177 10.590544
v 8.850274 20.987106 10.389773
v 8.723633 20.977397 10.197919
v 8.579141 20.962635 10.011071
v 8.421034 20.943093 9.836093
v 8.114475 20.897722 9.561869
v 7.775210 20.839017 9.332257
v 7.409698 20.768081 9.151751
v 7.024709 20.686188 9.024050
v 6.710002 20.614428 8.961563
v 9.445442 20.314400 11.598853
v 9.411364 20.343009 11.374951
v 9.360814 20.367057 11.153637
v 9.294090 20.386404 10.936198
v 9.211486 20.400912 10.723919
v 9.113368 20.410464 10.518057
v 9.000398 20.415036 10.319750
v 8.873320 20.414632 10.130102
v 8.728668 20.409029 9.945224
v 8.570686 20.398168 9.771878
v 8.264988 20.366671 9.499614
v 7.927293 20.319949 9.270743
v 7.563933 20.258858 9.089670
v 7.181535 20.184457 8.960041
v 6.869090 20.116874 8.895064
v 9.603103 19.686483 11.479669
v 9.566872 19.725342 11.259492
v 9.514451 19.759595 11.041823
v 9.446142 19.789045 10.827905
v 9.362246 19.813498 10.618982
v 9.263133 19.832781 10.416274
v 9.149457 19.846819 10.220883
v 9.021955 19.855561 10.033882
v 8.877150 19.858978 9.851410
v 8.719291 19.856688 9.680116
v 8.414434 19.838942 9.410498
v 8.078272 19.804180 9.182982
v 7.717009 19.753019 9.001879
v 7.337136 19.686308 8.870769
v 7.026892 19.623140 8.803588
v 9.759095 19.065212 11.329295
v 9.720767 19.114070 11.113316
v 9.666523 19.158282 10.899759
v 9.596672 19.197597 10.689824
v 9.511521 19.231769 10.484715
v 9.411441 19.260572 10.285609
v 9.297081 19.283880 10.093572
v 9.169167 19.301594 9.909644
v 9.024215 19.313875 9.730005
v 8.866479 19.320025 9.561173
v 8.562443 19.315875 9.294875
v 8.227773 19.293015 9.069326
v 7.868551 19.251834 8.888731
v 7.491132 19.192976 8.756600
v 9.913036 18.452102 11.148235
v 9.872669 18.510694 10.936906
v 9.816656 18.564604 10.727910
v 9.745308 18.613532 10.522405
v 9.658938 18.657181 10.321549
v 9.557920 18.695276 10.126477
v 9.442898 18.727644 9.938219
v 9.314588 18.754138 9.757779
v 9.169495 18.775109 9.581385
v 9.011880 18.789551 9.415415
v 8.708644 18.798808 9.153100
v 8.375424 18.787760 8.930125
v 8.018182 18.756572 8.750582
v 7.643144 18.705694 8.617899
v 7.337117 18.651958 8.547229
v 10.213245 17.256430 10.696060
v 10.168987 17.333636 10.495316
v 10.109598 17.406100 10.296720
v 10.035399 17.473436 10.101340
v 9.946711 17.535253 9.910242
v 9.843912 17.591188 9.724474
v 9.727634 17.640979 9.544989
v 9.598573 17.684393 9.372713
v 9.453219 17.722152 9.204008
v 9.295839 17.752663 9.044923
v 8.994133 17.788037 8.792512
v 8.663678 17.800200 8.576487
v 8.310208 17.788902 8.400688
v 7.939703 17.754218 8.268358
v 7.488776 18.176919 8.383105
v 7.792794 18.225697 8.455029
v 8.165526 18.268505 8.587783
v 8.520850 18.289719 8.765729
v 8.852664 18.289082 8.985527
v 9.155124 18.266640 9.243210
v 9.312620 18.244071 9.405927
v 9.457847 18.214602 9.578672
v 9.586539 18.179535 9.755224
v 9.702201 18.138335 9.939294
v 9.804125 18.091190 10.129915
v 9.891674 18.038321 10.326094
v 9.964472 17.980048 10.526742
v 10.022202 17.916716 10.730745
v 10.358753 16.676899 10.425951
v 10.312648 16.762955 10.231102
v 10.251658 16.844248 10.038308
v 10.176108 16.920349 9.848588
v 10.086323 16.990827 9.662963
v 9.982683 17.055278 9.482434
v 9.865811 17.113400 9.307913
v 9.736398 17.164921 9.140290
v 9.590922 17.210742 8.976002
v 9.433657 17.248994 8.820922
v 9.132678 17.297012 8.574410
v 8.803535 17.320506 8.362751
v 8.451852 17.319034 8.189650
v 8.083492 17.292492 8.058248
v 7.783283 17.253973 7.984870
v 10.500688 16.111593 10.127161
v 10.452806 16.206176 9.938587
v 10.390277 16.295978 9.751971
v 10.313429 16.380532 9.568287
v 10.222590 16.459368 9.388508
v 10.118142 16.532044 9.213587
v 10.000702 16.598222 9.044398
v 9.870951 16.657592 8.881789
v 9.725360 16.711232 8.722288
v 9.568206 16.757005 8.571574
v 9.267929 16.817347 8.331575
v 8.940047 16.851944 8.124871
v 8.590082 16.860170 7.955024
v 8.223782 16.841753 7.825065
v 7.925368 16.808476 7.751518
v 10.589083 15.664800 9.618254
v 10.525078 15.762777 9.438176
v 10.446986 15.855456 9.260885
v 10.355138 15.942333 9.087308
v 10.249918 16.022929 8.918350
v 10.131935 16.096871 8.754844
v 10.001862 16.163816 8.597600
v 9.856163 16.225014 8.443240
v 9.699117 16.278069 8.297244
v 9.399513 16.350382 8.064362
v 9.072841 16.395820 7.863197
v 8.724521 16.413581 7.697162
v 8.360195 16.403234 7.569174
v 10.901383 14.515670 9.065156
v 10.848608 14.633775 8.897486
v 10.781847 14.747065 8.731485
v 10.701435 14.854972 8.567982
v 10.607707 14.956933 8.407806
v 10.501048 15.052406 8.251772
v 10.382055 15.140955 8.100626
v 10.251387 15.222175 7.955098
v 10.105489 15.297646 7.812033
v 9.948648 15.364491 7.676475
v 9.650307 15.459570 7.459561
v 9.325894 15.525770 7.271166
v 8.980643 15.561969 7.114397
v 8.619995 15.567441 6.991924
v 8.197314 15.955407 7.218454
v 8.492370 15.978120 7.291156
v 8.854812 15.980491 7.416643
v 9.201560 15.953393 7.578313
v 9.527076 15.897411 7.773368
v 9.826033 15.813510 7.998546
v 9.982975 15.753427 8.139485
v 10.128777 15.684948 8.288361
v 10.259155 15.610717 8.439906
v 10.377656 15.529314 8.597392
v 10.483614 15.441117 8.760048
v 10.576425 15.346530 8.927085
v 10.655705 15.246064 9.097643
v 10.721120 15.140255 9.270843
v 10.772339 15.029639 9.445810
v 11.025496 14.021335 8.659281
v 10.971242 14.146568 8.499211
v 10.903203 14.266980 8.340712
v 10.821716 14.381977 8.184568
v 10.727117 14.490966 8.031558
v 10.619792 14.593378 7.882449
v 10.500333 14.688752 7.737947
v 10.369390 14.776652 7.598739
v 10.223402 14.858815 7.461794
v 10.066658 14.932141 7.331928
v 9.768905 15.037965 7.123815
v 9.445539 15.114026 6.942610
v 9.101711 15.159059 6.791259
v 8.742767 15.172202 6.672304
v 8.450756 15.159928 6.602010
v 11.144374 13.547851 8.229229
v 11.088718 13.679844 8.077044
v 11.019469 13.807013 7.926336
v 10.936964 13.928738 7.777836
v 10.841542 14.044401 7.632277
v 10.733587 14.153409 7.490381
v 10.613688 14.255272 7.352810
v 10.482487 14.349533 7.220209
v 10.336415 14.438077 7.089681
v 10.179763 14.517591 6.965800
v 9.882567 14.633698 6.767004
v 9.560194 14.719235 6.593500
v 9.217711 14.772802 6.448070
v 8.860379 14.793409 6.333124
v 8.569770 14.786229 6.264604
v 11.257710 13.096434 7.776046
v 11.200733 13.234813 7.632015
v 11.130342 13.368365 7.489364
v 11.046877 13.496449 7.348777
v 10.950679 13.618424 7.210941
v 10.842133 13.733673 7.076527
v 10.721819 13.841684 6.946157
v 10.590375 13.941975 6.820435
v 10.444224 14.036574 6.696603
v 10.287661 14.121970 6.578989
v 9.990991 14.247875 6.390002
v 9.669554 14.342474 6.224688
v 9.328340 14.404241 6.085667
v 8.972526 14.432069 5.975210
v 8.683239 14.429857 5.908837
v 8.434852 23.247691 12.000000
v 8.412970 23.234280 11.608421
v 8.347697 23.194274 11.223543
v 8.240151 23.128358 10.851950
v 8.092172 23.037661 10.500000
v 7.906291 22.923733 10.173716
v 7.685690 22.788525 9.878680
v 7.434142 22.634350 9.619940
v 7.155952 22.463846 9.401924
v 6.855880 22.279930 9.228361
v 6.539059 22.085748 9.102223
v 6.210912 21.884625 9.025665
v 5.877052 21.680000 9.000000
v 5.656729 21.992787 9.000000
v 5.398389 22.274989 9.000000
v 5.106234 22.522017 9.000000
v 4.785015 22.729853 9.000000
v 4.439956 22.895117 9.000000
v 4.076670 23.015120 9.000000
v 3.701066 23.087912 9.000000
v 3.319251 23.112309 9.000000
v 3.319251 23.503887 9.025665
v 3.319251 23.888766 9.102223
v 3.319251 24.260359 9.228361
v 3.319251 24.612309 9.401924
v 3.319251 24.938593 9.619940
v 3.319251 25.233629 9.878680
v 3.319251 25.492369 10.173716
v 3.319251 25.710385 10.500000
v 3.319251 25.883947 10.851950
v 3.319251 26.010086 11.223543
v 3.319251 26.086643 11.608421
v 3.319251 26.112309 12.000000
v 3.875329 26.086484 12.000000
v 4.426620 26.009234 12.000000
v 4.968379 25.881223 12.000000
v 5.495942 25.703553 12.000000
v 6.004768 25.477754 12.000000
v 6.490477 25.205768 12.000000
v 6.948888 24.889938 12.000000
v 7.376055 24.532981 12.000000
v 7.768300 24.137971 12.000000
v 8.122249 23.708309 12.000000
v 5.612413 22.611152 9.025665
v 4.251442 23.373263 9.025665
v 6.034208 22.144995 9.025665
v 6.342304 22.375665 9.102223
v 6.639764 22.598373 9.228361
v 6.921499 22.809309 9.401924
v 7.182690 23.004862 9.619940
v 7.418866 23.181687 9.878680
v 7.625987 23.336758 10.173716
v 7.800509 23.467422 10.500000
v 7.939445 23.571444 10.851950
v 8.040420 23.647043 11.223543
v 8.101703 23.692927 11.608421
v 5.834135 22.387867 9.025665
v 6.119525 22.646099 9.102223
v 6.395065 22.895417 9.228361
v 6.656038 23.131556 9.401924
v 6.897981 23.350474 9.619940
v 7.116752 23.548427 9.878680
v 7.308610 23.722027 10.173716
v 7.470271 23.868303 10.500000
v 7.598969 23.984754 10.851950
v 7.692502 24.069386 11.223543
v 7.749269 24.120751 11.608421
v 5.872642 22.894722 9.102223
v 6.123889 23.168504 9.228361
v 6.361854 23.427813 9.401924
v 6.582466 23.668212 9.619940
v 6.781950 23.885589 9.878680
v 6.956892 24.076223 10.173716
v 7.104300 24.236852 10.500000
v 7.221652 24.364729 10.851950
v 7.306939 24.457666 11.223543
v 7.358701 24.514071 11.608421
v 5.111828 22.991453 9.025665
v 5.315251 23.318180 9.102223
v 5.511652 23.633630 9.228361
v 5.697670 23.932403 9.401924
v 5.870124 24.209389 9.619940
v 6.026062 24.459848 9.878680
v 6.162815 24.679495 10.173716
v 6.278045 24.864571 10.500000
v 6.369779 25.011910 10.851950
v 6.436448 25.118990 11.223543
v 6.476912 25.183980 11.608421
v 6.933362 24.869501 11.608421
v 6.887049 24.808541 11.223543
v 6.810743 24.708100 10.851950
v 6.705748 24.569897 10.500000
v 6.573862 24.396297 10.173716
v 6.417340 24.190270 9.878680
v 6.238861 23.955341 9.619940
v 6.041479 23.695530 9.401924
v 5.828570 23.415283 9.228361
v 5.603779 23.119394 9.102223
v 5.370951 22.812926 9.025665
v 4.837275 23.145197 9.025665
v 5.009541 23.489371 9.102223
v 5.175861 23.821665 9.228361
v 5.333389 24.136392 9.401924
v 5.479429 24.428169 9.619940
v 5.611483 24.692002 9.878680
v 5.727291 24.923378 10.173716
v 5.824872 25.118337 10.500000
v 5.902557 25.273544 10.851950
v 5.959015 25.386342 11.223543
v 5.993280 25.454803 11.608421
v 4.549654 23.272833 9.025665
v 4.689281 23.631491 9.102223
v 4.824088 23.977769 9.228361
v 4.951769 24.305742 9.401924
v 5.070139 24.609798 9.619940
v 5.177173 24.884735 9.878680
v 5.271039 25.125847 10.173716
v 5.350131 25.329011 10.500000
v 5.413097 25.490749 10.851950
v 5.458857 25.608295 11.223543
v 5.486631 25.679636 11.608421
v 3.945206 23.445623 9.025665
v 4.016240 23.823890 9.102223
v 4.084822 24.189099 9.228361
v 4.149778 24.535003 9.401924
v 4.209997 24.855682 9.619940
v 4.264450 25.145650 9.878680
v 4.312203 25.399944 10.173716
v 4.352440 25.614215 10.500000
v 4.384473 25.784796 10.851950
v 4.407754 25.908768 11.223543
v 4.421883 25.984010 11.608421
v 4.961325 25.856546 11.608421
v 4.940283 25.782938 11.223543
v 4.905613 25.661657 10.851950
v 4.857908 25.494779 10.500000
v 4.797986 25.285160 10.173716
v 4.726870 25.036385 9.878680
v 4.645778 24.752712 9.619940
v 4.556097 24.438995 9.401924
v 4.459362 24.100600 9.228361
v 4.357228 23.743319 9.102223
v 3.633582 23.489290 9.025665
v 3.669252 23.872512 9.102223
v 3.703691 24.242506 9.228361
v 3.736310 24.592941 9.401924
v 3.766550 24.917820 9.619940
v 3.793893 25.211587 9.878680
v 3.817873 25.469213 10.173716
v 3.838079 25.686291 10.500000
v 3.854165 25.859106 10.851950
v 3.865855 25.984702 11.223543
v 3.872950 26.060930 11.608421
v -3.319251 23.112309 9.000000
v -3.319251 23.503887 9.025665
v -3.319251 23.888766 9.102223
v -3.319251 24.260359 9.228361
v -3.319251 24.612309 9.401924
v -3.319251 24.938593 9.619940
v -3.319251 25.233629 9.878680
v -3.319251 25.492369 10.173716
v -3.319251 25.710385 10.500000
v -3.319251 25.883947 10.851950
v -3.319251 26.010086 11.223543
v -3.319251 26.086643 11.608421
v -3.319251 26.112309 12.000000
v -5.877052 21.680000 9.000000
v -6.210912 21.884625 9.025665
v -6.539059 22.085748 9.102223
v -6.855880 22.279930 9.228361
v -7.155952 22.463846 9.401924
v -7.434142 22.634350 9.619940
v -7.685690 22.788525 9.878680
v -7.906291 22.923733 10.173716
v -8.092172 23.037661 10.500000
v -8.240151 23.128358 10.851950
v -8.347697 23.194274 11.223543
v -8.412970 23.234280 11.608421
v -8.434852 23.247691 12.000000
v -8.122249 23.708309 12.000000
v -7.768300 24.137971 12.000000
v -7.376055 24.532981 12.000000
v -6.948888 24.889938 12.000000
v -6.490477 25.205768 12.000000
v -6.004768 25.477754 12.000000
v -5.495942 25.703553 12.000000
v -4.968379 25.881223 12.000000
v -4.426620 26.009234 12.000000
v -3.875329 26.086484 12.000000
v -3.701066 23.087912 9.000000
v -4.076670 23.015120 9.000000
v -4.439956 22.895117 9.000000
v -4.785015 22.729853 9.000000
v -5.106234 22.522017 9.000000
v -5.398389 22.274989 9.000000
v -5.656729 21.992787 9.000000
v -4.251442 23.373263 9.025665
v -5.612413 22.611152 9.025665
v -8.101703 23.692927 11.608421
v -8.040420 23.647043 11.223543
v -7.939445 23.571444 10.851950
v -7.800509 23.467422 10.500000
v -7.625987 23.336758 10.173716
v -7.418866 23.181687 9.878680
v -7.182690 23.004862 9.619940
v -6.921499 22.809309 9.401924
v -6.639764 22.598373 9.228361
v -6.342304 22.375665 9.102223
v -6.034208 22.144995 9.025665
v -7.749269 24.120751 11.608421
v -7.692502 24.069386 11.223543
v -7.598969 23.984754 10.851950
v -7.470271 23.868303 10.500000
v -7.308610 23.722027 10.173716
v -7.116752 23.548427 9.878680
v -6.897981 23.350474 9.619940
v -6.656038 23.131556 9.401924
v -6.395065 22.895417 9.228361
v -6.119525 22.646099 9.102223
v -5.834135 22.387867 9.025665
v -7.358701 24.514071 11.608421
v -7.306939 24.457666 11.223543
v -7.221652 24.364729 10.851950
v -7.104300 24.236852 10.500000
v -6.956892 24.076223 10.173716
v -6.781950 23.885589 9.878680
v -6.582466 23.668212 9.619940
v -6.361854 23.427813 9.401924
v -6.123889 23.168504 9.228361
v -5.872642 22.894722 9.102223
v -6.933362 24.869501 11.608421
v -6.887049 24.808541 11.223543
v -6.810743 24.708100 10.851950
v -6.705748 24.569897 10.500000
v -6.573862 24.396297 10.173716
v -6.417340 24.190270 9.878680
v -6.238861 23.955341 9.619940
v -6.041479 23.695530 9.401924
v -5.828570 23.415283 9.228361
v -5.603779 23.119394 9.102223
v -5.370951 22.812926 9.025665
v -6.476912 25.183980 11.608421
v -6.436448 25.118990 11.223543
v -6.369779 25.011910 10.851950
v -6.278045 24.864571 10.500000
v -6.162815 24.679495 10.173716
v -6.026062 24.459848 9.878680
v -5.870124 24.209389 9.619940
v -5.697670 23.932403 9.401924
v -5.511652 23.633630 9.228361
v -5.315251 23.318180 9.102223
v -5.111828 22.991453 9.025665
v -5.993280 25.454803 11.608421
v -5.959015 25.386342 11.223543
v -5.902557 25.273544 10.851950
v -5.824872 25.118337 10.500000
v -5.727291 24.923378 10.173716
v -5.611483 24.692002 9.878680
v -5.479429 24.428169 9.619940
v -5.333389 24.136392 9.401924
v -5.175861 23.821665 9.228361
v -5.009541 23.489371 9.102223
v -4.837275 23.145197 9.025665
v -5.486631 25.679636 11.608421
v -5.458857 25.608295 11.223543
v -5.413097 25.490749 10.851950
v -5.350131 25.329011 10.500000
v -5.271039 25.125847 10.173716
v -5.177173 24.884735 9.878680
v -5.070139 24.609798 9.619940
v -4.951769 24.305742 9.401924
v -4.824088 23.977769 9.228361
v -4.689281 23.631491 9.102223
v -4.549654 23.272833 9.025665
v -4.961325 25.856546 11.608421
v -4.940283 25.782938 11.223543
v -4.905613 25.661657 10.851950
v -4.857908 25.494779 10.500000
v -4.797986 25.285160 10.173716
v -4.726870 25.036385 9.878680
v -4.645778 24.752712 9.619940
v -4.556097 24.438995 9.401924
v -4.459362 24.100600 9.228361
v -4.357228 23.743319 9.102223
v -4.421883 25.984010 11.608421
v -4.407754 25.908768 11.223543
v -4.384473 25.784796 10.851950
v -4.352440 25.614215 10.500000
v -4.312203 25.399944 10.173716
v -4.264450 25.145650 9.878680
v -4.209997 24.855682 9.619940
v -4.149778 24.535003 9.401924
v -4.084822 24.189099 9.228361
v -4.016240 23.823890 9.102223
v -3.945206 23.445623 9.025665
v -3.872950 26.060930 11.608421
v -3.865855 25.984702 11.223543
v -3.854165 25.859106 10.851950
v -3.838079 25.686291 10.500000
v -3.817873 25.469213 10.173716
v -3.793893 25.211587 9.878680
v -3.766550 24.917820 9.619940
v -3.736310 24.592941 9.401924
v -3.703691 24.242506 9.228361
v -3.669252 23.872512 9.102223
v -3.633582 23.489290 9.025665
v 8.658301 22.849905 11.998476
v 8.850860 22.436380 11.993669
v 9.011362 22.009611 11.985249
v 6.165306 21.203815 8.988653
v 6.085056 21.367957 8.995130
v 5.988776 21.527005 8.998828
v 8.660917 22.824711 11.765493
v 8.635156 22.815404 11.534105
v 8.593550 22.798017 11.305503
v 8.536352 22.772656 11.081073
v 8.463817 22.739427 10.862195
v 8.376267 22.698473 10.650223
v 8.274326 22.650089 10.446375
v 8.158699 22.594615 10.251830
v 8.025861 22.530333 10.062183
v 7.879992 22.459242 9.884983
v 7.742669 22.391938 9.741456
v 7.596777 22.320109 9.608975
v 7.282354 22.164398 9.379458
v 7.115360 22.081275 9.283577
v 6.942870 21.995148 9.201047
v 6.765709 21.906430 9.132284
v 6.584773 21.815570 9.077509
v 6.291669 21.667881 9.019751
v 8.860481 22.389624 11.760933
v 8.832812 22.385932 11.530390
v 8.788823 22.375464 11.302606
v 8.728781 22.358284 11.078949
v 8.652952 22.334455 10.860789
v 8.561674 22.304073 10.649464
v 8.455592 22.267360 10.446180
v 8.335432 22.224575 10.252107
v 8.197534 22.174366 10.062839
v 8.046237 22.118261 9.885895
v 7.903898 22.064714 9.742484
v 7.752751 22.007195 9.610013
v 7.427191 21.881466 9.380190
v 7.254358 21.813864 9.283985
v 7.075878 21.743510 9.201012
v 6.892599 21.670739 9.131689
v 6.705442 21.595919 9.076237
v 6.402299 21.473713 9.017169
v 9.007924 21.991328 11.753225
v 8.979037 21.993037 11.523200
v 8.933456 21.989132 11.295917
v 8.871455 21.979636 11.072740
v 8.793312 21.964573 10.855028
v 8.699373 21.943994 10.644114
v 8.590298 21.918056 10.441197
v 8.466833 21.886947 10.247441
v 8.325216 21.849647 10.058441
v 8.169905 21.807255 9.881700
v 8.023837 21.766269 9.738408
v 7.868768 21.721798 9.605999
v 7.534855 21.623351 9.376122
v 7.357627 21.569849 9.279798
v 7.174630 21.513812 9.196642
v 6.986729 21.455504 9.127070
v 6.794866 21.395223 9.071306
v 6.484122 21.296101 9.011614
v -11.409837 12.519757 7.437049
v -11.306337 12.814340 7.163599
v -11.149121 13.089313 6.895383
v -10.941199 13.339413 6.637535
v -10.686551 13.559851 6.394990
v -10.390051 13.746409 6.172391
v -10.057373 13.895516 5.973998
v -9.694886 14.004318 5.803610
v -9.309528 14.070732 5.664486
v -8.908675 14.093487 5.559291
v -8.500000 14.072148 5.490038
v -8.650525 13.788438 5.143964
v -8.809582 13.515917 4.785608
v -8.979215 13.253423 4.416007
v -9.161468 12.999791 4.036195
v -9.358554 12.753416 3.647291
v -9.572999 12.510663 3.250637
v -9.807689 12.267333 2.847244
v -10.065641 12.016689 2.437012
v -10.346200 11.749241 2.020702
v -10.648407 11.455388 1.599194
v -10.970281 11.124896 1.173402
v -11.301277 10.746454 0.744427
v -11.465685 10.536454 0.529094
v -11.626584 10.310696 0.313307
v -11.781149 10.068718 0.097035
v -11.926997 9.812029 -0.119643
v -12.061757 9.542173 -0.336642
v -12.183059 9.260691 -0.553882
v -12.288532 8.969123 -0.771279
v -12.375808 8.669012 -0.988751
v -12.379783 8.653285 -1.000000
v -12.302387 8.961806 0.131705
v -12.219523 9.292125 1.256907
v -12.126172 9.664247 2.370046
v -12.074351 9.870821 2.918986
v -12.018668 10.092788 3.461164
v -11.958860 10.331199 3.995432
v -11.894652 10.587151 4.520784
v -11.825727 10.861905 5.037349
v -11.751997 11.155813 5.543818
v -11.673464 11.468867 6.038345
v -11.590205 11.800759 6.519528
v -11.502303 12.151164 6.986163
v -12.324881 8.870682 -0.363960
v -12.250141 9.162840 0.476897
v -12.172127 9.464858 1.311515
v -9.107423 13.681600 5.068038
v -9.492606 13.644229 5.169316
v -9.862354 13.564795 5.299478
v -10.210160 13.444685 5.456244
v -10.381733 13.366209 5.548119
v -10.544716 13.277518 5.646091
v -10.788706 13.112977 5.816785
v -11.004993 12.924881 6.000042
v -11.190777 12.715658 6.193495
v -11.343491 12.487863 6.394723
v -11.458168 12.252550 6.594425
v -9.327045 13.286908 4.554194
v -9.696549 13.233091 4.652445
v -10.050304 13.138946 4.775097
v -10.382496 13.006007 4.920144
v -10.546257 12.921572 5.004327
v -10.701814 12.827460 5.093620
v -10.934805 12.655267 5.248314
v -11.141659 12.460863 5.413510
v -11.319879 12.246588 5.587219
v -11.467172 12.014892 5.767410
v -11.578800 11.776747 5.945927
v -9.566780 12.908361 4.018474
v -9.916383 12.837019 4.112961
v -10.249958 12.728112 4.227375
v -10.562483 12.583267 4.360004
v -10.716393 12.493719 4.436141
v -10.862556 12.395267 4.516415
v -11.081551 12.217638 4.654580
v -11.276251 12.019655 4.801218
v -11.444509 11.803494 4.954713
v -11.584345 11.571431 5.113421
v -11.691330 11.334142 5.270337
v -9.831784 12.541003 3.463698
v -10.156239 12.451483 3.553474
v -10.464548 12.328276 3.658819
v -10.752578 12.173023 3.778326
v -10.894231 12.079532 3.846102
v -11.028701 11.978153 3.917076
v -11.230219 11.797865 4.038335
v -11.409631 11.599611 4.166120
v -11.565175 11.385331 4.299178
v -11.695224 11.157042 4.436236
v -11.795742 10.924900 4.571426
v -10.044082 12.274804 3.049719
v -10.346167 12.172336 3.135288
v -10.632260 12.039704 3.233414
v -10.898910 11.878497 3.342918
v -11.029903 11.783219 3.404435
v -11.154214 11.680939 3.468509
v -11.340539 11.500996 3.577336
v -11.506616 11.305138 3.691366
v -11.650979 11.095090 3.809594
v -11.772273 10.872634 3.931001
v -11.866796 10.647393 4.050522
v -10.276064 12.003860 2.627471
v -10.551661 11.889293 2.708018
v -10.811746 11.748668 2.798309
v -11.053567 11.583459 2.897393
v -11.172231 11.487602 2.952508
v -11.284812 11.385746 3.009590
v -11.453610 11.208520 3.105935
v -11.604285 11.017677 3.206267
v -11.735672 10.814687 3.309813
v -11.846690 10.601062 3.415787
v -11.934016 10.385754 3.519894
v -10.528364 11.718989 2.196121
v -10.773178 11.594492 2.270673
v -11.003388 11.448473 2.352413
v -11.216928 11.282232 2.440608
v -11.321613 11.187483 2.489169
v -11.420921 11.087817 2.539166
v -11.569909 10.916323 2.623000
v -11.703164 10.733671 2.709736
v -11.819812 10.541053 2.798806
v -11.919043 10.339690 2.889637
v -11.997943 10.137728 2.978665
v -10.799280 11.412093 1.757561
v -11.009166 11.281398 1.825025
v -11.205877 11.133935 1.897448
v -11.387978 10.970774 1.974305
v -11.477198 10.879341 2.016192
v -11.561852 10.784102 2.059059
v -11.689000 10.622014 2.130454
v -11.803041 10.451280 2.203823
v -11.903368 10.272803 2.278777
v -11.989418 10.087506 2.354925
v -12.058715 9.902605 2.429380
v -11.087369 11.074112 1.312567
v -11.258332 10.942552 1.371717
v -11.418154 10.798972 1.433994
v -11.565946 10.644169 1.499054
v -11.638371 10.558793 1.534162
v -11.707150 10.470699 1.569883
v -11.810672 10.322373 1.628981
v -11.903918 10.167850 1.689306
v -11.986512 10.007754 1.750615
v -12.058100 9.842718 1.812663
v -12.116656 9.678917 1.873183
v -11.384824 10.694993 0.862204
v -11.514327 10.570013 0.911762
v -11.635266 10.437373 0.963055
v -11.747170 10.297587 1.015884
v -11.802100 10.221607 1.044134
v -11.854367 10.143892 1.072719
v -11.933331 10.014362 1.119720
v -12.004924 9.880851 1.167391
v -12.068946 9.743733 1.215600
v -12.125206 9.603389 1.264212
v -11.602448 10.384764 0.527688
v -11.701301 10.270491 0.569388
v -11.793692 10.151284 0.612082
v -11.879368 10.027468 0.655653
v -11.921537 9.960808 0.678813
v -11.961764 9.893024 0.702163
v -12.022798 9.780820 0.740399
v -12.078524 9.666014 0.779015
v -12.128832 9.548833 0.817935
v -12.173617 9.429508 0.857084
v -12.211624 9.312198 0.895118
v -11.811817 10.044368 0.191170
v -11.881392 9.946702 0.224364
v -11.946617 9.846209 0.258052
v -12.007380 9.743070 0.292173
v -12.037426 9.687985 0.310221
v -12.066202 9.632251 0.328362
v -12.110137 9.540540 0.357964
v -12.150638 9.447310 0.387753
v -12.187654 9.352679 0.417692
v -12.221137 9.256769 0.447742
v -12.005683 9.675297 -0.147109
v -12.048945 9.599924 -0.122965
v -12.089761 9.523188 -0.098624
v -12.128093 9.445174 -0.074112
v -12.147191 9.403778 -0.061196
v -12.165591 9.362066 -0.048243
v -12.193939 9.293769 -0.027165
v -12.220420 9.224724 -0.006013
v -12.245015 9.154982 0.015197
v -12.267708 9.084597 0.036451
v -12.287845 9.015911 0.057049
v -12.177402 9.282053 -0.486656
v -12.198782 9.233819 -0.471963
v -12.219197 9.185122 -0.457220
v -12.238641 9.135990 -0.442432
v -12.248447 9.110058 -0.434661
v -12.257984 9.084018 -0.426881
v -12.272877 9.041561 -0.414245
v -12.287054 8.998843 -0.401590
v -12.300512 8.955881 -0.388920
v -12.313247 8.912689 -0.376240
v -12.288200 8.972296 -0.743213
v -12.296900 8.947220 -0.735824
v -12.305344 8.922034 -0.728427
v -12.313531 8.896744 -0.721022
v -12.317722 8.883442 -0.717135
v -12.321842 8.870113 -0.713248
v -12.328374 8.848442 -0.706939
v -12.334720 8.826708 -0.700627
v -12.340879 8.804914 -0.694313
v -12.346850 8.783063 -0.687997
v -12.352451 8.761863 -0.681883
v -9.138926 21.572236 11.972980
v -9.108629 21.589622 11.586047
v -9.030039 21.594474 11.205602
v -8.904475 21.586711 10.838028
v -8.734043 21.566463 10.489487
v -8.521600 21.534070 10.165826
v -8.270710 21.490075 9.872472
v -7.985581 21.435216 9.614346
v -7.670993 21.370412 9.395776
v -7.332224 21.296751 9.220428
v -6.974953 21.215468 9.091243
v -6.605175 21.127927 9.010386
v -6.229089 21.035594 8.979215
v -6.465020 20.312143 8.906007
v -6.698592 19.595924 8.780421
v -6.928571 18.890725 8.603122
v -7.153740 18.200273 8.375047
v -7.372909 17.528221 8.097402
v -7.584919 16.878120 7.771656
v -7.788649 16.253409 7.399531
v -7.983022 15.657391 6.982993
v -8.167010 15.093217 6.524247
v -8.339640 14.563870 6.025716
v -11.274969 13.057379 8.029349
v -11.131218 13.630411 8.587463
v -10.979128 14.236684 9.109277
v -10.819275 14.873902 9.592817
v -10.652264 15.539652 10.036250
v -10.478728 16.231414 10.437899
v -10.299324 16.946570 10.796242
v -10.114730 17.682410 11.109923
v -9.925647 18.436150 11.377754
v -9.732789 19.204935 11.598722
v -9.536887 19.985854 11.771989
v -9.338682 20.775952 11.896899
v -9.670560 19.417821 11.418655
v -6.823942 20.258095 8.916542
v -7.094411 19.411828 8.756557
v -10.065180 17.846144 10.936034
v -7.617260 17.774341 8.222799
v -8.253577 15.778850 7.092431
v -6.687289 20.685447 8.968971
v -7.002322 20.757781 9.031082
v -7.387685 20.840722 9.158473
v -7.753507 20.913048 9.338855
v -8.093000 20.973458 9.568521
v -8.399682 21.020811 9.842968
v -8.557807 21.041596 10.018144
v -8.702276 21.057671 10.205236
v -8.828853 21.068715 10.397368
v -8.940992 21.075172 10.598451
v -9.037939 21.076977 10.807346
v -9.119025 21.074086 11.022880
v -9.183889 21.066551 11.243751
v -9.232242 21.054442 11.468631
v -9.263798 21.037830 11.696190
v -7.137025 20.326893 8.980839
v -7.520153 20.403447 9.109964
v -7.884120 20.467349 9.290931
v -8.222258 20.517480 9.520076
v -8.528199 20.552913 9.792968
v -8.686217 20.566233 9.966821
v -8.830824 20.574428 10.152305
v -8.957779 20.577464 10.342626
v -9.070545 20.575618 10.541680
v -9.168374 20.568872 10.748355
v -9.250604 20.557233 10.961503
v -9.316870 20.540801 11.179857
v -9.366878 20.519700 11.402119
v -9.400334 20.494051 11.626993
v -9.536002 19.953729 11.534376
v -9.500683 19.988244 11.312551
v -9.449054 20.018171 11.093268
v -9.381416 20.043338 10.877790
v -9.298068 20.063574 10.667378
v -9.199376 20.078728 10.463268
v -9.085999 20.088749 10.266578
v -8.958676 20.093609 10.078394
v -8.813935 20.093195 9.894843
v -8.656024 20.087262 9.722623
v -8.350810 20.063665 9.451792
v -8.013999 20.023803 9.223623
v -7.651848 19.968397 9.042466
v -7.270906 19.898382 8.911934
v -6.959730 19.833302 8.845657
v -7.403725 19.473027 8.824596
v -7.782532 19.536371 8.956202
v -8.142908 19.583235 9.137153
v -8.478422 19.612858 9.363896
v -8.782922 19.624724 9.632165
v -8.940728 19.623359 9.802447
v -9.085597 19.616102 9.983750
v -9.213279 19.603470 10.169478
v -9.327251 19.585413 10.363476
v -9.426785 19.562000 10.564687
v -9.511227 19.533330 10.772020
v -9.580206 19.499597 10.984277
v -9.633418 19.461022 11.200231
v -9.803770 18.887283 11.280146
v -9.764847 18.938980 11.065465
v -9.710087 18.986019 10.853179
v -9.639799 19.028137 10.644478
v -9.554292 19.065071 10.440553
v -9.453938 19.096580 10.242567
v -9.339385 19.122527 10.051579
v -9.211355 19.142796 9.868616
v -9.066362 19.157605 9.689872
v -8.908661 19.166165 9.521825
v -8.604858 19.165906 9.256610
v -8.270611 19.146468 9.031742
v -7.911967 19.108172 8.851395
v -7.535243 19.051607 8.719056
v -7.227745 18.994435 8.649481
v -7.359492 18.581882 8.524670
v -7.665221 18.634901 8.595544
v -8.039916 18.684602 8.728268
v -8.396873 18.714326 8.907611
v -8.729885 18.723654 9.130158
v -9.033006 18.712451 9.391836
v -9.190603 18.696808 9.557353
v -9.335716 18.674580 9.733237
v -9.464083 18.646817 9.913133
v -9.579200 18.613141 10.100803
v -9.680353 18.573704 10.295249
v -9.766898 18.528688 10.495446
v -9.838461 18.478374 10.700266
v -9.894729 18.423067 10.908557
v -9.935390 18.363072 11.119167
v -7.489411 18.174931 8.382362
v -7.793421 18.223687 8.454291
v -8.166143 18.266461 8.587043
v -8.521459 18.287633 8.764982
v -8.853267 18.286947 8.984765
v -9.155723 18.264450 9.242427
v -9.313219 18.241847 9.405130
v -9.458447 18.212342 9.577859
v -9.587141 18.177240 9.754394
v -9.702805 18.136003 9.938444
v -9.804733 18.088820 10.129046
v -9.892287 18.035913 10.325205
v -9.965091 17.977601 10.525831
v -10.022828 17.914230 10.729812
v -7.783890 17.252068 7.983932
v -8.084092 17.290565 8.057311
v -8.452443 17.317072 8.188709
v -8.804119 17.318503 8.361797
v -9.133256 17.294961 8.573436
v -9.434232 17.246891 8.819922
v -9.591497 17.208607 8.974985
v -9.736974 17.162752 9.139253
v -9.866388 17.111197 9.306855
v -9.983262 17.053041 9.481355
v -10.086906 16.988555 9.661861
v -10.176696 16.918041 9.847462
v -10.252251 16.841904 10.037157
v -10.313247 16.760574 10.229926
v -10.359360 16.674481 10.424749
v -10.192902 17.337456 10.731063
v -10.148904 17.413415 10.529536
v -10.089740 17.484637 10.330169
v -10.015732 17.550739 10.134038
v -9.927198 17.611338 9.942216
v -9.824518 17.666076 9.755755
v -9.708324 17.714696 9.575613
v -9.579313 17.756972 9.402725
v -9.433976 17.793599 9.233439
v -9.276580 17.823026 9.073831
v -8.974771 17.856631 8.820655
v -8.644131 17.867214 8.604074
v -8.290410 17.854552 8.427945
v -7.919602 17.818744 8.295527
v -7.945857 16.744222 7.715455
v -8.244015 16.776727 7.788994
v -8.610020 16.793958 7.918697
v -8.959740 16.784324 8.088021
v -9.287441 16.748121 8.293950
v -9.587618 16.686003 8.532943
v -9.744756 16.639149 8.682988
v -9.890363 16.584385 8.841759
v -10.020162 16.523888 9.003603
v -10.137683 16.456554 9.171982
v -10.242246 16.382698 9.346051
v -10.333236 16.302664 9.524944
v -10.410269 16.216900 9.707713
v -10.473019 16.125879 9.893393
v -10.521156 16.030074 10.081018
v -8.102593 16.252597 7.417944
v -8.398807 16.279068 7.491129
v -8.762580 16.287100 7.618448
v -9.110439 16.266621 7.783278
v -9.436772 16.218106 7.982737
v -9.736185 16.142407 8.213453
v -9.893201 16.087296 8.358024
v -10.038931 16.023967 8.510834
v -10.169093 15.954889 8.666467
v -10.287228 15.878761 8.828268
v -10.392665 15.795937 8.995440
v -10.484796 15.706800 9.167163
v -10.563237 15.611838 9.342544
v -10.627656 15.511564 9.520671
v -10.677722 15.406490 9.700632
v -10.828540 14.805797 9.284914
v -10.776641 14.919685 9.113054
v -10.710638 15.028761 8.942917
v -10.630863 15.132477 8.775362
v -10.537651 15.230284 8.611243
v -10.431386 15.321657 8.451403
v -10.312670 15.406179 8.296612
v -10.182165 15.483459 8.147621
v -10.036321 15.554987 8.001211
v -9.879423 15.618018 7.862552
v -9.580735 15.706789 7.640868
v -9.255701 15.767216 7.448617
v -8.909607 15.798267 7.288995
v -8.547950 15.799295 7.164745
v -8.398352 15.324443 6.740209
v -8.690986 15.338921 6.811147
v -9.050646 15.329029 6.931663
v -9.395072 15.287731 7.085389
v -9.718878 15.215833 7.269726
v -10.016878 15.114540 7.481659
v -10.173663 15.043945 7.613991
v -10.319614 14.964600 7.753585
v -10.450441 14.879512 7.895526
v -10.569704 14.787011 8.042900
v -10.676750 14.687519 8.195000
v -10.770983 14.581486 8.351104
v -10.852018 14.469471 8.510425
v -10.919520 14.352055 8.672161
v -10.973152 14.229818 8.835511
v -8.536460 14.890828 6.362503
v -8.827460 14.899446 6.431566
v -9.185241 14.880939 6.547702
v -9.528099 14.829768 6.694867
v -9.850749 14.746886 6.870613
v -10.148101 14.633656 7.072111
v -10.304778 14.555872 7.197723
v -10.450827 14.469111 7.330107
v -10.581956 14.376627 7.464615
v -10.701733 14.276575 7.604187
v -10.809512 14.169409 7.748163
v -10.904705 14.055608 7.895870
v -10.986926 13.935760 8.046573
v -11.055838 13.810476 8.199526
v -11.111103 13.680367 8.353982
v -8.667447 14.479458 5.960535
v -8.956918 14.482368 6.027236
v -9.312942 14.455551 6.138361
v -9.654332 14.394929 6.278323
v -9.975898 14.301593 6.444831
v -10.272641 14.177051 6.635242
v -10.429217 14.092473 6.753764
v -10.575357 13.998715 6.878566
v -10.706767 13.899261 7.005282
v -10.827023 13.792103 7.136693
v -10.935488 13.677720 7.272186
v -11.031579 13.556621 7.411137
v -11.114910 13.429418 7.552865
v -11.185143 13.296751 7.696678
v -11.241937 13.159257 7.841884
v -9.011362 22.009611 11.985249
v -8.850860 22.436380 11.993669
v -8.658301 22.849905 11.998476
v -5.988776 21.527005 8.998828
v -6.085056 21.367957 8.995130
v -6.165306 21.203815 8.988653
v -8.999484 22.016685 11.753816
v -8.970659 22.018044 11.523765
v -8.925162 22.013716 11.296458
v -8.863268 22.003726 11.073256
v -8.785253 21.988102 10.855522
v -8.691462 21.966896 10.644586
v -8.582556 21.940270 10.441650
v -8.459278 21.908416 10.247877
v -8.317873 21.870294 10.058863
v -8.162793 21.827028 9.882110
v -8.016939 21.785243 9.738809
v -7.862096 21.739943 9.606395
v -7.528666 21.639763 9.376515
v -7.351693 21.585366 9.280193
v -7.168957 21.528420 9.197043
v -6.981326 21.469194 9.127480
v -6.789736 21.407991 9.071727
v -6.479435 21.307405 9.012058
v -8.837479 22.444792 11.761735
v -8.810020 22.440369 11.531101
v -8.766296 22.429008 11.303229
v -8.706573 22.410776 11.079488
v -8.631118 22.385745 10.861250
v -8.540265 22.354013 10.649854
v -8.434655 22.315814 10.446508
v -8.315016 22.271417 10.252383
v -8.177700 22.219422 10.063072
v -8.027029 22.161417 9.886098
v -7.885269 22.106127 9.742671
v -7.734730 22.046798 9.610196
v -7.410460 21.917279 9.380397
v -7.238305 21.847716 9.284222
v -7.060521 21.775371 9.201291
v -6.877953 21.700587 9.132022
v -6.691518 21.623744 9.076637
v -6.389543 21.498323 9.017698
v -6.284917 21.678531 9.019787
v -6.577413 21.827626 9.077455
v -6.757972 21.919371 9.132182
v -6.934762 22.008969 9.200906
v -7.106889 22.095965 9.283405
v -7.273528 22.179942 9.379262
v -7.587274 22.337304 9.608754
v -7.732846 22.409920 9.741234
v -7.869863 22.477979 9.884767
v -8.015402 22.549892 10.061982
v -8.147930 22.614944 10.251652
v -8.263279 22.671112 10.446227
v -8.364966 22.720132 10.650111
v -8.452286 22.761661 10.862125
v -8.524617 22.795398 11.081048
v -8.581638 22.821200 11.305529
v -8.623094 22.838958 11.534184
v -8.648733 22.848562 11.765627
v 9.138926 21.572236 20.000000
v 12.379783 8.653285 20.000000
v 3.319251 26.112309 20.000000
v 3.886264 26.085457 20.000000
v 4.448202 26.005141 20.000000
v 5.000035 25.872080 20.000000
v 5.536824 25.687465 20.000000
v 6.053764 25.452949 20.000000
v 6.546228 25.170630 20.000000
v 7.009809 24.843036 20.000000
v 7.440357 24.473099 20.000000
v 7.834017 24.064129 20.000000
v 8.187268 23.619788 20.000000
v 8.496946 23.144053 20.000000
v 8.760281 22.641181 20.000000
v 8.974914 22.115675 20.000000
v -3.319251 26.112309 20.000000
v -9.138926 21.572236 20.000000
v -8.974914 22.115675 20.000000
v -8.760281 22.641181 20.000000
v -8.496946 23.144053 20.000000
v -8.187268 23.619788 20.000000
v -7.834017 24.064129 20.000000
v -7.440357 24.473099 20.000000
v -7.009809 24.843036 20.000000
v -6.546228 25.170630 20.000000
v -6.053764 25.452949 20.000000
v -5.536824 25.687465 20.000000
v -5.000035 25.872080 20.000000
v -4.448202 26.005141 20.000000
v -3.886264 26.085457 20.000000
v -12.379783 8.653285 20.000000
v -8.500000 13.633122 4.936981
v -8.500000 13.234218 4.354322
v -8.500000 12.877426 3.744965
v -8.500000 12.564526 3.111949
v -8.500000 12.297076 2.458430
v -8.500000 12.076412 1.787667
v -8.500000 11.903632 1.103005
v -8.500000 11.779599 0.407856
v -8.500000 11.704931 -0.294313
v -8.500000 11.680000 -1.000000
v -8.980657 11.651016 -1.000000
v -9.454348 11.564485 -1.000000
v -9.914208 11.421659 -1.000000
v -10.353575 11.224610 -1.000000
v -10.766079 10.976193 -1.000000
v -11.145743 10.680007 -1.000000
v -11.487065 10.340346 -1.000000
v -11.785100 9.962131 -1.000000
v -12.035526 9.550843 -1.000000
v -12.234716 9.112444 -1.000000
v -11.951732 9.750172 -0.294313
v -11.610715 10.234118 -0.294313
v -11.345463 10.526649 -0.294313
v -10.897101 10.913261 -0.294313
v -11.015440 11.072879 1.103005
v -10.568733 11.132595 -0.294313
v -10.845975 11.192188 1.103005
v -10.039887 11.398712 -0.294313
v -9.668075 11.531710 -0.294313
v -9.090424 11.661390 -0.294313
v -8.697442 11.700085 -0.294313
v -11.846025 9.917003 -0.294313
v -11.732261 10.078448 -0.294313
v -11.536993 10.433795 0.407856
v -11.481678 10.383639 -0.294313
v -11.398250 10.579458 0.407856
v -11.252529 10.718140 0.407856
v -11.202396 10.662805 -0.294313
v -10.777082 11.089048 0.407856
v -10.735609 11.026957 -0.294313
v -10.941571 10.973242 0.407856
v -10.490521 11.405170 1.103005
v -10.432067 11.295775 0.407856
v -10.396877 11.229919 -0.294313
v -10.607111 11.196645 0.407856
v -10.670862 11.303041 1.103005
v -10.182011 11.741930 1.787667
v -10.115907 11.582296 1.103005
v -10.068454 11.467699 0.407856
v -10.220453 11.318696 -0.294313
v -10.252370 11.386199 0.407856
v -10.305388 11.498330 1.103005
v -10.379242 11.654529 1.787667
v -9.980729 11.819550 1.787667
v -9.839921 12.098371 2.458430
v -9.922536 11.656865 1.103005
v -9.880761 11.540079 0.407856
v -9.855613 11.469773 -0.294313
v -9.621566 12.158781 2.458430
v -9.567963 11.944726 1.787667
v -9.525992 11.777122 1.103005
v -9.495862 11.656804 0.407856
v -9.477724 11.584372 -0.294313
v -9.689744 11.603165 0.407856
v -9.725740 11.721860 1.103005
v -9.775882 11.887203 1.787667
v -9.452674 12.470720 3.111949
v -9.400511 12.208407 2.458430
v -9.357473 11.991980 1.787667
v -9.323774 11.822519 1.103005
v -9.299583 11.700868 0.407856
v -9.285019 11.627634 -0.294313
v -9.262420 12.821202 3.744965
v -9.216520 12.511686 3.111949
v -9.177287 12.247130 2.458430
v -9.144918 12.028852 1.787667
v -9.119572 11.857942 1.103005
v -9.101378 11.735250 0.407856
v -9.009302 12.852412 3.744965
v -8.978641 12.541018 3.111949
v -8.952433 12.274856 2.458430
v -8.930810 12.055253 1.787667
v -8.913879 11.883305 1.103005
v -8.901725 11.759869 0.407856
v -8.894408 11.685560 -0.294313
v -8.772460 13.227531 4.354322
v -8.754958 12.871169 3.744965
v -8.739609 12.558645 3.111949
v -8.726489 12.291518 2.458430
v -8.715665 12.071119 1.787667
v -8.707189 11.898547 1.103005
v -8.701104 11.774663 0.407856
v -11.100180 10.849507 0.407856
v -11.052822 10.791779 -0.294313
v -6.000000 11.680000 -1.000000
v -5.777479 11.654928 -1.000000
v -5.566116 11.580969 -1.000000
v -5.376510 11.461831 -1.000000
v -5.218169 11.303490 -1.000000
v -5.099031 11.113884 -1.000000
v -5.025072 10.902521 -1.000000
v -5.000000 10.680000 -1.000000
v -5.000000 10.680000 -2.000000
v -5.025072 10.902521 -2.000000
v -5.099031 11.113884 -2.000000
v -5.218169 11.303490 -2.000000
v -5.376510 11.461831 -2.000000
v -5.566116 11.580969 -2.000000
v -5.777479 11.654928 -2.000000
v -6.000000 11.680000 -2.000000
v -6.000000 15.930404 7.181818
v -5.777479 15.915989 7.202332
v -5.566116 15.873465 7.262844
v -5.376510 15.804966 7.360320
v -5.218169 15.713926 7.489872
v -5.099031 15.604910 7.645004
v -5.025072 15.483385 7.817937
v -5.000000 15.355445 8.000000
v -5.000000 14.754722 7.546375
v -5.000000 14.186431 7.052727
v -5.000000 13.653231 6.521369
v -5.000000 13.157622 5.954787
v -5.000000 12.701922 5.355637
v -5.000000 12.288267 4.726723
v -5.000000 11.918594 4.070991
v -5.000000 11.594633 3.391511
v -5.000000 11.317902 2.691466
v -5.000000 11.089696 1.974133
v -5.000000 10.911086 1.242873
v -5.000000 10.782905 0.501110
v -5.000000 10.705757 -0.247684
v -6.000000 11.707154 -0.263558
v -6.000000 11.788469 0.468884
v -6.000000 11.923504 1.193349
v -6.000000 12.111524 1.905902
v -6.000000 12.351509 2.602673
v -6.000000 12.642156 3.279879
v -6.000000 12.981885 3.933842
v -6.000000 13.368853 4.561010
v -6.000000 13.800957 5.157977
v -6.000000 14.275851 5.721501
v -6.000000 14.790956 6.248522
v -6.000000 15.343474 6.736177
v -5.025072 14.894815 7.373489
v -5.099031 15.027883 7.209272
v -5.218169 15.147253 7.061959
v -5.376510 15.246940 6.938936
v -5.566116 15.321946 6.846373
v -5.777479 15.368508 6.788911
v -5.025072 14.338019 6.889827
v -5.099031 14.482007 6.735096
v -5.218169 14.611173 6.596292
v -5.376510 14.719040 6.480375
v -5.566116 14.800201 6.393158
v -5.777479 14.850584 6.339016
v -5.025072 13.815606 6.369218
v -5.099031 13.969839 6.224696
v -5.218169 14.108196 6.095051
v -5.376510 14.223739 5.986783
v -5.566116 14.310674 5.905321
v -5.777479 14.364642 5.854751
v -5.025072 13.330022 5.814098
v -5.099031 13.493778 5.680463
v -5.218169 13.640678 5.560584
v -5.376510 13.763355 5.460472
v -5.566116 13.855658 5.385147
v -5.777479 13.912958 5.338386
v -5.025072 12.883541 5.227068
v -5.099031 13.056053 5.104945
v -5.218169 13.210808 4.995394
v -5.376510 13.340044 4.903906
v -5.566116 13.437283 4.835070
v -5.777479 13.497648 4.792338
v -5.025072 12.478254 4.610876
v -5.099031 12.658714 4.500838
v -5.218169 12.820599 4.402127
v -5.376510 12.955790 4.319693
v -5.566116 13.057509 4.257668
v -5.777479 13.120655 4.219164
v -5.025072 12.116059 3.968409
v -5.099031 12.303622 3.870971
v -5.218169 12.471879 3.783562
v -5.376510 12.612391 3.710567
v -5.566116 12.718114 3.655645
v -5.777479 12.783745 3.621550
v -5.025072 11.798651 3.302674
v -5.099031 11.992440 3.218292
v -5.218169 12.166280 3.142596
v -5.376510 12.311456 3.079382
v -5.566116 12.420688 3.031819
v -5.777479 12.488497 3.002292
v -5.025072 11.527518 2.616790
v -5.099031 11.726624 2.545860
v -5.218169 11.905235 2.482230
v -5.376510 12.054394 2.429093
v -5.566116 12.166622 2.389112
v -5.777479 12.236293 2.364292
v -5.025072 11.303930 1.913969
v -5.099031 11.507420 1.856822
v -5.218169 11.689964 1.805557
v -5.376510 11.842408 1.762745
v -5.566116 11.957109 1.730533
v -5.777479 12.028313 1.710537
v -5.025072 11.128932 1.197502
v -5.099031 11.335854 1.154405
v -5.218169 11.521477 1.115745
v -5.376510 11.676492 1.083460
v -5.566116 11.793127 1.059168
v -5.777479 11.865532 1.044088
v -5.025072 11.003345 0.470743
v -5.099031 11.212730 0.441900
v -5.218169 11.400562 0.416025
v -5.376510 11.557423 0.394417
v -5.566116 11.675446 0.378159
v -5.777479 11.748713 0.368067
v -5.025072 10.927756 -0.262902
v -5.099031 11.138624 -0.277358
v -5.218169 11.327786 -0.290326
v -5.376510 11.485757 -0.301155
v -5.566116 11.604616 -0.309303
v -5.777479 11.678402 -0.314361
v -5.984879 16.262442 7.405337
v -5.942375 16.602717 7.615166
v -5.876825 16.949258 7.810229
v -5.791934 17.299967 7.989742
v -5.690352 17.654205 8.153855
v -5.574673 18.011440 8.302777
v -5.447222 18.371357 8.436770
v -5.309561 18.733695 8.556080
v -5.163312 19.097717 8.660814
v -5.010103 19.462678 8.751073
v -4.851368 19.828206 8.827047
v -4.687798 20.195013 8.889123
v -4.350202 20.931156 8.971918
v -4.005636 21.667984 8.999993
v -4.000000 21.680000 9.000000
v -4.172655 20.867853 8.984987
v -4.341870 20.056410 8.939758
v -4.503458 19.249144 8.864021
v -4.653619 18.445589 8.756849
v -4.786590 17.649413 8.617479
v -4.895584 16.865130 8.445129
v -4.971076 16.096533 8.238796
v -4.992409 15.721442 8.123179
v -4.986384 16.689237 8.262812
v -4.883200 17.543063 8.498439
v -4.735556 18.415820 8.690256
v -4.003173 21.666933 8.999995
v -5.842121 16.288696 7.433908
v -5.705792 16.264461 7.453019
v -5.545286 16.221287 7.498479
v -5.397835 16.164467 7.567148
v -5.267623 16.095792 7.656798
v -5.158524 16.017363 7.764668
v -5.097612 15.958852 7.847985
v -5.028243 15.863566 7.987797
v -5.801418 16.665837 7.661726
v -5.676306 16.638621 7.674579
v -5.527927 16.594835 7.709782
v -5.389708 16.540684 7.765753
v -5.265000 16.477598 7.840931
v -5.156949 16.407204 7.933356
v -5.093827 16.355384 8.005902
v -5.016194 16.271724 8.129690
v -5.733040 17.051899 7.872456
v -5.619216 17.023124 7.880831
v -5.483333 16.979914 7.907912
v -5.355187 16.928963 7.953126
v -5.237393 16.871386 8.015409
v -5.132441 16.808419 8.093404
v -5.068917 16.762613 8.155455
v -5.641431 17.444348 8.065004
v -5.538771 17.415195 8.070260
v -5.415493 17.373524 8.090936
v -5.297968 17.326184 8.127069
v -5.188183 17.274020 8.177955
v -5.088052 17.217953 8.242682
v -5.025714 17.177588 8.294756
v -4.941336 17.113373 8.385899
v -5.530171 17.842179 8.239289
v -5.438475 17.813622 8.242450
v -5.327786 17.774275 8.258091
v -5.221255 17.730871 8.286575
v -5.120350 17.684032 8.327447
v -5.026489 17.634426 8.380114
v -4.966708 17.599031 8.422877
v -5.402743 18.244501 8.395270
v -5.321739 18.217317 8.397035
v -5.223509 18.180905 8.408677
v -5.128184 18.141681 8.430701
v -5.036810 18.100086 8.462827
v -4.950401 18.056589 8.504686
v -4.894339 18.025795 8.538940
v -4.814069 17.977361 8.599955
v -5.261660 18.650877 8.533122
v -5.191089 18.625703 8.533992
v -5.105165 18.592722 8.542456
v -5.021187 18.557871 8.559047
v -4.939865 18.521453 8.583603
v -4.861893 18.483780 8.615910
v -4.810538 18.457290 8.642523
v -5.109181 19.060237 8.652888
v -5.048794 19.037602 8.653239
v -4.975017 19.008458 8.659217
v -4.902474 18.978136 8.671303
v -4.831619 18.946829 8.689408
v -4.762903 18.914736 8.713415
v -4.717086 18.892297 8.733299
v -4.649143 18.857309 8.769164
v -4.851796 19.707378 8.804711
v -4.806947 19.689551 8.804716
v -4.751920 19.667050 8.807874
v -4.697406 19.644061 8.814508
v -4.643598 19.620665 8.824590
v -4.590687 19.596945 8.838085
v -4.554893 19.580477 8.849333
v -4.500844 19.554924 8.869759
v -4.578369 20.358636 8.912820
v -4.548622 20.346329 8.912743
v -4.512013 20.330999 8.914067
v -4.475553 20.315527 8.916961
v -4.439300 20.299939 8.921419
v -4.403311 20.284259 8.927439
v -4.378728 20.273427 8.932485
v -4.341162 20.256680 8.941706
v -4.294275 21.012982 8.977841
v -4.279349 21.006662 8.977801
v -4.260945 20.998847 8.978116
v -4.242560 20.991017 8.978834
v -4.224199 20.983173 8.979956
v -4.205871 20.975320 8.981485
v -4.193281 20.969911 8.982774
v -4.173910 20.961565 8.985144
v -4.003528 21.667084 8.999994
v -4.003758 21.667182 8.999994
v -4.004092 21.667325 8.999993
v -4.004426 21.667467 8.999993
v -4.004760 21.667610 8.999993
v -4.005094 21.667752 8.999993
v -4.005365 21.667868 8.999993
v -6.000000 10.680000 -3.000000
v -5.777479 10.680000 -2.974928
v -5.566116 10.680000 -2.900969
v -5.376510 10.680000 -2.781831
v -5.218169 10.680000 -2.623490
v -5.099031 10.680000 -2.433884
v -5.025072 10.680000 -2.222521
v -5.000000 9.680000 -2.000000
v -5.025072 9.680000 -2.222521
v -5.099031 9.680000 -2.433884
v -5.218169 9.680000 -2.623490
v -5.376510 9.680000 -2.781831
v -5.566116 9.680000 -2.900969
v -5.777479 9.680000 -2.974928
v -6.000000 9.680000 -3.000000
v 6.000000 8.680000 8.000000
v 5.777479 8.705072 8.000000
v 5.566116 8.779031 8.000000
v 5.376510 8.898169 8.000000
v 5.218169 9.056510 8.000000
v 5.099031 9.246116 8.000000
v 5.025072 9.457479 8.000000
v 5.000000 9.680000 8.000000
v 5.000000 9.680000 -2.000000
v 5.025072 9.457479 -2.000000
v 5.099031 9.246116 -2.000000
v 5.218169 9.056510 -2.000000
v 5.376510 8.898169 -2.000000
v 5.566116 8.779031 -2.000000
v 5.777479 8.705072 -2.000000
v 6.000000 8.680000 -2.000000
v 5.777479 8.705072 3.000000
v 5.566116 8.779031 3.000000
v 5.376510 8.898169 3.000000
v 5.218169 9.056510 3.000000
v 5.099031 9.246116 3.000000
v 5.025072 9.457479 3.000000
v 4.000000 8.680000 10.000000
v 4.000000 8.705072 9.777479
v 4.000000 8.779031 9.566116
v 4.000000 8.898169 9.376510
v 4.000000 9.056510 9.218169
v 4.000000 9.246116 9.099031
v 4.000000 9.457479 9.025072
v 4.000000 9.680000 9.000000
v 4.222521 9.680000 8.974928
v 4.433884 9.680000 8.900969
v 4.623490 9.680000 8.781831
v 4.781832 9.680000 8.623490
v 4.900969 9.680000 8.433884
v 4.974928 9.680000 8.222521
v 5.975377 8.680000 8.312869
v 5.902113 8.680000 8.618034
v 5.782013 8.680000 8.907981
v 5.618034 8.680000 9.175571
v 5.414214 8.680000 9.414214
v 5.175571 8.680000 9.618034
v 4.907981 8.680000 9.782013
v 4.618034 8.680000 9.902113
v 4.312869 8.680000 9.975377
v 4.947043 9.457479 8.392278
v 4.813244 9.457479 8.624024
v 4.512536 9.457479 8.887738
v 4.265308 9.457479 8.990144
v 4.133799 9.457479 9.016302
v 4.143452 9.246116 9.089629
v 4.159003 9.056510 9.207747
v 4.179671 8.898169 9.364734
v 4.204419 8.779031 9.552718
v 4.232008 8.705072 9.762272
v 4.284450 9.246116 9.061583
v 4.315285 9.056510 9.176660
v 4.356267 8.898169 9.329607
v 4.405341 8.779031 9.512752
v 4.460046 8.705072 9.716913
v 4.549516 9.246116 8.951789
v 4.609084 9.056510 9.054965
v 4.688255 8.898169 9.192093
v 4.783058 8.779031 9.356296
v 4.888740 8.705072 9.539342
v 4.680212 8.705072 9.642177
v 4.599327 8.779031 9.446903
v 4.526768 8.898169 9.271730
v 4.466173 9.056510 9.125441
v 4.420581 9.246116 9.015372
v 4.392278 9.457479 8.947043
v 4.724835 9.457479 8.724835
v 4.777132 9.246116 8.777132
v 4.861375 9.056510 8.861375
v 4.973340 8.898169 8.973340
v 5.107412 8.779031 9.107411
v 5.256868 8.705072 9.256868
v 5.082061 8.705072 9.410169
v 4.953391 8.779031 9.242484
v 4.837966 8.898169 9.092059
v 4.741574 9.056510 8.966438
v 4.669048 9.246116 8.871920
v 4.624024 9.457479 8.813244
v 4.871920 9.246116 8.669048
v 4.966438 9.056510 8.741574
v 5.092059 8.898169 8.837966
v 5.242484 8.779031 8.953391
v 5.410169 8.705072 9.082061
v 5.015372 9.246116 8.420581
v 5.125441 9.056510 8.466173
v 5.271730 8.898169 8.526768
v 5.446903 8.779031 8.599327
v 5.642177 8.705072 8.680212
v 5.539342 8.705072 8.888740
v 5.356297 8.779031 8.783058
v 5.192093 8.898169 8.688255
v 5.054965 9.056510 8.609084
v 4.951789 9.246116 8.549516
v 4.887739 9.457479 8.512536
v 5.016303 9.457479 8.133799
v 5.089629 9.246116 8.143452
v 5.207747 9.056510 8.159003
v 5.364734 8.898169 8.179671
v 5.552718 8.779031 8.204419
v 5.762273 8.705072 8.232008
v 5.716913 8.705072 8.460045
v 5.512752 8.779031 8.405341
v 5.329607 8.898169 8.356267
v 5.176661 9.056510 8.315285
v 5.061583 9.246116 8.284450
v 4.990144 9.457479 8.265308
v -4.000000 8.680000 10.000000
v -4.000000 8.705072 9.777479
v -4.000000 8.779031 9.566116
v -4.000000 8.898169 9.376510
v -4.000000 9.056510 9.218169
v -4.000000 9.246116 9.099031
v -4.000000 9.457479 9.025072
v -4.000000 9.680000 9.000000
v 0.000000 8.705072 9.777479
v 0.000000 8.779031 9.566116
v 0.000000 8.898169 9.376510
v 0.000000 9.056510 9.218169
v 0.000000 9.246116 9.099031
v 0.000000 9.457479 9.025072
v -6.000000 8.680000 8.000000
v -5.777479 8.705072 8.000000
v -5.566116 8.779031 8.000000
v -5.376510 8.898169 8.000000
v -5.218169 9.056510 8.000000
v -5.099031 9.246116 8.000000
v -5.025072 9.457479 8.000000
v -5.000000 9.680000 8.000000
v -4.974928 9.680000 8.222521
v -4.900969 9.680000 8.433884
v -4.781832 9.680000 8.623490
v -4.623490 9.680000 8.781831
v -4.433884 9.680000 8.900969
v -4.222521 9.680000 8.974928
v -4.312869 8.680000 9.975377
v -4.618034 8.680000 9.902113
v -4.907981 8.680000 9.782013
v -5.175571 8.680000 9.618034
v -5.414214 8.680000 9.414214
v -5.618034 8.680000 9.175571
v -5.782013 8.680000 8.907981
v -5.902113 8.680000 8.618034
v -5.975377 8.680000 8.312869
v -4.392278 9.457479 8.947043
v -4.624024 9.457479 8.813244
v -4.887739 9.457479 8.512536
v -4.990144 9.457479 8.265308
v -5.016303 9.457479 8.133799
v -5.089629 9.246116 8.143452
v -5.207747 9.056510 8.159003
v -5.364734 8.898169 8.179671
v -5.552718 8.779031 8.204419
v -5.762273 8.705072 8.232008
v -5.061583 9.246116 8.284450
v -5.176661 9.056510 8.315285
v -5.329607 8.898169 8.356267
v -5.512752 8.779031 8.405341
v -5.716913 8.705072 8.460045
v -4.951789 9.246116 8.549516
v -5.054965 9.056510 8.609084
v -5.192093 8.898169 8.688255
v -5.356297 8.779031 8.783058
v -5.539342 8.705072 8.888740
v -5.642177 8.705072 8.680212
v -5.446903 8.779031 8.599327
v -5.271730 8.898169 8.526768
v -5.125441 9.056510 8.466173
v -5.015372 9.246116 8.420581
v -4.947043 9.457479 8.392278
v -4.724835 9.457479 8.724835
v -4.777132 9.246116 8.777132
v -4.861375 9.056510 8.861375
v -4.973340 8.898169 8.973340
v -5.107412 8.779031 9.107411
v -5.256868 8.705072 9.256868
v -5.410169 8.705072 9.082061
v -5.242484 8.779031 8.953391
v -5.092059 8.898169 8.837966
v -4.966438 9.056510 8.741574
v -4.871920 9.246116 8.669048
v -4.813244 9.457479 8.624024
v -4.669048 9.246116 8.871920
v -4.741574 9.056510 8.966438
v -4.837966 8.898169 9.092059
v -4.953391 8.779031 9.242484
v -5.082061 8.705072 9.410169
v -4.420581 9.246116 9.015372
v -4.466173 9.056510 9.125441
v -4.526768 8.898169 9.271730
v -4.599327 8.779031 9.446903
v -4.680212 8.705072 9.642177
v -4.888740 8.705072 9.539342
v -4.783058 8.779031 9.356296
v -4.688255 8.898169 9.192093
v -4.609084 9.056510 9.054965
v -4.549516 9.246116 8.951789
v -4.512536 9.457479 8.887738
v -4.133799 9.457479 9.016302
v -4.143452 9.246116 9.089629
v -4.159003 9.056510 9.207747
v -4.179671 8.898169 9.364734
v -4.204419 8.779031 9.552718
v -4.232008 8.705072 9.762272
v -4.460046 8.705072 9.716913
v -4.405341 8.779031 9.512752
v -4.356267 8.898169 9.329607
v -4.315285 9.056510 9.176660
v -4.284450 9.246116 9.061583
v -4.265308 9.457479 8.990144
v -6.000000 8.680000 -2.000000
v -5.777479 8.705072 -2.000000
v -5.566116 8.779031 -2.000000
v -5.376510 8.898169 -2.000000
v -5.218169 9.056510 -2.000000
v -5.099031 9.246116 -2.000000
v -5.025072 9.457479 -2.000000
v -5.777479 8.705072 3.000000
v -5.566116 8.779031 3.000000
v -5.376510 8.898169 3.000000
v -5.218169 9.056510 3.000000
v -5.099031 9.246116 3.000000
v -5.025072 9.457479 3.000000
v 6.000000 9.680000 -3.000000
v 5.777479 9.680000 -2.974928
v 5.566116 9.680000 -2.900969
v 5.376510 9.680000 -2.781831
v 5.218169 9.680000 -2.623490
v 5.099031 9.680000 -2.433884
v 5.025072 9.680000 -2.222521
v 5.000000 10.680000 -2.000000
v 5.025072 10.680000 -2.222521
v 5.099031 10.680000 -2.433884
v 5.218169 10.680000 -2.623490
v 5.376510 10.680000 -2.781831
v 5.566116 10.680000 -2.900969
v 5.777479 10.680000 -2.974928
v 6.000000 10.680000 -3.000000
v 6.000000 15.930404 7.181818
v 5.777479 15.915989 7.202332
v 5.566116 15.873465 7.262844
v 5.376510 15.804966 7.360320
v 5.218169 15.713926 7.489872
v 5.099031 15.604910 7.645004
v 5.025072 15.483385 7.817937
v 5.000000 15.355445 8.000000
v 4.992478 15.720712 8.122919
v 4.971258 16.095038 8.238312
v 4.895814 16.862816 8.444573
v 4.787522 17.645446 8.616760
v 4.654774 18.439171 8.755891
v 4.505081 19.241030 8.863136
v 4.343836 20.047019 8.939114
v 4.175065 20.856266 8.984557
v 4.002818 21.666781 8.999996
v 4.000000 21.680000 9.000000
v 4.345237 20.941679 8.972707
v 4.683614 20.204463 8.890644
v 4.847674 19.836933 8.828800
v 5.006973 19.470214 8.752851
v 5.160506 19.104379 8.662623
v 5.307223 18.739717 8.557989
v 5.445548 18.377030 8.438854
v 5.573553 18.016613 8.304930
v 5.689303 17.658724 8.155923
v 5.790865 17.303623 7.991537
v 5.876253 16.951625 7.811484
v 5.942293 16.604165 7.615939
v 5.984896 16.263152 7.405750
v 4.062958 21.420431 8.998069
v 4.106453 21.438983 8.997113
v 4.518806 19.472201 8.859525
v 4.823630 17.919483 8.587492
v 5.007358 16.415216 8.177575
v 5.027270 15.932960 8.013627
v 5.097678 16.025650 7.877130
v 5.160026 16.083921 7.794259
v 5.268350 16.160444 7.689726
v 5.396750 16.227816 7.603065
v 5.541550 16.284060 7.536833
v 5.698803 16.327470 7.493107
v 5.835247 16.352959 7.474598
v 5.086431 16.494763 8.059993
v 5.150860 16.545267 7.989927
v 5.257319 16.612608 7.903128
v 5.378870 16.673456 7.832875
v 5.512657 16.726354 7.780869
v 5.655662 16.770005 7.748466
v 5.778693 16.798515 7.736855
v 4.901983 17.411246 8.465705
v 4.985498 17.469307 8.385758
v 5.047182 17.506776 8.339410
v 5.142491 17.557978 8.283510
v 5.245492 17.606156 8.239903
v 5.354652 17.650585 8.209249
v 5.468387 17.690590 8.192064
v 5.564872 17.719982 8.188138
v 5.686109 17.255513 7.975236
v 5.576505 17.225839 7.982224
v 5.448147 17.183446 8.006012
v 5.326398 17.134551 8.046308
v 5.213487 17.080108 8.102257
v 5.111548 17.021161 8.172770
v 5.047467 16.977529 8.230526
v 4.964196 16.909401 8.328919
v 4.903977 17.968576 8.524798
v 4.961531 18.000465 8.488814
v 5.048453 18.044458 8.445832
v 5.140530 18.086493 8.412759
v 5.236713 18.126088 8.389975
v 5.335929 18.162786 8.377771
v 5.419623 18.190711 8.375729
v 4.629509 18.951363 8.784703
v 4.695374 18.984851 8.751313
v 4.740647 19.006818 8.732416
v 4.806871 19.037559 8.710141
v 4.874999 19.067602 8.693325
v 4.944634 19.096773 8.682066
v 5.015373 19.124899 8.676441
v 5.074525 19.147297 8.676062
v 5.254726 18.666809 8.538285
v 5.183480 18.641296 8.539262
v 5.098617 18.608623 8.547732
v 5.015656 18.574142 8.564143
v 4.935281 18.538147 8.588336
v 4.858165 18.500937 8.620106
v 4.806180 18.474175 8.646898
v 4.731890 18.433194 8.693939
v 4.574350 19.498677 8.837564
v 4.612018 19.516111 8.825203
v 4.666521 19.540639 8.810713
v 4.722018 19.564811 8.799858
v 4.778297 19.588537 8.792679
v 4.835147 19.611726 8.789205
v 4.882531 19.630471 8.789137
v 4.297026 20.444031 8.956167
v 4.329698 20.458436 8.949250
v 4.351502 20.467964 8.945383
v 4.382643 20.481459 8.940879
v 4.413954 20.494895 8.937536
v 4.445399 20.508257 8.935357
v 4.476941 20.521529 8.934345
v 4.503122 20.532445 8.934389
v 4.695926 20.080699 8.872180
v 4.659229 20.065729 8.872140
v 4.615096 20.047399 8.874161
v 4.571229 20.028820 8.878446
v 4.527727 20.010037 8.884984
v 4.484689 19.991091 8.893764
v 4.454719 19.977676 8.901282
v 4.410112 19.957358 8.914697
v 4.180863 20.931982 8.983961
v 4.200901 20.940632 8.981428
v 4.214216 20.946362 8.980013
v 4.233166 20.954491 8.978366
v 4.252153 20.962606 8.977145
v 4.271170 20.970705 8.976350
v 4.290209 20.978783 8.975982
v 4.305994 20.985459 8.976001
v 4.005361 21.667866 8.999993
v 4.005086 21.667748 8.999993
v 4.004754 21.667607 8.999993
v 4.004422 21.667465 8.999993
v 4.004090 21.667324 8.999993
v 4.003758 21.667182 8.999994
v 4.003524 21.667082 8.999994
v 4.003171 21.666932 8.999995
v 4.069959 21.423421 8.997764
v 4.074601 21.425402 8.997593
v 4.081195 21.428216 8.997395
v 4.087790 21.431029 8.997249
v 4.094387 21.433842 8.997154
v 4.100985 21.436654 8.997110
v 6.000000 11.680000 -1.000000
v 5.777479 11.654928 -1.000000
v 5.566116 11.580969 -1.000000
v 5.376510 11.461831 -1.000000
v 5.218169 11.303490 -1.000000
v 5.099031 11.113884 -1.000000
v 5.025072 10.902521 -1.000000
v 5.000000 10.680000 -1.000000
v 5.000000 10.705757 -0.247684
v 5.000000 10.782905 0.501110
v 5.000000 10.911086 1.242873
v 5.000000 11.089696 1.974133
v 5.000000 11.317902 2.691466
v 5.000000 11.594633 3.391511
v 5.000000 11.918594 4.070991
v 5.000000 12.288267 4.726723
v 5.000000 12.701922 5.355637
v 5.000000 13.157622 5.954787
v 5.000000 13.653231 6.521369
v 5.000000 14.186431 7.052727
v 5.000000 14.754722 7.546375
v 6.000000 15.343474 6.736177
v 6.000000 14.790956 6.248522
v 6.000000 14.275851 5.721501
v 6.000000 13.800957 5.157977
v 6.000000 13.368853 4.561010
v 6.000000 12.981885 3.933842
v 6.000000 12.642156 3.279879
v 6.000000 12.351509 2.602673
v 6.000000 12.111524 1.905902
v 6.000000 11.923504 1.193349
v 6.000000 11.788469 0.468884
v 6.000000 11.707154 -0.263558
v 5.025072 10.927756 -0.262902
v 5.099031 11.138624 -0.277358
v 5.218169 11.327786 -0.290326
v 5.376510 11.485757 -0.301155
v 5.566116 11.604616 -0.309303
v 5.777479 11.678402 -0.314361
v 5.025072 11.003345 0.470743
v 5.099031 11.212730 0.441900
v 5.218169 11.400562 0.416025
v 5.376510 11.557423 0.394417
v 5.566116 11.675446 0.378159
v 5.777479 11.748713 0.368067
v 5.025072 11.128932 1.197502
v 5.099031 11.335854 1.154405
v 5.218169 11.521477 1.115745
v 5.376510 11.676492 1.083460
v 5.566116 11.793127 1.059168
v 5.777479 11.865532 1.044088
v 5.025072 11.303930 1.913969
v 5.099031 11.507420 1.856822
v 5.218169 11.689964 1.805557
v 5.376510 11.842408 1.762745
v 5.566116 11.957109 1.730533
v 5.777479 12.028313 1.710537
v 5.025072 11.527518 2.616790
v 5.099031 11.726624 2.545860
v 5.218169 11.905235 2.482230
v 5.376510 12.054394 2.429093
v 5.566116 12.166622 2.389112
v 5.777479 12.236293 2.364292
v 5.025072 11.798651 3.302674
v 5.099031 11.992440 3.218292
v 5.218169 12.166280 3.142596
v 5.376510 12.311456 3.079382
v 5.566116 12.420688 3.031819
v 5.777479 12.488497 3.002292
v 5.025072 12.116059 3.968409
v 5.099031 12.303622 3.870971
v 5.218169 12.471879 3.783562
v 5.376510 12.612391 3.710567
v 5.566116 12.718114 3.655645
v 5.777479 12.783745 3.621550
v 5.025072 12.478254 4.610876
v 5.099031 12.658714 4.500838
v 5.218169 12.820599 4.402127
v 5.376510 12.955790 4.319693
v 5.566116 13.057509 4.257668
v 5.777479 13.120655 4.219164
v 5.025072 12.883541 5.227068
v 5.099031 13.056053 5.104945
v 5.218169 13.210808 4.995394
v 5.376510 13.340044 4.903906
v 5.566116 13.437283 4.835070
v 5.777479 13.497648 4.792338
v 5.025072 13.330022 5.814098
v 5.099031 13.493778 5.680463
v 5.218169 13.640678 5.560584
v 5.376510 13.763355 5.460472
v 5.566116 13.855658 5.385147
v 5.777479 13.912958 5.338386
v 5.025072 13.815606 6.369218
v 5.099031 13.969839 6.224696
v 5.218169 14.108196 6.095051
v 5.376510 14.223739 5.986783
v 5.566116 14.310674 5.905321
v 5.777479 14.364642 5.854751
v 5.025072 14.338019 6.889827
v 5.099031 14.482007 6.735096
v 5.218169 14.611173 6.596292
v 5.376510 14.719040 6.480375
v 5.566116 14.800201 6.393158
v 5.777479 14.850584 6.339016
v 5.025072 14.894815 7.373489
v 5.099031 15.027883 7.209272
v 5.218169 15.147253 7.061959
v 5.376510 15.246940 6.938936
v 5.566116 15.321946 6.846373
v 5.777479 15.368508 6.788911
v 6.000000 11.680000 -2.000000
v 5.777479 11.654928 -2.000000
v 5.566116 11.580969 -2.000000
v 5.376510 11.461831 -2.000000
v 5.218169 11.303490 -2.000000
v 5.099031 11.113884 -2.000000
v 5.025072 10.902521 -2.000000
v 6.000000 11.654928 -2.222521
v 6.000000 11.580969 -2.433884
v 6.000000 11.461831 -2.623490
v 6.000000 11.303490 -2.781831
v 6.000000 11.113884 -2.900969
v 6.000000 10.902521 -2.974928
v 5.773771 11.368774 -2.688774
v 5.563262 11.316105 -2.636105
v 5.374529 11.231718 -2.551718
v 5.216984 11.119821 -2.439821
v 5.098482 10.985994 -2.305994
v 5.024931 10.836909 -2.156909
v 5.035429 10.942020 -2.030801
v 5.110809 11.109423 -2.157909
v 5.230526 11.255414 -2.277143
v 5.388611 11.372714 -2.382558
v 5.577181 11.455473 -2.468898
v 5.786834 11.499566 -2.531857
v 5.270492 11.357296 -2.095330
v 5.430169 11.478655 -2.193501
v 5.618260 11.560191 -2.282023
v 5.825384 11.597839 -2.356483
v 5.684489 11.625142 -2.084614
v 5.887538 11.658793 -2.171222
v 5.786834 11.211857 -2.819566
v 5.577181 11.148898 -2.775473
v 5.388611 11.062558 -2.692714
v 5.230526 10.957143 -2.575414
v 5.110809 10.837909 -2.429423
v 5.035429 10.710801 -2.262020
v 5.825384 11.036483 -2.917839
v 5.618260 10.962023 -2.880191
v 5.430169 10.873501 -2.798655
v 5.270492 10.775330 -2.677296
v 5.887538 10.851222 -2.978793
v 5.684489 10.764614 -2.945142
v 6.000000 9.457479 -2.974928
v 6.000000 9.246116 -2.900969
v 6.000000 9.056510 -2.781831
v 6.000000 8.898169 -2.623490
v 6.000000 8.779031 -2.433884
v 6.000000 8.705072 -2.222521
v 5.054858 9.595386 -2.315511
v 5.021207 9.508778 -2.112462
v 5.322704 9.584670 -2.729508
v 5.201345 9.486499 -2.569831
v 5.119809 9.397977 -2.381741
v 5.082161 9.323517 -2.174616
v 5.737980 9.649199 -2.964571
v 5.570577 9.522091 -2.889191
v 5.424586 9.402857 -2.769474
v 5.307286 9.297442 -2.611389
v 5.224527 9.211102 -2.422819
v 5.180434 9.148143 -2.213166
v 5.311226 8.991226 -2.226229
v 5.363895 9.043895 -2.436738
v 5.448282 9.128282 -2.625471
v 5.560179 9.240179 -2.783016
v 5.694006 9.374006 -2.901518
v 5.843091 9.523091 -2.975069
v 5.969199 9.417980 -2.964571
v 5.842091 9.250577 -2.889191
v 5.722857 9.104586 -2.769474
v 5.617442 8.987286 -2.611389
v 5.531102 8.904527 -2.422819
v 5.468143 8.860434 -2.213166
v 5.904670 9.002704 -2.729508
v 5.806499 8.881345 -2.569831
v 5.717977 8.799809 -2.381741
v 5.643517 8.762161 -2.174616
v 5.915386 8.734858 -2.315511
v 5.828778 8.701207 -2.112462
v -6.000000 8.705072 -2.222521
v -6.000000 8.779031 -2.433884
v -6.000000 8.898169 -2.623490
v -6.000000 9.056510 -2.781831
v -6.000000 9.246116 -2.900969
v -6.000000 9.457479 -2.974928
v -5.021207 9.508778 -2.112462
v -5.054858 9.595386 -2.315511
v -5.082161 9.323517 -2.174616
v -5.119809 9.397977 -2.381741
v -5.201345 9.486499 -2.569831
v -5.322704 9.584670 -2.729508
v -5.180434 9.148143 -2.213166
v -5.224527 9.211102 -2.422819
v -5.307286 9.297442 -2.611389
v -5.424586 9.402857 -2.769474
v -5.570577 9.522091 -2.889191
v -5.737980 9.649199 -2.964571
v -5.311226 8.991226 -2.226229
v -5.363895 9.043895 -2.436738
v -5.448282 9.128282 -2.625471
v -5.560179 9.240179 -2.783016
v -5.694006 9.374006 -2.901518
v -5.843091 9.523091 -2.975069
v -5.468143 8.860434 -2.213166
v -5.531102 8.904527 -2.422819
v -5.617442 8.987286 -2.611389
v -5.722857 9.104586 -2.769474
v -5.842091 9.250577 -2.889191
v -5.969199 9.417980 -2.964571
v -5.643517 8.762161 -2.174616
v -5.717977 8.799809 -2.381741
v -5.806499 8.881345 -2.569831
v -5.904670 9.002704 -2.729508
v -5.828778 8.701207 -2.112462
v -5.915386 8.734858 -2.315511
v -6.000000 10.902521 -2.974928
v -6.000000 11.113884 -2.900969
v -6.000000 11.303490 -2.781831
v -6.000000 11.461831 -2.623490
v -6.000000 11.580969 -2.433884
v -6.000000 11.654928 -2.222521
v -5.887538 10.851222 -2.978793
v -5.773771 11.368774 -2.688774
v -5.563262 11.316105 -2.636105
v -5.374529 11.231718 -2.551718
v -5.216984 11.119821 -2.439821
v -5.098482 10.985994 -2.305994
v -5.024931 10.836909 -2.156909
v -5.035429 10.710801 -2.262020
v -5.110809 10.837909 -2.429423
v -5.230526 10.957143 -2.575414
v -5.388611 11.062558 -2.692714
v -5.577181 11.148898 -2.775473
v -5.786834 11.211857 -2.819566
v -5.270492 10.775330 -2.677296
v -5.430169 10.873501 -2.798655
v -5.618260 10.962023 -2.880191
v -5.825384 11.036483 -2.917839
v -5.684489 10.764614 -2.945142
v -5.786834 11.499566 -2.531857
v -5.577181 11.455473 -2.468898
v -5.388611 11.372714 -2.382558
v -5.230526 11.255414 -2.277143
v -5.110809 11.109423 -2.157909
v -5.035429 10.942020 -2.030801
v -5.825384 11.597839 -2.356483
v -5.618260 11.560191 -2.282023
v -5.430169 11.478655 -2.193501
v -5.270492 11.357296 -2.095330
v -5.887538 11.658793 -2.171222
v -5.684489 11.625142 -2.084614
v -8.500000 10.680000 -3.000000
v -8.500000 10.902521 -2.974928
v -8.500000 11.113884 -2.900969
v -8.500000 11.303490 -2.781831
v -8.500000 11.461831 -2.623490
v -8.500000 11.580969 -2.433884
v -8.500000 11.654928 -2.222521
v -8.500000 11.680000 -2.000000
v -8.500000 8.680000 -2.000000
v -8.500000 8.705072 -2.222521
v -8.500000 8.779031 -2.433884
v -8.500000 8.898169 -2.623490
v -8.500000 9.056510 -2.781831
v -8.500000 9.246116 -2.900969
v -8.500000 9.457479 -2.974928
v -8.500000 9.680000 -3.000000
v 8.500000 8.680000 -2.000000
v 8.500000 8.680000 22.000000
v -8.500000 8.680000 22.000000
v 8.500000 9.680000 -3.000000
v 8.500000 9.457479 -2.974928
v 8.500000 9.246116 -2.900969
v 8.500000 9.056510 -2.781831
v 8.500000 8.898169 -2.623490
v 8.500000 8.779031 -2.433884
v 8.500000 8.705072 -2.222521
v -8.812869 9.655377 -3.000000
v -9.118034 9.582113 -3.000000
v -9.407981 9.462013 -3.000000
v -9.675571 9.298034 -3.000000
v -9.914214 9.094214 -3.000000
v -10.118034 8.855571 -3.000000
v -10.282013 8.587981 -3.000000
v -10.402113 8.298034 -3.000000
v -10.475377 7.992869 -3.000000
v -10.500000 7.680000 -3.000000
v -10.500000 0.750000 -3.000000
v -10.475377 0.437131 -3.000000
v -10.402113 0.131966 -3.000000
v -10.282013 -0.157981 -3.000000
v -10.118034 -0.425570 -3.000000
v -9.914214 -0.664214 -3.000000
v -9.675571 -0.868034 -3.000000
v -9.407981 -1.032013 -3.000000
v -9.118034 -1.152113 -3.000000
v -8.812869 -1.225377 -3.000000
v -8.500000 -1.250000 -3.000000
v 8.500000 -1.250000 -3.000000
v 8.812869 -1.225377 -3.000000
v 9.118034 -1.152113 -3.000000
v 9.407981 -1.032013 -3.000000
v 9.675571 -0.868034 -3.000000
v 9.914214 -0.664214 -3.000000
v 10.118034 -0.425570 -3.000000
v 10.282013 -0.157981 -3.000000
v 10.402113 0.131966 -3.000000
v 10.475377 0.437131 -3.000000
v 10.500000 0.750000 -3.000000
v 10.500000 7.680000 -3.000000
v 10.475377 7.992869 -3.000000
v 10.402113 8.298034 -3.000000
v 10.282013 8.587981 -3.000000
v 10.118034 8.855571 -3.000000
v 9.914214 9.094214 -3.000000
v 9.675571 9.298034 -3.000000
v 9.407981 9.462013 -3.000000
v 9.118034 9.582113 -3.000000
v 8.812869 9.655377 -3.000000
v 8.500000 10.680000 -3.000000
v 8.891579 10.654335 -3.000000
v 9.276457 10.577777 -3.000000
v 9.648050 10.451639 -3.000000
v 10.000000 10.278076 -3.000000
v 10.326284 10.060060 -3.000000
v 10.621320 9.801320 -3.000000
v 10.880060 9.506284 -3.000000
v 11.098076 9.180000 -3.000000
v 11.271639 8.828050 -3.000000
v 11.397777 8.456457 -3.000000
v 11.474335 8.071579 -3.000000
v 11.500000 7.680000 -3.000000
v 11.500000 0.750000 -3.000000
v 11.474335 0.358421 -3.000000
v 11.397777 -0.026457 -3.000000
v 11.271639 -0.398050 -3.000000
v 11.098076 -0.750000 -3.000000
v 10.880060 -1.076284 -3.000000
v 10.621320 -1.371320 -3.000000
v 10.326284 -1.630060 -3.000000
v 10.000000 -1.848076 -3.000000
v 9.648050 -2.021639 -3.000000
v 9.276457 -2.147777 -3.000000
v 8.891579 -2.224335 -3.000000
v 8.500000 -2.250000 -3.000000
v -8.500000 -2.250000 -3.000000
v -8.891579 -2.224335 -3.000000
v -9.276457 -2.147777 -3.000000
v -9.648050 -2.021639 -3.000000
v -10.000000 -1.848076 -3.000000
v -10.326284 -1.630060 -3.000000
v -10.621320 -1.371320 -3.000000
v -10.880060 -1.076284 -3.000000
v -11.098076 -0.750000 -3.000000
v -11.271639 -0.398050 -3.000000
v -11.397777 -0.026457 -3.000000
v -11.474335 0.358421 -3.000000
v -11.500000 0.750000 -3.000000
v -11.500000 7.680000 -3.000000
v -11.474335 8.071579 -3.000000
v -11.397777 8.456457 -3.000000
v -11.271639 8.828050 -3.000000
v -11.098076 9.180000 -3.000000
v -10.880060 9.506284 -3.000000
v -10.621320 9.801320 -3.000000
v -10.326284 10.060060 -3.000000
v -10.000000 10.278076 -3.000000
v -9.648050 10.451639 -3.000000
v -9.276457 10.577777 -3.000000
v -8.891579 10.654335 -3.000000
v 8.500000 11.680000 -2.000000
v 8.500000 11.654928 -2.222521
v 8.500000 11.580969 -2.433884
v 8.500000 11.461831 -2.623490
v 8.500000 11.303490 -2.781831
v 8.500000 11.113884 -2.900969
v 8.500000 10.902521 -2.974928
v 8.500000 11.680000 -1.000000
v 8.500000 13.633122 4.936981
v 8.500000 13.234218 4.354322
v 8.500000 12.877426 3.744965
v 8.500000 12.564526 3.111949
v 8.500000 12.297076 2.458430
v 8.500000 12.076412 1.787667
v 8.500000 11.903632 1.103005
v 8.500000 11.779599 0.407856
v 8.500000 11.704931 -0.294313
v 4.623490 17.680000 8.781831
v 4.974928 13.680000 8.222521
v 4.900969 13.680000 8.433884
v 4.781832 13.680000 8.623490
v 4.623490 13.680000 8.781831
v 4.433884 13.680000 8.900969
v 4.433884 17.680000 8.900969
v 4.222521 13.680000 8.974928
v 4.222521 17.680000 8.974928
v -4.974928 13.680000 8.222521
v -4.900969 13.680000 8.433884
v -4.781832 13.680000 8.623490
v -4.623490 17.680000 8.781831
v -4.623490 13.680000 8.781831
v -4.433884 17.680000 8.900969
v -4.433884 13.680000 8.900969
v -4.222521 17.680000 8.974928
v -4.222521 13.680000 8.974928
v 12.234716 9.112444 -1.000000
v 12.035526 9.550843 -1.000000
v 11.785100 9.962131 -1.000000
v 11.487065 10.340346 -1.000000
v 11.145743 10.680007 -1.000000
v 10.766079 10.976193 -1.000000
v 10.353575 11.224610 -1.000000
v 9.914208 11.421659 -1.000000
v 9.454348 11.564485 -1.000000
v 8.980657 11.651016 -1.000000
v 8.894408 11.685560 -0.294313
v 9.285019 11.627634 -0.294313
v 9.668075 11.531710 -0.294313
v 9.839921 12.098371 2.458430
v 10.220453 11.318696 -0.294313
v 10.568733 11.132595 -0.294313
v 10.845975 11.192188 1.103005
v 11.052822 10.791779 -0.294313
v 11.345463 10.526649 -0.294313
v 11.100180 10.849507 0.407856
v 11.732261 10.078448 -0.294313
v 11.610715 10.234118 -0.294313
v 11.951732 9.750172 -0.294313
v 8.772460 13.227531 4.354322
v 8.754958 12.871169 3.744965
v 8.739609 12.558645 3.111949
v 8.726489 12.291518 2.458430
v 8.715665 12.071119 1.787667
v 8.707189 11.898547 1.103005
v 8.701104 11.774663 0.407856
v 8.697442 11.700085 -0.294313
v 9.009302 12.852412 3.744965
v 8.978641 12.541018 3.111949
v 8.952433 12.274856 2.458430
v 8.930810 12.055253 1.787667
v 8.913879 11.883305 1.103005
v 8.901725 11.759869 0.407856
v 9.262420 12.821202 3.744965
v 9.216520 12.511686 3.111949
v 9.177287 12.247130 2.458430
v 9.144918 12.028852 1.787667
v 9.119572 11.857942 1.103005
v 9.101378 11.735250 0.407856
v 9.090424 11.661390 -0.294313
v 9.452674 12.470720 3.111949
v 9.400511 12.208407 2.458430
v 9.357473 11.991980 1.787667
v 9.323774 11.822519 1.103005
v 9.299583 11.700868 0.407856
v 9.621566 12.158781 2.458430
v 9.567963 11.944726 1.787667
v 9.525992 11.777122 1.103005
v 9.495862 11.656804 0.407856
v 9.477724 11.584372 -0.294313
v 9.775882 11.887203 1.787667
v 9.725740 11.721860 1.103005
v 9.689744 11.603165 0.407856
v 9.855613 11.469773 -0.294313
v 9.880761 11.540079 0.407856
v 9.922536 11.656865 1.103005
v 9.980729 11.819550 1.787667
v 10.182011 11.741930 1.787667
v 10.115907 11.582296 1.103005
v 10.068454 11.467699 0.407856
v 10.039887 11.398712 -0.294313
v 10.379242 11.654529 1.787667
v 10.305388 11.498330 1.103005
v 10.252370 11.386199 0.407856
v 10.396877 11.229919 -0.294313
v 10.432067 11.295775 0.407856
v 10.490521 11.405170 1.103005
v 10.670862 11.303041 1.103005
v 10.607111 11.196645 0.407856
v 10.735609 11.026957 -0.294313
v 10.777082 11.089048 0.407856
v 11.015440 11.072879 1.103005
v 10.941571 10.973242 0.407856
v 10.897101 10.913261 -0.294313
v 11.202396 10.662805 -0.294313
v 11.252529 10.718140 0.407856
v 11.398250 10.579458 0.407856
v 11.536993 10.433795 0.407856
v 11.481678 10.383639 -0.294313
v 11.846025 9.917003 -0.294313
v -11.722521 0.750000 -2.974928
v -11.933884 0.750000 -2.900969
v -12.123490 0.750000 -2.781831
v -12.281831 0.750000 -2.623490
v -12.400969 0.750000 -2.433884
v -12.474928 0.750000 -2.222521
v -12.500000 0.750000 -2.000000
v -12.500000 7.680000 -2.000000
v -12.474928 7.680000 -2.222521
v -12.400969 7.680000 -2.433884
v -12.281831 7.680000 -2.623490
v -12.123490 7.680000 -2.781831
v -11.933884 7.680000 -2.900969
v -11.722521 7.680000 -2.974928
v -11.722521 4.215000 -2.974928
v -11.933884 4.215000 -2.900969
v -12.123490 4.215000 -2.781831
v -12.281831 4.215000 -2.623490
v -12.400969 4.215000 -2.433884
v -12.474928 4.215000 -2.222521
v -12.470835 8.162147 -2.000000
v -12.383767 8.637263 -2.000000
v -12.240065 9.098420 -2.000000
v -12.041824 9.538893 -2.000000
v -11.791935 9.952259 -2.000000
v -11.494043 10.332491 -2.000000
v -11.152491 10.674043 -2.000000
v -10.772259 10.971935 -2.000000
v -10.358893 11.221824 -2.000000
v -9.918420 11.420065 -2.000000
v -9.457263 11.563767 -2.000000
v -8.982147 11.650836 -2.000000
v -8.888432 10.879025 -2.974928
v -8.913909 11.088847 -2.900969
v -8.936763 11.277070 -2.781831
v -8.955849 11.434258 -2.623490
v -8.970210 11.552526 -2.433884
v -8.979125 11.625946 -2.222521
v -9.271200 10.808880 -2.974928
v -9.321782 11.014101 -2.900969
v -9.367158 11.198198 -2.781831
v -9.405052 11.351938 -2.623490
v -9.433563 11.467614 -2.433884
v -9.451263 11.539424 -2.222521
v -9.642722 10.693109 -2.974928
v -9.717672 10.890737 -2.900969
v -9.784907 11.068022 -2.781831
v -9.841056 11.216074 -2.623490
v -9.883303 11.327469 -2.433884
v -9.909529 11.396622 -2.222521
v -9.997580 10.533401 -2.974928
v -10.095805 10.720553 -2.900969
v -10.183920 10.888441 -2.781831
v -10.257505 11.028645 -2.623490
v -10.312871 11.134136 -2.433884
v -10.347241 11.199624 -2.222521
v -10.330601 10.332083 -2.974928
v -10.450668 10.506031 -2.900969
v -10.558377 10.662074 -2.781831
v -10.648325 10.792386 -2.623490
v -10.716003 10.890434 -2.433884
v -10.758016 10.951302 -2.222521
v -10.636927 10.092092 -2.974928
v -10.777086 10.250299 -2.900969
v -10.902818 10.392221 -2.781831
v -11.007818 10.510742 -2.623490
v -11.086821 10.599917 -2.433884
v -11.135865 10.655276 -2.222521
v -10.912092 9.816927 -2.974928
v -11.070299 9.957086 -2.900969
v -11.212221 10.082818 -2.781831
v -11.330742 10.187818 -2.623490
v -11.419917 10.266821 -2.433884
v -11.475276 10.315865 -2.222521
v -11.152083 9.510601 -2.974928
v -11.326031 9.630668 -2.900969
v -11.482074 9.738377 -2.781831
v -11.612386 9.828325 -2.623490
v -11.710434 9.896003 -2.433884
v -11.771302 9.938016 -2.222521
v -11.353401 9.177580 -2.974928
v -11.540553 9.275805 -2.900969
v -11.708441 9.363920 -2.781831
v -11.848645 9.437505 -2.623490
v -11.954136 9.492871 -2.433884
v -12.019624 9.527241 -2.222521
v -11.513109 8.822722 -2.974928
v -11.710737 8.897672 -2.900969
v -11.888022 8.964907 -2.781831
v -12.036074 9.021056 -2.623490
v -12.147469 9.063303 -2.433884
v -12.216622 9.089529 -2.222521
v -11.628880 8.451200 -2.974928
v -11.834101 8.501782 -2.900969
v -12.018198 8.547158 -2.781831
v -12.171938 8.585052 -2.623490
v -12.287614 8.613563 -2.433884
v -12.359424 8.631263 -2.222521
v -11.699025 8.068432 -2.974928
v -11.908847 8.093909 -2.900969
v -12.097070 8.116763 -2.781831
v -12.254258 8.135849 -2.623490
v -12.372526 8.150210 -2.433884
v -12.445946 8.159125 -2.222521
v 12.500000 7.680000 -2.000000
v 12.474928 7.680000 -2.222521
v 12.400969 7.680000 -2.433884
v 12.281831 7.680000 -2.623490
v 12.123490 7.680000 -2.781831
v 11.933884 7.680000 -2.900969
v 11.722521 7.680000 -2.974928
v 8.982147 11.650836 -2.000000
v 9.457263 11.563767 -2.000000
v 9.918420 11.420065 -2.000000
v 10.358893 11.221824 -2.000000
v 10.772259 10.971935 -2.000000
v 11.152491 10.674043 -2.000000
v 11.494043 10.332491 -2.000000
v 11.791935 9.952259 -2.000000
v 12.041824 9.538893 -2.000000
v 12.240065 9.098420 -2.000000
v 12.383767 8.637263 -2.000000
v 12.470835 8.162147 -2.000000
v 11.699025 8.068432 -2.974928
v 11.908847 8.093909 -2.900969
v 12.097070 8.116763 -2.781831
v 12.254258 8.135849 -2.623490
v 12.372526 8.150210 -2.433884
v 12.445946 8.159125 -2.222521
v 11.628880 8.451200 -2.974928
v 11.834101 8.501782 -2.900969
v 12.018198 8.547158 -2.781831
v 12.171938 8.585052 -2.623490
v 12.287614 8.613563 -2.433884
v 12.359424 8.631263 -2.222521
v 11.513109 8.822722 -2.974928
v 11.710737 8.897672 -2.900969
v 11.888022 8.964907 -2.781831
v 12.036074 9.021056 -2.623490
v 12.147469 9.063303 -2.433884
v 12.216622 9.089529 -2.222521
v 11.353401 9.177580 -2.974928
v 11.540553 9.275805 -2.900969
v 11.708441 9.363920 -2.781831
v 11.848645 9.437505 -2.623490
v 11.954136 9.492871 -2.433884
v 12.019624 9.527241 -2.222521
v 11.152083 9.510601 -2.974928
v 11.326031 9.630668 -2.900969
v 11.482074 9.738377 -2.781831
v 11.612386 9.828325 -2.623490
v 11.710434 9.896003 -2.433884
v 11.771302 9.938016 -2.222521
v 10.912092 9.816927 -2.974928
v 11.070299 9.957086 -2.900969
v 11.212221 10.082818 -2.781831
v 11.330742 10.187818 -2.623490
v 11.419917 10.266821 -2.433884
v 11.475276 10.315865 -2.222521
v 10.636927 10.092092 -2.974928
v 10.777086 10.250299 -2.900969
v 10.902818 10.392221 -2.781831
v 11.007818 10.510742 -2.623490
v 11.086821 10.599917 -2.433884
v 11.135865 10.655276 -2.222521
v 10.330601 10.332083 -2.974928
v 10.450668 10.506031 -2.900969
v 10.558377 10.662074 -2.781831
v 10.648325 10.792386 -2.623490
v 10.716003 10.890434 -2.433884
v 10.758016 10.951302 -2.222521
v 9.997580 10.533401 -2.974928
v 10.095805 10.720553 -2.900969
v 10.183920 10.888441 -2.781831
v 10.257505 11.028645 -2.623490
v 10.312871 11.134136 -2.433884
v 10.347241 11.199624 -2.222521
v 9.642722 10.693109 -2.974928
v 9.717672 10.890737 -2.900969
v 9.784907 11.068022 -2.781831
v 9.841056 11.216074 -2.623490
v 9.883303 11.327469 -2.433884
v 9.909529 11.396622 -2.222521
v 9.271200 10.808880 -2.974928
v 9.321782 11.014101 -2.900969
v 9.367158 11.198198 -2.781831
v 9.405052 11.351938 -2.623490
v 9.433563 11.467614 -2.433884
v 9.451263 11.539424 -2.222521
v 8.888432 10.879025 -2.974928
v 8.913909 11.088847 -2.900969
v 8.936763 11.277070 -2.781831
v 8.955849 11.434258 -2.623490
v 8.970210 11.552526 -2.433884
v 8.979125 11.625946 -2.222521
v 12.500000 0.750000 -2.000000
v 12.474928 0.750000 -2.222521
v 12.400969 0.750000 -2.433884
v 12.281831 0.750000 -2.623490
v 12.123490 0.750000 -2.781831
v 11.933884 0.750000 -2.900969
v 11.722521 0.750000 -2.974928
v 12.474928 4.215000 -2.222521
v 12.400969 4.215000 -2.433884
v 12.281831 4.215000 -2.623490
v 12.123490 4.215000 -2.781831
v 11.933884 4.215000 -2.900969
v 11.722521 4.215000 -2.974928
v 8.500000 -3.250000 -2.000000
v 8.500000 -3.224928 -2.222521
v 8.500000 -3.150969 -2.433884
v 8.500000 -3.031831 -2.623490
v 8.500000 -2.873490 -2.781831
v 8.500000 -2.683884 -2.900969
v 8.500000 -2.472521 -2.974928
v 12.470835 0.267853 -2.000000
v 12.383767 -0.207263 -2.000000
v 12.240065 -0.668420 -2.000000
v 12.041824 -1.108893 -2.000000
v 11.791935 -1.522259 -2.000000
v 11.494043 -1.902491 -2.000000
v 11.152491 -2.244043 -2.000000
v 10.772259 -2.541935 -2.000000
v 10.358893 -2.791824 -2.000000
v 9.918420 -2.990065 -2.000000
v 9.457263 -3.133767 -2.000000
v 8.982147 -3.220835 -2.000000
v 8.888432 -2.449025 -2.974928
v 8.913909 -2.658847 -2.900969
v 8.936763 -2.847070 -2.781831
v 8.955849 -3.004258 -2.623490
v 8.970210 -3.122526 -2.433884
v 8.979125 -3.195946 -2.222521
v 9.271200 -2.378880 -2.974928
v 9.321782 -2.584101 -2.900969
v 9.367158 -2.768198 -2.781831
v 9.405052 -2.921938 -2.623490
v 9.433563 -3.037614 -2.433884
v 9.451263 -3.109424 -2.222521
v 9.642722 -2.263109 -2.974928
v 9.717672 -2.460737 -2.900969
v 9.784907 -2.638022 -2.781831
v 9.841056 -2.786074 -2.623490
v 9.883303 -2.897469 -2.433884
v 9.909529 -2.966622 -2.222521
v 9.997580 -2.103401 -2.974928
v 10.095805 -2.290553 -2.900969
v 10.183920 -2.458441 -2.781831
v 10.257505 -2.598645 -2.623490
v 10.312871 -2.704136 -2.433884
v 10.347241 -2.769624 -2.222521
v 10.330601 -1.902083 -2.974928
v 10.450668 -2.076031 -2.900969
v 10.558377 -2.232074 -2.781831
v 10.648325 -2.362386 -2.623490
v 10.716003 -2.460434 -2.433884
v 10.758016 -2.521302 -2.222521
v 10.636927 -1.662092 -2.974928
v 10.777086 -1.820299 -2.900969
v 10.902818 -1.962221 -2.781831
v 11.007818 -2.080741 -2.623490
v 11.086821 -2.169917 -2.433884
v 11.135865 -2.225276 -2.222521
v 10.912092 -1.386927 -2.974928
v 11.070299 -1.527086 -2.900969
v 11.212221 -1.652818 -2.781831
v 11.330742 -1.757818 -2.623490
v 11.419917 -1.836821 -2.433884
v 11.475276 -1.885865 -2.222521
v 11.152083 -1.080601 -2.974928
v 11.326031 -1.200668 -2.900969
v 11.482074 -1.308377 -2.781831
v 11.612386 -1.398325 -2.623490
v 11.710434 -1.466003 -2.433884
v 11.771302 -1.508016 -2.222521
v 11.353401 -0.747580 -2.974928
v 11.540553 -0.845805 -2.900969
v 11.708441 -0.933920 -2.781831
v 11.848645 -1.007505 -2.623490
v 11.954136 -1.062871 -2.433884
v 12.019624 -1.097241 -2.222521
v 11.513109 -0.392722 -2.974928
v 11.710737 -0.467672 -2.900969
v 11.888022 -0.534907 -2.781831
v 12.036074 -0.591056 -2.623490
v 12.147469 -0.633303 -2.433884
v 12.216622 -0.659529 -2.222521
v 11.628880 -0.021200 -2.974928
v 11.834101 -0.071782 -2.900969
v 12.018198 -0.117158 -2.781831
v 12.171938 -0.155051 -2.623490
v 12.287614 -0.183563 -2.433884
v 12.359424 -0.201262 -2.222521
v 11.699025 0.361568 -2.974928
v 11.908847 0.336091 -2.900969
v 12.097070 0.313237 -2.781831
v 12.254258 0.294151 -2.623490
v 12.372526 0.279790 -2.433884
v 12.445946 0.270875 -2.222521
v -8.500000 -3.250000 -2.000000
v -8.500000 -3.224928 -2.222521
v -8.500000 -3.150969 -2.433884
v -8.500000 -3.031831 -2.623490
v -8.500000 -2.873490 -2.781831
v -8.500000 -2.683884 -2.900969
v -8.500000 -2.472521 -2.974928
v -4.250000 -3.224928 -2.222521
v -0.000000 -3.224928 -2.222521
v 4.250000 -3.224928 -2.222521
v -4.250000 -3.150969 -2.433884
v -0.000000 -3.150969 -2.433884
v 4.250000 -3.150969 -2.433884
v -4.250000 -3.031831 -2.623490
v -0.000000 -3.031831 -2.623490
v 4.250000 -3.031831 -2.623490
v -4.250000 -2.873490 -2.781831
v -0.000000 -2.873490 -2.781831
v 4.250000 -2.873490 -2.781831
v -4.250000 -2.683884 -2.900969
v -0.000000 -2.683884 -2.900969
v 4.250000 -2.683884 -2.900969
v -4.250000 -2.472521 -2.974928
v -0.000000 -2.472521 -2.974928
v 4.250000 -2.472521 -2.974928
v -8.982147 -3.220835 -2.000000
v -9.457263 -3.133767 -2.000000
v -9.918420 -2.990065 -2.000000
v -10.358893 -2.791824 -2.000000
v -10.772259 -2.541935 -2.000000
v -11.152491 -2.244043 -2.000000
v -11.494043 -1.902491 -2.000000
v -11.791935 -1.522259 -2.000000
v -12.041824 -1.108893 -2.000000
v -12.240065 -0.668420 -2.000000
v -12.383767 -0.207263 -2.000000
v -12.470835 0.267853 -2.000000
v -11.699025 0.361568 -2.974928
v -11.908847 0.336091 -2.900969
v -12.097070 0.313237 -2.781831
v -12.254258 0.294151 -2.623490
v -12.372526 0.279790 -2.433884
v -12.445946 0.270875 -2.222521
v -11.628880 -0.021200 -2.974928
v -11.834101 -0.071782 -2.900969
v -12.018198 -0.117158 -2.781831
v -12.171938 -0.155051 -2.623490
v -12.287614 -0.183563 -2.433884
v -12.359424 -0.201262 -2.222521
v -11.513109 -0.392722 -2.974928
v -11.710737 -0.467672 -2.900969
v -11.888022 -0.534907 -2.781831
v -12.036074 -0.591056 -2.623490
v -12.147469 -0.633303 -2.433884
v -12.216622 -0.659529 -2.222521
v -11.353401 -0.747580 -2.974928
v -11.540553 -0.845805 -2.900969
v -11.708441 -0.933920 -2.781831
v -11.848645 -1.007505 -2.623490
v -11.954136 -1.062871 -2.433884
v -12.019624 -1.097241 -2.222521
v -11.152083 -1.080601 -2.974928
v -11.326031 -1.200668 -2.900969
v -11.482074 -1.308377 -2.781831
v -11.612386 -1.398325 -2.623490
v -11.710434 -1.466003 -2.433884
v -11.771302 -1.508016 -2.222521
v -10.912092 -1.386927 -2.974928
v -11.070299 -1.527086 -2.900969
v -11.212221 -1.652818 -2.781831
v -11.330742 -1.757818 -2.623490
v -11.419917 -1.836821 -2.433884
v -11.475276 -1.885865 -2.222521
v -10.636927 -1.662092 -2.974928
v -10.777086 -1.820299 -2.900969
v -10.902818 -1.962221 -2.781831
v -11.007818 -2.080741 -2.623490
v -11.086821 -2.169917 -2.433884
v -11.135865 -2.225276 -2.222521
v -10.330601 -1.902083 -2.974928
v -10.450668 -2.076031 -2.900969
v -10.558377 -2.232074 -2.781831
v -10.648325 -2.362386 -2.623490
v -10.716003 -2.460434 -2.433884
v -10.758016 -2.521302 -2.222521
v -9.997580 -2.103401 -2.974928
v -10.095805 -2.290553 -2.900969
v -10.183920 -2.458441 -2.781831
v -10.257505 -2.598645 -2.623490
v -10.312871 -2.704136 -2.433884
v -10.347241 -2.769624 -2.222521
v -9.642722 -2.263109 -2.974928
v -9.717672 -2.460737 -2.900969
v -9.784907 -2.638022 -2.781831
v -9.841056 -2.786074 -2.623490
v -9.883303 -2.897469 -2.433884
v -9.909529 -2.966622 -2.222521
v -9.271200 -2.378880 -2.974928
v -9.321782 -2.584101 -2.900969
v -9.367158 -2.768198 -2.781831
v -9.405052 -2.921938 -2.623490
v -9.433563 -3.037614 -2.433884
v -9.451263 -3.109424 -2.222521
v -8.888432 -2.449025 -2.974928
v -8.913909 -2.658847 -2.900969
v -8.936763 -2.847070 -2.781831
v -8.955849 -3.004258 -2.623490
v -8.970210 -3.122526 -2.433884
v -8.979125 -3.195946 -2.222521
v 12.446420 8.332507 20.000000
v 12.486583 8.007352 20.000000
v 12.500000 7.680000 20.000000
v 12.383767 8.637263 12.666667
v 12.383767 8.637263 5.333333
v 12.470835 8.162147 12.666667
v 12.470835 8.162147 5.333333
v -12.500000 7.680000 20.000000
v -12.486583 8.007352 20.000000
v -12.446420 8.332507 20.000000
v -12.383767 8.637263 5.333333
v -12.383767 8.637263 12.666667
v -12.470835 8.162147 5.333333
v -12.470835 8.162147 12.666667
v -12.500000 0.750000 20.000000
v 10.277479 0.750000 -2.974928
v 10.066116 0.750000 -2.900969
v 9.876510 0.750000 -2.781831
v 9.718169 0.750000 -2.623490
v 9.599031 0.750000 -2.433884
v 9.525072 0.750000 -2.222521
v 9.500000 0.750000 -2.000000
v 9.500000 7.680000 -2.000000
v 9.525072 7.680000 -2.222521
v 9.599031 7.680000 -2.433884
v 9.718169 7.680000 -2.623490
v 9.876510 7.680000 -2.781831
v 10.066116 7.680000 -2.900969
v 10.277479 7.680000 -2.974928
v 10.277479 4.215000 -2.974928
v 10.066116 4.215000 -2.900969
v 9.876510 4.215000 -2.781831
v 9.718169 4.215000 -2.623490
v 9.599031 4.215000 -2.433884
v 9.525072 4.215000 -2.222521
v 9.474928 7.902521 -2.000000
v 9.400969 8.113884 -2.000000
v 9.281831 8.303490 -2.000000
v 9.123490 8.461831 -2.000000
v 8.933884 8.580969 -2.000000
v 8.722521 8.654928 -2.000000
v 9.490144 7.945308 -2.222521
v 9.387738 8.192536 -2.222521
v 9.124024 8.493244 -2.222521
v 8.892278 8.627043 -2.222521
v 8.732008 9.442273 -2.974928
v 8.704419 9.232718 -2.900969
v 8.679671 9.044734 -2.781831
v 8.659003 8.887747 -2.623490
v 8.643452 8.769629 -2.433884
v 8.633799 8.696302 -2.222521
v 8.960045 9.396913 -2.974928
v 8.905341 9.192752 -2.900969
v 8.856267 9.009607 -2.781831
v 8.815285 8.856660 -2.623490
v 8.784450 8.741583 -2.433884
v 8.765308 8.670144 -2.222521
v 9.180212 9.322177 -2.974928
v 9.099327 9.126903 -2.900969
v 9.026768 8.951730 -2.781831
v 8.966173 8.805441 -2.623490
v 8.920581 8.695372 -2.433884
v 9.388740 9.219342 -2.974928
v 9.283058 9.036296 -2.900969
v 9.188255 8.872093 -2.781831
v 9.109084 8.734965 -2.623490
v 9.049516 8.631789 -2.433884
v 9.012536 8.567738 -2.222521
v 9.582061 9.090169 -2.974928
v 9.453391 8.922484 -2.900969
v 9.337966 8.772059 -2.781831
v 9.241574 8.646438 -2.623490
v 9.169048 8.551920 -2.433884
v 9.910169 8.762061 -2.974928
v 9.742484 8.633391 -2.900969
v 9.592059 8.517966 -2.781831
v 9.466438 8.421574 -2.623490
v 9.371920 8.349048 -2.433884
v 9.313244 8.304024 -2.222521
v 9.224835 8.404835 -2.222521
v 9.277132 8.457132 -2.433884
v 9.361375 8.541375 -2.623490
v 9.473340 8.653340 -2.781831
v 9.607411 8.787411 -2.900969
v 9.756868 8.936868 -2.974928
v 10.039342 8.568740 -2.974928
v 9.856296 8.463058 -2.900969
v 9.692093 8.368255 -2.781831
v 9.554965 8.289084 -2.623490
v 9.451789 8.229516 -2.433884
v 10.142177 8.360212 -2.974928
v 9.946903 8.279327 -2.900969
v 9.771730 8.206768 -2.781831
v 9.625441 8.146173 -2.623490
v 9.515372 8.100581 -2.433884
v 9.447043 8.072278 -2.222521
v 10.216913 8.140045 -2.974928
v 10.012752 8.085341 -2.900969
v 9.829607 8.036267 -2.781831
v 9.676660 7.995285 -2.623490
v 9.561583 7.964450 -2.433884
v 10.262272 7.912008 -2.974928
v 10.052718 7.884419 -2.900969
v 9.864734 7.859671 -2.781831
v 9.707747 7.839003 -2.623490
v 9.589629 7.823452 -2.433884
v 9.516302 7.813799 -2.222521
v -9.500000 7.680000 -2.000000
v -9.525072 7.680000 -2.222521
v -9.599031 7.680000 -2.433884
v -9.718169 7.680000 -2.623490
v -9.876510 7.680000 -2.781831
v -10.066116 7.680000 -2.900969
v -10.277479 7.680000 -2.974928
v -8.722521 8.654928 -2.000000
v -8.933884 8.580969 -2.000000
v -9.123490 8.461831 -2.000000
v -9.281831 8.303490 -2.000000
v -9.400969 8.113884 -2.000000
v -9.474928 7.902521 -2.000000
v -8.765308 8.670144 -2.222521
v -9.012536 8.567738 -2.222521
v -9.313244 8.304024 -2.222521
v -9.447043 8.072278 -2.222521
v -10.262272 7.912008 -2.974928
v -10.052718 7.884419 -2.900969
v -9.864734 7.859671 -2.781831
v -9.707747 7.839003 -2.623490
v -9.589629 7.823452 -2.433884
v -9.516302 7.813799 -2.222521
v -10.216913 8.140045 -2.974928
v -10.012752 8.085341 -2.900969
v -9.829607 8.036267 -2.781831
v -9.676660 7.995285 -2.623490
v -9.561583 7.964450 -2.433884
v -9.490144 7.945308 -2.222521
v -10.142177 8.360212 -2.974928
v -9.946903 8.279327 -2.900969
v -9.771730 8.206768 -2.781831
v -9.625441 8.146173 -2.623490
v -9.515372 8.100581 -2.433884
v -10.039342 8.568740 -2.974928
v -9.856296 8.463058 -2.900969
v -9.692093 8.368255 -2.781831
v -9.554965 8.289084 -2.623490
v -9.451789 8.229516 -2.433884
v -9.387738 8.192536 -2.222521
v -9.910169 8.762061 -2.974928
v -9.742484 8.633391 -2.900969
v -9.592059 8.517966 -2.781831
v -9.466438 8.421574 -2.623490
v -9.371920 8.349048 -2.433884
v -9.582061 9.090169 -2.974928
v -9.453391 8.922484 -2.900969
v -9.337966 8.772059 -2.781831
v -9.241574 8.646438 -2.623490
v -9.169048 8.551920 -2.433884
v -9.124024 8.493244 -2.222521
v -9.224835 8.404835 -2.222521
v -9.277132 8.457132 -2.433884
v -9.361375 8.541375 -2.623490
v -9.473340 8.653340 -2.781831
v -9.607411 8.787411 -2.900969
v -9.756868 8.936868 -2.974928
v -9.388740 9.219342 -2.974928
v -9.283058 9.036296 -2.900969
v -9.188255 8.872093 -2.781831
v -9.109084 8.734965 -2.623490
v -9.049516 8.631789 -2.433884
v -9.180212 9.322177 -2.974928
v -9.099327 9.126903 -2.900969
v -9.026768 8.951730 -2.781831
v -8.966173 8.805441 -2.623490
v -8.920581 8.695372 -2.433884
v -8.892278 8.627043 -2.222521
v -8.960045 9.396913 -2.974928
v -8.905341 9.192752 -2.900969
v -8.856267 9.009607 -2.781831
v -8.815285 8.856660 -2.623490
v -8.784450 8.741583 -2.433884
v -8.732008 9.442273 -2.974928
v -8.704419 9.232718 -2.900969
v -8.679671 9.044734 -2.781831
v -8.659003 8.887747 -2.623490
v -8.643452 8.769629 -2.433884
v -8.633799 8.696302 -2.222521
v -9.500000 0.750000 -2.000000
v -9.525072 0.750000 -2.222521
v -9.599031 0.750000 -2.433884
v -9.718169 0.750000 -2.623490
v -9.876510 0.750000 -2.781831
v -10.066116 0.750000 -2.900969
v -10.277479 0.750000 -2.974928
v -9.525072 4.215000 -2.222521
v -9.599031 4.215000 -2.433884
v -9.718169 4.215000 -2.623490
v -9.876510 4.215000 -2.781831
v -10.066116 4.215000 -2.900969
v -10.277479 4.215000 -2.974928
v -8.500000 -0.250000 -2.000000
v -8.500000 -0.275072 -2.222521
v -8.500000 -0.349031 -2.433884
v -8.500000 -0.468169 -2.623490
v -8.500000 -0.626510 -2.781831
v -8.500000 -0.816116 -2.900969
v -8.500000 -1.027479 -2.974928
v -9.474928 0.527479 -2.000000
v -9.400969 0.316116 -2.000000
v -9.281831 0.126510 -2.000000
v -9.123490 -0.031831 -2.000000
v -8.933884 -0.150969 -2.000000
v -8.722521 -0.224928 -2.000000
v -9.490144 0.484692 -2.222521
v -9.387738 0.237464 -2.222521
v -9.124024 -0.063244 -2.222521
v -8.892278 -0.197043 -2.222521
v -8.732008 -1.012272 -2.974928
v -8.704419 -0.802718 -2.900969
v -8.679671 -0.614734 -2.781831
v -8.659003 -0.457747 -2.623490
v -8.643452 -0.339629 -2.433884
v -8.633799 -0.266302 -2.222521
v -8.960045 -0.966913 -2.974928
v -8.905341 -0.762752 -2.900969
v -8.856267 -0.579607 -2.781831
v -8.815285 -0.426660 -2.623490
v -8.784450 -0.311583 -2.433884
v -8.765308 -0.240144 -2.222521
v -9.180212 -0.892177 -2.974928
v -9.099327 -0.696903 -2.900969
v -9.026768 -0.521730 -2.781831
v -8.966173 -0.375441 -2.623490
v -8.920581 -0.265372 -2.433884
v -9.388740 -0.789342 -2.974928
v -9.283058 -0.606296 -2.900969
v -9.188255 -0.442093 -2.781831
v -9.109084 -0.304965 -2.623490
v -9.049516 -0.201789 -2.433884
v -9.012536 -0.137738 -2.222521
v -9.582061 -0.660169 -2.974928
v -9.453391 -0.492484 -2.900969
v -9.337966 -0.342059 -2.781831
v -9.241574 -0.216438 -2.623490
v -9.169048 -0.121920 -2.433884
v -9.910169 -0.332061 -2.974928
v -9.742484 -0.203391 -2.900969
v -9.592059 -0.087966 -2.781831
v -9.466438 0.008426 -2.623490
v -9.371920 0.080952 -2.433884
v -9.313244 0.125976 -2.222521
v -9.224835 0.025165 -2.222521
v -9.277132 -0.027132 -2.433884
v -9.361375 -0.111375 -2.623490
v -9.473340 -0.223340 -2.781831
v -9.607411 -0.357411 -2.900969
v -9.756868 -0.506867 -2.974928
v -10.039342 -0.138740 -2.974928
v -9.856296 -0.033058 -2.900969
v -9.692093 0.061745 -2.781831
v -9.554965 0.140916 -2.623490
v -9.451789 0.200484 -2.433884
v -10.142177 0.069788 -2.974928
v -9.946903 0.150673 -2.900969
v -9.771730 0.223232 -2.781831
v -9.625441 0.283827 -2.623490
v -9.515372 0.329419 -2.433884
v -9.447043 0.357722 -2.222521
v -10.216913 0.289955 -2.974928
v -10.012752 0.344659 -2.900969
v -9.829607 0.393733 -2.781831
v -9.676660 0.434715 -2.623490
v -9.561583 0.465550 -2.433884
v -10.262272 0.517992 -2.974928
v -10.052718 0.545581 -2.900969
v -9.864734 0.570329 -2.781831
v -9.707747 0.590997 -2.623490
v -9.589629 0.606548 -2.433884
v -9.516302 0.616201 -2.222521
v 8.500000 -0.250000 -2.000000
v 8.500000 -0.275072 -2.222521
v 8.500000 -0.349031 -2.433884
v 8.500000 -0.468169 -2.623490
v 8.500000 -0.626510 -2.781831
v 8.500000 -0.816116 -2.900969
v 8.500000 -1.027479 -2.974928
v 4.250000 -0.275072 -2.222521
v 0.000000 -0.275072 -2.222521
v -4.250000 -0.275072 -2.222521
v 4.250000 -0.349031 -2.433884
v 0.000000 -0.349031 -2.433884
v -4.250000 -0.349031 -2.433884
v 4.250000 -0.468169 -2.623490
v 0.000000 -0.468169 -2.623490
v -4.250000 -0.468169 -2.623490
v 4.250000 -0.626510 -2.781831
v 0.000000 -0.626510 -2.781831
v -4.250000 -0.626510 -2.781831
v 4.250000 -0.816116 -2.900969
v 0.000000 -0.816116 -2.900969
v -4.250000 -0.816116 -2.900969
v 4.250000 -1.027479 -2.974928
v 0.000000 -1.027479 -2.974928
v -4.250000 -1.027479 -2.974928
v 8.722521 -0.224928 -2.000000
v 8.933884 -0.150969 -2.000000
v 9.123490 -0.031831 -2.000000
v 9.281831 0.126510 -2.000000
v 9.400969 0.316116 -2.000000
v 9.474928 0.527479 -2.000000
v 8.765308 -0.240144 -2.222521
v 9.012536 -0.137738 -2.222521
v 9.313244 0.125976 -2.222521
v 9.447043 0.357722 -2.222521
v 10.262272 0.517992 -2.974928
v 10.052718 0.545581 -2.900969
v 9.864734 0.570329 -2.781831
v 9.707747 0.590997 -2.623490
v 9.589629 0.606548 -2.433884
v 9.516302 0.616201 -2.222521
v 10.216913 0.289955 -2.974928
v 10.012752 0.344659 -2.900969
v 9.829607 0.393733 -2.781831
v 9.676660 0.434715 -2.623490
v 9.561583 0.465550 -2.433884
v 9.490144 0.484692 -2.222521
v 10.142177 0.069788 -2.974928
v 9.946903 0.150673 -2.900969
v 9.771730 0.223232 -2.781831
v 9.625441 0.283827 -2.623490
v 9.515372 0.329419 -2.433884
v 10.039342 -0.138740 -2.974928
v 9.856296 -0.033058 -2.900969
v 9.692093 0.061745 -2.781831
v 9.554965 0.140916 -2.623490
v 9.451789 0.200484 -2.433884
v 9.387738 0.237464 -2.222521
v 9.910169 -0.332061 -2.974928
v 9.742484 -0.203391 -2.900969
v 9.592059 -0.087966 -2.781831
v 9.466438 0.008426 -2.623490
v 9.371920 0.080952 -2.433884
v 9.582061 -0.660169 -2.974928
v 9.453391 -0.492484 -2.900969
v 9.337966 -0.342059 -2.781831
v 9.241574 -0.216438 -2.623490
v 9.169048 -0.121920 -2.433884
v 9.124024 -0.063244 -2.222521
v 9.224835 0.025165 -2.222521
v 9.277132 -0.027132 -2.433884
v 9.361375 -0.111375 -2.623490
v 9.473340 -0.223340 -2.781831
v 9.607411 -0.357411 -2.900969
v 9.756868 -0.506867 -2.974928
v 9.388740 -0.789342 -2.974928
v 9.283058 -0.606296 -2.900969
v 9.188255 -0.442093 -2.781831
v 9.109084 -0.304965 -2.623490
v 9.049516 -0.201789 -2.433884
v 9.180212 -0.892177 -2.974928
v 9.099327 -0.696903 -2.900969
v 9.026768 -0.521730 -2.781831
v 8.966173 -0.375441 -2.623490
v 8.920581 -0.265372 -2.433884
v 8.892278 -0.197043 -2.222521
v 8.960045 -0.966913 -2.974928
v 8.905341 -0.762752 -2.900969
v 8.856267 -0.579607 -2.781831
v 8.815285 -0.426660 -2.623490
v 8.784450 -0.311583 -2.433884
v 8.732008 -1.012272 -2.974928
v 8.704419 -0.802718 -2.900969
v 8.679671 -0.614734 -2.781831
v 8.659003 -0.457747 -2.623490
v 8.643452 -0.339629 -2.433884
v 8.633799 -0.266302 -2.222521
v -8.722521 8.654928 22.000000
v -8.933884 8.580969 22.000000
v -9.123490 8.461831 22.000000
v -9.281831 8.303490 22.000000
v -9.400969 8.113884 22.000000
v -9.474928 7.902521 22.000000
v -9.500000 7.680000 22.000000
v -9.474928 7.902521 2.800000
v -9.474928 7.902521 7.600000
v -9.474928 7.902521 12.400000
v -9.474928 7.902521 17.200000
v -9.400969 8.113884 2.800000
v -9.400969 8.113884 7.600000
v -9.400969 8.113884 12.400000
v -9.400969 8.113884 17.200000
v -9.281831 8.303490 2.800000
v -9.281831 8.303490 7.600000
v -9.281831 8.303490 12.400000
v -9.281831 8.303490 17.200000
v -9.123490 8.461831 2.800000
v -9.123490 8.461831 7.600000
v -9.123490 8.461831 12.400000
v -9.123490 8.461831 17.200000
v -8.933884 8.580969 2.800000
v -8.933884 8.580969 7.600000
v -8.933884 8.580969 12.400000
v -8.933884 8.580969 17.200000
v -8.722521 8.654928 2.800000
v -8.722521 8.654928 7.600000
v -8.722521 8.654928 12.400000
v -8.722521 8.654928 17.200000
v 9.500000 7.680000 22.000000
v 9.474928 7.902521 22.000000
v 9.400969 8.113884 22.000000
v 9.281831 8.303490 22.000000
v 9.123490 8.461831 22.000000
v 8.933884 8.580969 22.000000
v 8.722521 8.654928 22.000000
v 8.722521 8.654928 2.800000
v 8.722521 8.654928 7.600000
v 8.722521 8.654928 12.400000
v 8.722521 8.654928 17.200000
v 8.933884 8.580969 2.800000
v 8.933884 8.580969 7.600000
v 8.933884 8.580969 12.400000
v 8.933884 8.580969 17.200000
v 9.123490 8.461831 2.800000
v 9.123490 8.461831 7.600000
v 9.123490 8.461831 12.400000
v 9.123490 8.461831 17.200000
v 9.281831 8.303490 2.800000
v 9.281831 8.303490 7.600000
v 9.281831 8.303490 12.400000
v 9.281831 8.303490 17.200000
v 9.400969 8.113884 2.800000
v 9.400969 8.113884 7.600000
v 9.400969 8.113884 12.400000
v 9.400969 8.113884 17.200000
v 9.474928 7.902521 2.800000
v 9.474928 7.902521 7.600000
v 9.474928 7.902521 12.400000
v 9.474928 7.902521 17.200000
v 9.500000 4.215000 1.500000
v 9.500000 4.215000 5.000000
v 9.500000 1.215000 5.000000
v 9.500000 1.215000 1.500000
v 9.500000 2.715000 0.000000
v 9.500000 0.750000 22.000000
v 12.500000 1.215000 1.500000
v 12.500000 2.715000 0.000000
v 12.500000 1.215000 5.000000
v 12.500000 4.215000 1.500000
v 12.500000 4.215000 5.000000
v -9.500000 -0.250000 0.000000
v -9.752716 -3.048776 0.252716
v -9.500000 -3.122983 0.000000
v -8.500000 -0.250000 0.000000
v -9.170632 -3.193381 0.000000
v -8.836509 -3.235820 0.000000
v -8.500000 -3.250000 0.000000
v -8.000000 -3.250000 0.500000
v -8.000000 -0.250000 0.500000
v -6.500000 -0.250000 0.000000
v -6.500000 -3.250000 0.000000
v -5.500000 -3.250000 0.000000
v -5.000000 -3.250000 0.500000
v -5.000000 -0.250000 0.500000
v -5.500000 -0.250000 0.000000
v -3.500000 -0.250000 0.000000
v -3.500000 -3.250000 0.000000
v -0.500000 -0.250000 0.000000
v -0.500000 -3.250000 0.000000
v -2.500000 -3.250000 0.000000
v -2.000000 -3.250000 0.500000
v -2.000000 -0.250000 0.500000
v -2.500000 -0.250000 0.000000
v 0.500000 -3.250000 0.000000
v 1.000000 -3.250000 0.500000
v 1.000000 -0.250000 0.500000
v 0.500000 -0.250000 0.000000
v 2.500000 -0.250000 0.000000
v 2.500000 -3.250000 0.000000
v 3.500000 -3.250000 0.000000
v 4.000000 -3.250000 0.500000
v 4.000000 -0.250000 0.500000
v 3.500000 -0.250000 0.000000
v 5.500000 -0.250000 0.000000
v 5.500000 -3.250000 0.000000
v 6.500000 -3.250000 0.000000
v 7.000000 -3.250000 0.500000
v 7.000000 -0.250000 0.500000
v 6.500000 -0.250000 0.000000
v 8.500000 -0.250000 0.000000
v 8.500000 -3.250000 0.000000
v 10.000000 -0.250000 0.500000
v 9.500000 -0.250000 0.000000
v 9.500000 -3.122983 0.000000
v 9.752716 -3.048776 0.252716
v 10.000000 -2.958099 0.500000
v 8.836509 -3.235820 0.000000
v 9.170632 -3.193381 0.000000
v 12.500000 0.750000 20.000000
v 12.471316 0.271831 20.000000
v 12.385677 -0.199480 20.000000
v 12.244311 -0.657173 20.000000
v 12.049244 -1.094686 20.000000
v 11.803275 -1.505742 20.000000
v 11.509932 -1.884447 20.000000
v 11.173420 -2.225369 20.000000
v 10.798567 -2.523620 20.000000
v 10.390749 -2.774921 20.000000
v 9.955814 -2.975668 20.000000
v 10.358893 -2.791824 5.333333
v 10.358893 -2.791824 12.666667
v 10.772259 -2.541935 5.333333
v 10.772259 -2.541935 12.666667
v 11.152491 -2.244043 5.333333
v 11.152491 -2.244043 12.666667
v 11.494043 -1.902491 5.333333
v 11.494043 -1.902491 12.666667
v 11.791935 -1.522259 5.333333
v 11.791935 -1.522259 12.666667
v 12.041824 -1.108893 5.333333
v 12.041824 -1.108893 12.666667
v 12.240065 -0.668420 5.333333
v 12.240065 -0.668420 12.666667
v 12.383767 -0.207263 5.333333
v 12.383767 -0.207263 12.666667
v 12.470996 0.269179 5.333333
v 12.471157 0.270505 12.666667
v -8.500000 -0.250000 22.000000
v 8.500000 -0.250000 22.000000
v 9.469946 7.923321 23.000000
v 6.229089 20.842272 23.000000
v 9.486605 7.843127 23.000000
v 9.496646 7.761838 23.000000
v 9.500000 7.680000 23.000000
v 9.500000 0.750000 23.000000
v 9.474928 0.527479 23.000000
v 9.400969 0.316116 23.000000
v 9.281831 0.126510 23.000000
v 9.123490 -0.031831 23.000000
v 8.933884 -0.150969 23.000000
v 8.722521 -0.224928 23.000000
v 8.500000 -0.250000 23.000000
v -8.500000 -0.250000 23.000000
v -8.722521 -0.224928 23.000000
v -8.933884 -0.150969 23.000000
v -9.123490 -0.031831 23.000000
v -9.281831 0.126510 23.000000
v -9.400969 0.316116 23.000000
v -9.474928 0.527479 23.000000
v -9.500000 0.750000 23.000000
v -12.471316 0.271831 20.000000
v -12.385677 -0.199480 20.000000
v -12.244311 -0.657173 20.000000
v -12.049244 -1.094686 20.000000
v -11.803275 -1.505742 20.000000
v -11.509932 -1.884447 20.000000
v -11.173420 -2.225369 20.000000
v -10.798567 -2.523620 20.000000
v -10.390749 -2.774921 20.000000
v -9.955814 -2.975668 20.000000
v -9.500000 7.680000 23.000000
v -9.496646 7.761838 23.000000
v -9.486605 7.843127 23.000000
v -9.469946 7.923321 23.000000
v -6.229089 20.842272 23.000000
v -3.319251 23.112309 23.000000
v -6.107145 21.220303 23.000000
v -5.936327 21.578909 23.000000
v -5.719630 21.911804 23.000000
v -5.460852 22.213153 23.000000
v -5.164530 22.477672 23.000000
v -4.835859 22.700725 23.000000
v -4.480601 22.878401 23.000000
v -4.104984 23.007585 23.000000
v -3.715591 23.086012 23.000000
v 3.319251 23.112309 23.000000
v 3.715591 23.086012 23.000000
v 4.104984 23.007585 23.000000
v 4.480601 22.878401 23.000000
v 4.835859 22.700725 23.000000
v 5.164530 22.477672 23.000000
v 5.460852 22.213153 23.000000
v 5.719630 21.911804 23.000000
v 5.936327 21.578909 23.000000
v 6.107145 21.220303 23.000000
v 3.500000 6.000000 23.000000
v 3.855787 5.974554 23.000000
v 4.204331 5.898733 23.000000
v 4.538538 5.774080 23.000000
v 4.851602 5.603134 23.000000
v 5.137152 5.389374 23.000000
v 5.389374 5.137152 23.000000
v 5.603134 4.851602 23.000000
v 5.774080 4.538538 23.000000
v 5.898732 4.204331 23.000000
v 5.974554 3.855787 23.000000
v 6.000000 3.500000 23.000000
v 6.000000 2.500000 23.000000
v 5.974554 2.144213 23.000000
v 5.898732 1.795669 23.000000
v 5.774080 1.461463 23.000000
v 5.603134 1.148398 23.000000
v 5.389374 0.862848 23.000000
v 5.137152 0.610626 23.000000
v 4.851602 0.396866 23.000000
v 4.538538 0.225920 23.000000
v 4.204331 0.101268 23.000000
v 3.855787 0.025446 23.000000
v 3.500000 0.000000 23.000000
v -3.500000 0.000000 23.000000
v -3.855787 0.025446 23.000000
v -4.204331 0.101268 23.000000
v -4.538538 0.225920 23.000000
v -4.851602 0.396866 23.000000
v -5.137152 0.610626 23.000000
v -5.389374 0.862848 23.000000
v -5.603134 1.148398 23.000000
v -5.774080 1.461463 23.000000
v -5.898732 1.795669 23.000000
v -5.974554 2.144213 23.000000
v -6.000000 2.500000 23.000000
v -6.000000 3.500000 23.000000
v -5.974554 3.855787 23.000000
v -5.898732 4.204331 23.000000
v -5.774080 4.538538 23.000000
v -5.603134 4.851602 23.000000
v -5.389374 5.137152 23.000000
v -5.137152 5.389374 23.000000
v -4.851602 5.603134 23.000000
v -4.538538 5.774080 23.000000
v -4.204331 5.898733 23.000000
v -3.855787 5.974554 23.000000
v -3.500000 6.000000 23.000000
v 5.000000 3.500000 22.000000
v 3.500000 5.000000 22.000000
v 3.792635 4.971178 22.000000
v 4.074025 4.885819 22.000000
v 4.333355 4.747205 22.000000
v 4.560660 4.560660 22.000000
v 4.747204 4.333355 22.000000
v 4.885819 4.074025 22.000000
v 4.971178 3.792636 22.000000
v 5.000000 2.500000 22.000000
v 3.500000 1.000000 22.000000
v 4.971178 2.207365 22.000000
v 4.885819 1.925975 22.000000
v 4.747204 1.666645 22.000000
v 4.560660 1.439340 22.000000
v 4.333355 1.252796 22.000000
v 4.074025 1.114181 22.000000
v 3.792635 1.028822 22.000000
v -3.500000 1.000000 22.000000
v -5.000000 2.500000 22.000000
v -3.792635 1.028822 22.000000
v -4.074025 1.114181 22.000000
v -4.333355 1.252796 22.000000
v -4.560660 1.439340 22.000000
v -4.747204 1.666645 22.000000
v -4.885819 1.925975 22.000000
v -4.971178 2.207365 22.000000
v -5.000000 3.500000 22.000000
v -3.500000 5.000000 22.000000
v -4.971178 3.792636 22.000000
v -4.885819 4.074025 22.000000
v -4.747204 4.333355 22.000000
v -4.560660 4.560660 22.000000
v -4.333355 4.747205 22.000000
v -4.074025 4.885819 22.000000
v -3.792635 4.971178 22.000000
v -12.470996 0.269179 5.333333
v -12.471157 0.270505 12.666667
v -12.383767 -0.207263 5.333333
v -12.383767 -0.207263 12.666667
v -12.240065 -0.668420 5.333333
v -12.240065 -0.668420 12.666667
v -12.041824 -1.108893 5.333333
v -12.041824 -1.108893 12.666667
v -11.791935 -1.522259 5.333333
v -11.791935 -1.522259 12.666667
v -11.494043 -1.902491 5.333333
v -11.494043 -1.902491 12.666667
v -11.152491 -2.244043 5.333333
v -11.152491 -2.244043 12.666667
v -10.772259 -2.541935 5.333333
v -10.772259 -2.541935 12.666667
v -10.358893 -2.791824 5.333333
v -10.358893 -2.791824 12.666667
v 8.722521 -0.224928 22.000000
v 8.933884 -0.150969 22.000000
v 9.123490 -0.031831 22.000000
v 9.281831 0.126510 22.000000
v 9.400969 0.316116 22.000000
v 9.474928 0.527479 22.000000
v 9.474928 0.527479 2.800000
v 9.474928 0.527479 7.600000
v 9.474928 0.527479 12.400000
v 9.474928 0.527479 17.200000
v 9.400969 0.316116 2.800000
v 9.400969 0.316116 7.600000
v 9.400969 0.316116 12.400000
v 9.400969 0.316116 17.200000
v 9.281831 0.126510 2.800000
v 9.281831 0.126510 7.600000
v 9.281831 0.126510 12.400000
v 9.281831 0.126510 17.200000
v 9.123490 -0.031831 2.800000
v 9.123490 -0.031831 7.600000
v 9.123490 -0.031831 12.400000
v 9.123490 -0.031831 17.200000
v 8.933884 -0.150969 2.800000
v 8.933884 -0.150969 7.600000
v 8.933884 -0.150969 12.400000
v 8.933884 -0.150969 17.200000
v 8.722521 -0.224928 2.800000
v 8.722521 -0.224928 7.600000
v 8.722521 -0.224928 12.400000
v 8.722521 -0.224928 17.200000
v -9.500000 0.750000 22.000000
v -9.474928 0.527479 22.000000
v -9.400969 0.316116 22.000000
v -9.281831 0.126510 22.000000
v -9.123490 -0.031831 22.000000
v -8.933884 -0.150969 22.000000
v -8.722521 -0.224928 22.000000
v -8.722521 -0.224928 2.800000
v -8.722521 -0.224928 7.600000
v -8.722521 -0.224928 12.400000
v -8.722521 -0.224928 17.200000
v -8.933884 -0.150969 2.800000
v -8.933884 -0.150969 7.600000
v -8.933884 -0.150969 12.400000
v -8.933884 -0.150969 17.200000
v -9.123490 -0.031831 2.800000
v -9.123490 -0.031831 7.600000
v -9.123490 -0.031831 12.400000
v -9.123490 -0.031831 17.200000
v -9.281831 0.126510 2.800000
v -9.281831 0.126510 7.600000
v -9.281831 0.126510 12.400000
v -9.281831 0.126510 17.200000
v -9.400969 0.316116 2.800000
v -9.400969 0.316116 7.600000
v -9.400969 0.316116 12.400000
v -9.400969 0.316116 17.200000
v -9.474928 0.527479 2.800000
v -9.474928 0.527479 7.600000
v -9.474928 0.527479 12.400000
v -9.474928 0.527479 17.200000
vt 0.029190 -0.039270 0.000000
vt 0.300000 -0.039270 0.000000
vt 0.028790 -0.029375 0.000000
vt 0.300000 -0.026180 0.000000
vt 0.027615 -0.019254 0.000000
vt 0.300000 -0.013090 0.000000
vt 0.025763 -0.009225 0.000000
vt 0.300000 -0.000000 0.000000
vt 0.023495 0.000402 0.000000
vt 0.020900 0.010020 0.000000
vt 0.300000 0.013090 0.000000
vt 0.018088 0.019861 0.000000
vt 0.300000 0.026180 0.000000
vt 0.015288 0.029693 0.000000
vt 0.300000 0.039270 0.000000
vt 0.012702 0.039270 0.000000
vt -1.950000 0.029190 0.000000
vt -0.050000 0.029190 0.000000
vt -1.950000 0.300000 0.000000
vt -0.050000 0.300000 0.000000
vt 0.300000 0.039270 0.000000
vt -0.000000 0.039270 0.000000
vt 0.300000 0.026180 0.000000
vt 0.000000 0.026180 0.000000
vt 0.300000 0.013090 0.000000
vt 0.000000 0.013090 0.000000
vt 0.300000 0.000000 0.000000
vt -0.000000 0.000000 0.000000
vt 0.300000 -0.013090 0.000000
vt -0.000000 -0.013090 0.000000
vt 0.300000 -0.026180 0.000000
vt -0.000000 -0.026180 0.000000
vt 0.300000 -0.039270 0.000000
vt 0.000000 -0.039270 0.000000
vt -0.050000 0.012702 0.000000
vt -0.050000 0.300000 0.000000
vt -0.082937 0.005662 0.000000
vt -0.150000 0.300000 0.000000
vt -0.116349 0.001418 0.000000
vt -0.150000 0.000000 0.000000
vt 0.300000 0.039270 0.000000
vt 0.000000 0.039270 0.000000
vt 0.300000 0.026180 0.000000
vt -0.000000 0.026180 0.000000
vt 0.300000 0.013090 0.000000
vt 0.000000 0.013090 0.000000
vt 0.300000 -0.000000 0.000000
vt -0.000000 -0.000000 0.000000
vt 0.300000 -0.013090 0.000000
vt -0.000000 -0.013090 0.000000
vt 0.300000 -0.026180 0.000000
vt 0.000000 -0.026180 0.000000
vt 0.300000 -0.039270 0.000000
vt -0.000000 -0.039270 0.000000
vt -1.950000 0.000000 0.000000
vt -0.050000 0.000000 0.000000
vt -1.950000 0.300000 0.000000
vt -0.050000 0.300000 0.000000
vt 0.300000 0.039270 0.000000
vt -0.000000 0.039270 0.000000
vt 0.300000 0.026180 0.000000
vt 0.000000 0.026180 0.000000
vt 0.300000 0.013090 0.000000
vt -0.000000 0.013090 0.000000
vt 0.300000 0.000000 0.000000
vt -0.000000 0.000000 0.000000
vt 0.300000 -0.013090 0.000000
vt 0.000000 -0.013090 0.000000
vt 0.300000 -0.026180 0.000000
vt -0.000000 -0.026180 0.000000
vt 0.300000 -0.039270 0.000000
vt 0.000000 -0.039270 0.000000
vt -0.050000 0.300000 0.000000
vt -0.150000 0.300000 0.000000
vt -0.050000 0.000000 0.000000
vt -0.150000 0.000000 0.000000
vt 0.300000 0.039270 0.000000
vt 0.000000 0.039270 0.000000
vt 0.300000 0.026180 0.000000
vt 0.000000 0.026180 0.000000
vt 0.300000 0.013090 0.000000
vt 0.000000 0.013090 0.000000
vt 0.300000 -0.000000 0.000000
vt 0.000000 -0.000000 0.000000
vt 0.300000 -0.013090 0.000000
vt 0.000000 -0.013090 0.000000
vt 0.300000 -0.026180 0.000000
vt 0.000000 -0.026180 0.000000
vt 0.300000 -0.039270 0.000000
vt 0.000000 -0.039270 0.000000
vt -1.950000 0.000000 0.000000
vt -0.050000 0.000000 0.000000
vt -1.950000 0.300000 0.000000
vt -0.050000 0.300000 0.000000
vt 0.300000 0.039270 0.000000
vt -0.000000 0.039270 0.000000
vt 0.300000 0.026180 0.000000
vt 0.000000 0.026180 0.000000
vt 0.300000 0.013090 0.000000
vt 0.000000 0.013090 0.000000
vt 0.300000 0.000000 0.000000
vt -0.000000 0.000000 0.000000
vt 0.300000 -0.013090 0.000000
vt 0.000000 -0.013090 0.000000
vt 0.300000 -0.026180 0.000000
vt -0.000000 -0.026180 0.000000
vt 0.300000 -0.039270 0.000000
vt 0.000000 -0.039270 0.000000
vt -0.050000 0.300000 0.000000
vt -0.150000 0.300000 0.000000
vt -0.050000 0.000000 0.000000
vt -0.150000 0.000000 0.000000
vt 0.300000 0.039270 0.000000
vt 0.000000 0.039270 0.000000
vt 0.300000 0.026180 0.000000
vt -0.000000 0.026180 0.000000
vt 0.300000 0.013090 0.000000
vt 0.000000 0.013090 0.000000
vt 0.300000 -0.000000 0.000000
vt -0.000000 -0.000000 0.000000
vt 0.300000 -0.013090 0.000000
vt 0.000000 -0.013090 0.000000
vt 0.300000 -0.026180 0.000000
vt -0.000000 -0.026180 0.000000
vt 0.300000 -0.039270 0.000000
vt -0.000000 -0.039270 0.000000
vt -1.950000 0.000000 0.000000
vt -0.050000 0.000000 0.000000
vt -1.950000 0.300000 0.000000
vt -0.050000 0.300000 0.000000
vt 0.300000 0.039270 0.000000
vt 0.000000 0.039270 0.000000
vt 0.300000 0.026180 0.000000
vt 0.000000 0.026180 0.000000
vt 0.300000 0.013090 0.000000
vt 0.000000 0.013090 0.000000
vt 0.300000 0.000000 0.000000
vt -0.000000 0.000000 0.000000
vt 0.300000 -0.013090 0.000000
vt 0.000000 -0.013090 0.000000
vt 0.300000 -0.026180 0.000000
vt -0.000000 -0.026180 0.000000
vt 0.300000 -0.039270 0.000000
vt 0.000000 -0.039270 0.000000
vt -0.050000 0.300000 0.000000
vt -0.150000 0.300000 0.000000
vt -0.050000 0.000000 0.000000
vt -0.150000 0.000000 0.000000
vt 0.300000 0.039270 0.000000
vt 0.000000 0.039270 0.000000
vt 0.300000 0.026180 0.000000
vt 0.000000 0.026180 0.000000
vt 0.300000 0.013090 0.000000
vt -0.000000 0.013090 0.000000
vt 0.300000 -0.000000 0.000000
vt 0.000000 -0.000000 0.000000
vt 0.300000 -0.013090 0.000000
vt 0.000000 -0.013090 0.000000
vt 0.300000 -0.026180 0.000000
vt 0.000000 -0.026180 0.000000
vt 0.300000 -0.039270 0.000000
vt 0.000000 -0.039270 0.000000
vt -1.950000 0.000000 0.000000
vt -0.050000 0.000000 0.000000
vt -1.950000 0.300000 0.000000
vt -0.050000 0.300000 0.000000
vt 0.300000 0.039270 0.000000
vt -0.000000 0.039270 0.000000
vt 0.300000 0.026180 0.000000
vt -0.000000 0.026180 0.000000
vt 0.300000 0.013090 0.000000
vt 0.000000 0.013090 0.000000
vt 0.300000 -0.000000 0.000000
vt -0.000000 -0.000000 0.000000
vt 0.300000 -0.013090 0.000000
vt 0.000000 -0.013090 0.000000
vt 0.300000 -0.026180 0.000000
vt -0.000000 -0.026180 0.000000
vt 0.300000 -0.039270 0.000000
vt 0.000000 -0.039270 0.000000
vt -0.050000 0.300000 0.000000
vt -0.150000 0.300000 0.000000
vt -0.050000 0.000000 0.000000
vt -0.150000 0.000000 0.000000
vt 0.300000 0.039270 0.000000
vt 0.000000 0.039270 0.000000
vt 0.300000 0.026180 0.000000
vt -0.000000 0.026180 0.000000
vt 0.300000 0.013090 0.000000
vt 0.000000 0.013090 0.000000
vt 0.300000 -0.000000 0.000000
vt -0.000000 -0.000000 0.000000
vt 0.300000 -0.013090 0.000000
vt -0.000000 -0.013090 0.000000
vt 0.300000 -0.026180 0.000000
vt 0.000000 -0.026180 0.000000
vt 0.300000 -0.039270 0.000000
vt -0.000000 -0.039270 0.000000
vt -1.950000 0.000000 0.000000
vt -0.050000 0.000000 0.000000
vt -1.950000 0.300000 0.000000
vt -0.050000 0.300000 0.000000
vt 0.300000 0.039270 0.000000
vt -0.000000 0.039270 0.000000
vt 0.300000 0.026180 0.000000
vt 0.000000 0.026180 0.000000
vt 0.300000 0.013090 0.000000
vt -0.000000 0.013090 0.000000
vt 0.300000 0.000000 0.000000
vt 0.000000 0.000000 0.000000
vt 0.300000 -0.013090 0.000000
vt 0.000000 -0.013090 0.000000
vt 0.300000 -0.026180 0.000000
vt 0.000000 -0.026180 0.000000
vt 0.300000 -0.039270 0.000000
vt 0.000000 -0.039270 0.000000
vt -0.050000 0.300000 0.000000
vt -0.150000 0.300000 0.000000
vt -0.050000 0.000000 0.000000
vt -0.150000 0.000000 0.000000
vt 0.300000 0.039270 0.000000
vt 0.000000 0.039270 0.000000
vt 0.300000 0.026180 0.000000
vt 0.000000 0.026180 0.000000
vt 0.300000 0.013090 0.000000
vt 0.000000 0.013090 0.000000
vt 0.300000 -0.000000 0.000000
vt -0.000000 -0.000000 0.000000
vt 0.300000 -0.013090 0.000000
vt -0.000000 -0.013090 0.000000
vt 0.300000 -0.026180 0.000000
vt 0.000000 -0.026180 0.000000
vt 0.300000 -0.039270 0.000000
vt -0.000000 -0.039270 0.000000
vt -1.950000 0.000000 0.000000
vt -0.050000 0.000000 0.000000
vt -1.950000 0.300000 0.000000
vt -0.050000 0.300000 0.000000
vt 0.012702 -0.039270 0.000000
vt 0.300000 -0.039270 0.000000
vt 0.015288 -0.029693 0.000000
vt 0.300000 -0.026180 0.000000
vt 0.018088 -0.019861 0.000000
vt 0.300000 -0.013090 0.000000
vt 0.020900 -0.010020 0.000000
vt 0.300000 0.000000 0.000000
vt 0.023495 -0.000402 0.000000
vt 0.025763 0.009225 0.000000
vt 0.300000 0.013090 0.000000
vt 0.027615 0.019254 0.000000
vt 0.300000 0.026180 0.000000
vt 0.028790 0.029375 0.000000
vt 0.300000 0.039270 0.000000
vt 0.029190 0.039270 0.000000
vt -0.050000 0.000000 0.000000
vt -0.050000 0.300000 0.000000
vt -0.083651 0.001418 0.000000
vt -0.117063 0.005662 0.000000
vt -0.150000 0.300000 0.000000
vt -0.150000 0.012702 0.000000
vt -0.000077 -0.999013 0.000000
vt -0.030622 -0.999001 0.000000
vt -0.000083 -1.054306 0.000000
vt -0.024852 -1.077003 0.000000
vt -0.000060 -1.109621 0.000000
vt -0.024852 -1.155149 0.000000
vt -0.000025 -1.164945 0.000000
vt -0.000001 -1.220260 0.000000
vt -0.024852 -1.233294 0.000000
vt -0.000000 -1.275554 0.000000
vt -0.024852 -1.311440 0.000000
vt -0.000000 -1.330848 0.000000
vt -0.024852 -1.368362 0.000000
vt -0.000000 -1.386142 0.000000
vt -0.024852 -1.425285 0.000000
vt -0.000000 -1.441436 0.000000
vt -0.024852 -1.482362 0.000000
vt -0.000000 -1.496730 0.000000
vt -0.024852 -1.539438 0.000000
vt -0.000000 -1.552023 0.000000
vt -0.024852 -1.596515 0.000000
vt -0.000000 -1.607317 0.000000
vt -0.024852 -1.653592 0.000000
vt -0.000000 -1.662611 0.000000
vt -0.024852 -1.695644 0.000000
vt -0.000000 -1.690258 0.000000
vt -0.000000 -1.717905 0.000000
vt -0.024852 -1.737697 0.000000
vt -0.000000 -1.745552 0.000000
vt -0.024852 -1.779749 0.000000
vt -0.000000 -1.773199 0.000000
vt -0.000000 -1.800846 0.000000
vt -0.024852 -1.821802 0.000000
vt -0.000000 -1.828493 0.000000
vt -0.024852 -1.853509 0.000000
vt -0.000000 -1.856140 0.000000
vt -0.000000 -1.883787 0.000000
vt -0.024852 -1.885217 0.000000
vt -0.049703 -1.077003 0.000000
vt -0.061167 -0.998987 0.000000
vt -0.075466 -1.077003 0.000000
vt -0.091714 -0.998972 0.000000
vt -0.101229 -1.077003 0.000000
vt -0.122258 -0.998955 0.000000
vt -0.126992 -1.077003 0.000000
vt -0.152804 -0.998938 0.000000
vt -0.152755 -1.077003 0.000000
vt -0.168558 -1.077003 0.000000
vt -0.152755 -1.155149 0.000000
vt -0.168558 -1.155149 0.000000
vt -0.152755 -1.233294 0.000000
vt -0.168558 -1.233294 0.000000
vt -0.152755 -1.311440 0.000000
vt -0.168558 -1.311440 0.000000
vt -0.152755 -1.368362 0.000000
vt -0.168558 -1.368362 0.000000
vt -0.152755 -1.425285 0.000000
vt -0.168558 -1.425285 0.000000
vt -0.152755 -1.482362 0.000000
vt -0.168558 -1.482362 0.000000
vt -0.152755 -1.539438 0.000000
vt -0.168558 -1.539438 0.000000
vt -0.152755 -1.596515 0.000000
vt -0.168558 -1.596515 0.000000
vt -0.152755 -1.653592 0.000000
vt -0.168558 -1.653592 0.000000
vt -0.152755 -1.695644 0.000000
vt -0.168558 -1.695644 0.000000
vt -0.152755 -1.737697 0.000000
vt -0.168558 -1.737697 0.000000
vt -0.152755 -1.779749 0.000000
vt -0.168558 -1.779749 0.000000
vt -0.152755 -1.821802 0.000000
vt -0.168558 -1.821802 0.000000
vt -0.152755 -1.853509 0.000000
vt -0.168558 -1.853509 0.000000
vt -0.152755 -1.885217 0.000000
vt -0.183350 -0.998920 0.000000
vt -0.184361 -1.077003 0.000000
vt -0.184361 -1.155149 0.000000
vt -0.184361 -1.233294 0.000000
vt -0.184361 -1.311440 0.000000
vt -0.184361 -1.368362 0.000000
vt -0.184361 -1.425285 0.000000
vt -0.184361 -1.482362 0.000000
vt -0.184361 -1.539438 0.000000
vt -0.184361 -1.596515 0.000000
vt -0.184361 -1.653592 0.000000
vt -0.184361 -1.695644 0.000000
vt -0.184361 -1.737697 0.000000
vt -0.184361 -1.779749 0.000000
vt -0.184361 -1.821802 0.000000
vt -0.184361 -1.853509 0.000000
vt -0.168558 -1.885217 0.000000
vt -0.213895 -0.998904 0.000000
vt -0.214648 -1.077003 0.000000
vt -0.214648 -1.155149 0.000000
vt -0.214648 -1.233294 0.000000
vt -0.214648 -1.311440 0.000000
vt -0.214648 -1.368362 0.000000
vt -0.214648 -1.425285 0.000000
vt -0.214648 -1.482362 0.000000
vt -0.214648 -1.539438 0.000000
vt -0.214648 -1.596515 0.000000
vt -0.214648 -1.653592 0.000000
vt -0.214648 -1.695644 0.000000
vt -0.214648 -1.737697 0.000000
vt -0.214648 -1.779749 0.000000
vt -0.214648 -1.821802 0.000000
vt -0.214648 -1.853509 0.000000
vt -0.184361 -1.885217 0.000000
vt -0.244443 -0.998887 0.000000
vt -0.244936 -1.077003 0.000000
vt -0.244936 -1.155149 0.000000
vt -0.244936 -1.233294 0.000000
vt -0.244936 -1.311440 0.000000
vt -0.244936 -1.368362 0.000000
vt -0.244936 -1.425285 0.000000
vt -0.244936 -1.482362 0.000000
vt -0.244936 -1.539438 0.000000
vt -0.244936 -1.596515 0.000000
vt -0.244936 -1.653592 0.000000
vt -0.244936 -1.695644 0.000000
vt -0.244936 -1.737697 0.000000
vt -0.244936 -1.779749 0.000000
vt -0.244936 -1.821802 0.000000
vt -0.244936 -1.853509 0.000000
vt -0.214648 -1.885217 0.000000
vt -0.274989 -0.998872 0.000000
vt -0.275223 -1.077003 0.000000
vt -0.275223 -1.155149 0.000000
vt -0.275223 -1.233294 0.000000
vt -0.275223 -1.311440 0.000000
vt -0.275223 -1.368362 0.000000
vt -0.275223 -1.425285 0.000000
vt -0.275223 -1.482362 0.000000
vt -0.275223 -1.539438 0.000000
vt -0.275223 -1.596515 0.000000
vt -0.275223 -1.653592 0.000000
vt -0.275223 -1.695644 0.000000
vt -0.275223 -1.737697 0.000000
vt -0.275223 -1.779749 0.000000
vt -0.275223 -1.821802 0.000000
vt -0.275223 -1.853509 0.000000
vt -0.244936 -1.885217 0.000000
vt -0.305511 -0.998858 0.000000
vt -0.305511 -1.054183 0.000000
vt -0.305511 -1.109550 0.000000
vt -0.305511 -1.164922 0.000000
vt -0.305511 -1.220259 0.000000
vt -0.305511 -1.275554 0.000000
vt -0.305511 -1.330848 0.000000
vt -0.305511 -1.386142 0.000000
vt -0.305511 -1.441436 0.000000
vt -0.305511 -1.496730 0.000000
vt -0.305511 -1.552023 0.000000
vt -0.305511 -1.662611 0.000000
vt -0.305511 -1.773199 0.000000
vt -0.305511 -1.883787 0.000000
vt -0.275223 -1.885217 0.000000
vt -0.126992 -1.885217 0.000000
vt -0.126992 -1.853509 0.000000
vt -0.101229 -1.885217 0.000000
vt -0.101229 -1.853509 0.000000
vt -0.075466 -1.885217 0.000000
vt -0.075466 -1.853509 0.000000
vt -0.049703 -1.885217 0.000000
vt -0.049703 -1.853509 0.000000
vt -0.126992 -1.155149 0.000000
vt -0.126992 -1.233294 0.000000
vt -0.126992 -1.311440 0.000000
vt -0.126992 -1.368362 0.000000
vt -0.126992 -1.425285 0.000000
vt -0.126992 -1.482362 0.000000
vt -0.126992 -1.539438 0.000000
vt -0.126992 -1.596515 0.000000
vt -0.126992 -1.653592 0.000000
vt -0.126992 -1.695644 0.000000
vt -0.126992 -1.737697 0.000000
vt -0.126992 -1.779749 0.000000
vt -0.126992 -1.821802 0.000000
vt -0.101229 -1.155149 0.000000
vt -0.101229 -1.233294 0.000000
vt -0.101229 -1.311440 0.000000
vt -0.101229 -1.368362 0.000000
vt -0.101229 -1.425285 0.000000
vt -0.101229 -1.482362 0.000000
vt -0.101229 -1.539438 0.000000
vt -0.101229 -1.596515 0.000000
vt -0.101229 -1.653592 0.000000
vt -0.101229 -1.695644 0.000000
vt -0.101229 -1.737697 0.000000
vt -0.101229 -1.779749 0.000000
vt -0.101229 -1.821802 0.000000
vt -0.075466 -1.155149 0.000000
vt -0.075466 -1.233294 0.000000
vt -0.075466 -1.311440 0.000000
vt -0.075466 -1.368362 0.000000
vt -0.075466 -1.425285 0.000000
vt -0.075466 -1.482362 0.000000
vt -0.075466 -1.539438 0.000000
vt -0.075466 -1.596515 0.000000
vt -0.075466 -1.653592 0.000000
vt -0.075466 -1.695644 0.000000
vt -0.075466 -1.737697 0.000000
vt -0.075466 -1.779749 0.000000
vt -0.075466 -1.821802 0.000000
vt -0.049703 -1.155149 0.000000
vt -0.049703 -1.233294 0.000000
vt -0.049703 -1.311440 0.000000
vt -0.049703 -1.368362 0.000000
vt -0.049703 -1.425285 0.000000
vt -0.049703 -1.482362 0.000000
vt -0.049703 -1.539438 0.000000
vt -0.049703 -1.596515 0.000000
vt -0.049703 -1.653592 0.000000
vt -0.049703 -1.695644 0.000000
vt -0.049703 -1.737697 0.000000
vt -0.049703 -1.779749 0.000000
vt -0.049703 -1.821802 0.000000
vt -0.000001 1.628853 0.000000
vt -0.000000 1.711494 0.000000
vt -0.031158 1.654681 0.000000
vt -0.036539 1.711494 0.000000
vt -0.062315 1.654681 0.000000
vt -0.073076 1.711494 0.000000
vt -0.101545 1.654681 0.000000
vt -0.109618 1.711494 0.000000
vt -0.140776 1.654681 0.000000
vt -0.146160 1.711494 0.000000
vt -0.180006 1.654681 0.000000
vt -0.182696 1.711494 0.000000
vt -0.219237 1.711494 0.000000
vt -0.255778 1.711494 0.000000
vt -0.241659 1.654681 0.000000
vt -0.219236 1.654681 0.000000
vt -0.180006 1.597868 0.000000
vt -0.140776 1.597868 0.000000
vt -0.140776 1.541054 0.000000
vt -0.101545 1.541054 0.000000
vt -0.101545 1.484241 0.000000
vt -0.062315 1.484241 0.000000
vt -0.062315 1.427427 0.000000
vt -0.031158 1.427427 0.000000
vt -0.031158 1.370614 0.000000
vt -0.000014 1.380943 0.000000
vt -0.031158 1.313801 0.000000
vt -0.000012 1.298311 0.000000
vt -0.031158 1.256987 0.000000
vt -0.000005 1.215672 0.000000
vt -0.031158 1.200174 0.000000
vt -0.031158 1.143360 0.000000
vt -0.062315 1.200174 0.000000
vt -0.062315 1.143360 0.000000
vt -0.101545 1.200174 0.000000
vt -0.101545 1.143360 0.000000
vt -0.140776 1.200174 0.000000
vt -0.140776 1.143360 0.000000
vt -0.180006 1.200174 0.000000
vt -0.180006 1.143360 0.000000
vt -0.219236 1.200174 0.000000
vt -0.219236 1.143360 0.000000
vt -0.241659 1.200174 0.000000
vt -0.241659 1.143360 0.000000
vt -0.264082 1.200174 0.000000
vt -0.264082 1.143360 0.000000
vt -0.285881 1.200174 0.000000
vt -0.285881 1.143360 0.000000
vt -0.307680 1.200174 0.000000
vt -0.307680 1.143360 0.000000
vt -0.329479 1.200174 0.000000
vt -0.329479 1.143360 0.000000
vt -0.351278 1.200174 0.000000
vt -0.351278 1.143360 0.000000
vt -0.373076 1.200174 0.000000
vt -0.373076 1.143360 0.000000
vt -0.394875 1.200174 0.000000
vt -0.394875 1.143360 0.000000
vt -0.416674 1.200174 0.000000
vt -0.416674 1.143360 0.000000
vt -0.438473 1.152101 0.000000
vt -0.438473 1.082176 0.000000
vt -0.264082 1.654681 0.000000
vt -0.292313 1.711494 0.000000
vt -0.285881 1.654681 0.000000
vt -0.307680 1.654681 0.000000
vt -0.285881 1.597868 0.000000
vt -0.307680 1.597868 0.000000
vt -0.285881 1.541054 0.000000
vt -0.307680 1.541054 0.000000
vt -0.285881 1.484241 0.000000
vt -0.307680 1.484241 0.000000
vt -0.285881 1.427427 0.000000
vt -0.307680 1.427427 0.000000
vt -0.285881 1.370614 0.000000
vt -0.307680 1.370614 0.000000
vt -0.285881 1.313801 0.000000
vt -0.307680 1.313801 0.000000
vt -0.285881 1.256987 0.000000
vt -0.307680 1.256987 0.000000
vt -0.328855 1.711494 0.000000
vt -0.329479 1.654681 0.000000
vt -0.329479 1.597868 0.000000
vt -0.329479 1.541054 0.000000
vt -0.329479 1.484241 0.000000
vt -0.329479 1.427427 0.000000
vt -0.329479 1.370614 0.000000
vt -0.329479 1.313801 0.000000
vt -0.329479 1.256987 0.000000
vt -0.351278 1.654681 0.000000
vt -0.365398 1.711494 0.000000
vt -0.373076 1.654681 0.000000
vt -0.401935 1.711494 0.000000
vt -0.394875 1.654681 0.000000
vt -0.416674 1.654681 0.000000
vt -0.394875 1.597868 0.000000
vt -0.416674 1.597868 0.000000
vt -0.394875 1.541054 0.000000
vt -0.416674 1.541054 0.000000
vt -0.394875 1.484241 0.000000
vt -0.416674 1.484241 0.000000
vt -0.394875 1.427427 0.000000
vt -0.416674 1.427427 0.000000
vt -0.394875 1.370614 0.000000
vt -0.416674 1.370614 0.000000
vt -0.394875 1.313801 0.000000
vt -0.416674 1.313801 0.000000
vt -0.394875 1.256987 0.000000
vt -0.416674 1.256987 0.000000
vt -0.438473 1.711494 0.000000
vt -0.438473 1.641568 0.000000
vt -0.438473 1.571638 0.000000
vt -0.438473 1.501713 0.000000
vt -0.438473 1.431793 0.000000
vt -0.438473 1.361875 0.000000
vt -0.438473 1.291955 0.000000
vt -0.438473 1.222029 0.000000
vt -0.438473 1.012251 0.000000
vt -0.416674 1.029734 0.000000
vt -0.416674 1.086547 0.000000
vt -0.394875 1.086547 0.000000
vt -0.373076 1.086547 0.000000
vt -0.351278 1.086547 0.000000
vt -0.329479 1.086547 0.000000
vt -0.307680 1.086547 0.000000
vt -0.285881 1.086547 0.000000
vt -0.264082 1.086547 0.000000
vt -0.241659 1.086547 0.000000
vt -0.219236 1.086547 0.000000
vt -0.180006 1.086547 0.000000
vt -0.140776 1.086547 0.000000
vt -0.101545 1.086547 0.000000
vt -0.062315 1.086547 0.000000
vt -0.031158 1.086547 0.000000
vt -0.000000 1.133031 0.000000
vt -0.416674 0.972920 0.000000
vt -0.438473 0.942328 0.000000
vt -0.416674 0.916107 0.000000
vt -0.438473 0.872404 0.000000
vt -0.416674 0.859293 0.000000
vt -0.438473 0.802480 0.000000
vt -0.394626 0.802480 0.000000
vt -0.350780 0.802480 0.000000
vt -0.373076 0.859293 0.000000
vt -0.394875 0.859293 0.000000
vt -0.306929 0.802480 0.000000
vt -0.329479 0.859293 0.000000
vt -0.351278 0.859293 0.000000
vt -0.373076 0.916107 0.000000
vt -0.394875 0.916107 0.000000
vt -0.394875 0.972920 0.000000
vt -0.263084 0.802480 0.000000
vt -0.285881 0.859293 0.000000
vt -0.307680 0.859293 0.000000
vt -0.329479 0.916107 0.000000
vt -0.351278 0.916107 0.000000
vt -0.351278 0.972920 0.000000
vt -0.373076 0.972920 0.000000
vt -0.373076 1.029734 0.000000
vt -0.394875 1.029734 0.000000
vt -0.219236 0.802480 0.000000
vt -0.241659 0.859293 0.000000
vt -0.264082 0.859293 0.000000
vt -0.285881 0.916107 0.000000
vt -0.307680 0.916107 0.000000
vt -0.307680 0.972920 0.000000
vt -0.329479 0.972920 0.000000
vt -0.329479 1.029734 0.000000
vt -0.351278 1.029734 0.000000
vt -0.175389 0.802480 0.000000
vt -0.180006 0.859293 0.000000
vt -0.219236 0.859293 0.000000
vt -0.241659 0.916107 0.000000
vt -0.264082 0.916107 0.000000
vt -0.264082 0.972920 0.000000
vt -0.285881 0.972920 0.000000
vt -0.285881 1.029734 0.000000
vt -0.307680 1.029734 0.000000
vt -0.140776 0.859293 0.000000
vt -0.131543 0.802480 0.000000
vt -0.101545 0.859293 0.000000
vt -0.087693 0.802480 0.000000
vt -0.062315 0.859293 0.000000
vt -0.043847 0.802480 0.000000
vt -0.031158 0.859293 0.000000
vt -0.000000 0.802480 0.000000
vt -0.000003 0.885118 0.000000
vt -0.031158 0.916107 0.000000
vt -0.000004 0.967754 0.000000
vt -0.031158 0.972920 0.000000
vt -0.031158 1.029734 0.000000
vt -0.062315 1.029734 0.000000
vt -0.000002 1.050392 0.000000
vt -0.000011 1.463573 0.000000
vt -0.031158 1.484241 0.000000
vt -0.062315 1.541054 0.000000
vt -0.101545 1.597868 0.000000
vt -0.000005 1.546210 0.000000
vt -0.031158 1.541054 0.000000
vt -0.062315 1.597868 0.000000
vt -0.031158 1.597868 0.000000
vt -0.373076 1.597868 0.000000
vt -0.373076 1.541054 0.000000
vt -0.373076 1.484241 0.000000
vt -0.373076 1.427427 0.000000
vt -0.373076 1.370614 0.000000
vt -0.373076 1.313801 0.000000
vt -0.373076 1.256987 0.000000
vt -0.351278 1.597868 0.000000
vt -0.351278 1.541054 0.000000
vt -0.351278 1.484241 0.000000
vt -0.351278 1.427427 0.000000
vt -0.351278 1.370614 0.000000
vt -0.351278 1.313801 0.000000
vt -0.351278 1.256987 0.000000
vt -0.264082 1.597868 0.000000
vt -0.264082 1.541054 0.000000
vt -0.264082 1.484241 0.000000
vt -0.264082 1.427427 0.000000
vt -0.264082 1.370614 0.000000
vt -0.264082 1.313801 0.000000
vt -0.264082 1.256987 0.000000
vt -0.241659 1.597868 0.000000
vt -0.241659 1.541054 0.000000
vt -0.241659 1.484241 0.000000
vt -0.241659 1.427427 0.000000
vt -0.241659 1.370614 0.000000
vt -0.241659 1.313801 0.000000
vt -0.241659 1.256987 0.000000
vt -0.219236 1.597868 0.000000
vt -0.219236 1.541054 0.000000
vt -0.219236 1.484241 0.000000
vt -0.219236 1.427427 0.000000
vt -0.219236 1.370614 0.000000
vt -0.219236 1.313801 0.000000
vt -0.219236 1.256987 0.000000
vt -0.180006 1.541054 0.000000
vt -0.140776 1.484241 0.000000
vt -0.101545 1.427427 0.000000
vt -0.062315 1.370614 0.000000
vt -0.180006 1.484241 0.000000
vt -0.180006 1.427427 0.000000
vt -0.180006 1.370614 0.000000
vt -0.180006 1.313801 0.000000
vt -0.180006 1.256987 0.000000
vt -0.140776 1.427427 0.000000
vt -0.101545 1.370614 0.000000
vt -0.062315 1.313801 0.000000
vt -0.140776 1.370614 0.000000
vt -0.140776 1.313801 0.000000
vt -0.140776 1.256987 0.000000
vt -0.101545 1.313801 0.000000
vt -0.062315 1.256987 0.000000
vt -0.101545 1.256987 0.000000
vt -0.264082 1.029734 0.000000
vt -0.241659 1.029734 0.000000
vt -0.241659 0.972920 0.000000
vt -0.219236 1.029734 0.000000
vt -0.219236 0.972920 0.000000
vt -0.219236 0.916107 0.000000
vt -0.180006 1.029734 0.000000
vt -0.180006 0.972920 0.000000
vt -0.180006 0.916107 0.000000
vt -0.140776 1.029734 0.000000
vt -0.140776 0.972920 0.000000
vt -0.140776 0.916107 0.000000
vt -0.101545 1.029734 0.000000
vt -0.101545 0.972920 0.000000
vt -0.101545 0.916107 0.000000
vt -0.062315 0.972920 0.000000
vt -0.062315 0.916107 0.000000
vt -0.000000 0.281598 0.000000
vt 0.039270 0.281598 0.000000
vt -0.000000 0.329131 0.000000
vt 0.039270 0.329131 0.000000
vt -0.000000 0.376663 0.000000
vt 0.039270 0.376663 0.000000
vt -0.000000 0.424196 0.000000
vt 0.039270 0.424196 0.000000
vt -0.000000 0.471728 0.000000
vt 0.039270 0.471728 0.000000
vt -0.000000 0.519261 0.000000
vt 0.039270 0.519261 0.000000
vt -0.000000 0.566793 0.000000
vt 0.039270 0.566793 0.000000
vt -0.000000 0.614325 0.000000
vt 0.039270 0.614325 0.000000
vt -0.000000 0.661858 0.000000
vt 0.039270 0.661858 0.000000
vt -0.000000 0.709390 0.000000
vt 0.039270 0.709390 0.000000
vt -0.000000 0.756923 0.000000
vt 0.039270 0.756923 0.000000
vt -0.000000 0.804455 0.000000
vt 0.039270 0.804455 0.000000
vt 0.078540 0.756923 0.000000
vt 0.078540 0.804455 0.000000
vt 0.117810 0.756923 0.000000
vt 0.117810 0.804455 0.000000
vt 0.157080 0.756923 0.000000
vt 0.157080 0.804455 0.000000
vt 0.196350 0.756923 0.000000
vt 0.196350 0.804455 0.000000
vt 0.235619 0.756923 0.000000
vt 0.235619 0.804455 0.000000
vt 0.274889 0.756923 0.000000
vt 0.274889 0.804455 0.000000
vt 0.314159 0.756923 0.000000
vt 0.314159 0.804455 0.000000
vt 0.353429 0.756923 0.000000
vt 0.353429 0.804455 0.000000
vt 0.392699 0.756923 0.000000
vt 0.392699 0.804455 0.000000
vt 0.431969 0.756923 0.000000
vt 0.431969 0.804455 0.000000
vt 0.471239 0.804455 0.000000
vt 0.471239 0.739098 0.000000
vt 0.431969 0.709390 0.000000
vt 0.471239 0.673741 0.000000
vt 0.431969 0.661858 0.000000
vt 0.471239 0.608384 0.000000
vt 0.431969 0.614325 0.000000
vt 0.431969 0.566793 0.000000
vt 0.392699 0.614325 0.000000
vt 0.392699 0.566793 0.000000
vt 0.353429 0.614325 0.000000
vt 0.353429 0.566793 0.000000
vt 0.314159 0.614325 0.000000
vt 0.314159 0.566793 0.000000
vt 0.274889 0.614325 0.000000
vt 0.274889 0.566793 0.000000
vt 0.235619 0.614325 0.000000
vt 0.235619 0.566793 0.000000
vt 0.196350 0.614325 0.000000
vt 0.196350 0.566793 0.000000
vt 0.157080 0.614325 0.000000
vt 0.157080 0.566793 0.000000
vt 0.117810 0.614325 0.000000
vt 0.117810 0.566793 0.000000
vt 0.078540 0.614325 0.000000
vt 0.078540 0.566793 0.000000
vt 0.078540 0.281598 0.000000
vt 0.078540 0.329131 0.000000
vt 0.078540 0.376663 0.000000
vt 0.078540 0.424196 0.000000
vt 0.078540 0.471728 0.000000
vt 0.078540 0.519261 0.000000
vt 0.117810 0.281598 0.000000
vt 0.117810 0.329131 0.000000
vt 0.117810 0.376663 0.000000
vt 0.117810 0.424196 0.000000
vt 0.117810 0.471728 0.000000
vt 0.117810 0.519261 0.000000
vt 0.157080 0.281598 0.000000
vt 0.157080 0.329131 0.000000
vt 0.157080 0.376663 0.000000
vt 0.157080 0.424196 0.000000
vt 0.157080 0.471728 0.000000
vt 0.157080 0.519261 0.000000
vt 0.196350 0.281598 0.000000
vt 0.196350 0.329131 0.000000
vt 0.196350 0.376663 0.000000
vt 0.196350 0.424196 0.000000
vt 0.196350 0.471728 0.000000
vt 0.196350 0.519261 0.000000
vt 0.235619 0.281598 0.000000
vt 0.235619 0.329131 0.000000
vt 0.235619 0.376663 0.000000
vt 0.235619 0.424196 0.000000
vt 0.235619 0.471728 0.000000
vt 0.235619 0.519261 0.000000
vt 0.274889 0.281598 0.000000
vt 0.274889 0.329131 0.000000
vt 0.274889 0.376663 0.000000
vt 0.274889 0.424196 0.000000
vt 0.274889 0.471728 0.000000
vt 0.274889 0.519261 0.000000
vt 0.314159 0.281598 0.000000
vt 0.314159 0.329131 0.000000
vt 0.314159 0.376663 0.000000
vt 0.314159 0.424196 0.000000
vt 0.314159 0.471728 0.000000
vt 0.314159 0.519261 0.000000
vt 0.353429 0.281598 0.000000
vt 0.353429 0.329131 0.000000
vt 0.353429 0.376663 0.000000
vt 0.353429 0.424196 0.000000
vt 0.353429 0.471728 0.000000
vt 0.353429 0.519261 0.000000
vt 0.392699 0.281598 0.000000
vt 0.392699 0.329131 0.000000
vt 0.392699 0.376663 0.000000
vt 0.392699 0.424196 0.000000
vt 0.392699 0.471728 0.000000
vt 0.392699 0.519261 0.000000
vt 0.431969 0.281598 0.000000
vt 0.431969 0.329131 0.000000
vt 0.431969 0.376663 0.000000
vt 0.431969 0.424196 0.000000
vt 0.431969 0.471728 0.000000
vt 0.431969 0.519261 0.000000
vt 0.471239 0.281598 0.000000
vt 0.471239 0.346956 0.000000
vt 0.471239 0.412313 0.000000
vt 0.471239 0.477670 0.000000
vt 0.471239 0.543027 0.000000
vt 0.392699 0.661858 0.000000
vt 0.392699 0.709390 0.000000
vt 0.353429 0.661858 0.000000
vt 0.353429 0.709390 0.000000
vt 0.314159 0.661858 0.000000
vt 0.314159 0.709390 0.000000
vt 0.274889 0.661858 0.000000
vt 0.274889 0.709390 0.000000
vt 0.235619 0.661858 0.000000
vt 0.235619 0.709390 0.000000
vt 0.196350 0.661858 0.000000
vt 0.196350 0.709390 0.000000
vt 0.157080 0.661858 0.000000
vt 0.157080 0.709390 0.000000
vt 0.117810 0.661858 0.000000
vt 0.117810 0.709390 0.000000
vt 0.078540 0.661858 0.000000
vt 0.078540 0.709390 0.000000
vt -0.731925 -0.235619 0.000000
vt -0.068075 -0.235619 0.000000
vt -0.731925 -0.196350 0.000000
vt -0.068075 -0.196350 0.000000
vt -0.731925 -0.157080 0.000000
vt -0.068075 -0.157080 0.000000
vt -0.731925 -0.117810 0.000000
vt -0.068075 -0.117810 0.000000
vt -0.731925 -0.078540 0.000000
vt -0.068075 -0.078540 0.000000
vt -0.731925 -0.039270 0.000000
vt -0.068075 -0.039270 0.000000
vt -0.731925 0.000000 0.000000
vt -0.068075 -0.000000 0.000000
vt -0.731925 0.039270 0.000000
vt -0.068075 0.039270 0.000000
vt -0.731925 0.078540 0.000000
vt -0.068075 0.078540 0.000000
vt -0.731925 0.117810 0.000000
vt -0.068075 0.117810 0.000000
vt -0.731925 0.157080 0.000000
vt -0.068075 0.157080 0.000000
vt -0.731925 0.196350 0.000000
vt -0.068075 0.196350 0.000000
vt -0.731925 0.235619 0.000000
vt -0.068075 0.235619 0.000000
vt 0.471239 1.261955 0.000000
vt 0.471239 1.327312 0.000000
vt 0.431969 1.279779 0.000000
vt 0.431969 1.327312 0.000000
vt 0.392699 1.327312 0.000000
vt 0.392699 1.279779 0.000000
vt 0.353429 1.327312 0.000000
vt 0.353429 1.279779 0.000000
vt 0.314159 1.327312 0.000000
vt 0.314159 1.279779 0.000000
vt 0.274889 1.327312 0.000000
vt 0.274889 1.279779 0.000000
vt 0.235619 1.327312 0.000000
vt 0.235619 1.279779 0.000000
vt 0.196350 1.327312 0.000000
vt 0.196350 1.279779 0.000000
vt 0.157080 1.327312 0.000000
vt 0.157080 1.279779 0.000000
vt 0.117810 1.327312 0.000000
vt 0.117810 1.279779 0.000000
vt 0.078540 1.327312 0.000000
vt 0.078540 1.279779 0.000000
vt 0.039270 1.327312 0.000000
vt 0.039270 1.279779 0.000000
vt -0.000000 1.327312 0.000000
vt -0.000000 1.279779 0.000000
vt 0.039270 1.232247 0.000000
vt -0.000000 1.232247 0.000000
vt 0.039270 1.184714 0.000000
vt -0.000000 1.184714 0.000000
vt 0.039270 1.137182 0.000000
vt -0.000000 1.137182 0.000000
vt 0.039270 1.089650 0.000000
vt -0.000000 1.089650 0.000000
vt 0.039270 1.042117 0.000000
vt -0.000000 1.042117 0.000000
vt 0.039270 0.994585 0.000000
vt -0.000000 0.994585 0.000000
vt 0.039270 0.947052 0.000000
vt -0.000000 0.947052 0.000000
vt 0.039270 0.899520 0.000000
vt -0.000000 0.899520 0.000000
vt 0.039270 0.851988 0.000000
vt -0.000000 0.851988 0.000000
vt 0.039270 0.804455 0.000000
vt -0.000000 0.804455 0.000000
vt 0.078540 0.804455 0.000000
vt 0.078540 0.851988 0.000000
vt 0.078540 0.899520 0.000000
vt 0.078540 0.947052 0.000000
vt 0.078540 0.994585 0.000000
vt 0.078540 1.042117 0.000000
vt 0.078540 1.089650 0.000000
vt 0.078540 1.137182 0.000000
vt 0.078540 1.184714 0.000000
vt 0.078540 1.232247 0.000000
vt 0.117810 0.804455 0.000000
vt 0.117810 0.851988 0.000000
vt 0.117810 0.899520 0.000000
vt 0.117810 0.947052 0.000000
vt 0.117810 0.994585 0.000000
vt 0.117810 1.042117 0.000000
vt 0.117810 1.089650 0.000000
vt 0.117810 1.137182 0.000000
vt 0.117810 1.184714 0.000000
vt 0.117810 1.232247 0.000000
vt 0.157080 0.804455 0.000000
vt 0.157080 0.851988 0.000000
vt 0.157080 0.899520 0.000000
vt 0.157080 0.947052 0.000000
vt 0.157080 0.994585 0.000000
vt 0.157080 1.042117 0.000000
vt 0.157080 1.089650 0.000000
vt 0.157080 1.137182 0.000000
vt 0.157080 1.184714 0.000000
vt 0.157080 1.232247 0.000000
vt 0.196350 0.804455 0.000000
vt 0.196350 0.851988 0.000000
vt 0.196350 0.899520 0.000000
vt 0.196350 0.947052 0.000000
vt 0.196350 0.994585 0.000000
vt 0.196350 1.042117 0.000000
vt 0.196350 1.089650 0.000000
vt 0.196350 1.137182 0.000000
vt 0.196350 1.184714 0.000000
vt 0.196350 1.232247 0.000000
vt 0.235619 0.804455 0.000000
vt 0.235619 0.851988 0.000000
vt 0.235619 0.899520 0.000000
vt 0.235619 0.947052 0.000000
vt 0.235619 0.994585 0.000000
vt 0.235619 1.042117 0.000000
vt 0.235619 1.089650 0.000000
vt 0.235619 1.137182 0.000000
vt 0.235619 1.184714 0.000000
vt 0.235619 1.232247 0.000000
vt 0.274889 0.804455 0.000000
vt 0.274889 0.851988 0.000000
vt 0.274889 0.899520 0.000000
vt 0.274889 0.947052 0.000000
vt 0.274889 0.994585 0.000000
vt 0.274889 1.042117 0.000000
vt 0.274889 1.089650 0.000000
vt 0.274889 1.137182 0.000000
vt 0.274889 1.184714 0.000000
vt 0.274889 1.232247 0.000000
vt 0.314159 0.804455 0.000000
vt 0.314159 0.851988 0.000000
vt 0.314159 0.899520 0.000000
vt 0.314159 0.947052 0.000000
vt 0.314159 0.994585 0.000000
vt 0.314159 1.042117 0.000000
vt 0.314159 1.089650 0.000000
vt 0.314159 1.137182 0.000000
vt 0.314159 1.184714 0.000000
vt 0.314159 1.232247 0.000000
vt 0.353429 0.804455 0.000000
vt 0.353429 0.851988 0.000000
vt 0.353429 0.899520 0.000000
vt 0.353429 0.947052 0.000000
vt 0.353429 0.994585 0.000000
vt 0.353429 1.042117 0.000000
vt 0.353429 1.089650 0.000000
vt 0.353429 1.137182 0.000000
vt 0.353429 1.184714 0.000000
vt 0.353429 1.232247 0.000000
vt 0.392699 0.804455 0.000000
vt 0.392699 0.851988 0.000000
vt 0.392699 0.899520 0.000000
vt 0.392699 0.947052 0.000000
vt 0.392699 0.994585 0.000000
vt 0.392699 1.042117 0.000000
vt 0.392699 1.089650 0.000000
vt 0.392699 1.137182 0.000000
vt 0.392699 1.184714 0.000000
vt 0.392699 1.232247 0.000000
vt 0.431969 0.804455 0.000000
vt 0.431969 0.851988 0.000000
vt 0.431969 0.899520 0.000000
vt 0.431969 0.947052 0.000000
vt 0.431969 0.994585 0.000000
vt 0.431969 1.042117 0.000000
vt 0.431969 1.089650 0.000000
vt 0.431969 1.137182 0.000000
vt 0.431969 1.184714 0.000000
vt 0.431969 1.232247 0.000000
vt 0.471239 0.804455 0.000000
vt 0.471239 0.869812 0.000000
vt 0.471239 0.935169 0.000000
vt 0.471239 1.000526 0.000000
vt 0.471239 1.065883 0.000000
vt 0.471239 1.131241 0.000000
vt 0.471239 1.196598 0.000000
vt -0.000000 0.107162 0.000000
vt -0.000000 0.142883 0.000000
vt -0.033240 0.105047 0.000000
vt -0.038967 0.142883 0.000000
vt -0.066480 0.105047 0.000000
vt -0.077932 0.142883 0.000000
vt -0.087396 0.105047 0.000000
vt -0.116903 0.142883 0.000000
vt -0.108312 0.105047 0.000000
vt -0.129228 0.105047 0.000000
vt -0.108312 0.067211 0.000000
vt -0.129228 0.067211 0.000000
vt -0.108312 0.033605 0.000000
vt -0.129228 0.033605 0.000000
vt -0.116903 0.000000 0.000000
vt -0.155873 0.000000 0.000000
vt -0.150143 0.033605 0.000000
vt -0.191975 0.033605 0.000000
vt -0.191975 0.067211 0.000000
vt -0.212891 0.067211 0.000000
vt -0.212891 0.105047 0.000000
vt -0.233806 0.105047 0.000000
vt -0.233806 0.142883 0.000000
vt -0.257769 0.105047 0.000000
vt -0.272776 0.142883 0.000000
vt -0.281733 0.105047 0.000000
vt -0.311739 0.142883 0.000000
vt -0.304968 0.105047 0.000000
vt -0.328203 0.105047 0.000000
vt -0.304968 0.067211 0.000000
vt -0.328203 0.067211 0.000000
vt -0.304968 0.033605 0.000000
vt -0.328203 0.033605 0.000000
vt -0.311739 0.000000 0.000000
vt -0.350710 0.000000 0.000000
vt -0.351438 0.033605 0.000000
vt -0.374673 0.033605 0.000000
vt -0.374673 0.067211 0.000000
vt -0.397908 0.067211 0.000000
vt -0.397908 0.105047 0.000000
vt -0.421143 0.105047 0.000000
vt -0.428646 0.142883 0.000000
vt -0.444378 0.105047 0.000000
vt -0.467613 0.142883 0.000000
vt -0.467613 0.107162 0.000000
vt -0.155874 0.142883 0.000000
vt -0.150143 0.105047 0.000000
vt -0.150143 0.067211 0.000000
vt -0.191975 0.105047 0.000000
vt -0.194837 0.142883 0.000000
vt -0.350710 0.142883 0.000000
vt -0.351438 0.105047 0.000000
vt -0.351438 0.067211 0.000000
vt -0.374673 0.105047 0.000000
vt -0.389681 0.142883 0.000000
vt -0.467613 0.071442 0.000000
vt -0.444378 0.067211 0.000000
vt -0.421143 0.067211 0.000000
vt -0.421143 0.033605 0.000000
vt -0.397908 0.033605 0.000000
vt -0.389681 0.000000 0.000000
vt -0.467613 0.035721 0.000000
vt -0.444378 0.033605 0.000000
vt -0.428646 0.000000 0.000000
vt -0.467613 0.000000 0.000000
vt -0.272775 0.000000 0.000000
vt -0.281733 0.033605 0.000000
vt -0.281733 0.067211 0.000000
vt -0.257769 0.033605 0.000000
vt -0.233806 0.000000 0.000000
vt -0.233806 0.033605 0.000000
vt -0.212891 0.033605 0.000000
vt -0.233806 0.067211 0.000000
vt -0.194837 0.000000 0.000000
vt -0.077932 0.000000 0.000000
vt -0.087396 0.033605 0.000000
vt -0.087396 0.067211 0.000000
vt -0.066480 0.033605 0.000000
vt -0.038967 0.000000 0.000000
vt -0.033240 0.033605 0.000000
vt -0.000000 0.000000 0.000000
vt -0.000000 0.035721 0.000000
vt -0.033240 0.067211 0.000000
vt -0.000000 0.071442 0.000000
vt -0.257769 0.067211 0.000000
vt -0.066480 0.067211 0.000000
vt -0.000000 0.884929 0.000000
vt -0.030522 0.884915 0.000000
vt -0.000000 0.829514 0.000000
vt -0.024908 0.806784 0.000000
vt -0.000000 0.774057 0.000000
vt -0.024908 0.728638 0.000000
vt -0.000000 0.718596 0.000000
vt -0.024908 0.650492 0.000000
vt -0.000000 0.663170 0.000000
vt -0.000000 0.607786 0.000000
vt -0.024908 0.572347 0.000000
vt -0.000000 0.552403 0.000000
vt -0.024908 0.515424 0.000000
vt -0.000000 0.497019 0.000000
vt -0.024908 0.458502 0.000000
vt -0.000000 0.441636 0.000000
vt -0.024908 0.401425 0.000000
vt -0.000000 0.386253 0.000000
vt -0.024908 0.344348 0.000000
vt -0.000000 0.330870 0.000000
vt -0.024908 0.287272 0.000000
vt -0.024908 0.230195 0.000000
vt -0.049815 0.287272 0.000000
vt -0.049815 0.230195 0.000000
vt -0.075550 0.287272 0.000000
vt -0.075550 0.230195 0.000000
vt -0.101285 0.287272 0.000000
vt -0.101285 0.230195 0.000000
vt -0.127020 0.287272 0.000000
vt -0.127020 0.230195 0.000000
vt -0.152755 0.287272 0.000000
vt -0.152755 0.230195 0.000000
vt -0.168622 0.287272 0.000000
vt -0.168622 0.230195 0.000000
vt -0.184489 0.287272 0.000000
vt -0.184489 0.230195 0.000000
vt -0.214744 0.287272 0.000000
vt -0.214744 0.230195 0.000000
vt -0.245000 0.287272 0.000000
vt -0.245000 0.230195 0.000000
vt -0.275255 0.287272 0.000000
vt -0.275255 0.230195 0.000000
vt -0.305511 0.276469 0.000000
vt -0.305511 0.221176 0.000000
vt -0.049815 0.806784 0.000000
vt -0.061067 0.884899 0.000000
vt -0.075550 0.806784 0.000000
vt -0.091616 0.884883 0.000000
vt -0.101285 0.806784 0.000000
vt -0.122161 0.884866 0.000000
vt -0.127020 0.806784 0.000000
vt -0.152707 0.884849 0.000000
vt -0.152755 0.806784 0.000000
vt -0.168622 0.806784 0.000000
vt -0.152755 0.728638 0.000000
vt -0.168622 0.728638 0.000000
vt -0.152755 0.650492 0.000000
vt -0.168622 0.650492 0.000000
vt -0.152755 0.572347 0.000000
vt -0.168622 0.572347 0.000000
vt -0.152755 0.515424 0.000000
vt -0.168622 0.515424 0.000000
vt -0.152755 0.458502 0.000000
vt -0.168622 0.458502 0.000000
vt -0.152755 0.401425 0.000000
vt -0.168622 0.401425 0.000000
vt -0.152755 0.344348 0.000000
vt -0.168622 0.344348 0.000000
vt -0.183252 0.884832 0.000000
vt -0.184489 0.806784 0.000000
vt -0.184489 0.728638 0.000000
vt -0.184489 0.650492 0.000000
vt -0.184489 0.572347 0.000000
vt -0.184489 0.515424 0.000000
vt -0.184489 0.458502 0.000000
vt -0.184489 0.401425 0.000000
vt -0.184489 0.344348 0.000000
vt -0.213796 0.884815 0.000000
vt -0.214744 0.806784 0.000000
vt -0.214744 0.728638 0.000000
vt -0.214744 0.650492 0.000000
vt -0.214744 0.572347 0.000000
vt -0.214744 0.515424 0.000000
vt -0.214744 0.458502 0.000000
vt -0.214744 0.401425 0.000000
vt -0.214744 0.344348 0.000000
vt -0.244344 0.884799 0.000000
vt -0.245000 0.806784 0.000000
vt -0.245000 0.728638 0.000000
vt -0.245000 0.650492 0.000000
vt -0.245000 0.572347 0.000000
vt -0.245000 0.515424 0.000000
vt -0.245000 0.458502 0.000000
vt -0.245000 0.401425 0.000000
vt -0.245000 0.344348 0.000000
vt -0.274888 0.884785 0.000000
vt -0.275255 0.806784 0.000000
vt -0.275255 0.728638 0.000000
vt -0.275255 0.650492 0.000000
vt -0.275255 0.572347 0.000000
vt -0.275255 0.515424 0.000000
vt -0.275255 0.458502 0.000000
vt -0.275255 0.401425 0.000000
vt -0.275255 0.344348 0.000000
vt -0.305434 0.884774 0.000000
vt -0.305428 0.829481 0.000000
vt -0.305451 0.774166 0.000000
vt -0.305486 0.718841 0.000000
vt -0.305510 0.663527 0.000000
vt -0.305511 0.608233 0.000000
vt -0.305511 0.552939 0.000000
vt -0.305511 0.497645 0.000000
vt -0.305511 0.442351 0.000000
vt -0.305511 0.387057 0.000000
vt -0.305511 0.331763 0.000000
vt -0.275255 0.188142 0.000000
vt -0.305511 0.193529 0.000000
vt -0.305511 0.165882 0.000000
vt -0.275255 0.146090 0.000000
vt -0.305511 0.138235 0.000000
vt -0.275255 0.104037 0.000000
vt -0.305511 0.110588 0.000000
vt -0.305511 0.082941 0.000000
vt -0.275255 0.061985 0.000000
vt -0.305511 0.055294 0.000000
vt -0.275255 0.030277 0.000000
vt -0.305511 0.027647 0.000000
vt -0.305511 0.000000 0.000000
vt -0.000000 0.220103 0.000000
vt -0.024908 0.146090 0.000000
vt -0.000000 0.109336 0.000000
vt -0.024908 0.104037 0.000000
vt -0.024908 0.061985 0.000000
vt -0.049815 0.104037 0.000000
vt -0.049815 0.061985 0.000000
vt -0.075550 0.104037 0.000000
vt -0.075550 0.061985 0.000000
vt -0.101285 0.104037 0.000000
vt -0.101285 0.061985 0.000000
vt -0.127020 0.104037 0.000000
vt -0.127020 0.061985 0.000000
vt -0.152755 0.104037 0.000000
vt -0.152755 0.061985 0.000000
vt -0.168622 0.104037 0.000000
vt -0.168622 0.061985 0.000000
vt -0.184489 0.104037 0.000000
vt -0.184489 0.061985 0.000000
vt -0.214744 0.104037 0.000000
vt -0.214744 0.061985 0.000000
vt -0.245000 0.104037 0.000000
vt -0.245000 0.061985 0.000000
vt -0.024908 0.188142 0.000000
vt -0.049815 0.188142 0.000000
vt -0.049815 0.146090 0.000000
vt -0.075550 0.188142 0.000000
vt -0.075550 0.146090 0.000000
vt -0.101285 0.188142 0.000000
vt -0.101285 0.146090 0.000000
vt -0.127020 0.188142 0.000000
vt -0.127020 0.146090 0.000000
vt -0.152755 0.188142 0.000000
vt -0.152755 0.146090 0.000000
vt -0.168622 0.188142 0.000000
vt -0.168622 0.146090 0.000000
vt -0.184489 0.188142 0.000000
vt -0.184489 0.146090 0.000000
vt -0.214744 0.188142 0.000000
vt -0.214744 0.146090 0.000000
vt -0.245000 0.188142 0.000000
vt -0.245000 0.146090 0.000000
vt -0.275255 -0.001430 0.000000
vt -0.245000 -0.001430 0.000000
vt -0.245000 0.030277 0.000000
vt -0.214744 -0.001430 0.000000
vt -0.214744 0.030277 0.000000
vt -0.184489 -0.001430 0.000000
vt -0.184489 0.030277 0.000000
vt -0.168622 -0.001430 0.000000
vt -0.168622 0.030277 0.000000
vt -0.152755 -0.001430 0.000000
vt -0.152755 0.030277 0.000000
vt -0.127020 -0.001430 0.000000
vt -0.127020 0.030277 0.000000
vt -0.101285 -0.001430 0.000000
vt -0.101285 0.030277 0.000000
vt -0.075550 -0.001430 0.000000
vt -0.075550 0.030277 0.000000
vt -0.049815 -0.001430 0.000000
vt -0.049815 0.030277 0.000000
vt -0.024908 -0.001430 0.000000
vt -0.024908 0.030277 0.000000
vt -0.127020 0.728638 0.000000
vt -0.127020 0.650492 0.000000
vt -0.127020 0.572347 0.000000
vt -0.127020 0.515424 0.000000
vt -0.127020 0.458502 0.000000
vt -0.127020 0.401425 0.000000
vt -0.127020 0.344348 0.000000
vt -0.101285 0.728638 0.000000
vt -0.101285 0.650492 0.000000
vt -0.101285 0.572347 0.000000
vt -0.101285 0.515424 0.000000
vt -0.101285 0.458502 0.000000
vt -0.101285 0.401425 0.000000
vt -0.101285 0.344348 0.000000
vt -0.075550 0.728638 0.000000
vt -0.075550 0.650492 0.000000
vt -0.075550 0.572347 0.000000
vt -0.075550 0.515424 0.000000
vt -0.075550 0.458502 0.000000
vt -0.075550 0.401425 0.000000
vt -0.075550 0.344348 0.000000
vt -0.049815 0.728638 0.000000
vt -0.049815 0.650492 0.000000
vt -0.049815 0.572347 0.000000
vt -0.049815 0.515424 0.000000
vt -0.049815 0.458502 0.000000
vt -0.049815 0.401425 0.000000
vt -0.049815 0.344348 0.000000
vt -0.000000 -0.001430 0.000000
vt -0.438473 -1.641566 0.000000
vt -0.438473 -1.711492 0.000000
vt -0.416674 -1.662760 0.000000
vt -0.401935 -1.711492 0.000000
vt -0.394875 -1.662760 0.000000
vt -0.373076 -1.662760 0.000000
vt -0.394875 -1.614029 0.000000
vt -0.373076 -1.614029 0.000000
vt -0.394875 -1.565298 0.000000
vt -0.373076 -1.565298 0.000000
vt -0.394875 -1.516566 0.000000
vt -0.373076 -1.516566 0.000000
vt -0.394875 -1.467835 0.000000
vt -0.373076 -1.467835 0.000000
vt -0.394875 -1.419103 0.000000
vt -0.373076 -1.419103 0.000000
vt -0.394875 -1.370372 0.000000
vt -0.373076 -1.370372 0.000000
vt -0.394875 -1.321641 0.000000
vt -0.373076 -1.321641 0.000000
vt -0.394875 -1.256745 0.000000
vt -0.373076 -1.256745 0.000000
vt -0.394875 -1.191850 0.000000
vt -0.373076 -1.191850 0.000000
vt -0.394875 -1.126955 0.000000
vt -0.373076 -1.126955 0.000000
vt -0.394875 -1.062060 0.000000
vt -0.373076 -1.062060 0.000000
vt -0.394875 -0.997164 0.000000
vt -0.373076 -0.997164 0.000000
vt -0.394875 -0.932269 0.000000
vt -0.373076 -0.932269 0.000000
vt -0.394875 -0.867374 0.000000
vt -0.373076 -0.867374 0.000000
vt -0.394626 -0.802479 0.000000
vt -0.350780 -0.802479 0.000000
vt -0.351278 -0.867374 0.000000
vt -0.329479 -0.867374 0.000000
vt -0.329479 -0.932269 0.000000
vt -0.307680 -0.932269 0.000000
vt -0.307680 -0.997164 0.000000
vt -0.285881 -0.997164 0.000000
vt -0.285881 -1.062060 0.000000
vt -0.264082 -1.062060 0.000000
vt -0.264082 -1.126955 0.000000
vt -0.241659 -1.126955 0.000000
vt -0.241659 -1.191850 0.000000
vt -0.219236 -1.191850 0.000000
vt -0.219236 -1.256745 0.000000
vt -0.180006 -1.256745 0.000000
vt -0.180006 -1.321641 0.000000
vt -0.140776 -1.321641 0.000000
vt -0.140776 -1.370372 0.000000
vt -0.101545 -1.370372 0.000000
vt -0.101545 -1.419103 0.000000
vt -0.062315 -1.419103 0.000000
vt -0.062315 -1.467835 0.000000
vt -0.031158 -1.467835 0.000000
vt -0.031158 -1.516566 0.000000
vt -0.000011 -1.463571 0.000000
vt -0.000005 -1.546207 0.000000
vt -0.031158 -1.565298 0.000000
vt -0.031158 -1.614029 0.000000
vt -0.062315 -1.565298 0.000000
vt -0.062315 -1.614029 0.000000
vt -0.101545 -1.565298 0.000000
vt -0.101545 -1.614029 0.000000
vt -0.140776 -1.565298 0.000000
vt -0.140776 -1.614029 0.000000
vt -0.180006 -1.565298 0.000000
vt -0.180006 -1.614029 0.000000
vt -0.219236 -1.565298 0.000000
vt -0.219236 -1.614029 0.000000
vt -0.241659 -1.565298 0.000000
vt -0.241659 -1.614029 0.000000
vt -0.264082 -1.565298 0.000000
vt -0.264082 -1.614029 0.000000
vt -0.285881 -1.565298 0.000000
vt -0.285881 -1.614029 0.000000
vt -0.307680 -1.565298 0.000000
vt -0.307680 -1.614029 0.000000
vt -0.329479 -1.565298 0.000000
vt -0.329479 -1.614029 0.000000
vt -0.351278 -1.565298 0.000000
vt -0.351278 -1.614029 0.000000
vt -0.365398 -1.711492 0.000000
vt -0.351278 -1.662760 0.000000
vt -0.328855 -1.711492 0.000000
vt -0.329479 -1.662760 0.000000
vt -0.307680 -1.662760 0.000000
vt -0.292313 -1.711492 0.000000
vt -0.285881 -1.662760 0.000000
vt -0.264082 -1.662760 0.000000
vt -0.255778 -1.711492 0.000000
vt -0.241659 -1.662760 0.000000
vt -0.219237 -1.711492 0.000000
vt -0.219236 -1.662760 0.000000
vt -0.182696 -1.711492 0.000000
vt -0.180006 -1.662760 0.000000
vt -0.146160 -1.711492 0.000000
vt -0.140776 -1.662760 0.000000
vt -0.109618 -1.711492 0.000000
vt -0.101545 -1.662760 0.000000
vt -0.073076 -1.711492 0.000000
vt -0.062315 -1.662760 0.000000
vt -0.036539 -1.711492 0.000000
vt -0.031158 -1.662760 0.000000
vt -0.000000 -1.711492 0.000000
vt -0.000001 -1.628851 0.000000
vt -0.031158 -1.419103 0.000000
vt -0.000014 -1.380941 0.000000
vt -0.031158 -1.370372 0.000000
vt -0.031158 -1.321641 0.000000
vt -0.062315 -1.321641 0.000000
vt -0.062315 -1.256745 0.000000
vt -0.101545 -1.256745 0.000000
vt -0.101545 -1.191850 0.000000
vt -0.140776 -1.191850 0.000000
vt -0.140776 -1.126955 0.000000
vt -0.180006 -1.126955 0.000000
vt -0.180006 -1.062060 0.000000
vt -0.219236 -1.062060 0.000000
vt -0.219236 -0.997164 0.000000
vt -0.241659 -0.997164 0.000000
vt -0.241659 -0.932269 0.000000
vt -0.264082 -0.932269 0.000000
vt -0.264082 -0.867374 0.000000
vt -0.285881 -0.867374 0.000000
vt -0.263084 -0.802479 0.000000
vt -0.306929 -0.802479 0.000000
vt -0.000012 -1.298309 0.000000
vt -0.031158 -1.256745 0.000000
vt -0.062315 -1.191850 0.000000
vt -0.101545 -1.126955 0.000000
vt -0.140776 -1.062060 0.000000
vt -0.180006 -0.997164 0.000000
vt -0.219236 -0.932269 0.000000
vt -0.241659 -0.867374 0.000000
vt -0.000005 -1.215670 0.000000
vt -0.031158 -1.191850 0.000000
vt -0.062315 -1.126955 0.000000
vt -0.101545 -1.062060 0.000000
vt -0.140776 -0.997164 0.000000
vt -0.180006 -0.932269 0.000000
vt -0.219236 -0.867374 0.000000
vt -0.219236 -0.802479 0.000000
vt -0.000000 -1.133029 0.000000
vt -0.031158 -1.126955 0.000000
vt -0.062315 -1.062060 0.000000
vt -0.101545 -0.997164 0.000000
vt -0.140776 -0.932269 0.000000
vt -0.180006 -0.867374 0.000000
vt -0.031158 -1.062060 0.000000
vt -0.000002 -1.050390 0.000000
vt -0.031158 -0.997164 0.000000
vt -0.000004 -0.967753 0.000000
vt -0.031158 -0.932269 0.000000
vt -0.000003 -0.885116 0.000000
vt -0.031158 -0.867374 0.000000
vt -0.000000 -0.802479 0.000000
vt -0.043847 -0.802479 0.000000
vt -0.062315 -0.867374 0.000000
vt -0.087693 -0.802479 0.000000
vt -0.101545 -0.867374 0.000000
vt -0.131543 -0.802479 0.000000
vt -0.140776 -0.867374 0.000000
vt -0.175389 -0.802479 0.000000
vt -0.307680 -0.867374 0.000000
vt -0.285881 -0.932269 0.000000
vt -0.264082 -0.997164 0.000000
vt -0.241659 -1.062060 0.000000
vt -0.219236 -1.126955 0.000000
vt -0.180006 -1.191850 0.000000
vt -0.140776 -1.256745 0.000000
vt -0.101545 -1.321641 0.000000
vt -0.062315 -1.370372 0.000000
vt -0.416674 -0.867374 0.000000
vt -0.438473 -0.802479 0.000000
vt -0.438473 -0.872403 0.000000
vt -0.416674 -0.932269 0.000000
vt -0.438473 -0.942327 0.000000
vt -0.416674 -0.997164 0.000000
vt -0.438473 -1.012250 0.000000
vt -0.416674 -1.062060 0.000000
vt -0.438473 -1.082174 0.000000
vt -0.416674 -1.126955 0.000000
vt -0.438473 -1.152099 0.000000
vt -0.416674 -1.191850 0.000000
vt -0.438473 -1.222027 0.000000
vt -0.416674 -1.256745 0.000000
vt -0.438473 -1.291953 0.000000
vt -0.416674 -1.321641 0.000000
vt -0.438473 -1.361873 0.000000
vt -0.416674 -1.370372 0.000000
vt -0.438473 -1.431791 0.000000
vt -0.416674 -1.419103 0.000000
vt -0.416674 -1.467835 0.000000
vt -0.438473 -1.501710 0.000000
vt -0.416674 -1.516566 0.000000
vt -0.438473 -1.571636 0.000000
vt -0.416674 -1.565298 0.000000
vt -0.416674 -1.614029 0.000000
vt -0.351278 -1.516566 0.000000
vt -0.351278 -1.467835 0.000000
vt -0.351278 -1.419103 0.000000
vt -0.351278 -1.370372 0.000000
vt -0.351278 -1.321641 0.000000
vt -0.351278 -1.256745 0.000000
vt -0.351278 -1.191850 0.000000
vt -0.351278 -1.126955 0.000000
vt -0.351278 -1.062060 0.000000
vt -0.351278 -0.997164 0.000000
vt -0.351278 -0.932269 0.000000
vt -0.329479 -1.516566 0.000000
vt -0.329479 -1.467835 0.000000
vt -0.329479 -1.419103 0.000000
vt -0.329479 -1.370372 0.000000
vt -0.329479 -1.321641 0.000000
vt -0.329479 -1.256745 0.000000
vt -0.329479 -1.191850 0.000000
vt -0.329479 -1.126955 0.000000
vt -0.329479 -1.062060 0.000000
vt -0.329479 -0.997164 0.000000
vt -0.307680 -1.516566 0.000000
vt -0.307680 -1.467835 0.000000
vt -0.307680 -1.419103 0.000000
vt -0.307680 -1.370372 0.000000
vt -0.307680 -1.321641 0.000000
vt -0.307680 -1.256745 0.000000
vt -0.307680 -1.191850 0.000000
vt -0.307680 -1.126955 0.000000
vt -0.307680 -1.062060 0.000000
vt -0.285881 -1.516566 0.000000
vt -0.285881 -1.467835 0.000000
vt -0.285881 -1.419103 0.000000
vt -0.285881 -1.370372 0.000000
vt -0.285881 -1.321641 0.000000
vt -0.285881 -1.256745 0.000000
vt -0.285881 -1.191850 0.000000
vt -0.285881 -1.126955 0.000000
vt -0.264082 -1.516566 0.000000
vt -0.264082 -1.467835 0.000000
vt -0.264082 -1.419103 0.000000
vt -0.264082 -1.370372 0.000000
vt -0.264082 -1.321641 0.000000
vt -0.264082 -1.256745 0.000000
vt -0.264082 -1.191850 0.000000
vt -0.241659 -1.516566 0.000000
vt -0.241659 -1.467835 0.000000
vt -0.241659 -1.419103 0.000000
vt -0.241659 -1.370372 0.000000
vt -0.241659 -1.321641 0.000000
vt -0.241659 -1.256745 0.000000
vt -0.219236 -1.516566 0.000000
vt -0.219236 -1.467835 0.000000
vt -0.219236 -1.419103 0.000000
vt -0.219236 -1.370372 0.000000
vt -0.219236 -1.321641 0.000000
vt -0.180006 -1.516566 0.000000
vt -0.180006 -1.467835 0.000000
vt -0.180006 -1.419103 0.000000
vt -0.180006 -1.370372 0.000000
vt -0.140776 -1.516566 0.000000
vt -0.140776 -1.467835 0.000000
vt -0.140776 -1.419103 0.000000
vt -0.101545 -1.516566 0.000000
vt -0.101545 -1.467835 0.000000
vt -0.062315 -1.516566 0.000000
vt -0.062315 -0.997164 0.000000
vt -0.062315 -0.932269 0.000000
vt -0.101545 -0.932269 0.000000
vt -0.000000 0.107159 0.000000
vt -0.000000 0.142879 0.000000
vt -0.033240 0.107159 0.000000
vt -0.038967 0.142879 0.000000
vt -0.066480 0.107159 0.000000
vt -0.077932 0.142879 0.000000
vt -0.087396 0.107159 0.000000
vt -0.116903 0.142879 0.000000
vt -0.108312 0.107159 0.000000
vt -0.129228 0.107159 0.000000
vt -0.108312 0.070945 0.000000
vt -0.129228 0.070945 0.000000
vt -0.108312 0.035720 0.000000
vt -0.129228 0.035720 0.000000
vt -0.116903 0.000000 0.000000
vt -0.155874 0.000000 0.000000
vt -0.150143 0.035720 0.000000
vt -0.191975 0.035720 0.000000
vt -0.191975 0.070945 0.000000
vt -0.212891 0.070945 0.000000
vt -0.212891 0.107159 0.000000
vt -0.233806 0.107159 0.000000
vt -0.233806 0.142879 0.000000
vt -0.257769 0.107159 0.000000
vt -0.272775 0.142879 0.000000
vt -0.281733 0.107159 0.000000
vt -0.311739 0.142879 0.000000
vt -0.304968 0.107159 0.000000
vt -0.328203 0.107159 0.000000
vt -0.304968 0.070945 0.000000
vt -0.328203 0.070945 0.000000
vt -0.304968 0.035720 0.000000
vt -0.328203 0.035720 0.000000
vt -0.311739 0.000000 0.000000
vt -0.350710 0.000000 0.000000
vt -0.351438 0.035720 0.000000
vt -0.374673 0.035720 0.000000
vt -0.374673 0.070945 0.000000
vt -0.397908 0.070945 0.000000
vt -0.397908 0.107159 0.000000
vt -0.421143 0.107159 0.000000
vt -0.428646 0.142879 0.000000
vt -0.444378 0.107159 0.000000
vt -0.467613 0.142879 0.000000
vt -0.467613 0.107159 0.000000
vt -0.155873 0.142879 0.000000
vt -0.150143 0.107159 0.000000
vt -0.150143 0.070945 0.000000
vt -0.191975 0.107159 0.000000
vt -0.194837 0.142879 0.000000
vt -0.350710 0.142879 0.000000
vt -0.351438 0.107159 0.000000
vt -0.351438 0.070945 0.000000
vt -0.374673 0.107159 0.000000
vt -0.389681 0.142879 0.000000
vt -0.467613 0.071439 0.000000
vt -0.444378 0.070945 0.000000
vt -0.421143 0.070945 0.000000
vt -0.421143 0.035720 0.000000
vt -0.397908 0.035720 0.000000
vt -0.428646 0.000000 0.000000
vt -0.389681 0.000000 0.000000
vt -0.467613 0.035720 0.000000
vt -0.444378 0.035720 0.000000
vt -0.467613 0.000000 0.000000
vt -0.281733 0.035720 0.000000
vt -0.272776 0.000000 0.000000
vt -0.257769 0.035720 0.000000
vt -0.233806 0.000000 0.000000
vt -0.233806 0.035720 0.000000
vt -0.212891 0.035720 0.000000
vt -0.233806 0.070945 0.000000
vt -0.194837 0.000000 0.000000
vt -0.087396 0.035720 0.000000
vt -0.077932 0.000000 0.000000
vt -0.066480 0.035720 0.000000
vt -0.038967 0.000000 0.000000
vt -0.033240 0.035720 0.000000
vt -0.000000 0.000000 0.000000
vt -0.000000 0.035720 0.000000
vt -0.033240 0.070945 0.000000
vt -0.000000 0.071439 0.000000
vt -0.281733 0.070945 0.000000
vt -0.257769 0.070945 0.000000
vt -0.087396 0.070945 0.000000
vt -0.066480 0.070945 0.000000
vt 1.800000 2.400000 0.000000
vt 1.799594 2.398538 0.000000
vt 1.800000 0.300000 0.000000
vt 1.767824 2.285554 0.000000
vt 1.733789 2.173224 0.000000
vt 1.695440 2.062105 0.000000
vt 1.674153 2.007309 0.000000
vt 1.651283 1.953188 0.000000
vt 1.626722 1.899858 0.000000
vt 1.600356 1.847417 0.000000
vt 1.572058 1.795852 0.000000
vt 1.541791 1.745295 0.000000
vt 1.509557 1.695929 0.000000
vt 1.475386 1.647894 0.000000
vt 1.439314 1.601310 0.000000
vt 1.401372 1.556295 0.000000
vt 1.345944 1.497065 0.000000
vt 1.286866 1.441254 0.000000
vt 1.224360 1.389072 0.000000
vt 1.158663 1.340718 0.000000
vt 1.090026 1.296375 0.000000
vt 1.018706 1.256210 0.000000
vt 0.944974 1.220376 0.000000
vt 0.468075 0.300000 0.000000
vt 0.869110 1.189008 0.000000
vt 0.791401 1.162225 0.000000
vt 0.712140 1.140128 0.000000
vt 0.631629 1.122801 0.000000
vt 0.550171 1.110310 0.000000
vt 0.468075 1.102702 0.000000
vt -1.102702 0.397502 0.000000
vt -1.101475 0.351932 0.000000
vt -0.300000 0.397502 0.000000
vt -0.300000 0.340716 0.000000
vt -1.100633 0.306325 0.000000
vt -0.300000 0.283930 0.000000
vt -1.100152 0.260698 0.000000
vt -0.300000 0.227144 0.000000
vt -1.100000 0.215062 0.000000
vt -0.300000 0.170358 0.000000
vt -1.100000 0.159375 0.000000
vt -0.300000 0.113572 0.000000
vt -1.100000 0.103687 0.000000
vt -0.300000 0.056786 0.000000
vt -1.100000 0.047999 0.000000
vt -0.300000 -0.000000 0.000000
vt -1.100000 -0.007688 0.000000
vt -0.300000 -0.056786 0.000000
vt -1.100000 -0.063376 0.000000
vt -0.300000 -0.113572 0.000000
vt -1.100000 -0.119064 0.000000
vt -0.300000 -0.170358 0.000000
vt -1.100000 -0.174752 0.000000
vt -0.300000 -0.227144 0.000000
vt -1.100000 -0.230439 0.000000
vt -0.300000 -0.283930 0.000000
vt -1.100000 -0.286127 0.000000
vt -0.300000 -0.340716 0.000000
vt -1.100000 -0.341815 0.000000
vt -0.300000 -0.397502 0.000000
vt -1.100000 -0.397502 0.000000
vt 1.131925 1.100000 0.000000
vt 0.468075 1.100000 0.000000
vt 1.131925 0.300000 0.000000
vt 0.468075 0.300000 0.000000
vt -1.100000 0.397502 0.000000
vt -1.100000 0.341815 0.000000
vt -0.300000 0.397502 0.000000
vt -0.300000 0.340716 0.000000
vt -1.100000 0.286127 0.000000
vt -0.300000 0.283930 0.000000
vt -1.100000 0.230439 0.000000
vt -0.300000 0.227144 0.000000
vt -1.100000 0.174752 0.000000
vt -0.300000 0.170358 0.000000
vt -1.100000 0.119064 0.000000
vt -0.300000 0.113572 0.000000
vt -1.100000 0.063376 0.000000
vt -0.300000 0.056786 0.000000
vt -1.100000 0.007688 0.000000
vt -0.300000 -0.000000 0.000000
vt -1.100000 -0.047999 0.000000
vt -0.300000 -0.056786 0.000000
vt -1.100000 -0.103687 0.000000
vt -0.300000 -0.113572 0.000000
vt -1.100000 -0.159375 0.000000
vt -0.300000 -0.170358 0.000000
vt -1.100000 -0.215062 0.000000
vt -0.300000 -0.227144 0.000000
vt -1.100152 -0.260698 0.000000
vt -0.300000 -0.283930 0.000000
vt -1.100633 -0.306325 0.000000
vt -0.300000 -0.340716 0.000000
vt -1.101475 -0.351932 0.000000
vt -0.300000 -0.397502 0.000000
vt -1.102702 -0.397502 0.000000
vt 1.331925 1.102702 0.000000
vt 1.249829 1.110310 0.000000
vt 1.331925 0.300000 0.000000
vt 1.168371 1.122801 0.000000
vt 1.087860 1.140128 0.000000
vt 1.008599 1.162225 0.000000
vt 0.930890 1.189008 0.000000
vt 0.855026 1.220376 0.000000
vt -0.000000 0.300000 0.000000
vt 0.781294 1.256210 0.000000
vt 0.709974 1.296375 0.000000
vt 0.641337 1.340718 0.000000
vt 0.575640 1.389072 0.000000
vt 0.513134 1.441254 0.000000
vt 0.454056 1.497065 0.000000
vt 0.398628 1.556295 0.000000
vt 0.360626 1.601384 0.000000
vt 0.324500 1.648047 0.000000
vt 0.290282 1.696165 0.000000
vt 0.258007 1.745618 0.000000
vt 0.227705 1.796265 0.000000
vt 0.199379 1.847922 0.000000
vt 0.172990 1.900457 0.000000
vt 0.148411 1.953884 0.000000
vt 0.125526 2.008101 0.000000
vt 0.104229 2.062995 0.000000
vt 0.065864 2.174309 0.000000
vt 0.031808 2.286830 0.000000
vt -0.000000 2.400000 0.000000
vt -3.141593 0.098315 0.000000
vt -3.140468 0.099938 0.000000
vt -3.141593 0.146498 0.000000
vt -3.118720 0.131192 0.000000
vt -3.096975 0.162162 0.000000
vt -3.141593 0.194680 0.000000
vt -3.075227 0.192696 0.000000
vt -3.070965 0.216094 0.000000
vt -3.053467 0.222612 0.000000
vt -3.070965 0.235724 0.000000
vt -3.031688 0.251712 0.000000
vt -3.070965 0.255353 0.000000
vt -3.070965 0.274983 0.000000
vt -3.141593 0.242862 0.000000
vt -3.141593 0.291044 0.000000
vt -3.070965 0.294613 0.000000
vt -3.070965 0.314243 0.000000
vt -3.000338 0.294613 0.000000
vt -3.000338 0.314243 0.000000
vt -2.988081 0.306656 0.000000
vt -2.966253 0.332224 0.000000
vt -3.009888 0.279791 0.000000
vt -2.922504 0.379478 0.000000
vt -2.929710 0.373132 0.000000
vt -3.000338 0.353502 0.000000
vt -3.000338 0.333872 0.000000
vt -3.070965 0.353502 0.000000
vt -3.070965 0.333872 0.000000
vt -3.141593 0.339226 0.000000
vt -2.929710 0.392762 0.000000
vt -2.878649 0.421376 0.000000
vt -2.929710 0.412391 0.000000
vt -2.929710 0.432021 0.000000
vt -3.000338 0.432021 0.000000
vt -3.000338 0.451651 0.000000
vt -3.070965 0.451651 0.000000
vt -3.070965 0.471281 0.000000
vt -3.141593 0.435590 0.000000
vt -3.141593 0.483772 0.000000
vt -3.070965 0.490910 0.000000
vt -3.070965 0.510540 0.000000
vt -3.000338 0.490910 0.000000
vt -3.000338 0.510540 0.000000
vt -2.929710 0.490910 0.000000
vt -2.929710 0.510540 0.000000
vt -2.859083 0.490910 0.000000
vt -2.859083 0.510540 0.000000
vt -2.788456 0.510540 0.000000
vt -2.859083 0.530170 0.000000
vt -2.788456 0.530170 0.000000
vt -2.859083 0.549800 0.000000
vt -2.788456 0.549800 0.000000
vt -2.859083 0.569429 0.000000
vt -2.788456 0.569429 0.000000
vt -2.859083 0.589059 0.000000
vt -2.788456 0.589059 0.000000
vt -2.859083 0.608689 0.000000
vt -2.788456 0.608689 0.000000
vt -2.859083 0.628319 0.000000
vt -2.788456 0.628319 0.000000
vt -2.717828 0.608689 0.000000
vt -2.717828 0.628319 0.000000
vt -2.647201 0.608689 0.000000
vt -2.647201 0.628319 0.000000
vt -2.576573 0.608689 0.000000
vt -2.576573 0.628319 0.000000
vt -2.524600 0.607119 0.000000
vt -2.505946 0.628319 0.000000
vt -2.479956 0.618464 0.000000
vt -2.435318 0.628319 0.000000
vt -2.859083 0.451651 0.000000
vt -2.834689 0.457949 0.000000
vt -2.859083 0.471281 0.000000
vt -2.790688 0.489734 0.000000
vt -2.746668 0.517239 0.000000
vt -2.702559 0.540889 0.000000
vt -2.717828 0.549800 0.000000
vt -2.658260 0.561263 0.000000
vt -2.717828 0.569429 0.000000
vt -2.647201 0.569429 0.000000
vt -2.613809 0.578836 0.000000
vt -2.647201 0.589059 0.000000
vt -2.569234 0.594010 0.000000
vt -2.929710 0.628319 0.000000
vt -2.929710 0.608689 0.000000
vt -2.929710 0.589059 0.000000
vt -2.929710 0.569429 0.000000
vt -2.929710 0.549800 0.000000
vt -2.929710 0.530170 0.000000
vt -3.000338 0.628319 0.000000
vt -3.000338 0.608689 0.000000
vt -3.000338 0.589059 0.000000
vt -3.000338 0.569429 0.000000
vt -3.000338 0.549800 0.000000
vt -3.000338 0.530170 0.000000
vt -3.070965 0.628319 0.000000
vt -3.070965 0.608689 0.000000
vt -3.070965 0.589059 0.000000
vt -3.070965 0.569429 0.000000
vt -3.070965 0.549800 0.000000
vt -3.070965 0.530170 0.000000
vt -3.141593 0.628319 0.000000
vt -3.141593 0.580136 0.000000
vt -3.141593 0.531954 0.000000
vt -3.070965 0.432021 0.000000
vt -3.141593 0.387408 0.000000
vt -3.070965 0.412391 0.000000
vt -3.070965 0.392762 0.000000
vt -3.000338 0.392762 0.000000
vt -3.000338 0.373132 0.000000
vt -3.070965 0.373132 0.000000
vt -3.000338 0.412391 0.000000
vt -2.929710 0.471281 0.000000
vt -2.929710 0.451651 0.000000
vt -3.000338 0.471281 0.000000
vt -2.717828 0.589059 0.000000
vt -0.550000 -0.078540 0.000000
vt -0.450000 -0.078540 0.000000
vt -0.550000 -0.056100 0.000000
vt -0.450000 -0.056100 0.000000
vt -0.550000 -0.033660 0.000000
vt -0.450000 -0.033660 0.000000
vt -0.550000 -0.011220 0.000000
vt -0.450000 -0.011220 0.000000
vt -0.550000 0.011220 0.000000
vt -0.450000 0.011220 0.000000
vt -0.550000 0.033660 0.000000
vt -0.450000 0.033660 0.000000
vt -0.550000 0.056100 0.000000
vt -0.450000 0.056100 0.000000
vt -0.550000 0.078540 0.000000
vt -0.450000 0.078540 0.000000
vt 0.314159 -2.527242 0.000000
vt 0.314159 -2.603112 0.000000
vt 0.336599 -2.532661 0.000000
vt 0.336599 -2.603112 0.000000
vt 0.359039 -2.603112 0.000000
vt 0.359039 -2.532661 0.000000
vt 0.381479 -2.603112 0.000000
vt 0.381479 -2.532661 0.000000
vt 0.403919 -2.603112 0.000000
vt 0.403919 -2.532661 0.000000
vt 0.426359 -2.603112 0.000000
vt 0.426359 -2.532661 0.000000
vt 0.448799 -2.603112 0.000000
vt 0.448799 -2.532661 0.000000
vt 0.471239 -2.603112 0.000000
vt 0.471239 -2.532661 0.000000
vt 0.448799 -2.462211 0.000000
vt 0.471239 -2.462211 0.000000
vt 0.448799 -2.391760 0.000000
vt 0.471239 -2.391760 0.000000
vt 0.448799 -2.321309 0.000000
vt 0.471239 -2.321309 0.000000
vt 0.448799 -2.250859 0.000000
vt 0.471239 -2.250859 0.000000
vt 0.448799 -2.180408 0.000000
vt 0.471239 -2.180408 0.000000
vt 0.448799 -2.109958 0.000000
vt 0.471239 -2.109958 0.000000
vt 0.448799 -2.039507 0.000000
vt 0.471239 -2.039507 0.000000
vt 0.448799 -1.969057 0.000000
vt 0.471239 -1.969057 0.000000
vt 0.448799 -1.898606 0.000000
vt 0.471239 -1.898606 0.000000
vt 0.448799 -1.828156 0.000000
vt 0.471239 -1.828156 0.000000
vt 0.448799 -1.757705 0.000000
vt 0.471239 -1.757705 0.000000
vt 0.448799 -1.687254 0.000000
vt 0.471239 -1.687254 0.000000
vt 0.448799 -1.616804 0.000000
vt 0.471239 -1.616804 0.000000
vt 0.426359 -1.616804 0.000000
vt 0.426359 -1.687254 0.000000
vt 0.426359 -1.757705 0.000000
vt 0.426359 -1.828156 0.000000
vt 0.426359 -1.898606 0.000000
vt 0.426359 -1.969057 0.000000
vt 0.426359 -2.039507 0.000000
vt 0.426359 -2.109958 0.000000
vt 0.426359 -2.180408 0.000000
vt 0.426359 -2.250859 0.000000
vt 0.426359 -2.321309 0.000000
vt 0.426359 -2.391760 0.000000
vt 0.426359 -2.462211 0.000000
vt 0.403919 -1.616804 0.000000
vt 0.403919 -1.687254 0.000000
vt 0.403919 -1.757705 0.000000
vt 0.403919 -1.828156 0.000000
vt 0.403919 -1.898606 0.000000
vt 0.403919 -1.969057 0.000000
vt 0.403919 -2.039507 0.000000
vt 0.403919 -2.109958 0.000000
vt 0.403919 -2.180408 0.000000
vt 0.403919 -2.250859 0.000000
vt 0.403919 -2.321309 0.000000
vt 0.403919 -2.391760 0.000000
vt 0.403919 -2.462211 0.000000
vt 0.381479 -1.616804 0.000000
vt 0.381479 -1.687254 0.000000
vt 0.381479 -1.757705 0.000000
vt 0.381479 -1.828156 0.000000
vt 0.381479 -1.898606 0.000000
vt 0.381479 -1.969057 0.000000
vt 0.381479 -2.039507 0.000000
vt 0.381479 -2.109958 0.000000
vt 0.381479 -2.180408 0.000000
vt 0.381479 -2.250859 0.000000
vt 0.381479 -2.321309 0.000000
vt 0.381479 -2.391760 0.000000
vt 0.381479 -2.462211 0.000000
vt 0.359039 -1.616804 0.000000
vt 0.359039 -1.687254 0.000000
vt 0.359039 -1.757705 0.000000
vt 0.359039 -1.828156 0.000000
vt 0.359039 -1.898606 0.000000
vt 0.359039 -1.969057 0.000000
vt 0.359039 -2.039507 0.000000
vt 0.359039 -2.109958 0.000000
vt 0.359039 -2.180408 0.000000
vt 0.359039 -2.250859 0.000000
vt 0.359039 -2.321309 0.000000
vt 0.359039 -2.391760 0.000000
vt 0.359039 -2.462211 0.000000
vt 0.336599 -1.616804 0.000000
vt 0.336599 -1.687254 0.000000
vt 0.336599 -1.757705 0.000000
vt 0.336599 -1.828156 0.000000
vt 0.336599 -1.898606 0.000000
vt 0.336599 -1.969057 0.000000
vt 0.336599 -2.039507 0.000000
vt 0.336599 -2.109958 0.000000
vt 0.336599 -2.180408 0.000000
vt 0.336599 -2.250859 0.000000
vt 0.336599 -2.321309 0.000000
vt 0.336599 -2.391760 0.000000
vt 0.336599 -2.462211 0.000000
vt 0.314159 -1.616804 0.000000
vt 0.314159 -1.692674 0.000000
vt 0.314159 -1.768544 0.000000
vt 0.314159 -1.844413 0.000000
vt 0.314159 -1.920283 0.000000
vt 0.314159 -1.996153 0.000000
vt 0.314159 -2.072023 0.000000
vt 0.314159 -2.147893 0.000000
vt 0.314159 -2.223763 0.000000
vt 0.314159 -2.299632 0.000000
vt 0.314159 -2.375502 0.000000
vt 0.314159 -2.451372 0.000000
vt -0.010886 0.000000 0.000000
vt -0.000000 0.000000 0.000000
vt -0.007326 0.045053 0.000000
vt -0.000000 0.040241 0.000000
vt -0.000000 0.080483 0.000000
vt -0.007326 0.090106 0.000000
vt -0.000000 0.120724 0.000000
vt -0.007326 0.135159 0.000000
vt -0.000000 0.160965 0.000000
vt -0.007326 0.180212 0.000000
vt -0.000000 0.201206 0.000000
vt -0.007326 0.225265 0.000000
vt -0.000000 0.241448 0.000000
vt -0.007326 0.270318 0.000000
vt -0.000000 0.281689 0.000000
vt -0.007326 0.315371 0.000000
vt -0.000000 0.321930 0.000000
vt -0.007326 0.360424 0.000000
vt -0.000000 0.362171 0.000000
vt -0.000000 0.402413 0.000000
vt -0.007326 0.431283 0.000000
vt -0.000000 0.442654 0.000000
vt -0.000000 0.482895 0.000000
vt -0.007326 0.502142 0.000000
vt -0.000000 0.563378 0.000000
vt -0.007326 0.573001 0.000000
vt -0.000000 0.643860 0.000000
vt -0.007326 0.643860 0.000000
vt -0.007326 0.645174 0.000000
vt -0.076208 0.483881 0.000000
vt -0.066617 0.502142 0.000000
vt -0.076208 0.564527 0.000000
vt -0.066617 0.573001 0.000000
vt -0.066617 0.643860 0.000000
vt -0.057025 0.573001 0.000000
vt -0.057025 0.643860 0.000000
vt -0.050805 0.573001 0.000000
vt -0.050805 0.643860 0.000000
vt -0.041767 0.573001 0.000000
vt -0.041767 0.643860 0.000000
vt -0.032729 0.573001 0.000000
vt -0.032729 0.643860 0.000000
vt -0.023691 0.573001 0.000000
vt -0.023691 0.643860 0.000000
vt -0.014653 0.573001 0.000000
vt -0.014653 0.643860 0.000000
vt -0.066617 0.431283 0.000000
vt -0.076208 0.403234 0.000000
vt -0.066617 0.360424 0.000000
vt -0.076208 0.322587 0.000000
vt -0.066617 0.315371 0.000000
vt -0.076208 0.241940 0.000000
vt -0.066617 0.270318 0.000000
vt -0.066617 0.225265 0.000000
vt -0.057025 0.225265 0.000000
vt -0.057025 0.180212 0.000000
vt -0.050805 0.180212 0.000000
vt -0.050805 0.135159 0.000000
vt -0.041767 0.135159 0.000000
vt -0.041767 0.090106 0.000000
vt -0.032729 0.090106 0.000000
vt -0.032729 0.045053 0.000000
vt -0.023691 0.045053 0.000000
vt -0.021772 0.000000 0.000000
vt -0.014653 0.045053 0.000000
vt -0.076208 0.161294 0.000000
vt -0.066617 0.180212 0.000000
vt -0.057025 0.135159 0.000000
vt -0.050805 0.090106 0.000000
vt -0.041767 0.045053 0.000000
vt -0.032662 0.000000 0.000000
vt -0.066617 0.135159 0.000000
vt -0.076208 0.080647 0.000000
vt -0.066617 0.090106 0.000000
vt -0.066617 0.045053 0.000000
vt -0.057025 0.045053 0.000000
vt -0.054436 0.000000 0.000000
vt -0.043546 0.000000 0.000000
vt -0.076208 0.040323 0.000000
vt -0.065322 0.000000 0.000000
vt -0.076208 0.000000 0.000000
vt -0.050805 0.045053 0.000000
vt -0.057025 0.090106 0.000000
vt -0.014653 0.645174 0.000000
vt -0.023691 0.645174 0.000000
vt -0.032729 0.645174 0.000000
vt -0.041767 0.645174 0.000000
vt -0.050805 0.645174 0.000000
vt -0.057025 0.645174 0.000000
vt -0.066617 0.645174 0.000000
vt -0.076208 0.645174 0.000000
vt -0.014653 0.090106 0.000000
vt -0.014653 0.135159 0.000000
vt -0.014653 0.180212 0.000000
vt -0.014653 0.225265 0.000000
vt -0.014653 0.270318 0.000000
vt -0.014653 0.315371 0.000000
vt -0.014653 0.360424 0.000000
vt -0.014653 0.431283 0.000000
vt -0.014653 0.502142 0.000000
vt -0.023691 0.090106 0.000000
vt -0.023691 0.135159 0.000000
vt -0.023691 0.180212 0.000000
vt -0.023691 0.225265 0.000000
vt -0.023691 0.270318 0.000000
vt -0.023691 0.315371 0.000000
vt -0.023691 0.360424 0.000000
vt -0.023691 0.431283 0.000000
vt -0.023691 0.502142 0.000000
vt -0.032729 0.135159 0.000000
vt -0.041767 0.180212 0.000000
vt -0.050805 0.225265 0.000000
vt -0.057025 0.270318 0.000000
vt -0.032729 0.180212 0.000000
vt -0.032729 0.225265 0.000000
vt -0.032729 0.270318 0.000000
vt -0.032729 0.315371 0.000000
vt -0.032729 0.360424 0.000000
vt -0.032729 0.431283 0.000000
vt -0.032729 0.502142 0.000000
vt -0.041767 0.225265 0.000000
vt -0.050805 0.270318 0.000000
vt -0.057025 0.315371 0.000000
vt -0.041767 0.270318 0.000000
vt -0.041767 0.315371 0.000000
vt -0.041767 0.360424 0.000000
vt -0.041767 0.431283 0.000000
vt -0.041767 0.502142 0.000000
vt -0.050805 0.315371 0.000000
vt -0.057025 0.360424 0.000000
vt -0.050805 0.360424 0.000000
vt -0.050805 0.431283 0.000000
vt -0.050805 0.502142 0.000000
vt -0.057025 0.431283 0.000000
vt -0.057025 0.502142 0.000000
vt 0.323250 -0.078540 0.000000
vt 0.423250 -0.078540 0.000000
vt 0.323250 -0.056100 0.000000
vt 0.423250 -0.056100 0.000000
vt 0.323250 -0.033660 0.000000
vt 0.423250 -0.033660 0.000000
vt 0.323250 -0.011220 0.000000
vt 0.423250 -0.011220 0.000000
vt 0.323250 0.011220 0.000000
vt 0.423250 0.011220 0.000000
vt 0.323250 0.033660 0.000000
vt 0.423250 0.033660 0.000000
vt 0.323250 0.056100 0.000000
vt 0.423250 0.056100 0.000000
vt 0.323250 0.078540 0.000000
vt 0.423250 0.078540 0.000000
vt -0.550000 -0.078540 0.000000
vt 0.450000 -0.078540 0.000000
vt -0.050000 -0.056100 0.000000
vt 0.450000 -0.056100 0.000000
vt -0.050000 -0.033660 0.000000
vt 0.450000 -0.033660 0.000000
vt -0.050000 -0.011220 0.000000
vt 0.450000 -0.011220 0.000000
vt -0.050000 0.011220 0.000000
vt 0.450000 0.011220 0.000000
vt -0.050000 0.033660 0.000000
vt 0.450000 0.033660 0.000000
vt -0.050000 0.056100 0.000000
vt 0.450000 0.056100 0.000000
vt 0.450000 0.078540 0.000000
vt -0.550000 0.078540 0.000000
vt -0.550000 0.056100 0.000000
vt -0.550000 0.033660 0.000000
vt -0.550000 0.011220 0.000000
vt -0.550000 -0.011220 0.000000
vt -0.550000 -0.033660 0.000000
vt -0.550000 -0.056100 0.000000
vt -0.157080 -0.426483 0.000000
vt -0.157080 -0.406174 0.000000
vt -0.179520 -0.423098 0.000000
vt -0.179520 -0.406174 0.000000
vt -0.201960 -0.406174 0.000000
vt -0.201960 -0.423098 0.000000
vt -0.224399 -0.406174 0.000000
vt -0.224399 -0.423098 0.000000
vt -0.246839 -0.406174 0.000000
vt -0.246839 -0.423098 0.000000
vt -0.269279 -0.406174 0.000000
vt -0.269279 -0.423098 0.000000
vt -0.291719 -0.406174 0.000000
vt -0.291719 -0.423098 0.000000
vt -0.314159 -0.406174 0.000000
vt -0.314159 -0.435187 0.000000
vt -0.291719 -0.440022 0.000000
vt -0.314159 -0.464199 0.000000
vt -0.291719 -0.456946 0.000000
vt -0.291719 -0.473870 0.000000
vt -0.269279 -0.473870 0.000000
vt -0.269279 -0.490794 0.000000
vt -0.246839 -0.490794 0.000000
vt -0.246839 -0.507718 0.000000
vt -0.224399 -0.507718 0.000000
vt -0.224399 -0.524642 0.000000
vt -0.201960 -0.524642 0.000000
vt -0.201960 -0.541566 0.000000
vt -0.179520 -0.541566 0.000000
vt -0.179520 -0.558490 0.000000
vt -0.157080 -0.548335 0.000000
vt -0.157080 -0.568644 0.000000
vt -0.179520 -0.575414 0.000000
vt -0.157080 -0.588953 0.000000
vt -0.179520 -0.592338 0.000000
vt -0.157080 -0.609262 0.000000
vt -0.179520 -0.609262 0.000000
vt -0.201960 -0.592338 0.000000
vt -0.201960 -0.609262 0.000000
vt -0.224399 -0.592338 0.000000
vt -0.224399 -0.609262 0.000000
vt -0.246839 -0.592338 0.000000
vt -0.246839 -0.609262 0.000000
vt -0.269279 -0.592338 0.000000
vt -0.269279 -0.609262 0.000000
vt -0.291719 -0.592338 0.000000
vt -0.291719 -0.609262 0.000000
vt -0.314159 -0.609262 0.000000
vt -0.314159 -0.580249 0.000000
vt -0.291719 -0.575414 0.000000
vt -0.291719 -0.558490 0.000000
vt -0.269279 -0.575414 0.000000
vt -0.269279 -0.558490 0.000000
vt -0.246839 -0.575414 0.000000
vt -0.246839 -0.558490 0.000000
vt -0.224399 -0.575414 0.000000
vt -0.224399 -0.558490 0.000000
vt -0.201960 -0.575414 0.000000
vt -0.201960 -0.558490 0.000000
vt -0.314159 -0.493212 0.000000
vt -0.291719 -0.490794 0.000000
vt -0.269279 -0.507718 0.000000
vt -0.246839 -0.524642 0.000000
vt -0.224399 -0.541566 0.000000
vt -0.291719 -0.507718 0.000000
vt -0.314159 -0.522224 0.000000
vt -0.291719 -0.524642 0.000000
vt -0.314159 -0.551237 0.000000
vt -0.291719 -0.541566 0.000000
vt -0.157080 -0.528027 0.000000
vt -0.179520 -0.524642 0.000000
vt -0.201960 -0.507718 0.000000
vt -0.224399 -0.490794 0.000000
vt -0.246839 -0.473870 0.000000
vt -0.269279 -0.456946 0.000000
vt -0.157080 -0.507718 0.000000
vt -0.179520 -0.507718 0.000000
vt -0.201960 -0.490794 0.000000
vt -0.224399 -0.473870 0.000000
vt -0.246839 -0.456946 0.000000
vt -0.269279 -0.440022 0.000000
vt -0.179520 -0.490794 0.000000
vt -0.157080 -0.487409 0.000000
vt -0.179520 -0.473870 0.000000
vt -0.157080 -0.467101 0.000000
vt -0.179520 -0.456946 0.000000
vt -0.157080 -0.446792 0.000000
vt -0.179520 -0.440022 0.000000
vt -0.246839 -0.440022 0.000000
vt -0.224399 -0.440022 0.000000
vt -0.201960 -0.440022 0.000000
vt -0.224399 -0.456946 0.000000
vt -0.201960 -0.456946 0.000000
vt -0.201960 -0.473870 0.000000
vt -0.269279 -0.524642 0.000000
vt -0.246839 -0.541566 0.000000
vt -0.269279 -0.541566 0.000000
vt 0.825000 0.078540 0.000000
vt 0.025000 0.078540 0.000000
vt 0.425000 0.056100 0.000000
vt 0.025000 0.056100 0.000000
vt 0.425000 0.033660 0.000000
vt 0.025000 0.033660 0.000000
vt 0.425000 0.011220 0.000000
vt 0.025000 0.011220 0.000000
vt 0.425000 -0.011220 0.000000
vt 0.025000 -0.011220 0.000000
vt 0.425000 -0.033660 0.000000
vt 0.025000 -0.033660 0.000000
vt 0.425000 -0.056100 0.000000
vt 0.025000 -0.056100 0.000000
vt 0.025000 -0.078540 0.000000
vt 0.825000 -0.078540 0.000000
vt 0.825000 -0.056100 0.000000
vt 0.825000 -0.033660 0.000000
vt 0.825000 -0.011220 0.000000
vt 0.825000 0.011220 0.000000
vt 0.825000 0.033660 0.000000
vt 0.825000 0.056100 0.000000
vt -0.157080 -0.223396 0.000000
vt -0.157080 -0.203087 0.000000
vt -0.179520 -0.220011 0.000000
vt -0.179520 -0.203087 0.000000
vt -0.201960 -0.203087 0.000000
vt -0.201960 -0.220011 0.000000
vt -0.224399 -0.203087 0.000000
vt -0.224399 -0.220011 0.000000
vt -0.246839 -0.203087 0.000000
vt -0.246839 -0.220011 0.000000
vt -0.269279 -0.203087 0.000000
vt -0.269279 -0.220011 0.000000
vt -0.291719 -0.203087 0.000000
vt -0.291719 -0.220011 0.000000
vt -0.314159 -0.203087 0.000000
vt -0.314159 -0.232100 0.000000
vt -0.291719 -0.236935 0.000000
vt -0.314159 -0.261112 0.000000
vt -0.291719 -0.253859 0.000000
vt -0.291719 -0.270783 0.000000
vt -0.269279 -0.270783 0.000000
vt -0.269279 -0.287707 0.000000
vt -0.246839 -0.287707 0.000000
vt -0.246839 -0.304631 0.000000
vt -0.224399 -0.304631 0.000000
vt -0.224399 -0.321555 0.000000
vt -0.201960 -0.321555 0.000000
vt -0.201960 -0.338479 0.000000
vt -0.179520 -0.338479 0.000000
vt -0.179520 -0.355403 0.000000
vt -0.157080 -0.345248 0.000000
vt -0.157080 -0.365557 0.000000
vt -0.179520 -0.372327 0.000000
vt -0.157080 -0.385866 0.000000
vt -0.179520 -0.389250 0.000000
vt -0.157080 -0.406174 0.000000
vt -0.179520 -0.406174 0.000000
vt -0.201960 -0.389250 0.000000
vt -0.201960 -0.406174 0.000000
vt -0.224399 -0.389250 0.000000
vt -0.224399 -0.406174 0.000000
vt -0.246839 -0.389250 0.000000
vt -0.246839 -0.406174 0.000000
vt -0.269279 -0.389250 0.000000
vt -0.269279 -0.406174 0.000000
vt -0.291719 -0.389250 0.000000
vt -0.291719 -0.406174 0.000000
vt -0.314159 -0.406174 0.000000
vt -0.314159 -0.377162 0.000000
vt -0.291719 -0.372327 0.000000
vt -0.291719 -0.355403 0.000000
vt -0.269279 -0.372327 0.000000
vt -0.269279 -0.355403 0.000000
vt -0.246839 -0.372327 0.000000
vt -0.246839 -0.355403 0.000000
vt -0.224399 -0.372327 0.000000
vt -0.224399 -0.355403 0.000000
vt -0.201960 -0.372327 0.000000
vt -0.201960 -0.355403 0.000000
vt -0.314159 -0.290125 0.000000
vt -0.291719 -0.287707 0.000000
vt -0.269279 -0.304631 0.000000
vt -0.246839 -0.321555 0.000000
vt -0.224399 -0.338479 0.000000
vt -0.291719 -0.304631 0.000000
vt -0.314159 -0.319137 0.000000
vt -0.291719 -0.321555 0.000000
vt -0.314159 -0.348149 0.000000
vt -0.291719 -0.338479 0.000000
vt -0.157080 -0.324940 0.000000
vt -0.179520 -0.321555 0.000000
vt -0.201960 -0.304631 0.000000
vt -0.224399 -0.287707 0.000000
vt -0.246839 -0.270783 0.000000
vt -0.269279 -0.253859 0.000000
vt -0.157080 -0.304631 0.000000
vt -0.179520 -0.304631 0.000000
vt -0.201960 -0.287707 0.000000
vt -0.224399 -0.270783 0.000000
vt -0.246839 -0.253859 0.000000
vt -0.269279 -0.236935 0.000000
vt -0.179520 -0.287707 0.000000
vt -0.157080 -0.284322 0.000000
vt -0.179520 -0.270783 0.000000
vt -0.157080 -0.264013 0.000000
vt -0.179520 -0.253859 0.000000
vt -0.157080 -0.243705 0.000000
vt -0.179520 -0.236935 0.000000
vt -0.246839 -0.236935 0.000000
vt -0.224399 -0.236935 0.000000
vt -0.201960 -0.236935 0.000000
vt -0.224399 -0.253859 0.000000
vt -0.201960 -0.253859 0.000000
vt -0.201960 -0.270783 0.000000
vt -0.269279 -0.321555 0.000000
vt -0.246839 -0.338479 0.000000
vt -0.269279 -0.338479 0.000000
vt -0.450000 -0.078540 0.000000
vt 0.550000 -0.078540 0.000000
vt 0.050000 -0.056100 0.000000
vt 0.550000 -0.056100 0.000000
vt 0.050000 -0.033660 0.000000
vt 0.550000 -0.033660 0.000000
vt 0.050000 -0.011220 0.000000
vt 0.550000 -0.011220 0.000000
vt 0.050000 0.011220 0.000000
vt 0.550000 0.011220 0.000000
vt 0.050000 0.033660 0.000000
vt 0.550000 0.033660 0.000000
vt 0.050000 0.056100 0.000000
vt 0.550000 0.056100 0.000000
vt 0.550000 0.078540 0.000000
vt -0.450000 0.078540 0.000000
vt -0.450000 0.056100 0.000000
vt -0.450000 0.033660 0.000000
vt -0.450000 0.011220 0.000000
vt -0.450000 -0.011220 0.000000
vt -0.450000 -0.033660 0.000000
vt -0.450000 -0.056100 0.000000
vt -0.273250 -0.078540 0.000000
vt -0.173250 -0.078540 0.000000
vt -0.273250 -0.056100 0.000000
vt -0.173250 -0.056100 0.000000
vt -0.273250 -0.033660 0.000000
vt -0.173250 -0.033660 0.000000
vt -0.273250 -0.011220 0.000000
vt -0.173250 -0.011220 0.000000
vt -0.273250 0.011220 0.000000
vt -0.173250 0.011220 0.000000
vt -0.273250 0.033660 0.000000
vt -0.173250 0.033660 0.000000
vt -0.273250 0.056100 0.000000
vt -0.173250 0.056100 0.000000
vt -0.273250 0.078540 0.000000
vt -0.173250 0.078540 0.000000
vt -0.000000 0.643854 0.000000
vt -0.010886 0.643854 0.000000
vt -0.000000 0.603531 0.000000
vt -0.007441 0.590995 0.000000
vt -0.000000 0.563208 0.000000
vt -0.007441 0.538136 0.000000
vt -0.000000 0.522885 0.000000
vt -0.007441 0.485277 0.000000
vt -0.000000 0.482562 0.000000
vt -0.000000 0.442239 0.000000
vt -0.007441 0.432418 0.000000
vt -0.000000 0.401916 0.000000
vt -0.007441 0.379559 0.000000
vt -0.000000 0.361593 0.000000
vt -0.007441 0.326700 0.000000
vt -0.000000 0.321270 0.000000
vt -0.007441 0.273841 0.000000
vt -0.000000 0.280947 0.000000
vt -0.000000 0.240624 0.000000
vt -0.007441 0.220982 0.000000
vt -0.000000 0.200301 0.000000
vt -0.007441 0.171930 0.000000
vt -0.000000 0.159978 0.000000
vt -0.007441 0.122877 0.000000
vt -0.000000 0.079332 0.000000
vt -0.007441 0.073825 0.000000
vt -0.007441 0.024772 0.000000
vt -0.014882 0.073825 0.000000
vt -0.014882 0.024772 0.000000
vt -0.023863 0.073825 0.000000
vt -0.023863 0.024772 0.000000
vt -0.032844 0.073825 0.000000
vt -0.032844 0.024772 0.000000
vt -0.041825 0.073825 0.000000
vt -0.041825 0.024772 0.000000
vt -0.050805 0.073825 0.000000
vt -0.050805 0.024772 0.000000
vt -0.057129 0.073825 0.000000
vt -0.057129 0.024772 0.000000
vt -0.066668 0.073825 0.000000
vt -0.066668 0.024772 0.000000
vt -0.076208 0.080482 0.000000
vt -0.076208 0.000000 0.000000
vt -0.014882 0.590995 0.000000
vt -0.021772 0.643854 0.000000
vt -0.023863 0.590995 0.000000
vt -0.032662 0.643854 0.000000
vt -0.032844 0.590995 0.000000
vt -0.043546 0.643854 0.000000
vt -0.041825 0.590995 0.000000
vt -0.050805 0.590995 0.000000
vt -0.041825 0.538136 0.000000
vt -0.050805 0.538136 0.000000
vt -0.041825 0.485277 0.000000
vt -0.050805 0.485277 0.000000
vt -0.041825 0.432418 0.000000
vt -0.050805 0.432418 0.000000
vt -0.041825 0.379559 0.000000
vt -0.050805 0.379559 0.000000
vt -0.041825 0.326700 0.000000
vt -0.050805 0.326700 0.000000
vt -0.041825 0.273841 0.000000
vt -0.050805 0.273841 0.000000
vt -0.041825 0.220982 0.000000
vt -0.050805 0.220982 0.000000
vt -0.041825 0.171930 0.000000
vt -0.050805 0.171930 0.000000
vt -0.041825 0.122877 0.000000
vt -0.050805 0.122877 0.000000
vt -0.054436 0.643854 0.000000
vt -0.057129 0.590995 0.000000
vt -0.057129 0.538136 0.000000
vt -0.057129 0.485277 0.000000
vt -0.057129 0.432418 0.000000
vt -0.057129 0.379559 0.000000
vt -0.057129 0.326700 0.000000
vt -0.057129 0.273841 0.000000
vt -0.057129 0.220982 0.000000
vt -0.057129 0.171930 0.000000
vt -0.057129 0.122877 0.000000
vt -0.065322 0.643854 0.000000
vt -0.066668 0.590995 0.000000
vt -0.066668 0.538136 0.000000
vt -0.066668 0.485277 0.000000
vt -0.066668 0.432418 0.000000
vt -0.066668 0.379559 0.000000
vt -0.066668 0.326700 0.000000
vt -0.066668 0.273841 0.000000
vt -0.066668 0.220982 0.000000
vt -0.066668 0.171930 0.000000
vt -0.066668 0.122877 0.000000
vt -0.076208 0.643854 0.000000
vt -0.076208 0.603613 0.000000
vt -0.076208 0.563372 0.000000
vt -0.076208 0.482890 0.000000
vt -0.076208 0.402408 0.000000
vt -0.076208 0.321927 0.000000
vt -0.076208 0.241445 0.000000
vt -0.076208 0.160963 0.000000
vt -0.066668 -0.001314 0.000000
vt -0.066668 0.000000 0.000000
vt -0.057129 -0.001314 0.000000
vt -0.057129 0.000000 0.000000
vt -0.050805 -0.001314 0.000000
vt -0.050805 0.000000 0.000000
vt -0.041825 -0.001314 0.000000
vt -0.041825 0.000000 0.000000
vt -0.032844 -0.001314 0.000000
vt -0.032844 0.000000 0.000000
vt -0.023863 -0.001314 0.000000
vt -0.023863 0.000000 0.000000
vt -0.014882 -0.001314 0.000000
vt -0.014882 0.000000 0.000000
vt -0.007441 -0.001314 0.000000
vt -0.007441 0.000000 0.000000
vt -0.032844 0.538136 0.000000
vt -0.032844 0.485277 0.000000
vt -0.032844 0.432418 0.000000
vt -0.032844 0.379559 0.000000
vt -0.032844 0.326700 0.000000
vt -0.032844 0.273841 0.000000
vt -0.032844 0.220982 0.000000
vt -0.032844 0.171930 0.000000
vt -0.032844 0.122877 0.000000
vt -0.023863 0.538136 0.000000
vt -0.023863 0.485277 0.000000
vt -0.023863 0.432418 0.000000
vt -0.023863 0.379559 0.000000
vt -0.023863 0.326700 0.000000
vt -0.023863 0.273841 0.000000
vt -0.023863 0.220982 0.000000
vt -0.023863 0.171930 0.000000
vt -0.023863 0.122877 0.000000
vt -0.014882 0.538136 0.000000
vt -0.014882 0.485277 0.000000
vt -0.014882 0.432418 0.000000
vt -0.014882 0.379559 0.000000
vt -0.014882 0.326700 0.000000
vt -0.014882 0.273841 0.000000
vt -0.014882 0.220982 0.000000
vt -0.014882 0.171930 0.000000
vt -0.014882 0.122877 0.000000
vt -0.000000 -0.001314 0.000000
vt 0.314159 -1.540934 0.000000
vt 0.314159 -1.616804 0.000000
vt 0.336599 -1.546353 0.000000
vt 0.336599 -1.616804 0.000000
vt 0.359039 -1.616804 0.000000
vt 0.359039 -1.546353 0.000000
vt 0.381479 -1.616804 0.000000
vt 0.381479 -1.546353 0.000000
vt 0.403919 -1.616804 0.000000
vt 0.403919 -1.546353 0.000000
vt 0.426359 -1.616804 0.000000
vt 0.426359 -1.546353 0.000000
vt 0.448799 -1.616804 0.000000
vt 0.448799 -1.546353 0.000000
vt 0.471239 -1.616804 0.000000
vt 0.471239 -1.546353 0.000000
vt 0.448799 -1.475903 0.000000
vt 0.471239 -1.475903 0.000000
vt 0.448799 -1.405452 0.000000
vt 0.471239 -1.405452 0.000000
vt 0.448799 -1.335002 0.000000
vt 0.471239 -1.335002 0.000000
vt 0.448799 -1.264551 0.000000
vt 0.471239 -1.264551 0.000000
vt 0.448799 -1.194101 0.000000
vt 0.471239 -1.194101 0.000000
vt 0.448799 -1.123650 0.000000
vt 0.471239 -1.123650 0.000000
vt 0.448799 -1.053199 0.000000
vt 0.471239 -1.053199 0.000000
vt 0.448799 -0.982749 0.000000
vt 0.471239 -0.982749 0.000000
vt 0.448799 -0.912298 0.000000
vt 0.471239 -0.912298 0.000000
vt 0.448799 -0.841848 0.000000
vt 0.471239 -0.841848 0.000000
vt 0.448799 -0.771397 0.000000
vt 0.471239 -0.771397 0.000000
vt 0.448799 -0.700947 0.000000
vt 0.471239 -0.700947 0.000000
vt 0.448799 -0.630496 0.000000
vt 0.471239 -0.630496 0.000000
vt 0.426359 -0.630496 0.000000
vt 0.426359 -0.700947 0.000000
vt 0.426359 -0.771397 0.000000
vt 0.426359 -0.841848 0.000000
vt 0.426359 -0.912298 0.000000
vt 0.426359 -0.982749 0.000000
vt 0.426359 -1.053199 0.000000
vt 0.426359 -1.123650 0.000000
vt 0.426359 -1.194101 0.000000
vt 0.426359 -1.264551 0.000000
vt 0.426359 -1.335002 0.000000
vt 0.426359 -1.405452 0.000000
vt 0.426359 -1.475903 0.000000
vt 0.403919 -0.630496 0.000000
vt 0.403919 -0.700947 0.000000
vt 0.403919 -0.771397 0.000000
vt 0.403919 -0.841848 0.000000
vt 0.403919 -0.912298 0.000000
vt 0.403919 -0.982749 0.000000
vt 0.403919 -1.053199 0.000000
vt 0.403919 -1.123650 0.000000
vt 0.403919 -1.194101 0.000000
vt 0.403919 -1.264551 0.000000
vt 0.403919 -1.335002 0.000000
vt 0.403919 -1.405452 0.000000
vt 0.403919 -1.475903 0.000000
vt 0.381479 -0.630496 0.000000
vt 0.381479 -0.700947 0.000000
vt 0.381479 -0.771397 0.000000
vt 0.381479 -0.841848 0.000000
vt 0.381479 -0.912298 0.000000
vt 0.381479 -0.982749 0.000000
vt 0.381479 -1.053199 0.000000
vt 0.381479 -1.123650 0.000000
vt 0.381479 -1.194101 0.000000
vt 0.381479 -1.264551 0.000000
vt 0.381479 -1.335002 0.000000
vt 0.381479 -1.405452 0.000000
vt 0.381479 -1.475903 0.000000
vt 0.359039 -0.630496 0.000000
vt 0.359039 -0.700947 0.000000
vt 0.359039 -0.771397 0.000000
vt 0.359039 -0.841848 0.000000
vt 0.359039 -0.912298 0.000000
vt 0.359039 -0.982749 0.000000
vt 0.359039 -1.053199 0.000000
vt 0.359039 -1.123650 0.000000
vt 0.359039 -1.194101 0.000000
vt 0.359039 -1.264551 0.000000
vt 0.359039 -1.335002 0.000000
vt 0.359039 -1.405452 0.000000
vt 0.359039 -1.475903 0.000000
vt 0.336599 -0.630496 0.000000
vt 0.336599 -0.700947 0.000000
vt 0.336599 -0.771397 0.000000
vt 0.336599 -0.841848 0.000000
vt 0.336599 -0.912298 0.000000
vt 0.336599 -0.982749 0.000000
vt 0.336599 -1.053199 0.000000
vt 0.336599 -1.123650 0.000000
vt 0.336599 -1.194101 0.000000
vt 0.336599 -1.264551 0.000000
vt 0.336599 -1.335002 0.000000
vt 0.336599 -1.405452 0.000000
vt 0.336599 -1.475903 0.000000
vt 0.314159 -0.630496 0.000000
vt 0.314159 -0.706366 0.000000
vt 0.314159 -0.782236 0.000000
vt 0.314159 -0.858106 0.000000
vt 0.314159 -0.933975 0.000000
vt 0.314159 -1.009845 0.000000
vt 0.314159 -1.085715 0.000000
vt 0.314159 -1.161585 0.000000
vt 0.314159 -1.237455 0.000000
vt 0.314159 -1.313325 0.000000
vt 0.314159 -1.389194 0.000000
vt 0.314159 -1.465064 0.000000
vt 0.450000 -0.078540 0.000000
vt 0.550000 -0.078540 0.000000
vt 0.450000 -0.056100 0.000000
vt 0.550000 -0.056100 0.000000
vt 0.450000 -0.033660 0.000000
vt 0.550000 -0.033660 0.000000
vt 0.450000 -0.011220 0.000000
vt 0.550000 -0.011220 0.000000
vt 0.450000 0.011220 0.000000
vt 0.550000 0.011220 0.000000
vt 0.450000 0.033660 0.000000
vt 0.550000 0.033660 0.000000
vt 0.450000 0.056100 0.000000
vt 0.550000 0.056100 0.000000
vt 0.450000 0.078540 0.000000
vt 0.550000 0.078540 0.000000
vt -0.078268 0.022047 0.000000
vt -0.095532 0.000000 0.000000
vt -0.073155 0.000000 0.000000
vt -0.078268 -0.022047 0.000000
vt -0.073155 -0.021825 0.000000
vt -0.059258 -0.037326 0.000000
vt -0.050779 -0.021825 0.000000
vt -0.039393 -0.049039 0.000000
vt -0.028402 -0.043649 0.000000
vt -0.019106 -0.058927 0.000000
vt -0.006026 -0.043649 0.000000
vt 0.001355 -0.068057 0.000000
vt 0.016351 -0.043649 0.000000
vt 0.016351 -0.065474 0.000000
vt 0.038728 -0.065474 0.000000
vt 0.021805 -0.077239 0.000000
vt 0.042053 -0.087298 0.000000
vt 0.051078 -0.064621 0.000000
vt 0.038728 -0.043649 0.000000
vt 0.016351 -0.021825 0.000000
vt -0.006026 -0.021825 0.000000
vt -0.006026 0.000000 0.000000
vt -0.028402 0.000000 0.000000
vt -0.028402 0.021825 0.000000
vt -0.050779 0.021825 0.000000
vt -0.039393 0.049039 0.000000
vt -0.059258 0.037326 0.000000
vt 0.057633 -0.039890 0.000000
vt 0.038728 -0.021825 0.000000
vt 0.016351 0.000000 0.000000
vt -0.006026 0.021825 0.000000
vt -0.028402 0.043649 0.000000
vt -0.019106 0.058927 0.000000
vt -0.006026 0.043649 0.000000
vt 0.001355 0.068057 0.000000
vt 0.016351 0.043649 0.000000
vt 0.016351 0.065474 0.000000
vt 0.038728 0.043649 0.000000
vt 0.038728 0.065474 0.000000
vt 0.051078 0.064621 0.000000
vt 0.042053 0.087298 0.000000
vt 0.061104 -0.013510 0.000000
vt 0.038728 0.000000 0.000000
vt 0.016351 0.021825 0.000000
vt 0.061104 0.013510 0.000000
vt 0.038728 0.021825 0.000000
vt 0.057633 0.039890 0.000000
vt 0.021805 0.077239 0.000000
vt -0.073155 0.021825 0.000000
vt -0.050779 0.000000 0.000000
vt -0.028402 -0.021825 0.000000
vt 0.051078 0.064621 0.000000
vt 0.042053 0.087298 0.000000
vt 0.038728 0.065474 0.000000
vt 0.021805 0.077239 0.000000
vt 0.016351 0.065474 0.000000
vt 0.001355 0.068057 0.000000
vt 0.016351 0.043649 0.000000
vt -0.006026 0.043649 0.000000
vt 0.016351 0.021825 0.000000
vt -0.006026 0.021825 0.000000
vt 0.016351 -0.000000 0.000000
vt -0.006026 -0.000000 0.000000
vt 0.016351 -0.021825 0.000000
vt -0.006026 -0.021825 0.000000
vt 0.016351 -0.043649 0.000000
vt -0.006026 -0.043649 0.000000
vt 0.001355 -0.068057 0.000000
vt -0.019106 -0.058927 0.000000
vt -0.028402 -0.043649 0.000000
vt -0.039393 -0.049039 0.000000
vt -0.050779 -0.021825 0.000000
vt -0.059258 -0.037326 0.000000
vt -0.073155 -0.021825 0.000000
vt -0.078268 -0.022047 0.000000
vt -0.073155 0.000000 0.000000
vt -0.095532 0.000000 0.000000
vt -0.078268 0.022047 0.000000
vt -0.073155 0.021825 0.000000
vt -0.059258 0.037326 0.000000
vt -0.050779 0.021825 0.000000
vt -0.039393 0.049039 0.000000
vt -0.028402 0.021825 0.000000
vt -0.028402 0.043649 0.000000
vt -0.019106 0.058927 0.000000
vt 0.016351 -0.065474 0.000000
vt 0.021805 -0.077239 0.000000
vt 0.038728 -0.065474 0.000000
vt 0.042053 -0.087298 0.000000
vt 0.051078 -0.064621 0.000000
vt 0.038728 -0.043649 0.000000
vt 0.057633 -0.039890 0.000000
vt 0.038728 -0.021825 0.000000
vt 0.061104 -0.013510 0.000000
vt 0.038728 -0.000000 0.000000
vt 0.061104 0.013510 0.000000
vt 0.038728 0.021825 0.000000
vt 0.057633 0.039890 0.000000
vt 0.038728 0.043649 0.000000
vt -0.050779 0.000000 0.000000
vt -0.028402 0.000000 0.000000
vt -0.028402 -0.021825 0.000000
vt 0.021805 -0.077239 0.000000
vt 0.042053 -0.087298 0.000000
vt 0.038728 -0.065474 0.000000
vt 0.051078 -0.064621 0.000000
vt 0.038728 -0.043649 0.000000
vt 0.057633 -0.039890 0.000000
vt 0.038728 -0.021825 0.000000
vt 0.061104 -0.013510 0.000000
vt 0.038728 0.000000 0.000000
vt 0.061104 0.013510 0.000000
vt 0.038728 0.021825 0.000000
vt 0.057633 0.039890 0.000000
vt 0.038728 0.043649 0.000000
vt 0.051078 0.064621 0.000000
vt 0.038728 0.065474 0.000000
vt 0.042053 0.087298 0.000000
vt 0.021805 0.077239 0.000000
vt 0.016351 0.065474 0.000000
vt 0.001355 0.068057 0.000000
vt 0.016351 0.043649 0.000000
vt -0.006026 0.043649 0.000000
vt 0.016351 0.021825 0.000000
vt -0.006026 0.021825 0.000000
vt 0.016351 0.000000 0.000000
vt -0.006026 -0.000000 0.000000
vt 0.016351 -0.021825 0.000000
vt -0.006026 -0.021825 0.000000
vt 0.016351 -0.043649 0.000000
vt -0.006026 -0.043649 0.000000
vt 0.001355 -0.068057 0.000000
vt -0.019106 -0.058927 0.000000
vt -0.028402 -0.043649 0.000000
vt -0.039393 -0.049039 0.000000
vt -0.050779 -0.021825 0.000000
vt -0.059258 -0.037326 0.000000
vt -0.073155 -0.021825 0.000000
vt -0.078268 -0.022047 0.000000
vt -0.073155 -0.000000 0.000000
vt -0.095532 -0.000000 0.000000
vt -0.078268 0.022047 0.000000
vt -0.073155 0.021825 0.000000
vt -0.059258 0.037326 0.000000
vt -0.050779 0.021825 0.000000
vt -0.039393 0.049039 0.000000
vt -0.028402 0.021825 0.000000
vt -0.028402 0.043649 0.000000
vt -0.019106 0.058927 0.000000
vt 0.016351 -0.065474 0.000000
vt -0.028402 -0.021825 0.000000
vt -0.028402 -0.000000 0.000000
vt -0.050779 -0.000000 0.000000
vt 0.078268 -0.022047 0.000000
vt 0.095532 -0.000000 0.000000
vt 0.073155 -0.000000 0.000000
vt 0.078268 0.022047 0.000000
vt 0.073155 0.021825 0.000000
vt 0.059258 0.037326 0.000000
vt 0.050779 0.021825 0.000000
vt 0.039393 0.049039 0.000000
vt 0.028402 0.021825 0.000000
vt 0.028402 0.043649 0.000000
vt 0.006026 0.043649 0.000000
vt 0.019106 0.058927 0.000000
vt -0.001355 0.068057 0.000000
vt -0.021805 0.077239 0.000000
vt -0.016351 0.065474 0.000000
vt -0.016351 0.043649 0.000000
vt 0.006026 0.021825 0.000000
vt 0.028402 -0.000000 0.000000
vt 0.050779 -0.000000 0.000000
vt 0.050779 -0.021825 0.000000
vt 0.073155 -0.021825 0.000000
vt 0.059258 -0.037326 0.000000
vt -0.038728 0.065474 0.000000
vt -0.042053 0.087298 0.000000
vt -0.051078 0.064621 0.000000
vt -0.038728 0.043649 0.000000
vt -0.057633 0.039890 0.000000
vt -0.038728 0.021825 0.000000
vt -0.061104 0.013510 0.000000
vt -0.038728 0.000000 0.000000
vt -0.061104 -0.013510 0.000000
vt -0.038728 -0.021825 0.000000
vt -0.057633 -0.039890 0.000000
vt -0.038728 -0.043649 0.000000
vt -0.051078 -0.064621 0.000000
vt -0.038728 -0.065474 0.000000
vt -0.042053 -0.087298 0.000000
vt -0.021805 -0.077239 0.000000
vt -0.016351 -0.065474 0.000000
vt -0.001355 -0.068057 0.000000
vt -0.016351 -0.043649 0.000000
vt 0.006026 -0.043649 0.000000
vt -0.016351 -0.021825 0.000000
vt 0.006026 -0.021825 0.000000
vt -0.016351 0.000000 0.000000
vt 0.006026 -0.000000 0.000000
vt -0.016351 0.021825 0.000000
vt 0.019106 -0.058927 0.000000
vt 0.028402 -0.043649 0.000000
vt 0.028402 -0.021825 0.000000
vt 0.039393 -0.049039 0.000000
vt 1.275000 0.078540 0.000000
vt 1.025000 0.078540 0.000000
vt 1.275000 0.056100 0.000000
vt 1.025000 0.056100 0.000000
vt 1.275000 0.033660 0.000000
vt 1.025000 0.033660 0.000000
vt 1.275000 0.011220 0.000000
vt 1.025000 0.011220 0.000000
vt 1.275000 -0.011220 0.000000
vt 1.025000 -0.011220 0.000000
vt 1.275000 -0.033660 0.000000
vt 1.025000 -0.033660 0.000000
vt 1.275000 -0.056100 0.000000
vt 1.025000 -0.056100 0.000000
vt 1.275000 -0.078540 0.000000
vt 1.025000 -0.078540 0.000000
vt -0.425000 -0.078540 0.000000
vt -0.175000 -0.078540 0.000000
vt -0.425000 -0.056100 0.000000
vt -0.175000 -0.056100 0.000000
vt -0.425000 -0.033660 0.000000
vt -0.175000 -0.033660 0.000000
vt -0.425000 -0.011220 0.000000
vt -0.175000 -0.011220 0.000000
vt -0.425000 0.011220 0.000000
vt -0.175000 0.011220 0.000000
vt -0.425000 0.033660 0.000000
vt -0.175000 0.033660 0.000000
vt -0.425000 0.056100 0.000000
vt -0.175000 0.056100 0.000000
vt -0.425000 0.078540 0.000000
vt -0.175000 0.078540 0.000000
vt 0.250000 -0.200000 0.000000
vt 0.250000 0.800000 0.000000
vt 0.000000 -0.200000 0.000000
vt 0.000000 2.200000 0.000000
vt 0.252462 0.831287 0.000000
vt 0.259789 0.861803 0.000000
vt 0.271799 0.890798 0.000000
vt 0.288197 0.917557 0.000000
vt 0.308579 0.941421 0.000000
vt 0.332443 0.961803 0.000000
vt 0.359202 0.978201 0.000000
vt 0.388197 0.990211 0.000000
vt 0.418713 0.997538 0.000000
vt 0.450000 1.000000 0.000000
vt 1.250000 1.000000 0.000000
vt 1.700000 2.200000 0.000000
vt 1.281287 0.997538 0.000000
vt 1.311803 0.990211 0.000000
vt 1.340798 0.978201 0.000000
vt 1.367557 0.961803 0.000000
vt 1.391421 0.941421 0.000000
vt 1.411803 0.917557 0.000000
vt 1.428201 0.890798 0.000000
vt 1.440211 0.861803 0.000000
vt 1.447538 0.831287 0.000000
vt 1.450000 0.800000 0.000000
vt 1.700000 -0.200000 0.000000
vt 1.450000 -0.200000 0.000000
vt 1.275000 0.078540 0.000000
vt 1.025000 0.078540 0.000000
vt 1.275000 0.056100 0.000000
vt 1.025000 0.056100 0.000000
vt 1.275000 0.033660 0.000000
vt 1.025000 0.033660 0.000000
vt 1.275000 0.011220 0.000000
vt 1.025000 0.011220 0.000000
vt 1.275000 -0.011220 0.000000
vt 1.025000 -0.011220 0.000000
vt 1.275000 -0.033660 0.000000
vt 1.025000 -0.033660 0.000000
vt 1.275000 -0.056100 0.000000
vt 1.025000 -0.056100 0.000000
vt 1.275000 -0.078540 0.000000
vt 1.025000 -0.078540 0.000000
vt 0.600000 0.646500 0.000000
vt 0.600000 0.546500 0.000000
vt 0.850000 0.646500 0.000000
vt 0.850000 0.546500 0.000000
vt 0.889158 0.643933 0.000000
vt 0.881287 0.544038 0.000000
vt 0.927646 0.636278 0.000000
vt 0.964805 0.623664 0.000000
vt 0.911803 0.536711 0.000000
vt 1.000000 0.606308 0.000000
vt 1.032628 0.584506 0.000000
vt 0.940798 0.524701 0.000000
vt 1.062132 0.558632 0.000000
vt 0.967557 0.508303 0.000000
vt 1.088006 0.529128 0.000000
vt 0.991421 0.487921 0.000000
vt 1.109808 0.496500 0.000000
vt 1.011803 0.464057 0.000000
vt 1.127164 0.461305 0.000000
vt 1.028201 0.437298 0.000000
vt 1.139778 0.424146 0.000000
vt 1.040211 0.408303 0.000000
vt 1.147433 0.385658 0.000000
vt 1.047538 0.377787 0.000000
vt 1.150000 0.346500 0.000000
vt 1.050000 0.346500 0.000000
vt 1.150000 -0.346500 0.000000
vt 1.050000 -0.346500 0.000000
vt 1.047538 -0.377787 0.000000
vt 1.147433 -0.385658 0.000000
vt 1.040211 -0.408303 0.000000
vt 1.139778 -0.424146 0.000000
vt 1.028201 -0.437298 0.000000
vt 1.127164 -0.461305 0.000000
vt 1.011803 -0.464057 0.000000
vt 1.109808 -0.496500 0.000000
vt 0.991421 -0.487921 0.000000
vt 1.088006 -0.529128 0.000000
vt 0.967557 -0.508303 0.000000
vt 1.062132 -0.558632 0.000000
vt 0.940798 -0.524701 0.000000
vt 1.032628 -0.584506 0.000000
vt 0.911803 -0.536711 0.000000
vt 1.000000 -0.606308 0.000000
vt 0.964805 -0.623664 0.000000
vt 0.881287 -0.544038 0.000000
vt 0.927646 -0.636278 0.000000
vt 0.889158 -0.643933 0.000000
vt 0.850000 -0.546500 0.000000
vt 0.850000 -0.646500 0.000000
vt -0.850000 -0.546500 0.000000
vt -0.850000 -0.646500 0.000000
vt -0.889158 -0.643933 0.000000
vt -0.881287 -0.544038 0.000000
vt -0.927646 -0.636278 0.000000
vt -0.964805 -0.623664 0.000000
vt -0.911803 -0.536711 0.000000
vt -1.000000 -0.606308 0.000000
vt -1.032628 -0.584506 0.000000
vt -0.940798 -0.524701 0.000000
vt -1.062132 -0.558632 0.000000
vt -0.967557 -0.508303 0.000000
vt -1.088006 -0.529128 0.000000
vt -0.991421 -0.487921 0.000000
vt -1.109808 -0.496500 0.000000
vt -1.011803 -0.464057 0.000000
vt -1.127164 -0.461305 0.000000
vt -1.028201 -0.437298 0.000000
vt -1.139778 -0.424146 0.000000
vt -1.040211 -0.408303 0.000000
vt -1.147433 -0.385658 0.000000
vt -1.047538 -0.377787 0.000000
vt -1.150000 -0.346500 0.000000
vt -1.050000 -0.346500 0.000000
vt -1.150000 0.346500 0.000000
vt -1.050000 0.346500 0.000000
vt -1.047538 0.377787 0.000000
vt -1.147433 0.385658 0.000000
vt -1.040211 0.408303 0.000000
vt -1.139778 0.424146 0.000000
vt -1.028201 0.437298 0.000000
vt -1.127164 0.461305 0.000000
vt -1.011803 0.464057 0.000000
vt -1.109808 0.496500 0.000000
vt -0.991421 0.487921 0.000000
vt -1.088006 0.529128 0.000000
vt -0.967557 0.508303 0.000000
vt -1.062132 0.558632 0.000000
vt -0.940798 0.524701 0.000000
vt -1.032628 0.584506 0.000000
vt -0.911803 0.536711 0.000000
vt -1.000000 0.606308 0.000000
vt -0.964805 0.623664 0.000000
vt -0.881287 0.544038 0.000000
vt -0.927646 0.636278 0.000000
vt -0.889158 0.643933 0.000000
vt -0.850000 0.546500 0.000000
vt -0.850000 0.646500 0.000000
vt -0.600000 0.546500 0.000000
vt -0.600000 0.646500 0.000000
vt -0.425000 -0.078540 0.000000
vt -0.175000 -0.078540 0.000000
vt -0.425000 -0.056100 0.000000
vt -0.175000 -0.056100 0.000000
vt -0.425000 -0.033660 0.000000
vt -0.175000 -0.033660 0.000000
vt -0.425000 -0.011220 0.000000
vt -0.175000 -0.011220 0.000000
vt -0.425000 0.011220 0.000000
vt -0.175000 0.011220 0.000000
vt -0.425000 0.033660 0.000000
vt -0.175000 0.033660 0.000000
vt -0.425000 0.056100 0.000000
vt -0.175000 0.056100 0.000000
vt -0.425000 0.078540 0.000000
vt -0.175000 0.078540 0.000000
vt 0.250000 -0.100000 0.000000
vt 0.000000 -0.100000 0.000000
vt 0.250000 -0.200000 0.000000
vt 0.000000 -0.200000 0.000000
vt 0.191531 -0.737762 0.000000
vt 0.197909 -0.720913 0.000000
vt 0.009524 -0.711499 0.000000
vt 0.221502 -0.648182 0.000000
vt 0.043361 -0.637305 0.000000
vt 0.059767 -0.600034 0.000000
vt 0.244859 -0.575452 0.000000
vt 0.075697 -0.562582 0.000000
vt 0.091051 -0.524900 0.000000
vt 0.267857 -0.502721 0.000000
vt 0.105722 -0.486960 0.000000
vt 0.119555 -0.448783 0.000000
vt 0.290374 -0.429990 0.000000
vt 0.132355 -0.410331 0.000000
vt 0.312291 -0.357260 0.000000
vt 0.143930 -0.371562 0.000000
vt 0.154086 -0.332429 0.000000
vt 0.333492 -0.284529 0.000000
vt 0.162625 -0.292889 0.000000
vt 0.169229 -0.253016 0.000000
vt 0.353865 -0.211799 0.000000
vt 0.173490 -0.212954 0.000000
vt 0.175000 -0.172843 0.000000
vt 0.373302 -0.139068 0.000000
vt 0.175000 -0.099133 0.000000
vt 0.391701 -0.066337 0.000000
vt 0.175000 -0.025422 0.000000
vt 0.408964 0.006393 0.000000
vt 0.175000 0.048289 0.000000
vt 0.425000 0.079124 0.000000
vt 0.175000 0.122000 0.000000
vt 0.425000 0.149751 0.000000
vt 0.175000 0.195711 0.000000
vt 0.425000 0.220379 0.000000
vt 0.175000 0.269422 0.000000
vt 0.425000 0.291006 0.000000
vt 0.175000 0.343133 0.000000
vt 0.425000 0.361634 0.000000
vt 0.175000 0.416844 0.000000
vt 0.425000 0.432261 0.000000
vt 0.175000 0.490555 0.000000
vt 0.425000 0.502888 0.000000
vt 0.175000 0.564265 0.000000
vt 0.425000 0.573516 0.000000
vt 0.175000 0.637976 0.000000
vt 0.425000 0.644143 0.000000
vt 0.175000 0.711687 0.000000
vt 0.425000 0.714771 0.000000
vt 0.175000 0.785398 0.000000
vt 0.425000 0.785398 0.000000
vt 0.183506 -0.754189 0.000000
vt -0.025000 -0.785398 0.000000
vt 0.173878 -0.770098 0.000000
vt 0.162705 -0.785398 0.000000
vt -0.485140 0.056100 0.000000
vt -0.085140 0.056100 0.000000
vt -0.485140 0.078540 0.000000
vt 0.118931 0.066217 0.000000
vt 0.082405 0.078540 0.000000
vt -0.085140 0.033660 0.000000
vt -0.485140 0.033660 0.000000
vt -0.085140 0.011220 0.000000
vt -0.485140 0.011220 0.000000
vt -0.085140 -0.011220 0.000000
vt -0.485140 -0.011220 0.000000
vt -0.085140 -0.033660 0.000000
vt -0.485140 -0.033660 0.000000
vt -0.085140 -0.056100 0.000000
vt -0.485140 -0.056100 0.000000
vt 0.713538 -0.078258 0.000000
vt -0.485140 -0.078540 0.000000
vt 0.714860 -0.078540 0.000000
vt 0.314860 -0.056100 0.000000
vt 0.632487 -0.060943 0.000000
vt 0.551562 -0.043443 0.000000
vt 0.314860 -0.033660 0.000000
vt 0.470963 -0.025596 0.000000
vt 0.314860 -0.011220 0.000000
vt 0.390777 -0.007156 0.000000
vt 0.311405 0.012101 0.000000
vt 0.233142 0.032473 0.000000
vt 0.156364 0.054479 0.000000
vt 0.200000 0.100000 0.000000
vt 0.076891 -0.575713 0.000000
vt 0.200000 -0.900000 0.000000
vt 0.089709 -0.649889 0.000000
vt 0.097424 -0.724768 0.000000
vt -0.367544 0.100000 0.000000
vt -0.307472 0.054637 0.000000
vt -0.250643 0.005273 0.000000
vt -0.197323 -0.047863 0.000000
vt -0.147762 -0.104521 0.000000
vt -0.102192 -0.164436 0.000000
vt -0.060827 -0.227328 0.000000
vt -0.023859 -0.292901 0.000000
vt 0.008537 -0.360849 0.000000
vt 0.036210 -0.430853 0.000000
vt 0.059030 -0.502587 0.000000
vt 0.100000 -0.800000 0.000000
vt 0.100000 -0.900000 0.000000
vt 0.335140 0.078540 0.000000
vt -0.232405 0.078540 0.000000
vt -0.064860 0.056100 0.000000
vt -0.269004 0.066191 0.000000
vt -0.306513 0.054427 0.000000
vt -0.064860 0.033660 0.000000
vt -0.383373 0.032413 0.000000
vt -0.064860 0.011220 0.000000
vt -0.461801 0.011987 0.000000
vt -0.541419 -0.007306 0.000000
vt -0.621775 -0.025780 0.000000
vt -0.464860 -0.011220 0.000000
vt -0.064860 -0.011220 0.000000
vt 0.335140 -0.011220 0.000000
vt 0.335140 0.011220 0.000000
vt -0.464860 -0.033660 0.000000
vt -0.702501 -0.043650 0.000000
vt -0.464860 -0.056100 0.000000
vt -0.783645 -0.061187 0.000000
vt 0.335140 -0.078540 0.000000
vt -0.864860 -0.078540 0.000000
vt -0.064860 -0.056100 0.000000
vt 0.335140 -0.056100 0.000000
vt -0.064860 -0.033660 0.000000
vt 0.335140 -0.033660 0.000000
vt 0.335140 0.033660 0.000000
vt 0.335140 0.056100 0.000000
vt 0.370107 -0.570512 0.000000
vt 0.400000 -0.429720 0.000000
vt 0.331925 -0.572951 0.000000
vt -0.400000 -0.429720 0.000000
vt -0.331925 -0.572951 0.000000
vt -0.370107 -0.570512 0.000000
vt -0.407667 -0.563232 0.000000
vt -0.443996 -0.551232 0.000000
vt -0.478501 -0.534706 0.000000
vt -0.510623 -0.513922 0.000000
vt -0.539839 -0.489219 0.000000
vt -0.565673 -0.460999 0.000000
vt -0.587705 -0.429720 0.000000
vt 0.407667 -0.563232 0.000000
vt 0.443996 -0.551232 0.000000
vt 0.478501 -0.534706 0.000000
vt 0.510623 -0.513922 0.000000
vt 0.539839 -0.489219 0.000000
vt 0.565673 -0.460999 0.000000
vt 0.587705 -0.429720 0.000000
vt 0.400000 0.770280 0.000000
vt -0.400000 0.770280 0.000000
vt -2.435318 1.004076 0.000000
vt -2.479956 1.019825 0.000000
vt -2.505946 1.004076 0.000000
vt -2.524600 1.037953 0.000000
vt -2.576573 1.004076 0.000000
vt -2.576573 1.035445 0.000000
vt -2.647201 1.035445 0.000000
vt -2.613809 1.083151 0.000000
vt -2.647201 1.066814 0.000000
vt -2.647201 1.098183 0.000000
vt -2.717828 1.098183 0.000000
vt -2.658260 1.111233 0.000000
vt -2.717828 1.129553 0.000000
vt -2.702559 1.143792 0.000000
vt -2.746668 1.181586 0.000000
vt -2.569234 1.058903 0.000000
vt -2.790688 1.225539 0.000000
vt -2.788456 1.192291 0.000000
vt -2.788456 1.160922 0.000000
vt -2.788456 1.129553 0.000000
vt -2.859083 1.160922 0.000000
vt -2.859083 1.129553 0.000000
vt -2.929710 1.160922 0.000000
vt -2.929710 1.129553 0.000000
vt -3.000338 1.160922 0.000000
vt -3.000338 1.129553 0.000000
vt -3.070965 1.160922 0.000000
vt -3.070965 1.129553 0.000000
vt -3.141593 1.158070 0.000000
vt -3.141593 1.081073 0.000000
vt -2.834689 1.276333 0.000000
vt -2.859083 1.255029 0.000000
vt -2.859083 1.223660 0.000000
vt -2.859083 1.192291 0.000000
vt -2.859083 1.286398 0.000000
vt -2.878649 1.334778 0.000000
vt -2.929710 1.286398 0.000000
vt -2.929710 1.317767 0.000000
vt -3.000338 1.317767 0.000000
vt -3.000338 1.349136 0.000000
vt -3.070965 1.349136 0.000000
vt -3.070965 1.380505 0.000000
vt -3.141593 1.312063 0.000000
vt -3.141593 1.389060 0.000000
vt -3.070965 1.411874 0.000000
vt -3.070965 1.443243 0.000000
vt -3.000338 1.411874 0.000000
vt -3.000338 1.443243 0.000000
vt -2.966253 1.477246 0.000000
vt -3.000338 1.474612 0.000000
vt -3.000338 1.505981 0.000000
vt -3.070965 1.505981 0.000000
vt -3.070965 1.537350 0.000000
vt -3.141593 1.466057 0.000000
vt -3.141593 1.543054 0.000000
vt -3.070965 1.568719 0.000000
vt -3.070965 1.600088 0.000000
vt -3.031688 1.605907 0.000000
vt -3.070965 1.631457 0.000000
vt -3.053467 1.652410 0.000000
vt -3.070965 1.662827 0.000000
vt -3.075227 1.700217 0.000000
vt -3.141593 1.620051 0.000000
vt -3.141593 1.697047 0.000000
vt -3.096975 1.749012 0.000000
vt -3.141593 1.774044 0.000000
vt -3.118720 1.798503 0.000000
vt -3.140468 1.848449 0.000000
vt -2.922504 1.401732 0.000000
vt -2.929710 1.380505 0.000000
vt -2.929710 1.349136 0.000000
vt -2.929710 1.411874 0.000000
vt -2.988081 1.518106 0.000000
vt -3.000338 1.537350 0.000000
vt -3.009888 1.561036 0.000000
vt -3.141593 1.851041 0.000000
vt -3.070965 1.474612 0.000000
vt -3.141593 1.235067 0.000000
vt -3.070965 1.286398 0.000000
vt -3.070965 1.317767 0.000000
vt -3.070965 1.223660 0.000000
vt -3.070965 1.255029 0.000000
vt -3.000338 1.255029 0.000000
vt -3.000338 1.286398 0.000000
vt -2.929710 1.255029 0.000000
vt -3.141593 1.004076 0.000000
vt -3.070965 1.066814 0.000000
vt -3.070965 1.098183 0.000000
vt -3.000338 1.098183 0.000000
vt -2.929710 1.098183 0.000000
vt -2.859083 1.098183 0.000000
vt -2.788456 1.098183 0.000000
vt -3.070965 1.035445 0.000000
vt -3.070965 1.004076 0.000000
vt -3.000338 1.004076 0.000000
vt -3.000338 1.035445 0.000000
vt -2.929710 1.004076 0.000000
vt -2.929710 1.035445 0.000000
vt -2.859083 1.004076 0.000000
vt -2.859083 1.035445 0.000000
vt -2.788456 1.004076 0.000000
vt -2.788456 1.035445 0.000000
vt -2.717828 1.004076 0.000000
vt -2.717828 1.035445 0.000000
vt -2.647201 1.004076 0.000000
vt -3.070965 1.192291 0.000000
vt -3.000338 1.192291 0.000000
vt -2.929710 1.192291 0.000000
vt -2.717828 1.066814 0.000000
vt -2.788456 1.066814 0.000000
vt -2.859083 1.066814 0.000000
vt -2.929710 1.066814 0.000000
vt -3.000338 1.066814 0.000000
vt -3.000338 1.223660 0.000000
vt -2.929710 1.223660 0.000000
vt -3.000338 1.380505 0.000000
vt -1.071502 -0.648182 0.000000
vt -1.047909 -0.720913 0.000000
vt -0.860020 -0.710444 0.000000
vt -1.041531 -0.737762 0.000000
vt -1.033506 -0.754189 0.000000
vt -0.825564 -0.784197 0.000000
vt -1.023878 -0.770098 0.000000
vt -1.012705 -0.785398 0.000000
vt -0.825000 -0.785398 0.000000
vt -0.893780 -0.636348 0.000000
vt -0.910137 -0.599144 0.000000
vt -1.094859 -0.575452 0.000000
vt -0.926010 -0.561808 0.000000
vt -0.941331 -0.524210 0.000000
vt -1.117857 -0.502721 0.000000
vt -0.955956 -0.486328 0.000000
vt -0.969722 -0.448178 0.000000
vt -1.140374 -0.429990 0.000000
vt -0.982467 -0.409771 0.000000
vt -1.162291 -0.357260 0.000000
vt -0.994035 -0.371065 0.000000
vt -1.004193 -0.332022 0.000000
vt -1.183492 -0.284529 0.000000
vt -1.012682 -0.292621 0.000000
vt -1.019238 -0.252852 0.000000
vt -1.203865 -0.211799 0.000000
vt -1.023488 -0.212872 0.000000
vt -1.025000 -0.172843 0.000000
vt -1.223302 -0.139068 0.000000
vt -1.025000 -0.099133 0.000000
vt -1.241701 -0.066337 0.000000
vt -1.025000 -0.025422 0.000000
vt -1.258964 0.006393 0.000000
vt -1.025000 0.048289 0.000000
vt -1.275000 0.079124 0.000000
vt -1.025000 0.122000 0.000000
vt -1.275000 0.149751 0.000000
vt -1.025000 0.195711 0.000000
vt -1.275000 0.220379 0.000000
vt -1.025000 0.269422 0.000000
vt -1.275000 0.291006 0.000000
vt -1.025000 0.343133 0.000000
vt -1.275000 0.361634 0.000000
vt -1.025000 0.416844 0.000000
vt -1.275000 0.432261 0.000000
vt -1.025000 0.490555 0.000000
vt -1.275000 0.502888 0.000000
vt -1.025000 0.564265 0.000000
vt -1.275000 0.573516 0.000000
vt -1.025000 0.637976 0.000000
vt -1.275000 0.644143 0.000000
vt -1.025000 0.711687 0.000000
vt -1.275000 0.714771 0.000000
vt -1.025000 0.785398 0.000000
vt -1.275000 0.785398 0.000000
vt 1.450000 -0.200000 0.000000
vt 1.700000 -0.200000 0.000000
vt 1.450000 -0.100000 0.000000
vt 1.700000 -0.100000 0.000000
vt -0.173250 -0.078540 0.000000
vt 0.519750 -0.078540 0.000000
vt 0.173250 -0.056100 0.000000
vt 0.519750 -0.056100 0.000000
vt 0.173250 -0.033660 0.000000
vt 0.519750 -0.033660 0.000000
vt 0.173250 -0.011220 0.000000
vt 0.519750 -0.011220 0.000000
vt 0.173250 0.011220 0.000000
vt 0.519750 0.011220 0.000000
vt 0.173250 0.033660 0.000000
vt 0.519750 0.033660 0.000000
vt 0.173250 0.056100 0.000000
vt 0.519750 0.056100 0.000000
vt 0.519750 0.078540 0.000000
vt -0.173250 0.078540 0.000000
vt -0.173250 0.056100 0.000000
vt -0.173250 0.033660 0.000000
vt -0.173250 0.011220 0.000000
vt -0.173250 -0.011220 0.000000
vt -0.173250 -0.033660 0.000000
vt -0.173250 -0.056100 0.000000
vt 0.000000 0.582311 0.000000
vt -0.022440 0.582311 0.000000
vt -0.000000 0.537518 0.000000
vt -0.022440 0.537518 0.000000
vt -0.000000 0.492725 0.000000
vt -0.022440 0.492725 0.000000
vt -0.000000 0.447932 0.000000
vt -0.022440 0.447932 0.000000
vt -0.000000 0.403138 0.000000
vt -0.022440 0.403138 0.000000
vt -0.000000 0.358345 0.000000
vt -0.022440 0.358345 0.000000
vt -0.000000 0.313552 0.000000
vt -0.022440 0.313552 0.000000
vt -0.000000 0.268759 0.000000
vt -0.022440 0.268759 0.000000
vt -0.000000 0.223966 0.000000
vt -0.022440 0.223966 0.000000
vt -0.000000 0.179173 0.000000
vt -0.022440 0.179173 0.000000
vt -0.000000 0.134379 0.000000
vt -0.022440 0.134379 0.000000
vt -0.000000 0.089586 0.000000
vt -0.022440 0.089586 0.000000
vt -0.000000 0.044793 0.000000
vt -0.022440 0.044793 0.000000
vt -0.000000 0.000000 0.000000
vt -0.022440 0.000000 0.000000
vt -0.044880 0.044793 0.000000
vt -0.044880 0.000000 0.000000
vt -0.067320 0.044793 0.000000
vt -0.067320 0.000000 0.000000
vt -0.089760 0.044793 0.000000
vt -0.089760 0.000000 0.000000
vt -0.112200 0.044793 0.000000
vt -0.112200 0.000000 0.000000
vt -0.134640 0.044793 0.000000
vt -0.134640 0.000000 0.000000
vt -0.157080 0.000000 0.000000
vt -0.157080 0.048526 0.000000
vt -0.134640 0.089586 0.000000
vt -0.157080 0.097052 0.000000
vt -0.134640 0.134379 0.000000
vt -0.157080 0.145578 0.000000
vt -0.134640 0.179173 0.000000
vt -0.157080 0.194104 0.000000
vt -0.134640 0.223966 0.000000
vt -0.157080 0.242630 0.000000
vt -0.134640 0.268759 0.000000
vt -0.157080 0.291155 0.000000
vt -0.134640 0.313552 0.000000
vt -0.157080 0.339681 0.000000
vt -0.134640 0.358345 0.000000
vt -0.157080 0.388207 0.000000
vt -0.134640 0.403138 0.000000
vt -0.157080 0.436733 0.000000
vt -0.134640 0.447932 0.000000
vt -0.157080 0.485259 0.000000
vt -0.134640 0.492725 0.000000
vt -0.157080 0.533785 0.000000
vt -0.134640 0.537518 0.000000
vt -0.157080 0.582311 0.000000
vt -0.134640 0.582311 0.000000
vt -0.112200 0.537518 0.000000
vt -0.112200 0.582311 0.000000
vt -0.089760 0.537518 0.000000
vt -0.089760 0.582311 0.000000
vt -0.067320 0.537518 0.000000
vt -0.067320 0.582311 0.000000
vt -0.044880 0.537518 0.000000
vt -0.044880 0.582311 0.000000
vt -0.112200 0.492725 0.000000
vt -0.112200 0.447932 0.000000
vt -0.112200 0.403138 0.000000
vt -0.112200 0.358345 0.000000
vt -0.112200 0.313552 0.000000
vt -0.112200 0.268759 0.000000
vt -0.112200 0.223966 0.000000
vt -0.112200 0.179173 0.000000
vt -0.112200 0.134379 0.000000
vt -0.112200 0.089586 0.000000
vt -0.089760 0.492725 0.000000
vt -0.089760 0.447932 0.000000
vt -0.089760 0.403138 0.000000
vt -0.089760 0.358345 0.000000
vt -0.089760 0.313552 0.000000
vt -0.089760 0.268759 0.000000
vt -0.089760 0.223966 0.000000
vt -0.089760 0.179173 0.000000
vt -0.089760 0.134379 0.000000
vt -0.089760 0.089586 0.000000
vt -0.067320 0.492725 0.000000
vt -0.067320 0.447932 0.000000
vt -0.067320 0.403138 0.000000
vt -0.067320 0.358345 0.000000
vt -0.067320 0.313552 0.000000
vt -0.067320 0.268759 0.000000
vt -0.067320 0.223966 0.000000
vt -0.067320 0.179173 0.000000
vt -0.067320 0.134379 0.000000
vt -0.067320 0.089586 0.000000
vt -0.044880 0.492725 0.000000
vt -0.044880 0.447932 0.000000
vt -0.044880 0.403138 0.000000
vt -0.044880 0.358345 0.000000
vt -0.044880 0.313552 0.000000
vt -0.044880 0.268759 0.000000
vt -0.044880 0.223966 0.000000
vt -0.044880 0.179173 0.000000
vt -0.044880 0.134379 0.000000
vt -0.044880 0.089586 0.000000
vt 0.000000 -1.164622 0.000000
vt -0.022440 -1.164622 0.000000
vt 0.000000 -1.209415 0.000000
vt -0.022440 -1.209415 0.000000
vt 0.000000 -1.254208 0.000000
vt -0.022440 -1.254208 0.000000
vt 0.000000 -1.299001 0.000000
vt -0.022440 -1.299001 0.000000
vt 0.000000 -1.343795 0.000000
vt -0.022440 -1.343795 0.000000
vt 0.000000 -1.388588 0.000000
vt -0.022440 -1.388588 0.000000
vt 0.000000 -1.433381 0.000000
vt -0.022440 -1.433381 0.000000
vt 0.000000 -1.478174 0.000000
vt -0.022440 -1.478174 0.000000
vt 0.000000 -1.522967 0.000000
vt -0.022440 -1.522967 0.000000
vt 0.000000 -1.567760 0.000000
vt -0.022440 -1.567760 0.000000
vt 0.000000 -1.612553 0.000000
vt -0.022440 -1.612553 0.000000
vt 0.000000 -1.657347 0.000000
vt -0.022440 -1.657347 0.000000
vt 0.000000 -1.702140 0.000000
vt -0.022440 -1.702140 0.000000
vt 0.000000 -1.746933 0.000000
vt -0.022440 -1.746933 0.000000
vt -0.044880 -1.702140 0.000000
vt -0.044880 -1.746933 0.000000
vt -0.067320 -1.702140 0.000000
vt -0.067320 -1.746933 0.000000
vt -0.089760 -1.702140 0.000000
vt -0.089760 -1.746933 0.000000
vt -0.112200 -1.702140 0.000000
vt -0.112200 -1.746933 0.000000
vt -0.134640 -1.702140 0.000000
vt -0.134640 -1.746933 0.000000
vt -0.157080 -1.746933 0.000000
vt -0.157080 -1.698407 0.000000
vt -0.134640 -1.657347 0.000000
vt -0.157080 -1.649881 0.000000
vt -0.134640 -1.612553 0.000000
vt -0.157080 -1.601355 0.000000
vt -0.134640 -1.567760 0.000000
vt -0.157080 -1.552829 0.000000
vt -0.134640 -1.522967 0.000000
vt -0.157080 -1.504303 0.000000
vt -0.134640 -1.478174 0.000000
vt -0.157080 -1.455777 0.000000
vt -0.134640 -1.433381 0.000000
vt -0.157080 -1.407252 0.000000
vt -0.134640 -1.388588 0.000000
vt -0.157080 -1.358726 0.000000
vt -0.134640 -1.343795 0.000000
vt -0.157080 -1.310200 0.000000
vt -0.134640 -1.299001 0.000000
vt -0.157080 -1.261674 0.000000
vt -0.134640 -1.254208 0.000000
vt -0.157080 -1.213148 0.000000
vt -0.134640 -1.209415 0.000000
vt -0.157080 -1.164622 0.000000
vt -0.134640 -1.164622 0.000000
vt -0.112200 -1.209415 0.000000
vt -0.112200 -1.164622 0.000000
vt -0.089760 -1.209415 0.000000
vt -0.089760 -1.164622 0.000000
vt -0.067320 -1.209415 0.000000
vt -0.067320 -1.164622 0.000000
vt -0.044880 -1.209415 0.000000
vt -0.044880 -1.164622 0.000000
vt -0.112200 -1.254208 0.000000
vt -0.112200 -1.299001 0.000000
vt -0.112200 -1.343795 0.000000
vt -0.112200 -1.388588 0.000000
vt -0.112200 -1.433381 0.000000
vt -0.112200 -1.478174 0.000000
vt -0.112200 -1.522967 0.000000
vt -0.112200 -1.567760 0.000000
vt -0.112200 -1.612553 0.000000
vt -0.112200 -1.657347 0.000000
vt -0.089760 -1.254208 0.000000
vt -0.089760 -1.299001 0.000000
vt -0.089760 -1.343795 0.000000
vt -0.089760 -1.388588 0.000000
vt -0.089760 -1.433381 0.000000
vt -0.089760 -1.478174 0.000000
vt -0.089760 -1.522967 0.000000
vt -0.089760 -1.567760 0.000000
vt -0.089760 -1.612553 0.000000
vt -0.089760 -1.657347 0.000000
vt -0.067320 -1.254208 0.000000
vt -0.067320 -1.299001 0.000000
vt -0.067320 -1.343795 0.000000
vt -0.067320 -1.388588 0.000000
vt -0.067320 -1.433381 0.000000
vt -0.067320 -1.478174 0.000000
vt -0.067320 -1.522967 0.000000
vt -0.067320 -1.567760 0.000000
vt -0.067320 -1.612553 0.000000
vt -0.067320 -1.657347 0.000000
vt -0.044880 -1.254208 0.000000
vt -0.044880 -1.299001 0.000000
vt -0.044880 -1.343795 0.000000
vt -0.044880 -1.388588 0.000000
vt -0.044880 -1.433381 0.000000
vt -0.044880 -1.478174 0.000000
vt -0.044880 -1.522967 0.000000
vt -0.044880 -1.567760 0.000000
vt -0.044880 -1.612553 0.000000
vt -0.044880 -1.657347 0.000000
vt 0.519750 0.078540 0.000000
vt -0.173250 0.078540 0.000000
vt 0.173250 0.056100 0.000000
vt -0.173250 0.056100 0.000000
vt 0.173250 0.033660 0.000000
vt -0.173250 0.033660 0.000000
vt 0.173250 0.011220 0.000000
vt -0.173250 0.011220 0.000000
vt 0.173250 -0.011220 0.000000
vt -0.173250 -0.011220 0.000000
vt 0.173250 -0.033660 0.000000
vt -0.173250 -0.033660 0.000000
vt 0.173250 -0.056100 0.000000
vt -0.173250 -0.056100 0.000000
vt -0.173250 -0.078540 0.000000
vt 0.519750 -0.078540 0.000000
vt 0.519750 -0.056100 0.000000
vt 0.519750 -0.033660 0.000000
vt 0.519750 -0.011220 0.000000
vt 0.519750 0.011220 0.000000
vt 0.519750 0.033660 0.000000
vt 0.519750 0.056100 0.000000
vt -0.000000 -0.582311 0.000000
vt -0.022440 -0.582311 0.000000
vt -0.000000 -0.627104 0.000000
vt -0.022440 -0.627104 0.000000
vt -0.000000 -0.671897 0.000000
vt -0.022440 -0.671897 0.000000
vt -0.000000 -0.716690 0.000000
vt -0.022440 -0.716690 0.000000
vt -0.000000 -0.761484 0.000000
vt -0.022440 -0.761484 0.000000
vt -0.000000 -0.806277 0.000000
vt -0.022440 -0.806277 0.000000
vt -0.000000 -0.851070 0.000000
vt -0.022440 -0.851070 0.000000
vt -0.000000 -0.895863 0.000000
vt -0.022440 -0.895863 0.000000
vt -0.000000 -0.940656 0.000000
vt -0.022440 -0.940656 0.000000
vt -0.000000 -0.985449 0.000000
vt -0.022440 -0.985449 0.000000
vt -0.000000 -1.030242 0.000000
vt -0.022440 -1.030242 0.000000
vt -0.000000 -1.075036 0.000000
vt -0.022440 -1.075036 0.000000
vt -0.000000 -1.119829 0.000000
vt -0.022440 -1.119829 0.000000
vt -0.000000 -1.164622 0.000000
vt -0.022440 -1.164622 0.000000
vt -0.044880 -1.119829 0.000000
vt -0.044880 -1.164622 0.000000
vt -0.067320 -1.119829 0.000000
vt -0.067320 -1.164622 0.000000
vt -0.089760 -1.119829 0.000000
vt -0.089760 -1.164622 0.000000
vt -0.112200 -1.119829 0.000000
vt -0.112200 -1.164622 0.000000
vt -0.134640 -1.119829 0.000000
vt -0.134640 -1.164622 0.000000
vt -0.157080 -1.164622 0.000000
vt -0.157080 -1.116096 0.000000
vt -0.134640 -1.075036 0.000000
vt -0.157080 -1.067570 0.000000
vt -0.134640 -1.030242 0.000000
vt -0.157080 -1.019044 0.000000
vt -0.134640 -0.985449 0.000000
vt -0.157080 -0.970518 0.000000
vt -0.134640 -0.940656 0.000000
vt -0.157080 -0.921992 0.000000
vt -0.134640 -0.895863 0.000000
vt -0.157080 -0.873466 0.000000
vt -0.134640 -0.851070 0.000000
vt -0.157080 -0.824941 0.000000
vt -0.134640 -0.806277 0.000000
vt -0.157080 -0.776415 0.000000
vt -0.134640 -0.761484 0.000000
vt -0.157080 -0.727889 0.000000
vt -0.134640 -0.716690 0.000000
vt -0.157080 -0.679363 0.000000
vt -0.134640 -0.671897 0.000000
vt -0.157080 -0.630837 0.000000
vt -0.134640 -0.627104 0.000000
vt -0.157080 -0.582311 0.000000
vt -0.134640 -0.582311 0.000000
vt -0.112200 -0.627104 0.000000
vt -0.112200 -0.582311 0.000000
vt -0.089760 -0.627104 0.000000
vt -0.089760 -0.582311 0.000000
vt -0.067320 -0.627104 0.000000
vt -0.067320 -0.582311 0.000000
vt -0.044880 -0.627104 0.000000
vt -0.044880 -0.582311 0.000000
vt -0.112200 -0.671897 0.000000
vt -0.112200 -0.716690 0.000000
vt -0.112200 -0.761484 0.000000
vt -0.112200 -0.806277 0.000000
vt -0.112200 -0.851070 0.000000
vt -0.112200 -0.895863 0.000000
vt -0.112200 -0.940656 0.000000
vt -0.112200 -0.985449 0.000000
vt -0.112200 -1.030242 0.000000
vt -0.112200 -1.075036 0.000000
vt -0.089760 -0.671897 0.000000
vt -0.089760 -0.716690 0.000000
vt -0.089760 -0.761484 0.000000
vt -0.089760 -0.806277 0.000000
vt -0.089760 -0.851070 0.000000
vt -0.089760 -0.895863 0.000000
vt -0.089760 -0.940656 0.000000
vt -0.089760 -0.985449 0.000000
vt -0.089760 -1.030242 0.000000
vt -0.089760 -1.075036 0.000000
vt -0.067320 -0.671897 0.000000
vt -0.067320 -0.716690 0.000000
vt -0.067320 -0.761484 0.000000
vt -0.067320 -0.806277 0.000000
vt -0.067320 -0.851070 0.000000
vt -0.067320 -0.895863 0.000000
vt -0.067320 -0.940656 0.000000
vt -0.067320 -0.985449 0.000000
vt -0.067320 -1.030242 0.000000
vt -0.067320 -1.075036 0.000000
vt -0.044880 -0.671897 0.000000
vt -0.044880 -0.716690 0.000000
vt -0.044880 -0.761484 0.000000
vt -0.044880 -0.806277 0.000000
vt -0.044880 -0.851070 0.000000
vt -0.044880 -0.895863 0.000000
vt -0.044880 -0.940656 0.000000
vt -0.044880 -0.985449 0.000000
vt -0.044880 -1.030242 0.000000
vt -0.044880 -1.075036 0.000000
vt -0.425000 0.056100 0.000000
vt 0.000000 0.056100 0.000000
vt -0.425000 0.078540 0.000000
vt 0.425000 0.056100 0.000000
vt 1.275000 0.078540 0.000000
vt 0.850000 0.056100 0.000000
vt 1.275000 0.056100 0.000000
vt 1.275000 0.033660 0.000000
vt 0.850000 0.033660 0.000000
vt 1.275000 0.011220 0.000000
vt 0.850000 0.011220 0.000000
vt 1.275000 -0.011220 0.000000
vt 0.850000 -0.011220 0.000000
vt 1.275000 -0.033660 0.000000
vt 0.850000 -0.033660 0.000000
vt 1.275000 -0.056100 0.000000
vt 0.850000 -0.056100 0.000000
vt 1.275000 -0.078540 0.000000
vt 0.425000 -0.056100 0.000000
vt -0.425000 -0.078540 0.000000
vt 0.000000 -0.056100 0.000000
vt -0.425000 -0.056100 0.000000
vt -0.425000 -0.033660 0.000000
vt 0.000000 -0.033660 0.000000
vt -0.425000 -0.011220 0.000000
vt 0.000000 -0.011220 0.000000
vt -0.425000 0.011220 0.000000
vt 0.000000 0.011220 0.000000
vt -0.425000 0.033660 0.000000
vt 0.000000 0.033660 0.000000
vt 0.425000 0.033660 0.000000
vt 0.425000 0.011220 0.000000
vt 0.425000 -0.011220 0.000000
vt 0.425000 -0.033660 0.000000
vt -0.000000 -0.000000 0.000000
vt -0.022440 -0.000000 0.000000
vt -0.000000 -0.044793 0.000000
vt -0.022440 -0.044793 0.000000
vt -0.000000 -0.089586 0.000000
vt -0.022440 -0.089586 0.000000
vt -0.000000 -0.134379 0.000000
vt -0.022440 -0.134379 0.000000
vt -0.000000 -0.179173 0.000000
vt -0.022440 -0.179173 0.000000
vt -0.000000 -0.223966 0.000000
vt -0.022440 -0.223966 0.000000
vt -0.000000 -0.268759 0.000000
vt -0.022440 -0.268759 0.000000
vt -0.000000 -0.313552 0.000000
vt -0.022440 -0.313552 0.000000
vt -0.000000 -0.358345 0.000000
vt -0.022440 -0.358345 0.000000
vt -0.000000 -0.403138 0.000000
vt -0.022440 -0.403138 0.000000
vt -0.000000 -0.447932 0.000000
vt -0.022440 -0.447932 0.000000
vt -0.000000 -0.492725 0.000000
vt -0.022440 -0.492725 0.000000
vt -0.000000 -0.537518 0.000000
vt -0.022440 -0.537518 0.000000
vt -0.000000 -0.582311 0.000000
vt -0.022440 -0.582311 0.000000
vt -0.044880 -0.537518 0.000000
vt -0.044880 -0.582311 0.000000
vt -0.067320 -0.537518 0.000000
vt -0.067320 -0.582311 0.000000
vt -0.089760 -0.537518 0.000000
vt -0.089760 -0.582311 0.000000
vt -0.112200 -0.537518 0.000000
vt -0.112200 -0.582311 0.000000
vt -0.134640 -0.537518 0.000000
vt -0.134640 -0.582311 0.000000
vt -0.157080 -0.582311 0.000000
vt -0.157080 -0.533785 0.000000
vt -0.134640 -0.492725 0.000000
vt -0.157080 -0.485259 0.000000
vt -0.134640 -0.447932 0.000000
vt -0.157080 -0.436733 0.000000
vt -0.134640 -0.403138 0.000000
vt -0.157080 -0.388207 0.000000
vt -0.134640 -0.358345 0.000000
vt -0.157080 -0.339681 0.000000
vt -0.134640 -0.313552 0.000000
vt -0.157080 -0.291155 0.000000
vt -0.134640 -0.268759 0.000000
vt -0.157080 -0.242630 0.000000
vt -0.134640 -0.223966 0.000000
vt -0.157080 -0.194104 0.000000
vt -0.134640 -0.179173 0.000000
vt -0.157080 -0.145578 0.000000
vt -0.134640 -0.134379 0.000000
vt -0.157080 -0.097052 0.000000
vt -0.134640 -0.089586 0.000000
vt -0.157080 -0.048526 0.000000
vt -0.134640 -0.044793 0.000000
vt -0.157080 0.000000 0.000000
vt -0.134640 -0.000000 0.000000
vt -0.112200 -0.044793 0.000000
vt -0.112200 -0.000000 0.000000
vt -0.089760 -0.044793 0.000000
vt -0.089760 -0.000000 0.000000
vt -0.067320 -0.044793 0.000000
vt -0.067320 -0.000000 0.000000
vt -0.044880 -0.044793 0.000000
vt -0.044880 -0.000000 0.000000
vt -0.112200 -0.089586 0.000000
vt -0.112200 -0.134379 0.000000
vt -0.112200 -0.179173 0.000000
vt -0.112200 -0.223966 0.000000
vt -0.112200 -0.268759 0.000000
vt -0.112200 -0.313552 0.000000
vt -0.112200 -0.358345 0.000000
vt -0.112200 -0.403138 0.000000
vt -0.112200 -0.447932 0.000000
vt -0.112200 -0.492725 0.000000
vt -0.089760 -0.089586 0.000000
vt -0.089760 -0.134379 0.000000
vt -0.089760 -0.179173 0.000000
vt -0.089760 -0.223966 0.000000
vt -0.089760 -0.268759 0.000000
vt -0.089760 -0.313552 0.000000
vt -0.089760 -0.358345 0.000000
vt -0.089760 -0.403138 0.000000
vt -0.089760 -0.447932 0.000000
vt -0.089760 -0.492725 0.000000
vt -0.067320 -0.089586 0.000000
vt -0.067320 -0.134379 0.000000
vt -0.067320 -0.179173 0.000000
vt -0.067320 -0.223966 0.000000
vt -0.067320 -0.268759 0.000000
vt -0.067320 -0.313552 0.000000
vt -0.067320 -0.358345 0.000000
vt -0.067320 -0.403138 0.000000
vt -0.067320 -0.447932 0.000000
vt -0.067320 -0.492725 0.000000
vt -0.044880 -0.089586 0.000000
vt -0.044880 -0.134379 0.000000
vt -0.044880 -0.179173 0.000000
vt -0.044880 -0.223966 0.000000
vt -0.044880 -0.268759 0.000000
vt -0.044880 -0.313552 0.000000
vt -0.044880 -0.358345 0.000000
vt -0.044880 -0.403138 0.000000
vt -0.044880 -0.447932 0.000000
vt -0.044880 -0.492725 0.000000
vt -2.000000 0.098315 0.000000
vt -1.266667 0.096664 0.000000
vt 0.100000 0.098315 0.000000
vt -0.533333 0.096664 0.000000
vt 0.200000 0.096664 0.000000
vt 0.200000 0.048332 0.000000
vt -0.533333 0.048332 0.000000
vt 0.200000 0.000000 0.000000
vt -1.266667 0.048332 0.000000
vt -2.000000 0.032772 0.000000
vt -2.000000 0.065544 0.000000
vt -2.000000 0.000000 0.000000
vt 0.200000 0.144997 0.000000
vt 0.100000 0.146498 0.000000
vt 0.200000 0.193329 0.000000
vt 0.100000 0.194680 0.000000
vt 0.200000 0.241661 0.000000
vt 0.100000 0.242862 0.000000
vt 0.200000 0.289993 0.000000
vt 0.100000 0.291044 0.000000
vt 0.200000 0.338325 0.000000
vt 0.100000 0.339226 0.000000
vt 0.200000 0.386658 0.000000
vt 0.100000 0.387408 0.000000
vt 0.200000 0.434990 0.000000
vt 0.100000 0.435590 0.000000
vt 0.200000 0.483322 0.000000
vt 0.100000 0.483772 0.000000
vt 0.200000 0.531654 0.000000
vt 0.100000 0.531954 0.000000
vt 0.200000 0.579986 0.000000
vt 0.100000 0.580136 0.000000
vt 0.200000 0.628319 0.000000
vt 0.100000 0.628319 0.000000
vt 0.100000 0.481821 0.000000
vt 0.200000 0.483322 0.000000
vt 0.100000 0.530003 0.000000
vt 0.200000 0.531654 0.000000
vt -0.533333 0.531654 0.000000
vt -0.533333 0.579986 0.000000
vt -1.266667 0.579986 0.000000
vt -2.000000 0.628319 0.000000
vt -2.000000 0.595547 0.000000
vt 0.200000 0.434990 0.000000
vt 0.100000 0.433639 0.000000
vt 0.200000 0.386658 0.000000
vt 0.100000 0.385457 0.000000
vt 0.200000 0.338325 0.000000
vt 0.100000 0.337275 0.000000
vt 0.200000 0.289993 0.000000
vt 0.100000 0.289093 0.000000
vt 0.200000 0.241661 0.000000
vt 0.100000 0.240910 0.000000
vt 0.200000 0.193329 0.000000
vt 0.100000 0.192728 0.000000
vt 0.200000 0.144997 0.000000
vt 0.100000 0.144546 0.000000
vt 0.200000 0.096664 0.000000
vt 0.100000 0.096364 0.000000
vt 0.200000 0.048332 0.000000
vt 0.100000 0.048182 0.000000
vt 0.200000 0.000000 0.000000
vt 0.100000 0.000000 0.000000
vt 0.200000 0.579986 0.000000
vt 0.200000 0.628319 0.000000
vt -2.000000 0.562775 0.000000
vt -1.266667 0.531654 0.000000
vt -2.000000 0.530003 0.000000
vt 0.000000 -0.200000 0.000000
vt 0.693000 -0.200000 0.000000
vt 0.000000 2.000000 0.000000
vt 0.693000 2.000000 0.000000
vt -0.173250 -0.078540 0.000000
vt 0.519750 -0.078540 0.000000
vt 0.173250 -0.056100 0.000000
vt 0.519750 -0.056100 0.000000
vt 0.173250 -0.033660 0.000000
vt 0.519750 -0.033660 0.000000
vt 0.173250 -0.011220 0.000000
vt 0.519750 -0.011220 0.000000
vt 0.173250 0.011220 0.000000
vt 0.519750 0.011220 0.000000
vt 0.173250 0.033660 0.000000
vt 0.519750 0.033660 0.000000
vt 0.173250 0.056100 0.000000
vt 0.519750 0.056100 0.000000
vt 0.519750 0.078540 0.000000
vt -0.173250 0.078540 0.000000
vt -0.173250 0.056100 0.000000
vt -0.173250 0.033660 0.000000
vt -0.173250 0.011220 0.000000
vt -0.173250 -0.011220 0.000000
vt -0.173250 -0.033660 0.000000
vt -0.173250 -0.056100 0.000000
vt 0.314159 0.174075 0.000000
vt 0.314159 0.203087 0.000000
vt 0.291719 0.186163 0.000000
vt 0.291719 0.203087 0.000000
vt 0.269279 0.203087 0.000000
vt 0.269279 0.186163 0.000000
vt 0.246839 0.203087 0.000000
vt 0.246839 0.186163 0.000000
vt 0.224399 0.203087 0.000000
vt 0.224399 0.186163 0.000000
vt 0.201960 0.203087 0.000000
vt 0.201960 0.186163 0.000000
vt 0.179520 0.203087 0.000000
vt 0.179520 0.186163 0.000000
vt 0.157080 0.203087 0.000000
vt 0.157080 0.182778 0.000000
vt 0.179520 0.169239 0.000000
vt 0.157080 0.162470 0.000000
vt 0.179520 0.152315 0.000000
vt 0.157080 0.142161 0.000000
vt 0.179520 0.135391 0.000000
vt 0.157080 0.121852 0.000000
vt 0.179520 0.118468 0.000000
vt 0.157080 0.101544 0.000000
vt 0.179520 0.101544 0.000000
vt 0.179520 0.084620 0.000000
vt 0.201960 0.084620 0.000000
vt 0.201960 0.067696 0.000000
vt 0.224399 0.067696 0.000000
vt 0.224399 0.050772 0.000000
vt 0.246839 0.050772 0.000000
vt 0.246839 0.033848 0.000000
vt 0.269279 0.033848 0.000000
vt 0.269279 0.016924 0.000000
vt 0.291719 0.016924 0.000000
vt 0.291719 0.000000 0.000000
vt 0.314159 0.000000 0.000000
vt 0.157080 0.081235 0.000000
vt 0.179520 0.067696 0.000000
vt 0.201960 0.050772 0.000000
vt 0.224399 0.033848 0.000000
vt 0.246839 0.016924 0.000000
vt 0.269279 0.000000 0.000000
vt 0.157080 0.060926 0.000000
vt 0.179520 0.050772 0.000000
vt 0.201960 0.033848 0.000000
vt 0.224399 0.016924 0.000000
vt 0.246839 0.000000 0.000000
vt 0.157080 0.040617 0.000000
vt 0.179520 0.033848 0.000000
vt 0.201960 0.016924 0.000000
vt 0.224399 0.000000 0.000000
vt 0.157080 0.020309 0.000000
vt 0.179520 0.016924 0.000000
vt 0.201960 0.000000 0.000000
vt 0.157080 0.000000 0.000000
vt 0.179520 0.000000 0.000000
vt 0.314159 0.029012 0.000000
vt 0.291719 0.033848 0.000000
vt 0.269279 0.050772 0.000000
vt 0.246839 0.067696 0.000000
vt 0.224399 0.084620 0.000000
vt 0.201960 0.101544 0.000000
vt 0.314159 0.058025 0.000000
vt 0.291719 0.050772 0.000000
vt 0.269279 0.067696 0.000000
vt 0.246839 0.084620 0.000000
vt 0.224399 0.101544 0.000000
vt 0.201960 0.118468 0.000000
vt 0.291719 0.067696 0.000000
vt 0.314159 0.087037 0.000000
vt 0.291719 0.084620 0.000000
vt 0.291719 0.101544 0.000000
vt 0.269279 0.101544 0.000000
vt 0.269279 0.118468 0.000000
vt 0.246839 0.118468 0.000000
vt 0.246839 0.135391 0.000000
vt 0.224399 0.135391 0.000000
vt 0.224399 0.152315 0.000000
vt 0.201960 0.152315 0.000000
vt 0.201960 0.169239 0.000000
vt 0.314159 0.116050 0.000000
vt 0.291719 0.118468 0.000000
vt 0.269279 0.135391 0.000000
vt 0.246839 0.152315 0.000000
vt 0.224399 0.169239 0.000000
vt 0.314159 0.145062 0.000000
vt 0.291719 0.135391 0.000000
vt 0.269279 0.152315 0.000000
vt 0.246839 0.169239 0.000000
vt 0.291719 0.152315 0.000000
vt 0.291719 0.169239 0.000000
vt 0.269279 0.169239 0.000000
vt 0.201960 0.135391 0.000000
vt 0.224399 0.118468 0.000000
vt 0.246839 0.101544 0.000000
vt 0.269279 0.084620 0.000000
vt 0.314159 -0.435187 0.000000
vt 0.314159 -0.406174 0.000000
vt 0.291719 -0.423098 0.000000
vt 0.291719 -0.406174 0.000000
vt 0.269279 -0.406174 0.000000
vt 0.269279 -0.423098 0.000000
vt 0.246839 -0.406174 0.000000
vt 0.246839 -0.423098 0.000000
vt 0.224399 -0.406174 0.000000
vt 0.224399 -0.423098 0.000000
vt 0.201960 -0.406174 0.000000
vt 0.201960 -0.423098 0.000000
vt 0.179520 -0.406174 0.000000
vt 0.179520 -0.423098 0.000000
vt 0.157080 -0.406174 0.000000
vt 0.157080 -0.426483 0.000000
vt 0.179520 -0.440022 0.000000
vt 0.157080 -0.446792 0.000000
vt 0.179520 -0.456946 0.000000
vt 0.157080 -0.467101 0.000000
vt 0.179520 -0.473870 0.000000
vt 0.157080 -0.487409 0.000000
vt 0.179520 -0.490794 0.000000
vt 0.157080 -0.507718 0.000000
vt 0.179520 -0.507718 0.000000
vt 0.179520 -0.524642 0.000000
vt 0.201960 -0.524642 0.000000
vt 0.201960 -0.541566 0.000000
vt 0.224399 -0.541566 0.000000
vt 0.224399 -0.558490 0.000000
vt 0.246839 -0.558490 0.000000
vt 0.246839 -0.575414 0.000000
vt 0.269279 -0.575414 0.000000
vt 0.269279 -0.592338 0.000000
vt 0.291719 -0.592338 0.000000
vt 0.291719 -0.609262 0.000000
vt 0.314159 -0.609262 0.000000
vt 0.157080 -0.528027 0.000000
vt 0.179520 -0.541566 0.000000
vt 0.201960 -0.558490 0.000000
vt 0.224399 -0.575414 0.000000
vt 0.246839 -0.592338 0.000000
vt 0.269279 -0.609262 0.000000
vt 0.157080 -0.548335 0.000000
vt 0.179520 -0.558490 0.000000
vt 0.201960 -0.575414 0.000000
vt 0.224399 -0.592338 0.000000
vt 0.246839 -0.609262 0.000000
vt 0.157080 -0.568644 0.000000
vt 0.179520 -0.575414 0.000000
vt 0.201960 -0.592338 0.000000
vt 0.224399 -0.609262 0.000000
vt 0.157080 -0.588953 0.000000
vt 0.179520 -0.592338 0.000000
vt 0.201960 -0.609262 0.000000
vt 0.157080 -0.609262 0.000000
vt 0.179520 -0.609262 0.000000
vt 0.314159 -0.580249 0.000000
vt 0.291719 -0.575414 0.000000
vt 0.269279 -0.558490 0.000000
vt 0.246839 -0.541566 0.000000
vt 0.224399 -0.524642 0.000000
vt 0.201960 -0.507718 0.000000
vt 0.314159 -0.551237 0.000000
vt 0.291719 -0.558490 0.000000
vt 0.269279 -0.541566 0.000000
vt 0.246839 -0.524642 0.000000
vt 0.224399 -0.507718 0.000000
vt 0.201960 -0.490794 0.000000
vt 0.291719 -0.541566 0.000000
vt 0.314159 -0.522224 0.000000
vt 0.291719 -0.524642 0.000000
vt 0.291719 -0.507718 0.000000
vt 0.269279 -0.507718 0.000000
vt 0.269279 -0.490794 0.000000
vt 0.246839 -0.490794 0.000000
vt 0.246839 -0.473870 0.000000
vt 0.224399 -0.473870 0.000000
vt 0.224399 -0.456946 0.000000
vt 0.201960 -0.456946 0.000000
vt 0.201960 -0.440022 0.000000
vt 0.314159 -0.493212 0.000000
vt 0.291719 -0.490794 0.000000
vt 0.269279 -0.473870 0.000000
vt 0.246839 -0.456946 0.000000
vt 0.224399 -0.440022 0.000000
vt 0.314159 -0.464199 0.000000
vt 0.291719 -0.473870 0.000000
vt 0.269279 -0.456946 0.000000
vt 0.246839 -0.440022 0.000000
vt 0.291719 -0.456946 0.000000
vt 0.291719 -0.440022 0.000000
vt 0.269279 -0.440022 0.000000
vt 0.201960 -0.473870 0.000000
vt 0.224399 -0.490794 0.000000
vt 0.246839 -0.507718 0.000000
vt 0.269279 -0.524642 0.000000
vt 0.519750 0.078540 0.000000
vt -0.173250 0.078540 0.000000
vt 0.173250 0.056100 0.000000
vt -0.173250 0.056100 0.000000
vt 0.173250 0.033660 0.000000
vt -0.173250 0.033660 0.000000
vt 0.173250 0.011220 0.000000
vt -0.173250 0.011220 0.000000
vt 0.173250 -0.011220 0.000000
vt -0.173250 -0.011220 0.000000
vt 0.173250 -0.033660 0.000000
vt -0.173250 -0.033660 0.000000
vt 0.173250 -0.056100 0.000000
vt -0.173250 -0.056100 0.000000
vt -0.173250 -0.078540 0.000000
vt 0.519750 -0.078540 0.000000
vt 0.519750 -0.056100 0.000000
vt 0.519750 -0.033660 0.000000
vt 0.519750 -0.011220 0.000000
vt 0.519750 0.011220 0.000000
vt 0.519750 0.033660 0.000000
vt 0.519750 0.056100 0.000000
vt 0.314159 -0.232100 0.000000
vt 0.314159 -0.203087 0.000000
vt 0.291719 -0.220011 0.000000
vt 0.291719 -0.203087 0.000000
vt 0.269279 -0.203087 0.000000
vt 0.269279 -0.220011 0.000000
vt 0.246839 -0.203087 0.000000
vt 0.246839 -0.220011 0.000000
vt 0.224399 -0.203087 0.000000
vt 0.224399 -0.220011 0.000000
vt 0.201960 -0.203087 0.000000
vt 0.201960 -0.220011 0.000000
vt 0.179520 -0.203087 0.000000
vt 0.179520 -0.220011 0.000000
vt 0.157080 -0.203087 0.000000
vt 0.157080 -0.223396 0.000000
vt 0.179520 -0.236935 0.000000
vt 0.157080 -0.243705 0.000000
vt 0.179520 -0.253859 0.000000
vt 0.157080 -0.264013 0.000000
vt 0.179520 -0.270783 0.000000
vt 0.157080 -0.284322 0.000000
vt 0.179520 -0.287707 0.000000
vt 0.157080 -0.304631 0.000000
vt 0.179520 -0.304631 0.000000
vt 0.179520 -0.321555 0.000000
vt 0.201960 -0.321555 0.000000
vt 0.201960 -0.338479 0.000000
vt 0.224399 -0.338479 0.000000
vt 0.224399 -0.355403 0.000000
vt 0.246839 -0.355403 0.000000
vt 0.246839 -0.372327 0.000000
vt 0.269279 -0.372327 0.000000
vt 0.269279 -0.389250 0.000000
vt 0.291719 -0.389250 0.000000
vt 0.291719 -0.406174 0.000000
vt 0.314159 -0.406174 0.000000
vt 0.157080 -0.324940 0.000000
vt 0.179520 -0.338479 0.000000
vt 0.201960 -0.355403 0.000000
vt 0.224399 -0.372327 0.000000
vt 0.246839 -0.389250 0.000000
vt 0.269279 -0.406174 0.000000
vt 0.157080 -0.345248 0.000000
vt 0.179520 -0.355403 0.000000
vt 0.201960 -0.372327 0.000000
vt 0.224399 -0.389250 0.000000
vt 0.246839 -0.406174 0.000000
vt 0.157080 -0.365557 0.000000
vt 0.179520 -0.372327 0.000000
vt 0.201960 -0.389250 0.000000
vt 0.224399 -0.406174 0.000000
vt 0.157080 -0.385866 0.000000
vt 0.179520 -0.389250 0.000000
vt 0.201960 -0.406174 0.000000
vt 0.157080 -0.406174 0.000000
vt 0.179520 -0.406174 0.000000
vt 0.314159 -0.377162 0.000000
vt 0.291719 -0.372327 0.000000
vt 0.269279 -0.355403 0.000000
vt 0.246839 -0.338479 0.000000
vt 0.224399 -0.321555 0.000000
vt 0.201960 -0.304631 0.000000
vt 0.314159 -0.348149 0.000000
vt 0.291719 -0.355403 0.000000
vt 0.269279 -0.338479 0.000000
vt 0.246839 -0.321555 0.000000
vt 0.224399 -0.304631 0.000000
vt 0.201960 -0.287707 0.000000
vt 0.291719 -0.338479 0.000000
vt 0.314159 -0.319137 0.000000
vt 0.291719 -0.321555 0.000000
vt 0.291719 -0.304631 0.000000
vt 0.269279 -0.304631 0.000000
vt 0.269279 -0.287707 0.000000
vt 0.246839 -0.287707 0.000000
vt 0.246839 -0.270783 0.000000
vt 0.224399 -0.270783 0.000000
vt 0.224399 -0.253859 0.000000
vt 0.201960 -0.253859 0.000000
vt 0.201960 -0.236935 0.000000
vt 0.314159 -0.290125 0.000000
vt 0.291719 -0.287707 0.000000
vt 0.269279 -0.270783 0.000000
vt 0.246839 -0.253859 0.000000
vt 0.224399 -0.236935 0.000000
vt 0.314159 -0.261112 0.000000
vt 0.291719 -0.270783 0.000000
vt 0.269279 -0.253859 0.000000
vt 0.246839 -0.236935 0.000000
vt 0.291719 -0.253859 0.000000
vt 0.291719 -0.236935 0.000000
vt 0.269279 -0.236935 0.000000
vt 0.201960 -0.270783 0.000000
vt 0.224399 -0.287707 0.000000
vt 0.246839 -0.304631 0.000000
vt 0.269279 -0.321555 0.000000
vt -0.425000 0.056100 0.000000
vt -0.000000 0.056100 0.000000
vt -0.425000 0.078540 0.000000
vt 0.425000 0.056100 0.000000
vt 1.275000 0.078540 0.000000
vt 0.850000 0.056100 0.000000
vt 1.275000 0.056100 0.000000
vt 1.275000 0.033660 0.000000
vt 0.850000 0.033660 0.000000
vt 1.275000 0.011220 0.000000
vt 0.850000 0.011220 0.000000
vt 1.275000 -0.011220 0.000000
vt 0.850000 -0.011220 0.000000
vt 1.275000 -0.033660 0.000000
vt 0.850000 -0.033660 0.000000
vt 1.275000 -0.056100 0.000000
vt 0.850000 -0.056100 0.000000
vt 1.275000 -0.078540 0.000000
vt 0.425000 -0.056100 0.000000
vt -0.425000 -0.078540 0.000000
vt -0.000000 -0.056100 0.000000
vt -0.425000 -0.056100 0.000000
vt -0.425000 -0.033660 0.000000
vt -0.000000 -0.033660 0.000000
vt -0.425000 -0.011220 0.000000
vt -0.000000 -0.011220 0.000000
vt -0.425000 0.011220 0.000000
vt -0.000000 0.011220 0.000000
vt -0.425000 0.033660 0.000000
vt -0.000000 0.033660 0.000000
vt 0.425000 0.033660 0.000000
vt 0.425000 0.011220 0.000000
vt 0.425000 -0.011220 0.000000
vt 0.425000 -0.033660 0.000000
vt 0.314159 -0.029012 0.000000
vt 0.314159 0.000000 0.000000
vt 0.291719 -0.016924 0.000000
vt 0.291719 0.000000 0.000000
vt 0.269279 0.000000 0.000000
vt 0.269279 -0.016924 0.000000
vt 0.246839 0.000000 0.000000
vt 0.246839 -0.016924 0.000000
vt 0.224399 0.000000 0.000000
vt 0.224399 -0.016924 0.000000
vt 0.201960 0.000000 0.000000
vt 0.201960 -0.016924 0.000000
vt 0.179520 0.000000 0.000000
vt 0.179520 -0.016924 0.000000
vt 0.157080 0.000000 0.000000
vt 0.157080 -0.020309 0.000000
vt 0.179520 -0.033848 0.000000
vt 0.157080 -0.040617 0.000000
vt 0.179520 -0.050772 0.000000
vt 0.157080 -0.060926 0.000000
vt 0.179520 -0.067696 0.000000
vt 0.157080 -0.081235 0.000000
vt 0.179520 -0.084620 0.000000
vt 0.157080 -0.101544 0.000000
vt 0.179520 -0.101544 0.000000
vt 0.179520 -0.118468 0.000000
vt 0.201960 -0.118468 0.000000
vt 0.201960 -0.135391 0.000000
vt 0.224399 -0.135391 0.000000
vt 0.224399 -0.152315 0.000000
vt 0.246839 -0.152315 0.000000
vt 0.246839 -0.169239 0.000000
vt 0.269279 -0.169239 0.000000
vt 0.269279 -0.186163 0.000000
vt 0.291719 -0.186163 0.000000
vt 0.291719 -0.203087 0.000000
vt 0.314159 -0.203087 0.000000
vt 0.157080 -0.121852 0.000000
vt 0.179520 -0.135391 0.000000
vt 0.201960 -0.152315 0.000000
vt 0.224399 -0.169239 0.000000
vt 0.246839 -0.186163 0.000000
vt 0.269279 -0.203087 0.000000
vt 0.157080 -0.142161 0.000000
vt 0.179520 -0.152315 0.000000
vt 0.201960 -0.169239 0.000000
vt 0.224399 -0.186163 0.000000
vt 0.246839 -0.203087 0.000000
vt 0.157080 -0.162470 0.000000
vt 0.179520 -0.169239 0.000000
vt 0.201960 -0.186163 0.000000
vt 0.224399 -0.203087 0.000000
vt 0.157080 -0.182778 0.000000
vt 0.179520 -0.186163 0.000000
vt 0.201960 -0.203087 0.000000
vt 0.157080 -0.203087 0.000000
vt 0.179520 -0.203087 0.000000
vt 0.314159 -0.174075 0.000000
vt 0.291719 -0.169239 0.000000
vt 0.269279 -0.152315 0.000000
vt 0.246839 -0.135391 0.000000
vt 0.224399 -0.118468 0.000000
vt 0.201960 -0.101544 0.000000
vt 0.314159 -0.145062 0.000000
vt 0.291719 -0.152315 0.000000
vt 0.269279 -0.135391 0.000000
vt 0.246839 -0.118468 0.000000
vt 0.224399 -0.101544 0.000000
vt 0.201960 -0.084620 0.000000
vt 0.291719 -0.135391 0.000000
vt 0.314159 -0.116050 0.000000
vt 0.291719 -0.118468 0.000000
vt 0.291719 -0.101544 0.000000
vt 0.269279 -0.101544 0.000000
vt 0.269279 -0.084620 0.000000
vt 0.246839 -0.084620 0.000000
vt 0.246839 -0.067696 0.000000
vt 0.224399 -0.067696 0.000000
vt 0.224399 -0.050772 0.000000
vt 0.201960 -0.050772 0.000000
vt 0.201960 -0.033848 0.000000
vt 0.314159 -0.087037 0.000000
vt 0.291719 -0.084620 0.000000
vt 0.269279 -0.067696 0.000000
vt 0.246839 -0.050772 0.000000
vt 0.224399 -0.033848 0.000000
vt 0.314159 -0.058025 0.000000
vt 0.291719 -0.067696 0.000000
vt 0.269279 -0.050772 0.000000
vt 0.246839 -0.033848 0.000000
vt 0.291719 -0.050772 0.000000
vt 0.291719 -0.033848 0.000000
vt 0.269279 -0.033848 0.000000
vt 0.201960 -0.067696 0.000000
vt 0.224399 -0.084620 0.000000
vt 0.246839 -0.101544 0.000000
vt 0.269279 -0.118468 0.000000
vt -0.200000 0.134640 0.000000
vt 0.280000 0.134640 0.000000
vt -0.200000 0.157080 0.000000
vt 0.760000 0.134640 0.000000
vt 1.240000 0.134640 0.000000
vt 1.240000 0.112200 0.000000
vt 1.720000 0.112200 0.000000
vt 1.720000 0.089760 0.000000
vt 2.200000 0.089760 0.000000
vt 2.200000 0.067320 0.000000
vt 1.720000 0.067320 0.000000
vt 2.200000 0.044880 0.000000
vt 1.720000 0.044880 0.000000
vt 2.200000 0.022440 0.000000
vt 1.720000 0.022440 0.000000
vt 2.200000 0.000000 0.000000
vt 1.240000 0.022440 0.000000
vt 0.760000 0.022440 0.000000
vt 0.760000 0.044880 0.000000
vt 0.280000 0.044880 0.000000
vt 0.280000 0.067320 0.000000
vt -0.200000 0.067320 0.000000
vt -0.200000 0.089760 0.000000
vt 0.280000 0.089760 0.000000
vt -0.200000 0.112200 0.000000
vt 0.280000 0.112200 0.000000
vt -0.200000 0.044880 0.000000
vt 0.280000 0.022440 0.000000
vt -0.200000 0.000000 0.000000
vt -0.200000 0.022440 0.000000
vt 2.200000 0.112200 0.000000
vt 1.720000 0.134640 0.000000
vt 2.200000 0.157080 0.000000
vt 2.200000 0.134640 0.000000
vt 0.760000 0.112200 0.000000
vt 0.760000 0.089760 0.000000
vt 0.760000 0.067320 0.000000
vt 1.240000 0.089760 0.000000
vt 1.240000 0.067320 0.000000
vt 1.240000 0.044880 0.000000
vt -0.200000 0.134640 0.000000
vt 0.280000 0.134640 0.000000
vt -0.200000 0.157080 0.000000
vt 0.760000 0.134640 0.000000
vt 1.240000 0.134640 0.000000
vt 1.240000 0.112200 0.000000
vt 1.720000 0.112200 0.000000
vt 1.720000 0.089760 0.000000
vt 2.200000 0.089760 0.000000
vt 2.200000 0.067320 0.000000
vt 1.720000 0.067320 0.000000
vt 2.200000 0.044880 0.000000
vt 1.720000 0.044880 0.000000
vt 2.200000 0.022440 0.000000
vt 1.720000 0.022440 0.000000
vt 2.200000 0.000000 0.000000
vt 1.240000 0.022440 0.000000
vt 0.760000 0.022440 0.000000
vt 0.760000 0.044880 0.000000
vt 0.280000 0.044880 0.000000
vt 0.280000 0.067320 0.000000
vt -0.200000 0.067320 0.000000
vt -0.200000 0.089760 0.000000
vt 0.280000 0.089760 0.000000
vt -0.200000 0.112200 0.000000
vt 0.280000 0.112200 0.000000
vt -0.200000 0.044880 0.000000
vt 0.280000 0.022440 0.000000
vt -0.200000 0.000000 0.000000
vt -0.200000 0.022440 0.000000
vt 2.200000 0.112200 0.000000
vt 1.720000 0.134640 0.000000
vt 2.200000 0.157080 0.000000
vt 2.200000 0.134640 0.000000
vt 0.760000 0.112200 0.000000
vt 0.760000 0.089760 0.000000
vt 0.760000 0.067320 0.000000
vt 1.240000 0.089760 0.000000
vt 1.240000 0.067320 0.000000
vt 1.240000 0.044880 0.000000
vt 0.496500 0.000000 0.000000
vt 0.346500 0.150000 0.000000
vt 0.000000 -0.200000 0.000000
vt 0.346500 0.500000 0.000000
vt 0.000000 2.200000 0.000000
vt 0.693000 2.200000 0.000000
vt 0.646500 0.500000 0.000000
vt 0.693000 -0.200000 0.000000
vt 0.646500 0.150000 0.000000
vt 0.475000 -0.106066 0.000000
vt 0.775000 -0.106066 0.000000
vt 0.475000 0.106066 0.000000
vt 0.775000 0.106066 0.000000
vt -0.300000 0.150000 0.000000
vt -0.000000 0.150000 0.000000
vt -0.300000 0.500000 0.000000
vt -0.000000 0.500000 0.000000
vt 0.625000 0.106066 0.000000
vt 0.325000 0.106066 0.000000
vt 0.625000 -0.106066 0.000000
vt 0.325000 -0.106066 0.000000
vt -0.300000 0.150000 0.000000
vt -0.000000 0.150000 0.000000
vt -0.300000 0.500000 0.000000
vt -0.000000 0.500000 0.000000
vt 0.035355 -0.360548 0.000000
vt 0.035355 -0.073250 0.000000
vt -0.000384 -0.353128 0.000000
vt -0.035355 -0.073250 0.000000
vt -0.035355 -0.344060 0.000000
vt -1.000000 0.050000 0.000000
vt -1.000000 -0.050000 0.000000
vt 1.000000 -0.050000 0.000000
vt -0.998296 -0.062941 0.000000
vt -0.993301 -0.075000 0.000000
vt 0.950000 -0.100000 0.000000
vt -0.985355 -0.085355 0.000000
vt -0.950000 -0.100000 0.000000
vt -0.975000 -0.093301 0.000000
vt -0.962941 -0.098296 0.000000
vt 1.000000 0.050000 0.000000
vt -0.950000 -0.733798 0.000000
vt -0.917063 -0.740838 0.000000
vt -0.950000 -0.446500 0.000000
vt -0.850000 -0.446500 0.000000
vt -0.883651 -0.745082 0.000000
vt -0.850000 -0.746500 0.000000
vt -0.035355 -0.373250 0.000000
vt 0.035355 -0.373250 0.000000
vt -0.035355 -0.073250 0.000000
vt 0.035355 -0.073250 0.000000
vt -0.050000 0.300000 0.000000
vt -1.950000 0.300000 0.000000
vt -0.050000 0.000000 0.000000
vt -1.950000 0.000000 0.000000
vt 0.035355 -0.073250 0.000000
vt -0.035355 -0.073250 0.000000
vt 0.035355 -0.373250 0.000000
vt -0.035355 -0.373250 0.000000
vt -0.035355 -0.373250 0.000000
vt 0.035355 -0.373250 0.000000
vt -0.035355 -0.073250 0.000000
vt 0.035355 -0.073250 0.000000
vt -0.050000 0.300000 0.000000
vt -1.950000 0.300000 0.000000
vt -0.050000 0.000000 0.000000
vt -1.950000 0.000000 0.000000
vt 0.035355 -0.073250 0.000000
vt -0.035355 -0.073250 0.000000
vt 0.035355 -0.373250 0.000000
vt -0.035355 -0.373250 0.000000
vt 0.035355 -0.073250 0.000000
vt -0.035355 -0.073250 0.000000
vt 0.035355 -0.373250 0.000000
vt -0.035355 -0.373250 0.000000
vt -0.035355 -0.373250 0.000000
vt 0.035355 -0.373250 0.000000
vt -0.035355 -0.073250 0.000000
vt 0.035355 -0.073250 0.000000
vt -0.050000 0.300000 0.000000
vt -1.950000 0.300000 0.000000
vt -0.050000 0.000000 0.000000
vt -1.950000 0.000000 0.000000
vt -0.035355 -0.373250 0.000000
vt 0.035355 -0.373250 0.000000
vt -0.035355 -0.073250 0.000000
vt 0.035355 -0.073250 0.000000
vt -0.050000 0.300000 0.000000
vt -1.950000 0.300000 0.000000
vt -0.050000 0.000000 0.000000
vt -1.950000 0.000000 0.000000
vt 0.035355 -0.073250 0.000000
vt -0.035355 -0.073250 0.000000
vt 0.035355 -0.373250 0.000000
vt -0.035355 -0.373250 0.000000
vt -0.035355 -0.373250 0.000000
vt 0.035355 -0.373250 0.000000
vt -0.035355 -0.073250 0.000000
vt 0.035355 -0.073250 0.000000
vt -0.050000 0.300000 0.000000
vt -1.950000 0.300000 0.000000
vt -0.050000 0.000000 0.000000
vt -1.950000 0.000000 0.000000
vt 0.035355 -0.073250 0.000000
vt -0.035355 -0.073250 0.000000
vt 0.035355 -0.373250 0.000000
vt -0.035355 -0.373250 0.000000
vt -0.035355 -0.373250 0.000000
vt 0.035355 -0.373250 0.000000
vt -0.035355 -0.073250 0.000000
vt 0.035355 -0.073250 0.000000
vt -0.050000 0.300000 0.000000
vt -1.950000 0.300000 0.000000
vt -0.050000 0.000000 0.000000
vt -1.950000 0.000000 0.000000
vt 0.035355 -0.073250 0.000000
vt -0.035355 -0.073250 0.000000
vt 0.035355 -0.373250 0.000000
vt -0.035355 -0.373250 0.000000
vt 0.035355 -0.344060 0.000000
vt 0.035355 -0.073250 0.000000
vt 0.000384 -0.353128 0.000000
vt -0.035355 -0.073250 0.000000
vt -0.035355 -0.360548 0.000000
vt -0.050000 0.300000 0.000000
vt -1.950000 0.300000 0.000000
vt -0.050000 0.029190 0.000000
vt -1.950000 0.029190 0.000000
vt 0.850000 -0.746500 0.000000
vt 0.883651 -0.745082 0.000000
vt 0.850000 -0.446500 0.000000
vt 0.917063 -0.740838 0.000000
vt 0.950000 -0.446500 0.000000
vt 0.950000 -0.733798 0.000000
vt -0.650000 -0.746500 0.000000
vt -0.550000 -0.746500 0.000000
vt -0.650000 -0.446500 0.000000
vt -0.550000 -0.446500 0.000000
vt -0.350000 -0.746500 0.000000
vt -0.250000 -0.746500 0.000000
vt -0.350000 -0.446500 0.000000
vt -0.250000 -0.446500 0.000000
vt -0.050000 -0.746500 0.000000
vt 0.050000 -0.746500 0.000000
vt -0.050000 -0.446500 0.000000
vt 0.050000 -0.446500 0.000000
vt 0.250000 -0.746500 0.000000
vt 0.350000 -0.746500 0.000000
vt 0.250000 -0.446500 0.000000
vt 0.350000 -0.446500 0.000000
vt 0.550000 -0.746500 0.000000
vt 0.650000 -0.746500 0.000000
vt 0.550000 -0.446500 0.000000
vt 0.650000 -0.446500 0.000000
vt -0.962941 0.098296 0.000000
vt -0.975000 0.093301 0.000000
vt -0.950000 0.100000 0.000000
vt -0.985355 0.085355 0.000000
vt 0.950000 0.100000 0.000000
vt -0.993301 0.075000 0.000000
vt 1.000000 0.050000 0.000000
vt -0.998296 0.062941 0.000000
vt -1.000000 0.050000 0.000000
vt -1.000000 -0.050000 0.000000
vt 1.000000 -0.050000 0.000000
vt -0.000000 0.000000 0.000000
vt 0.200000 0.000000 0.000000
vt -0.000000 0.033691 0.000000
vt 0.200000 0.048332 0.000000
vt -0.000000 0.067381 0.000000
vt 0.200000 0.096664 0.000000
vt -0.000000 0.101072 0.000000
vt -0.025272 0.127415 0.000000
vt 0.200000 0.144997 0.000000
vt -0.050000 0.153759 0.000000
vt 0.200000 0.193329 0.000000
vt -0.533333 0.193329 0.000000
vt -0.533333 0.241661 0.000000
vt -1.266667 0.241661 0.000000
vt -1.266667 0.289993 0.000000
vt -2.000000 0.244867 0.000000
vt -2.000000 0.292798 0.000000
vt -1.266667 0.338325 0.000000
vt -2.000000 0.340730 0.000000
vt -1.266667 0.386658 0.000000
vt -2.000000 0.388661 0.000000
vt -1.266667 0.434990 0.000000
vt -2.000000 0.436593 0.000000
vt -1.266667 0.483322 0.000000
vt -2.000000 0.484524 0.000000
vt -1.266667 0.531654 0.000000
vt -2.000000 0.532456 0.000000
vt -1.266667 0.580253 0.000000
vt -2.000000 0.580387 0.000000
vt -2.000000 0.628319 0.000000
vt 0.200000 0.628319 0.000000
vt -0.533333 0.580120 0.000000
vt 0.200000 0.579986 0.000000
vt -0.533333 0.531654 0.000000
vt 0.200000 0.531654 0.000000
vt 0.200000 0.483322 0.000000
vt -0.533333 0.483322 0.000000
vt 0.200000 0.434990 0.000000
vt -0.533333 0.434990 0.000000
vt 0.200000 0.386658 0.000000
vt -0.533333 0.386658 0.000000
vt 0.200000 0.338325 0.000000
vt -0.533333 0.338325 0.000000
vt 0.200000 0.289993 0.000000
vt -0.533333 0.289993 0.000000
vt 0.200000 0.241661 0.000000
vt -2.000000 0.196935 0.000000
vt -1.266667 0.193329 0.000000
vt -1.950000 0.153759 0.000000
vt -2.000000 0.149004 0.000000
vt -1.959828 0.152691 0.000000
vt -1.969485 0.149503 0.000000
vt -1.978262 0.144343 0.000000
vt -1.985638 0.137778 0.000000
vt -1.991675 0.129873 0.000000
vt -1.996280 0.120751 0.000000
vt -1.999073 0.110934 0.000000
vt -2.000000 0.101072 0.000000
vt 1.700000 -0.200000 0.000000
vt 0.800000 0.000000 0.000000
vt 0.000000 -0.200000 0.000000
vt 0.600000 0.000000 0.000000
vt 0.500000 0.000000 0.000000
vt 1.700000 0.000000 0.000000
vt 1.650000 0.050000 0.000000
vt 1.550000 0.050000 0.000000
vt 1.500000 0.000000 0.000000
vt 1.550000 1.950000 0.000000
vt 1.650000 1.950000 0.000000
vt 1.548296 1.962941 0.000000
vt 1.651704 1.962941 0.000000
vt 1.543301 1.975000 0.000000
vt 1.656699 1.975000 0.000000
vt 1.535355 1.985355 0.000000
vt 1.664645 1.985355 0.000000
vt 1.675000 1.993301 0.000000
vt 1.525000 1.993301 0.000000
vt 1.687059 1.998296 0.000000
vt 1.512941 1.998296 0.000000
vt 1.700000 2.000000 0.000000
vt 1.500000 2.000000 0.000000
vt 1.400000 0.000000 0.000000
vt 1.200000 0.000000 0.000000
vt 1.100000 0.000000 0.000000
vt 1.250000 0.050000 0.000000
vt 1.350000 0.050000 0.000000
vt 1.250000 1.950000 0.000000
vt 1.350000 1.950000 0.000000
vt 1.248296 1.962941 0.000000
vt 1.351704 1.962941 0.000000
vt 1.243301 1.975000 0.000000
vt 1.356699 1.975000 0.000000
vt 1.235355 1.985355 0.000000
vt 1.364645 1.985355 0.000000
vt 1.225000 1.993301 0.000000
vt 1.375000 1.993301 0.000000
vt 1.212941 1.998296 0.000000
vt 1.387059 1.998296 0.000000
vt 1.200000 2.000000 0.000000
vt 1.400000 2.000000 0.000000
vt 1.050000 0.050000 0.000000
vt 0.950000 0.050000 0.000000
vt 0.900000 0.000000 0.000000
vt 0.950000 1.950000 0.000000
vt 1.050000 1.950000 0.000000
vt 0.948296 1.962941 0.000000
vt 1.051704 1.962941 0.000000
vt 0.943301 1.975000 0.000000
vt 1.056699 1.975000 0.000000
vt 0.935355 1.985355 0.000000
vt 1.064645 1.985355 0.000000
vt 0.925000 1.993301 0.000000
vt 1.075000 1.993301 0.000000
vt 0.912941 1.998296 0.000000
vt 1.087059 1.998296 0.000000
vt 0.900000 2.000000 0.000000
vt 1.100000 2.000000 0.000000
vt 0.650000 0.050000 0.000000
vt 0.750000 0.050000 0.000000
vt 0.650000 1.950000 0.000000
vt 0.750000 1.950000 0.000000
vt 0.648296 1.962941 0.000000
vt 0.751704 1.962941 0.000000
vt 0.643301 1.975000 0.000000
vt 0.756699 1.975000 0.000000
vt 0.635355 1.985355 0.000000
vt 0.764645 1.985355 0.000000
vt 0.625000 1.993301 0.000000
vt 0.775000 1.993301 0.000000
vt 0.612941 1.998296 0.000000
vt 0.787059 1.998296 0.000000
vt 0.600000 2.000000 0.000000
vt 0.800000 2.000000 0.000000
vt 0.450000 0.050000 0.000000
vt 0.350000 0.050000 0.000000
vt 0.300000 0.000000 0.000000
vt 0.200000 0.000000 0.000000
vt 0.150000 0.050000 0.000000
vt 0.350000 1.950000 0.000000
vt 0.450000 1.950000 0.000000
vt 0.348296 1.962941 0.000000
vt 0.451704 1.962941 0.000000
vt 0.343301 1.975000 0.000000
vt 0.456699 1.975000 0.000000
vt 0.335355 1.985355 0.000000
vt 0.464645 1.985355 0.000000
vt 0.325000 1.993301 0.000000
vt 0.475000 1.993301 0.000000
vt 0.312941 1.998296 0.000000
vt 0.487059 1.998296 0.000000
vt 0.300000 2.000000 0.000000
vt 0.500000 2.000000 0.000000
vt 0.150000 1.950000 0.000000
vt 0.050000 1.950000 0.000000
vt 0.050000 0.050000 0.000000
vt 0.000000 0.000000 0.000000
vt 0.151704 1.962941 0.000000
vt 0.048296 1.962941 0.000000
vt 0.156699 1.975000 0.000000
vt 0.043301 1.975000 0.000000
vt 0.164645 1.985355 0.000000
vt 0.035355 1.985355 0.000000
vt 0.025000 1.993301 0.000000
vt 0.175000 1.993301 0.000000
vt 0.012941 1.998296 0.000000
vt 0.187059 1.998296 0.000000
vt 0.000000 2.000000 0.000000
vt 0.200000 2.000000 0.000000
vt 1.700000 -0.200000 0.000000
vt 0.800000 0.000000 0.000000
vt 0.000000 -0.200000 0.000000
vt 0.600000 0.000000 0.000000
vt 0.500000 0.000000 0.000000
vt 1.700000 0.000000 0.000000
vt 1.650000 0.050000 0.000000
vt 1.550000 0.050000 0.000000
vt 1.500000 0.000000 0.000000
vt 1.550000 1.950000 0.000000
vt 1.650000 1.950000 0.000000
vt 1.548296 1.962941 0.000000
vt 1.651704 1.962941 0.000000
vt 1.543301 1.975000 0.000000
vt 1.656699 1.975000 0.000000
vt 1.535355 1.985355 0.000000
vt 1.664645 1.985355 0.000000
vt 1.700000 2.200000 0.000000
vt 1.675000 1.993301 0.000000
vt 1.687059 1.998296 0.000000
vt 1.700000 2.000000 0.000000
vt 0.000000 2.200000 0.000000
vt 0.900000 2.000000 0.000000
vt 1.100000 2.000000 0.000000
vt 1.200000 2.000000 0.000000
vt 0.000000 2.000000 0.000000
vt 0.012941 1.998296 0.000000
vt 0.025000 1.993301 0.000000
vt 0.035355 1.985355 0.000000
vt 0.164645 1.985355 0.000000
vt 0.043301 1.975000 0.000000
vt 0.156699 1.975000 0.000000
vt 0.048296 1.962941 0.000000
vt 0.151704 1.962941 0.000000
vt 0.050000 1.950000 0.000000
vt 0.150000 1.950000 0.000000
vt 0.150000 0.050000 0.000000
vt 0.050000 0.050000 0.000000
vt 0.000000 0.000000 0.000000
vt 0.175000 1.993301 0.000000
vt 0.187059 1.998296 0.000000
vt 0.200000 2.000000 0.000000
vt 0.300000 2.000000 0.000000
vt 0.312941 1.998296 0.000000
vt 0.487059 1.998296 0.000000
vt 0.475000 1.993301 0.000000
vt 0.325000 1.993301 0.000000
vt 0.464645 1.985355 0.000000
vt 0.335355 1.985355 0.000000
vt 0.456699 1.975000 0.000000
vt 0.343301 1.975000 0.000000
vt 0.451704 1.962941 0.000000
vt 0.348296 1.962941 0.000000
vt 0.450000 1.950000 0.000000
vt 0.350000 1.950000 0.000000
vt 0.450000 0.050000 0.000000
vt 0.350000 0.050000 0.000000
vt 0.300000 0.000000 0.000000
vt 0.200000 0.000000 0.000000
vt 0.500000 2.000000 0.000000
vt 0.600000 2.000000 0.000000
vt 0.800000 2.000000 0.000000
vt 0.787059 1.998296 0.000000
vt 0.612941 1.998296 0.000000
vt 0.775000 1.993301 0.000000
vt 0.625000 1.993301 0.000000
vt 0.764645 1.985355 0.000000
vt 0.635355 1.985355 0.000000
vt 0.756699 1.975000 0.000000
vt 0.643301 1.975000 0.000000
vt 0.751704 1.962941 0.000000
vt 0.648296 1.962941 0.000000
vt 0.750000 1.950000 0.000000
vt 0.650000 1.950000 0.000000
vt 0.750000 0.050000 0.000000
vt 0.650000 0.050000 0.000000
vt 1.087059 1.998296 0.000000
vt 0.912941 1.998296 0.000000
vt 1.075000 1.993301 0.000000
vt 0.925000 1.993301 0.000000
vt 1.064645 1.985355 0.000000
vt 0.935355 1.985355 0.000000
vt 1.056699 1.975000 0.000000
vt 0.943301 1.975000 0.000000
vt 1.051704 1.962941 0.000000
vt 0.948296 1.962941 0.000000
vt 1.050000 1.950000 0.000000
vt 0.950000 1.950000 0.000000
vt 1.050000 0.050000 0.000000
vt 0.950000 0.050000 0.000000
vt 1.100000 0.000000 0.000000
vt 0.900000 0.000000 0.000000
vt 1.212941 1.998296 0.000000
vt 1.387059 1.998296 0.000000
vt 1.400000 2.000000 0.000000
vt 1.375000 1.993301 0.000000
vt 1.225000 1.993301 0.000000
vt 1.364645 1.985355 0.000000
vt 1.235355 1.985355 0.000000
vt 1.356699 1.975000 0.000000
vt 1.243301 1.975000 0.000000
vt 1.351704 1.962941 0.000000
vt 1.248296 1.962941 0.000000
vt 1.350000 1.950000 0.000000
vt 1.250000 1.950000 0.000000
vt 1.350000 0.050000 0.000000
vt 1.250000 0.050000 0.000000
vt 1.400000 0.000000 0.000000
vt 1.200000 0.000000 0.000000
vt 1.500000 2.000000 0.000000
vt 1.512941 1.998296 0.000000
vt 1.525000 1.993301 0.000000
vt 0.354776 -0.785477 0.000000
vt 0.122143 0.525975 0.000000
vt -0.062967 -0.859579 0.000000
vt -0.295599 0.451873 0.000000
vt 0.212132 0.061447 0.000000
vt -0.212132 0.061447 0.000000
vt 0.212132 0.040965 0.000000
vt -0.212132 0.040965 0.000000
vt -0.212132 0.020482 0.000000
vt -0.212132 0.000000 0.000000
vt 0.212132 0.000000 0.000000
vt 0.212132 0.020482 0.000000
vt 0.212132 0.519750 0.000000
vt -0.212132 0.519750 0.000000
vt 0.212132 -0.173250 0.000000
vt -0.212132 -0.173250 0.000000
vt 0.212132 0.392699 0.000000
vt -0.212132 0.392699 0.000000
vt 0.212132 0.362742 0.000000
vt -0.212132 0.336599 0.000000
vt 0.212132 0.332785 0.000000
vt 0.212132 0.302828 0.000000
vt -0.212132 0.280499 0.000000
vt 0.212132 0.272870 0.000000
vt 0.212132 0.242913 0.000000
vt -0.212132 0.224399 0.000000
vt 0.212132 0.212956 0.000000
vt 0.212132 0.182999 0.000000
vt -0.212132 0.168300 0.000000
vt 0.212132 0.153042 0.000000
vt -0.212132 0.112200 0.000000
vt 0.212132 0.123084 0.000000
vt 0.212132 0.093127 0.000000
vt -0.212132 0.056100 0.000000
vt 0.212132 0.063170 0.000000
vt 0.212132 0.042113 0.000000
vt 0.212132 0.021057 0.000000
vt -0.212132 0.000000 0.000000
vt 0.212132 0.000000 0.000000
vt 1.275000 -0.212132 0.000000
vt 1.275000 0.212132 0.000000
vt 1.075000 -0.212132 0.000000
vt 0.975000 -0.212132 0.000000
vt 0.775000 -0.212132 0.000000
vt 0.675000 -0.212132 0.000000
vt 0.475000 -0.212132 0.000000
vt -0.425000 0.212132 0.000000
vt 0.375000 -0.212132 0.000000
vt 0.175000 -0.212132 0.000000
vt 0.075000 -0.212132 0.000000
vt -0.125000 -0.212132 0.000000
vt -0.225000 -0.212132 0.000000
vt -0.425000 -0.212132 0.000000
vt 0.212132 0.392699 0.000000
vt -0.212132 0.392699 0.000000
vt 0.212132 0.371642 0.000000
vt -0.212132 0.336599 0.000000
vt 0.212132 0.350586 0.000000
vt 0.212132 0.329529 0.000000
vt 0.212132 0.299572 0.000000
vt -0.212132 0.280499 0.000000
vt 0.212132 0.269615 0.000000
vt 0.212132 0.239657 0.000000
vt -0.212132 0.224399 0.000000
vt 0.212132 0.209700 0.000000
vt -0.212132 0.168300 0.000000
vt 0.212132 0.179743 0.000000
vt 0.212132 0.149786 0.000000
vt -0.212132 0.112200 0.000000
vt 0.212132 0.119829 0.000000
vt 0.212132 0.089872 0.000000
vt -0.212132 0.056100 0.000000
vt 0.212132 0.059914 0.000000
vt 0.212132 0.029957 0.000000
vt -0.212132 0.000000 0.000000
vt 0.212132 0.000000 0.000000
vt -0.212132 -0.519750 0.000000
vt 0.212132 -0.519750 0.000000
vt -0.212132 0.173250 0.000000
vt 0.212132 0.173250 0.000000
vt 0.212132 0.392699 0.000000
vt -0.212132 0.392699 0.000000
vt 0.212132 0.372217 0.000000
vt -0.212132 0.372217 0.000000
vt -0.212132 0.351734 0.000000
vt -0.212132 0.331252 0.000000
vt 0.212132 0.331252 0.000000
vt 0.212132 0.351734 0.000000
vt 0.452792 1.338040 0.000000
vt 0.035049 1.412141 0.000000
vt 0.220160 0.026587 0.000000
vt -0.197583 0.100689 0.000000
vt -0.212132 0.298127 0.000000
vt -0.212132 0.255537 0.000000
vt 0.212132 0.298127 0.000000
vt 0.212132 0.238501 0.000000
vt -0.212132 0.212948 0.000000
vt 0.212132 0.178876 0.000000
vt -0.212132 0.170358 0.000000
vt -0.212132 0.127769 0.000000
vt 0.212132 0.119251 0.000000
vt -0.212132 0.085179 0.000000
vt 0.212132 0.059625 0.000000
vt -0.212132 0.042590 0.000000
vt 0.212132 0.000000 0.000000
vt -0.212132 -0.000000 0.000000
vt -0.212132 -0.042590 0.000000
vt 0.212132 -0.059625 0.000000
vt -0.212132 -0.085179 0.000000
vt 0.212132 -0.119251 0.000000
vt -0.212132 -0.127769 0.000000
vt -0.212132 -0.170358 0.000000
vt 0.212132 -0.178876 0.000000
vt -0.212132 -0.212948 0.000000
vt 0.212132 -0.238501 0.000000
vt -0.212132 -0.255537 0.000000
vt 0.212132 -0.298127 0.000000
vt -0.212132 -0.298127 0.000000
vt 0.731925 0.212132 0.000000
vt 0.068075 0.212132 0.000000
vt 0.731925 -0.212132 0.000000
vt 0.068075 -0.212132 0.000000
vt -0.212132 0.298127 0.000000
vt -0.212132 0.255537 0.000000
vt 0.212132 0.298127 0.000000
vt 0.212132 0.238501 0.000000
vt -0.212132 0.212948 0.000000
vt 0.212132 0.178876 0.000000
vt -0.212132 0.170358 0.000000
vt -0.212132 0.127769 0.000000
vt 0.212132 0.119251 0.000000
vt -0.212132 0.085179 0.000000
vt 0.212132 0.059625 0.000000
vt -0.212132 0.042590 0.000000
vt 0.212132 -0.000000 0.000000
vt -0.212132 -0.000000 0.000000
vt -0.212132 -0.042590 0.000000
vt 0.212132 -0.059625 0.000000
vt -0.212132 -0.085179 0.000000
vt 0.212132 -0.119251 0.000000
vt -0.212132 -0.127769 0.000000
vt -0.212132 -0.170358 0.000000
vt 0.212132 -0.178876 0.000000
vt -0.212132 -0.212948 0.000000
vt 0.212132 -0.238501 0.000000
vt -0.212132 -0.255537 0.000000
vt 0.212132 -0.298127 0.000000
vt -0.212132 -0.298127 0.000000
vt -0.385579 -0.175955 0.000000
vt -0.622909 -1.662727 0.000000
vt -0.350000 -0.178500 0.000000
vt -0.331925 -1.889731 0.000000
vt 0.350000 -0.178500 0.000000
vt 0.331925 -1.889731 0.000000
vt 0.622909 -1.662727 0.000000
vt 0.371559 -1.887101 0.000000
vt 0.410498 -1.879258 0.000000
vt -0.420433 -0.168373 0.000000
vt -0.946995 -0.370832 0.000000
vt -0.453854 -0.155908 0.000000
vt -0.485160 -0.138813 0.000000
vt -0.513715 -0.117437 0.000000
vt -0.538937 -0.092215 0.000000
vt -0.950000 -0.346500 0.000000
vt -0.560313 -0.063660 0.000000
vt -0.577408 -0.032354 0.000000
vt -0.589873 0.001067 0.000000
vt -0.597455 0.035921 0.000000
vt -0.950000 0.346500 0.000000
vt -0.600000 0.071500 0.000000
vt -0.600000 0.171500 0.000000
vt -0.597455 0.207079 0.000000
vt -0.850000 0.446500 0.000000
vt -0.872252 0.443993 0.000000
vt -0.589873 0.241933 0.000000
vt -0.577408 0.275354 0.000000
vt -0.560313 0.306660 0.000000
vt -0.538937 0.335215 0.000000
vt -0.513715 0.360437 0.000000
vt -0.485160 0.381813 0.000000
vt -0.453854 0.398908 0.000000
vt -0.420433 0.411373 0.000000
vt -0.385579 0.418955 0.000000
vt -0.350000 0.421500 0.000000
vt 0.350000 0.421500 0.000000
vt 0.850000 0.446500 0.000000
vt 0.385579 0.418955 0.000000
vt 0.420433 0.411373 0.000000
vt 0.453854 0.398908 0.000000
vt 0.485160 0.381813 0.000000
vt 0.513715 0.360437 0.000000
vt 0.538937 0.335215 0.000000
vt 0.560313 0.306660 0.000000
vt 0.577408 0.275354 0.000000
vt 0.589873 0.241933 0.000000
vt 0.597455 0.207079 0.000000
vt 0.950000 0.346500 0.000000
vt 0.600000 0.171500 0.000000
vt 0.600000 0.071500 0.000000
vt 0.597455 0.035921 0.000000
vt 0.950000 -0.346500 0.000000
vt 0.589873 0.001067 0.000000
vt 0.577408 -0.032354 0.000000
vt 0.560313 -0.063660 0.000000
vt 0.538937 -0.092215 0.000000
vt 0.946995 -0.370832 0.000000
vt 0.513715 -0.117437 0.000000
vt 0.485160 -0.138813 0.000000
vt 0.453854 -0.155908 0.000000
vt 0.420433 -0.168373 0.000000
vt 0.385579 -0.175955 0.000000
vt -0.610714 -1.700530 0.000000
vt -0.593633 -1.736391 0.000000
vt -0.571963 -1.769680 0.000000
vt -0.546085 -1.799815 0.000000
vt -0.516453 -1.826267 0.000000
vt -0.483586 -1.848573 0.000000
vt -0.448060 -1.866340 0.000000
vt -0.410498 -1.879258 0.000000
vt -0.371559 -1.887101 0.000000
vt 0.448060 -1.866340 0.000000
vt 0.483586 -1.848573 0.000000
vt 0.516453 -1.826267 0.000000
vt 0.546085 -1.799815 0.000000
vt 0.571963 -1.769680 0.000000
vt 0.593633 -1.736391 0.000000
vt 0.610714 -1.700530 0.000000
vt 0.948661 -0.362813 0.000000
vt 0.949665 -0.354684 0.000000
vt 0.947493 0.368752 0.000000
vt 0.940097 0.389888 0.000000
vt 0.928183 0.408849 0.000000
vt 0.912349 0.424683 0.000000
vt 0.893388 0.436597 0.000000
vt 0.872252 0.443993 0.000000
vt -0.893388 0.436597 0.000000
vt -0.912349 0.424683 0.000000
vt -0.928183 0.408849 0.000000
vt -0.940097 0.389888 0.000000
vt -0.947493 0.368752 0.000000
vt -0.949665 -0.354684 0.000000
vt -0.948661 -0.362813 0.000000
vt 0.070711 -0.000000 0.000000
vt 0.070711 0.028560 0.000000
vt -0.070711 0.000000 0.000000
vt -0.070711 0.039270 0.000000
vt 0.070711 0.057120 0.000000
vt -0.070711 0.078540 0.000000
vt 0.070711 0.085680 0.000000
vt -0.070711 0.117810 0.000000
vt 0.070711 0.114240 0.000000
vt 0.070711 0.142800 0.000000
vt -0.070711 0.157080 0.000000
vt 0.070711 0.171360 0.000000
vt -0.070711 0.196350 0.000000
vt 0.070711 0.199920 0.000000
vt 0.070711 0.228479 0.000000
vt -0.070711 0.235619 0.000000
vt 0.070711 0.257039 0.000000
vt -0.070711 0.274889 0.000000
vt 0.070711 0.285599 0.000000
vt -0.070711 0.314159 0.000000
vt 0.070711 0.314159 0.000000
vt -0.070711 -0.085750 0.000000
vt 0.070711 -0.085750 0.000000
vt -0.070711 0.014250 0.000000
vt 0.070711 0.014250 0.000000
vt 0.070711 0.000000 0.000000
vt 0.070711 0.028560 0.000000
vt -0.070711 0.000000 0.000000
vt -0.070711 0.039270 0.000000
vt 0.070711 0.057120 0.000000
vt -0.070711 0.078540 0.000000
vt 0.070711 0.085680 0.000000
vt -0.070711 0.117810 0.000000
vt 0.070711 0.114240 0.000000
vt 0.070711 0.142800 0.000000
vt -0.070711 0.157080 0.000000
vt 0.070711 0.171360 0.000000
vt -0.070711 0.196350 0.000000
vt 0.070711 0.199920 0.000000
vt 0.070711 0.228479 0.000000
vt -0.070711 0.235619 0.000000
vt 0.070711 0.257039 0.000000
vt -0.070711 0.274889 0.000000
vt 0.070711 0.285599 0.000000
vt -0.070711 0.314159 0.000000
vt 0.070711 0.314159 0.000000
vt -0.175000 -0.070711 0.000000
vt 0.525000 -0.070711 0.000000
vt -0.175000 0.070711 0.000000
vt 0.525000 0.070711 0.000000
vt 0.070711 0.000000 0.000000
vt 0.070711 0.028560 0.000000
vt -0.070711 0.000000 0.000000
vt -0.070711 0.039270 0.000000
vt 0.070711 0.057120 0.000000
vt -0.070711 0.078540 0.000000
vt 0.070711 0.085680 0.000000
vt -0.070711 0.117810 0.000000
vt 0.070711 0.114240 0.000000
vt 0.070711 0.142800 0.000000
vt -0.070711 0.157080 0.000000
vt 0.070711 0.171360 0.000000
vt -0.070711 0.196350 0.000000
vt 0.070711 0.199920 0.000000
vt 0.070711 0.228479 0.000000
vt -0.070711 0.235619 0.000000
vt 0.070711 0.257039 0.000000
vt -0.070711 0.274889 0.000000
vt 0.070711 0.285599 0.000000
vt -0.070711 0.314159 0.000000
vt 0.070711 0.314159 0.000000
vt 0.070711 -0.035750 0.000000
vt -0.070711 -0.035750 0.000000
vt 0.070711 -0.135750 0.000000
vt -0.070711 -0.135750 0.000000
vt 0.070711 -0.000000 0.000000
vt 0.070711 0.028560 0.000000
vt -0.070711 0.000000 0.000000
vt -0.070711 0.039270 0.000000
vt 0.070711 0.057120 0.000000
vt -0.070711 0.078540 0.000000
vt 0.070711 0.085680 0.000000
vt -0.070711 0.117810 0.000000
vt 0.070711 0.114240 0.000000
vt 0.070711 0.142800 0.000000
vt -0.070711 0.157080 0.000000
vt 0.070711 0.171360 0.000000
vt -0.070711 0.196350 0.000000
vt 0.070711 0.199920 0.000000
vt 0.070711 0.228479 0.000000
vt -0.070711 0.235619 0.000000
vt 0.070711 0.257039 0.000000
vt -0.070711 0.274889 0.000000
vt 0.070711 0.285599 0.000000
vt -0.070711 0.314159 0.000000
vt 0.070711 0.314159 0.000000
vt 0.175000 0.070711 0.000000
vt -0.525000 0.070711 0.000000
vt 0.175000 -0.070711 0.000000
vt -0.525000 -0.070711 0.000000
vt 0.200000 0.048332 0.000000
vt -0.533333 0.048199 0.000000
vt 0.200000 0.000000 0.000000
vt -1.266667 0.048065 0.000000
vt -2.000000 0.047931 0.000000
vt -2.000000 0.095863 0.000000
vt -1.266667 0.096664 0.000000
vt -2.000000 0.143794 0.000000
vt -1.266667 0.144997 0.000000
vt -2.000000 0.191726 0.000000
vt -1.266667 0.193329 0.000000
vt -2.000000 0.239657 0.000000
vt -1.266667 0.241661 0.000000
vt -2.000000 0.287589 0.000000
vt -1.266667 0.289993 0.000000
vt -2.000000 0.335520 0.000000
vt -1.266667 0.338325 0.000000
vt -2.000000 0.383452 0.000000
vt -1.266667 0.386658 0.000000
vt -2.000000 0.431383 0.000000
vt -1.266667 0.434990 0.000000
vt -1.950000 0.474560 0.000000
vt -0.050000 0.474560 0.000000
vt -0.533333 0.434990 0.000000
vt 0.200000 0.434990 0.000000
vt 0.200000 0.386658 0.000000
vt -0.533333 0.386658 0.000000
vt 0.200000 0.338325 0.000000
vt -0.533333 0.338325 0.000000
vt 0.200000 0.289993 0.000000
vt -0.533333 0.289993 0.000000
vt 0.200000 0.241661 0.000000
vt -0.533333 0.241661 0.000000
vt 0.200000 0.193329 0.000000
vt -0.533333 0.193329 0.000000
vt 0.200000 0.144997 0.000000
vt -0.533333 0.144997 0.000000
vt 0.200000 0.096664 0.000000
vt -0.533333 0.096664 0.000000
vt 0.200000 0.483322 0.000000
vt -0.025272 0.500903 0.000000
vt 0.200000 0.531654 0.000000
vt -0.000000 0.527246 0.000000
vt -0.000000 0.560937 0.000000
vt 0.200000 0.579986 0.000000
vt -0.000000 0.594628 0.000000
vt 0.200000 0.628319 0.000000
vt -0.000000 0.628319 0.000000
vt -1.959828 0.475627 0.000000
vt -2.000000 0.479315 0.000000
vt -1.969485 0.478815 0.000000
vt -1.978262 0.483975 0.000000
vt -1.985638 0.490541 0.000000
vt -1.991675 0.498445 0.000000
vt -1.996280 0.507567 0.000000
vt -1.999073 0.517385 0.000000
vt -2.000000 0.527246 0.000000
vt -2.000000 0.000000 0.000000
vt -0.200000 0.134640 0.000000
vt 0.280000 0.134640 0.000000
vt -0.200000 0.157080 0.000000
vt 0.760000 0.134640 0.000000
vt 1.240000 0.134640 0.000000
vt 1.240000 0.112200 0.000000
vt 1.720000 0.112200 0.000000
vt 1.720000 0.089760 0.000000
vt 2.200000 0.089760 0.000000
vt 2.200000 0.067320 0.000000
vt 1.720000 0.067320 0.000000
vt 2.200000 0.044880 0.000000
vt 1.720000 0.044880 0.000000
vt 2.200000 0.022440 0.000000
vt 1.720000 0.022440 0.000000
vt 2.000000 0.000000 0.000000
vt 1.240000 0.022440 0.000000
vt 0.000000 0.000000 0.000000
vt 0.760000 0.022440 0.000000
vt 0.280000 0.022440 0.000000
vt 0.280000 0.044880 0.000000
vt -0.200000 0.044880 0.000000
vt -0.200000 0.067320 0.000000
vt 0.280000 0.067320 0.000000
vt -0.200000 0.089760 0.000000
vt 0.280000 0.089760 0.000000
vt -0.200000 0.112200 0.000000
vt 0.280000 0.112200 0.000000
vt -0.200000 0.022440 0.000000
vt -0.200000 0.000000 0.000000
vt 2.200000 0.000000 0.000000
vt 2.200000 0.112200 0.000000
vt 1.720000 0.134640 0.000000
vt 2.200000 0.157080 0.000000
vt 2.200000 0.134640 0.000000
vt 0.760000 0.112200 0.000000
vt 0.760000 0.089760 0.000000
vt 0.760000 0.067320 0.000000
vt 0.760000 0.044880 0.000000
vt 1.240000 0.089760 0.000000
vt 1.240000 0.067320 0.000000
vt 1.240000 0.044880 0.000000
vt -0.200000 0.157080 0.000000
vt -0.200000 0.134640 0.000000
vt 0.000000 0.157080 0.000000
vt 0.280000 0.134640 0.000000
vt 0.760000 0.134640 0.000000
vt 0.760000 0.112200 0.000000
vt 1.240000 0.112200 0.000000
vt 1.240000 0.089760 0.000000
vt 1.720000 0.089760 0.000000
vt 1.720000 0.067320 0.000000
vt 2.200000 0.067320 0.000000
vt 2.200000 0.044880 0.000000
vt 1.720000 0.044880 0.000000
vt 2.200000 0.022440 0.000000
vt 1.720000 0.022440 0.000000
vt 2.200000 -0.000000 0.000000
vt 1.240000 0.022440 0.000000
vt 0.760000 0.022440 0.000000
vt 0.760000 0.044880 0.000000
vt 0.280000 0.044880 0.000000
vt 0.280000 0.067320 0.000000
vt -0.200000 0.067320 0.000000
vt -0.200000 0.089760 0.000000
vt 0.280000 0.089760 0.000000
vt -0.200000 0.112200 0.000000
vt 0.280000 0.112200 0.000000
vt -0.200000 0.044880 0.000000
vt 0.280000 0.022440 0.000000
vt -0.200000 0.000000 0.000000
vt -0.200000 0.022440 0.000000
vt 2.200000 0.089760 0.000000
vt 1.720000 0.112200 0.000000
vt 1.240000 0.134640 0.000000
vt 2.200000 0.112200 0.000000
vt 1.720000 0.134640 0.000000
vt 2.000000 0.157080 0.000000
vt 2.200000 0.134640 0.000000
vt 2.200000 0.157080 0.000000
vt 0.760000 0.089760 0.000000
vt 0.760000 0.067320 0.000000
vt 1.240000 0.067320 0.000000
vt 1.240000 0.044880 0.000000
vt 0.000000 -0.200000 0.000000
vt 0.693000 -0.200000 0.000000
vt 0.000000 2.200000 0.000000
vt 0.693000 2.200000 0.000000
vt 0.693000 -0.200000 0.000000
vt 0.196500 0.000000 0.000000
vt 0.000000 -0.200000 0.000000
vt 0.046500 0.150000 0.000000
vt 0.046500 0.500000 0.000000
vt 0.693000 2.000000 0.000000
vt 0.346500 0.500000 0.000000
vt 0.346500 0.150000 0.000000
vt 0.000000 2.000000 0.000000
vt -0.150000 -0.150000 0.000000
vt 0.150000 -0.150000 0.000000
vt -0.150000 0.150000 0.000000
vt 0.150000 0.150000 0.000000
vt 0.200000 -0.900000 0.000000
vt 0.200000 -0.800000 0.000000
vt 0.100000 -0.900000 0.000000
vt 0.202576 -0.724768 0.000000
vt 0.210291 -0.649889 0.000000
vt 0.223109 -0.575713 0.000000
vt 0.100000 0.100000 0.000000
vt 0.240970 -0.502587 0.000000
vt 0.263790 -0.430853 0.000000
vt 0.291463 -0.360849 0.000000
vt 0.323859 -0.292901 0.000000
vt 0.360827 -0.227328 0.000000
vt 0.402192 -0.164436 0.000000
vt 0.447762 -0.104521 0.000000
vt 0.497323 -0.047863 0.000000
vt 0.550643 0.005273 0.000000
vt 0.607472 0.054637 0.000000
vt 0.667544 0.100000 0.000000
vt 0.379264 -0.075618 0.000000
vt 0.350000 -0.078500 0.000000
vt 0.850000 -0.446500 0.000000
vt -0.350000 -0.078500 0.000000
vt -0.850000 -0.446500 0.000000
vt -0.379264 -0.075618 0.000000
vt -0.950000 -0.346500 0.000000
vt -0.407403 -0.067082 0.000000
vt -0.433336 -0.053220 0.000000
vt -0.456066 -0.034566 0.000000
vt -0.474720 -0.011836 0.000000
vt -0.488582 0.014097 0.000000
vt -0.497118 0.042236 0.000000
vt -0.950000 0.346500 0.000000
vt -0.500000 0.071500 0.000000
vt -0.500000 0.171500 0.000000
vt -0.497118 0.200764 0.000000
vt -0.488582 0.228903 0.000000
vt -0.474720 0.254836 0.000000
vt -0.456066 0.277566 0.000000
vt -0.850000 0.446500 0.000000
vt -0.947493 0.368752 0.000000
vt -0.940097 0.389888 0.000000
vt -0.928183 0.408849 0.000000
vt -0.912349 0.424683 0.000000
vt -0.893388 0.436597 0.000000
vt -0.872252 0.443993 0.000000
vt -0.433336 0.296220 0.000000
vt -0.407403 0.310082 0.000000
vt -0.379264 0.318618 0.000000
vt -0.350000 0.321500 0.000000
vt 0.850000 0.446500 0.000000
vt 0.350000 0.321500 0.000000
vt 0.379264 0.318618 0.000000
vt 0.407403 0.310082 0.000000
vt 0.433336 0.296220 0.000000
vt 0.456066 0.277566 0.000000
vt 0.950000 0.346500 0.000000
vt 0.474720 0.254836 0.000000
vt 0.488582 0.228903 0.000000
vt 0.497118 0.200764 0.000000
vt 0.500000 0.171500 0.000000
vt 0.500000 0.071500 0.000000
vt 0.497118 0.042236 0.000000
vt 0.950000 -0.346500 0.000000
vt 0.488582 0.014097 0.000000
vt 0.474720 -0.011836 0.000000
vt 0.456066 -0.034566 0.000000
vt 0.433336 -0.053220 0.000000
vt 0.407403 -0.067082 0.000000
vt 0.947493 -0.368752 0.000000
vt 0.940097 -0.389888 0.000000
vt 0.928183 -0.408849 0.000000
vt 0.912349 -0.424683 0.000000
vt 0.893388 -0.436597 0.000000
vt 0.872252 -0.443993 0.000000
vt -0.947493 -0.368752 0.000000
vt -0.940097 -0.389888 0.000000
vt -0.928183 -0.408849 0.000000
vt -0.912349 -0.424683 0.000000
vt -0.893388 -0.436597 0.000000
vt -0.872252 -0.443993 0.000000
vt 0.947493 0.368752 0.000000
vt 0.940097 0.389888 0.000000
vt 0.928183 0.408849 0.000000
vt 0.912349 0.424683 0.000000
vt 0.893388 0.436597 0.000000
vt 0.872252 0.443993 0.000000
vn 0.100000 -0.000000 0.000000
vn 0.100000 -0.000000 0.000000
vn 0.098048 0.000000 -0.019662
vn 0.096593 0.000000 -0.025882
vn 0.092094 0.000000 -0.038971
vn 0.086603 0.000000 -0.050000
vn 0.082483 0.000000 -0.056538
vn 0.070711 0.000000 -0.070711
vn 0.070140 0.000000 -0.071277
vn 0.055219 0.000000 -0.083372
vn 0.050000 0.000000 -0.086603
vn 0.037851 0.000000 -0.092560
vn 0.025882 0.000000 -0.096593
vn 0.019038 0.000000 -0.098171
vn 0.000000 0.000000 -0.100000
vn 0.000000 0.000000 -0.100000
vn 0.100000 0.000000 0.000000
vn 0.100000 0.000000 0.000000
vn -0.100000 0.000000 -0.000000
vn -0.100000 0.000000 -0.000000
vn -0.096593 0.000000 -0.025882
vn -0.096593 0.000000 -0.025882
vn -0.086603 0.000000 -0.050000
vn -0.086603 0.000000 -0.050000
vn -0.070711 0.000000 -0.070711
vn -0.070711 0.000000 -0.070711
vn -0.050000 0.000000 -0.086603
vn -0.050000 0.000000 -0.086603
vn -0.025882 0.000000 -0.096593
vn -0.025882 0.000000 -0.096593
vn -0.000000 0.000000 -0.100000
vn -0.000000 0.000000 -0.100000
vn 0.000000 0.000000 -0.100000
vn 0.000000 0.000000 -0.100000
vn 0.000000 0.000000 -0.100000
vn 0.000000 0.000000 -0.100000
vn 0.000000 0.000000 -0.100000
vn 0.000000 0.000000 -0.100000
vn 0.025882 0.000000 -0.096593
vn 0.025882 0.000000 -0.096593
vn 0.050000 0.000000 -0.086603
vn 0.050000 0.000000 -0.086603
vn 0.070711 0.000000 -0.070711
vn 0.070711 0.000000 -0.070711
vn 0.086603 0.000000 -0.050000
vn 0.086603 0.000000 -0.050000
vn 0.096593 0.000000 -0.025882
vn 0.096593 0.000000 -0.025882
vn 0.100000 -0.000000 0.000000
vn 0.100000 -0.000000 0.000000
vn 0.100000 0.000000 0.000000
vn 0.100000 0.000000 0.000000
vn -0.100000 0.000000 -0.000000
vn -0.100000 0.000000 -0.000000
vn -0.096593 0.000000 -0.025882
vn -0.096593 0.000000 -0.025882
vn -0.086603 0.000000 -0.050000
vn -0.086603 0.000000 -0.050000
vn -0.070711 0.000000 -0.070711
vn -0.070711 0.000000 -0.070711
vn -0.050000 0.000000 -0.086603
vn -0.050000 0.000000 -0.086603
vn -0.025882 0.000000 -0.096593
vn -0.025882 0.000000 -0.096593
vn 0.000000 0.000000 -0.100000
vn 0.000000 0.000000 -0.100000
vn -0.000000 0.000000 -0.100000
vn 0.000000 0.000000 -0.100000
vn 0.025882 0.000000 -0.096593
vn 0.025882 0.000000 -0.096593
vn 0.050000 0.000000 -0.086603
vn 0.050000 0.000000 -0.086603
vn 0.070711 0.000000 -0.070711
vn 0.070711 0.000000 -0.070711
vn 0.086603 0.000000 -0.050000
vn 0.086603 0.000000 -0.050000
vn 0.096593 0.000000 -0.025882
vn 0.096593 0.000000 -0.025882
vn 0.100000 -0.000000 0.000000
vn 0.100000 -0.000000 0.000000
vn 0.100000 0.000000 0.000000
vn 0.100000 0.000000 0.000000
vn -0.100000 0.000000 -0.000000
vn -0.100000 0.000000 -0.000000
vn -0.096593 0.000000 -0.025882
vn -0.096593 0.000000 -0.025882
vn -0.086603 0.000000 -0.050000
vn -0.086603 0.000000 -0.050000
vn -0.070711 0.000000 -0.070711
vn -0.070711 0.000000 -0.070711
vn -0.050000 0.000000 -0.086603
vn -0.050000 0.000000 -0.086603
vn -0.025882 0.000000 -0.096593
vn -0.025882 0.000000 -0.096593
vn 0.000000 0.000000 -0.100000
vn 0.000000 0.000000 -0.100000
vn 0.000000 0.000000 -0.100000
vn 0.000000 0.000000 -0.100000
vn 0.025882 0.000000 -0.096593
vn 0.025882 0.000000 -0.096593
vn 0.050000 0.000000 -0.086603
vn 0.050000 0.000000 -0.086603
vn 0.070711 0.000000 -0.070711
vn 0.070711 0.000000 -0.070711
vn 0.086603 0.000000 -0.050000
vn 0.086603 0.000000 -0.050000
vn 0.096593 0.000000 -0.025882
vn 0.096593 0.000000 -0.025882
vn 0.100000 0.000000 -0.000000
vn 0.100000 0.000000 -0.000000
vn 0.100000 0.000000 0.000000
vn 0.100000 0.000000 0.000000
vn -0.100000 0.000000 -0.000000
vn -0.100000 0.000000 -0.000000
vn -0.096593 0.000000 -0.025882
vn -0.096593 0.000000 -0.025882
vn -0.086603 0.000000 -0.050000
vn -0.086603 0.000000 -0.050000
vn -0.070711 0.000000 -0.070711
vn -0.070711 0.000000 -0.070711
vn -0.050000 0.000000 -0.086603
vn -0.050000 0.000000 -0.086603
vn -0.025882 0.000000 -0.096593
vn -0.025882 0.000000 -0.096593
vn -0.000000 0.000000 -0.100000
vn -0.000000 0.000000 -0.100000
vn 0.000000 0.000000 -0.100000
vn 0.000000 0.000000 -0.100000
vn 0.025882 0.000000 -0.096593
vn 0.025882 0.000000 -0.096593
vn 0.050000 0.000000 -0.086603
vn 0.050000 0.000000 -0.086603
vn 0.070711 0.000000 -0.070711
vn 0.070711 0.000000 -0.070711
vn 0.086603 0.000000 -0.050000
vn 0.086603 0.000000 -0.050000
vn 0.096593 0.000000 -0.025882
vn 0.096593 0.000000 -0.025882
vn 0.100000 -0.000000 0.000000
vn 0.100000 -0.000000 0.000000
vn 0.100000 0.000000 0.000000
vn 0.100000 0.000000 0.000000
vn -0.100000 0.000000 -0.000000
vn -0.100000 0.000000 -0.000000
vn -0.096593 0.000000 -0.025882
vn -0.096593 0.000000 -0.025882
vn -0.086603 0.000000 -0.050000
vn -0.086603 0.000000 -0.050000
vn -0.070711 0.000000 -0.070711
vn -0.070711 0.000000 -0.070711
vn -0.050000 0.000000 -0.086603
vn -0.050000 0.000000 -0.086603
vn -0.025882 0.000000 -0.096593
vn -0.025882 0.000000 -0.096593
vn 0.000000 0.000000 -0.100000
vn 0.000000 0.000000 -0.100000
vn 0.000000 0.000000 -0.100000
vn 0.000000 0.000000 -0.100000
vn 0.025882 0.000000 -0.096593
vn 0.025882 0.000000 -0.096593
vn 0.050000 0.000000 -0.086603
vn 0.050000 0.000000 -0.086603
vn 0.070711 0.000000 -0.070711
vn 0.070711 0.000000 -0.070711
vn 0.086603 0.000000 -0.050000
vn 0.086603 0.000000 -0.050000
vn 0.096593 0.000000 -0.025882
vn 0.096593 0.000000 -0.025882
vn 0.100000 -0.000000 0.000000
vn 0.100000 -0.000000 0.000000
vn 0.100000 0.000000 0.000000
vn 0.100000 0.000000 0.000000
vn -0.100000 0.000000 -0.000000
vn -0.100000 0.000000 -0.000000
vn -0.096593 0.000000 -0.025882
vn -0.096593 0.000000 -0.025882
vn -0.086603 0.000000 -0.050000
vn -0.086603 0.000000 -0.050000
vn -0.070711 0.000000 -0.070711
vn -0.070711 0.000000 -0.070711
vn -0.050000 0.000000 -0.086603
vn -0.050000 0.000000 -0.086603
vn -0.025882 0.000000 -0.096593
vn -0.025882 0.000000 -0.096593
vn 0.000000 0.000000 -0.100000
vn -0.000000 0.000000 -0.100000
vn 0.000000 0.000000 -0.100000
vn 0.000000 0.000000 -0.100000
vn 0.025882 0.000000 -0.096593
vn 0.025882 0.000000 -0.096593
vn 0.050000 0.000000 -0.086603
vn 0.050000 0.000000 -0.086603
vn 0.070711 0.000000 -0.070711
vn 0.070711 0.000000 -0.070711
vn 0.086603 0.000000 -0.050000
vn 0.086603 0.000000 -0.050000
vn 0.096593 0.000000 -0.025882
vn 0.096593 0.000000 -0.025882
vn 0.100000 -0.000000 0.000000
vn 0.100000 -0.000000 0.000000
vn 0.100000 0.000000 0.000000
vn 0.100000 0.000000 0.000000
vn 0.000000 0.000000 -0.100000
vn 0.000000 0.000000 -0.100000
vn -0.019038 0.000000 -0.098171
vn -0.025882 0.000000 -0.096593
vn -0.037851 0.000000 -0.092560
vn -0.050000 0.000000 -0.086603
vn -0.055219 0.000000 -0.083372
vn -0.070711 0.000000 -0.070711
vn -0.070140 0.000000 -0.071277
vn -0.082483 0.000000 -0.056538
vn -0.086603 0.000000 -0.050000
vn -0.092094 0.000000 -0.038971
vn -0.096593 0.000000 -0.025882
vn -0.098048 0.000000 -0.019662
vn -0.100000 0.000000 -0.000000
vn -0.100000 0.000000 -0.000000
vn -0.000000 0.000000 -0.100000
vn -0.000000 0.000000 -0.100000
vn -0.000000 0.000000 -0.100000
vn -0.000000 0.000000 -0.100000
vn 0.000062 0.076169 -0.064794
vn 0.013691 0.076857 -0.062494
vn 0.002037 0.078891 -0.061417
vn 0.013727 0.080198 -0.058137
vn 0.004414 0.081384 -0.057940
vn 0.017111 0.083045 -0.053016
vn 0.007260 0.083658 -0.054302
vn 0.010667 0.085707 -0.050403
vn 0.021471 0.085345 -0.047489
vn 0.014776 0.087311 -0.046459
vn 0.027083 0.086640 -0.041951
vn 0.019631 0.088353 -0.042526
vn 0.032022 0.086896 -0.037731
vn 0.025303 0.088852 -0.038277
vn 0.037843 0.086291 -0.033493
vn 0.031957 0.088368 -0.034203
vn 0.044519 0.084548 -0.029492
vn 0.039481 0.086739 -0.030292
vn 0.051919 0.081599 -0.025418
vn 0.047784 0.083866 -0.026137
vn 0.060039 0.077153 -0.021041
vn 0.056881 0.079325 -0.021728
vn 0.068639 0.070745 -0.016846
vn 0.066414 0.072696 -0.017449
vn 0.074991 0.064705 -0.013774
vn 0.071178 0.068555 -0.015294
vn 0.075828 0.063761 -0.013590
vn 0.081027 0.057512 -0.011269
vn 0.080191 0.058578 -0.011749
vn 0.086489 0.049496 -0.008358
vn 0.084267 0.052964 -0.009690
vn 0.088037 0.046840 -0.007453
vn 0.091321 0.040423 -0.005145
vn 0.091452 0.040134 -0.005079
vn 0.094445 0.032762 -0.002593
vn 0.094436 0.032786 -0.002618
vn 0.096885 0.024765 -0.000128
vn 0.096994 0.024336 -0.000001
vn 0.024296 0.079491 -0.055595
vn 0.026996 0.076077 -0.059021
vn 0.035008 0.077755 -0.052236
vn 0.039894 0.073841 -0.054369
vn 0.045278 0.075013 -0.048197
vn 0.051923 0.070212 -0.048726
vn 0.054901 0.071322 -0.043578
vn 0.063020 0.065228 -0.042116
vn 0.063879 0.066692 -0.038362
vn 0.068996 0.063414 -0.034903
vn 0.065114 0.067619 -0.034466
vn 0.069999 0.064180 -0.031323
vn 0.066770 0.067947 -0.030414
vn 0.071362 0.064384 -0.027609
vn 0.068940 0.067471 -0.026363
vn 0.073163 0.063845 -0.023897
vn 0.070865 0.066569 -0.023382
vn 0.074768 0.062940 -0.021173
vn 0.073135 0.065066 -0.020436
vn 0.076668 0.061485 -0.018484
vn 0.075732 0.062880 -0.017630
vn 0.078845 0.059414 -0.015919
vn 0.078604 0.059999 -0.014884
vn 0.081260 0.056717 -0.013417
vn 0.081752 0.056299 -0.012129
vn 0.083913 0.053285 -0.010922
vn 0.085090 0.051658 -0.009542
vn 0.086737 0.049021 -0.008580
vn 0.087577 0.047655 -0.007705
vn 0.088847 0.045368 -0.006922
vn 0.089983 0.043198 -0.006074
vn 0.090900 0.041323 -0.005438
vn 0.092229 0.038399 -0.004399
vn 0.092828 0.036980 -0.003931
vn 0.094298 0.033177 -0.002680
vn 0.094619 0.032272 -0.002393
vn 0.095719 0.028913 -0.001352
vn 0.095863 0.028440 -0.001208
vn 0.096994 0.024334 -0.000001
vn 0.072909 0.058997 -0.034694
vn 0.073744 0.059849 -0.031302
vn 0.074537 0.060471 -0.028063
vn 0.075632 0.060574 -0.024710
vn 0.077095 0.060001 -0.021360
vn 0.078406 0.059118 -0.018908
vn 0.079964 0.057740 -0.016489
vn 0.081755 0.055813 -0.014179
vn 0.083747 0.053329 -0.011931
vn 0.085943 0.050195 -0.009703
vn 0.088289 0.046336 -0.007612
vn 0.090051 0.043049 -0.006136
vn 0.091773 0.039429 -0.004805
vn 0.093402 0.035553 -0.003466
vn 0.094930 0.031365 -0.002109
vn 0.096004 0.027966 -0.001065
vn 0.096994 0.024334 -0.000001
vn 0.081363 0.051670 -0.026650
vn 0.081828 0.052231 -0.024003
vn 0.082277 0.052621 -0.021484
vn 0.082929 0.052594 -0.018886
vn 0.083826 0.052037 -0.016292
vn 0.084644 0.051264 -0.014402
vn 0.085626 0.050109 -0.012539
vn 0.086766 0.048539 -0.010754
vn 0.088045 0.046548 -0.009026
vn 0.089467 0.044067 -0.007329
vn 0.091003 0.041056 -0.005737
vn 0.092169 0.038517 -0.004618
vn 0.093324 0.035745 -0.003595
vn 0.094435 0.032792 -0.002585
vn 0.095500 0.029620 -0.001571
vn 0.096266 0.027059 -0.000794
vn 0.096994 0.024334 -0.000000
vn 0.088324 0.043292 -0.018017
vn 0.088512 0.043621 -0.016211
vn 0.088703 0.043837 -0.014495
vn 0.089010 0.043762 -0.012730
vn 0.089459 0.043322 -0.010967
vn 0.089882 0.042748 -0.009687
vn 0.090401 0.041913 -0.008426
vn 0.091013 0.040799 -0.007214
vn 0.091711 0.039403 -0.006045
vn 0.092500 0.037679 -0.004905
vn 0.093367 0.035608 -0.003835
vn 0.094037 0.033875 -0.003084
vn 0.094713 0.031995 -0.002389
vn 0.095379 0.030000 -0.001713
vn 0.096033 0.027866 -0.001041
vn 0.096519 0.026151 -0.000527
vn 0.096994 0.024333 -0.000000
vn 0.093543 0.034157 -0.009114
vn 0.093574 0.034304 -0.008197
vn 0.093614 0.034391 -0.007323
vn 0.093704 0.034326 -0.006426
vn 0.093853 0.034074 -0.005530
vn 0.094003 0.033759 -0.004881
vn 0.094193 0.033311 -0.004243
vn 0.094425 0.032723 -0.003627
vn 0.094696 0.031992 -0.003034
vn 0.095010 0.031097 -0.002461
vn 0.095365 0.030031 -0.001922
vn 0.095646 0.029145 -0.001544
vn 0.095937 0.028190 -0.001191
vn 0.096232 0.027180 -0.000852
vn 0.096531 0.026104 -0.000518
vn 0.096761 0.025243 -0.000263
vn 0.096994 0.024333 -0.000000
vn 0.096995 0.024332 -0.000000
vn 0.096995 0.024332 -0.000000
vn 0.096995 0.024332 -0.000000
vn 0.096995 0.024332 -0.000000
vn 0.096995 0.024332 -0.000000
vn 0.096995 0.024332 -0.000000
vn 0.096995 0.024332 -0.000000
vn 0.096995 0.024332 -0.000000
vn 0.096995 0.024332 0.000000
vn 0.096995 0.024332 0.000000
vn 0.096995 0.024332 0.000000
vn 0.096995 0.024332 -0.000000
vn 0.096995 0.024332 -0.000000
vn 0.096995 0.024332 0.000000
vn 0.096994 0.024333 -0.000000
vn 0.096994 0.024335 -0.000001
vn 0.095479 0.029686 -0.001591
vn 0.096994 0.024335 -0.000001
vn 0.095230 0.030460 -0.001834
vn 0.096994 0.024335 -0.000001
vn 0.094974 0.031235 -0.002083
vn 0.096994 0.024336 -0.000001
vn 0.094709 0.032011 -0.002339
vn 0.056544 0.072549 -0.039236
vn 0.058713 0.073136 -0.034698
vn 0.061529 0.072833 -0.030160
vn 0.064013 0.072000 -0.026803
vn 0.066933 0.070489 -0.023478
vn 0.070266 0.068190 -0.020318
vn 0.073944 0.065086 -0.017207
vn 0.077965 0.061025 -0.014053
vn 0.082215 0.055837 -0.011085
vn 0.085366 0.051305 -0.008968
vn 0.088398 0.046209 -0.007112
vn 0.091200 0.040691 -0.005171
vn 0.093753 0.034648 -0.003154
vn 0.047349 0.076585 -0.043506
vn 0.050057 0.077501 -0.038573
vn 0.053553 0.077464 -0.033638
vn 0.056628 0.076781 -0.029965
vn 0.060240 0.075355 -0.026319
vn 0.064361 0.073042 -0.022859
vn 0.068906 0.069817 -0.019431
vn 0.073871 0.065497 -0.015913
vn 0.079113 0.059855 -0.012592
vn 0.082989 0.054851 -0.010210
vn 0.086700 0.049159 -0.008153
vn 0.090107 0.042956 -0.005954
vn 0.093180 0.036114 -0.003638
vn 0.037530 0.079718 -0.047292
vn 0.040802 0.081034 -0.042057
vn 0.045014 0.081354 -0.036815
vn 0.048713 0.080904 -0.032887
vn 0.053058 0.079657 -0.028976
vn 0.058017 0.077430 -0.025270
vn 0.063491 0.074187 -0.021569
vn 0.069472 0.069712 -0.017719
vn 0.075784 0.063708 -0.014070
vn 0.080445 0.058291 -0.011436
vn 0.084892 0.052045 -0.009200
vn 0.088950 0.045192 -0.006750
vn 0.092581 0.037573 -0.004133
vn 0.027267 0.081887 -0.050507
vn 0.031104 0.083673 -0.045071
vn 0.036038 0.084445 -0.039626
vn 0.040372 0.084314 -0.035513
vn 0.045470 0.083345 -0.031401
vn 0.051298 0.081312 -0.027512
vn 0.057741 0.078163 -0.023593
vn 0.064793 0.073645 -0.019451
vn 0.072243 0.067383 -0.015507
vn 0.077742 0.061616 -0.012639
vn 0.082975 0.054863 -0.010251
vn 0.087728 0.047399 -0.007561
vn 0.091953 0.039027 -0.004641
vn -0.000016 0.013737 -0.099052
vn 0.000001 0.006442 -0.099792
vn 0.010648 0.014034 -0.098436
vn 0.012571 0.009531 -0.098748
vn 0.021083 0.016410 -0.096365
vn 0.024828 0.012428 -0.096068
vn 0.033906 0.019135 -0.092110
vn 0.036773 0.015147 -0.091751
vn 0.046154 0.021515 -0.086064
vn 0.048095 0.017612 -0.085887
vn 0.057402 0.023455 -0.078453
vn 0.058521 0.019756 -0.078645
vn 0.068055 0.021592 -0.070017
vn 0.076440 0.023064 -0.060208
vn 0.072948 0.025622 -0.063421
vn 0.067645 0.024967 -0.069288
vn 0.057028 0.027240 -0.077497
vn 0.045830 0.025699 -0.085083
vn 0.045522 0.029780 -0.083910
vn 0.033418 0.028065 -0.089976
vn 0.033194 0.032378 -0.088599
vn 0.020621 0.030419 -0.093002
vn 0.020489 0.034899 -0.091445
vn 0.010338 0.033118 -0.093789
vn 0.010279 0.037671 -0.092061
vn -0.000003 0.034772 -0.093760
vn 0.010222 0.042138 -0.090110
vn 0.000012 0.041450 -0.091005
vn 0.010163 0.046519 -0.087936
vn 0.000015 0.047955 -0.087752
vn 0.010100 0.050812 -0.085535
vn 0.010028 0.055013 -0.082904
vn 0.020000 0.051914 -0.083096
vn 0.019873 0.055940 -0.080472
vn 0.032202 0.052528 -0.078764
vn 0.032009 0.056283 -0.076208
vn 0.043920 0.052260 -0.073075
vn 0.043672 0.055692 -0.070648
vn 0.054796 0.051115 -0.066217
vn 0.054509 0.054183 -0.063976
vn 0.064824 0.049104 -0.058195
vn 0.064515 0.051767 -0.056196
vn 0.070090 0.047575 -0.053142
vn 0.069778 0.049991 -0.051303
vn 0.074929 0.045795 -0.047838
vn 0.074621 0.047957 -0.046172
vn 0.079229 0.043830 -0.042446
vn 0.078934 0.045737 -0.040959
vn 0.083133 0.041633 -0.036818
vn 0.082857 0.043278 -0.035522
vn 0.086633 0.039201 -0.030951
vn 0.086383 0.040576 -0.029858
vn 0.089676 0.036564 -0.024925
vn 0.089461 0.037667 -0.024043
vn 0.092230 0.033757 -0.018816
vn 0.092057 0.034586 -0.018149
vn 0.094302 0.030784 -0.012627
vn 0.094179 0.031337 -0.012177
vn 0.095893 0.027643 -0.006355
vn 0.095828 0.027920 -0.006128
vn 0.096995 0.024332 -0.000000
vn 0.096995 0.024332 -0.000000
vn 0.077750 0.026109 -0.057213
vn 0.083480 0.024136 -0.049483
vn 0.081946 0.026427 -0.050858
vn 0.085677 0.026592 -0.044185
vn 0.081563 0.028832 -0.050162
vn 0.085319 0.028674 -0.043571
vn 0.081194 0.031167 -0.049358
vn 0.084974 0.030693 -0.042863
vn 0.080839 0.033433 -0.048449
vn 0.084642 0.032653 -0.042066
vn 0.080496 0.035633 -0.047441
vn 0.084321 0.034555 -0.041182
vn 0.080165 0.037771 -0.046335
vn 0.084010 0.036402 -0.040214
vn 0.079844 0.039849 -0.045134
vn 0.083709 0.038196 -0.039164
vn 0.079532 0.041868 -0.043837
vn 0.083417 0.039940 -0.038032
vn 0.089179 0.024814 -0.037833
vn 0.088935 0.026602 -0.037188
vn 0.088612 0.028348 -0.036666
vn 0.088300 0.030040 -0.036065
vn 0.087999 0.031682 -0.035388
vn 0.087709 0.033276 -0.034640
vn 0.087427 0.034823 -0.033821
vn 0.087155 0.036325 -0.032932
vn 0.086890 0.037784 -0.031976
vn 0.091661 0.026454 -0.029974
vn 0.093375 0.025074 -0.025543
vn 0.093825 0.026152 -0.022648
vn 0.095979 0.024913 -0.012934
vn 0.095437 0.025697 -0.015211
vn 0.096497 0.025092 -0.007662
vn 0.095279 0.026404 -0.014992
vn 0.096413 0.025446 -0.007551
vn 0.095126 0.027088 -0.014741
vn 0.096332 0.025790 -0.007424
vn 0.094978 0.027752 -0.014460
vn 0.096253 0.026123 -0.007281
vn 0.094834 0.028395 -0.014149
vn 0.096176 0.026445 -0.007124
vn 0.094695 0.029020 -0.013810
vn 0.096102 0.026759 -0.006953
vn 0.094560 0.029625 -0.013443
vn 0.096030 0.027062 -0.006767
vn 0.094429 0.030213 -0.013049
vn 0.095961 0.027357 -0.006568
vn 0.096995 0.024332 0.000000
vn 0.096995 0.024332 -0.000000
vn 0.096995 0.024332 -0.000000
vn 0.096995 0.024332 -0.000000
vn 0.096995 0.024332 -0.000000
vn 0.096995 0.024332 -0.000000
vn 0.096995 0.024332 -0.000000
vn 0.096995 0.024332 -0.000000
vn 0.096995 0.024332 -0.000000
vn 0.095706 0.028433 -0.005645
vn 0.095765 0.028183 -0.005892
vn 0.094062 0.031863 -0.011708
vn 0.091893 0.035373 -0.017451
vn 0.089256 0.038714 -0.023120
vn 0.086147 0.041883 -0.028715
vn 0.082595 0.044840 -0.034167
vn 0.078655 0.047549 -0.039402
vn 0.074331 0.050012 -0.044426
vn 0.069484 0.052289 -0.049374
vn 0.064225 0.054302 -0.054096
vn 0.054240 0.057107 -0.061618
vn 0.043440 0.058968 -0.068087
vn 0.031830 0.059872 -0.073499
vn 0.019756 0.059796 -0.077680
vn 0.009966 0.059044 -0.080091
vn -0.000001 0.054270 -0.083993
vn 0.095650 0.028670 -0.005389
vn 0.096995 0.024332 -0.000000
vn 0.095597 0.028894 -0.005124
vn 0.096995 0.024332 -0.000000
vn 0.095547 0.029107 -0.004849
vn 0.093539 0.034163 -0.009126
vn 0.088319 0.043296 -0.018034
vn 0.091318 0.038137 -0.014372
vn 0.093653 0.033708 -0.009639
vn 0.081354 0.051673 -0.026671
vn 0.085321 0.046478 -0.023665
vn 0.088543 0.042395 -0.019048
vn 0.091450 0.037500 -0.015184
vn 0.093747 0.033283 -0.010185
vn 0.093846 0.032834 -0.010712
vn 0.072896 0.058994 -0.034725
vn 0.077684 0.053931 -0.032507
vn 0.081685 0.050339 -0.028171
vn 0.085511 0.045419 -0.024999
vn 0.088707 0.041547 -0.020123
vn 0.088880 0.040652 -0.021160
vn 0.091590 0.036828 -0.015968
vn 0.091737 0.036119 -0.016724
vn 0.093951 0.032361 -0.011219
vn 0.063002 0.065221 -0.042155
vn 0.068465 0.060401 -0.040795
vn 0.073324 0.057257 -0.036677
vn 0.077907 0.052459 -0.034331
vn 0.081894 0.049072 -0.029755
vn 0.082115 0.047734 -0.031283
vn 0.085711 0.044302 -0.026285
vn 0.085923 0.043124 -0.027524
vn 0.089063 0.039708 -0.022159
vn 0.051898 0.070196 -0.048776
vn 0.053314 0.067464 -0.051051
vn 0.063221 0.063260 -0.044736
vn 0.068699 0.058528 -0.043069
vn 0.073556 0.055585 -0.038729
vn 0.073800 0.053822 -0.040704
vn 0.078142 0.050906 -0.036088
vn 0.078391 0.049271 -0.037779
vn 0.082348 0.046325 -0.032753
vn 0.042647 0.070603 -0.056537
vn 0.039860 0.073811 -0.054434
vn 0.031225 0.072668 -0.061192
vn 0.026953 0.076034 -0.059096
vn 0.019373 0.073596 -0.064872
vn 0.013639 0.076791 -0.062588
vn 0.009771 0.073523 -0.067074
vn 0.000000 0.076079 -0.064900
vn 0.000003 0.071147 -0.070271
vn 0.009816 0.070146 -0.070592
vn -0.000001 0.065867 -0.075244
vn 0.009861 0.066608 -0.073934
vn 0.009911 0.062907 -0.077100
vn 0.019650 0.063485 -0.074723
vn -0.000005 0.060241 -0.079819
vn -0.000019 0.027927 -0.096021
vn 0.010402 0.028479 -0.095293
vn 0.020763 0.025845 -0.094345
vn 0.033655 0.023652 -0.091148
vn -0.000026 0.020915 -0.097788
vn 0.010474 0.023753 -0.096572
vn 0.020917 0.021176 -0.095468
vn 0.010556 0.018938 -0.097621
vn 0.093602 0.027207 -0.022324
vn 0.093387 0.028230 -0.021953
vn 0.093179 0.029222 -0.021537
vn 0.092977 0.030184 -0.021076
vn 0.092782 0.031118 -0.020573
vn 0.092592 0.032024 -0.020029
vn 0.092408 0.032904 -0.019443
vn 0.091383 0.027856 -0.029550
vn 0.091115 0.029215 -0.029062
vn 0.090855 0.030533 -0.028514
vn 0.090605 0.031812 -0.027907
vn 0.090362 0.033053 -0.027244
vn 0.090126 0.034258 -0.026526
vn 0.089898 0.035428 -0.025753
vn 0.077351 0.028826 -0.056444
vn 0.076967 0.031463 -0.055553
vn 0.076598 0.034025 -0.054544
vn 0.076243 0.036513 -0.053421
vn 0.075899 0.038933 -0.052188
vn 0.075566 0.041285 -0.050846
vn 0.075243 0.043572 -0.049396
vn 0.072542 0.028645 -0.062586
vn 0.072153 0.031582 -0.061615
vn 0.071780 0.034437 -0.060513
vn 0.071420 0.037212 -0.059284
vn 0.071072 0.039910 -0.057930
vn 0.070736 0.042536 -0.056455
vn 0.070409 0.045090 -0.054859
vn 0.067243 0.028284 -0.068399
vn 0.066858 0.031509 -0.067358
vn 0.066489 0.034645 -0.066173
vn 0.066134 0.037695 -0.064848
vn 0.065792 0.040664 -0.063387
vn 0.065461 0.043553 -0.061790
vn 0.065139 0.046366 -0.060060
vn 0.056671 0.030924 -0.076368
vn 0.045230 0.033760 -0.082550
vn 0.032982 0.036594 -0.087023
vn 0.020364 0.039288 -0.089676
vn 0.056330 0.034512 -0.075072
vn 0.056003 0.038006 -0.073615
vn 0.055688 0.041411 -0.071999
vn 0.055383 0.044730 -0.070228
vn 0.055087 0.047964 -0.068300
vn 0.044950 0.037643 -0.081009
vn 0.032780 0.040715 -0.085251
vn 0.020243 0.043587 -0.087695
vn 0.044682 0.041432 -0.079290
vn 0.044423 0.045130 -0.077394
vn 0.044169 0.048739 -0.075323
vn 0.032584 0.044744 -0.083284
vn 0.020123 0.047796 -0.085502
vn 0.032393 0.048682 -0.081122
vn 0.074058 0.051965 -0.042603
vn 0.069207 0.054475 -0.047358
vn 0.068946 0.056553 -0.045256
vn 0.063952 0.056715 -0.051900
vn 0.063695 0.059009 -0.049608
vn 0.063451 0.061190 -0.047220
vn 0.053988 0.059893 -0.059145
vn 0.053751 0.062545 -0.056560
vn 0.053527 0.065068 -0.053862
vn 0.043223 0.062091 -0.065394
vn 0.043020 0.065070 -0.062571
vn 0.042829 0.067906 -0.059619
vn 0.031664 0.063301 -0.070643
vn 0.031509 0.066574 -0.067639
vn 0.031364 0.069696 -0.064489
vn 0.019552 0.067014 -0.071602
vn 0.019460 0.070383 -0.068319
vn 0.085260 0.052256 0.000000
vn 0.084531 0.051809 -0.013053
vn 0.080050 0.059933 0.000000
vn 0.079365 0.059421 -0.013053
vn 0.074151 0.067094 0.000000
vn 0.073516 0.066520 -0.013053
vn 0.067613 0.073678 0.000000
vn 0.067035 0.073048 -0.013053
vn 0.060494 0.079627 0.000000
vn 0.059976 0.078946 -0.013053
vn 0.052854 0.084891 0.000000
vn 0.052402 0.084165 -0.013053
vn 0.044759 0.089424 0.000000
vn 0.044376 0.088659 -0.013053
vn 0.036278 0.093187 0.000000
vn 0.035968 0.092390 -0.013053
vn 0.027485 0.096149 0.000000
vn 0.027250 0.095326 -0.013053
vn 0.018456 0.098282 0.000000
vn 0.018298 0.097441 -0.013053
vn 0.009268 0.099570 0.000000
vn 0.009189 0.098718 -0.013053
vn 0.000000 0.100000 0.000000
vn 0.000000 0.099144 -0.013053
vn 0.008952 0.096177 -0.025882
vn 0.000000 0.096593 -0.025882
vn 0.008562 0.091990 -0.038268
vn 0.000000 0.092388 -0.038268
vn 0.008026 0.086230 -0.050000
vn 0.000000 0.086603 -0.050000
vn 0.007353 0.078994 -0.060876
vn 0.000000 0.079335 -0.060876
vn 0.006553 0.070406 -0.070711
vn 0.000000 0.070711 -0.070711
vn 0.005642 0.060614 -0.079335
vn 0.000000 0.060876 -0.079335
vn 0.004634 0.049785 -0.086603
vn 0.000000 0.050000 -0.086603
vn 0.003547 0.038104 -0.092388
vn 0.000000 0.038268 -0.092388
vn 0.002399 0.025771 -0.096593
vn 0.000000 0.025882 -0.096593
vn 0.001210 0.012996 -0.099144
vn 0.000000 0.013053 -0.099144
vn 0.000000 0.000000 -0.100000
vn 0.000000 0.000000 -0.100000
vn 0.002409 0.012828 -0.099144
vn 0.000000 0.000000 -0.100000
vn 0.003588 0.012550 -0.099144
vn 0.000000 0.000000 -0.100000
vn 0.004735 0.012163 -0.099144
vn 0.005842 0.011672 -0.099144
vn 0.009389 0.024119 -0.096593
vn 0.011584 0.023145 -0.096593
vn 0.013883 0.035661 -0.092388
vn 0.017128 0.034221 -0.092388
vn 0.018139 0.046594 -0.086603
vn 0.022379 0.044712 -0.086603
vn 0.022085 0.056729 -0.079335
vn 0.027247 0.054438 -0.079335
vn 0.025653 0.065893 -0.070711
vn 0.031649 0.063232 -0.070711
vn 0.028781 0.073931 -0.060876
vn 0.035509 0.070945 -0.060876
vn 0.031418 0.080703 -0.050000
vn 0.038762 0.077444 -0.050000
vn 0.033517 0.086094 -0.038268
vn 0.041352 0.082617 -0.038268
vn 0.035042 0.090012 -0.025882
vn 0.043233 0.086377 -0.025882
vn 0.082355 0.050476 -0.025882
vn 0.077322 0.057891 -0.025882
vn 0.071624 0.064808 -0.025882
vn 0.065310 0.071167 -0.025882
vn 0.058433 0.076914 -0.025882
vn 0.051053 0.081998 -0.025882
vn 0.078770 0.048279 -0.038268
vn 0.073957 0.055371 -0.038268
vn 0.068506 0.061987 -0.038268
vn 0.062467 0.068069 -0.038268
vn 0.055889 0.073566 -0.038268
vn 0.048831 0.078429 -0.038268
vn 0.073837 0.045255 -0.050000
vn 0.069325 0.051904 -0.050000
vn 0.064216 0.058105 -0.050000
vn 0.058555 0.063807 -0.050000
vn 0.052389 0.068959 -0.050000
vn 0.045773 0.073518 -0.050000
vn 0.067641 0.041458 -0.060876
vn 0.063508 0.047548 -0.060876
vn 0.058828 0.053230 -0.060876
vn 0.053641 0.058453 -0.060876
vn 0.047993 0.063172 -0.060876
vn 0.041932 0.067349 -0.060876
vn 0.060288 0.036951 -0.070711
vn 0.056604 0.042379 -0.070711
vn 0.052433 0.047443 -0.070711
vn 0.047810 0.052098 -0.070711
vn 0.042776 0.056305 -0.070711
vn 0.037373 0.060027 -0.070711
vn 0.051903 0.031812 -0.079335
vn 0.048731 0.036485 -0.079335
vn 0.045140 0.040844 -0.079335
vn 0.041160 0.044852 -0.079335
vn 0.036826 0.048474 -0.079335
vn 0.032175 0.051678 -0.079335
vn 0.042630 0.026128 -0.086603
vn 0.040025 0.029967 -0.086603
vn 0.037075 0.033547 -0.086603
vn 0.033807 0.036839 -0.086603
vn 0.030247 0.039814 -0.086603
vn 0.026427 0.042445 -0.086603
vn 0.032628 0.019998 -0.092388
vn 0.030634 0.022935 -0.092388
vn 0.028376 0.025676 -0.092388
vn 0.025875 0.028195 -0.092388
vn 0.023150 0.030472 -0.092388
vn 0.020226 0.032486 -0.092388
vn 0.022067 0.013525 -0.096593
vn 0.020718 0.015512 -0.096593
vn 0.019192 0.017365 -0.096593
vn 0.017500 0.019069 -0.096593
vn 0.015657 0.020609 -0.096593
vn 0.013680 0.021971 -0.096593
vn 0.011129 0.006821 -0.099144
vn 0.010449 0.007823 -0.099144
vn 0.009679 0.008758 -0.099144
vn 0.008825 0.009617 -0.099144
vn 0.007896 0.010393 -0.099144
vn 0.006899 0.011080 -0.099144
vn 0.000000 0.000000 -0.100000
vn 0.000000 0.000000 -0.100000
vn -0.000000 -0.000000 -0.100000
vn 0.000000 0.000000 -0.100000
vn 0.000000 0.000000 -0.100000
vn 0.007114 0.024885 -0.096593
vn 0.004777 0.025437 -0.096593
vn 0.010518 0.036794 -0.092388
vn 0.007063 0.037611 -0.092388
vn 0.013743 0.048074 -0.086603
vn 0.009228 0.049141 -0.086603
vn 0.016732 0.058532 -0.079335
vn 0.011235 0.059830 -0.079335
vn 0.019435 0.067987 -0.070711
vn 0.013050 0.069496 -0.070711
vn 0.021806 0.076280 -0.060876
vn 0.014642 0.077972 -0.060876
vn 0.023803 0.083267 -0.050000
vn 0.015983 0.085115 -0.050000
vn 0.025393 0.088830 -0.038268
vn 0.017051 0.090801 -0.038268
vn 0.026549 0.092872 -0.025882
vn 0.017827 0.094933 -0.025882
vn 0.000000 0.000000 -0.100000
vn 0.000000 0.013053 -0.099144
vn 0.000000 0.025882 -0.096593
vn 0.000000 0.038268 -0.092388
vn 0.000000 0.050000 -0.086603
vn 0.000000 0.060876 -0.079335
vn 0.000000 0.070711 -0.070711
vn 0.000000 0.079335 -0.060876
vn 0.000000 0.086603 -0.050000
vn 0.000000 0.092388 -0.038268
vn 0.000000 0.096593 -0.025882
vn 0.000000 0.099144 -0.013053
vn 0.000000 0.100000 -0.000000
vn -0.000000 0.000000 -0.100000
vn 0.000000 -0.000000 -0.100000
vn -0.010449 0.007823 -0.099144
vn -0.011129 0.006821 -0.099144
vn -0.022067 0.013525 -0.096593
vn -0.020718 0.015512 -0.096593
vn -0.032628 0.019998 -0.092388
vn -0.030634 0.022935 -0.092388
vn -0.042630 0.026128 -0.086603
vn -0.040025 0.029967 -0.086603
vn -0.051903 0.031812 -0.079335
vn -0.048731 0.036485 -0.079335
vn -0.060288 0.036951 -0.070711
vn -0.056604 0.042379 -0.070711
vn -0.067641 0.041458 -0.060876
vn -0.063508 0.047548 -0.060876
vn -0.073837 0.045255 -0.050000
vn -0.069325 0.051904 -0.050000
vn -0.078770 0.048279 -0.038268
vn -0.073957 0.055371 -0.038268
vn -0.082355 0.050476 -0.025882
vn -0.077322 0.057891 -0.025882
vn -0.084531 0.051809 -0.013053
vn -0.079365 0.059421 -0.013053
vn -0.085260 0.052256 -0.000000
vn -0.080050 0.059933 -0.000000
vn -0.073516 0.066520 -0.013053
vn -0.074151 0.067094 -0.000000
vn -0.067035 0.073048 -0.013053
vn -0.067613 0.073678 -0.000000
vn -0.059976 0.078946 -0.013053
vn -0.060494 0.079627 -0.000000
vn -0.052402 0.084165 -0.013053
vn -0.052854 0.084891 -0.000000
vn -0.044376 0.088659 -0.013053
vn -0.044759 0.089424 -0.000000
vn -0.035968 0.092390 -0.013053
vn -0.036278 0.093187 -0.000000
vn -0.027250 0.095326 -0.013053
vn -0.027485 0.096149 -0.000000
vn -0.018298 0.097441 -0.013053
vn -0.018456 0.098282 -0.000000
vn -0.009189 0.098718 -0.013053
vn -0.009268 0.099570 -0.000000
vn -0.008952 0.096177 -0.025882
vn -0.017827 0.094933 -0.025882
vn -0.026549 0.092872 -0.025882
vn -0.035042 0.090012 -0.025882
vn -0.043233 0.086377 -0.025882
vn -0.051053 0.081998 -0.025882
vn -0.058433 0.076914 -0.025882
vn -0.065310 0.071167 -0.025882
vn -0.071624 0.064808 -0.025882
vn -0.008562 0.091990 -0.038268
vn -0.017051 0.090801 -0.038268
vn -0.025393 0.088830 -0.038268
vn -0.033517 0.086094 -0.038268
vn -0.041352 0.082617 -0.038268
vn -0.048831 0.078429 -0.038268
vn -0.055889 0.073566 -0.038268
vn -0.062467 0.068069 -0.038268
vn -0.068506 0.061987 -0.038268
vn -0.008026 0.086230 -0.050000
vn -0.015983 0.085115 -0.050000
vn -0.023803 0.083267 -0.050000
vn -0.031418 0.080703 -0.050000
vn -0.038762 0.077444 -0.050000
vn -0.045773 0.073518 -0.050000
vn -0.052389 0.068959 -0.050000
vn -0.058555 0.063807 -0.050000
vn -0.064216 0.058105 -0.050000
vn -0.007353 0.078994 -0.060876
vn -0.014642 0.077972 -0.060876
vn -0.021806 0.076280 -0.060876
vn -0.028781 0.073931 -0.060876
vn -0.035509 0.070945 -0.060876
vn -0.041932 0.067349 -0.060876
vn -0.047993 0.063172 -0.060876
vn -0.053641 0.058453 -0.060876
vn -0.058828 0.053230 -0.060876
vn -0.006553 0.070406 -0.070711
vn -0.013050 0.069496 -0.070711
vn -0.019435 0.067987 -0.070711
vn -0.025653 0.065893 -0.070711
vn -0.031649 0.063232 -0.070711
vn -0.037373 0.060027 -0.070711
vn -0.042776 0.056305 -0.070711
vn -0.047810 0.052098 -0.070711
vn -0.052433 0.047443 -0.070711
vn -0.005642 0.060614 -0.079335
vn -0.011235 0.059830 -0.079335
vn -0.016732 0.058532 -0.079335
vn -0.022085 0.056729 -0.079335
vn -0.027247 0.054438 -0.079335
vn -0.032175 0.051678 -0.079335
vn -0.036826 0.048474 -0.079335
vn -0.041160 0.044852 -0.079335
vn -0.045140 0.040844 -0.079335
vn -0.004634 0.049785 -0.086603
vn -0.009228 0.049141 -0.086603
vn -0.013743 0.048074 -0.086603
vn -0.018139 0.046594 -0.086603
vn -0.022379 0.044712 -0.086603
vn -0.026427 0.042445 -0.086603
vn -0.030247 0.039814 -0.086603
vn -0.033807 0.036839 -0.086603
vn -0.037075 0.033547 -0.086603
vn -0.003547 0.038104 -0.092388
vn -0.007063 0.037611 -0.092388
vn -0.010518 0.036794 -0.092388
vn -0.013883 0.035661 -0.092388
vn -0.017128 0.034221 -0.092388
vn -0.020226 0.032486 -0.092388
vn -0.023150 0.030472 -0.092388
vn -0.025875 0.028195 -0.092388
vn -0.028376 0.025676 -0.092388
vn -0.002399 0.025771 -0.096593
vn -0.004777 0.025437 -0.096593
vn -0.007114 0.024885 -0.096593
vn -0.009389 0.024119 -0.096593
vn -0.011584 0.023145 -0.096593
vn -0.013680 0.021971 -0.096593
vn -0.015657 0.020609 -0.096593
vn -0.017500 0.019069 -0.096593
vn -0.019192 0.017365 -0.096593
vn -0.001210 0.012996 -0.099144
vn -0.002409 0.012828 -0.099144
vn -0.003588 0.012550 -0.099144
vn -0.004735 0.012163 -0.099144
vn -0.005842 0.011672 -0.099144
vn -0.006899 0.011080 -0.099144
vn -0.007896 0.010393 -0.099144
vn -0.008825 0.009617 -0.099144
vn -0.009679 0.008758 -0.099144
vn 0.000000 -0.000000 -0.100000
vn -0.000000 0.000000 -0.100000
vn -0.000000 0.000000 -0.100000
vn 0.000000 -0.000000 -0.100000
vn -0.000000 0.000000 -0.100000
vn 0.000000 -0.000000 -0.100000
vn -0.000000 0.001530 -0.099988
vn 0.009929 0.006651 -0.099283
vn 0.011158 0.006845 -0.099140
vn 0.019648 0.011543 -0.097369
vn 0.022036 0.013504 -0.096603
vn 0.025655 0.014556 -0.095551
vn 0.032628 0.019998 -0.092388
vn 0.031576 0.017522 -0.093252
vn 0.037379 0.020425 -0.090474
vn 0.032658 0.016460 -0.093073
vn 0.038664 0.018831 -0.090280
vn 0.033478 0.015513 -0.092944
vn 0.039636 0.017402 -0.090145
vn 0.036772 0.015150 -0.091751
vn 0.048095 0.017613 -0.085887
vn 0.045549 0.019188 -0.086932
vn 0.056618 0.022448 -0.079313
vn 0.055223 0.025251 -0.079453
vn 0.060251 0.027164 -0.075047
vn 0.058227 0.030745 -0.075262
vn 0.062836 0.033006 -0.070443
vn 0.067728 0.035392 -0.064500
vn 0.067661 0.041472 -0.060845
vn 0.072142 0.037528 -0.058200
vn 0.073821 0.045245 -0.050034
vn 0.075972 0.039364 -0.051756
vn 0.079361 0.040971 -0.044981
vn 0.078665 0.033929 -0.051582
vn 0.082191 0.035148 -0.044825
vn 0.080683 0.028995 -0.051473
vn 0.084309 0.029856 -0.044729
vn 0.083480 0.024136 -0.049483
vn 0.089179 0.024815 -0.037833
vn 0.087460 0.030548 -0.037651
vn 0.090080 0.031055 -0.030351
vn 0.087795 0.036968 -0.030419
vn 0.089791 0.037539 -0.022987
vn 0.086631 0.044304 -0.023071
vn 0.088009 0.044880 -0.015498
vn 0.084526 0.051807 -0.013090
vn 0.088865 0.045188 -0.007808
vn 0.088984 0.045627 0.000000
vn 0.042657 0.026148 -0.086583
vn 0.042951 0.023199 -0.087276
vn 0.044430 0.021087 -0.087071
vn 0.053374 0.028357 -0.079669
vn 0.051877 0.031795 -0.079359
vn 0.078770 0.048278 -0.038269
vn 0.082297 0.042346 -0.037868
vn 0.085252 0.036168 -0.037734
vn 0.084730 0.043461 -0.030528
vn 0.082363 0.050482 -0.025845
vn 0.092193 0.038735 -0.000000
vn 0.092168 0.038007 -0.007779
vn 0.091249 0.037885 -0.015441
vn 0.093651 0.031498 -0.015406
vn 0.092141 0.031370 -0.022935
vn 0.093375 0.025075 -0.025543
vn 0.094869 0.031622 0.000000
vn 0.094611 0.031441 -0.007761
vn 0.095980 0.024912 -0.012934
vn 0.076440 0.023065 -0.060208
vn 0.076593 0.027966 -0.057891
vn 0.074684 0.032513 -0.058010
vn 0.071888 0.026727 -0.064170
vn 0.068054 0.021593 -0.070017
vn 0.066679 0.025304 -0.070098
vn 0.061777 0.023926 -0.074908
vn 0.065028 0.028962 -0.070232
vn 0.058521 0.019757 -0.078645
vn 0.024828 0.012430 -0.096068
vn 0.027199 0.013563 -0.095270
vn 0.026533 0.014027 -0.095390
vn 0.020829 0.011564 -0.097121
vn 0.012571 0.009532 -0.098748
vn 0.010526 0.008282 -0.099099
vn 0.000000 0.006444 -0.099792
vn -0.000000 0.004762 -0.099887
vn 0.010269 0.007499 -0.099188
vn 0.000000 0.003120 -0.099951
vn 0.070102 0.030846 -0.064298
vn 0.020320 0.011546 -0.097231
vn -0.096995 0.024332 -0.000000
vn -0.093543 0.034157 -0.009114
vn -0.096995 0.024332 -0.000000
vn -0.094302 0.032581 -0.006754
vn -0.096995 0.024332 -0.000000
vn -0.094327 0.032650 -0.006033
vn -0.096995 0.024332 -0.000000
vn -0.094391 0.032592 -0.005294
vn -0.096995 0.024332 -0.000000
vn -0.096995 0.024332 -0.000000
vn -0.094503 0.032380 -0.004555
vn -0.096995 0.024332 -0.000000
vn -0.094617 0.032117 -0.004020
vn -0.096995 0.024332 0.000000
vn -0.094764 0.031744 -0.003494
vn -0.096995 0.024332 0.000000
vn -0.094943 0.031256 -0.002986
vn -0.096995 0.024332 0.000000
vn -0.095154 0.030650 -0.002497
vn -0.096995 0.024332 -0.000000
vn -0.095401 0.029909 -0.002025
vn -0.095681 0.029028 -0.001581
vn -0.093452 0.035362 -0.004039
vn -0.094119 0.033641 -0.003156
vn -0.091064 0.040866 -0.006108
vn -0.092243 0.038320 -0.004778
vn -0.088309 0.046207 -0.008152
vn -0.090108 0.042893 -0.006386
vn -0.085205 0.051352 -0.010157
vn -0.087724 0.047339 -0.007973
vn -0.081752 0.056299 -0.012129
vn -0.085090 0.051658 -0.009542
vn -0.079456 0.059239 -0.013322
vn -0.083347 0.054251 -0.010496
vn -0.077043 0.062084 -0.014489
vn -0.081516 0.056783 -0.011437
vn -0.072121 0.067240 -0.016652
vn -0.077789 0.061440 -0.013195
vn -0.066786 0.072032 -0.018736
vn -0.073753 0.065865 -0.014910
vn -0.061093 0.076414 -0.020702
vn -0.069439 0.070029 -0.016558
vn -0.056881 0.079325 -0.021728
vn -0.066414 0.072696 -0.017449
vn -0.090498 0.040386 -0.013385
vn -0.088324 0.043292 -0.018017
vn -0.085400 0.047984 -0.020107
vn -0.081363 0.051670 -0.026650
vn -0.079197 0.054969 -0.026575
vn -0.072909 0.058997 -0.034694
vn -0.072023 0.061206 -0.032656
vn -0.063020 0.065228 -0.042116
vn -0.063879 0.066692 -0.038362
vn -0.058427 0.069655 -0.041646
vn -0.065114 0.067619 -0.034466
vn -0.059910 0.070761 -0.037464
vn -0.066770 0.067947 -0.030414
vn -0.061879 0.071241 -0.033102
vn -0.068940 0.067471 -0.026363
vn -0.064443 0.070860 -0.028740
vn -0.070865 0.066569 -0.023382
vn -0.066708 0.069991 -0.025520
vn -0.073135 0.065066 -0.020436
vn -0.069374 0.068472 -0.022334
vn -0.075732 0.062880 -0.017630
vn -0.072418 0.066204 -0.019303
vn -0.078604 0.059999 -0.014884
vn -0.075779 0.063174 -0.016327
vn -0.051923 0.070212 -0.048726
vn -0.052728 0.072261 -0.044700
vn -0.054468 0.073564 -0.040269
vn -0.056760 0.074221 -0.035631
vn -0.059730 0.073971 -0.030993
vn -0.062348 0.073166 -0.027558
vn -0.065426 0.071666 -0.024154
vn -0.068937 0.069355 -0.020919
vn -0.072810 0.066214 -0.017731
vn -0.039894 0.073841 -0.054369
vn -0.041186 0.076243 -0.049908
vn -0.043437 0.077968 -0.045101
vn -0.046371 0.079038 -0.040035
vn -0.050153 0.079134 -0.034964
vn -0.053478 0.078536 -0.031180
vn -0.057383 0.077171 -0.027419
vn -0.061838 0.074881 -0.023854
vn -0.066752 0.071635 -0.020309
vn -0.026996 0.076077 -0.059021
vn -0.028821 0.078888 -0.054278
vn -0.031606 0.081098 -0.049236
vn -0.035209 0.082678 -0.043871
vn -0.039842 0.083250 -0.038498
vn -0.043911 0.082974 -0.034454
vn -0.048693 0.081877 -0.030417
vn -0.054155 0.079749 -0.026597
vn -0.060189 0.076546 -0.022761
vn -0.013691 0.076857 -0.062494
vn -0.016045 0.080125 -0.057641
vn -0.019341 0.082872 -0.052518
vn -0.023589 0.085055 -0.047003
vn -0.029055 0.086229 -0.041477
vn -0.033863 0.086394 -0.037274
vn -0.039527 0.085702 -0.033058
vn -0.046017 0.083887 -0.029076
vn -0.053207 0.080885 -0.025031
vn -0.000062 0.076169 -0.064794
vn -0.002037 0.078891 -0.061417
vn -0.004414 0.081384 -0.057940
vn -0.007260 0.083658 -0.054302
vn -0.010667 0.085707 -0.050403
vn -0.014776 0.087311 -0.046459
vn -0.019631 0.088353 -0.042526
vn -0.025303 0.088852 -0.038277
vn -0.031957 0.088368 -0.034203
vn -0.039481 0.086739 -0.030292
vn -0.047784 0.083866 -0.026137
vn -0.075601 0.064043 -0.013529
vn -0.071178 0.068555 -0.015294
vn -0.075828 0.063761 -0.013590
vn -0.081459 0.056942 -0.011047
vn -0.080191 0.058578 -0.011749
vn -0.086763 0.049043 -0.008183
vn -0.084267 0.052964 -0.009690
vn -0.088037 0.046840 -0.007453
vn -0.091460 0.040120 -0.005034
vn -0.091452 0.040134 -0.005079
vn -0.094503 0.032598 -0.002537
vn -0.094436 0.032786 -0.002618
vn -0.096885 0.024765 -0.000128
vn -0.096995 0.024332 -0.000000
vn -0.096137 0.027509 -0.000979
vn -0.096995 0.024332 -0.000000
vn -0.096374 0.026676 -0.000700
vn -0.096616 0.025790 -0.000425
vn -0.095692 0.029001 -0.001406
vn -0.096214 0.027241 -0.000854
vn -0.094923 0.031384 -0.002143
vn -0.095774 0.028734 -0.001302
vn -0.094090 0.033746 -0.002887
vn -0.095308 0.030221 -0.001755
vn -0.093192 0.036084 -0.003639
vn -0.094816 0.031702 -0.002214
vn -0.092229 0.038399 -0.004399
vn -0.094298 0.033177 -0.002680
vn -0.091603 0.039814 -0.004873
vn -0.093965 0.034084 -0.002971
vn -0.090953 0.041218 -0.005351
vn -0.093622 0.034989 -0.003265
vn -0.089645 0.043868 -0.006275
vn -0.092940 0.036707 -0.003838
vn -0.088248 0.046477 -0.007219
vn -0.092220 0.038418 -0.004426
vn -0.095905 0.028296 -0.001270
vn -0.094639 0.032204 -0.002537
vn -0.095167 0.030650 -0.001963
vn -0.093145 0.036182 -0.003843
vn -0.094047 0.033857 -0.002985
vn -0.091468 0.040090 -0.005142
vn -0.092808 0.037021 -0.004011
vn -0.089612 0.043914 -0.006428
vn -0.091454 0.040135 -0.005040
vn -0.087577 0.047655 -0.007705
vn -0.089983 0.043198 -0.006074
vn -0.086235 0.049915 -0.008485
vn -0.089020 0.045060 -0.006713
vn -0.084830 0.052136 -0.009257
vn -0.088014 0.046898 -0.007353
vn -0.081975 0.056261 -0.010710
vn -0.085979 0.050339 -0.008577
vn -0.078894 0.060236 -0.012138
vn -0.083792 0.053690 -0.009810
vn -0.096994 0.024336 -0.000001
vn -0.096994 0.024336 -0.000001
vn -0.094821 0.031685 -0.002231
vn -0.096994 0.024335 -0.000001
vn -0.095127 0.030774 -0.001935
vn -0.096994 0.024335 -0.000001
vn -0.095422 0.029865 -0.001647
vn -0.096994 0.024335 -0.000001
vn -0.095572 0.029389 -0.001499
vn -0.096994 0.024334 -0.000001
vn -0.095719 0.028913 -0.001352
vn -0.096994 0.024334 -0.000001
vn -0.095952 0.028142 -0.001118
vn -0.096994 0.024334 -0.000000
vn -0.096177 0.027371 -0.000887
vn -0.096994 0.024333 -0.000000
vn -0.096395 0.026600 -0.000659
vn -0.096994 0.024333 -0.000000
vn -0.096606 0.025829 -0.000433
vn -0.096994 0.024332 -0.000000
vn -0.096803 0.025081 -0.000216
vn -0.072891 0.061880 -0.029287
vn -0.074083 0.062018 -0.025798
vn -0.075668 0.061454 -0.022311
vn -0.077085 0.060560 -0.019756
vn -0.078767 0.059150 -0.017235
vn -0.080698 0.057166 -0.014829
vn -0.082843 0.054600 -0.012486
vn -0.079756 0.055432 -0.023798
vn -0.080550 0.055440 -0.020931
vn -0.081629 0.054866 -0.018067
vn -0.082606 0.054045 -0.015978
vn -0.083775 0.052802 -0.013918
vn -0.085126 0.051097 -0.011947
vn -0.086636 0.048924 -0.010035
vn -0.085706 0.048280 -0.017987
vn -0.086169 0.048219 -0.015804
vn -0.086822 0.047711 -0.013623
vn -0.087426 0.047029 -0.012036
vn -0.088159 0.046026 -0.010474
vn -0.089014 0.044676 -0.008974
vn -0.089981 0.042975 -0.007525
vn -0.090622 0.040552 -0.011964
vn -0.090838 0.040474 -0.010504
vn -0.091163 0.040093 -0.009046
vn -0.091475 0.039605 -0.007988
vn -0.091861 0.038900 -0.006946
vn -0.092321 0.037966 -0.005944
vn -0.092850 0.036799 -0.004978
vn -0.096995 0.024332 0.000000
vn -0.096995 0.024332 0.000000
vn -0.096995 0.024332 0.000000
vn -0.096509 0.025040 -0.007677
vn -0.095979 0.024913 -0.012934
vn -0.095460 0.025595 -0.015239
vn -0.093858 0.025999 -0.022690
vn -0.095323 0.026205 -0.015058
vn -0.093665 0.026910 -0.022421
vn -0.095191 0.026799 -0.014852
vn -0.093478 0.027797 -0.022117
vn -0.095061 0.027377 -0.014624
vn -0.093296 0.028661 -0.021779
vn -0.094936 0.027940 -0.014373
vn -0.093120 0.029503 -0.021408
vn -0.094813 0.028488 -0.014101
vn -0.092948 0.030323 -0.021005
vn -0.094694 0.029022 -0.013809
vn -0.092781 0.031122 -0.020571
vn -0.094579 0.029543 -0.013495
vn -0.092618 0.031900 -0.020107
vn -0.094429 0.030216 -0.013047
vn -0.092408 0.032907 -0.019441
vn -0.094284 0.030866 -0.012563
vn -0.092204 0.033880 -0.018721
vn -0.094145 0.031492 -0.012044
vn -0.092008 0.034817 -0.017950
vn -0.094014 0.032081 -0.011500
vn -0.091825 0.035699 -0.017141
vn -0.093891 0.032635 -0.010931
vn -0.091652 0.036530 -0.016294
vn -0.093775 0.033158 -0.010337
vn -0.091489 0.037313 -0.015410
vn -0.093666 0.033649 -0.009718
vn -0.091337 0.038049 -0.014489
vn -0.093539 0.034163 -0.009126
vn -0.088319 0.043296 -0.018034
vn -0.088566 0.042277 -0.019203
vn -0.085348 0.046331 -0.023858
vn -0.085567 0.045108 -0.025370
vn -0.081955 0.048698 -0.030196
vn -0.082213 0.047142 -0.031917
vn -0.078247 0.050219 -0.036817
vn -0.078539 0.048302 -0.038711
vn -0.074211 0.050866 -0.043650
vn -0.074535 0.048561 -0.045676
vn -0.069691 0.050667 -0.050755
vn -0.070044 0.047933 -0.052880
vn -0.064778 0.049499 -0.057911
vn -0.065137 0.046378 -0.060052
vn -0.055086 0.047977 -0.068292
vn -0.055425 0.044277 -0.070481
vn -0.044458 0.044625 -0.077666
vn -0.044681 0.041448 -0.079282
vn -0.032779 0.040732 -0.085243
vn -0.032952 0.037203 -0.086776
vn -0.020470 0.035548 -0.091199
vn -0.020582 0.031722 -0.092575
vn -0.010383 0.029827 -0.094882
vn -0.010442 0.025800 -0.096048
vn 0.000019 0.027927 -0.096021
vn 0.000026 0.020915 -0.097788
vn -0.010508 0.021709 -0.097048
vn -0.010581 0.017552 -0.097877
vn -0.020827 0.023865 -0.094851
vn -0.020963 0.019830 -0.095746
vn -0.033517 0.026194 -0.090501
vn -0.033725 0.022377 -0.091443
vn -0.045652 0.028051 -0.084434
vn -0.045920 0.024519 -0.085382
vn -0.056822 0.029364 -0.076870
vn -0.057133 0.026173 -0.077787
vn -0.067021 0.030144 -0.067820
vn -0.067356 0.027350 -0.068667
vn -0.072318 0.030339 -0.062046
vn -0.072656 0.027794 -0.062838
vn -0.077129 0.030347 -0.055948
vn -0.077463 0.028061 -0.056676
vn -0.081350 0.030179 -0.049714
vn -0.081670 0.028155 -0.050371
vn -0.085120 0.029839 -0.043177
vn -0.085420 0.028088 -0.043755
vn -0.088432 0.029324 -0.036331
vn -0.088702 0.027856 -0.036823
vn -0.091228 0.028640 -0.029278
vn -0.091461 0.027462 -0.029677
vn -0.093375 0.025074 -0.025543
vn -0.091701 0.026251 -0.030029
vn -0.089179 0.024814 -0.037833
vn -0.088982 0.026349 -0.037256
vn -0.085729 0.026291 -0.044264
vn -0.083480 0.024136 -0.049483
vn -0.082001 0.026079 -0.050948
vn -0.077808 0.025716 -0.057312
vn -0.076440 0.023064 -0.060208
vn -0.073007 0.025184 -0.063528
vn -0.068055 0.021592 -0.070017
vn -0.067703 0.024487 -0.069402
vn -0.058521 0.019756 -0.078645
vn -0.057457 0.022908 -0.078574
vn -0.048095 0.017612 -0.085887
vn -0.046201 0.020911 -0.086187
vn -0.036773 0.015147 -0.091751
vn -0.033944 0.018484 -0.092229
vn -0.024828 0.012428 -0.096068
vn -0.021108 0.015724 -0.096474
vn -0.012571 0.009531 -0.098748
vn -0.010662 0.013329 -0.098533
vn -0.000001 0.006442 -0.099792
vn 0.000016 0.013737 -0.099052
vn -0.010329 0.033790 -0.093550
vn 0.000003 0.034772 -0.093760
vn -0.010278 0.037690 -0.092053
vn -0.010229 0.041527 -0.090393
vn -0.020259 0.042999 -0.087981
vn -0.020122 0.047814 -0.085492
vn -0.032392 0.048698 -0.081113
vn -0.032174 0.053084 -0.078402
vn -0.043884 0.052768 -0.072731
vn -0.043603 0.056654 -0.069922
vn -0.054429 0.055043 -0.063307
vn -0.054129 0.058324 -0.060566
vn -0.064105 0.055357 -0.053161
vn -0.063803 0.058044 -0.050598
vn -0.069056 0.055679 -0.046164
vn -0.068768 0.057976 -0.043700
vn -0.073624 0.055093 -0.039298
vn -0.073356 0.057024 -0.036974
vn -0.077715 0.053726 -0.032771
vn -0.072896 0.058994 -0.034725
vn -0.081354 0.051673 -0.026671
vn -0.000012 0.041450 -0.091005
vn -0.010163 0.046537 -0.087926
vn -0.019982 0.052510 -0.082725
vn -0.031955 0.057337 -0.075441
vn -0.043345 0.060332 -0.066942
vn -0.053850 0.061429 -0.057677
vn -0.063519 0.060581 -0.047909
vn -0.068498 0.060140 -0.041124
vn -0.000015 0.047955 -0.087752
vn -0.010090 0.051433 -0.085164
vn -0.019838 0.057072 -0.079683
vn -0.031757 0.061369 -0.072286
vn -0.043105 0.063816 -0.063792
vn -0.053589 0.064363 -0.054641
vn -0.063253 0.062972 -0.045096
vn -0.063002 0.065221 -0.042155
vn 0.000001 0.054270 -0.083993
vn -0.010009 0.056195 -0.082109
vn -0.019709 0.061406 -0.076426
vn -0.031574 0.065196 -0.068939
vn -0.042882 0.067113 -0.060472
vn -0.053344 0.067131 -0.051458
vn -0.009941 0.060729 -0.078824
vn 0.000005 0.060241 -0.079819
vn -0.009882 0.065048 -0.075306
vn 0.000001 0.065867 -0.075244
vn -0.009828 0.069156 -0.071560
vn -0.000003 0.071147 -0.070271
vn -0.009778 0.073053 -0.067585
vn -0.000000 0.076079 -0.064900
vn -0.013639 0.076791 -0.062588
vn -0.019385 0.073148 -0.065372
vn -0.026953 0.076034 -0.059096
vn -0.031245 0.072254 -0.061670
vn -0.039860 0.073811 -0.054434
vn -0.042672 0.070228 -0.056983
vn -0.051898 0.070196 -0.048776
vn -0.081714 0.050163 -0.028400
vn -0.077972 0.052025 -0.034837
vn -0.073908 0.053041 -0.041524
vn -0.069363 0.053245 -0.048516
vn -0.064429 0.052513 -0.055599
vn -0.054754 0.051570 -0.065898
vn -0.044168 0.048754 -0.075314
vn -0.032611 0.044193 -0.083567
vn -0.020363 0.039306 -0.089668
vn -0.095554 0.029077 -0.004889
vn -0.096995 0.024332 -0.000000
vn -0.095612 0.028832 -0.005200
vn -0.096995 0.024332 0.000000
vn -0.095674 0.028570 -0.005500
vn -0.096995 0.024332 0.000000
vn -0.095740 0.028292 -0.005787
vn -0.096995 0.024332 -0.000000
vn -0.095809 0.027997 -0.006061
vn -0.096995 0.024332 -0.000000
vn -0.095883 0.027684 -0.006323
vn -0.096995 0.024332 -0.000000
vn -0.095960 0.027358 -0.006567
vn -0.096995 0.024332 -0.000000
vn -0.096040 0.027021 -0.006794
vn -0.096995 0.024332 -0.000000
vn -0.096102 0.026760 -0.006952
vn -0.096995 0.024332 -0.000000
vn -0.096165 0.026492 -0.007100
vn -0.096230 0.026217 -0.007237
vn -0.096995 0.024332 -0.000000
vn -0.096297 0.025935 -0.007364
vn -0.096995 0.024332 0.000000
vn -0.096366 0.025644 -0.007480
vn -0.096437 0.025346 -0.007584
vn -0.091002 0.029788 -0.028833
vn -0.090782 0.030906 -0.028344
vn -0.090568 0.031996 -0.027814
vn -0.090361 0.033058 -0.027241
vn -0.090158 0.034094 -0.026628
vn -0.089897 0.035433 -0.025749
vn -0.089644 0.036728 -0.024799
vn -0.089400 0.037975 -0.023780
vn -0.089172 0.039149 -0.022711
vn -0.088957 0.040255 -0.021591
vn -0.088755 0.041297 -0.020422
vn -0.088169 0.030754 -0.035782
vn -0.087914 0.032147 -0.035180
vn -0.087667 0.033505 -0.034524
vn -0.087426 0.034829 -0.033817
vn -0.087192 0.036120 -0.033059
vn -0.086889 0.037790 -0.031972
vn -0.086596 0.039405 -0.030796
vn -0.086313 0.040961 -0.029533
vn -0.086049 0.042426 -0.028208
vn -0.085800 0.043807 -0.026820
vn -0.084830 0.031545 -0.042531
vn -0.084548 0.033208 -0.041820
vn -0.084275 0.034829 -0.041046
vn -0.084009 0.036410 -0.040210
vn -0.083750 0.037952 -0.039314
vn -0.083416 0.039947 -0.038027
vn -0.083092 0.041877 -0.036633
vn -0.082779 0.043738 -0.035137
vn -0.082487 0.045489 -0.033565
vn -0.081039 0.032151 -0.048979
vn -0.080739 0.034075 -0.048168
vn -0.080447 0.035950 -0.047285
vn -0.080163 0.037780 -0.046330
vn -0.079888 0.039565 -0.045305
vn -0.079531 0.041876 -0.043831
vn -0.079186 0.044113 -0.042234
vn -0.078851 0.046270 -0.040516
vn -0.076807 0.032576 -0.055132
vn -0.076494 0.034750 -0.054231
vn -0.076192 0.036872 -0.053247
vn -0.075898 0.038943 -0.052183
vn -0.075612 0.040964 -0.051038
vn -0.075242 0.043581 -0.049390
vn -0.074883 0.046116 -0.047601
vn -0.071991 0.032822 -0.061156
vn -0.071674 0.035246 -0.060171
vn -0.071368 0.037612 -0.059093
vn -0.071071 0.039922 -0.057924
vn -0.070781 0.042178 -0.056666
vn -0.070407 0.045101 -0.054852
vn -0.066698 0.032871 -0.066865
vn -0.066386 0.035534 -0.065805
vn -0.066084 0.038135 -0.064643
vn -0.065791 0.040676 -0.063380
vn -0.065506 0.043159 -0.062018
vn -0.056523 0.032482 -0.075830
vn -0.056235 0.035530 -0.074668
vn -0.055956 0.038511 -0.073388
vn -0.055687 0.041426 -0.071992
vn -0.045395 0.031507 -0.083346
vn -0.045148 0.034891 -0.082124
vn -0.044911 0.038204 -0.080768
vn -0.033320 0.029936 -0.089407
vn -0.033132 0.033605 -0.088165
vn -0.020701 0.027828 -0.093793
vn -0.019593 0.065527 -0.072954
vn -0.019486 0.069441 -0.069270
vn -0.031404 0.068823 -0.065400
vn 0.000000 0.004762 -0.099887
vn -0.000000 0.006444 -0.099792
vn -0.010511 0.008232 -0.099105
vn -0.012571 0.009532 -0.098748
vn -0.020800 0.011563 -0.097127
vn -0.024828 0.012430 -0.096068
vn -0.027160 0.013592 -0.095276
vn -0.036772 0.015150 -0.091751
vn -0.033431 0.015573 -0.092951
vn -0.039579 0.017492 -0.090153
vn -0.032533 0.016592 -0.093093
vn -0.038514 0.019031 -0.090302
vn -0.031510 0.017582 -0.093263
vn -0.037301 0.020513 -0.090487
vn -0.032628 0.019998 -0.092388
vn -0.042657 0.026148 -0.086583
vn -0.042861 0.023316 -0.087288
vn -0.053262 0.028529 -0.079682
vn -0.055008 0.025642 -0.079477
vn -0.060016 0.027615 -0.075070
vn -0.061688 0.024131 -0.074915
vn -0.066583 0.025536 -0.070105
vn -0.068054 0.021593 -0.070017
vn -0.071784 0.026989 -0.064177
vn -0.076440 0.023065 -0.060208
vn -0.076483 0.028254 -0.057897
vn -0.083480 0.024136 -0.049483
vn -0.080567 0.029308 -0.051479
vn -0.084186 0.030192 -0.044734
vn -0.078353 0.034616 -0.051601
vn -0.081863 0.035884 -0.044842
vn -0.075809 0.039663 -0.051767
vn -0.079189 0.041292 -0.044991
vn -0.073821 0.045245 -0.050034
vn -0.078770 0.048278 -0.038269
vn -0.082118 0.042686 -0.037876
vn -0.084543 0.043818 -0.030535
vn -0.087441 0.037791 -0.030431
vn -0.089425 0.038396 -0.022996
vn -0.092006 0.031762 -0.022938
vn -0.093513 0.031904 -0.015407
vn -0.095980 0.024912 -0.012934
vn -0.094471 0.031858 -0.007762
vn -0.094869 0.031622 0.000000
vn -0.048095 0.017613 -0.085887
vn -0.045484 0.019308 -0.086939
vn -0.044258 0.021352 -0.087093
vn -0.056537 0.022625 -0.079320
vn -0.058521 0.019757 -0.078645
vn -0.089179 0.024815 -0.037833
vn -0.087332 0.030905 -0.037656
vn -0.084910 0.036950 -0.037749
vn -0.089949 0.031430 -0.030355
vn -0.093375 0.025075 -0.025543
vn -0.092193 0.038735 -0.000000
vn -0.091787 0.038918 -0.007782
vn -0.090874 0.038772 -0.015447
vn -0.087812 0.045263 -0.015501
vn -0.086438 0.044675 -0.023076
vn -0.084526 0.051807 -0.013090
vn -0.082363 0.050482 -0.025845
vn -0.088984 0.045627 0.000000
vn -0.088664 0.045582 -0.007810
vn -0.071988 0.037804 -0.058212
vn -0.067661 0.041472 -0.060845
vn -0.067584 0.035643 -0.064513
vn -0.062703 0.033229 -0.070457
vn -0.058105 0.030943 -0.075275
vn -0.064773 0.029472 -0.070255
vn -0.051877 0.031795 -0.079359
vn -0.025601 0.014586 -0.095560
vn -0.022036 0.013504 -0.096603
vn -0.019607 0.011543 -0.097377
vn -0.011158 0.006845 -0.099140
vn -0.009909 0.006606 -0.099288
vn 0.000000 0.001530 -0.099988
vn -0.010230 0.007390 -0.099201
vn 0.000000 0.003120 -0.099951
vn -0.074389 0.033146 -0.058031
vn -0.069827 0.031419 -0.064320
vn -0.026431 0.014092 -0.095409
vn -0.020242 0.011543 -0.097247
vn 0.096995 0.024332 0.000000
vn 0.096995 0.024332 0.000000
vn 0.096995 0.024332 0.000000
vn 0.094869 0.031622 0.000000
vn 0.094261 0.033389 0.000000
vn 0.090684 0.042148 0.000000
vn 0.088984 0.045627 0.000000
vn 0.086295 0.050529 0.000000
vn 0.081134 0.058458 0.000000
vn 0.075246 0.065864 0.000000
vn 0.068685 0.072680 0.000000
vn 0.061509 0.078845 0.000000
vn 0.053783 0.084305 0.000000
vn 0.045575 0.089011 0.000000
vn 0.036960 0.092919 0.000000
vn 0.028013 0.095996 0.000000
vn 0.018816 0.098214 0.000000
vn 0.009450 0.099552 0.000000
vn 0.000000 0.100000 0.000000
vn 0.000000 0.100000 0.000000
vn -0.009450 0.099552 -0.000000
vn -0.018816 0.098214 -0.000000
vn -0.028013 0.095996 -0.000000
vn -0.036960 0.092919 -0.000000
vn -0.045575 0.089011 -0.000000
vn -0.053783 0.084305 -0.000000
vn -0.061509 0.078845 -0.000000
vn -0.068685 0.072680 -0.000000
vn -0.075246 0.065864 -0.000000
vn -0.081134 0.058458 -0.000000
vn -0.086295 0.050529 -0.000000
vn -0.088984 0.045627 -0.000000
vn -0.090684 0.042148 -0.000000
vn -0.094261 0.033389 -0.000000
vn -0.094869 0.031622 -0.000000
vn -0.096995 0.024332 -0.000000
vn -0.096995 0.024332 0.000000
vn -0.096895 0.024725 -0.000112
vn -0.093368 0.035811 -0.000000
vn -0.094645 0.032205 -0.002287
vn -0.091803 0.039400 -0.004460
vn -0.088388 0.046771 -0.000000
vn -0.088424 0.046230 -0.006632
vn -0.085545 0.051306 -0.007057
vn -0.084580 0.052619 -0.008801
vn -0.082925 0.055440 -0.007057
vn -0.080357 0.058501 -0.010968
vn -0.080106 0.059441 -0.007057
vn -0.077093 0.063299 -0.007057
vn -0.082127 0.057053 -0.000000
vn -0.074677 0.066509 -0.000000
vn -0.073896 0.067005 -0.007057
vn -0.070520 0.070549 -0.007057
vn -0.073342 0.066503 -0.014079
vn -0.069992 0.070021 -0.014079
vn -0.071178 0.068556 -0.015291
vn -0.066412 0.072699 -0.017444
vn -0.075855 0.063824 -0.013132
vn -0.056881 0.079323 -0.021734
vn -0.058224 0.078534 -0.021030
vn -0.062794 0.076543 -0.014079
vn -0.066473 0.073370 -0.014079
vn -0.063267 0.077120 -0.007057
vn -0.066974 0.073923 -0.007057
vn -0.066144 0.075000 -0.000000
vn -0.054302 0.081296 -0.021030
vn -0.047758 0.083926 -0.025992
vn -0.050249 0.083862 -0.021030
vn -0.046074 0.086226 -0.021030
vn -0.046659 0.087320 -0.014079
vn -0.042319 0.089504 -0.014079
vn -0.042638 0.090179 -0.007057
vn -0.038163 0.092162 -0.007057
vn -0.046339 0.088615 -0.000000
vn -0.035355 0.093541 -0.000000
vn -0.033596 0.093923 -0.007057
vn -0.028949 0.095458 -0.007057
vn -0.033345 0.093220 -0.014079
vn -0.028732 0.094743 -0.014079
vn -0.032927 0.092052 -0.021030
vn -0.028372 0.093556 -0.021030
vn -0.032345 0.090425 -0.027877
vn -0.027871 0.091903 -0.027877
vn -0.027230 0.089791 -0.034584
vn -0.023329 0.093159 -0.027877
vn -0.022793 0.091019 -0.034584
vn -0.018731 0.094192 -0.027877
vn -0.018300 0.092027 -0.034584
vn -0.014088 0.094997 -0.027877
vn -0.013764 0.092814 -0.034584
vn -0.009411 0.095574 -0.027877
vn -0.009194 0.093378 -0.034584
vn -0.004711 0.095920 -0.027877
vn -0.004603 0.093716 -0.034584
vn -0.000000 0.096036 -0.027877
vn -0.000000 0.093829 -0.034584
vn -0.004472 0.091045 -0.041119
vn -0.000000 0.091155 -0.041119
vn -0.004318 0.087920 -0.047450
vn -0.000000 0.088026 -0.047450
vn -0.004143 0.084356 -0.053543
vn -0.000000 0.084458 -0.053543
vn -0.004321 0.081448 -0.057859
vn -0.000000 0.080469 -0.059370
vn -0.001944 0.078875 -0.061441
vn -0.041050 0.086820 -0.027877
vn -0.039386 0.086811 -0.030211
vn -0.036742 0.088729 -0.027877
vn -0.031888 0.088326 -0.034375
vn -0.025304 0.088766 -0.038474
vn -0.019627 0.088363 -0.042506
vn -0.017779 0.089404 -0.041119
vn -0.014774 0.087304 -0.046473
vn -0.013372 0.090169 -0.041119
vn -0.012913 0.087073 -0.047450
vn -0.010660 0.085732 -0.050362
vn -0.008626 0.087602 -0.047450
vn -0.007201 0.083754 -0.054162
vn -0.000000 0.097764 -0.021030
vn -0.004796 0.097646 -0.021030
vn -0.009580 0.097293 -0.021030
vn -0.014341 0.096706 -0.021030
vn -0.019068 0.095886 -0.021030
vn -0.023748 0.094835 -0.021030
vn -0.000000 0.099004 -0.014079
vn -0.004857 0.098885 -0.014079
vn -0.009702 0.098528 -0.014079
vn -0.014523 0.097933 -0.014079
vn -0.019310 0.097103 -0.014079
vn -0.024050 0.096039 -0.014079
vn -0.000000 0.099751 -0.007057
vn -0.004893 0.099631 -0.007057
vn -0.009775 0.099271 -0.007057
vn -0.014633 0.098672 -0.007057
vn -0.019455 0.097835 -0.007057
vn -0.024231 0.096763 -0.007057
vn -0.000000 0.100000 -0.000000
vn -0.012016 0.099275 -0.000000
vn -0.023859 0.097112 -0.000000
vn -0.047011 0.087978 -0.007057
vn -0.056652 0.082405 -0.000000
vn -0.051270 0.085566 -0.007057
vn -0.055406 0.082948 -0.007057
vn -0.054991 0.082327 -0.014079
vn -0.058963 0.079531 -0.014079
vn -0.059408 0.080131 -0.007057
vn -0.050886 0.084926 -0.014079
vn -0.037403 0.090326 -0.021030
vn -0.041789 0.088382 -0.021030
vn -0.037878 0.091472 -0.014079
vn -0.008932 0.090716 -0.041119
vn 0.000000 0.100000 0.000000
vn 0.000000 0.100000 0.000000
vn 0.022252 0.097493 0.000000
vn 0.022252 0.097493 0.000000
vn 0.043388 0.090097 0.000000
vn 0.043388 0.090097 0.000000
vn 0.062349 0.078183 0.000000
vn 0.062349 0.078183 0.000000
vn 0.078183 0.062349 0.000000
vn 0.078183 0.062349 0.000000
vn 0.090097 0.043388 0.000000
vn 0.090097 0.043388 0.000000
vn 0.097493 0.022252 0.000000
vn 0.097493 0.022252 0.000000
vn 0.100000 0.000000 0.000000
vn 0.100000 0.000000 0.000000
vn 0.000000 0.063365 -0.077362
vn 0.000000 0.057496 -0.081818
vn 0.022252 0.061379 -0.075746
vn 0.022252 0.056054 -0.079767
vn 0.043388 0.051802 -0.073716
vn 0.043388 0.056722 -0.070000
vn 0.062349 0.044952 -0.063968
vn 0.062349 0.049222 -0.060744
vn 0.078183 0.035848 -0.051013
vn 0.078183 0.039253 -0.048442
vn 0.090097 0.024947 -0.035500
vn 0.090097 0.027316 -0.033710
vn 0.097493 0.012794 -0.018206
vn 0.097493 0.014009 -0.017289
vn 0.100000 -0.000000 -0.000000
vn 0.100000 0.000000 -0.000000
vn 0.097493 0.015159 -0.016290
vn 0.100000 0.000000 -0.000000
vn 0.097493 0.016237 -0.015215
vn 0.100000 0.000000 -0.000000
vn 0.097493 0.017240 -0.014069
vn 0.100000 0.000000 -0.000000
vn 0.097493 0.018162 -0.012857
vn 0.100000 0.000000 -0.000000
vn 0.097493 0.018999 -0.011585
vn 0.100000 -0.000000 -0.000000
vn 0.097493 0.019747 -0.010258
vn 0.100000 -0.000000 -0.000000
vn 0.097493 0.020402 -0.008884
vn 0.100000 0.000000 -0.000000
vn 0.097493 0.020962 -0.007468
vn 0.100000 -0.000000 -0.000000
vn 0.097493 0.021423 -0.006016
vn 0.100000 -0.000000 -0.000000
vn 0.097493 0.021785 -0.004537
vn 0.100000 0.000000 -0.000000
vn 0.097493 0.022044 -0.003037
vn 0.100000 0.000000 -0.000000
vn 0.097493 0.022200 -0.001522
vn 0.100000 -0.000000 -0.000000
vn 0.090097 0.043287 -0.002967
vn 0.090097 0.042982 -0.005921
vn 0.090097 0.042477 -0.008847
vn 0.090097 0.041772 -0.011731
vn 0.090097 0.040872 -0.014561
vn 0.090097 0.039781 -0.017322
vn 0.090097 0.038503 -0.020002
vn 0.090097 0.037045 -0.022588
vn 0.090097 0.035413 -0.025069
vn 0.090097 0.033616 -0.027432
vn 0.090097 0.031661 -0.029667
vn 0.090097 0.029558 -0.031763
vn 0.078183 0.062203 -0.004264
vn 0.078183 0.061766 -0.008508
vn 0.078183 0.061039 -0.012713
vn 0.078183 0.060027 -0.016858
vn 0.078183 0.058733 -0.020924
vn 0.078183 0.057165 -0.024891
vn 0.078183 0.055329 -0.028743
vn 0.078183 0.053233 -0.032460
vn 0.078183 0.050889 -0.036024
vn 0.078183 0.048306 -0.039420
vn 0.078183 0.045496 -0.042632
vn 0.078183 0.042474 -0.045644
vn 0.062349 0.078000 -0.005347
vn 0.062349 0.077452 -0.010669
vn 0.062349 0.076541 -0.015941
vn 0.062349 0.075271 -0.021139
vn 0.062349 0.073649 -0.026237
vn 0.062349 0.071682 -0.031213
vn 0.062349 0.069380 -0.036042
vn 0.062349 0.066752 -0.040703
vn 0.062349 0.063812 -0.045173
vn 0.062349 0.060573 -0.049432
vn 0.062349 0.057051 -0.053459
vn 0.062349 0.053261 -0.057235
vn 0.043388 0.089886 -0.006162
vn 0.043388 0.089254 -0.012295
vn 0.043388 0.088204 -0.018371
vn 0.043388 0.086741 -0.024360
vn 0.043388 0.084872 -0.030235
vn 0.043388 0.082605 -0.035969
vn 0.043388 0.079952 -0.041535
vn 0.043388 0.076924 -0.046905
vn 0.043388 0.073536 -0.052057
vn 0.043388 0.069804 -0.056964
vn 0.043388 0.065744 -0.061605
vn 0.043388 0.061377 -0.065957
vn 0.022252 0.097265 -0.006668
vn 0.022252 0.096581 -0.013304
vn 0.022252 0.095445 -0.019879
vn 0.022252 0.093862 -0.026360
vn 0.022252 0.091839 -0.032717
vn 0.022252 0.089386 -0.038922
vn 0.022252 0.086515 -0.044944
vn 0.022252 0.083239 -0.050756
vn 0.022252 0.079573 -0.056330
vn 0.022252 0.075534 -0.061640
vn 0.022252 0.071141 -0.066662
vn 0.022252 0.066415 -0.071371
vn 0.000000 0.099728 -0.007364
vn 0.000000 0.098915 -0.014689
vn 0.000000 0.097565 -0.021933
vn 0.000000 0.095685 -0.029059
vn 0.000000 0.093285 -0.036027
vn 0.000000 0.090378 -0.042799
vn 0.000000 0.086981 -0.049338
vn 0.000000 0.083111 -0.055610
vn 0.000000 0.078790 -0.061580
vn 0.000000 0.074041 -0.067215
vn 0.000000 0.068890 -0.072485
vn 0.022293 0.056040 -0.079766
vn 0.013980 0.052358 -0.084043
vn -0.000005 0.054174 -0.084055
vn -0.000001 0.050778 -0.086149
vn 0.012786 0.048011 -0.086784
vn -0.000006 0.047310 -0.088101
vn 0.011575 0.043775 -0.089162
vn -0.000022 0.043805 -0.089895
vn 0.010393 0.039643 -0.091216
vn -0.000018 0.040261 -0.091537
vn 0.009273 0.035592 -0.092990
vn -0.000001 0.036685 -0.093028
vn 0.008172 0.031607 -0.094521
vn -0.000009 0.033084 -0.094369
vn 0.007089 0.027692 -0.095828
vn -0.000021 0.029469 -0.095559
vn 0.006056 0.023826 -0.096931
vn -0.000017 0.025834 -0.096605
vn -0.000001 0.022178 -0.097510
vn 0.004495 0.017809 -0.098299
vn -0.000009 0.018521 -0.098270
vn -0.000044 0.014869 -0.098888
vn 0.002919 0.011897 -0.099247
vn -0.000108 0.007539 -0.099715
vn 0.001396 0.006023 -0.099809
vn -0.000004 0.000122 -0.100000
vn 0.000023 0.000110 -0.100000
vn 0.000000 0.000001 -0.100000
vn 0.034280 -0.000021 -0.093941
vn 0.026774 0.001654 -0.096335
vn 0.017513 -0.000055 -0.098454
vn 0.013675 0.000805 -0.099057
vn 0.000252 0.000014 -0.100000
vn 0.011658 0.001662 -0.099304
vn 0.000214 0.000030 -0.100000
vn 0.010360 0.002214 -0.099437
vn 0.000189 0.000040 -0.100000
vn 0.008484 0.003014 -0.099594
vn 0.000154 0.000055 -0.100000
vn 0.006616 0.003809 -0.099708
vn 0.000119 0.000070 -0.100000
vn 0.004757 0.004599 -0.099781
vn 0.000085 0.000084 -0.100000
vn 0.002900 0.005387 -0.099813
vn 0.000051 0.000099 -0.100000
vn 0.039590 0.002563 -0.091793
vn 0.050349 -0.000002 -0.086400
vn 0.052080 0.003522 -0.085295
vn 0.065387 -0.000009 -0.075660
vn 0.059714 0.004182 -0.080105
vn 0.078658 -0.000006 -0.061749
vn 0.067020 0.004904 -0.074056
vn 0.073941 0.005681 -0.067085
vn 0.065623 0.011273 -0.074609
vn 0.071980 0.012956 -0.068199
vn 0.065711 0.017011 -0.073435
vn 0.071593 0.019439 -0.067056
vn 0.061066 0.025744 -0.074888
vn 0.066328 0.029213 -0.068899
vn 0.053955 0.035487 -0.076351
vn 0.058404 0.039919 -0.070678
vn 0.043534 0.045640 -0.077600
vn 0.043294 0.051819 -0.073759
vn 0.027494 0.049951 -0.082152
vn 0.089563 -0.000004 -0.044480
vn 0.080382 0.006545 -0.059127
vn 0.077987 0.014839 -0.060810
vn 0.077166 0.022162 -0.059617
vn 0.071307 0.033096 -0.061807
vn 0.062441 0.044912 -0.063907
vn 0.086195 0.007530 -0.050137
vn 0.097107 -0.000007 -0.023880
vn 0.091233 0.008617 -0.040028
vn 0.095284 0.009865 -0.028700
vn 0.088401 0.019349 -0.042554
vn 0.090142 0.024908 -0.035412
vn 0.078110 0.035875 -0.051106
vn 0.099240 -0.000001 -0.012305
vn 0.097484 0.012797 -0.018253
vn 0.082255 0.025237 -0.050962
vn 0.083524 0.016952 -0.052310
vn 0.000001 0.000001 -0.100000
vn 0.000001 0.000001 -0.100000
vn 0.000001 0.000001 -0.100000
vn 0.000002 0.000001 -0.100000
vn 0.000002 0.000000 -0.100000
vn 0.000002 0.000000 -0.100000
vn 0.000003 0.000000 -0.100000
vn 0.000003 -0.000000 -0.100000
vn 0.025205 0.045306 -0.085510
vn 0.022887 0.040913 -0.088331
vn 0.020607 0.036743 -0.090693
vn 0.018406 0.032749 -0.092675
vn 0.016246 0.028896 -0.094346
vn 0.014130 0.025179 -0.095741
vn 0.012085 0.021567 -0.096896
vn 0.008975 0.016027 -0.098298
vn 0.005898 0.010662 -0.099255
vn 0.040036 0.040934 -0.081985
vn 0.036469 0.036597 -0.085619
vn 0.032931 0.032582 -0.088622
vn 0.029472 0.028819 -0.091109
vn 0.026067 0.025256 -0.093181
vn 0.022723 0.021882 -0.094894
vn 0.019465 0.018654 -0.096297
vn 0.014477 0.013776 -0.097983
vn 0.009567 0.009123 -0.099122
vn 0.049361 0.031475 -0.081073
vn 0.055669 0.022629 -0.079930
vn 0.059621 0.014826 -0.078902
vn 0.059016 0.009736 -0.080139
vn 0.044744 0.027827 -0.084992
vn 0.040168 0.024464 -0.088250
vn 0.035628 0.021322 -0.090972
vn 0.031144 0.018388 -0.093231
vn 0.026736 0.015617 -0.095086
vn 0.019934 0.011474 -0.097319
vn 0.013225 0.007569 -0.098832
vn 0.050217 0.019794 -0.084181
vn 0.053391 0.012821 -0.083576
vn 0.052225 0.008325 -0.084872
vn 0.044736 0.017173 -0.087771
vn 0.039260 0.014751 -0.090780
vn 0.033813 0.012488 -0.093278
vn 0.025310 0.009135 -0.096312
vn 0.016866 0.006004 -0.098384
vn 0.047072 0.010980 -0.087542
vn 0.045290 0.007024 -0.088879
vn 0.040696 0.009274 -0.090872
vn 0.030604 0.006763 -0.094961
vn 0.020491 0.004427 -0.097778
vn 0.034188 0.005115 -0.093835
vn 0.022972 0.003338 -0.097268
vn 0.000000 -0.000000 -0.100000
vn 0.000000 -0.000000 -0.100000
vn 0.022252 -0.000000 -0.097493
vn 0.022252 -0.000000 -0.097493
vn 0.043388 -0.000000 -0.090097
vn 0.043388 -0.000000 -0.090097
vn 0.062349 -0.000000 -0.078183
vn 0.062349 -0.000000 -0.078183
vn 0.078183 -0.000000 -0.062349
vn 0.078183 -0.000000 -0.062349
vn 0.090097 -0.000000 -0.043388
vn 0.090097 -0.000000 -0.043388
vn 0.097493 -0.000000 -0.022252
vn 0.097493 -0.000000 -0.022252
vn 0.100000 -0.000000 -0.000000
vn -0.000000 -0.100000 0.000000
vn -0.000000 -0.100000 0.000000
vn -0.022252 -0.097493 0.000000
vn -0.022252 -0.097493 0.000000
vn -0.043388 -0.090097 0.000000
vn -0.043388 -0.090097 0.000000
vn -0.062349 -0.078183 0.000000
vn -0.062349 -0.078183 0.000000
vn -0.078183 -0.062349 0.000000
vn -0.078183 -0.062349 0.000000
vn -0.090097 -0.043388 0.000000
vn -0.090097 -0.043388 0.000000
vn -0.097493 -0.022252 0.000000
vn -0.097493 -0.022252 0.000000
vn -0.100000 -0.000000 0.000000
vn -0.100000 -0.000000 0.000000
vn -0.097493 -0.022252 0.000000
vn -0.090097 -0.043388 0.000000
vn -0.078183 -0.062349 0.000000
vn -0.062349 -0.078183 0.000000
vn -0.043388 -0.090097 0.000000
vn -0.022252 -0.097493 0.000000
vn -0.000000 -0.100000 -0.000000
vn -0.000000 -0.100000 0.000000
vn -0.002904 -0.097493 -0.022062
vn -0.000000 -0.097493 -0.022252
vn -0.000000 -0.090097 -0.043388
vn -0.005663 -0.090097 -0.043017
vn -0.000000 -0.078183 -0.062349
vn -0.008138 -0.078183 -0.061816
vn -0.000000 -0.062349 -0.078183
vn -0.010205 -0.062349 -0.077514
vn 0.000000 -0.043388 -0.090097
vn -0.011760 -0.043388 -0.089326
vn 0.000000 -0.022252 -0.097493
vn -0.012725 -0.022252 -0.096659
vn 0.000000 -0.000000 -0.100000
vn -0.022252 -0.000000 -0.097493
vn -0.025233 -0.022252 -0.094171
vn -0.043388 -0.000000 -0.090097
vn -0.037309 -0.022252 -0.090072
vn -0.048746 -0.022252 -0.084431
vn -0.045048 -0.043388 -0.078026
vn -0.054848 -0.043388 -0.071479
vn -0.047595 -0.062349 -0.062027
vn -0.055284 -0.062349 -0.055284
vn -0.044087 -0.078183 -0.044087
vn -0.049465 -0.078183 -0.037956
vn -0.034422 -0.090097 -0.026413
vn -0.037575 -0.090097 -0.021694
vn -0.019271 -0.097493 -0.011126
vn -0.020558 -0.097493 -0.008516
vn 0.000000 -0.100000 0.000000
vn 0.000000 -0.100000 0.000000
vn -0.021494 -0.097493 -0.005759
vn 0.000000 -0.100000 0.000000
vn -0.022062 -0.097493 -0.002904
vn -0.043017 -0.090097 -0.005663
vn -0.061816 -0.078183 -0.008138
vn -0.077514 -0.062349 -0.010205
vn -0.089326 -0.043388 -0.011760
vn -0.096659 -0.022252 -0.012725
vn -0.097493 0.000000 -0.022252
vn -0.094171 -0.022252 -0.025233
vn -0.090072 -0.022252 -0.037309
vn -0.087027 -0.043388 -0.023319
vn -0.083239 -0.043388 -0.034479
vn -0.075519 -0.062349 -0.020235
vn -0.072232 -0.062349 -0.029919
vn -0.060224 -0.078183 -0.016137
vn -0.057603 -0.078183 -0.023860
vn -0.041910 -0.090097 -0.011230
vn -0.040086 -0.090097 -0.016604
vn -0.062349 -0.000000 -0.078183
vn -0.059350 -0.022252 -0.077346
vn -0.063708 -0.043388 -0.063708
vn -0.062027 -0.062349 -0.047595
vn -0.053996 -0.078183 -0.031174
vn -0.068938 -0.022252 -0.068938
vn -0.078183 0.000000 -0.062349
vn -0.077346 -0.022252 -0.059350
vn -0.090097 0.000000 -0.043388
vn -0.084431 -0.022252 -0.048746
vn -0.000000 -0.100000 0.000000
vn -0.017654 -0.097493 -0.013546
vn -0.030680 -0.090097 -0.030680
vn -0.037956 -0.078183 -0.049465
vn -0.039092 -0.062349 -0.067709
vn -0.034479 -0.043388 -0.083239
vn 0.000000 -0.100000 0.000000
vn -0.015735 -0.097493 -0.015735
vn -0.026413 -0.090097 -0.034422
vn -0.031174 -0.078183 -0.053996
vn -0.029919 -0.062349 -0.072232
vn -0.023319 -0.043388 -0.087027
vn -0.013546 -0.097493 -0.017654
vn 0.000000 -0.100000 0.000000
vn -0.011126 -0.097493 -0.019271
vn -0.000000 -0.100000 0.000000
vn -0.008516 -0.097493 -0.020558
vn -0.000000 -0.100000 0.000000
vn -0.005759 -0.097493 -0.021494
vn -0.020235 -0.062349 -0.075519
vn -0.016137 -0.078183 -0.060224
vn -0.011230 -0.090097 -0.041910
vn -0.023860 -0.078183 -0.057603
vn -0.016604 -0.090097 -0.040086
vn -0.021694 -0.090097 -0.037575
vn -0.071479 -0.043388 -0.054848
vn -0.067709 -0.062349 -0.039092
vn -0.078026 -0.043388 -0.045048
vn -0.000000 -0.100000 -0.000000
vn -0.000000 -0.097493 -0.022252
vn -0.000000 -0.097493 -0.022252
vn -0.000000 -0.090097 -0.043388
vn -0.000000 -0.090097 -0.043388
vn -0.000000 -0.078183 -0.062349
vn -0.000000 -0.078183 -0.062349
vn -0.000000 -0.062349 -0.078183
vn -0.000000 -0.062349 -0.078183
vn -0.000000 -0.043388 -0.090097
vn -0.000000 -0.043388 -0.090097
vn -0.000000 -0.022252 -0.097493
vn -0.000000 -0.022252 -0.097493
vn -0.000000 -0.000000 -0.100000
vn 0.000000 -0.100000 -0.000000
vn 0.000000 -0.100000 0.000000
vn 0.022062 -0.097493 -0.002904
vn 0.022252 -0.097493 0.000000
vn 0.043388 -0.090097 0.000000
vn 0.043017 -0.090097 -0.005663
vn 0.062349 -0.078183 0.000000
vn 0.061816 -0.078183 -0.008138
vn 0.078183 -0.062349 0.000000
vn 0.077514 -0.062349 -0.010205
vn 0.090097 -0.043388 0.000000
vn 0.089326 -0.043388 -0.011760
vn 0.097493 -0.022252 0.000000
vn 0.096659 -0.022252 -0.012725
vn 0.100000 -0.000000 0.000000
vn 0.097493 -0.000000 -0.022252
vn 0.094171 -0.022252 -0.025233
vn 0.090097 -0.000000 -0.043388
vn 0.090072 -0.022252 -0.037309
vn 0.084431 -0.022252 -0.048746
vn 0.078026 -0.043388 -0.045048
vn 0.071479 -0.043388 -0.054848
vn 0.062027 -0.062349 -0.047595
vn 0.055284 -0.062349 -0.055284
vn 0.044087 -0.078183 -0.044087
vn 0.037956 -0.078183 -0.049465
vn 0.026413 -0.090097 -0.034422
vn 0.021694 -0.090097 -0.037575
vn 0.011126 -0.097493 -0.019271
vn 0.008516 -0.097493 -0.020558
vn -0.000000 -0.100000 0.000000
vn -0.000000 -0.100000 -0.000000
vn 0.005759 -0.097493 -0.021494
vn -0.000000 -0.100000 -0.000000
vn 0.002904 -0.097493 -0.022062
vn 0.005663 -0.090097 -0.043017
vn 0.008138 -0.078183 -0.061816
vn 0.010205 -0.062349 -0.077514
vn 0.011760 -0.043388 -0.089326
vn 0.012725 -0.022252 -0.096659
vn 0.022252 -0.000000 -0.097493
vn 0.025233 -0.022252 -0.094171
vn 0.037309 -0.022252 -0.090072
vn 0.023319 -0.043388 -0.087027
vn 0.034479 -0.043388 -0.083239
vn 0.020235 -0.062349 -0.075519
vn 0.029919 -0.062349 -0.072232
vn 0.016137 -0.078183 -0.060224
vn 0.023860 -0.078183 -0.057603
vn 0.011230 -0.090097 -0.041910
vn 0.016604 -0.090097 -0.040086
vn 0.078183 -0.000000 -0.062349
vn 0.077346 -0.022252 -0.059350
vn 0.063708 -0.043388 -0.063708
vn 0.047595 -0.062349 -0.062027
vn 0.031174 -0.078183 -0.053996
vn 0.068938 -0.022252 -0.068938
vn 0.062349 -0.000000 -0.078183
vn 0.059350 -0.022252 -0.077346
vn 0.043388 -0.000000 -0.090097
vn 0.048746 -0.022252 -0.084431
vn 0.000000 -0.100000 -0.000000
vn 0.013546 -0.097493 -0.017654
vn 0.030680 -0.090097 -0.030680
vn 0.049465 -0.078183 -0.037956
vn 0.067709 -0.062349 -0.039092
vn 0.083239 -0.043388 -0.034479
vn 0.000000 -0.100000 -0.000000
vn 0.015735 -0.097493 -0.015735
vn 0.034422 -0.090097 -0.026413
vn 0.053996 -0.078183 -0.031174
vn 0.072232 -0.062349 -0.029919
vn 0.087027 -0.043388 -0.023319
vn 0.017654 -0.097493 -0.013546
vn 0.000000 -0.100000 -0.000000
vn 0.019271 -0.097493 -0.011126
vn 0.000000 -0.100000 -0.000000
vn 0.020558 -0.097493 -0.008516
vn -0.000000 -0.100000 0.000000
vn 0.021494 -0.097493 -0.005759
vn 0.075519 -0.062349 -0.020235
vn 0.060224 -0.078183 -0.016137
vn 0.041910 -0.090097 -0.011230
vn 0.057603 -0.078183 -0.023860
vn 0.040086 -0.090097 -0.016604
vn 0.037575 -0.090097 -0.021694
vn 0.054848 -0.043388 -0.071479
vn 0.039092 -0.062349 -0.067709
vn 0.045048 -0.043388 -0.078026
vn 0.000000 -0.100000 0.000000
vn 0.022252 -0.097493 0.000000
vn 0.022252 -0.097493 0.000000
vn 0.043388 -0.090097 0.000000
vn 0.043388 -0.090097 0.000000
vn 0.062349 -0.078183 0.000000
vn 0.062349 -0.078183 0.000000
vn 0.078183 -0.062349 0.000000
vn 0.078183 -0.062349 0.000000
vn 0.090097 -0.043388 0.000000
vn 0.090097 -0.043388 0.000000
vn 0.097493 -0.022252 0.000000
vn 0.097493 -0.022252 0.000000
vn 0.000000 -0.000000 -0.100000
vn -0.000000 0.000000 -0.100000
vn -0.022252 0.000000 -0.097493
vn -0.022252 0.000000 -0.097493
vn -0.043388 0.000000 -0.090097
vn -0.043388 0.000000 -0.090097
vn -0.062349 0.000000 -0.078183
vn -0.062349 0.000000 -0.078183
vn -0.078183 0.000000 -0.062349
vn -0.078183 0.000000 -0.062349
vn -0.090097 0.000000 -0.043388
vn -0.090097 0.000000 -0.043388
vn -0.097493 0.000000 -0.022252
vn -0.097493 0.000000 -0.022252
vn -0.100000 0.000000 0.000000
vn -0.000000 0.057496 -0.081818
vn -0.022293 0.056040 -0.079766
vn 0.000014 0.054156 -0.084066
vn -0.013971 0.051559 -0.084537
vn 0.000016 0.050768 -0.086154
vn -0.012553 0.046507 -0.087633
vn 0.000000 0.047296 -0.088108
vn -0.011137 0.041574 -0.090264
vn 0.000009 0.043778 -0.089908
vn 0.000046 0.040236 -0.091548
vn -0.009715 0.036798 -0.092475
vn 0.000073 0.036655 -0.093040
vn -0.008377 0.032110 -0.094333
vn 0.000064 0.033038 -0.094385
vn -0.007149 0.027494 -0.095880
vn 0.000022 0.029398 -0.095581
vn -0.005945 0.022972 -0.097144
vn -0.000001 0.025764 -0.096624
vn 0.000016 0.022121 -0.097523
vn -0.004724 0.018509 -0.098159
vn 0.000044 0.018455 -0.098282
vn -0.003622 0.014389 -0.098893
vn 0.000057 0.014770 -0.098903
vn -0.002582 0.010286 -0.099436
vn 0.000001 0.007382 -0.099727
vn -0.001579 0.006213 -0.099794
vn -0.000543 0.002156 -0.099975
vn -0.003157 0.005546 -0.099796
vn -0.001090 0.001923 -0.099976
vn -0.005061 0.004738 -0.099759
vn -0.001751 0.001641 -0.099971
vn -0.006963 0.003928 -0.099680
vn -0.002411 0.001360 -0.099962
vn -0.008862 0.003116 -0.099558
vn -0.003072 0.001078 -0.099947
vn -0.010757 0.002303 -0.099393
vn -0.003733 0.000796 -0.099927
vn -0.012088 0.001730 -0.099252
vn -0.004199 0.000598 -0.099910
vn -0.014092 0.000865 -0.098998
vn -0.004902 0.000298 -0.099879
vn -0.017507 -0.000002 -0.098456
vn -0.000283 -0.000000 -0.100000
vn -0.027496 0.049027 -0.082706
vn -0.043294 0.051819 -0.073759
vn -0.043219 0.044690 -0.078326
vn -0.062441 0.044912 -0.063907
vn -0.057816 0.039028 -0.071653
vn -0.078110 0.035875 -0.051106
vn -0.070546 0.032331 -0.063072
vn -0.081422 0.024663 -0.052557
vn -0.064604 0.027949 -0.071029
vn -0.075284 0.021199 -0.062313
vn -0.058335 0.024053 -0.077579
vn -0.068556 0.018153 -0.070502
vn -0.051928 0.020608 -0.082939
vn -0.061492 0.015476 -0.077325
vn -0.045496 0.017494 -0.087316
vn -0.054221 0.013079 -0.083000
vn -0.039090 0.014643 -0.090871
vn -0.046817 0.010914 -0.087687
vn -0.032699 0.011998 -0.093738
vn -0.039327 0.008922 -0.091508
vn -0.026331 0.009517 -0.096001
vn -0.031794 0.007059 -0.094548
vn -0.020465 0.007316 -0.097610
vn -0.024787 0.005414 -0.096728
vn -0.014649 0.005189 -0.098785
vn -0.017776 0.003836 -0.098333
vn -0.090142 0.024908 -0.035412
vn -0.087713 0.018801 -0.044192
vn -0.081772 0.016116 -0.055259
vn -0.075001 0.013775 -0.064693
vn -0.067698 0.011713 -0.072663
vn -0.060008 0.009872 -0.079382
vn -0.052031 0.008227 -0.085000
vn -0.043862 0.006722 -0.089615
vn -0.035573 0.005310 -0.093308
vn -0.027801 0.004067 -0.095972
vn -0.019967 0.002879 -0.097944
vn -0.097484 0.012797 -0.018253
vn -0.094703 0.009577 -0.030654
vn -0.089627 0.008176 -0.043590
vn -0.083286 0.006989 -0.054905
vn -0.076030 0.005915 -0.064687
vn -0.068037 0.004951 -0.073119
vn -0.059448 0.004119 -0.080306
vn -0.050440 0.003378 -0.086281
vn -0.041141 0.002659 -0.091106
vn -0.032291 0.002025 -0.094621
vn -0.023254 0.001430 -0.097248
vn -0.100000 0.000000 0.000000
vn -0.099246 0.000004 -0.012255
vn -0.097127 -0.000022 -0.023797
vn -0.089590 0.000034 -0.044425
vn -0.078783 -0.000028 -0.061589
vn -0.065484 -0.000034 -0.075577
vn -0.050537 0.000005 -0.086290
vn -0.034461 -0.000027 -0.093875
vn -0.000003 0.000000 -0.100000
vn -0.000247 0.000015 -0.100000
vn -0.000002 0.000000 -0.100000
vn -0.000212 0.000030 -0.100000
vn -0.000002 0.000000 -0.100000
vn -0.000188 0.000040 -0.100000
vn -0.000002 0.000001 -0.100000
vn -0.000155 0.000054 -0.100000
vn -0.000001 0.000001 -0.100000
vn -0.000121 0.000069 -0.100000
vn -0.000001 0.000001 -0.100000
vn -0.000088 0.000083 -0.100000
vn -0.000001 0.000001 -0.100000
vn -0.000055 0.000097 -0.100000
vn -0.000000 0.000001 -0.100000
vn -0.000027 0.000109 -0.100000
vn -0.052536 0.034003 -0.077998
vn -0.047108 0.029474 -0.083139
vn -0.041663 0.025414 -0.087283
vn -0.036305 0.021694 -0.090617
vn -0.031067 0.018238 -0.093286
vn -0.025897 0.014999 -0.095417
vn -0.020781 0.011936 -0.097086
vn -0.016106 0.009198 -0.098265
vn -0.011511 0.006534 -0.099120
vn -0.039069 0.039320 -0.083232
vn -0.034870 0.034386 -0.087188
vn -0.030696 0.029876 -0.090362
vn -0.026646 0.025666 -0.092905
vn -0.022748 0.021691 -0.094932
vn -0.018923 0.017922 -0.096544
vn -0.015144 0.014314 -0.097805
vn -0.011710 0.011059 -0.098694
vn -0.008360 0.007870 -0.099339
vn -0.024769 0.043677 -0.086480
vn -0.022036 0.038622 -0.089570
vn -0.019320 0.033873 -0.092083
vn -0.016719 0.029331 -0.094128
vn -0.014258 0.024954 -0.095781
vn -0.011850 0.020735 -0.097106
vn -0.009457 0.016635 -0.098152
vn -0.007292 0.012893 -0.098897
vn -0.005202 0.009196 -0.099440
vn 0.000000 0.000001 -0.100000
vn 0.000000 0.099728 -0.007364
vn 0.000000 0.100000 -0.000000
vn -0.022252 0.097265 -0.006668
vn -0.022252 0.097493 -0.000000
vn -0.043388 0.090097 -0.000000
vn -0.043388 0.089886 -0.006162
vn -0.062349 0.078183 -0.000000
vn -0.062349 0.078000 -0.005347
vn -0.078183 0.062349 -0.000000
vn -0.078183 0.062203 -0.004264
vn -0.090097 0.043388 -0.000000
vn -0.090097 0.043287 -0.002967
vn -0.097493 0.022252 -0.000000
vn -0.097493 0.022200 -0.001522
vn -0.100000 0.000000 -0.000000
vn -0.100000 0.000000 -0.000000
vn -0.097493 0.022044 -0.003037
vn -0.100000 0.000000 -0.000000
vn -0.097493 0.021785 -0.004537
vn -0.100000 0.000000 -0.000000
vn -0.097493 0.021423 -0.006016
vn -0.100000 0.000000 -0.000000
vn -0.097493 0.020962 -0.007468
vn -0.100000 0.000000 -0.000000
vn -0.097493 0.020402 -0.008884
vn -0.100000 0.000000 -0.000000
vn -0.097493 0.019747 -0.010258
vn -0.100000 0.000000 -0.000000
vn -0.097493 0.018999 -0.011585
vn -0.100000 0.000000 -0.000000
vn -0.097493 0.018162 -0.012857
vn -0.100000 0.000000 -0.000000
vn -0.097493 0.017240 -0.014069
vn -0.100000 0.000000 -0.000000
vn -0.097493 0.016237 -0.015215
vn -0.100000 0.000000 -0.000000
vn -0.097493 0.015159 -0.016290
vn -0.100000 0.000000 -0.000000
vn -0.097493 0.014009 -0.017289
vn -0.100000 0.000000 -0.000000
vn -0.097493 0.012794 -0.018206
vn -0.100000 -0.000000 0.000000
vn -0.090097 0.024947 -0.035500
vn -0.090097 0.027316 -0.033710
vn -0.090097 0.029558 -0.031763
vn -0.090097 0.031661 -0.029667
vn -0.090097 0.033616 -0.027432
vn -0.090097 0.035413 -0.025069
vn -0.090097 0.037045 -0.022588
vn -0.090097 0.038503 -0.020002
vn -0.090097 0.039781 -0.017322
vn -0.090097 0.040872 -0.014561
vn -0.090097 0.041772 -0.011731
vn -0.090097 0.042477 -0.008847
vn -0.090097 0.042982 -0.005921
vn -0.078183 0.035848 -0.051013
vn -0.078183 0.039253 -0.048442
vn -0.078183 0.042474 -0.045644
vn -0.078183 0.045496 -0.042632
vn -0.078183 0.048306 -0.039420
vn -0.078183 0.050889 -0.036024
vn -0.078183 0.053233 -0.032460
vn -0.078183 0.055329 -0.028743
vn -0.078183 0.057165 -0.024891
vn -0.078183 0.058733 -0.020924
vn -0.078183 0.060027 -0.016858
vn -0.078183 0.061039 -0.012713
vn -0.078183 0.061766 -0.008508
vn -0.062349 0.044952 -0.063968
vn -0.062349 0.049222 -0.060744
vn -0.062349 0.053261 -0.057235
vn -0.062349 0.057051 -0.053459
vn -0.062349 0.060573 -0.049432
vn -0.062349 0.063812 -0.045173
vn -0.062349 0.066752 -0.040703
vn -0.062349 0.069380 -0.036042
vn -0.062349 0.071682 -0.031213
vn -0.062349 0.073649 -0.026237
vn -0.062349 0.075271 -0.021139
vn -0.062349 0.076541 -0.015941
vn -0.062349 0.077452 -0.010669
vn -0.043388 0.051802 -0.073716
vn -0.043388 0.056722 -0.070000
vn -0.043388 0.061377 -0.065957
vn -0.043388 0.065744 -0.061605
vn -0.043388 0.069804 -0.056964
vn -0.043388 0.073536 -0.052057
vn -0.043388 0.076924 -0.046905
vn -0.043388 0.079952 -0.041535
vn -0.043388 0.082605 -0.035969
vn -0.043388 0.084872 -0.030235
vn -0.043388 0.086741 -0.024360
vn -0.043388 0.088204 -0.018371
vn -0.043388 0.089254 -0.012295
vn -0.022252 0.056054 -0.079767
vn -0.022252 0.061379 -0.075746
vn -0.022252 0.066415 -0.071371
vn -0.022252 0.071141 -0.066662
vn -0.022252 0.075534 -0.061640
vn -0.022252 0.079573 -0.056330
vn -0.022252 0.083239 -0.050756
vn -0.022252 0.086515 -0.044944
vn -0.022252 0.089386 -0.038922
vn -0.022252 0.091839 -0.032717
vn -0.022252 0.093862 -0.026360
vn -0.022252 0.095445 -0.019879
vn -0.022252 0.096581 -0.013304
vn 0.000000 0.063365 -0.077362
vn 0.000000 0.068890 -0.072485
vn 0.000000 0.074041 -0.067215
vn 0.000000 0.078790 -0.061580
vn 0.000000 0.083111 -0.055610
vn 0.000000 0.086981 -0.049338
vn 0.000000 0.090378 -0.042799
vn 0.000000 0.093285 -0.036027
vn 0.000000 0.095685 -0.029059
vn 0.000000 0.097565 -0.021933
vn 0.000000 0.098915 -0.014689
vn -0.000000 0.100000 -0.000000
vn -0.022252 0.097493 -0.000000
vn -0.043388 0.090097 -0.000000
vn -0.062349 0.078183 -0.000000
vn -0.078183 0.062349 -0.000000
vn -0.090097 0.043388 -0.000000
vn -0.097493 0.022252 -0.000000
vn -0.097507 0.015691 -0.015691
vn -0.096457 0.026202 -0.003080
vn -0.088919 0.042942 -0.015791
vn -0.072951 0.067730 -0.009533
vn -0.056983 0.079866 -0.019350
vn -0.038174 0.088019 -0.028202
vn -0.031551 0.094514 -0.008461
vn -0.011246 0.097879 -0.017122
vn 0.000000 0.097493 -0.022252
vn -0.017462 0.091784 -0.035648
vn -0.042282 0.077547 -0.046890
vn -0.061139 0.069271 -0.038256
vn -0.062547 0.055172 -0.055172
vn -0.078302 0.043982 -0.043982
vn -0.076947 0.027714 -0.057541
vn -0.088919 0.015791 -0.042942
vn 0.000000 0.090097 -0.043388
vn -0.021317 0.081957 -0.053186
vn -0.043674 0.063611 -0.063611
vn -0.061139 0.038256 -0.069271
vn -0.072951 0.009533 -0.067730
vn -0.056983 0.019350 -0.079866
vn -0.038174 0.028202 -0.088019
vn -0.031551 0.008461 -0.094514
vn -0.017462 0.035648 -0.091784
vn -0.011246 0.017122 -0.097879
vn 0.000000 0.022252 -0.097493
vn 0.000000 0.078183 -0.062349
vn -0.022623 0.068877 -0.068877
vn -0.042282 0.046890 -0.077547
vn 0.000000 0.062349 -0.078183
vn -0.021317 0.053186 -0.081957
vn 0.000000 0.043388 -0.090097
vn -0.096457 0.003080 -0.026202
vn -0.090152 0.030599 -0.030599
vn -0.076947 0.057541 -0.027714
vn -0.097879 -0.017122 -0.011246
vn -0.094514 -0.008461 -0.031551
vn -0.088019 -0.028202 -0.038174
vn -0.079866 -0.019350 -0.056983
vn -0.077547 -0.046890 -0.042282
vn -0.069271 -0.038256 -0.061139
vn -0.063611 -0.063611 -0.043674
vn -0.055172 -0.055172 -0.062547
vn -0.046890 -0.077547 -0.042282
vn -0.038256 -0.069271 -0.061139
vn -0.028202 -0.088019 -0.038174
vn -0.019350 -0.079866 -0.056983
vn 0.000000 -0.090097 -0.043388
vn 0.000000 -0.078183 -0.062349
vn -0.009533 -0.067730 -0.072951
vn 0.000000 -0.062349 -0.078183
vn -0.015791 -0.042942 -0.088919
vn 0.000000 -0.043388 -0.090097
vn -0.003080 -0.026202 -0.096457
vn 0.000000 -0.022252 -0.097493
vn -0.015691 -0.015691 -0.097507
vn -0.026202 -0.003080 -0.096457
vn -0.042942 -0.015791 -0.088919
vn -0.057541 -0.027714 -0.076947
vn -0.067730 -0.009533 -0.072951
vn -0.008461 -0.094514 -0.031551
vn 0.000000 -0.097493 -0.022252
vn -0.017122 -0.097879 -0.011246
vn -0.035648 -0.091784 -0.017462
vn -0.053186 -0.081957 -0.021317
vn -0.068877 -0.068877 -0.022623
vn -0.081957 -0.053186 -0.021317
vn -0.091784 -0.035648 -0.017462
vn -0.030599 -0.030599 -0.090152
vn -0.043982 -0.043982 -0.078302
vn -0.027714 -0.057541 -0.076947
vn 0.097879 -0.017122 -0.011246
vn 0.091784 -0.035648 -0.017462
vn 0.081957 -0.053186 -0.021317
vn 0.068877 -0.068877 -0.022623
vn 0.053186 -0.081957 -0.021317
vn 0.035648 -0.091784 -0.017462
vn 0.017122 -0.097879 -0.011246
vn 0.000000 -0.097493 -0.022252
vn 0.008461 -0.094514 -0.031551
vn 0.000000 -0.090097 -0.043388
vn 0.028202 -0.088019 -0.038174
vn 0.019350 -0.079866 -0.056983
vn 0.046890 -0.077547 -0.042282
vn 0.038256 -0.069271 -0.061139
vn 0.063611 -0.063611 -0.043674
vn 0.055172 -0.055172 -0.062547
vn 0.077547 -0.046890 -0.042282
vn 0.069271 -0.038256 -0.061139
vn 0.088019 -0.028202 -0.038174
vn 0.079866 -0.019350 -0.056983
vn 0.067730 -0.009533 -0.072951
vn 0.042942 -0.015791 -0.088919
vn 0.026202 -0.003080 -0.096457
vn 0.015691 -0.015691 -0.097507
vn 0.000000 -0.022252 -0.097493
vn 0.003080 -0.026202 -0.096457
vn 0.000000 -0.043388 -0.090097
vn 0.015791 -0.042942 -0.088919
vn 0.000000 -0.062349 -0.078183
vn 0.027714 -0.057541 -0.076947
vn 0.009533 -0.067730 -0.072951
vn 0.000000 -0.078183 -0.062349
vn 0.094514 -0.008461 -0.031551
vn 0.057541 -0.027714 -0.076947
vn 0.043982 -0.043982 -0.078302
vn 0.030599 -0.030599 -0.090152
vn 0.097507 0.015691 -0.015691
vn 0.096457 0.003080 -0.026202
vn 0.088919 0.015791 -0.042942
vn 0.076947 0.027714 -0.057541
vn 0.072951 0.009533 -0.067730
vn 0.056983 0.019350 -0.079866
vn 0.031551 0.008461 -0.094514
vn 0.038174 0.028202 -0.088019
vn 0.061139 0.038256 -0.069271
vn 0.078302 0.043982 -0.043982
vn 0.090152 0.030599 -0.030599
vn 0.088919 0.042942 -0.015791
vn 0.096457 0.026202 -0.003080
vn 0.011246 0.017122 -0.097879
vn 0.000000 0.022252 -0.097493
vn 0.017462 0.035648 -0.091784
vn 0.000000 0.043388 -0.090097
vn 0.021317 0.053186 -0.081957
vn 0.000000 0.062349 -0.078183
vn 0.022623 0.068877 -0.068877
vn 0.000000 0.078183 -0.062349
vn 0.021317 0.081957 -0.053186
vn 0.000000 0.090097 -0.043388
vn 0.017462 0.091784 -0.035648
vn 0.000000 0.097493 -0.022252
vn 0.011246 0.097879 -0.017122
vn 0.031551 0.094514 -0.008461
vn 0.038174 0.088019 -0.028202
vn 0.056983 0.079866 -0.019350
vn 0.042282 0.077547 -0.046890
vn 0.061139 0.069271 -0.038256
vn 0.043674 0.063611 -0.063611
vn 0.062547 0.055172 -0.055172
vn 0.042282 0.046890 -0.077547
vn 0.072951 0.067730 -0.009533
vn 0.076947 0.057541 -0.027714
vn 0.000000 0.100000 -0.000000
vn 0.000000 0.097493 -0.022252
vn 0.000000 0.090097 -0.043388
vn 0.000000 0.078183 -0.062349
vn 0.000000 0.062349 -0.078183
vn 0.000000 0.043388 -0.090097
vn 0.000000 0.022252 -0.097493
vn 0.000000 0.000000 -0.100000
vn 0.000000 0.000000 -0.100000
vn -0.000000 -0.022252 -0.097493
vn -0.000000 -0.043388 -0.090097
vn -0.000000 -0.062349 -0.078183
vn -0.000000 -0.078183 -0.062349
vn -0.000000 -0.090097 -0.043388
vn -0.000000 -0.097493 -0.022252
vn -0.000000 -0.100000 0.000000
vn -0.000000 -0.100000 0.000000
vn -0.000000 -0.100000 0.000000
vn -0.000000 -0.100000 0.000000
vn -0.000000 -0.097493 -0.022252
vn -0.000000 -0.090097 -0.043388
vn -0.000000 -0.078183 -0.062349
vn -0.000000 -0.062349 -0.078183
vn -0.000000 -0.043388 -0.090097
vn -0.000000 -0.022252 -0.097493
vn -0.000000 -0.000000 -0.100000
vn 0.000000 0.000000 -0.100000
vn 0.000000 0.000000 -0.100000
vn 0.000000 0.000000 -0.100000
vn 0.000000 0.000000 -0.100000
vn 0.000000 0.000000 -0.100000
vn 0.000000 0.000000 -0.100000
vn 0.000000 0.000000 -0.100000
vn 0.000000 0.000000 -0.100000
vn 0.000000 0.000000 -0.100000
vn 0.000000 0.000000 -0.100000
vn 0.000000 0.000000 -0.100000
vn 0.000000 0.000000 -0.100000
vn 0.000000 0.000000 -0.100000
vn 0.000000 0.000000 -0.100000
vn 0.000000 0.000000 -0.100000
vn 0.000000 0.000000 -0.100000
vn 0.000000 0.000000 -0.100000
vn 0.000000 0.000000 -0.100000
vn 0.000000 0.000000 -0.100000
vn 0.000000 0.000000 -0.100000
vn 0.000000 0.000000 -0.100000
vn 0.000000 0.000000 -0.100000
vn 0.000000 0.000000 -0.100000
vn 0.000000 0.000000 -0.100000
vn 0.000000 0.000000 -0.100000
vn 0.000000 0.000000 -0.100000
vn 0.000000 0.000000 -0.100000
vn 0.000000 0.000000 -0.100000
vn 0.000000 0.000000 -0.100000
vn 0.000000 0.000000 -0.100000
vn 0.000000 0.000000 -0.100000
vn 0.000000 0.000000 -0.100000
vn 0.000000 0.000000 -0.100000
vn 0.000000 0.000000 -0.100000
vn 0.000000 0.000000 -0.100000
vn 0.000000 0.000000 -0.100000
vn 0.000000 0.000000 -0.100000
vn 0.000000 0.000000 -0.100000
vn 0.000000 0.000000 -0.100000
vn 0.000000 0.000000 -0.100000
vn 0.000000 0.000000 -0.100000
vn 0.000000 0.000000 -0.100000
vn 0.000000 0.000000 -0.100000
vn 0.000000 0.000000 -0.100000
vn 0.000000 0.000000 -0.100000
vn 0.000000 0.000000 -0.100000
vn 0.000000 0.000000 -0.100000
vn 0.000000 0.000000 -0.100000
vn 0.000000 0.000000 -0.100000
vn 0.000000 0.000000 -0.100000
vn 0.000000 0.000000 -0.100000
vn 0.000000 0.000000 -0.100000
vn 0.000000 0.000000 -0.100000
vn 0.000000 0.000000 -0.100000
vn 0.000000 0.000000 -0.100000
vn 0.000000 0.000000 -0.100000
vn 0.000000 0.000000 -0.100000
vn 0.000000 0.000000 -0.100000
vn 0.000000 0.000000 -0.100000
vn 0.000000 0.000000 -0.100000
vn 0.000000 0.000000 -0.100000
vn 0.000000 0.000000 -0.100000
vn 0.000000 0.000000 -0.100000
vn 0.000000 0.000000 -0.100000
vn 0.000000 0.000000 -0.100000
vn 0.000000 0.000000 -0.100000
vn 0.000000 0.000000 -0.100000
vn 0.000000 0.000000 -0.100000
vn 0.000000 0.000000 -0.100000
vn 0.000000 0.000000 -0.100000
vn 0.000000 0.000000 -0.100000
vn 0.000000 0.000000 -0.100000
vn 0.000000 0.000000 -0.100000
vn 0.000000 0.000000 -0.100000
vn 0.000000 0.000000 -0.100000
vn 0.000000 0.000000 -0.100000
vn 0.000000 0.000000 -0.100000
vn 0.000000 0.000000 -0.100000
vn 0.000000 0.000000 -0.100000
vn 0.000000 0.000000 -0.100000
vn 0.000000 0.000000 -0.100000
vn 0.000000 0.000000 -0.100000
vn 0.000000 0.000000 -0.100000
vn 0.000000 0.000000 -0.100000
vn 0.000000 0.000000 -0.100000
vn 0.000000 0.000000 -0.100000
vn 0.000000 0.000000 -0.100000
vn 0.000000 0.000000 -0.100000
vn 0.000000 0.000000 -0.100000
vn 0.000000 0.000000 -0.100000
vn 0.000000 0.000000 -0.100000
vn 0.000000 0.000000 -0.100000
vn 0.000000 0.000000 -0.100000
vn 0.000000 0.022252 -0.097493
vn 0.000000 0.043388 -0.090097
vn 0.000000 0.062349 -0.078183
vn 0.000000 0.078183 -0.062349
vn 0.000000 0.090097 -0.043388
vn 0.000000 0.097493 -0.022252
vn 0.000000 0.100000 0.000000
vn 0.000000 0.100000 0.000000
vn 0.000000 0.004762 -0.099887
vn 0.000000 0.007383 -0.099727
vn 0.000000 0.013679 -0.099060
vn 0.000000 0.014755 -0.098905
vn 0.000000 0.018430 -0.098287
vn 0.000000 0.020841 -0.097804
vn 0.000000 0.022098 -0.097528
vn 0.000000 0.025756 -0.096626
vn 0.000000 0.027893 -0.096031
vn 0.000000 0.029403 -0.095580
vn 0.000000 0.033029 -0.094388
vn 0.000000 0.034797 -0.093750
vn 0.000000 0.036633 -0.093048
vn 0.000000 0.041518 -0.090974
vn 0.000000 0.040212 -0.091559
vn 0.000000 0.043764 -0.089915
vn 0.000000 0.048019 -0.087717
vn 0.000000 0.047284 -0.088115
vn 0.000000 0.050759 -0.086160
vn 0.000000 0.054266 -0.083995
vn 0.000000 0.054169 -0.084058
vn 0.000000 0.060226 -0.079830
vn 0.000000 0.065868 -0.075242
vn 0.000000 0.071161 -0.070257
vn 0.000000 0.080469 -0.059370
vn 0.000000 0.084458 -0.053543
vn 0.000000 0.088026 -0.047450
vn 0.000000 0.091155 -0.041119
vn 0.000000 0.093829 -0.034584
vn 0.000000 0.096036 -0.027877
vn 0.000000 0.097764 -0.021030
vn 0.000000 0.099004 -0.014079
vn 0.000000 0.099751 -0.007057
vn 0.000000 0.000000 -0.100000
vn 0.000000 0.001530 -0.099988
vn -0.097493 0.000000 -0.022252
vn -0.099242 0.000000 -0.012291
vn -0.100000 0.000000 0.000000
vn -0.090097 0.000000 -0.043388
vn -0.078183 0.000000 -0.062349
vn -0.062349 0.000000 -0.078183
vn -0.043388 0.000000 -0.090097
vn -0.022252 0.000000 -0.097493
vn -0.000282 0.000000 -0.100000
vn -0.022252 0.000000 -0.097493
vn -0.017506 0.000000 -0.098456
vn -0.034381 0.000000 -0.093904
vn -0.043388 0.000000 -0.090097
vn -0.050505 0.000000 -0.086309
vn -0.062349 0.000000 -0.078183
vn -0.065474 0.000000 -0.075585
vn -0.078729 0.000000 -0.061658
vn -0.089576 0.000000 -0.044454
vn -0.097119 0.000000 -0.023830
vn -0.100000 0.000000 0.000000
vn 0.097493 -0.000000 -0.022252
vn 0.099238 -0.000000 -0.012318
vn 0.097107 -0.000000 -0.023879
vn 0.090097 -0.000000 -0.043388
vn 0.089549 -0.000000 -0.044508
vn 0.078183 -0.000000 -0.062349
vn 0.078659 -0.000000 -0.061748
vn 0.065361 -0.000000 -0.075683
vn 0.050346 -0.000000 -0.086402
vn 0.062349 -0.000000 -0.078183
vn 0.062349 -0.000000 -0.078183
vn 0.043388 -0.000000 -0.090097
vn 0.034187 -0.000000 -0.093975
vn 0.022252 -0.000000 -0.097493
vn 0.017265 -0.000000 -0.098498
vn -0.000000 0.000000 -0.100000
vn 0.022252 -0.000000 -0.097493
vn 0.043388 -0.000000 -0.090097
vn 0.001944 0.078875 -0.061441
vn 0.004321 0.081448 -0.057859
vn 0.004143 0.084356 -0.053543
vn 0.004318 0.087920 -0.047450
vn 0.010660 0.085732 -0.050362
vn 0.008626 0.087602 -0.047450
vn 0.012913 0.087073 -0.047450
vn 0.013372 0.090169 -0.041119
vn 0.014774 0.087304 -0.046473
vn 0.017779 0.089404 -0.041119
vn 0.019627 0.088363 -0.042506
vn 0.025304 0.088766 -0.038474
vn 0.007201 0.083754 -0.054162
vn 0.031888 0.088326 -0.034375
vn 0.027230 0.089791 -0.034584
vn 0.022793 0.091019 -0.034584
vn 0.018300 0.092027 -0.034584
vn 0.023329 0.093159 -0.027877
vn 0.018731 0.094192 -0.027877
vn 0.023748 0.094835 -0.021030
vn 0.019068 0.095886 -0.021030
vn 0.024050 0.096039 -0.014079
vn 0.019310 0.097103 -0.014079
vn 0.024231 0.096763 -0.007057
vn 0.019455 0.097835 -0.007057
vn 0.023859 0.097112 -0.000000
vn 0.012016 0.099275 -0.000000
vn 0.039386 0.086811 -0.030211
vn 0.036742 0.088729 -0.027877
vn 0.032345 0.090425 -0.027877
vn 0.027871 0.091903 -0.027877
vn 0.041050 0.086820 -0.027877
vn 0.047758 0.083926 -0.025992
vn 0.041789 0.088382 -0.021030
vn 0.046074 0.086226 -0.021030
vn 0.046659 0.087320 -0.014079
vn 0.050886 0.084926 -0.014079
vn 0.051270 0.085566 -0.007057
vn 0.055406 0.082948 -0.007057
vn 0.046339 0.088615 -0.000000
vn 0.056652 0.082405 -0.000000
vn 0.059408 0.080131 -0.007057
vn 0.063267 0.077120 -0.007057
vn 0.058963 0.079531 -0.014079
vn 0.062794 0.076543 -0.014079
vn 0.066412 0.072699 -0.017444
vn 0.066473 0.073370 -0.014079
vn 0.069992 0.070021 -0.014079
vn 0.070520 0.070549 -0.007057
vn 0.073896 0.067005 -0.007057
vn 0.066144 0.075000 -0.000000
vn 0.074677 0.066509 -0.000000
vn 0.077093 0.063299 -0.007057
vn 0.080106 0.059441 -0.007057
vn 0.080357 0.058501 -0.010968
vn 0.082925 0.055440 -0.007057
vn 0.084580 0.052619 -0.008801
vn 0.085545 0.051306 -0.007057
vn 0.088424 0.046230 -0.006632
vn 0.082127 0.057053 -0.000000
vn 0.088388 0.046771 -0.000000
vn 0.091803 0.039400 -0.004460
vn 0.093368 0.035811 -0.000000
vn 0.094645 0.032205 -0.002287
vn 0.096895 0.024725 -0.000112
vn 0.056881 0.079323 -0.021734
vn 0.054302 0.081296 -0.021030
vn 0.050249 0.083862 -0.021030
vn 0.058224 0.078534 -0.021030
vn 0.071178 0.068556 -0.015291
vn 0.073342 0.066503 -0.014079
vn 0.075855 0.063824 -0.013132
vn 0.066974 0.073923 -0.007057
vn 0.035355 0.093541 -0.000000
vn 0.042638 0.090179 -0.007057
vn 0.047011 0.087978 -0.007057
vn 0.033596 0.093923 -0.007057
vn 0.038163 0.092162 -0.007057
vn 0.037878 0.091472 -0.014079
vn 0.042319 0.089504 -0.014079
vn 0.037403 0.090326 -0.021030
vn 0.009775 0.099271 -0.007057
vn 0.014633 0.098672 -0.007057
vn 0.014523 0.097933 -0.014079
vn 0.014341 0.096706 -0.021030
vn 0.014088 0.094997 -0.027877
vn 0.013764 0.092814 -0.034584
vn 0.004893 0.099631 -0.007057
vn 0.004857 0.098885 -0.014079
vn 0.004796 0.097646 -0.021030
vn 0.004711 0.095920 -0.027877
vn 0.004603 0.093716 -0.034584
vn 0.004472 0.091045 -0.041119
vn 0.028949 0.095458 -0.007057
vn 0.028732 0.094743 -0.014079
vn 0.028372 0.093556 -0.021030
vn 0.008932 0.090716 -0.041119
vn 0.009194 0.093378 -0.034584
vn 0.009411 0.095574 -0.027877
vn 0.009580 0.097293 -0.021030
vn 0.009702 0.098528 -0.014079
vn 0.033345 0.093220 -0.014079
vn 0.032927 0.092052 -0.021030
vn 0.054991 0.082327 -0.014079
vn 0.000000 0.013679 -0.099060
vn 0.000000 0.007488 -0.099719
vn 0.000000 0.004762 -0.099887
vn 0.000000 0.000120 -0.100000
vn 0.000000 0.001530 -0.099988
vn 0.000000 0.014850 -0.098891
vn 0.000000 0.018518 -0.098270
vn 0.000000 0.020841 -0.097804
vn 0.000000 0.022173 -0.097511
vn 0.000000 0.025823 -0.096608
vn 0.000000 0.027893 -0.096031
vn 0.000000 0.029463 -0.095561
vn 0.000000 0.033086 -0.094368
vn 0.000000 0.034797 -0.093750
vn 0.000000 0.036686 -0.093028
vn 0.000000 0.041518 -0.090974
vn 0.000000 0.040258 -0.091539
vn 0.000000 0.043800 -0.089897
vn 0.000000 0.048019 -0.087717
vn 0.000000 0.047307 -0.088102
vn 0.000000 0.050773 -0.086152
vn 0.000000 0.054266 -0.083995
vn 0.000000 0.054176 -0.084054
vn 0.000000 0.060226 -0.079830
vn 0.000000 0.065868 -0.075242
vn 0.000000 0.071161 -0.070257
vn -0.022252 -0.000000 -0.097493
vn -0.022252 -0.000000 -0.097493
vn -0.043388 -0.000000 -0.090097
vn -0.043388 -0.000000 -0.090097
vn -0.062349 -0.000000 -0.078183
vn -0.062349 -0.000000 -0.078183
vn -0.078183 -0.000000 -0.062349
vn -0.078183 -0.000000 -0.062349
vn -0.090097 -0.000000 -0.043388
vn -0.090097 -0.000000 -0.043388
vn -0.097493 -0.000000 -0.022252
vn -0.097493 -0.000000 -0.022252
vn -0.100000 -0.000000 -0.000000
vn -0.100000 -0.000000 0.000000
vn -0.097493 -0.000000 -0.022252
vn -0.090097 -0.000000 -0.043388
vn -0.078183 -0.000000 -0.062349
vn -0.062349 -0.000000 -0.078183
vn -0.043388 -0.000000 -0.090097
vn -0.022252 -0.000000 -0.097493
vn -0.012054 0.099271 -0.000000
vn -0.011751 0.096782 -0.022252
vn -0.023932 0.097094 -0.000000
vn -0.023332 0.094660 -0.022252
vn -0.035460 0.093502 -0.000000
vn -0.034571 0.091157 -0.022252
vn -0.046472 0.088546 -0.000000
vn -0.045307 0.086326 -0.022252
vn -0.056806 0.082298 -0.000000
vn -0.055382 0.080235 -0.022252
vn -0.066312 0.074851 -0.000000
vn -0.064650 0.072974 -0.022252
vn -0.074851 0.066312 -0.000000
vn -0.072974 0.064650 -0.022252
vn -0.082298 0.056806 -0.000000
vn -0.080235 0.055382 -0.022252
vn -0.088546 0.046472 -0.000000
vn -0.086326 0.045307 -0.022252
vn -0.093502 0.035460 -0.000000
vn -0.091157 0.034571 -0.022252
vn -0.097094 0.023932 -0.000000
vn -0.094660 0.023332 -0.022252
vn -0.099271 0.012054 -0.000000
vn -0.096782 0.011751 -0.022252
vn -0.089440 0.010860 -0.043388
vn -0.077613 0.009424 -0.062349
vn -0.061894 0.007515 -0.078183
vn -0.043072 0.005230 -0.090097
vn -0.022090 0.002682 -0.097493
vn -0.021605 0.005325 -0.097493
vn -0.020806 0.007891 -0.097493
vn -0.019703 0.010341 -0.097493
vn -0.018313 0.012641 -0.097493
vn -0.016656 0.014756 -0.097493
vn -0.014756 0.016656 -0.097493
vn -0.012641 0.018313 -0.097493
vn -0.010341 0.019703 -0.097493
vn -0.007891 0.020806 -0.097493
vn -0.005325 0.021605 -0.097493
vn -0.002682 0.022090 -0.097493
vn -0.005230 0.043072 -0.090097
vn -0.007515 0.061894 -0.078183
vn -0.009424 0.077613 -0.062349
vn -0.010860 0.089440 -0.043388
vn -0.010384 0.042128 -0.090097
vn -0.015386 0.040569 -0.090097
vn -0.020164 0.038418 -0.090097
vn -0.024647 0.035708 -0.090097
vn -0.028772 0.032477 -0.090097
vn -0.032477 0.028772 -0.090097
vn -0.035708 0.024647 -0.090097
vn -0.038418 0.020164 -0.090097
vn -0.040569 0.015386 -0.090097
vn -0.042128 0.010384 -0.090097
vn -0.014921 0.060537 -0.078183
vn -0.022109 0.058297 -0.078183
vn -0.028975 0.055207 -0.078183
vn -0.035418 0.051312 -0.078183
vn -0.041345 0.046669 -0.078183
vn -0.046669 0.041345 -0.078183
vn -0.051312 0.035418 -0.078183
vn -0.055207 0.028975 -0.078183
vn -0.058297 0.022109 -0.078183
vn -0.060537 0.014921 -0.078183
vn -0.018710 0.075911 -0.062349
vn -0.027724 0.073103 -0.062349
vn -0.036334 0.069228 -0.062349
vn -0.044413 0.064343 -0.062349
vn -0.051845 0.058521 -0.062349
vn -0.058521 0.051845 -0.062349
vn -0.064343 0.044413 -0.062349
vn -0.069228 0.036334 -0.062349
vn -0.073103 0.027724 -0.062349
vn -0.075911 0.018710 -0.062349
vn -0.021562 0.087479 -0.043388
vn -0.031949 0.084242 -0.043388
vn -0.041870 0.079777 -0.043388
vn -0.051181 0.074148 -0.043388
vn -0.059745 0.067438 -0.043388
vn -0.067438 0.059745 -0.043388
vn -0.074148 0.051181 -0.043388
vn -0.079777 0.041870 -0.043388
vn -0.084242 0.031949 -0.043388
vn -0.087479 0.021562 -0.043388
vn 0.100000 -0.000000 0.000000
vn 0.097493 -0.000000 -0.022252
vn 0.099271 0.012054 0.000000
vn 0.096782 0.011751 -0.022252
vn 0.097094 0.023932 0.000000
vn 0.094660 0.023332 -0.022252
vn 0.093502 0.035460 0.000000
vn 0.091157 0.034571 -0.022252
vn 0.088546 0.046472 0.000000
vn 0.086326 0.045307 -0.022252
vn 0.082298 0.056806 0.000000
vn 0.080235 0.055382 -0.022252
vn 0.074851 0.066312 0.000000
vn 0.072974 0.064650 -0.022252
vn 0.066312 0.074851 0.000000
vn 0.064650 0.072974 -0.022252
vn 0.056806 0.082298 0.000000
vn 0.055382 0.080235 -0.022252
vn 0.046472 0.088546 0.000000
vn 0.045307 0.086326 -0.022252
vn 0.035460 0.093502 0.000000
vn 0.034571 0.091157 -0.022252
vn 0.023932 0.097094 0.000000
vn 0.023332 0.094660 -0.022252
vn 0.012054 0.099271 0.000000
vn 0.011751 0.096782 -0.022252
vn 0.010860 0.089440 -0.043388
vn 0.009424 0.077613 -0.062349
vn 0.007515 0.061894 -0.078183
vn 0.005230 0.043072 -0.090097
vn 0.002682 0.022090 -0.097493
vn 0.005325 0.021605 -0.097493
vn 0.007891 0.020806 -0.097493
vn 0.010341 0.019703 -0.097493
vn 0.012641 0.018313 -0.097493
vn 0.014756 0.016656 -0.097493
vn 0.016656 0.014756 -0.097493
vn 0.018313 0.012641 -0.097493
vn 0.019703 0.010341 -0.097493
vn 0.020806 0.007891 -0.097493
vn 0.021605 0.005325 -0.097493
vn 0.022090 0.002682 -0.097493
vn 0.022252 -0.000000 -0.097493
vn 0.043072 0.005230 -0.090097
vn 0.043388 -0.000000 -0.090097
vn 0.061894 0.007515 -0.078183
vn 0.062349 -0.000000 -0.078183
vn 0.077613 0.009424 -0.062349
vn 0.078183 -0.000000 -0.062349
vn 0.089440 0.010860 -0.043388
vn 0.090097 -0.000000 -0.043388
vn 0.042128 0.010384 -0.090097
vn 0.040569 0.015386 -0.090097
vn 0.038418 0.020164 -0.090097
vn 0.035708 0.024647 -0.090097
vn 0.032477 0.028772 -0.090097
vn 0.028772 0.032477 -0.090097
vn 0.024647 0.035708 -0.090097
vn 0.020164 0.038418 -0.090097
vn 0.015386 0.040569 -0.090097
vn 0.010384 0.042128 -0.090097
vn 0.060537 0.014921 -0.078183
vn 0.058297 0.022109 -0.078183
vn 0.055207 0.028975 -0.078183
vn 0.051312 0.035418 -0.078183
vn 0.046669 0.041345 -0.078183
vn 0.041345 0.046669 -0.078183
vn 0.035418 0.051312 -0.078183
vn 0.028975 0.055207 -0.078183
vn 0.022109 0.058297 -0.078183
vn 0.014921 0.060537 -0.078183
vn 0.075911 0.018710 -0.062349
vn 0.073103 0.027724 -0.062349
vn 0.069228 0.036334 -0.062349
vn 0.064343 0.044413 -0.062349
vn 0.058521 0.051845 -0.062349
vn 0.051845 0.058521 -0.062349
vn 0.044413 0.064343 -0.062349
vn 0.036334 0.069228 -0.062349
vn 0.027724 0.073103 -0.062349
vn 0.018710 0.075911 -0.062349
vn 0.087479 0.021562 -0.043388
vn 0.084242 0.031949 -0.043388
vn 0.079777 0.041870 -0.043388
vn 0.074148 0.051181 -0.043388
vn 0.067438 0.059745 -0.043388
vn 0.059745 0.067438 -0.043388
vn 0.051181 0.074148 -0.043388
vn 0.041870 0.079777 -0.043388
vn 0.031949 0.084242 -0.043388
vn 0.021562 0.087479 -0.043388
vn 0.100000 0.000000 -0.000000
vn 0.097493 0.000000 -0.022252
vn 0.097493 0.000000 -0.022252
vn 0.090097 0.000000 -0.043388
vn 0.090097 0.000000 -0.043388
vn 0.078183 0.000000 -0.062349
vn 0.078183 0.000000 -0.062349
vn 0.062349 0.000000 -0.078183
vn 0.062349 0.000000 -0.078183
vn 0.043388 0.000000 -0.090097
vn 0.043388 0.000000 -0.090097
vn 0.022252 0.000000 -0.097493
vn 0.022252 0.000000 -0.097493
vn -0.000000 -0.100000 0.000000
vn -0.000000 -0.097493 -0.022252
vn 0.012054 -0.099271 0.000000
vn 0.011751 -0.096782 -0.022252
vn 0.023932 -0.097094 0.000000
vn 0.023332 -0.094660 -0.022252
vn 0.035460 -0.093502 0.000000
vn 0.034571 -0.091157 -0.022252
vn 0.046472 -0.088546 0.000000
vn 0.045307 -0.086326 -0.022252
vn 0.056806 -0.082298 0.000000
vn 0.055382 -0.080235 -0.022252
vn 0.066312 -0.074851 0.000000
vn 0.064650 -0.072974 -0.022252
vn 0.074851 -0.066312 0.000000
vn 0.072974 -0.064650 -0.022252
vn 0.082298 -0.056806 0.000000
vn 0.080235 -0.055382 -0.022252
vn 0.088546 -0.046472 0.000000
vn 0.086326 -0.045307 -0.022252
vn 0.093502 -0.035460 0.000000
vn 0.091157 -0.034571 -0.022252
vn 0.097094 -0.023932 0.000000
vn 0.094660 -0.023332 -0.022252
vn 0.099271 -0.012054 0.000000
vn 0.096782 -0.011751 -0.022252
vn 0.089440 -0.010860 -0.043388
vn 0.077613 -0.009424 -0.062349
vn 0.061894 -0.007515 -0.078183
vn 0.043072 -0.005230 -0.090097
vn 0.022090 -0.002682 -0.097493
vn 0.021605 -0.005325 -0.097493
vn 0.020806 -0.007891 -0.097493
vn 0.019703 -0.010341 -0.097493
vn 0.018313 -0.012641 -0.097493
vn 0.016656 -0.014756 -0.097493
vn 0.014756 -0.016656 -0.097493
vn 0.012641 -0.018313 -0.097493
vn 0.010341 -0.019703 -0.097493
vn 0.007891 -0.020806 -0.097493
vn 0.005325 -0.021605 -0.097493
vn 0.002682 -0.022090 -0.097493
vn -0.000000 -0.022252 -0.097493
vn 0.005230 -0.043072 -0.090097
vn -0.000000 -0.043388 -0.090097
vn 0.007515 -0.061894 -0.078183
vn -0.000000 -0.062349 -0.078183
vn 0.009424 -0.077613 -0.062349
vn -0.000000 -0.078183 -0.062349
vn 0.010860 -0.089440 -0.043388
vn -0.000000 -0.090097 -0.043388
vn 0.010384 -0.042128 -0.090097
vn 0.015386 -0.040569 -0.090097
vn 0.020164 -0.038418 -0.090097
vn 0.024647 -0.035708 -0.090097
vn 0.028772 -0.032477 -0.090097
vn 0.032477 -0.028772 -0.090097
vn 0.035708 -0.024647 -0.090097
vn 0.038418 -0.020164 -0.090097
vn 0.040569 -0.015386 -0.090097
vn 0.042128 -0.010384 -0.090097
vn 0.014921 -0.060537 -0.078183
vn 0.022109 -0.058297 -0.078183
vn 0.028975 -0.055207 -0.078183
vn 0.035418 -0.051312 -0.078183
vn 0.041345 -0.046669 -0.078183
vn 0.046669 -0.041345 -0.078183
vn 0.051312 -0.035418 -0.078183
vn 0.055207 -0.028975 -0.078183
vn 0.058297 -0.022109 -0.078183
vn 0.060537 -0.014921 -0.078183
vn 0.018710 -0.075911 -0.062349
vn 0.027724 -0.073103 -0.062349
vn 0.036334 -0.069228 -0.062349
vn 0.044413 -0.064343 -0.062349
vn 0.051845 -0.058521 -0.062349
vn 0.058521 -0.051845 -0.062349
vn 0.064343 -0.044413 -0.062349
vn 0.069228 -0.036334 -0.062349
vn 0.073103 -0.027724 -0.062349
vn 0.075911 -0.018710 -0.062349
vn 0.021562 -0.087479 -0.043388
vn 0.031949 -0.084242 -0.043388
vn 0.041870 -0.079777 -0.043388
vn 0.051181 -0.074148 -0.043388
vn 0.059745 -0.067438 -0.043388
vn 0.067438 -0.059745 -0.043388
vn 0.074148 -0.051181 -0.043388
vn 0.079777 -0.041870 -0.043388
vn 0.084242 -0.031949 -0.043388
vn 0.087479 -0.021562 -0.043388
vn 0.000000 -0.097493 -0.022252
vn 0.000000 -0.097493 -0.022252
vn 0.000000 -0.100000 -0.000000
vn 0.000000 -0.097493 -0.022252
vn 0.000000 -0.097493 -0.022252
vn 0.000000 -0.090097 -0.043388
vn 0.000000 -0.078183 -0.062349
vn 0.000000 -0.062349 -0.078183
vn 0.000000 -0.043388 -0.090097
vn 0.000000 -0.022252 -0.097493
vn 0.000000 -0.022252 -0.097493
vn 0.000000 -0.022252 -0.097493
vn 0.000000 -0.022252 -0.097493
vn 0.000000 -0.043388 -0.090097
vn 0.000000 -0.043388 -0.090097
vn 0.000000 -0.062349 -0.078183
vn 0.000000 -0.062349 -0.078183
vn 0.000000 -0.078183 -0.062349
vn 0.000000 -0.078183 -0.062349
vn 0.000000 -0.090097 -0.043388
vn 0.000000 -0.090097 -0.043388
vn 0.000000 -0.090097 -0.043388
vn 0.000000 -0.078183 -0.062349
vn 0.000000 -0.062349 -0.078183
vn 0.000000 -0.043388 -0.090097
vn -0.099271 -0.012054 0.000000
vn -0.096782 -0.011751 -0.022252
vn -0.097094 -0.023932 0.000000
vn -0.094660 -0.023332 -0.022252
vn -0.093502 -0.035460 0.000000
vn -0.091157 -0.034571 -0.022252
vn -0.088546 -0.046472 0.000000
vn -0.086326 -0.045307 -0.022252
vn -0.082298 -0.056806 0.000000
vn -0.080235 -0.055382 -0.022252
vn -0.074851 -0.066312 0.000000
vn -0.072974 -0.064650 -0.022252
vn -0.066312 -0.074851 0.000000
vn -0.064650 -0.072974 -0.022252
vn -0.056806 -0.082298 0.000000
vn -0.055382 -0.080235 -0.022252
vn -0.046472 -0.088546 0.000000
vn -0.045307 -0.086326 -0.022252
vn -0.035460 -0.093502 0.000000
vn -0.034571 -0.091157 -0.022252
vn -0.023932 -0.097094 0.000000
vn -0.023332 -0.094660 -0.022252
vn -0.012054 -0.099271 0.000000
vn -0.011751 -0.096782 -0.022252
vn -0.010860 -0.089440 -0.043388
vn -0.009424 -0.077613 -0.062349
vn -0.007515 -0.061894 -0.078183
vn -0.005230 -0.043072 -0.090097
vn -0.002682 -0.022090 -0.097493
vn -0.005325 -0.021605 -0.097493
vn -0.007891 -0.020806 -0.097493
vn -0.010341 -0.019703 -0.097493
vn -0.012641 -0.018313 -0.097493
vn -0.014756 -0.016656 -0.097493
vn -0.016656 -0.014756 -0.097493
vn -0.018313 -0.012641 -0.097493
vn -0.019703 -0.010341 -0.097493
vn -0.020806 -0.007891 -0.097493
vn -0.021605 -0.005325 -0.097493
vn -0.022090 -0.002682 -0.097493
vn -0.043072 -0.005230 -0.090097
vn -0.061894 -0.007515 -0.078183
vn -0.077613 -0.009424 -0.062349
vn -0.089440 -0.010860 -0.043388
vn -0.042128 -0.010384 -0.090097
vn -0.040569 -0.015386 -0.090097
vn -0.038418 -0.020164 -0.090097
vn -0.035708 -0.024647 -0.090097
vn -0.032477 -0.028772 -0.090097
vn -0.028772 -0.032477 -0.090097
vn -0.024647 -0.035708 -0.090097
vn -0.020164 -0.038418 -0.090097
vn -0.015386 -0.040569 -0.090097
vn -0.010384 -0.042128 -0.090097
vn -0.060537 -0.014921 -0.078183
vn -0.058297 -0.022109 -0.078183
vn -0.055207 -0.028975 -0.078183
vn -0.051312 -0.035418 -0.078183
vn -0.046669 -0.041345 -0.078183
vn -0.041345 -0.046669 -0.078183
vn -0.035418 -0.051312 -0.078183
vn -0.028975 -0.055207 -0.078183
vn -0.022109 -0.058297 -0.078183
vn -0.014921 -0.060537 -0.078183
vn -0.075911 -0.018710 -0.062349
vn -0.073103 -0.027724 -0.062349
vn -0.069228 -0.036334 -0.062349
vn -0.064343 -0.044413 -0.062349
vn -0.058521 -0.051845 -0.062349
vn -0.051845 -0.058521 -0.062349
vn -0.044413 -0.064343 -0.062349
vn -0.036334 -0.069228 -0.062349
vn -0.027724 -0.073103 -0.062349
vn -0.018710 -0.075911 -0.062349
vn -0.087479 -0.021562 -0.043388
vn -0.084242 -0.031949 -0.043388
vn -0.079777 -0.041870 -0.043388
vn -0.074148 -0.051181 -0.043388
vn -0.067438 -0.059745 -0.043388
vn -0.059745 -0.067438 -0.043388
vn -0.051181 -0.074148 -0.043388
vn -0.041870 -0.079777 -0.043388
vn -0.031949 -0.084242 -0.043388
vn -0.021562 -0.087479 -0.043388
vn 0.097094 0.023932 0.000000
vn 0.097094 0.023932 0.000000
vn 0.099271 0.012054 0.000000
vn 0.099271 0.012054 0.000000
vn 0.099665 0.008184 0.000000
vn 0.098661 0.016313 0.000000
vn 0.100000 0.000000 0.000000
vn -0.097094 0.023932 -0.000000
vn -0.099271 0.012054 -0.000000
vn -0.099271 0.012054 -0.000000
vn -0.100000 0.000000 -0.000000
vn -0.099665 0.008184 -0.000000
vn -0.098661 0.016313 -0.000000
vn -0.097094 0.023932 -0.000000
vn -0.100000 -0.000000 0.000000
vn -0.022252 0.000000 -0.097493
vn -0.022252 0.000000 -0.097493
vn -0.043388 0.000000 -0.090097
vn -0.043388 0.000000 -0.090097
vn -0.062349 0.000000 -0.078183
vn -0.062349 0.000000 -0.078183
vn -0.078183 0.000000 -0.062349
vn -0.078183 0.000000 -0.062349
vn -0.090097 0.000000 -0.043388
vn -0.090097 0.000000 -0.043388
vn -0.097493 0.000000 -0.022252
vn -0.097493 0.000000 -0.022252
vn -0.100000 0.000000 0.000000
vn -0.100000 0.000000 0.000000
vn -0.097493 0.000000 -0.022252
vn -0.090097 0.000000 -0.043388
vn -0.078183 0.000000 -0.062349
vn -0.062349 0.000000 -0.078183
vn -0.043388 0.000000 -0.090097
vn -0.022252 0.000000 -0.097493
vn -0.022252 -0.097493 -0.000000
vn -0.012725 -0.096659 -0.022252
vn -0.011760 -0.089326 -0.043388
vn -0.010205 -0.077514 -0.062349
vn -0.008138 -0.061816 -0.078183
vn -0.005663 -0.043017 -0.090097
vn -0.002904 -0.022062 -0.097493
vn -0.005759 -0.021494 -0.097493
vn -0.008516 -0.020558 -0.097493
vn -0.011126 -0.019271 -0.097493
vn -0.013546 -0.017654 -0.097493
vn -0.015735 -0.015735 -0.097493
vn -0.017654 -0.013546 -0.097493
vn -0.034422 -0.026413 -0.090097
vn -0.037575 -0.021694 -0.090097
vn -0.053996 -0.031174 -0.078183
vn -0.057603 -0.023860 -0.078183
vn -0.072232 -0.029919 -0.062349
vn -0.075519 -0.020235 -0.062349
vn -0.087027 -0.023319 -0.043388
vn -0.089326 -0.011760 -0.043388
vn -0.096659 -0.012725 -0.022252
vn -0.019271 -0.011126 -0.097493
vn -0.040086 -0.016604 -0.090097
vn -0.060224 -0.016137 -0.078183
vn -0.077514 -0.010205 -0.062349
vn -0.020558 -0.008516 -0.097493
vn -0.041910 -0.011230 -0.090097
vn -0.061816 -0.008138 -0.078183
vn -0.021494 -0.005759 -0.097493
vn -0.043017 -0.005663 -0.090097
vn -0.022062 -0.002904 -0.097493
vn -0.097493 -0.022252 -0.000000
vn -0.094171 -0.025233 -0.022252
vn -0.083239 -0.034479 -0.043388
vn -0.067709 -0.039092 -0.062349
vn -0.049465 -0.037956 -0.078183
vn -0.030680 -0.030680 -0.090097
vn -0.090097 -0.043388 -0.000000
vn -0.090072 -0.037309 -0.022252
vn -0.078026 -0.045048 -0.043388
vn -0.062027 -0.047595 -0.062349
vn -0.044087 -0.044087 -0.078183
vn -0.026413 -0.034422 -0.090097
vn -0.084431 -0.048746 -0.022252
vn -0.078183 -0.062349 -0.000000
vn -0.077346 -0.059350 -0.022252
vn -0.068938 -0.068938 -0.022252
vn -0.063708 -0.063708 -0.043388
vn -0.054848 -0.071479 -0.043388
vn -0.047595 -0.062027 -0.062349
vn -0.039092 -0.067709 -0.062349
vn -0.031174 -0.053996 -0.078183
vn -0.023860 -0.057603 -0.078183
vn -0.016604 -0.040086 -0.090097
vn -0.011230 -0.041910 -0.090097
vn -0.062349 -0.078183 -0.000000
vn -0.059350 -0.077346 -0.022252
vn -0.045048 -0.078026 -0.043388
vn -0.029919 -0.072232 -0.062349
vn -0.016137 -0.060224 -0.078183
vn -0.043388 -0.090097 -0.000000
vn -0.048746 -0.084431 -0.022252
vn -0.034479 -0.083239 -0.043388
vn -0.020235 -0.075519 -0.062349
vn -0.037309 -0.090072 -0.022252
vn -0.025233 -0.094171 -0.022252
vn -0.023319 -0.087027 -0.043388
vn -0.021694 -0.037575 -0.090097
vn -0.037956 -0.049465 -0.078183
vn -0.055284 -0.055284 -0.062349
vn -0.071479 -0.054848 -0.043388
vn 0.097493 -0.022252 -0.000000
vn 0.100000 0.000000 -0.000000
vn 0.096659 -0.012725 -0.022252
vn 0.097493 0.000000 -0.022252
vn 0.090097 0.000000 -0.043388
vn 0.089326 -0.011760 -0.043388
vn 0.078183 0.000000 -0.062349
vn 0.077514 -0.010205 -0.062349
vn 0.062349 0.000000 -0.078183
vn 0.061816 -0.008138 -0.078183
vn 0.043388 0.000000 -0.090097
vn 0.043017 -0.005663 -0.090097
vn 0.022252 0.000000 -0.097493
vn 0.022062 -0.002904 -0.097493
vn 0.021494 -0.005759 -0.097493
vn 0.020558 -0.008516 -0.097493
vn 0.019271 -0.011126 -0.097493
vn 0.017654 -0.013546 -0.097493
vn 0.015735 -0.015735 -0.097493
vn 0.013546 -0.017654 -0.097493
vn 0.026413 -0.034422 -0.090097
vn 0.021694 -0.037575 -0.090097
vn 0.031174 -0.053996 -0.078183
vn 0.023860 -0.057603 -0.078183
vn 0.029919 -0.072232 -0.062349
vn 0.020235 -0.075519 -0.062349
vn 0.023319 -0.087027 -0.043388
vn 0.011760 -0.089326 -0.043388
vn 0.012725 -0.096659 -0.022252
vn 0.011126 -0.019271 -0.097493
vn 0.016604 -0.040086 -0.090097
vn 0.016137 -0.060224 -0.078183
vn 0.010205 -0.077514 -0.062349
vn 0.008516 -0.020558 -0.097493
vn 0.011230 -0.041910 -0.090097
vn 0.008138 -0.061816 -0.078183
vn 0.005759 -0.021494 -0.097493
vn 0.005663 -0.043017 -0.090097
vn 0.002904 -0.022062 -0.097493
vn 0.022252 -0.097493 -0.000000
vn 0.025233 -0.094171 -0.022252
vn 0.034479 -0.083239 -0.043388
vn 0.039092 -0.067709 -0.062349
vn 0.037956 -0.049465 -0.078183
vn 0.030680 -0.030680 -0.090097
vn 0.043388 -0.090097 -0.000000
vn 0.037309 -0.090072 -0.022252
vn 0.045048 -0.078026 -0.043388
vn 0.047595 -0.062027 -0.062349
vn 0.044087 -0.044087 -0.078183
vn 0.034422 -0.026413 -0.090097
vn 0.048746 -0.084431 -0.022252
vn 0.062349 -0.078183 -0.000000
vn 0.059350 -0.077346 -0.022252
vn 0.068938 -0.068938 -0.022252
vn 0.063708 -0.063708 -0.043388
vn 0.071479 -0.054848 -0.043388
vn 0.062027 -0.047595 -0.062349
vn 0.067709 -0.039092 -0.062349
vn 0.053996 -0.031174 -0.078183
vn 0.057603 -0.023860 -0.078183
vn 0.040086 -0.016604 -0.090097
vn 0.041910 -0.011230 -0.090097
vn 0.078183 -0.062349 -0.000000
vn 0.077346 -0.059350 -0.022252
vn 0.078026 -0.045048 -0.043388
vn 0.072232 -0.029919 -0.062349
vn 0.060224 -0.016137 -0.078183
vn 0.090097 -0.043388 -0.000000
vn 0.084431 -0.048746 -0.022252
vn 0.083239 -0.034479 -0.043388
vn 0.075519 -0.020235 -0.062349
vn 0.090072 -0.037309 -0.022252
vn 0.094171 -0.025233 -0.022252
vn 0.087027 -0.023319 -0.043388
vn 0.037575 -0.021694 -0.090097
vn 0.049465 -0.037956 -0.078183
vn 0.055284 -0.055284 -0.062349
vn 0.054848 -0.071479 -0.043388
vn 0.100000 0.000000 -0.000000
vn 0.097493 0.000000 -0.022252
vn 0.097493 0.000000 -0.022252
vn 0.090097 0.000000 -0.043388
vn 0.090097 0.000000 -0.043388
vn 0.078183 0.000000 -0.062349
vn 0.078183 0.000000 -0.062349
vn 0.062349 0.000000 -0.078183
vn 0.062349 0.000000 -0.078183
vn 0.043388 0.000000 -0.090097
vn 0.043388 0.000000 -0.090097
vn 0.022252 0.000000 -0.097493
vn 0.022252 0.000000 -0.097493
vn 0.022252 0.097493 -0.000000
vn 0.000000 0.100000 -0.000000
vn 0.012725 0.096659 -0.022252
vn 0.000000 0.097493 -0.022252
vn 0.000000 0.090097 -0.043388
vn 0.011760 0.089326 -0.043388
vn 0.000000 0.078183 -0.062349
vn 0.010205 0.077514 -0.062349
vn 0.000000 0.062349 -0.078183
vn 0.008138 0.061816 -0.078183
vn 0.000000 0.043388 -0.090097
vn 0.005663 0.043017 -0.090097
vn 0.000000 0.022252 -0.097493
vn 0.002904 0.022062 -0.097493
vn 0.005759 0.021494 -0.097493
vn 0.008516 0.020558 -0.097493
vn 0.011126 0.019271 -0.097493
vn 0.013546 0.017654 -0.097493
vn 0.015735 0.015735 -0.097493
vn 0.017654 0.013546 -0.097493
vn 0.034422 0.026413 -0.090097
vn 0.037575 0.021694 -0.090097
vn 0.053996 0.031174 -0.078183
vn 0.057603 0.023860 -0.078183
vn 0.072232 0.029919 -0.062349
vn 0.075519 0.020235 -0.062349
vn 0.087027 0.023319 -0.043388
vn 0.089326 0.011760 -0.043388
vn 0.096659 0.012725 -0.022252
vn 0.019271 0.011126 -0.097493
vn 0.040086 0.016604 -0.090097
vn 0.060224 0.016137 -0.078183
vn 0.077514 0.010205 -0.062349
vn 0.020558 0.008516 -0.097493
vn 0.041910 0.011230 -0.090097
vn 0.061816 0.008138 -0.078183
vn 0.021494 0.005759 -0.097493
vn 0.043017 0.005663 -0.090097
vn 0.022062 0.002904 -0.097493
vn 0.097493 0.022252 -0.000000
vn 0.094171 0.025233 -0.022252
vn 0.083239 0.034479 -0.043388
vn 0.067709 0.039092 -0.062349
vn 0.049465 0.037956 -0.078183
vn 0.030680 0.030680 -0.090097
vn 0.090097 0.043388 -0.000000
vn 0.090072 0.037309 -0.022252
vn 0.078026 0.045048 -0.043388
vn 0.062027 0.047595 -0.062349
vn 0.044087 0.044087 -0.078183
vn 0.026413 0.034422 -0.090097
vn 0.084431 0.048746 -0.022252
vn 0.078183 0.062349 -0.000000
vn 0.077346 0.059350 -0.022252
vn 0.068938 0.068938 -0.022252
vn 0.063708 0.063708 -0.043388
vn 0.054848 0.071479 -0.043388
vn 0.047595 0.062027 -0.062349
vn 0.039092 0.067709 -0.062349
vn 0.031174 0.053996 -0.078183
vn 0.023860 0.057603 -0.078183
vn 0.016604 0.040086 -0.090097
vn 0.011230 0.041910 -0.090097
vn 0.062349 0.078183 -0.000000
vn 0.059350 0.077346 -0.022252
vn 0.045048 0.078026 -0.043388
vn 0.029919 0.072232 -0.062349
vn 0.016137 0.060224 -0.078183
vn 0.043388 0.090097 -0.000000
vn 0.048746 0.084431 -0.022252
vn 0.034479 0.083239 -0.043388
vn 0.020235 0.075519 -0.062349
vn 0.037309 0.090072 -0.022252
vn 0.025233 0.094171 -0.022252
vn 0.023319 0.087027 -0.043388
vn 0.021694 0.037575 -0.090097
vn 0.037956 0.049465 -0.078183
vn 0.055284 0.055284 -0.062349
vn 0.071479 0.054848 -0.043388
vn 0.000000 0.097493 -0.022252
vn 0.000000 0.097493 -0.022252
vn 0.000000 0.100000 -0.000000
vn 0.000000 0.097493 -0.022252
vn 0.000000 0.097493 -0.022252
vn 0.000000 0.090097 -0.043388
vn 0.000000 0.078183 -0.062349
vn 0.000000 0.062349 -0.078183
vn 0.000000 0.043388 -0.090097
vn 0.000000 0.022252 -0.097493
vn 0.000000 0.022252 -0.097493
vn 0.000000 0.022252 -0.097493
vn 0.000000 0.022252 -0.097493
vn 0.000000 0.043388 -0.090097
vn 0.000000 0.043388 -0.090097
vn 0.000000 0.062349 -0.078183
vn 0.000000 0.062349 -0.078183
vn 0.000000 0.078183 -0.062349
vn 0.000000 0.078183 -0.062349
vn 0.000000 0.090097 -0.043388
vn 0.000000 0.090097 -0.043388
vn 0.000000 0.090097 -0.043388
vn 0.000000 0.078183 -0.062349
vn 0.000000 0.062349 -0.078183
vn 0.000000 0.043388 -0.090097
vn -0.097493 0.022252 -0.000000
vn -0.096659 0.012725 -0.022252
vn -0.089326 0.011760 -0.043388
vn -0.077514 0.010205 -0.062349
vn -0.061816 0.008138 -0.078183
vn -0.043017 0.005663 -0.090097
vn -0.022062 0.002904 -0.097493
vn -0.021494 0.005759 -0.097493
vn -0.020558 0.008516 -0.097493
vn -0.019271 0.011126 -0.097493
vn -0.017654 0.013546 -0.097493
vn -0.015735 0.015735 -0.097493
vn -0.013546 0.017654 -0.097493
vn -0.026413 0.034422 -0.090097
vn -0.021694 0.037575 -0.090097
vn -0.031174 0.053996 -0.078183
vn -0.023860 0.057603 -0.078183
vn -0.029919 0.072232 -0.062349
vn -0.020235 0.075519 -0.062349
vn -0.023319 0.087027 -0.043388
vn -0.011760 0.089326 -0.043388
vn -0.012725 0.096659 -0.022252
vn -0.011126 0.019271 -0.097493
vn -0.016604 0.040086 -0.090097
vn -0.016137 0.060224 -0.078183
vn -0.010205 0.077514 -0.062349
vn -0.008516 0.020558 -0.097493
vn -0.011230 0.041910 -0.090097
vn -0.008138 0.061816 -0.078183
vn -0.005759 0.021494 -0.097493
vn -0.005663 0.043017 -0.090097
vn -0.002904 0.022062 -0.097493
vn -0.022252 0.097493 -0.000000
vn -0.025233 0.094171 -0.022252
vn -0.034479 0.083239 -0.043388
vn -0.039092 0.067709 -0.062349
vn -0.037956 0.049465 -0.078183
vn -0.030680 0.030680 -0.090097
vn -0.043388 0.090097 -0.000000
vn -0.037309 0.090072 -0.022252
vn -0.045048 0.078026 -0.043388
vn -0.047595 0.062027 -0.062349
vn -0.044087 0.044087 -0.078183
vn -0.034422 0.026413 -0.090097
vn -0.048746 0.084431 -0.022252
vn -0.062349 0.078183 -0.000000
vn -0.059350 0.077346 -0.022252
vn -0.068938 0.068938 -0.022252
vn -0.063708 0.063708 -0.043388
vn -0.071479 0.054848 -0.043388
vn -0.062027 0.047595 -0.062349
vn -0.067709 0.039092 -0.062349
vn -0.053996 0.031174 -0.078183
vn -0.057603 0.023860 -0.078183
vn -0.040086 0.016604 -0.090097
vn -0.041910 0.011230 -0.090097
vn -0.078183 0.062349 -0.000000
vn -0.077346 0.059350 -0.022252
vn -0.078026 0.045048 -0.043388
vn -0.072232 0.029919 -0.062349
vn -0.060224 0.016137 -0.078183
vn -0.090097 0.043388 -0.000000
vn -0.084431 0.048746 -0.022252
vn -0.083239 0.034479 -0.043388
vn -0.075519 0.020235 -0.062349
vn -0.090072 0.037309 -0.022252
vn -0.094171 0.025233 -0.022252
vn -0.087027 0.023319 -0.043388
vn -0.037575 0.021694 -0.090097
vn -0.049465 0.037956 -0.078183
vn -0.055284 0.055284 -0.062349
vn -0.054848 0.071479 -0.043388
vn 0.097493 -0.022252 0.000000
vn 0.097493 -0.022252 0.000000
vn 0.097493 -0.022252 0.000000
vn 0.090097 -0.043388 0.000000
vn 0.090097 -0.043388 0.000000
vn 0.078183 -0.062349 0.000000
vn 0.078183 -0.062349 0.000000
vn 0.062349 -0.078183 0.000000
vn 0.062349 -0.078183 0.000000
vn 0.043388 -0.090097 0.000000
vn 0.043388 -0.090097 0.000000
vn 0.022252 -0.097493 0.000000
vn 0.022252 -0.097493 0.000000
vn 0.022252 -0.097493 0.000000
vn 0.022252 -0.097493 0.000000
vn 0.043388 -0.090097 0.000000
vn 0.043388 -0.090097 0.000000
vn 0.062349 -0.078183 0.000000
vn 0.078183 -0.062349 0.000000
vn 0.090097 -0.043388 0.000000
vn 0.022252 -0.097493 0.000000
vn 0.090097 -0.043388 0.000000
vn 0.097493 -0.022252 0.000000
vn 0.100000 -0.000000 0.000000
vn 0.097493 -0.022252 0.000000
vn 0.090097 -0.043388 0.000000
vn 0.078183 -0.062349 0.000000
vn 0.062349 -0.078183 0.000000
vn 0.078183 -0.062349 0.000000
vn 0.062349 -0.078183 0.000000
vn 0.043388 -0.090097 0.000000
vn -0.022252 -0.097493 0.000000
vn -0.022252 -0.097493 0.000000
vn -0.022252 -0.097493 0.000000
vn -0.043388 -0.090097 0.000000
vn -0.043388 -0.090097 0.000000
vn -0.062349 -0.078183 0.000000
vn -0.062349 -0.078183 0.000000
vn -0.078183 -0.062349 0.000000
vn -0.078183 -0.062349 0.000000
vn -0.090097 -0.043388 0.000000
vn -0.090097 -0.043388 0.000000
vn -0.097493 -0.022252 0.000000
vn -0.097493 -0.022252 0.000000
vn -0.100000 0.000000 0.000000
vn -0.097493 -0.022252 0.000000
vn -0.097493 -0.022252 0.000000
vn -0.090097 -0.043388 0.000000
vn -0.090097 -0.043388 0.000000
vn -0.078183 -0.062349 0.000000
vn -0.062349 -0.078183 0.000000
vn -0.043388 -0.090097 0.000000
vn -0.097493 -0.022252 0.000000
vn -0.043388 -0.090097 0.000000
vn -0.022252 -0.097493 0.000000
vn -0.022252 -0.097493 0.000000
vn -0.043388 -0.090097 0.000000
vn -0.062349 -0.078183 0.000000
vn -0.078183 -0.062349 0.000000
vn -0.062349 -0.078183 0.000000
vn -0.078183 -0.062349 0.000000
vn -0.090097 -0.043388 0.000000
vn -0.100000 0.000000 0.000000
vn -0.100000 0.000000 0.000000
vn -0.100000 0.000000 0.000000
vn -0.100000 0.000000 0.000000
vn -0.100000 0.000000 0.000000
vn -0.100000 0.000000 0.000000
vn 0.000000 0.070711 0.070711
vn 0.000000 0.070711 0.070711
vn 0.000000 0.070711 0.070711
vn 0.000000 0.070711 0.070711
vn -0.000000 0.100000 -0.000000
vn -0.000000 0.100000 -0.000000
vn -0.000000 0.100000 -0.000000
vn -0.000000 0.100000 -0.000000
vn -0.000000 -0.070711 0.070711
vn -0.000000 -0.070711 0.070711
vn -0.000000 -0.070711 0.070711
vn -0.000000 -0.070711 0.070711
vn -0.000000 -0.100000 0.000000
vn -0.000000 -0.100000 0.000000
vn -0.000000 -0.100000 0.000000
vn -0.000000 -0.100000 0.000000
vn 0.070711 0.000000 0.070711
vn 0.070711 0.000000 0.070711
vn 0.070711 0.000000 0.070711
vn 0.070711 0.000000 0.070711
vn 0.070711 0.000000 0.070711
vn 0.000000 -0.100000 0.000000
vn 0.000000 -0.100000 0.000000
vn 0.000000 -0.100000 0.000000
vn 0.000000 -0.100000 0.000000
vn 0.000000 -0.100000 0.000000
vn 0.000000 -0.100000 0.000000
vn 0.000000 -0.100000 0.000000
vn 0.000000 -0.100000 0.000000
vn 0.000000 -0.100000 0.000000
vn 0.000000 -0.100000 0.000000
vn 0.000000 -0.100000 0.000000
vn 0.000000 0.000000 0.100000
vn 0.000000 0.000000 0.100000
vn 0.000000 0.000000 0.100000
vn 0.000000 0.000000 0.100000
vn 0.000000 0.000000 0.100000
vn 0.000000 0.000000 0.100000
vn -0.070711 0.000000 0.070711
vn -0.070711 0.000000 0.070711
vn -0.070711 0.000000 0.070711
vn -0.070711 0.000000 0.070711
vn -0.100000 0.000000 -0.000000
vn -0.100000 0.000000 -0.000000
vn 0.070711 0.000000 0.070711
vn 0.070711 0.000000 0.070711
vn 0.070711 0.000000 0.070711
vn 0.070711 0.000000 0.070711
vn -0.070711 0.000000 0.070711
vn -0.070711 0.000000 0.070711
vn -0.070711 0.000000 0.070711
vn -0.070711 0.000000 0.070711
vn -0.100000 0.000000 0.000000
vn -0.100000 0.000000 0.000000
vn 0.070711 0.000000 0.070711
vn 0.070711 0.000000 0.070711
vn 0.070711 0.000000 0.070711
vn 0.070711 0.000000 0.070711
vn 0.070711 0.000000 0.070711
vn 0.070711 0.000000 0.070711
vn 0.070711 0.000000 0.070711
vn 0.070711 0.000000 0.070711
vn -0.070711 0.000000 0.070711
vn -0.070711 0.000000 0.070711
vn -0.070711 0.000000 0.070711
vn -0.070711 0.000000 0.070711
vn -0.100000 0.000000 0.000000
vn -0.100000 0.000000 0.000000
vn -0.070711 0.000000 0.070711
vn -0.070711 0.000000 0.070711
vn -0.070711 0.000000 0.070711
vn -0.070711 0.000000 0.070711
vn -0.100000 0.000000 -0.000000
vn -0.100000 0.000000 -0.000000
vn 0.070711 0.000000 0.070711
vn 0.070711 0.000000 0.070711
vn 0.070711 0.000000 0.070711
vn 0.070711 0.000000 0.070711
vn -0.070711 0.000000 0.070711
vn -0.070711 0.000000 0.070711
vn -0.070711 0.000000 0.070711
vn -0.070711 0.000000 0.070711
vn -0.100000 0.000000 0.000000
vn -0.100000 0.000000 0.000000
vn 0.070711 0.000000 0.070711
vn 0.070711 0.000000 0.070711
vn 0.070711 0.000000 0.070711
vn 0.070711 0.000000 0.070711
vn -0.070711 0.000000 0.070711
vn -0.070711 0.000000 0.070711
vn -0.070711 0.000000 0.070711
vn -0.070711 0.000000 0.070711
vn -0.100000 0.000000 0.000000
vn -0.100000 0.000000 0.000000
vn 0.070711 0.000000 0.070711
vn 0.070711 0.000000 0.070711
vn 0.070711 0.000000 0.070711
vn 0.070711 0.000000 0.070711
vn -0.070711 0.000000 0.070711
vn -0.070711 0.000000 0.070711
vn -0.070711 0.000000 0.070711
vn -0.070711 0.000000 0.070711
vn -0.070711 0.000000 0.070711
vn -0.100000 0.000000 0.000000
vn -0.100000 0.000000 0.000000
vn 0.000000 0.000000 0.100000
vn 0.000000 0.000000 0.100000
vn 0.000000 0.000000 0.100000
vn 0.000000 0.000000 0.100000
vn 0.000000 0.000000 0.100000
vn 0.000000 0.000000 0.100000
vn 0.000000 0.000000 0.100000
vn 0.000000 0.000000 0.100000
vn 0.000000 0.000000 0.100000
vn 0.000000 0.000000 0.100000
vn 0.000000 0.000000 0.100000
vn 0.000000 0.000000 0.100000
vn 0.000000 0.000000 0.100000
vn 0.000000 0.000000 0.100000
vn 0.000000 0.000000 0.100000
vn 0.000000 0.000000 0.100000
vn 0.000000 0.000000 0.100000
vn 0.000000 0.000000 0.100000
vn 0.000000 0.000000 0.100000
vn 0.000000 0.000000 0.100000
vn 0.000000 0.000000 0.100000
vn 0.000000 0.000000 0.100000
vn 0.000000 0.000000 0.100000
vn 0.000000 0.000000 0.100000
vn 0.000000 0.000000 0.100000
vn 0.000000 0.000000 0.100000
vn 0.000000 -0.100000 0.000000
vn 0.000000 -0.100000 0.000000
vn 0.000000 -0.100000 0.000000
vn 0.000000 -0.100000 0.000000
vn 0.000000 -0.100000 0.000000
vn 0.000000 -0.100000 0.000000
vn 0.000000 -0.100000 0.000000
vn 0.000000 -0.100000 0.000000
vn 0.000000 -0.100000 0.000000
vn 0.000000 -0.100000 0.000000
vn 0.000000 -0.100000 0.000000
vn 0.000000 -0.100000 0.000000
vn 0.008413 -0.099646 0.000000
vn 0.016766 -0.098585 0.000000
vn 0.025000 -0.096825 0.000000
vn 0.031318 -0.094969 0.000000
vn 0.037500 -0.092702 0.000000
vn 0.046472 -0.088546 0.000000
vn 0.056806 -0.082298 0.000000
vn 0.056806 -0.082298 0.000000
vn 0.066312 -0.074851 0.000000
vn 0.057464 -0.081840 0.000000
vn 0.066836 -0.074384 0.000000
vn 0.074851 -0.066312 0.000000
vn 0.075248 -0.065861 0.000000
vn 0.082298 -0.056806 0.000000
vn 0.082582 -0.056394 0.000000
vn 0.088546 -0.046472 0.000000
vn 0.088731 -0.046117 0.000000
vn 0.093502 -0.035460 0.000000
vn 0.093608 -0.035179 0.000000
vn 0.097094 -0.023932 0.000000
vn 0.097142 -0.023737 0.000000
vn 0.099279 -0.011987 0.000000
vn 0.099283 -0.011954 0.000000
vn 0.100000 -0.000000 0.000000
vn 0.099275 -0.012021 0.000000
vn 0.097094 -0.023932 0.000000
vn 0.093502 -0.035460 0.000000
vn 0.088546 -0.046472 0.000000
vn 0.082298 -0.056806 0.000000
vn 0.074851 -0.066312 0.000000
vn 0.066312 -0.074851 0.000000
vn 0.047269 -0.088123 0.000000
vn 0.046472 -0.088546 0.000000
vn 0.037500 -0.092702 0.000000
vn 0.036395 -0.093142 0.000000
vn 0.037253 -0.092802 0.000000
vn 0.036512 -0.093096 0.000000
vn 0.035308 -0.093559 0.000000
vn 0.033767 -0.094126 0.000000
vn 0.031901 -0.094775 0.000000
vn 0.029731 -0.095478 0.000000
vn 0.027379 -0.096179 0.000000
vn 0.025000 -0.096825 0.000000
vn 0.000000 -0.100000 0.000000
vn 0.000000 -0.100000 0.000000
vn 0.000000 -0.100000 0.000000
vn 0.000000 -0.100000 0.000000
vn 0.000000 -0.100000 0.000000
vn 0.000000 -0.100000 0.000000
vn 0.000000 -0.100000 0.000000
vn 0.000000 -0.100000 0.000000
vn 0.000000 -0.100000 0.000000
vn 0.000000 -0.100000 0.000000
vn 0.000000 -0.100000 0.000000
vn 0.000000 -0.100000 0.000000
vn 0.000000 -0.100000 0.000000
vn 0.000000 -0.100000 0.000000
vn 0.000000 -0.100000 0.000000
vn 0.000000 -0.100000 0.000000
vn 0.000000 -0.100000 0.000000
vn 0.000000 -0.100000 0.000000
vn 0.000000 -0.100000 0.000000
vn 0.000000 -0.100000 0.000000
vn 0.000000 -0.100000 0.000000
vn 0.000000 -0.100000 0.000000
vn 0.000000 -0.100000 0.000000
vn 0.000000 -0.100000 0.000000
vn 0.000000 -0.100000 0.000000
vn 0.000000 -0.100000 0.000000
vn 0.000000 -0.100000 0.000000
vn 0.000000 -0.100000 0.000000
vn 0.000000 -0.100000 0.000000
vn 0.000000 -0.100000 0.000000
vn 0.000000 -0.100000 0.000000
vn 0.000000 -0.100000 0.000000
vn 0.000000 -0.100000 0.000000
vn 0.000000 -0.100000 0.000000
vn 0.000000 -0.100000 0.000000
vn 0.000000 -0.100000 0.000000
vn 0.000000 -0.100000 0.000000
vn 0.000000 -0.100000 0.000000
vn 0.000000 -0.100000 0.000000
vn 0.000000 -0.100000 0.000000
vn 0.000000 -0.100000 0.000000
vn 0.000000 -0.100000 0.000000
vn 0.000000 -0.100000 0.000000
vn 0.000000 -0.100000 0.000000
vn 0.000000 -0.100000 0.000000
vn 0.000000 -0.100000 0.000000
vn 0.000000 -0.100000 0.000000
vn 0.000000 -0.100000 0.000000
vn 0.000000 -0.100000 0.000000
vn 0.000000 -0.100000 0.000000
vn 0.000000 -0.100000 0.000000
vn 0.000000 -0.100000 0.000000
vn 0.000000 -0.100000 0.000000
vn 0.000000 -0.100000 0.000000
vn 0.000000 -0.100000 0.000000
vn 0.000000 -0.100000 0.000000
vn 0.000000 -0.100000 0.000000
vn 0.000000 -0.100000 0.000000
vn 0.000000 -0.100000 0.000000
vn 0.000000 -0.100000 0.000000
vn 0.000000 -0.100000 0.000000
vn 0.000000 -0.100000 0.000000
vn 0.000000 -0.100000 0.000000
vn 0.000000 -0.100000 0.000000
vn 0.000000 -0.100000 0.000000
vn 0.000000 -0.100000 0.000000
vn 0.000000 -0.100000 0.000000
vn 0.000000 -0.100000 0.000000
vn 0.000000 -0.100000 0.000000
vn 0.000000 -0.100000 0.000000
vn 0.000000 -0.100000 0.000000
vn 0.000000 -0.100000 0.000000
vn 0.000000 -0.100000 0.000000
vn 0.000000 -0.100000 0.000000
vn 0.000000 -0.100000 0.000000
vn 0.000000 -0.100000 0.000000
vn 0.000000 -0.100000 0.000000
vn 0.000000 -0.100000 0.000000
vn 0.000000 -0.100000 0.000000
vn 0.000000 -0.100000 0.000000
vn 0.000000 -0.100000 0.000000
vn 0.000000 -0.100000 0.000000
vn 0.000000 -0.100000 0.000000
vn 0.000000 -0.100000 0.000000
vn 0.000000 -0.100000 0.000000
vn 0.000000 -0.100000 0.000000
vn 0.000000 -0.100000 0.000000
vn 0.000000 -0.100000 0.000000
vn 0.000000 -0.100000 0.000000
vn 0.000000 -0.100000 0.000000
vn 0.000000 -0.100000 0.000000
vn 0.000000 -0.100000 0.000000
vn 0.000000 -0.100000 0.000000
vn 0.000000 -0.100000 0.000000
vn 0.000000 -0.100000 0.000000
vn 0.000000 -0.100000 0.000000
vn 0.000000 -0.100000 0.000000
vn 0.000000 -0.100000 0.000000
vn 0.000000 -0.100000 0.000000
vn 0.000000 -0.100000 0.000000
vn 0.000000 -0.100000 0.000000
vn 0.000000 -0.100000 0.000000
vn 0.000000 -0.100000 0.000000
vn 0.000000 -0.100000 0.000000
vn 0.000000 -0.100000 0.000000
vn 0.000000 -0.100000 0.000000
vn 0.000000 -0.100000 0.000000
vn 0.000000 0.100000 0.000000
vn 0.000000 0.100000 0.000000
vn 0.000000 0.100000 0.000000
vn 0.000000 0.100000 0.000000
vn 0.000000 0.100000 0.000000
vn 0.000000 0.100000 0.000000
vn 0.000000 0.100000 0.000000
vn 0.000000 0.100000 0.000000
vn 0.000000 0.100000 0.000000
vn 0.000000 0.100000 0.000000
vn 0.000000 0.100000 0.000000
vn 0.000000 0.100000 0.000000
vn 0.000000 0.100000 0.000000
vn 0.000000 0.100000 0.000000
vn 0.000000 0.100000 0.000000
vn 0.000000 0.100000 0.000000
vn 0.000000 0.100000 0.000000
vn 0.000000 0.100000 0.000000
vn 0.000000 0.100000 0.000000
vn 0.000000 0.100000 0.000000
vn 0.000000 0.100000 0.000000
vn 0.000000 0.100000 0.000000
vn 0.000000 0.100000 0.000000
vn 0.000000 0.100000 0.000000
vn 0.000000 0.100000 0.000000
vn 0.000000 0.100000 0.000000
vn 0.000000 0.100000 0.000000
vn 0.000000 0.100000 0.000000
vn 0.000000 0.100000 0.000000
vn 0.000000 0.100000 0.000000
vn 0.000000 0.100000 0.000000
vn 0.000000 0.100000 0.000000
vn 0.000000 0.100000 0.000000
vn 0.000000 0.100000 0.000000
vn 0.000000 0.100000 0.000000
vn 0.000000 0.100000 0.000000
vn 0.000000 0.100000 0.000000
vn 0.000000 0.100000 0.000000
vn 0.000000 0.100000 0.000000
vn 0.000000 0.100000 0.000000
vn 0.000000 0.100000 0.000000
vn 0.000000 0.100000 0.000000
vn 0.000000 0.100000 0.000000
vn 0.000000 0.100000 0.000000
vn 0.000000 0.100000 0.000000
vn 0.000000 0.100000 0.000000
vn 0.000000 0.100000 0.000000
vn 0.000000 0.100000 0.000000
vn 0.000000 0.100000 0.000000
vn 0.000000 0.100000 0.000000
vn 0.000000 0.100000 0.000000
vn 0.000000 0.100000 0.000000
vn 0.000000 0.100000 0.000000
vn 0.000000 0.100000 0.000000
vn 0.000000 0.100000 0.000000
vn 0.000000 0.100000 0.000000
vn 0.000000 0.100000 0.000000
vn 0.000000 0.100000 0.000000
vn 0.000000 0.100000 0.000000
vn 0.000000 0.100000 0.000000
vn 0.000000 0.100000 0.000000
vn 0.000000 0.100000 0.000000
vn 0.000000 0.100000 0.000000
vn 0.000000 0.100000 0.000000
vn 0.000000 0.100000 0.000000
vn 0.000000 0.100000 0.000000
vn 0.000000 0.100000 0.000000
vn 0.000000 0.100000 0.000000
vn 0.000000 0.100000 0.000000
vn 0.000000 0.100000 0.000000
vn 0.000000 0.100000 0.000000
vn 0.000000 0.100000 0.000000
vn 0.000000 0.100000 0.000000
vn 0.000000 0.100000 0.000000
vn 0.000000 0.100000 0.000000
vn 0.000000 0.100000 0.000000
vn 0.000000 0.100000 0.000000
vn 0.000000 0.100000 0.000000
vn 0.000000 0.100000 0.000000
vn 0.000000 0.100000 0.000000
vn 0.000000 0.100000 0.000000
vn 0.000000 0.100000 0.000000
vn 0.000000 0.100000 0.000000
vn 0.000000 0.100000 0.000000
vn 0.000000 0.100000 0.000000
vn 0.000000 0.100000 0.000000
vn 0.000000 0.100000 0.000000
vn 0.000000 0.100000 0.000000
vn 0.000000 0.100000 0.000000
vn 0.000000 0.100000 0.000000
vn 0.000000 0.100000 0.000000
vn 0.000000 0.100000 0.000000
vn 0.000000 0.100000 0.000000
vn 0.000000 0.100000 0.000000
vn 0.000000 0.100000 0.000000
vn 0.000000 0.100000 0.000000
vn 0.000000 0.100000 0.000000
vn 0.000000 0.100000 0.000000
vn 0.000000 0.100000 0.000000
vn 0.000000 0.100000 0.000000
vn 0.000000 0.100000 0.000000
vn 0.000000 0.100000 0.000000
vn 0.000000 0.100000 0.000000
vn 0.000000 0.100000 0.000000
vn 0.000000 0.100000 0.000000
vn 0.000000 0.100000 0.000000
vn 0.000000 0.100000 0.000000
vn 0.000000 0.100000 0.000000
vn 0.000000 0.100000 0.000000
vn 0.000000 0.100000 0.000000
vn 0.068586 0.017205 0.070711
vn 0.068586 0.017205 0.070711
vn 0.068586 0.017205 0.070711
vn 0.068586 0.017205 0.070711
vn 0.069764 0.011535 0.070711
vn 0.069764 0.011535 0.070711
vn 0.070473 0.005787 0.070711
vn 0.070711 -0.000000 0.070711
vn 0.070711 -0.000000 0.070711
vn 0.070473 0.005787 0.070711
vn 0.070711 0.000000 0.070711
vn 0.070711 0.000000 0.070711
vn 0.070204 -0.008453 0.070711
vn 0.068938 -0.015735 0.070711
vn 0.068690 -0.016785 0.070711
vn 0.066191 -0.024876 0.070711
vn 0.063708 -0.030680 0.070711
vn 0.062742 -0.032610 0.070711
vn 0.058394 -0.039876 0.070711
vn 0.055284 -0.044087 0.070711
vn 0.053209 -0.046571 0.070711
vn 0.047260 -0.052598 0.070711
vn 0.044087 -0.055284 0.070711
vn 0.040633 -0.057870 0.070711
vn 0.030680 -0.063708 0.070711
vn 0.033424 -0.062312 0.070711
vn 0.025735 -0.065861 0.070711
vn 0.015735 -0.068938 0.070711
vn 0.017678 -0.068465 0.070711
vn 0.011855 -0.069710 0.070711
vn 0.005949 -0.070460 0.070711
vn 0.000000 -0.070711 0.070711
vn 0.000000 -0.070711 0.070711
vn 0.000000 -0.070711 0.070711
vn 0.000000 -0.070711 0.070711
vn 0.000000 -0.070711 0.070711
vn 0.000000 -0.070711 0.070711
vn 0.000000 -0.070711 0.070711
vn 0.000000 -0.070711 0.070711
vn 0.000000 -0.070711 0.070711
vn 0.000000 -0.070711 0.070711
vn 0.000000 -0.070711 0.070711
vn 0.000000 -0.070711 0.070711
vn 0.000000 -0.070711 0.070711
vn 0.000000 -0.070711 0.070711
vn -0.005949 -0.070460 0.070711
vn -0.015735 -0.068938 0.070711
vn -0.011855 -0.069710 0.070711
vn -0.017678 -0.068465 0.070711
vn -0.025735 -0.065861 0.070711
vn -0.030680 -0.063708 0.070711
vn -0.033424 -0.062312 0.070711
vn -0.040633 -0.057870 0.070711
vn -0.044087 -0.055284 0.070711
vn -0.047260 -0.052598 0.070711
vn -0.055284 -0.044087 0.070711
vn -0.053209 -0.046571 0.070711
vn -0.058394 -0.039876 0.070711
vn -0.063708 -0.030680 0.070711
vn -0.062742 -0.032610 0.070711
vn -0.066191 -0.024876 0.070711
vn -0.068938 -0.015735 0.070711
vn -0.068690 -0.016785 0.070711
vn -0.070204 -0.008453 0.070711
vn -0.070711 -0.000000 0.070711
vn -0.070711 -0.000000 0.070711
vn -0.070711 -0.000000 0.070711
vn -0.070711 -0.000000 0.070711
vn -0.070473 0.005787 0.070711
vn -0.070473 0.005787 0.070711
vn -0.069764 0.011535 0.070711
vn -0.068586 0.017205 0.070711
vn -0.068586 0.017205 0.070711
vn -0.069764 0.011535 0.070711
vn -0.068586 0.017205 0.070711
vn -0.068586 0.017205 0.070711
vn 0.000000 0.070711 0.070711
vn -0.006682 0.070394 0.070711
vn 0.000000 0.070711 0.070711
vn -0.009342 0.070091 0.070711
vn -0.013305 0.069448 0.070711
vn -0.018520 0.068242 0.070711
vn -0.019808 0.067880 0.070711
vn -0.026134 0.065704 0.070711
vn -0.027373 0.065197 0.070711
vn -0.032227 0.062940 0.070711
vn -0.035747 0.061010 0.070711
vn -0.038030 0.059613 0.070711
vn -0.043494 0.055752 0.070711
vn -0.043494 0.055752 0.070711
vn -0.048568 0.051392 0.070711
vn -0.050478 0.049517 0.070711
vn -0.053207 0.046573 0.070711
vn -0.056577 0.042415 0.070711
vn -0.057370 0.041336 0.070711
vn -0.061020 0.035729 0.070711
vn -0.061685 0.034568 0.070711
vn -0.064123 0.029803 0.070711
vn -0.065711 0.026116 0.070711
vn -0.066653 0.023610 0.070711
vn 0.000000 0.070711 0.070711
vn 0.000000 0.070711 0.070711
vn 0.066653 0.023610 0.070711
vn 0.065711 0.026116 0.070711
vn 0.064123 0.029803 0.070711
vn 0.061685 0.034568 0.070711
vn 0.061020 0.035729 0.070711
vn 0.057370 0.041336 0.070711
vn 0.056577 0.042415 0.070711
vn 0.053207 0.046573 0.070711
vn 0.050478 0.049517 0.070711
vn 0.048568 0.051392 0.070711
vn 0.043494 0.055752 0.070711
vn 0.043494 0.055752 0.070711
vn 0.038030 0.059613 0.070711
vn 0.035747 0.061010 0.070711
vn 0.032227 0.062940 0.070711
vn 0.027373 0.065197 0.070711
vn 0.026134 0.065704 0.070711
vn 0.019808 0.067880 0.070711
vn 0.018520 0.068242 0.070711
vn 0.013305 0.069448 0.070711
vn 0.009342 0.070091 0.070711
vn 0.006682 0.070394 0.070711
vn 0.000000 0.000000 0.100000
vn 0.000000 0.000000 0.100000
vn 0.000000 0.000000 0.100000
vn 0.000000 0.000000 0.100000
vn 0.000000 0.000000 0.100000
vn 0.000000 0.000000 0.100000
vn 0.000000 0.000000 0.100000
vn 0.000000 0.000000 0.100000
vn 0.000000 0.000000 0.100000
vn 0.000000 0.000000 0.100000
vn 0.000000 0.000000 0.100000
vn 0.000000 0.000000 0.100000
vn 0.000000 0.000000 0.100000
vn 0.000000 0.000000 0.100000
vn 0.000000 0.000000 0.100000
vn 0.000000 0.000000 0.100000
vn 0.000000 0.000000 0.100000
vn 0.000000 0.000000 0.100000
vn 0.000000 0.000000 0.100000
vn 0.000000 0.000000 0.100000
vn 0.000000 0.000000 0.100000
vn 0.000000 0.000000 0.100000
vn 0.000000 0.000000 0.100000
vn 0.000000 0.000000 0.100000
vn 0.000000 0.000000 0.100000
vn 0.000000 0.000000 0.100000
vn 0.000000 0.000000 0.100000
vn 0.000000 0.000000 0.100000
vn 0.000000 0.000000 0.100000
vn 0.000000 0.000000 0.100000
vn 0.000000 0.000000 0.100000
vn 0.000000 0.000000 0.100000
vn 0.000000 0.000000 0.100000
vn 0.000000 0.000000 0.100000
vn 0.000000 0.000000 0.100000
vn 0.000000 0.000000 0.100000
vn 0.000000 0.000000 0.100000
vn 0.000000 0.000000 0.100000
vn 0.000000 0.000000 0.100000
vn 0.000000 0.000000 0.100000
vn 0.000000 0.000000 0.100000
vn 0.000000 0.000000 0.100000
vn 0.000000 0.000000 0.100000
vn 0.000000 0.000000 0.100000
vn 0.000000 0.000000 0.100000
vn 0.000000 0.000000 0.100000
vn 0.000000 0.000000 0.100000
vn 0.000000 0.000000 0.100000
vn 0.000000 0.000000 0.100000
vn 0.000000 0.000000 0.100000
vn 0.000000 0.000000 0.100000
vn 0.000000 0.000000 0.100000
vn 0.000000 0.000000 0.100000
vn 0.000000 0.000000 0.100000
vn 0.000000 0.000000 0.100000
vn 0.000000 0.000000 0.100000
vn 0.000000 0.000000 0.100000
vn 0.000000 0.000000 0.100000
vn 0.000000 0.000000 0.100000
vn 0.000000 0.000000 0.100000
vn 0.000000 0.000000 0.100000
vn 0.000000 0.000000 0.100000
vn 0.000000 0.000000 0.100000
vn 0.000000 0.000000 0.100000
vn 0.000000 0.000000 0.100000
vn 0.000000 0.000000 0.100000
vn 0.000000 0.000000 0.100000
vn 0.000000 0.000000 0.100000
vn 0.000000 0.000000 0.100000
vn 0.000000 0.000000 0.100000
vn 0.000000 0.000000 0.100000
vn 0.000000 0.000000 0.100000
vn 0.000000 0.000000 0.100000
vn 0.000000 0.000000 0.100000
vn 0.000000 0.000000 0.100000
vn 0.000000 0.000000 0.100000
vn 0.000000 0.000000 0.100000
vn 0.000000 0.000000 0.100000
vn 0.000000 0.000000 0.100000
vn 0.000000 0.000000 0.100000
vn 0.000000 0.000000 0.100000
vn 0.000000 0.000000 0.100000
vn 0.000000 0.000000 0.100000
vn 0.000000 0.000000 0.100000
vn 0.000000 0.000000 0.100000
vn 0.000000 0.000000 0.100000
vn 0.000000 0.000000 0.100000
vn 0.000000 0.000000 0.100000
vn 0.000000 0.000000 0.100000
vn 0.000000 0.000000 0.100000
vn 0.000000 0.000000 0.100000
vn 0.000000 0.000000 0.100000
vn 0.000000 0.000000 0.100000
vn 0.000000 0.000000 0.100000
vn -0.070711 0.000000 0.070711
vn -0.069991 -0.010063 0.070711
vn -0.070711 0.000000 0.070711
vn -0.069352 -0.013795 0.070711
vn -0.067846 -0.019922 0.070711
vn -0.065328 -0.027060 0.070711
vn -0.064321 -0.029374 0.070711
vn -0.058794 -0.039285 0.070711
vn -0.059486 -0.038229 0.070711
vn -0.053440 -0.046306 0.070711
vn -0.050000 -0.050000 0.070711
vn -0.046306 -0.053440 0.070711
vn -0.039285 -0.058794 0.070711
vn -0.038229 -0.059486 0.070711
vn -0.029374 -0.064321 0.070711
vn -0.027060 -0.065328 0.070711
vn -0.019922 -0.067846 0.070711
vn -0.013795 -0.069352 0.070711
vn -0.010063 -0.069991 0.070711
vn -0.000000 -0.070711 0.070711
vn -0.000000 -0.070711 0.070711
vn -0.070711 0.000000 0.070711
vn -0.070711 0.000000 0.070711
vn -0.000000 0.070711 0.070711
vn -0.010063 0.069991 0.070711
vn -0.000000 0.070711 0.070711
vn -0.013795 0.069352 0.070711
vn -0.019922 0.067846 0.070711
vn -0.027060 0.065328 0.070711
vn -0.029374 0.064321 0.070711
vn -0.039285 0.058794 0.070711
vn -0.038229 0.059486 0.070711
vn -0.046306 0.053440 0.070711
vn -0.050000 0.050000 0.070711
vn -0.053440 0.046306 0.070711
vn -0.058794 0.039285 0.070711
vn -0.059486 0.038229 0.070711
vn -0.064321 0.029374 0.070711
vn -0.065328 0.027060 0.070711
vn -0.067846 0.019922 0.070711
vn -0.069352 0.013795 0.070711
vn -0.069991 0.010063 0.070711
vn -0.000000 0.070711 0.070711
vn -0.000000 0.070711 0.070711
vn 0.070711 0.000000 0.070711
vn 0.069991 0.010063 0.070711
vn 0.070711 0.000000 0.070711
vn 0.069352 0.013795 0.070711
vn 0.067846 0.019922 0.070711
vn 0.065328 0.027060 0.070711
vn 0.064321 0.029374 0.070711
vn 0.058794 0.039285 0.070711
vn 0.059486 0.038229 0.070711
vn 0.053440 0.046306 0.070711
vn 0.050000 0.050000 0.070711
vn 0.046306 0.053440 0.070711
vn 0.039285 0.058794 0.070711
vn 0.038229 0.059486 0.070711
vn 0.029374 0.064321 0.070711
vn 0.027060 0.065328 0.070711
vn 0.019922 0.067846 0.070711
vn 0.013795 0.069352 0.070711
vn 0.010063 0.069991 0.070711
vn 0.070711 -0.000000 0.070711
vn 0.070711 -0.000000 0.070711
vn -0.000000 -0.070711 0.070711
vn 0.010063 -0.069991 0.070711
vn -0.000000 -0.070711 0.070711
vn 0.013795 -0.069352 0.070711
vn 0.019922 -0.067846 0.070711
vn 0.027060 -0.065328 0.070711
vn 0.029374 -0.064321 0.070711
vn 0.039285 -0.058794 0.070711
vn 0.038229 -0.059486 0.070711
vn 0.046306 -0.053440 0.070711
vn 0.050000 -0.050000 0.070711
vn 0.053440 -0.046306 0.070711
vn 0.058794 -0.039285 0.070711
vn 0.059486 -0.038229 0.070711
vn 0.064321 -0.029374 0.070711
vn 0.065328 -0.027060 0.070711
vn 0.067846 -0.019922 0.070711
vn 0.069352 -0.013795 0.070711
vn 0.069991 -0.010063 0.070711
vn -0.099275 -0.012021 0.000000
vn -0.099279 -0.011987 0.000000
vn -0.099283 -0.011954 0.000000
vn -0.097142 -0.023737 0.000000
vn -0.097094 -0.023932 0.000000
vn -0.093608 -0.035179 0.000000
vn -0.093502 -0.035460 0.000000
vn -0.088731 -0.046117 0.000000
vn -0.088546 -0.046472 0.000000
vn -0.082582 -0.056394 0.000000
vn -0.082298 -0.056806 0.000000
vn -0.075248 -0.065861 0.000000
vn -0.074851 -0.066312 0.000000
vn -0.066836 -0.074384 0.000000
vn -0.066312 -0.074851 0.000000
vn -0.057464 -0.081840 0.000000
vn -0.056806 -0.082298 0.000000
vn -0.047269 -0.088123 0.000000
vn -0.046472 -0.088546 0.000000
vn -0.037500 -0.092702 0.000000
vn -0.037500 -0.092702 0.000000
vn -0.046472 -0.088546 0.000000
vn -0.056806 -0.082298 0.000000
vn -0.066312 -0.074851 0.000000
vn -0.074851 -0.066312 0.000000
vn -0.082298 -0.056806 0.000000
vn -0.088546 -0.046472 0.000000
vn -0.093502 -0.035460 0.000000
vn -0.097094 -0.023932 0.000000
vn -0.031318 -0.094969 0.000000
vn -0.025000 -0.096825 0.000000
vn -0.016766 -0.098585 0.000000
vn -0.008413 -0.099646 0.000000
vn -0.037253 -0.092802 0.000000
vn -0.036395 -0.093142 0.000000
vn -0.036512 -0.093096 0.000000
vn -0.035308 -0.093559 0.000000
vn -0.033767 -0.094126 0.000000
vn -0.031901 -0.094775 0.000000
vn -0.029731 -0.095478 0.000000
vn -0.027379 -0.096179 0.000000
vn -0.025000 -0.096825 0.000000
vn -0.097493 0.022252 0.000000
vn -0.097493 0.022252 0.000000
vn -0.097493 0.022252 0.000000
vn -0.090097 0.043388 0.000000
vn -0.090097 0.043388 0.000000
vn -0.078183 0.062349 0.000000
vn -0.078183 0.062349 0.000000
vn -0.062349 0.078183 0.000000
vn -0.062349 0.078183 0.000000
vn -0.043388 0.090097 0.000000
vn -0.043388 0.090097 0.000000
vn -0.022252 0.097493 0.000000
vn -0.022252 0.097493 0.000000
vn -0.022252 0.097493 0.000000
vn -0.022252 0.097493 0.000000
vn -0.022252 0.097493 0.000000
vn -0.043388 0.090097 0.000000
vn -0.062349 0.078183 0.000000
vn -0.078183 0.062349 0.000000
vn -0.090097 0.043388 0.000000
vn -0.090097 0.043388 0.000000
vn -0.097493 0.022252 0.000000
vn -0.097493 0.022252 0.000000
vn -0.090097 0.043388 0.000000
vn -0.078183 0.062349 0.000000
vn -0.062349 0.078183 0.000000
vn -0.043388 0.090097 0.000000
vn -0.078183 0.062349 0.000000
vn -0.062349 0.078183 0.000000
vn -0.043388 0.090097 0.000000
vn 0.022252 0.097493 0.000000
vn 0.022252 0.097493 0.000000
vn 0.043388 0.090097 0.000000
vn 0.043388 0.090097 0.000000
vn 0.062349 0.078183 0.000000
vn 0.062349 0.078183 0.000000
vn 0.078183 0.062349 0.000000
vn 0.078183 0.062349 0.000000
vn 0.090097 0.043388 0.000000
vn 0.090097 0.043388 0.000000
vn 0.097493 0.022252 0.000000
vn 0.097493 0.022252 0.000000
vn 0.100000 0.000000 0.000000
vn 0.097493 0.022252 0.000000
vn 0.097493 0.022252 0.000000
vn 0.090097 0.043388 0.000000
vn 0.090097 0.043388 0.000000
vn 0.078183 0.062349 0.000000
vn 0.062349 0.078183 0.000000
vn 0.043388 0.090097 0.000000
vn 0.097493 0.022252 0.000000
vn 0.062349 0.078183 0.000000
vn 0.043388 0.090097 0.000000
vn 0.022252 0.097493 0.000000
vn 0.043388 0.090097 0.000000
vn 0.022252 0.097493 0.000000
vn 0.022252 0.097493 0.000000
vn 0.062349 0.078183 0.000000
vn 0.078183 0.062349 0.000000
vn 0.078183 0.062349 0.000000
vn 0.090097 0.043388 0.000000
vn 0.100000 0.000000 0.000000
vn 0.100000 0.000000 0.000000
vn 0.100000 0.000000 0.000000
vn 0.100000 0.000000 0.000000
vn 0.100000 0.000000 0.000000
vn 0.000000 0.000000 -0.100000
vn 0.000000 0.000000 -0.100000
vn 0.000000 0.000000 -0.100000
vn 0.000000 0.000000 -0.100000
vn 0.000000 0.000000 -0.100000
vn 0.000000 0.000000 -0.100000
vn 0.000000 0.000000 -0.100000
vn 0.000000 0.000000 -0.100000
vn 0.000000 0.000000 -0.100000
vn 0.000000 0.000000 -0.100000
vn 0.000000 0.000000 -0.100000
vn 0.000000 0.000000 -0.100000
vn 0.000000 0.000000 -0.100000
vn 0.000000 0.000000 -0.100000
vn 0.000000 0.000000 -0.100000
vn 0.000000 0.000000 -0.100000
vn 0.000000 0.000000 -0.100000
vn 0.000000 0.000000 -0.100000
vn 0.000000 0.000000 -0.100000
vn 0.000000 0.000000 -0.100000
vn 0.000000 0.000000 -0.100000
vn 0.000000 0.000000 -0.100000
vn 0.000000 0.000000 -0.100000
vn 0.000000 0.000000 -0.100000
vn 0.000000 0.000000 -0.100000
vn 0.000000 0.000000 -0.100000
vn 0.000000 0.000000 -0.100000
vn 0.000000 0.000000 -0.100000
vn 0.000000 0.000000 -0.100000
vn 0.000000 0.000000 -0.100000
vn 0.000000 0.000000 -0.100000
vn 0.000000 0.000000 -0.100000
vn 0.000000 0.000000 -0.100000
vn 0.000000 0.000000 -0.100000
vn 0.000000 0.000000 -0.100000
vn 0.000000 0.000000 -0.100000
vn 0.000000 0.000000 -0.100000
vn 0.000000 0.000000 -0.100000
vn 0.000000 0.000000 -0.100000
vn 0.000000 0.000000 -0.100000
vn 0.000000 0.000000 -0.100000
vn 0.000000 0.000000 -0.100000
vn 0.000000 0.000000 -0.100000
vn 0.000000 0.000000 -0.100000
vn 0.000000 0.000000 -0.100000
vn 0.000000 0.000000 -0.100000
vn 0.000000 0.000000 -0.100000
vn 0.000000 0.000000 -0.100000
vn 0.000000 0.000000 -0.100000
vn 0.000000 0.000000 -0.100000
vn 0.000000 0.000000 -0.100000
vn 0.000000 0.000000 -0.100000
vn 0.000000 0.000000 -0.100000
vn 0.000000 0.000000 -0.100000
vn 0.000000 0.000000 -0.100000
vn 0.000000 0.000000 -0.100000
vn 0.000000 0.000000 -0.100000
vn 0.000000 0.000000 -0.100000
vn 0.000000 0.000000 -0.100000
vn 0.000000 0.000000 -0.100000
vn 0.000000 0.000000 -0.100000
vn 0.000000 0.000000 -0.100000
vn 0.000000 0.000000 -0.100000
vn 0.000000 0.000000 -0.100000
vn 0.000000 0.000000 -0.100000
vn 0.000000 0.000000 -0.100000
vn 0.000000 0.000000 -0.100000
vn 0.000000 0.000000 -0.100000
vn 0.000000 0.000000 -0.100000
vn 0.000000 0.000000 -0.100000
vn 0.000000 0.000000 -0.100000
vn 0.000000 0.000000 -0.100000
usemtl Steel_-_Satin
f 16/1/1 1/2/2 15/3/3
f 15/3/3 1/2/2 2/4/4
f 15/3/3 2/4/4 14/5/5
f 14/5/5 2/4/4 3/6/6
f 14/5/5 3/6/6 13/7/7
f 13/7/7 3/6/6 4/8/8
f 13/7/7 4/8/8 12/9/9
f 12/9/9 4/8/8 11/10/10
f 11/10/10 4/8/8 5/11/11
f 11/10/10 5/11/11 10/12/12
f 10/12/12 5/11/11 6/13/13
f 10/12/12 6/13/13 9/14/14
f 9/14/14 6/13/13 7/15/15
f 9/14/14 7/15/15 8/16/16
f 16/17/1 17/18/17 1/19/2
f 1/19/2 17/18/17 18/20/18
f 32/21/19 19/22/20 31/23/21
f 31/23/21 19/22/20 20/24/22
f 31/23/21 20/24/22 30/25/23
f 30/25/23 20/24/22 21/26/24
f 30/25/23 21/26/24 29/27/25
f 29/27/25 21/26/24 22/28/26
f 29/27/25 22/28/26 28/29/27
f 28/29/27 22/28/26 23/30/28
f 28/29/27 23/30/28 27/31/29
f 27/31/29 23/30/28 24/32/30
f 27/31/29 24/32/30 26/33/31
f 26/33/31 24/32/30 25/34/32
f 8/35/16 7/36/15 34/37/33
f 34/37/33 7/36/15 26/38/34
f 34/37/33 26/38/34 33/39/35
f 33/39/35 26/38/34 25/40/36
f 48/41/37 35/42/38 47/43/39
f 47/43/39 35/42/38 36/44/40
f 47/43/39 36/44/40 46/45/41
f 46/45/41 36/44/40 37/46/42
f 46/45/41 37/46/42 45/47/43
f 45/47/43 37/46/42 38/48/44
f 45/47/43 38/48/44 44/49/45
f 44/49/45 38/48/44 39/50/46
f 44/49/45 39/50/46 43/51/47
f 43/51/47 39/50/46 40/52/48
f 43/51/47 40/52/48 42/53/49
f 42/53/49 40/52/48 41/54/50
f 41/55/50 49/56/51 42/57/49
f 42/57/49 49/56/51 50/58/52
f 64/59/53 51/60/54 63/61/55
f 63/61/55 51/60/54 52/62/56
f 63/61/55 52/62/56 62/63/57
f 62/63/57 52/62/56 53/64/58
f 62/63/57 53/64/58 61/65/59
f 61/65/59 53/64/58 54/66/60
f 61/65/59 54/66/60 60/67/61
f 60/67/61 54/66/60 55/68/62
f 60/67/61 55/68/62 59/69/63
f 59/69/63 55/68/62 56/70/64
f 59/69/63 56/70/64 58/71/65
f 58/71/65 56/70/64 57/72/66
f 48/73/37 58/74/65 35/75/38
f 35/75/38 58/74/65 57/76/66
f 78/77/67 65/78/68 77/79/69
f 77/79/69 65/78/68 66/80/70
f 77/79/69 66/80/70 76/81/71
f 76/81/71 66/80/70 67/82/72
f 76/81/71 67/82/72 75/83/73
f 75/83/73 67/82/72 68/84/74
f 75/83/73 68/84/74 74/85/75
f 74/85/75 68/84/74 69/86/76
f 74/85/75 69/86/76 73/87/77
f 73/87/77 69/86/76 70/88/78
f 73/87/77 70/88/78 72/89/79
f 72/89/79 70/88/78 71/90/80
f 71/91/80 79/92/81 72/93/79
f 72/93/79 79/92/81 80/94/82
f 94/95/83 81/96/84 93/97/85
f 93/97/85 81/96/84 82/98/86
f 93/97/85 82/98/86 92/99/87
f 92/99/87 82/98/86 83/100/88
f 92/99/87 83/100/88 91/101/89
f 91/101/89 83/100/88 84/102/90
f 91/101/89 84/102/90 90/103/91
f 90/103/91 84/102/90 85/104/92
f 90/103/91 85/104/92 89/105/93
f 89/105/93 85/104/92 86/106/94
f 89/105/93 86/106/94 88/107/95
f 88/107/95 86/106/94 87/108/96
f 78/109/67 88/110/95 65/111/68
f 65/111/68 88/110/95 87/112/96
f 108/113/97 95/114/98 107/115/99
f 107/115/99 95/114/98 96/116/100
f 107/115/99 96/116/100 106/117/101
f 106/117/101 96/116/100 97/118/102
f 106/117/101 97/118/102 105/119/103
f 105/119/103 97/118/102 98/120/104
f 105/119/103 98/120/104 104/121/105
f 104/121/105 98/120/104 99/122/106
f 104/121/105 99/122/106 103/123/107
f 103/123/107 99/122/106 100/124/108
f 103/123/107 100/124/108 102/125/109
f 102/125/109 100/124/108 101/126/110
f 101/127/110 109/128/111 102/129/109
f 102/129/109 109/128/111 110/130/112
f 124/131/113 111/132/114 123/133/115
f 123/133/115 111/132/114 112/134/116
f 123/133/115 112/134/116 122/135/117
f 122/135/117 112/134/116 113/136/118
f 122/135/117 113/136/118 121/137/119
f 121/137/119 113/136/118 114/138/120
f 121/137/119 114/138/120 120/139/121
f 120/139/121 114/138/120 115/140/122
f 120/139/121 115/140/122 119/141/123
f 119/141/123 115/140/122 116/142/124
f 119/141/123 116/142/124 118/143/125
f 118/143/125 116/142/124 117/144/126
f 108/145/97 118/146/125 95/147/98
f 95/147/98 118/146/125 117/148/126
f 138/149/127 125/150/128 137/151/129
f 137/151/129 125/150/128 126/152/130
f 137/151/129 126/152/130 136/153/131
f 136/153/131 126/152/130 127/154/132
f 136/153/131 127/154/132 135/155/133
f 135/155/133 127/154/132 128/156/134
f 135/155/133 128/156/134 134/157/135
f 134/157/135 128/156/134 129/158/136
f 134/157/135 129/158/136 133/159/137
f 133/159/137 129/158/136 130/160/138
f 133/159/137 130/160/138 132/161/139
f 132/161/139 130/160/138 131/162/140
f 131/163/140 139/164/141 132/165/139
f 132/165/139 139/164/141 140/166/142
f 154/167/143 141/168/144 153/169/145
f 153/169/145 141/168/144 142/170/146
f 153/169/145 142/170/146 152/171/147
f 152/171/147 142/170/146 143/172/148
f 152/171/147 143/172/148 151/173/149
f 151/173/149 143/172/148 144/174/150
f 151/173/149 144/174/150 150/175/151
f 150/175/151 144/174/150 145/176/152
f 150/175/151 145/176/152 149/177/153
f 149/177/153 145/176/152 146/178/154
f 149/177/153 146/178/154 148/179/155
f 148/179/155 146/178/154 147/180/156
f 138/181/127 148/182/155 125/183/128
f 125/183/128 148/182/155 147/184/156
f 168/185/157 155/186/158 167/187/159
f 167/187/159 155/186/158 156/188/160
f 167/187/159 156/188/160 166/189/161
f 166/189/161 156/188/160 157/190/162
f 166/189/161 157/190/162 165/191/163
f 165/191/163 157/190/162 158/192/164
f 165/191/163 158/192/164 164/193/165
f 164/193/165 158/192/164 159/194/166
f 164/193/165 159/194/166 163/195/167
f 163/195/167 159/194/166 160/196/168
f 163/195/167 160/196/168 162/197/169
f 162/197/169 160/196/168 161/198/170
f 161/199/170 169/200/171 162/201/169
f 162/201/169 169/200/171 170/202/172
f 184/203/173 171/204/174 183/205/175
f 183/205/175 171/204/174 172/206/176
f 183/205/175 172/206/176 182/207/177
f 182/207/177 172/206/176 173/208/178
f 182/207/177 173/208/178 181/209/179
f 181/209/179 173/208/178 174/210/180
f 181/209/179 174/210/180 180/211/181
f 180/211/181 174/210/180 175/212/182
f 180/211/181 175/212/182 179/213/183
f 179/213/183 175/212/182 176/214/184
f 179/213/183 176/214/184 178/215/185
f 178/215/185 176/214/184 177/216/186
f 168/217/157 178/218/185 155/219/158
f 155/219/158 178/218/185 177/220/186
f 198/221/187 185/222/188 197/223/189
f 197/223/189 185/222/188 186/224/190
f 197/223/189 186/224/190 196/225/191
f 196/225/191 186/224/190 187/226/192
f 196/225/191 187/226/192 195/227/193
f 195/227/193 187/226/192 188/228/194
f 195/227/193 188/228/194 194/229/195
f 194/229/195 188/228/194 189/230/196
f 194/229/195 189/230/196 193/231/197
f 193/231/197 189/230/196 190/232/198
f 193/231/197 190/232/198 192/233/199
f 192/233/199 190/232/198 191/234/200
f 191/235/200 199/236/201 192/237/199
f 192/237/199 199/236/201 200/238/202
f 216/239/203 201/240/204 215/241/205
f 215/241/205 201/240/204 202/242/206
f 215/241/205 202/242/206 214/243/207
f 214/243/207 202/242/206 203/244/208
f 214/243/207 203/244/208 213/245/209
f 213/245/209 203/244/208 204/246/210
f 213/245/209 204/246/210 212/247/211
f 212/247/211 204/246/210 211/248/212
f 211/248/212 204/246/210 205/249/213
f 211/248/212 205/249/213 210/250/214
f 210/250/214 205/249/213 206/251/215
f 210/250/214 206/251/215 209/252/216
f 209/252/216 206/251/215 207/253/217
f 209/252/216 207/253/217 208/254/218
f 185/255/219 198/256/220 218/257/221
f 218/257/221 198/256/220 217/258/222
f 217/258/222 198/256/220 201/259/204
f 217/258/222 201/259/204 216/260/203
f 219/261/223 220/262/224 263/263/225
f 263/263/225 220/262/224 277/264/226
f 263/263/225 277/264/226 262/265/227
f 262/265/227 277/264/226 288/266/228
f 262/265/227 288/266/228 261/267/229
f 261/267/229 288/266/228 260/268/230
f 260/268/230 288/266/228 299/269/231
f 260/268/230 299/269/231 259/270/232
f 259/270/232 299/269/231 310/271/233
f 259/270/232 310/271/233 258/272/234
f 258/272/234 310/271/233 321/273/235
f 258/272/234 321/273/235 257/274/236
f 257/274/236 321/273/235 332/275/237
f 257/274/236 332/275/237 256/276/238
f 256/276/238 332/275/237 343/277/239
f 256/276/238 343/277/239 255/278/240
f 255/278/240 343/277/239 354/279/241
f 255/278/240 354/279/241 254/280/242
f 254/280/242 354/279/241 364/281/243
f 254/280/242 364/281/243 253/282/244
f 253/282/244 364/281/243 376/283/245
f 253/282/244 376/283/245 252/284/246
f 252/284/246 376/283/245 375/285/247
f 252/284/246 375/285/247 251/286/248
f 251/286/248 375/285/247 250/287/249
f 250/287/249 375/285/247 398/288/250
f 250/287/249 398/288/250 249/289/251
f 249/289/251 398/288/250 397/290/252
f 249/289/251 397/290/252 248/291/253
f 248/291/253 397/290/252 247/292/254
f 247/292/254 397/290/252 419/293/255
f 247/292/254 419/293/255 246/294/256
f 246/294/256 419/293/255 408/295/257
f 246/294/256 408/295/257 245/296/258
f 245/296/258 408/295/257 244/297/259
f 244/297/259 408/295/257 243/298/260
f 277/264/226 220/262/224 276/299/261
f 276/299/261 220/262/224 221/300/262
f 276/299/261 221/300/262 275/301/263
f 275/301/263 221/300/262 222/302/264
f 275/301/263 222/302/264 274/303/265
f 274/303/265 222/302/264 223/304/266
f 274/303/265 223/304/266 273/305/267
f 273/305/267 223/304/266 224/306/268
f 273/305/267 224/306/268 272/307/269
f 272/307/269 224/306/268 271/308/270
f 272/307/269 271/308/270 283/309/271
f 283/309/271 271/308/270 282/310/272
f 283/309/271 282/310/272 294/311/273
f 294/311/273 282/310/272 293/312/274
f 294/311/273 293/312/274 305/313/275
f 305/313/275 293/312/274 304/314/276
f 305/313/275 304/314/276 316/315/277
f 316/315/277 304/314/276 315/316/278
f 316/315/277 315/316/278 327/317/279
f 327/317/279 315/316/278 326/318/280
f 327/317/279 326/318/280 338/319/281
f 338/319/281 326/318/280 337/320/282
f 338/319/281 337/320/282 349/321/283
f 349/321/283 337/320/282 348/322/284
f 349/321/283 348/322/284 359/323/285
f 359/323/285 348/322/284 358/324/286
f 359/323/285 358/324/286 381/325/287
f 381/325/287 358/324/286 382/326/288
f 381/325/287 382/326/288 370/327/289
f 370/327/289 382/326/288 369/328/290
f 370/327/289 369/328/290 403/329/291
f 403/329/291 369/328/290 404/330/292
f 403/329/291 404/330/292 392/331/293
f 392/331/293 404/330/292 391/332/294
f 392/331/293 391/332/294 424/333/295
f 424/333/295 391/332/294 425/334/296
f 424/333/295 425/334/296 413/335/297
f 413/335/297 425/334/296 414/336/298
f 413/335/297 414/336/298 243/337/299
f 224/306/268 225/338/300 271/308/270
f 271/308/270 225/338/300 270/339/301
f 271/308/270 270/339/301 282/310/272
f 282/310/272 270/339/301 281/340/302
f 282/310/272 281/340/302 293/312/274
f 293/312/274 281/340/302 292/341/303
f 293/312/274 292/341/303 304/314/276
f 304/314/276 292/341/303 303/342/304
f 304/314/276 303/342/304 315/316/278
f 315/316/278 303/342/304 314/343/305
f 315/316/278 314/343/305 326/318/280
f 326/318/280 314/343/305 325/344/306
f 326/318/280 325/344/306 337/320/282
f 337/320/282 325/344/306 336/345/307
f 337/320/282 336/345/307 348/322/284
f 348/322/284 336/345/307 347/346/308
f 348/322/284 347/346/308 358/324/286
f 358/324/286 347/346/308 357/347/309
f 358/324/286 357/347/309 382/326/288
f 382/326/288 357/347/309 383/348/310
f 382/326/288 383/348/310 369/328/290
f 369/328/290 383/348/310 368/349/311
f 369/328/290 368/349/311 404/330/292
f 404/330/292 368/349/311 405/350/312
f 404/330/292 405/350/312 391/332/294
f 391/332/294 405/350/312 390/351/313
f 391/332/294 390/351/313 425/334/296
f 425/334/296 390/351/313 426/352/314
f 425/334/296 426/352/314 414/336/298
f 414/336/298 426/352/314 415/353/315
f 414/336/298 415/353/315 243/354/316
f 225/338/300 226/355/317 270/339/301
f 270/339/301 226/355/317 269/356/318
f 270/339/301 269/356/318 281/340/302
f 281/340/302 269/356/318 280/357/319
f 281/340/302 280/357/319 292/341/303
f 292/341/303 280/357/319 291/358/320
f 292/341/303 291/358/320 303/342/304
f 303/342/304 291/358/320 302/359/321
f 303/342/304 302/359/321 314/343/305
f 314/343/305 302/359/321 313/360/322
f 314/343/305 313/360/322 325/344/306
f 325/344/306 313/360/322 324/361/323
f 325/344/306 324/361/323 336/345/307
f 336/345/307 324/361/323 335/362/324
f 336/345/307 335/362/324 347/346/308
f 347/346/308 335/362/324 346/363/325
f 347/346/308 346/363/325 357/347/309
f 357/347/309 346/363/325 356/364/326
f 357/347/309 356/364/326 383/348/310
f 383/348/310 356/364/326 384/365/327
f 383/348/310 384/365/327 368/349/311
f 368/349/311 384/365/327 367/366/328
f 368/349/311 367/366/328 405/350/312
f 405/350/312 367/366/328 406/367/329
f 405/350/312 406/367/329 390/351/313
f 390/351/313 406/367/329 389/368/330
f 390/351/313 389/368/330 426/352/314
f 426/352/314 389/368/330 427/369/331
f 426/352/314 427/369/331 415/353/315
f 415/353/315 427/369/331 416/370/332
f 415/353/315 416/370/332 243/371/333
f 226/355/317 227/372/334 269/356/318
f 269/356/318 227/372/334 268/373/335
f 269/356/318 268/373/335 280/357/319
f 280/357/319 268/373/335 279/374/336
f 280/357/319 279/374/336 291/358/320
f 291/358/320 279/374/336 290/375/337
f 291/358/320 290/375/337 302/359/321
f 302/359/321 290/375/337 301/376/338
f 302/359/321 301/376/338 313/360/322
f 313/360/322 301/376/338 312/377/339
f 313/360/322 312/377/339 324/361/323
f 324/361/323 312/377/339 323/378/340
f 324/361/323 323/378/340 335/362/324
f 335/362/324 323/378/340 334/379/341
f 335/362/324 334/379/341 346/363/325
f 346/363/325 334/379/341 345/380/342
f 346/363/325 345/380/342 356/364/326
f 356/364/326 345/380/342 355/381/343
f 356/364/326 355/381/343 384/365/327
f 384/365/327 355/381/343 385/382/344
f 384/365/327 385/382/344 367/366/328
f 367/366/328 385/382/344 366/383/345
f 367/366/328 366/383/345 406/367/329
f 406/367/329 366/383/345 407/384/346
f 406/367/329 407/384/346 389/368/330
f 389/368/330 407/384/346 388/385/347
f 389/368/330 388/385/347 427/369/331
f 427/369/331 388/385/347 428/386/348
f 427/369/331 428/386/348 416/370/332
f 416/370/332 428/386/348 417/387/349
f 416/370/332 417/387/349 243/388/350
f 227/372/334 228/389/351 268/373/335
f 268/373/335 228/389/351 267/390/352
f 268/373/335 267/390/352 279/374/336
f 279/374/336 267/390/352 278/391/353
f 279/374/336 278/391/353 290/375/337
f 290/375/337 278/391/353 289/392/354
f 290/375/337 289/392/354 301/376/338
f 301/376/338 289/392/354 300/393/355
f 301/376/338 300/393/355 312/377/339
f 312/377/339 300/393/355 311/394/356
f 312/377/339 311/394/356 323/378/340
f 323/378/340 311/394/356 322/395/357
f 323/378/340 322/395/357 334/379/341
f 334/379/341 322/395/357 333/396/358
f 334/379/341 333/396/358 345/380/342
f 345/380/342 333/396/358 344/397/359
f 345/380/342 344/397/359 355/381/343
f 355/381/343 344/397/359 266/398/360
f 355/381/343 266/398/360 385/382/344
f 385/382/344 266/398/360 386/399/361
f 385/382/344 386/399/361 366/383/345
f 366/383/345 386/399/361 365/400/362
f 366/383/345 365/400/362 407/384/346
f 407/384/346 365/400/362 265/401/363
f 407/384/346 265/401/363 388/385/347
f 388/385/347 265/401/363 387/402/364
f 388/385/347 387/402/364 428/386/348
f 428/386/348 387/402/364 264/403/365
f 428/386/348 264/403/365 417/387/349
f 417/387/349 264/403/365 418/404/366
f 417/387/349 418/404/366 243/405/367
f 229/406/368 230/407/369 228/389/351
f 228/389/351 230/407/369 267/390/352
f 230/407/369 231/408/370 267/390/352
f 267/390/352 231/408/370 278/391/353
f 231/408/370 232/409/371 278/391/353
f 278/391/353 232/409/371 289/392/354
f 232/409/371 233/410/372 289/392/354
f 289/392/354 233/410/372 234/411/373
f 289/392/354 234/411/373 300/393/355
f 300/393/355 234/411/373 235/412/374
f 300/393/355 235/412/374 311/394/356
f 311/394/356 235/412/374 236/413/375
f 311/394/356 236/413/375 322/395/357
f 322/395/357 236/413/375 237/414/376
f 322/395/357 237/414/376 333/396/358
f 333/396/358 237/414/376 238/415/377
f 333/396/358 238/415/377 344/397/359
f 344/397/359 238/415/377 239/416/378
f 344/397/359 239/416/378 266/398/360
f 266/398/360 239/416/378 240/417/379
f 266/398/360 240/417/379 386/399/361
f 386/399/361 240/417/379 365/400/362
f 365/400/362 240/417/379 265/401/363
f 265/401/363 240/417/379 241/418/380
f 265/401/363 241/418/380 387/402/364
f 387/402/364 241/418/380 264/403/365
f 241/418/380 242/419/381 264/403/365
f 264/403/365 242/419/381 418/404/366
f 242/419/381 243/420/382 418/404/366
f 413/335/297 243/421/383 412/422/384
f 412/422/384 243/423/385 411/424/386
f 411/424/386 243/425/387 410/426/388
f 410/426/388 243/427/389 409/428/390
f 273/305/267 272/307/269 284/429/391
f 284/429/391 272/307/269 283/309/271
f 284/429/391 283/309/271 295/430/392
f 295/430/392 283/309/271 294/311/273
f 295/430/392 294/311/273 306/431/393
f 306/431/393 294/311/273 305/313/275
f 306/431/393 305/313/275 317/432/394
f 317/432/394 305/313/275 316/315/277
f 317/432/394 316/315/277 328/433/395
f 328/433/395 316/315/277 327/317/279
f 328/433/395 327/317/279 339/434/396
f 339/434/396 327/317/279 338/319/281
f 339/434/396 338/319/281 350/435/397
f 350/435/397 338/319/281 349/321/283
f 350/435/397 349/321/283 360/436/398
f 360/436/398 349/321/283 359/323/285
f 360/436/398 359/323/285 380/437/399
f 380/437/399 359/323/285 381/325/287
f 380/437/399 381/325/287 371/438/400
f 371/438/400 381/325/287 370/327/289
f 371/438/400 370/327/289 402/439/401
f 402/439/401 370/327/289 403/329/291
f 402/439/401 403/329/291 393/440/402
f 393/440/402 403/329/291 392/331/293
f 393/440/402 392/331/293 423/441/403
f 423/441/403 392/331/293 424/333/295
f 423/441/403 424/333/295 412/422/384
f 412/422/384 424/333/295 413/335/297
f 274/303/265 273/305/267 285/442/404
f 285/442/404 273/305/267 284/429/391
f 285/442/404 284/429/391 296/443/405
f 296/443/405 284/429/391 295/430/392
f 296/443/405 295/430/392 307/444/406
f 307/444/406 295/430/392 306/431/393
f 307/444/406 306/431/393 318/445/407
f 318/445/407 306/431/393 317/432/394
f 318/445/407 317/432/394 329/446/408
f 329/446/408 317/432/394 328/433/395
f 329/446/408 328/433/395 340/447/409
f 340/447/409 328/433/395 339/434/396
f 340/447/409 339/434/396 351/448/410
f 351/448/410 339/434/396 350/435/397
f 351/448/410 350/435/397 361/449/411
f 361/449/411 350/435/397 360/436/398
f 361/449/411 360/436/398 379/450/412
f 379/450/412 360/436/398 380/437/399
f 379/450/412 380/437/399 372/451/413
f 372/451/413 380/437/399 371/438/400
f 372/451/413 371/438/400 401/452/414
f 401/452/414 371/438/400 402/439/401
f 401/452/414 402/439/401 394/453/415
f 394/453/415 402/439/401 393/440/402
f 394/453/415 393/440/402 422/454/416
f 422/454/416 393/440/402 423/441/403
f 422/454/416 423/441/403 411/424/386
f 411/424/386 423/441/403 412/422/384
f 275/301/263 274/303/265 286/455/417
f 286/455/417 274/303/265 285/442/404
f 286/455/417 285/442/404 297/456/418
f 297/456/418 285/442/404 296/443/405
f 297/456/418 296/443/405 308/457/419
f 308/457/419 296/443/405 307/444/406
f 308/457/419 307/444/406 319/458/420
f 319/458/420 307/444/406 318/445/407
f 319/458/420 318/445/407 330/459/421
f 330/459/421 318/445/407 329/446/408
f 330/459/421 329/446/408 341/460/422
f 341/460/422 329/446/408 340/447/409
f 341/460/422 340/447/409 352/461/423
f 352/461/423 340/447/409 351/448/410
f 352/461/423 351/448/410 362/462/424
f 362/462/424 351/448/410 361/449/411
f 362/462/424 361/449/411 378/463/425
f 378/463/425 361/449/411 379/450/412
f 378/463/425 379/450/412 373/464/426
f 373/464/426 379/450/412 372/451/413
f 373/464/426 372/451/413 400/465/427
f 400/465/427 372/451/413 401/452/414
f 400/465/427 401/452/414 395/466/428
f 395/466/428 401/452/414 394/453/415
f 395/466/428 394/453/415 421/467/429
f 421/467/429 394/453/415 422/454/416
f 421/467/429 422/454/416 410/426/388
f 410/426/388 422/454/416 411/424/386
f 288/266/228 277/264/226 276/299/261
f 276/299/261 275/301/263 287/468/430
f 287/468/430 275/301/263 286/455/417
f 287/468/430 286/455/417 298/469/431
f 298/469/431 286/455/417 297/456/418
f 298/469/431 297/456/418 309/470/432
f 309/470/432 297/456/418 308/457/419
f 309/470/432 308/457/419 320/471/433
f 320/471/433 308/457/419 319/458/420
f 320/471/433 319/458/420 331/472/434
f 331/472/434 319/458/420 330/459/421
f 331/472/434 330/459/421 342/473/435
f 342/473/435 330/459/421 341/460/422
f 342/473/435 341/460/422 353/474/436
f 353/474/436 341/460/422 352/461/423
f 353/474/436 352/461/423 363/475/437
f 363/475/437 352/461/423 362/462/424
f 363/475/437 362/462/424 377/476/438
f 377/476/438 362/462/424 378/463/425
f 377/476/438 378/463/425 374/477/439
f 374/477/439 378/463/425 373/464/426
f 374/477/439 373/464/426 399/478/440
f 399/478/440 373/464/426 400/465/427
f 399/478/440 400/465/427 396/479/441
f 396/479/441 400/465/427 395/466/428
f 396/479/441 395/466/428 420/480/442
f 420/480/442 395/466/428 421/467/429
f 420/480/442 421/467/429 409/428/390
f 409/428/390 421/467/429 410/426/388
f 299/269/231 288/266/228 287/468/430
f 287/468/430 288/266/228 276/299/261
f 299/269/231 287/468/430 298/469/431
f 310/271/233 299/269/231 298/469/431
f 310/271/233 298/469/431 309/470/432
f 321/273/235 310/271/233 309/470/432
f 321/273/235 309/470/432 320/471/433
f 332/275/237 321/273/235 320/471/433
f 332/275/237 320/471/433 331/472/434
f 343/277/239 332/275/237 331/472/434
f 343/277/239 331/472/434 342/473/435
f 354/279/241 343/277/239 342/473/435
f 354/279/241 342/473/435 353/474/436
f 364/281/243 354/279/241 353/474/436
f 364/281/243 353/474/436 363/475/437
f 376/283/245 364/281/243 363/475/437
f 376/283/245 363/475/437 377/476/438
f 376/283/245 377/476/438 375/285/247
f 375/285/247 377/476/438 374/477/439
f 375/285/247 374/477/439 398/288/250
f 398/288/250 374/477/439 399/478/440
f 398/288/250 399/478/440 397/290/252
f 397/290/252 399/478/440 396/479/441
f 397/290/252 396/479/441 419/293/255
f 419/293/255 396/479/441 420/480/442
f 419/293/255 420/480/442 408/295/257
f 408/295/257 420/480/442 409/428/390
f 408/295/257 409/428/390 243/298/260
f 463/481/443 429/482/444 484/483/445
f 484/483/445 429/482/444 430/484/446
f 484/483/445 430/484/446 483/485/447
f 483/485/447 430/484/446 431/486/448
f 483/485/447 431/486/448 482/487/449
f 482/487/449 431/486/448 432/488/450
f 482/487/449 432/488/450 481/489/451
f 481/489/451 432/488/450 433/490/452
f 481/489/451 433/490/452 480/491/453
f 480/491/453 433/490/452 434/492/454
f 480/491/453 434/492/454 435/493/455
f 436/494/456 478/495/457 435/493/455
f 435/493/455 478/495/457 479/496/458
f 435/493/455 479/496/458 480/491/453
f 480/491/453 479/496/458 495/497/459
f 480/491/453 495/497/459 496/498/460
f 496/498/460 495/497/459 511/499/461
f 496/498/460 511/499/461 512/500/462
f 512/500/462 511/499/461 527/501/463
f 512/500/462 527/501/463 528/502/464
f 528/502/464 527/501/463 542/503/465
f 528/502/464 542/503/465 543/504/466
f 543/504/466 542/503/465 558/505/467
f 543/504/466 558/505/467 460/506/468
f 460/506/468 558/505/467 468/507/469
f 460/506/468 468/507/469 459/508/470
f 459/508/470 468/507/469 586/509/471
f 459/508/470 586/509/471 458/510/472
f 458/510/472 586/509/471 601/511/473
f 458/510/472 601/511/473 466/512/474
f 466/512/474 601/511/473 600/513/475
f 466/512/474 600/513/475 614/514/476
f 614/514/476 600/513/475 599/515/477
f 614/514/476 599/515/477 613/516/478
f 613/516/478 599/515/477 598/517/479
f 613/516/478 598/517/479 612/518/480
f 612/518/480 598/517/479 597/519/481
f 612/518/480 597/519/481 611/520/482
f 611/520/482 597/519/481 596/521/483
f 611/520/482 596/521/483 610/522/484
f 610/522/484 596/521/483 595/523/485
f 610/522/484 595/523/485 609/524/486
f 609/524/486 595/523/485 594/525/487
f 609/524/486 594/525/487 608/526/488
f 608/526/488 594/525/487 593/527/489
f 608/526/488 593/527/489 607/528/490
f 607/528/490 593/527/489 592/529/491
f 607/528/490 592/529/491 606/530/492
f 606/530/492 592/529/491 591/531/493
f 606/530/492 591/531/493 605/532/494
f 605/532/494 591/531/493 590/533/495
f 605/532/494 590/533/495 604/534/496
f 604/534/496 590/533/495 589/535/497
f 604/534/496 589/535/497 603/536/498
f 603/536/498 589/535/497 588/537/499
f 603/536/498 588/537/499 602/538/500
f 602/538/500 588/537/499 587/539/501
f 602/538/500 587/539/501 465/540/502
f 465/540/502 587/539/501 449/541/503
f 465/540/502 449/541/503 450/542/504
f 478/495/457 436/494/456 477/543/505
f 477/543/505 436/494/456 437/544/506
f 477/543/505 437/544/506 476/545/507
f 476/545/507 437/544/506 475/546/508
f 476/545/507 475/546/508 491/547/509
f 491/547/509 475/546/508 490/548/510
f 491/547/509 490/548/510 506/549/511
f 506/549/511 490/548/510 505/550/512
f 506/549/511 505/550/512 521/551/513
f 521/551/513 505/550/512 520/552/514
f 521/551/513 520/552/514 535/553/515
f 535/553/515 520/552/514 534/554/516
f 535/553/515 534/554/516 566/555/517
f 566/555/517 534/554/516 567/556/518
f 566/555/517 567/556/518 550/557/519
f 550/557/519 567/556/518 549/558/520
f 550/557/519 549/558/520 578/559/521
f 578/559/521 549/558/520 577/560/522
f 578/559/521 577/560/522 593/527/489
f 593/527/489 577/560/522 592/529/491
f 437/544/506 438/561/523 475/546/508
f 475/546/508 438/561/523 474/562/524
f 475/546/508 474/562/524 490/548/510
f 490/548/510 474/562/524 489/563/525
f 490/548/510 489/563/525 505/550/512
f 505/550/512 489/563/525 504/564/526
f 505/550/512 504/564/526 520/552/514
f 520/552/514 504/564/526 519/565/527
f 520/552/514 519/565/527 534/554/516
f 534/554/516 519/565/527 533/566/528
f 534/554/516 533/566/528 567/556/518
f 567/556/518 533/566/528 568/567/529
f 567/556/518 568/567/529 549/558/520
f 549/558/520 568/567/529 548/568/530
f 549/558/520 548/568/530 577/560/522
f 577/560/522 548/568/530 576/569/531
f 577/560/522 576/569/531 592/529/491
f 592/529/491 576/569/531 591/531/493
f 474/562/524 438/561/523 473/570/532
f 473/570/532 438/561/523 439/571/533
f 473/570/532 439/571/533 472/572/534
f 472/572/534 439/571/533 440/573/535
f 472/572/534 440/573/535 471/574/536
f 471/574/536 440/573/535 470/575/537
f 471/574/536 470/575/537 486/576/538
f 486/576/538 470/575/537 485/577/539
f 486/576/538 485/577/539 501/578/540
f 501/578/540 485/577/539 500/579/541
f 501/578/540 500/579/541 516/580/542
f 516/580/542 500/579/541 515/581/543
f 516/580/542 515/581/543 530/582/544
f 530/582/544 515/581/543 529/583/545
f 530/582/544 529/583/545 571/584/546
f 571/584/546 529/583/545 467/585/547
f 571/584/546 467/585/547 545/586/548
f 545/586/548 467/585/547 544/587/549
f 545/586/548 544/587/549 573/588/550
f 573/588/550 544/587/549 572/589/551
f 573/588/550 572/589/551 588/537/499
f 588/537/499 572/589/551 587/539/501
f 440/573/535 441/590/552 470/575/537
f 470/575/537 441/590/552 442/591/553
f 470/575/537 442/591/553 485/577/539
f 485/577/539 442/591/553 443/592/554
f 485/577/539 443/592/554 500/579/541
f 500/579/541 443/592/554 444/593/555
f 500/579/541 444/593/555 515/581/543
f 515/581/543 444/593/555 445/594/556
f 515/581/543 445/594/556 529/583/545
f 529/583/545 445/594/556 467/585/547
f 445/594/556 446/595/557 467/585/547
f 467/585/547 446/595/557 544/587/549
f 446/595/557 447/596/558 544/587/549
f 544/587/549 447/596/558 572/589/551
f 447/596/558 448/597/559 572/589/551
f 572/589/551 448/597/559 587/539/501
f 448/597/559 449/541/503 587/539/501
f 451/598/560 615/599/561 450/542/504
f 450/542/504 615/599/561 643/600/562
f 450/542/504 643/600/562 465/540/502
f 465/540/502 643/600/562 642/601/563
f 465/540/502 642/601/563 602/538/500
f 602/538/500 642/601/563 641/602/564
f 602/538/500 641/602/564 603/536/498
f 603/536/498 641/602/564 640/603/565
f 603/536/498 640/603/565 604/534/496
f 604/534/496 640/603/565 639/604/566
f 604/534/496 639/604/566 605/532/494
f 605/532/494 639/604/566 638/605/567
f 605/532/494 638/605/567 606/530/492
f 606/530/492 638/605/567 637/606/568
f 606/530/492 637/606/568 607/528/490
f 607/528/490 637/606/568 636/607/569
f 607/528/490 636/607/569 608/526/488
f 608/526/488 636/607/569 635/608/570
f 608/526/488 635/608/570 609/524/486
f 609/524/486 635/608/570 634/609/571
f 609/524/486 634/609/571 610/522/484
f 610/522/484 634/609/571 633/610/572
f 610/522/484 633/610/572 611/520/482
f 611/520/482 633/610/572 632/611/573
f 611/520/482 632/611/573 612/518/480
f 612/518/480 632/611/573 631/612/574
f 612/518/480 631/612/574 613/516/478
f 613/516/478 631/612/574 630/613/575
f 613/516/478 630/613/575 614/514/476
f 614/514/476 630/613/575 629/614/576
f 614/514/476 629/614/576 466/512/474
f 466/512/474 629/614/576 457/615/577
f 466/512/474 457/615/577 458/510/472
f 615/599/561 451/598/560 644/616/578
f 644/616/578 451/598/560 452/617/579
f 644/616/578 452/617/579 659/618/580
f 659/618/580 452/617/579 453/619/581
f 659/618/580 453/619/581 674/620/582
f 674/620/582 453/619/581 229/621/368
f 674/620/582 229/621/368 228/622/583
f 227/623/584 676/624/585 228/622/583
f 228/622/583 676/624/585 675/625/586
f 228/622/583 675/625/586 674/620/582
f 674/620/582 675/625/586 659/618/580
f 226/626/587 678/627/588 227/623/584
f 227/623/584 678/627/588 677/628/589
f 227/623/584 677/628/589 676/624/585
f 676/624/585 677/628/589 661/629/590
f 676/624/585 661/629/590 660/630/591
f 660/630/591 661/629/590 645/631/592
f 660/630/591 645/631/592 644/616/578
f 644/616/578 645/631/592 615/599/561
f 225/632/593 680/633/594 226/626/587
f 226/626/587 680/633/594 679/634/595
f 226/626/587 679/634/595 678/627/588
f 678/627/588 679/634/595 663/635/596
f 678/627/588 663/635/596 662/636/597
f 662/636/597 663/635/596 647/637/598
f 662/636/597 647/637/598 646/638/599
f 646/638/599 647/637/598 617/639/600
f 646/638/599 617/639/600 616/640/601
f 616/640/601 617/639/600 642/601/563
f 616/640/601 642/601/563 643/600/562
f 224/641/602 682/642/603 225/632/593
f 225/632/593 682/642/603 681/643/604
f 225/632/593 681/643/604 680/633/594
f 680/633/594 681/643/604 665/644/605
f 680/633/594 665/644/605 664/645/606
f 664/645/606 665/644/605 649/646/607
f 664/645/606 649/646/607 648/647/608
f 648/647/608 649/646/607 619/648/609
f 648/647/608 619/648/609 618/649/610
f 618/649/610 619/648/609 640/603/565
f 618/649/610 640/603/565 641/602/564
f 223/650/611 684/651/612 224/641/602
f 224/641/602 684/651/612 683/652/613
f 224/641/602 683/652/613 682/642/603
f 682/642/603 683/652/613 667/653/614
f 682/642/603 667/653/614 666/654/615
f 666/654/615 667/653/614 651/655/616
f 666/654/615 651/655/616 650/656/617
f 650/656/617 651/655/616 621/657/618
f 650/656/617 621/657/618 620/658/619
f 620/658/619 621/657/618 638/605/567
f 620/658/619 638/605/567 639/604/566
f 684/651/612 223/650/611 685/659/620
f 685/659/620 223/650/611 222/660/621
f 685/659/620 222/660/621 686/661/622
f 686/661/622 222/660/621 221/662/623
f 686/661/622 221/662/623 687/663/624
f 687/663/624 221/662/623 220/664/625
f 687/663/624 220/664/625 688/665/626
f 688/665/626 220/664/625 219/666/627
f 688/665/626 219/666/627 454/667/628
f 688/665/626 454/667/628 673/668/629
f 673/668/629 454/667/628 455/669/630
f 673/668/629 455/669/630 658/670/631
f 658/670/631 455/669/630 464/671/632
f 658/670/631 464/671/632 628/672/633
f 628/672/633 464/671/632 630/613/575
f 628/672/633 630/613/575 631/612/574
f 455/669/630 456/673/634 464/671/632
f 464/671/632 456/673/634 629/614/576
f 464/671/632 629/614/576 630/613/575
f 456/673/634 457/615/577 629/614/576
f 460/506/468 461/674/635 543/504/466
f 543/504/466 461/674/635 469/675/636
f 543/504/466 469/675/636 528/502/464
f 528/502/464 469/675/636 513/676/637
f 528/502/464 513/676/637 512/500/462
f 512/500/462 513/676/637 497/677/638
f 512/500/462 497/677/638 496/498/460
f 496/498/460 497/677/638 481/489/451
f 496/498/460 481/489/451 480/491/453
f 461/674/635 462/678/639 469/675/636
f 469/675/636 462/678/639 514/679/640
f 469/675/636 514/679/640 513/676/637
f 513/676/637 514/679/640 498/680/641
f 513/676/637 498/680/641 497/677/638
f 497/677/638 498/680/641 482/487/449
f 497/677/638 482/487/449 481/489/451
f 514/679/640 462/678/639 499/681/642
f 499/681/642 462/678/639 463/481/443
f 499/681/642 463/481/443 484/483/445
f 472/572/534 471/574/536 487/682/643
f 487/682/643 471/574/536 486/576/538
f 487/682/643 486/576/538 502/683/644
f 502/683/644 486/576/538 501/578/540
f 502/683/644 501/578/540 517/684/645
f 517/684/645 501/578/540 516/580/542
f 517/684/645 516/580/542 531/685/646
f 531/685/646 516/580/542 530/582/544
f 531/685/646 530/582/544 570/686/647
f 570/686/647 530/582/544 571/584/546
f 570/686/647 571/584/546 546/687/648
f 546/687/648 571/584/546 545/586/548
f 546/687/648 545/586/548 574/688/649
f 574/688/649 545/586/548 573/588/550
f 574/688/649 573/588/550 589/535/497
f 589/535/497 573/588/550 588/537/499
f 489/563/525 474/562/524 473/570/532
f 473/570/532 472/572/534 488/689/650
f 488/689/650 472/572/534 487/682/643
f 488/689/650 487/682/643 503/690/651
f 503/690/651 487/682/643 502/683/644
f 503/690/651 502/683/644 518/691/652
f 518/691/652 502/683/644 517/684/645
f 518/691/652 517/684/645 532/692/653
f 532/692/653 517/684/645 531/685/646
f 532/692/653 531/685/646 569/693/654
f 569/693/654 531/685/646 570/686/647
f 569/693/654 570/686/647 547/694/655
f 547/694/655 570/686/647 546/687/648
f 547/694/655 546/687/648 575/695/656
f 575/695/656 546/687/648 574/688/649
f 575/695/656 574/688/649 590/533/495
f 590/533/495 574/688/649 589/535/497
f 477/543/505 476/545/507 492/696/657
f 492/696/657 476/545/507 491/547/509
f 492/696/657 491/547/509 507/697/658
f 507/697/658 491/547/509 506/549/511
f 507/697/658 506/549/511 522/698/659
f 522/698/659 506/549/511 521/551/513
f 522/698/659 521/551/513 536/699/660
f 536/699/660 521/551/513 535/553/515
f 536/699/660 535/553/515 565/700/661
f 565/700/661 535/553/515 566/555/517
f 565/700/661 566/555/517 551/701/662
f 551/701/662 566/555/517 550/557/519
f 551/701/662 550/557/519 579/702/663
f 579/702/663 550/557/519 578/559/521
f 579/702/663 578/559/521 594/525/487
f 594/525/487 578/559/521 593/527/489
f 478/495/457 477/543/505 493/703/664
f 493/703/664 477/543/505 492/696/657
f 493/703/664 492/696/657 508/704/665
f 508/704/665 492/696/657 507/697/658
f 508/704/665 507/697/658 523/705/666
f 523/705/666 507/697/658 522/698/659
f 523/705/666 522/698/659 537/706/667
f 537/706/667 522/698/659 536/699/660
f 537/706/667 536/699/660 564/707/668
f 564/707/668 536/699/660 565/700/661
f 564/707/668 565/700/661 552/708/669
f 552/708/669 565/700/661 551/701/662
f 552/708/669 551/701/662 580/709/670
f 580/709/670 551/701/662 579/702/663
f 580/709/670 579/702/663 595/523/485
f 595/523/485 579/702/663 594/525/487
f 479/496/458 478/495/457 494/710/671
f 494/710/671 478/495/457 493/703/664
f 494/710/671 493/703/664 509/711/672
f 509/711/672 493/703/664 508/704/665
f 509/711/672 508/704/665 524/712/673
f 524/712/673 508/704/665 523/705/666
f 524/712/673 523/705/666 538/713/674
f 538/713/674 523/705/666 537/706/667
f 538/713/674 537/706/667 563/714/675
f 563/714/675 537/706/667 564/707/668
f 563/714/675 564/707/668 553/715/676
f 553/715/676 564/707/668 552/708/669
f 553/715/676 552/708/669 581/716/677
f 581/716/677 552/708/669 580/709/670
f 581/716/677 580/709/670 596/521/483
f 596/521/483 580/709/670 595/523/485
f 499/681/642 484/483/445 483/485/447
f 499/681/642 483/485/447 498/680/641
f 498/680/641 483/485/447 482/487/449
f 504/564/526 489/563/525 488/689/650
f 488/689/650 489/563/525 473/570/532
f 504/564/526 488/689/650 503/690/651
f 479/496/458 494/710/671 495/497/459
f 495/497/459 494/710/671 510/717/678
f 495/497/459 510/717/678 511/499/461
f 511/499/461 510/717/678 526/718/679
f 511/499/461 526/718/679 527/501/463
f 527/501/463 526/718/679 541/719/680
f 527/501/463 541/719/680 542/503/465
f 542/503/465 541/719/680 559/720/681
f 542/503/465 559/720/681 558/505/467
f 558/505/467 559/720/681 468/507/469
f 510/717/678 494/710/671 509/711/672
f 514/679/640 499/681/642 498/680/641
f 519/565/527 504/564/526 503/690/651
f 519/565/527 503/690/651 518/691/652
f 510/717/678 509/711/672 525/721/682
f 525/721/682 509/711/672 524/712/673
f 525/721/682 524/712/673 539/722/683
f 539/722/683 524/712/673 538/713/674
f 539/722/683 538/713/674 562/723/684
f 562/723/684 538/713/674 563/714/675
f 562/723/684 563/714/675 554/724/685
f 554/724/685 563/714/675 553/715/676
f 554/724/685 553/715/676 582/725/686
f 582/725/686 553/715/676 581/716/677
f 582/725/686 581/716/677 597/519/481
f 597/519/481 581/716/677 596/521/483
f 533/566/528 519/565/527 518/691/652
f 533/566/528 518/691/652 532/692/653
f 510/717/678 525/721/682 526/718/679
f 526/718/679 525/721/682 540/726/687
f 526/718/679 540/726/687 541/719/680
f 541/719/680 540/726/687 560/727/688
f 541/719/680 560/727/688 559/720/681
f 559/720/681 560/727/688 557/728/689
f 559/720/681 557/728/689 468/507/469
f 468/507/469 557/728/689 586/509/471
f 540/726/687 525/721/682 539/722/683
f 568/567/529 533/566/528 532/692/653
f 568/567/529 532/692/653 569/693/654
f 540/726/687 539/722/683 561/729/690
f 561/729/690 539/722/683 562/723/684
f 561/729/690 562/723/684 555/730/691
f 555/730/691 562/723/684 554/724/685
f 555/730/691 554/724/685 583/731/692
f 583/731/692 554/724/685 582/725/686
f 583/731/692 582/725/686 598/517/479
f 598/517/479 582/725/686 597/519/481
f 568/567/529 569/693/654 548/568/530
f 548/568/530 569/693/654 547/694/655
f 548/568/530 547/694/655 576/569/531
f 576/569/531 547/694/655 575/695/656
f 576/569/531 575/695/656 591/531/493
f 591/531/493 575/695/656 590/533/495
f 555/730/691 556/732/693 561/729/690
f 561/729/690 556/732/693 560/727/688
f 561/729/690 560/727/688 540/726/687
f 560/727/688 556/732/693 557/728/689
f 557/728/689 556/732/693 585/733/694
f 557/728/689 585/733/694 586/509/471
f 586/509/471 585/733/694 601/511/473
f 556/732/693 555/730/691 584/734/695
f 584/734/695 555/730/691 583/731/692
f 584/734/695 583/731/692 599/515/477
f 599/515/477 583/731/692 598/517/479
f 556/732/693 584/734/695 585/733/694
f 585/733/694 584/734/695 600/513/475
f 585/733/694 600/513/475 601/511/473
f 600/513/475 584/734/695 599/515/477
f 643/600/562 615/599/561 616/640/601
f 616/640/601 615/599/561 645/631/592
f 616/640/601 645/631/592 646/638/599
f 646/638/599 645/631/592 661/629/590
f 646/638/599 661/629/590 662/636/597
f 662/636/597 661/629/590 677/628/589
f 662/636/597 677/628/589 678/627/588
f 641/602/564 642/601/563 617/639/600
f 641/602/564 617/639/600 618/649/610
f 618/649/610 617/639/600 647/637/598
f 618/649/610 647/637/598 648/647/608
f 648/647/608 647/637/598 663/635/596
f 648/647/608 663/635/596 664/645/606
f 664/645/606 663/635/596 679/634/595
f 664/645/606 679/634/595 680/633/594
f 639/604/566 640/603/565 619/648/609
f 639/604/566 619/648/609 620/658/619
f 620/658/619 619/648/609 649/646/607
f 620/658/619 649/646/607 650/656/617
f 650/656/617 649/646/607 665/644/605
f 650/656/617 665/644/605 666/654/615
f 666/654/615 665/644/605 681/643/604
f 666/654/615 681/643/604 682/642/603
f 637/606/568 638/605/567 621/657/618
f 636/607/569 637/606/568 622/735/696
f 622/735/696 637/606/568 621/657/618
f 622/735/696 621/657/618 651/655/616
f 635/608/570 636/607/569 623/736/697
f 623/736/697 636/607/569 622/735/696
f 623/736/697 622/735/696 652/737/698
f 652/737/698 622/735/696 651/655/616
f 652/737/698 651/655/616 667/653/614
f 634/609/571 635/608/570 624/738/699
f 624/738/699 635/608/570 623/736/697
f 624/738/699 623/736/697 653/739/700
f 653/739/700 623/736/697 652/737/698
f 653/739/700 652/737/698 668/740/701
f 668/740/701 652/737/698 667/653/614
f 668/740/701 667/653/614 683/652/613
f 633/610/572 634/609/571 625/741/702
f 625/741/702 634/609/571 624/738/699
f 625/741/702 624/738/699 654/742/703
f 654/742/703 624/738/699 653/739/700
f 654/742/703 653/739/700 669/743/704
f 669/743/704 653/739/700 668/740/701
f 669/743/704 668/740/701 684/651/612
f 684/651/612 668/740/701 683/652/613
f 632/611/573 633/610/572 626/744/705
f 626/744/705 633/610/572 625/741/702
f 626/744/705 625/741/702 655/745/706
f 655/745/706 625/741/702 654/742/703
f 655/745/706 654/742/703 670/746/707
f 670/746/707 654/742/703 669/743/704
f 670/746/707 669/743/704 685/659/620
f 685/659/620 669/743/704 684/651/612
f 631/612/574 632/611/573 627/747/708
f 627/747/708 632/611/573 626/744/705
f 627/747/708 626/744/705 656/748/709
f 656/748/709 626/744/705 655/745/706
f 656/748/709 655/745/706 671/749/710
f 671/749/710 655/745/706 670/746/707
f 671/749/710 670/746/707 686/661/622
f 686/661/622 670/746/707 685/659/620
f 631/612/574 627/747/708 628/672/633
f 628/672/633 627/747/708 657/750/711
f 628/672/633 657/750/711 658/670/631
f 658/670/631 657/750/711 673/668/629
f 657/750/711 627/747/708 656/748/709
f 657/750/711 656/748/709 672/751/712
f 672/751/712 656/748/709 671/749/710
f 672/751/712 671/749/710 687/663/624
f 687/663/624 671/749/710 686/661/622
f 644/616/578 659/618/580 660/630/591
f 660/630/591 659/618/580 675/625/586
f 660/630/591 675/625/586 676/624/585
f 688/665/626 673/668/629 672/751/712
f 672/751/712 673/668/629 657/750/711
f 688/665/626 672/751/712 687/663/624
f 689/752/713 690/753/714 731/754/715
f 731/754/715 690/753/714 744/755/716
f 731/754/715 744/755/716 730/756/717
f 730/756/717 744/755/716 755/757/718
f 730/756/717 755/757/718 729/758/719
f 729/758/719 755/757/718 765/759/720
f 729/758/719 765/759/720 728/760/721
f 728/760/721 765/759/720 777/761/722
f 728/760/721 777/761/722 727/762/723
f 727/762/723 777/761/722 776/763/724
f 727/762/723 776/763/724 726/764/725
f 726/764/725 776/763/724 798/765/726
f 726/764/725 798/765/726 725/766/727
f 725/766/727 798/765/726 809/767/728
f 725/766/727 809/767/728 724/768/729
f 724/768/729 809/767/728 821/769/730
f 724/768/729 821/769/730 723/770/731
f 723/770/731 821/769/730 820/771/732
f 723/770/731 820/771/732 722/772/733
f 722/772/733 820/771/732 841/773/734
f 722/772/733 841/773/734 721/774/735
f 721/774/735 841/773/734 720/775/736
f 720/775/736 841/773/734 840/776/737
f 720/775/736 840/776/737 719/777/738
f 719/777/738 840/776/737 839/778/739
f 719/777/738 839/778/739 718/779/740
f 718/779/740 839/778/739 838/780/741
f 718/779/740 838/780/741 717/781/742
f 717/781/742 838/780/741 837/782/743
f 717/781/742 837/782/743 716/783/744
f 716/783/744 837/782/743 836/784/745
f 716/783/744 836/784/745 715/785/746
f 715/785/746 836/784/745 835/786/747
f 715/785/746 835/786/747 714/787/748
f 714/787/748 835/786/747 834/788/749
f 714/787/748 834/788/749 713/789/750
f 713/789/750 834/788/749 833/790/751
f 713/789/750 833/790/751 712/791/752
f 712/791/752 833/790/751 832/792/753
f 712/791/752 832/792/753 711/793/754
f 711/793/754 832/792/753 831/794/755
f 711/793/754 831/794/755 710/795/756
f 710/795/756 831/794/755 709/796/757
f 709/796/757 831/794/755 708/797/758
f 708/797/758 831/794/755 810/798/759
f 708/797/758 810/798/759 707/799/760
f 707/799/760 810/798/759 733/800/761
f 707/799/760 733/800/761 706/801/762
f 706/801/762 733/800/761 799/802/763
f 706/801/762 799/802/763 788/803/764
f 788/803/764 799/802/763 800/804/765
f 788/803/764 800/804/765 789/805/766
f 789/805/766 800/804/765 801/806/767
f 789/805/766 801/806/767 790/807/768
f 790/807/768 801/806/767 802/808/769
f 790/807/768 802/808/769 791/809/770
f 791/809/770 802/808/769 803/810/771
f 791/809/770 803/810/771 792/811/772
f 792/811/772 803/810/771 804/812/773
f 792/811/772 804/812/773 793/813/774
f 793/813/774 804/812/773 805/814/775
f 793/813/774 805/814/775 794/815/776
f 794/815/776 805/814/775 806/816/777
f 794/815/776 806/816/777 795/817/778
f 795/817/778 806/816/777 807/818/779
f 795/817/778 807/818/779 796/819/780
f 796/819/780 807/818/779 808/820/781
f 796/819/780 808/820/781 797/821/782
f 797/821/782 808/820/781 809/767/728
f 797/821/782 809/767/728 798/765/726
f 690/753/714 691/822/783 744/755/716
f 744/755/716 691/822/783 743/823/784
f 744/755/716 743/823/784 755/757/718
f 755/757/718 743/823/784 754/824/785
f 755/757/718 754/824/785 765/759/720
f 765/759/720 754/824/785 764/825/786
f 765/759/720 764/825/786 777/761/722
f 777/761/722 764/825/786 778/826/787
f 777/761/722 778/826/787 776/763/724
f 776/763/724 778/826/787 775/827/788
f 776/763/724 775/827/788 798/765/726
f 798/765/726 775/827/788 797/821/782
f 691/822/783 692/828/789 743/823/784
f 743/823/784 692/828/789 742/829/790
f 743/823/784 742/829/790 754/824/785
f 754/824/785 742/829/790 753/830/791
f 754/824/785 753/830/791 764/825/786
f 764/825/786 753/830/791 763/831/792
f 764/825/786 763/831/792 778/826/787
f 778/826/787 763/831/792 779/832/793
f 778/826/787 779/832/793 775/827/788
f 775/827/788 779/832/793 774/833/794
f 775/827/788 774/833/794 797/821/782
f 797/821/782 774/833/794 796/819/780
f 692/828/789 693/834/795 742/829/790
f 742/829/790 693/834/795 741/835/796
f 742/829/790 741/835/796 753/830/791
f 753/830/791 741/835/796 752/836/797
f 753/830/791 752/836/797 763/831/792
f 763/831/792 752/836/797 762/837/798
f 763/831/792 762/837/798 779/832/793
f 779/832/793 762/837/798 780/838/799
f 779/832/793 780/838/799 774/833/794
f 774/833/794 780/838/799 773/839/800
f 774/833/794 773/839/800 796/819/780
f 796/819/780 773/839/800 795/817/778
f 693/834/795 694/840/801 741/835/796
f 741/835/796 694/840/801 740/841/802
f 741/835/796 740/841/802 752/836/797
f 752/836/797 740/841/802 751/842/803
f 752/836/797 751/842/803 762/837/798
f 762/837/798 751/842/803 761/843/804
f 762/837/798 761/843/804 780/838/799
f 780/838/799 761/843/804 781/844/805
f 780/838/799 781/844/805 773/839/800
f 773/839/800 781/844/805 772/845/806
f 773/839/800 772/845/806 795/817/778
f 795/817/778 772/845/806 794/815/776
f 694/840/801 695/846/807 740/841/802
f 740/841/802 695/846/807 739/847/808
f 740/841/802 739/847/808 751/842/803
f 751/842/803 739/847/808 750/848/809
f 751/842/803 750/848/809 761/843/804
f 761/843/804 750/848/809 760/849/810
f 761/843/804 760/849/810 781/844/805
f 781/844/805 760/849/810 782/850/811
f 781/844/805 782/850/811 772/845/806
f 772/845/806 782/850/811 771/851/812
f 772/845/806 771/851/812 794/815/776
f 794/815/776 771/851/812 793/813/774
f 695/846/807 696/852/813 739/847/808
f 739/847/808 696/852/813 738/853/814
f 739/847/808 738/853/814 750/848/809
f 750/848/809 738/853/814 749/854/815
f 750/848/809 749/854/815 760/849/810
f 760/849/810 749/854/815 759/855/816
f 760/849/810 759/855/816 782/850/811
f 782/850/811 759/855/816 783/856/817
f 782/850/811 783/856/817 771/851/812
f 771/851/812 783/856/817 770/857/818
f 771/851/812 770/857/818 793/813/774
f 793/813/774 770/857/818 792/811/772
f 696/852/813 697/858/819 738/853/814
f 738/853/814 697/858/819 737/859/820
f 738/853/814 737/859/820 749/854/815
f 749/854/815 737/859/820 748/860/821
f 749/854/815 748/860/821 759/855/816
f 759/855/816 748/860/821 758/861/822
f 759/855/816 758/861/822 783/856/817
f 783/856/817 758/861/822 784/862/823
f 783/856/817 784/862/823 770/857/818
f 770/857/818 784/862/823 769/863/824
f 770/857/818 769/863/824 792/811/772
f 792/811/772 769/863/824 791/809/770
f 697/858/819 698/864/825 737/859/820
f 737/859/820 698/864/825 736/865/826
f 737/859/820 736/865/826 748/860/821
f 748/860/821 736/865/826 747/866/827
f 748/860/821 747/866/827 758/861/822
f 758/861/822 747/866/827 757/867/828
f 758/861/822 757/867/828 784/862/823
f 784/862/823 757/867/828 785/868/829
f 784/862/823 785/868/829 769/863/824
f 769/863/824 785/868/829 768/869/830
f 769/863/824 768/869/830 791/809/770
f 791/809/770 768/869/830 790/807/768
f 698/864/825 699/870/831 736/865/826
f 736/865/826 699/870/831 735/871/832
f 736/865/826 735/871/832 747/866/827
f 747/866/827 735/871/832 746/872/833
f 747/866/827 746/872/833 757/867/828
f 757/867/828 746/872/833 756/873/834
f 757/867/828 756/873/834 785/868/829
f 785/868/829 756/873/834 786/874/835
f 785/868/829 786/874/835 768/869/830
f 768/869/830 786/874/835 767/875/836
f 768/869/830 767/875/836 790/807/768
f 790/807/768 767/875/836 789/805/766
f 699/870/831 700/876/837 735/871/832
f 735/871/832 700/876/837 734/877/838
f 735/871/832 734/877/838 746/872/833
f 746/872/833 734/877/838 745/878/839
f 746/872/833 745/878/839 756/873/834
f 756/873/834 745/878/839 732/879/840
f 756/873/834 732/879/840 786/874/835
f 786/874/835 732/879/840 787/880/841
f 786/874/835 787/880/841 767/875/836
f 767/875/836 787/880/841 766/881/842
f 767/875/836 766/881/842 789/805/766
f 789/805/766 766/881/842 788/803/764
f 700/876/837 701/882/843 734/877/838
f 734/877/838 701/882/843 702/883/844
f 734/877/838 702/883/844 745/878/839
f 745/878/839 702/883/844 703/884/845
f 745/878/839 703/884/845 732/879/840
f 732/879/840 703/884/845 704/885/846
f 732/879/840 704/885/846 787/880/841
f 787/880/841 704/885/846 766/881/842
f 704/885/846 705/886/847 766/881/842
f 766/881/842 705/886/847 788/803/764
f 705/886/847 706/801/762 788/803/764
f 800/804/765 799/802/763 830/887/848
f 830/887/848 799/802/763 733/800/761
f 830/887/848 733/800/761 811/888/849
f 811/888/849 733/800/761 810/798/759
f 811/888/849 810/798/759 832/792/753
f 832/792/753 810/798/759 831/794/755
f 801/806/767 800/804/765 829/889/850
f 829/889/850 800/804/765 830/887/848
f 829/889/850 830/887/848 812/890/851
f 812/890/851 830/887/848 811/888/849
f 812/890/851 811/888/849 833/790/751
f 833/790/751 811/888/849 832/792/753
f 802/808/769 801/806/767 828/891/852
f 828/891/852 801/806/767 829/889/850
f 828/891/852 829/889/850 813/892/853
f 813/892/853 829/889/850 812/890/851
f 813/892/853 812/890/851 834/788/749
f 834/788/749 812/890/851 833/790/751
f 803/810/771 802/808/769 827/893/854
f 827/893/854 802/808/769 828/891/852
f 827/893/854 828/891/852 814/894/855
f 814/894/855 828/891/852 813/892/853
f 814/894/855 813/892/853 835/786/747
f 835/786/747 813/892/853 834/788/749
f 804/812/773 803/810/771 826/895/856
f 826/895/856 803/810/771 827/893/854
f 826/895/856 827/893/854 815/896/857
f 815/896/857 827/893/854 814/894/855
f 815/896/857 814/894/855 836/784/745
f 836/784/745 814/894/855 835/786/747
f 805/814/775 804/812/773 825/897/858
f 825/897/858 804/812/773 826/895/856
f 825/897/858 826/895/856 816/898/859
f 816/898/859 826/895/856 815/896/857
f 816/898/859 815/896/857 837/782/743
f 837/782/743 815/896/857 836/784/745
f 806/816/777 805/814/775 824/899/860
f 824/899/860 805/814/775 825/897/858
f 824/899/860 825/897/858 817/900/861
f 817/900/861 825/897/858 816/898/859
f 817/900/861 816/898/859 838/780/741
f 838/780/741 816/898/859 837/782/743
f 807/818/779 806/816/777 823/901/862
f 823/901/862 806/816/777 824/899/860
f 823/901/862 824/899/860 818/902/863
f 818/902/863 824/899/860 817/900/861
f 818/902/863 817/900/861 839/778/739
f 839/778/739 817/900/861 838/780/741
f 821/769/730 809/767/728 808/820/781
f 808/820/781 807/818/779 822/903/864
f 822/903/864 807/818/779 823/901/862
f 822/903/864 823/901/862 819/904/865
f 819/904/865 823/901/862 818/902/863
f 819/904/865 818/902/863 840/776/737
f 840/776/737 818/902/863 839/778/739
f 819/904/865 820/771/732 822/903/864
f 822/903/864 820/771/732 821/769/730
f 822/903/864 821/769/730 808/820/781
f 840/776/737 841/773/734 819/904/865
f 819/904/865 841/773/734 820/771/732
f 709/905/757 842/906/866 710/907/756
f 710/907/756 842/906/866 843/908/867
f 710/907/756 843/908/867 711/909/754
f 711/909/754 843/908/867 844/910/868
f 711/909/754 844/910/868 712/911/752
f 712/911/752 844/910/868 845/912/869
f 712/911/752 845/912/869 713/913/750
f 713/913/750 845/912/869 846/914/870
f 713/913/750 846/914/870 714/915/748
f 714/915/748 846/914/870 847/916/871
f 714/915/748 847/916/871 715/917/746
f 715/917/746 847/916/871 848/918/872
f 715/917/746 848/918/872 716/919/744
f 716/919/744 848/918/872 849/920/873
f 716/919/744 849/920/873 717/921/742
f 717/921/742 849/920/873 850/922/874
f 717/921/742 850/922/874 718/923/740
f 718/923/740 850/922/874 851/924/875
f 718/923/740 851/924/875 719/925/738
f 719/925/738 851/924/875 852/926/876
f 719/925/738 852/926/876 720/927/736
f 720/927/736 852/926/876 853/928/877
f 720/927/736 853/928/877 721/929/735
f 721/929/735 853/928/877 854/930/878
f 884/931/879 855/932/880 897/933/881
f 897/933/881 855/932/880 856/934/882
f 897/933/881 856/934/882 857/935/883
f 897/933/881 857/935/883 896/936/884
f 896/936/884 857/935/883 858/937/885
f 896/936/884 858/937/885 895/938/886
f 895/938/886 858/937/885 859/939/887
f 895/938/886 859/939/887 894/940/888
f 894/940/888 859/939/887 860/941/889
f 894/940/888 860/941/889 893/942/890
f 893/942/890 860/941/889 861/943/891
f 893/942/890 861/943/891 892/944/892
f 892/944/892 861/943/891 862/945/893
f 892/944/892 862/945/893 891/946/894
f 891/946/894 862/945/893 863/947/895
f 891/946/894 863/947/895 890/948/896
f 890/948/896 863/947/895 864/949/897
f 890/948/896 864/949/897 889/950/898
f 889/950/898 864/949/897 865/951/899
f 889/950/898 865/951/899 888/952/900
f 888/952/900 865/951/899 866/953/901
f 888/952/900 866/953/901 887/954/902
f 887/954/902 866/953/901 867/955/903
f 887/954/902 867/955/903 868/956/904
f 887/954/902 868/956/904 898/957/905
f 898/957/905 868/956/904 869/958/906
f 898/957/905 869/958/906 909/959/907
f 909/959/907 869/958/906 870/960/908
f 909/959/907 870/960/908 919/961/909
f 919/961/909 870/960/908 871/962/910
f 919/961/909 871/962/910 930/963/911
f 930/963/911 871/962/910 872/964/912
f 930/963/911 872/964/912 941/965/913
f 941/965/913 872/964/912 873/966/914
f 941/965/913 873/966/914 952/967/915
f 952/967/915 873/966/914 874/968/916
f 952/967/915 874/968/916 963/969/917
f 963/969/917 874/968/916 875/970/918
f 963/969/917 875/970/918 973/971/919
f 973/971/919 875/970/918 876/972/920
f 973/971/919 876/972/920 984/973/921
f 984/973/921 876/972/920 877/974/922
f 984/973/921 877/974/922 853/975/877
f 853/975/877 877/974/922 854/976/878
f 853/975/877 852/977/876 984/973/921
f 984/973/921 852/977/876 985/978/923
f 984/973/921 985/978/923 973/971/919
f 973/971/919 985/978/923 974/979/924
f 973/971/919 974/979/924 963/969/917
f 963/969/917 974/979/924 964/980/925
f 963/969/917 964/980/925 952/967/915
f 952/967/915 964/980/925 953/981/926
f 952/967/915 953/981/926 941/965/913
f 941/965/913 953/981/926 942/982/927
f 941/965/913 942/982/927 930/963/911
f 930/963/911 942/982/927 931/983/928
f 930/963/911 931/983/928 919/961/909
f 919/961/909 931/983/928 920/984/929
f 919/961/909 920/984/929 909/959/907
f 909/959/907 920/984/929 910/985/930
f 909/959/907 910/985/930 898/957/905
f 898/957/905 910/985/930 899/986/931
f 898/957/905 899/986/931 887/954/902
f 887/954/902 899/986/931 888/952/900
f 852/977/876 851/987/875 985/978/923
f 985/978/923 851/987/875 986/988/932
f 985/978/923 986/988/932 974/979/924
f 974/979/924 986/988/932 975/989/933
f 974/979/924 975/989/933 964/980/925
f 964/980/925 975/989/933 965/990/934
f 964/980/925 965/990/934 953/981/926
f 953/981/926 965/990/934 954/991/935
f 953/981/926 954/991/935 942/982/927
f 942/982/927 954/991/935 943/992/936
f 942/982/927 943/992/936 931/983/928
f 931/983/928 943/992/936 932/993/937
f 931/983/928 932/993/937 920/984/929
f 920/984/929 932/993/937 921/994/938
f 920/984/929 921/994/938 910/985/930
f 910/985/930 921/994/938 911/995/939
f 910/985/930 911/995/939 899/986/931
f 899/986/931 911/995/939 900/996/940
f 899/986/931 900/996/940 888/952/900
f 888/952/900 900/996/940 889/950/898
f 851/987/875 850/997/874 986/988/932
f 986/988/932 850/997/874 987/998/941
f 986/988/932 987/998/941 975/989/933
f 975/989/933 987/998/941 976/999/942
f 975/989/933 976/999/942 965/990/934
f 965/990/934 976/999/942 966/1000/943
f 965/990/934 966/1000/943 954/991/935
f 954/991/935 966/1000/943 955/1001/944
f 954/991/935 955/1001/944 943/992/936
f 943/992/936 955/1001/944 944/1002/945
f 943/992/936 944/1002/945 932/993/937
f 932/993/937 944/1002/945 933/1003/946
f 932/993/937 933/1003/946 921/994/938
f 921/994/938 933/1003/946 922/1004/947
f 921/994/938 922/1004/947 911/995/939
f 911/995/939 922/1004/947 912/1005/948
f 911/995/939 912/1005/948 900/996/940
f 900/996/940 912/1005/948 901/1006/949
f 900/996/940 901/1006/949 889/950/898
f 889/950/898 901/1006/949 890/948/896
f 850/997/874 849/1007/873 987/998/941
f 987/998/941 849/1007/873 988/1008/950
f 987/998/941 988/1008/950 976/999/942
f 976/999/942 988/1008/950 977/1009/951
f 976/999/942 977/1009/951 966/1000/943
f 966/1000/943 977/1009/951 967/1010/952
f 966/1000/943 967/1010/952 955/1001/944
f 955/1001/944 967/1010/952 956/1011/953
f 955/1001/944 956/1011/953 944/1002/945
f 944/1002/945 956/1011/953 945/1012/954
f 944/1002/945 945/1012/954 933/1003/946
f 933/1003/946 945/1012/954 934/1013/955
f 933/1003/946 934/1013/955 922/1004/947
f 922/1004/947 934/1013/955 923/1014/956
f 922/1004/947 923/1014/956 912/1005/948
f 912/1005/948 923/1014/956 913/1015/957
f 912/1005/948 913/1015/957 901/1006/949
f 901/1006/949 913/1015/957 902/1016/958
f 901/1006/949 902/1016/958 890/948/896
f 890/948/896 902/1016/958 891/946/894
f 849/1007/873 848/1017/872 988/1008/950
f 988/1008/950 848/1017/872 989/1018/959
f 988/1008/950 989/1018/959 977/1009/951
f 977/1009/951 989/1018/959 978/1019/960
f 977/1009/951 978/1019/960 967/1010/952
f 967/1010/952 978/1019/960 968/1020/961
f 967/1010/952 968/1020/961 956/1011/953
f 956/1011/953 968/1020/961 957/1021/962
f 956/1011/953 957/1021/962 945/1012/954
f 945/1012/954 957/1021/962 946/1022/963
f 945/1012/954 946/1022/963 934/1013/955
f 934/1013/955 946/1022/963 935/1023/964
f 934/1013/955 935/1023/964 923/1014/956
f 923/1014/956 935/1023/964 924/1024/965
f 923/1014/956 924/1024/965 913/1015/957
f 913/1015/957 924/1024/965 914/1025/966
f 913/1015/957 914/1025/966 902/1016/958
f 902/1016/958 914/1025/966 903/1026/967
f 902/1016/958 903/1026/967 891/946/894
f 891/946/894 903/1026/967 892/944/892
f 848/1017/872 847/1027/871 989/1018/959
f 989/1018/959 847/1027/871 990/1028/968
f 989/1018/959 990/1028/968 978/1019/960
f 978/1019/960 990/1028/968 979/1029/969
f 978/1019/960 979/1029/969 968/1020/961
f 968/1020/961 979/1029/969 969/1030/970
f 968/1020/961 969/1030/970 957/1021/962
f 957/1021/962 969/1030/970 958/1031/971
f 957/1021/962 958/1031/971 946/1022/963
f 946/1022/963 958/1031/971 947/1032/972
f 946/1022/963 947/1032/972 935/1023/964
f 935/1023/964 947/1032/972 936/1033/973
f 935/1023/964 936/1033/973 924/1024/965
f 924/1024/965 936/1033/973 925/1034/974
f 924/1024/965 925/1034/974 914/1025/966
f 914/1025/966 925/1034/974 915/1035/975
f 914/1025/966 915/1035/975 903/1026/967
f 903/1026/967 915/1035/975 904/1036/976
f 903/1026/967 904/1036/976 892/944/892
f 892/944/892 904/1036/976 893/942/890
f 847/1027/871 846/1037/870 990/1028/968
f 990/1028/968 846/1037/870 991/1038/977
f 990/1028/968 991/1038/977 979/1029/969
f 979/1029/969 991/1038/977 980/1039/978
f 979/1029/969 980/1039/978 969/1030/970
f 969/1030/970 980/1039/978 970/1040/979
f 969/1030/970 970/1040/979 958/1031/971
f 958/1031/971 970/1040/979 959/1041/980
f 958/1031/971 959/1041/980 947/1032/972
f 947/1032/972 959/1041/980 948/1042/981
f 947/1032/972 948/1042/981 936/1033/973
f 936/1033/973 948/1042/981 937/1043/982
f 936/1033/973 937/1043/982 925/1034/974
f 925/1034/974 937/1043/982 926/1044/983
f 925/1034/974 926/1044/983 915/1035/975
f 915/1035/975 926/1044/983 916/1045/984
f 915/1035/975 916/1045/984 904/1036/976
f 904/1036/976 916/1045/984 905/1046/985
f 904/1036/976 905/1046/985 893/942/890
f 893/942/890 905/1046/985 894/940/888
f 846/1037/870 845/1047/869 991/1038/977
f 991/1038/977 845/1047/869 992/1048/986
f 991/1038/977 992/1048/986 980/1039/978
f 980/1039/978 992/1048/986 981/1049/987
f 980/1039/978 981/1049/987 970/1040/979
f 970/1040/979 981/1049/987 971/1050/988
f 970/1040/979 971/1050/988 959/1041/980
f 959/1041/980 971/1050/988 960/1051/989
f 959/1041/980 960/1051/989 948/1042/981
f 948/1042/981 960/1051/989 949/1052/990
f 948/1042/981 949/1052/990 937/1043/982
f 937/1043/982 949/1052/990 938/1053/991
f 937/1043/982 938/1053/991 926/1044/983
f 926/1044/983 938/1053/991 927/1054/992
f 926/1044/983 927/1054/992 916/1045/984
f 916/1045/984 927/1054/992 917/1055/993
f 916/1045/984 917/1055/993 905/1046/985
f 905/1046/985 917/1055/993 906/1056/994
f 905/1046/985 906/1056/994 894/940/888
f 894/940/888 906/1056/994 895/938/886
f 845/1047/869 844/1057/868 992/1048/986
f 992/1048/986 844/1057/868 993/1058/995
f 992/1048/986 993/1058/995 981/1049/987
f 981/1049/987 993/1058/995 982/1059/996
f 981/1049/987 982/1059/996 971/1050/988
f 971/1050/988 982/1059/996 972/1060/997
f 971/1050/988 972/1060/997 960/1051/989
f 960/1051/989 972/1060/997 961/1061/998
f 960/1051/989 961/1061/998 949/1052/990
f 949/1052/990 961/1061/998 950/1062/999
f 949/1052/990 950/1062/999 938/1053/991
f 938/1053/991 950/1062/999 939/1063/1000
f 938/1053/991 939/1063/1000 927/1054/992
f 927/1054/992 939/1063/1000 928/1064/1001
f 927/1054/992 928/1064/1001 917/1055/993
f 917/1055/993 928/1064/1001 918/1065/1002
f 917/1055/993 918/1065/1002 906/1056/994
f 906/1056/994 918/1065/1002 907/1066/1003
f 906/1056/994 907/1066/1003 895/938/886
f 895/938/886 907/1066/1003 896/936/884
f 844/1057/868 843/1067/867 993/1058/995
f 993/1058/995 843/1067/867 994/1068/1004
f 993/1058/995 994/1068/1004 982/1059/996
f 982/1059/996 994/1068/1004 983/1069/1005
f 982/1059/996 983/1069/1005 972/1060/997
f 972/1060/997 983/1069/1005 885/1070/1006
f 972/1060/997 885/1070/1006 961/1061/998
f 961/1061/998 885/1070/1006 962/1071/1007
f 961/1061/998 962/1071/1007 950/1062/999
f 950/1062/999 962/1071/1007 951/1072/1008
f 950/1062/999 951/1072/1008 939/1063/1000
f 939/1063/1000 951/1072/1008 940/1073/1009
f 939/1063/1000 940/1073/1009 928/1064/1001
f 928/1064/1001 940/1073/1009 929/1074/1010
f 928/1064/1001 929/1074/1010 918/1065/1002
f 918/1065/1002 929/1074/1010 886/1075/1011
f 918/1065/1002 886/1075/1011 907/1066/1003
f 907/1066/1003 886/1075/1011 908/1076/1012
f 907/1066/1003 908/1076/1012 896/936/884
f 896/936/884 908/1076/1012 897/933/881
f 843/1067/867 842/1077/866 994/1068/1004
f 994/1068/1004 842/1077/866 878/1078/1013
f 994/1068/1004 878/1078/1013 983/1069/1005
f 983/1069/1005 878/1078/1013 879/1079/1014
f 983/1069/1005 879/1079/1014 885/1070/1006
f 885/1070/1006 879/1079/1014 880/1080/1015
f 885/1070/1006 880/1080/1015 962/1071/1007
f 962/1071/1007 880/1080/1015 951/1072/1008
f 880/1080/1015 881/1081/1016 951/1072/1008
f 951/1072/1008 881/1081/1016 940/1073/1009
f 881/1081/1016 882/1082/1017 940/1073/1009
f 940/1073/1009 882/1082/1017 929/1074/1010
f 929/1074/1010 882/1082/1017 886/1075/1011
f 886/1075/1011 882/1082/1017 883/1083/1018
f 886/1075/1011 883/1083/1018 908/1076/1012
f 908/1076/1012 883/1083/1018 884/931/879
f 908/1076/1012 884/931/879 897/933/881
f 1000/1084/1019 701/1085/843 1018/1086/1020
f 1018/1086/1020 701/1085/843 700/1087/1021
f 1018/1086/1020 700/1087/1021 1017/1088/1022
f 1017/1088/1022 700/1087/1021 699/1089/1023
f 1017/1088/1022 699/1089/1023 1016/1090/1024
f 1016/1090/1024 699/1089/1023 698/1091/1025
f 1016/1090/1024 698/1091/1025 1015/1092/1026
f 1015/1092/1026 698/1091/1025 1014/1093/1027
f 1015/1092/1026 1014/1093/1027 1033/1094/1028
f 1033/1094/1028 1014/1093/1027 1032/1095/1029
f 1033/1094/1028 1032/1095/1029 1051/1096/1030
f 1051/1096/1030 1032/1095/1029 1050/1097/1031
f 1051/1096/1030 1050/1097/1031 432/1098/1032
f 432/1098/1032 1050/1097/1031 433/1099/1033
f 433/1099/1033 1050/1097/1031 1049/1100/1034
f 433/1099/1033 1049/1100/1034 1048/1101/1035
f 1048/1101/1035 1049/1100/1034 1030/1102/1036
f 1048/1101/1035 1030/1102/1036 1029/1103/1037
f 1029/1103/1037 1030/1102/1036 1011/1104/1038
f 1029/1103/1037 1011/1104/1038 1010/1105/1039
f 1010/1105/1039 1011/1104/1038 695/1106/807
f 1010/1105/1039 695/1106/807 1009/1107/1040
f 1009/1107/1040 695/1106/807 694/1108/1041
f 1009/1107/1040 694/1108/1041 1008/1109/1042
f 1008/1109/1042 694/1108/1041 693/1110/1043
f 1008/1109/1042 693/1110/1043 1007/1111/1044
f 1007/1111/1044 693/1110/1043 1006/1112/1045
f 1007/1111/1044 1006/1112/1045 1025/1113/1046
f 1025/1113/1046 1006/1112/1045 1024/1114/1047
f 1025/1113/1046 1024/1114/1047 1043/1115/1048
f 1043/1115/1048 1024/1114/1047 1042/1116/1049
f 1043/1115/1048 1042/1116/1049 437/1117/1050
f 437/1117/1050 1042/1116/1049 438/1118/1051
f 438/1118/1051 1042/1116/1049 1041/1119/1052
f 438/1118/1051 1041/1119/1052 1040/1120/1053
f 1040/1120/1053 1041/1119/1052 1022/1121/1054
f 1040/1120/1053 1022/1121/1054 1021/1122/1055
f 1021/1122/1055 1022/1121/1054 1003/1123/1056
f 1021/1122/1055 1003/1123/1056 1002/1124/1057
f 1002/1124/1057 1003/1123/1056 690/1125/1058
f 1002/1124/1057 690/1125/1058 1001/1126/1059
f 1001/1126/1059 690/1125/1058 689/1127/713
f 1001/1126/1059 689/1127/713 995/1128/1060
f 698/1091/1025 697/1129/1061 1014/1093/1027
f 1014/1093/1027 697/1129/1061 1013/1130/1062
f 1014/1093/1027 1013/1130/1062 1032/1095/1029
f 1032/1095/1029 1013/1130/1062 1031/1131/1063
f 1032/1095/1029 1031/1131/1063 1050/1097/1031
f 1050/1097/1031 1031/1131/1063 1049/1100/1034
f 1013/1130/1062 697/1129/1061 1012/1132/1064
f 1012/1132/1064 697/1129/1061 696/1133/1065
f 1012/1132/1064 696/1133/1065 1011/1104/1038
f 1011/1104/1038 696/1133/1065 695/1106/807
f 693/1110/1043 692/1134/1066 1006/1112/1045
f 1006/1112/1045 692/1134/1066 1005/1135/1067
f 1006/1112/1045 1005/1135/1067 1024/1114/1047
f 1024/1114/1047 1005/1135/1067 1023/1136/1068
f 1024/1114/1047 1023/1136/1068 1042/1116/1049
f 1042/1116/1049 1023/1136/1068 1041/1119/1052
f 1005/1135/1067 692/1134/1066 1004/1137/1069
f 1004/1137/1069 692/1134/1066 691/1138/1070
f 1004/1137/1069 691/1138/1070 1003/1123/1056
f 1003/1123/1056 691/1138/1070 690/1125/1058
f 995/1128/1060 996/1139/1071 1001/1126/1059
f 1001/1126/1059 996/1139/1071 1019/1140/1072
f 1001/1126/1059 1019/1140/1072 1020/1141/1073
f 1020/1141/1073 1019/1140/1072 1038/1142/1074
f 1020/1141/1073 1038/1142/1074 1039/1143/1075
f 1039/1143/1075 1038/1142/1074 439/1144/1076
f 1039/1143/1075 439/1144/1076 1040/1120/1053
f 1040/1120/1053 439/1144/1076 438/1118/1051
f 996/1139/1071 997/1145/1077 1019/1140/1072
f 1019/1140/1072 997/1145/1077 1037/1146/1078
f 1019/1140/1072 1037/1146/1078 1038/1142/1074
f 1038/1142/1074 1037/1146/1078 440/1147/1079
f 1038/1142/1074 440/1147/1079 439/1144/1076
f 997/1145/1077 441/1148/552 1037/1146/1078
f 1037/1146/1078 441/1148/552 440/1147/1079
f 437/1117/1050 436/1149/1080 1043/1115/1048
f 1043/1115/1048 436/1149/1080 1044/1150/1081
f 1043/1115/1048 1044/1150/1081 1025/1113/1046
f 1025/1113/1046 1044/1150/1081 1026/1151/1082
f 1025/1113/1046 1026/1151/1082 1007/1111/1044
f 1007/1111/1044 1026/1151/1082 1008/1109/1042
f 1044/1150/1081 436/1149/1080 1045/1152/1083
f 1045/1152/1083 436/1149/1080 435/1153/1084
f 1045/1152/1083 435/1153/1084 1046/1154/1085
f 1046/1154/1085 435/1153/1084 1047/1155/1086
f 1046/1154/1085 1047/1155/1086 1028/1156/1087
f 1028/1156/1087 1047/1155/1086 1029/1103/1037
f 1028/1156/1087 1029/1103/1037 1010/1105/1039
f 435/1153/1084 434/1157/1088 1047/1155/1086
f 1047/1155/1086 434/1157/1088 1048/1101/1035
f 1047/1155/1086 1048/1101/1035 1029/1103/1037
f 434/1157/1088 433/1099/1033 1048/1101/1035
f 432/1098/1032 431/1158/1089 1051/1096/1030
f 1051/1096/1030 431/1158/1089 1052/1159/1090
f 1051/1096/1030 1052/1159/1090 1033/1094/1028
f 1033/1094/1028 1052/1159/1090 1034/1160/1091
f 1033/1094/1028 1034/1160/1091 1015/1092/1026
f 1015/1092/1026 1034/1160/1091 1016/1090/1024
f 1052/1159/1090 431/1158/1089 1053/1161/1092
f 1053/1161/1092 431/1158/1089 430/1162/1093
f 1053/1161/1092 430/1162/1093 1054/1163/1094
f 1054/1163/1094 430/1162/1093 429/1164/1095
f 1054/1163/1094 429/1164/1095 998/1165/1096
f 1054/1163/1094 998/1165/1096 1036/1166/1097
f 1036/1166/1097 998/1165/1096 999/1167/1098
f 1036/1166/1097 999/1167/1098 1018/1086/1020
f 1018/1086/1020 999/1167/1098 1000/1084/1019
f 1021/1122/1055 1002/1124/1057 1020/1141/1073
f 1020/1141/1073 1002/1124/1057 1001/1126/1059
f 1023/1136/1068 1005/1135/1067 1004/1137/1069
f 1023/1136/1068 1004/1137/1069 1022/1121/1054
f 1022/1121/1054 1004/1137/1069 1003/1123/1056
f 1028/1156/1087 1010/1105/1039 1009/1107/1040
f 1009/1107/1040 1008/1109/1042 1027/1168/1099
f 1027/1168/1099 1008/1109/1042 1026/1151/1082
f 1027/1168/1099 1026/1151/1082 1045/1152/1083
f 1045/1152/1083 1026/1151/1082 1044/1150/1081
f 1031/1131/1063 1013/1130/1062 1012/1132/1064
f 1031/1131/1063 1012/1132/1064 1030/1102/1036
f 1030/1102/1036 1012/1132/1064 1011/1104/1038
f 1036/1166/1097 1018/1086/1020 1017/1088/1022
f 1017/1088/1022 1016/1090/1024 1035/1169/1100
f 1035/1169/1100 1016/1090/1024 1034/1160/1091
f 1035/1169/1100 1034/1160/1091 1053/1161/1092
f 1053/1161/1092 1034/1160/1091 1052/1159/1090
f 1040/1120/1053 1021/1122/1055 1039/1143/1075
f 1039/1143/1075 1021/1122/1055 1020/1141/1073
f 1041/1119/1052 1023/1136/1068 1022/1121/1054
f 1046/1154/1085 1028/1156/1087 1027/1168/1099
f 1027/1168/1099 1028/1156/1087 1009/1107/1040
f 1046/1154/1085 1027/1168/1099 1045/1152/1083
f 1049/1100/1034 1031/1131/1063 1030/1102/1036
f 1054/1163/1094 1036/1166/1097 1035/1169/1100
f 1035/1169/1100 1036/1166/1097 1017/1088/1022
f 1054/1163/1094 1035/1169/1100 1053/1161/1092
f 1055/1170/1101 1056/1171/1102 1098/1172/1103
f 1098/1172/1103 1056/1171/1102 1112/1173/1104
f 1098/1172/1103 1112/1173/1104 1097/1174/1105
f 1097/1174/1105 1112/1173/1104 1123/1175/1106
f 1097/1174/1105 1123/1175/1106 1096/1176/1107
f 1096/1176/1107 1123/1175/1106 1134/1177/1108
f 1096/1176/1107 1134/1177/1108 1095/1178/1109
f 1095/1178/1109 1134/1177/1108 1094/1179/1110
f 1094/1179/1110 1134/1177/1108 1145/1180/1111
f 1094/1179/1110 1145/1180/1111 1093/1181/1112
f 1093/1181/1112 1145/1180/1111 1156/1182/1113
f 1093/1181/1112 1156/1182/1113 1092/1183/1114
f 1092/1183/1114 1156/1182/1113 1167/1184/1115
f 1092/1183/1114 1167/1184/1115 1091/1185/1116
f 1091/1185/1116 1167/1184/1115 1178/1186/1117
f 1091/1185/1116 1178/1186/1117 1090/1187/1118
f 1090/1187/1118 1178/1186/1117 1189/1188/1119
f 1090/1187/1118 1189/1188/1119 1089/1189/1120
f 1089/1189/1120 1189/1188/1119 1200/1190/1121
f 1089/1189/1120 1200/1190/1121 1101/1191/1122
f 1101/1191/1122 1200/1190/1121 1199/1192/1123
f 1101/1191/1122 1199/1192/1123 1210/1193/1124
f 1210/1193/1124 1199/1192/1123 1198/1194/1125
f 1210/1193/1124 1198/1194/1125 1209/1195/1126
f 1209/1195/1126 1198/1194/1125 1197/1196/1127
f 1209/1195/1126 1197/1196/1127 1208/1197/1128
f 1208/1197/1128 1197/1196/1127 1196/1198/1129
f 1208/1197/1128 1196/1198/1129 1207/1199/1130
f 1207/1199/1130 1196/1198/1129 1195/1200/1131
f 1207/1199/1130 1195/1200/1131 1206/1201/1132
f 1206/1201/1132 1195/1200/1131 1194/1202/1133
f 1206/1201/1132 1194/1202/1133 1205/1203/1134
f 1205/1203/1134 1194/1202/1133 1193/1204/1135
f 1205/1203/1134 1193/1204/1135 1204/1205/1136
f 1204/1205/1136 1193/1204/1135 1192/1206/1137
f 1204/1205/1136 1192/1206/1137 1203/1207/1138
f 1203/1207/1138 1192/1206/1137 1191/1208/1139
f 1203/1207/1138 1191/1208/1139 1202/1209/1140
f 1202/1209/1140 1191/1208/1139 1190/1210/1141
f 1202/1209/1140 1190/1210/1141 1201/1211/1142
f 1201/1211/1142 1190/1210/1141 1076/1212/1143
f 1201/1211/1142 1076/1212/1143 1077/1213/1144
f 1112/1173/1104 1056/1171/1102 1111/1214/1145
f 1111/1214/1145 1056/1171/1102 1057/1215/1146
f 1111/1214/1145 1057/1215/1146 1110/1216/1147
f 1110/1216/1147 1057/1215/1146 1058/1217/1148
f 1110/1216/1147 1058/1217/1148 1109/1218/1149
f 1109/1218/1149 1058/1217/1148 1059/1219/1150
f 1109/1218/1149 1059/1219/1150 1108/1220/1151
f 1108/1220/1151 1059/1219/1150 1060/1221/1152
f 1108/1220/1151 1060/1221/1152 1107/1222/1153
f 1107/1222/1153 1060/1221/1152 1106/1223/1154
f 1107/1222/1153 1106/1223/1154 1118/1224/1155
f 1118/1224/1155 1106/1223/1154 1117/1225/1156
f 1118/1224/1155 1117/1225/1156 1129/1226/1157
f 1129/1226/1157 1117/1225/1156 1128/1227/1158
f 1129/1226/1157 1128/1227/1158 1140/1228/1159
f 1140/1228/1159 1128/1227/1158 1139/1229/1160
f 1140/1228/1159 1139/1229/1160 1151/1230/1161
f 1151/1230/1161 1139/1229/1160 1150/1231/1162
f 1151/1230/1161 1150/1231/1162 1162/1232/1163
f 1162/1232/1163 1150/1231/1162 1161/1233/1164
f 1162/1232/1163 1161/1233/1164 1173/1234/1165
f 1173/1234/1165 1161/1233/1164 1172/1235/1166
f 1173/1234/1165 1172/1235/1166 1184/1236/1167
f 1184/1236/1167 1172/1235/1166 1183/1237/1168
f 1184/1236/1167 1183/1237/1168 1195/1200/1131
f 1195/1200/1131 1183/1237/1168 1194/1202/1133
f 1060/1221/1152 1061/1238/1169 1106/1223/1154
f 1106/1223/1154 1061/1238/1169 1105/1239/1170
f 1106/1223/1154 1105/1239/1170 1117/1225/1156
f 1117/1225/1156 1105/1239/1170 1116/1240/1171
f 1117/1225/1156 1116/1240/1171 1128/1227/1158
f 1128/1227/1158 1116/1240/1171 1127/1241/1172
f 1128/1227/1158 1127/1241/1172 1139/1229/1160
f 1139/1229/1160 1127/1241/1172 1138/1242/1173
f 1139/1229/1160 1138/1242/1173 1150/1231/1162
f 1150/1231/1162 1138/1242/1173 1149/1243/1174
f 1150/1231/1162 1149/1243/1174 1161/1233/1164
f 1161/1233/1164 1149/1243/1174 1160/1244/1175
f 1161/1233/1164 1160/1244/1175 1172/1235/1166
f 1172/1235/1166 1160/1244/1175 1171/1245/1176
f 1172/1235/1166 1171/1245/1176 1183/1237/1168
f 1183/1237/1168 1171/1245/1176 1182/1246/1177
f 1183/1237/1168 1182/1246/1177 1194/1202/1133
f 1194/1202/1133 1182/1246/1177 1193/1204/1135
f 1061/1238/1169 1062/1247/1178 1105/1239/1170
f 1105/1239/1170 1062/1247/1178 1104/1248/1179
f 1105/1239/1170 1104/1248/1179 1116/1240/1171
f 1116/1240/1171 1104/1248/1179 1115/1249/1180
f 1116/1240/1171 1115/1249/1180 1127/1241/1172
f 1127/1241/1172 1115/1249/1180 1126/1250/1181
f 1127/1241/1172 1126/1250/1181 1138/1242/1173
f 1138/1242/1173 1126/1250/1181 1137/1251/1182
f 1138/1242/1173 1137/1251/1182 1149/1243/1174
f 1149/1243/1174 1137/1251/1182 1148/1252/1183
f 1149/1243/1174 1148/1252/1183 1160/1244/1175
f 1160/1244/1175 1148/1252/1183 1159/1253/1184
f 1160/1244/1175 1159/1253/1184 1171/1245/1176
f 1171/1245/1176 1159/1253/1184 1170/1254/1185
f 1171/1245/1176 1170/1254/1185 1182/1246/1177
f 1182/1246/1177 1170/1254/1185 1181/1255/1186
f 1182/1246/1177 1181/1255/1186 1193/1204/1135
f 1193/1204/1135 1181/1255/1186 1192/1206/1137
f 1062/1247/1178 1063/1256/1187 1104/1248/1179
f 1104/1248/1179 1063/1256/1187 1103/1257/1188
f 1104/1248/1179 1103/1257/1188 1115/1249/1180
f 1115/1249/1180 1103/1257/1188 1114/1258/1189
f 1115/1249/1180 1114/1258/1189 1126/1250/1181
f 1126/1250/1181 1114/1258/1189 1125/1259/1190
f 1126/1250/1181 1125/1259/1190 1137/1251/1182
f 1137/1251/1182 1125/1259/1190 1136/1260/1191
f 1137/1251/1182 1136/1260/1191 1148/1252/1183
f 1148/1252/1183 1136/1260/1191 1147/1261/1192
f 1148/1252/1183 1147/1261/1192 1159/1253/1184
f 1159/1253/1184 1147/1261/1192 1158/1262/1193
f 1159/1253/1184 1158/1262/1193 1170/1254/1185
f 1170/1254/1185 1158/1262/1193 1169/1263/1194
f 1170/1254/1185 1169/1263/1194 1181/1255/1186
f 1181/1255/1186 1169/1263/1194 1180/1264/1195
f 1181/1255/1186 1180/1264/1195 1192/1206/1137
f 1192/1206/1137 1180/1264/1195 1191/1208/1139
f 1063/1256/1187 1064/1265/1196 1103/1257/1188
f 1103/1257/1188 1064/1265/1196 1102/1266/1197
f 1103/1257/1188 1102/1266/1197 1114/1258/1189
f 1114/1258/1189 1102/1266/1197 1113/1267/1198
f 1114/1258/1189 1113/1267/1198 1125/1259/1190
f 1125/1259/1190 1113/1267/1198 1124/1268/1199
f 1125/1259/1190 1124/1268/1199 1136/1260/1191
f 1136/1260/1191 1124/1268/1199 1135/1269/1200
f 1136/1260/1191 1135/1269/1200 1147/1261/1192
f 1147/1261/1192 1135/1269/1200 1146/1270/1201
f 1147/1261/1192 1146/1270/1201 1158/1262/1193
f 1158/1262/1193 1146/1270/1201 1157/1271/1202
f 1158/1262/1193 1157/1271/1202 1169/1263/1194
f 1169/1263/1194 1157/1271/1202 1168/1272/1203
f 1169/1263/1194 1168/1272/1203 1180/1264/1195
f 1180/1264/1195 1168/1272/1203 1179/1273/1204
f 1180/1264/1195 1179/1273/1204 1191/1208/1139
f 1191/1208/1139 1179/1273/1204 1190/1210/1141
f 1065/1274/1205 1066/1275/1206 1064/1265/1196
f 1064/1265/1196 1066/1275/1206 1102/1266/1197
f 1066/1275/1206 1067/1276/1207 1102/1266/1197
f 1102/1266/1197 1067/1276/1207 1113/1267/1198
f 1067/1276/1207 1068/1277/1208 1113/1267/1198
f 1113/1267/1198 1068/1277/1208 1069/1278/1209
f 1113/1267/1198 1069/1278/1209 1124/1268/1199
f 1124/1268/1199 1069/1278/1209 1070/1279/1210
f 1124/1268/1199 1070/1279/1210 1135/1269/1200
f 1135/1269/1200 1070/1279/1210 1071/1280/1211
f 1135/1269/1200 1071/1280/1211 1146/1270/1201
f 1146/1270/1201 1071/1280/1211 1072/1281/1212
f 1146/1270/1201 1072/1281/1212 1157/1271/1202
f 1157/1271/1202 1072/1281/1212 1073/1282/1213
f 1157/1271/1202 1073/1282/1213 1168/1272/1203
f 1168/1272/1203 1073/1282/1213 1074/1283/1214
f 1168/1272/1203 1074/1283/1214 1179/1273/1204
f 1179/1273/1204 1074/1283/1214 1075/1284/1215
f 1179/1273/1204 1075/1284/1215 1190/1210/1141
f 1190/1210/1141 1075/1284/1215 1076/1212/1143
f 1201/1211/1142 1077/1213/1144 1211/1285/1216
f 1211/1285/1216 1077/1213/1144 1078/1286/1217
f 1211/1285/1216 1078/1286/1217 1079/1287/1218
f 1211/1285/1216 1079/1287/1218 1222/1288/1219
f 1222/1288/1219 1079/1287/1218 1080/1289/1220
f 1222/1288/1219 1080/1289/1220 1232/1290/1221
f 1232/1290/1221 1080/1289/1220 1081/1291/1222
f 1232/1290/1221 1081/1291/1222 1082/1292/1223
f 1232/1290/1221 1082/1292/1223 1243/1293/1224
f 1243/1293/1224 1082/1292/1223 1083/1294/1225
f 1243/1293/1224 1083/1294/1225 1253/1295/1226
f 1253/1295/1226 1083/1294/1225 1084/1296/1227
f 1253/1295/1226 1084/1296/1227 1085/1297/1228
f 1088/1298/1229 1100/1299/1230 1087/1300/1231
f 1087/1300/1231 1100/1299/1230 1242/1301/1232
f 1087/1300/1231 1242/1301/1232 1099/1302/1233
f 1099/1302/1233 1242/1301/1232 1241/1303/1234
f 1099/1302/1233 1241/1303/1234 1252/1304/1235
f 1252/1304/1235 1241/1303/1234 1240/1305/1236
f 1252/1304/1235 1240/1305/1236 1251/1306/1237
f 1251/1306/1237 1240/1305/1236 1239/1307/1238
f 1251/1306/1237 1239/1307/1238 1250/1308/1239
f 1250/1308/1239 1239/1307/1238 1238/1309/1240
f 1250/1308/1239 1238/1309/1240 1249/1310/1241
f 1249/1310/1241 1238/1309/1240 1237/1311/1242
f 1249/1310/1241 1237/1311/1242 1248/1312/1243
f 1248/1312/1243 1237/1311/1242 1236/1313/1244
f 1248/1312/1243 1236/1313/1244 1247/1314/1245
f 1247/1314/1245 1236/1313/1244 1235/1315/1246
f 1247/1314/1245 1235/1315/1246 1246/1316/1247
f 1246/1316/1247 1235/1315/1246 1234/1317/1248
f 1246/1316/1247 1234/1317/1248 1245/1318/1249
f 1245/1318/1249 1234/1317/1248 1233/1319/1250
f 1245/1318/1249 1233/1319/1250 1244/1320/1251
f 1244/1320/1251 1233/1319/1250 1232/1290/1221
f 1244/1320/1251 1232/1290/1221 1243/1293/1224
f 1089/1189/1120 1101/1191/1122 1088/1298/1229
f 1088/1298/1229 1101/1191/1122 1221/1321/1252
f 1088/1298/1229 1221/1321/1252 1100/1299/1230
f 1100/1299/1230 1221/1321/1252 1220/1322/1253
f 1100/1299/1230 1220/1322/1253 1231/1323/1254
f 1231/1323/1254 1220/1322/1253 1219/1324/1255
f 1231/1323/1254 1219/1324/1255 1230/1325/1256
f 1230/1325/1256 1219/1324/1255 1218/1326/1257
f 1230/1325/1256 1218/1326/1257 1229/1327/1258
f 1229/1327/1258 1218/1326/1257 1217/1328/1259
f 1229/1327/1258 1217/1328/1259 1228/1329/1260
f 1228/1329/1260 1217/1328/1259 1216/1330/1261
f 1228/1329/1260 1216/1330/1261 1227/1331/1262
f 1227/1331/1262 1216/1330/1261 1215/1332/1263
f 1227/1331/1262 1215/1332/1263 1226/1333/1264
f 1226/1333/1264 1215/1332/1263 1214/1334/1265
f 1226/1333/1264 1214/1334/1265 1225/1335/1266
f 1225/1335/1266 1214/1334/1265 1213/1336/1267
f 1225/1335/1266 1213/1336/1267 1224/1337/1268
f 1224/1337/1268 1213/1336/1267 1212/1338/1269
f 1224/1337/1268 1212/1338/1269 1223/1339/1270
f 1223/1339/1270 1212/1338/1269 1211/1285/1216
f 1223/1339/1270 1211/1285/1216 1222/1288/1219
f 1085/1297/1228 1086/1340/1271 1253/1295/1226
f 1253/1295/1226 1086/1341/1272 1254/1342/1273
f 1254/1342/1273 1086/1343/1274 1255/1344/1275
f 1255/1344/1275 1086/1345/1276 1256/1346/1277
f 1256/1346/1277 1086/1347/1278 1257/1348/1279
f 1257/1348/1279 1086/1349/1280 1258/1350/1281
f 1258/1350/1281 1086/1351/1282 1259/1352/1283
f 1259/1352/1283 1086/1353/1284 1260/1354/1285
f 1260/1354/1285 1086/1355/1286 1261/1356/1287
f 1261/1356/1287 1086/1357/1288 1262/1358/1289
f 1262/1358/1289 1086/1359/1290 1263/1360/1291
f 1108/1220/1151 1107/1222/1153 1119/1361/1292
f 1119/1361/1292 1107/1222/1153 1118/1224/1155
f 1119/1361/1292 1118/1224/1155 1130/1362/1293
f 1130/1362/1293 1118/1224/1155 1129/1226/1157
f 1130/1362/1293 1129/1226/1157 1141/1363/1294
f 1141/1363/1294 1129/1226/1157 1140/1228/1159
f 1141/1363/1294 1140/1228/1159 1152/1364/1295
f 1152/1364/1295 1140/1228/1159 1151/1230/1161
f 1152/1364/1295 1151/1230/1161 1163/1365/1296
f 1163/1365/1296 1151/1230/1161 1162/1232/1163
f 1163/1365/1296 1162/1232/1163 1174/1366/1297
f 1174/1366/1297 1162/1232/1163 1173/1234/1165
f 1174/1366/1297 1173/1234/1165 1185/1367/1298
f 1185/1367/1298 1173/1234/1165 1184/1236/1167
f 1185/1367/1298 1184/1236/1167 1196/1198/1129
f 1196/1198/1129 1184/1236/1167 1195/1200/1131
f 1109/1218/1149 1108/1220/1151 1120/1368/1299
f 1120/1368/1299 1108/1220/1151 1119/1361/1292
f 1120/1368/1299 1119/1361/1292 1131/1369/1300
f 1131/1369/1300 1119/1361/1292 1130/1362/1293
f 1131/1369/1300 1130/1362/1293 1142/1370/1301
f 1142/1370/1301 1130/1362/1293 1141/1363/1294
f 1142/1370/1301 1141/1363/1294 1153/1371/1302
f 1153/1371/1302 1141/1363/1294 1152/1364/1295
f 1153/1371/1302 1152/1364/1295 1164/1372/1303
f 1164/1372/1303 1152/1364/1295 1163/1365/1296
f 1164/1372/1303 1163/1365/1296 1175/1373/1304
f 1175/1373/1304 1163/1365/1296 1174/1366/1297
f 1175/1373/1304 1174/1366/1297 1186/1374/1305
f 1186/1374/1305 1174/1366/1297 1185/1367/1298
f 1186/1374/1305 1185/1367/1298 1197/1196/1127
f 1197/1196/1127 1185/1367/1298 1196/1198/1129
f 1110/1216/1147 1109/1218/1149 1121/1375/1306
f 1121/1375/1306 1109/1218/1149 1120/1368/1299
f 1121/1375/1306 1120/1368/1299 1132/1376/1307
f 1132/1376/1307 1120/1368/1299 1131/1369/1300
f 1132/1376/1307 1131/1369/1300 1143/1377/1308
f 1143/1377/1308 1131/1369/1300 1142/1370/1301
f 1143/1377/1308 1142/1370/1301 1154/1378/1309
f 1154/1378/1309 1142/1370/1301 1153/1371/1302
f 1154/1378/1309 1153/1371/1302 1165/1379/1310
f 1165/1379/1310 1153/1371/1302 1164/1372/1303
f 1165/1379/1310 1164/1372/1303 1176/1380/1311
f 1176/1380/1311 1164/1372/1303 1175/1373/1304
f 1176/1380/1311 1175/1373/1304 1187/1381/1312
f 1187/1381/1312 1175/1373/1304 1186/1374/1305
f 1187/1381/1312 1186/1374/1305 1198/1194/1125
f 1198/1194/1125 1186/1374/1305 1197/1196/1127
f 1123/1175/1106 1112/1173/1104 1111/1214/1145
f 1111/1214/1145 1110/1216/1147 1122/1382/1313
f 1122/1382/1313 1110/1216/1147 1121/1375/1306
f 1122/1382/1313 1121/1375/1306 1133/1383/1314
f 1133/1383/1314 1121/1375/1306 1132/1376/1307
f 1133/1383/1314 1132/1376/1307 1144/1384/1315
f 1144/1384/1315 1132/1376/1307 1143/1377/1308
f 1144/1384/1315 1143/1377/1308 1155/1385/1316
f 1155/1385/1316 1143/1377/1308 1154/1378/1309
f 1155/1385/1316 1154/1378/1309 1166/1386/1317
f 1166/1386/1317 1154/1378/1309 1165/1379/1310
f 1166/1386/1317 1165/1379/1310 1177/1387/1318
f 1177/1387/1318 1165/1379/1310 1176/1380/1311
f 1177/1387/1318 1176/1380/1311 1188/1388/1319
f 1188/1388/1319 1176/1380/1311 1187/1381/1312
f 1188/1388/1319 1187/1381/1312 1199/1192/1123
f 1199/1192/1123 1187/1381/1312 1198/1194/1125
f 1134/1177/1108 1123/1175/1106 1122/1382/1313
f 1122/1382/1313 1123/1175/1106 1111/1214/1145
f 1134/1177/1108 1122/1382/1313 1133/1383/1314
f 1145/1180/1111 1134/1177/1108 1133/1383/1314
f 1145/1180/1111 1133/1383/1314 1144/1384/1315
f 1156/1182/1113 1145/1180/1111 1144/1384/1315
f 1156/1182/1113 1144/1384/1315 1155/1385/1316
f 1167/1184/1115 1156/1182/1113 1155/1385/1316
f 1167/1184/1115 1155/1385/1316 1166/1386/1317
f 1178/1186/1117 1167/1184/1115 1166/1386/1317
f 1178/1186/1117 1166/1386/1317 1177/1387/1318
f 1189/1188/1119 1178/1186/1117 1177/1387/1318
f 1189/1188/1119 1177/1387/1318 1188/1388/1319
f 1200/1190/1121 1189/1188/1119 1188/1388/1319
f 1200/1190/1121 1188/1388/1319 1199/1192/1123
f 1211/1285/1216 1212/1338/1269 1201/1211/1142
f 1201/1211/1142 1212/1338/1269 1202/1209/1140
f 1212/1338/1269 1213/1336/1267 1202/1209/1140
f 1202/1209/1140 1213/1336/1267 1203/1207/1138
f 1213/1336/1267 1214/1334/1265 1203/1207/1138
f 1203/1207/1138 1214/1334/1265 1204/1205/1136
f 1214/1334/1265 1215/1332/1263 1204/1205/1136
f 1204/1205/1136 1215/1332/1263 1205/1203/1134
f 1215/1332/1263 1216/1330/1261 1205/1203/1134
f 1205/1203/1134 1216/1330/1261 1206/1201/1132
f 1216/1330/1261 1217/1328/1259 1206/1201/1132
f 1206/1201/1132 1217/1328/1259 1207/1199/1130
f 1217/1328/1259 1218/1326/1257 1207/1199/1130
f 1207/1199/1130 1218/1326/1257 1208/1197/1128
f 1218/1326/1257 1219/1324/1255 1208/1197/1128
f 1208/1197/1128 1219/1324/1255 1209/1195/1126
f 1221/1321/1252 1101/1191/1122 1210/1193/1124
f 1219/1324/1255 1220/1322/1253 1209/1195/1126
f 1209/1195/1126 1220/1322/1253 1210/1193/1124
f 1220/1322/1253 1221/1321/1252 1210/1193/1124
f 1232/1290/1221 1233/1319/1250 1222/1288/1219
f 1222/1288/1219 1233/1319/1250 1223/1339/1270
f 1233/1319/1250 1234/1317/1248 1223/1339/1270
f 1223/1339/1270 1234/1317/1248 1224/1337/1268
f 1234/1317/1248 1235/1315/1246 1224/1337/1268
f 1224/1337/1268 1235/1315/1246 1225/1335/1266
f 1235/1315/1246 1236/1313/1244 1225/1335/1266
f 1225/1335/1266 1236/1313/1244 1226/1333/1264
f 1236/1313/1244 1237/1311/1242 1226/1333/1264
f 1226/1333/1264 1237/1311/1242 1227/1331/1262
f 1237/1311/1242 1238/1309/1240 1227/1331/1262
f 1227/1331/1262 1238/1309/1240 1228/1329/1260
f 1238/1309/1240 1239/1307/1238 1228/1329/1260
f 1228/1329/1260 1239/1307/1238 1229/1327/1258
f 1239/1307/1238 1240/1305/1236 1229/1327/1258
f 1229/1327/1258 1240/1305/1236 1230/1325/1256
f 1242/1301/1232 1100/1299/1230 1231/1323/1254
f 1240/1305/1236 1241/1303/1234 1230/1325/1256
f 1230/1325/1256 1241/1303/1234 1231/1323/1254
f 1241/1303/1234 1242/1301/1232 1231/1323/1254
f 1087/1300/1231 1099/1302/1233 1263/1360/1291
f 1263/1360/1291 1099/1302/1233 1252/1304/1235
f 1263/1360/1291 1252/1304/1235 1262/1358/1289
f 1262/1358/1289 1252/1304/1235 1251/1306/1237
f 1262/1358/1289 1251/1306/1237 1261/1356/1287
f 1261/1356/1287 1251/1306/1237 1250/1308/1239
f 1261/1356/1287 1250/1308/1239 1260/1354/1285
f 1260/1354/1285 1250/1308/1239 1249/1310/1241
f 1260/1354/1285 1249/1310/1241 1259/1352/1283
f 1259/1352/1283 1249/1310/1241 1248/1312/1243
f 1259/1352/1283 1248/1312/1243 1258/1350/1281
f 1258/1350/1281 1248/1312/1243 1247/1314/1245
f 1258/1350/1281 1247/1314/1245 1257/1348/1279
f 1257/1348/1279 1247/1314/1245 1246/1316/1247
f 1257/1348/1279 1246/1316/1247 1256/1346/1277
f 1256/1346/1277 1246/1316/1247 1245/1318/1249
f 1256/1346/1277 1245/1318/1249 1255/1344/1275
f 1255/1344/1275 1245/1318/1249 1244/1320/1251
f 1255/1344/1275 1244/1320/1251 1254/1342/1273
f 1254/1342/1273 1244/1320/1251 1243/1293/1224
f 1254/1342/1273 1243/1293/1224 1253/1295/1226
f 1086/1389/1320 1087/1300/1231 1263/1360/1291
f 1298/1390/1321 1264/1391/1322 1319/1392/1323
f 1319/1392/1323 1264/1391/1322 1265/1393/1324
f 1319/1392/1323 1265/1393/1324 1318/1394/1325
f 1318/1394/1325 1265/1393/1324 1317/1395/1326
f 1318/1394/1325 1317/1395/1326 1332/1396/1327
f 1332/1396/1327 1317/1395/1326 1331/1397/1328
f 1332/1396/1327 1331/1397/1328 1335/1398/1329
f 1335/1398/1329 1331/1397/1328 1336/1399/1330
f 1335/1398/1329 1336/1399/1330 1361/1400/1331
f 1361/1400/1331 1336/1399/1330 1360/1401/1332
f 1361/1400/1331 1360/1401/1332 1363/1402/1333
f 1363/1402/1333 1360/1401/1332 1364/1403/1334
f 1363/1402/1333 1364/1403/1334 1390/1404/1335
f 1390/1404/1335 1364/1403/1334 1389/1405/1336
f 1390/1404/1335 1389/1405/1336 1405/1406/1337
f 1405/1406/1337 1389/1405/1336 1404/1407/1338
f 1405/1406/1337 1404/1407/1338 1422/1408/1339
f 1422/1408/1339 1404/1407/1338 1423/1409/1340
f 1422/1408/1339 1423/1409/1340 1419/1410/1341
f 1419/1410/1341 1423/1409/1340 1418/1411/1342
f 1419/1410/1341 1418/1411/1342 1448/1412/1343
f 1448/1412/1343 1418/1411/1342 1447/1413/1344
f 1448/1412/1343 1447/1413/1344 1463/1414/1345
f 1463/1414/1345 1447/1413/1344 1462/1415/1346
f 1463/1414/1345 1462/1415/1346 1466/1416/1347
f 1466/1416/1347 1462/1415/1346 1467/1417/1348
f 1466/1416/1347 1467/1417/1348 1492/1418/1349
f 1492/1418/1349 1467/1417/1348 1491/1419/1350
f 1492/1418/1349 1491/1419/1350 1507/1420/1351
f 1507/1420/1351 1491/1419/1350 1506/1421/1352
f 1507/1420/1351 1506/1421/1352 1522/1422/1353
f 1522/1422/1353 1506/1421/1352 1521/1423/1354
f 1522/1422/1353 1521/1423/1354 1056/1424/1355
f 1056/1424/1355 1521/1423/1354 1057/1425/1356
f 1057/1425/1356 1521/1423/1354 1520/1426/1357
f 1057/1425/1356 1520/1426/1357 1519/1427/1358
f 1519/1427/1358 1520/1426/1357 1504/1428/1359
f 1519/1427/1358 1504/1428/1359 1503/1429/1360
f 1503/1429/1360 1504/1428/1359 1488/1430/1361
f 1503/1429/1360 1488/1430/1361 1487/1431/1362
f 1487/1431/1362 1488/1430/1361 1471/1432/1363
f 1487/1431/1362 1471/1432/1363 1472/1433/1364
f 1472/1433/1364 1471/1432/1363 1457/1434/1365
f 1472/1433/1364 1457/1434/1365 1456/1435/1366
f 1456/1435/1366 1457/1434/1365 1441/1436/1367
f 1456/1435/1366 1441/1436/1367 1440/1437/1368
f 1440/1437/1368 1441/1436/1367 1411/1438/1369
f 1440/1437/1368 1411/1438/1369 1410/1439/1370
f 1410/1439/1370 1411/1438/1369 1431/1440/1371
f 1410/1439/1370 1431/1440/1371 1432/1441/1372
f 1432/1441/1372 1431/1440/1371 1395/1442/1373
f 1432/1441/1372 1395/1442/1373 1394/1443/1374
f 1394/1443/1374 1395/1442/1373 1379/1444/1375
f 1394/1443/1374 1379/1444/1375 1378/1445/1376
f 1378/1445/1376 1379/1444/1375 1375/1446/1377
f 1378/1445/1376 1375/1446/1377 1376/1447/1378
f 1376/1447/1378 1375/1446/1377 1301/1448/1379
f 1376/1447/1378 1301/1448/1379 1279/1449/1380
f 1279/1449/1380 1301/1448/1379 1278/1450/1381
f 1278/1450/1381 1301/1448/1379 1348/1451/1382
f 1278/1450/1381 1348/1451/1382 1300/1452/1383
f 1300/1452/1383 1348/1451/1382 1347/1453/1384
f 1300/1452/1383 1347/1453/1384 1320/1454/1385
f 1320/1454/1385 1347/1453/1384 1346/1455/1386
f 1320/1454/1385 1346/1455/1386 1321/1456/1387
f 1321/1456/1387 1346/1455/1386 1345/1457/1388
f 1321/1456/1387 1345/1457/1388 1322/1458/1389
f 1322/1458/1389 1345/1457/1388 1344/1459/1390
f 1322/1458/1389 1344/1459/1390 1323/1460/1391
f 1323/1460/1391 1344/1459/1390 1343/1461/1392
f 1323/1460/1391 1343/1461/1392 1324/1462/1393
f 1324/1462/1393 1343/1461/1392 1342/1463/1394
f 1324/1462/1393 1342/1463/1394 1325/1464/1395
f 1325/1464/1395 1342/1463/1394 1341/1465/1396
f 1325/1464/1395 1341/1465/1396 1326/1466/1397
f 1326/1466/1397 1341/1465/1396 1340/1467/1398
f 1326/1466/1397 1340/1467/1398 1327/1468/1399
f 1327/1468/1399 1340/1467/1398 1339/1469/1400
f 1327/1468/1399 1339/1469/1400 1328/1470/1401
f 1328/1470/1401 1339/1469/1400 1338/1471/1402
f 1328/1470/1401 1338/1471/1402 1329/1472/1403
f 1329/1472/1403 1338/1471/1402 1337/1473/1404
f 1329/1472/1403 1337/1473/1404 1330/1474/1405
f 1330/1474/1405 1337/1473/1404 1336/1399/1330
f 1330/1474/1405 1336/1399/1330 1331/1397/1328
f 1265/1393/1324 1266/1475/1406 1317/1395/1326
f 1317/1395/1326 1266/1475/1406 1316/1476/1407
f 1317/1395/1326 1316/1476/1407 1331/1397/1328
f 1331/1397/1328 1316/1476/1407 1330/1474/1405
f 1266/1475/1406 1267/1477/1408 1316/1476/1407
f 1316/1476/1407 1267/1477/1408 1315/1478/1409
f 1316/1476/1407 1315/1478/1409 1330/1474/1405
f 1330/1474/1405 1315/1478/1409 1329/1472/1403
f 1315/1478/1409 1267/1477/1408 1314/1479/1410
f 1314/1479/1410 1267/1477/1408 1268/1480/1411
f 1314/1479/1410 1268/1480/1411 1313/1481/1412
f 1313/1481/1412 1268/1480/1411 1312/1482/1413
f 1313/1481/1412 1312/1482/1413 1327/1468/1399
f 1327/1468/1399 1312/1482/1413 1326/1466/1397
f 1268/1480/1411 1269/1483/1414 1312/1482/1413
f 1312/1482/1413 1269/1483/1414 1311/1484/1415
f 1312/1482/1413 1311/1484/1415 1326/1466/1397
f 1326/1466/1397 1311/1484/1415 1325/1464/1395
f 1269/1483/1414 1270/1485/1416 1311/1484/1415
f 1311/1484/1415 1270/1485/1416 1310/1486/1417
f 1311/1484/1415 1310/1486/1417 1325/1464/1395
f 1325/1464/1395 1310/1486/1417 1324/1462/1393
f 1270/1485/1416 1271/1487/1418 1310/1486/1417
f 1310/1486/1417 1271/1487/1418 1309/1488/1419
f 1310/1486/1417 1309/1488/1419 1324/1462/1393
f 1324/1462/1393 1309/1488/1419 1323/1460/1391
f 1271/1487/1418 1272/1489/1420 1309/1488/1419
f 1309/1488/1419 1272/1489/1420 1308/1490/1421
f 1309/1488/1419 1308/1490/1421 1323/1460/1391
f 1323/1460/1391 1308/1490/1421 1322/1458/1389
f 1272/1489/1420 1273/1491/1422 1308/1490/1421
f 1308/1490/1421 1273/1491/1422 1307/1492/1423
f 1308/1490/1421 1307/1492/1423 1322/1458/1389
f 1322/1458/1389 1307/1492/1423 1321/1456/1387
f 1273/1491/1422 1274/1493/1424 1307/1492/1423
f 1307/1492/1423 1274/1493/1424 1306/1494/1425
f 1307/1492/1423 1306/1494/1425 1321/1456/1387
f 1321/1456/1387 1306/1494/1425 1320/1454/1385
f 1274/1493/1424 1275/1495/1426 1306/1494/1425
f 1306/1494/1425 1275/1495/1426 1305/1496/1427
f 1306/1494/1425 1305/1496/1427 1320/1454/1385
f 1320/1454/1385 1305/1496/1427 1300/1452/1383
f 1275/1495/1426 1276/1497/1428 1305/1496/1427
f 1305/1496/1427 1276/1497/1428 1277/1498/1429
f 1305/1496/1427 1277/1498/1429 1300/1452/1383
f 1300/1452/1383 1277/1498/1429 1278/1450/1381
f 1376/1447/1378 1279/1449/1380 1377/1499/1430
f 1377/1499/1430 1279/1449/1380 1280/1500/1431
f 1377/1499/1430 1280/1500/1431 1392/1501/1432
f 1392/1501/1432 1280/1500/1431 1303/1502/1433
f 1392/1501/1432 1303/1502/1433 1434/1503/1434
f 1434/1503/1434 1303/1502/1433 1407/1504/1435
f 1434/1503/1434 1407/1504/1435 1408/1505/1436
f 1408/1505/1436 1407/1504/1435 1437/1506/1437
f 1408/1505/1436 1437/1506/1437 1438/1507/1438
f 1438/1507/1438 1437/1506/1437 1453/1508/1439
f 1438/1507/1438 1453/1508/1439 1454/1509/1440
f 1454/1509/1440 1453/1508/1439 1475/1510/1441
f 1454/1509/1440 1475/1510/1441 1474/1511/1442
f 1474/1511/1442 1475/1510/1441 1484/1512/1443
f 1474/1511/1442 1484/1512/1443 1485/1513/1444
f 1485/1513/1444 1484/1512/1443 1500/1514/1445
f 1485/1513/1444 1500/1514/1445 1501/1515/1446
f 1501/1515/1446 1500/1514/1445 1516/1516/1447
f 1501/1515/1446 1516/1516/1447 1517/1517/1448
f 1517/1517/1448 1516/1516/1447 1059/1518/1449
f 1517/1517/1448 1059/1518/1449 1058/1519/1450
f 1280/1500/1431 1281/1520/1451 1303/1502/1433
f 1303/1502/1433 1281/1520/1451 1406/1521/1452
f 1303/1502/1433 1406/1521/1452 1407/1504/1435
f 1407/1504/1435 1406/1521/1452 1436/1522/1453
f 1407/1504/1435 1436/1522/1453 1437/1506/1437
f 1437/1506/1437 1436/1522/1453 1452/1523/1454
f 1437/1506/1437 1452/1523/1454 1453/1508/1439
f 1453/1508/1439 1452/1523/1454 1476/1524/1455
f 1453/1508/1439 1476/1524/1455 1475/1510/1441
f 1475/1510/1441 1476/1524/1455 1483/1525/1456
f 1475/1510/1441 1483/1525/1456 1484/1512/1443
f 1484/1512/1443 1483/1525/1456 1499/1526/1457
f 1484/1512/1443 1499/1526/1457 1500/1514/1445
f 1500/1514/1445 1499/1526/1457 1515/1527/1458
f 1500/1514/1445 1515/1527/1458 1516/1516/1447
f 1516/1516/1447 1515/1527/1458 1059/1518/1449
f 1281/1520/1451 1282/1528/1459 1406/1521/1452
f 1406/1521/1452 1282/1528/1459 1435/1529/1460
f 1406/1521/1452 1435/1529/1460 1436/1522/1453
f 1436/1522/1453 1435/1529/1460 1451/1530/1461
f 1436/1522/1453 1451/1530/1461 1452/1523/1454
f 1452/1523/1454 1451/1530/1461 1477/1531/1462
f 1452/1523/1454 1477/1531/1462 1476/1524/1455
f 1476/1524/1455 1477/1531/1462 1482/1532/1463
f 1476/1524/1455 1482/1532/1463 1483/1525/1456
f 1483/1525/1456 1482/1532/1463 1498/1533/1464
f 1483/1525/1456 1498/1533/1464 1499/1526/1457
f 1499/1526/1457 1498/1533/1464 1514/1534/1465
f 1499/1526/1457 1514/1534/1465 1515/1527/1458
f 1515/1527/1458 1514/1534/1465 1060/1535/1466
f 1515/1527/1458 1060/1535/1466 1059/1518/1449
f 1282/1528/1459 1283/1536/1467 1435/1529/1460
f 1435/1529/1460 1283/1536/1467 1450/1537/1468
f 1435/1529/1460 1450/1537/1468 1451/1530/1461
f 1451/1530/1461 1450/1537/1468 1478/1538/1469
f 1451/1530/1461 1478/1538/1469 1477/1531/1462
f 1477/1531/1462 1478/1538/1469 1481/1539/1470
f 1477/1531/1462 1481/1539/1470 1482/1532/1463
f 1482/1532/1463 1481/1539/1470 1497/1540/1471
f 1482/1532/1463 1497/1540/1471 1498/1533/1464
f 1498/1533/1464 1497/1540/1471 1513/1541/1472
f 1498/1533/1464 1513/1541/1472 1514/1534/1465
f 1514/1534/1465 1513/1541/1472 1060/1535/1466
f 1450/1537/1468 1283/1536/1467 1304/1542/1473
f 1304/1542/1473 1283/1536/1467 1284/1543/1474
f 1304/1542/1473 1284/1543/1474 1479/1544/1475
f 1479/1544/1475 1284/1543/1474 1285/1545/1476
f 1479/1544/1475 1285/1545/1476 1494/1546/1477
f 1494/1546/1477 1285/1545/1476 1286/1547/1478
f 1494/1546/1477 1286/1547/1478 1509/1548/1479
f 1509/1548/1479 1286/1547/1478 1065/1549/1480
f 1509/1548/1479 1065/1549/1480 1064/1550/1481
f 1509/1548/1479 1064/1550/1481 1510/1551/1482
f 1510/1551/1482 1064/1550/1481 1063/1552/1483
f 1510/1551/1482 1063/1552/1483 1511/1553/1484
f 1511/1553/1484 1063/1552/1483 1062/1554/1485
f 1511/1553/1484 1062/1554/1485 1512/1555/1486
f 1512/1555/1486 1062/1554/1485 1061/1556/1487
f 1512/1555/1486 1061/1556/1487 1513/1541/1472
f 1513/1541/1472 1061/1556/1487 1060/1535/1466
f 1057/1425/1356 1519/1427/1358 1058/1519/1450
f 1058/1519/1450 1519/1427/1358 1518/1557/1488
f 1058/1519/1450 1518/1557/1488 1517/1517/1448
f 1517/1517/1448 1518/1557/1488 1502/1558/1489
f 1517/1517/1448 1502/1558/1489 1501/1515/1446
f 1501/1515/1446 1502/1558/1489 1486/1559/1490
f 1501/1515/1446 1486/1559/1490 1485/1513/1444
f 1485/1513/1444 1486/1559/1490 1473/1560/1491
f 1485/1513/1444 1473/1560/1491 1474/1511/1442
f 1474/1511/1442 1473/1560/1491 1455/1561/1492
f 1474/1511/1442 1455/1561/1492 1454/1509/1440
f 1454/1509/1440 1455/1561/1492 1439/1562/1493
f 1454/1509/1440 1439/1562/1493 1438/1507/1438
f 1438/1507/1438 1439/1562/1493 1409/1563/1494
f 1438/1507/1438 1409/1563/1494 1408/1505/1436
f 1408/1505/1436 1409/1563/1494 1433/1564/1495
f 1408/1505/1436 1433/1564/1495 1434/1503/1434
f 1434/1503/1434 1433/1564/1495 1393/1565/1496
f 1434/1503/1434 1393/1565/1496 1392/1501/1432
f 1392/1501/1432 1393/1565/1496 1377/1499/1430
f 1522/1422/1353 1056/1424/1355 1523/1566/1497
f 1523/1566/1497 1056/1424/1355 1055/1567/1101
f 1523/1566/1497 1055/1567/1101 1287/1568/1498
f 1523/1566/1497 1287/1568/1498 1508/1569/1499
f 1508/1569/1499 1287/1568/1498 1288/1570/1500
f 1508/1569/1499 1288/1570/1500 1493/1571/1501
f 1493/1571/1501 1288/1570/1500 1289/1572/1502
f 1493/1571/1501 1289/1572/1502 1465/1573/1503
f 1465/1573/1503 1289/1572/1502 1290/1574/1504
f 1465/1573/1503 1290/1574/1504 1464/1575/1505
f 1464/1575/1505 1290/1574/1504 1291/1576/1506
f 1464/1575/1505 1291/1576/1506 1449/1577/1507
f 1449/1577/1507 1291/1576/1506 1292/1578/1508
f 1449/1577/1507 1292/1578/1508 1420/1579/1509
f 1420/1579/1509 1292/1578/1508 1293/1580/1510
f 1420/1579/1509 1293/1580/1510 1421/1581/1511
f 1421/1581/1511 1293/1580/1510 1294/1582/1512
f 1421/1581/1511 1294/1582/1512 1302/1583/1513
f 1302/1583/1513 1294/1582/1512 1295/1584/1514
f 1302/1583/1513 1295/1584/1514 1391/1585/1515
f 1391/1585/1515 1295/1584/1514 1362/1586/1516
f 1391/1585/1515 1362/1586/1516 1363/1402/1333
f 1363/1402/1333 1362/1586/1516 1361/1400/1331
f 1295/1584/1514 1296/1587/1517 1362/1586/1516
f 1362/1586/1516 1296/1587/1517 1299/1588/1518
f 1362/1586/1516 1299/1588/1518 1361/1400/1331
f 1361/1400/1331 1299/1588/1518 1335/1398/1329
f 1296/1587/1517 1297/1589/1519 1299/1588/1518
f 1299/1588/1518 1297/1589/1519 1334/1590/1520
f 1299/1588/1518 1334/1590/1520 1335/1398/1329
f 1335/1398/1329 1334/1590/1520 1332/1396/1327
f 1334/1590/1520 1297/1589/1519 1333/1591/1521
f 1333/1591/1521 1297/1589/1519 1298/1390/1321
f 1333/1591/1521 1298/1390/1321 1319/1392/1323
f 1329/1472/1403 1315/1478/1409 1314/1479/1410
f 1327/1468/1399 1328/1470/1401 1313/1481/1412
f 1313/1481/1412 1328/1470/1401 1314/1479/1410
f 1328/1470/1401 1329/1472/1403 1314/1479/1410
f 1333/1591/1521 1319/1392/1323 1318/1394/1325
f 1333/1591/1521 1318/1394/1325 1332/1396/1327
f 1334/1590/1520 1333/1591/1521 1332/1396/1327
f 1336/1399/1330 1337/1473/1404 1360/1401/1332
f 1360/1401/1332 1337/1473/1404 1359/1592/1522
f 1360/1401/1332 1359/1592/1522 1364/1403/1334
f 1364/1403/1334 1359/1592/1522 1365/1593/1523
f 1364/1403/1334 1365/1593/1523 1389/1405/1336
f 1389/1405/1336 1365/1593/1523 1388/1594/1524
f 1389/1405/1336 1388/1594/1524 1404/1407/1338
f 1404/1407/1338 1388/1594/1524 1403/1595/1525
f 1404/1407/1338 1403/1595/1525 1423/1409/1340
f 1423/1409/1340 1403/1595/1525 1424/1596/1526
f 1423/1409/1340 1424/1596/1526 1418/1411/1342
f 1418/1411/1342 1424/1596/1526 1417/1597/1527
f 1418/1411/1342 1417/1597/1527 1447/1413/1344
f 1447/1413/1344 1417/1597/1527 1446/1598/1528
f 1447/1413/1344 1446/1598/1528 1462/1415/1346
f 1462/1415/1346 1446/1598/1528 1461/1599/1529
f 1462/1415/1346 1461/1599/1529 1467/1417/1348
f 1467/1417/1348 1461/1599/1529 1468/1600/1530
f 1467/1417/1348 1468/1600/1530 1491/1419/1350
f 1491/1419/1350 1468/1600/1530 1490/1601/1531
f 1491/1419/1350 1490/1601/1531 1506/1421/1352
f 1506/1421/1352 1490/1601/1531 1505/1602/1532
f 1506/1421/1352 1505/1602/1532 1521/1423/1354
f 1521/1423/1354 1505/1602/1532 1520/1426/1357
f 1337/1473/1404 1338/1471/1402 1359/1592/1522
f 1359/1592/1522 1338/1471/1402 1358/1603/1533
f 1359/1592/1522 1358/1603/1533 1365/1593/1523
f 1365/1593/1523 1358/1603/1533 1366/1604/1534
f 1365/1593/1523 1366/1604/1534 1388/1594/1524
f 1388/1594/1524 1366/1604/1534 1387/1605/1535
f 1388/1594/1524 1387/1605/1535 1403/1595/1525
f 1403/1595/1525 1387/1605/1535 1402/1606/1536
f 1403/1595/1525 1402/1606/1536 1424/1596/1526
f 1424/1596/1526 1402/1606/1536 1425/1607/1537
f 1424/1596/1526 1425/1607/1537 1417/1597/1527
f 1417/1597/1527 1425/1607/1537 1416/1608/1538
f 1417/1597/1527 1416/1608/1538 1446/1598/1528
f 1446/1598/1528 1416/1608/1538 1445/1609/1539
f 1446/1598/1528 1445/1609/1539 1461/1599/1529
f 1461/1599/1529 1445/1609/1539 1460/1610/1540
f 1461/1599/1529 1460/1610/1540 1468/1600/1530
f 1468/1600/1530 1460/1610/1540 1469/1611/1541
f 1468/1600/1530 1469/1611/1541 1490/1601/1531
f 1490/1601/1531 1469/1611/1541 1489/1612/1542
f 1490/1601/1531 1489/1612/1542 1505/1602/1532
f 1505/1602/1532 1489/1612/1542 1504/1428/1359
f 1505/1602/1532 1504/1428/1359 1520/1426/1357
f 1338/1471/1402 1339/1469/1400 1358/1603/1533
f 1358/1603/1533 1339/1469/1400 1357/1613/1543
f 1358/1603/1533 1357/1613/1543 1366/1604/1534
f 1366/1604/1534 1357/1613/1543 1367/1614/1544
f 1366/1604/1534 1367/1614/1544 1387/1605/1535
f 1387/1605/1535 1367/1614/1544 1386/1615/1545
f 1387/1605/1535 1386/1615/1545 1402/1606/1536
f 1402/1606/1536 1386/1615/1545 1401/1616/1546
f 1402/1606/1536 1401/1616/1546 1425/1607/1537
f 1425/1607/1537 1401/1616/1546 1426/1617/1547
f 1425/1607/1537 1426/1617/1547 1416/1608/1538
f 1416/1608/1538 1426/1617/1547 1415/1618/1548
f 1416/1608/1538 1415/1618/1548 1445/1609/1539
f 1445/1609/1539 1415/1618/1548 1444/1619/1549
f 1445/1609/1539 1444/1619/1549 1460/1610/1540
f 1460/1610/1540 1444/1619/1549 1459/1620/1550
f 1460/1610/1540 1459/1620/1550 1469/1611/1541
f 1469/1611/1541 1459/1620/1550 1470/1621/1551
f 1469/1611/1541 1470/1621/1551 1489/1612/1542
f 1489/1612/1542 1470/1621/1551 1488/1430/1361
f 1489/1612/1542 1488/1430/1361 1504/1428/1359
f 1339/1469/1400 1340/1467/1398 1357/1613/1543
f 1357/1613/1543 1340/1467/1398 1356/1622/1552
f 1357/1613/1543 1356/1622/1552 1367/1614/1544
f 1367/1614/1544 1356/1622/1552 1368/1623/1553
f 1367/1614/1544 1368/1623/1553 1386/1615/1545
f 1386/1615/1545 1368/1623/1553 1385/1624/1554
f 1386/1615/1545 1385/1624/1554 1401/1616/1546
f 1401/1616/1546 1385/1624/1554 1400/1625/1555
f 1401/1616/1546 1400/1625/1555 1426/1617/1547
f 1426/1617/1547 1400/1625/1555 1427/1626/1556
f 1426/1617/1547 1427/1626/1556 1415/1618/1548
f 1415/1618/1548 1427/1626/1556 1414/1627/1557
f 1415/1618/1548 1414/1627/1557 1444/1619/1549
f 1444/1619/1549 1414/1627/1557 1443/1628/1558
f 1444/1619/1549 1443/1628/1558 1459/1620/1550
f 1459/1620/1550 1443/1628/1558 1458/1629/1559
f 1459/1620/1550 1458/1629/1559 1470/1621/1551
f 1470/1621/1551 1458/1629/1559 1471/1432/1363
f 1470/1621/1551 1471/1432/1363 1488/1430/1361
f 1340/1467/1398 1341/1465/1396 1356/1622/1552
f 1356/1622/1552 1341/1465/1396 1355/1630/1560
f 1356/1622/1552 1355/1630/1560 1368/1623/1553
f 1368/1623/1553 1355/1630/1560 1369/1631/1561
f 1368/1623/1553 1369/1631/1561 1385/1624/1554
f 1385/1624/1554 1369/1631/1561 1384/1632/1562
f 1385/1624/1554 1384/1632/1562 1400/1625/1555
f 1400/1625/1555 1384/1632/1562 1399/1633/1563
f 1400/1625/1555 1399/1633/1563 1427/1626/1556
f 1427/1626/1556 1399/1633/1563 1428/1634/1564
f 1427/1626/1556 1428/1634/1564 1414/1627/1557
f 1414/1627/1557 1428/1634/1564 1413/1635/1565
f 1414/1627/1557 1413/1635/1565 1443/1628/1558
f 1443/1628/1558 1413/1635/1565 1442/1636/1566
f 1443/1628/1558 1442/1636/1566 1458/1629/1559
f 1458/1629/1559 1442/1636/1566 1457/1434/1365
f 1458/1629/1559 1457/1434/1365 1471/1432/1363
f 1341/1465/1396 1342/1463/1394 1355/1630/1560
f 1355/1630/1560 1342/1463/1394 1354/1637/1567
f 1355/1630/1560 1354/1637/1567 1369/1631/1561
f 1369/1631/1561 1354/1637/1567 1370/1638/1568
f 1369/1631/1561 1370/1638/1568 1384/1632/1562
f 1384/1632/1562 1370/1638/1568 1383/1639/1569
f 1384/1632/1562 1383/1639/1569 1399/1633/1563
f 1399/1633/1563 1383/1639/1569 1398/1640/1570
f 1399/1633/1563 1398/1640/1570 1428/1634/1564
f 1428/1634/1564 1398/1640/1570 1429/1641/1571
f 1428/1634/1564 1429/1641/1571 1413/1635/1565
f 1413/1635/1565 1429/1641/1571 1412/1642/1572
f 1413/1635/1565 1412/1642/1572 1442/1636/1566
f 1442/1636/1566 1412/1642/1572 1441/1436/1367
f 1442/1636/1566 1441/1436/1367 1457/1434/1365
f 1342/1463/1394 1343/1461/1392 1354/1637/1567
f 1354/1637/1567 1343/1461/1392 1353/1643/1573
f 1354/1637/1567 1353/1643/1573 1370/1638/1568
f 1370/1638/1568 1353/1643/1573 1371/1644/1574
f 1370/1638/1568 1371/1644/1574 1383/1639/1569
f 1383/1639/1569 1371/1644/1574 1382/1645/1575
f 1383/1639/1569 1382/1645/1575 1398/1640/1570
f 1398/1640/1570 1382/1645/1575 1397/1646/1576
f 1398/1640/1570 1397/1646/1576 1429/1641/1571
f 1429/1641/1571 1397/1646/1576 1430/1647/1577
f 1429/1641/1571 1430/1647/1577 1412/1642/1572
f 1412/1642/1572 1430/1647/1577 1411/1438/1369
f 1412/1642/1572 1411/1438/1369 1441/1436/1367
f 1343/1461/1392 1344/1459/1390 1353/1643/1573
f 1353/1643/1573 1344/1459/1390 1352/1648/1578
f 1353/1643/1573 1352/1648/1578 1371/1644/1574
f 1371/1644/1574 1352/1648/1578 1372/1649/1579
f 1371/1644/1574 1372/1649/1579 1382/1645/1575
f 1382/1645/1575 1372/1649/1579 1381/1650/1580
f 1382/1645/1575 1381/1650/1580 1397/1646/1576
f 1397/1646/1576 1381/1650/1580 1396/1651/1581
f 1397/1646/1576 1396/1651/1581 1430/1647/1577
f 1430/1647/1577 1396/1651/1581 1431/1440/1371
f 1430/1647/1577 1431/1440/1371 1411/1438/1369
f 1344/1459/1390 1345/1457/1388 1352/1648/1578
f 1352/1648/1578 1345/1457/1388 1351/1652/1582
f 1352/1648/1578 1351/1652/1582 1372/1649/1579
f 1372/1649/1579 1351/1652/1582 1373/1653/1583
f 1372/1649/1579 1373/1653/1583 1381/1650/1580
f 1381/1650/1580 1373/1653/1583 1380/1654/1584
f 1381/1650/1580 1380/1654/1584 1396/1651/1581
f 1396/1651/1581 1380/1654/1584 1395/1442/1373
f 1396/1651/1581 1395/1442/1373 1431/1440/1371
f 1345/1457/1388 1346/1455/1386 1351/1652/1582
f 1351/1652/1582 1346/1455/1386 1350/1655/1585
f 1351/1652/1582 1350/1655/1585 1373/1653/1583
f 1373/1653/1583 1350/1655/1585 1374/1656/1586
f 1373/1653/1583 1374/1656/1586 1380/1654/1584
f 1380/1654/1584 1374/1656/1586 1379/1444/1375
f 1380/1654/1584 1379/1444/1375 1395/1442/1373
f 1346/1455/1386 1347/1453/1384 1350/1655/1585
f 1350/1655/1585 1347/1453/1384 1349/1657/1587
f 1350/1655/1585 1349/1657/1587 1374/1656/1586
f 1374/1656/1586 1349/1657/1587 1375/1446/1377
f 1374/1656/1586 1375/1446/1377 1379/1444/1375
f 1347/1453/1384 1348/1451/1382 1349/1657/1587
f 1349/1657/1587 1348/1451/1382 1301/1448/1379
f 1349/1657/1587 1301/1448/1379 1375/1446/1377
f 1391/1585/1515 1363/1402/1333 1390/1404/1335
f 1376/1447/1378 1377/1499/1430 1378/1445/1376
f 1378/1445/1376 1377/1499/1430 1393/1565/1496
f 1378/1445/1376 1393/1565/1496 1394/1443/1374
f 1394/1443/1374 1393/1565/1496 1433/1564/1495
f 1394/1443/1374 1433/1564/1495 1432/1441/1372
f 1432/1441/1372 1433/1564/1495 1409/1563/1494
f 1432/1441/1372 1409/1563/1494 1410/1439/1370
f 1410/1439/1370 1409/1563/1494 1439/1562/1493
f 1410/1439/1370 1439/1562/1493 1440/1437/1368
f 1440/1437/1368 1439/1562/1493 1455/1561/1492
f 1440/1437/1368 1455/1561/1492 1456/1435/1366
f 1456/1435/1366 1455/1561/1492 1473/1560/1491
f 1456/1435/1366 1473/1560/1491 1472/1433/1364
f 1472/1433/1364 1473/1560/1491 1486/1559/1490
f 1472/1433/1364 1486/1559/1490 1487/1431/1362
f 1487/1431/1362 1486/1559/1490 1502/1558/1489
f 1487/1431/1362 1502/1558/1489 1503/1429/1360
f 1503/1429/1360 1502/1558/1489 1518/1557/1488
f 1503/1429/1360 1518/1557/1488 1519/1427/1358
f 1302/1583/1513 1391/1585/1515 1390/1404/1335
f 1302/1583/1513 1390/1404/1335 1405/1406/1337
f 1421/1581/1511 1302/1583/1513 1405/1406/1337
f 1421/1581/1511 1405/1406/1337 1422/1408/1339
f 1421/1581/1511 1422/1408/1339 1420/1579/1509
f 1420/1579/1509 1422/1408/1339 1419/1410/1341
f 1420/1579/1509 1419/1410/1341 1449/1577/1507
f 1449/1577/1507 1419/1410/1341 1448/1412/1343
f 1449/1577/1507 1448/1412/1343 1464/1575/1505
f 1464/1575/1505 1448/1412/1343 1463/1414/1345
f 1464/1575/1505 1463/1414/1345 1465/1573/1503
f 1465/1573/1503 1463/1414/1345 1466/1416/1347
f 1465/1573/1503 1466/1416/1347 1493/1571/1501
f 1493/1571/1501 1466/1416/1347 1492/1418/1349
f 1493/1571/1501 1492/1418/1349 1508/1569/1499
f 1508/1569/1499 1492/1418/1349 1507/1420/1351
f 1508/1569/1499 1507/1420/1351 1523/1566/1497
f 1523/1566/1497 1507/1420/1351 1522/1422/1353
f 1478/1538/1469 1304/1542/1473 1480/1658/1588
f 1480/1658/1588 1304/1542/1473 1479/1544/1475
f 1480/1658/1588 1479/1544/1475 1495/1659/1589
f 1495/1659/1589 1479/1544/1475 1494/1546/1477
f 1495/1659/1589 1494/1546/1477 1510/1551/1482
f 1510/1551/1482 1494/1546/1477 1509/1548/1479
f 1478/1538/1469 1450/1537/1468 1304/1542/1473
f 1478/1538/1469 1480/1658/1588 1481/1539/1470
f 1481/1539/1470 1480/1658/1588 1496/1660/1590
f 1481/1539/1470 1496/1660/1590 1497/1540/1471
f 1497/1540/1471 1496/1660/1590 1512/1555/1486
f 1497/1540/1471 1512/1555/1486 1513/1541/1472
f 1496/1660/1590 1480/1658/1588 1495/1659/1589
f 1510/1551/1482 1511/1553/1484 1495/1659/1589
f 1495/1659/1589 1511/1553/1484 1496/1660/1590
f 1511/1553/1484 1512/1555/1486 1496/1660/1590
f 1529/1661/1591 1276/1662/1592 1547/1663/1593
f 1547/1663/1593 1276/1662/1592 1275/1664/1594
f 1547/1663/1593 1275/1664/1594 1546/1665/1595
f 1546/1665/1595 1275/1664/1594 1274/1666/1596
f 1546/1665/1595 1274/1666/1596 1545/1667/1597
f 1545/1667/1597 1274/1666/1596 1273/1668/1598
f 1545/1667/1597 1273/1668/1598 1544/1669/1599
f 1544/1669/1599 1273/1668/1598 1543/1670/1600
f 1544/1669/1599 1543/1670/1600 1562/1671/1601
f 1562/1671/1601 1543/1670/1600 1561/1672/1602
f 1562/1671/1601 1561/1672/1602 1569/1673/1603
f 1569/1673/1603 1561/1672/1602 1570/1674/1604
f 1569/1673/1603 1570/1674/1604 858/1675/1605
f 858/1675/1605 1570/1674/1604 859/1676/1606
f 859/1676/1606 1570/1674/1604 1571/1677/1607
f 859/1676/1606 1571/1677/1607 1572/1678/1608
f 1572/1678/1608 1571/1677/1607 1559/1679/1609
f 1572/1678/1608 1559/1679/1609 1558/1680/1610
f 1558/1680/1610 1559/1679/1609 1540/1681/1611
f 1558/1680/1610 1540/1681/1611 1539/1682/1612
f 1539/1682/1612 1540/1681/1611 1270/1683/1613
f 1539/1682/1612 1270/1683/1613 1538/1684/1614
f 1538/1684/1614 1270/1683/1613 1269/1685/1615
f 1538/1684/1614 1269/1685/1615 1537/1686/1616
f 1537/1686/1616 1269/1685/1615 1268/1687/1617
f 1537/1686/1616 1268/1687/1617 1536/1688/1618
f 1536/1688/1618 1268/1687/1617 1535/1689/1619
f 1536/1688/1618 1535/1689/1619 1554/1690/1620
f 1554/1690/1620 1535/1689/1619 1553/1691/1621
f 1554/1690/1620 1553/1691/1621 1577/1692/1622
f 1577/1692/1622 1553/1691/1621 1578/1693/1623
f 1577/1692/1622 1578/1693/1623 863/1694/1624
f 863/1694/1624 1578/1693/1623 864/1695/1625
f 864/1695/1625 1578/1693/1623 1579/1696/1626
f 864/1695/1625 1579/1696/1626 1580/1697/1627
f 1580/1697/1627 1579/1696/1626 1551/1698/1628
f 1580/1697/1627 1551/1698/1628 1550/1699/1629
f 1550/1699/1629 1551/1698/1628 1532/1700/1630
f 1550/1699/1629 1532/1700/1630 1531/1701/1631
f 1531/1701/1631 1532/1700/1630 1265/1702/1632
f 1531/1701/1631 1265/1702/1632 1530/1703/1633
f 1530/1703/1633 1265/1702/1632 1264/1704/1322
f 1530/1703/1633 1264/1704/1322 1524/1705/1634
f 1273/1668/1598 1272/1706/1635 1543/1670/1600
f 1543/1670/1600 1272/1706/1635 1542/1707/1636
f 1543/1670/1600 1542/1707/1636 1561/1672/1602
f 1561/1672/1602 1542/1707/1636 1560/1708/1637
f 1561/1672/1602 1560/1708/1637 1570/1674/1604
f 1570/1674/1604 1560/1708/1637 1571/1677/1607
f 1542/1707/1636 1272/1706/1635 1541/1709/1638
f 1541/1709/1638 1272/1706/1635 1271/1710/1639
f 1541/1709/1638 1271/1710/1639 1540/1681/1611
f 1540/1681/1611 1271/1710/1639 1270/1683/1613
f 1268/1687/1617 1267/1711/1640 1535/1689/1619
f 1535/1689/1619 1267/1711/1640 1534/1712/1641
f 1535/1689/1619 1534/1712/1641 1553/1691/1621
f 1553/1691/1621 1534/1712/1641 1552/1713/1642
f 1553/1691/1621 1552/1713/1642 1578/1693/1623
f 1578/1693/1623 1552/1713/1642 1579/1696/1626
f 1534/1712/1641 1267/1711/1640 1533/1714/1643
f 1533/1714/1643 1267/1711/1640 1266/1715/1644
f 1533/1714/1643 1266/1715/1644 1532/1700/1630
f 1532/1700/1630 1266/1715/1644 1265/1702/1632
f 1524/1705/1634 1525/1716/1645 1530/1703/1633
f 1530/1703/1633 1525/1716/1645 1548/1717/1646
f 1530/1703/1633 1548/1717/1646 1549/1718/1647
f 1549/1718/1647 1548/1717/1646 1582/1719/1648
f 1549/1718/1647 1582/1719/1648 1581/1720/1649
f 1581/1720/1649 1582/1719/1648 866/1721/1650
f 1581/1720/1649 866/1721/1650 865/1722/1651
f 1525/1716/1645 1526/1723/1652 1548/1717/1646
f 1548/1717/1646 1526/1723/1652 1583/1724/1653
f 1548/1717/1646 1583/1724/1653 1582/1719/1648
f 1582/1719/1648 1583/1724/1653 866/1721/1650
f 1526/1723/1652 867/1725/903 1583/1724/1653
f 1583/1724/1653 867/1725/903 866/1721/1650
f 1581/1720/1649 865/1722/1651 1580/1697/1627
f 1580/1697/1627 865/1722/1651 864/1695/1625
f 1577/1692/1622 863/1694/1624 1576/1726/1654
f 1576/1726/1654 863/1694/1624 862/1727/1655
f 1576/1726/1654 862/1727/1655 1575/1728/1656
f 1575/1728/1656 862/1727/1655 861/1729/891
f 1575/1728/1656 861/1729/891 1574/1730/1657
f 1574/1730/1657 861/1729/891 1573/1731/1658
f 1574/1730/1657 1573/1731/1658 1557/1732/1659
f 1557/1732/1659 1573/1731/1658 1558/1680/1610
f 1557/1732/1659 1558/1680/1610 1539/1682/1612
f 861/1729/891 860/1733/1660 1573/1731/1658
f 1573/1731/1658 860/1733/1660 1572/1678/1608
f 1573/1731/1658 1572/1678/1608 1558/1680/1610
f 860/1733/1660 859/1676/1606 1572/1678/1608
f 1569/1673/1603 858/1675/1605 1568/1734/1661
f 1568/1734/1661 858/1675/1605 857/1735/1662
f 1568/1734/1661 857/1735/1662 1567/1736/1663
f 1567/1736/1663 857/1735/1662 856/1737/1664
f 1567/1736/1663 856/1737/1664 1566/1738/1665
f 1566/1738/1665 856/1737/1664 855/1739/880
f 1566/1738/1665 855/1739/880 1527/1740/1666
f 1566/1738/1665 1527/1740/1666 1565/1741/1667
f 1565/1741/1667 1527/1740/1666 1528/1742/1668
f 1565/1741/1667 1528/1742/1668 1547/1663/1593
f 1547/1663/1593 1528/1742/1668 1529/1661/1591
f 1550/1699/1629 1531/1701/1631 1549/1718/1647
f 1549/1718/1647 1531/1701/1631 1530/1703/1633
f 1552/1713/1642 1534/1712/1641 1533/1714/1643
f 1552/1713/1642 1533/1714/1643 1551/1698/1628
f 1551/1698/1628 1533/1714/1643 1532/1700/1630
f 1537/1686/1616 1536/1688/1618 1555/1743/1669
f 1555/1743/1669 1536/1688/1618 1554/1690/1620
f 1555/1743/1669 1554/1690/1620 1576/1726/1654
f 1576/1726/1654 1554/1690/1620 1577/1692/1622
f 1557/1732/1659 1539/1682/1612 1538/1684/1614
f 1538/1684/1614 1537/1686/1616 1556/1744/1670
f 1556/1744/1670 1537/1686/1616 1555/1743/1669
f 1556/1744/1670 1555/1743/1669 1575/1728/1656
f 1575/1728/1656 1555/1743/1669 1576/1726/1654
f 1560/1708/1637 1542/1707/1636 1541/1709/1638
f 1560/1708/1637 1541/1709/1638 1559/1679/1609
f 1559/1679/1609 1541/1709/1638 1540/1681/1611
f 1545/1667/1597 1544/1669/1599 1563/1745/1671
f 1563/1745/1671 1544/1669/1599 1562/1671/1601
f 1563/1745/1671 1562/1671/1601 1568/1734/1661
f 1568/1734/1661 1562/1671/1601 1569/1673/1603
f 1565/1741/1667 1547/1663/1593 1546/1665/1595
f 1546/1665/1595 1545/1667/1597 1564/1746/1672
f 1564/1746/1672 1545/1667/1597 1563/1745/1671
f 1564/1746/1672 1563/1745/1671 1567/1736/1663
f 1567/1736/1663 1563/1745/1671 1568/1734/1661
f 1580/1697/1627 1550/1699/1629 1581/1720/1649
f 1581/1720/1649 1550/1699/1629 1549/1718/1647
f 1579/1696/1626 1552/1713/1642 1551/1698/1628
f 1574/1730/1657 1557/1732/1659 1556/1744/1670
f 1556/1744/1670 1557/1732/1659 1538/1684/1614
f 1574/1730/1657 1556/1744/1670 1575/1728/1656
f 1571/1677/1607 1560/1708/1637 1559/1679/1609
f 1566/1738/1665 1565/1741/1667 1564/1746/1672
f 1564/1746/1672 1565/1741/1667 1546/1665/1595
f 1566/1738/1665 1564/1746/1672 1567/1736/1663
f 243/1747/1673 242/1748/381 1585/1749/1674
f 1585/1749/1674 242/1748/381 241/1750/380
f 1585/1749/1674 241/1750/380 240/1751/379
f 240/1751/379 239/1752/378 1585/1749/1674
f 1585/1749/1674 239/1752/378 238/1753/377
f 1585/1749/1674 238/1753/377 237/1754/376
f 237/1754/376 236/1755/375 1585/1749/1674
f 1585/1749/1674 236/1755/375 235/1756/374
f 1585/1749/1674 235/1756/374 234/1757/373
f 234/1757/373 233/1758/372 1585/1749/1674
f 1585/1749/1674 233/1758/372 232/1759/371
f 1585/1749/1674 232/1759/371 231/1760/370
f 231/1760/370 230/1761/369 1585/1749/1674
f 1585/1749/1674 230/1761/369 229/1762/368
f 1585/1749/1674 229/1762/368 453/1763/581
f 453/1763/581 452/1764/579 1585/1749/1674
f 1585/1749/1674 452/1764/579 451/1765/560
f 1585/1749/1674 451/1765/560 450/1766/504
f 450/1766/504 449/1767/503 1585/1749/1674
f 1585/1749/1674 449/1767/503 448/1768/559
f 1585/1749/1674 448/1768/559 447/1769/558
f 1585/1749/1674 447/1769/558 1584/1770/1675
f 1584/1770/1675 447/1769/558 446/1771/557
f 1584/1770/1675 446/1771/557 445/1772/556
f 445/1772/556 444/1773/555 1584/1770/1675
f 1584/1770/1675 444/1773/555 443/1774/554
f 1584/1770/1675 443/1774/554 442/1775/553
f 442/1775/553 441/1776/552 1584/1770/1675
f 441/1777/552 997/1778/1676 1584/1779/1675
f 1584/1779/1675 997/1778/1676 1599/1780/1677
f 1599/1780/1677 997/1778/1676 996/1781/1071
f 1599/1780/1677 996/1781/1071 1598/1782/1678
f 1598/1782/1678 996/1781/1071 995/1783/1679
f 1598/1782/1678 995/1783/1679 1597/1784/1680
f 1597/1784/1680 995/1783/1679 689/1785/713
f 1597/1784/1680 689/1785/713 1596/1786/1681
f 1596/1786/1681 689/1785/713 731/1787/715
f 1596/1786/1681 731/1787/715 1595/1788/1682
f 1595/1788/1682 731/1787/715 730/1789/717
f 1595/1788/1682 730/1789/717 1594/1790/1683
f 1594/1790/1683 730/1789/717 729/1791/719
f 1594/1790/1683 729/1791/719 1593/1792/1684
f 1593/1792/1684 729/1791/719 728/1793/721
f 1593/1792/1684 728/1793/721 1592/1794/1685
f 1592/1794/1685 728/1793/721 727/1795/723
f 1592/1794/1685 727/1795/723 1591/1796/1686
f 1591/1796/1686 727/1795/723 726/1797/725
f 1591/1796/1686 726/1797/725 1590/1798/1687
f 1590/1798/1687 726/1797/725 725/1799/727
f 1590/1798/1687 725/1799/727 1589/1800/1688
f 1589/1800/1688 725/1799/727 724/1801/729
f 1589/1800/1688 724/1801/729 1588/1802/1689
f 1588/1802/1689 724/1801/729 723/1803/731
f 1588/1802/1689 723/1803/731 1587/1804/1690
f 1587/1804/1690 723/1803/731 722/1805/733
f 1587/1804/1690 722/1805/733 1586/1806/1691
f 1586/1806/1691 722/1805/733 721/1807/735
f 721/1808/735 854/1809/878 1586/1810/1691
f 1586/1810/1691 854/1809/878 1600/1811/1692
f 854/1812/878 877/1813/922 1600/1814/1692
f 1600/1814/1692 877/1813/922 1614/1815/1693
f 1614/1815/1693 877/1813/922 876/1816/920
f 1614/1815/1693 876/1816/920 1613/1817/1694
f 1613/1817/1694 876/1816/920 875/1818/918
f 1613/1817/1694 875/1818/918 1612/1819/1695
f 1612/1819/1695 875/1818/918 874/1820/916
f 1612/1819/1695 874/1820/916 1611/1821/1696
f 1611/1821/1696 874/1820/916 873/1822/914
f 1611/1821/1696 873/1822/914 1610/1823/1697
f 1610/1823/1697 873/1822/914 872/1824/912
f 1610/1823/1697 872/1824/912 1609/1825/1698
f 1609/1825/1698 872/1824/912 871/1826/910
f 1609/1825/1698 871/1826/910 1608/1827/1699
f 1608/1827/1699 871/1826/910 870/1828/908
f 1608/1827/1699 870/1828/908 1607/1829/1700
f 1607/1829/1700 870/1828/908 869/1830/906
f 1607/1829/1700 869/1830/906 1606/1831/1701
f 1606/1831/1701 869/1830/906 868/1832/904
f 1606/1831/1701 868/1832/904 1605/1833/1702
f 1605/1833/1702 868/1832/904 867/1834/903
f 1605/1833/1702 867/1834/903 1604/1835/1703
f 1604/1835/1703 867/1834/903 1526/1836/1704
f 1604/1835/1703 1526/1836/1704 1603/1837/1705
f 1603/1837/1705 1526/1836/1704 1525/1838/1645
f 1603/1837/1705 1525/1838/1645 1602/1839/1706
f 1602/1839/1706 1525/1838/1645 1524/1840/1707
f 1602/1839/1706 1524/1840/1707 1601/1841/1708
f 1601/1841/1708 1524/1840/1707 1264/1842/1322
f 1264/1843/1322 1298/1844/1321 1601/1845/1708
f 1601/1845/1708 1298/1844/1321 1297/1846/1519
f 1601/1845/1708 1297/1846/1519 1296/1847/1517
f 1296/1847/1517 1295/1848/1514 1601/1845/1708
f 1601/1845/1708 1295/1848/1514 1294/1849/1512
f 1601/1845/1708 1294/1849/1512 1293/1850/1510
f 1601/1845/1708 1293/1850/1510 1615/1851/1709
f 1615/1851/1709 1293/1850/1510 1292/1852/1508
f 1615/1851/1709 1292/1852/1508 1291/1853/1506
f 1291/1853/1506 1290/1854/1504 1615/1851/1709
f 1615/1851/1709 1290/1854/1504 1289/1855/1502
f 1615/1851/1709 1289/1855/1502 1288/1856/1500
f 1288/1856/1500 1287/1857/1498 1615/1851/1709
f 1615/1851/1709 1287/1857/1498 1055/1858/1101
f 1615/1851/1709 1055/1858/1101 1098/1859/1103
f 1098/1859/1103 1097/1860/1105 1615/1851/1709
f 1615/1851/1709 1097/1860/1105 1096/1861/1107
f 1615/1851/1709 1096/1861/1107 1095/1862/1109
f 1095/1862/1109 1094/1863/1110 1615/1851/1709
f 1615/1851/1709 1094/1863/1110 1093/1864/1112
f 1615/1851/1709 1093/1864/1112 1092/1865/1114
f 1092/1865/1114 1091/1866/1116 1615/1851/1709
f 1615/1851/1709 1091/1866/1116 1090/1867/1118
f 1615/1851/1709 1090/1867/1118 1089/1868/1120
f 1089/1868/1120 1088/1869/1229 1615/1851/1709
f 1615/1851/1709 1088/1869/1229 1087/1870/1231
f 1615/1851/1709 1087/1870/1231 1086/1871/1320
f 1086/1872/1320 1085/1873/1710 1635/1874/1711
f 1635/1874/1711 1085/1873/1710 1084/1875/1712
f 1635/1874/1711 1084/1875/1712 1083/1876/1713
f 1635/1874/1711 1083/1876/1713 1634/1877/1714
f 1634/1877/1714 1083/1876/1713 1082/1878/1715
f 1634/1877/1714 1082/1878/1715 1636/1879/1716
f 1636/1879/1716 1082/1878/1715 1081/1880/1717
f 1636/1879/1716 1081/1880/1717 1647/1881/1718
f 1647/1881/1718 1081/1880/1717 1080/1882/1719
f 1647/1881/1718 1080/1882/1719 1648/1883/1720
f 1648/1883/1720 1080/1882/1719 1637/1884/1721
f 1648/1883/1720 1637/1884/1721 1633/1885/1722
f 1633/1885/1722 1637/1884/1721 1632/1886/1723
f 1632/1886/1723 1637/1884/1721 1650/1887/1724
f 1632/1886/1723 1650/1887/1724 1638/1888/1725
f 1638/1888/1725 1650/1887/1724 1649/1889/1726
f 1638/1888/1725 1649/1889/1726 1651/1890/1727
f 1651/1890/1727 1649/1889/1726 1078/1891/1728
f 1651/1890/1727 1078/1891/1728 1077/1892/1729
f 1080/1882/1719 1079/1893/1730 1637/1884/1721
f 1637/1884/1721 1079/1893/1730 1650/1887/1724
f 1650/1887/1724 1079/1893/1730 1649/1889/1726
f 1649/1889/1726 1079/1893/1730 1078/1891/1728
f 1076/1894/1731 1640/1895/1732 1077/1892/1729
f 1077/1892/1729 1640/1895/1732 1708/1896/1733
f 1077/1892/1729 1708/1896/1733 1652/1897/1734
f 1652/1897/1734 1708/1896/1733 1709/1898/1735
f 1652/1897/1734 1709/1898/1735 1653/1899/1736
f 1653/1899/1736 1709/1898/1735 1631/1900/1737
f 1653/1899/1736 1631/1900/1737 1632/1886/1723
f 1640/1895/1732 1076/1894/1731 1642/1901/1738
f 1642/1901/1738 1076/1894/1731 1075/1902/1739
f 1642/1901/1738 1075/1902/1739 1661/1903/1740
f 1661/1903/1740 1075/1902/1739 1657/1904/1741
f 1661/1903/1740 1657/1904/1741 1658/1905/1742
f 1658/1905/1742 1657/1904/1741 1666/1906/1743
f 1658/1905/1742 1666/1906/1743 1665/1907/1744
f 1665/1907/1744 1666/1906/1743 1643/1908/1745
f 1665/1907/1744 1643/1908/1745 1629/1909/1746
f 1629/1909/1746 1643/1908/1745 1628/1910/1747
f 1628/1910/1747 1643/1908/1745 1673/1911/1748
f 1628/1910/1747 1673/1911/1748 1644/1912/1749
f 1644/1912/1749 1673/1911/1748 1672/1913/1750
f 1644/1912/1749 1672/1913/1750 1679/1914/1751
f 1679/1914/1751 1672/1913/1750 1671/1915/1752
f 1679/1914/1751 1671/1915/1752 1680/1916/1753
f 1680/1916/1753 1671/1915/1752 1669/1917/1754
f 1680/1916/1753 1669/1917/1754 1681/1918/1755
f 1681/1918/1755 1669/1917/1754 1670/1919/1756
f 1681/1918/1755 1670/1919/1756 1675/1920/1757
f 1675/1920/1757 1670/1919/1756 1674/1921/1758
f 1675/1920/1757 1674/1921/1758 1684/1922/1759
f 1684/1922/1759 1674/1921/1758 1683/1923/1760
f 1684/1922/1759 1683/1923/1760 1691/1924/1761
f 1691/1924/1761 1683/1923/1760 1690/1925/1762
f 1691/1924/1761 1690/1925/1762 1697/1926/1763
f 1697/1926/1763 1690/1925/1762 1696/1927/1764
f 1697/1926/1763 1696/1927/1764 1705/1928/1765
f 1705/1928/1765 1696/1927/1764 1704/1929/1766
f 1705/1928/1765 1704/1929/1766 1621/1930/1767
f 1621/1930/1767 1704/1929/1766 1620/1931/1768
f 1620/1931/1768 1704/1929/1766 1703/1932/1769
f 1620/1931/1768 1703/1932/1769 1619/1933/1770
f 1619/1933/1770 1703/1932/1769 1702/1934/1771
f 1619/1933/1770 1702/1934/1771 1618/1935/1772
f 1618/1935/1772 1702/1934/1771 1701/1936/1773
f 1618/1935/1772 1701/1936/1773 1617/1937/1774
f 1617/1937/1774 1701/1936/1773 1067/1938/1775
f 1617/1937/1774 1067/1938/1775 1616/1939/1776
f 1616/1939/1776 1067/1938/1775 1066/1940/1777
f 1616/1939/1776 1066/1940/1777 1065/1941/1480
f 1657/1904/1741 1075/1902/1739 1668/1942/1778
f 1668/1942/1778 1075/1902/1739 1074/1943/1779
f 1668/1942/1778 1074/1943/1779 1662/1944/1780
f 1662/1944/1780 1074/1943/1779 1073/1945/1781
f 1662/1944/1780 1073/1945/1781 1669/1917/1754
f 1669/1917/1754 1073/1945/1781 1670/1919/1756
f 1073/1945/1781 1072/1946/1782 1670/1919/1756
f 1670/1919/1756 1072/1946/1782 1674/1921/1758
f 1072/1946/1782 1071/1947/1783 1674/1921/1758
f 1674/1921/1758 1071/1947/1783 1682/1948/1784
f 1674/1921/1758 1682/1948/1784 1683/1923/1760
f 1683/1923/1760 1682/1948/1784 1690/1925/1762
f 1071/1947/1783 1070/1949/1785 1682/1948/1784
f 1682/1948/1784 1070/1949/1785 1689/1950/1786
f 1682/1948/1784 1689/1950/1786 1690/1925/1762
f 1690/1925/1762 1689/1950/1786 1696/1927/1764
f 1689/1950/1786 1070/1949/1785 1688/1951/1787
f 1688/1951/1787 1070/1949/1785 1069/1952/1788
f 1688/1951/1787 1069/1952/1788 1694/1953/1789
f 1694/1953/1789 1069/1952/1788 1068/1954/1790
f 1694/1953/1789 1068/1954/1790 1702/1934/1771
f 1702/1934/1771 1068/1954/1790 1701/1936/1773
f 1068/1954/1790 1067/1938/1775 1701/1936/1773
f 1621/1930/1767 1622/1955/1791 1705/1928/1765
f 1705/1928/1765 1622/1955/1791 1706/1956/1792
f 1705/1928/1765 1706/1956/1792 1697/1926/1763
f 1697/1926/1763 1706/1956/1792 1698/1957/1793
f 1697/1926/1763 1698/1957/1793 1691/1924/1761
f 1691/1924/1761 1698/1957/1793 1692/1958/1794
f 1691/1924/1761 1692/1958/1794 1684/1922/1759
f 1684/1922/1759 1692/1958/1794 1685/1959/1795
f 1684/1922/1759 1685/1959/1795 1675/1920/1757
f 1675/1920/1757 1685/1959/1795 1676/1960/1796
f 1675/1920/1757 1676/1960/1796 1681/1918/1755
f 1681/1918/1755 1676/1960/1796 1680/1916/1753
f 1622/1955/1791 1623/1961/1797 1706/1956/1792
f 1706/1956/1792 1623/1961/1797 1707/1962/1798
f 1706/1956/1792 1707/1962/1798 1698/1957/1793
f 1698/1957/1793 1707/1962/1798 1699/1963/1799
f 1698/1957/1793 1699/1963/1799 1692/1958/1794
f 1692/1958/1794 1699/1963/1799 1693/1964/1800
f 1692/1958/1794 1693/1964/1800 1685/1959/1795
f 1685/1959/1795 1693/1964/1800 1686/1965/1801
f 1685/1959/1795 1686/1965/1801 1676/1960/1796
f 1676/1960/1796 1686/1965/1801 1677/1966/1802
f 1676/1960/1796 1677/1966/1802 1680/1916/1753
f 1680/1916/1753 1677/1966/1802 1679/1914/1751
f 1623/1961/1797 1624/1967/1803 1707/1962/1798
f 1707/1962/1798 1624/1967/1803 1646/1968/1804
f 1707/1962/1798 1646/1968/1804 1699/1963/1799
f 1699/1963/1799 1646/1968/1804 1700/1969/1805
f 1699/1963/1799 1700/1969/1805 1693/1964/1800
f 1693/1964/1800 1700/1969/1805 1645/1970/1806
f 1693/1964/1800 1645/1970/1806 1686/1965/1801
f 1686/1965/1801 1645/1970/1806 1687/1971/1807
f 1686/1965/1801 1687/1971/1807 1677/1966/1802
f 1677/1966/1802 1687/1971/1807 1678/1972/1808
f 1677/1966/1802 1678/1972/1808 1679/1914/1751
f 1679/1914/1751 1678/1972/1808 1644/1912/1749
f 1624/1967/1803 1625/1973/1809 1646/1968/1804
f 1646/1968/1804 1625/1973/1809 1626/1974/1810
f 1646/1968/1804 1626/1974/1810 1700/1969/1805
f 1700/1969/1805 1626/1974/1810 1645/1970/1806
f 1626/1974/1810 1627/1975/1811 1645/1970/1806
f 1645/1970/1806 1627/1975/1811 1687/1971/1807
f 1687/1971/1807 1627/1975/1811 1678/1972/1808
f 1678/1972/1808 1627/1975/1811 1628/1910/1747
f 1678/1972/1808 1628/1910/1747 1644/1912/1749
f 1665/1907/1744 1629/1909/1746 1659/1976/1812
f 1659/1976/1812 1629/1909/1746 1630/1977/1813
f 1659/1976/1812 1630/1977/1813 1641/1978/1814
f 1641/1978/1814 1630/1977/1813 1655/1979/1815
f 1641/1978/1814 1655/1979/1815 1654/1980/1816
f 1654/1980/1816 1655/1979/1815 1656/1981/1817
f 1654/1980/1816 1656/1981/1817 1640/1895/1732
f 1640/1895/1732 1656/1981/1817 1708/1896/1733
f 1655/1979/1815 1630/1977/1813 1639/1982/1818
f 1639/1982/1818 1630/1977/1813 1631/1900/1737
f 1639/1982/1818 1631/1900/1737 1709/1898/1735
f 1648/1883/1720 1633/1885/1722 1647/1881/1718
f 1647/1881/1718 1633/1885/1722 1634/1877/1714
f 1647/1881/1718 1634/1877/1714 1636/1879/1716
f 1653/1899/1736 1632/1886/1723 1638/1888/1725
f 1653/1899/1736 1638/1888/1725 1651/1890/1727
f 1652/1897/1734 1653/1899/1736 1651/1890/1727
f 1077/1892/1729 1652/1897/1734 1651/1890/1727
f 1640/1895/1732 1642/1901/1738 1654/1980/1816
f 1654/1980/1816 1642/1901/1738 1660/1983/1819
f 1654/1980/1816 1660/1983/1819 1641/1978/1814
f 1641/1978/1814 1660/1983/1819 1659/1976/1812
f 1708/1896/1733 1656/1981/1817 1639/1982/1818
f 1639/1982/1818 1656/1981/1817 1655/1979/1815
f 1709/1898/1735 1708/1896/1733 1639/1982/1818
f 1661/1903/1740 1658/1905/1742 1660/1983/1819
f 1660/1983/1819 1658/1905/1742 1659/1976/1812
f 1659/1976/1812 1658/1905/1742 1665/1907/1744
f 1642/1901/1738 1661/1903/1740 1660/1983/1819
f 1662/1944/1780 1663/1984/1820 1668/1942/1778
f 1668/1942/1778 1663/1984/1820 1667/1985/1821
f 1668/1942/1778 1667/1985/1821 1657/1904/1741
f 1657/1904/1741 1667/1985/1821 1666/1906/1743
f 1666/1906/1743 1667/1985/1821 1664/1986/1822
f 1664/1986/1822 1667/1985/1821 1663/1984/1820
f 1664/1986/1822 1663/1984/1820 1672/1913/1750
f 1672/1913/1750 1663/1984/1820 1671/1915/1752
f 1669/1917/1754 1671/1915/1752 1662/1944/1780
f 1662/1944/1780 1671/1915/1752 1663/1984/1820
f 1673/1911/1748 1643/1908/1745 1664/1986/1822
f 1664/1986/1822 1643/1908/1745 1666/1906/1743
f 1673/1911/1748 1664/1986/1822 1672/1913/1750
f 1689/1950/1786 1688/1951/1787 1695/1987/1823
f 1695/1987/1823 1688/1951/1787 1694/1953/1789
f 1695/1987/1823 1694/1953/1789 1703/1932/1769
f 1703/1932/1769 1694/1953/1789 1702/1934/1771
f 1704/1929/1766 1696/1927/1764 1695/1987/1823
f 1695/1987/1823 1696/1927/1764 1689/1950/1786
f 1704/1929/1766 1695/1987/1823 1703/1932/1769
f 1725/1988/1824 1710/1989/1825 1724/1990/1826
f 1724/1990/1826 1710/1989/1825 1711/1991/1827
f 1724/1990/1826 1711/1991/1827 1723/1992/1828
f 1723/1992/1828 1711/1991/1827 1712/1993/1829
f 1723/1992/1828 1712/1993/1829 1722/1994/1830
f 1722/1994/1830 1712/1993/1829 1713/1995/1831
f 1722/1994/1830 1713/1995/1831 1721/1996/1832
f 1721/1996/1832 1713/1995/1831 1714/1997/1833
f 1721/1996/1832 1714/1997/1833 1720/1998/1834
f 1720/1998/1834 1714/1997/1833 1715/1999/1835
f 1720/1998/1834 1715/1999/1835 1719/2000/1836
f 1719/2000/1836 1715/1999/1835 1716/2001/1837
f 1719/2000/1836 1716/2001/1837 1718/2002/1838
f 1718/2002/1838 1716/2001/1837 1717/2003/1839
f 1758/2004/1840 1726/2005/1841 1764/2006/1842
f 1764/2006/1842 1726/2005/1841 1727/2007/1843
f 1764/2006/1842 1727/2007/1843 1728/2008/1844
f 1764/2006/1842 1728/2008/1844 1763/2009/1845
f 1763/2009/1845 1728/2008/1844 1729/2010/1846
f 1763/2009/1845 1729/2010/1846 1762/2011/1847
f 1762/2011/1847 1729/2010/1846 1730/2012/1848
f 1762/2011/1847 1730/2012/1848 1761/2013/1849
f 1761/2013/1849 1730/2012/1848 1731/2014/1850
f 1761/2013/1849 1731/2014/1850 1760/2015/1851
f 1760/2015/1851 1731/2014/1850 1732/2016/1852
f 1760/2015/1851 1732/2016/1852 1759/2017/1853
f 1759/2017/1853 1732/2016/1852 1733/2018/1854
f 1759/2017/1853 1733/2018/1854 1734/2019/1855
f 1759/2017/1853 1734/2019/1855 1765/2020/1856
f 1765/2020/1856 1734/2019/1855 1735/2021/1857
f 1765/2020/1856 1735/2021/1857 1771/2022/1858
f 1771/2022/1858 1735/2021/1857 1736/2023/1859
f 1771/2022/1858 1736/2023/1859 1777/2024/1860
f 1777/2024/1860 1736/2023/1859 1737/2025/1861
f 1777/2024/1860 1737/2025/1861 1783/2026/1862
f 1783/2026/1862 1737/2025/1861 1738/2027/1863
f 1783/2026/1862 1738/2027/1863 1789/2028/1864
f 1789/2028/1864 1738/2027/1863 1739/2029/1865
f 1789/2028/1864 1739/2029/1865 1795/2030/1866
f 1795/2030/1866 1739/2029/1865 1740/2031/1867
f 1795/2030/1866 1740/2031/1867 1801/2032/1868
f 1801/2032/1868 1740/2031/1867 1741/2033/1869
f 1801/2032/1868 1741/2033/1869 1807/2034/1870
f 1807/2034/1870 1741/2033/1869 1742/2035/1871
f 1807/2034/1870 1742/2035/1871 1813/2036/1872
f 1813/2036/1872 1742/2035/1871 1743/2037/1873
f 1813/2036/1872 1743/2037/1873 1819/2038/1874
f 1819/2038/1874 1743/2037/1873 1744/2039/1875
f 1819/2038/1874 1744/2039/1875 1825/2040/1876
f 1825/2040/1876 1744/2039/1875 1745/2041/1877
f 1825/2040/1876 1745/2041/1877 1831/2042/1878
f 1831/2042/1878 1745/2041/1877 1746/2043/1879
f 1831/2042/1878 1746/2043/1879 1716/2044/1837
f 1716/2044/1837 1746/2043/1879 1717/2045/1839
f 1716/2044/1837 1715/2046/1835 1831/2042/1878
f 1831/2042/1878 1715/2046/1835 1832/2047/1880
f 1831/2042/1878 1832/2047/1880 1825/2040/1876
f 1825/2040/1876 1832/2047/1880 1826/2048/1881
f 1825/2040/1876 1826/2048/1881 1819/2038/1874
f 1819/2038/1874 1826/2048/1881 1820/2049/1882
f 1819/2038/1874 1820/2049/1882 1813/2036/1872
f 1813/2036/1872 1820/2049/1882 1814/2050/1883
f 1813/2036/1872 1814/2050/1883 1807/2034/1870
f 1807/2034/1870 1814/2050/1883 1808/2051/1884
f 1807/2034/1870 1808/2051/1884 1801/2032/1868
f 1801/2032/1868 1808/2051/1884 1802/2052/1885
f 1801/2032/1868 1802/2052/1885 1795/2030/1866
f 1795/2030/1866 1802/2052/1885 1796/2053/1886
f 1795/2030/1866 1796/2053/1886 1789/2028/1864
f 1789/2028/1864 1796/2053/1886 1790/2054/1887
f 1789/2028/1864 1790/2054/1887 1783/2026/1862
f 1783/2026/1862 1790/2054/1887 1784/2055/1888
f 1783/2026/1862 1784/2055/1888 1777/2024/1860
f 1777/2024/1860 1784/2055/1888 1778/2056/1889
f 1777/2024/1860 1778/2056/1889 1771/2022/1858
f 1771/2022/1858 1778/2056/1889 1772/2057/1890
f 1771/2022/1858 1772/2057/1890 1765/2020/1856
f 1765/2020/1856 1772/2057/1890 1766/2058/1891
f 1765/2020/1856 1766/2058/1891 1759/2017/1853
f 1759/2017/1853 1766/2058/1891 1760/2015/1851
f 1715/2046/1835 1714/2059/1833 1832/2047/1880
f 1832/2047/1880 1714/2059/1833 1833/2060/1892
f 1832/2047/1880 1833/2060/1892 1826/2048/1881
f 1826/2048/1881 1833/2060/1892 1827/2061/1893
f 1826/2048/1881 1827/2061/1893 1820/2049/1882
f 1820/2049/1882 1827/2061/1893 1821/2062/1894
f 1820/2049/1882 1821/2062/1894 1814/2050/1883
f 1814/2050/1883 1821/2062/1894 1815/2063/1895
f 1814/2050/1883 1815/2063/1895 1808/2051/1884
f 1808/2051/1884 1815/2063/1895 1809/2064/1896
f 1808/2051/1884 1809/2064/1896 1802/2052/1885
f 1802/2052/1885 1809/2064/1896 1803/2065/1897
f 1802/2052/1885 1803/2065/1897 1796/2053/1886
f 1796/2053/1886 1803/2065/1897 1797/2066/1898
f 1796/2053/1886 1797/2066/1898 1790/2054/1887
f 1790/2054/1887 1797/2066/1898 1791/2067/1899
f 1790/2054/1887 1791/2067/1899 1784/2055/1888
f 1784/2055/1888 1791/2067/1899 1785/2068/1900
f 1784/2055/1888 1785/2068/1900 1778/2056/1889
f 1778/2056/1889 1785/2068/1900 1779/2069/1901
f 1778/2056/1889 1779/2069/1901 1772/2057/1890
f 1772/2057/1890 1779/2069/1901 1773/2070/1902
f 1772/2057/1890 1773/2070/1902 1766/2058/1891
f 1766/2058/1891 1773/2070/1902 1767/2071/1903
f 1766/2058/1891 1767/2071/1903 1760/2015/1851
f 1760/2015/1851 1767/2071/1903 1761/2013/1849
f 1714/2059/1833 1713/2072/1831 1833/2060/1892
f 1833/2060/1892 1713/2072/1831 1834/2073/1904
f 1833/2060/1892 1834/2073/1904 1827/2061/1893
f 1827/2061/1893 1834/2073/1904 1828/2074/1905
f 1827/2061/1893 1828/2074/1905 1821/2062/1894
f 1821/2062/1894 1828/2074/1905 1822/2075/1906
f 1821/2062/1894 1822/2075/1906 1815/2063/1895
f 1815/2063/1895 1822/2075/1906 1816/2076/1907
f 1815/2063/1895 1816/2076/1907 1809/2064/1896
f 1809/2064/1896 1816/2076/1907 1810/2077/1908
f 1809/2064/1896 1810/2077/1908 1803/2065/1897
f 1803/2065/1897 1810/2077/1908 1804/2078/1909
f 1803/2065/1897 1804/2078/1909 1797/2066/1898
f 1797/2066/1898 1804/2078/1909 1798/2079/1910
f 1797/2066/1898 1798/2079/1910 1791/2067/1899
f 1791/2067/1899 1798/2079/1910 1792/2080/1911
f 1791/2067/1899 1792/2080/1911 1785/2068/1900
f 1785/2068/1900 1792/2080/1911 1786/2081/1912
f 1785/2068/1900 1786/2081/1912 1779/2069/1901
f 1779/2069/1901 1786/2081/1912 1780/2082/1913
f 1779/2069/1901 1780/2082/1913 1773/2070/1902
f 1773/2070/1902 1780/2082/1913 1774/2083/1914
f 1773/2070/1902 1774/2083/1914 1767/2071/1903
f 1767/2071/1903 1774/2083/1914 1768/2084/1915
f 1767/2071/1903 1768/2084/1915 1761/2013/1849
f 1761/2013/1849 1768/2084/1915 1762/2011/1847
f 1713/2072/1831 1712/2085/1829 1834/2073/1904
f 1834/2073/1904 1712/2085/1829 1835/2086/1916
f 1834/2073/1904 1835/2086/1916 1828/2074/1905
f 1828/2074/1905 1835/2086/1916 1829/2087/1917
f 1828/2074/1905 1829/2087/1917 1822/2075/1906
f 1822/2075/1906 1829/2087/1917 1823/2088/1918
f 1822/2075/1906 1823/2088/1918 1816/2076/1907
f 1816/2076/1907 1823/2088/1918 1817/2089/1919
f 1816/2076/1907 1817/2089/1919 1810/2077/1908
f 1810/2077/1908 1817/2089/1919 1811/2090/1920
f 1810/2077/1908 1811/2090/1920 1804/2078/1909
f 1804/2078/1909 1811/2090/1920 1805/2091/1921
f 1804/2078/1909 1805/2091/1921 1798/2079/1910
f 1798/2079/1910 1805/2091/1921 1799/2092/1922
f 1798/2079/1910 1799/2092/1922 1792/2080/1911
f 1792/2080/1911 1799/2092/1922 1793/2093/1923
f 1792/2080/1911 1793/2093/1923 1786/2081/1912
f 1786/2081/1912 1793/2093/1923 1787/2094/1924
f 1786/2081/1912 1787/2094/1924 1780/2082/1913
f 1780/2082/1913 1787/2094/1924 1781/2095/1925
f 1780/2082/1913 1781/2095/1925 1774/2083/1914
f 1774/2083/1914 1781/2095/1925 1775/2096/1926
f 1774/2083/1914 1775/2096/1926 1768/2084/1915
f 1768/2084/1915 1775/2096/1926 1769/2097/1927
f 1768/2084/1915 1769/2097/1927 1762/2011/1847
f 1762/2011/1847 1769/2097/1927 1763/2009/1845
f 1712/2085/1829 1711/2098/1827 1835/2086/1916
f 1835/2086/1916 1711/2098/1827 1836/2099/1928
f 1835/2086/1916 1836/2099/1928 1829/2087/1917
f 1829/2087/1917 1836/2099/1928 1830/2100/1929
f 1829/2087/1917 1830/2100/1929 1823/2088/1918
f 1823/2088/1918 1830/2100/1929 1824/2101/1930
f 1823/2088/1918 1824/2101/1930 1817/2089/1919
f 1817/2089/1919 1824/2101/1930 1818/2102/1931
f 1817/2089/1919 1818/2102/1931 1811/2090/1920
f 1811/2090/1920 1818/2102/1931 1812/2103/1932
f 1811/2090/1920 1812/2103/1932 1805/2091/1921
f 1805/2091/1921 1812/2103/1932 1806/2104/1933
f 1805/2091/1921 1806/2104/1933 1799/2092/1922
f 1799/2092/1922 1806/2104/1933 1800/2105/1934
f 1799/2092/1922 1800/2105/1934 1793/2093/1923
f 1793/2093/1923 1800/2105/1934 1794/2106/1935
f 1793/2093/1923 1794/2106/1935 1787/2094/1924
f 1787/2094/1924 1794/2106/1935 1788/2107/1936
f 1787/2094/1924 1788/2107/1936 1781/2095/1925
f 1781/2095/1925 1788/2107/1936 1782/2108/1937
f 1781/2095/1925 1782/2108/1937 1775/2096/1926
f 1775/2096/1926 1782/2108/1937 1776/2109/1938
f 1775/2096/1926 1776/2109/1938 1769/2097/1927
f 1769/2097/1927 1776/2109/1938 1770/2110/1939
f 1769/2097/1927 1770/2110/1939 1763/2009/1845
f 1763/2009/1845 1770/2110/1939 1764/2006/1842
f 1711/2098/1827 1710/2111/1825 1836/2099/1928
f 1836/2099/1928 1710/2111/1825 1747/2112/1940
f 1836/2099/1928 1747/2112/1940 1830/2100/1929
f 1830/2100/1929 1747/2112/1940 1748/2113/1941
f 1830/2100/1929 1748/2113/1941 1824/2101/1930
f 1824/2101/1930 1748/2113/1941 1749/2114/1942
f 1824/2101/1930 1749/2114/1942 1818/2102/1931
f 1818/2102/1931 1749/2114/1942 1750/2115/1943
f 1818/2102/1931 1750/2115/1943 1812/2103/1932
f 1812/2103/1932 1750/2115/1943 1751/2116/1944
f 1812/2103/1932 1751/2116/1944 1806/2104/1933
f 1806/2104/1933 1751/2116/1944 1752/2117/1945
f 1806/2104/1933 1752/2117/1945 1800/2105/1934
f 1800/2105/1934 1752/2117/1945 1753/2118/1946
f 1800/2105/1934 1753/2118/1946 1794/2106/1935
f 1794/2106/1935 1753/2118/1946 1754/2119/1947
f 1794/2106/1935 1754/2119/1947 1788/2107/1936
f 1788/2107/1936 1754/2119/1947 1755/2120/1948
f 1788/2107/1936 1755/2120/1948 1782/2108/1937
f 1782/2108/1937 1755/2120/1948 1756/2121/1949
f 1782/2108/1937 1756/2121/1949 1776/2109/1938
f 1776/2109/1938 1756/2121/1949 1757/2122/1950
f 1776/2109/1938 1757/2122/1950 1770/2110/1939
f 1770/2110/1939 1757/2122/1950 1758/2004/1840
f 1770/2110/1939 1758/2004/1840 1764/2006/1842
f 1727/2123/1951 1726/2124/1841 1864/2125/1952
f 1864/2125/1952 1726/2124/1841 1837/2126/1953
f 1864/2125/1952 1837/2126/1953 1838/2127/1954
f 1864/2125/1952 1838/2127/1954 1872/2128/1955
f 1872/2128/1955 1838/2127/1954 1839/2129/1956
f 1872/2128/1955 1839/2129/1956 1880/2130/1957
f 1880/2130/1957 1839/2129/1956 1840/2131/1958
f 1880/2130/1957 1840/2131/1958 1887/2132/1959
f 1887/2132/1959 1840/2131/1958 1841/2133/1960
f 1887/2132/1959 1841/2133/1960 1895/2134/1961
f 1895/2134/1961 1841/2133/1960 1842/2135/1962
f 1895/2134/1961 1842/2135/1962 1902/2136/1963
f 1902/2136/1963 1842/2135/1962 1843/2137/1964
f 1902/2136/1963 1843/2137/1964 1910/2138/1965
f 1910/2138/1965 1843/2137/1964 1844/2139/1966
f 1910/2138/1965 1844/2139/1966 1917/2140/1967
f 1917/2140/1967 1844/2139/1966 1845/2141/1968
f 1917/2140/1967 1845/2141/1968 1846/2142/1969
f 1917/2140/1967 1846/2142/1969 1925/2143/1970
f 1925/2143/1970 1846/2142/1969 1847/2144/1971
f 1925/2143/1970 1847/2144/1971 1848/2145/1972
f 1925/2143/1970 1848/2145/1972 1933/2146/1973
f 1933/2146/1973 1848/2145/1972 1849/2147/1974
f 1933/2146/1973 1849/2147/1974 1941/2148/1975
f 1941/2148/1975 1849/2147/1974 1850/2149/1976
f 1941/2148/1975 1850/2149/1976 1955/2150/1977
f 1955/2150/1977 1850/2149/1976 1851/2151/1978
f 1853/2152/1979 1940/2153/1980 1852/2154/1981
f 1852/2154/1981 1940/2153/1980 1948/2155/1982
f 1852/2154/1981 1948/2155/1982 1863/2156/1983
f 1863/2156/1983 1948/2155/1982 1947/2157/1984
f 1863/2156/1983 1947/2157/1984 1949/2158/1985
f 1949/2158/1985 1947/2157/1984 1946/2159/1986
f 1949/2158/1985 1946/2159/1986 1950/2160/1987
f 1950/2160/1987 1946/2159/1986 1945/2161/1988
f 1950/2160/1987 1945/2161/1988 1951/2162/1989
f 1951/2162/1989 1945/2161/1988 1944/2163/1990
f 1951/2162/1989 1944/2163/1990 1952/2164/1991
f 1952/2164/1991 1944/2163/1990 1943/2165/1992
f 1952/2164/1991 1943/2165/1992 1953/2166/1993
f 1953/2166/1993 1943/2165/1992 1942/2167/1994
f 1953/2166/1993 1942/2167/1994 1954/2168/1995
f 1954/2168/1995 1942/2167/1994 1941/2148/1975
f 1954/2168/1995 1941/2148/1975 1955/2150/1977
f 1940/2153/1980 1853/2152/1979 1932/2169/1996
f 1932/2169/1996 1853/2152/1979 1854/2170/1997
f 1932/2169/1996 1854/2170/1997 1924/2171/1998
f 1924/2171/1998 1854/2170/1997 1855/2172/1999
f 1924/2171/1998 1855/2172/1999 1862/2173/2000
f 1862/2173/2000 1855/2172/1999 1856/2174/2001
f 1862/2173/2000 1856/2174/2001 1909/2175/2002
f 1909/2175/2002 1856/2174/2001 1861/2176/2003
f 1909/2175/2002 1861/2176/2003 1901/2177/2004
f 1901/2177/2004 1861/2176/2003 1893/2178/2005
f 1901/2177/2004 1893/2178/2005 1892/2179/2006
f 1892/2179/2006 1893/2178/2005 1885/2180/2007
f 1892/2179/2006 1885/2180/2007 1884/2181/2008
f 1884/2181/2008 1885/2180/2007 1876/2182/2009
f 1884/2181/2008 1876/2182/2009 1875/2183/2010
f 1875/2183/2010 1876/2182/2009 1867/2184/2011
f 1875/2183/2010 1867/2184/2011 1866/2185/2012
f 1866/2185/2012 1867/2184/2011 1728/2186/2013
f 1866/2185/2012 1728/2186/2013 1865/2187/2014
f 1865/2187/2014 1728/2186/2013 1727/2123/1951
f 1865/2187/2014 1727/2123/1951 1864/2125/1952
f 1856/2174/2001 1857/2188/2015 1861/2176/2003
f 1861/2176/2003 1857/2188/2015 1894/2189/2016
f 1861/2176/2003 1894/2189/2016 1893/2178/2005
f 1893/2178/2005 1894/2189/2016 1886/2190/2017
f 1893/2178/2005 1886/2190/2017 1885/2180/2007
f 1885/2180/2007 1886/2190/2017 1877/2191/2018
f 1885/2180/2007 1877/2191/2018 1876/2182/2009
f 1876/2182/2009 1877/2191/2018 1868/2192/2019
f 1876/2182/2009 1868/2192/2019 1867/2184/2011
f 1867/2184/2011 1868/2192/2019 1729/2193/2020
f 1867/2184/2011 1729/2193/2020 1728/2186/2013
f 1894/2189/2016 1857/2188/2015 1860/2194/2021
f 1860/2194/2021 1857/2188/2015 1858/2195/2022
f 1860/2194/2021 1858/2195/2022 1879/2196/2023
f 1879/2196/2023 1858/2195/2022 1871/2197/2024
f 1879/2196/2023 1871/2197/2024 1870/2198/2025
f 1870/2198/2025 1871/2197/2024 1731/2199/2026
f 1870/2198/2025 1731/2199/2026 1730/2200/2027
f 1858/2195/2022 1859/2201/2028 1871/2197/2024
f 1871/2197/2024 1859/2201/2028 1732/2202/2029
f 1871/2197/2024 1732/2202/2029 1731/2199/2026
f 1859/2201/2028 1733/2203/1854 1732/2202/2029
f 1729/2193/2020 1868/2192/2019 1730/2200/2027
f 1730/2200/2027 1868/2192/2019 1869/2204/2030
f 1730/2200/2027 1869/2204/2030 1870/2198/2025
f 1870/2198/2025 1869/2204/2030 1878/2205/2031
f 1870/2198/2025 1878/2205/2031 1879/2196/2023
f 1879/2196/2023 1878/2205/2031 1860/2194/2021
f 1955/2150/1977 1851/2206/2032 1954/2168/1995
f 1954/2168/1995 1851/2207/2033 1953/2166/1993
f 1953/2166/1993 1851/2208/2034 1952/2164/1991
f 1952/2164/1991 1851/2209/2035 1951/2162/1989
f 1951/2162/1989 1851/2210/2036 1950/2160/1987
f 1950/2160/1987 1851/2211/2037 1949/2158/1985
f 1949/2158/1985 1851/2212/2038 1863/2156/1983
f 1851/2213/2039 1852/2154/1981 1863/2156/1983
f 1865/2187/2014 1864/2125/1952 1873/2214/2040
f 1873/2214/2040 1864/2125/1952 1872/2128/1955
f 1873/2214/2040 1872/2128/1955 1881/2215/2041
f 1881/2215/2041 1872/2128/1955 1880/2130/1957
f 1881/2215/2041 1880/2130/1957 1888/2216/2042
f 1888/2216/2042 1880/2130/1957 1887/2132/1959
f 1888/2216/2042 1887/2132/1959 1896/2217/2043
f 1896/2217/2043 1887/2132/1959 1895/2134/1961
f 1896/2217/2043 1895/2134/1961 1903/2218/2044
f 1903/2218/2044 1895/2134/1961 1902/2136/1963
f 1903/2218/2044 1902/2136/1963 1911/2219/2045
f 1911/2219/2045 1902/2136/1963 1910/2138/1965
f 1911/2219/2045 1910/2138/1965 1918/2220/2046
f 1918/2220/2046 1910/2138/1965 1917/2140/1967
f 1918/2220/2046 1917/2140/1967 1926/2221/2047
f 1926/2221/2047 1917/2140/1967 1925/2143/1970
f 1926/2221/2047 1925/2143/1970 1934/2222/2048
f 1934/2222/2048 1925/2143/1970 1933/2146/1973
f 1934/2222/2048 1933/2146/1973 1942/2167/1994
f 1942/2167/1994 1933/2146/1973 1941/2148/1975
f 1866/2185/2012 1865/2187/2014 1874/2223/2049
f 1874/2223/2049 1865/2187/2014 1873/2214/2040
f 1874/2223/2049 1873/2214/2040 1882/2224/2050
f 1882/2224/2050 1873/2214/2040 1881/2215/2041
f 1882/2224/2050 1881/2215/2041 1889/2225/2051
f 1889/2225/2051 1881/2215/2041 1888/2216/2042
f 1889/2225/2051 1888/2216/2042 1897/2226/2052
f 1897/2226/2052 1888/2216/2042 1896/2217/2043
f 1897/2226/2052 1896/2217/2043 1904/2227/2053
f 1904/2227/2053 1896/2217/2043 1903/2218/2044
f 1904/2227/2053 1903/2218/2044 1912/2228/2054
f 1912/2228/2054 1903/2218/2044 1911/2219/2045
f 1912/2228/2054 1911/2219/2045 1919/2229/2055
f 1919/2229/2055 1911/2219/2045 1918/2220/2046
f 1919/2229/2055 1918/2220/2046 1927/2230/2056
f 1927/2230/2056 1918/2220/2046 1926/2221/2047
f 1927/2230/2056 1926/2221/2047 1935/2231/2057
f 1935/2231/2057 1926/2221/2047 1934/2222/2048
f 1935/2231/2057 1934/2222/2048 1943/2165/1992
f 1943/2165/1992 1934/2222/2048 1942/2167/1994
f 1878/2205/2031 1869/2204/2030 1877/2191/2018
f 1877/2191/2018 1869/2204/2030 1868/2192/2019
f 1866/2185/2012 1874/2223/2049 1875/2183/2010
f 1875/2183/2010 1874/2223/2049 1883/2232/2058
f 1875/2183/2010 1883/2232/2058 1884/2181/2008
f 1884/2181/2008 1883/2232/2058 1891/2233/2059
f 1884/2181/2008 1891/2233/2059 1892/2179/2006
f 1892/2179/2006 1891/2233/2059 1900/2234/2060
f 1892/2179/2006 1900/2234/2060 1901/2177/2004
f 1901/2177/2004 1900/2234/2060 1908/2235/2061
f 1901/2177/2004 1908/2235/2061 1909/2175/2002
f 1909/2175/2002 1908/2235/2061 1862/2173/2000
f 1883/2232/2058 1874/2223/2049 1882/2224/2050
f 1860/2194/2021 1878/2205/2031 1886/2190/2017
f 1886/2190/2017 1878/2205/2031 1877/2191/2018
f 1883/2232/2058 1882/2224/2050 1890/2236/2062
f 1890/2236/2062 1882/2224/2050 1889/2225/2051
f 1890/2236/2062 1889/2225/2051 1898/2237/2063
f 1898/2237/2063 1889/2225/2051 1897/2226/2052
f 1898/2237/2063 1897/2226/2052 1905/2238/2064
f 1905/2238/2064 1897/2226/2052 1904/2227/2053
f 1905/2238/2064 1904/2227/2053 1913/2239/2065
f 1913/2239/2065 1904/2227/2053 1912/2228/2054
f 1913/2239/2065 1912/2228/2054 1920/2240/2066
f 1920/2240/2066 1912/2228/2054 1919/2229/2055
f 1920/2240/2066 1919/2229/2055 1928/2241/2067
f 1928/2241/2067 1919/2229/2055 1927/2230/2056
f 1928/2241/2067 1927/2230/2056 1936/2242/2068
f 1936/2242/2068 1927/2230/2056 1935/2231/2057
f 1936/2242/2068 1935/2231/2057 1944/2163/1990
f 1944/2163/1990 1935/2231/2057 1943/2165/1992
f 1894/2189/2016 1860/2194/2021 1886/2190/2017
f 1883/2232/2058 1890/2236/2062 1891/2233/2059
f 1891/2233/2059 1890/2236/2062 1899/2243/2069
f 1891/2233/2059 1899/2243/2069 1900/2234/2060
f 1900/2234/2060 1899/2243/2069 1907/2244/2070
f 1900/2234/2060 1907/2244/2070 1908/2235/2061
f 1908/2235/2061 1907/2244/2070 1916/2245/2071
f 1908/2235/2061 1916/2245/2071 1862/2173/2000
f 1862/2173/2000 1916/2245/2071 1924/2171/1998
f 1899/2243/2069 1890/2236/2062 1898/2237/2063
f 1899/2243/2069 1898/2237/2063 1906/2246/2072
f 1906/2246/2072 1898/2237/2063 1905/2238/2064
f 1906/2246/2072 1905/2238/2064 1914/2247/2073
f 1914/2247/2073 1905/2238/2064 1913/2239/2065
f 1914/2247/2073 1913/2239/2065 1921/2248/2074
f 1921/2248/2074 1913/2239/2065 1920/2240/2066
f 1921/2248/2074 1920/2240/2066 1929/2249/2075
f 1929/2249/2075 1920/2240/2066 1928/2241/2067
f 1929/2249/2075 1928/2241/2067 1937/2250/2076
f 1937/2250/2076 1928/2241/2067 1936/2242/2068
f 1937/2250/2076 1936/2242/2068 1945/2161/1988
f 1945/2161/1988 1936/2242/2068 1944/2163/1990
f 1899/2243/2069 1906/2246/2072 1907/2244/2070
f 1907/2244/2070 1906/2246/2072 1915/2251/2077
f 1907/2244/2070 1915/2251/2077 1916/2245/2071
f 1916/2245/2071 1915/2251/2077 1923/2252/2078
f 1916/2245/2071 1923/2252/2078 1924/2171/1998
f 1924/2171/1998 1923/2252/2078 1932/2169/1996
f 1915/2251/2077 1906/2246/2072 1914/2247/2073
f 1915/2251/2077 1914/2247/2073 1922/2253/2079
f 1922/2253/2079 1914/2247/2073 1921/2248/2074
f 1922/2253/2079 1921/2248/2074 1930/2254/2080
f 1930/2254/2080 1921/2248/2074 1929/2249/2075
f 1930/2254/2080 1929/2249/2075 1938/2255/2081
f 1938/2255/2081 1929/2249/2075 1937/2250/2076
f 1938/2255/2081 1937/2250/2076 1946/2159/1986
f 1946/2159/1986 1937/2250/2076 1945/2161/1988
f 1915/2251/2077 1922/2253/2079 1923/2252/2078
f 1923/2252/2078 1922/2253/2079 1931/2256/2082
f 1923/2252/2078 1931/2256/2082 1932/2169/1996
f 1932/2169/1996 1931/2256/2082 1940/2153/1980
f 1931/2256/2082 1922/2253/2079 1930/2254/2080
f 1931/2256/2082 1930/2254/2080 1939/2257/2083
f 1939/2257/2083 1930/2254/2080 1938/2255/2081
f 1939/2257/2083 1938/2255/2081 1947/2157/1984
f 1947/2157/1984 1938/2255/2081 1946/2159/1986
f 1948/2155/1982 1940/2153/1980 1939/2257/2083
f 1939/2257/2083 1940/2153/1980 1931/2256/2082
f 1948/2155/1982 1939/2257/2083 1947/2157/1984
f 1970/2258/2084 1956/2259/2085 1969/2260/2086
f 1969/2260/2086 1956/2259/2085 1957/2261/2087
f 1969/2260/2086 1957/2261/2087 1968/2262/2088
f 1968/2262/2088 1957/2261/2087 1958/2263/2089
f 1968/2262/2088 1958/2263/2089 1967/2264/2090
f 1967/2264/2090 1958/2263/2089 1959/2265/2091
f 1967/2264/2090 1959/2265/2091 1966/2266/2092
f 1966/2266/2092 1959/2265/2091 1960/2267/2093
f 1966/2266/2092 1960/2267/2093 1965/2268/2094
f 1965/2268/2094 1960/2267/2093 1961/2269/2095
f 1965/2268/2094 1961/2269/2095 1964/2270/2096
f 1964/2270/2096 1961/2269/2095 1962/2271/2097
f 1964/2270/2096 1962/2271/2097 1963/2272/2098
f 1963/2272/2098 1962/2271/2097 1718/2273/1838
f 1986/2274/2099 1971/2275/2100 1987/2276/2101
f 1987/2276/2101 1971/2275/2100 1972/2277/2102
f 1987/2276/2101 1972/2277/2102 1988/2278/2103
f 1988/2278/2103 1972/2277/2102 1973/2279/2104
f 1988/2278/2103 1973/2279/2104 1989/2280/2105
f 1989/2280/2105 1973/2279/2104 1974/2281/2106
f 1989/2280/2105 1974/2281/2106 1990/2282/2107
f 1990/2282/2107 1974/2281/2106 1975/2283/2108
f 1990/2282/2107 1975/2283/2108 1991/2284/2109
f 1991/2284/2109 1975/2283/2108 1976/2285/2110
f 1991/2284/2109 1976/2285/2110 1992/2286/2111
f 1992/2286/2111 1976/2285/2110 1977/2287/2112
f 1992/2286/2111 1977/2287/2112 1978/2288/2113
f 1978/2288/2113 1979/2289/2114 1992/2286/2111
f 1992/2286/2111 1979/2289/2114 1980/2290/2115
f 1992/2286/2111 1980/2290/2115 1991/2284/2109
f 1991/2284/2109 1980/2290/2115 1981/2291/2116
f 1991/2284/2109 1981/2291/2116 1990/2282/2107
f 1990/2282/2107 1981/2291/2116 1982/2292/2117
f 1990/2282/2107 1982/2292/2117 1989/2280/2105
f 1989/2280/2105 1982/2292/2117 1983/2293/2118
f 1989/2280/2105 1983/2293/2118 1988/2278/2103
f 1988/2278/2103 1983/2293/2118 1984/2294/2119
f 1988/2278/2103 1984/2294/2119 1987/2276/2101
f 1987/2276/2101 1984/2294/2119 1985/2295/2120
f 1987/2276/2101 1985/2295/2120 1986/2274/2099
f 2015/2296/2121 1993/2297/2122 2025/2298/2123
f 2025/2298/2123 1993/2297/2122 1994/2299/2124
f 2025/2298/2123 1994/2299/2124 1995/2300/2125
f 2025/2298/2123 1995/2300/2125 2024/2301/2126
f 2024/2301/2126 1995/2300/2125 1996/2302/2127
f 2024/2301/2126 1996/2302/2127 2023/2303/2128
f 2023/2303/2128 1996/2302/2127 1997/2304/2129
f 2023/2303/2128 1997/2304/2129 2022/2305/2130
f 2022/2305/2130 1997/2304/2129 1998/2306/2131
f 2022/2305/2130 1998/2306/2131 2021/2307/2132
f 2021/2307/2132 1998/2306/2131 1999/2308/2133
f 2021/2307/2132 1999/2308/2133 2020/2309/2134
f 2020/2309/2134 1999/2308/2133 2000/2310/2135
f 2020/2309/2134 2000/2310/2135 2001/2311/2136
f 2020/2309/2134 2001/2311/2136 2019/2312/2137
f 2019/2312/2137 2001/2311/2136 2002/2313/2138
f 2019/2312/2137 2002/2313/2138 2041/2314/2139
f 2041/2314/2139 2002/2313/2138 2018/2315/2140
f 2041/2314/2139 2018/2315/2140 2031/2316/2141
f 2031/2316/2141 2018/2315/2140 2052/2317/2142
f 2031/2316/2141 2052/2317/2142 2051/2318/2143
f 2051/2318/2143 2052/2317/2142 2044/2319/2144
f 2051/2318/2143 2044/2319/2144 2045/2320/2145
f 2045/2320/2145 2044/2319/2144 2056/2321/2146
f 2045/2320/2145 2056/2321/2146 2057/2322/2147
f 2057/2322/2147 2056/2321/2146 2065/2323/2148
f 2057/2322/2147 2065/2323/2148 2064/2324/2149
f 2064/2324/2149 2065/2323/2148 2063/2325/2150
f 2064/2324/2149 2063/2325/2150 2009/2326/2151
f 2009/2326/2151 2063/2325/2150 2008/2327/2152
f 2008/2327/2152 2063/2325/2150 2076/2328/2153
f 2008/2327/2152 2076/2328/2153 2007/2329/2154
f 2007/2329/2154 2076/2328/2153 2075/2330/2155
f 2007/2329/2154 2075/2330/2155 1971/2331/2100
f 1971/2331/2100 2075/2330/2155 1972/2332/2102
f 1972/2332/2102 2075/2330/2155 2074/2333/2156
f 1972/2332/2102 2074/2333/2156 1973/2334/2104
f 1973/2334/2104 2074/2333/2156 2073/2335/2157
f 1973/2334/2104 2073/2335/2157 1974/2336/2106
f 1974/2336/2106 2073/2335/2157 2072/2337/2158
f 1974/2336/2106 2072/2337/2158 1975/2338/2108
f 1975/2338/2108 2072/2337/2158 2071/2339/2159
f 1975/2338/2108 2071/2339/2159 1976/2340/2110
f 1976/2340/2110 2071/2339/2159 2070/2341/2160
f 1976/2340/2110 2070/2341/2160 1977/2342/2112
f 1977/2342/2112 2070/2341/2160 1978/2343/2113
f 1978/2343/2113 2070/2341/2160 2006/2344/2161
f 2006/2344/2161 2070/2341/2160 2081/2345/2162
f 2006/2344/2161 2081/2345/2162 2016/2346/2163
f 2016/2346/2163 2081/2345/2162 2080/2347/2164
f 2016/2346/2163 2080/2347/2164 2059/2348/2165
f 2059/2348/2165 2080/2347/2164 2079/2349/2166
f 2059/2348/2165 2079/2349/2166 2060/2350/2167
f 2060/2350/2167 2079/2349/2166 2078/2351/2168
f 2060/2350/2167 2078/2351/2168 2061/2352/2169
f 2061/2352/2169 2078/2351/2168 2077/2353/2170
f 2061/2352/2169 2077/2353/2170 2062/2354/2171
f 2062/2354/2171 2077/2353/2170 2076/2328/2153
f 2062/2354/2171 2076/2328/2153 2063/2325/2150
f 2002/2313/2138 2003/2355/2172 2018/2315/2140
f 2018/2315/2140 2003/2355/2172 2053/2356/2173
f 2018/2315/2140 2053/2356/2173 2052/2317/2142
f 2052/2317/2142 2053/2356/2173 2043/2357/2174
f 2052/2317/2142 2043/2357/2174 2044/2319/2144
f 2044/2319/2144 2043/2357/2174 2055/2358/2175
f 2044/2319/2144 2055/2358/2175 2056/2321/2146
f 2056/2321/2146 2055/2358/2175 2066/2359/2176
f 2056/2321/2146 2066/2359/2176 2065/2323/2148
f 2065/2323/2148 2066/2359/2176 2062/2354/2171
f 2065/2323/2148 2062/2354/2171 2063/2325/2150
f 2053/2356/2173 2003/2355/2172 2042/2360/2177
f 2042/2360/2177 2003/2355/2172 2004/2361/2178
f 2042/2360/2177 2004/2361/2178 2017/2362/2179
f 2017/2362/2179 2004/2361/2178 2005/2363/2180
f 2017/2362/2179 2005/2363/2180 2069/2364/2181
f 2069/2364/2181 2005/2363/2180 2016/2346/2163
f 2069/2364/2181 2016/2346/2163 2059/2348/2165
f 2005/2363/2180 2006/2344/2161 2016/2346/2163
f 2009/2326/2151 2010/2365/2182 2064/2324/2149
f 2064/2324/2149 2010/2365/2182 2058/2366/2183
f 2064/2324/2149 2058/2366/2183 2057/2322/2147
f 2057/2322/2147 2058/2366/2183 2046/2367/2184
f 2057/2322/2147 2046/2367/2184 2045/2320/2145
f 2045/2320/2145 2046/2367/2184 2050/2368/2185
f 2045/2320/2145 2050/2368/2185 2051/2318/2143
f 2051/2318/2143 2050/2368/2185 2032/2369/2186
f 2051/2318/2143 2032/2369/2186 2031/2316/2141
f 2031/2316/2141 2032/2369/2186 2040/2370/2187
f 2031/2316/2141 2040/2370/2187 2041/2314/2139
f 2041/2314/2139 2040/2370/2187 2019/2312/2137
f 2010/2365/2182 2011/2371/2188 2058/2366/2183
f 2058/2366/2183 2011/2371/2188 2047/2372/2189
f 2058/2366/2183 2047/2372/2189 2046/2367/2184
f 2046/2367/2184 2047/2372/2189 2049/2373/2190
f 2046/2367/2184 2049/2373/2190 2050/2368/2185
f 2050/2368/2185 2049/2373/2190 2033/2374/2191
f 2050/2368/2185 2033/2374/2191 2032/2369/2186
f 2032/2369/2186 2033/2374/2191 2039/2375/2192
f 2032/2369/2186 2039/2375/2192 2040/2370/2187
f 2040/2370/2187 2039/2375/2192 2026/2376/2193
f 2040/2370/2187 2026/2376/2193 2019/2312/2137
f 2019/2312/2137 2026/2376/2193 2020/2309/2134
f 2047/2372/2189 2011/2371/2188 2048/2377/2194
f 2048/2377/2194 2011/2371/2188 2012/2378/2195
f 2048/2377/2194 2012/2378/2195 2035/2379/2196
f 2035/2379/2196 2012/2378/2195 2013/2380/2197
f 2035/2379/2196 2013/2380/2197 2036/2381/2198
f 2036/2381/2198 2013/2380/2197 2014/2382/2199
f 2036/2381/2198 2014/2382/2199 2030/2383/2200
f 2030/2383/2200 2014/2382/2199 2015/2296/2121
f 2030/2383/2200 2015/2296/2121 2025/2298/2123
f 2020/2309/2134 2026/2376/2193 2021/2307/2132
f 2021/2307/2132 2026/2376/2193 2027/2384/2201
f 2021/2307/2132 2027/2384/2201 2022/2305/2130
f 2022/2305/2130 2027/2384/2201 2028/2385/2202
f 2022/2305/2130 2028/2385/2202 2023/2303/2128
f 2023/2303/2128 2028/2385/2202 2029/2386/2203
f 2023/2303/2128 2029/2386/2203 2024/2301/2126
f 2024/2301/2126 2029/2386/2203 2030/2383/2200
f 2024/2301/2126 2030/2383/2200 2025/2298/2123
f 2026/2376/2193 2039/2375/2192 2027/2384/2201
f 2027/2384/2201 2039/2375/2192 2038/2387/2204
f 2027/2384/2201 2038/2387/2204 2028/2385/2202
f 2028/2385/2202 2038/2387/2204 2037/2388/2205
f 2028/2385/2202 2037/2388/2205 2029/2386/2203
f 2029/2386/2203 2037/2388/2205 2036/2381/2198
f 2029/2386/2203 2036/2381/2198 2030/2383/2200
f 2038/2387/2204 2039/2375/2192 2033/2374/2191
f 2037/2388/2205 2038/2387/2204 2034/2389/2206
f 2034/2389/2206 2038/2387/2204 2033/2374/2191
f 2034/2389/2206 2033/2374/2191 2049/2373/2190
f 2036/2381/2198 2037/2388/2205 2035/2379/2196
f 2035/2379/2196 2037/2388/2205 2034/2389/2206
f 2035/2379/2196 2034/2389/2206 2048/2377/2194
f 2048/2377/2194 2034/2389/2206 2049/2373/2190
f 2048/2377/2194 2049/2373/2190 2047/2372/2189
f 2053/2356/2173 2042/2360/2177 2043/2357/2174
f 2043/2357/2174 2042/2360/2177 2054/2390/2207
f 2043/2357/2174 2054/2390/2207 2055/2358/2175
f 2055/2358/2175 2054/2390/2207 2067/2391/2208
f 2055/2358/2175 2067/2391/2208 2066/2359/2176
f 2066/2359/2176 2067/2391/2208 2061/2352/2169
f 2066/2359/2176 2061/2352/2169 2062/2354/2171
f 2042/2360/2177 2017/2362/2179 2054/2390/2207
f 2054/2390/2207 2017/2362/2179 2068/2392/2209
f 2054/2390/2207 2068/2392/2209 2067/2391/2208
f 2067/2391/2208 2068/2392/2209 2060/2350/2167
f 2067/2391/2208 2060/2350/2167 2061/2352/2169
f 2069/2364/2181 2059/2348/2165 2068/2392/2209
f 2068/2392/2209 2059/2348/2165 2060/2350/2167
f 2017/2362/2179 2069/2364/2181 2068/2392/2209
f 2080/2347/2164 2081/2345/2162 2071/2339/2159
f 2071/2339/2159 2081/2345/2162 2070/2341/2160
f 2079/2349/2166 2080/2347/2164 2072/2337/2158
f 2072/2337/2158 2080/2347/2164 2071/2339/2159
f 2078/2351/2168 2079/2349/2166 2073/2335/2157
f 2073/2335/2157 2079/2349/2166 2072/2337/2158
f 2077/2353/2170 2078/2351/2168 2074/2333/2156
f 2074/2333/2156 2078/2351/2168 2073/2335/2157
f 2076/2328/2153 2077/2353/2170 2075/2330/2155
f 2075/2330/2155 2077/2353/2170 2074/2333/2156
f 1993/2393/2122 2082/2394/2210 2090/2395/2211
f 2090/2395/2211 2082/2394/2210 2083/2396/2212
f 2090/2395/2211 2083/2396/2212 2091/2397/2213
f 2091/2397/2213 2083/2396/2212 2084/2398/2214
f 2091/2397/2213 2084/2398/2214 2092/2399/2215
f 2092/2399/2215 2084/2398/2214 2085/2400/2216
f 2092/2399/2215 2085/2400/2216 2093/2401/2217
f 2093/2401/2217 2085/2400/2216 2086/2402/2218
f 2093/2401/2217 2086/2402/2218 2094/2403/2219
f 2094/2403/2219 2086/2402/2218 2087/2404/2220
f 2094/2403/2219 2087/2404/2220 2095/2405/2221
f 2095/2405/2221 2087/2404/2220 2088/2406/2222
f 2095/2405/2221 2088/2406/2222 2089/2407/2223
f 2089/2407/2223 2000/2408/2135 2095/2405/2221
f 2095/2405/2221 2000/2408/2135 1999/2409/2133
f 2095/2405/2221 1999/2409/2133 2094/2403/2219
f 2094/2403/2219 1999/2409/2133 1998/2410/2131
f 2094/2403/2219 1998/2410/2131 2093/2401/2217
f 2093/2401/2217 1998/2410/2131 1997/2411/2129
f 2093/2401/2217 1997/2411/2129 2092/2399/2215
f 2092/2399/2215 1997/2411/2129 1996/2412/2127
f 2092/2399/2215 1996/2412/2127 2091/2397/2213
f 2091/2397/2213 1996/2412/2127 1995/2413/2125
f 2091/2397/2213 1995/2413/2125 2090/2395/2211
f 2090/2395/2211 1995/2413/2125 1994/2414/2124
f 2090/2395/2211 1994/2414/2124 1993/2393/2122
f 2118/2415/2224 2096/2416/2225 2128/2417/2226
f 2128/2417/2226 2096/2416/2225 2097/2418/2227
f 2128/2417/2226 2097/2418/2227 2098/2419/2228
f 2128/2417/2226 2098/2419/2228 2127/2420/2229
f 2127/2420/2229 2098/2419/2228 2099/2421/2230
f 2127/2420/2229 2099/2421/2230 2126/2422/2231
f 2126/2422/2231 2099/2421/2230 2100/2423/2232
f 2126/2422/2231 2100/2423/2232 2125/2424/2233
f 2125/2424/2233 2100/2423/2232 2101/2425/2234
f 2125/2424/2233 2101/2425/2234 2124/2426/2235
f 2124/2426/2235 2101/2425/2234 2102/2427/2236
f 2124/2426/2235 2102/2427/2236 2123/2428/2237
f 2123/2428/2237 2102/2427/2236 2103/2429/2238
f 2123/2428/2237 2103/2429/2238 2104/2430/2239
f 2123/2428/2237 2104/2430/2239 2122/2431/2240
f 2122/2431/2240 2104/2430/2239 2105/2432/2241
f 2122/2431/2240 2105/2432/2241 2144/2433/2242
f 2144/2433/2242 2105/2432/2241 2121/2434/2243
f 2144/2433/2242 2121/2434/2243 2134/2435/2244
f 2134/2435/2244 2121/2434/2243 2155/2436/2245
f 2134/2435/2244 2155/2436/2245 2154/2437/2246
f 2154/2437/2246 2155/2436/2245 2147/2438/2247
f 2154/2437/2246 2147/2438/2247 2148/2439/2248
f 2148/2439/2248 2147/2438/2247 2159/2440/2249
f 2148/2439/2248 2159/2440/2249 2160/2441/2250
f 2160/2441/2250 2159/2440/2249 2168/2442/2251
f 2160/2441/2250 2168/2442/2251 2167/2443/2252
f 2167/2443/2252 2168/2442/2251 2166/2444/2253
f 2167/2443/2252 2166/2444/2253 2112/2445/2254
f 2112/2445/2254 2166/2444/2253 2111/2446/2255
f 2111/2446/2255 2166/2444/2253 2179/2447/2256
f 2111/2446/2255 2179/2447/2256 2110/2448/2257
f 2110/2448/2257 2179/2447/2256 2178/2449/2258
f 2110/2448/2257 2178/2449/2258 2082/2450/2210
f 2082/2450/2210 2178/2449/2258 2083/2451/2212
f 2083/2451/2212 2178/2449/2258 2177/2452/2259
f 2083/2451/2212 2177/2452/2259 2084/2453/2214
f 2084/2453/2214 2177/2452/2259 2176/2454/2260
f 2084/2453/2214 2176/2454/2260 2085/2455/2216
f 2085/2455/2216 2176/2454/2260 2175/2456/2261
f 2085/2455/2216 2175/2456/2261 2086/2457/2218
f 2086/2457/2218 2175/2456/2261 2174/2458/2262
f 2086/2457/2218 2174/2458/2262 2087/2459/2220
f 2087/2459/2220 2174/2458/2262 2173/2460/2263
f 2087/2459/2220 2173/2460/2263 2088/2461/2222
f 2088/2461/2222 2173/2460/2263 2089/2462/2223
f 2089/2462/2223 2173/2460/2263 2109/2463/2264
f 2109/2463/2264 2173/2460/2263 2184/2464/2265
f 2109/2463/2264 2184/2464/2265 2119/2465/2266
f 2119/2465/2266 2184/2464/2265 2183/2466/2267
f 2119/2465/2266 2183/2466/2267 2162/2467/2268
f 2162/2467/2268 2183/2466/2267 2182/2468/2269
f 2162/2467/2268 2182/2468/2269 2163/2469/2270
f 2163/2469/2270 2182/2468/2269 2181/2470/2271
f 2163/2469/2270 2181/2470/2271 2164/2471/2272
f 2164/2471/2272 2181/2470/2271 2180/2472/2273
f 2164/2471/2272 2180/2472/2273 2165/2473/2274
f 2165/2473/2274 2180/2472/2273 2179/2447/2256
f 2165/2473/2274 2179/2447/2256 2166/2444/2253
f 2105/2432/2241 2106/2474/2275 2121/2434/2243
f 2121/2434/2243 2106/2474/2275 2156/2475/2276
f 2121/2434/2243 2156/2475/2276 2155/2436/2245
f 2155/2436/2245 2156/2475/2276 2146/2476/2277
f 2155/2436/2245 2146/2476/2277 2147/2438/2247
f 2147/2438/2247 2146/2476/2277 2158/2477/2278
f 2147/2438/2247 2158/2477/2278 2159/2440/2249
f 2159/2440/2249 2158/2477/2278 2169/2478/2279
f 2159/2440/2249 2169/2478/2279 2168/2442/2251
f 2168/2442/2251 2169/2478/2279 2165/2473/2274
f 2168/2442/2251 2165/2473/2274 2166/2444/2253
f 2156/2475/2276 2106/2474/2275 2145/2479/2280
f 2145/2479/2280 2106/2474/2275 2107/2480/2281
f 2145/2479/2280 2107/2480/2281 2120/2481/2282
f 2120/2481/2282 2107/2480/2281 2108/2482/2283
f 2120/2481/2282 2108/2482/2283 2172/2483/2284
f 2172/2483/2284 2108/2482/2283 2119/2465/2266
f 2172/2483/2284 2119/2465/2266 2162/2467/2268
f 2108/2482/2283 2109/2463/2264 2119/2465/2266
f 2112/2445/2254 2113/2484/2285 2167/2443/2252
f 2167/2443/2252 2113/2484/2285 2161/2485/2286
f 2167/2443/2252 2161/2485/2286 2160/2441/2250
f 2160/2441/2250 2161/2485/2286 2149/2486/2287
f 2160/2441/2250 2149/2486/2287 2148/2439/2248
f 2148/2439/2248 2149/2486/2287 2153/2487/2288
f 2148/2439/2248 2153/2487/2288 2154/2437/2246
f 2154/2437/2246 2153/2487/2288 2135/2488/2289
f 2154/2437/2246 2135/2488/2289 2134/2435/2244
f 2134/2435/2244 2135/2488/2289 2143/2489/2290
f 2134/2435/2244 2143/2489/2290 2144/2433/2242
f 2144/2433/2242 2143/2489/2290 2122/2431/2240
f 2113/2484/2285 2114/2490/2291 2161/2485/2286
f 2161/2485/2286 2114/2490/2291 2150/2491/2292
f 2161/2485/2286 2150/2491/2292 2149/2486/2287
f 2149/2486/2287 2150/2491/2292 2152/2492/2293
f 2149/2486/2287 2152/2492/2293 2153/2487/2288
f 2153/2487/2288 2152/2492/2293 2136/2493/2294
f 2153/2487/2288 2136/2493/2294 2135/2488/2289
f 2135/2488/2289 2136/2493/2294 2142/2494/2295
f 2135/2488/2289 2142/2494/2295 2143/2489/2290
f 2143/2489/2290 2142/2494/2295 2129/2495/2296
f 2143/2489/2290 2129/2495/2296 2122/2431/2240
f 2122/2431/2240 2129/2495/2296 2123/2428/2237
f 2150/2491/2292 2114/2490/2291 2151/2496/2297
f 2151/2496/2297 2114/2490/2291 2115/2497/2298
f 2151/2496/2297 2115/2497/2298 2138/2498/2299
f 2138/2498/2299 2115/2497/2298 2116/2499/2300
f 2138/2498/2299 2116/2499/2300 2139/2500/2301
f 2139/2500/2301 2116/2499/2300 2117/2501/2302
f 2139/2500/2301 2117/2501/2302 2133/2502/2303
f 2133/2502/2303 2117/2501/2302 2118/2415/2224
f 2133/2502/2303 2118/2415/2224 2128/2417/2226
f 2123/2428/2237 2129/2495/2296 2124/2426/2235
f 2124/2426/2235 2129/2495/2296 2130/2503/2304
f 2124/2426/2235 2130/2503/2304 2125/2424/2233
f 2125/2424/2233 2130/2503/2304 2131/2504/2305
f 2125/2424/2233 2131/2504/2305 2126/2422/2231
f 2126/2422/2231 2131/2504/2305 2132/2505/2306
f 2126/2422/2231 2132/2505/2306 2127/2420/2229
f 2127/2420/2229 2132/2505/2306 2133/2502/2303
f 2127/2420/2229 2133/2502/2303 2128/2417/2226
f 2129/2495/2296 2142/2494/2295 2130/2503/2304
f 2130/2503/2304 2142/2494/2295 2141/2506/2307
f 2130/2503/2304 2141/2506/2307 2131/2504/2305
f 2131/2504/2305 2141/2506/2307 2140/2507/2308
f 2131/2504/2305 2140/2507/2308 2132/2505/2306
f 2132/2505/2306 2140/2507/2308 2139/2500/2301
f 2132/2505/2306 2139/2500/2301 2133/2502/2303
f 2141/2506/2307 2142/2494/2295 2136/2493/2294
f 2140/2507/2308 2141/2506/2307 2137/2508/2309
f 2137/2508/2309 2141/2506/2307 2136/2493/2294
f 2137/2508/2309 2136/2493/2294 2152/2492/2293
f 2139/2500/2301 2140/2507/2308 2138/2498/2299
f 2138/2498/2299 2140/2507/2308 2137/2508/2309
f 2138/2498/2299 2137/2508/2309 2151/2496/2297
f 2151/2496/2297 2137/2508/2309 2152/2492/2293
f 2151/2496/2297 2152/2492/2293 2150/2491/2292
f 2156/2475/2276 2145/2479/2280 2146/2476/2277
f 2146/2476/2277 2145/2479/2280 2157/2509/2310
f 2146/2476/2277 2157/2509/2310 2158/2477/2278
f 2158/2477/2278 2157/2509/2310 2170/2510/2311
f 2158/2477/2278 2170/2510/2311 2169/2478/2279
f 2169/2478/2279 2170/2510/2311 2164/2471/2272
f 2169/2478/2279 2164/2471/2272 2165/2473/2274
f 2145/2479/2280 2120/2481/2282 2157/2509/2310
f 2157/2509/2310 2120/2481/2282 2171/2511/2312
f 2157/2509/2310 2171/2511/2312 2170/2510/2311
f 2170/2510/2311 2171/2511/2312 2163/2469/2270
f 2170/2510/2311 2163/2469/2270 2164/2471/2272
f 2172/2483/2284 2162/2467/2268 2171/2511/2312
f 2171/2511/2312 2162/2467/2268 2163/2469/2270
f 2120/2481/2282 2172/2483/2284 2171/2511/2312
f 2183/2466/2267 2184/2464/2265 2174/2458/2262
f 2174/2458/2262 2184/2464/2265 2173/2460/2263
f 2182/2468/2269 2183/2466/2267 2175/2456/2261
f 2175/2456/2261 2183/2466/2267 2174/2458/2262
f 2181/2470/2271 2182/2468/2269 2176/2454/2260
f 2176/2454/2260 2182/2468/2269 2175/2456/2261
f 2180/2472/2273 2181/2470/2271 2177/2452/2259
f 2177/2452/2259 2181/2470/2271 2176/2454/2260
f 2179/2447/2256 2180/2472/2273 2178/2449/2258
f 2178/2449/2258 2180/2472/2273 2177/2452/2259
f 2096/2512/2225 2185/2513/2313 2192/2514/2314
f 2192/2514/2314 2185/2513/2313 2186/2515/2315
f 2192/2514/2314 2186/2515/2315 2193/2516/2316
f 2193/2516/2316 2186/2515/2315 2187/2517/2317
f 2193/2516/2316 2187/2517/2317 2194/2518/2318
f 2194/2518/2318 2187/2517/2317 2188/2519/2319
f 2194/2518/2318 2188/2519/2319 2195/2520/2320
f 2195/2520/2320 2188/2519/2319 2189/2521/2321
f 2195/2520/2320 2189/2521/2321 2196/2522/2322
f 2196/2522/2322 2189/2521/2321 2190/2523/2323
f 2196/2522/2322 2190/2523/2323 2197/2524/2324
f 2197/2524/2324 2190/2523/2323 2191/2525/2325
f 2197/2524/2324 2191/2525/2325 1963/2526/2098
f 1963/2526/2098 2103/2527/2238 2197/2524/2324
f 2197/2524/2324 2103/2527/2238 2102/2528/2236
f 2197/2524/2324 2102/2528/2236 2196/2522/2322
f 2196/2522/2322 2102/2528/2236 2101/2529/2234
f 2196/2522/2322 2101/2529/2234 2195/2520/2320
f 2195/2520/2320 2101/2529/2234 2100/2530/2232
f 2195/2520/2320 2100/2530/2232 2194/2518/2318
f 2194/2518/2318 2100/2530/2232 2099/2531/2230
f 2194/2518/2318 2099/2531/2230 2193/2516/2316
f 2193/2516/2316 2099/2531/2230 2098/2532/2228
f 2193/2516/2316 2098/2532/2228 2192/2514/2314
f 2192/2514/2314 2098/2532/2228 2097/2533/2227
f 2192/2514/2314 2097/2533/2227 2096/2512/2225
f 2212/2534/2326 2198/2535/2327 2211/2536/2328
f 2211/2536/2328 2198/2535/2327 2199/2537/2329
f 2211/2536/2328 2199/2537/2329 2210/2538/2330
f 2210/2538/2330 2199/2537/2329 2200/2539/2331
f 2210/2538/2330 2200/2539/2331 2209/2540/2332
f 2209/2540/2332 2200/2539/2331 2201/2541/2333
f 2209/2540/2332 2201/2541/2333 2208/2542/2334
f 2208/2542/2334 2201/2541/2333 2202/2543/2335
f 2208/2542/2334 2202/2543/2335 2207/2544/2336
f 2207/2544/2336 2202/2543/2335 2203/2545/2337
f 2207/2544/2336 2203/2545/2337 2206/2546/2338
f 2206/2546/2338 2203/2545/2337 2204/2547/2339
f 2206/2546/2338 2204/2547/2339 2205/2548/2340
f 2205/2548/2340 2204/2547/2339 1979/2549/2114
f 2213/2550/2341 2214/2551/2342 2243/2552/2343
f 2243/2552/2343 2214/2551/2342 2256/2553/2344
f 2243/2552/2343 2256/2553/2344 2242/2554/2345
f 2242/2554/2345 2256/2553/2344 2263/2555/2346
f 2242/2554/2345 2263/2555/2346 2241/2556/2347
f 2241/2556/2347 2263/2555/2346 2272/2557/2348
f 2241/2556/2347 2272/2557/2348 2240/2558/2349
f 2240/2558/2349 2272/2557/2348 2239/2559/2350
f 2239/2559/2350 2272/2557/2348 2271/2560/2351
f 2239/2559/2350 2271/2560/2351 2238/2561/2352
f 2238/2561/2352 2271/2560/2351 2286/2562/2353
f 2238/2561/2352 2286/2562/2353 2237/2563/2354
f 2237/2563/2354 2286/2562/2353 2295/2564/2355
f 2237/2563/2354 2295/2564/2355 2236/2565/2356
f 2236/2565/2356 2295/2564/2355 2294/2566/2357
f 2236/2565/2356 2294/2566/2357 2235/2567/2358
f 2235/2567/2358 2294/2566/2357 2234/2568/2359
f 2234/2568/2359 2294/2566/2357 2309/2569/2360
f 2234/2568/2359 2309/2569/2360 2233/2570/2361
f 2233/2570/2361 2309/2569/2360 2318/2571/2362
f 2233/2570/2361 2318/2571/2362 2232/2572/2363
f 2232/2572/2363 2318/2571/2362 2317/2573/2364
f 2232/2572/2363 2317/2573/2364 2231/2574/2365
f 2231/2574/2365 2317/2573/2364 2333/2575/2366
f 2231/2574/2365 2333/2575/2366 2245/2576/2367
f 2245/2576/2367 2333/2575/2366 2332/2577/2368
f 2245/2576/2367 2332/2577/2368 2347/2578/2369
f 2347/2578/2369 2332/2577/2368 2331/2579/2370
f 2347/2578/2369 2331/2579/2370 2346/2580/2371
f 2346/2580/2371 2331/2579/2370 2330/2581/2372
f 2346/2580/2371 2330/2581/2372 2345/2582/2373
f 2345/2582/2373 2330/2581/2372 2329/2583/2374
f 2345/2582/2373 2329/2583/2374 2344/2584/2375
f 2344/2584/2375 2329/2583/2374 2328/2585/2376
f 2344/2584/2375 2328/2585/2376 2343/2586/2377
f 2343/2586/2377 2328/2585/2376 2327/2587/2378
f 2343/2586/2377 2327/2587/2378 2342/2588/2379
f 2342/2588/2379 2327/2587/2378 2326/2589/2380
f 2342/2588/2379 2326/2589/2380 2244/2590/2381
f 2244/2590/2381 2326/2589/2380 2228/2591/2382
f 2244/2590/2381 2228/2591/2382 2229/2592/2383
f 2256/2553/2344 2214/2551/2342 2255/2593/2384
f 2255/2593/2384 2214/2551/2342 2215/2594/2385
f 2255/2593/2384 2215/2594/2385 2254/2595/2386
f 2254/2595/2386 2215/2594/2385 2216/2596/2387
f 2254/2595/2386 2216/2596/2387 2253/2597/2388
f 2253/2597/2388 2216/2596/2387 2217/2598/2389
f 2253/2597/2388 2217/2598/2389 2252/2599/2390
f 2252/2599/2390 2217/2598/2389 2251/2600/2391
f 2252/2599/2390 2251/2600/2391 2259/2601/2392
f 2259/2601/2392 2251/2600/2391 2258/2602/2393
f 2259/2601/2392 2258/2602/2393 2276/2603/2394
f 2276/2603/2394 2258/2602/2393 2277/2604/2395
f 2276/2603/2394 2277/2604/2395 2267/2605/2396
f 2267/2605/2396 2277/2604/2395 2266/2606/2397
f 2267/2605/2396 2266/2606/2397 2282/2607/2398
f 2282/2607/2398 2266/2606/2397 2281/2608/2399
f 2282/2607/2398 2281/2608/2399 2299/2609/2400
f 2299/2609/2400 2281/2608/2399 2300/2610/2401
f 2299/2609/2400 2300/2610/2401 2290/2611/2402
f 2290/2611/2402 2300/2610/2401 2289/2612/2403
f 2290/2611/2402 2289/2612/2403 2305/2613/2404
f 2305/2613/2404 2289/2612/2403 2304/2614/2405
f 2305/2613/2404 2304/2614/2405 2322/2615/2406
f 2322/2615/2406 2304/2614/2405 2323/2616/2407
f 2322/2615/2406 2323/2616/2407 2313/2617/2408
f 2313/2617/2408 2323/2616/2407 2312/2618/2409
f 2313/2617/2408 2312/2618/2409 2329/2583/2374
f 2329/2583/2374 2312/2618/2409 2328/2585/2376
f 2217/2598/2389 2218/2619/2410 2251/2600/2391
f 2251/2600/2391 2218/2619/2410 2250/2620/2411
f 2251/2600/2391 2250/2620/2411 2258/2602/2393
f 2258/2602/2393 2250/2620/2411 2257/2621/2412
f 2258/2602/2393 2257/2621/2412 2277/2604/2395
f 2277/2604/2395 2257/2621/2412 2278/2622/2413
f 2277/2604/2395 2278/2622/2413 2266/2606/2397
f 2266/2606/2397 2278/2622/2413 2265/2623/2414
f 2266/2606/2397 2265/2623/2414 2281/2608/2399
f 2281/2608/2399 2265/2623/2414 2280/2624/2415
f 2281/2608/2399 2280/2624/2415 2300/2610/2401
f 2300/2610/2401 2280/2624/2415 2301/2625/2416
f 2300/2610/2401 2301/2625/2416 2289/2612/2403
f 2289/2612/2403 2301/2625/2416 2288/2626/2417
f 2289/2612/2403 2288/2626/2417 2304/2614/2405
f 2304/2614/2405 2288/2626/2417 2303/2627/2418
f 2304/2614/2405 2303/2627/2418 2323/2616/2407
f 2323/2616/2407 2303/2627/2418 2324/2628/2419
f 2323/2616/2407 2324/2628/2419 2312/2618/2409
f 2312/2618/2409 2324/2628/2419 2311/2629/2420
f 2312/2618/2409 2311/2629/2420 2328/2585/2376
f 2328/2585/2376 2311/2629/2420 2327/2587/2378
f 2218/2619/2410 2219/2630/2421 2250/2620/2411
f 2250/2620/2411 2219/2630/2421 2249/2631/2422
f 2250/2620/2411 2249/2631/2422 2257/2621/2412
f 2257/2621/2412 2249/2631/2422 2248/2632/2423
f 2257/2621/2412 2248/2632/2423 2278/2622/2413
f 2278/2622/2413 2248/2632/2423 2279/2633/2424
f 2278/2622/2413 2279/2633/2424 2265/2623/2414
f 2265/2623/2414 2279/2633/2424 2264/2634/2425
f 2265/2623/2414 2264/2634/2425 2280/2624/2415
f 2280/2624/2415 2264/2634/2425 2247/2635/2426
f 2280/2624/2415 2247/2635/2426 2301/2625/2416
f 2301/2625/2416 2247/2635/2426 2302/2636/2427
f 2301/2625/2416 2302/2636/2427 2288/2626/2417
f 2288/2626/2417 2302/2636/2427 2287/2637/2428
f 2288/2626/2417 2287/2637/2428 2303/2627/2418
f 2303/2627/2418 2287/2637/2428 2246/2638/2429
f 2303/2627/2418 2246/2638/2429 2324/2628/2419
f 2324/2628/2419 2246/2638/2429 2325/2639/2430
f 2324/2628/2419 2325/2639/2430 2311/2629/2420
f 2311/2629/2420 2325/2639/2430 2310/2640/2431
f 2311/2629/2420 2310/2640/2431 2327/2587/2378
f 2327/2587/2378 2310/2640/2431 2326/2589/2380
f 2220/2641/2432 2221/2642/2433 2219/2630/2421
f 2219/2630/2421 2221/2642/2433 2249/2631/2422
f 2221/2642/2433 2222/2643/2434 2249/2631/2422
f 2249/2631/2422 2222/2643/2434 2248/2632/2423
f 2222/2643/2434 2223/2644/2435 2248/2632/2423
f 2248/2632/2423 2223/2644/2435 2279/2633/2424
f 2279/2633/2424 2223/2644/2435 2264/2634/2425
f 2264/2634/2425 2223/2644/2435 2224/2645/2436
f 2264/2634/2425 2224/2645/2436 2247/2635/2426
f 2247/2635/2426 2224/2645/2436 2225/2646/2437
f 2247/2635/2426 2225/2646/2437 2302/2636/2427
f 2302/2636/2427 2225/2646/2437 2287/2637/2428
f 2225/2646/2437 2226/2647/2438 2287/2637/2428
f 2287/2637/2428 2226/2647/2438 2246/2638/2429
f 2226/2647/2438 2227/2648/2439 2246/2638/2429
f 2246/2638/2429 2227/2648/2439 2325/2639/2430
f 2325/2639/2430 2227/2648/2439 2310/2640/2431
f 2310/2640/2431 2227/2648/2439 2228/2591/2382
f 2310/2640/2431 2228/2591/2382 2326/2589/2380
f 2229/2592/2383 2230/2649/2440 2341/2650/2441
f 2341/2650/2441 2230/2651/2442 2340/2652/2443
f 2340/2652/2443 2230/2653/2444 2339/2654/2445
f 2339/2654/2445 2230/2655/2446 2338/2656/2447
f 2338/2656/2447 2230/2657/2448 2337/2658/2449
f 2337/2658/2449 2230/2659/2450 2336/2660/2451
f 2336/2660/2451 2230/2661/2452 2335/2662/2453
f 2335/2662/2453 2230/2663/2454 2334/2664/2455
f 2229/2592/2383 2341/2650/2441 2244/2590/2381
f 2244/2590/2381 2341/2650/2441 2340/2652/2443
f 2244/2590/2381 2340/2652/2443 2342/2588/2379
f 2342/2588/2379 2340/2652/2443 2339/2654/2445
f 2342/2588/2379 2339/2654/2445 2343/2586/2377
f 2343/2586/2377 2339/2654/2445 2338/2656/2447
f 2343/2586/2377 2338/2656/2447 2344/2584/2375
f 2344/2584/2375 2338/2656/2447 2337/2658/2449
f 2344/2584/2375 2337/2658/2449 2345/2582/2373
f 2345/2582/2373 2337/2658/2449 2336/2660/2451
f 2345/2582/2373 2336/2660/2451 2346/2580/2371
f 2346/2580/2371 2336/2660/2451 2335/2662/2453
f 2346/2580/2371 2335/2662/2453 2347/2578/2369
f 2347/2578/2369 2335/2662/2453 2334/2664/2455
f 2347/2578/2369 2334/2664/2455 2245/2576/2367
f 2245/2576/2367 2334/2664/2455 2231/2574/2365
f 2253/2597/2388 2252/2599/2390 2260/2665/2456
f 2260/2665/2456 2252/2599/2390 2259/2601/2392
f 2260/2665/2456 2259/2601/2392 2275/2666/2457
f 2275/2666/2457 2259/2601/2392 2276/2603/2394
f 2275/2666/2457 2276/2603/2394 2268/2667/2458
f 2268/2667/2458 2276/2603/2394 2267/2605/2396
f 2268/2667/2458 2267/2605/2396 2283/2668/2459
f 2283/2668/2459 2267/2605/2396 2282/2607/2398
f 2283/2668/2459 2282/2607/2398 2298/2669/2460
f 2298/2669/2460 2282/2607/2398 2299/2609/2400
f 2298/2669/2460 2299/2609/2400 2291/2670/2461
f 2291/2670/2461 2299/2609/2400 2290/2611/2402
f 2291/2670/2461 2290/2611/2402 2306/2671/2462
f 2306/2671/2462 2290/2611/2402 2305/2613/2404
f 2306/2671/2462 2305/2613/2404 2321/2672/2463
f 2321/2672/2463 2305/2613/2404 2322/2615/2406
f 2321/2672/2463 2322/2615/2406 2314/2673/2464
f 2314/2673/2464 2322/2615/2406 2313/2617/2408
f 2314/2673/2464 2313/2617/2408 2330/2581/2372
f 2330/2581/2372 2313/2617/2408 2329/2583/2374
f 2254/2595/2386 2253/2597/2388 2261/2674/2465
f 2261/2674/2465 2253/2597/2388 2260/2665/2456
f 2261/2674/2465 2260/2665/2456 2274/2675/2466
f 2274/2675/2466 2260/2665/2456 2275/2666/2457
f 2274/2675/2466 2275/2666/2457 2269/2676/2467
f 2269/2676/2467 2275/2666/2457 2268/2667/2458
f 2269/2676/2467 2268/2667/2458 2284/2677/2468
f 2284/2677/2468 2268/2667/2458 2283/2668/2459
f 2284/2677/2468 2283/2668/2459 2297/2678/2469
f 2297/2678/2469 2283/2668/2459 2298/2669/2460
f 2297/2678/2469 2298/2669/2460 2292/2679/2470
f 2292/2679/2470 2298/2669/2460 2291/2670/2461
f 2292/2679/2470 2291/2670/2461 2307/2680/2471
f 2307/2680/2471 2291/2670/2461 2306/2671/2462
f 2307/2680/2471 2306/2671/2462 2320/2681/2472
f 2320/2681/2472 2306/2671/2462 2321/2672/2463
f 2320/2681/2472 2321/2672/2463 2315/2682/2473
f 2315/2682/2473 2321/2672/2463 2314/2673/2464
f 2315/2682/2473 2314/2673/2464 2331/2579/2370
f 2331/2579/2370 2314/2673/2464 2330/2581/2372
f 2263/2555/2346 2256/2553/2344 2255/2593/2384
f 2255/2593/2384 2254/2595/2386 2262/2683/2474
f 2262/2683/2474 2254/2595/2386 2261/2674/2465
f 2262/2683/2474 2261/2674/2465 2273/2684/2475
f 2273/2684/2475 2261/2674/2465 2274/2675/2466
f 2273/2684/2475 2274/2675/2466 2270/2685/2476
f 2270/2685/2476 2274/2675/2466 2269/2676/2467
f 2270/2685/2476 2269/2676/2467 2285/2686/2477
f 2285/2686/2477 2269/2676/2467 2284/2677/2468
f 2285/2686/2477 2284/2677/2468 2296/2687/2478
f 2296/2687/2478 2284/2677/2468 2297/2678/2469
f 2296/2687/2478 2297/2678/2469 2293/2688/2479
f 2293/2688/2479 2297/2678/2469 2292/2679/2470
f 2293/2688/2479 2292/2679/2470 2308/2689/2480
f 2308/2689/2480 2292/2679/2470 2307/2680/2471
f 2308/2689/2480 2307/2680/2471 2319/2690/2481
f 2319/2690/2481 2307/2680/2471 2320/2681/2472
f 2319/2690/2481 2320/2681/2472 2316/2691/2482
f 2316/2691/2482 2320/2681/2472 2315/2682/2473
f 2316/2691/2482 2315/2682/2473 2332/2577/2368
f 2332/2577/2368 2315/2682/2473 2331/2579/2370
f 2272/2557/2348 2263/2555/2346 2262/2683/2474
f 2262/2683/2474 2263/2555/2346 2255/2593/2384
f 2272/2557/2348 2262/2683/2474 2273/2684/2475
f 2272/2557/2348 2273/2684/2475 2271/2560/2351
f 2271/2560/2351 2273/2684/2475 2270/2685/2476
f 2271/2560/2351 2270/2685/2476 2286/2562/2353
f 2286/2562/2353 2270/2685/2476 2285/2686/2477
f 2286/2562/2353 2285/2686/2477 2295/2564/2355
f 2295/2564/2355 2285/2686/2477 2296/2687/2478
f 2295/2564/2355 2296/2687/2478 2294/2566/2357
f 2294/2566/2357 2296/2687/2478 2293/2688/2479
f 2294/2566/2357 2293/2688/2479 2309/2569/2360
f 2309/2569/2360 2293/2688/2479 2308/2689/2480
f 2309/2569/2360 2308/2689/2480 2318/2571/2362
f 2318/2571/2362 2308/2689/2480 2319/2690/2481
f 2318/2571/2362 2319/2690/2481 2317/2573/2364
f 2317/2573/2364 2319/2690/2481 2316/2691/2482
f 2317/2573/2364 2316/2691/2482 2333/2575/2366
f 2333/2575/2366 2316/2691/2482 2332/2577/2368
f 2230/2692/2483 2231/2574/2365 2334/2664/2455
f 2380/2693/2484 2348/2694/2485 2386/2695/2486
f 2386/2695/2486 2348/2694/2485 2349/2696/2487
f 2386/2695/2486 2349/2696/2487 2350/2697/2488
f 2386/2695/2486 2350/2697/2488 2385/2698/2489
f 2385/2698/2489 2350/2697/2488 2351/2699/2490
f 2385/2698/2489 2351/2699/2490 2384/2700/2491
f 2384/2700/2491 2351/2699/2490 2352/2701/2492
f 2384/2700/2491 2352/2701/2492 2383/2702/2493
f 2383/2702/2493 2352/2701/2492 2353/2703/2494
f 2383/2702/2493 2353/2703/2494 2382/2704/2495
f 2382/2704/2495 2353/2703/2494 2354/2705/2496
f 2382/2704/2495 2354/2705/2496 2381/2706/2497
f 2381/2706/2497 2354/2705/2496 2355/2707/2498
f 2381/2706/2497 2355/2707/2498 2356/2708/2499
f 2381/2706/2497 2356/2708/2499 2387/2709/2500
f 2387/2709/2500 2356/2708/2499 2357/2710/2501
f 2387/2709/2500 2357/2710/2501 2393/2711/2502
f 2393/2711/2502 2357/2710/2501 2358/2712/2503
f 2393/2711/2502 2358/2712/2503 2399/2713/2504
f 2399/2713/2504 2358/2712/2503 2359/2714/2505
f 2399/2713/2504 2359/2714/2505 2405/2715/2506
f 2405/2715/2506 2359/2714/2505 2360/2716/2507
f 2405/2715/2506 2360/2716/2507 2411/2717/2508
f 2411/2717/2508 2360/2716/2507 2361/2718/2509
f 2411/2717/2508 2361/2718/2509 2417/2719/2510
f 2417/2719/2510 2361/2718/2509 2362/2720/2511
f 2417/2719/2510 2362/2720/2511 2423/2721/2512
f 2423/2721/2512 2362/2720/2511 2363/2722/2513
f 2423/2721/2512 2363/2722/2513 2429/2723/2514
f 2429/2723/2514 2363/2722/2513 2364/2724/2515
f 2429/2723/2514 2364/2724/2515 2435/2725/2516
f 2435/2725/2516 2364/2724/2515 2365/2726/2517
f 2435/2725/2516 2365/2726/2517 2441/2727/2518
f 2441/2727/2518 2365/2726/2517 2366/2728/2519
f 2441/2727/2518 2366/2728/2519 2447/2729/2520
f 2447/2729/2520 2366/2728/2519 2367/2730/2521
f 2447/2729/2520 2367/2730/2521 2453/2731/2522
f 2453/2731/2522 2367/2730/2521 2368/2732/2523
f 2453/2731/2522 2368/2732/2523 2219/2733/2524
f 2219/2733/2524 2368/2732/2523 2220/2734/2525
f 2219/2733/2524 2218/2735/2526 2453/2731/2522
f 2453/2731/2522 2218/2735/2526 2454/2736/2527
f 2453/2731/2522 2454/2736/2527 2447/2729/2520
f 2447/2729/2520 2454/2736/2527 2448/2737/2528
f 2447/2729/2520 2448/2737/2528 2441/2727/2518
f 2441/2727/2518 2448/2737/2528 2442/2738/2529
f 2441/2727/2518 2442/2738/2529 2435/2725/2516
f 2435/2725/2516 2442/2738/2529 2436/2739/2530
f 2435/2725/2516 2436/2739/2530 2429/2723/2514
f 2429/2723/2514 2436/2739/2530 2430/2740/2531
f 2429/2723/2514 2430/2740/2531 2423/2721/2512
f 2423/2721/2512 2430/2740/2531 2424/2741/2532
f 2423/2721/2512 2424/2741/2532 2417/2719/2510
f 2417/2719/2510 2424/2741/2532 2418/2742/2533
f 2417/2719/2510 2418/2742/2533 2411/2717/2508
f 2411/2717/2508 2418/2742/2533 2412/2743/2534
f 2411/2717/2508 2412/2743/2534 2405/2715/2506
f 2405/2715/2506 2412/2743/2534 2406/2744/2535
f 2405/2715/2506 2406/2744/2535 2399/2713/2504
f 2399/2713/2504 2406/2744/2535 2400/2745/2536
f 2399/2713/2504 2400/2745/2536 2393/2711/2502
f 2393/2711/2502 2400/2745/2536 2394/2746/2537
f 2393/2711/2502 2394/2746/2537 2387/2709/2500
f 2387/2709/2500 2394/2746/2537 2388/2747/2538
f 2387/2709/2500 2388/2747/2538 2381/2706/2497
f 2381/2706/2497 2388/2747/2538 2382/2704/2495
f 2218/2735/2526 2217/2748/2539 2454/2736/2527
f 2454/2736/2527 2217/2748/2539 2455/2749/2540
f 2454/2736/2527 2455/2749/2540 2448/2737/2528
f 2448/2737/2528 2455/2749/2540 2449/2750/2541
f 2448/2737/2528 2449/2750/2541 2442/2738/2529
f 2442/2738/2529 2449/2750/2541 2443/2751/2542
f 2442/2738/2529 2443/2751/2542 2436/2739/2530
f 2436/2739/2530 2443/2751/2542 2437/2752/2543
f 2436/2739/2530 2437/2752/2543 2430/2740/2531
f 2430/2740/2531 2437/2752/2543 2431/2753/2544
f 2430/2740/2531 2431/2753/2544 2424/2741/2532
f 2424/2741/2532 2431/2753/2544 2425/2754/2545
f 2424/2741/2532 2425/2754/2545 2418/2742/2533
f 2418/2742/2533 2425/2754/2545 2419/2755/2546
f 2418/2742/2533 2419/2755/2546 2412/2743/2534
f 2412/2743/2534 2419/2755/2546 2413/2756/2547
f 2412/2743/2534 2413/2756/2547 2406/2744/2535
f 2406/2744/2535 2413/2756/2547 2407/2757/2548
f 2406/2744/2535 2407/2757/2548 2400/2745/2536
f 2400/2745/2536 2407/2757/2548 2401/2758/2549
f 2400/2745/2536 2401/2758/2549 2394/2746/2537
f 2394/2746/2537 2401/2758/2549 2395/2759/2550
f 2394/2746/2537 2395/2759/2550 2388/2747/2538
f 2388/2747/2538 2395/2759/2550 2389/2760/2551
f 2388/2747/2538 2389/2760/2551 2382/2704/2495
f 2382/2704/2495 2389/2760/2551 2383/2702/2493
f 2217/2748/2539 2216/2761/2552 2455/2749/2540
f 2455/2749/2540 2216/2761/2552 2456/2762/2553
f 2455/2749/2540 2456/2762/2553 2449/2750/2541
f 2449/2750/2541 2456/2762/2553 2450/2763/2554
f 2449/2750/2541 2450/2763/2554 2443/2751/2542
f 2443/2751/2542 2450/2763/2554 2444/2764/2555
f 2443/2751/2542 2444/2764/2555 2437/2752/2543
f 2437/2752/2543 2444/2764/2555 2438/2765/2556
f 2437/2752/2543 2438/2765/2556 2431/2753/2544
f 2431/2753/2544 2438/2765/2556 2432/2766/2557
f 2431/2753/2544 2432/2766/2557 2425/2754/2545
f 2425/2754/2545 2432/2766/2557 2426/2767/2558
f 2425/2754/2545 2426/2767/2558 2419/2755/2546
f 2419/2755/2546 2426/2767/2558 2420/2768/2559
f 2419/2755/2546 2420/2768/2559 2413/2756/2547
f 2413/2756/2547 2420/2768/2559 2414/2769/2560
f 2413/2756/2547 2414/2769/2560 2407/2757/2548
f 2407/2757/2548 2414/2769/2560 2408/2770/2561
f 2407/2757/2548 2408/2770/2561 2401/2758/2549
f 2401/2758/2549 2408/2770/2561 2402/2771/2562
f 2401/2758/2549 2402/2771/2562 2395/2759/2550
f 2395/2759/2550 2402/2771/2562 2396/2772/2563
f 2395/2759/2550 2396/2772/2563 2389/2760/2551
f 2389/2760/2551 2396/2772/2563 2390/2773/2564
f 2389/2760/2551 2390/2773/2564 2383/2702/2493
f 2383/2702/2493 2390/2773/2564 2384/2700/2491
f 2216/2761/2552 2215/2774/2565 2456/2762/2553
f 2456/2762/2553 2215/2774/2565 2457/2775/2566
f 2456/2762/2553 2457/2775/2566 2450/2763/2554
f 2450/2763/2554 2457/2775/2566 2451/2776/2567
f 2450/2763/2554 2451/2776/2567 2444/2764/2555
f 2444/2764/2555 2451/2776/2567 2445/2777/2568
f 2444/2764/2555 2445/2777/2568 2438/2765/2556
f 2438/2765/2556 2445/2777/2568 2439/2778/2569
f 2438/2765/2556 2439/2778/2569 2432/2766/2557
f 2432/2766/2557 2439/2778/2569 2433/2779/2570
f 2432/2766/2557 2433/2779/2570 2426/2767/2558
f 2426/2767/2558 2433/2779/2570 2427/2780/2571
f 2426/2767/2558 2427/2780/2571 2420/2768/2559
f 2420/2768/2559 2427/2780/2571 2421/2781/2572
f 2420/2768/2559 2421/2781/2572 2414/2769/2560
f 2414/2769/2560 2421/2781/2572 2415/2782/2573
f 2414/2769/2560 2415/2782/2573 2408/2770/2561
f 2408/2770/2561 2415/2782/2573 2409/2783/2574
f 2408/2770/2561 2409/2783/2574 2402/2771/2562
f 2402/2771/2562 2409/2783/2574 2403/2784/2575
f 2402/2771/2562 2403/2784/2575 2396/2772/2563
f 2396/2772/2563 2403/2784/2575 2397/2785/2576
f 2396/2772/2563 2397/2785/2576 2390/2773/2564
f 2390/2773/2564 2397/2785/2576 2391/2786/2577
f 2390/2773/2564 2391/2786/2577 2384/2700/2491
f 2384/2700/2491 2391/2786/2577 2385/2698/2489
f 2215/2774/2565 2214/2787/2578 2457/2775/2566
f 2457/2775/2566 2214/2787/2578 2458/2788/2579
f 2457/2775/2566 2458/2788/2579 2451/2776/2567
f 2451/2776/2567 2458/2788/2579 2452/2789/2580
f 2451/2776/2567 2452/2789/2580 2445/2777/2568
f 2445/2777/2568 2452/2789/2580 2446/2790/2581
f 2445/2777/2568 2446/2790/2581 2439/2778/2569
f 2439/2778/2569 2446/2790/2581 2440/2791/2582
f 2439/2778/2569 2440/2791/2582 2433/2779/2570
f 2433/2779/2570 2440/2791/2582 2434/2792/2583
f 2433/2779/2570 2434/2792/2583 2427/2780/2571
f 2427/2780/2571 2434/2792/2583 2428/2793/2584
f 2427/2780/2571 2428/2793/2584 2421/2781/2572
f 2421/2781/2572 2428/2793/2584 2422/2794/2585
f 2421/2781/2572 2422/2794/2585 2415/2782/2573
f 2415/2782/2573 2422/2794/2585 2416/2795/2586
f 2415/2782/2573 2416/2795/2586 2409/2783/2574
f 2409/2783/2574 2416/2795/2586 2410/2796/2587
f 2409/2783/2574 2410/2796/2587 2403/2784/2575
f 2403/2784/2575 2410/2796/2587 2404/2797/2588
f 2403/2784/2575 2404/2797/2588 2397/2785/2576
f 2397/2785/2576 2404/2797/2588 2398/2798/2589
f 2397/2785/2576 2398/2798/2589 2391/2786/2577
f 2391/2786/2577 2398/2798/2589 2392/2799/2590
f 2391/2786/2577 2392/2799/2590 2385/2698/2489
f 2385/2698/2489 2392/2799/2590 2386/2695/2486
f 2214/2787/2578 2213/2800/2341 2458/2788/2579
f 2458/2788/2579 2213/2800/2341 2369/2801/2591
f 2458/2788/2579 2369/2801/2591 2452/2789/2580
f 2452/2789/2580 2369/2801/2591 2370/2802/2592
f 2452/2789/2580 2370/2802/2592 2446/2790/2581
f 2446/2790/2581 2370/2802/2592 2371/2803/2593
f 2446/2790/2581 2371/2803/2593 2440/2791/2582
f 2440/2791/2582 2371/2803/2593 2372/2804/2594
f 2440/2791/2582 2372/2804/2594 2434/2792/2583
f 2434/2792/2583 2372/2804/2594 2373/2805/2595
f 2434/2792/2583 2373/2805/2595 2428/2793/2584
f 2428/2793/2584 2373/2805/2595 2374/2806/2596
f 2428/2793/2584 2374/2806/2596 2422/2794/2585
f 2422/2794/2585 2374/2806/2596 2375/2807/2597
f 2422/2794/2585 2375/2807/2597 2416/2795/2586
f 2416/2795/2586 2375/2807/2597 2376/2808/2598
f 2416/2795/2586 2376/2808/2598 2410/2796/2587
f 2410/2796/2587 2376/2808/2598 2377/2809/2599
f 2410/2796/2587 2377/2809/2599 2404/2797/2588
f 2404/2797/2588 2377/2809/2599 2378/2810/2600
f 2404/2797/2588 2378/2810/2600 2398/2798/2589
f 2398/2798/2589 2378/2810/2600 2379/2811/2601
f 2398/2798/2589 2379/2811/2601 2392/2799/2590
f 2392/2799/2590 2379/2811/2601 2380/2693/2484
f 2392/2799/2590 2380/2693/2484 2386/2695/2486
f 2348/2812/2485 2459/2813/2602 2349/2814/2487
f 2349/2814/2487 2459/2813/2602 2460/2815/2603
f 2349/2814/2487 2460/2815/2603 2350/2816/2488
f 2350/2816/2488 2460/2815/2603 2461/2817/2604
f 2350/2816/2488 2461/2817/2604 2351/2818/2490
f 2351/2818/2490 2461/2817/2604 2462/2819/2605
f 2351/2818/2490 2462/2819/2605 2352/2820/2492
f 2352/2820/2492 2462/2819/2605 2463/2821/2606
f 2352/2820/2492 2463/2821/2606 2353/2822/2494
f 2353/2822/2494 2463/2821/2606 2464/2823/2607
f 2353/2822/2494 2464/2823/2607 2354/2824/2496
f 2354/2824/2496 2464/2823/2607 2465/2825/2608
f 2354/2824/2496 2465/2825/2608 2355/2826/2498
f 2355/2826/2498 2465/2825/2608 2205/2827/2340
f 2206/2828/2338 2205/2829/2340 2477/2830/2609
f 2477/2830/2609 2205/2829/2340 2465/2831/2608
f 2477/2830/2609 2465/2831/2608 2478/2832/2610
f 2478/2832/2610 2465/2831/2608 2464/2833/2607
f 2478/2832/2610 2464/2833/2607 2479/2834/2611
f 2479/2834/2611 2464/2833/2607 2463/2835/2606
f 2479/2834/2611 2463/2835/2606 2484/2836/2612
f 2484/2836/2612 2463/2835/2606 2462/2837/2605
f 2484/2836/2612 2462/2837/2605 2485/2838/2613
f 2485/2838/2613 2462/2837/2605 2461/2839/2604
f 2485/2838/2613 2461/2839/2604 2486/2840/2614
f 2486/2840/2614 2461/2839/2604 2488/2841/2615
f 2486/2840/2614 2488/2841/2615 2489/2842/2616
f 2489/2842/2616 2488/2841/2615 2460/2843/2603
f 2489/2842/2616 2460/2843/2603 2459/2844/2602
f 2461/2839/2604 2460/2843/2603 2488/2841/2615
f 2459/2844/2602 2466/2845/2617 2489/2842/2616
f 2489/2842/2616 2466/2845/2617 2487/2846/2618
f 2489/2842/2616 2487/2846/2618 2486/2840/2614
f 2486/2840/2614 2487/2846/2618 2482/2847/2619
f 2486/2840/2614 2482/2847/2619 2481/2848/2620
f 2481/2848/2620 2482/2847/2619 2474/2849/2621
f 2481/2848/2620 2474/2849/2621 2475/2850/2622
f 2475/2850/2622 2474/2849/2621 2493/2851/2623
f 2475/2850/2622 2493/2851/2623 2494/2852/2624
f 2494/2852/2624 2493/2851/2623 2208/2853/2334
f 2494/2852/2624 2208/2853/2334 2207/2854/2336
f 2466/2845/2617 2467/2855/2625 2487/2846/2618
f 2487/2846/2618 2467/2855/2625 2483/2856/2626
f 2487/2846/2618 2483/2856/2626 2482/2847/2619
f 2482/2847/2619 2483/2856/2626 2473/2857/2627
f 2482/2847/2619 2473/2857/2627 2474/2849/2621
f 2474/2849/2621 2473/2857/2627 2492/2858/2628
f 2474/2849/2621 2492/2858/2628 2493/2851/2623
f 2493/2851/2623 2492/2858/2628 2499/2859/2629
f 2493/2851/2623 2499/2859/2629 2208/2853/2334
f 2208/2853/2334 2499/2859/2629 2209/2860/2332
f 2209/2860/2332 2499/2859/2629 2498/2861/2630
f 2209/2860/2332 2498/2861/2630 2210/2862/2330
f 2210/2862/2330 2498/2861/2630 2497/2863/2631
f 2210/2862/2330 2497/2863/2631 2501/2864/2632
f 2501/2864/2632 2497/2863/2631 2496/2865/2633
f 2501/2864/2632 2496/2865/2633 2500/2866/2634
f 2500/2866/2634 2496/2865/2633 2471/2867/2635
f 2500/2866/2634 2471/2867/2635 2212/2868/2326
f 2467/2855/2625 2468/2869/2636 2483/2856/2626
f 2483/2856/2626 2468/2869/2636 2472/2870/2637
f 2483/2856/2626 2472/2870/2637 2473/2857/2627
f 2473/2857/2627 2472/2870/2637 2491/2871/2638
f 2473/2857/2627 2491/2871/2638 2492/2858/2628
f 2492/2858/2628 2491/2871/2638 2498/2861/2630
f 2492/2858/2628 2498/2861/2630 2499/2859/2629
f 2468/2869/2636 2469/2872/2639 2472/2870/2637
f 2472/2870/2637 2469/2872/2639 2490/2873/2640
f 2472/2870/2637 2490/2873/2640 2491/2871/2638
f 2491/2871/2638 2490/2873/2640 2497/2863/2631
f 2491/2871/2638 2497/2863/2631 2498/2861/2630
f 2469/2872/2639 2470/2874/2641 2490/2873/2640
f 2490/2873/2640 2470/2874/2641 2496/2865/2633
f 2490/2873/2640 2496/2865/2633 2497/2863/2631
f 2470/2874/2641 2471/2867/2635 2496/2865/2633
f 2212/2868/2326 2211/2875/2328 2500/2866/2634
f 2500/2866/2634 2211/2875/2328 2501/2864/2632
f 2211/2875/2328 2210/2862/2330 2501/2864/2632
f 2494/2852/2624 2207/2854/2336 2495/2876/2642
f 2495/2876/2642 2207/2854/2336 2206/2828/2338
f 2495/2876/2642 2206/2828/2338 2477/2830/2609
f 2475/2850/2622 2476/2877/2643 2480/2878/2644
f 2480/2878/2644 2476/2877/2643 2479/2834/2611
f 2480/2878/2644 2479/2834/2611 2484/2836/2612
f 2478/2832/2610 2479/2834/2611 2477/2830/2609
f 2477/2830/2609 2479/2834/2611 2476/2877/2643
f 2477/2830/2609 2476/2877/2643 2495/2876/2642
f 2495/2876/2642 2476/2877/2643 2494/2852/2624
f 2476/2877/2643 2475/2850/2622 2494/2852/2624
f 2475/2850/2622 2480/2878/2644 2481/2848/2620
f 2481/2848/2620 2480/2878/2644 2485/2838/2613
f 2481/2848/2620 2485/2838/2613 2486/2840/2614
f 2485/2838/2613 2480/2878/2644 2484/2836/2612
f 1980/2879/2115 1979/2880/2114 2509/2881/2645
f 2509/2881/2645 1979/2880/2114 2204/2882/2339
f 2509/2881/2645 2204/2882/2339 2508/2883/2646
f 2508/2883/2646 2204/2882/2339 2203/2884/2337
f 2508/2883/2646 2203/2884/2337 2512/2885/2647
f 2512/2885/2647 2203/2884/2337 2511/2886/2648
f 2512/2885/2647 2511/2886/2648 2518/2887/2649
f 2518/2887/2649 2511/2886/2648 2517/2888/2650
f 2518/2887/2649 2517/2888/2650 2521/2889/2651
f 2521/2889/2651 2517/2888/2650 2522/2890/2652
f 2521/2889/2651 2522/2890/2652 2530/2891/2653
f 2530/2891/2653 2522/2890/2652 2529/2892/2654
f 2530/2891/2653 2529/2892/2654 2534/2893/2655
f 2534/2893/2655 2529/2892/2654 2533/2894/2656
f 2534/2893/2655 2533/2894/2656 2506/2895/2657
f 2506/2895/2657 2533/2894/2656 2505/2896/2658
f 2505/2896/2658 2533/2894/2656 2532/2897/2659
f 2505/2896/2658 2532/2897/2659 2504/2898/2660
f 2504/2898/2660 2532/2897/2659 2527/2899/2661
f 2504/2898/2660 2527/2899/2661 2503/2900/2662
f 2503/2900/2662 2527/2899/2661 2526/2901/2663
f 2503/2900/2662 2526/2901/2663 2502/2902/2664
f 2502/2902/2664 2526/2901/2663 2525/2903/2665
f 2502/2902/2664 2525/2903/2665 2198/2904/2327
f 2198/2904/2327 2525/2903/2665 2199/2905/2329
f 2199/2905/2329 2525/2903/2665 2514/2906/2666
f 2199/2905/2329 2514/2906/2666 2200/2907/2331
f 2200/2907/2331 2514/2906/2666 2515/2908/2667
f 2200/2907/2331 2515/2908/2667 2201/2909/2333
f 2201/2909/2333 2515/2908/2667 2516/2910/2668
f 2201/2909/2333 2516/2910/2668 2510/2911/2669
f 2510/2911/2669 2516/2910/2668 2517/2888/2650
f 2510/2911/2669 2517/2888/2650 2511/2886/2648
f 2203/2884/2337 2202/2912/2335 2511/2886/2648
f 2511/2886/2648 2202/2912/2335 2510/2911/2669
f 2202/2912/2335 2201/2909/2333 2510/2911/2669
f 2534/2893/2655 2506/2895/2657 2536/2913/2670
f 2536/2913/2670 2506/2895/2657 2507/2914/2671
f 2536/2913/2670 2507/2914/2671 2537/2915/2672
f 2537/2915/2672 2507/2914/2671 1986/2916/2099
f 2537/2915/2672 1986/2916/2099 1985/2917/2120
f 2537/2915/2672 1985/2917/2120 2535/2918/2673
f 2535/2918/2673 1985/2917/2120 1984/2919/2119
f 2535/2918/2673 1984/2919/2119 2531/2920/2674
f 2531/2920/2674 1984/2919/2119 1983/2921/2118
f 2531/2920/2674 1983/2921/2118 2520/2922/2675
f 2520/2922/2675 1983/2921/2118 1982/2923/2117
f 2520/2922/2675 1982/2923/2117 2519/2924/2676
f 2519/2924/2676 1982/2923/2117 1981/2925/2116
f 2519/2924/2676 1981/2925/2116 2513/2926/2677
f 2513/2926/2677 1981/2925/2116 1980/2879/2115
f 2513/2926/2677 1980/2879/2115 2509/2881/2645
f 2513/2926/2677 2509/2881/2645 2508/2883/2646
f 2519/2924/2676 2513/2926/2677 2512/2885/2647
f 2512/2885/2647 2513/2926/2677 2508/2883/2646
f 2519/2924/2676 2512/2885/2647 2518/2887/2649
f 2515/2908/2667 2514/2906/2666 2524/2927/2678
f 2524/2927/2678 2514/2906/2666 2525/2903/2665
f 2524/2927/2678 2525/2903/2665 2527/2899/2661
f 2527/2899/2661 2525/2903/2665 2526/2901/2663
f 2522/2890/2652 2517/2888/2650 2516/2910/2668
f 2516/2910/2668 2515/2908/2667 2523/2928/2679
f 2523/2928/2679 2515/2908/2667 2524/2927/2678
f 2523/2928/2679 2524/2927/2678 2528/2929/2680
f 2528/2929/2680 2524/2927/2678 2527/2899/2661
f 2528/2929/2680 2527/2899/2661 2532/2897/2659
f 2520/2922/2675 2519/2924/2676 2518/2887/2649
f 2520/2922/2675 2518/2887/2649 2521/2889/2651
f 2520/2922/2675 2521/2889/2651 2531/2920/2674
f 2531/2920/2674 2521/2889/2651 2530/2891/2653
f 2531/2920/2674 2530/2891/2653 2535/2918/2673
f 2535/2918/2673 2530/2891/2653 2534/2893/2655
f 2535/2918/2673 2534/2893/2655 2537/2915/2672
f 2537/2915/2672 2534/2893/2655 2536/2913/2670
f 2522/2890/2652 2523/2928/2679 2529/2892/2654
f 2529/2892/2654 2523/2928/2679 2528/2929/2680
f 2529/2892/2654 2528/2929/2680 2533/2894/2656
f 2533/2894/2656 2528/2929/2680 2532/2897/2659
f 2523/2928/2679 2522/2890/2652 2516/2910/2668
f 1964/2930/2096 1963/2931/2098 2544/2932/2681
f 2544/2932/2681 1963/2931/2098 2191/2933/2325
f 2544/2932/2681 2191/2933/2325 2546/2934/2682
f 2546/2934/2682 2191/2933/2325 2190/2935/2323
f 2546/2934/2682 2190/2935/2323 2550/2936/2683
f 2550/2936/2683 2190/2935/2323 2189/2937/2321
f 2550/2936/2683 2189/2937/2321 2556/2938/2684
f 2556/2938/2684 2189/2937/2321 2188/2939/2319
f 2556/2938/2684 2188/2939/2319 2562/2940/2685
f 2562/2940/2685 2188/2939/2319 2187/2941/2317
f 2562/2940/2685 2187/2941/2317 2568/2942/2686
f 2568/2942/2686 2187/2941/2317 2186/2943/2315
f 2568/2942/2686 2186/2943/2315 2572/2944/2687
f 2572/2944/2687 2186/2943/2315 2185/2945/2313
f 2572/2944/2687 2185/2945/2313 2538/2946/2688
f 2572/2944/2687 2538/2946/2688 2573/2947/2689
f 2573/2947/2689 2538/2946/2688 2539/2948/2690
f 2573/2947/2689 2539/2948/2690 2569/2949/2691
f 2569/2949/2691 2539/2948/2690 2570/2950/2692
f 2569/2949/2691 2570/2950/2692 2563/2951/2693
f 2563/2951/2693 2570/2950/2692 2564/2952/2694
f 2563/2951/2693 2564/2952/2694 2557/2953/2695
f 2557/2953/2695 2564/2952/2694 2558/2954/2696
f 2557/2953/2695 2558/2954/2696 2551/2955/2697
f 2551/2955/2697 2558/2954/2696 2552/2956/2698
f 2551/2955/2697 2552/2956/2698 2547/2957/2699
f 2547/2957/2699 2552/2956/2698 2548/2958/2700
f 2547/2957/2699 2548/2958/2700 1965/2959/2094
f 1965/2959/2094 2548/2958/2700 1966/2960/2092
f 1966/2960/2092 2548/2958/2700 2549/2961/2701
f 1966/2960/2092 2549/2961/2701 1967/2962/2090
f 1967/2962/2090 2549/2961/2701 2554/2963/2702
f 1967/2962/2090 2554/2963/2702 1968/2964/2088
f 1968/2964/2088 2554/2963/2702 2555/2965/2703
f 1968/2964/2088 2555/2965/2703 1969/2966/2086
f 1969/2966/2086 2555/2965/2703 2561/2967/2704
f 1969/2966/2086 2561/2967/2704 1970/2968/2084
f 1970/2968/2084 2561/2967/2704 2543/2969/2705
f 2543/2969/2705 2561/2967/2704 2567/2970/2706
f 2543/2969/2705 2567/2970/2706 2542/2971/2707
f 2542/2971/2707 2567/2970/2706 2566/2972/2708
f 2542/2971/2707 2566/2972/2708 2541/2973/2709
f 2541/2973/2709 2566/2972/2708 2565/2974/2710
f 2541/2973/2709 2565/2974/2710 2571/2975/2711
f 2571/2975/2711 2565/2974/2710 2564/2952/2694
f 2571/2975/2711 2564/2952/2694 2570/2950/2692
f 2539/2948/2690 2540/2976/2712 2570/2950/2692
f 2570/2950/2692 2540/2976/2712 2571/2975/2711
f 2540/2976/2712 2541/2973/2709 2571/2975/2711
f 2547/2957/2699 1965/2959/2094 2545/2977/2713
f 2545/2977/2713 1965/2959/2094 1964/2930/2096
f 2545/2977/2713 1964/2930/2096 2544/2932/2681
f 2547/2957/2699 2545/2977/2713 2544/2932/2681
f 2551/2955/2697 2547/2957/2699 2546/2934/2682
f 2546/2934/2682 2547/2957/2699 2544/2932/2681
f 2549/2961/2701 2548/2958/2700 2553/2978/2714
f 2553/2978/2714 2548/2958/2700 2552/2956/2698
f 2553/2978/2714 2552/2956/2698 2559/2979/2715
f 2559/2979/2715 2552/2956/2698 2558/2954/2696
f 2559/2979/2715 2558/2954/2696 2565/2974/2710
f 2565/2974/2710 2558/2954/2696 2564/2952/2694
f 2557/2953/2695 2551/2955/2697 2550/2936/2683
f 2550/2936/2683 2551/2955/2697 2546/2934/2682
f 2549/2961/2701 2553/2978/2714 2554/2963/2702
f 2554/2963/2702 2553/2978/2714 2560/2980/2716
f 2554/2963/2702 2560/2980/2716 2561/2967/2704
f 2561/2967/2704 2560/2980/2716 2567/2970/2706
f 2560/2980/2716 2553/2978/2714 2559/2979/2715
f 2561/2967/2704 2555/2965/2703 2554/2963/2702
f 2563/2951/2693 2557/2953/2695 2556/2938/2684
f 2556/2938/2684 2557/2953/2695 2550/2936/2683
f 2565/2974/2710 2566/2972/2708 2559/2979/2715
f 2559/2979/2715 2566/2972/2708 2560/2980/2716
f 2566/2972/2708 2567/2970/2706 2560/2980/2716
f 2569/2949/2691 2563/2951/2693 2562/2940/2685
f 2562/2940/2685 2563/2951/2693 2556/2938/2684
f 2573/2947/2689 2569/2949/2691 2568/2942/2686
f 2568/2942/2686 2569/2949/2691 2562/2940/2685
f 2572/2944/2687 2573/2947/2689 2568/2942/2686
f 1719/2981/1836 1718/2982/1838 2586/2983/2717
f 2586/2983/2717 1718/2982/1838 1962/2984/2097
f 2586/2983/2717 1962/2984/2097 2587/2985/2718
f 2587/2985/2718 1962/2984/2097 1961/2986/2095
f 2587/2985/2718 1961/2986/2095 2588/2987/2719
f 2588/2987/2719 1961/2986/2095 1960/2988/2093
f 2588/2987/2719 1960/2988/2093 2589/2989/2720
f 2589/2989/2720 1960/2988/2093 2593/2990/2721
f 2589/2989/2720 2593/2990/2721 2594/2991/2722
f 2594/2991/2722 2593/2990/2721 1959/2992/2091
f 2594/2991/2722 1959/2992/2091 1958/2993/2089
f 1960/2988/2093 1959/2992/2091 2593/2990/2721
f 1957/2994/2087 2597/2995/2723 1958/2993/2089
f 1958/2993/2089 2597/2995/2723 2595/2996/2724
f 1958/2993/2089 2595/2996/2724 2594/2991/2722
f 2594/2991/2722 2595/2996/2724 2590/2997/2725
f 2594/2991/2722 2590/2997/2725 2589/2989/2720
f 2589/2989/2720 2590/2997/2725 2584/2998/2726
f 2589/2989/2720 2584/2998/2726 2585/2999/2727
f 2585/2999/2727 2584/2998/2726 2602/3000/2728
f 2585/2999/2727 2602/3000/2728 2603/3001/2729
f 2603/3001/2729 2602/3000/2728 1720/3002/1834
f 2603/3001/2729 1720/3002/1834 1719/2981/1836
f 2597/2995/2723 1957/2994/2087 2580/3003/2730
f 2580/3003/2730 1957/2994/2087 1956/3004/2085
f 2580/3003/2730 1956/3004/2085 2574/3005/2731
f 2580/3003/2730 2574/3005/2731 2596/3006/2732
f 2596/3006/2732 2574/3005/2731 2575/3007/2733
f 2596/3006/2732 2575/3007/2733 2592/3008/2734
f 2592/3008/2734 2575/3007/2733 2576/3009/2735
f 2592/3008/2734 2576/3009/2735 2581/3010/2736
f 2581/3010/2736 2576/3009/2735 2577/3011/2737
f 2581/3010/2736 2577/3011/2737 2598/3012/2738
f 2598/3012/2738 2577/3011/2737 2578/3013/2739
f 2598/3012/2738 2578/3013/2739 2604/3014/2740
f 2604/3014/2740 2578/3013/2739 2579/3015/2741
f 2604/3014/2740 2579/3015/2741 2608/3016/2742
f 2608/3016/2742 2579/3015/2741 1725/3017/1824
f 2608/3016/2742 1725/3017/1824 1724/3018/1826
f 2608/3016/2742 1724/3018/1826 2609/3019/2743
f 2609/3019/2743 1724/3018/1826 1723/3020/1828
f 2609/3019/2743 1723/3020/1828 2605/3021/2744
f 2605/3021/2744 1723/3020/1828 2606/3022/2745
f 2605/3021/2744 2606/3022/2745 2599/3023/2746
f 2599/3023/2746 2606/3022/2745 2600/3024/2747
f 2599/3023/2746 2600/3024/2747 2582/3025/2748
f 2582/3025/2748 2600/3024/2747 2583/3026/2749
f 2582/3025/2748 2583/3026/2749 2591/3027/2750
f 2591/3027/2750 2583/3026/2749 2590/2997/2725
f 2591/3027/2750 2590/2997/2725 2595/2996/2724
f 1723/3020/1828 1722/3028/1830 2606/3022/2745
f 2606/3022/2745 1722/3028/1830 2607/3029/2751
f 2606/3022/2745 2607/3029/2751 2600/3024/2747
f 2600/3024/2747 2607/3029/2751 2601/3030/2752
f 2600/3024/2747 2601/3030/2752 2583/3026/2749
f 2583/3026/2749 2601/3030/2752 2584/2998/2726
f 2583/3026/2749 2584/2998/2726 2590/2997/2725
f 1722/3028/1830 1721/3031/1832 2607/3029/2751
f 2607/3029/2751 1721/3031/1832 2601/3030/2752
f 2601/3030/2752 1721/3031/1832 2602/3000/2728
f 2602/3000/2728 1721/3031/1832 1720/3002/1834
f 2603/3001/2729 1719/2981/1836 2586/2983/2717
f 2581/3010/2736 2582/3025/2748 2592/3008/2734
f 2592/3008/2734 2582/3025/2748 2591/3027/2750
f 2592/3008/2734 2591/3027/2750 2596/3006/2732
f 2596/3006/2732 2591/3027/2750 2595/2996/2724
f 2596/3006/2732 2595/2996/2724 2580/3003/2730
f 2580/3003/2730 2595/2996/2724 2597/2995/2723
f 2582/3025/2748 2581/3010/2736 2599/3023/2746
f 2599/3023/2746 2581/3010/2736 2598/3012/2738
f 2599/3023/2746 2598/3012/2738 2605/3021/2744
f 2605/3021/2744 2598/3012/2738 2604/3014/2740
f 2605/3021/2744 2604/3014/2740 2609/3019/2743
f 2609/3019/2743 2604/3014/2740 2608/3016/2742
f 2588/2987/2719 2589/2989/2720 2585/2999/2727
f 2602/3000/2728 2584/2998/2726 2601/3030/2752
f 2587/2985/2718 2588/2987/2719 2586/2983/2717
f 2586/2983/2717 2588/2987/2719 2585/2999/2727
f 2586/2983/2717 2585/2999/2727 2603/3001/2729
f 2617/3032/2753 1725/3033/1824 2616/3034/2754
f 2616/3034/2754 1725/3033/1824 2579/3035/2741
f 2616/3034/2754 2579/3035/2741 2615/3036/2755
f 2615/3036/2755 2579/3035/2741 2578/3037/2739
f 2615/3036/2755 2578/3037/2739 2614/3038/2756
f 2614/3038/2756 2578/3037/2739 2577/3039/2737
f 2614/3038/2756 2577/3039/2737 2613/3040/2757
f 2613/3040/2757 2577/3039/2737 2576/3041/2735
f 2613/3040/2757 2576/3041/2735 2612/3042/2758
f 2612/3042/2758 2576/3041/2735 2575/3043/2733
f 2612/3042/2758 2575/3043/2733 2611/3044/2759
f 2611/3044/2759 2575/3043/2733 2574/3045/2731
f 2611/3044/2759 2574/3045/2731 2610/3046/2760
f 2610/3046/2760 2574/3045/2731 1956/3047/2085
f 2625/3048/2761 1970/3049/2084 2624/3050/2762
f 2624/3050/2762 1970/3049/2084 2543/3051/2705
f 2624/3050/2762 2543/3051/2705 2623/3052/2763
f 2623/3052/2763 2543/3051/2705 2542/3053/2707
f 2623/3052/2763 2542/3053/2707 2622/3054/2764
f 2622/3054/2764 2542/3053/2707 2541/3055/2709
f 2622/3054/2764 2541/3055/2709 2621/3056/2765
f 2621/3056/2765 2541/3055/2709 2540/3057/2712
f 2621/3056/2765 2540/3057/2712 2620/3058/2766
f 2620/3058/2766 2540/3057/2712 2539/3059/2690
f 2620/3058/2766 2539/3059/2690 2619/3060/2767
f 2619/3060/2767 2539/3059/2690 2538/3061/2688
f 2619/3060/2767 2538/3061/2688 2618/3062/2768
f 2618/3062/2768 2538/3061/2688 2185/3063/2313
f 2185/3064/2313 2096/3065/2225 2618/3066/2768
f 2618/3066/2768 2096/3065/2225 2628/3067/2769
f 2628/3067/2769 2096/3065/2225 2118/3068/2224
f 2628/3067/2769 2118/3068/2224 2117/3069/2302
f 2117/3069/2302 2116/3070/2300 2628/3067/2769
f 2628/3067/2769 2116/3070/2300 2115/3071/2298
f 2628/3067/2769 2115/3071/2298 2114/3072/2291
f 2114/3072/2291 2113/3073/2285 2628/3067/2769
f 2628/3067/2769 2113/3073/2285 2112/3074/2254
f 2628/3067/2769 2112/3074/2254 2111/3075/2255
f 2111/3075/2255 2110/3076/2257 2628/3067/2769
f 2628/3067/2769 2110/3076/2257 2082/3077/2210
f 2628/3067/2769 2082/3077/2210 1993/3078/2122
f 2628/3067/2769 1993/3078/2122 2627/3079/2770
f 2627/3079/2770 1993/3078/2122 2015/3080/2121
f 2627/3079/2770 2015/3080/2121 2014/3081/2199
f 2014/3081/2199 2013/3082/2197 2627/3079/2770
f 2627/3079/2770 2013/3082/2197 2012/3083/2195
f 2627/3079/2770 2012/3083/2195 2011/3084/2188
f 2011/3084/2188 2010/3085/2182 2627/3079/2770
f 2627/3079/2770 2010/3085/2182 2009/3086/2151
f 2627/3079/2770 2009/3086/2151 2008/3087/2152
f 2008/3087/2152 2007/3088/2154 2627/3079/2770
f 2627/3079/2770 2007/3088/2154 1971/3089/2100
f 2627/3079/2770 1971/3089/2100 2626/3090/2771
f 2626/3090/2771 1971/3089/2100 1986/3091/2099
f 2626/3092/2771 1986/3093/2099 2635/3094/2772
f 2635/3094/2772 1986/3093/2099 2507/3095/2671
f 2635/3094/2772 2507/3095/2671 2634/3096/2773
f 2634/3096/2773 2507/3095/2671 2506/3097/2657
f 2634/3096/2773 2506/3097/2657 2633/3098/2774
f 2633/3098/2774 2506/3097/2657 2505/3099/2658
f 2633/3098/2774 2505/3099/2658 2632/3100/2775
f 2632/3100/2775 2505/3099/2658 2504/3101/2660
f 2632/3100/2775 2504/3101/2660 2631/3102/2776
f 2631/3102/2776 2504/3101/2660 2503/3103/2662
f 2631/3102/2776 2503/3103/2662 2630/3104/2777
f 2630/3104/2777 2503/3103/2662 2502/3105/2664
f 2630/3104/2777 2502/3105/2664 2629/3106/2778
f 2629/3106/2778 2502/3105/2664 2198/3107/2327
f 1956/3108/2085 1970/3109/2084 2610/3110/2760
f 2610/3110/2760 1970/3109/2084 2625/3111/2761
f 2610/3110/2760 2625/3111/2761 2728/3112/2779
f 2728/3112/2779 2625/3111/2761 2636/3113/2780
f 2728/3112/2779 2636/3113/2780 2727/3114/2781
f 2727/3114/2781 2636/3113/2780 2726/3115/2782
f 2726/3115/2782 2636/3113/2780 2637/3116/2783
f 2726/3115/2782 2637/3116/2783 2725/3117/2784
f 2725/3117/2784 2637/3116/2783 2724/3118/2785
f 2724/3118/2785 2637/3116/2783 2638/3119/2786
f 2724/3118/2785 2638/3119/2786 2723/3120/2787
f 2723/3120/2787 2638/3119/2786 2639/3121/2788
f 2723/3120/2787 2639/3121/2788 2722/3122/2789
f 2722/3122/2789 2639/3121/2788 2640/3123/2790
f 2722/3122/2789 2640/3123/2790 2721/3124/2791
f 2721/3124/2791 2640/3123/2790 2641/3125/2792
f 2721/3124/2791 2641/3125/2792 2720/3126/2793
f 2720/3126/2793 2641/3125/2792 2642/3127/2794
f 2720/3126/2793 2642/3127/2794 2719/3128/2795
f 2719/3128/2795 2642/3127/2794 2643/3129/2796
f 2719/3128/2795 2643/3129/2796 2718/3130/2797
f 2718/3130/2797 2643/3129/2796 2644/3131/2798
f 2718/3130/2797 2644/3131/2798 2717/3132/2799
f 2717/3132/2799 2644/3131/2798 2645/3133/2800
f 2717/3132/2799 2645/3133/2800 2716/3134/2801
f 2716/3134/2801 2645/3133/2800 2646/3135/2802
f 2716/3134/2801 2646/3135/2802 2647/3136/2803
f 2716/3134/2801 2647/3136/2803 2715/3137/2804
f 2715/3137/2804 2647/3136/2803 2648/3138/2805
f 2715/3137/2804 2648/3138/2805 2714/3139/2806
f 2714/3139/2806 2648/3138/2805 2649/3140/2807
f 2714/3139/2806 2649/3140/2807 2713/3141/2808
f 2713/3141/2808 2649/3140/2807 2650/3142/2809
f 2713/3141/2808 2650/3142/2809 2712/3143/2810
f 2712/3143/2810 2650/3142/2809 2651/3144/2811
f 2712/3143/2810 2651/3144/2811 2711/3145/2812
f 2711/3145/2812 2651/3144/2811 2652/3146/2813
f 2711/3145/2812 2652/3146/2813 2710/3147/2814
f 2710/3147/2814 2652/3146/2813 2653/3148/2815
f 2710/3147/2814 2653/3148/2815 2709/3149/2816
f 2709/3149/2816 2653/3148/2815 2654/3150/2817
f 2709/3149/2816 2654/3150/2817 2708/3151/2818
f 2708/3151/2818 2654/3150/2817 2707/3152/2819
f 2707/3152/2819 2654/3150/2817 2655/3153/2820
f 2707/3152/2819 2655/3153/2820 2706/3154/2821
f 2706/3154/2821 2655/3153/2820 2705/3155/2822
f 2705/3155/2822 2655/3153/2820 2656/3156/2823
f 2705/3155/2822 2656/3156/2823 2704/3157/2824
f 2704/3157/2824 2656/3156/2823 2657/3158/2825
f 2704/3157/2824 2657/3158/2825 2703/3159/2826
f 2703/3159/2826 2657/3158/2825 2702/3160/2827
f 2702/3160/2827 2657/3158/2825 2658/3161/2828
f 2702/3160/2827 2658/3161/2828 2701/3162/2829
f 2701/3162/2829 2658/3161/2828 2700/3163/2830
f 2700/3163/2830 2658/3161/2828 2659/3164/2831
f 2700/3163/2830 2659/3164/2831 2699/3165/2832
f 2699/3165/2832 2659/3164/2831 2698/3166/2833
f 2698/3166/2833 2659/3164/2831 2660/3167/2834
f 2698/3166/2833 2660/3167/2834 2697/3168/2835
f 2697/3168/2835 2660/3167/2834 2661/3169/2836
f 2697/3168/2835 2661/3169/2836 2696/3170/2837
f 2696/3170/2837 2661/3169/2836 2662/3171/2838
f 2696/3170/2837 2662/3171/2838 2695/3172/2839
f 2695/3172/2839 2662/3171/2838 2663/3173/2840
f 2695/3172/2839 2663/3173/2840 2694/3174/2841
f 2694/3174/2841 2663/3173/2840 2664/3175/2842
f 2694/3174/2841 2664/3175/2842 2693/3176/2843
f 2693/3176/2843 2664/3175/2842 2665/3177/2844
f 2693/3176/2843 2665/3177/2844 2692/3178/2845
f 2692/3178/2845 2665/3177/2844 2666/3179/2846
f 2692/3178/2845 2666/3179/2846 2691/3180/2847
f 2691/3180/2847 2666/3179/2846 2667/3181/2848
f 2691/3180/2847 2667/3181/2848 2690/3182/2849
f 2690/3182/2849 2667/3181/2848 2668/3183/2850
f 2690/3182/2849 2668/3183/2850 2669/3184/2851
f 2690/3182/2849 2669/3184/2851 2689/3185/2852
f 2689/3185/2852 2669/3184/2851 2670/3186/2853
f 2689/3185/2852 2670/3186/2853 2688/3187/2854
f 2688/3187/2854 2670/3186/2853 2671/3188/2855
f 2688/3187/2854 2671/3188/2855 2687/3189/2856
f 2687/3189/2856 2671/3188/2855 2672/3190/2857
f 2687/3189/2856 2672/3190/2857 2686/3191/2858
f 2686/3191/2858 2672/3190/2857 2673/3192/2859
f 2686/3191/2858 2673/3192/2859 2685/3193/2860
f 2685/3193/2860 2673/3192/2859 2674/3194/2861
f 2685/3193/2860 2674/3194/2861 2684/3195/2862
f 2684/3195/2862 2674/3194/2861 2675/3196/2863
f 2684/3195/2862 2675/3196/2863 2683/3197/2864
f 2683/3197/2864 2675/3196/2863 2676/3198/2865
f 2683/3197/2864 2676/3198/2865 2682/3199/2866
f 2682/3199/2866 2676/3198/2865 2681/3200/2867
f 2681/3200/2867 2676/3198/2865 2677/3201/2868
f 2681/3200/2867 2677/3201/2868 2680/3202/2869
f 2680/3202/2869 2677/3201/2868 2679/3203/2870
f 2679/3203/2870 2677/3201/2868 2629/3204/2778
f 2679/3203/2870 2629/3204/2778 2678/3205/2871
f 2678/3205/2871 2629/3204/2778 2198/3206/2327
f 2678/3205/2871 2198/3206/2327 2212/3207/2326
f 2678/3208/2871 2212/3209/2326 2735/3210/2872
f 2735/3210/2872 2212/3209/2326 2471/3211/2635
f 2735/3210/2872 2471/3211/2635 2734/3212/2873
f 2734/3212/2873 2471/3211/2635 2470/3213/2641
f 2734/3212/2873 2470/3213/2641 2733/3214/2874
f 2733/3214/2874 2470/3213/2641 2469/3215/2639
f 2733/3214/2874 2469/3215/2639 2732/3216/2875
f 2732/3216/2875 2469/3215/2639 2468/3217/2636
f 2732/3216/2875 2468/3217/2636 2731/3218/2876
f 2731/3218/2876 2468/3217/2636 2467/3219/2625
f 2731/3218/2876 2467/3219/2625 2730/3220/2877
f 2730/3220/2877 2467/3219/2625 2466/3221/2617
f 2730/3220/2877 2466/3221/2617 2729/3222/2878
f 2729/3222/2878 2466/3221/2617 2459/3223/2602
f 2348/3224/2485 2736/3225/2879 2459/3226/2602
f 2459/3226/2602 2736/3225/2879 2729/3227/2878
f 998/3228/2880 429/3229/1095 2231/3230/2881
f 2231/3230/2881 429/3229/1095 463/3231/2882
f 2231/3230/2881 463/3231/2882 2232/3232/2883
f 2232/3232/2883 463/3231/2882 2233/3233/2884
f 2233/3233/2884 463/3231/2882 462/3234/2885
f 2233/3233/2884 462/3234/2885 2234/3235/2886
f 2234/3235/2886 462/3234/2885 2235/3236/2887
f 2235/3236/2887 462/3234/2885 461/3237/2888
f 2235/3236/2887 461/3237/2888 2236/3238/2889
f 2236/3238/2889 461/3237/2888 2237/3239/2890
f 2237/3239/2890 461/3237/2888 460/3240/2891
f 2237/3239/2890 460/3240/2891 2238/3241/2892
f 2238/3241/2892 460/3240/2891 459/3242/2893
f 2238/3241/2892 459/3242/2893 2239/3243/2894
f 2239/3243/2894 459/3242/2893 2240/3244/2895
f 2240/3244/2895 459/3242/2893 458/3245/2896
f 2240/3244/2895 458/3245/2896 2241/3246/2897
f 2241/3246/2897 458/3245/2896 2242/3247/2898
f 2242/3247/2898 458/3245/2896 457/3248/2899
f 2242/3247/2898 457/3248/2899 2243/3249/2900
f 2243/3249/2900 457/3248/2899 2213/3250/2341
f 2213/3250/2341 457/3248/2899 456/3251/2901
f 2213/3250/2341 456/3251/2901 2369/3252/2591
f 2369/3252/2591 456/3251/2901 455/3253/2902
f 2369/3252/2591 455/3253/2902 2370/3254/2592
f 2370/3254/2592 455/3253/2902 454/3255/2903
f 2370/3254/2592 454/3255/2903 2371/3256/2593
f 2371/3256/2593 454/3255/2903 219/3257/627
f 2371/3256/2593 219/3257/627 2372/3258/2594
f 2372/3258/2594 219/3257/627 2737/3259/2904
f 2372/3258/2594 2737/3259/2904 2373/3260/2595
f 2373/3260/2595 2737/3259/2904 2738/3261/2905
f 2373/3260/2595 2738/3261/2905 2374/3262/2596
f 2374/3262/2596 2738/3261/2905 2739/3263/2906
f 2374/3262/2596 2739/3263/2906 2375/3264/2597
f 2375/3264/2597 2739/3263/2906 2740/3265/2907
f 2375/3264/2597 2740/3265/2907 2376/3266/2598
f 2376/3266/2598 2740/3265/2907 2741/3267/2908
f 2376/3266/2598 2741/3267/2908 2377/3268/2599
f 2377/3268/2599 2741/3267/2908 2742/3269/2909
f 2377/3268/2599 2742/3269/2909 2378/3270/2600
f 2378/3270/2600 2742/3269/2909 2743/3271/2910
f 2378/3270/2600 2743/3271/2910 2379/3272/2601
f 2379/3272/2601 2743/3271/2910 2744/3273/2911
f 2379/3272/2601 2744/3273/2911 2380/3274/2484
f 2380/3274/2484 2744/3273/2911 2745/3275/2912
f 2380/3274/2484 2745/3275/2912 2348/3276/2485
f 2348/3276/2485 2745/3275/2912 2736/3277/2879
f 998/3228/2880 2231/3230/2881 999/3278/1098
f 999/3278/1098 2231/3230/2881 2230/3279/2913
f 999/3278/1098 2230/3279/2913 1000/3280/2914
f 1000/3280/2914 2230/3279/2913 701/3281/843
f 2006/3282/2161 2747/3283/2915 1978/3284/2113
f 1978/3284/2113 2747/3283/2915 2221/3285/2916
f 1978/3284/2113 2221/3285/2916 2220/3286/2917
f 2747/3283/2915 2006/3282/2161 2748/3287/2918
f 2748/3287/2918 2006/3282/2161 2005/3288/2180
f 2748/3287/2918 2005/3288/2180 2749/3289/2919
f 2749/3289/2919 2005/3288/2180 2004/3290/2178
f 2749/3289/2919 2004/3290/2178 2750/3291/2920
f 2750/3291/2920 2004/3290/2178 2003/3292/2172
f 2750/3291/2920 2003/3292/2172 2751/3293/2921
f 2751/3293/2921 2003/3292/2172 2002/3294/2138
f 2751/3293/2921 2002/3294/2138 2753/3295/2922
f 2753/3295/2922 2002/3294/2138 2001/3296/2136
f 2753/3295/2922 2001/3296/2136 2229/3297/2923
f 2229/3297/2923 2001/3296/2136 2000/3298/2135
f 2229/3297/2923 2000/3298/2135 2230/3299/2913
f 2753/3295/2922 2229/3297/2923 2754/3300/2924
f 2754/3300/2924 2229/3297/2923 2228/3301/2925
f 2754/3300/2924 2228/3301/2925 2227/3302/2926
f 2754/3300/2924 2227/3302/2926 2752/3303/2927
f 2752/3303/2927 2227/3302/2926 2226/3304/2928
f 2752/3303/2927 2226/3304/2928 2746/3305/2929
f 2746/3305/2929 2226/3304/2928 2225/3306/2930
f 2746/3305/2929 2225/3306/2930 2224/3307/2931
f 2746/3305/2929 2224/3307/2931 2749/3289/2919
f 2749/3289/2919 2224/3307/2931 2223/3308/2932
f 2749/3289/2919 2223/3308/2932 2748/3287/2918
f 2748/3287/2918 2223/3308/2932 2222/3309/2933
f 2748/3287/2918 2222/3309/2933 2747/3283/2915
f 2747/3283/2915 2222/3309/2933 2221/3285/2916
f 2746/3305/2929 2749/3289/2919 2750/3291/2920
f 2752/3303/2927 2746/3305/2929 2750/3291/2920
f 2752/3303/2927 2750/3291/2920 2751/3293/2921
f 2754/3300/2924 2752/3303/2927 2751/3293/2921
f 2754/3300/2924 2751/3293/2921 2753/3295/2922
f 1978/3310/2113 2358/3311/2503 1979/3312/2114
f 1979/3312/2114 2358/3311/2503 2357/3313/2501
f 1979/3312/2114 2357/3313/2501 2356/3314/2499
f 2220/3315/2934 2368/3316/2523 1978/3310/2113
f 1978/3310/2113 2368/3316/2523 2367/3317/2521
f 1978/3310/2113 2367/3317/2521 2366/3318/2519
f 2366/3318/2519 2365/3319/2517 1978/3310/2113
f 1978/3310/2113 2365/3319/2517 2364/3320/2515
f 1978/3310/2113 2364/3320/2515 2363/3321/2513
f 2363/3321/2513 2362/3322/2511 1978/3310/2113
f 1978/3310/2113 2362/3322/2511 2361/3323/2509
f 1978/3310/2113 2361/3323/2509 2360/3324/2507
f 2360/3324/2507 2359/3325/2505 1978/3310/2113
f 1978/3310/2113 2359/3325/2505 2358/3311/2503
f 2356/3314/2499 2355/3326/2498 1979/3312/2114
f 1979/3312/2114 2355/3326/2498 2205/3327/2340
f 2103/3328/2238 1733/3329/1854 2755/3330/2935
f 2755/3330/2935 1733/3329/1854 1859/3331/2936
f 2755/3330/2935 1859/3331/2936 1858/3332/2937
f 2755/3330/2935 1858/3332/2937 2756/3333/2938
f 2756/3333/2938 1858/3332/2937 1857/3334/2939
f 2756/3333/2938 1857/3334/2939 2757/3335/2940
f 2757/3335/2940 1857/3334/2939 1856/3336/2941
f 2757/3335/2940 1856/3336/2941 1855/3337/2942
f 1854/3338/2943 2758/3339/2944 1855/3337/2942
f 1855/3337/2942 2758/3339/2944 2759/3340/2945
f 1855/3337/2942 2759/3340/2945 2757/3335/2940
f 2757/3335/2940 2759/3340/2945 2107/3341/2281
f 2757/3335/2940 2107/3341/2281 2106/3342/2275
f 2758/3339/2944 1854/3338/2943 2760/3343/2946
f 2760/3343/2946 1854/3338/2943 1853/3344/2947
f 2760/3343/2946 1853/3344/2947 2762/3345/2948
f 2762/3345/2948 1853/3344/2947 1852/3346/2949
f 2762/3345/2948 1852/3346/2949 2089/3347/2223
f 2089/3347/2223 1852/3346/2949 1851/3348/2950
f 2762/3345/2948 2089/3347/2223 2763/3349/2951
f 2763/3349/2951 2089/3347/2223 2109/3350/2264
f 2763/3349/2951 2109/3350/2264 2761/3351/2952
f 2761/3351/2952 2109/3350/2264 2108/3352/2283
f 2761/3351/2952 2108/3352/2283 2759/3340/2945
f 2759/3340/2945 2108/3352/2283 2107/3341/2281
f 2757/3335/2940 2106/3342/2275 2756/3333/2938
f 2756/3333/2938 2106/3342/2275 2105/3353/2241
f 2756/3333/2938 2105/3353/2241 2755/3330/2935
f 2755/3330/2935 2105/3353/2241 2104/3354/2239
f 2755/3330/2935 2104/3354/2239 2103/3328/2238
f 2761/3351/2952 2759/3340/2945 2758/3339/2944
f 2763/3349/2951 2761/3351/2952 2760/3343/2946
f 2760/3343/2946 2761/3351/2952 2758/3339/2944
f 2762/3345/2948 2763/3349/2951 2760/3343/2946
f 708/3355/758 2230/3356/2913 709/3357/757
f 709/3357/757 2230/3356/2913 1851/3358/2950
f 709/3357/757 1851/3358/2950 842/3359/866
f 842/3359/866 1851/3358/2950 878/3360/1013
f 878/3360/1013 1851/3358/2950 879/3361/1014
f 879/3361/1014 1851/3358/2950 880/3362/1015
f 880/3362/1015 1851/3358/2950 881/3363/1016
f 881/3363/1016 1851/3358/2950 882/3364/1017
f 882/3364/1017 1851/3358/2950 883/3365/1018
f 883/3365/1018 1851/3358/2950 884/3366/879
f 884/3366/879 1851/3358/2950 855/3367/880
f 708/3355/758 707/3368/760 2230/3356/2913
f 2230/3356/2913 707/3368/760 706/3369/762
f 2230/3356/2913 706/3369/762 705/3370/847
f 705/3370/847 704/3371/846 2230/3356/2913
f 2230/3356/2913 704/3371/846 703/3372/845
f 2230/3356/2913 703/3372/845 702/3373/844
f 702/3373/844 701/3374/843 2230/3356/2913
f 2000/3375/2135 2089/3376/2223 2230/3356/2913
f 2230/3356/2913 2089/3376/2223 1851/3358/2950
f 219/3377/627 263/3378/2953 2737/3379/2904
f 2737/3379/2904 263/3378/2953 262/3380/2954
f 2737/3379/2904 262/3380/2954 2738/3381/2905
f 2738/3381/2905 262/3380/2954 2787/3382/2955
f 2738/3381/2905 2787/3382/2955 2788/3383/2956
f 2788/3383/2956 2787/3382/2955 260/3384/2957
f 2788/3383/2956 260/3384/2957 2795/3385/2958
f 2795/3385/2958 260/3384/2957 2801/3386/2959
f 2795/3385/2958 2801/3386/2959 2802/3387/2960
f 2802/3387/2960 2801/3386/2959 259/3388/2961
f 2802/3387/2960 259/3388/2961 2808/3389/2962
f 2808/3389/2962 259/3388/2961 258/3390/2963
f 2808/3389/2962 258/3390/2963 257/3391/2964
f 262/3380/2954 261/3392/2965 2787/3382/2955
f 2787/3382/2955 261/3392/2965 260/3384/2957
f 260/3384/2957 259/3388/2961 2801/3386/2959
f 256/3393/2966 2777/3394/2967 257/3391/2964
f 257/3391/2964 2777/3394/2967 2813/3395/2968
f 257/3391/2964 2813/3395/2968 2809/3396/2969
f 2809/3396/2969 2813/3395/2968 2814/3397/2970
f 2809/3396/2969 2814/3397/2970 2810/3398/2971
f 2810/3398/2971 2814/3397/2970 2815/3399/2972
f 2810/3398/2971 2815/3399/2972 2811/3400/2973
f 2811/3400/2973 2815/3399/2972 2816/3401/2974
f 2811/3400/2973 2816/3401/2974 2812/3402/2975
f 2812/3402/2975 2816/3401/2974 2817/3403/2976
f 2812/3402/2975 2817/3403/2976 2775/3404/2977
f 2775/3404/2977 2817/3403/2976 2772/3405/2978
f 2775/3404/2977 2772/3405/2978 2773/3406/2979
f 255/3407/2980 2825/3408/2981 256/3393/2966
f 256/3393/2966 2825/3408/2981 2824/3409/2982
f 256/3393/2966 2824/3409/2982 2777/3394/2967
f 2777/3394/2967 2824/3409/2982 2818/3410/2983
f 2777/3394/2967 2818/3410/2983 2813/3395/2968
f 2813/3395/2968 2818/3410/2983 2814/3397/2970
f 2825/3408/2981 255/3407/2980 2829/3411/2984
f 2829/3411/2984 255/3407/2980 254/3412/2985
f 2829/3411/2984 254/3412/2985 2830/3413/2986
f 2830/3413/2986 254/3412/2985 2834/3414/2987
f 2830/3413/2986 2834/3414/2987 2833/3415/2988
f 2833/3415/2988 2834/3414/2987 2836/3416/2989
f 2833/3415/2988 2836/3416/2989 2779/3417/2990
f 2779/3417/2990 2836/3416/2989 2837/3418/2991
f 2779/3417/2990 2837/3418/2991 2770/3419/2992
f 2770/3419/2992 2837/3418/2991 2769/3420/2993
f 2769/3420/2993 2837/3418/2991 2841/3421/2994
f 2769/3420/2993 2841/3421/2994 2781/3422/2995
f 2781/3422/2995 2841/3421/2994 2840/3423/2996
f 2781/3422/2995 2840/3423/2996 2783/3424/2997
f 2783/3424/2997 2840/3423/2996 252/3425/2998
f 2783/3424/2997 252/3425/2998 2843/3426/2999
f 2843/3426/2999 252/3425/2998 2844/3427/3000
f 2843/3426/2999 2844/3427/3000 2782/3428/3001
f 2782/3428/3001 2844/3427/3000 2846/3429/3002
f 2782/3428/3001 2846/3429/3002 2768/3430/3003
f 2768/3430/3003 2846/3429/3002 2767/3431/3004
f 2767/3431/3004 2846/3429/3002 2785/3432/3005
f 2767/3431/3004 2785/3432/3005 2784/3433/3006
f 2784/3433/3006 2785/3432/3005 249/3434/3007
f 2784/3433/3006 249/3434/3007 2847/3435/3008
f 2847/3435/3008 249/3434/3007 248/3436/3009
f 2847/3435/3008 248/3436/3009 2786/3437/3010
f 2786/3437/3010 248/3436/3009 247/3438/3011
f 2786/3437/3010 247/3438/3011 2766/3439/3012
f 2766/3439/3012 247/3438/3011 2765/3440/3013
f 2765/3440/3013 247/3438/3011 246/3441/3014
f 2765/3440/3013 246/3441/3014 2764/3442/3015
f 2764/3442/3015 246/3441/3014 245/3443/3016
f 2764/3442/3015 245/3443/3016 244/3444/3017
f 253/3445/3018 2780/3446/3019 254/3412/2985
f 254/3412/2985 2780/3446/3019 2835/3447/3020
f 254/3412/2985 2835/3447/3020 2834/3414/2987
f 2834/3414/2987 2835/3447/3020 2836/3416/2989
f 2780/3446/3019 253/3445/3018 2839/3448/3021
f 2839/3448/3021 253/3445/3018 252/3425/2998
f 2839/3448/3021 252/3425/2998 2840/3423/2996
f 252/3425/2998 251/3449/3022 2844/3427/3000
f 2844/3427/3000 251/3449/3022 2845/3450/3023
f 2844/3427/3000 2845/3450/3023 2846/3429/3002
f 2846/3429/3002 2845/3450/3023 250/3451/3024
f 2846/3429/3002 250/3451/3024 2785/3432/3005
f 2785/3432/3005 250/3451/3024 249/3434/3007
f 251/3449/3022 250/3451/3024 2845/3450/3023
f 244/3444/3017 243/3452/1673 2764/3442/3015
f 2767/3431/3004 2784/3433/3006 2766/3439/3012
f 2766/3439/3012 2784/3433/3006 2847/3435/3008
f 2766/3439/3012 2847/3435/3008 2786/3437/3010
f 2769/3420/2993 2781/3422/2995 2768/3430/3003
f 2768/3430/3003 2781/3422/2995 2842/3453/3025
f 2768/3430/3003 2842/3453/3025 2782/3428/3001
f 2782/3428/3001 2842/3453/3025 2843/3426/2999
f 2771/3454/3026 2778/3455/3027 2770/3419/2992
f 2770/3419/2992 2778/3455/3027 2832/3456/3028
f 2770/3419/2992 2832/3456/3028 2779/3417/2990
f 2779/3417/2990 2832/3456/3028 2833/3415/2988
f 2772/3405/2978 2821/3457/3029 2771/3454/3026
f 2771/3454/3026 2821/3457/3029 2828/3458/3030
f 2771/3454/3026 2828/3458/3030 2778/3455/3027
f 2778/3455/3027 2828/3458/3030 2827/3459/3031
f 2778/3455/3027 2827/3459/3031 2831/3460/3032
f 2831/3460/3032 2827/3459/3031 2826/3461/3033
f 2831/3460/3032 2826/3461/3033 2830/3413/2986
f 2830/3413/2986 2826/3461/3033 2825/3408/2981
f 2830/3413/2986 2825/3408/2981 2829/3411/2984
f 2736/3462/2879 2774/3463/3034 2773/3406/2979
f 2773/3406/2979 2774/3463/3034 2807/3464/3035
f 2773/3406/2979 2807/3464/3035 2775/3404/2977
f 2775/3404/2977 2807/3464/3035 2806/3465/3036
f 2775/3404/2977 2806/3465/3036 2812/3402/2975
f 2812/3402/2975 2806/3465/3036 2805/3466/3037
f 2812/3402/2975 2805/3466/3037 2811/3400/2973
f 2811/3400/2973 2805/3466/3037 2804/3467/3038
f 2811/3400/2973 2804/3467/3038 2810/3398/2971
f 2810/3398/2971 2804/3467/3038 2803/3468/3039
f 2810/3398/2971 2803/3468/3039 2809/3396/2969
f 2809/3396/2969 2803/3468/3039 2802/3387/2960
f 2809/3396/2969 2802/3387/2960 2808/3389/2962
f 2774/3463/3034 2736/3462/2879 2794/3469/3040
f 2794/3469/3040 2736/3462/2879 2745/3470/2912
f 2794/3469/3040 2745/3470/2912 2744/3471/2911
f 2794/3469/3040 2744/3471/2911 2793/3472/3041
f 2793/3472/3041 2744/3471/2911 2743/3473/2910
f 2793/3472/3041 2743/3473/2910 2792/3474/3042
f 2792/3474/3042 2743/3473/2910 2742/3475/2909
f 2792/3474/3042 2742/3475/2909 2791/3476/3043
f 2791/3476/3043 2742/3475/2909 2741/3477/2908
f 2791/3476/3043 2741/3477/2908 2790/3478/3044
f 2790/3478/3044 2741/3477/2908 2740/3479/2907
f 2790/3478/3044 2740/3479/2907 2789/3480/3045
f 2789/3480/3045 2740/3479/2907 2739/3481/2906
f 2789/3480/3045 2739/3481/2906 2788/3383/2956
f 2788/3383/2956 2739/3481/2906 2738/3381/2905
f 2772/3405/2978 2817/3403/2976 2776/3482/3046
f 2776/3482/3046 2817/3403/2976 2816/3401/2974
f 2776/3482/3046 2816/3401/2974 2820/3483/3047
f 2820/3483/3047 2816/3401/2974 2815/3399/2972
f 2820/3483/3047 2815/3399/2972 2819/3484/3048
f 2819/3484/3048 2815/3399/2972 2814/3397/2970
f 2819/3484/3048 2814/3397/2970 2818/3410/2983
f 2789/3480/3045 2788/3383/2956 2796/3485/3049
f 2796/3485/3049 2788/3383/2956 2795/3385/2958
f 2796/3485/3049 2795/3385/2958 2802/3387/2960
f 2790/3478/3044 2789/3480/3045 2797/3486/3050
f 2797/3486/3050 2789/3480/3045 2796/3485/3049
f 2797/3486/3050 2796/3485/3049 2803/3468/3039
f 2803/3468/3039 2796/3485/3049 2802/3387/2960
f 2791/3476/3043 2790/3478/3044 2798/3487/3051
f 2798/3487/3051 2790/3478/3044 2797/3486/3050
f 2798/3487/3051 2797/3486/3050 2804/3467/3038
f 2804/3467/3038 2797/3486/3050 2803/3468/3039
f 2792/3474/3042 2791/3476/3043 2799/3488/3052
f 2799/3488/3052 2791/3476/3043 2798/3487/3051
f 2799/3488/3052 2798/3487/3051 2805/3466/3037
f 2805/3466/3037 2798/3487/3051 2804/3467/3038
f 2774/3463/3034 2794/3469/3040 2793/3472/3041
f 2793/3472/3041 2792/3474/3042 2800/3489/3053
f 2800/3489/3053 2792/3474/3042 2799/3488/3052
f 2800/3489/3053 2799/3488/3052 2806/3465/3036
f 2806/3465/3036 2799/3488/3052 2805/3466/3037
f 2807/3464/3035 2774/3463/3034 2800/3489/3053
f 2800/3489/3053 2774/3463/3034 2793/3472/3041
f 2807/3464/3035 2800/3489/3053 2806/3465/3036
f 257/3391/2964 2809/3396/2969 2808/3389/2962
f 2772/3405/2978 2776/3482/3046 2821/3457/3029
f 2821/3457/3029 2776/3482/3046 2820/3483/3047
f 2821/3457/3029 2820/3483/3047 2822/3490/3054
f 2822/3490/3054 2820/3483/3047 2819/3484/3048
f 2822/3490/3054 2819/3484/3048 2823/3491/3055
f 2823/3491/3055 2819/3484/3048 2818/3410/2983
f 2823/3491/3055 2818/3410/2983 2824/3409/2982
f 2827/3459/3031 2828/3458/3030 2822/3490/3054
f 2822/3490/3054 2828/3458/3030 2821/3457/3029
f 2826/3461/3033 2827/3459/3031 2823/3491/3055
f 2823/3491/3055 2827/3459/3031 2822/3490/3054
f 2825/3408/2981 2826/3461/3033 2824/3409/2982
f 2824/3409/2982 2826/3461/3033 2823/3491/3055
f 2832/3456/3028 2778/3455/3027 2831/3460/3032
f 2832/3456/3028 2831/3460/3032 2833/3415/2988
f 2833/3415/2988 2831/3460/3032 2830/3413/2986
f 2836/3416/2989 2835/3447/3020 2838/3492/3056
f 2838/3492/3056 2835/3447/3020 2780/3446/3019
f 2838/3492/3056 2780/3446/3019 2840/3423/2996
f 2840/3423/2996 2780/3446/3019 2839/3448/3021
f 2840/3423/2996 2841/3421/2994 2838/3492/3056
f 2838/3492/3056 2841/3421/2994 2837/3418/2991
f 2838/3492/3056 2837/3418/2991 2836/3416/2989
f 2783/3424/2997 2843/3426/2999 2842/3453/3025
f 2781/3422/2995 2783/3424/2997 2842/3453/3025
f 1277/3493/3057 1276/3494/1592 1849/3495/3058
f 1849/3495/3058 1276/3494/1592 1529/3496/3059
f 1849/3495/3058 1529/3496/3059 1528/3497/1668
f 1849/3495/3058 1528/3497/1668 1850/3498/3060
f 1850/3498/3060 1528/3497/1668 1527/3499/3061
f 1850/3498/3060 1527/3499/3061 855/3500/880
f 855/3500/880 1851/3501/2950 1850/3498/3060
f 1849/3495/3058 1848/3502/3062 1277/3493/3057
f 1277/3493/3057 1848/3502/3062 1847/3503/3063
f 1277/3493/3057 1847/3503/3063 1278/3504/3064
f 1278/3504/3064 1847/3503/3063 1846/3505/3065
f 1278/3504/3064 1846/3505/3065 1845/3506/3066
f 1278/3504/3064 1845/3506/3066 1279/3507/3067
f 1279/3507/3067 1845/3506/3066 1844/3508/3068
f 1279/3507/3067 1844/3508/3068 1843/3509/3069
f 1279/3507/3067 1843/3509/3069 1280/3510/3070
f 1280/3510/3070 1843/3509/3069 1842/3511/3071
f 1280/3510/3070 1842/3511/3071 1281/3512/3072
f 1281/3512/3072 1842/3511/3071 1841/3513/3073
f 1281/3512/3072 1841/3513/3073 1840/3514/3074
f 1281/3512/3072 1840/3514/3074 1282/3515/3075
f 1282/3515/3075 1840/3514/3074 1839/3516/3076
f 1282/3515/3075 1839/3516/3076 1838/3517/3077
f 1282/3515/3075 1838/3517/3077 1283/3518/3078
f 1283/3518/3078 1838/3517/3077 1837/3519/3079
f 1283/3518/3078 1837/3519/3079 1726/3520/1841
f 1283/3518/3078 1726/3520/1841 1284/3521/3080
f 1284/3521/3080 1726/3520/1841 1758/3522/1840
f 1284/3521/3080 1758/3522/1840 1285/3523/3081
f 1285/3523/3081 1758/3522/1840 1757/3524/1950
f 1285/3523/3081 1757/3524/1950 1286/3525/3082
f 1286/3525/3082 1757/3524/1950 1756/3526/1949
f 1286/3525/3082 1756/3526/1949 1065/3527/1480
f 1065/3527/1480 1756/3526/1949 1755/3528/1948
f 1065/3527/1480 1755/3528/1948 1616/3529/1776
f 1616/3529/1776 1755/3528/1948 1754/3530/1947
f 1616/3529/1776 1754/3530/1947 1617/3531/1774
f 1617/3531/1774 1754/3530/1947 1753/3532/1946
f 1617/3531/1774 1753/3532/1946 1618/3533/1772
f 1618/3533/1772 1753/3532/1946 1752/3534/1945
f 1618/3533/1772 1752/3534/1945 1619/3535/1770
f 1619/3535/1770 1752/3534/1945 1751/3536/1944
f 1619/3535/1770 1751/3536/1944 1620/3537/1768
f 1620/3537/1768 1751/3536/1944 1750/3538/1943
f 1620/3537/1768 1750/3538/1943 1621/3539/1767
f 1621/3539/1767 1750/3538/1943 1749/3540/1942
f 1621/3539/1767 1749/3540/1942 1622/3541/1791
f 1622/3541/1791 1749/3540/1942 1748/3542/1941
f 1622/3541/1791 1748/3542/1941 1623/3543/1797
f 1623/3543/1797 1748/3542/1941 1747/3544/1940
f 1623/3543/1797 1747/3544/1940 1624/3545/1803
f 1624/3545/1803 1747/3544/1940 1710/3546/1825
f 1624/3545/1803 1710/3546/1825 1625/3547/1809
f 1725/3548/1824 2617/3549/2753 1710/3550/1825
f 1710/3550/1825 2617/3549/2753 1625/3551/1809
f 2717/3552/2799 2716/3553/2801 2862/3554/3083
f 2862/3554/3083 2716/3553/2801 2848/3555/3084
f 2862/3554/3083 2848/3555/3084 2863/3556/3085
f 2863/3556/3085 2848/3555/3084 2849/3557/3086
f 2863/3556/3085 2849/3557/3086 2864/3558/3087
f 2864/3558/3087 2849/3557/3086 2850/3559/3088
f 2864/3558/3087 2850/3559/3088 2865/3560/3089
f 2865/3560/3089 2850/3559/3088 2851/3561/3090
f 2865/3560/3089 2851/3561/3090 2866/3562/3091
f 2866/3562/3091 2851/3561/3090 2852/3563/3092
f 2866/3562/3091 2852/3563/3092 2867/3564/3093
f 2867/3564/3093 2852/3563/3092 2853/3565/3094
f 2867/3564/3093 2853/3565/3094 2854/3566/3095
f 2854/3566/3095 2855/3567/3096 2867/3564/3093
f 2867/3564/3093 2855/3567/3096 2856/3568/3097
f 2867/3564/3093 2856/3568/3097 2866/3562/3091
f 2866/3562/3091 2856/3568/3097 2857/3569/3098
f 2866/3562/3091 2857/3569/3098 2865/3560/3089
f 2865/3560/3089 2857/3569/3098 2858/3570/3099
f 2865/3560/3089 2858/3570/3099 2864/3558/3087
f 2864/3558/3087 2858/3570/3099 2859/3571/3100
f 2864/3558/3087 2859/3571/3100 2863/3556/3085
f 2863/3556/3085 2859/3571/3100 2860/3572/3101
f 2863/3556/3085 2860/3572/3101 2862/3554/3083
f 2862/3554/3083 2860/3572/3101 2861/3573/3102
f 2862/3554/3083 2861/3573/3102 2717/3552/2799
f 2617/3574/2753 2616/3575/2754 2879/3576/3103
f 2879/3576/3103 2616/3575/2754 2885/3577/3104
f 2879/3576/3103 2885/3577/3104 2878/3578/3105
f 2878/3578/3105 2885/3577/3104 2891/3579/3106
f 2878/3578/3105 2891/3579/3106 2877/3580/3107
f 2877/3580/3107 2891/3579/3106 2897/3581/3108
f 2877/3580/3107 2897/3581/3108 2876/3582/3109
f 2876/3582/3109 2897/3581/3108 2903/3583/3110
f 2876/3582/3109 2903/3583/3110 2875/3584/3111
f 2875/3584/3111 2903/3583/3110 2909/3585/3112
f 2875/3584/3111 2909/3585/3112 2874/3586/3113
f 2874/3586/3113 2909/3585/3112 2915/3587/3114
f 2874/3586/3113 2915/3587/3114 2873/3588/3115
f 2873/3588/3115 2915/3587/3114 2921/3589/3116
f 2873/3588/3115 2921/3589/3116 2872/3590/3117
f 2872/3590/3117 2921/3589/3116 2927/3591/3118
f 2872/3590/3117 2927/3591/3118 2871/3592/3119
f 2871/3592/3119 2927/3591/3118 2933/3593/3120
f 2871/3592/3119 2933/3593/3120 2870/3594/3121
f 2870/3594/3121 2933/3593/3120 2939/3595/3122
f 2870/3594/3121 2939/3595/3122 2869/3596/3123
f 2869/3596/3123 2939/3595/3122 2945/3597/3124
f 2869/3596/3123 2945/3597/3124 2868/3598/3125
f 2868/3598/3125 2945/3597/3124 2951/3599/3126
f 2868/3598/3125 2951/3599/3126 2855/3600/3096
f 2855/3600/3096 2951/3599/3126 2856/3601/3097
f 2856/3601/3097 2951/3599/3126 2950/3602/3127
f 2856/3601/3097 2950/3602/3127 2857/3603/3098
f 2857/3603/3098 2950/3602/3127 2949/3604/3128
f 2857/3603/3098 2949/3604/3128 2858/3605/3099
f 2858/3605/3099 2949/3604/3128 2948/3606/3129
f 2858/3605/3099 2948/3606/3129 2859/3607/3100
f 2859/3607/3100 2948/3606/3129 2947/3608/3130
f 2859/3607/3100 2947/3608/3130 2860/3609/3101
f 2860/3609/3101 2947/3608/3130 2946/3610/3131
f 2860/3609/3101 2946/3610/3131 2861/3611/3102
f 2861/3611/3102 2946/3610/3131 2717/3612/2799
f 2717/3612/2799 2946/3610/3131 2718/3613/2797
f 2718/3613/2797 2946/3610/3131 2940/3614/3132
f 2718/3613/2797 2940/3614/3132 2719/3615/2795
f 2719/3615/2795 2940/3614/3132 2934/3616/3133
f 2719/3615/2795 2934/3616/3133 2720/3617/2793
f 2720/3617/2793 2934/3616/3133 2928/3618/3134
f 2720/3617/2793 2928/3618/3134 2721/3619/2791
f 2721/3619/2791 2928/3618/3134 2922/3620/3135
f 2721/3619/2791 2922/3620/3135 2722/3621/2789
f 2722/3621/2789 2922/3620/3135 2916/3622/3136
f 2722/3621/2789 2916/3622/3136 2723/3623/2787
f 2723/3623/2787 2916/3622/3136 2910/3624/3137
f 2723/3623/2787 2910/3624/3137 2724/3625/2785
f 2724/3625/2785 2910/3624/3137 2904/3626/3138
f 2724/3625/2785 2904/3626/3138 2725/3627/2784
f 2725/3627/2784 2904/3626/3138 2898/3628/3139
f 2725/3627/2784 2898/3628/3139 2726/3629/2782
f 2726/3629/2782 2898/3628/3139 2892/3630/3140
f 2726/3629/2782 2892/3630/3140 2727/3631/2781
f 2727/3631/2781 2892/3630/3140 2886/3632/3141
f 2727/3631/2781 2886/3632/3141 2728/3633/2779
f 2728/3633/2779 2886/3632/3141 2880/3634/3142
f 2728/3633/2779 2880/3634/3142 2610/3635/2760
f 2610/3635/2760 2880/3634/3142 2611/3636/2759
f 2611/3636/2759 2880/3634/3142 2881/3637/3143
f 2611/3636/2759 2881/3637/3143 2612/3638/2758
f 2612/3638/2758 2881/3637/3143 2882/3639/3144
f 2612/3638/2758 2882/3639/3144 2613/3640/2757
f 2613/3640/2757 2882/3639/3144 2883/3641/3145
f 2613/3640/2757 2883/3641/3145 2614/3642/2756
f 2614/3642/2756 2883/3641/3145 2884/3643/3146
f 2614/3642/2756 2884/3643/3146 2615/3644/2755
f 2615/3644/2755 2884/3643/3146 2885/3577/3104
f 2615/3644/2755 2885/3577/3104 2616/3575/2754
f 2881/3637/3143 2880/3634/3142 2887/3645/3147
f 2887/3645/3147 2880/3634/3142 2886/3632/3141
f 2887/3645/3147 2886/3632/3141 2893/3646/3148
f 2893/3646/3148 2886/3632/3141 2892/3630/3140
f 2893/3646/3148 2892/3630/3140 2899/3647/3149
f 2899/3647/3149 2892/3630/3140 2898/3628/3139
f 2899/3647/3149 2898/3628/3139 2905/3648/3150
f 2905/3648/3150 2898/3628/3139 2904/3626/3138
f 2905/3648/3150 2904/3626/3138 2911/3649/3151
f 2911/3649/3151 2904/3626/3138 2910/3624/3137
f 2911/3649/3151 2910/3624/3137 2917/3650/3152
f 2917/3650/3152 2910/3624/3137 2916/3622/3136
f 2917/3650/3152 2916/3622/3136 2923/3651/3153
f 2923/3651/3153 2916/3622/3136 2922/3620/3135
f 2923/3651/3153 2922/3620/3135 2929/3652/3154
f 2929/3652/3154 2922/3620/3135 2928/3618/3134
f 2929/3652/3154 2928/3618/3134 2935/3653/3155
f 2935/3653/3155 2928/3618/3134 2934/3616/3133
f 2935/3653/3155 2934/3616/3133 2941/3654/3156
f 2941/3654/3156 2934/3616/3133 2940/3614/3132
f 2941/3654/3156 2940/3614/3132 2947/3608/3130
f 2947/3608/3130 2940/3614/3132 2946/3610/3131
f 2882/3639/3144 2881/3637/3143 2888/3655/3157
f 2888/3655/3157 2881/3637/3143 2887/3645/3147
f 2888/3655/3157 2887/3645/3147 2894/3656/3158
f 2894/3656/3158 2887/3645/3147 2893/3646/3148
f 2894/3656/3158 2893/3646/3148 2900/3657/3159
f 2900/3657/3159 2893/3646/3148 2899/3647/3149
f 2900/3657/3159 2899/3647/3149 2906/3658/3160
f 2906/3658/3160 2899/3647/3149 2905/3648/3150
f 2906/3658/3160 2905/3648/3150 2912/3659/3161
f 2912/3659/3161 2905/3648/3150 2911/3649/3151
f 2912/3659/3161 2911/3649/3151 2918/3660/3162
f 2918/3660/3162 2911/3649/3151 2917/3650/3152
f 2918/3660/3162 2917/3650/3152 2924/3661/3163
f 2924/3661/3163 2917/3650/3152 2923/3651/3153
f 2924/3661/3163 2923/3651/3153 2930/3662/3164
f 2930/3662/3164 2923/3651/3153 2929/3652/3154
f 2930/3662/3164 2929/3652/3154 2936/3663/3165
f 2936/3663/3165 2929/3652/3154 2935/3653/3155
f 2936/3663/3165 2935/3653/3155 2942/3664/3166
f 2942/3664/3166 2935/3653/3155 2941/3654/3156
f 2942/3664/3166 2941/3654/3156 2948/3606/3129
f 2948/3606/3129 2941/3654/3156 2947/3608/3130
f 2883/3641/3145 2882/3639/3144 2889/3665/3167
f 2889/3665/3167 2882/3639/3144 2888/3655/3157
f 2889/3665/3167 2888/3655/3157 2895/3666/3168
f 2895/3666/3168 2888/3655/3157 2894/3656/3158
f 2895/3666/3168 2894/3656/3158 2901/3667/3169
f 2901/3667/3169 2894/3656/3158 2900/3657/3159
f 2901/3667/3169 2900/3657/3159 2907/3668/3170
f 2907/3668/3170 2900/3657/3159 2906/3658/3160
f 2907/3668/3170 2906/3658/3160 2913/3669/3171
f 2913/3669/3171 2906/3658/3160 2912/3659/3161
f 2913/3669/3171 2912/3659/3161 2919/3670/3172
f 2919/3670/3172 2912/3659/3161 2918/3660/3162
f 2919/3670/3172 2918/3660/3162 2925/3671/3173
f 2925/3671/3173 2918/3660/3162 2924/3661/3163
f 2925/3671/3173 2924/3661/3163 2931/3672/3174
f 2931/3672/3174 2924/3661/3163 2930/3662/3164
f 2931/3672/3174 2930/3662/3164 2937/3673/3175
f 2937/3673/3175 2930/3662/3164 2936/3663/3165
f 2937/3673/3175 2936/3663/3165 2943/3674/3176
f 2943/3674/3176 2936/3663/3165 2942/3664/3166
f 2943/3674/3176 2942/3664/3166 2949/3604/3128
f 2949/3604/3128 2942/3664/3166 2948/3606/3129
f 2891/3579/3106 2885/3577/3104 2884/3643/3146
f 2884/3643/3146 2883/3641/3145 2890/3675/3177
f 2890/3675/3177 2883/3641/3145 2889/3665/3167
f 2890/3675/3177 2889/3665/3167 2896/3676/3178
f 2896/3676/3178 2889/3665/3167 2895/3666/3168
f 2896/3676/3178 2895/3666/3168 2902/3677/3179
f 2902/3677/3179 2895/3666/3168 2901/3667/3169
f 2902/3677/3179 2901/3667/3169 2908/3678/3180
f 2908/3678/3180 2901/3667/3169 2907/3668/3170
f 2908/3678/3180 2907/3668/3170 2914/3679/3181
f 2914/3679/3181 2907/3668/3170 2913/3669/3171
f 2914/3679/3181 2913/3669/3171 2920/3680/3182
f 2920/3680/3182 2913/3669/3171 2919/3670/3172
f 2920/3680/3182 2919/3670/3172 2926/3681/3183
f 2926/3681/3183 2919/3670/3172 2925/3671/3173
f 2926/3681/3183 2925/3671/3173 2932/3682/3184
f 2932/3682/3184 2925/3671/3173 2931/3672/3174
f 2932/3682/3184 2931/3672/3174 2938/3683/3185
f 2938/3683/3185 2931/3672/3174 2937/3673/3175
f 2938/3683/3185 2937/3673/3175 2944/3684/3186
f 2944/3684/3186 2937/3673/3175 2943/3674/3176
f 2944/3684/3186 2943/3674/3176 2950/3602/3127
f 2950/3602/3127 2943/3674/3176 2949/3604/3128
f 2897/3581/3108 2891/3579/3106 2890/3675/3177
f 2890/3675/3177 2891/3579/3106 2884/3643/3146
f 2897/3581/3108 2890/3675/3177 2896/3676/3178
f 2903/3583/3110 2897/3581/3108 2896/3676/3178
f 2903/3583/3110 2896/3676/3178 2902/3677/3179
f 2909/3585/3112 2903/3583/3110 2902/3677/3179
f 2909/3585/3112 2902/3677/3179 2908/3678/3180
f 2915/3587/3114 2909/3585/3112 2908/3678/3180
f 2915/3587/3114 2908/3678/3180 2914/3679/3181
f 2921/3589/3116 2915/3587/3114 2914/3679/3181
f 2921/3589/3116 2914/3679/3181 2920/3680/3182
f 2927/3591/3118 2921/3589/3116 2920/3680/3182
f 2927/3591/3118 2920/3680/3182 2926/3681/3183
f 2933/3593/3120 2927/3591/3118 2926/3681/3183
f 2933/3593/3120 2926/3681/3183 2932/3682/3184
f 2939/3595/3122 2933/3593/3120 2932/3682/3184
f 2939/3595/3122 2932/3682/3184 2938/3683/3185
f 2945/3597/3124 2939/3595/3122 2938/3683/3185
f 2945/3597/3124 2938/3683/3185 2944/3684/3186
f 2951/3599/3126 2945/3597/3124 2944/3684/3186
f 2951/3599/3126 2944/3684/3186 2950/3602/3127
f 2952/3685/3187 2953/3686/3188 2970/3687/3189
f 2970/3687/3189 2953/3686/3188 2976/3688/3190
f 2970/3687/3189 2976/3688/3190 2969/3689/3191
f 2969/3689/3191 2976/3688/3190 2982/3690/3192
f 2969/3689/3191 2982/3690/3192 2968/3691/3193
f 2968/3691/3193 2982/3690/3192 2988/3692/3194
f 2968/3691/3193 2988/3692/3194 2967/3693/3195
f 2967/3693/3195 2988/3692/3194 2994/3694/3196
f 2967/3693/3195 2994/3694/3196 2966/3695/3197
f 2966/3695/3197 2994/3694/3196 3000/3696/3198
f 2966/3695/3197 3000/3696/3198 2965/3697/3199
f 2965/3697/3199 3000/3696/3198 3006/3698/3200
f 2965/3697/3199 3006/3698/3200 2964/3699/3201
f 2964/3699/3201 3006/3698/3200 3012/3700/3202
f 2964/3699/3201 3012/3700/3202 2963/3701/3203
f 2963/3701/3203 3012/3700/3202 3018/3702/3204
f 2963/3701/3203 3018/3702/3204 2962/3703/3205
f 2962/3703/3205 3018/3702/3204 3024/3704/3206
f 2962/3703/3205 3024/3704/3206 2961/3705/3207
f 2961/3705/3207 3024/3704/3206 3030/3706/3208
f 2961/3705/3207 3030/3706/3208 2960/3707/3209
f 2960/3707/3209 3030/3706/3208 3036/3708/3210
f 2960/3707/3209 3036/3708/3210 2959/3709/3211
f 2959/3709/3211 3036/3708/3210 3042/3710/3212
f 2959/3709/3211 3042/3710/3212 2729/3711/2878
f 2729/3711/2878 3042/3710/3212 2730/3712/2877
f 2730/3712/2877 3042/3710/3212 3041/3713/3213
f 2730/3712/2877 3041/3713/3213 2731/3714/2876
f 2731/3714/2876 3041/3713/3213 3040/3715/3214
f 2731/3714/2876 3040/3715/3214 2732/3716/2875
f 2732/3716/2875 3040/3715/3214 3039/3717/3215
f 2732/3716/2875 3039/3717/3215 2733/3718/2874
f 2733/3718/2874 3039/3717/3215 3038/3719/3216
f 2733/3718/2874 3038/3719/3216 2734/3720/2873
f 2734/3720/2873 3038/3719/3216 3037/3721/3217
f 2734/3720/2873 3037/3721/3217 2735/3722/2872
f 2735/3722/2872 3037/3721/3217 2678/3723/2871
f 2678/3723/2871 3037/3721/3217 2679/3724/2870
f 2679/3724/2870 3037/3721/3217 3031/3725/3218
f 2679/3724/2870 3031/3725/3218 2680/3726/2869
f 2680/3726/2869 3031/3725/3218 3025/3727/3219
f 2680/3726/2869 3025/3727/3219 2681/3728/2867
f 2681/3728/2867 3025/3727/3219 3019/3729/3220
f 2681/3728/2867 3019/3729/3220 2682/3730/2866
f 2682/3730/2866 3019/3729/3220 3013/3731/3221
f 2682/3730/2866 3013/3731/3221 2683/3732/2864
f 2683/3732/2864 3013/3731/3221 3007/3733/3222
f 2683/3732/2864 3007/3733/3222 2684/3734/2862
f 2684/3734/2862 3007/3733/3222 3001/3735/3223
f 2684/3734/2862 3001/3735/3223 2685/3736/2860
f 2685/3736/2860 3001/3735/3223 2995/3737/3224
f 2685/3736/2860 2995/3737/3224 2686/3738/2858
f 2686/3738/2858 2995/3737/3224 2989/3739/3225
f 2686/3738/2858 2989/3739/3225 2687/3740/2856
f 2687/3740/2856 2989/3739/3225 2983/3741/3226
f 2687/3740/2856 2983/3741/3226 2688/3742/2854
f 2688/3742/2854 2983/3741/3226 2977/3743/3227
f 2688/3742/2854 2977/3743/3227 2689/3744/2852
f 2689/3744/2852 2977/3743/3227 2971/3745/3228
f 2689/3744/2852 2971/3745/3228 2690/3746/2849
f 2690/3746/2849 2971/3745/3228 2958/3747/3229
f 2958/3747/3229 2971/3745/3228 2972/3748/3230
f 2958/3747/3229 2972/3748/3230 2957/3749/3231
f 2957/3749/3231 2972/3748/3230 2973/3750/3232
f 2957/3749/3231 2973/3750/3232 2956/3751/3233
f 2956/3751/3233 2973/3750/3232 2974/3752/3234
f 2956/3751/3233 2974/3752/3234 2955/3753/3235
f 2955/3753/3235 2974/3752/3234 2975/3754/3236
f 2955/3753/3235 2975/3754/3236 2954/3755/3237
f 2954/3755/3237 2975/3754/3236 2976/3688/3190
f 2954/3755/3237 2976/3688/3190 2953/3686/3188
f 2972/3748/3230 2971/3745/3228 2978/3756/3238
f 2978/3756/3238 2971/3745/3228 2977/3743/3227
f 2978/3756/3238 2977/3743/3227 2984/3757/3239
f 2984/3757/3239 2977/3743/3227 2983/3741/3226
f 2984/3757/3239 2983/3741/3226 2990/3758/3240
f 2990/3758/3240 2983/3741/3226 2989/3739/3225
f 2990/3758/3240 2989/3739/3225 2996/3759/3241
f 2996/3759/3241 2989/3739/3225 2995/3737/3224
f 2996/3759/3241 2995/3737/3224 3002/3760/3242
f 3002/3760/3242 2995/3737/3224 3001/3735/3223
f 3002/3760/3242 3001/3735/3223 3008/3761/3243
f 3008/3761/3243 3001/3735/3223 3007/3733/3222
f 3008/3761/3243 3007/3733/3222 3014/3762/3244
f 3014/3762/3244 3007/3733/3222 3013/3731/3221
f 3014/3762/3244 3013/3731/3221 3020/3763/3245
f 3020/3763/3245 3013/3731/3221 3019/3729/3220
f 3020/3763/3245 3019/3729/3220 3026/3764/3246
f 3026/3764/3246 3019/3729/3220 3025/3727/3219
f 3026/3764/3246 3025/3727/3219 3032/3765/3247
f 3032/3765/3247 3025/3727/3219 3031/3725/3218
f 3032/3765/3247 3031/3725/3218 3038/3719/3216
f 3038/3719/3216 3031/3725/3218 3037/3721/3217
f 2973/3750/3232 2972/3748/3230 2979/3766/3248
f 2979/3766/3248 2972/3748/3230 2978/3756/3238
f 2979/3766/3248 2978/3756/3238 2985/3767/3249
f 2985/3767/3249 2978/3756/3238 2984/3757/3239
f 2985/3767/3249 2984/3757/3239 2991/3768/3250
f 2991/3768/3250 2984/3757/3239 2990/3758/3240
f 2991/3768/3250 2990/3758/3240 2997/3769/3251
f 2997/3769/3251 2990/3758/3240 2996/3759/3241
f 2997/3769/3251 2996/3759/3241 3003/3770/3252
f 3003/3770/3252 2996/3759/3241 3002/3760/3242
f 3003/3770/3252 3002/3760/3242 3009/3771/3253
f 3009/3771/3253 3002/3760/3242 3008/3761/3243
f 3009/3771/3253 3008/3761/3243 3015/3772/3254
f 3015/3772/3254 3008/3761/3243 3014/3762/3244
f 3015/3772/3254 3014/3762/3244 3021/3773/3255
f 3021/3773/3255 3014/3762/3244 3020/3763/3245
f 3021/3773/3255 3020/3763/3245 3027/3774/3256
f 3027/3774/3256 3020/3763/3245 3026/3764/3246
f 3027/3774/3256 3026/3764/3246 3033/3775/3257
f 3033/3775/3257 3026/3764/3246 3032/3765/3247
f 3033/3775/3257 3032/3765/3247 3039/3717/3215
f 3039/3717/3215 3032/3765/3247 3038/3719/3216
f 2974/3752/3234 2973/3750/3232 2980/3776/3258
f 2980/3776/3258 2973/3750/3232 2979/3766/3248
f 2980/3776/3258 2979/3766/3248 2986/3777/3259
f 2986/3777/3259 2979/3766/3248 2985/3767/3249
f 2986/3777/3259 2985/3767/3249 2992/3778/3260
f 2992/3778/3260 2985/3767/3249 2991/3768/3250
f 2992/3778/3260 2991/3768/3250 2998/3779/3261
f 2998/3779/3261 2991/3768/3250 2997/3769/3251
f 2998/3779/3261 2997/3769/3251 3004/3780/3262
f 3004/3780/3262 2997/3769/3251 3003/3770/3252
f 3004/3780/3262 3003/3770/3252 3010/3781/3263
f 3010/3781/3263 3003/3770/3252 3009/3771/3253
f 3010/3781/3263 3009/3771/3253 3016/3782/3264
f 3016/3782/3264 3009/3771/3253 3015/3772/3254
f 3016/3782/3264 3015/3772/3254 3022/3783/3265
f 3022/3783/3265 3015/3772/3254 3021/3773/3255
f 3022/3783/3265 3021/3773/3255 3028/3784/3266
f 3028/3784/3266 3021/3773/3255 3027/3774/3256
f 3028/3784/3266 3027/3774/3256 3034/3785/3267
f 3034/3785/3267 3027/3774/3256 3033/3775/3257
f 3034/3785/3267 3033/3775/3257 3040/3715/3214
f 3040/3715/3214 3033/3775/3257 3039/3717/3215
f 2982/3690/3192 2976/3688/3190 2975/3754/3236
f 2975/3754/3236 2974/3752/3234 2981/3786/3268
f 2981/3786/3268 2974/3752/3234 2980/3776/3258
f 2981/3786/3268 2980/3776/3258 2987/3787/3269
f 2987/3787/3269 2980/3776/3258 2986/3777/3259
f 2987/3787/3269 2986/3777/3259 2993/3788/3270
f 2993/3788/3270 2986/3777/3259 2992/3778/3260
f 2993/3788/3270 2992/3778/3260 2999/3789/3271
f 2999/3789/3271 2992/3778/3260 2998/3779/3261
f 2999/3789/3271 2998/3779/3261 3005/3790/3272
f 3005/3790/3272 2998/3779/3261 3004/3780/3262
f 3005/3790/3272 3004/3780/3262 3011/3791/3273
f 3011/3791/3273 3004/3780/3262 3010/3781/3263
f 3011/3791/3273 3010/3781/3263 3017/3792/3274
f 3017/3792/3274 3010/3781/3263 3016/3782/3264
f 3017/3792/3274 3016/3782/3264 3023/3793/3275
f 3023/3793/3275 3016/3782/3264 3022/3783/3265
f 3023/3793/3275 3022/3783/3265 3029/3794/3276
f 3029/3794/3276 3022/3783/3265 3028/3784/3266
f 3029/3794/3276 3028/3784/3266 3035/3795/3277
f 3035/3795/3277 3028/3784/3266 3034/3785/3267
f 3035/3795/3277 3034/3785/3267 3041/3713/3213
f 3041/3713/3213 3034/3785/3267 3040/3715/3214
f 2988/3692/3194 2982/3690/3192 2981/3786/3268
f 2981/3786/3268 2982/3690/3192 2975/3754/3236
f 2988/3692/3194 2981/3786/3268 2987/3787/3269
f 2994/3694/3196 2988/3692/3194 2987/3787/3269
f 2994/3694/3196 2987/3787/3269 2993/3788/3270
f 3000/3696/3198 2994/3694/3196 2993/3788/3270
f 3000/3696/3198 2993/3788/3270 2999/3789/3271
f 3006/3698/3200 3000/3696/3198 2999/3789/3271
f 3006/3698/3200 2999/3789/3271 3005/3790/3272
f 3012/3700/3202 3006/3698/3200 3005/3790/3272
f 3012/3700/3202 3005/3790/3272 3011/3791/3273
f 3018/3702/3204 3012/3700/3202 3011/3791/3273
f 3018/3702/3204 3011/3791/3273 3017/3792/3274
f 3024/3704/3206 3018/3702/3204 3017/3792/3274
f 3024/3704/3206 3017/3792/3274 3023/3793/3275
f 3030/3706/3208 3024/3704/3206 3023/3793/3275
f 3030/3706/3208 3023/3793/3275 3029/3794/3276
f 3036/3708/3210 3030/3706/3208 3029/3794/3276
f 3036/3708/3210 3029/3794/3276 3035/3795/3277
f 3042/3710/3212 3036/3708/3210 3035/3795/3277
f 3042/3710/3212 3035/3795/3277 3041/3713/3213
f 2952/3796/3187 3043/3797/3278 3050/3798/3279
f 3050/3798/3279 3043/3797/3278 3044/3799/3280
f 3050/3798/3279 3044/3799/3280 3051/3800/3281
f 3051/3800/3281 3044/3799/3280 3045/3801/3282
f 3051/3800/3281 3045/3801/3282 3052/3802/3283
f 3052/3802/3283 3045/3801/3282 3046/3803/3284
f 3052/3802/3283 3046/3803/3284 3053/3804/3285
f 3053/3804/3285 3046/3803/3284 3047/3805/3286
f 3053/3804/3285 3047/3805/3286 3054/3806/3287
f 3054/3806/3287 3047/3805/3286 3048/3807/3288
f 3054/3806/3287 3048/3807/3288 3055/3808/3289
f 3055/3808/3289 3048/3807/3288 3049/3809/3290
f 3055/3808/3289 3049/3809/3290 2691/3810/2847
f 2691/3810/2847 2690/3811/2849 3055/3808/3289
f 3055/3808/3289 2690/3811/2849 2958/3812/3229
f 3055/3808/3289 2958/3812/3229 3054/3806/3287
f 3054/3806/3287 2958/3812/3229 2957/3813/3231
f 3054/3806/3287 2957/3813/3231 3053/3804/3285
f 3053/3804/3285 2957/3813/3231 2956/3814/3233
f 3053/3804/3285 2956/3814/3233 3052/3802/3283
f 3052/3802/3283 2956/3814/3233 2955/3815/3235
f 3052/3802/3283 2955/3815/3235 3051/3800/3281
f 3051/3800/3281 2955/3815/3235 2954/3816/3237
f 3051/3800/3281 2954/3816/3237 3050/3798/3279
f 3050/3798/3279 2954/3816/3237 2953/3817/3188
f 3050/3798/3279 2953/3817/3188 2952/3796/3187
f 3056/3818/3291 3057/3819/3292 3074/3820/3293
f 3074/3820/3293 3057/3819/3292 3080/3821/3294
f 3074/3820/3293 3080/3821/3294 3073/3822/3295
f 3073/3822/3295 3080/3821/3294 3086/3823/3296
f 3073/3822/3295 3086/3823/3296 3072/3824/3297
f 3072/3824/3297 3086/3823/3296 3092/3825/3298
f 3072/3824/3297 3092/3825/3298 3071/3826/3299
f 3071/3826/3299 3092/3825/3298 3098/3827/3300
f 3071/3826/3299 3098/3827/3300 3070/3828/3301
f 3070/3828/3301 3098/3827/3300 3104/3829/3302
f 3070/3828/3301 3104/3829/3302 3069/3830/3303
f 3069/3830/3303 3104/3829/3302 3110/3831/3304
f 3069/3830/3303 3110/3831/3304 3068/3832/3305
f 3068/3832/3305 3110/3831/3304 3116/3833/3306
f 3068/3832/3305 3116/3833/3306 3067/3834/3307
f 3067/3834/3307 3116/3833/3306 3122/3835/3308
f 3067/3834/3307 3122/3835/3308 3066/3836/3309
f 3066/3836/3309 3122/3835/3308 3128/3837/3310
f 3066/3836/3309 3128/3837/3310 3065/3838/3311
f 3065/3838/3311 3128/3837/3310 3134/3839/3312
f 3065/3838/3311 3134/3839/3312 3064/3840/3313
f 3064/3840/3313 3134/3839/3312 3140/3841/3314
f 3064/3840/3313 3140/3841/3314 3063/3842/3315
f 3063/3842/3315 3140/3841/3314 3146/3843/3316
f 3063/3842/3315 3146/3843/3316 3043/3844/3278
f 3043/3844/3278 3146/3843/3316 3044/3845/3280
f 3044/3845/3280 3146/3843/3316 3145/3846/3317
f 3044/3845/3280 3145/3846/3317 3045/3847/3282
f 3045/3847/3282 3145/3846/3317 3144/3848/3318
f 3045/3847/3282 3144/3848/3318 3046/3849/3284
f 3046/3849/3284 3144/3848/3318 3143/3850/3319
f 3046/3849/3284 3143/3850/3319 3047/3851/3286
f 3047/3851/3286 3143/3850/3319 3142/3852/3320
f 3047/3851/3286 3142/3852/3320 3048/3853/3288
f 3048/3853/3288 3142/3852/3320 3141/3854/3321
f 3048/3853/3288 3141/3854/3321 3049/3855/3290
f 3049/3855/3290 3141/3854/3321 2691/3856/2847
f 2691/3856/2847 3141/3854/3321 2692/3857/2845
f 2692/3857/2845 3141/3854/3321 3135/3858/3322
f 2692/3857/2845 3135/3858/3322 2693/3859/2843
f 2693/3859/2843 3135/3858/3322 3129/3860/3323
f 2693/3859/2843 3129/3860/3323 2694/3861/2841
f 2694/3861/2841 3129/3860/3323 3123/3862/3324
f 2694/3861/2841 3123/3862/3324 2695/3863/2839
f 2695/3863/2839 3123/3862/3324 3117/3864/3325
f 2695/3863/2839 3117/3864/3325 2696/3865/2837
f 2696/3865/2837 3117/3864/3325 3111/3866/3326
f 2696/3865/2837 3111/3866/3326 2697/3867/2835
f 2697/3867/2835 3111/3866/3326 3105/3868/3327
f 2697/3867/2835 3105/3868/3327 2698/3869/2833
f 2698/3869/2833 3105/3868/3327 3099/3870/3328
f 2698/3869/2833 3099/3870/3328 2699/3871/2832
f 2699/3871/2832 3099/3870/3328 3093/3872/3329
f 2699/3871/2832 3093/3872/3329 2700/3873/2830
f 2700/3873/2830 3093/3872/3329 3087/3874/3330
f 2700/3873/2830 3087/3874/3330 2701/3875/2829
f 2701/3875/2829 3087/3874/3330 3081/3876/3331
f 2701/3875/2829 3081/3876/3331 2702/3877/2827
f 2702/3877/2827 3081/3876/3331 3075/3878/3332
f 2702/3877/2827 3075/3878/3332 2703/3879/2826
f 2703/3879/2826 3075/3878/3332 3062/3880/3333
f 3062/3880/3333 3075/3878/3332 3076/3881/3334
f 3062/3880/3333 3076/3881/3334 3061/3882/3335
f 3061/3882/3335 3076/3881/3334 3077/3883/3336
f 3061/3882/3335 3077/3883/3336 3060/3884/3337
f 3060/3884/3337 3077/3883/3336 3078/3885/3338
f 3060/3884/3337 3078/3885/3338 3059/3886/3339
f 3059/3886/3339 3078/3885/3338 3079/3887/3340
f 3059/3886/3339 3079/3887/3340 3058/3888/3341
f 3058/3888/3341 3079/3887/3340 3080/3821/3294
f 3058/3888/3341 3080/3821/3294 3057/3819/3292
f 3076/3881/3334 3075/3878/3332 3082/3889/3342
f 3082/3889/3342 3075/3878/3332 3081/3876/3331
f 3082/3889/3342 3081/3876/3331 3088/3890/3343
f 3088/3890/3343 3081/3876/3331 3087/3874/3330
f 3088/3890/3343 3087/3874/3330 3094/3891/3344
f 3094/3891/3344 3087/3874/3330 3093/3872/3329
f 3094/3891/3344 3093/3872/3329 3100/3892/3345
f 3100/3892/3345 3093/3872/3329 3099/3870/3328
f 3100/3892/3345 3099/3870/3328 3106/3893/3346
f 3106/3893/3346 3099/3870/3328 3105/3868/3327
f 3106/3893/3346 3105/3868/3327 3112/3894/3347
f 3112/3894/3347 3105/3868/3327 3111/3866/3326
f 3112/3894/3347 3111/3866/3326 3118/3895/3348
f 3118/3895/3348 3111/3866/3326 3117/3864/3325
f 3118/3895/3348 3117/3864/3325 3124/3896/3349
f 3124/3896/3349 3117/3864/3325 3123/3862/3324
f 3124/3896/3349 3123/3862/3324 3130/3897/3350
f 3130/3897/3350 3123/3862/3324 3129/3860/3323
f 3130/3897/3350 3129/3860/3323 3136/3898/3351
f 3136/3898/3351 3129/3860/3323 3135/3858/3322
f 3136/3898/3351 3135/3858/3322 3142/3852/3320
f 3142/3852/3320 3135/3858/3322 3141/3854/3321
f 3077/3883/3336 3076/3881/3334 3083/3899/3352
f 3083/3899/3352 3076/3881/3334 3082/3889/3342
f 3083/3899/3352 3082/3889/3342 3089/3900/3353
f 3089/3900/3353 3082/3889/3342 3088/3890/3343
f 3089/3900/3353 3088/3890/3343 3095/3901/3354
f 3095/3901/3354 3088/3890/3343 3094/3891/3344
f 3095/3901/3354 3094/3891/3344 3101/3902/3355
f 3101/3902/3355 3094/3891/3344 3100/3892/3345
f 3101/3902/3355 3100/3892/3345 3107/3903/3356
f 3107/3903/3356 3100/3892/3345 3106/3893/3346
f 3107/3903/3356 3106/3893/3346 3113/3904/3357
f 3113/3904/3357 3106/3893/3346 3112/3894/3347
f 3113/3904/3357 3112/3894/3347 3119/3905/3358
f 3119/3905/3358 3112/3894/3347 3118/3895/3348
f 3119/3905/3358 3118/3895/3348 3125/3906/3359
f 3125/3906/3359 3118/3895/3348 3124/3896/3349
f 3125/3906/3359 3124/3896/3349 3131/3907/3360
f 3131/3907/3360 3124/3896/3349 3130/3897/3350
f 3131/3907/3360 3130/3897/3350 3137/3908/3361
f 3137/3908/3361 3130/3897/3350 3136/3898/3351
f 3137/3908/3361 3136/3898/3351 3143/3850/3319
f 3143/3850/3319 3136/3898/3351 3142/3852/3320
f 3078/3885/3338 3077/3883/3336 3084/3909/3362
f 3084/3909/3362 3077/3883/3336 3083/3899/3352
f 3084/3909/3362 3083/3899/3352 3090/3910/3363
f 3090/3910/3363 3083/3899/3352 3089/3900/3353
f 3090/3910/3363 3089/3900/3353 3096/3911/3364
f 3096/3911/3364 3089/3900/3353 3095/3901/3354
f 3096/3911/3364 3095/3901/3354 3102/3912/3365
f 3102/3912/3365 3095/3901/3354 3101/3902/3355
f 3102/3912/3365 3101/3902/3355 3108/3913/3366
f 3108/3913/3366 3101/3902/3355 3107/3903/3356
f 3108/3913/3366 3107/3903/3356 3114/3914/3367
f 3114/3914/3367 3107/3903/3356 3113/3904/3357
f 3114/3914/3367 3113/3904/3357 3120/3915/3368
f 3120/3915/3368 3113/3904/3357 3119/3905/3358
f 3120/3915/3368 3119/3905/3358 3126/3916/3369
f 3126/3916/3369 3119/3905/3358 3125/3906/3359
f 3126/3916/3369 3125/3906/3359 3132/3917/3370
f 3132/3917/3370 3125/3906/3359 3131/3907/3360
f 3132/3917/3370 3131/3907/3360 3138/3918/3371
f 3138/3918/3371 3131/3907/3360 3137/3908/3361
f 3138/3918/3371 3137/3908/3361 3144/3848/3318
f 3144/3848/3318 3137/3908/3361 3143/3850/3319
f 3086/3823/3296 3080/3821/3294 3079/3887/3340
f 3079/3887/3340 3078/3885/3338 3085/3919/3372
f 3085/3919/3372 3078/3885/3338 3084/3909/3362
f 3085/3919/3372 3084/3909/3362 3091/3920/3373
f 3091/3920/3373 3084/3909/3362 3090/3910/3363
f 3091/3920/3373 3090/3910/3363 3097/3921/3374
f 3097/3921/3374 3090/3910/3363 3096/3911/3364
f 3097/3921/3374 3096/3911/3364 3103/3922/3375
f 3103/3922/3375 3096/3911/3364 3102/3912/3365
f 3103/3922/3375 3102/3912/3365 3109/3923/3376
f 3109/3923/3376 3102/3912/3365 3108/3913/3366
f 3109/3923/3376 3108/3913/3366 3115/3924/3377
f 3115/3924/3377 3108/3913/3366 3114/3914/3367
f 3115/3924/3377 3114/3914/3367 3121/3925/3378
f 3121/3925/3378 3114/3914/3367 3120/3915/3368
f 3121/3925/3378 3120/3915/3368 3127/3926/3379
f 3127/3926/3379 3120/3915/3368 3126/3916/3369
f 3127/3926/3379 3126/3916/3369 3133/3927/3380
f 3133/3927/3380 3126/3916/3369 3132/3917/3370
f 3133/3927/3380 3132/3917/3370 3139/3928/3381
f 3139/3928/3381 3132/3917/3370 3138/3918/3371
f 3139/3928/3381 3138/3918/3371 3145/3846/3317
f 3145/3846/3317 3138/3918/3371 3144/3848/3318
f 3092/3825/3298 3086/3823/3296 3085/3919/3372
f 3085/3919/3372 3086/3823/3296 3079/3887/3340
f 3092/3825/3298 3085/3919/3372 3091/3920/3373
f 3098/3827/3300 3092/3825/3298 3091/3920/3373
f 3098/3827/3300 3091/3920/3373 3097/3921/3374
f 3104/3829/3302 3098/3827/3300 3097/3921/3374
f 3104/3829/3302 3097/3921/3374 3103/3922/3375
f 3110/3831/3304 3104/3829/3302 3103/3922/3375
f 3110/3831/3304 3103/3922/3375 3109/3923/3376
f 3116/3833/3306 3110/3831/3304 3109/3923/3376
f 3116/3833/3306 3109/3923/3376 3115/3924/3377
f 3122/3835/3308 3116/3833/3306 3115/3924/3377
f 3122/3835/3308 3115/3924/3377 3121/3925/3378
f 3128/3837/3310 3122/3835/3308 3121/3925/3378
f 3128/3837/3310 3121/3925/3378 3127/3926/3379
f 3134/3839/3312 3128/3837/3310 3127/3926/3379
f 3134/3839/3312 3127/3926/3379 3133/3927/3380
f 3140/3841/3314 3134/3839/3312 3133/3927/3380
f 3140/3841/3314 3133/3927/3380 3139/3928/3381
f 3146/3843/3316 3140/3841/3314 3139/3928/3381
f 3146/3843/3316 3139/3928/3381 3145/3846/3317
f 3148/3929/3382 3154/3930/3383 3147/3931/3384
f 3147/3931/3384 3154/3930/3383 3155/3932/3385
f 3147/3931/3384 3155/3932/3385 3056/3933/3291
f 3056/3933/3291 3155/3932/3385 3156/3934/3386
f 3056/3933/3291 3156/3934/3386 3057/3935/3292
f 3057/3935/3292 3156/3934/3386 3058/3936/3341
f 3058/3936/3341 3156/3934/3386 3159/3937/3387
f 3058/3936/3341 3159/3937/3387 3059/3938/3339
f 3059/3938/3339 3159/3937/3387 3162/3939/3388
f 3059/3938/3339 3162/3939/3388 3060/3940/3337
f 3060/3940/3337 3162/3939/3388 3165/3941/3389
f 3060/3940/3337 3165/3941/3389 3061/3942/3335
f 3061/3942/3335 3165/3941/3389 3168/3943/3390
f 3061/3942/3335 3168/3943/3390 3062/3944/3333
f 3062/3944/3333 3168/3943/3390 3171/3945/3391
f 3062/3944/3333 3171/3945/3391 2703/3946/2826
f 2703/3946/2826 3171/3945/3391 3170/3947/3392
f 2703/3946/2826 3170/3947/3392 2704/3948/2824
f 2704/3948/2824 3170/3947/3392 3169/3949/3393
f 2704/3948/2824 3169/3949/3393 3153/3950/3394
f 3153/3950/3394 3169/3949/3393 3152/3951/3395
f 3152/3951/3395 3169/3949/3393 3166/3952/3396
f 3152/3951/3395 3166/3952/3396 3151/3953/3397
f 3151/3953/3397 3166/3952/3396 3163/3954/3398
f 3151/3953/3397 3163/3954/3398 3150/3955/3399
f 3150/3955/3399 3163/3954/3398 3160/3956/3400
f 3150/3955/3399 3160/3956/3400 3149/3957/3401
f 3149/3957/3401 3160/3956/3400 3157/3958/3402
f 3149/3957/3401 3157/3958/3402 3148/3929/3382
f 3148/3929/3382 3157/3958/3402 3154/3930/3383
f 3159/3937/3387 3156/3934/3386 3155/3932/3385
f 3155/3932/3385 3154/3930/3383 3158/3959/3403
f 3158/3959/3403 3154/3930/3383 3157/3958/3402
f 3158/3959/3403 3157/3958/3402 3161/3960/3404
f 3161/3960/3404 3157/3958/3402 3160/3956/3400
f 3161/3960/3404 3160/3956/3400 3164/3961/3405
f 3164/3961/3405 3160/3956/3400 3163/3954/3398
f 3164/3961/3405 3163/3954/3398 3167/3962/3406
f 3167/3962/3406 3163/3954/3398 3166/3952/3396
f 3167/3962/3406 3166/3952/3396 3170/3947/3392
f 3170/3947/3392 3166/3952/3396 3169/3949/3393
f 3162/3939/3388 3159/3937/3387 3158/3959/3403
f 3158/3959/3403 3159/3937/3387 3155/3932/3385
f 3162/3939/3388 3158/3959/3403 3161/3960/3404
f 3165/3941/3389 3162/3939/3388 3161/3960/3404
f 3165/3941/3389 3161/3960/3404 3164/3961/3405
f 3168/3943/3390 3165/3941/3389 3164/3961/3405
f 3168/3943/3390 3164/3961/3405 3167/3962/3406
f 3171/3945/3391 3168/3943/3390 3167/3962/3406
f 3171/3945/3391 3167/3962/3406 3170/3947/3392
f 2854/3963/3095 2853/3964/3094 3183/3965/3407
f 3183/3965/3407 2853/3964/3094 3189/3966/3408
f 3183/3965/3407 3189/3966/3408 3182/3967/3409
f 3182/3967/3409 3189/3966/3408 3195/3968/3410
f 3182/3967/3409 3195/3968/3410 3181/3969/3411
f 3181/3969/3411 3195/3968/3410 3201/3970/3412
f 3181/3969/3411 3201/3970/3412 3180/3971/3413
f 3180/3971/3413 3201/3970/3412 3207/3972/3414
f 3180/3971/3413 3207/3972/3414 3179/3973/3415
f 3179/3973/3415 3207/3972/3414 3213/3974/3416
f 3179/3973/3415 3213/3974/3416 3178/3975/3417
f 3178/3975/3417 3213/3974/3416 3219/3976/3418
f 3178/3975/3417 3219/3976/3418 3177/3977/3419
f 3177/3977/3419 3219/3976/3418 3225/3978/3420
f 3177/3977/3419 3225/3978/3420 3176/3979/3421
f 3176/3979/3421 3225/3978/3420 3231/3980/3422
f 3176/3979/3421 3231/3980/3422 3175/3981/3423
f 3175/3981/3423 3231/3980/3422 3237/3982/3424
f 3175/3981/3423 3237/3982/3424 3174/3983/3425
f 3174/3983/3425 3237/3982/3424 3243/3984/3426
f 3174/3983/3425 3243/3984/3426 3173/3985/3427
f 3173/3985/3427 3243/3984/3426 3249/3986/3428
f 3173/3985/3427 3249/3986/3428 3172/3987/3429
f 3172/3987/3429 3249/3986/3428 3255/3988/3430
f 3172/3987/3429 3255/3988/3430 3147/3989/3384
f 3147/3989/3384 3255/3988/3430 3148/3990/3382
f 3148/3990/3382 3255/3988/3430 3254/3991/3431
f 3148/3990/3382 3254/3991/3431 3149/3992/3401
f 3149/3992/3401 3254/3991/3431 3253/3993/3432
f 3149/3992/3401 3253/3993/3432 3150/3994/3399
f 3150/3994/3399 3253/3993/3432 3252/3995/3433
f 3150/3994/3399 3252/3995/3433 3151/3996/3397
f 3151/3996/3397 3252/3995/3433 3251/3997/3434
f 3151/3996/3397 3251/3997/3434 3152/3998/3395
f 3152/3998/3395 3251/3997/3434 3250/3999/3435
f 3152/3998/3395 3250/3999/3435 3153/4000/3394
f 3153/4000/3394 3250/3999/3435 2704/4001/2824
f 2704/4001/2824 3250/3999/3435 2705/4002/2822
f 2705/4002/2822 3250/3999/3435 3244/4003/3436
f 2705/4002/2822 3244/4003/3436 2706/4004/2821
f 2706/4004/2821 3244/4003/3436 3238/4005/3437
f 2706/4004/2821 3238/4005/3437 2707/4006/2819
f 2707/4006/2819 3238/4005/3437 3232/4007/3438
f 2707/4006/2819 3232/4007/3438 2708/4008/2818
f 2708/4008/2818 3232/4007/3438 3226/4009/3439
f 2708/4008/2818 3226/4009/3439 2709/4010/2816
f 2709/4010/2816 3226/4009/3439 3220/4011/3440
f 2709/4010/2816 3220/4011/3440 2710/4012/2814
f 2710/4012/2814 3220/4011/3440 3214/4013/3441
f 2710/4012/2814 3214/4013/3441 2711/4014/2812
f 2711/4014/2812 3214/4013/3441 3208/4015/3442
f 2711/4014/2812 3208/4015/3442 2712/4016/2810
f 2712/4016/2810 3208/4015/3442 3202/4017/3443
f 2712/4016/2810 3202/4017/3443 2713/4018/2808
f 2713/4018/2808 3202/4017/3443 3196/4019/3444
f 2713/4018/2808 3196/4019/3444 2714/4020/2806
f 2714/4020/2806 3196/4019/3444 3190/4021/3445
f 2714/4020/2806 3190/4021/3445 2715/4022/2804
f 2715/4022/2804 3190/4021/3445 3184/4023/3446
f 2715/4022/2804 3184/4023/3446 2716/4024/2801
f 2716/4024/2801 3184/4023/3446 2848/4025/3084
f 2848/4025/3084 3184/4023/3446 3185/4026/3447
f 2848/4025/3084 3185/4026/3447 2849/4027/3086
f 2849/4027/3086 3185/4026/3447 3186/4028/3448
f 2849/4027/3086 3186/4028/3448 2850/4029/3088
f 2850/4029/3088 3186/4028/3448 3187/4030/3449
f 2850/4029/3088 3187/4030/3449 2851/4031/3090
f 2851/4031/3090 3187/4030/3449 3188/4032/3450
f 2851/4031/3090 3188/4032/3450 2852/4033/3092
f 2852/4033/3092 3188/4032/3450 3189/3966/3408
f 2852/4033/3092 3189/3966/3408 2853/3964/3094
f 3185/4026/3447 3184/4023/3446 3191/4034/3451
f 3191/4034/3451 3184/4023/3446 3190/4021/3445
f 3191/4034/3451 3190/4021/3445 3197/4035/3452
f 3197/4035/3452 3190/4021/3445 3196/4019/3444
f 3197/4035/3452 3196/4019/3444 3203/4036/3453
f 3203/4036/3453 3196/4019/3444 3202/4017/3443
f 3203/4036/3453 3202/4017/3443 3209/4037/3454
f 3209/4037/3454 3202/4017/3443 3208/4015/3442
f 3209/4037/3454 3208/4015/3442 3215/4038/3455
f 3215/4038/3455 3208/4015/3442 3214/4013/3441
f 3215/4038/3455 3214/4013/3441 3221/4039/3456
f 3221/4039/3456 3214/4013/3441 3220/4011/3440
f 3221/4039/3456 3220/4011/3440 3227/4040/3457
f 3227/4040/3457 3220/4011/3440 3226/4009/3439
f 3227/4040/3457 3226/4009/3439 3233/4041/3458
f 3233/4041/3458 3226/4009/3439 3232/4007/3438
f 3233/4041/3458 3232/4007/3438 3239/4042/3459
f 3239/4042/3459 3232/4007/3438 3238/4005/3437
f 3239/4042/3459 3238/4005/3437 3245/4043/3460
f 3245/4043/3460 3238/4005/3437 3244/4003/3436
f 3245/4043/3460 3244/4003/3436 3251/3997/3434
f 3251/3997/3434 3244/4003/3436 3250/3999/3435
f 3186/4028/3448 3185/4026/3447 3192/4044/3461
f 3192/4044/3461 3185/4026/3447 3191/4034/3451
f 3192/4044/3461 3191/4034/3451 3198/4045/3462
f 3198/4045/3462 3191/4034/3451 3197/4035/3452
f 3198/4045/3462 3197/4035/3452 3204/4046/3463
f 3204/4046/3463 3197/4035/3452 3203/4036/3453
f 3204/4046/3463 3203/4036/3453 3210/4047/3464
f 3210/4047/3464 3203/4036/3453 3209/4037/3454
f 3210/4047/3464 3209/4037/3454 3216/4048/3465
f 3216/4048/3465 3209/4037/3454 3215/4038/3455
f 3216/4048/3465 3215/4038/3455 3222/4049/3466
f 3222/4049/3466 3215/4038/3455 3221/4039/3456
f 3222/4049/3466 3221/4039/3456 3228/4050/3467
f 3228/4050/3467 3221/4039/3456 3227/4040/3457
f 3228/4050/3467 3227/4040/3457 3234/4051/3468
f 3234/4051/3468 3227/4040/3457 3233/4041/3458
f 3234/4051/3468 3233/4041/3458 3240/4052/3469
f 3240/4052/3469 3233/4041/3458 3239/4042/3459
f 3240/4052/3469 3239/4042/3459 3246/4053/3470
f 3246/4053/3470 3239/4042/3459 3245/4043/3460
f 3246/4053/3470 3245/4043/3460 3252/3995/3433
f 3252/3995/3433 3245/4043/3460 3251/3997/3434
f 3187/4030/3449 3186/4028/3448 3193/4054/3471
f 3193/4054/3471 3186/4028/3448 3192/4044/3461
f 3193/4054/3471 3192/4044/3461 3199/4055/3472
f 3199/4055/3472 3192/4044/3461 3198/4045/3462
f 3199/4055/3472 3198/4045/3462 3205/4056/3473
f 3205/4056/3473 3198/4045/3462 3204/4046/3463
f 3205/4056/3473 3204/4046/3463 3211/4057/3474
f 3211/4057/3474 3204/4046/3463 3210/4047/3464
f 3211/4057/3474 3210/4047/3464 3217/4058/3475
f 3217/4058/3475 3210/4047/3464 3216/4048/3465
f 3217/4058/3475 3216/4048/3465 3223/4059/3476
f 3223/4059/3476 3216/4048/3465 3222/4049/3466
f 3223/4059/3476 3222/4049/3466 3229/4060/3477
f 3229/4060/3477 3222/4049/3466 3228/4050/3467
f 3229/4060/3477 3228/4050/3467 3235/4061/3478
f 3235/4061/3478 3228/4050/3467 3234/4051/3468
f 3235/4061/3478 3234/4051/3468 3241/4062/3479
f 3241/4062/3479 3234/4051/3468 3240/4052/3469
f 3241/4062/3479 3240/4052/3469 3247/4063/3480
f 3247/4063/3480 3240/4052/3469 3246/4053/3470
f 3247/4063/3480 3246/4053/3470 3253/3993/3432
f 3253/3993/3432 3246/4053/3470 3252/3995/3433
f 3195/3968/3410 3189/3966/3408 3188/4032/3450
f 3188/4032/3450 3187/4030/3449 3194/4064/3481
f 3194/4064/3481 3187/4030/3449 3193/4054/3471
f 3194/4064/3481 3193/4054/3471 3200/4065/3482
f 3200/4065/3482 3193/4054/3471 3199/4055/3472
f 3200/4065/3482 3199/4055/3472 3206/4066/3483
f 3206/4066/3483 3199/4055/3472 3205/4056/3473
f 3206/4066/3483 3205/4056/3473 3212/4067/3484
f 3212/4067/3484 3205/4056/3473 3211/4057/3474
f 3212/4067/3484 3211/4057/3474 3218/4068/3485
f 3218/4068/3485 3211/4057/3474 3217/4058/3475
f 3218/4068/3485 3217/4058/3475 3224/4069/3486
f 3224/4069/3486 3217/4058/3475 3223/4059/3476
f 3224/4069/3486 3223/4059/3476 3230/4070/3487
f 3230/4070/3487 3223/4059/3476 3229/4060/3477
f 3230/4070/3487 3229/4060/3477 3236/4071/3488
f 3236/4071/3488 3229/4060/3477 3235/4061/3478
f 3236/4071/3488 3235/4061/3478 3242/4072/3489
f 3242/4072/3489 3235/4061/3478 3241/4062/3479
f 3242/4072/3489 3241/4062/3479 3248/4073/3490
f 3248/4073/3490 3241/4062/3479 3247/4063/3480
f 3248/4073/3490 3247/4063/3480 3254/3991/3431
f 3254/3991/3431 3247/4063/3480 3253/3993/3432
f 3201/3970/3412 3195/3968/3410 3194/4064/3481
f 3194/4064/3481 3195/3968/3410 3188/4032/3450
f 3201/3970/3412 3194/4064/3481 3200/4065/3482
f 3207/3972/3414 3201/3970/3412 3200/4065/3482
f 3207/3972/3414 3200/4065/3482 3206/4066/3483
f 3213/3974/3416 3207/3972/3414 3206/4066/3483
f 3213/3974/3416 3206/4066/3483 3212/4067/3484
f 3219/3976/3418 3213/3974/3416 3212/4067/3484
f 3219/3976/3418 3212/4067/3484 3218/4068/3485
f 3225/3978/3420 3219/3976/3418 3218/4068/3485
f 3225/3978/3420 3218/4068/3485 3224/4069/3486
f 3231/3980/3422 3225/3978/3420 3224/4069/3486
f 3231/3980/3422 3224/4069/3486 3230/4070/3487
f 3237/3982/3424 3231/3980/3422 3230/4070/3487
f 3237/3982/3424 3230/4070/3487 3236/4071/3488
f 3243/3984/3426 3237/3982/3424 3236/4071/3488
f 3243/3984/3426 3236/4071/3488 3242/4072/3489
f 3249/3986/3428 3243/3984/3426 3242/4072/3489
f 3249/3986/3428 3242/4072/3489 3248/4073/3490
f 3255/3988/3430 3249/3986/3428 3248/4073/3490
f 3255/3988/3430 3248/4073/3490 3254/3991/3431
f 1585/4074/1674 3259/4075/3491 243/4076/1673
f 243/4076/1673 3259/4075/3491 3260/4077/3492
f 243/4076/1673 3260/4077/3492 2969/4078/3191
f 2969/4078/3191 3260/4077/3492 2970/4079/3189
f 2970/4079/3189 3260/4077/3492 3262/4080/3493
f 2970/4079/3189 3262/4080/3493 2952/4081/3187
f 2952/4081/3187 3262/4080/3493 3261/4082/3494
f 2952/4081/3187 3261/4082/3494 3257/4083/3495
f 3257/4083/3495 3261/4082/3494 3256/4084/3496
f 3256/4084/3496 3261/4082/3494 3259/4075/3491
f 3256/4084/3496 3259/4075/3491 1585/4074/1674
f 3257/4083/3495 3258/4085/3497 2952/4081/3187
f 2969/4078/3191 2968/4086/3193 243/4076/1673
f 243/4076/1673 2968/4086/3193 2764/4087/3015
f 2764/4087/3015 2968/4086/3193 2967/4088/3195
f 2764/4087/3015 2967/4088/3195 2765/4089/3013
f 2765/4089/3013 2967/4088/3195 2966/4090/3197
f 2765/4089/3013 2966/4090/3197 2766/4091/3012
f 2766/4091/3012 2966/4090/3197 2965/4092/3199
f 2766/4091/3012 2965/4092/3199 2767/4093/3004
f 2767/4093/3004 2965/4092/3199 2964/4094/3201
f 2767/4093/3004 2964/4094/3201 2768/4095/3003
f 2768/4095/3003 2964/4094/3201 2963/4096/3203
f 2768/4095/3003 2963/4096/3203 2769/4097/2993
f 2769/4097/2993 2963/4096/3203 2962/4098/3205
f 2769/4097/2993 2962/4098/3205 2770/4099/2992
f 2770/4099/2992 2962/4098/3205 2961/4100/3207
f 2770/4099/2992 2961/4100/3207 2771/4101/3026
f 2771/4101/3026 2961/4100/3207 2960/4102/3209
f 2771/4101/3026 2960/4102/3209 2772/4103/2978
f 2772/4103/2978 2960/4102/3209 2959/4104/3211
f 2772/4103/2978 2959/4104/3211 2773/4105/2979
f 2773/4105/2979 2959/4104/3211 2729/4106/2878
f 2773/4105/2979 2729/4106/2878 2736/4107/2879
f 3262/4080/3493 3260/4077/3492 3259/4075/3491
f 3261/4082/3494 3262/4080/3493 3259/4075/3491
f 1635/4108/1711 2870/4109/3121 1086/4110/1320
f 1086/4110/1320 2870/4109/3121 2869/4111/3123
f 1086/4110/1320 2869/4111/3123 3266/4112/3498
f 3266/4112/3498 2869/4111/3123 3268/4113/3499
f 3266/4112/3498 3268/4113/3499 3269/4114/3500
f 3269/4114/3500 3268/4113/3499 3263/4115/3501
f 3269/4114/3500 3263/4115/3501 3264/4116/3502
f 2870/4109/3121 1635/4108/1711 2871/4117/3119
f 2871/4117/3119 1635/4108/1711 1634/4118/1714
f 2871/4117/3119 1634/4118/1714 2872/4119/3117
f 2872/4119/3117 1634/4118/1714 1633/4120/1722
f 2872/4119/3117 1633/4120/1722 2873/4121/3115
f 2873/4121/3115 1633/4120/1722 1632/4122/1723
f 2873/4121/3115 1632/4122/1723 2874/4123/3113
f 2874/4123/3113 1632/4122/1723 1631/4124/1737
f 2874/4123/3113 1631/4124/1737 2875/4125/3111
f 2875/4125/3111 1631/4124/1737 1630/4126/1813
f 2875/4125/3111 1630/4126/1813 2876/4127/3109
f 2876/4127/3109 1630/4126/1813 1629/4128/1746
f 2876/4127/3109 1629/4128/1746 2877/4129/3107
f 2877/4129/3107 1629/4128/1746 1628/4130/1747
f 2877/4129/3107 1628/4130/1747 2878/4131/3105
f 2878/4131/3105 1628/4130/1747 1627/4132/1811
f 2878/4131/3105 1627/4132/1811 2879/4133/3103
f 2879/4133/3103 1627/4132/1811 1626/4134/1810
f 2879/4133/3103 1626/4134/1810 2617/4135/2753
f 2617/4135/2753 1626/4134/1810 1625/4136/1809
f 2869/4111/3123 2868/4137/3125 3268/4113/3499
f 3268/4113/3499 2868/4137/3125 2855/4138/3096
f 3268/4113/3499 2855/4138/3096 3263/4115/3501
f 3264/4116/3502 3265/4139/3503 3269/4114/3500
f 3269/4114/3500 3265/4139/3503 3267/4140/3504
f 3269/4114/3500 3267/4140/3504 3266/4112/3498
f 3266/4112/3498 3267/4140/3504 1086/4110/1320
f 3265/4139/3503 1615/4141/1709 3267/4140/3504
f 3267/4140/3504 1615/4141/1709 1086/4110/1320
f 2855/4142/3096 2854/4143/3095 3263/4144/3501
f 3263/4144/3501 2854/4143/3095 3270/4145/3505
f 2668/4146/2850 2667/4147/2848 3285/4148/3506
f 3285/4148/3506 2667/4147/2848 3271/4149/3507
f 3285/4148/3506 3271/4149/3507 3286/4150/3508
f 3286/4150/3508 3271/4149/3507 3272/4151/3509
f 3286/4150/3508 3272/4151/3509 3287/4152/3510
f 3287/4152/3510 3272/4151/3509 3273/4153/3511
f 3287/4152/3510 3273/4153/3511 3288/4154/3512
f 3288/4154/3512 3273/4153/3511 3274/4155/3513
f 3288/4154/3512 3274/4155/3513 3289/4156/3514
f 3289/4156/3514 3274/4155/3513 3275/4157/3515
f 3289/4156/3514 3275/4157/3515 3290/4158/3516
f 3290/4158/3516 3275/4157/3515 3276/4159/3517
f 3290/4158/3516 3276/4159/3517 3277/4160/3518
f 3277/4160/3518 3278/4161/3519 3290/4158/3516
f 3290/4158/3516 3278/4161/3519 3279/4162/3520
f 3290/4158/3516 3279/4162/3520 3289/4156/3514
f 3289/4156/3514 3279/4162/3520 3280/4163/3521
f 3289/4156/3514 3280/4163/3521 3288/4154/3512
f 3288/4154/3512 3280/4163/3521 3281/4164/3522
f 3288/4154/3512 3281/4164/3522 3287/4152/3510
f 3287/4152/3510 3281/4164/3522 3282/4165/3523
f 3287/4152/3510 3282/4165/3523 3286/4150/3508
f 3286/4150/3508 3282/4165/3523 3283/4166/3524
f 3286/4150/3508 3283/4166/3524 3285/4148/3506
f 3285/4148/3506 3283/4166/3524 3284/4167/3525
f 3285/4148/3506 3284/4167/3525 2668/4146/2850
f 3296/4168/3526 2626/4169/2771 3306/4170/3527
f 3306/4170/3527 2626/4169/2771 2635/4171/2772
f 3306/4170/3527 2635/4171/2772 2634/4172/2773
f 3306/4170/3527 2634/4172/2773 3305/4173/3528
f 3305/4173/3528 2634/4172/2773 2633/4174/2774
f 3305/4173/3528 2633/4174/2774 3304/4175/3529
f 3304/4175/3529 2633/4174/2774 2632/4176/2775
f 3304/4175/3529 2632/4176/2775 3303/4177/3530
f 3303/4177/3530 2632/4176/2775 2631/4178/2776
f 3303/4177/3530 2631/4178/2776 3302/4179/3531
f 3302/4179/3531 2631/4178/2776 2630/4180/2777
f 3302/4179/3531 2630/4180/2777 3301/4181/3532
f 3301/4181/3532 2630/4180/2777 2629/4182/2778
f 3301/4181/3532 2629/4182/2778 2677/4183/2868
f 3301/4181/3532 2677/4183/2868 3307/4184/3533
f 3307/4184/3533 2677/4183/2868 2676/4185/2865
f 3307/4184/3533 2676/4185/2865 3313/4186/3534
f 3313/4186/3534 2676/4185/2865 2675/4187/2863
f 3313/4186/3534 2675/4187/2863 3318/4188/3535
f 3318/4188/3535 2675/4187/2863 2674/4189/2861
f 3318/4188/3535 2674/4189/2861 3324/4190/3536
f 3324/4190/3536 2674/4189/2861 2673/4191/2859
f 3324/4190/3536 2673/4191/2859 3340/4192/3537
f 3340/4192/3537 2673/4191/2859 3329/4193/3538
f 3340/4192/3537 3329/4193/3538 3330/4194/3539
f 3330/4194/3539 3329/4193/3538 3342/4195/3540
f 3330/4194/3539 3342/4195/3540 3343/4196/3541
f 3343/4196/3541 3342/4195/3540 3348/4197/3542
f 3343/4196/3541 3348/4197/3542 3349/4198/3543
f 3349/4198/3543 3348/4197/3542 3355/4199/3544
f 3349/4198/3543 3355/4199/3544 3356/4200/3545
f 3356/4200/3545 3355/4199/3544 3361/4201/3546
f 3356/4200/3545 3361/4201/3546 3362/4202/3547
f 3362/4202/3547 3361/4201/3546 3279/4203/3520
f 3362/4202/3547 3279/4203/3520 3278/4204/3519
f 2673/4191/2859 2672/4205/2857 3329/4193/3538
f 3329/4193/3538 2672/4205/2857 3341/4206/3548
f 3329/4193/3538 3341/4206/3548 3342/4195/3540
f 3342/4195/3540 3341/4206/3548 3347/4207/3549
f 3342/4195/3540 3347/4207/3549 3348/4197/3542
f 3348/4197/3542 3347/4207/3549 3354/4208/3550
f 3348/4197/3542 3354/4208/3550 3355/4199/3544
f 3355/4199/3544 3354/4208/3550 3360/4209/3551
f 3355/4199/3544 3360/4209/3551 3361/4201/3546
f 3361/4201/3546 3360/4209/3551 3280/4210/3521
f 3361/4201/3546 3280/4210/3521 3279/4203/3520
f 2672/4205/2857 2671/4211/2855 3341/4206/3548
f 3341/4206/3548 2671/4211/2855 3346/4212/3552
f 3341/4206/3548 3346/4212/3552 3347/4207/3549
f 3347/4207/3549 3346/4212/3552 3353/4213/3553
f 3347/4207/3549 3353/4213/3553 3354/4208/3550
f 3354/4208/3550 3353/4213/3553 3359/4214/3554
f 3354/4208/3550 3359/4214/3554 3360/4209/3551
f 3360/4209/3551 3359/4214/3554 3281/4215/3522
f 3360/4209/3551 3281/4215/3522 3280/4210/3521
f 2671/4211/2855 2670/4216/2853 3346/4212/3552
f 3346/4212/3552 2670/4216/2853 3352/4217/3555
f 3346/4212/3552 3352/4217/3555 3353/4213/3553
f 3353/4213/3553 3352/4217/3555 3358/4218/3556
f 3353/4213/3553 3358/4218/3556 3359/4214/3554
f 3359/4214/3554 3358/4218/3556 3282/4219/3523
f 3359/4214/3554 3282/4219/3523 3281/4215/3522
f 2670/4216/2853 2669/4220/2851 3352/4217/3555
f 3352/4217/3555 2669/4220/2851 3357/4221/3557
f 3352/4217/3555 3357/4221/3557 3358/4218/3556
f 3358/4218/3556 3357/4221/3557 3283/4222/3524
f 3358/4218/3556 3283/4222/3524 3282/4219/3523
f 2669/4220/2851 2668/4223/2850 3357/4221/3557
f 3357/4221/3557 2668/4223/2850 3284/4224/3525
f 3357/4221/3557 3284/4224/3525 3283/4222/3524
f 3278/4204/3519 3291/4225/3558 3362/4202/3547
f 3362/4202/3547 3291/4225/3558 3297/4226/3559
f 3362/4202/3547 3297/4226/3559 3356/4200/3545
f 3356/4200/3545 3297/4226/3559 3350/4227/3560
f 3356/4200/3545 3350/4227/3560 3349/4198/3543
f 3349/4198/3543 3350/4227/3560 3344/4228/3561
f 3349/4198/3543 3344/4228/3561 3343/4196/3541
f 3343/4196/3541 3344/4228/3561 3331/4229/3562
f 3343/4196/3541 3331/4229/3562 3330/4194/3539
f 3330/4194/3539 3331/4229/3562 3339/4230/3563
f 3330/4194/3539 3339/4230/3563 3340/4192/3537
f 3340/4192/3537 3339/4230/3563 3324/4190/3536
f 3291/4225/3558 3292/4231/3564 3297/4226/3559
f 3297/4226/3559 3292/4231/3564 3351/4232/3565
f 3297/4226/3559 3351/4232/3565 3350/4227/3560
f 3350/4227/3560 3351/4232/3565 3345/4233/3566
f 3350/4227/3560 3345/4233/3566 3344/4228/3561
f 3344/4228/3561 3345/4233/3566 3332/4234/3567
f 3344/4228/3561 3332/4234/3567 3331/4229/3562
f 3331/4229/3562 3332/4234/3567 3338/4235/3568
f 3331/4229/3562 3338/4235/3568 3339/4230/3563
f 3339/4230/3563 3338/4235/3568 3325/4236/3569
f 3339/4230/3563 3325/4236/3569 3324/4190/3536
f 3324/4190/3536 3325/4236/3569 3318/4188/3535
f 3351/4232/3565 3292/4231/3564 3298/4237/3570
f 3298/4237/3570 3292/4231/3564 3293/4238/3571
f 3298/4237/3570 3293/4238/3571 3334/4239/3572
f 3334/4239/3572 3293/4238/3571 3335/4240/3573
f 3334/4239/3572 3335/4240/3573 3336/4241/3574
f 3336/4241/3574 3335/4240/3573 3328/4242/3575
f 3336/4241/3574 3328/4242/3575 3327/4243/3576
f 3327/4243/3576 3328/4242/3575 3321/4244/3577
f 3327/4243/3576 3321/4244/3577 3320/4245/3578
f 3320/4245/3578 3321/4244/3577 3315/4246/3579
f 3320/4245/3578 3315/4246/3579 3314/4247/3580
f 3314/4247/3580 3315/4246/3579 3308/4248/3581
f 3314/4247/3580 3308/4248/3581 3307/4184/3533
f 3307/4184/3533 3308/4248/3581 3301/4181/3532
f 3293/4238/3571 3294/4249/3582 3335/4240/3573
f 3335/4240/3573 3294/4249/3582 3299/4250/3583
f 3335/4240/3573 3299/4250/3583 3328/4242/3575
f 3328/4242/3575 3299/4250/3583 3322/4251/3584
f 3328/4242/3575 3322/4251/3584 3321/4244/3577
f 3321/4244/3577 3322/4251/3584 3316/4252/3585
f 3321/4244/3577 3316/4252/3585 3315/4246/3579
f 3315/4246/3579 3316/4252/3585 3309/4253/3586
f 3315/4246/3579 3309/4253/3586 3308/4248/3581
f 3308/4248/3581 3309/4253/3586 3302/4179/3531
f 3308/4248/3581 3302/4179/3531 3301/4181/3532
f 3294/4249/3582 3295/4254/3587 3299/4250/3583
f 3299/4250/3583 3295/4254/3587 3323/4255/3588
f 3299/4250/3583 3323/4255/3588 3322/4251/3584
f 3322/4251/3584 3323/4255/3588 3317/4256/3589
f 3322/4251/3584 3317/4256/3589 3316/4252/3585
f 3316/4252/3585 3317/4256/3589 3310/4257/3590
f 3316/4252/3585 3310/4257/3590 3309/4253/3586
f 3309/4253/3586 3310/4257/3590 3303/4177/3530
f 3309/4253/3586 3303/4177/3530 3302/4179/3531
f 3323/4255/3588 3295/4254/3587 3300/4258/3591
f 3300/4258/3591 3295/4254/3587 3296/4168/3526
f 3300/4258/3591 3296/4168/3526 3312/4259/3592
f 3312/4259/3592 3296/4168/3526 3306/4170/3527
f 3312/4259/3592 3306/4170/3527 3305/4173/3528
f 3303/4177/3530 3310/4257/3590 3304/4175/3529
f 3304/4175/3529 3310/4257/3590 3311/4260/3593
f 3304/4175/3529 3311/4260/3593 3305/4173/3528
f 3305/4173/3528 3311/4260/3593 3312/4259/3592
f 3300/4258/3591 3312/4259/3592 3311/4260/3593
f 3300/4258/3591 3311/4260/3593 3317/4256/3589
f 3317/4256/3589 3311/4260/3593 3310/4257/3590
f 3307/4184/3533 3313/4186/3534 3314/4247/3580
f 3314/4247/3580 3313/4186/3534 3319/4261/3594
f 3314/4247/3580 3319/4261/3594 3320/4245/3578
f 3320/4245/3578 3319/4261/3594 3326/4262/3595
f 3320/4245/3578 3326/4262/3595 3327/4243/3576
f 3327/4243/3576 3326/4262/3595 3337/4263/3596
f 3327/4243/3576 3337/4263/3596 3336/4241/3574
f 3336/4241/3574 3337/4263/3596 3333/4264/3597
f 3336/4241/3574 3333/4264/3597 3334/4239/3572
f 3334/4239/3572 3333/4264/3597 3298/4237/3570
f 3323/4255/3588 3300/4258/3591 3317/4256/3589
f 3313/4186/3534 3318/4188/3535 3319/4261/3594
f 3319/4261/3594 3318/4188/3535 3325/4236/3569
f 3319/4261/3594 3325/4236/3569 3326/4262/3595
f 3326/4262/3595 3325/4236/3569 3338/4235/3568
f 3326/4262/3595 3338/4235/3568 3337/4263/3596
f 3337/4263/3596 3338/4235/3568 3332/4234/3567
f 3337/4263/3596 3332/4234/3567 3333/4264/3597
f 3333/4264/3597 3332/4234/3567 3345/4233/3566
f 3333/4264/3597 3345/4233/3566 3298/4237/3570
f 3298/4237/3570 3345/4233/3566 3351/4232/3565
f 3375/4265/3598 3363/4266/3599 3385/4267/3600
f 3385/4267/3600 3363/4266/3599 3364/4268/3601
f 3385/4267/3600 3364/4268/3601 3365/4269/3602
f 3385/4267/3600 3365/4269/3602 3384/4270/3603
f 3384/4270/3603 3365/4269/3602 3366/4271/3604
f 3384/4270/3603 3366/4271/3604 3383/4272/3605
f 3383/4272/3605 3366/4271/3604 3367/4273/3606
f 3383/4272/3605 3367/4273/3606 3382/4274/3607
f 3382/4274/3607 3367/4273/3606 3368/4275/3608
f 3382/4274/3607 3368/4275/3608 3381/4276/3609
f 3381/4276/3609 3368/4275/3608 3369/4277/3610
f 3381/4276/3609 3369/4277/3610 3380/4278/3611
f 3380/4278/3611 3369/4277/3610 2645/4279/2800
f 3380/4278/3611 2645/4279/2800 2644/4280/2798
f 3380/4278/3611 2644/4280/2798 3386/4281/3612
f 3386/4281/3612 2644/4280/2798 2643/4282/2796
f 3386/4281/3612 2643/4282/2796 3392/4283/3613
f 3392/4283/3613 2643/4282/2796 2642/4284/2794
f 3392/4283/3613 2642/4284/2794 3397/4285/3614
f 3397/4285/3614 2642/4284/2794 2641/4286/2792
f 3397/4285/3614 2641/4286/2792 3403/4287/3615
f 3403/4287/3615 2641/4286/2792 2640/4288/2790
f 3403/4287/3615 2640/4288/2790 3419/4289/3616
f 3419/4289/3616 2640/4288/2790 3408/4290/3617
f 3419/4289/3616 3408/4290/3617 3409/4291/3618
f 3409/4291/3618 3408/4290/3617 3421/4292/3619
f 3409/4291/3618 3421/4292/3619 3422/4293/3620
f 3422/4293/3620 3421/4292/3619 3427/4294/3621
f 3422/4293/3620 3427/4294/3621 3428/4295/3622
f 3428/4295/3622 3427/4294/3621 3434/4296/3623
f 3428/4295/3622 3434/4296/3623 3435/4297/3624
f 3435/4297/3624 3434/4296/3623 3440/4298/3625
f 3435/4297/3624 3440/4298/3625 3441/4299/3626
f 3441/4299/3626 3440/4298/3625 2619/4300/2767
f 3441/4299/3626 2619/4300/2767 2618/4301/2768
f 2640/4288/2790 2639/4302/2788 3408/4290/3617
f 3408/4290/3617 2639/4302/2788 3420/4303/3627
f 3408/4290/3617 3420/4303/3627 3421/4292/3619
f 3421/4292/3619 3420/4303/3627 3426/4304/3628
f 3421/4292/3619 3426/4304/3628 3427/4294/3621
f 3427/4294/3621 3426/4304/3628 3433/4305/3629
f 3427/4294/3621 3433/4305/3629 3434/4296/3623
f 3434/4296/3623 3433/4305/3629 3439/4306/3630
f 3434/4296/3623 3439/4306/3630 3440/4298/3625
f 3440/4298/3625 3439/4306/3630 2620/4307/2766
f 3440/4298/3625 2620/4307/2766 2619/4300/2767
f 2639/4302/2788 2638/4308/2786 3420/4303/3627
f 3420/4303/3627 2638/4308/2786 3425/4309/3631
f 3420/4303/3627 3425/4309/3631 3426/4304/3628
f 3426/4304/3628 3425/4309/3631 3432/4310/3632
f 3426/4304/3628 3432/4310/3632 3433/4305/3629
f 3433/4305/3629 3432/4310/3632 3438/4311/3633
f 3433/4305/3629 3438/4311/3633 3439/4306/3630
f 3439/4306/3630 3438/4311/3633 2621/4312/2765
f 3439/4306/3630 2621/4312/2765 2620/4307/2766
f 2638/4308/2786 2637/4313/2783 3425/4309/3631
f 3425/4309/3631 2637/4313/2783 3431/4314/3634
f 3425/4309/3631 3431/4314/3634 3432/4310/3632
f 3432/4310/3632 3431/4314/3634 3437/4315/3635
f 3432/4310/3632 3437/4315/3635 3438/4311/3633
f 3438/4311/3633 3437/4315/3635 2622/4316/2764
f 3438/4311/3633 2622/4316/2764 2621/4312/2765
f 2637/4313/2783 2636/4317/2780 3431/4314/3634
f 3431/4314/3634 2636/4317/2780 3436/4318/3636
f 3431/4314/3634 3436/4318/3636 3437/4315/3635
f 3437/4315/3635 3436/4318/3636 2623/4319/2763
f 3437/4315/3635 2623/4319/2763 2622/4316/2764
f 2636/4317/2780 2625/4320/2761 3436/4318/3636
f 3436/4318/3636 2625/4320/2761 2624/4321/2762
f 3436/4318/3636 2624/4321/2762 2623/4319/2763
f 2618/4301/2768 3370/4322/3637 3441/4299/3626
f 3441/4299/3626 3370/4322/3637 3376/4323/3638
f 3441/4299/3626 3376/4323/3638 3435/4297/3624
f 3435/4297/3624 3376/4323/3638 3429/4324/3639
f 3435/4297/3624 3429/4324/3639 3428/4295/3622
f 3428/4295/3622 3429/4324/3639 3423/4325/3640
f 3428/4295/3622 3423/4325/3640 3422/4293/3620
f 3422/4293/3620 3423/4325/3640 3410/4326/3641
f 3422/4293/3620 3410/4326/3641 3409/4291/3618
f 3409/4291/3618 3410/4326/3641 3418/4327/3642
f 3409/4291/3618 3418/4327/3642 3419/4289/3616
f 3419/4289/3616 3418/4327/3642 3403/4287/3615
f 3370/4322/3637 3371/4328/3643 3376/4323/3638
f 3376/4323/3638 3371/4328/3643 3430/4329/3644
f 3376/4323/3638 3430/4329/3644 3429/4324/3639
f 3429/4324/3639 3430/4329/3644 3424/4330/3645
f 3429/4324/3639 3424/4330/3645 3423/4325/3640
f 3423/4325/3640 3424/4330/3645 3411/4331/3646
f 3423/4325/3640 3411/4331/3646 3410/4326/3641
f 3410/4326/3641 3411/4331/3646 3417/4332/3647
f 3410/4326/3641 3417/4332/3647 3418/4327/3642
f 3418/4327/3642 3417/4332/3647 3404/4333/3648
f 3418/4327/3642 3404/4333/3648 3403/4287/3615
f 3403/4287/3615 3404/4333/3648 3397/4285/3614
f 3430/4329/3644 3371/4328/3643 3377/4334/3649
f 3377/4334/3649 3371/4328/3643 3372/4335/3650
f 3377/4334/3649 3372/4335/3650 3413/4336/3651
f 3413/4336/3651 3372/4335/3650 3414/4337/3652
f 3413/4336/3651 3414/4337/3652 3415/4338/3653
f 3415/4338/3653 3414/4337/3652 3407/4339/3654
f 3415/4338/3653 3407/4339/3654 3406/4340/3655
f 3406/4340/3655 3407/4339/3654 3400/4341/3656
f 3406/4340/3655 3400/4341/3656 3399/4342/3657
f 3399/4342/3657 3400/4341/3656 3394/4343/3658
f 3399/4342/3657 3394/4343/3658 3393/4344/3659
f 3393/4344/3659 3394/4343/3658 3387/4345/3660
f 3393/4344/3659 3387/4345/3660 3386/4281/3612
f 3386/4281/3612 3387/4345/3660 3380/4278/3611
f 3372/4335/3650 3373/4346/3661 3414/4337/3652
f 3414/4337/3652 3373/4346/3661 3378/4347/3662
f 3414/4337/3652 3378/4347/3662 3407/4339/3654
f 3407/4339/3654 3378/4347/3662 3401/4348/3663
f 3407/4339/3654 3401/4348/3663 3400/4341/3656
f 3400/4341/3656 3401/4348/3663 3395/4349/3664
f 3400/4341/3656 3395/4349/3664 3394/4343/3658
f 3394/4343/3658 3395/4349/3664 3388/4350/3665
f 3394/4343/3658 3388/4350/3665 3387/4345/3660
f 3387/4345/3660 3388/4350/3665 3381/4276/3609
f 3387/4345/3660 3381/4276/3609 3380/4278/3611
f 3373/4346/3661 3374/4351/3666 3378/4347/3662
f 3378/4347/3662 3374/4351/3666 3402/4352/3667
f 3378/4347/3662 3402/4352/3667 3401/4348/3663
f 3401/4348/3663 3402/4352/3667 3396/4353/3668
f 3401/4348/3663 3396/4353/3668 3395/4349/3664
f 3395/4349/3664 3396/4353/3668 3389/4354/3669
f 3395/4349/3664 3389/4354/3669 3388/4350/3665
f 3388/4350/3665 3389/4354/3669 3382/4274/3607
f 3388/4350/3665 3382/4274/3607 3381/4276/3609
f 3402/4352/3667 3374/4351/3666 3379/4355/3670
f 3379/4355/3670 3374/4351/3666 3375/4265/3598
f 3379/4355/3670 3375/4265/3598 3391/4356/3671
f 3391/4356/3671 3375/4265/3598 3385/4267/3600
f 3391/4356/3671 3385/4267/3600 3384/4270/3603
f 3382/4274/3607 3389/4354/3669 3383/4272/3605
f 3383/4272/3605 3389/4354/3669 3390/4357/3672
f 3383/4272/3605 3390/4357/3672 3384/4270/3603
f 3384/4270/3603 3390/4357/3672 3391/4356/3671
f 3379/4355/3670 3391/4356/3671 3390/4357/3672
f 3379/4355/3670 3390/4357/3672 3396/4353/3668
f 3396/4353/3668 3390/4357/3672 3389/4354/3669
f 3386/4281/3612 3392/4283/3613 3393/4344/3659
f 3393/4344/3659 3392/4283/3613 3398/4358/3673
f 3393/4344/3659 3398/4358/3673 3399/4342/3657
f 3399/4342/3657 3398/4358/3673 3405/4359/3674
f 3399/4342/3657 3405/4359/3674 3406/4340/3655
f 3406/4340/3655 3405/4359/3674 3416/4360/3675
f 3406/4340/3655 3416/4360/3675 3415/4338/3653
f 3415/4338/3653 3416/4360/3675 3412/4361/3676
f 3415/4338/3653 3412/4361/3676 3413/4336/3651
f 3413/4336/3651 3412/4361/3676 3377/4334/3649
f 3402/4352/3667 3379/4355/3670 3396/4353/3668
f 3392/4283/3613 3397/4285/3614 3398/4358/3673
f 3398/4358/3673 3397/4285/3614 3404/4333/3648
f 3398/4358/3673 3404/4333/3648 3405/4359/3674
f 3405/4359/3674 3404/4333/3648 3417/4332/3647
f 3405/4359/3674 3417/4332/3647 3416/4360/3675
f 3416/4360/3675 3417/4332/3647 3411/4331/3646
f 3416/4360/3675 3411/4331/3646 3412/4361/3676
f 3412/4361/3676 3411/4331/3646 3424/4330/3645
f 3412/4361/3676 3424/4330/3645 3377/4334/3649
f 3377/4334/3649 3424/4330/3645 3430/4329/3644
f 3363/4362/3599 3442/4363/3677 3449/4364/3678
f 3449/4364/3678 3442/4363/3677 3443/4365/3679
f 3449/4364/3678 3443/4365/3679 3450/4366/3680
f 3450/4366/3680 3443/4365/3679 3444/4367/3681
f 3450/4366/3680 3444/4367/3681 3451/4368/3682
f 3451/4368/3682 3444/4367/3681 3445/4369/3683
f 3451/4368/3682 3445/4369/3683 3452/4370/3684
f 3452/4370/3684 3445/4369/3683 3446/4371/3685
f 3452/4370/3684 3446/4371/3685 3453/4372/3686
f 3453/4372/3686 3446/4371/3685 3447/4373/3687
f 3453/4372/3686 3447/4373/3687 3454/4374/3688
f 3454/4374/3688 3447/4373/3687 3448/4375/3689
f 3454/4374/3688 3448/4375/3689 2646/4376/2802
f 2646/4376/2802 2645/4377/2800 3454/4374/3688
f 3454/4374/3688 2645/4377/2800 3369/4378/3610
f 3454/4374/3688 3369/4378/3610 3453/4372/3686
f 3453/4372/3686 3369/4378/3610 3368/4379/3608
f 3453/4372/3686 3368/4379/3608 3452/4370/3684
f 3452/4370/3684 3368/4379/3608 3367/4380/3606
f 3452/4370/3684 3367/4380/3606 3451/4368/3682
f 3451/4368/3682 3367/4380/3606 3366/4381/3604
f 3451/4368/3682 3366/4381/3604 3450/4366/3680
f 3450/4366/3680 3366/4381/3604 3365/4382/3602
f 3450/4366/3680 3365/4382/3602 3449/4364/3678
f 3449/4364/3678 3365/4382/3602 3364/4383/3601
f 3449/4364/3678 3364/4383/3601 3363/4362/3599
f 3467/4384/3690 3455/4385/3691 3477/4386/3692
f 3477/4386/3692 3455/4385/3691 3456/4387/3693
f 3477/4386/3692 3456/4387/3693 3457/4388/3694
f 3477/4386/3692 3457/4388/3694 3476/4389/3695
f 3476/4389/3695 3457/4388/3694 3458/4390/3696
f 3476/4389/3695 3458/4390/3696 3475/4391/3697
f 3475/4391/3697 3458/4390/3696 3459/4392/3698
f 3475/4391/3697 3459/4392/3698 3474/4393/3699
f 3474/4393/3699 3459/4392/3698 3460/4394/3700
f 3474/4393/3699 3460/4394/3700 3473/4395/3701
f 3473/4395/3701 3460/4394/3700 3461/4396/3702
f 3473/4395/3701 3461/4396/3702 3472/4397/3703
f 3472/4397/3703 3461/4396/3702 2656/4398/2823
f 3472/4397/3703 2656/4398/2823 2655/4399/2820
f 3472/4397/3703 2655/4399/2820 3478/4400/3704
f 3478/4400/3704 2655/4399/2820 2654/4401/2817
f 3478/4400/3704 2654/4401/2817 3484/4402/3705
f 3484/4402/3705 2654/4401/2817 2653/4403/2815
f 3484/4402/3705 2653/4403/2815 3489/4404/3706
f 3489/4404/3706 2653/4403/2815 2652/4405/2813
f 3489/4404/3706 2652/4405/2813 3495/4406/3707
f 3495/4406/3707 2652/4405/2813 2651/4407/2811
f 3495/4406/3707 2651/4407/2811 3511/4408/3708
f 3511/4408/3708 2651/4407/2811 3500/4409/3709
f 3511/4408/3708 3500/4409/3709 3501/4410/3710
f 3501/4410/3710 3500/4409/3709 3513/4411/3711
f 3501/4410/3710 3513/4411/3711 3514/4412/3712
f 3514/4412/3712 3513/4411/3711 3519/4413/3713
f 3514/4412/3712 3519/4413/3713 3520/4414/3714
f 3520/4414/3714 3519/4413/3713 3526/4415/3715
f 3520/4414/3714 3526/4415/3715 3527/4416/3716
f 3527/4416/3716 3526/4415/3715 3532/4417/3717
f 3527/4416/3716 3532/4417/3717 3533/4418/3718
f 3533/4418/3718 3532/4417/3717 3443/4419/3679
f 3533/4418/3718 3443/4419/3679 3442/4420/3677
f 2651/4407/2811 2650/4421/2809 3500/4409/3709
f 3500/4409/3709 2650/4421/2809 3512/4422/3719
f 3500/4409/3709 3512/4422/3719 3513/4411/3711
f 3513/4411/3711 3512/4422/3719 3518/4423/3720
f 3513/4411/3711 3518/4423/3720 3519/4413/3713
f 3519/4413/3713 3518/4423/3720 3525/4424/3721
f 3519/4413/3713 3525/4424/3721 3526/4415/3715
f 3526/4415/3715 3525/4424/3721 3531/4425/3722
f 3526/4415/3715 3531/4425/3722 3532/4417/3717
f 3532/4417/3717 3531/4425/3722 3444/4426/3681
f 3532/4417/3717 3444/4426/3681 3443/4419/3679
f 2650/4421/2809 2649/4427/2807 3512/4422/3719
f 3512/4422/3719 2649/4427/2807 3517/4428/3723
f 3512/4422/3719 3517/4428/3723 3518/4423/3720
f 3518/4423/3720 3517/4428/3723 3524/4429/3724
f 3518/4423/3720 3524/4429/3724 3525/4424/3721
f 3525/4424/3721 3524/4429/3724 3530/4430/3725
f 3525/4424/3721 3530/4430/3725 3531/4425/3722
f 3531/4425/3722 3530/4430/3725 3445/4431/3683
f 3531/4425/3722 3445/4431/3683 3444/4426/3681
f 2649/4427/2807 2648/4432/2805 3517/4428/3723
f 3517/4428/3723 2648/4432/2805 3523/4433/3726
f 3517/4428/3723 3523/4433/3726 3524/4429/3724
f 3524/4429/3724 3523/4433/3726 3529/4434/3727
f 3524/4429/3724 3529/4434/3727 3530/4430/3725
f 3530/4430/3725 3529/4434/3727 3446/4435/3685
f 3530/4430/3725 3446/4435/3685 3445/4431/3683
f 2648/4432/2805 2647/4436/2803 3523/4433/3726
f 3523/4433/3726 2647/4436/2803 3528/4437/3728
f 3523/4433/3726 3528/4437/3728 3529/4434/3727
f 3529/4434/3727 3528/4437/3728 3447/4438/3687
f 3529/4434/3727 3447/4438/3687 3446/4435/3685
f 2647/4436/2803 2646/4439/2802 3528/4437/3728
f 3528/4437/3728 2646/4439/2802 3448/4440/3689
f 3528/4437/3728 3448/4440/3689 3447/4438/3687
f 3442/4420/3677 3462/4441/3729 3533/4418/3718
f 3533/4418/3718 3462/4441/3729 3468/4442/3730
f 3533/4418/3718 3468/4442/3730 3527/4416/3716
f 3527/4416/3716 3468/4442/3730 3521/4443/3731
f 3527/4416/3716 3521/4443/3731 3520/4414/3714
f 3520/4414/3714 3521/4443/3731 3515/4444/3732
f 3520/4414/3714 3515/4444/3732 3514/4412/3712
f 3514/4412/3712 3515/4444/3732 3502/4445/3733
f 3514/4412/3712 3502/4445/3733 3501/4410/3710
f 3501/4410/3710 3502/4445/3733 3510/4446/3734
f 3501/4410/3710 3510/4446/3734 3511/4408/3708
f 3511/4408/3708 3510/4446/3734 3495/4406/3707
f 3462/4441/3729 3463/4447/3735 3468/4442/3730
f 3468/4442/3730 3463/4447/3735 3522/4448/3736
f 3468/4442/3730 3522/4448/3736 3521/4443/3731
f 3521/4443/3731 3522/4448/3736 3516/4449/3737
f 3521/4443/3731 3516/4449/3737 3515/4444/3732
f 3515/4444/3732 3516/4449/3737 3503/4450/3738
f 3515/4444/3732 3503/4450/3738 3502/4445/3733
f 3502/4445/3733 3503/4450/3738 3509/4451/3739
f 3502/4445/3733 3509/4451/3739 3510/4446/3734
f 3510/4446/3734 3509/4451/3739 3496/4452/3740
f 3510/4446/3734 3496/4452/3740 3495/4406/3707
f 3495/4406/3707 3496/4452/3740 3489/4404/3706
f 3522/4448/3736 3463/4447/3735 3469/4453/3741
f 3469/4453/3741 3463/4447/3735 3464/4454/3742
f 3469/4453/3741 3464/4454/3742 3505/4455/3743
f 3505/4455/3743 3464/4454/3742 3506/4456/3744
f 3505/4455/3743 3506/4456/3744 3507/4457/3745
f 3507/4457/3745 3506/4456/3744 3499/4458/3746
f 3507/4457/3745 3499/4458/3746 3498/4459/3747
f 3498/4459/3747 3499/4458/3746 3492/4460/3748
f 3498/4459/3747 3492/4460/3748 3491/4461/3749
f 3491/4461/3749 3492/4460/3748 3486/4462/3750
f 3491/4461/3749 3486/4462/3750 3485/4463/3751
f 3485/4463/3751 3486/4462/3750 3479/4464/3752
f 3485/4463/3751 3479/4464/3752 3478/4400/3704
f 3478/4400/3704 3479/4464/3752 3472/4397/3703
f 3464/4454/3742 3465/4465/3753 3506/4456/3744
f 3506/4456/3744 3465/4465/3753 3470/4466/3754
f 3506/4456/3744 3470/4466/3754 3499/4458/3746
f 3499/4458/3746 3470/4466/3754 3493/4467/3755
f 3499/4458/3746 3493/4467/3755 3492/4460/3748
f 3492/4460/3748 3493/4467/3755 3487/4468/3756
f 3492/4460/3748 3487/4468/3756 3486/4462/3750
f 3486/4462/3750 3487/4468/3756 3480/4469/3757
f 3486/4462/3750 3480/4469/3757 3479/4464/3752
f 3479/4464/3752 3480/4469/3757 3473/4395/3701
f 3479/4464/3752 3473/4395/3701 3472/4397/3703
f 3465/4465/3753 3466/4470/3758 3470/4466/3754
f 3470/4466/3754 3466/4470/3758 3494/4471/3759
f 3470/4466/3754 3494/4471/3759 3493/4467/3755
f 3493/4467/3755 3494/4471/3759 3488/4472/3760
f 3493/4467/3755 3488/4472/3760 3487/4468/3756
f 3487/4468/3756 3488/4472/3760 3481/4473/3761
f 3487/4468/3756 3481/4473/3761 3480/4469/3757
f 3480/4469/3757 3481/4473/3761 3474/4393/3699
f 3480/4469/3757 3474/4393/3699 3473/4395/3701
f 3494/4471/3759 3466/4470/3758 3471/4474/3762
f 3471/4474/3762 3466/4470/3758 3467/4384/3690
f 3471/4474/3762 3467/4384/3690 3483/4475/3763
f 3483/4475/3763 3467/4384/3690 3477/4386/3692
f 3483/4475/3763 3477/4386/3692 3476/4389/3695
f 3474/4393/3699 3481/4473/3761 3475/4391/3697
f 3475/4391/3697 3481/4473/3761 3482/4476/3764
f 3475/4391/3697 3482/4476/3764 3476/4389/3695
f 3476/4389/3695 3482/4476/3764 3483/4475/3763
f 3471/4474/3762 3483/4475/3763 3482/4476/3764
f 3471/4474/3762 3482/4476/3764 3488/4472/3760
f 3488/4472/3760 3482/4476/3764 3481/4473/3761
f 3478/4400/3704 3484/4402/3705 3485/4463/3751
f 3485/4463/3751 3484/4402/3705 3490/4477/3765
f 3485/4463/3751 3490/4477/3765 3491/4461/3749
f 3491/4461/3749 3490/4477/3765 3497/4478/3766
f 3491/4461/3749 3497/4478/3766 3498/4459/3747
f 3498/4459/3747 3497/4478/3766 3508/4479/3767
f 3498/4459/3747 3508/4479/3767 3507/4457/3745
f 3507/4457/3745 3508/4479/3767 3504/4480/3768
f 3507/4457/3745 3504/4480/3768 3505/4455/3743
f 3505/4455/3743 3504/4480/3768 3469/4453/3741
f 3494/4471/3759 3471/4474/3762 3488/4472/3760
f 3484/4402/3705 3489/4404/3706 3490/4477/3765
f 3490/4477/3765 3489/4404/3706 3496/4452/3740
f 3490/4477/3765 3496/4452/3740 3497/4478/3766
f 3497/4478/3766 3496/4452/3740 3509/4451/3739
f 3497/4478/3766 3509/4451/3739 3508/4479/3767
f 3508/4479/3767 3509/4451/3739 3503/4450/3738
f 3508/4479/3767 3503/4450/3738 3504/4480/3768
f 3504/4480/3768 3503/4450/3738 3516/4449/3737
f 3504/4480/3768 3516/4449/3737 3469/4453/3741
f 3469/4453/3741 3516/4449/3737 3522/4448/3736
f 3535/4481/3769 3541/4482/3770 3534/4483/3771
f 3534/4483/3771 3541/4482/3770 3542/4484/3772
f 3534/4483/3771 3542/4484/3772 3455/4485/3691
f 3455/4485/3691 3542/4484/3772 3543/4486/3773
f 3455/4485/3691 3543/4486/3773 3456/4487/3693
f 3456/4487/3693 3543/4486/3773 3457/4488/3694
f 3457/4488/3694 3543/4486/3773 3546/4489/3774
f 3457/4488/3694 3546/4489/3774 3458/4490/3696
f 3458/4490/3696 3546/4489/3774 3549/4491/3775
f 3458/4490/3696 3549/4491/3775 3459/4492/3698
f 3459/4492/3698 3549/4491/3775 3552/4493/3776
f 3459/4492/3698 3552/4493/3776 3460/4494/3700
f 3460/4494/3700 3552/4493/3776 3555/4495/3777
f 3460/4494/3700 3555/4495/3777 3461/4496/3702
f 3461/4496/3702 3555/4495/3777 3558/4497/3778
f 3461/4496/3702 3558/4497/3778 2656/4498/2823
f 2656/4498/2823 3558/4497/3778 3557/4499/3779
f 2656/4498/2823 3557/4499/3779 2657/4500/2825
f 2657/4500/2825 3557/4499/3779 3556/4501/3780
f 2657/4500/2825 3556/4501/3780 3540/4502/3781
f 3540/4502/3781 3556/4501/3780 3539/4503/3782
f 3539/4503/3782 3556/4501/3780 3553/4504/3783
f 3539/4503/3782 3553/4504/3783 3538/4505/3784
f 3538/4505/3784 3553/4504/3783 3550/4506/3785
f 3538/4505/3784 3550/4506/3785 3537/4507/3786
f 3537/4507/3786 3550/4506/3785 3547/4508/3787
f 3537/4507/3786 3547/4508/3787 3536/4509/3788
f 3536/4509/3788 3547/4508/3787 3544/4510/3789
f 3536/4509/3788 3544/4510/3789 3535/4481/3769
f 3535/4481/3769 3544/4510/3789 3541/4482/3770
f 3546/4489/3774 3543/4486/3773 3542/4484/3772
f 3542/4484/3772 3541/4482/3770 3545/4511/3790
f 3545/4511/3790 3541/4482/3770 3544/4510/3789
f 3545/4511/3790 3544/4510/3789 3548/4512/3791
f 3548/4512/3791 3544/4510/3789 3547/4508/3787
f 3548/4512/3791 3547/4508/3787 3551/4513/3792
f 3551/4513/3792 3547/4508/3787 3550/4506/3785
f 3551/4513/3792 3550/4506/3785 3554/4514/3793
f 3554/4514/3793 3550/4506/3785 3553/4504/3783
f 3554/4514/3793 3553/4504/3783 3557/4499/3779
f 3557/4499/3779 3553/4504/3783 3556/4501/3780
f 3549/4491/3775 3546/4489/3774 3545/4511/3790
f 3545/4511/3790 3546/4489/3774 3542/4484/3772
f 3549/4491/3775 3545/4511/3790 3548/4512/3791
f 3552/4493/3776 3549/4491/3775 3548/4512/3791
f 3552/4493/3776 3548/4512/3791 3551/4513/3792
f 3555/4495/3777 3552/4493/3776 3551/4513/3792
f 3555/4495/3777 3551/4513/3792 3554/4514/3793
f 3558/4497/3778 3555/4495/3777 3554/4514/3793
f 3558/4497/3778 3554/4514/3793 3557/4499/3779
f 3564/4515/3794 3277/4516/3518 3574/4517/3795
f 3574/4517/3795 3277/4516/3518 3276/4518/3517
f 3574/4517/3795 3276/4518/3517 3275/4519/3515
f 3574/4517/3795 3275/4519/3515 3573/4520/3796
f 3573/4520/3796 3275/4519/3515 3274/4521/3513
f 3573/4520/3796 3274/4521/3513 3572/4522/3797
f 3572/4522/3797 3274/4521/3513 3273/4523/3511
f 3572/4522/3797 3273/4523/3511 3571/4524/3798
f 3571/4524/3798 3273/4523/3511 3272/4525/3509
f 3571/4524/3798 3272/4525/3509 3570/4526/3799
f 3570/4526/3799 3272/4525/3509 3271/4527/3507
f 3570/4526/3799 3271/4527/3507 3569/4528/3800
f 3569/4528/3800 3271/4527/3507 2667/4529/2848
f 3569/4528/3800 2667/4529/2848 2666/4530/2846
f 3569/4528/3800 2666/4530/2846 3575/4531/3801
f 3575/4531/3801 2666/4530/2846 2665/4532/2844
f 3575/4531/3801 2665/4532/2844 3581/4533/3802
f 3581/4533/3802 2665/4532/2844 2664/4534/2842
f 3581/4533/3802 2664/4534/2842 3586/4535/3803
f 3586/4535/3803 2664/4534/2842 2663/4536/2840
f 3586/4535/3803 2663/4536/2840 3592/4537/3804
f 3592/4537/3804 2663/4536/2840 2662/4538/2838
f 3592/4537/3804 2662/4538/2838 3608/4539/3805
f 3608/4539/3805 2662/4538/2838 3597/4540/3806
f 3608/4539/3805 3597/4540/3806 3598/4541/3807
f 3598/4541/3807 3597/4540/3806 3610/4542/3808
f 3598/4541/3807 3610/4542/3808 3611/4543/3809
f 3611/4543/3809 3610/4542/3808 3616/4544/3810
f 3611/4543/3809 3616/4544/3810 3617/4545/3811
f 3617/4545/3811 3616/4544/3810 3623/4546/3812
f 3617/4545/3811 3623/4546/3812 3624/4547/3813
f 3624/4547/3813 3623/4546/3812 3629/4548/3814
f 3624/4547/3813 3629/4548/3814 3630/4549/3815
f 3630/4549/3815 3629/4548/3814 3535/4550/3769
f 3630/4549/3815 3535/4550/3769 3534/4551/3771
f 2662/4538/2838 2661/4552/2836 3597/4540/3806
f 3597/4540/3806 2661/4552/2836 3609/4553/3816
f 3597/4540/3806 3609/4553/3816 3610/4542/3808
f 3610/4542/3808 3609/4553/3816 3615/4554/3817
f 3610/4542/3808 3615/4554/3817 3616/4544/3810
f 3616/4544/3810 3615/4554/3817 3622/4555/3818
f 3616/4544/3810 3622/4555/3818 3623/4546/3812
f 3623/4546/3812 3622/4555/3818 3628/4556/3819
f 3623/4546/3812 3628/4556/3819 3629/4548/3814
f 3629/4548/3814 3628/4556/3819 3536/4557/3788
f 3629/4548/3814 3536/4557/3788 3535/4550/3769
f 2661/4552/2836 2660/4558/2834 3609/4553/3816
f 3609/4553/3816 2660/4558/2834 3614/4559/3820
f 3609/4553/3816 3614/4559/3820 3615/4554/3817
f 3615/4554/3817 3614/4559/3820 3621/4560/3821
f 3615/4554/3817 3621/4560/3821 3622/4555/3818
f 3622/4555/3818 3621/4560/3821 3627/4561/3822
f 3622/4555/3818 3627/4561/3822 3628/4556/3819
f 3628/4556/3819 3627/4561/3822 3537/4562/3786
f 3628/4556/3819 3537/4562/3786 3536/4557/3788
f 2660/4558/2834 2659/4563/2831 3614/4559/3820
f 3614/4559/3820 2659/4563/2831 3620/4564/3823
f 3614/4559/3820 3620/4564/3823 3621/4560/3821
f 3621/4560/3821 3620/4564/3823 3626/4565/3824
f 3621/4560/3821 3626/4565/3824 3627/4561/3822
f 3627/4561/3822 3626/4565/3824 3538/4566/3784
f 3627/4561/3822 3538/4566/3784 3537/4562/3786
f 2659/4563/2831 2658/4567/2828 3620/4564/3823
f 3620/4564/3823 2658/4567/2828 3625/4568/3825
f 3620/4564/3823 3625/4568/3825 3626/4565/3824
f 3626/4565/3824 3625/4568/3825 3539/4569/3782
f 3626/4565/3824 3539/4569/3782 3538/4566/3784
f 2658/4567/2828 2657/4570/2825 3625/4568/3825
f 3625/4568/3825 2657/4570/2825 3540/4571/3781
f 3625/4568/3825 3540/4571/3781 3539/4569/3782
f 3534/4551/3771 3559/4572/3826 3630/4549/3815
f 3630/4549/3815 3559/4572/3826 3565/4573/3827
f 3630/4549/3815 3565/4573/3827 3624/4547/3813
f 3624/4547/3813 3565/4573/3827 3618/4574/3828
f 3624/4547/3813 3618/4574/3828 3617/4545/3811
f 3617/4545/3811 3618/4574/3828 3612/4575/3829
f 3617/4545/3811 3612/4575/3829 3611/4543/3809
f 3611/4543/3809 3612/4575/3829 3599/4576/3830
f 3611/4543/3809 3599/4576/3830 3598/4541/3807
f 3598/4541/3807 3599/4576/3830 3607/4577/3831
f 3598/4541/3807 3607/4577/3831 3608/4539/3805
f 3608/4539/3805 3607/4577/3831 3592/4537/3804
f 3559/4572/3826 3560/4578/3832 3565/4573/3827
f 3565/4573/3827 3560/4578/3832 3619/4579/3833
f 3565/4573/3827 3619/4579/3833 3618/4574/3828
f 3618/4574/3828 3619/4579/3833 3613/4580/3834
f 3618/4574/3828 3613/4580/3834 3612/4575/3829
f 3612/4575/3829 3613/4580/3834 3600/4581/3835
f 3612/4575/3829 3600/4581/3835 3599/4576/3830
f 3599/4576/3830 3600/4581/3835 3606/4582/3836
f 3599/4576/3830 3606/4582/3836 3607/4577/3831
f 3607/4577/3831 3606/4582/3836 3593/4583/3837
f 3607/4577/3831 3593/4583/3837 3592/4537/3804
f 3592/4537/3804 3593/4583/3837 3586/4535/3803
f 3619/4579/3833 3560/4578/3832 3566/4584/3838
f 3566/4584/3838 3560/4578/3832 3561/4585/3839
f 3566/4584/3838 3561/4585/3839 3602/4586/3840
f 3602/4586/3840 3561/4585/3839 3603/4587/3841
f 3602/4586/3840 3603/4587/3841 3604/4588/3842
f 3604/4588/3842 3603/4587/3841 3596/4589/3843
f 3604/4588/3842 3596/4589/3843 3595/4590/3844
f 3595/4590/3844 3596/4589/3843 3589/4591/3845
f 3595/4590/3844 3589/4591/3845 3588/4592/3846
f 3588/4592/3846 3589/4591/3845 3583/4593/3847
f 3588/4592/3846 3583/4593/3847 3582/4594/3848
f 3582/4594/3848 3583/4593/3847 3576/4595/3849
f 3582/4594/3848 3576/4595/3849 3575/4531/3801
f 3575/4531/3801 3576/4595/3849 3569/4528/3800
f 3561/4585/3839 3562/4596/3850 3603/4587/3841
f 3603/4587/3841 3562/4596/3850 3567/4597/3851
f 3603/4587/3841 3567/4597/3851 3596/4589/3843
f 3596/4589/3843 3567/4597/3851 3590/4598/3852
f 3596/4589/3843 3590/4598/3852 3589/4591/3845
f 3589/4591/3845 3590/4598/3852 3584/4599/3853
f 3589/4591/3845 3584/4599/3853 3583/4593/3847
f 3583/4593/3847 3584/4599/3853 3577/4600/3854
f 3583/4593/3847 3577/4600/3854 3576/4595/3849
f 3576/4595/3849 3577/4600/3854 3570/4526/3799
f 3576/4595/3849 3570/4526/3799 3569/4528/3800
f 3562/4596/3850 3563/4601/3855 3567/4597/3851
f 3567/4597/3851 3563/4601/3855 3591/4602/3856
f 3567/4597/3851 3591/4602/3856 3590/4598/3852
f 3590/4598/3852 3591/4602/3856 3585/4603/3857
f 3590/4598/3852 3585/4603/3857 3584/4599/3853
f 3584/4599/3853 3585/4603/3857 3578/4604/3858
f 3584/4599/3853 3578/4604/3858 3577/4600/3854
f 3577/4600/3854 3578/4604/3858 3571/4524/3798
f 3577/4600/3854 3571/4524/3798 3570/4526/3799
f 3591/4602/3856 3563/4601/3855 3568/4605/3859
f 3568/4605/3859 3563/4601/3855 3564/4515/3794
f 3568/4605/3859 3564/4515/3794 3580/4606/3860
f 3580/4606/3860 3564/4515/3794 3574/4517/3795
f 3580/4606/3860 3574/4517/3795 3573/4520/3796
f 3571/4524/3798 3578/4604/3858 3572/4522/3797
f 3572/4522/3797 3578/4604/3858 3579/4607/3861
f 3572/4522/3797 3579/4607/3861 3573/4520/3796
f 3573/4520/3796 3579/4607/3861 3580/4606/3860
f 3568/4605/3859 3580/4606/3860 3579/4607/3861
f 3568/4605/3859 3579/4607/3861 3585/4603/3857
f 3585/4603/3857 3579/4607/3861 3578/4604/3858
f 3575/4531/3801 3581/4533/3802 3582/4594/3848
f 3582/4594/3848 3581/4533/3802 3587/4608/3862
f 3582/4594/3848 3587/4608/3862 3588/4592/3846
f 3588/4592/3846 3587/4608/3862 3594/4609/3863
f 3588/4592/3846 3594/4609/3863 3595/4590/3844
f 3595/4590/3844 3594/4609/3863 3605/4610/3864
f 3595/4590/3844 3605/4610/3864 3604/4588/3842
f 3604/4588/3842 3605/4610/3864 3601/4611/3865
f 3604/4588/3842 3601/4611/3865 3602/4586/3840
f 3602/4586/3840 3601/4611/3865 3566/4584/3838
f 3591/4602/3856 3568/4605/3859 3585/4603/3857
f 3581/4533/3802 3586/4535/3803 3587/4608/3862
f 3587/4608/3862 3586/4535/3803 3593/4583/3837
f 3587/4608/3862 3593/4583/3837 3594/4609/3863
f 3594/4609/3863 3593/4583/3837 3606/4582/3836
f 3594/4609/3863 3606/4582/3836 3605/4610/3864
f 3605/4610/3864 3606/4582/3836 3600/4581/3835
f 3605/4610/3864 3600/4581/3835 3601/4611/3865
f 3601/4611/3865 3600/4581/3835 3613/4580/3834
f 3601/4611/3865 3613/4580/3834 3566/4584/3838
f 3566/4584/3838 3613/4580/3834 3619/4579/3833
f 3375/4612/3598 3638/4613/3866 3363/4614/3599
f 3363/4614/3599 3638/4613/3866 3639/4615/3867
f 3363/4614/3599 3639/4615/3867 3640/4616/3868
f 3640/4616/3868 3639/4615/3867 3644/4617/3869
f 3640/4616/3868 3644/4617/3869 3645/4618/3870
f 3645/4618/3870 3644/4617/3869 3649/4619/3871
f 3645/4618/3870 3649/4619/3871 3634/4620/3872
f 3634/4620/3872 3649/4619/3871 3633/4621/3873
f 3633/4621/3873 3649/4619/3871 3653/4622/3874
f 3633/4621/3873 3653/4622/3874 3632/4623/3875
f 3632/4623/3875 3653/4622/3874 3657/4624/3876
f 3632/4623/3875 3657/4624/3876 3631/4625/3877
f 3631/4625/3877 3657/4624/3876 3661/4626/3878
f 3631/4625/3877 3661/4626/3878 2628/4627/2769
f 2628/4627/2769 3661/4626/3878 3660/4628/3879
f 2628/4627/2769 3660/4628/3879 3659/4629/3880
f 3659/4629/3880 3660/4628/3879 3655/4630/3881
f 3659/4629/3880 3655/4630/3881 3654/4631/3882
f 3654/4631/3882 3655/4630/3881 3650/4632/3883
f 3654/4631/3882 3650/4632/3883 3372/4633/3650
f 3372/4633/3650 3650/4632/3883 3373/4634/3661
f 3373/4634/3661 3650/4632/3883 3646/4635/3884
f 3373/4634/3661 3646/4635/3884 3374/4636/3666
f 3374/4636/3666 3646/4635/3884 3642/4637/3885
f 3374/4636/3666 3642/4637/3885 3375/4612/3598
f 3375/4612/3598 3642/4637/3885 3638/4613/3866
f 3372/4633/3650 3371/4638/3643 3654/4631/3882
f 3654/4631/3882 3371/4638/3643 3658/4639/3886
f 3654/4631/3882 3658/4639/3886 3659/4629/3880
f 3659/4629/3880 3658/4639/3886 2618/4640/2768
f 3659/4629/3880 2618/4640/2768 2628/4627/2769
f 3371/4638/3643 3370/4641/3637 3658/4639/3886
f 3658/4639/3886 3370/4641/3637 2618/4640/2768
f 3634/4620/3872 3635/4642/3887 3645/4618/3870
f 3645/4618/3870 3635/4642/3887 3641/4643/3888
f 3645/4618/3870 3641/4643/3888 3640/4616/3868
f 3640/4616/3868 3641/4643/3888 3637/4644/3889
f 3640/4616/3868 3637/4644/3889 3363/4614/3599
f 3635/4642/3887 3636/4645/3890 3641/4643/3888
f 3641/4643/3888 3636/4645/3890 3637/4644/3889
f 3639/4615/3867 3638/4613/3866 3643/4646/3891
f 3643/4646/3891 3638/4613/3866 3642/4637/3885
f 3643/4646/3891 3642/4637/3885 3647/4647/3892
f 3647/4647/3892 3642/4637/3885 3646/4635/3884
f 3647/4647/3892 3646/4635/3884 3651/4648/3893
f 3651/4648/3893 3646/4635/3884 3650/4632/3883
f 3651/4648/3893 3650/4632/3883 3655/4630/3881
f 3639/4615/3867 3643/4646/3891 3644/4617/3869
f 3644/4617/3869 3643/4646/3891 3648/4649/3894
f 3644/4617/3869 3648/4649/3894 3649/4619/3871
f 3649/4619/3871 3648/4649/3894 3653/4622/3874
f 3648/4649/3894 3643/4646/3891 3647/4647/3892
f 3648/4649/3894 3647/4647/3892 3652/4650/3895
f 3652/4650/3895 3647/4647/3892 3651/4648/3893
f 3652/4650/3895 3651/4648/3893 3656/4651/3896
f 3656/4651/3896 3651/4648/3893 3655/4630/3881
f 3656/4651/3896 3655/4630/3881 3660/4628/3879
f 3657/4624/3876 3653/4622/3874 3652/4650/3895
f 3652/4650/3895 3653/4622/3874 3648/4649/3894
f 3657/4624/3876 3652/4650/3895 3656/4651/3896
f 3661/4626/3878 3657/4624/3876 3656/4651/3896
f 3661/4626/3878 3656/4651/3896 3660/4628/3879
f 3296/4652/3526 3669/4653/3897 2626/4654/2771
f 2626/4654/2771 3669/4653/3897 3670/4655/3898
f 2626/4654/2771 3670/4655/3898 3671/4656/3899
f 3671/4656/3899 3670/4655/3898 3675/4657/3900
f 3671/4656/3899 3675/4657/3900 3676/4658/3901
f 3676/4658/3901 3675/4657/3900 3680/4659/3902
f 3676/4658/3901 3680/4659/3902 3666/4660/3903
f 3666/4660/3903 3680/4659/3902 3665/4661/3904
f 3665/4661/3904 3680/4659/3902 3684/4662/3905
f 3665/4661/3904 3684/4662/3905 3664/4663/3906
f 3664/4663/3906 3684/4662/3905 3688/4664/3907
f 3664/4663/3906 3688/4664/3907 3663/4665/3908
f 3663/4665/3908 3688/4664/3907 3692/4666/3909
f 3663/4665/3908 3692/4666/3909 3662/4667/3910
f 3662/4667/3910 3692/4666/3909 3691/4668/3911
f 3662/4667/3910 3691/4668/3911 3690/4669/3912
f 3690/4669/3912 3691/4668/3911 3686/4670/3913
f 3690/4669/3912 3686/4670/3913 3685/4671/3914
f 3685/4671/3914 3686/4670/3913 3681/4672/3915
f 3685/4671/3914 3681/4672/3915 3293/4673/3571
f 3293/4673/3571 3681/4672/3915 3294/4674/3582
f 3294/4674/3582 3681/4672/3915 3677/4675/3916
f 3294/4674/3582 3677/4675/3916 3295/4676/3587
f 3295/4676/3587 3677/4675/3916 3673/4677/3917
f 3295/4676/3587 3673/4677/3917 3296/4652/3526
f 3296/4652/3526 3673/4677/3917 3669/4653/3897
f 3293/4673/3571 3292/4678/3564 3685/4671/3914
f 3685/4671/3914 3292/4678/3564 3689/4679/3918
f 3685/4671/3914 3689/4679/3918 3690/4669/3912
f 3690/4669/3912 3689/4679/3918 3278/4680/3519
f 3690/4669/3912 3278/4680/3519 3662/4667/3910
f 3292/4678/3564 3291/4681/3558 3689/4679/3918
f 3689/4679/3918 3291/4681/3558 3278/4680/3519
f 3666/4660/3903 3667/4682/3919 3676/4658/3901
f 3676/4658/3901 3667/4682/3919 3672/4683/3920
f 3676/4658/3901 3672/4683/3920 3671/4656/3899
f 3671/4656/3899 3672/4683/3920 2627/4684/2770
f 3671/4656/3899 2627/4684/2770 2626/4654/2771
f 3667/4682/3919 3668/4685/3921 3672/4683/3920
f 3672/4683/3920 3668/4685/3921 2627/4684/2770
f 3670/4655/3898 3669/4653/3897 3674/4686/3922
f 3674/4686/3922 3669/4653/3897 3673/4677/3917
f 3674/4686/3922 3673/4677/3917 3678/4687/3923
f 3678/4687/3923 3673/4677/3917 3677/4675/3916
f 3678/4687/3923 3677/4675/3916 3682/4688/3924
f 3682/4688/3924 3677/4675/3916 3681/4672/3915
f 3682/4688/3924 3681/4672/3915 3686/4670/3913
f 3670/4655/3898 3674/4686/3922 3675/4657/3900
f 3675/4657/3900 3674/4686/3922 3679/4689/3925
f 3675/4657/3900 3679/4689/3925 3680/4659/3902
f 3680/4659/3902 3679/4689/3925 3684/4662/3905
f 3679/4689/3925 3674/4686/3922 3678/4687/3923
f 3679/4689/3925 3678/4687/3923 3683/4690/3926
f 3683/4690/3926 3678/4687/3923 3682/4688/3924
f 3683/4690/3926 3682/4688/3924 3687/4691/3927
f 3687/4691/3927 3682/4688/3924 3686/4670/3913
f 3687/4691/3927 3686/4670/3913 3691/4668/3911
f 3688/4664/3907 3684/4662/3905 3683/4690/3926
f 3683/4690/3926 3684/4662/3905 3679/4689/3925
f 3688/4664/3907 3683/4690/3926 3687/4691/3927
f 3692/4666/3909 3688/4664/3907 3687/4691/3927
f 3692/4666/3909 3687/4691/3927 3691/4668/3911
f 3697/4692/3928 3693/4693/3929 3278/4694/3519
f 3278/4694/3519 3693/4693/3929 3694/4695/3930
f 3278/4694/3519 3694/4695/3930 3662/4696/3910
f 3662/4696/3910 3694/4695/3930 3698/4697/3931
f 3698/4697/3931 3694/4695/3930 3695/4698/3932
f 3698/4697/3931 3695/4698/3932 3277/4699/3518
f 3277/4699/3518 3695/4698/3932 3696/4700/3933
f 3277/4699/3518 3696/4700/3933 3697/4692/3928
f 3277/4699/3518 3697/4692/3928 3278/4694/3519
f 3696/4701/3934 3699/4702/3935 3697/4703/3936
f 3697/4703/3936 3699/4702/3935 3700/4704/3937
f 3699/4705/3938 3696/4706/3939 3701/4707/3940
f 3701/4707/3940 3696/4706/3939 3695/4708/3941
f 3702/4709/3942 3693/4710/3943 3700/4711/3944
f 3700/4711/3944 3693/4710/3943 3697/4712/3945
f 3693/4713/3946 3702/4714/3947 3694/4715/3948
f 3694/4715/3948 3702/4714/3947 3703/4716/3949
f 3706/4717/3950 3704/4718/3951 3705/4719/3952
f 3705/4719/3952 3704/4718/3951 18/4720/3953
f 3705/4719/3952 18/4720/3953 17/4721/3954
f 26/4722/3955 7/4723/3956 3704/4724/3957
f 3704/4724/3957 7/4723/3956 6/4725/3958
f 3704/4724/3957 6/4725/3958 5/4726/3959
f 3704/4724/3957 5/4726/3959 18/4727/3960
f 18/4727/3960 5/4726/3959 4/4728/3961
f 18/4727/3960 4/4728/3961 1/4729/3962
f 1/4729/3962 4/4728/3961 3/4730/3963
f 1/4729/3962 3/4730/3963 2/4731/3964
f 3704/4724/3957 3707/4732/3965 26/4722/3955
f 3706/4733/3966 3708/4734/3967 3704/4735/3968
f 3704/4735/3968 3708/4734/3967 3707/4736/3969
f 3707/4736/3969 3708/4734/3967 3709/4737/3970
f 3707/4736/3969 3709/4737/3970 3710/4738/3971
f 3710/4739/3972 3711/4740/3973 3707/4741/3974
f 3707/4741/3974 3711/4740/3973 3712/4742/3975
f 32/4743/19 3712/4744/3976 19/4745/20
f 19/4745/20 3712/4744/3976 3711/4746/3977
f 3713/4747/3978 50/4748/3979 3714/4749/3980
f 3714/4749/3980 50/4748/3979 49/4750/3981
f 3715/4751/3982 3716/4752/3983 3718/4753/3984
f 3718/4753/3984 3716/4752/3983 3717/4754/3985
f 64/4755/53 3717/4756/3986 51/4757/54
f 51/4757/54 3717/4756/3986 3716/4758/3987
f 3719/4759/3988 80/4760/3989 3720/4761/3990
f 3720/4761/3990 80/4760/3989 79/4762/3991
f 3721/4763/3992 110/4764/3993 3722/4765/3994
f 3722/4765/3994 110/4764/3993 109/4766/3995
f 3723/4767/3996 3724/4768/3997 3726/4769/3998
f 3726/4769/3998 3724/4768/3997 3725/4770/3999
f 94/4771/83 3725/4772/4000 81/4773/84
f 81/4773/84 3725/4772/4000 3724/4774/4001
f 3727/4775/4002 3728/4776/4003 3730/4777/4004
f 3730/4777/4004 3728/4776/4003 3729/4778/4005
f 124/4779/113 3729/4780/4006 111/4781/114
f 111/4781/114 3729/4780/4006 3728/4782/4007
f 3731/4783/4008 140/4784/4009 3732/4785/4010
f 3732/4785/4010 140/4784/4009 139/4786/4011
f 3733/4787/4012 3734/4788/4013 3736/4789/4014
f 3736/4789/4014 3734/4788/4013 3735/4790/4015
f 154/4791/143 3735/4792/4016 141/4793/144
f 141/4793/144 3735/4792/4016 3734/4794/4017
f 3737/4795/4018 170/4796/4019 3738/4797/4020
f 3738/4797/4020 170/4796/4019 169/4798/4021
f 3739/4799/4022 3740/4800/4023 3742/4801/4024
f 3742/4801/4024 3740/4800/4023 3741/4802/4025
f 184/4803/173 3741/4804/4026 171/4805/174
f 171/4805/174 3741/4804/4026 3740/4806/4027
f 3743/4807/4028 200/4808/4029 3744/4809/4030
f 3744/4809/4030 200/4808/4029 199/4810/4031
f 3749/4811/4032 3745/4812/4033 3748/4813/4034
f 3748/4813/4034 3745/4812/4033 3746/4814/4035
f 3748/4813/4034 3746/4814/4035 3747/4815/4036
f 207/4816/217 3745/4817/4037 208/4818/218
f 208/4818/218 3745/4817/4037 3749/4819/4038
f 3744/4820/4039 3750/4821/4040 3743/4822/4041
f 3743/4822/4041 3750/4821/4040 3751/4823/4042
f 3743/4822/4041 3751/4823/4042 3746/4824/4043
f 3746/4824/4043 3751/4823/4042 3747/4825/4044
f 3714/4826/4045 3715/4827/4046 3713/4828/4047
f 3713/4828/4047 3715/4827/4046 3718/4829/4048
f 3720/4830/4049 3723/4831/4050 3719/4832/4051
f 3719/4832/4051 3723/4831/4050 3726/4833/4052
f 3722/4834/4053 3727/4835/4054 3721/4836/4055
f 3721/4836/4055 3727/4835/4054 3730/4837/4056
f 3732/4838/4057 3733/4839/4058 3731/4840/4059
f 3731/4840/4059 3733/4839/4058 3736/4841/4060
f 3738/4842/4061 3739/4843/4062 3737/4844/4063
f 3737/4844/4063 3739/4843/4062 3742/4845/4064
f 206/4846/4065 205/4847/4066 207/4848/4067
f 207/4848/4067 205/4847/4066 204/4849/4068
f 207/4848/4067 204/4849/4068 3745/4850/4069
f 3745/4850/4069 204/4849/4068 203/4851/4070
f 3745/4850/4069 203/4851/4070 3746/4852/4071
f 3746/4852/4071 203/4851/4070 202/4853/4072
f 3746/4852/4071 202/4853/4072 201/4854/4073
f 198/4855/4074 3743/4856/4075 201/4854/4073
f 201/4854/4073 3743/4856/4075 3746/4852/4071
f 3744/4857/4076 3056/4858/3291 3750/4859/4077
f 3750/4859/4077 3056/4858/3291 3074/4860/3293
f 3750/4859/4077 3074/4860/3293 3751/4861/4078
f 3751/4861/4078 3074/4860/3293 3073/4862/3295
f 3751/4861/4078 3073/4862/3295 3747/4863/4079
f 3747/4863/4079 3073/4862/3295 3748/4864/4080
f 3748/4864/4080 3073/4862/3295 3072/4865/3297
f 3748/4864/4080 3072/4865/3297 3749/4866/4081
f 3749/4866/4081 3072/4865/3297 3071/4867/3299
f 3749/4866/4081 3071/4867/3299 3763/4868/4082
f 3763/4868/4082 3071/4867/3299 3765/4869/4083
f 3763/4868/4082 3765/4869/4083 3766/4870/4084
f 3766/4870/4084 3765/4869/4083 3768/4871/4085
f 3766/4870/4084 3768/4871/4085 3760/4872/4086
f 3760/4872/4086 3768/4871/4085 3759/4873/4087
f 3759/4873/4087 3768/4871/4085 3770/4874/4088
f 3759/4873/4087 3770/4874/4088 3758/4875/4089
f 3758/4875/4089 3770/4874/4088 3772/4876/4090
f 3758/4875/4089 3772/4876/4090 3757/4877/4091
f 3757/4877/4091 3772/4876/4090 3774/4878/4092
f 3757/4877/4091 3774/4878/4092 3756/4879/4093
f 3756/4879/4093 3774/4878/4092 3776/4880/4094
f 3756/4879/4093 3776/4880/4094 3755/4881/4095
f 3755/4881/4095 3776/4880/4094 3778/4882/4096
f 3755/4881/4095 3778/4882/4096 3754/4883/4097
f 3754/4883/4097 3778/4882/4096 3780/4884/4098
f 3754/4883/4097 3780/4884/4098 3753/4885/4099
f 3753/4885/4099 3780/4884/4098 3752/4886/4100
f 3752/4886/4100 3780/4884/4098 3043/4887/3278
f 3043/4887/3278 3780/4884/4098 3779/4888/4101
f 3043/4887/3278 3779/4888/4101 3063/4889/3315
f 3063/4889/3315 3779/4888/4101 3777/4890/4102
f 3063/4889/3315 3777/4890/4102 3064/4891/3313
f 3064/4891/3313 3777/4890/4102 3065/4892/3311
f 3065/4892/3311 3777/4890/4102 3775/4893/4103
f 3065/4892/3311 3775/4893/4103 3066/4894/3309
f 3066/4894/3309 3775/4893/4103 3773/4895/4104
f 3066/4894/3309 3773/4895/4104 3067/4896/3307
f 3067/4896/3307 3773/4895/4104 3771/4897/4105
f 3067/4896/3307 3771/4897/4105 3068/4898/3305
f 3068/4898/3305 3771/4897/4105 3769/4899/4106
f 3068/4898/3305 3769/4899/4106 3069/4900/3303
f 3069/4900/3303 3769/4899/4106 3767/4901/4107
f 3069/4900/3303 3767/4901/4107 3070/4902/3301
f 3070/4902/3301 3767/4901/4107 3765/4869/4083
f 3070/4902/3301 3765/4869/4083 3071/4867/3299
f 3760/4872/4086 3761/4903/4108 3766/4870/4084
f 3766/4870/4084 3761/4903/4108 3764/4904/4109
f 3766/4870/4084 3764/4904/4109 3763/4868/4082
f 3763/4868/4082 3764/4904/4109 3749/4866/4081
f 3764/4904/4109 3761/4903/4108 208/4905/4110
f 208/4905/4110 3761/4903/4108 3762/4906/4111
f 208/4905/4110 3762/4906/4111 209/4907/4112
f 209/4907/4112 3762/4906/4111 210/4908/4113
f 210/4908/4113 3762/4906/4111 211/4909/4114
f 211/4909/4114 3762/4906/4111 212/4910/4115
f 212/4910/4115 3762/4906/4111 213/4911/4116
f 213/4911/4116 3762/4906/4111 214/4912/4117
f 214/4912/4117 3762/4906/4111 215/4913/4118
f 215/4913/4118 3762/4906/4111 216/4914/4119
f 208/4905/4110 3749/4866/4081 3764/4904/4109
f 3768/4871/4085 3765/4869/4083 3767/4901/4107
f 3770/4874/4088 3768/4871/4085 3767/4901/4107
f 3770/4874/4088 3767/4901/4107 3769/4899/4106
f 3772/4876/4090 3770/4874/4088 3769/4899/4106
f 3772/4876/4090 3769/4899/4106 3771/4897/4105
f 3774/4878/4092 3772/4876/4090 3771/4897/4105
f 3774/4878/4092 3771/4897/4105 3773/4895/4104
f 3776/4880/4094 3774/4878/4092 3773/4895/4104
f 3776/4880/4094 3773/4895/4104 3775/4893/4103
f 3778/4882/4096 3776/4880/4094 3775/4893/4103
f 3778/4882/4096 3775/4893/4103 3777/4890/4102
f 3780/4884/4098 3778/4882/4096 3779/4888/4101
f 3779/4888/4101 3778/4882/4096 3777/4890/4102
f 3056/4915/3291 3722/4916/4120 3147/4917/3384
f 3147/4917/3384 3722/4916/4120 3723/4918/4121
f 3147/4917/3384 3723/4918/4121 3720/4919/4122
f 3744/4920/4076 199/4921/4123 3056/4915/3291
f 3056/4915/3291 199/4921/4123 3740/4922/4124
f 3056/4915/3291 3740/4922/4124 3739/4923/4125
f 3740/4922/4124 199/4921/4123 171/4924/4126
f 171/4924/4126 199/4921/4123 191/4925/4127
f 171/4924/4126 191/4925/4127 172/4926/4128
f 172/4926/4128 191/4925/4127 190/4927/4129
f 172/4926/4128 190/4927/4129 173/4928/4130
f 173/4928/4130 190/4927/4129 189/4929/4131
f 173/4928/4130 189/4929/4131 174/4930/4132
f 174/4930/4132 189/4929/4131 188/4931/4133
f 174/4930/4132 188/4931/4133 187/4932/4134
f 174/4930/4132 187/4932/4134 175/4933/4135
f 175/4933/4135 187/4932/4134 186/4934/4136
f 175/4933/4135 186/4934/4136 176/4935/4137
f 176/4935/4137 186/4934/4136 185/4936/4138
f 176/4935/4137 185/4936/4138 177/4937/4139
f 3739/4923/4125 3738/4938/4140 3056/4915/3291
f 3056/4915/3291 3738/4938/4140 3733/4939/4141
f 3056/4915/3291 3733/4939/4141 3732/4940/4142
f 3733/4939/4141 3738/4938/4140 3734/4941/4143
f 3734/4941/4143 3738/4938/4140 169/4942/4144
f 3734/4941/4143 169/4942/4144 141/4943/4145
f 141/4943/4145 169/4942/4144 161/4944/4146
f 141/4943/4145 161/4944/4146 142/4945/4147
f 142/4945/4147 161/4944/4146 160/4946/4148
f 142/4945/4147 160/4946/4148 143/4947/4149
f 143/4947/4149 160/4946/4148 159/4948/4150
f 143/4947/4149 159/4948/4150 144/4949/4151
f 144/4949/4151 159/4948/4150 158/4950/4152
f 144/4949/4151 158/4950/4152 145/4951/4153
f 145/4951/4153 158/4950/4152 157/4952/4154
f 145/4951/4153 157/4952/4154 146/4953/4155
f 146/4953/4155 157/4952/4154 156/4954/4156
f 146/4953/4155 156/4954/4156 147/4955/4157
f 147/4955/4157 156/4954/4156 155/4956/4158
f 139/4957/4159 3728/4958/4160 3732/4940/4142
f 3732/4940/4142 3728/4958/4160 3727/4959/4161
f 3732/4940/4142 3727/4959/4161 3056/4915/3291
f 3056/4915/3291 3727/4959/4161 3722/4916/4120
f 3728/4958/4160 139/4957/4159 111/4960/4162
f 111/4960/4162 139/4957/4159 131/4961/4163
f 111/4960/4162 131/4961/4163 112/4962/4164
f 112/4962/4164 131/4961/4163 130/4963/4165
f 112/4962/4164 130/4963/4165 113/4964/4166
f 113/4964/4166 130/4963/4165 129/4965/4167
f 113/4964/4166 129/4965/4167 114/4966/4168
f 114/4966/4168 129/4965/4167 128/4967/4169
f 114/4966/4168 128/4967/4169 115/4968/4170
f 115/4968/4170 128/4967/4169 127/4969/4171
f 115/4968/4170 127/4969/4171 116/4970/4172
f 116/4970/4172 127/4969/4171 126/4971/4173
f 116/4970/4172 126/4971/4173 117/4972/4174
f 117/4972/4174 126/4971/4173 125/4973/4175
f 3723/4918/4121 3722/4916/4120 3724/4974/4176
f 3724/4974/4176 3722/4916/4120 109/4975/4177
f 3724/4974/4176 109/4975/4177 81/4976/4178
f 81/4976/4178 109/4975/4177 101/4977/4179
f 81/4976/4178 101/4977/4179 82/4978/4180
f 82/4978/4180 101/4977/4179 100/4979/4181
f 82/4978/4180 100/4979/4181 83/4980/4182
f 83/4980/4182 100/4979/4181 99/4981/4183
f 83/4980/4182 99/4981/4183 84/4982/4184
f 84/4982/4184 99/4981/4183 98/4983/4185
f 84/4982/4184 98/4983/4185 85/4984/4186
f 85/4984/4186 98/4983/4185 97/4985/4187
f 85/4984/4186 97/4985/4187 86/4986/4188
f 86/4986/4188 97/4985/4187 96/4987/4189
f 86/4986/4188 96/4987/4189 87/4988/4190
f 87/4988/4190 96/4987/4189 95/4989/4191
f 79/4990/4192 3716/4991/4193 3720/4919/4122
f 3720/4919/4122 3716/4991/4193 3715/4992/4194
f 3720/4919/4122 3715/4992/4194 3147/4917/3384
f 3147/4917/3384 3715/4992/4194 3714/4993/4195
f 3147/4917/3384 3714/4993/4195 49/4994/4196
f 3716/4991/4193 79/4990/4192 51/4995/4197
f 51/4995/4197 79/4990/4192 71/4996/4198
f 51/4995/4197 71/4996/4198 52/4997/4199
f 52/4997/4199 71/4996/4198 70/4998/4200
f 52/4997/4199 70/4998/4200 53/4999/4201
f 53/4999/4201 70/4998/4200 69/5000/4202
f 53/4999/4201 69/5000/4202 54/5001/4203
f 54/5001/4203 69/5000/4202 68/5002/4204
f 54/5001/4203 68/5002/4204 55/5003/4205
f 55/5003/4205 68/5002/4204 67/5004/4206
f 55/5003/4205 67/5004/4206 56/5005/4207
f 56/5005/4207 67/5004/4206 66/5006/4208
f 56/5005/4207 66/5006/4208 57/5007/4209
f 57/5007/4209 66/5006/4208 65/5008/4210
f 41/5009/4211 19/5010/4212 49/4994/4196
f 49/4994/4196 19/5010/4212 3711/5011/4213
f 49/4994/4196 3711/5011/4213 3147/4917/3384
f 3147/4917/3384 3711/5011/4213 3710/5012/4214
f 41/5009/4211 40/5013/4215 19/5010/4212
f 19/5010/4212 40/5013/4215 20/5014/4216
f 20/5014/4216 40/5013/4215 39/5015/4217
f 20/5014/4216 39/5015/4217 21/5016/4218
f 21/5016/4218 39/5015/4217 38/5017/4219
f 21/5016/4218 38/5017/4219 22/5018/4220
f 22/5018/4220 38/5017/4219 23/5019/4221
f 23/5019/4221 38/5017/4219 37/5020/4222
f 23/5019/4221 37/5020/4222 24/5021/4223
f 24/5021/4223 37/5020/4222 36/5022/4224
f 24/5021/4223 36/5022/4224 25/5023/4225
f 25/5023/4225 36/5022/4224 35/5024/4226
f 3455/5025/3691 3730/5026/4227 3534/5027/3771
f 3534/5027/3771 3730/5026/4227 3731/5028/4228
f 3534/5027/3771 3731/5028/4228 3736/5029/4229
f 3707/5030/4230 3712/5031/4231 3455/5025/3691
f 3455/5025/3691 3712/5031/4231 50/5032/4232
f 3455/5025/3691 50/5032/4232 3713/5033/4233
f 50/5032/4232 3712/5031/4231 42/5034/4234
f 42/5034/4234 3712/5031/4231 32/5035/4235
f 42/5034/4234 32/5035/4235 43/5036/4236
f 43/5036/4236 32/5035/4235 31/5037/4237
f 43/5036/4236 31/5037/4237 44/5038/4238
f 44/5038/4238 31/5037/4237 30/5039/4239
f 44/5038/4238 30/5039/4239 45/5040/4240
f 45/5040/4240 30/5039/4239 29/5041/4241
f 45/5040/4240 29/5041/4241 3781/5042/4242
f 3781/5042/4242 29/5041/4241 28/5043/4243
f 3781/5042/4242 28/5043/4243 27/5044/4244
f 27/5044/4244 26/5045/4245 3781/5042/4242
f 3782/5046/4246 108/5047/4247 3781/5042/4242
f 3781/5042/4242 108/5047/4247 88/5048/4248
f 3781/5042/4242 88/5048/4248 78/5049/4249
f 198/5050/4250 197/5051/4251 3782/5046/4246
f 3782/5046/4246 197/5051/4251 196/5052/4252
f 3782/5046/4246 196/5052/4252 195/5053/4253
f 3782/5046/4246 195/5053/4253 181/5054/4254
f 181/5054/4254 195/5053/4253 194/5055/4255
f 181/5054/4254 194/5055/4255 182/5056/4256
f 182/5056/4256 194/5055/4255 193/5057/4257
f 182/5056/4256 193/5057/4257 183/5058/4258
f 183/5058/4258 193/5057/4257 192/5059/4259
f 183/5058/4258 192/5059/4259 184/5060/4260
f 184/5060/4260 192/5059/4259 3741/5061/4261
f 3741/5061/4261 192/5059/4259 200/5062/4262
f 3741/5061/4261 200/5062/4262 3534/5027/3771
f 3534/5027/3771 200/5062/4262 3743/5063/4263
f 181/5054/4254 180/5064/4264 3782/5046/4246
f 3782/5046/4246 180/5064/4264 179/5065/4265
f 3782/5046/4246 179/5065/4265 178/5066/4266
f 178/5066/4266 168/5067/4267 3782/5046/4246
f 3782/5046/4246 168/5067/4267 167/5068/4268
f 3782/5046/4246 167/5068/4268 149/5069/4269
f 149/5069/4269 167/5068/4268 150/5070/4270
f 150/5070/4270 167/5068/4268 166/5071/4271
f 150/5070/4270 166/5071/4271 151/5072/4272
f 151/5072/4272 166/5071/4271 165/5073/4273
f 151/5072/4272 165/5073/4273 152/5074/4274
f 152/5074/4274 165/5073/4273 164/5075/4275
f 152/5074/4274 164/5075/4275 153/5076/4276
f 153/5076/4276 164/5075/4275 163/5077/4277
f 153/5076/4276 163/5077/4277 154/5078/4278
f 154/5078/4278 163/5077/4277 162/5079/4279
f 154/5078/4278 162/5079/4279 3735/5080/4280
f 3735/5080/4280 162/5079/4279 170/5081/4281
f 3735/5080/4280 170/5081/4281 3736/5029/4229
f 3736/5029/4229 170/5081/4281 3737/5082/4282
f 3736/5029/4229 3737/5082/4282 3534/5027/3771
f 3534/5027/3771 3737/5082/4282 3742/5083/4283
f 3534/5027/3771 3742/5083/4283 3741/5061/4261
f 149/5069/4269 148/5084/4284 3782/5046/4246
f 3782/5046/4246 148/5084/4284 138/5085/4285
f 3782/5046/4246 138/5085/4285 118/5086/4286
f 118/5086/4286 138/5085/4285 119/5087/4287
f 119/5087/4287 138/5085/4285 137/5088/4288
f 119/5087/4287 137/5088/4288 120/5089/4289
f 120/5089/4289 137/5088/4288 136/5090/4290
f 120/5089/4289 136/5090/4290 121/5091/4291
f 121/5091/4291 136/5090/4290 135/5092/4292
f 121/5091/4291 135/5092/4292 122/5093/4293
f 122/5093/4293 135/5092/4292 134/5094/4294
f 122/5093/4293 134/5094/4294 123/5095/4295
f 123/5095/4295 134/5094/4294 133/5096/4296
f 123/5095/4295 133/5096/4296 124/5097/4297
f 124/5097/4297 133/5096/4296 132/5098/4298
f 124/5097/4297 132/5098/4298 3729/5099/4299
f 3729/5099/4299 132/5098/4298 140/5100/4300
f 3729/5099/4299 140/5100/4300 3730/5026/4227
f 3730/5026/4227 140/5100/4300 3731/5028/4228
f 118/5086/4286 108/5047/4247 3782/5046/4246
f 88/5048/4248 108/5047/4247 89/5101/4301
f 89/5101/4301 108/5047/4247 107/5102/4302
f 89/5101/4301 107/5102/4302 90/5103/4303
f 90/5103/4303 107/5102/4302 106/5104/4304
f 90/5103/4303 106/5104/4304 91/5105/4305
f 91/5105/4305 106/5104/4304 105/5106/4306
f 91/5105/4305 105/5106/4306 92/5107/4307
f 92/5107/4307 105/5106/4306 104/5108/4308
f 92/5107/4307 104/5108/4308 93/5109/4309
f 93/5109/4309 104/5108/4308 103/5110/4310
f 93/5109/4309 103/5110/4310 94/5111/4311
f 94/5111/4311 103/5110/4310 102/5112/4312
f 94/5111/4311 102/5112/4312 3725/5113/4313
f 3725/5113/4313 102/5112/4312 110/5114/4314
f 3725/5113/4313 110/5114/4314 3726/5115/4315
f 3726/5115/4315 110/5114/4314 3721/5116/4316
f 3726/5115/4315 3721/5116/4316 3455/5025/3691
f 3455/5025/3691 3721/5116/4316 3730/5026/4227
f 78/5049/4249 77/5117/4317 3781/5042/4242
f 3781/5042/4242 77/5117/4317 59/5118/4318
f 3781/5042/4242 59/5118/4318 58/5119/4319
f 59/5118/4318 77/5117/4317 60/5120/4320
f 60/5120/4320 77/5117/4317 76/5121/4321
f 60/5120/4320 76/5121/4321 61/5122/4322
f 61/5122/4322 76/5121/4321 75/5123/4323
f 61/5122/4322 75/5123/4323 62/5124/4324
f 62/5124/4324 75/5123/4323 74/5125/4325
f 62/5124/4324 74/5125/4325 63/5126/4326
f 63/5126/4326 74/5125/4325 73/5127/4327
f 63/5126/4326 73/5127/4327 64/5128/4328
f 64/5128/4328 73/5127/4327 72/5129/4329
f 64/5128/4328 72/5129/4329 3717/5130/4330
f 3717/5130/4330 72/5129/4329 80/5131/4331
f 3717/5130/4330 80/5131/4331 3718/5132/4332
f 3718/5132/4332 80/5131/4331 3719/5133/4333
f 3718/5132/4332 3719/5133/4333 3455/5025/3691
f 3455/5025/3691 3719/5133/4333 3726/5115/4315
f 58/5119/4319 48/5134/4334 3781/5042/4242
f 3781/5042/4242 48/5134/4334 47/5135/4335
f 3781/5042/4242 47/5135/4335 46/5136/4336
f 46/5136/4336 45/5040/4240 3781/5042/4242
f 3713/5033/4233 3718/5132/4332 3455/5025/3691
f 1585/5137/4337 1584/5138/4338 3783/5139/4339
f 3783/5139/4339 1584/5138/4338 3784/5140/4340
f 1585/5141/4337 3783/5142/4339 3256/5143/4341
f 3256/5143/4341 3783/5142/4339 3785/5144/4342
f 3256/5143/4341 3785/5144/4342 3786/5145/4343
f 3787/5146/4344 3258/5147/4345 3786/5145/4343
f 3786/5145/4343 3258/5147/4345 3257/5148/4346
f 3786/5145/4343 3257/5148/4346 3256/5143/4341
f 3258/5149/4345 3787/5150/4344 3752/5151/4347
f 3752/5151/4347 3787/5150/4344 3788/5152/4348
f 3752/5153/4347 3788/5154/4348 3753/5155/4349
f 3753/5155/4349 3788/5154/4348 3789/5156/4350
f 3753/5155/4349 3789/5156/4350 3754/5157/4351
f 3754/5157/4351 3789/5156/4350 3755/5158/4352
f 3755/5158/4352 3789/5156/4350 3790/5159/4353
f 3755/5158/4352 3790/5159/4353 3756/5160/4354
f 3756/5160/4354 3790/5159/4353 3757/5161/4355
f 3757/5161/4355 3790/5159/4353 3791/5162/4356
f 3757/5161/4355 3791/5162/4356 3758/5163/4357
f 3758/5163/4357 3791/5162/4356 3759/5164/4358
f 3759/5164/4358 3791/5162/4356 3792/5165/4359
f 3759/5164/4358 3792/5165/4359 3760/5166/4360
f 3760/5166/4360 3792/5165/4359 3793/5167/4361
f 3760/5166/4360 3793/5167/4361 3761/5168/4362
f 3761/5168/4362 3793/5167/4361 3762/5169/4363
f 3762/5169/4363 3793/5167/4361 3794/5170/4364
f 3762/5169/4363 3794/5170/4364 216/5171/4365
f 216/5171/4365 3794/5170/4364 217/5172/4366
f 217/5172/4366 3794/5170/4364 218/5173/4367
f 218/5173/4367 3794/5170/4364 3795/5174/4368
f 218/5173/4367 3795/5174/4368 185/5175/4369
f 185/5176/4369 3795/5177/4368 177/5178/4370
f 177/5178/4370 3795/5177/4368 155/5179/4371
f 155/5179/4371 3795/5177/4368 147/5180/4372
f 147/5180/4372 3795/5177/4368 125/5181/4373
f 125/5181/4373 3795/5177/4368 117/5182/4374
f 117/5182/4374 3795/5177/4368 3796/5183/4375
f 117/5182/4374 3796/5183/4375 95/5184/4376
f 95/5184/4376 3796/5183/4375 87/5185/4377
f 87/5185/4377 3796/5183/4375 65/5186/4378
f 65/5186/4378 3796/5183/4375 57/5187/4379
f 57/5187/4379 3796/5183/4375 35/5188/4380
f 35/5188/4380 3796/5183/4375 25/5189/4381
f 25/5190/4381 3796/5191/4375 33/5192/4382
f 33/5192/4382 3796/5191/4375 3797/5193/4383
f 33/5192/4382 3797/5193/4383 34/5194/4384
f 34/5194/4384 3797/5193/4383 8/5195/4385
f 8/5195/4385 3797/5193/4383 3813/5196/4386
f 3813/5196/4386 3797/5193/4383 3798/5197/4387
f 3813/5196/4386 3798/5197/4387 3812/5198/4388
f 3812/5198/4388 3798/5197/4387 3811/5199/4389
f 3811/5199/4389 3798/5197/4387 3799/5200/4390
f 3811/5199/4389 3799/5200/4390 3810/5201/4391
f 3810/5201/4391 3799/5200/4390 3800/5202/4392
f 3810/5201/4391 3800/5202/4392 3809/5203/4393
f 3809/5203/4393 3800/5202/4392 3808/5204/4394
f 3808/5204/4394 3800/5202/4392 3801/5205/4395
f 3808/5204/4394 3801/5205/4395 3807/5206/4396
f 3807/5206/4396 3801/5205/4395 3806/5207/4397
f 3806/5207/4397 3801/5205/4395 3802/5208/4398
f 3806/5207/4397 3802/5208/4398 3805/5209/4399
f 3805/5209/4399 3802/5208/4398 3804/5210/4400
f 3804/5210/4400 3802/5208/4398 3803/5211/4401
f 3804/5210/4400 3803/5211/4401 3270/5212/4402
f 3270/5213/4402 3803/5214/4401 3263/5215/4403
f 3263/5215/4403 3803/5214/4401 3814/5216/4404
f 3263/5217/4403 3814/5218/4404 3264/5219/4405
f 3264/5219/4405 3814/5218/4404 3815/5220/4406
f 3264/5219/4405 3815/5220/4406 3816/5221/4407
f 3817/5222/4408 1615/5223/4409 3816/5221/4407
f 3816/5221/4407 1615/5223/4409 3265/5224/4410
f 3816/5221/4407 3265/5224/4410 3264/5219/4405
f 3818/5225/4411 1601/5226/4412 3817/5227/4408
f 3817/5227/4408 1601/5226/4412 1615/5228/4409
f 1600/5229/4413 1614/5230/4414 3819/5231/4415
f 3819/5231/4415 1614/5230/4414 3828/5232/4416
f 3828/5232/4416 1614/5230/4414 1613/5233/4417
f 3828/5232/4416 1613/5233/4417 3827/5234/4418
f 3827/5234/4418 1613/5233/4417 1612/5235/4419
f 3827/5234/4418 1612/5235/4419 1611/5236/4420
f 3827/5234/4418 1611/5236/4420 3826/5237/4421
f 3826/5237/4421 1611/5236/4420 1610/5238/4422
f 3826/5237/4421 1610/5238/4422 3825/5239/4423
f 3825/5239/4423 1610/5238/4422 1609/5240/4424
f 3825/5239/4423 1609/5240/4424 3824/5241/4425
f 3824/5241/4425 1609/5240/4424 1608/5242/4426
f 3824/5241/4425 1608/5242/4426 1607/5243/4427
f 3824/5241/4425 1607/5243/4427 3823/5244/4428
f 3823/5244/4428 1607/5243/4427 1606/5245/4429
f 3823/5244/4428 1606/5245/4429 3822/5246/4430
f 3822/5246/4430 1606/5245/4429 1605/5247/4431
f 3822/5246/4430 1605/5247/4431 1604/5248/4432
f 3822/5246/4430 1604/5248/4432 3821/5249/4433
f 3821/5249/4433 1604/5248/4432 1603/5250/4434
f 3821/5249/4433 1603/5250/4434 3820/5251/4435
f 3820/5251/4435 1603/5250/4434 1602/5252/4436
f 3820/5251/4435 1602/5252/4436 3818/5253/4411
f 3818/5253/4411 1602/5252/4436 1601/5254/4412
f 1586/5255/4437 1600/5256/4413 3829/5257/4438
f 3829/5257/4438 1600/5256/4413 3819/5258/4415
f 1584/5259/4338 1599/5260/4439 3784/5261/4340
f 3784/5261/4340 1599/5260/4439 3838/5262/4440
f 3838/5262/4440 1599/5260/4439 1598/5263/4441
f 3838/5262/4440 1598/5263/4441 3837/5264/4442
f 3837/5264/4442 1598/5263/4441 1597/5265/4443
f 3837/5264/4442 1597/5265/4443 1596/5266/4444
f 3837/5264/4442 1596/5266/4444 3836/5267/4445
f 3836/5267/4445 1596/5266/4444 1595/5268/4446
f 3836/5267/4445 1595/5268/4446 3835/5269/4447
f 3835/5269/4447 1595/5268/4446 1594/5270/4448
f 3835/5269/4447 1594/5270/4448 3834/5271/4449
f 3834/5271/4449 1594/5270/4448 1593/5272/4450
f 3834/5271/4449 1593/5272/4450 1592/5273/4451
f 3834/5271/4449 1592/5273/4451 3833/5274/4452
f 3833/5274/4452 1592/5273/4451 1591/5275/4453
f 3833/5274/4452 1591/5275/4453 3832/5276/4454
f 3832/5276/4454 1591/5275/4453 1590/5277/4455
f 3832/5276/4454 1590/5277/4455 1589/5278/4456
f 3832/5276/4454 1589/5278/4456 3831/5279/4457
f 3831/5279/4457 1589/5278/4456 1588/5280/4458
f 3831/5279/4457 1588/5280/4458 3830/5281/4459
f 3830/5281/4459 1588/5280/4458 1587/5282/4460
f 3830/5281/4459 1587/5282/4460 3829/5283/4438
f 3829/5283/4438 1587/5282/4460 1586/5284/4437
f 3840/5285/4461 3784/5286/4462 3839/5287/4463
f 3839/5287/4463 3784/5286/4462 3829/5288/4464
f 3839/5287/4463 3829/5288/4464 3886/5289/4465
f 3886/5289/4465 3829/5288/4464 3819/5290/4466
f 3886/5289/4465 3819/5290/4466 3818/5291/4467
f 3818/5291/4467 3819/5290/4466 3828/5292/4468
f 3818/5291/4467 3828/5292/4468 3827/5293/4469
f 3840/5285/4461 3841/5294/4470 3784/5286/4462
f 3784/5286/4462 3841/5294/4470 3783/5295/4471
f 3783/5295/4471 3841/5294/4470 3842/5296/4472
f 3783/5295/4471 3842/5296/4472 3843/5297/4473
f 3843/5297/4473 3844/5298/4474 3783/5295/4471
f 3783/5295/4471 3844/5298/4474 3845/5299/4475
f 3783/5295/4471 3845/5299/4475 3787/5300/4476
f 3787/5300/4476 3845/5299/4475 3846/5301/4477
f 3787/5300/4476 3846/5301/4477 3847/5302/4478
f 3847/5302/4478 3848/5303/4479 3787/5300/4476
f 3787/5300/4476 3848/5303/4479 3849/5304/4480
f 3787/5300/4476 3849/5304/4480 3788/5305/4481
f 3788/5305/4481 3849/5304/4480 3850/5306/4482
f 3788/5305/4481 3850/5306/4482 3851/5307/4483
f 3851/5307/4483 3852/5308/4484 3788/5305/4481
f 3788/5305/4481 3852/5308/4484 3795/5309/4485
f 3788/5305/4481 3795/5309/4485 3794/5310/4486
f 3852/5308/4484 3853/5311/4487 3795/5309/4485
f 3795/5309/4485 3853/5311/4487 3854/5312/4488
f 3795/5309/4485 3854/5312/4488 3855/5313/4489
f 3855/5313/4489 3856/5314/4490 3795/5309/4485
f 3795/5309/4485 3856/5314/4490 3857/5315/4491
f 3795/5309/4485 3857/5315/4491 3858/5316/4492
f 3858/5316/4492 3859/5317/4493 3795/5309/4485
f 3795/5309/4485 3859/5317/4493 3860/5318/4494
f 3795/5309/4485 3860/5318/4494 3861/5319/4495
f 3861/5319/4495 3862/5320/4496 3795/5309/4485
f 3795/5309/4485 3862/5320/4496 3863/5321/4497
f 3795/5309/4485 3863/5321/4497 3796/5322/4498
f 3796/5322/4498 3863/5321/4497 3864/5323/4499
f 3796/5322/4498 3864/5323/4499 3865/5324/4500
f 3865/5324/4500 3866/5325/4501 3796/5322/4498
f 3796/5322/4498 3866/5325/4501 3867/5326/4502
f 3796/5322/4498 3867/5326/4502 3868/5327/4503
f 3868/5327/4503 3869/5328/4504 3796/5322/4498
f 3796/5322/4498 3869/5328/4504 3870/5329/4505
f 3796/5322/4498 3870/5329/4505 3871/5330/4506
f 3871/5330/4506 3872/5331/4507 3796/5322/4498
f 3796/5322/4498 3872/5331/4507 3873/5332/4508
f 3796/5322/4498 3873/5332/4508 3803/5333/4509
f 3803/5333/4509 3873/5332/4508 3874/5334/4510
f 3803/5333/4509 3874/5334/4510 3875/5335/4511
f 3875/5335/4511 3876/5336/4512 3803/5333/4509
f 3803/5333/4509 3876/5336/4512 3814/5337/4513
f 3814/5337/4513 3876/5336/4512 3877/5338/4514
f 3814/5337/4513 3877/5338/4514 3878/5339/4515
f 3878/5339/4515 3879/5340/4516 3814/5337/4513
f 3814/5337/4513 3879/5340/4516 3880/5341/4517
f 3814/5337/4513 3880/5341/4517 3817/5342/4518
f 3817/5342/4518 3880/5341/4517 3881/5343/4519
f 3817/5342/4518 3881/5343/4519 3882/5344/4520
f 3882/5344/4520 3883/5345/4521 3817/5342/4518
f 3817/5342/4518 3883/5345/4521 3884/5346/4522
f 3817/5342/4518 3884/5346/4522 3818/5291/4467
f 3818/5291/4467 3884/5346/4522 3885/5347/4523
f 3818/5291/4467 3885/5347/4523 3886/5289/4465
f 3838/5348/4524 3837/5349/4525 3784/5286/4462
f 3784/5286/4462 3837/5349/4525 3836/5350/4526
f 3784/5286/4462 3836/5350/4526 3835/5351/4527
f 3835/5351/4527 3834/5352/4528 3784/5286/4462
f 3784/5286/4462 3834/5352/4528 3833/5353/4529
f 3784/5286/4462 3833/5353/4529 3832/5354/4530
f 3832/5354/4530 3831/5355/4531 3784/5286/4462
f 3784/5286/4462 3831/5355/4531 3830/5356/4532
f 3784/5286/4462 3830/5356/4532 3829/5288/4464
f 3827/5293/4469 3826/5357/4533 3818/5291/4467
f 3818/5291/4467 3826/5357/4533 3825/5358/4534
f 3818/5291/4467 3825/5358/4534 3824/5359/4535
f 3824/5359/4535 3823/5360/4536 3818/5291/4467
f 3818/5291/4467 3823/5360/4536 3822/5361/4537
f 3818/5291/4467 3822/5361/4537 3821/5362/4538
f 3821/5362/4538 3820/5363/4539 3818/5291/4467
f 3817/5342/4518 3816/5364/4540 3814/5337/4513
f 3814/5337/4513 3816/5364/4540 3815/5365/4541
f 3802/5366/4542 3801/5367/4543 3803/5333/4509
f 3803/5333/4509 3801/5367/4543 3800/5368/4544
f 3803/5333/4509 3800/5368/4544 3799/5369/4545
f 3799/5369/4545 3798/5370/4546 3803/5333/4509
f 3803/5333/4509 3798/5370/4546 3797/5371/4547
f 3803/5333/4509 3797/5371/4547 3796/5322/4498
f 3794/5310/4486 3793/5372/4548 3788/5305/4481
f 3788/5305/4481 3793/5372/4548 3792/5373/4549
f 3788/5305/4481 3792/5373/4549 3791/5374/4550
f 3791/5374/4550 3790/5375/4551 3788/5305/4481
f 3788/5305/4481 3790/5375/4551 3789/5376/4552
f 3786/5377/4553 3785/5378/4554 3787/5300/4476
f 3787/5300/4476 3785/5378/4554 3783/5295/4471
f 3850/5379/4555 3849/5380/4556 3887/5381/4557
f 3887/5381/4557 3849/5380/4556 3895/5382/4558
f 3895/5382/4558 3849/5380/4556 3848/5383/4559
f 3895/5382/4558 3848/5383/4559 3894/5384/4560
f 3894/5384/4560 3848/5383/4559 3847/5385/4561
f 3894/5384/4560 3847/5385/4561 3893/5386/4562
f 3893/5386/4562 3847/5385/4561 3846/5387/4563
f 3893/5386/4562 3846/5387/4563 3845/5388/4564
f 3893/5386/4562 3845/5388/4564 3892/5389/4565
f 3892/5389/4565 3845/5388/4564 3844/5390/4566
f 3892/5389/4565 3844/5390/4566 3891/5391/4567
f 3891/5391/4567 3844/5390/4566 3843/5392/4568
f 3891/5391/4567 3843/5392/4568 3842/5393/4569
f 3891/5391/4567 3842/5393/4569 3890/5394/4570
f 3890/5394/4570 3842/5393/4569 3841/5395/4571
f 3890/5394/4570 3841/5395/4571 3889/5396/4572
f 3889/5396/4572 3841/5395/4571 3840/5397/4573
f 3889/5396/4572 3840/5397/4573 3888/5398/4574
f 3888/5398/4574 3840/5397/4573 3839/5399/4575
f 3896/5400/4576 3851/5401/4577 3887/5402/4557
f 3887/5402/4557 3851/5401/4577 3850/5403/4555
f 3862/5404/4578 3861/5405/4579 3897/5406/4580
f 3897/5406/4580 3861/5405/4579 3904/5407/4581
f 3904/5407/4581 3861/5405/4579 3860/5408/4582
f 3904/5407/4581 3860/5408/4582 3903/5409/4583
f 3903/5409/4583 3860/5408/4582 3859/5410/4584
f 3903/5409/4583 3859/5410/4584 3902/5411/4585
f 3902/5411/4585 3859/5410/4584 3858/5412/4586
f 3902/5411/4585 3858/5412/4586 3857/5413/4587
f 3902/5411/4585 3857/5413/4587 3901/5414/4588
f 3901/5414/4588 3857/5413/4587 3856/5415/4589
f 3901/5414/4588 3856/5415/4589 3900/5416/4590
f 3900/5416/4590 3856/5415/4589 3855/5417/4591
f 3900/5416/4590 3855/5417/4591 3854/5418/4592
f 3900/5416/4590 3854/5418/4592 3899/5419/4593
f 3899/5419/4593 3854/5418/4592 3853/5420/4594
f 3899/5419/4593 3853/5420/4594 3898/5421/4595
f 3898/5421/4595 3853/5420/4594 3852/5422/4596
f 3898/5421/4595 3852/5422/4596 3896/5423/4576
f 3896/5423/4576 3852/5422/4596 3851/5424/4577
f 3863/5425/4597 3862/5426/4578 3905/5427/4598
f 3905/5427/4598 3862/5426/4578 3897/5428/4580
f 3874/5429/4599 3873/5430/4600 3906/5431/4601
f 3906/5431/4601 3873/5430/4600 3913/5432/4602
f 3913/5432/4602 3873/5430/4600 3872/5433/4603
f 3913/5432/4602 3872/5433/4603 3912/5434/4604
f 3912/5434/4604 3872/5433/4603 3871/5435/4605
f 3912/5434/4604 3871/5435/4605 3911/5436/4606
f 3911/5436/4606 3871/5435/4605 3870/5437/4607
f 3911/5436/4606 3870/5437/4607 3869/5438/4608
f 3911/5436/4606 3869/5438/4608 3910/5439/4609
f 3910/5439/4609 3869/5438/4608 3868/5440/4610
f 3910/5439/4609 3868/5440/4610 3909/5441/4611
f 3909/5441/4611 3868/5440/4610 3867/5442/4612
f 3909/5441/4611 3867/5442/4612 3866/5443/4613
f 3909/5441/4611 3866/5443/4613 3908/5444/4614
f 3908/5444/4614 3866/5443/4613 3865/5445/4615
f 3908/5444/4614 3865/5445/4615 3907/5446/4616
f 3907/5446/4616 3865/5445/4615 3864/5447/4617
f 3907/5446/4616 3864/5447/4617 3905/5448/4598
f 3905/5448/4598 3864/5447/4617 3863/5449/4597
f 3914/5450/4618 3875/5451/4619 3906/5452/4601
f 3906/5452/4601 3875/5451/4619 3874/5453/4599
f 3886/5454/4620 3885/5455/4621 3915/5456/4622
f 3915/5456/4622 3885/5455/4621 3922/5457/4623
f 3922/5457/4623 3885/5455/4621 3884/5458/4624
f 3922/5457/4623 3884/5458/4624 3921/5459/4625
f 3921/5459/4625 3884/5458/4624 3883/5460/4626
f 3921/5459/4625 3883/5460/4626 3920/5461/4627
f 3920/5461/4627 3883/5460/4626 3882/5462/4628
f 3920/5461/4627 3882/5462/4628 3881/5463/4629
f 3920/5461/4627 3881/5463/4629 3919/5464/4630
f 3919/5464/4630 3881/5463/4629 3880/5465/4631
f 3919/5464/4630 3880/5465/4631 3918/5466/4632
f 3918/5466/4632 3880/5465/4631 3879/5467/4633
f 3918/5466/4632 3879/5467/4633 3878/5468/4634
f 3918/5466/4632 3878/5468/4634 3917/5469/4635
f 3917/5469/4635 3878/5468/4634 3877/5470/4636
f 3917/5469/4635 3877/5470/4636 3916/5471/4637
f 3916/5471/4637 3877/5470/4636 3876/5472/4638
f 3916/5471/4637 3876/5472/4638 3914/5473/4618
f 3914/5473/4618 3876/5472/4638 3875/5474/4619
f 3839/5475/4575 3886/5476/4620 3888/5477/4574
f 3888/5477/4574 3886/5476/4620 3915/5478/4622
f 3183/5479/3407 3923/5480/4639 2854/5481/3095
f 2854/5481/3095 3923/5480/4639 3924/5482/4640
f 2854/5481/3095 3924/5482/4640 3804/5483/4641
f 3804/5483/4641 3924/5482/4640 3805/5484/4642
f 3805/5484/4642 3924/5482/4640 3926/5485/4643
f 3805/5484/4642 3926/5485/4643 3806/5486/4644
f 3806/5486/4644 3926/5485/4643 3928/5487/4645
f 3806/5486/4644 3928/5487/4645 3807/5488/4646
f 3807/5488/4646 3928/5487/4645 3930/5489/4647
f 3807/5488/4646 3930/5489/4647 3808/5490/4648
f 3808/5490/4648 3930/5489/4647 3932/5491/4649
f 3808/5490/4648 3932/5491/4649 3809/5492/4650
f 3809/5492/4650 3932/5491/4649 3934/5493/4651
f 3809/5492/4650 3934/5493/4651 3810/5494/4652
f 3810/5494/4652 3934/5493/4651 3936/5495/4653
f 3810/5494/4652 3936/5495/4653 3811/5496/4654
f 3811/5496/4654 3936/5495/4653 3938/5497/4655
f 3811/5496/4654 3938/5497/4655 3812/5498/4656
f 3812/5498/4656 3938/5497/4655 3940/5499/4657
f 3812/5498/4656 3940/5499/4657 16/5500/4658
f 16/5500/4658 3940/5499/4657 17/5501/4659
f 17/5501/4659 3940/5499/4657 3939/5502/4660
f 17/5501/4659 3939/5502/4660 3175/5503/3423
f 3175/5503/3423 3939/5502/4660 3176/5504/3421
f 3176/5504/3421 3939/5502/4660 3937/5505/4661
f 3176/5504/3421 3937/5505/4661 3177/5506/3419
f 3177/5506/3419 3937/5505/4661 3935/5507/4662
f 3177/5506/3419 3935/5507/4662 3178/5508/3417
f 3178/5508/3417 3935/5507/4662 3933/5509/4663
f 3178/5508/3417 3933/5509/4663 3179/5510/3415
f 3179/5510/3415 3933/5509/4663 3931/5511/4664
f 3179/5510/3415 3931/5511/4664 3180/5512/3413
f 3180/5512/3413 3931/5511/4664 3929/5513/4665
f 3180/5512/3413 3929/5513/4665 3181/5514/3411
f 3181/5514/3411 3929/5513/4665 3927/5515/4666
f 3181/5514/3411 3927/5515/4666 3182/5516/3409
f 3182/5516/3409 3927/5515/4666 3925/5517/4667
f 3182/5516/3409 3925/5517/4667 3183/5479/3407
f 3183/5479/3407 3925/5517/4667 3923/5480/4639
f 3175/5503/3423 3174/5518/3425 17/5501/4659
f 17/5501/4659 3174/5518/3425 3705/5519/4668
f 3705/5519/4668 3174/5518/3425 3173/5520/3427
f 3705/5519/4668 3173/5520/3427 3706/5521/4669
f 3706/5521/4669 3173/5520/3427 3708/5522/4670
f 3708/5522/4670 3173/5520/3427 3172/5523/3429
f 3708/5522/4670 3172/5523/3429 3709/5524/4671
f 3709/5524/4671 3172/5523/3429 3147/5525/3384
f 3709/5524/4671 3147/5525/3384 3710/5526/4214
f 16/5500/4658 15/5527/4672 3812/5498/4656
f 3812/5498/4656 15/5527/4672 3813/5528/4673
f 3813/5528/4673 15/5527/4672 14/5529/4674
f 3813/5528/4673 14/5529/4674 13/5530/4675
f 13/5530/4675 12/5531/4676 3813/5528/4673
f 3813/5528/4673 12/5531/4676 11/5532/4677
f 3813/5528/4673 11/5532/4677 10/5533/4678
f 10/5533/4678 9/5534/4679 3813/5528/4673
f 3813/5528/4673 9/5534/4679 8/5535/4680
f 3804/5483/4641 3270/5536/3505 2854/5481/3095
f 3926/5485/4643 3924/5482/4640 3923/5480/4639
f 3926/5485/4643 3923/5480/4639 3925/5517/4667
f 3928/5487/4645 3926/5485/4643 3925/5517/4667
f 3928/5487/4645 3925/5517/4667 3927/5515/4666
f 3930/5489/4647 3928/5487/4645 3927/5515/4666
f 3930/5489/4647 3927/5515/4666 3929/5513/4665
f 3932/5491/4649 3930/5489/4647 3929/5513/4665
f 3932/5491/4649 3929/5513/4665 3931/5511/4664
f 3934/5493/4651 3932/5491/4649 3931/5511/4664
f 3934/5493/4651 3931/5511/4664 3933/5509/4663
f 3936/5495/4653 3934/5493/4651 3933/5509/4663
f 3936/5495/4653 3933/5509/4663 3935/5507/4662
f 3938/5497/4655 3936/5495/4653 3935/5507/4662
f 3938/5497/4655 3935/5507/4662 3937/5505/4661
f 3940/5499/4657 3938/5497/4655 3937/5505/4661
f 3940/5499/4657 3937/5505/4661 3939/5502/4660
f 3564/5537/3794 3947/5538/4681 3277/5539/3518
f 3277/5539/3518 3947/5538/4681 3948/5540/4682
f 3277/5539/3518 3948/5540/4682 3949/5541/4683
f 3949/5541/4683 3948/5540/4682 3953/5542/4684
f 3949/5541/4683 3953/5542/4684 3954/5543/4685
f 3954/5543/4685 3953/5542/4684 3958/5544/4686
f 3954/5543/4685 3958/5544/4686 3944/5545/4687
f 3944/5545/4687 3958/5544/4686 3943/5546/4688
f 3943/5546/4688 3958/5544/4686 3962/5547/4689
f 3943/5546/4688 3962/5547/4689 3942/5548/4690
f 3942/5548/4690 3962/5547/4689 3966/5549/4691
f 3942/5548/4690 3966/5549/4691 3941/5550/4692
f 3941/5550/4692 3966/5549/4691 3970/5551/4693
f 3941/5550/4692 3970/5551/4693 198/5552/4250
f 198/5552/4250 3970/5551/4693 3969/5553/4694
f 198/5552/4250 3969/5553/4694 3743/5554/4263
f 3743/5554/4263 3969/5553/4694 3968/5555/4695
f 3743/5554/4263 3968/5555/4695 3967/5556/4696
f 3967/5556/4696 3968/5555/4695 3963/5557/4697
f 3967/5556/4696 3963/5557/4697 3560/5558/3832
f 3560/5558/3832 3963/5557/4697 3561/5559/3839
f 3561/5559/3839 3963/5557/4697 3959/5560/4698
f 3561/5559/3839 3959/5560/4698 3562/5561/3850
f 3562/5561/3850 3959/5560/4698 3955/5562/4699
f 3562/5561/3850 3955/5562/4699 3563/5563/3855
f 3563/5563/3855 3955/5562/4699 3951/5564/4700
f 3563/5563/3855 3951/5564/4700 3564/5537/3794
f 3564/5537/3794 3951/5564/4700 3947/5538/4681
f 3560/5558/3832 3559/5565/3826 3967/5556/4696
f 3967/5556/4696 3559/5565/3826 3743/5554/4263
f 3559/5565/3826 3534/5566/3771 3743/5554/4263
f 198/5552/4250 3782/5567/4246 3941/5550/4692
f 3944/5545/4687 3945/5568/4701 3954/5543/4685
f 3954/5543/4685 3945/5568/4701 3950/5569/4702
f 3954/5543/4685 3950/5569/4702 3949/5541/4683
f 3949/5541/4683 3950/5569/4702 3698/5570/3931
f 3949/5541/4683 3698/5570/3931 3277/5539/3518
f 3945/5568/4701 3946/5571/4703 3950/5569/4702
f 3950/5569/4702 3946/5571/4703 3698/5570/3931
f 3948/5540/4682 3947/5538/4681 3952/5572/4704
f 3952/5572/4704 3947/5538/4681 3951/5564/4700
f 3952/5572/4704 3951/5564/4700 3956/5573/4705
f 3956/5573/4705 3951/5564/4700 3955/5562/4699
f 3956/5573/4705 3955/5562/4699 3960/5574/4706
f 3960/5574/4706 3955/5562/4699 3959/5560/4698
f 3960/5574/4706 3959/5560/4698 3964/5575/4707
f 3964/5575/4707 3959/5560/4698 3963/5557/4697
f 3964/5575/4707 3963/5557/4697 3968/5555/4695
f 3948/5540/4682 3952/5572/4704 3953/5542/4684
f 3953/5542/4684 3952/5572/4704 3957/5576/4708
f 3953/5542/4684 3957/5576/4708 3958/5544/4686
f 3958/5544/4686 3957/5576/4708 3962/5547/4689
f 3957/5576/4708 3952/5572/4704 3956/5573/4705
f 3957/5576/4708 3956/5573/4705 3961/5577/4709
f 3961/5577/4709 3956/5573/4705 3960/5574/4706
f 3961/5577/4709 3960/5574/4706 3965/5578/4710
f 3965/5578/4710 3960/5574/4706 3964/5575/4707
f 3965/5578/4710 3964/5575/4707 3969/5553/4694
f 3969/5553/4694 3964/5575/4707 3968/5555/4695
f 3966/5549/4691 3962/5547/4689 3961/5577/4709
f 3961/5577/4709 3962/5547/4689 3957/5576/4708
f 3966/5549/4691 3961/5577/4709 3965/5578/4710
f 3970/5551/4693 3966/5549/4691 3965/5578/4710
f 3970/5551/4693 3965/5578/4710 3969/5553/4694
f 3455/5579/3691 3467/5580/3690 3707/5581/4230
f 3707/5581/4230 3467/5580/3690 3978/5582/4711
f 3707/5581/4230 3978/5582/4711 3979/5583/4712
f 3979/5583/4712 3978/5582/4711 3983/5584/4713
f 3979/5583/4712 3983/5584/4713 3984/5585/4714
f 3984/5585/4714 3983/5584/4713 3988/5586/4715
f 3984/5585/4714 3988/5586/4715 3989/5587/4716
f 3989/5587/4716 3988/5586/4715 3993/5588/4717
f 3989/5587/4716 3993/5588/4717 3974/5589/4718
f 3974/5589/4718 3993/5588/4717 3973/5590/4719
f 3973/5590/4719 3993/5588/4717 3997/5591/4720
f 3973/5590/4719 3997/5591/4720 3972/5592/4721
f 3972/5592/4721 3997/5591/4720 4001/5593/4722
f 3972/5592/4721 4001/5593/4722 3971/5594/4723
f 3971/5594/4723 4001/5593/4722 4000/5595/4724
f 3971/5594/4723 4000/5595/4724 3999/5596/4725
f 3999/5596/4725 4000/5595/4724 3995/5597/4726
f 3999/5596/4725 3995/5597/4726 3994/5598/4727
f 3994/5598/4727 3995/5597/4726 3990/5599/4728
f 3994/5598/4727 3990/5599/4728 3464/5600/3742
f 3464/5600/3742 3990/5599/4728 3465/5601/3753
f 3465/5601/3753 3990/5599/4728 3986/5602/4729
f 3465/5601/3753 3986/5602/4729 3466/5603/3758
f 3466/5603/3758 3986/5602/4729 3982/5604/4730
f 3466/5603/3758 3982/5604/4730 3467/5580/3690
f 3467/5580/3690 3982/5604/4730 3978/5582/4711
f 3464/5600/3742 3463/5605/3735 3994/5598/4727
f 3994/5598/4727 3463/5605/3735 3998/5606/4731
f 3994/5598/4727 3998/5606/4731 3999/5596/4725
f 3999/5596/4725 3998/5606/4731 3442/5607/3677
f 3999/5596/4725 3442/5607/3677 3971/5594/4723
f 3463/5605/3735 3462/5608/3729 3998/5606/4731
f 3998/5606/4731 3462/5608/3729 3442/5607/3677
f 3974/5589/4718 3975/5609/4732 3989/5587/4716
f 3989/5587/4716 3975/5609/4732 3985/5610/4733
f 3989/5587/4716 3985/5610/4733 3984/5585/4714
f 3984/5585/4714 3985/5610/4733 3980/5611/4734
f 3984/5585/4714 3980/5611/4734 3979/5583/4712
f 3979/5583/4712 3980/5611/4734 3707/5581/4230
f 3975/5609/4732 3976/5612/4735 3985/5610/4733
f 3985/5610/4733 3976/5612/4735 3981/5613/4736
f 3985/5610/4733 3981/5613/4736 3980/5611/4734
f 3980/5611/4734 3981/5613/4736 26/5614/4245
f 3980/5611/4734 26/5614/4245 3707/5581/4230
f 3976/5612/4735 3977/5615/4737 3981/5613/4736
f 3981/5613/4736 3977/5615/4737 26/5614/4245
f 3977/5615/4737 3781/5616/4242 26/5614/4245
f 3983/5584/4713 3978/5582/4711 3982/5604/4730
f 3983/5584/4713 3982/5604/4730 3987/5617/4738
f 3987/5617/4738 3982/5604/4730 3986/5602/4729
f 3987/5617/4738 3986/5602/4729 3991/5618/4739
f 3991/5618/4739 3986/5602/4729 3990/5599/4728
f 3991/5618/4739 3990/5599/4728 3995/5597/4726
f 3983/5584/4713 3987/5617/4738 3988/5586/4715
f 3988/5586/4715 3987/5617/4738 3992/5619/4740
f 3988/5586/4715 3992/5619/4740 3993/5588/4717
f 3993/5588/4717 3992/5619/4740 3997/5591/4720
f 3992/5619/4740 3987/5617/4738 3991/5618/4739
f 3992/5619/4740 3991/5618/4739 3996/5620/4741
f 3996/5620/4741 3991/5618/4739 3995/5597/4726
f 3996/5620/4741 3995/5597/4726 4000/5595/4724
f 4001/5593/4722 3997/5591/4720 3996/5620/4741
f 3996/5620/4741 3997/5591/4720 3992/5619/4740
f 4001/5593/4722 3996/5620/4741 4000/5595/4724
f 3442/5621/3677 3363/5622/3599 3971/5623/4723
f 3971/5623/4723 3363/5622/3599 3637/5624/3889
f 2952/5625/3187 3700/5626/4742 3043/5627/3278
f 3043/5627/3278 3700/5626/4742 3699/5628/4743
f 3043/5627/3278 3699/5628/4743 3701/5629/4744
f 3258/5630/3497 3703/5631/4745 2952/5625/3187
f 2952/5625/3187 3703/5631/4745 3702/5632/4746
f 2952/5625/3187 3702/5632/4746 3700/5626/4742
f 3258/5630/3497 3752/5633/4100 3703/5631/4745
f 3703/5631/4745 3752/5633/4100 3701/5629/4744
f 3701/5629/4744 3752/5633/4100 3043/5627/3278
f 3701/5634/4747 3695/5635/4748 3703/5636/4749
f 3703/5636/4749 3695/5635/4748 3694/5637/4750
f 1718/5638/1838 1717/5639/1839 1963/5640/2098
f 1963/5640/2098 1717/5639/1839 1746/5641/1879
f 1963/5640/2098 1746/5641/1879 1745/5642/1877
f 1745/5642/1877 1744/5643/1875 1963/5640/2098
f 1963/5640/2098 1744/5643/1875 2103/5644/2238
f 2103/5644/2238 1744/5643/1875 1743/5645/1873
f 2103/5644/2238 1743/5645/1873 1742/5646/1871
f 1742/5646/1871 1741/5647/1869 2103/5644/2238
f 2103/5644/2238 1741/5647/1869 1740/5648/1867
f 2103/5644/2238 1740/5648/1867 1739/5649/1865
f 1739/5649/1865 1738/5650/1863 2103/5644/2238
f 2103/5644/2238 1738/5650/1863 1737/5651/1861
f 2103/5644/2238 1737/5651/1861 1736/5652/1859
f 1736/5652/1859 1735/5653/1857 2103/5644/2238
f 2103/5644/2238 1735/5653/1857 1734/5654/1855
f 2103/5644/2238 1734/5654/1855 1733/5655/1854
f 3889/5656/4751 3888/5657/4752 2627/5658/4753
f 2627/5658/4753 3888/5657/4752 3915/5659/4754
f 2627/5658/4753 3915/5659/4754 2628/5660/4755
f 2628/5660/4755 3915/5659/4754 3922/5661/4756
f 2628/5660/4755 3922/5661/4756 3637/5662/4757
f 3637/5662/4757 3922/5661/4756 3921/5663/4758
f 3637/5662/4757 3921/5663/4758 3920/5664/4759
f 3920/5664/4759 3919/5665/4760 3637/5662/4757
f 3637/5662/4757 3919/5665/4760 3918/5666/4761
f 3637/5662/4757 3918/5666/4761 3917/5667/4762
f 3917/5667/4762 3916/5668/4763 3637/5662/4757
f 3637/5662/4757 3916/5668/4763 3971/5669/4764
f 3971/5669/4764 3916/5668/4763 3914/5670/4765
f 3971/5669/4764 3914/5670/4765 3906/5671/4766
f 3906/5671/4766 3913/5672/4767 3971/5669/4764
f 3971/5669/4764 3913/5672/4767 3912/5673/4768
f 3971/5669/4764 3912/5673/4768 3911/5674/4769
f 3911/5674/4769 3910/5675/4770 3971/5669/4764
f 3971/5669/4764 3910/5675/4770 3781/5676/4771
f 3971/5669/4764 3781/5676/4771 3972/5677/4772
f 3972/5677/4772 3781/5676/4771 3973/5678/4773
f 3973/5678/4773 3781/5676/4771 3974/5679/4774
f 3974/5679/4774 3781/5676/4771 3975/5680/4775
f 3975/5680/4775 3781/5676/4771 3976/5681/4776
f 3976/5681/4776 3781/5676/4771 3977/5682/4777
f 3910/5675/4770 3909/5683/4778 3781/5676/4771
f 3781/5676/4771 3909/5683/4778 3908/5684/4779
f 3781/5676/4771 3908/5684/4779 3907/5685/4780
f 3907/5685/4780 3905/5686/4781 3781/5676/4771
f 3781/5676/4771 3905/5686/4781 3782/5687/4782
f 3782/5687/4782 3905/5686/4781 3897/5688/4783
f 3782/5687/4782 3897/5688/4783 3904/5689/4784
f 3904/5689/4784 3903/5690/4785 3782/5687/4782
f 3782/5687/4782 3903/5690/4785 3902/5691/4786
f 3782/5687/4782 3902/5691/4786 3901/5692/4787
f 3782/5687/4782 3901/5692/4787 3698/5693/4788
f 3698/5693/4788 3901/5692/4787 3900/5694/4789
f 3698/5693/4788 3900/5694/4789 3899/5695/4790
f 3899/5695/4790 3898/5696/4791 3698/5693/4788
f 3698/5693/4788 3898/5696/4791 3896/5697/4792
f 3698/5693/4788 3896/5697/4792 3887/5698/4793
f 3887/5698/4793 3895/5699/4794 3698/5693/4788
f 3698/5693/4788 3895/5699/4794 3662/5700/4795
f 3662/5700/4795 3895/5699/4794 3894/5701/4796
f 3662/5700/4795 3894/5701/4796 3893/5702/4797
f 3893/5702/4797 3892/5703/4798 3662/5700/4795
f 3662/5700/4795 3892/5703/4798 3891/5704/4799
f 3662/5700/4795 3891/5704/4799 3890/5705/4800
f 3890/5705/4800 3889/5656/4751 3662/5700/4795
f 3662/5700/4795 3889/5656/4751 2627/5658/4753
f 3662/5700/4795 2627/5658/4753 3663/5706/4801
f 3663/5706/4801 2627/5658/4753 3664/5707/4802
f 3664/5707/4802 2627/5658/4753 3665/5708/4803
f 3665/5708/4803 2627/5658/4753 3666/5709/4804
f 3666/5709/4804 2627/5658/4753 3667/5710/4805
f 3667/5710/4805 2627/5658/4753 3668/5711/4806
f 3637/5662/4757 3636/5712/4807 2628/5660/4755
f 2628/5660/4755 3636/5712/4807 3635/5713/4808
f 2628/5660/4755 3635/5713/4808 3634/5714/4809
f 3634/5714/4809 3633/5715/4810 2628/5660/4755
f 2628/5660/4755 3633/5715/4810 3632/5716/4811
f 2628/5660/4755 3632/5716/4811 3631/5717/4812
f 3698/5693/4788 3946/5718/4813 3782/5687/4782
f 3782/5687/4782 3946/5718/4813 3945/5719/4814
f 3782/5687/4782 3945/5719/4814 3944/5720/4815
f 3944/5720/4815 3943/5721/4816 3782/5687/4782
f 3782/5687/4782 3943/5721/4816 3942/5722/4817
f 3782/5687/4782 3942/5722/4817 3941/5723/4818
# 4001 vertices
# 5723 texture params
# 4818 normals
# 8034 facets

# 1 groups
