# WaveFront *.obj file (generated by Autodesk ATF)

mtllib Telescope 2 v2.mtl

g Body1

v -1.360904 -51.064585 -3.000000
v 1.360904 -51.064585 -3.000000
v 1.366766 -51.072318 -2.999990
v 1.769209 -51.603196 -2.951255
v 2.163001 -52.122662 -2.807219
v 2.538858 -52.618469 -2.566212
v 2.884983 -53.075057 -2.226689
v 3.186605 -53.472938 -1.788809
v 3.425303 -53.787813 -1.258614
v 3.514780 -53.905846 -0.962934
v 3.580924 -53.993099 -0.651011
v 3.621393 -54.046482 -0.329109
v 3.635116 -54.064585 0.000000
v -3.635116 -54.064585 0.000000
v -3.621393 -54.046482 -0.329109
v -3.580924 -53.993099 -0.651011
v -3.514780 -53.905846 -0.962934
v -3.425303 -53.787813 -1.258614
v -3.186605 -53.472938 -1.788809
v -2.884983 -53.075057 -2.226689
v -2.538858 -52.618469 -2.566212
v -2.163001 -52.122662 -2.807219
v -1.769209 -51.603196 -2.951255
v -1.366766 -51.072318 -2.999990
v 6.739813 -31.890746 -3.000000
v 7.162478 -30.537713 -3.000000
v 7.630648 -29.199676 -3.000000
v 8.618871 -26.539218 -3.000000
v 10.611768 -21.207519 -3.000000
v 11.538730 -18.518245 -3.000000
v 12.376203 -15.805226 -3.000000
v 13.096887 -13.063796 -3.000000
v 13.673482 -10.289289 -3.000000
v 14.330780 -10.405904 -2.924784
v 14.955119 -10.516672 -2.702907
v 15.515191 -10.616037 -2.345494
v 15.982912 -10.699018 -1.870469
v 16.334828 -10.761453 -1.301651
v 16.553294 -10.800213 -0.667563
v 16.627354 -10.813352 0.000000
v 16.303249 -12.476732 0.000000
v 15.925330 -14.132259 0.000000
v 15.499802 -15.776954 0.000000
v 15.032901 -17.407821 0.000000
v 13.999931 -20.616106 0.000000
v 12.887331 -23.726013 0.000000
v 12.331629 -25.214770 0.000000
v 11.793430 -26.636823 0.000000
v 11.285539 -27.975207 0.000000
v 10.820761 -29.212954 0.000000
v 10.412539 -30.331383 0.000000
v 10.233741 -30.837394 0.000000
v 10.073046 -31.303412 0.000000
v 9.931305 -31.726113 0.000000
v 9.809367 -32.102172 0.000000
v 9.708084 -32.428265 0.000000
v 9.628305 -32.701065 0.000000
v 9.289324 -26.085671 -2.963329
v 13.150582 -22.788864 -0.663987
v 5.175095 -39.195577 -2.963329
v 5.722641 -46.347179 -0.663987
v 3.355148 -45.683018 -2.963329
v 3.793435 -45.805972 -2.854810
v 4.210044 -45.922845 -2.676767
v 4.594943 -46.030822 -2.433467
v 4.948437 -46.129989 -2.121320
v 5.214296 -46.204571 -1.803131
v 5.434796 -46.266429 -1.449468
v 5.605459 -46.314306 -1.067310
v 7.542587 -39.859738 -0.663987
v 4.062241 -52.265894 -0.663987
v 3.945668 -52.230852 -1.067310
v 3.775613 -52.180807 -1.449468
v 3.555722 -52.116780 -1.803131
v 3.290471 -52.040029 -2.121320
v 2.937673 -51.938381 -2.433467
v 2.553450 -51.827994 -2.676767
v 2.137517 -51.708712 -2.854810
v 7.413482 -31.269239 -2.963329
v 7.847181 -31.407731 -2.854810
v 8.259432 -31.539361 -2.676767
v 8.640306 -31.660970 -2.433467
v 8.990094 -31.772688 -2.121320
v 9.253156 -31.856751 -1.803131
v 9.471343 -31.926443 -1.449468
v 9.640249 -31.980259 -1.067310
v 9.756258 -32.017081 -0.663987
v 9.556489 -32.680918 -0.663987
v 9.439307 -32.648045 -1.067310
v 9.268644 -32.600168 -1.449468
v 9.048144 -32.538310 -1.803131
v 8.782285 -32.463728 -2.121320
v 8.428791 -32.364561 -2.433467
v 8.043891 -32.256584 -2.676767
v 7.627283 -32.139711 -2.854810
v 7.188996 -32.016757 -2.963329
v 7.660835 -30.520910 -2.963329
v 8.091776 -30.667607 -2.854810
v 8.501401 -30.807049 -2.676767
v 8.879848 -30.935878 -2.433467
v 9.227419 -31.054193 -2.121320
v 9.488823 -31.143173 -1.803131
v 9.705628 -31.216974 -1.449468
v 9.873427 -31.274105 -1.067310
v 9.988636 -31.313342 -0.663987
v 8.189317 -29.027562 -2.963329
v 8.616995 -29.183468 -2.854810
v 9.023520 -29.331661 -2.676767
v 9.399103 -29.468575 -2.433467
v 9.744041 -29.594320 -2.121320
v 10.003464 -29.688892 -1.803131
v 10.218627 -29.767328 -1.449468
v 10.385161 -29.828031 -1.067310
v 10.499508 -29.869706 -0.663987
v 9.714839 -26.247465 -2.854810
v 10.119311 -26.401246 -2.676767
v 10.492999 -26.543320 -2.433467
v 10.836186 -26.673829 -2.121320
v 11.094281 -26.772017 -1.803131
v 11.308350 -26.853430 -1.449468
v 11.474075 -26.916336 -1.067310
v 11.587906 -26.959419 -0.663987
v 11.579781 -19.860702 -2.963329
v 12.010219 -20.008786 -2.854810
v 12.419365 -20.149549 -2.676767
v 12.797369 -20.279599 -2.433467
v 13.144536 -20.399028 -2.121320
v 13.405643 -20.488835 -1.803131
v 13.622197 -20.563329 -1.449468
v 13.789785 -20.621028 -1.067310
v 13.904832 -20.660689 -0.663987
v 13.036199 -22.747288 -1.067310
v 12.869630 -22.686678 -1.449468
v 12.654439 -22.608320 -1.803131
v 12.394985 -22.513834 -2.121320
v 12.050000 -22.388218 -2.433467
v 11.674363 -22.251452 -2.676767
v 11.267780 -22.103418 -2.854810
v 10.840042 -21.947678 -2.963329
v 12.274011 -17.757247 -2.963329
v 12.708057 -17.894297 -2.854810
v 13.120633 -18.024563 -2.676767
v 13.501806 -18.144913 -2.433467
v 13.851882 -18.255456 -2.121320
v 14.115173 -18.338612 -1.803131
v 14.333541 -18.407568 -1.449468
v 14.502543 -18.460887 -1.067310
v 14.618572 -18.497442 -0.663987
v 13.323593 -14.095261 -2.963329
v 13.764897 -14.206689 -2.854810
v 14.184377 -14.312579 -2.676767
v 14.571930 -14.410404 -2.433467
v 14.927852 -14.500318 -2.121320
v 15.195524 -14.568029 -1.803131
v 15.417536 -14.624127 -1.449468
v 15.589409 -14.667270 -1.067310
v 15.707460 -14.696607 -0.663987
v 15.188472 -16.609331 -0.663987
v 15.071450 -16.576167 -1.067310
v 14.901042 -16.527588 -1.449468
v 14.680891 -16.464584 -1.803131
v 14.415458 -16.388571 -2.121320
v 14.062523 -16.287580 -2.433467
v 13.678229 -16.177669 -2.676767
v 13.262275 -16.058699 -2.854810
v 12.824678 -15.933520 -2.963329
v 13.762425 -12.241369 -2.963329
v 14.207347 -12.337475 -2.854810
v 14.630267 -12.428804 -2.676767
v 15.020998 -12.513177 -2.433467
v 15.379838 -12.590728 -2.121320
v 15.649704 -12.649131 -1.803131
v 15.873537 -12.697515 -1.449468
v 16.046819 -12.734723 -1.067310
v 16.165840 -12.760018 -0.663987
v 8.864671 -35.146995 -0.663987
v 8.747489 -35.114122 -1.067310
v 8.576826 -35.066245 -1.449468
v 8.356326 -35.004387 -1.803131
v 8.090467 -34.929805 -2.121320
v 7.736973 -34.830638 -2.433467
v 7.352074 -34.722660 -2.676767
v 6.935465 -34.605788 -2.854810
v 6.497178 -34.482833 -2.963329
v 7.425406 -39.826865 -1.067310
v 7.254742 -39.778988 -1.449468
v 7.034242 -39.717130 -1.803131
v 6.768384 -39.642548 -2.121320
v 6.414889 -39.543381 -2.433467
v 6.029990 -39.435404 -2.676767
v 5.613381 -39.318531 -2.854810
v 10.918029 -3.419713 -3.000000
v 10.946419 -2.786254 -2.951765
v 10.967978 -2.170708 -2.803747
v 10.983075 -1.589010 -2.551935
v 10.992468 -1.066192 -2.198717
v 10.997460 -0.622942 -1.748566
v 10.999472 -0.285420 -1.217749
v 10.999980 -0.072567 -0.624697
v 11.000000 -0.000000 -0.000000
v 11.727636 -0.375889 0.000000
v 12.422058 -0.810124 0.000000
v 13.078856 -1.299458 -0.000000
v 13.693619 -1.840642 -0.000000
v 14.261936 -2.430425 -0.000000
v 14.779640 -3.065080 -0.000000
v 15.243680 -3.739973 -0.000000
v 15.651275 -4.450394 -0.000000
v 15.999647 -5.191632 -0.000000
v 16.286021 -5.958970 -0.000000
v 16.508281 -6.747273 -0.000000
v 16.665396 -7.551098 -0.000000
v 16.756413 -8.365066 -0.000000
v 16.780416 -9.183787 -0.000000
v 16.737249 -10.001719 -0.000000
v 13.776479 -9.320712 -3.000000
v 13.743958 -8.347201 -3.000000
v 13.576699 -7.387645 -3.000000
v 13.277889 -6.460594 -3.000000
v 12.852922 -5.584179 -3.000000
v 12.310980 -4.774847 -3.000000
v 11.661816 -4.048667 -3.000000
v 14.439467 -8.719894 -2.924907
v 14.305650 -7.600390 -2.924907
v 14.009394 -6.512526 -2.924907
v 15.586256 -4.406166 -0.465935
v 13.556203 -5.480159 -2.924907
v 13.274095 -4.991655 -2.924907
v 12.606553 -4.083057 -2.924907
v 11.812384 -3.282733 -2.924907
v 11.575474 -0.332804 -0.465935
v 12.749216 -1.089676 -0.465935
v 12.684498 -1.176096 -0.920596
v 12.578238 -1.318040 -1.352826
v 12.432848 -1.512367 -1.752245
v 12.244986 -1.763491 -2.121320
v 12.054642 -2.017914 -2.397100
v 11.843120 -2.300629 -2.625904
v 11.614568 -2.606104 -2.803099
v 11.373345 -2.928521 -2.924907
v 11.126453 -2.268057 -2.803099
v 11.331896 -1.946574 -2.625904
v 11.522039 -1.649050 -2.397100
v 11.693202 -1.381350 -2.121320
v 11.862220 -1.117194 -1.752245
v 11.992924 -0.912694 -1.352826
v 12.088091 -0.763015 -0.920596
v 12.145921 -0.671772 -0.465935
v 11.018033 -1.349721 -2.397100
v 11.171010 -1.071233 -2.121320
v 11.322088 -0.796465 -1.752245
v 11.438895 -0.583712 -1.352826
v 11.523868 -0.427859 -0.920596
v 13.320419 -1.550381 -0.465935
v 13.249148 -1.631593 -0.920596
v 13.132354 -1.765119 -1.352826
v 12.973059 -1.948229 -1.752245
v 12.767369 -2.184942 -2.121320
v 12.558870 -2.424708 -2.397100
v 12.327107 -2.691096 -2.625904
v 12.076675 -2.978925 -2.803099
v 13.855800 -2.051138 -0.465935
v 13.778671 -2.127024 -0.920596
v 13.652292 -2.251738 -1.352826
v 13.479956 -2.422646 -1.752245
v 13.257436 -2.643552 -2.121320
v 13.031871 -2.867330 -2.397100
v 12.781133 -3.115969 -2.625904
v 12.510198 -3.384623 -2.803099
v 12.224270 -3.668185 -2.924907
v 14.351805 -2.589371 -0.465935
v 14.269766 -2.659960 -0.920596
v 14.135030 -2.775639 -1.352826
v 13.950597 -2.933419 -1.752245
v 13.712265 -3.137154 -2.121320
v 13.470799 -3.343671 -2.397100
v 13.202478 -3.573230 -2.625904
v 12.912555 -3.821279 -2.803099
v 14.806922 -3.163669 -0.465935
v 14.720159 -3.228125 -0.920596
v 14.577535 -3.333675 -1.352826
v 14.382009 -3.477462 -1.752245
v 14.129261 -3.663079 -2.121320
v 13.873242 -3.851262 -2.397100
v 13.588789 -4.060467 -2.625904
v 13.281440 -4.286524 -2.803099
v 12.957032 -4.525084 -2.924907
v 15.219187 -3.770590 -0.465935
v 15.127835 -3.828141 -0.920596
v 14.977750 -3.922557 -1.352826
v 14.772184 -4.051568 -1.752245
v 14.506509 -4.218218 -2.121320
v 14.237363 -4.387101 -2.397100
v 13.938299 -4.574797 -2.625904
v 13.615160 -4.777608 -2.803099
v 15.905788 -5.066429 -0.465935
v 15.806547 -5.109353 -0.920596
v 15.643788 -5.180115 -1.352826
v 15.421508 -5.277574 -1.752245
v 15.134409 -5.403678 -2.121320
v 14.843442 -5.531333 -2.397100
v 14.520047 -5.673106 -2.625904
v 14.170608 -5.826284 -2.803099
v 13.801816 -5.987986 -2.924907
v 13.912091 -5.291779 -2.803099
v 14.249291 -5.113313 -2.625904
v 14.561362 -4.948140 -2.397100
v 14.842171 -4.799456 -2.121320
v 15.119293 -4.652639 -1.752245
v 15.333794 -4.539100 -1.352826
v 15.490671 -4.456415 -0.920596
v 16.175442 -5.747410 -0.465935
v 16.073343 -5.783362 -0.920596
v 15.905850 -5.842416 -1.352826
v 15.677000 -5.923274 -1.752245
v 15.381384 -6.027767 -2.121320
v 15.081805 -6.133631 -2.397100
v 14.748853 -6.251266 -2.625904
v 14.389088 -6.378371 -2.803099
v 16.393640 -6.446424 -0.465935
v 16.289381 -6.475263 -0.920596
v 16.118212 -6.522345 -1.352826
v 15.884040 -6.586161 -1.752245
v 15.581469 -6.668453 -2.121320
v 15.274895 -6.751941 -2.397100
v 14.934207 -6.844797 -2.625904
v 14.566090 -6.945140 -2.803099
v 14.177564 -7.051016 -2.924907
v 16.560101 -7.160922 -0.465935
v 16.454038 -7.181710 -0.920596
v 16.279905 -7.215764 -1.352826
v 16.041677 -7.262182 -1.752245
v 15.733867 -7.322112 -2.121320
v 15.421983 -7.382865 -2.397100
v 15.075396 -7.450401 -2.625904
v 14.700904 -7.523377 -2.803099
v 16.673956 -7.885946 -0.465935
v 16.566560 -7.898427 -0.920596
v 16.390301 -7.919121 -1.352826
v 16.149303 -7.947890 -1.752245
v 15.837950 -7.985186 -2.121320
v 15.522452 -8.022893 -2.397100
v 15.171831 -8.064736 -2.625904
v 14.792977 -8.109941 -2.803099
v 14.393127 -8.157674 -2.924907
v 16.734321 -8.616508 -0.465935
v 16.626190 -8.621127 -0.920596
v 16.448774 -8.628874 -1.352826
v 16.206307 -8.639844 -1.752245
v 15.893088 -8.654118 -2.121320
v 15.575680 -8.668515 -2.397100
v 15.222920 -8.684465 -2.625904
v 14.841753 -8.701693 -2.803099
v 16.740456 -9.348795 -0.465935
v 16.632282 -9.345977 -0.920596
v 16.454782 -9.341198 -1.352826
v 16.212165 -9.334313 -1.752245
v 15.898743 -9.325323 -2.121320
v 15.581134 -9.316277 -2.397100
v 15.228156 -9.306269 -2.625904
v 14.846755 -9.295461 -2.803099
v 14.444220 -9.284036 -2.924907
v 16.692610 -10.081095 -0.465935
v 16.585000 -10.069927 -0.920596
v 16.408397 -10.051695 -1.352826
v 16.166944 -10.026982 -1.752245
v 15.855009 -9.995115 -2.121320
v 15.538919 -9.962784 -2.397100
v 15.187636 -9.926825 -2.625904
v 14.808068 -9.887967 -2.803099
v 14.407464 -9.846967 -2.924907
v -11.000000 -0.000000 0.000000
v -10.999981 -0.072513 -0.624469
v -10.999473 -0.285223 -1.217346
v -10.997461 -0.622700 -1.748261
v -10.992475 -1.065737 -2.198337
v -10.983088 -1.588568 -2.551687
v -10.968002 -2.170237 -2.803565
v -10.946423 -2.787051 -2.951855
v -10.918029 -3.419713 -3.000000
v -11.661658 -4.048787 -3.000000
v -12.311070 -4.774789 -3.000000
v -12.853023 -5.584025 -3.000000
v -13.277060 -6.460854 -3.000000
v -13.576299 -7.387766 -3.000000
v -13.744049 -8.347174 -3.000000
v -13.776348 -9.320702 -3.000000
v -13.673482 -10.289289 -3.000000
v -14.330780 -10.405904 -2.924784
v -14.955119 -10.516672 -2.702907
v -15.515191 -10.616037 -2.345494
v -15.982912 -10.699018 -1.870469
v -16.334828 -10.761453 -1.301651
v -16.553294 -10.800213 -0.667563
v -16.627354 -10.813352 -0.000000
v -16.737150 -10.001712 -0.000000
v -16.780216 -9.183772 -0.000000
v -16.756409 -8.365045 0.000000
v -16.665557 -7.551056 -0.000000
v -16.507795 -6.747421 -0.000000
v -16.284815 -5.959350 -0.000000
v -15.998571 -5.191955 -0.000000
v -15.651013 -4.450350 0.000000
v -15.244094 -3.739647 0.000000
v -14.779815 -3.065000 -0.000000
v -14.261262 -2.431194 -0.000000
v -13.692570 -1.841875 -0.000000
v -13.077918 -1.300569 -0.000000
v -12.421487 -0.810804 -0.000000
v -11.727454 -0.376105 -0.000000
v -11.608692 -3.112585 -2.924796
v -13.269430 -4.982567 -2.924796
v -13.581408 -5.527443 -2.924796
v -14.359215 -7.904642 -2.924796
v -14.428871 -8.528720 -2.924796
v -11.135641 -1.415720 -2.397025
v -11.292829 -1.139710 -2.121320
v -11.448302 -0.867049 -1.751822
v -11.568285 -0.656228 -1.352478
v -11.655423 -0.501746 -0.920348
v -11.708291 -0.407510 -0.465806
v -11.105434 -2.737105 -2.924796
v -11.332483 -2.404763 -2.802965
v -11.547568 -2.089865 -2.625783
v -11.746638 -1.798434 -2.397025
v -11.925879 -1.536213 -2.121320
v -12.103153 -1.277136 -1.751822
v -12.239973 -1.076863 -1.352478
v -12.339372 -0.930261 -0.920348
v -12.399692 -0.840887 -0.465806
v -11.862172 -2.799964 -2.802965
v -12.102317 -2.503773 -2.625783
v -12.324575 -2.229649 -2.397025
v -12.524631 -1.982944 -2.121320
v -12.722399 -1.739115 -1.751822
v -12.875147 -1.550727 -1.352478
v -12.986502 -1.413166 -0.920348
v -13.054220 -1.329429 -0.465806
v -12.515909 -3.979391 -2.924796
v -12.817034 -3.712289 -2.802965
v -13.102370 -3.459256 -2.625783
v -13.366437 -3.225064 -2.397025
v -13.603997 -3.014223 -2.121320
v -13.838648 -2.805728 -1.751822
v -14.020111 -2.644773 -1.352478
v -14.153191 -2.527703 -0.920348
v -14.234413 -2.456609 -0.465806
v -13.667314 -1.869285 -0.465806
v -13.592535 -1.946850 -0.920348
v -13.469846 -2.074478 -1.352478
v -13.302183 -2.249730 -1.751822
v -13.085274 -2.476686 -2.121320
v -12.865744 -2.706235 -2.397025
v -12.621767 -2.961235 -2.625783
v -12.358145 -3.236754 -2.802965
v -12.079917 -3.527580 -2.924796
v -12.913469 -4.465318 -2.924796
v -13.235469 -4.223727 -2.802965
v -13.540578 -3.994843 -2.625783
v -13.822947 -3.783008 -2.397025
v -14.076986 -3.592337 -2.121320
v -14.327936 -3.403853 -1.751822
v -14.521978 -3.258269 -1.352478
v -14.664193 -3.152114 -0.920348
v -14.750957 -3.087550 -0.465806
v -13.938468 -5.341610 -2.802965
v -14.276752 -5.165504 -2.625783
v -14.589837 -5.002530 -2.397025
v -14.871633 -4.855959 -2.121320
v -15.150187 -4.711247 -1.751822
v -15.365354 -4.599260 -1.352478
v -15.522294 -4.516865 -0.920348
v -15.617762 -4.466480 -0.465806
v -15.212702 -3.758531 -0.465806
v -15.121414 -3.816512 -0.920348
v -14.971470 -3.911428 -1.352478
v -14.766172 -4.040655 -1.751822
v -14.500469 -4.207705 -2.121320
v -14.231624 -4.376861 -2.397025
v -13.932892 -4.564918 -2.625783
v -13.610113 -4.768125 -2.802965
v -14.067319 -6.684326 -2.924796
v -14.449897 -6.559251 -2.802965
v -14.812375 -6.440770 -2.625783
v -15.147846 -6.331109 -2.397025
v -15.449745 -6.232366 -2.121320
v -15.748099 -6.134697 -1.751822
v -15.978644 -6.059328 -1.352478
v -16.147092 -6.004609 -0.920348
v -16.249669 -5.971417 -0.465806
v -15.964142 -5.206006 -0.465806
v -15.864858 -5.247991 -0.920348
v -15.701692 -5.316834 -1.352478
v -15.478094 -5.410827 -1.751822
v -15.188651 -5.532401 -2.121320
v -14.895822 -5.655461 -2.397025
v -14.570465 -5.792236 -2.625783
v -14.218921 -5.940026 -2.802965
v -13.847868 -6.096000 -2.924796
v -14.238266 -7.288511 -2.924796
v -14.629823 -7.195164 -2.802965
v -15.000821 -7.106761 -2.625783
v -15.344175 -7.024932 -2.397025
v -15.653131 -6.951192 -2.121320
v -15.958411 -6.878166 -1.751822
v -16.194368 -6.821917 -1.352478
v -16.366980 -6.781441 -0.920348
v -16.472170 -6.757022 -0.465806
v -14.830436 -8.500477 -2.802965
v -15.210914 -8.473693 -2.625783
v -15.563041 -8.448912 -2.397025
v -15.879900 -8.426678 -2.121320
v -16.192997 -8.404805 -1.751822
v -16.434984 -8.387784 -1.352478
v -16.611967 -8.374936 -0.920348
v -16.719805 -8.366961 -0.465806
v -16.629472 -7.557128 -0.465806
v -16.522506 -7.573205 -0.920348
v -16.347022 -7.599779 -1.352478
v -16.107237 -7.636537 -1.751822
v -15.797031 -7.684213 -2.121320
v -15.483072 -7.732385 -2.397025
v -15.134146 -7.785864 -2.625783
v -14.757125 -7.843641 -2.802965
v -14.414107 -9.783484 -2.924796
v -14.814896 -9.821138 -2.802965
v -15.194636 -9.856838 -2.625783
v -15.546080 -9.889871 -2.397025
v -15.862333 -9.919534 -2.121320
v -16.174844 -9.948754 -1.751822
v -16.416364 -9.971446 -1.352478
v -16.592953 -9.988420 -0.920348
v -16.700532 -9.998901 -0.465806
v -16.743409 -9.183181 -0.465806
v -16.635383 -9.182009 -0.920348
v -16.458048 -9.180027 -1.352478
v -16.215484 -9.177183 -1.751822
v -15.901615 -9.173466 -2.121320
v -15.583992 -9.169729 -2.397025
v -15.231028 -9.165593 -2.625783
v -14.849648 -9.161127 -2.802965
v -14.447125 -9.156406 -2.924796
v -9.628305 -32.701065 0.000000
v -9.708084 -32.428265 0.000000
v -9.809367 -32.102172 0.000000
v -9.931305 -31.726113 0.000000
v -10.073046 -31.303412 0.000000
v -10.233741 -30.837394 0.000000
v -10.412539 -30.331383 0.000000
v -10.820761 -29.212954 0.000000
v -11.285539 -27.975207 0.000000
v -11.793430 -26.636823 0.000000
v -12.331629 -25.214770 0.000000
v -12.887331 -23.726013 0.000000
v -13.999931 -20.616106 0.000000
v -15.032901 -17.407821 0.000000
v -15.499802 -15.776954 -0.000000
v -15.925330 -14.132259 -0.000000
v -16.303249 -12.476732 -0.000000
v -13.096887 -13.063796 -3.000000
v -12.376203 -15.805226 -3.000000
v -11.538730 -18.518245 -3.000000
v -10.611768 -21.207519 -3.000000
v -8.618871 -26.539218 -3.000000
v -7.630648 -29.199676 -3.000000
v -7.162478 -30.537713 -3.000000
v -6.739813 -31.890746 -3.000000
v -13.186219 -22.801824 -0.466503
v -9.473958 -26.155875 -2.925399
v -7.579098 -39.869981 -0.466503
v -5.365271 -39.248927 -2.925399
v -4.098462 -52.277171 -0.466503
v -3.994662 -52.245453 -0.921691
v -3.823928 -52.194957 -1.354366
v -3.590366 -52.126837 -1.754112
v -3.290471 -52.040029 -2.121320
v -2.984728 -51.951919 -2.397434
v -2.644831 -51.854227 -2.626441
v -2.277501 -51.748839 -2.803692
v -1.889792 -51.637734 -2.925399
v -9.792399 -32.028572 -0.466503
v -9.688971 -31.995732 -0.921691
v -9.519308 -31.941746 -1.354366
v -9.287522 -31.867732 -1.754112
v -8.990094 -31.772688 -2.121320
v -8.686955 -31.675866 -2.397434
v -8.350012 -31.568281 -2.626441
v -7.985921 -31.452032 -2.803692
v -7.601668 -31.329333 -2.925399
v -7.379172 -32.070108 -2.925399
v -7.767489 -32.179044 -2.803692
v -8.135428 -32.282263 -2.626441
v -8.475934 -32.377786 -2.397434
v -8.782285 -32.463728 -2.121320
v -9.082876 -32.548054 -1.754112
v -9.317113 -32.613766 -1.354366
v -9.488524 -32.661852 -0.921691
v -9.592999 -32.691161 -0.466503
v -10.024533 -31.325565 -0.466503
v -9.921816 -31.290584 -0.921691
v -9.753285 -31.233198 -1.354366
v -9.522974 -31.154797 -1.754112
v -9.227419 -31.054193 -2.121320
v -8.926201 -30.951657 -2.397434
v -8.591403 -30.837687 -2.626441
v -8.229632 -30.714535 -2.803692
v -7.847824 -30.584563 -2.925399
v -10.535136 -29.882692 -0.466503
v -10.433187 -29.845535 -0.921691
v -10.265924 -29.784569 -1.354366
v -10.037356 -29.701247 -1.754112
v -9.744041 -29.594320 -2.121320
v -9.445105 -29.485345 -2.397434
v -9.112842 -29.364222 -2.626441
v -8.753808 -29.233341 -2.803692
v -8.374890 -29.095211 -2.925399
v -11.623367 -26.972859 -0.466503
v -11.521882 -26.934438 -0.921691
v -11.355411 -26.871312 -1.354366
v -11.127998 -26.784845 -1.754112
v -10.836186 -26.673829 -2.121320
v -10.538768 -26.560723 -2.397434
v -10.208182 -26.435033 -2.626441
v -9.850960 -26.299220 -2.803692
v -13.084239 -22.764753 -0.921691
v -12.916935 -22.703897 -1.354366
v -12.688334 -22.620664 -1.754112
v -12.394985 -22.513834 -2.121320
v -12.096009 -22.404969 -2.397434
v -11.763697 -22.283977 -2.626441
v -11.404612 -22.153239 -2.803692
v -11.025641 -22.015255 -2.925399
v -14.654726 -18.508839 -0.466503
v -14.551277 -18.476243 -0.921691
v -14.381541 -18.422719 -1.354366
v -14.149570 -18.349475 -1.754112
v -13.851882 -18.255456 -2.121320
v -13.548493 -18.159654 -2.397434
v -13.211284 -18.053184 -2.626441
v -12.846906 -17.938138 -2.803692
v -12.462347 -17.816715 -2.925399
v -11.766552 -19.924957 -2.925399
v -12.147914 -20.056158 -2.803692
v -12.509262 -20.180478 -2.626441
v -12.843667 -20.295528 -2.397434
v -13.144536 -20.399028 -2.121320
v -13.439754 -20.500568 -1.754112
v -13.669797 -20.579710 -1.354366
v -13.838107 -20.637683 -0.921691
v -13.940681 -20.673040 -0.466503
v -15.224931 -16.619693 -0.466503
v -15.120599 -16.590109 -0.921691
v -14.949437 -16.541413 -1.354366
v -14.715568 -16.474514 -1.754112
v -14.415458 -16.388571 -2.121320
v -14.109592 -16.301044 -2.397434
v -13.769622 -16.203806 -2.626441
v -13.402261 -16.098740 -2.803692
v -13.014555 -15.987837 -2.925399
v -15.744236 -14.705790 -0.466503
v -15.638988 -14.679610 -0.921691
v -15.466343 -14.636422 -1.354366
v -15.230492 -14.576875 -1.754112
v -14.927852 -14.500318 -2.121320
v -14.619398 -14.422389 -2.397434
v -14.276545 -14.335842 -2.626441
v -13.906069 -14.242330 -2.803692
v -13.515078 -14.143613 -2.925399
v -16.202918 -12.767937 -0.466503
v -16.096806 -12.745363 -0.921691
v -15.922744 -12.708119 -1.354366
v -15.684959 -12.656760 -1.754112
v -15.379838 -12.590728 -2.121320
v -15.068855 -12.523514 -2.397434
v -14.723191 -12.448868 -2.626441
v -14.349677 -12.368215 -2.803692
v -13.955480 -12.283072 -2.925399
v -6.687354 -34.536184 -2.925399
v -7.075672 -34.645120 -2.803692
v -7.443610 -34.748340 -2.626441
v -7.784116 -34.843863 -2.397434
v -8.090467 -34.929805 -2.121320
v -8.391058 -35.014131 -1.754112
v -8.625296 -35.079842 -1.354366
v -8.796706 -35.127929 -0.921691
v -8.901182 -35.157238 -0.466503
v -5.759152 -46.357422 -0.466503
v -5.654676 -46.328113 -0.921691
v -5.483266 -46.280026 -1.354366
v -5.249028 -46.214315 -1.754112
v -4.948437 -46.129989 -2.121320
v -4.642086 -46.044047 -2.397434
v -4.301580 -45.948524 -2.626441
v -3.933642 -45.845304 -2.803692
v -3.545324 -45.736368 -2.925399
v -5.753588 -39.357863 -2.803692
v -6.121527 -39.461083 -2.626441
v -6.462032 -39.556606 -2.397434
v -6.768384 -39.642548 -2.121320
v -7.068974 -39.726874 -1.754112
v -7.303212 -39.792585 -1.354366
v -7.474622 -39.840672 -0.921691
v 10.789065 -5.340835 -3.000000
v 10.594211 -7.221316 -3.000000
v 10.329214 -9.075445 -3.000000
v 9.989823 -10.917514 -3.000000
v 9.571681 -12.762776 -3.000000
v 9.077823 -14.619022 -3.000000
v 8.518275 -16.484135 -3.000000
v 7.903198 -18.355769 -3.000000
v 6.562202 -22.088173 -3.000000
v 5.883485 -23.894251 -3.000000
v 5.232019 -25.614343 -3.000000
v 4.632198 -27.213950 -3.000000
v 4.359276 -27.957790 -3.000000
v 4.108413 -28.658572 -3.000000
v 3.882609 -29.311934 -3.000000
v 3.683655 -29.913225 -3.000000
v 3.512446 -30.458825 -3.000000
v 3.369907 -30.945373 -3.000000
v 0.000000 -42.957854 -3.000000
v 0.000000 -42.957854 100.000000
v 3.369907 -30.945373 100.000000
v 3.529388 -30.403285 100.000000
v 3.723873 -29.789291 100.000000
v 3.952105 -29.107950 100.000000
v 4.212739 -28.364598 100.000000
v 4.502537 -27.565469 100.000000
v 4.817363 -26.716411 100.000000
v 5.153082 -25.823272 100.000000
v 5.505561 -24.891898 100.000000
v 6.244257 -22.937840 100.000000
v 7.000373 -20.901019 100.000000
v 7.740618 -18.828241 100.000000
v 8.432180 -16.755520 100.000000
v 9.057519 -14.690370 100.000000
v 9.602858 -12.635973 100.000000
v 10.054890 -10.594690 100.000000
v 10.411168 -8.553735 100.000000
v 10.677804 -6.492958 100.000000
v 10.860811 -4.393189 100.000000
v 10.966205 -2.235259 100.000000
v 11.000000 0.000000 100.000000
v 11.000000 0.000000 27.000000
v 10.966205 -2.235259 65.666667
v 3.369907 -30.945373 31.333333
v 3.529388 -30.403285 31.333333
v 3.723873 -29.789291 31.333333
v 3.952105 -29.107950 31.333333
v 4.212739 -28.364598 31.333333
v 4.502537 -27.565469 31.333333
v 4.817363 -26.716411 31.333333
v 5.153082 -25.823272 31.333333
v 5.505561 -24.891898 31.333333
v 6.244257 -22.937840 31.333333
v 7.000373 -20.901019 31.333333
v 7.740618 -18.828241 31.333333
v 8.432180 -16.755520 31.333333
v 9.057519 -14.690370 31.333333
v 9.602858 -12.635973 31.333333
v 10.054890 -10.594690 31.333333
v 10.411168 -8.553735 31.333333
v 10.677804 -6.492958 31.333333
v 10.860811 -4.393189 31.333333
v 10.966205 -2.235259 31.333333
v 10.860811 -4.393189 65.666667
v 10.677804 -6.492958 65.666667
v 10.411168 -8.553735 65.666667
v 10.054890 -10.594690 65.666667
v 9.602858 -12.635973 65.666667
v 9.057519 -14.690370 65.666667
v 8.432180 -16.755520 65.666667
v 7.740618 -18.828241 65.666667
v 7.000373 -20.901019 65.666667
v 6.244257 -22.937840 65.666667
v 5.505561 -24.891898 65.666667
v 5.153082 -25.823272 65.666667
v 4.817363 -26.716411 65.666667
v 4.502537 -27.565469 65.666667
v 4.212739 -28.364598 65.666667
v 3.952105 -29.107950 65.666667
v 3.723873 -29.789291 65.666667
v 3.529388 -30.403285 65.666667
v 3.369907 -30.945373 65.666667
v -10.789065 -5.340835 -3.000000
v -10.594211 -7.221316 -3.000000
v -10.329214 -9.075445 -3.000000
v -9.989823 -10.917514 -3.000000
v -9.571681 -12.762776 -3.000000
v -9.077823 -14.619022 -3.000000
v -8.518275 -16.484135 -3.000000
v -7.903198 -18.355769 -3.000000
v -6.562202 -22.088173 -3.000000
v -5.883485 -23.894251 -3.000000
v -5.232019 -25.614343 -3.000000
v -4.632198 -27.213950 -3.000000
v -4.359276 -27.957790 -3.000000
v -4.108413 -28.658572 -3.000000
v -3.882609 -29.311934 -3.000000
v -3.683655 -29.913225 -3.000000
v -3.512446 -30.458825 -3.000000
v -3.369907 -30.945373 -3.000000
v 16.716975 -10.197154 0.015663
v 16.767869 -9.580439 0.062300
v 16.780573 -8.965111 0.139379
v 16.755628 -8.353075 0.246369
v 16.693680 -7.746951 0.382564
v 16.596470 -7.153569 0.545928
v 16.465833 -6.575168 0.735033
v 16.303504 -6.012917 0.948673
v 15.890085 -4.940079 1.445466
v 15.360744 -3.929068 2.036758
v 14.719333 -2.984783 2.722218
v 13.970865 -2.116118 3.500000
v 13.876009 -4.258467 3.500000
v 13.708891 -6.357705 3.500000
v 13.461694 -8.429702 3.500000
v 13.129928 -10.484174 3.500000
v 12.710408 -12.529306 3.500000
v 12.204700 -14.570444 3.500000
v 11.622257 -16.607830 3.500000
v 10.973814 -18.640536 3.500000
v 10.277359 -20.657778 3.500000
v 9.555899 -22.640001 3.500000
v 8.836349 -24.557668 3.500000
v 8.148025 -26.375927 3.500000
v 7.824654 -27.234232 3.500000
v 7.519784 -28.051030 3.500000
v 7.236896 -28.820604 3.500000
v 6.979469 -29.537235 3.500000
v 6.750961 -30.195145 3.500000
v 6.553851 -30.788056 3.500000
v 6.389305 -31.310134 3.500000
v 6.258398 -31.755693 3.500000
v 3.129199 -42.910139 3.500000
v 0.000000 -54.064585 3.500000
v 14.809840 -11.022754 1.750000
v 8.867741 -29.456815 1.750000
v 6.381238 -37.796740 1.750000
v 15.106146 -9.278100 1.750000
v 15.342734 -7.523958 1.750000
v 15.521232 -5.757994 1.750000
v 14.034937 -14.490917 1.750000
v 14.452285 -12.760164 1.750000
v 13.563914 -16.213631 1.750000
v 12.976360 -18.145317 1.750000
v 12.342829 -20.053739 1.750000
v 11.674579 -21.945095 1.750000
v 10.997843 -23.782649 1.750000
v 10.361650 -25.471510 1.750000
v 9.756783 -27.069639 1.750000
v 9.439796 -27.911566 1.750000
v 9.142306 -28.709235 1.750000
v 8.619532 -30.148478 1.750000
v 8.401090 -30.778286 1.750000
v 8.062670 -31.822457 1.750000
v 8.216676 -31.333689 1.750000
v 7.943351 -32.228379 1.750000
v 7.528114 -33.708549 1.750000
v 3.563467 -47.841059 1.750000
v 13.970865 -2.116118 27.000000
v 13.970865 -2.116118 30.000000
v 14.000000 0.000000 30.000000
v 14.000000 0.000000 100.000000
v 13.964625 -2.331485 100.000000
v 13.853786 -4.598867 100.000000
v 13.660417 -6.818308 100.000000
v 13.377448 -9.005969 100.000000
v 12.997808 -11.178013 100.000000
v 12.516177 -13.346871 100.000000
v 11.942030 -15.511538 100.000000
v 11.290014 -17.667987 100.000000
v 10.574773 -19.812192 100.000000
v 9.816682 -21.934812 100.000000
v 9.049758 -23.998450 100.000000
v 8.308274 -25.956609 100.000000
v 7.957780 -26.881603 100.000000
v 7.626494 -27.762788 100.000000
v 7.318701 -28.594353 100.000000
v 7.038830 -29.369934 100.000000
v 6.790798 -30.080946 100.000000
v 6.576722 -30.720214 100.000000
v 6.398592 -31.280782 100.000000
v 6.258398 -31.755693 100.000000
v 0.000000 -54.064585 100.000000
v 6.258398 -31.755693 67.833333
v 13.964625 -2.331485 67.833333
v 13.964625 -2.331485 35.666667
v 13.853786 -4.598867 35.666667
v 13.660417 -6.818308 35.666667
v 13.377448 -9.005969 35.666667
v 12.997808 -11.178013 35.666667
v 12.516177 -13.346871 35.666667
v 11.942030 -15.511538 35.666667
v 11.290014 -17.667987 35.666667
v 10.574773 -19.812192 35.666667
v 9.816682 -21.934812 35.666667
v 9.049758 -23.998450 35.666667
v 8.308274 -25.956609 35.666667
v 7.957780 -26.881603 35.666667
v 7.626494 -27.762788 35.666667
v 7.318701 -28.594353 35.666667
v 7.038830 -29.369934 35.666667
v 6.790798 -30.080946 35.666667
v 6.576722 -30.720214 35.666667
v 6.398592 -31.280782 35.666667
v 6.258398 -31.755693 35.666667
v 6.398592 -31.280782 67.833333
v 6.576722 -30.720214 67.833333
v 6.790798 -30.080946 67.833333
v 7.038830 -29.369934 67.833333
v 7.318701 -28.594353 67.833333
v 7.626494 -27.762788 67.833333
v 7.957780 -26.881603 67.833333
v 8.308274 -25.956609 67.833333
v 9.049758 -23.998450 67.833333
v 9.816682 -21.934812 67.833333
v 10.574773 -19.812192 67.833333
v 11.290014 -17.667987 67.833333
v 11.942030 -15.511538 67.833333
v 12.516177 -13.346871 67.833333
v 12.997808 -11.178013 67.833333
v 13.377448 -9.005969 67.833333
v 13.660417 -6.818308 67.833333
v 13.853786 -4.598867 67.833333
v -3.129199 -42.910139 3.500000
v -6.258398 -31.755693 3.500000
v -6.389305 -31.310134 3.500000
v -6.553851 -30.788056 3.500000
v -6.750961 -30.195145 3.500000
v -6.979469 -29.537235 3.500000
v -7.236896 -28.820604 3.500000
v -7.519784 -28.051030 3.500000
v -7.824654 -27.234232 3.500000
v -8.148025 -26.375927 3.500000
v -8.836349 -24.557668 3.500000
v -9.555899 -22.640001 3.500000
v -10.277359 -20.657778 3.500000
v -10.973814 -18.640536 3.500000
v -11.622257 -16.607830 3.500000
v -12.204700 -14.570444 3.500000
v -12.710408 -12.529306 3.500000
v -13.129928 -10.484174 3.500000
v -13.461694 -8.429702 3.500000
v -13.708891 -6.357705 3.500000
v -13.876009 -4.258467 3.500000
v -13.970865 -2.116118 3.500000
v -14.668566 -2.919157 2.775673
v -15.294727 -3.820480 2.108607
v -15.834198 -4.818927 1.509604
v -16.065837 -5.352431 1.239883
v -16.268551 -5.905897 0.992805
v -16.440411 -6.478222 0.769704
v -16.579485 -7.068307 0.571912
v -16.683840 -7.675050 0.400761
v -16.751282 -8.294815 0.258127
v -16.780014 -8.920652 0.146104
v -16.769365 -9.550370 0.065339
v -16.718693 -10.181945 0.016435
v -14.809840 -11.022754 1.750000
v -8.867741 -29.456815 1.750000
v -6.381238 -37.796740 1.750000
v -3.563467 -47.841059 1.750000
v -8.062670 -31.822457 1.750000
v -7.943351 -32.228379 1.750000
v -8.216676 -31.333689 1.750000
v -8.401090 -30.778286 1.750000
v -8.619532 -30.148478 1.750000
v -9.142306 -28.709235 1.750000
v -9.439796 -27.911566 1.750000
v -9.756783 -27.069639 1.750000
v -10.361650 -25.471510 1.750000
v -10.997843 -23.782649 1.750000
v -11.674579 -21.945095 1.750000
v -12.342829 -20.053739 1.750000
v -12.976360 -18.145317 1.750000
v -13.563914 -16.213631 1.750000
v -14.034937 -14.490917 1.750000
v -14.452285 -12.760164 1.750000
v -15.104752 -9.287258 1.750000
v -15.343146 -7.520457 1.750000
v -15.521232 -5.757994 1.750000
v -7.528114 -33.708549 1.750000
v 13.924784 0.000000 29.332437
v 13.702907 0.000000 28.698349
v 13.345494 0.000000 28.129531
v 12.870469 0.000000 27.654506
v 12.301651 0.000000 27.297093
v 11.667563 0.000000 27.075216
v 10.919798 1.325903 27.000000
v 10.680360 2.632472 27.000000
v 10.285179 3.900654 27.000000
v 9.740016 5.111955 27.000000
v 9.052823 6.248712 27.000000
v 8.233618 7.294349 27.000000
v 7.294349 8.233618 27.000000
v 6.248712 9.052823 27.000000
v 5.111955 9.740016 27.000000
v 3.900654 10.285179 27.000000
v 2.632472 10.680360 27.000000
v 1.325903 10.919798 27.000000
v 0.000000 11.000000 27.000000
v -1.325903 10.919798 27.000000
v -2.632472 10.680360 27.000000
v -3.900654 10.285179 27.000000
v -5.111955 9.740016 27.000000
v -6.248712 9.052823 27.000000
v -7.294349 8.233618 27.000000
v -8.233618 7.294349 27.000000
v -9.052823 6.248712 27.000000
v -9.740016 5.111955 27.000000
v -10.285179 3.900654 27.000000
v -10.680360 2.632472 27.000000
v -10.919798 1.325903 27.000000
v -11.000000 -0.000000 27.000000
v -11.667563 0.000000 27.075216
v -12.301651 0.000000 27.297093
v -12.870469 0.000000 27.654506
v -13.345494 0.000000 28.129531
v -13.702907 0.000000 28.698349
v -13.924784 0.000000 29.332437
v -14.000000 0.000000 30.000000
v -13.923307 1.463398 30.000000
v -13.694066 2.910764 30.000000
v -13.314791 4.326238 30.000000
v -12.789636 5.694313 30.000000
v -12.124356 7.000000 30.000000
v -11.326238 8.228994 30.000000
v -10.404028 9.367828 30.000000
v -9.367828 10.404028 30.000000
v -8.228994 11.326238 30.000000
v -7.000000 12.124356 30.000000
v -5.694313 12.789636 30.000000
v -4.326238 13.314791 30.000000
v -2.910764 13.694066 30.000000
v -1.463398 13.923307 30.000000
v 0.000000 14.000000 30.000000
v 1.463398 13.923307 30.000000
v 2.910764 13.694066 30.000000
v 4.326238 13.314791 30.000000
v 5.694313 12.789636 30.000000
v 7.000000 12.124356 30.000000
v 8.228994 11.326238 30.000000
v 9.367828 10.404028 30.000000
v 10.404028 9.367828 30.000000
v 11.326238 8.228994 30.000000
v 12.124356 7.000000 30.000000
v 12.789636 5.694313 30.000000
v 13.314791 4.326238 30.000000
v 13.694066 2.910764 30.000000
v 13.923307 1.463398 30.000000
v 6.547685 9.657113 27.075216
v -6.547685 9.657113 27.075216
v 11.599167 1.261485 27.075216
v 12.229538 1.330042 27.297093
v 12.795022 1.391543 27.654506
v 13.267263 1.442902 28.129531
v 13.622580 1.481545 28.698349
v 13.843156 1.505534 29.332437
v 11.394782 2.508181 27.075216
v 12.014045 2.644491 27.297093
v 12.569565 2.766770 27.654506
v 13.033484 2.868887 28.129531
v 13.382540 2.945720 28.698349
v 13.599230 2.993417 29.332437
v 11.056803 3.725471 27.075216
v 11.657699 3.927936 27.297093
v 12.196741 4.109561 27.654506
v 12.646900 4.261237 28.129531
v 12.985603 4.375359 28.698349
v 13.195865 4.446205 29.332437
v 10.589193 4.899082 27.075216
v 11.164676 5.165329 27.297093
v 11.680922 5.404170 27.654506
v 12.112043 5.603628 28.129531
v 12.436421 5.753701 28.698349
v 12.637791 5.846865 29.332437
v 9.997435 6.015257 27.075216
v 10.540758 6.342164 27.297093
v 11.028154 6.635420 27.654506
v 11.435183 6.880321 28.129531
v 11.741434 7.064586 28.698349
v 11.931551 7.178976 29.332437
v 9.288466 7.060908 27.075216
v 9.793259 7.444642 27.297093
v 10.246091 7.788876 27.654506
v 10.624256 8.076349 28.129531
v 10.908789 8.292646 28.698349
v 11.085424 8.426920 29.332437
v 8.470598 8.023777 27.075216
v 8.930943 8.459839 27.297093
v 9.343903 8.851015 27.654506
v 9.688769 9.177689 28.129531
v 9.948248 9.423481 28.698349
v 10.109330 9.576066 29.332437
v 7.553420 8.892574 27.075216
v 7.963920 9.375852 27.297093
v 8.332165 9.809383 27.654506
v 8.639690 10.171429 28.129531
v 8.871074 10.443835 28.698349
v 9.014714 10.612942 29.332437
v 6.903528 10.181941 27.297093
v 7.222741 10.652746 27.654506
v 7.489319 11.045919 28.129531
v 7.689894 11.341745 28.698349
v 7.814409 11.525390 29.332437
v 4.318610 10.838894 27.075216
v 4.553310 11.427948 27.297093
v 4.763852 11.956366 27.654506
v 4.939677 12.397654 28.129531
v 5.071969 12.729681 28.698349
v 5.154094 12.935800 29.332437
v 6.522486 12.302714 29.332437
v 6.418557 12.106683 28.698349
v 6.251142 11.790905 28.129531
v 6.028637 11.371215 27.654506
v 5.762197 10.868657 27.297093
v 5.465185 10.308432 27.075216
v 3.121404 11.242280 27.075216
v 3.291040 11.853256 27.297093
v 3.443215 12.401341 27.654506
v 3.570298 12.859051 28.129531
v 3.665916 13.203436 28.698349
v 3.725274 13.417225 29.332437
v 1.887602 11.513860 27.075216
v 1.990186 12.139596 27.297093
v 2.082210 12.700921 27.654506
v 2.159061 13.169688 28.129531
v 2.216884 13.522392 28.698349
v 2.252779 13.741346 29.332437
v 0.631669 11.650451 27.075216
v 0.665998 12.283610 27.297093
v 0.696793 12.851594 27.654506
v 0.722511 13.325922 28.129531
v 0.741860 13.682810 28.698349
v 0.753873 13.904362 29.332437
v -0.631669 11.650451 27.075216
v -0.665998 12.283610 27.297093
v -0.696793 12.851594 27.654506
v -0.722511 13.325922 28.129531
v -0.741860 13.682810 28.698349
v -0.753873 13.904362 29.332437
v -1.887602 11.513860 27.075216
v -1.990186 12.139596 27.297093
v -2.082210 12.700921 27.654506
v -2.159061 13.169688 28.129531
v -2.216884 13.522392 28.698349
v -2.252779 13.741346 29.332437
v -3.121404 11.242280 27.075216
v -3.291040 11.853256 27.297093
v -3.443215 12.401341 27.654506
v -3.570298 12.859051 28.129531
v -3.665916 13.203436 28.698349
v -3.725274 13.417225 29.332437
v -4.318610 10.838894 27.075216
v -4.553310 11.427948 27.297093
v -4.763852 11.956366 27.654506
v -4.939677 12.397654 28.129531
v -5.071969 12.729681 28.698349
v -5.154094 12.935800 29.332437
v -5.465185 10.308432 27.075216
v -5.762197 10.868657 27.297093
v -6.028637 11.371215 27.654506
v -6.251142 11.790905 28.129531
v -6.418557 12.106683 28.698349
v -6.522486 12.302714 29.332437
v -7.553420 8.892574 27.075216
v -7.963920 9.375852 27.297093
v -8.332165 9.809383 27.654506
v -8.639690 10.171429 28.129531
v -8.871074 10.443835 28.698349
v -9.014714 10.612942 29.332437
v -7.814409 11.525390 29.332437
v -7.689894 11.341745 28.698349
v -7.489319 11.045919 28.129531
v -7.222741 10.652746 27.654506
v -6.903528 10.181941 27.297093
v -8.470598 8.023777 27.075216
v -8.930943 8.459839 27.297093
v -9.343903 8.851015 27.654506
v -9.688769 9.177689 28.129531
v -9.948248 9.423481 28.698349
v -10.109330 9.576066 29.332437
v -9.288466 7.060908 27.075216
v -9.793259 7.444642 27.297093
v -10.246091 7.788876 27.654506
v -10.624256 8.076349 28.129531
v -10.908789 8.292646 28.698349
v -11.085424 8.426920 29.332437
v -9.997435 6.015257 27.075216
v -10.540758 6.342164 27.297093
v -11.028154 6.635420 27.654506
v -11.435183 6.880321 28.129531
v -11.741434 7.064586 28.698349
v -11.931551 7.178976 29.332437
v -10.589193 4.899082 27.075216
v -11.164676 5.165329 27.297093
v -11.680922 5.404170 27.654506
v -12.112043 5.603628 28.129531
v -12.436421 5.753701 28.698349
v -12.637791 5.846865 29.332437
v -11.056803 3.725471 27.075216
v -11.657699 3.927936 27.297093
v -12.196741 4.109561 27.654506
v -12.646900 4.261237 28.129531
v -12.985603 4.375359 28.698349
v -13.195865 4.446205 29.332437
v -11.394782 2.508181 27.075216
v -12.014045 2.644491 27.297093
v -12.569565 2.766770 27.654506
v -13.033484 2.868887 28.129531
v -13.382540 2.945720 28.698349
v -13.599230 2.993417 29.332437
v -11.599167 1.261485 27.075216
v -12.229538 1.330042 27.297093
v -12.795022 1.391543 27.654506
v -13.267263 1.442902 28.129531
v -13.622580 1.481545 28.698349
v -13.843156 1.505534 29.332437
v -11.597698 -0.302935 27.060251
v -12.157780 -0.634959 27.233501
v -12.666090 -0.981487 27.509346
v -13.105220 -1.320237 27.873869
v -13.461780 -1.625463 28.310322
v -13.733043 -1.878260 28.814784
v -13.909326 -2.052962 29.387014
v -13.955268 -2.099935 29.689765
v -13.970865 -2.116118 30.000000
v 13.954944 -2.099667 29.686883
v 13.907826 -2.051492 29.379804
v 13.728598 -1.873966 28.804260
v 13.452959 -1.617650 28.297236
v 13.098543 -1.314756 27.867159
v 12.666793 -0.982217 27.509810
v 12.162300 -0.637786 27.235413
v 11.600234 -0.304500 27.060730
v -14.000000 0.000000 100.000000
v -13.923307 1.463398 100.000000
v -13.694066 2.910764 100.000000
v -13.314791 4.326238 100.000000
v -12.789636 5.694313 100.000000
v -12.124356 7.000000 100.000000
v -11.326238 8.228994 100.000000
v -10.404028 9.367828 100.000000
v -9.367828 10.404028 100.000000
v -8.228994 11.326238 100.000000
v -7.000000 12.124356 100.000000
v -5.694313 12.789636 100.000000
v -4.326238 13.314791 100.000000
v -2.910764 13.694066 100.000000
v -1.463398 13.923307 100.000000
v 0.000000 14.000000 100.000000
v 1.463398 13.923307 100.000000
v 2.910764 13.694066 100.000000
v 4.326238 13.314791 100.000000
v 5.694313 12.789636 100.000000
v 7.000000 12.124356 100.000000
v 8.228994 11.326238 100.000000
v 9.367828 10.404028 100.000000
v 10.404028 9.367828 100.000000
v 11.326238 8.228994 100.000000
v 12.124356 7.000000 100.000000
v 12.789636 5.694313 100.000000
v 13.314791 4.326238 100.000000
v 13.694066 2.910764 100.000000
v 13.923307 1.463398 100.000000
v 13.917931 1.513666 53.333333
v 13.917931 1.513666 76.666667
v 13.672688 3.009586 53.333333
v 13.672688 3.009586 76.666667
v 13.267144 4.470221 53.333333
v 13.267144 4.470221 76.666667
v 12.706056 5.878447 53.333333
v 12.706056 5.878447 76.666667
v 11.996000 7.217754 53.333333
v 11.996000 7.217754 76.666667
v 11.145303 8.472439 53.333333
v 11.145303 8.472439 76.666667
v 10.163937 9.627792 53.333333
v 10.163937 9.627792 76.666667
v 9.063408 10.670269 53.333333
v 9.063408 10.670269 76.666667
v 7.856619 11.587646 53.333333
v 7.856619 11.587646 76.666667
v 6.557718 12.369169 53.333333
v 6.557718 12.369169 76.666667
v 5.181934 13.005674 53.333333
v 5.181934 13.005674 76.666667
v 3.745397 13.489700 53.333333
v 3.745397 13.489700 76.666667
v 2.264948 13.815571 53.333333
v 2.264948 13.815571 76.666667
v 0.757945 13.979468 53.333333
v 0.757945 13.979468 76.666667
v -0.757945 13.979468 53.333333
v -0.757945 13.979468 76.666667
v -2.264948 13.815571 53.333333
v -2.264948 13.815571 76.666667
v -3.745397 13.489700 53.333333
v -3.745397 13.489700 76.666667
v -5.181934 13.005674 53.333333
v -5.181934 13.005674 76.666667
v -6.557718 12.369169 53.333333
v -6.557718 12.369169 76.666667
v -7.856619 11.587646 53.333333
v -7.856619 11.587646 76.666667
v -9.063408 10.670269 53.333333
v -9.063408 10.670269 76.666667
v -10.163937 9.627792 53.333333
v -10.163937 9.627792 76.666667
v -11.145303 8.472439 53.333333
v -11.145303 8.472439 76.666667
v -11.996000 7.217754 53.333333
v -11.996000 7.217754 76.666667
v -12.706056 5.878447 53.333333
v -12.706056 5.878447 76.666667
v -13.267144 4.470221 53.333333
v -13.267144 4.470221 76.666667
v -13.672688 3.009586 53.333333
v -13.672688 3.009586 76.666667
v -13.917931 1.513666 53.333333
v -13.917931 1.513666 76.666667
v -13.970865 -2.116118 27.000000
v -13.693731 -1.840530 15.000000
v -13.205674 -1.403251 15.000000
v -12.689941 -0.998987 15.000000
v -12.148832 -0.629349 15.000000
v -11.584726 -0.295848 15.000000
v -6.258398 -31.755693 100.000000
v -6.398592 -31.280782 100.000000
v -6.576722 -30.720214 100.000000
v -6.790798 -30.080946 100.000000
v -7.038830 -29.369934 100.000000
v -7.318701 -28.594353 100.000000
v -7.626494 -27.762788 100.000000
v -7.957780 -26.881603 100.000000
v -8.308274 -25.956609 100.000000
v -9.049758 -23.998450 100.000000
v -9.816682 -21.934812 100.000000
v -10.574773 -19.812192 100.000000
v -11.290014 -17.667987 100.000000
v -11.942030 -15.511538 100.000000
v -12.516177 -13.346871 100.000000
v -12.997808 -11.178013 100.000000
v -13.377448 -9.005969 100.000000
v -13.660417 -6.818308 100.000000
v -13.853786 -4.598867 100.000000
v -13.964625 -2.331485 100.000000
v -13.964625 -2.331485 67.833333
v -6.258398 -31.755693 67.833333
v -6.258398 -31.755693 35.666667
v -6.398592 -31.280782 35.666667
v -6.576722 -30.720214 35.666667
v -6.790798 -30.080946 35.666667
v -7.038830 -29.369934 35.666667
v -7.318701 -28.594353 35.666667
v -7.626494 -27.762788 35.666667
v -7.957780 -26.881603 35.666667
v -8.308274 -25.956609 35.666667
v -9.049758 -23.998450 35.666667
v -9.816682 -21.934812 35.666667
v -10.574773 -19.812192 35.666667
v -11.290014 -17.667987 35.666667
v -11.942030 -15.511538 35.666667
v -12.516177 -13.346871 35.666667
v -12.997808 -11.178013 35.666667
v -13.377448 -9.005969 35.666667
v -13.660417 -6.818308 35.666667
v -13.853786 -4.598867 35.666667
v -13.964625 -2.331485 35.666667
v -13.853786 -4.598867 67.833333
v -13.660417 -6.818308 67.833333
v -13.377448 -9.005969 67.833333
v -12.997808 -11.178013 67.833333
v -12.516177 -13.346871 67.833333
v -11.942030 -15.511538 67.833333
v -11.290014 -17.667987 67.833333
v -10.574773 -19.812192 67.833333
v -9.816682 -21.934812 67.833333
v -9.049758 -23.998450 67.833333
v -8.308274 -25.956609 67.833333
v -7.957780 -26.881603 67.833333
v -7.626494 -27.762788 67.833333
v -7.318701 -28.594353 67.833333
v -7.038830 -29.369934 67.833333
v -6.790798 -30.080946 67.833333
v -6.576722 -30.720214 67.833333
v -6.398592 -31.280782 67.833333
v 11.584726 -0.295848 15.000000
v 12.148832 -0.629349 15.000000
v 12.689941 -0.998987 15.000000
v 13.205674 -1.403251 15.000000
v 13.693731 -1.840530 15.000000
v 10.919798 1.325903 100.000000
v 10.680360 2.632472 100.000000
v 10.285179 3.900654 100.000000
v 9.740016 5.111955 100.000000
v 9.052823 6.248712 100.000000
v 8.233618 7.294349 100.000000
v 7.294349 8.233618 100.000000
v 6.248712 9.052823 100.000000
v 5.111955 9.740016 100.000000
v 3.900654 10.285179 100.000000
v 2.632472 10.680360 100.000000
v 1.325903 10.919798 100.000000
v 0.000000 11.000000 100.000000
v -1.325903 10.919798 100.000000
v -2.632472 10.680360 100.000000
v -3.900654 10.285179 100.000000
v -5.111955 9.740016 100.000000
v -6.248712 9.052823 100.000000
v -7.294349 8.233618 100.000000
v -8.233618 7.294349 100.000000
v -9.052823 6.248712 100.000000
v -9.740016 5.111955 100.000000
v -10.285179 3.900654 100.000000
v -10.680360 2.632472 100.000000
v -10.919798 1.325903 100.000000
v -11.000000 0.000000 100.000000
v -10.919798 1.325903 51.333333
v -10.919798 1.325903 75.666667
v -10.680360 2.632472 51.333333
v -10.680360 2.632472 75.666667
v -10.285179 3.900654 51.333333
v -10.285179 3.900654 75.666667
v -9.740016 5.111955 51.333333
v -9.740016 5.111955 75.666667
v -9.052823 6.248712 51.333333
v -9.052823 6.248712 75.666667
v -8.233618 7.294349 51.333333
v -8.233618 7.294349 75.666667
v -7.294349 8.233618 51.333333
v -7.294349 8.233618 75.666667
v -6.248712 9.052823 51.333333
v -6.248712 9.052823 75.666667
v -5.111955 9.740016 51.333333
v -5.111955 9.740016 75.666667
v -3.900654 10.285179 51.333333
v -3.900654 10.285179 75.666667
v -2.632472 10.680360 51.333333
v -2.632472 10.680360 75.666667
v -1.325903 10.919798 51.333333
v -1.325903 10.919798 75.666667
v -0.000000 11.000000 51.333333
v -0.000000 11.000000 75.666667
v 1.325903 10.919798 51.333333
v 1.325903 10.919798 75.666667
v 2.632472 10.680360 51.333333
v 2.632472 10.680360 75.666667
v 3.900654 10.285179 51.333333
v 3.900654 10.285179 75.666667
v 5.111955 9.740016 51.333333
v 5.111955 9.740016 75.666667
v 6.248712 9.052823 51.333333
v 6.248712 9.052823 75.666667
v 7.294349 8.233618 51.333333
v 7.294349 8.233618 75.666667
v 8.233618 7.294349 51.333333
v 8.233618 7.294349 75.666667
v 9.052823 6.248712 51.333333
v 9.052823 6.248712 75.666667
v 9.740016 5.111955 51.333333
v 9.740016 5.111955 75.666667
v 10.285179 3.900654 51.333333
v 10.285179 3.900654 75.666667
v 10.680360 2.632472 51.333333
v 10.680360 2.632472 75.666667
v 10.919798 1.325903 51.333333
v 10.919798 1.325903 75.666667
v -10.966205 -2.235259 100.000000
v -10.860811 -4.393189 100.000000
v -10.677804 -6.492958 100.000000
v -10.411168 -8.553735 100.000000
v -10.054890 -10.594690 100.000000
v -9.602858 -12.635973 100.000000
v -9.057519 -14.690370 100.000000
v -8.432180 -16.755520 100.000000
v -7.740618 -18.828241 100.000000
v -7.000373 -20.901019 100.000000
v -6.244257 -22.937840 100.000000
v -5.505561 -24.891898 100.000000
v -5.153082 -25.823272 100.000000
v -4.817363 -26.716411 100.000000
v -4.502537 -27.565469 100.000000
v -4.212739 -28.364598 100.000000
v -3.952105 -29.107950 100.000000
v -3.723873 -29.789291 100.000000
v -3.529388 -30.403285 100.000000
v -3.369907 -30.945373 100.000000
v -3.369907 -30.945373 65.666667
v -10.966205 -2.235259 65.666667
v -10.966205 -2.235259 31.333333
v -10.860811 -4.393189 31.333333
v -10.677804 -6.492958 31.333333
v -10.411168 -8.553735 31.333333
v -10.054890 -10.594690 31.333333
v -9.602858 -12.635973 31.333333
v -9.057519 -14.690370 31.333333
v -8.432180 -16.755520 31.333333
v -7.740618 -18.828241 31.333333
v -7.000373 -20.901019 31.333333
v -6.244257 -22.937840 31.333333
v -5.505561 -24.891898 31.333333
v -5.153082 -25.823272 31.333333
v -4.817363 -26.716411 31.333333
v -4.502537 -27.565469 31.333333
v -4.212739 -28.364598 31.333333
v -3.952105 -29.107950 31.333333
v -3.723873 -29.789291 31.333333
v -3.529388 -30.403285 31.333333
v -3.369907 -30.945373 31.333333
v -3.529388 -30.403285 65.666667
v -3.723873 -29.789291 65.666667
v -3.952105 -29.107950 65.666667
v -4.212739 -28.364598 65.666667
v -4.502537 -27.565469 65.666667
v -4.817363 -26.716411 65.666667
v -5.153082 -25.823272 65.666667
v -5.505561 -24.891898 65.666667
v -6.244257 -22.937840 65.666667
v -7.000373 -20.901019 65.666667
v -7.740618 -18.828241 65.666667
v -8.432180 -16.755520 65.666667
v -9.057519 -14.690370 65.666667
v -9.602858 -12.635973 65.666667
v -10.054890 -10.594690 65.666667
v -10.411168 -8.553735 65.666667
v -10.677804 -6.492958 65.666667
v -10.860811 -4.393189 65.666667
vt -0.436090 -0.235619 0.000000
vt -0.163910 -0.235619 0.000000
vt -0.436677 -0.234846 0.000000
vt -0.163323 -0.234846 0.000000
vt -0.123079 -0.181465 0.000000
vt -0.476921 -0.181465 0.000000
vt -0.083700 -0.127485 0.000000
vt -0.516300 -0.127485 0.000000
vt -0.046114 -0.072280 0.000000
vt -0.553886 -0.072280 0.000000
vt -0.011502 -0.015295 0.000000
vt -0.588498 -0.015295 0.000000
vt 0.018661 0.043966 0.000000
vt -0.618661 0.043966 0.000000
vt 0.042530 0.105739 0.000000
vt -0.642530 0.105739 0.000000
vt 0.051478 0.137591 0.000000
vt -0.651478 0.137591 0.000000
vt 0.058092 0.169996 0.000000
vt -0.658092 0.169996 0.000000
vt 0.062139 0.202642 0.000000
vt -0.662139 0.202642 0.000000
vt 0.063512 0.235619 0.000000
vt -0.663512 0.235619 0.000000
vt -0.471239 -1.995461 0.000000
vt -0.424395 -1.324781 0.000000
vt -0.471239 -0.204587 0.000000
vt -0.424395 -0.719135 0.000000
vt -0.470466 -0.204060 0.000000
vt -0.417086 -0.167856 0.000000
vt -0.377551 -0.719135 0.000000
vt -0.377551 -0.167666 0.000000
vt -0.330707 -0.719135 0.000000
vt -0.330707 -0.167441 0.000000
vt -0.283863 -0.719135 0.000000
vt -0.283863 -0.167216 0.000000
vt -0.235619 -0.719135 0.000000
vt -0.235619 -0.166984 0.000000
vt -0.193453 -0.719135 0.000000
vt -0.193453 -0.166781 0.000000
vt -0.151287 -0.719135 0.000000
vt -0.151287 -0.166579 0.000000
vt -0.109120 -0.719135 0.000000
vt -0.109120 -0.166376 0.000000
vt -0.066954 -0.719135 0.000000
vt -0.066954 -0.166174 0.000000
vt -0.000000 -0.000000 0.000000
vt -0.032977 -0.001235 0.000000
vt -0.471239 -2.123033 0.000000
vt -0.424395 -2.067189 0.000000
vt -0.424395 -1.995461 0.000000
vt -0.424395 -1.764990 0.000000
vt -0.377551 -1.995461 0.000000
vt -0.377551 -1.764990 0.000000
vt -0.330707 -1.995461 0.000000
vt -0.330707 -1.764990 0.000000
vt -0.283863 -1.995461 0.000000
vt -0.283863 -1.764990 0.000000
vt -0.235619 -1.995461 0.000000
vt -0.235619 -1.764990 0.000000
vt -0.193453 -1.995461 0.000000
vt -0.193453 -1.764990 0.000000
vt -0.151287 -1.995461 0.000000
vt -0.151287 -1.764990 0.000000
vt -0.109120 -1.995461 0.000000
vt -0.109120 -1.764990 0.000000
vt -0.066954 -1.995461 0.000000
vt -0.066954 -1.764990 0.000000
vt -0.000000 -1.995461 0.000000
vt -0.066954 -1.324781 0.000000
vt -0.424395 -2.138916 0.000000
vt -0.471239 -2.250605 0.000000
vt -0.424395 -2.282372 0.000000
vt -0.471239 -2.505749 0.000000
vt -0.424395 -2.565181 0.000000
vt -0.471239 -3.016037 0.000000
vt -0.424395 -2.960704 0.000000
vt -0.424395 -3.158466 0.000000
vt -0.377551 -3.158466 0.000000
vt -0.377551 -3.356228 0.000000
vt -0.330707 -3.356228 0.000000
vt -0.330707 -3.526325 0.000000
vt -0.283863 -3.526325 0.000000
vt -0.283863 -3.696420 0.000000
vt -0.235619 -3.696420 0.000000
vt -0.235619 -3.866517 0.000000
vt -0.193453 -3.866517 0.000000
vt -0.201958 -4.036613 0.000000
vt -0.151287 -3.866517 0.000000
vt -0.134642 -4.036613 0.000000
vt -0.109120 -3.866517 0.000000
vt -0.067317 -4.036613 0.000000
vt -0.066954 -3.866517 0.000000
vt -0.000000 -3.892606 0.000000
vt -0.000000 -3.747798 0.000000
vt -0.471239 -3.271181 0.000000
vt -0.424395 -3.356228 0.000000
vt -0.377551 -3.526325 0.000000
vt -0.330707 -3.696420 0.000000
vt -0.283863 -3.866517 0.000000
vt -0.269281 -4.036613 0.000000
vt -0.471239 -3.526325 0.000000
vt -0.424395 -3.526325 0.000000
vt -0.377551 -3.696420 0.000000
vt -0.330707 -3.866517 0.000000
vt -0.336597 -4.036613 0.000000
vt -0.424395 -3.696420 0.000000
vt -0.471239 -3.781469 0.000000
vt -0.424395 -3.866517 0.000000
vt -0.471239 -4.036613 0.000000
vt -0.403922 -4.036613 0.000000
vt -0.377551 -3.866517 0.000000
vt -0.000000 -4.036613 0.000000
vt -0.066954 -3.696420 0.000000
vt -0.000000 -3.602401 0.000000
vt -0.066954 -3.526324 0.000000
vt -0.000000 -3.456631 0.000000
vt -0.066954 -3.356228 0.000000
vt -0.000000 -3.164825 0.000000
vt -0.066954 -3.158466 0.000000
vt -0.066954 -2.960704 0.000000
vt -0.109120 -2.960704 0.000000
vt -0.109120 -2.565181 0.000000
vt -0.151287 -2.565181 0.000000
vt -0.151287 -2.282372 0.000000
vt -0.193453 -2.282372 0.000000
vt -0.193453 -2.138916 0.000000
vt -0.235619 -2.138916 0.000000
vt -0.235619 -2.067189 0.000000
vt -0.283863 -2.067189 0.000000
vt -0.000000 -2.875239 0.000000
vt -0.000000 -2.734561 0.000000
vt -0.066954 -2.565181 0.000000
vt -0.000000 -2.598838 0.000000
vt -0.000000 -2.469795 0.000000
vt -0.066954 -2.282372 0.000000
vt -0.000000 -2.349290 0.000000
vt -0.000000 -2.239356 0.000000
vt -0.000000 -2.189082 0.000000
vt -0.000000 -2.142397 0.000000
vt -0.066954 -2.138916 0.000000
vt -0.000000 -2.099643 0.000000
vt -0.066954 -2.067189 0.000000
vt -0.000000 -2.060734 0.000000
vt -0.000000 -2.025846 0.000000
vt -0.065620 -0.004875 0.000000
vt -0.098026 -0.010825 0.000000
vt -0.129882 -0.018875 0.000000
vt -0.191653 -0.040348 0.000000
vt -0.250916 -0.067482 0.000000
vt -0.307897 -0.098619 0.000000
vt -0.363106 -0.132431 0.000000
vt -0.377551 -1.324781 0.000000
vt -0.330707 -1.324781 0.000000
vt -0.283863 -1.324781 0.000000
vt -0.235619 -1.324781 0.000000
vt -0.193453 -1.324781 0.000000
vt -0.151287 -1.324781 0.000000
vt -0.109120 -1.324781 0.000000
vt -0.377551 -2.067189 0.000000
vt -0.377551 -2.138916 0.000000
vt -0.377551 -2.282372 0.000000
vt -0.377551 -2.565181 0.000000
vt -0.377551 -2.960704 0.000000
vt -0.330707 -2.067189 0.000000
vt -0.330707 -2.138916 0.000000
vt -0.330707 -2.282372 0.000000
vt -0.330707 -2.565181 0.000000
vt -0.330707 -2.960704 0.000000
vt -0.330707 -3.158466 0.000000
vt -0.283863 -2.138916 0.000000
vt -0.235619 -2.282372 0.000000
vt -0.193453 -2.565181 0.000000
vt -0.151287 -2.960704 0.000000
vt -0.109120 -3.158466 0.000000
vt -0.193453 -2.067189 0.000000
vt -0.151287 -2.067189 0.000000
vt -0.151287 -2.138916 0.000000
vt -0.109120 -2.067189 0.000000
vt -0.109120 -2.138916 0.000000
vt -0.109120 -2.282372 0.000000
vt -0.283863 -2.282372 0.000000
vt -0.283863 -2.565181 0.000000
vt -0.283863 -2.960704 0.000000
vt -0.283863 -3.158466 0.000000
vt -0.283863 -3.356228 0.000000
vt -0.235619 -2.565181 0.000000
vt -0.193453 -2.960704 0.000000
vt -0.151287 -3.158466 0.000000
vt -0.109120 -3.356228 0.000000
vt -0.235619 -2.960704 0.000000
vt -0.235619 -3.158466 0.000000
vt -0.235619 -3.356228 0.000000
vt -0.235619 -3.526324 0.000000
vt -0.193453 -3.158466 0.000000
vt -0.151287 -3.356228 0.000000
vt -0.109120 -3.526324 0.000000
vt -0.193453 -3.356228 0.000000
vt -0.193453 -3.526324 0.000000
vt -0.193453 -3.696420 0.000000
vt -0.151287 -3.526324 0.000000
vt -0.109120 -3.696420 0.000000
vt -0.151287 -3.696420 0.000000
vt -0.053927 1.058785 0.000000
vt -0.067182 1.007066 0.000000
vt -0.000046 1.016229 0.000000
vt -0.067182 0.939928 0.000000
vt -0.000011 0.889200 0.000000
vt -0.067182 0.872790 0.000000
vt -0.067182 0.805653 0.000000
vt -0.109291 0.872790 0.000000
vt -0.109291 0.805653 0.000000
vt -0.151401 0.872790 0.000000
vt -0.151401 0.805653 0.000000
vt -0.193510 0.872790 0.000000
vt -0.193510 0.805653 0.000000
vt -0.235619 0.872790 0.000000
vt -0.235619 0.805653 0.000000
vt -0.284102 0.872790 0.000000
vt -0.284102 0.805653 0.000000
vt -0.330886 0.872790 0.000000
vt -0.330886 0.805653 0.000000
vt -0.377670 0.872790 0.000000
vt -0.377670 0.805653 0.000000
vt -0.424455 0.872790 0.000000
vt -0.424455 0.805653 0.000000
vt -0.471239 0.822047 0.000000
vt -0.471239 0.747315 0.000000
vt -0.109150 1.095232 0.000000
vt -0.109291 1.007066 0.000000
vt -0.109291 0.939928 0.000000
vt -0.166098 1.125966 0.000000
vt -0.151401 1.074204 0.000000
vt -0.109291 1.074204 0.000000
vt -0.151401 1.007066 0.000000
vt -0.193510 1.074204 0.000000
vt -0.193510 1.007066 0.000000
vt -0.235619 1.074204 0.000000
vt -0.235619 1.007066 0.000000
vt -0.284102 1.074204 0.000000
vt -0.284102 1.007066 0.000000
vt -0.330886 1.074204 0.000000
vt -0.330886 1.007066 0.000000
vt -0.377670 1.074204 0.000000
vt -0.377670 1.007066 0.000000
vt -0.424455 1.074204 0.000000
vt -0.424455 1.007066 0.000000
vt -0.471239 1.046241 0.000000
vt -0.471239 0.971510 0.000000
vt -0.224473 1.150988 0.000000
vt -0.193510 1.134954 0.000000
vt -0.235619 1.134954 0.000000
vt -0.284570 1.170532 0.000000
vt -0.284102 1.134954 0.000000
vt -0.330886 1.134954 0.000000
vt -0.345844 1.184476 0.000000
vt -0.377670 1.134954 0.000000
vt -0.408312 1.192889 0.000000
vt -0.424455 1.134954 0.000000
vt -0.471239 1.195705 0.000000
vt -0.471239 1.120973 0.000000
vt -0.424455 0.939928 0.000000
vt -0.471239 0.896778 0.000000
vt -0.424455 0.738515 0.000000
vt -0.471239 0.672584 0.000000
vt -0.424455 0.671377 0.000000
vt -0.424455 0.604240 0.000000
vt -0.377670 0.604240 0.000000
vt -0.377670 0.537102 0.000000
vt -0.330886 0.537102 0.000000
vt -0.330886 0.469964 0.000000
vt -0.284102 0.469964 0.000000
vt -0.284102 0.402826 0.000000
vt -0.235619 0.402826 0.000000
vt -0.235619 0.335689 0.000000
vt -0.193510 0.335689 0.000000
vt -0.193510 0.268551 0.000000
vt -0.151401 0.268551 0.000000
vt -0.151401 0.201413 0.000000
vt -0.109291 0.201413 0.000000
vt -0.109291 0.134275 0.000000
vt -0.067182 0.134275 0.000000
vt -0.067182 0.067138 0.000000
vt -0.000000 0.127028 0.000000
vt -0.000000 0.000000 0.000000
vt -0.067317 0.000000 0.000000
vt -0.109291 0.067138 0.000000
vt -0.134642 0.000000 0.000000
vt -0.151401 0.067138 0.000000
vt -0.201958 0.000000 0.000000
vt -0.193510 0.067138 0.000000
vt -0.235619 0.067138 0.000000
vt -0.235619 0.134275 0.000000
vt -0.284102 0.134275 0.000000
vt -0.284102 0.201413 0.000000
vt -0.330886 0.201413 0.000000
vt -0.330886 0.268551 0.000000
vt -0.377670 0.268551 0.000000
vt -0.377670 0.335689 0.000000
vt -0.424455 0.335689 0.000000
vt -0.424455 0.402826 0.000000
vt -0.471239 0.373658 0.000000
vt -0.471239 0.448389 0.000000
vt -0.424455 0.469964 0.000000
vt -0.471239 0.523121 0.000000
vt -0.424455 0.537102 0.000000
vt -0.471239 0.597852 0.000000
vt -0.471239 0.298926 0.000000
vt -0.424455 0.268551 0.000000
vt -0.377670 0.201413 0.000000
vt -0.330886 0.134275 0.000000
vt -0.284102 0.067138 0.000000
vt -0.269281 0.000000 0.000000
vt -0.471239 0.224195 0.000000
vt -0.424455 0.201413 0.000000
vt -0.377670 0.134275 0.000000
vt -0.330886 0.067138 0.000000
vt -0.336597 0.000000 0.000000
vt -0.471239 0.149463 0.000000
vt -0.424455 0.134275 0.000000
vt -0.377670 0.067138 0.000000
vt -0.471239 0.074732 0.000000
vt -0.424455 0.067138 0.000000
vt -0.403922 0.000000 0.000000
vt -0.471239 0.000000 0.000000
vt -0.067182 0.201413 0.000000
vt -0.000000 0.254057 0.000000
vt -0.067182 0.268551 0.000000
vt -0.067182 0.335689 0.000000
vt -0.109291 0.335689 0.000000
vt -0.109291 0.402826 0.000000
vt -0.151401 0.402826 0.000000
vt -0.151401 0.469964 0.000000
vt -0.193510 0.469964 0.000000
vt -0.193510 0.537102 0.000000
vt -0.235619 0.537102 0.000000
vt -0.235619 0.604240 0.000000
vt -0.284102 0.604240 0.000000
vt -0.284102 0.671377 0.000000
vt -0.330886 0.671377 0.000000
vt -0.330886 0.738515 0.000000
vt -0.377670 0.738515 0.000000
vt -0.000000 0.381085 0.000000
vt -0.067182 0.402826 0.000000
vt -0.109291 0.469964 0.000000
vt -0.151401 0.537102 0.000000
vt -0.193510 0.604240 0.000000
vt -0.235619 0.671377 0.000000
vt -0.284102 0.738515 0.000000
vt -0.067182 0.469964 0.000000
vt -0.000000 0.508113 0.000000
vt -0.067182 0.537102 0.000000
vt -0.067182 0.604240 0.000000
vt -0.109291 0.604240 0.000000
vt -0.109291 0.671377 0.000000
vt -0.151401 0.671377 0.000000
vt -0.151401 0.738515 0.000000
vt -0.193510 0.738515 0.000000
vt -0.000000 0.635141 0.000000
vt -0.067182 0.671377 0.000000
vt -0.109291 0.738515 0.000000
vt -0.000000 0.762170 0.000000
vt -0.067182 0.738515 0.000000
vt -0.377670 0.939928 0.000000
vt -0.330886 0.939928 0.000000
vt -0.284102 0.939928 0.000000
vt -0.235619 0.939928 0.000000
vt -0.193510 0.939928 0.000000
vt -0.151401 0.939928 0.000000
vt -0.235619 0.738515 0.000000
vt -0.377670 0.671377 0.000000
vt -0.330886 0.604240 0.000000
vt -0.284102 0.537102 0.000000
vt -0.235619 0.469964 0.000000
vt -0.193510 0.402826 0.000000
vt -0.151401 0.335689 0.000000
vt -0.109291 0.268551 0.000000
vt -0.193510 0.671377 0.000000
vt -0.151401 0.604240 0.000000
vt -0.377670 0.469964 0.000000
vt -0.330886 0.402826 0.000000
vt -0.284102 0.335689 0.000000
vt -0.235619 0.268551 0.000000
vt -0.193510 0.201413 0.000000
vt -0.151401 0.134275 0.000000
vt -0.109291 0.537102 0.000000
vt -0.377670 0.402826 0.000000
vt -0.330886 0.335689 0.000000
vt -0.284102 0.268551 0.000000
vt -0.235619 0.201413 0.000000
vt -0.193510 0.134275 0.000000
vt -0.471239 0.074732 0.000000
vt -0.471239 -0.000000 0.000000
vt -0.424468 0.074732 0.000000
vt -0.408335 0.002813 0.000000
vt -0.377696 0.074732 0.000000
vt -0.345888 0.011221 0.000000
vt -0.330925 0.074732 0.000000
vt -0.284610 0.025162 0.000000
vt -0.284154 0.074732 0.000000
vt -0.235619 0.074732 0.000000
vt -0.284154 0.149463 0.000000
vt -0.235619 0.149463 0.000000
vt -0.284154 0.224195 0.000000
vt -0.235619 0.224195 0.000000
vt -0.284154 0.298926 0.000000
vt -0.235619 0.298926 0.000000
vt -0.284154 0.373658 0.000000
vt -0.235619 0.373658 0.000000
vt -0.284154 0.448389 0.000000
vt -0.235619 0.448389 0.000000
vt -0.284154 0.523121 0.000000
vt -0.235619 0.523121 0.000000
vt -0.284154 0.597852 0.000000
vt -0.235619 0.597852 0.000000
vt -0.284154 0.672584 0.000000
vt -0.235619 0.672584 0.000000
vt -0.284154 0.747315 0.000000
vt -0.235619 0.747315 0.000000
vt -0.284154 0.822047 0.000000
vt -0.235619 0.822047 0.000000
vt -0.284154 0.896778 0.000000
vt -0.235619 0.896778 0.000000
vt -0.284154 0.971510 0.000000
vt -0.235619 0.971510 0.000000
vt -0.284154 1.046242 0.000000
vt -0.235619 1.046242 0.000000
vt -0.284154 1.120973 0.000000
vt -0.235619 1.120973 0.000000
vt -0.269281 1.195705 0.000000
vt -0.201958 1.195705 0.000000
vt -0.193523 1.120973 0.000000
vt -0.151426 1.120973 0.000000
vt -0.151426 1.046242 0.000000
vt -0.109329 1.046242 0.000000
vt -0.109329 0.971510 0.000000
vt -0.067232 0.971510 0.000000
vt -0.067232 0.896778 0.000000
vt -0.000000 0.941648 0.000000
vt -0.000000 0.814620 0.000000
vt -0.067232 0.822047 0.000000
vt -0.067232 0.747315 0.000000
vt -0.109329 0.822047 0.000000
vt -0.109329 0.747315 0.000000
vt -0.151426 0.822047 0.000000
vt -0.151426 0.747315 0.000000
vt -0.193523 0.822047 0.000000
vt -0.193523 0.747315 0.000000
vt -0.224536 0.044698 0.000000
vt -0.193523 0.074732 0.000000
vt -0.193523 0.149463 0.000000
vt -0.193523 0.224195 0.000000
vt -0.193523 0.298926 0.000000
vt -0.193523 0.373658 0.000000
vt -0.193523 0.448389 0.000000
vt -0.193523 0.523121 0.000000
vt -0.193523 0.597852 0.000000
vt -0.193523 0.672584 0.000000
vt -0.166162 0.069722 0.000000
vt -0.151426 0.149463 0.000000
vt -0.109231 0.100454 0.000000
vt -0.109329 0.149463 0.000000
vt -0.067232 0.149463 0.000000
vt -0.109329 0.224195 0.000000
vt -0.067232 0.224195 0.000000
vt -0.109329 0.298926 0.000000
vt -0.067232 0.298926 0.000000
vt -0.109329 0.373658 0.000000
vt -0.067232 0.373658 0.000000
vt -0.109329 0.448389 0.000000
vt -0.067232 0.448389 0.000000
vt -0.109329 0.523121 0.000000
vt -0.067232 0.523121 0.000000
vt -0.109329 0.597852 0.000000
vt -0.067232 0.597852 0.000000
vt -0.109329 0.672584 0.000000
vt -0.067232 0.672584 0.000000
vt -0.053918 0.136981 0.000000
vt -0.000126 0.179483 0.000000
vt -0.000103 0.306491 0.000000
vt -0.000013 0.433531 0.000000
vt -0.000000 0.560563 0.000000
vt -0.000000 0.687592 0.000000
vt -0.000000 1.068676 0.000000
vt -0.067232 1.046242 0.000000
vt -0.109329 1.120973 0.000000
vt -0.134642 1.195705 0.000000
vt -0.067232 1.120973 0.000000
vt -0.000000 1.195705 0.000000
vt -0.067317 1.195705 0.000000
vt -0.336597 1.195705 0.000000
vt -0.330925 1.120973 0.000000
vt -0.330925 1.046242 0.000000
vt -0.330925 0.971510 0.000000
vt -0.330925 0.896778 0.000000
vt -0.330925 0.822047 0.000000
vt -0.330925 0.747315 0.000000
vt -0.330925 0.672584 0.000000
vt -0.330925 0.597852 0.000000
vt -0.330925 0.523121 0.000000
vt -0.330925 0.448389 0.000000
vt -0.330925 0.373658 0.000000
vt -0.330925 0.298926 0.000000
vt -0.330925 0.224195 0.000000
vt -0.330925 0.149463 0.000000
vt -0.377696 1.120973 0.000000
vt -0.403922 1.195705 0.000000
vt -0.424468 1.120973 0.000000
vt -0.471239 1.195705 0.000000
vt -0.471239 1.120973 0.000000
vt -0.424468 1.046242 0.000000
vt -0.471239 1.046242 0.000000
vt -0.424468 0.971510 0.000000
vt -0.471239 0.971510 0.000000
vt -0.424468 0.896778 0.000000
vt -0.471239 0.896778 0.000000
vt -0.424468 0.822047 0.000000
vt -0.471239 0.822047 0.000000
vt -0.424468 0.747315 0.000000
vt -0.471239 0.747315 0.000000
vt -0.424468 0.672584 0.000000
vt -0.471239 0.672584 0.000000
vt -0.424468 0.597852 0.000000
vt -0.471239 0.597852 0.000000
vt -0.424468 0.523121 0.000000
vt -0.471239 0.523121 0.000000
vt -0.424468 0.448389 0.000000
vt -0.471239 0.448389 0.000000
vt -0.424468 0.373658 0.000000
vt -0.471239 0.373658 0.000000
vt -0.424468 0.298926 0.000000
vt -0.471239 0.298926 0.000000
vt -0.424468 0.224195 0.000000
vt -0.471239 0.224195 0.000000
vt -0.424468 0.149463 0.000000
vt -0.471239 0.149463 0.000000
vt -0.377696 0.149463 0.000000
vt -0.377696 0.224195 0.000000
vt -0.377696 0.298926 0.000000
vt -0.377696 0.373658 0.000000
vt -0.377696 0.448389 0.000000
vt -0.377696 0.523121 0.000000
vt -0.377696 0.597852 0.000000
vt -0.377696 0.672584 0.000000
vt -0.377696 0.747315 0.000000
vt -0.377696 0.822047 0.000000
vt -0.377696 0.896778 0.000000
vt -0.377696 0.971510 0.000000
vt -0.377696 1.046242 0.000000
vt -0.151426 0.224195 0.000000
vt -0.151426 0.298926 0.000000
vt -0.151426 0.373658 0.000000
vt -0.151426 0.448389 0.000000
vt -0.151426 0.523121 0.000000
vt -0.151426 0.597852 0.000000
vt -0.151426 0.672584 0.000000
vt -0.109329 0.896778 0.000000
vt -0.151426 0.896778 0.000000
vt -0.151426 0.971510 0.000000
vt -0.193523 0.896778 0.000000
vt -0.193523 0.971510 0.000000
vt -0.193523 1.046242 0.000000
vt -0.471239 4.036613 0.000000
vt -0.471239 2.041152 0.000000
vt -0.438262 4.035379 0.000000
vt -0.424397 3.317478 0.000000
vt -0.424397 3.870536 0.000000
vt -0.377555 3.870311 0.000000
vt -0.405619 4.031738 0.000000
vt -0.373213 4.025788 0.000000
vt -0.341357 4.017739 0.000000
vt -0.330714 3.870086 0.000000
vt -0.279586 3.996265 0.000000
vt -0.283872 3.869861 0.000000
vt -0.235619 3.869629 0.000000
vt -0.283872 3.317478 0.000000
vt -0.235619 3.317478 0.000000
vt -0.235619 2.711833 0.000000
vt -0.193454 2.711833 0.000000
vt -0.193454 2.271623 0.000000
vt -0.151290 2.271623 0.000000
vt -0.151290 2.041152 0.000000
vt -0.109125 2.041152 0.000000
vt -0.109125 1.969425 0.000000
vt -0.066960 1.969425 0.000000
vt -0.066960 1.897697 0.000000
vt -0.000000 1.913580 0.000000
vt -0.000000 1.786008 0.000000
vt -0.066960 1.754241 0.000000
vt -0.000000 1.530864 0.000000
vt -0.066960 1.471432 0.000000
vt -0.000000 1.020576 0.000000
vt -0.066960 1.075909 0.000000
vt -0.066960 0.878147 0.000000
vt -0.109125 1.075909 0.000000
vt -0.109125 0.878147 0.000000
vt -0.151290 1.075909 0.000000
vt -0.151290 0.878147 0.000000
vt -0.193454 1.075909 0.000000
vt -0.193454 0.878147 0.000000
vt -0.235619 1.075909 0.000000
vt -0.235619 0.878147 0.000000
vt -0.283872 1.075909 0.000000
vt -0.283872 0.878147 0.000000
vt -0.330714 1.075909 0.000000
vt -0.330714 0.878147 0.000000
vt -0.377555 1.075909 0.000000
vt -0.377555 0.878147 0.000000
vt -0.424397 1.075909 0.000000
vt -0.424397 0.878147 0.000000
vt -0.471239 0.871789 0.000000
vt -0.424397 0.680386 0.000000
vt -0.471239 0.579982 0.000000
vt -0.424397 0.510289 0.000000
vt -0.471239 0.434212 0.000000
vt -0.424397 0.340193 0.000000
vt -0.471239 0.288815 0.000000
vt -0.424397 0.170096 0.000000
vt -0.471239 0.144007 0.000000
vt -0.471239 0.000000 0.000000
vt -0.471239 2.010768 0.000000
vt -0.424397 1.969425 0.000000
vt -0.424397 2.041152 0.000000
vt -0.424397 2.271623 0.000000
vt -0.377555 2.041152 0.000000
vt -0.377555 2.271623 0.000000
vt -0.330714 2.041152 0.000000
vt -0.330714 2.271623 0.000000
vt -0.283872 2.041152 0.000000
vt -0.283872 2.271623 0.000000
vt -0.235619 2.041152 0.000000
vt -0.235619 2.271623 0.000000
vt -0.193454 2.041152 0.000000
vt -0.471239 1.975879 0.000000
vt -0.471239 1.936970 0.000000
vt -0.424397 1.897697 0.000000
vt -0.471239 1.894216 0.000000
vt -0.424397 1.754241 0.000000
vt -0.471239 1.847531 0.000000
vt -0.471239 1.797257 0.000000
vt -0.471239 1.687323 0.000000
vt -0.471239 1.566818 0.000000
vt -0.424397 1.471432 0.000000
vt -0.471239 1.437775 0.000000
vt -0.471239 1.302052 0.000000
vt -0.471239 1.161374 0.000000
vt -0.403922 0.000000 0.000000
vt -0.377555 0.170096 0.000000
vt -0.377555 0.340193 0.000000
vt -0.377555 0.510289 0.000000
vt -0.330714 0.510289 0.000000
vt -0.377555 0.680386 0.000000
vt -0.330714 0.680386 0.000000
vt -0.336597 0.000000 0.000000
vt -0.330714 0.170096 0.000000
vt -0.330714 0.340193 0.000000
vt -0.283872 0.510289 0.000000
vt -0.283872 0.680386 0.000000
vt -0.283872 0.170096 0.000000
vt -0.269281 0.000000 0.000000
vt -0.235619 0.170096 0.000000
vt -0.201958 0.000000 0.000000
vt -0.193454 0.170096 0.000000
vt -0.151290 0.170096 0.000000
vt -0.193454 0.340193 0.000000
vt -0.151290 0.340193 0.000000
vt -0.151290 0.510288 0.000000
vt -0.109125 0.510288 0.000000
vt -0.151290 0.680386 0.000000
vt -0.109125 0.680386 0.000000
vt -0.134642 0.000000 0.000000
vt -0.109125 0.170096 0.000000
vt -0.109125 0.340193 0.000000
vt -0.066960 0.510288 0.000000
vt -0.066960 0.680386 0.000000
vt -0.067317 0.000000 0.000000
vt -0.066960 0.170096 0.000000
vt -0.066960 0.340193 0.000000
vt -0.000000 0.510288 0.000000
vt -0.000000 0.765432 0.000000
vt -0.000000 0.000000 0.000000
vt -0.000000 0.255144 0.000000
vt -0.000000 2.041152 0.000000
vt -0.066960 2.041152 0.000000
vt -0.109125 2.271623 0.000000
vt -0.151290 2.711833 0.000000
vt -0.193454 3.317478 0.000000
vt -0.193454 3.869426 0.000000
vt -0.220323 3.969132 0.000000
vt -0.000000 3.832026 0.000000
vt -0.066960 2.711833 0.000000
vt -0.066960 2.271623 0.000000
vt -0.066960 3.317478 0.000000
vt -0.000773 3.832553 0.000000
vt -0.054153 3.868757 0.000000
vt -0.066960 3.868819 0.000000
vt -0.108132 3.904182 0.000000
vt -0.109125 3.869021 0.000000
vt -0.151290 3.869224 0.000000
vt -0.151290 3.317478 0.000000
vt -0.163342 3.937994 0.000000
vt -0.424397 2.711833 0.000000
vt -0.377555 2.711833 0.000000
vt -0.330714 2.711833 0.000000
vt -0.283872 2.711833 0.000000
vt -0.377555 3.317478 0.000000
vt -0.330714 3.317478 0.000000
vt -0.109125 3.317478 0.000000
vt -0.109125 2.711833 0.000000
vt -0.377555 1.969425 0.000000
vt -0.377555 1.897697 0.000000
vt -0.377555 1.754241 0.000000
vt -0.377555 1.471432 0.000000
vt -0.330714 1.969425 0.000000
vt -0.330714 1.897697 0.000000
vt -0.330714 1.754241 0.000000
vt -0.330714 1.471432 0.000000
vt -0.283872 1.969425 0.000000
vt -0.283872 1.897697 0.000000
vt -0.283872 1.754241 0.000000
vt -0.283872 1.471432 0.000000
vt -0.235619 1.969425 0.000000
vt -0.235619 1.897697 0.000000
vt -0.235619 1.754241 0.000000
vt -0.235619 1.471432 0.000000
vt -0.193454 1.969425 0.000000
vt -0.193454 1.897697 0.000000
vt -0.193454 1.754241 0.000000
vt -0.193454 1.471432 0.000000
vt -0.151290 1.969425 0.000000
vt -0.151290 1.897697 0.000000
vt -0.151290 1.754241 0.000000
vt -0.151290 1.471432 0.000000
vt -0.109125 1.897697 0.000000
vt -0.109125 1.754241 0.000000
vt -0.109125 1.471432 0.000000
vt -0.235619 0.680386 0.000000
vt -0.235619 0.510289 0.000000
vt -0.283872 0.340193 0.000000
vt -0.193454 0.680386 0.000000
vt -0.193454 0.510289 0.000000
vt -0.235619 0.340193 0.000000
vt 0.000000 -0.000000 0.000000
vt 0.005891 -0.062470 0.000000
vt 0.000000 2.700000 0.000000
vt 0.023218 -0.121775 0.000000
vt 0.050831 -0.174857 0.000000
vt 0.087348 -0.219872 0.000000
vt 0.185007 3.133333 0.000000
vt 0.185007 6.566667 0.000000
vt 0.370013 3.133333 0.000000
vt 0.370013 6.566667 0.000000
vt 0.555020 3.133333 0.000000
vt 0.555020 6.566667 0.000000
vt 0.740027 3.133333 0.000000
vt 0.740027 6.566667 0.000000
vt 0.925034 3.133333 0.000000
vt 0.925034 6.566667 0.000000
vt 1.110040 3.133333 0.000000
vt 1.110040 6.566667 0.000000
vt 1.295047 3.133333 0.000000
vt 1.295047 6.566667 0.000000
vt 1.480054 3.133333 0.000000
vt 1.480054 6.566667 0.000000
vt 1.665061 3.133333 0.000000
vt 1.665061 6.566667 0.000000
vt 1.850067 3.133333 0.000000
vt 1.850067 6.566667 0.000000
vt 2.035074 3.133333 0.000000
vt 2.035074 6.566667 0.000000
vt 2.220081 3.133333 0.000000
vt 2.220081 6.566667 0.000000
vt 2.312584 3.133333 0.000000
vt 2.312584 6.566667 0.000000
vt 2.405088 3.133333 0.000000
vt 2.405088 6.566667 0.000000
vt 2.497591 3.133333 0.000000
vt 2.497591 6.566667 0.000000
vt 2.590094 3.133333 0.000000
vt 2.590094 6.566667 0.000000
vt 2.682598 3.133333 0.000000
vt 2.682598 6.566667 0.000000
vt 2.775101 3.133333 0.000000
vt 2.775101 6.566667 0.000000
vt 2.867604 3.133333 0.000000
vt 2.867604 6.566667 0.000000
vt 2.960108 3.133333 0.000000
vt 2.960108 6.566667 0.000000
vt 4.837313 10.000000 0.000000
vt 2.960108 10.000000 0.000000
vt 0.130785 -0.255193 0.000000
vt 0.179565 -0.280375 0.000000
vt 0.231685 -0.295176 0.000000
vt 0.285837 -0.300000 0.000000
vt 0.452973 -0.300000 0.000000
vt 0.620094 -0.300000 0.000000
vt 0.787214 -0.300000 0.000000
vt 0.954347 -0.300000 0.000000
vt 1.121493 -0.300000 0.000000
vt 1.288640 -0.300000 0.000000
vt 1.455787 -0.300000 0.000000
vt 1.622933 -0.300000 0.000000
vt 1.957227 -0.300000 0.000000
vt 2.124374 -0.300000 0.000000
vt 2.291521 -0.300000 0.000000
vt 2.458667 -0.300000 0.000000
vt 2.542241 -0.300000 0.000000
vt 2.625814 -0.300000 0.000000
vt 2.709388 -0.300000 0.000000
vt 2.792961 -0.300000 0.000000
vt 2.876534 -0.300000 0.000000
vt 2.960108 -0.300000 0.000000
vt 4.837313 -0.300000 0.000000
vt 2.867604 10.000000 0.000000
vt 2.775101 10.000000 0.000000
vt 2.682598 10.000000 0.000000
vt 2.590094 10.000000 0.000000
vt 2.497591 10.000000 0.000000
vt 2.405088 10.000000 0.000000
vt 2.312584 10.000000 0.000000
vt 2.220081 10.000000 0.000000
vt 2.035074 10.000000 0.000000
vt 1.850067 10.000000 0.000000
vt 1.665061 10.000000 0.000000
vt 1.480054 10.000000 0.000000
vt 1.295047 10.000000 0.000000
vt 1.110040 10.000000 0.000000
vt 0.925034 10.000000 0.000000
vt 0.740027 10.000000 0.000000
vt 0.555020 10.000000 0.000000
vt 0.370013 10.000000 0.000000
vt 0.185007 10.000000 0.000000
vt 0.000000 10.000000 0.000000
vt -1.091803 2.134642 0.000000
vt -1.166182 2.071747 0.000000
vt -1.078907 1.942530 0.000000
vt -1.231098 1.999129 0.000000
vt -1.059421 1.754482 0.000000
vt -1.285292 1.918195 0.000000
vt -1.327789 1.830554 0.000000
vt -1.357670 1.737849 0.000000
vt -1.374396 1.641893 0.000000
vt -1.032921 1.569069 0.000000
vt -1.377648 1.544542 0.000000
vt -1.367348 1.447684 0.000000
vt -1.309689 1.170234 0.000000
vt -0.998982 1.384862 0.000000
vt -0.957168 1.200336 0.000000
vt -1.237620 0.896091 0.000000
vt -0.907782 1.014711 0.000000
vt -1.153873 0.624789 0.000000
vt -0.851827 0.828200 0.000000
vt -1.061177 0.355862 0.000000
vt -0.790320 0.641037 0.000000
vt -0.656220 0.267796 0.000000
vt -0.861887 -0.177308 0.000000
vt -0.588348 0.087188 0.000000
vt -0.523202 -0.084821 0.000000
vt -0.763065 -0.443354 0.000000
vt -0.463220 -0.244782 0.000000
vt -0.716248 -0.577158 0.000000
vt -0.435928 -0.319166 0.000000
vt -0.410841 -0.389244 0.000000
vt -0.673981 -0.712461 0.000000
vt -0.388261 -0.454580 0.000000
vt -0.368366 -0.514709 0.000000
vt -0.351245 -0.569269 0.000000
vt -0.336991 -0.617924 0.000000
vt -0.000000 -1.819172 0.000000
vt -0.136090 -2.629845 0.000000
vt 0.136090 -2.629845 0.000000
vt 0.673981 -0.712461 0.000000
vt 0.336991 -0.617924 0.000000
vt 0.351245 -0.569269 0.000000
vt 0.368366 -0.514709 0.000000
vt 0.388261 -0.454580 0.000000
vt 0.410841 -0.389244 0.000000
vt 0.716248 -0.577158 0.000000
vt 0.435928 -0.319166 0.000000
vt 0.463220 -0.244782 0.000000
vt 0.763065 -0.443354 0.000000
vt 0.523202 -0.084821 0.000000
vt 0.861887 -0.177308 0.000000
vt 0.588348 0.087188 0.000000
vt 0.656220 0.267796 0.000000
vt 1.061177 0.355862 0.000000
vt 0.790320 0.641037 0.000000
vt 0.851827 0.828200 0.000000
vt 1.153873 0.624789 0.000000
vt 0.907782 1.014711 0.000000
vt 1.237620 0.896091 0.000000
vt 0.957168 1.200336 0.000000
vt 1.309689 1.170234 0.000000
vt 0.998982 1.384862 0.000000
vt 1.032921 1.569069 0.000000
vt 1.367348 1.447684 0.000000
vt 1.377635 1.544543 0.000000
vt 1.374405 1.641896 0.000000
vt 1.059421 1.754482 0.000000
vt 1.357630 1.737837 0.000000
vt 1.327706 1.830528 0.000000
vt 1.285302 1.918211 0.000000
vt 1.231107 1.999135 0.000000
vt 1.078907 1.942530 0.000000
vt 1.166166 2.071735 0.000000
vt 1.091803 2.134642 0.000000
vt 0.000096 0.647562 0.000000
vt 0.000000 0.559487 0.000000
vt 0.247487 0.587657 0.000000
vt 0.002166 0.527101 0.000000
vt 0.247487 0.492430 0.000000
vt 0.008759 0.494969 0.000000
vt 0.019662 0.463131 0.000000
vt 0.034799 0.431629 0.000000
vt 0.247487 0.397202 0.000000
vt 0.494975 0.459485 0.000000
vt 0.494975 0.343496 0.000000
vt 0.247487 0.301974 0.000000
vt 0.494975 0.227508 0.000000
vt 0.288042 0.205147 0.000000
vt 0.384980 0.156509 0.000000
vt 0.054074 0.400548 0.000000
vt 0.077193 0.370190 0.000000
vt 0.103947 0.340629 0.000000
vt 0.134163 0.311894 0.000000
vt 0.204422 0.257008 0.000000
vt 0.494975 0.111519 0.000000
vt 0.494975 0.575474 0.000000
vt 0.494975 0.691462 0.000000
vt 0.247487 0.682885 0.000000
vt 0.000238 0.735664 0.000000
vt 0.247487 0.778113 0.000000
vt 0.000293 0.823740 0.000000
vt 0.247487 0.873341 0.000000
vt 0.000255 0.911739 0.000000
vt 0.247487 0.980755 0.000000
vt 0.000006 1.087457 0.000000
vt 0.247487 1.087814 0.000000
vt 0.247487 1.195585 0.000000
vt 0.494975 1.155417 0.000000
vt 0.494975 1.271405 0.000000
vt 0.494975 0.807451 0.000000
vt 0.494975 0.923439 0.000000
vt 0.494975 1.039428 0.000000
vt 0.247487 1.302999 0.000000
vt 0.494975 1.387394 0.000000
vt 0.247487 1.405646 0.000000
vt 0.494975 1.503383 0.000000
vt 0.247487 1.508292 0.000000
vt 0.494975 1.561377 0.000000
vt 0.247487 1.565672 0.000000
vt 0.494975 1.619371 0.000000
vt 0.247487 1.623053 0.000000
vt 0.494975 1.677366 0.000000
vt 0.247487 1.680434 0.000000
vt 0.494975 1.735360 0.000000
vt 0.247487 1.737814 0.000000
vt 0.494975 1.793354 0.000000
vt 0.247487 1.795195 0.000000
vt 0.494975 1.851348 0.000000
vt 0.247487 1.851962 0.000000
vt 0.494975 1.909343 0.000000
vt 0.247487 1.909650 0.000000
vt 0.494975 1.967337 0.000000
vt 0.247487 1.967337 0.000000
vt 0.247487 2.121068 0.000000
vt 0.000000 1.967337 0.000000
vt 0.247487 2.545670 0.000000
vt 0.247487 3.588877 0.000000
vt 0.494975 3.125843 0.000000
vt 0.494975 4.284349 0.000000
vt 0.000000 4.186162 0.000000
vt 0.000000 1.923339 0.000000
vt 0.000000 1.879336 0.000000
vt 0.000000 1.835335 0.000000
vt 0.000000 1.791342 0.000000
vt 0.000000 1.747351 0.000000
vt 0.000000 1.703330 0.000000
vt 0.000090 1.615304 0.000000
vt 0.000008 1.527547 0.000000
vt 0.000000 1.439833 0.000000
vt 0.000000 1.351906 0.000000
vt 0.000000 1.263746 0.000000
vt -4.284349 0.350000 0.000000
vt -3.125843 0.350000 0.000000
vt -4.284349 10.000000 0.000000
vt -1.967337 10.000000 0.000000
vt -1.967337 6.783333 0.000000
vt -1.905858 6.783333 0.000000
vt -1.905858 3.566667 0.000000
vt -1.844379 3.566667 0.000000
vt -1.851393 0.350000 0.000000
vt -1.793401 0.350000 0.000000
vt -1.967337 3.566667 0.000000
vt -1.967337 0.350000 0.000000
vt -1.909361 0.350000 0.000000
vt -1.782899 3.566667 0.000000
vt -1.735378 0.350000 0.000000
vt -1.721420 3.566667 0.000000
vt -1.677378 0.350000 0.000000
vt -1.659941 3.566667 0.000000
vt -1.619323 0.350000 0.000000
vt -1.598461 3.566667 0.000000
vt -1.561200 0.350000 0.000000
vt -1.536982 3.566667 0.000000
vt -1.503063 0.350000 0.000000
vt -1.386917 0.350000 0.000000
vt -1.271097 0.350000 0.000000
vt -1.352544 3.566667 0.000000
vt -1.475503 3.566667 0.000000
vt -1.536982 6.783333 0.000000
vt -1.598461 6.783333 0.000000
vt -1.598461 10.000000 0.000000
vt -1.659941 10.000000 0.000000
vt -1.229586 3.566667 0.000000
vt -1.155376 0.350000 0.000000
vt -1.106627 3.566667 0.000000
vt -1.039327 0.350000 0.000000
vt -0.983669 3.566667 0.000000
vt -0.923107 0.350000 0.000000
vt -0.860710 3.566667 0.000000
vt -0.807175 0.350000 0.000000
vt -0.737751 3.566667 0.000000
vt -0.691374 0.350000 0.000000
vt -0.614793 3.566667 0.000000
vt -0.575477 0.350000 0.000000
vt -0.491834 3.566667 0.000000
vt -0.459320 0.350000 0.000000
vt -0.368876 3.566667 0.000000
vt -0.343178 0.350000 0.000000
vt -0.245917 3.566667 0.000000
vt -0.227268 0.350000 0.000000
vt -0.111444 2.700000 0.000000
vt -0.111444 0.350000 0.000000
vt -0.122959 3.566667 0.000000
vt -0.111444 3.000000 0.000000
vt 0.000000 3.000000 0.000000
vt -0.122959 6.783333 0.000000
vt 0.000000 10.000000 0.000000
vt -0.122959 10.000000 0.000000
vt -0.245917 10.000000 0.000000
vt -0.245917 6.783333 0.000000
vt -0.368876 10.000000 0.000000
vt -0.368876 6.783333 0.000000
vt -0.491834 10.000000 0.000000
vt -0.491834 6.783333 0.000000
vt -0.614793 10.000000 0.000000
vt -0.614793 6.783333 0.000000
vt -0.737751 10.000000 0.000000
vt -0.737751 6.783333 0.000000
vt -0.860710 10.000000 0.000000
vt -0.860710 6.783333 0.000000
vt -0.983669 10.000000 0.000000
vt -0.983669 6.783333 0.000000
vt -1.106627 10.000000 0.000000
vt -1.106627 6.783333 0.000000
vt -1.229586 10.000000 0.000000
vt -1.229586 6.783333 0.000000
vt -1.352544 10.000000 0.000000
vt -1.352544 6.783333 0.000000
vt -1.475503 10.000000 0.000000
vt -1.475503 6.783333 0.000000
vt -1.536982 10.000000 0.000000
vt -1.659941 6.783333 0.000000
vt -1.721420 10.000000 0.000000
vt -1.721420 6.783333 0.000000
vt -1.782899 10.000000 0.000000
vt -1.782899 6.783333 0.000000
vt -1.844379 10.000000 0.000000
vt -1.844379 6.783333 0.000000
vt -1.905858 10.000000 0.000000
vt 0.494975 1.967337 0.000000
vt 0.494975 4.186162 0.000000
vt 0.247487 3.588877 0.000000
vt 0.000000 4.284349 0.000000
vt 0.000000 3.125843 0.000000
vt 0.247487 2.545670 0.000000
vt 0.000000 1.967337 0.000000
vt 0.247487 2.121068 0.000000
vt 0.247487 1.967337 0.000000
vt 0.494975 1.923339 0.000000
vt 0.247487 1.909650 0.000000
vt 0.494975 1.879336 0.000000
vt 0.247487 1.851962 0.000000
vt 0.494975 1.835335 0.000000
vt 0.247487 1.795195 0.000000
vt 0.494975 1.791342 0.000000
vt 0.494975 1.747351 0.000000
vt 0.247487 1.737814 0.000000
vt 0.494975 1.703330 0.000000
vt 0.247487 1.680434 0.000000
vt 0.494885 1.615304 0.000000
vt 0.247487 1.623053 0.000000
vt 0.247487 1.565672 0.000000
vt 0.000000 1.619371 0.000000
vt 0.000000 1.561377 0.000000
vt 0.000000 1.909343 0.000000
vt 0.000000 1.851348 0.000000
vt 0.000000 1.793354 0.000000
vt 0.000000 1.735360 0.000000
vt 0.000000 1.677366 0.000000
vt 0.247487 1.508292 0.000000
vt 0.000000 1.503383 0.000000
vt 0.247487 1.405646 0.000000
vt 0.000000 1.387394 0.000000
vt 0.247487 1.302999 0.000000
vt 0.000000 1.271405 0.000000
vt 0.247487 1.195585 0.000000
vt 0.000000 1.155417 0.000000
vt 0.247487 1.087814 0.000000
vt 0.000000 1.039428 0.000000
vt 0.247487 0.980755 0.000000
vt 0.000000 0.923439 0.000000
vt 0.247487 0.873341 0.000000
vt 0.000000 0.807451 0.000000
vt 0.247487 0.778113 0.000000
vt 0.000000 0.691462 0.000000
vt 0.247487 0.682885 0.000000
vt 0.247487 0.587657 0.000000
vt 0.494878 0.647562 0.000000
vt 0.494975 0.559487 0.000000
vt 0.492699 0.526305 0.000000
vt 0.247487 0.492928 0.000000
vt 0.485784 0.493408 0.000000
vt 0.474359 0.460838 0.000000
vt 0.247487 0.397013 0.000000
vt 0.458510 0.428638 0.000000
vt 0.438325 0.396866 0.000000
vt 0.414106 0.365831 0.000000
vt 0.386124 0.335675 0.000000
vt 0.247487 0.301974 0.000000
vt 0.354572 0.306423 0.000000
vt 0.319628 0.278117 0.000000
vt 0.281482 0.250802 0.000000
vt 0.000000 0.227508 0.000000
vt 0.196779 0.199565 0.000000
vt 0.102443 0.153120 0.000000
vt 0.000000 0.111519 0.000000
vt 0.000000 0.575474 0.000000
vt 0.000000 0.459485 0.000000
vt 0.000000 0.343496 0.000000
vt 0.494737 0.735664 0.000000
vt 0.494682 0.823740 0.000000
vt 0.494720 0.911739 0.000000
vt 0.494968 1.087457 0.000000
vt 0.494975 1.263746 0.000000
vt 0.494975 1.351906 0.000000
vt 0.494975 1.439833 0.000000
vt 0.494967 1.527547 0.000000
vt -0.963512 0.000000 0.000000
vt -0.236488 0.000000 0.000000
vt -0.600000 0.350000 0.000000
vt -0.000000 0.000000 0.000000
vt 0.067320 0.000000 0.000000
vt 0.000000 0.137406 0.000000
vt 0.067320 0.142144 0.000000
vt 0.000000 0.274812 0.000000
vt 0.067320 0.284289 0.000000
vt 0.000000 0.412218 0.000000
vt 0.067320 0.426433 0.000000
vt 0.000000 0.549625 0.000000
vt 0.067320 0.568577 0.000000
vt 0.000000 0.687031 0.000000
vt 0.067320 0.710721 0.000000
vt 0.000000 0.824437 0.000000
vt 0.067320 0.852866 0.000000
vt 0.000000 0.961843 0.000000
vt 0.067320 0.995010 0.000000
vt 0.000000 1.099249 0.000000
vt 0.067320 1.137154 0.000000
vt 0.000000 1.236655 0.000000
vt 0.067320 1.279299 0.000000
vt 0.000000 1.374061 0.000000
vt 0.067320 1.421443 0.000000
vt 0.000000 1.511468 0.000000
vt 0.067320 1.563587 0.000000
vt 0.000000 1.648874 0.000000
vt 0.067320 1.705731 0.000000
vt 0.000000 1.786280 0.000000
vt 0.067320 1.847876 0.000000
vt 0.000000 1.923686 0.000000
vt 0.067320 1.990020 0.000000
vt 0.000000 2.061092 0.000000
vt 0.067320 2.132164 0.000000
vt 0.000000 2.198498 0.000000
vt 0.067320 2.274309 0.000000
vt 0.000000 2.335904 0.000000
vt 0.067320 2.416453 0.000000
vt 0.000000 2.473311 0.000000
vt 0.067320 2.558597 0.000000
vt 0.000000 2.610717 0.000000
vt 0.067320 2.700741 0.000000
vt 0.000000 2.748123 0.000000
vt 0.067320 2.842886 0.000000
vt 0.000000 2.885529 0.000000
vt 0.067320 2.985030 0.000000
vt 0.000000 3.022935 0.000000
vt 0.067320 3.127174 0.000000
vt 0.000000 3.160341 0.000000
vt 0.067320 3.269319 0.000000
vt 0.000000 3.297747 0.000000
vt 0.067320 3.411463 0.000000
vt 0.000000 3.435154 0.000000
vt 0.067320 3.553607 0.000000
vt 0.000000 3.572560 0.000000
vt 0.067320 3.695751 0.000000
vt 0.000000 3.709966 0.000000
vt 0.067320 3.837896 0.000000
vt 0.000000 3.847372 0.000000
vt 0.067320 3.980040 0.000000
vt 0.000000 3.984778 0.000000
vt 0.067320 4.122184 0.000000
vt 0.000000 4.122184 0.000000
vt 0.134640 0.000000 0.000000
vt 0.134640 0.142144 0.000000
vt 0.134640 0.284289 0.000000
vt 0.134640 0.426433 0.000000
vt 0.134640 0.568577 0.000000
vt 0.134640 0.710721 0.000000
vt 0.134640 0.852866 0.000000
vt 0.134640 0.995010 0.000000
vt 0.134640 1.137154 0.000000
vt 0.134640 1.279299 0.000000
vt 0.134640 1.421443 0.000000
vt 0.134640 1.563587 0.000000
vt 0.134640 1.705731 0.000000
vt 0.134640 1.847876 0.000000
vt 0.134640 1.990020 0.000000
vt 0.134640 2.132164 0.000000
vt 0.134640 2.274309 0.000000
vt 0.134640 2.416453 0.000000
vt 0.134640 2.558597 0.000000
vt 0.134640 2.700741 0.000000
vt 0.134640 2.842886 0.000000
vt 0.134640 2.985030 0.000000
vt 0.134640 3.127174 0.000000
vt 0.134640 3.269319 0.000000
vt 0.134640 3.411463 0.000000
vt 0.134640 3.553607 0.000000
vt 0.134640 3.695751 0.000000
vt 0.134640 3.837896 0.000000
vt 0.134640 3.980040 0.000000
vt 0.134640 4.122184 0.000000
vt 0.201960 3.980040 0.000000
vt 0.201960 4.122184 0.000000
vt 0.269279 3.980040 0.000000
vt 0.269279 4.122184 0.000000
vt 0.336599 3.980040 0.000000
vt 0.336599 4.122184 0.000000
vt 0.403919 3.980040 0.000000
vt 0.403919 4.122184 0.000000
vt 0.471239 4.122184 0.000000
vt 0.471239 3.963639 0.000000
vt 0.403919 3.837896 0.000000
vt 0.471239 3.805093 0.000000
vt 0.403919 3.695751 0.000000
vt 0.471239 3.646548 0.000000
vt 0.403919 3.553607 0.000000
vt 0.471239 3.488002 0.000000
vt 0.403919 3.411463 0.000000
vt 0.471239 3.329457 0.000000
vt 0.403919 3.269319 0.000000
vt 0.471239 3.170911 0.000000
vt 0.403919 3.127174 0.000000
vt 0.471239 3.012365 0.000000
vt 0.403919 2.985030 0.000000
vt 0.471239 2.853820 0.000000
vt 0.403919 2.842886 0.000000
vt 0.471239 2.695274 0.000000
vt 0.403919 2.700741 0.000000
vt 0.403919 2.558597 0.000000
vt 0.336599 2.700741 0.000000
vt 0.336599 2.558597 0.000000
vt 0.269279 2.700741 0.000000
vt 0.269279 2.558597 0.000000
vt 0.201960 2.700741 0.000000
vt 0.201960 2.558597 0.000000
vt 0.201960 0.000000 0.000000
vt 0.201960 0.142144 0.000000
vt 0.201960 0.284289 0.000000
vt 0.201960 0.426433 0.000000
vt 0.201960 0.568577 0.000000
vt 0.201960 0.710721 0.000000
vt 0.201960 0.852866 0.000000
vt 0.201960 0.995010 0.000000
vt 0.201960 1.137154 0.000000
vt 0.201960 1.279299 0.000000
vt 0.201960 1.421443 0.000000
vt 0.201960 1.563587 0.000000
vt 0.201960 1.705731 0.000000
vt 0.201960 1.847876 0.000000
vt 0.201960 1.990020 0.000000
vt 0.201960 2.132164 0.000000
vt 0.201960 2.274309 0.000000
vt 0.201960 2.416453 0.000000
vt 0.269279 0.000000 0.000000
vt 0.269279 0.142144 0.000000
vt 0.269279 0.284289 0.000000
vt 0.269279 0.426433 0.000000
vt 0.269279 0.568577 0.000000
vt 0.269279 0.710721 0.000000
vt 0.269279 0.852866 0.000000
vt 0.269279 0.995010 0.000000
vt 0.269279 1.137154 0.000000
vt 0.269279 1.279299 0.000000
vt 0.269279 1.421443 0.000000
vt 0.269279 1.563587 0.000000
vt 0.269279 1.705731 0.000000
vt 0.269279 1.847876 0.000000
vt 0.269279 1.990020 0.000000
vt 0.269279 2.132164 0.000000
vt 0.269279 2.274309 0.000000
vt 0.269279 2.416453 0.000000
vt 0.336599 0.000000 0.000000
vt 0.336599 0.142144 0.000000
vt 0.336599 0.284289 0.000000
vt 0.336599 0.426433 0.000000
vt 0.336599 0.568577 0.000000
vt 0.336599 0.710721 0.000000
vt 0.336599 0.852866 0.000000
vt 0.336599 0.995010 0.000000
vt 0.336599 1.137154 0.000000
vt 0.336599 1.279299 0.000000
vt 0.336599 1.421443 0.000000
vt 0.336599 1.563587 0.000000
vt 0.336599 1.705731 0.000000
vt 0.336599 1.847876 0.000000
vt 0.336599 1.990020 0.000000
vt 0.336599 2.132164 0.000000
vt 0.336599 2.274309 0.000000
vt 0.336599 2.416453 0.000000
vt 0.403919 0.000000 0.000000
vt 0.403919 0.142144 0.000000
vt 0.403919 0.284289 0.000000
vt 0.403919 0.426433 0.000000
vt 0.403919 0.568577 0.000000
vt 0.403919 0.710721 0.000000
vt 0.403919 0.852866 0.000000
vt 0.403919 0.995010 0.000000
vt 0.403919 1.137154 0.000000
vt 0.403919 1.279299 0.000000
vt 0.403919 1.421443 0.000000
vt 0.403919 1.563587 0.000000
vt 0.403919 1.705731 0.000000
vt 0.403919 1.847876 0.000000
vt 0.403919 1.990020 0.000000
vt 0.403919 2.132164 0.000000
vt 0.403919 2.274309 0.000000
vt 0.403919 2.416453 0.000000
vt 0.471239 0.000000 0.000000
vt 0.471239 0.158546 0.000000
vt 0.471239 0.317091 0.000000
vt 0.471239 0.475637 0.000000
vt 0.471239 0.634182 0.000000
vt 0.471239 0.792728 0.000000
vt 0.471239 0.951273 0.000000
vt 0.471239 1.109819 0.000000
vt 0.471239 1.268364 0.000000
vt 0.471239 1.426910 0.000000
vt 0.471239 1.585456 0.000000
vt 0.471239 1.744001 0.000000
vt 0.471239 1.902547 0.000000
vt 0.471239 2.061092 0.000000
vt 0.471239 2.219638 0.000000
vt 0.471239 2.378183 0.000000
vt 0.471239 2.536729 0.000000
vt 0.336599 2.842886 0.000000
vt 0.336599 2.985030 0.000000
vt 0.336599 3.127174 0.000000
vt 0.336599 3.269319 0.000000
vt 0.336599 3.411463 0.000000
vt 0.336599 3.553607 0.000000
vt 0.336599 3.695751 0.000000
vt 0.336599 3.837896 0.000000
vt 0.269279 2.842886 0.000000
vt 0.269279 2.985030 0.000000
vt 0.269279 3.127174 0.000000
vt 0.269279 3.269319 0.000000
vt 0.269279 3.411463 0.000000
vt 0.269279 3.553607 0.000000
vt 0.269279 3.695751 0.000000
vt 0.269279 3.837896 0.000000
vt 0.201960 2.842886 0.000000
vt 0.201960 2.985030 0.000000
vt 0.201960 3.127174 0.000000
vt 0.201960 3.269319 0.000000
vt 0.201960 3.411463 0.000000
vt 0.201960 3.553607 0.000000
vt 0.201960 3.695751 0.000000
vt 0.201960 3.837896 0.000000
vt -0.471239 -0.000000 0.000000
vt -0.411010 -0.030919 0.000000
vt -0.403922 -0.000000 0.000000
vt -0.352098 -0.064332 0.000000
vt -0.336597 -0.000000 0.000000
vt -0.293859 -0.098765 0.000000
vt -0.269281 -0.000000 0.000000
vt -0.236314 -0.132049 0.000000
vt -0.201958 -0.000000 0.000000
vt -0.179500 -0.161757 0.000000
vt -0.134642 -0.000000 0.000000
vt -0.121856 -0.186183 0.000000
vt -0.067317 -0.000000 0.000000
vt -0.061736 -0.202977 0.000000
vt -0.031082 -0.207478 0.000000
vt -0.000000 -0.209024 0.000000
vt -0.000000 -0.000000 0.000000
vt -0.000000 -5.453881 0.000000
vt -0.031371 -5.455441 0.000000
vt -0.000000 -5.662747 0.000000
vt -0.067317 -5.662747 0.000000
vt -0.062472 -5.460051 0.000000
vt -0.123000 -5.477103 0.000000
vt -0.134642 -5.662747 0.000000
vt -0.181084 -5.501842 0.000000
vt -0.201958 -5.662747 0.000000
vt -0.237264 -5.531294 0.000000
vt -0.269281 -5.662747 0.000000
vt -0.293772 -5.563942 0.000000
vt -0.336597 -5.662747 0.000000
vt -0.351604 -5.598145 0.000000
vt -0.403922 -5.662747 0.000000
vt -0.410751 -5.631672 0.000000
vt -0.471239 -5.662747 0.000000
vt -3.000000 0.146608 0.000000
vt -5.333333 0.151663 0.000000
vt -3.000000 0.000000 0.000000
vt -7.666667 0.151663 0.000000
vt -10.000000 0.146608 0.000000
vt -10.000000 0.293215 0.000000
vt -7.666667 0.303326 0.000000
vt -10.000000 0.439823 0.000000
vt -7.666667 0.454989 0.000000
vt -10.000000 0.586431 0.000000
vt -7.666667 0.606652 0.000000
vt -10.000000 0.733038 0.000000
vt -7.666667 0.758315 0.000000
vt -10.000000 0.879646 0.000000
vt -7.666667 0.909979 0.000000
vt -10.000000 1.026254 0.000000
vt -7.666667 1.061642 0.000000
vt -10.000000 1.172861 0.000000
vt -7.666667 1.213305 0.000000
vt -10.000000 1.319469 0.000000
vt -7.666667 1.364968 0.000000
vt -10.000000 1.466077 0.000000
vt -7.666667 1.516631 0.000000
vt -10.000000 1.612684 0.000000
vt -7.666667 1.668294 0.000000
vt -10.000000 1.759292 0.000000
vt -7.666667 1.819957 0.000000
vt -10.000000 1.905900 0.000000
vt -7.666667 1.971620 0.000000
vt -10.000000 2.052507 0.000000
vt -7.666667 2.123283 0.000000
vt -10.000000 2.199115 0.000000
vt -7.666667 2.274946 0.000000
vt -10.000000 2.345723 0.000000
vt -7.666667 2.426609 0.000000
vt -10.000000 2.492330 0.000000
vt -7.666667 2.578273 0.000000
vt -10.000000 2.638938 0.000000
vt -7.666667 2.729936 0.000000
vt -10.000000 2.785545 0.000000
vt -7.666667 2.881599 0.000000
vt -10.000000 2.932153 0.000000
vt -7.666667 3.033262 0.000000
vt -10.000000 3.078761 0.000000
vt -7.666667 3.184925 0.000000
vt -10.000000 3.225368 0.000000
vt -7.666667 3.336588 0.000000
vt -10.000000 3.371976 0.000000
vt -7.666667 3.488251 0.000000
vt -10.000000 3.518584 0.000000
vt -7.666667 3.639914 0.000000
vt -10.000000 3.665191 0.000000
vt -7.666667 3.791577 0.000000
vt -10.000000 3.811799 0.000000
vt -7.666667 3.943240 0.000000
vt -10.000000 3.958407 0.000000
vt -7.666667 4.094904 0.000000
vt -10.000000 4.105014 0.000000
vt -7.666667 4.246567 0.000000
vt -10.000000 4.251622 0.000000
vt -10.000000 4.398230 0.000000
vt -5.333333 4.246567 0.000000
vt -3.000000 4.251622 0.000000
vt -3.000000 4.105014 0.000000
vt -5.333333 4.094904 0.000000
vt -3.000000 3.958407 0.000000
vt -5.333333 3.943240 0.000000
vt -3.000000 3.811799 0.000000
vt -5.333333 3.791577 0.000000
vt -3.000000 3.665191 0.000000
vt -5.333333 3.639914 0.000000
vt -3.000000 3.518584 0.000000
vt -5.333333 3.488251 0.000000
vt -3.000000 3.371976 0.000000
vt -5.333333 3.336588 0.000000
vt -3.000000 3.225368 0.000000
vt -5.333333 3.184925 0.000000
vt -3.000000 3.078761 0.000000
vt -5.333333 3.033262 0.000000
vt -3.000000 2.932153 0.000000
vt -5.333333 2.881599 0.000000
vt -3.000000 2.785545 0.000000
vt -5.333333 2.729936 0.000000
vt -3.000000 2.638938 0.000000
vt -5.333333 2.578273 0.000000
vt -3.000000 2.492330 0.000000
vt -5.333333 2.426609 0.000000
vt -3.000000 2.345723 0.000000
vt -5.333333 2.274946 0.000000
vt -3.000000 2.199115 0.000000
vt -5.333333 2.123283 0.000000
vt -3.000000 2.052507 0.000000
vt -5.333333 1.971620 0.000000
vt -3.000000 1.905900 0.000000
vt -5.333333 1.819957 0.000000
vt -3.000000 1.759292 0.000000
vt -5.333333 1.668294 0.000000
vt -3.000000 1.612684 0.000000
vt -5.333333 1.516631 0.000000
vt -3.000000 1.466077 0.000000
vt -5.333333 1.364968 0.000000
vt -3.000000 1.319469 0.000000
vt -5.333333 1.213305 0.000000
vt -3.000000 1.172861 0.000000
vt -5.333333 1.061642 0.000000
vt -3.000000 1.026254 0.000000
vt -5.333333 0.909979 0.000000
vt -3.000000 0.879646 0.000000
vt -5.333333 0.758315 0.000000
vt -3.000000 0.733038 0.000000
vt -5.333333 0.606652 0.000000
vt -3.000000 0.586431 0.000000
vt -5.333333 0.454989 0.000000
vt -3.000000 0.439823 0.000000
vt -5.333333 0.303326 0.000000
vt -3.000000 0.293215 0.000000
vt -3.000000 4.398230 0.000000
vt -10.000000 0.000000 0.000000
vt -0.000000 -2.700000 0.000000
vt -0.000000 -0.000000 0.000000
vt -0.065543 -1.500000 0.000000
vt -0.081918 -0.000000 0.000000
vt -0.131086 -1.500000 0.000000
vt -0.163841 -0.000000 0.000000
vt -0.196629 -1.500000 0.000000
vt -0.245780 -0.000000 0.000000
vt -0.262171 -1.500000 0.000000
vt -0.327723 -0.000000 0.000000
vt -0.327714 -1.500000 0.000000
vt -0.366800 -0.350000 0.000000
vt -0.366800 -2.700000 0.000000
vt -0.409653 -0.000000 0.000000
vt -0.473228 -0.277567 0.000000
vt -0.491571 -0.000000 0.000000
vt -0.583032 -0.210861 0.000000
vt -0.573493 -0.000000 0.000000
vt -0.655414 -0.000000 0.000000
vt -0.696577 -0.150960 0.000000
vt -0.737346 -0.000000 0.000000
vt -0.754747 -0.123988 0.000000
vt -0.819285 -0.000000 0.000000
vt -0.813699 -0.099280 0.000000
vt -0.873465 -0.076970 0.000000
vt -0.901217 -0.000000 0.000000
vt -0.934098 -0.057191 0.000000
vt -0.983139 -0.000000 0.000000
vt -0.995672 -0.040076 0.000000
vt -1.065068 -0.000000 0.000000
vt -1.058026 -0.025813 0.000000
vt -1.120688 -0.014610 0.000000
vt -1.147001 -0.000000 0.000000
vt -1.183678 -0.006534 0.000000
vt -1.228931 -0.000000 0.000000
vt -1.247049 -0.001644 0.000000
vt -1.310857 -0.000000 0.000000
vt -0.366800 -3.000000 0.000000
vt -0.364553 -2.968977 0.000000
vt -0.357982 -2.938701 0.000000
vt -0.333163 -2.881478 0.000000
vt -0.296081 -2.831032 0.000000
vt -0.249139 -2.787387 0.000000
vt -0.193670 -2.750935 0.000000
vt -0.132142 -2.723350 0.000000
vt -0.067021 -2.706025 0.000000
vt 0.111444 0.350000 0.000000
vt 0.227268 0.350000 0.000000
vt 0.111444 2.700000 0.000000
vt 0.122959 3.566667 0.000000
vt 0.111444 3.000000 0.000000
vt 0.000000 3.000000 0.000000
vt 0.122959 6.783333 0.000000
vt 0.000000 10.000000 0.000000
vt 0.122959 10.000000 0.000000
vt 0.245917 6.783333 0.000000
vt 0.245917 10.000000 0.000000
vt 0.368876 6.783333 0.000000
vt 0.368876 10.000000 0.000000
vt 0.491834 6.783333 0.000000
vt 0.491834 10.000000 0.000000
vt 0.614793 6.783333 0.000000
vt 0.614793 10.000000 0.000000
vt 0.737751 6.783333 0.000000
vt 0.737751 10.000000 0.000000
vt 0.860710 6.783333 0.000000
vt 0.860710 10.000000 0.000000
vt 0.983669 6.783333 0.000000
vt 0.983669 10.000000 0.000000
vt 1.106627 6.783333 0.000000
vt 1.106627 10.000000 0.000000
vt 1.229586 6.783333 0.000000
vt 1.229586 10.000000 0.000000
vt 1.352544 6.783333 0.000000
vt 1.352544 10.000000 0.000000
vt 1.475503 6.783333 0.000000
vt 1.475503 10.000000 0.000000
vt 1.536982 6.783333 0.000000
vt 1.536982 10.000000 0.000000
vt 1.598461 6.783333 0.000000
vt 1.598461 10.000000 0.000000
vt 1.659941 6.783333 0.000000
vt 1.659941 10.000000 0.000000
vt 1.721420 6.783333 0.000000
vt 1.721420 10.000000 0.000000
vt 1.782899 6.783333 0.000000
vt 1.782899 10.000000 0.000000
vt 1.844379 6.783333 0.000000
vt 1.844379 10.000000 0.000000
vt 1.905858 6.783333 0.000000
vt 1.905858 10.000000 0.000000
vt 1.967337 6.783333 0.000000
vt 1.967337 10.000000 0.000000
vt 3.125843 0.350000 0.000000
vt 4.284349 10.000000 0.000000
vt 4.284349 0.350000 0.000000
vt 0.245917 3.566667 0.000000
vt 0.343178 0.350000 0.000000
vt 0.368876 3.566667 0.000000
vt 0.459320 0.350000 0.000000
vt 0.491834 3.566667 0.000000
vt 0.575477 0.350000 0.000000
vt 0.614793 3.566667 0.000000
vt 0.691374 0.350000 0.000000
vt 0.737751 3.566667 0.000000
vt 0.807175 0.350000 0.000000
vt 0.860710 3.566667 0.000000
vt 0.923107 0.350000 0.000000
vt 0.983669 3.566667 0.000000
vt 1.039327 0.350000 0.000000
vt 1.106627 3.566667 0.000000
vt 1.155376 0.350000 0.000000
vt 1.229586 3.566667 0.000000
vt 1.271097 0.350000 0.000000
vt 1.352544 3.566667 0.000000
vt 1.386917 0.350000 0.000000
vt 1.475503 3.566667 0.000000
vt 1.503063 0.350000 0.000000
vt 1.536982 3.566667 0.000000
vt 1.561200 0.350000 0.000000
vt 1.598461 3.566667 0.000000
vt 1.619323 0.350000 0.000000
vt 1.659941 3.566667 0.000000
vt 1.677378 0.350000 0.000000
vt 1.721420 3.566667 0.000000
vt 1.735378 0.350000 0.000000
vt 1.782899 3.566667 0.000000
vt 1.793401 0.350000 0.000000
vt 1.844379 3.566667 0.000000
vt 1.851393 0.350000 0.000000
vt 1.905858 3.566667 0.000000
vt 1.909361 0.350000 0.000000
vt 1.967337 3.566667 0.000000
vt 1.967337 0.350000 0.000000
vt -1.310857 0.300000 0.000000
vt -1.228931 0.300000 0.000000
vt -1.248579 0.301566 0.000000
vt -1.186689 0.306230 0.000000
vt -1.147002 0.300000 0.000000
vt -1.125134 0.313938 0.000000
vt -1.065070 0.300000 0.000000
vt -1.063869 0.324637 0.000000
vt -1.002929 0.338256 0.000000
vt -0.983140 0.300000 0.000000
vt -0.942792 0.354593 0.000000
vt -0.901214 0.300000 0.000000
vt -0.883487 0.373503 0.000000
vt -0.819287 0.300000 0.000000
vt -0.824958 0.394867 0.000000
vt -0.737358 0.300000 0.000000
vt -0.709919 0.444547 0.000000
vt -0.655430 0.300000 0.000000
vt -0.595740 0.503676 0.000000
vt -0.573499 0.300000 0.000000
vt -0.481525 0.572222 0.000000
vt -0.491567 0.300000 0.000000
vt -0.409641 0.300000 0.000000
vt -0.366800 0.650000 0.000000
vt -0.327714 0.300000 0.000000
vt -0.327714 1.800000 0.000000
vt -0.262171 1.800000 0.000000
vt -0.294903 3.129724 0.000000
vt -0.248275 3.086716 0.000000
vt -0.196629 1.800000 0.000000
vt -0.193770 3.050981 0.000000
vt -0.132675 3.023541 0.000000
vt -0.131086 1.800000 0.000000
vt -0.067319 3.006073 0.000000
vt -0.065543 1.800000 0.000000
vt -0.000000 3.000000 0.000000
vt -0.000000 0.300000 0.000000
vt -0.081923 0.300000 0.000000
vt -0.163849 0.300000 0.000000
vt -0.245783 0.300000 0.000000
vt -0.332545 3.180426 0.000000
vt -0.366800 3.000000 0.000000
vt -0.357772 3.237980 0.000000
vt -0.364511 3.268688 0.000000
vt -0.366800 3.300000 0.000000
vt 2.700000 -3.588665 0.000000
vt 5.133333 -3.588665 0.000000
vt 2.700000 -3.455752 0.000000
vt 7.566667 -3.588665 0.000000
vt 10.000000 -3.455752 0.000000
vt 10.000000 -3.588665 0.000000
vt 10.000000 -3.721579 0.000000
vt 7.566667 -3.721579 0.000000
vt 10.000000 -3.854493 0.000000
vt 7.566667 -3.854493 0.000000
vt 10.000000 -3.987406 0.000000
vt 7.566667 -3.987406 0.000000
vt 10.000000 -4.120320 0.000000
vt 7.566667 -4.120320 0.000000
vt 10.000000 -4.253233 0.000000
vt 7.566667 -4.253233 0.000000
vt 10.000000 -4.386147 0.000000
vt 7.566667 -4.386147 0.000000
vt 10.000000 -4.519060 0.000000
vt 7.566667 -4.519060 0.000000
vt 10.000000 -4.651974 0.000000
vt 7.566667 -4.651974 0.000000
vt 10.000000 -4.784887 0.000000
vt 7.566667 -4.784887 0.000000
vt 10.000000 -4.917801 0.000000
vt 7.566667 -4.917801 0.000000
vt 10.000000 -5.050714 0.000000
vt 7.566667 -5.050714 0.000000
vt 10.000000 -5.183628 0.000000
vt 7.566667 -5.183628 0.000000
vt 10.000000 -5.316541 0.000000
vt 7.566667 -5.316541 0.000000
vt 10.000000 -5.449455 0.000000
vt 7.566667 -5.449455 0.000000
vt 10.000000 -5.582368 0.000000
vt 7.566667 -5.582368 0.000000
vt 10.000000 -5.715282 0.000000
vt 7.566667 -5.715282 0.000000
vt 10.000000 -5.848196 0.000000
vt 7.566667 -5.848196 0.000000
vt 10.000000 -5.981109 0.000000
vt 7.566667 -5.981109 0.000000
vt 10.000000 -6.114023 0.000000
vt 7.566667 -6.114023 0.000000
vt 10.000000 -6.246936 0.000000
vt 7.566667 -6.246936 0.000000
vt 10.000000 -6.379850 0.000000
vt 7.566667 -6.379850 0.000000
vt 10.000000 -6.512763 0.000000
vt 7.566667 -6.512763 0.000000
vt 10.000000 -6.645677 0.000000
vt 7.566667 -6.645677 0.000000
vt 10.000000 -6.778590 0.000000
vt 7.566667 -6.778590 0.000000
vt 10.000000 -6.911504 0.000000
vt 5.133333 -6.778590 0.000000
vt 2.700000 -6.911504 0.000000
vt 2.700000 -6.778590 0.000000
vt 2.700000 -6.645677 0.000000
vt 5.133333 -6.645677 0.000000
vt 2.700000 -6.512763 0.000000
vt 5.133333 -6.512763 0.000000
vt 2.700000 -6.379850 0.000000
vt 5.133333 -6.379850 0.000000
vt 2.700000 -6.246936 0.000000
vt 5.133333 -6.246936 0.000000
vt 2.700000 -6.114023 0.000000
vt 5.133333 -6.114023 0.000000
vt 2.700000 -5.981109 0.000000
vt 5.133333 -5.981109 0.000000
vt 2.700000 -5.848196 0.000000
vt 5.133333 -5.848196 0.000000
vt 2.700000 -5.715282 0.000000
vt 5.133333 -5.715282 0.000000
vt 2.700000 -5.582368 0.000000
vt 5.133333 -5.582368 0.000000
vt 2.700000 -5.449455 0.000000
vt 5.133333 -5.449455 0.000000
vt 2.700000 -5.316541 0.000000
vt 5.133333 -5.316541 0.000000
vt 2.700000 -5.183628 0.000000
vt 5.133333 -5.183628 0.000000
vt 2.700000 -5.050714 0.000000
vt 5.133333 -5.050714 0.000000
vt 2.700000 -4.917801 0.000000
vt 5.133333 -4.917801 0.000000
vt 2.700000 -4.784887 0.000000
vt 5.133333 -4.784887 0.000000
vt 2.700000 -4.651974 0.000000
vt 5.133333 -4.651974 0.000000
vt 2.700000 -4.519060 0.000000
vt 5.133333 -4.519060 0.000000
vt 2.700000 -4.386147 0.000000
vt 5.133333 -4.386147 0.000000
vt 2.700000 -4.253233 0.000000
vt 5.133333 -4.253233 0.000000
vt 2.700000 -4.120320 0.000000
vt 5.133333 -4.120320 0.000000
vt 2.700000 -3.987406 0.000000
vt 5.133333 -3.987406 0.000000
vt 2.700000 -3.854493 0.000000
vt 5.133333 -3.854493 0.000000
vt 2.700000 -3.721579 0.000000
vt 5.133333 -3.721579 0.000000
vt -0.231793 -0.295185 0.000000
vt -0.185039 3.133333 0.000000
vt -0.285886 -0.300000 0.000000
vt -0.370077 3.133333 0.000000
vt -0.453052 -0.300000 0.000000
vt -0.555116 3.133333 0.000000
vt -0.620201 -0.300000 0.000000
vt -0.740155 3.133333 0.000000
vt -0.787351 -0.300000 0.000000
vt -0.925194 3.133333 0.000000
vt -0.954512 -0.300000 0.000000
vt -1.110232 3.133333 0.000000
vt -1.121687 -0.300000 0.000000
vt -1.295271 3.133333 0.000000
vt -1.288863 -0.300000 0.000000
vt -1.456038 -0.300000 0.000000
vt -1.480310 3.133333 0.000000
vt -1.623214 -0.300000 0.000000
vt -1.665348 3.133333 0.000000
vt -1.850387 3.133333 0.000000
vt -1.850387 6.566667 0.000000
vt -2.035426 6.566667 0.000000
vt -2.035426 10.000000 0.000000
vt -2.220465 10.000000 0.000000
vt -0.179557 -0.280357 0.000000
vt -0.130771 -0.255169 0.000000
vt -0.087325 -0.219834 0.000000
vt 0.000000 2.700000 0.000000
vt -0.050820 -0.174826 0.000000
vt -0.023206 -0.121735 0.000000
vt -0.005888 -0.062447 0.000000
vt 0.000000 0.000000 0.000000
vt -0.185039 6.566667 0.000000
vt 0.000000 10.000000 0.000000
vt -0.185039 10.000000 0.000000
vt -0.370077 10.000000 0.000000
vt -0.370077 6.566667 0.000000
vt -0.555116 10.000000 0.000000
vt -0.555116 6.566667 0.000000
vt -0.740155 10.000000 0.000000
vt -0.740155 6.566667 0.000000
vt -0.925194 10.000000 0.000000
vt -0.925194 6.566667 0.000000
vt -1.110232 10.000000 0.000000
vt -1.110232 6.566667 0.000000
vt -1.295271 10.000000 0.000000
vt -1.295271 6.566667 0.000000
vt -1.480310 10.000000 0.000000
vt -1.480310 6.566667 0.000000
vt -1.665348 10.000000 0.000000
vt -1.665348 6.566667 0.000000
vt -1.850387 10.000000 0.000000
vt -2.220465 6.566667 0.000000
vt -2.312984 10.000000 0.000000
vt -2.312984 6.566667 0.000000
vt -2.405503 10.000000 0.000000
vt -2.405503 6.566667 0.000000
vt -2.498023 10.000000 0.000000
vt -2.498023 6.566667 0.000000
vt -2.590542 10.000000 0.000000
vt -2.590542 6.566667 0.000000
vt -2.683061 10.000000 0.000000
vt -2.683061 6.566667 0.000000
vt -2.775581 10.000000 0.000000
vt -2.775581 6.566667 0.000000
vt -2.868100 10.000000 0.000000
vt -2.868100 6.566667 0.000000
vt -2.960620 10.000000 0.000000
vt -2.960620 6.566667 0.000000
vt -4.838149 10.000000 0.000000
vt -4.838149 -0.300000 0.000000
vt -2.960620 3.133333 0.000000
vt -2.960620 -0.300000 0.000000
vt -2.877032 -0.300000 0.000000
vt -2.868100 3.133333 0.000000
vt -2.793444 -0.300000 0.000000
vt -2.775581 3.133333 0.000000
vt -2.709856 -0.300000 0.000000
vt -2.683061 3.133333 0.000000
vt -2.626268 -0.300000 0.000000
vt -2.590542 3.133333 0.000000
vt -2.542680 -0.300000 0.000000
vt -2.498023 3.133333 0.000000
vt -2.459092 -0.300000 0.000000
vt -2.405503 3.133333 0.000000
vt -2.291917 -0.300000 0.000000
vt -2.312984 3.133333 0.000000
vt -2.220465 3.133333 0.000000
vt -2.124741 -0.300000 0.000000
vt -2.035426 3.133333 0.000000
vt -1.957565 -0.300000 0.000000
vt -1.091980 2.136250 0.000000
vt -1.369407 2.294736 0.000000
vt -1.100000 2.003660 0.000000
vt -1.392331 2.150000 0.000000
vt -1.400000 2.003660 0.000000
vt -1.068036 2.266907 0.000000
vt -1.278964 2.573091 0.000000
vt -1.331479 2.436283 0.000000
vt -1.212436 2.703660 0.000000
vt -1.028518 2.393725 0.000000
vt -1.132624 2.826559 0.000000
vt -0.974002 2.514855 0.000000
vt -1.040403 2.940443 0.000000
vt -0.905282 2.628531 0.000000
vt -0.936783 3.044062 0.000000
vt -0.823362 2.733095 0.000000
vt -0.822899 3.136283 0.000000
vt -0.729435 2.827021 0.000000
vt -0.700000 3.216095 0.000000
vt -0.624871 2.908942 0.000000
vt -0.569431 3.282623 0.000000
vt -0.511195 2.977661 0.000000
vt -0.432624 3.335139 0.000000
vt -0.390065 3.032178 0.000000
vt -0.291076 3.373066 0.000000
vt -0.263247 3.071696 0.000000
vt -0.146340 3.395990 0.000000
vt -0.132590 3.095639 0.000000
vt 0.000000 3.403660 0.000000
vt 0.000000 3.103660 0.000000
vt 0.132590 3.095639 0.000000
vt 0.146340 3.395990 0.000000
vt 0.263247 3.071696 0.000000
vt 0.291076 3.373066 0.000000
vt 0.390065 3.032178 0.000000
vt 0.432624 3.335139 0.000000
vt 0.511195 2.977661 0.000000
vt 0.569431 3.282623 0.000000
vt 0.624871 2.908942 0.000000
vt 0.700000 3.216095 0.000000
vt 0.729435 2.827021 0.000000
vt 0.822899 3.136283 0.000000
vt 0.823362 2.733095 0.000000
vt 0.936783 3.044062 0.000000
vt 0.905282 2.628531 0.000000
vt 1.040403 2.940443 0.000000
vt 0.974002 2.514855 0.000000
vt 1.132624 2.826559 0.000000
vt 1.028518 2.393725 0.000000
vt 1.212436 2.703660 0.000000
vt 1.068036 2.266907 0.000000
vt 1.278964 2.573091 0.000000
vt 1.091980 2.136250 0.000000
vt 1.331479 2.436283 0.000000
vt 1.369407 2.294736 0.000000
vt 1.100000 2.003660 0.000000
vt 1.392331 2.150000 0.000000
vt 1.400000 2.003660 0.000000
vt 1.396462 1.770511 0.000000
vt 1.096621 1.780134 0.000000
vt 1.385379 1.543773 0.000000
vt 1.086081 1.564341 0.000000
vt 1.366042 1.321829 0.000000
vt 1.067780 1.354364 0.000000
vt 1.337745 1.103063 0.000000
vt 1.041117 1.148286 0.000000
vt 1.299781 0.885858 0.000000
vt 1.251618 0.668973 0.000000
vt 1.005489 0.944191 0.000000
vt 1.194203 0.452506 0.000000
vt 0.960286 0.740062 0.000000
vt 1.129001 0.236861 0.000000
vt 0.905752 0.534623 0.000000
vt 1.057477 0.022440 0.000000
vt 0.843218 0.328108 0.000000
vt 0.981668 -0.189822 0.000000
vt 0.774062 0.120836 0.000000
vt 0.904976 -0.396185 0.000000
vt 0.700037 -0.086442 0.000000
vt 0.830827 -0.592001 0.000000
vt 0.624426 -0.290124 0.000000
vt 0.795778 -0.684501 0.000000
vt 0.762649 -0.772619 0.000000
vt 0.550556 -0.485530 0.000000
vt 0.731870 -0.855776 0.000000
vt 0.703883 -0.933334 0.000000
vt 0.515308 -0.578667 0.000000
vt 0.679080 -1.004435 0.000000
vt 0.481736 -0.667981 0.000000
vt 0.657672 -1.068362 0.000000
vt 0.450254 -0.752887 0.000000
vt 0.639859 -1.124418 0.000000
vt 0.625840 -1.171910 0.000000
vt 0.421274 -0.832800 0.000000
vt 0.395210 -0.907135 0.000000
vt 0.372387 -0.975269 0.000000
vt 0.352939 -1.036669 0.000000
vt 0.336991 -1.090878 0.000000
vt 0.000000 -2.292126 0.000000
vt 0.000000 -3.402799 0.000000
vt -0.625840 -1.171910 0.000000
vt -0.336991 -1.090878 0.000000
vt -0.352939 -1.036669 0.000000
vt -0.372387 -0.975269 0.000000
vt -0.395210 -0.907135 0.000000
vt -0.421274 -0.832800 0.000000
vt -0.450254 -0.752887 0.000000
vt -0.639859 -1.124418 0.000000
vt -0.657672 -1.068362 0.000000
vt -0.481736 -0.667981 0.000000
vt -0.679080 -1.004435 0.000000
vt -0.515308 -0.578667 0.000000
vt -0.703883 -0.933334 0.000000
vt -0.550556 -0.485530 0.000000
vt -0.731870 -0.855776 0.000000
vt -0.762649 -0.772619 0.000000
vt -0.624426 -0.290124 0.000000
vt -0.795778 -0.684501 0.000000
vt -0.830827 -0.592001 0.000000
vt -0.700037 -0.086442 0.000000
vt -0.904976 -0.396185 0.000000
vt -0.774062 0.120836 0.000000
vt -0.981668 -0.189822 0.000000
vt -0.843218 0.328108 0.000000
vt -1.057477 0.022440 0.000000
vt -0.905752 0.534623 0.000000
vt -1.129001 0.236861 0.000000
vt -0.960286 0.740062 0.000000
vt -1.194203 0.452506 0.000000
vt -1.005489 0.944191 0.000000
vt -1.251618 0.668973 0.000000
vt -1.041117 1.148286 0.000000
vt -1.299781 0.885858 0.000000
vt -1.337745 1.103063 0.000000
vt -1.067780 1.354364 0.000000
vt -1.366042 1.321829 0.000000
vt -1.086081 1.564341 0.000000
vt -1.385379 1.543773 0.000000
vt -1.096621 1.780134 0.000000
vt -1.396462 1.770511 0.000000
vn 0.000000 -0.000000 -0.100000
vn 0.000000 -0.000000 -0.100000
vn 0.000000 -0.000258 -0.100000
vn 0.000000 -0.000258 -0.100000
vn 0.000000 -0.017954 -0.098375
vn 0.000000 -0.017954 -0.098375
vn 0.000000 -0.035269 -0.093574
vn 0.000000 -0.035269 -0.093574
vn 0.000000 -0.051796 -0.085540
vn 0.000000 -0.051796 -0.085540
vn 0.000000 -0.067015 -0.074222
vn 0.000000 -0.067015 -0.074222
vn -0.000000 -0.080278 -0.059627
vn -0.000000 -0.080278 -0.059627
vn -0.000000 -0.090774 -0.041954
vn -0.000000 -0.090774 -0.041954
vn -0.000000 -0.094709 -0.032098
vn -0.000000 -0.094709 -0.032098
vn -0.000000 -0.097617 -0.021700
vn -0.000000 -0.097617 -0.021700
vn -0.000000 -0.099396 -0.010970
vn -0.000000 -0.099396 -0.010970
vn -0.000000 -0.100000 0.000000
vn -0.000000 -0.100000 -0.000000
vn 0.000000 0.000000 -0.100000
vn 0.014998 -0.004207 -0.098779
vn 0.014998 -0.004207 -0.098779
vn 0.000251 -0.000071 -0.100000
vn 0.017296 -0.004852 -0.098373
vn 0.029538 -0.008286 -0.095178
vn 0.029538 -0.008286 -0.095178
vn 0.043514 -0.012207 -0.089205
vn 0.043514 -0.012207 -0.089205
vn 0.056284 -0.015790 -0.081134
vn 0.056284 -0.015790 -0.081134
vn 0.068082 -0.019099 -0.070711
vn 0.068082 -0.019099 -0.070711
vn 0.076969 -0.021592 -0.060080
vn 0.076969 -0.021592 -0.060080
vn 0.084276 -0.023642 -0.048358
vn 0.084276 -0.023642 -0.048358
vn 0.089993 -0.025246 -0.035550
vn 0.089993 -0.025246 -0.035550
vn 0.093899 -0.026342 -0.022117
vn 0.093899 -0.026342 -0.022117
vn 0.096283 -0.027011 0.000000
vn 0.095697 -0.026846 -0.011016
vn -0.000000 -0.000000 -0.100000
vn 0.014843 -0.004716 -0.098780
vn 0.014998 -0.004207 -0.098779
vn 0.014998 -0.004207 -0.098779
vn 0.029538 -0.008286 -0.095178
vn 0.029538 -0.008286 -0.095178
vn 0.043514 -0.012207 -0.089205
vn 0.043514 -0.012207 -0.089205
vn 0.056284 -0.015790 -0.081134
vn 0.056284 -0.015790 -0.081134
vn 0.068082 -0.019099 -0.070711
vn 0.068082 -0.019099 -0.070711
vn 0.076969 -0.021592 -0.060080
vn 0.076969 -0.021592 -0.060080
vn 0.084276 -0.023642 -0.048358
vn 0.084276 -0.023642 -0.048358
vn 0.089993 -0.025246 -0.035550
vn 0.089993 -0.025246 -0.035550
vn 0.093899 -0.026342 -0.022117
vn 0.093899 -0.026342 -0.022117
vn 0.096283 -0.027011 -0.000000
vn 0.093899 -0.026342 -0.022117
vn 0.014742 -0.005028 -0.098780
vn -0.000000 -0.000000 -0.100000
vn 0.014634 -0.005336 -0.098779
vn 0.000000 0.000000 -0.100000
vn 0.014565 -0.005518 -0.098780
vn -0.000000 -0.000000 -0.100000
vn 0.014635 -0.005332 -0.098779
vn 0.014733 -0.005058 -0.098779
vn 0.029016 -0.009961 -0.095178
vn 0.029256 -0.009239 -0.095177
vn 0.043099 -0.013610 -0.089203
vn 0.043441 -0.012484 -0.089202
vn 0.056188 -0.016146 -0.081131
vn 0.056652 -0.014432 -0.081131
vn 0.068525 -0.017456 -0.070708
vn 0.069089 -0.015065 -0.070709
vn 0.078106 -0.017031 -0.060079
vn 0.077010 -0.013663 -0.062313
vn 0.085522 -0.018648 -0.048356
vn 0.088692 -0.015735 -0.043430
vn 0.091324 -0.019913 -0.035544
vn 0.095998 -0.017031 -0.022234
vn 0.095285 -0.020778 -0.022112
vn 0.097824 -0.020746 -0.000011
vn 0.097148 -0.023711 -0.000030
vn -0.000000 -0.000000 -0.100000
vn 0.014855 -0.004691 -0.098779
vn 0.029488 -0.008475 -0.095177
vn 0.043799 -0.011158 -0.089203
vn 0.057117 -0.012454 -0.081133
vn 0.061354 -0.010885 -0.078212
vn -0.000000 -0.000000 -0.100000
vn 0.014972 -0.004303 -0.098779
vn 0.029732 -0.007574 -0.095177
vn 0.044158 -0.009629 -0.089204
vn 0.042762 -0.007587 -0.090077
vn 0.015096 -0.003846 -0.098779
vn -0.000000 -0.000000 -0.100000
vn 0.015220 -0.003319 -0.098779
vn -0.000000 -0.000000 -0.100000
vn 0.021892 -0.003884 -0.097497
vn 0.029975 -0.006536 -0.095177
vn 0.098462 -0.017469 0.000000
vn 0.094508 -0.024074 -0.022106
vn 0.096463 -0.026359 -0.000041
vn 0.093734 -0.026932 -0.022104
vn 0.095796 -0.028689 -0.000039
vn 0.093001 -0.029361 -0.022108
vn 0.094606 -0.032400 -0.000009
vn 0.092241 -0.031662 -0.022115
vn 0.091632 -0.033381 -0.022117
vn 0.087821 -0.031993 -0.035550
vn 0.087402 -0.033120 -0.035552
vn 0.081849 -0.031015 -0.048361
vn 0.082235 -0.029981 -0.048358
vn 0.075104 -0.027382 -0.060080
vn 0.075670 -0.025774 -0.060081
vn 0.066932 -0.022802 -0.070712
vn 0.067385 -0.021413 -0.070716
vn 0.055707 -0.017702 -0.081138
vn 0.093768 -0.034750 -0.000001
vn 0.093564 -0.035296 -0.000002
vn 0.091195 -0.034557 -0.022118
vn 0.093504 -0.035453 -0.000002
vn 0.093578 -0.035258 -0.000001
vn 0.091624 -0.033404 -0.022117
vn 0.093764 -0.034761 -0.000000
vn 0.094120 -0.033784 -0.000001
vn 0.094366 -0.033093 -0.000000
vn 0.094640 -0.032300 -0.000002
vn 0.092318 -0.031435 -0.022117
vn 0.094977 -0.031295 -0.000006
vn 0.092942 -0.029538 -0.022118
vn 0.095376 -0.030058 -0.000007
vn 0.095820 -0.028611 -0.000003
vn 0.093992 -0.026368 -0.021686
vn 0.091203 -0.025586 -0.032053
vn 0.087384 -0.024514 -0.041989
vn 0.077313 -0.021689 -0.059601
vn 0.064493 -0.018092 -0.074252
vn 0.049894 -0.013997 -0.085526
vn 0.033930 -0.009518 -0.093585
vn 0.029538 -0.008286 -0.095178
vn 0.043514 -0.012207 -0.089205
vn 0.056284 -0.015790 -0.081134
vn 0.068082 -0.019099 -0.070711
vn 0.076969 -0.021592 -0.060080
vn 0.084276 -0.023642 -0.048358
vn 0.089993 -0.025246 -0.035550
vn 0.029234 -0.009289 -0.095179
vn 0.029036 -0.009900 -0.095178
vn 0.028822 -0.010509 -0.095178
vn 0.028686 -0.010869 -0.095179
vn 0.028825 -0.010502 -0.095178
vn 0.043067 -0.013685 -0.089208
vn 0.042776 -0.014581 -0.089206
vn 0.042460 -0.015481 -0.089205
vn 0.042260 -0.016012 -0.089206
vn 0.042463 -0.015470 -0.089205
vn 0.042746 -0.014674 -0.089205
vn 0.055331 -0.018855 -0.081135
vn 0.066433 -0.024221 -0.070711
vn 0.074752 -0.028325 -0.060082
vn 0.082242 -0.029961 -0.048359
vn 0.088405 -0.030346 -0.035547
vn 0.076181 -0.024209 -0.060086
vn 0.083416 -0.026509 -0.048364
vn 0.082856 -0.028217 -0.048360
vn 0.089077 -0.028309 -0.035553
vn 0.088478 -0.030128 -0.035551
vn 0.087814 -0.032015 -0.035550
vn 0.054921 -0.020024 -0.081134
vn 0.054662 -0.020712 -0.081136
vn 0.054925 -0.020010 -0.081134
vn 0.055291 -0.018980 -0.081134
vn 0.055747 -0.017603 -0.081132
vn 0.066121 -0.025054 -0.070713
vn 0.075111 -0.027363 -0.060080
vn 0.082788 -0.028419 -0.048357
vn 0.089135 -0.028142 -0.035539
vn 0.066439 -0.024204 -0.070711
vn 0.066880 -0.022959 -0.070710
vn 0.067431 -0.021291 -0.070709
vn 0.067963 -0.019529 -0.070708
vn 0.075609 -0.025955 -0.060080
vn 0.083470 -0.026355 -0.048354
vn 0.089839 -0.025813 -0.035534
vn 0.076232 -0.024070 -0.060078
vn 0.076833 -0.022078 -0.060077
vn 0.077468 -0.019734 -0.060077
vn 0.084129 -0.024174 -0.048352
vn 0.090580 -0.023073 -0.035536
vn 0.084824 -0.021607 -0.048353
vn 0.009893 0.014907 -0.098387
vn 0.013293 0.017770 -0.097507
vn 0.000009 0.000013 -0.100000
vn 0.014557 0.016750 -0.097507
vn 0.000003 0.000003 -0.100000
vn 0.015750 0.015633 -0.097507
vn 0.016867 0.014420 -0.097507
vn 0.025270 0.025082 -0.093447
vn 0.027062 0.023136 -0.093447
vn 0.034345 0.034091 -0.087511
vn 0.036782 0.031446 -0.087511
vn 0.042651 0.042336 -0.079928
vn 0.045678 0.039051 -0.079929
vn 0.050185 0.049813 -0.070712
vn 0.053746 0.045949 -0.070711
vn 0.057619 0.057185 -0.058394
vn 0.061702 0.052755 -0.058394
vn 0.063335 0.062859 -0.045137
vn 0.067822 0.057988 -0.045139
vn 0.067557 0.067067 -0.030628
vn 0.072358 0.061853 -0.030635
vn 0.070095 0.069604 -0.015556
vn 0.075093 0.064180 -0.015556
vn 0.074817 0.066351 -0.000002
vn 0.080020 0.059974 -0.000115
vn 0.018470 0.030388 -0.093463
vn 0.021329 0.028511 -0.093446
vn 0.023357 0.026874 -0.093446
vn 0.025793 0.045843 -0.085048
vn 0.026080 0.040767 -0.087509
vn 0.019188 0.029994 -0.093446
vn 0.028991 0.038752 -0.087509
vn 0.032386 0.050624 -0.079927
vn 0.036000 0.048122 -0.079927
vn 0.038103 0.059561 -0.070715
vn 0.042354 0.056616 -0.070716
vn 0.043741 0.068382 -0.058400
vn 0.048626 0.064998 -0.058402
vn 0.048088 0.075177 -0.045123
vn 0.053459 0.071460 -0.045118
vn 0.051314 0.080198 -0.030579
vn 0.057035 0.076242 -0.030563
vn 0.053250 0.083202 -0.015551
vn 0.059172 0.079101 -0.015549
vn 0.056432 0.082555 -0.000213
vn 0.062958 0.077693 -0.000204
vn 0.031705 0.060166 -0.073314
vn 0.028950 0.052663 -0.079928
vn 0.034062 0.061964 -0.070712
vn 0.036326 0.072700 -0.058267
vn 0.039101 0.071141 -0.058396
vn 0.042982 0.078202 -0.045134
vn 0.039581 0.082363 -0.040617
vn 0.045867 0.083420 -0.030616
vn 0.041543 0.088549 -0.020814
vn 0.047607 0.086554 -0.015555
vn 0.042189 0.090665 -0.000000
vn 0.049511 0.086883 -0.000097
vn 0.064783 0.074574 -0.015552
vn 0.069090 0.072295 -0.000079
vn 0.079628 0.058459 -0.015553
vn 0.084641 0.053252 -0.000225
vn 0.083686 0.052487 -0.015549
vn 0.087286 0.046254 -0.015550
vn 0.084135 0.044574 -0.030569
vn 0.087163 0.038286 -0.030607
vn 0.081709 0.035874 -0.045131
vn 0.084132 0.029736 -0.045140
vn 0.076540 0.027052 -0.058393
vn 0.078327 0.021327 -0.058396
vn 0.068226 0.018574 -0.070712
vn 0.069403 0.013518 -0.070715
vn 0.058987 0.011489 -0.079928
vn 0.059670 0.007137 -0.079928
vn 0.048051 0.005747 -0.087511
vn 0.048342 0.002196 -0.087511
vn 0.035567 0.001615 -0.093447
vn 0.035589 -0.001012 -0.093447
vn 0.022182 -0.000631 -0.097507
vn 0.022075 -0.002258 -0.097507
vn 0.000000 0.000000 -0.100000
vn 0.035419 -0.003624 -0.093447
vn 0.048141 -0.004925 -0.087511
vn 0.059783 -0.006116 -0.079929
vn 0.070342 -0.007196 -0.070712
vn 0.070681 -0.002011 -0.070712
vn 0.081147 -0.002306 -0.058394
vn 0.081097 0.003680 -0.058394
vn 0.089141 0.004045 -0.045139
vn 0.088606 0.010593 -0.045130
vn 0.094527 0.011311 -0.030605
vn 0.093449 0.018199 -0.030595
vn 0.096962 0.018879 -0.015553
vn 0.095319 0.025928 -0.015555
vn 0.097278 0.023173 -0.000102
vn 0.095052 0.031066 -0.000004
vn 0.093134 0.032925 -0.015557
vn 0.092168 0.038796 -0.000072
vn 0.090437 0.039741 -0.015554
vn 0.088691 0.046194 -0.000203
vn 0.098844 0.015163 -0.000133
vn 0.098082 0.011746 -0.015554
vn 0.095093 0.004324 -0.030636
vn 0.089197 -0.002535 -0.045138
vn 0.080757 -0.008263 -0.058395
vn 0.099752 0.007037 -0.000042
vn 0.098680 0.004495 -0.015557
vn 0.095155 -0.002712 -0.030631
vn 0.088771 -0.009083 -0.045136
vn 0.099993 -0.001179 -0.000015
vn 0.098742 -0.002822 -0.015556
vn 0.094701 -0.009685 -0.030624
vn 0.099562 -0.009350 -0.000052
vn 0.098271 -0.010046 -0.015556
vn 0.022168 0.001007 -0.097507
vn 0.000000 -0.000000 -0.100000
vn 0.022034 0.002635 -0.097507
vn 0.021782 0.004242 -0.097507
vn 0.034948 0.006807 -0.093447
vn 0.034354 0.009352 -0.093447
vn 0.046693 0.012711 -0.087511
vn 0.045625 0.016127 -0.087512
vn 0.056660 0.020027 -0.079929
vn 0.055024 0.024163 -0.079928
vn 0.064741 0.028429 -0.070713
vn 0.062481 0.033097 -0.070716
vn 0.071733 0.037995 -0.058401
vn 0.068763 0.043138 -0.058402
vn 0.075598 0.047426 -0.045118
vn 0.071918 0.052833 -0.045127
vn 0.076735 0.056353 -0.030595
vn 0.000000 -0.000000 -0.100000
vn 0.021412 0.005829 -0.097507
vn 0.033569 0.011865 -0.093447
vn 0.044310 0.019458 -0.087510
vn 0.053106 0.028132 -0.079927
vn 0.059895 0.037573 -0.070716
vn 0.065421 0.048061 -0.058398
vn 0.020922 0.007395 -0.097507
vn -0.000000 0.000000 -0.100000
vn 0.020319 0.008922 -0.097507
vn 0.019610 0.010388 -0.097507
vn 0.031465 0.016667 -0.093446
vn 0.030163 0.018922 -0.093446
vn 0.040997 0.025718 -0.087509
vn 0.039003 0.028649 -0.087510
vn 0.048435 0.035576 -0.079928
vn -0.000000 0.000000 -0.100000
vn 0.018799 0.011793 -0.097507
vn 0.028696 0.021078 -0.093447
vn -0.000000 0.000000 -0.100000
vn 0.017885 0.013137 -0.097507
vn 0.062448 0.071866 -0.030586
vn 0.058543 0.067353 -0.045125
vn 0.053253 0.061267 -0.058399
vn 0.046382 0.053368 -0.070715
vn 0.039421 0.045360 -0.079928
vn 0.031746 0.036528 -0.087510
vn 0.056986 0.041859 -0.070714
vn 0.080660 0.050595 -0.030564
vn 0.078863 0.041772 -0.045120
vn 0.074329 0.032634 -0.058397
vn 0.066669 0.023564 -0.070711
vn 0.057985 0.015785 -0.079929
vn 0.047501 0.009252 -0.087510
vn 0.035353 0.004228 -0.093447
vn 0.050909 0.031936 -0.079927
vn 0.042766 0.022655 -0.087509
vn 0.089748 0.031724 -0.030640
vn 0.086100 0.023444 -0.045135
vn 0.079679 0.015520 -0.058399
vn 0.070207 0.008396 -0.070714
vn 0.060033 0.002727 -0.079929
vn 0.048372 -0.001376 -0.087511
vn 0.032600 0.014315 -0.093447
vn 0.091856 0.024998 -0.030620
vn 0.087592 0.017061 -0.045128
vn 0.080603 0.009636 -0.058397
vn 0.070637 0.003208 -0.070711
vn 0.060071 -0.001710 -0.079929
vn -0.049563 0.086853 -0.000109
vn -0.042189 0.090665 -0.000000
vn -0.048988 0.085781 -0.015549
vn -0.041547 0.088549 -0.020807
vn -0.047198 0.082682 -0.030594
vn -0.039592 0.082364 -0.040603
vn -0.044227 0.077514 -0.045117
vn -0.036346 0.072699 -0.058257
vn -0.040234 0.070517 -0.058382
vn -0.035046 0.061413 -0.070713
vn -0.045862 0.066989 -0.058388
vn -0.039946 0.058340 -0.070716
vn -0.051143 0.063047 -0.058391
vn -0.044543 0.054909 -0.070718
vn -0.056081 0.058699 -0.058389
vn -0.048840 0.051125 -0.070717
vn -0.060674 0.053943 -0.058385
vn -0.052839 0.046984 -0.070714
vn -0.064910 0.048770 -0.058380
vn -0.056529 0.042478 -0.070711
vn -0.068736 0.043211 -0.058380
vn -0.059865 0.037630 -0.070711
vn -0.072046 0.037423 -0.058385
vn -0.062749 0.032588 -0.070715
vn -0.074849 0.031437 -0.058389
vn -0.065189 0.027377 -0.070717
vn -0.077154 0.025260 -0.058389
vn -0.067194 0.022002 -0.070717
vn -0.078958 0.018893 -0.058384
vn -0.068765 0.016459 -0.070714
vn -0.080247 0.012336 -0.058380
vn -0.069889 0.010746 -0.070711
vn -0.080990 0.005681 -0.058381
vn -0.070536 0.004945 -0.070712
vn -0.081181 -0.000956 -0.058384
vn -0.070702 -0.000833 -0.070714
vn -0.080833 -0.007580 -0.058382
vn -0.070400 -0.006598 -0.070713
vn -0.077010 -0.013663 -0.062313
vn -0.061354 -0.010885 -0.078212
vn -0.059836 -0.005607 -0.079926
vn -0.048189 -0.004516 -0.087507
vn -0.048397 -0.000570 -0.087506
vn -0.035614 -0.000420 -0.093442
vn -0.035529 0.002491 -0.093443
vn -0.022153 0.001553 -0.097503
vn -0.021949 0.003375 -0.097503
vn 0.000000 0.000000 -0.100000
vn 0.000000 0.000000 -0.100000
vn -0.021598 0.005170 -0.097503
vn -0.021107 0.006911 -0.097503
vn -0.034640 0.008291 -0.093442
vn -0.033852 0.011084 -0.093441
vn -0.047073 0.011268 -0.087505
vn -0.046003 0.015064 -0.087503
vn -0.058449 0.013992 -0.079924
vn -0.057118 0.018703 -0.079923
vn -0.031736 0.060167 -0.073299
vn -0.029789 0.052198 -0.079925
vn -0.033958 0.049591 -0.079922
vn -0.037866 0.046678 -0.079921
vn -0.041518 0.043461 -0.079921
vn -0.044913 0.039938 -0.079923
vn -0.048045 0.036104 -0.079926
vn -0.050882 0.031982 -0.079926
vn -0.053338 0.027699 -0.079924
vn -0.055415 0.023272 -0.079923
vn -0.025829 0.045845 -0.085036
vn -0.027349 0.039941 -0.087503
vn -0.018506 0.030398 -0.093453
vn -0.020125 0.029392 -0.093440
vn -0.012548 0.018326 -0.097502
vn -0.022442 0.027665 -0.093440
vn -0.013993 0.017249 -0.097502
vn -0.024607 0.025758 -0.093440
vn -0.015342 0.016060 -0.097502
vn -0.026618 0.023669 -0.093441
vn -0.016597 0.014757 -0.097503
vn -0.028473 0.021396 -0.093442
vn -0.017754 0.013340 -0.097503
vn -0.030154 0.018954 -0.093442
vn -0.018801 0.011818 -0.097503
vn -0.031610 0.016417 -0.093441
vn -0.019709 0.010236 -0.097503
vn -0.032842 0.013793 -0.093441
vn -0.020477 0.008600 -0.097503
vn -0.009905 0.014897 -0.098387
vn -0.000025 0.000034 -0.100000
vn -0.000024 0.000025 -0.100000
vn -0.000003 0.000003 -0.100000
vn 0.000000 0.000000 -0.100000
vn 0.000000 0.000000 -0.100000
vn 0.000000 0.000000 -0.100000
vn -0.022206 -0.000262 -0.097503
vn -0.035461 -0.003324 -0.093442
vn -0.042762 -0.007587 -0.090077
vn -0.022110 -0.002072 -0.097503
vn 0.000000 0.000000 -0.100000
vn -0.021892 -0.003884 -0.097497
vn -0.088692 -0.015735 -0.043430
vn -0.088852 -0.008332 -0.045121
vn -0.089238 -0.001051 -0.045117
vn -0.089021 0.006244 -0.045125
vn -0.088202 0.013559 -0.045127
vn -0.086796 0.020769 -0.045112
vn -0.084823 0.027771 -0.045097
vn -0.082291 0.034562 -0.045096
vn -0.079201 0.041139 -0.045109
vn -0.075551 0.047495 -0.045125
vn -0.071345 0.053606 -0.045126
vn -0.066700 0.059300 -0.045107
vn -0.061659 0.064537 -0.045090
vn -0.056231 0.069320 -0.045086
vn -0.050421 0.073647 -0.045097
vn -0.094787 -0.008877 -0.030605
vn -0.095998 -0.017031 -0.022234
vn -0.098354 -0.009200 -0.015550
vn -0.098462 -0.017469 0.000000
vn -0.099564 -0.009332 -0.000081
vn -0.098777 -0.001169 -0.015549
vn -0.099993 -0.001178 -0.000127
vn -0.098543 0.006889 -0.015551
vn -0.099755 0.006993 -0.000045
vn -0.097633 0.015028 -0.015552
vn -0.098838 0.015198 -0.000015
vn -0.096063 0.023025 -0.015547
vn -0.097253 0.023278 -0.000163
vn -0.093875 0.030755 -0.015542
vn -0.095035 0.031118 -0.000301
vn -0.091083 0.038240 -0.015542
vn -0.092199 0.038721 -0.000315
vn -0.087680 0.045502 -0.015546
vn -0.088745 0.046089 -0.000194
vn -0.083645 0.052552 -0.015552
vn -0.084663 0.053218 -0.000034
vn -0.078960 0.059359 -0.015552
vn -0.079945 0.060073 -0.000030
vn -0.073799 0.065667 -0.015545
vn -0.074730 0.066449 -0.000198
vn -0.068223 0.071443 -0.015540
vn -0.069076 0.072307 -0.000357
vn -0.062239 0.076713 -0.015538
vn -0.062998 0.077660 -0.000395
vn -0.055834 0.081492 -0.015542
vn -0.056497 0.082511 -0.000291
vn -0.053809 0.078565 -0.030531
vn -0.060000 0.073960 -0.030495
vn -0.065778 0.068866 -0.030509
vn -0.071145 0.063279 -0.030563
vn -0.076100 0.057194 -0.030622
vn -0.080601 0.050654 -0.030620
vn -0.084504 0.043873 -0.030566
vn -0.087801 0.036869 -0.030524
vn -0.090496 0.029638 -0.030529
vn -0.092592 0.022175 -0.030576
vn -0.094088 0.014473 -0.030627
vn -0.094965 0.006649 -0.030617
vn -0.095200 -0.001124 -0.030590
vn -0.030498 0.037596 -0.087501
vn -0.033439 0.035004 -0.087502
vn -0.036172 0.032165 -0.087504
vn -0.038693 0.029076 -0.087507
vn -0.040977 0.025757 -0.087507
vn -0.042957 0.022308 -0.087505
vn -0.044631 0.018743 -0.087503
vn -0.035202 0.005413 -0.093443
vn -0.047837 0.007356 -0.087507
vn -0.048281 0.003384 -0.087507
vn -0.059400 0.009134 -0.079926
vn -0.059951 0.004202 -0.079926
vn -0.060095 -0.000708 -0.079926
vn -0.096283 -0.027011 0.000000
vn -0.096283 -0.027011 0.000000
vn -0.095697 -0.026846 -0.011016
vn -0.095108 -0.026681 -0.015576
vn -0.095108 -0.026681 -0.015576
vn -0.091641 -0.025708 -0.030677
vn -0.093992 -0.026368 -0.021686
vn -0.091203 -0.025586 -0.032053
vn -0.087384 -0.024514 -0.041989
vn -0.085890 -0.024095 -0.045192
vn -0.077313 -0.021689 -0.059601
vn -0.078120 -0.021915 -0.058455
vn -0.068082 -0.019099 -0.070711
vn -0.078120 -0.021915 -0.058455
vn -0.068082 -0.019099 -0.070711
vn -0.068082 -0.019099 -0.070711
vn -0.057847 -0.016228 -0.079940
vn -0.057847 -0.016228 -0.079940
vn -0.046562 -0.013062 -0.087529
vn -0.046562 -0.013062 -0.087529
vn -0.034230 -0.009603 -0.093467
vn -0.033878 -0.010765 -0.093469
vn -0.021077 -0.006697 -0.097524
vn -0.020934 -0.007139 -0.097523
vn -0.000000 0.000000 -0.100000
vn 0.000000 -0.000000 -0.100000
vn -0.020781 -0.007577 -0.097523
vn 0.000000 0.000000 -0.100000
vn -0.020683 -0.007836 -0.097523
vn 0.000000 -0.000000 -0.100000
vn -0.020782 -0.007572 -0.097523
vn -0.020921 -0.007182 -0.097523
vn -0.033403 -0.012170 -0.093467
vn -0.033626 -0.011544 -0.093467
vn -0.045437 -0.016554 -0.087529
vn -0.045740 -0.015702 -0.087529
vn -0.056450 -0.020566 -0.079940
vn -0.056826 -0.019507 -0.079939
vn -0.066439 -0.024204 -0.070711
vn -0.066880 -0.022959 -0.070710
vn -0.076234 -0.027773 -0.058455
vn -0.076740 -0.026343 -0.058455
vn -0.083817 -0.030535 -0.045192
vn -0.084374 -0.028963 -0.045190
vn -0.089429 -0.032579 -0.030677
vn -0.090023 -0.030901 -0.030674
vn -0.092813 -0.033811 -0.015576
vn -0.093429 -0.032069 -0.015575
vn -0.094606 -0.032400 -0.000009
vn -0.094197 -0.029738 -0.015574
vn -0.095796 -0.028689 -0.000039
vn -0.094939 -0.027277 -0.015573
vn -0.096463 -0.026359 -0.000041
vn -0.095723 -0.024384 -0.015573
vn -0.097148 -0.023711 -0.000030
vn -0.096512 -0.021046 -0.015575
vn -0.097824 -0.020746 -0.000011
vn -0.095820 -0.028611 -0.000003
vn -0.094139 -0.029918 -0.015578
vn -0.095108 -0.026681 -0.015576
vn -0.095108 -0.026681 -0.015576
vn -0.091641 -0.025708 -0.030677
vn -0.091641 -0.025708 -0.030677
vn -0.085890 -0.024095 -0.045192
vn -0.085890 -0.024095 -0.045192
vn -0.078120 -0.021915 -0.058455
vn -0.078120 -0.021915 -0.058455
vn -0.068082 -0.019099 -0.070711
vn -0.068082 -0.019099 -0.070711
vn -0.057847 -0.016228 -0.079940
vn -0.095376 -0.030058 -0.000007
vn -0.094977 -0.031295 -0.000006
vn -0.093507 -0.031839 -0.015576
vn -0.094640 -0.032300 -0.000002
vn -0.092804 -0.033835 -0.015576
vn -0.094366 -0.033093 -0.000000
vn -0.094120 -0.033784 -0.000001
vn -0.093764 -0.034761 -0.000000
vn -0.093578 -0.035258 -0.000001
vn -0.092370 -0.035002 -0.015577
vn -0.093504 -0.035453 -0.000002
vn -0.093564 -0.035296 -0.000002
vn -0.093768 -0.034750 -0.000001
vn -0.092995 -0.020278 -0.030671
vn -0.092238 -0.023496 -0.030662
vn -0.091483 -0.026285 -0.030659
vn -0.085741 -0.024636 -0.045184
vn -0.090766 -0.028656 -0.030664
vn -0.085069 -0.026859 -0.045186
vn -0.087160 -0.019005 -0.045189
vn -0.086449 -0.022021 -0.045185
vn -0.077982 -0.022408 -0.058452
vn -0.077372 -0.024430 -0.058453
vn -0.079274 -0.017285 -0.058454
vn -0.069089 -0.015065 -0.070709
vn -0.058703 -0.012800 -0.079938
vn -0.047251 -0.010303 -0.087528
vn -0.058225 -0.014832 -0.079936
vn -0.046867 -0.011939 -0.087527
vn -0.046483 -0.013358 -0.087527
vn -0.034172 -0.009821 -0.093466
vn -0.046118 -0.014563 -0.087527
vn -0.033904 -0.010706 -0.093466
vn -0.034737 -0.007574 -0.093466
vn -0.034455 -0.008777 -0.093466
vn -0.021261 -0.006110 -0.097523
vn -0.021094 -0.006661 -0.097523
vn -0.021612 -0.004712 -0.097523
vn -0.021437 -0.005461 -0.097523
vn 0.000000 -0.000000 -0.100000
vn 0.000000 -0.000000 -0.100000
vn 0.000000 -0.000000 -0.100000
vn -0.000000 0.000000 -0.100000
vn -0.021297 -0.005974 -0.097523
vn -0.034230 -0.009603 -0.093467
vn -0.046562 -0.013062 -0.087529
vn -0.057847 -0.016228 -0.079940
vn -0.057847 -0.016228 -0.079940
vn -0.064493 -0.018092 -0.074252
vn -0.021297 -0.005974 -0.097523
vn -0.021297 -0.005974 -0.097523
vn -0.021297 -0.005974 -0.097523
vn -0.000251 -0.000071 -0.100000
vn -0.017296 -0.004852 -0.098373
vn -0.021297 -0.005974 -0.097523
vn -0.033930 -0.009518 -0.093585
vn -0.034230 -0.009603 -0.093467
vn -0.046562 -0.013062 -0.087529
vn -0.046562 -0.013062 -0.087529
vn -0.049894 -0.013997 -0.085526
vn -0.095108 -0.026681 -0.015576
vn -0.091641 -0.025708 -0.030677
vn -0.085890 -0.024095 -0.045192
vn -0.078120 -0.021915 -0.058455
vn -0.091641 -0.025708 -0.030677
vn -0.085890 -0.024095 -0.045192
vn -0.034230 -0.009603 -0.093467
vn -0.034230 -0.009603 -0.093467
vn -0.090707 -0.028827 -0.030679
vn -0.090098 -0.030679 -0.030677
vn -0.089421 -0.032601 -0.030677
vn -0.089002 -0.033726 -0.030678
vn -0.085014 -0.027017 -0.045197
vn -0.084443 -0.028756 -0.045193
vn -0.083810 -0.030555 -0.045192
vn -0.083417 -0.031609 -0.045194
vn -0.077321 -0.024572 -0.058461
vn -0.076802 -0.026159 -0.058457
vn -0.076228 -0.027791 -0.058455
vn -0.075870 -0.028749 -0.058457
vn -0.067385 -0.021413 -0.070716
vn -0.066932 -0.022802 -0.070712
vn -0.066433 -0.024221 -0.070711
vn -0.066121 -0.025054 -0.070713
vn -0.057253 -0.018193 -0.079944
vn -0.056868 -0.019378 -0.079941
vn -0.056445 -0.020579 -0.079940
vn -0.056180 -0.021287 -0.079942
vn -0.046083 -0.014643 -0.087532
vn -0.045772 -0.015601 -0.087530
vn -0.045433 -0.016565 -0.087529
vn -0.045220 -0.017134 -0.087531
vn -0.033648 -0.011472 -0.093468
vn -0.033400 -0.012178 -0.093467
vn -0.033243 -0.012596 -0.093468
vn -0.067431 -0.021291 -0.070709
vn -0.067963 -0.019529 -0.070708
vn -0.078627 -0.020029 -0.058452
vn -0.057295 -0.018091 -0.079937
vn -0.057748 -0.016594 -0.079936
vn -0.068525 -0.017456 -0.070708
vn -0.100000 0.000000 0.000000
vn -0.100000 0.000092 0.000000
vn -0.100000 0.000000 0.000000
vn -0.099999 0.000365 0.000000
vn -0.099997 0.000809 0.000000
vn -0.099990 0.001414 0.000000
vn -0.099951 0.003126 0.000000
vn -0.099951 0.003126 0.000000
vn -0.099774 0.006721 0.000000
vn -0.099774 0.006721 0.000000
vn -0.099424 0.010714 0.000000
vn -0.099424 0.010714 0.000000
vn -0.098870 0.014990 0.000000
vn -0.098870 0.014990 0.000000
vn -0.098098 0.019409 0.000000
vn -0.098098 0.019409 0.000000
vn -0.097138 0.023751 0.000000
vn -0.097138 0.023751 0.000000
vn -0.096165 0.027428 0.000000
vn -0.096165 0.027428 0.000000
vn -0.095262 0.030416 0.000000
vn -0.095262 0.030416 0.000000
vn -0.094475 0.032778 0.000000
vn -0.094475 0.032778 0.000000
vn -0.093924 0.034326 0.000000
vn -0.093924 0.034326 0.000000
vn -0.093607 0.035182 0.000000
vn -0.093607 0.035182 0.000000
vn -0.093510 0.035439 0.000000
vn -0.093510 0.035439 0.000000
vn -0.093554 0.035321 0.000000
vn -0.093554 0.035321 0.000000
vn -0.093670 0.035012 0.000000
vn -0.093670 0.035012 0.000000
vn -0.093870 0.034473 0.000000
vn -0.093870 0.034473 0.000000
vn -0.094170 0.033646 0.000000
vn -0.094170 0.033646 0.000000
vn -0.094592 0.032440 0.000000
vn -0.094592 0.032440 0.000000
vn -0.095068 0.031018 0.000000
vn -0.095068 0.031018 0.000000
vn -0.095620 0.029273 0.000000
vn -0.095620 0.029273 0.000000
vn -0.096283 0.027011 0.000000
vn -0.096283 0.027011 0.000000
vn -0.096283 0.027011 0.000000
vn -0.096283 0.027011 0.000000
vn -0.099977 0.002159 0.000000
vn -0.099954 0.003027 0.000000
vn -0.099920 0.003991 0.000000
vn -0.099873 0.005031 0.000000
vn -0.099641 0.008468 0.000000
vn -0.099254 0.012192 0.000000
vn -0.098694 0.016110 0.000000
vn -0.097957 0.020112 0.000000
vn -0.097077 0.024000 0.000000
vn -0.096198 0.027313 0.000000
vn -0.095375 0.030061 0.000000
vn -0.094642 0.032292 0.000000
vn -0.093714 0.034894 0.000000
vn -0.093531 0.035383 0.000000
vn -0.093538 0.035364 0.000000
vn -0.093775 0.034731 0.000000
vn -0.094001 0.034115 0.000000
vn -0.094317 0.033231 0.000000
vn -0.094724 0.032054 0.000000
vn -0.095167 0.030711 0.000000
vn -0.095678 0.029081 0.000000
vn -0.096283 0.027011 0.000000
vn -0.096283 0.027011 0.000000
vn -0.095620 0.029273 0.000000
vn -0.095068 0.031018 0.000000
vn -0.094592 0.032440 0.000000
vn -0.094170 0.033646 0.000000
vn -0.093870 0.034473 0.000000
vn -0.093670 0.035012 0.000000
vn -0.093554 0.035321 0.000000
vn -0.093510 0.035439 0.000000
vn -0.093607 0.035182 0.000000
vn -0.093924 0.034326 0.000000
vn -0.094475 0.032778 0.000000
vn -0.095262 0.030416 0.000000
vn -0.096165 0.027428 0.000000
vn -0.097138 0.023751 0.000000
vn -0.098098 0.019409 0.000000
vn -0.098870 0.014990 0.000000
vn -0.099424 0.010714 0.000000
vn -0.099774 0.006721 0.000000
vn -0.099951 0.003126 0.000000
vn -0.100000 0.000000 0.000000
vn 0.000000 -0.000000 -0.100000
vn 0.000000 -0.000000 -0.100000
vn 0.000000 -0.000000 -0.100000
vn 0.000000 -0.000000 -0.100000
vn 0.000000 -0.000000 -0.100000
vn 0.000000 -0.000000 -0.100000
vn 0.000000 -0.000000 -0.100000
vn 0.000000 -0.000000 -0.100000
vn 0.000000 -0.000000 -0.100000
vn 0.000000 -0.000000 -0.100000
vn 0.000000 -0.000000 -0.100000
vn 0.000000 -0.000000 -0.100000
vn 0.000000 -0.000000 -0.100000
vn 0.000000 -0.000000 -0.100000
vn 0.000000 -0.000000 -0.100000
vn 0.000000 -0.000000 -0.100000
vn 0.000000 -0.000000 -0.100000
vn 0.000000 -0.000000 -0.100000
vn 0.000000 -0.000000 -0.100000
vn 0.000000 -0.000000 -0.100000
vn 0.000000 -0.000000 -0.100000
vn 0.000000 -0.000000 -0.100000
vn 0.000000 -0.000000 -0.100000
vn 0.000000 -0.000000 -0.100000
vn 0.000000 -0.000000 -0.100000
vn 0.000000 -0.000000 -0.100000
vn 0.000000 -0.000000 -0.100000
vn 0.000000 -0.000000 -0.100000
vn 0.000000 -0.000000 -0.100000
vn 0.000000 -0.000000 -0.100000
vn 0.000000 -0.000000 -0.100000
vn 0.000000 -0.000000 -0.100000
vn 0.000000 -0.000000 -0.100000
vn 0.000000 -0.000000 -0.100000
vn 0.000000 -0.000000 -0.100000
vn 0.000000 -0.000000 -0.100000
vn 0.000000 -0.000000 -0.100000
vn 0.000000 -0.000000 -0.100000
vn 0.000000 -0.000000 -0.100000
vn 0.000000 -0.000000 -0.100000
vn 0.000000 -0.000000 -0.100000
vn 0.000000 -0.000000 -0.100000
vn 0.069194 -0.014565 0.070711
vn 0.069629 -0.012327 0.070709
vn 0.069498 -0.013044 0.070710
vn 0.069770 -0.011510 0.070709
vn 0.069908 -0.010639 0.070708
vn 0.069898 -0.010703 0.070708
vn 0.070015 -0.009907 0.070708
vn 0.070121 -0.009124 0.070709
vn 0.070226 -0.008271 0.070710
vn 0.070029 -0.009813 0.070709
vn 0.070368 -0.006957 0.070711
vn 0.070458 -0.005977 0.070711
vn 0.070578 -0.004324 0.070711
vn 0.070606 -0.003851 0.070711
vn 0.070653 -0.002859 0.070711
vn 0.070216 -0.008356 0.070709
vn 0.070300 -0.007611 0.070710
vn 0.070374 -0.006890 0.070711
vn 0.070438 -0.006205 0.070711
vn 0.070536 -0.004966 0.070711
vn 0.070683 -0.001992 0.070711
vn 0.069555 -0.012738 0.070709
vn 0.068955 -0.015660 0.070711
vn 0.069002 -0.015451 0.070711
vn 0.068710 -0.016705 0.070710
vn 0.068472 -0.017654 0.070710
vn 0.068217 -0.018618 0.070710
vn 0.067941 -0.019600 0.070710
vn 0.067730 -0.020314 0.070710
vn 0.067362 -0.021502 0.070711
vn 0.066873 -0.022979 0.070711
vn 0.066871 -0.022983 0.070711
vn 0.066490 -0.024063 0.070711
vn 0.066617 -0.023709 0.070711
vn 0.066298 -0.024587 0.070711
vn 0.068308 -0.018281 0.070710
vn 0.067666 -0.020526 0.070710
vn 0.067080 -0.022366 0.070711
vn 0.066237 -0.024750 0.070711
vn 0.066137 -0.025017 0.070711
vn 0.066131 -0.025033 0.070711
vn 0.066144 -0.024995 0.070713
vn 0.066148 -0.024982 0.070713
vn 0.066199 -0.024845 0.070714
vn 0.066205 -0.024829 0.070714
vn 0.066297 -0.024582 0.070713
vn 0.066304 -0.024564 0.070713
vn 0.066447 -0.024178 0.070712
vn 0.066454 -0.024158 0.070712
vn 0.066660 -0.023587 0.070711
vn 0.066669 -0.023563 0.070711
vn 0.066945 -0.022767 0.070711
vn 0.066956 -0.022733 0.070711
vn 0.067265 -0.021802 0.070712
vn 0.067269 -0.021788 0.070712
vn 0.067632 -0.020635 0.070711
vn 0.067632 -0.020636 0.070711
vn 0.068082 -0.019099 0.070711
vn 0.068082 -0.019099 0.070711
vn 0.068082 -0.019099 0.070711
vn 0.068082 -0.019099 0.070711
vn 0.068082 -0.019099 0.070711
vn 0.068082 -0.019099 0.070711
vn 0.068082 -0.019099 0.070711
vn 0.068082 -0.019099 0.070711
vn 0.068082 -0.019099 0.070711
vn 0.067725 -0.020329 0.070711
vn 0.067433 -0.021275 0.070712
vn 0.067176 -0.022073 0.070711
vn 0.066938 -0.022789 0.070711
vn 0.066711 -0.023445 0.070711
vn 0.066529 -0.023954 0.070712
vn 0.066287 -0.024610 0.070713
vn 0.066164 -0.024938 0.070713
vn 0.066127 -0.025041 0.070711
vn 0.066167 -0.024938 0.070711
vn 0.066315 -0.024543 0.070711
vn 0.096283 -0.027011 0.000000
vn 0.096283 -0.027011 0.000000
vn 0.096283 -0.027011 0.000000
vn 0.096283 -0.027011 0.000000
vn 0.096283 -0.027011 0.000000
vn 0.095587 -0.029380 0.000000
vn 0.095587 -0.029380 0.000000
vn 0.095053 -0.031064 0.000000
vn 0.095108 -0.030895 0.000000
vn 0.094685 -0.032167 0.000000
vn 0.096283 -0.027011 0.000000
vn 0.096283 -0.027011 0.000000
vn 0.095621 -0.029268 0.000000
vn 0.094616 -0.032371 0.000000
vn 0.094319 -0.033225 0.000000
vn 0.094237 -0.033457 0.000000
vn 0.093990 -0.034144 0.000000
vn 0.093906 -0.034376 0.000000
vn 0.093744 -0.034816 0.000000
vn 0.093678 -0.034992 0.000000
vn 0.093587 -0.035235 0.000000
vn 0.093545 -0.035346 0.000000
vn 0.093506 -0.035448 0.000000
vn 0.093536 -0.035368 0.000000
vn 0.093782 -0.034712 0.000000
vn 0.093588 -0.035231 0.000000
vn 0.093492 -0.035486 0.000000
vn 0.093545 -0.035346 0.000000
vn 0.093678 -0.034992 0.000000
vn 0.093678 -0.034992 0.000000
vn 0.093906 -0.034376 0.000000
vn 0.093918 -0.034343 0.000000
vn 0.094221 -0.033502 0.000000
vn 0.094467 -0.032803 0.000000
vn 0.094893 -0.031550 0.000000
vn 0.095271 -0.030387 0.000000
vn 0.095707 -0.028987 0.000000
vn 0.096176 -0.027391 0.000000
vn 0.096590 -0.025893 0.000000
vn 0.097135 -0.023767 0.000000
vn 0.097499 -0.022226 0.000000
vn 0.098088 -0.019462 0.000000
vn 0.098364 -0.018017 0.000000
vn 0.098870 -0.014992 0.000000
vn 0.099038 -0.013836 0.000000
vn 0.099425 -0.010706 0.000000
vn 0.099514 -0.009845 0.000000
vn 0.099774 -0.006720 0.000000
vn 0.099811 -0.006148 0.000000
vn 0.099960 -0.002817 0.000000
vn 0.099960 -0.002817 0.000000
vn 0.099951 -0.003130 0.000000
vn 0.099960 -0.002817 0.000000
vn 0.100000 0.000000 0.000000
vn 0.099951 -0.003130 0.000000
vn 0.100000 0.000000 0.000000
vn 0.099951 -0.003130 0.000000
vn 0.099774 -0.006720 0.000000
vn 0.099774 -0.006720 0.000000
vn 0.099425 -0.010706 0.000000
vn 0.099425 -0.010706 0.000000
vn 0.098870 -0.014992 0.000000
vn 0.098870 -0.014992 0.000000
vn 0.098088 -0.019462 0.000000
vn 0.098088 -0.019462 0.000000
vn 0.097135 -0.023767 0.000000
vn 0.097135 -0.023767 0.000000
vn 0.096176 -0.027391 0.000000
vn 0.096176 -0.027391 0.000000
vn 0.095271 -0.030387 0.000000
vn 0.095271 -0.030387 0.000000
vn 0.094467 -0.032803 0.000000
vn 0.094467 -0.032803 0.000000
vn 0.093918 -0.034343 0.000000
vn 0.093918 -0.034343 0.000000
vn 0.093588 -0.035231 0.000000
vn 0.093588 -0.035231 0.000000
vn 0.093492 -0.035486 0.000000
vn 0.093492 -0.035486 0.000000
vn 0.093545 -0.035346 0.000000
vn 0.093906 -0.034376 0.000000
vn 0.094237 -0.033457 0.000000
vn 0.094237 -0.033457 0.000000
vn 0.094616 -0.032371 0.000000
vn 0.094616 -0.032371 0.000000
vn 0.095053 -0.031064 0.000000
vn 0.095053 -0.031064 0.000000
vn 0.095587 -0.029380 0.000000
vn -0.068082 -0.019099 0.070711
vn -0.068082 -0.019099 0.070711
vn -0.068082 -0.019099 0.070711
vn -0.068082 -0.019099 0.070711
vn -0.068082 -0.019099 0.070711
vn -0.068082 -0.019099 0.070711
vn -0.068082 -0.019099 0.070711
vn -0.068082 -0.019099 0.070711
vn -0.068082 -0.019099 0.070711
vn -0.067725 -0.020329 0.070711
vn -0.067632 -0.020636 0.070711
vn -0.067433 -0.021275 0.070712
vn -0.067269 -0.021788 0.070712
vn -0.067176 -0.022073 0.070711
vn -0.066956 -0.022733 0.070711
vn -0.066938 -0.022789 0.070711
vn -0.066711 -0.023445 0.070711
vn -0.066669 -0.023563 0.070711
vn -0.066529 -0.023954 0.070712
vn -0.066454 -0.024158 0.070712
vn -0.066287 -0.024610 0.070713
vn -0.066304 -0.024564 0.070713
vn -0.066205 -0.024829 0.070714
vn -0.066297 -0.024582 0.070713
vn -0.066199 -0.024845 0.070714
vn -0.067632 -0.020635 0.070711
vn -0.067265 -0.021802 0.070712
vn -0.066945 -0.022767 0.070711
vn -0.066660 -0.023587 0.070711
vn -0.066447 -0.024178 0.070712
vn -0.066148 -0.024982 0.070713
vn -0.066144 -0.024995 0.070713
vn -0.066131 -0.025033 0.070711
vn -0.066137 -0.025017 0.070711
vn -0.066237 -0.024750 0.070711
vn -0.066298 -0.024587 0.070711
vn -0.066490 -0.024063 0.070711
vn -0.066617 -0.023709 0.070711
vn -0.066871 -0.022983 0.070711
vn -0.067080 -0.022366 0.070711
vn -0.067362 -0.021502 0.070711
vn -0.067666 -0.020526 0.070710
vn -0.067941 -0.019600 0.070710
vn -0.068308 -0.018281 0.070710
vn -0.068472 -0.017654 0.070710
vn -0.068955 -0.015660 0.070711
vn -0.069002 -0.015451 0.070711
vn -0.069498 -0.013044 0.070710
vn -0.069194 -0.014565 0.070711
vn -0.069629 -0.012327 0.070709
vn -0.069773 -0.011490 0.070709
vn -0.069906 -0.010652 0.070708
vn -0.069904 -0.010664 0.070708
vn -0.070023 -0.009850 0.070709
vn -0.070227 -0.008267 0.070710
vn -0.070131 -0.009050 0.070709
vn -0.070227 -0.008266 0.070710
vn -0.070312 -0.007504 0.070710
vn -0.070386 -0.006770 0.070711
vn -0.070458 -0.005977 0.070711
vn -0.070449 -0.006079 0.070711
vn -0.070501 -0.005436 0.070711
vn -0.070546 -0.004829 0.070711
vn -0.070578 -0.004324 0.070711
vn -0.070612 -0.003734 0.070711
vn -0.070656 -0.002792 0.070711
vn -0.070683 -0.001992 0.070711
vn -0.069555 -0.012738 0.070709
vn -0.070029 -0.009813 0.070709
vn -0.070368 -0.006957 0.070711
vn -0.068710 -0.016705 0.070710
vn -0.068217 -0.018618 0.070710
vn -0.067730 -0.020314 0.070710
vn -0.066873 -0.022979 0.070711
vn -0.066315 -0.024543 0.070711
vn -0.066167 -0.024938 0.070711
vn -0.066127 -0.025041 0.070711
vn -0.066164 -0.024938 0.070713
vn -0.000000 -0.100000 0.000000
vn 0.097493 0.000000 -0.022252
vn 0.099452 0.010453 -0.000000
vn 0.096921 0.010541 -0.022252
vn 0.097815 0.020791 -0.000000
vn 0.095213 0.020958 -0.022252
vn 0.095106 0.030902 -0.000000
vn 0.092389 0.031130 -0.022252
vn 0.091355 0.040674 -0.000000
vn 0.088482 0.040936 -0.022252
vn 0.086603 0.050000 -0.000000
vn 0.083537 0.050263 -0.022252
vn 0.080902 0.058779 -0.000000
vn 0.077613 0.059000 -0.022252
vn 0.074314 0.066913 -0.000000
vn 0.070779 0.067046 -0.022252
vn 0.066913 0.074314 -0.000000
vn 0.063115 0.074305 -0.022252
vn 0.058779 0.080902 -0.000000
vn 0.054712 0.080694 -0.022252
vn 0.050000 0.086603 -0.000000
vn 0.045666 0.086136 -0.022252
vn 0.040674 0.091355 -0.000000
vn 0.036086 0.090569 -0.022252
vn 0.030902 0.095106 -0.000000
vn 0.026082 0.093939 -0.022252
vn 0.020791 0.097815 -0.000000
vn 0.015773 0.096208 -0.022252
vn 0.010453 0.099452 -0.000000
vn 0.005278 0.097350 -0.022252
vn 0.000000 0.100000 -0.000000
vn -0.005278 0.097350 -0.022252
vn -0.010453 0.099452 -0.000000
vn -0.015773 0.096208 -0.022252
vn -0.020791 0.097815 -0.000000
vn -0.026082 0.093939 -0.022252
vn -0.030902 0.095106 -0.000000
vn -0.036086 0.090569 -0.022252
vn -0.040674 0.091355 -0.000000
vn -0.045666 0.086136 -0.022252
vn -0.050000 0.086603 -0.000000
vn -0.054712 0.080694 -0.022252
vn -0.058779 0.080902 -0.000000
vn -0.063115 0.074305 -0.022252
vn -0.066913 0.074314 -0.000000
vn -0.070779 0.067046 -0.022252
vn -0.074314 0.066913 -0.000000
vn -0.077613 0.059000 -0.022252
vn -0.080902 0.058779 -0.000000
vn -0.083537 0.050263 -0.022252
vn -0.086603 0.050000 -0.000000
vn -0.088482 0.040936 -0.022252
vn -0.091355 0.040674 -0.000000
vn -0.092389 0.031130 -0.022252
vn -0.095106 0.030902 -0.000000
vn -0.095213 0.020958 -0.022252
vn -0.097815 0.020791 -0.000000
vn -0.096921 0.010541 -0.022252
vn -0.099452 0.010453 -0.000000
vn -0.097493 0.000000 -0.022252
vn -0.100000 0.000000 -0.000000
vn 0.090097 0.000000 -0.043388
vn 0.089569 0.009741 -0.043388
vn 0.087990 0.019368 -0.043388
vn 0.085381 0.028768 -0.043388
vn 0.081770 0.037831 -0.043388
vn 0.077200 0.046450 -0.043388
vn 0.071726 0.054524 -0.043388
vn 0.065410 0.061960 -0.043388
vn 0.058327 0.068668 -0.043388
vn 0.050561 0.074572 -0.043388
vn 0.042202 0.079602 -0.043388
vn 0.033348 0.083698 -0.043388
vn 0.024103 0.086813 -0.043388
vn 0.014576 0.088910 -0.043388
vn 0.004878 0.089965 -0.043388
vn -0.004878 0.089965 -0.043388
vn -0.014576 0.088910 -0.043388
vn -0.024103 0.086813 -0.043388
vn -0.033348 0.083698 -0.043388
vn -0.042202 0.079602 -0.043388
vn -0.050561 0.074572 -0.043388
vn -0.058327 0.068668 -0.043388
vn -0.065410 0.061960 -0.043388
vn -0.071726 0.054524 -0.043388
vn -0.077200 0.046450 -0.043388
vn -0.081770 0.037831 -0.043388
vn -0.085381 0.028768 -0.043388
vn -0.087990 0.019368 -0.043388
vn -0.089569 0.009741 -0.043388
vn -0.090097 0.000000 -0.043388
vn -0.077725 0.008453 -0.062349
vn -0.078183 0.000000 -0.062349
vn -0.061983 0.006741 -0.078183
vn -0.062349 0.000000 -0.078183
vn -0.043134 0.004691 -0.090097
vn -0.043388 0.000000 -0.090097
vn -0.022122 0.002406 -0.097493
vn -0.022252 0.000000 -0.097493
vn -0.000000 0.000000 -0.100000
vn -0.000000 0.000000 -0.100000
vn -0.021732 0.004784 -0.097493
vn -0.000000 0.000000 -0.100000
vn -0.021087 0.007105 -0.097493
vn -0.000000 0.000000 -0.100000
vn -0.020195 0.009343 -0.097493
vn -0.000000 0.000000 -0.100000
vn -0.019067 0.011472 -0.097493
vn -0.000000 0.000000 -0.100000
vn -0.017715 0.013466 -0.097493
vn -0.000000 0.000000 -0.100000
vn -0.016155 0.015303 -0.097493
vn -0.000000 0.000000 -0.100000
vn -0.014406 0.016960 -0.097493
vn -0.000000 0.000000 -0.100000
vn -0.012488 0.018418 -0.097493
vn -0.000000 0.000000 -0.100000
vn -0.010423 0.019660 -0.097493
vn -0.008236 0.020672 -0.097493
vn -0.020323 0.038334 -0.090097
vn -0.016060 0.040307 -0.090097
vn -0.029205 0.055086 -0.078183
vn -0.023078 0.057921 -0.078183
vn -0.036622 0.069076 -0.062349
vn -0.028939 0.072630 -0.062349
vn 0.078183 0.000000 -0.062349
vn 0.077725 0.008453 -0.062349
vn 0.076355 0.016807 -0.062349
vn 0.074091 0.024964 -0.062349
vn 0.070957 0.032828 -0.062349
vn 0.066992 0.040308 -0.062349
vn 0.062241 0.047314 -0.062349
vn 0.056761 0.053767 -0.062349
vn 0.050615 0.059588 -0.062349
vn 0.043875 0.064711 -0.062349
vn 0.036622 0.069076 -0.062349
vn 0.028939 0.072630 -0.062349
vn 0.020916 0.075333 -0.062349
vn 0.012649 0.077153 -0.062349
vn 0.004233 0.078068 -0.062349
vn -0.004233 0.078068 -0.062349
vn -0.012649 0.077153 -0.062349
vn -0.020916 0.075333 -0.062349
vn 0.062349 0.000000 -0.078183
vn 0.061983 0.006741 -0.078183
vn 0.060891 0.013403 -0.078183
vn 0.059085 0.019908 -0.078183
vn 0.056586 0.026180 -0.078183
vn 0.053424 0.032144 -0.078183
vn 0.049636 0.037732 -0.078183
vn 0.045265 0.042877 -0.078183
vn 0.040364 0.047520 -0.078183
vn 0.034989 0.051606 -0.078183
vn 0.029205 0.055086 -0.078183
vn 0.023078 0.057921 -0.078183
vn 0.016680 0.060076 -0.078183
vn 0.010087 0.061528 -0.078183
vn 0.003376 0.062258 -0.078183
vn -0.003376 0.062258 -0.078183
vn -0.010087 0.061528 -0.078183
vn -0.016680 0.060076 -0.078183
vn 0.043388 0.000000 -0.090097
vn 0.043134 0.004691 -0.090097
vn 0.042374 0.009327 -0.090097
vn 0.041117 0.013854 -0.090097
vn 0.039378 0.018218 -0.090097
vn 0.037178 0.022369 -0.090097
vn 0.034541 0.026258 -0.090097
vn 0.031500 0.029838 -0.090097
vn 0.028089 0.033069 -0.090097
vn 0.024349 0.035912 -0.090097
vn 0.020323 0.038334 -0.090097
vn 0.016060 0.040307 -0.090097
vn 0.011608 0.041807 -0.090097
vn 0.007019 0.042817 -0.090097
vn 0.002349 0.043325 -0.090097
vn -0.002349 0.043325 -0.090097
vn -0.007019 0.042817 -0.090097
vn -0.011608 0.041807 -0.090097
vn 0.022252 0.000000 -0.097493
vn 0.022122 0.002406 -0.097493
vn 0.021732 0.004784 -0.097493
vn 0.021087 0.007105 -0.097493
vn 0.020195 0.009343 -0.097493
vn 0.019067 0.011472 -0.097493
vn 0.017715 0.013466 -0.097493
vn 0.016155 0.015303 -0.097493
vn 0.014406 0.016960 -0.097493
vn 0.012488 0.018418 -0.097493
vn 0.010423 0.019660 -0.097493
vn 0.008236 0.020672 -0.097493
vn 0.005953 0.021441 -0.097493
vn 0.003600 0.021959 -0.097493
vn 0.001205 0.022219 -0.097493
vn -0.001205 0.022219 -0.097493
vn -0.003600 0.021959 -0.097493
vn -0.005953 0.021441 -0.097493
vn 0.000000 0.000000 -0.100000
vn 0.000000 0.000000 -0.100000
vn 0.000000 0.000000 -0.100000
vn 0.000000 0.000000 -0.100000
vn 0.000000 0.000000 -0.100000
vn 0.000000 0.000000 -0.100000
vn 0.000000 0.000000 -0.100000
vn 0.000000 0.000000 -0.100000
vn 0.000000 0.000000 -0.100000
vn 0.000000 0.000000 -0.100000
vn 0.000000 0.000000 -0.100000
vn 0.000000 0.000000 -0.100000
vn 0.000000 0.000000 -0.100000
vn 0.000000 0.000000 -0.100000
vn -0.000000 0.000000 -0.100000
vn -0.000000 0.000000 -0.100000
vn -0.000000 0.000000 -0.100000
vn -0.024349 0.035912 -0.090097
vn -0.028089 0.033069 -0.090097
vn -0.031500 0.029838 -0.090097
vn -0.034541 0.026258 -0.090097
vn -0.037178 0.022369 -0.090097
vn -0.039378 0.018218 -0.090097
vn -0.041117 0.013854 -0.090097
vn -0.042374 0.009327 -0.090097
vn -0.034989 0.051606 -0.078183
vn -0.040364 0.047520 -0.078183
vn -0.045265 0.042877 -0.078183
vn -0.049636 0.037732 -0.078183
vn -0.053424 0.032144 -0.078183
vn -0.056586 0.026180 -0.078183
vn -0.059085 0.019908 -0.078183
vn -0.060891 0.013403 -0.078183
vn -0.043875 0.064711 -0.062349
vn -0.050615 0.059588 -0.062349
vn -0.056761 0.053767 -0.062349
vn -0.062241 0.047314 -0.062349
vn -0.066992 0.040308 -0.062349
vn -0.070957 0.032828 -0.062349
vn -0.074091 0.024964 -0.062349
vn -0.076355 0.016807 -0.062349
vn -0.019939 -0.000076 -0.097992
vn -0.022234 0.000000 -0.097497
vn -0.038683 -0.000313 -0.092215
vn -0.043430 0.000000 -0.090077
vn -0.055735 -0.000704 -0.083025
vn -0.062313 0.000000 -0.078212
vn -0.070534 -0.001208 -0.070877
vn -0.078212 0.000000 -0.062313
vn -0.082612 -0.001757 -0.056322
vn -0.090077 0.000000 -0.043430
vn -0.091829 -0.002272 -0.039525
vn -0.097497 0.000000 -0.022234
vn -0.097855 -0.002660 -0.020427
vn -0.099420 -0.002768 -0.010392
vn -0.099961 -0.002805 -0.000010
vn 0.099961 -0.002810 -0.000015
vn 0.099410 -0.002773 -0.010488
vn 0.097497 0.000000 -0.022234
vn 0.097805 -0.002663 -0.020664
vn 0.091677 -0.002268 -0.039878
vn 0.090077 0.000000 -0.043430
vn 0.082316 -0.001746 -0.056755
vn 0.078212 0.000000 -0.062313
vn 0.070306 -0.001203 -0.071103
vn 0.062313 0.000000 -0.078212
vn 0.055759 -0.000707 -0.083009
vn 0.043430 0.000000 -0.090077
vn 0.038836 -0.000317 -0.092150
vn 0.022234 0.000000 -0.097497
vn 0.020023 -0.000078 -0.097975
vn 0.099414 0.010812 0.000000
vn 0.099414 0.010812 0.000000
vn 0.099452 0.010453 0.000000
vn 0.097815 0.020791 0.000000
vn 0.097662 0.021497 0.000000
vn 0.095106 0.030902 0.000000
vn 0.094765 0.031930 0.000000
vn 0.091355 0.040674 0.000000
vn 0.090758 0.041989 0.000000
vn 0.086603 0.050000 0.000000
vn 0.085686 0.051555 0.000000
vn 0.080902 0.058779 0.000000
vn 0.079609 0.060517 0.000000
vn 0.074314 0.066913 0.000000
vn 0.072600 0.068770 0.000000
vn 0.066913 0.074314 0.000000
vn 0.064739 0.076216 0.000000
vn 0.058779 0.080902 0.000000
vn 0.056119 0.082769 0.000000
vn 0.050000 0.086603 0.000000
vn 0.046841 0.088351 0.000000
vn 0.040674 0.091355 0.000000
vn 0.037014 0.092898 0.000000
vn 0.030902 0.095106 0.000000
vn 0.026753 0.096355 0.000000
vn 0.020791 0.097815 0.000000
vn 0.016178 0.098683 0.000000
vn 0.010453 0.099452 0.000000
vn 0.005414 0.099853 0.000000
vn 0.000000 0.100000 0.000000
vn -0.005414 0.099853 -0.000000
vn -0.010453 0.099452 -0.000000
vn -0.016178 0.098683 -0.000000
vn -0.020791 0.097815 -0.000000
vn -0.026753 0.096355 -0.000000
vn -0.030902 0.095106 -0.000000
vn -0.037014 0.092898 -0.000000
vn -0.040674 0.091355 -0.000000
vn -0.046841 0.088351 -0.000000
vn -0.050000 0.086603 -0.000000
vn -0.056119 0.082769 -0.000000
vn -0.058779 0.080902 -0.000000
vn -0.064739 0.076216 -0.000000
vn -0.066913 0.074314 -0.000000
vn -0.072600 0.068770 -0.000000
vn -0.074314 0.066913 -0.000000
vn -0.079609 0.060517 -0.000000
vn -0.080902 0.058779 -0.000000
vn -0.085686 0.051555 -0.000000
vn -0.086603 0.050000 -0.000000
vn -0.090758 0.041989 -0.000000
vn -0.091355 0.040674 -0.000000
vn -0.094765 0.031930 -0.000000
vn -0.095106 0.030902 -0.000000
vn -0.097662 0.021497 -0.000000
vn -0.097815 0.020791 -0.000000
vn -0.099414 0.010812 -0.000000
vn -0.099452 0.010453 -0.000000
vn -0.100000 0.000000 -0.000000
vn -0.099414 0.010812 -0.000000
vn -0.097662 0.021497 -0.000000
vn -0.094765 0.031930 -0.000000
vn -0.090758 0.041989 -0.000000
vn -0.085686 0.051555 -0.000000
vn -0.079609 0.060517 -0.000000
vn -0.072600 0.068770 -0.000000
vn -0.064739 0.076216 -0.000000
vn -0.056119 0.082769 -0.000000
vn -0.046841 0.088351 -0.000000
vn -0.037014 0.092898 -0.000000
vn -0.026753 0.096355 -0.000000
vn -0.016178 0.098683 -0.000000
vn -0.005414 0.099853 -0.000000
vn 0.005414 0.099853 0.000000
vn 0.016178 0.098683 0.000000
vn 0.026753 0.096355 0.000000
vn 0.037014 0.092898 0.000000
vn 0.046841 0.088351 0.000000
vn 0.056119 0.082769 0.000000
vn 0.064739 0.076216 0.000000
vn 0.072600 0.068770 0.000000
vn 0.079609 0.060517 0.000000
vn 0.085686 0.051555 0.000000
vn 0.090758 0.041989 0.000000
vn 0.094765 0.031930 0.000000
vn 0.097662 0.021497 0.000000
vn -0.042189 0.090665 -0.000000
vn -0.048049 0.087700 -0.000000
vn -0.049477 0.086903 -0.000000
vn -0.053678 0.084372 -0.000000
vn -0.056405 0.082574 -0.000000
vn -0.059077 0.080684 -0.000000
vn -0.062975 0.077680 -0.000000
vn -0.064246 0.076632 -0.000000
vn -0.069138 0.072249 0.000000
vn -0.069137 0.072250 0.000000
vn -0.071903 0.069498 0.000000
vn -0.071903 0.069498 -0.000000
vn -0.074806 0.066363 0.000000
vn -0.078865 0.061484 0.000000
vn -0.079981 0.060026 0.000000
vn -0.085143 0.052447 -0.000000
vn -0.084639 0.053257 0.000000
vn -0.088706 0.046165 -0.000000
vn -0.090526 0.042485 -0.000000
vn -0.092181 0.038764 -0.000000
vn -0.092843 0.037152 -0.000000
vn -0.095053 0.031063 -0.000000
vn -0.094878 0.031595 -0.000000
vn -0.096595 0.025871 -0.000000
vn -0.097275 0.023188 -0.000000
vn -0.097982 0.019986 -0.000000
vn -0.098843 0.015169 -0.000000
vn -0.099025 0.013929 -0.000000
vn -0.099754 0.007007 -0.000000
vn -0.099702 0.007712 -0.000000
vn -0.099990 0.001445 -0.000000
vn -0.099993 -0.001182 -0.000000
vn -0.099883 -0.004838 0.000000
vn -0.099563 -0.009340 0.000000
vn -0.099378 -0.011140 -0.000000
vn -0.071903 0.069498 -0.000000
vn -0.071747 0.069659 -0.000000
vn -0.071289 0.070128 -0.000000
vn -0.069529 0.071873 -0.000000
vn -0.066816 0.074402 0.000000
vn -0.063237 0.077467 0.000000
vn -0.058838 0.080858 0.000000
vn -0.053767 0.084316 0.000000
vn -0.048178 0.087629 0.000000
vn -0.099960 -0.002817 0.000000
vn -0.099811 -0.006148 0.000000
vn -0.099960 -0.002817 0.000000
vn -0.099951 -0.003130 0.000000
vn -0.099960 -0.002817 0.000000
vn -0.099951 -0.003130 0.000000
vn -0.099951 -0.003130 0.000000
vn -0.099774 -0.006720 0.000000
vn -0.099774 -0.006720 0.000000
vn -0.099425 -0.010706 0.000000
vn -0.099425 -0.010706 0.000000
vn -0.098870 -0.014992 0.000000
vn -0.098870 -0.014992 0.000000
vn -0.098088 -0.019462 0.000000
vn -0.098088 -0.019462 0.000000
vn -0.097135 -0.023767 0.000000
vn -0.097135 -0.023767 0.000000
vn -0.096176 -0.027391 0.000000
vn -0.096176 -0.027391 0.000000
vn -0.095271 -0.030387 0.000000
vn -0.095271 -0.030387 0.000000
vn -0.094467 -0.032803 0.000000
vn -0.094467 -0.032803 0.000000
vn -0.093918 -0.034343 0.000000
vn -0.093918 -0.034343 0.000000
vn -0.093588 -0.035231 0.000000
vn -0.093588 -0.035231 0.000000
vn -0.093492 -0.035486 0.000000
vn -0.093492 -0.035486 0.000000
vn -0.093545 -0.035346 0.000000
vn -0.093545 -0.035346 0.000000
vn -0.093678 -0.034992 0.000000
vn -0.093678 -0.034992 0.000000
vn -0.093906 -0.034376 0.000000
vn -0.093906 -0.034376 0.000000
vn -0.094237 -0.033457 0.000000
vn -0.094237 -0.033457 0.000000
vn -0.094616 -0.032371 0.000000
vn -0.094616 -0.032371 0.000000
vn -0.095053 -0.031064 0.000000
vn -0.095053 -0.031064 0.000000
vn -0.095587 -0.029380 0.000000
vn -0.095587 -0.029380 0.000000
vn -0.096283 -0.027011 0.000000
vn -0.096283 -0.027011 0.000000
vn -0.096283 -0.027011 0.000000
vn -0.096283 -0.027011 0.000000
vn -0.096283 -0.027011 0.000000
vn -0.099774 -0.006720 0.000000
vn -0.099514 -0.009845 0.000000
vn -0.099425 -0.010706 0.000000
vn -0.099038 -0.013836 0.000000
vn -0.098870 -0.014992 0.000000
vn -0.098364 -0.018017 0.000000
vn -0.098088 -0.019462 0.000000
vn -0.097499 -0.022226 0.000000
vn -0.097135 -0.023767 0.000000
vn -0.096590 -0.025893 0.000000
vn -0.096176 -0.027391 0.000000
vn -0.095707 -0.028987 0.000000
vn -0.095271 -0.030387 0.000000
vn -0.094893 -0.031550 0.000000
vn -0.094467 -0.032803 0.000000
vn -0.094221 -0.033502 0.000000
vn -0.093918 -0.034343 0.000000
vn -0.093782 -0.034712 0.000000
vn -0.093588 -0.035231 0.000000
vn -0.093536 -0.035368 0.000000
vn -0.093492 -0.035486 0.000000
vn -0.093506 -0.035448 0.000000
vn -0.093545 -0.035346 0.000000
vn -0.093587 -0.035235 0.000000
vn -0.093678 -0.034992 0.000000
vn -0.093744 -0.034816 0.000000
vn -0.093906 -0.034376 0.000000
vn -0.093990 -0.034144 0.000000
vn -0.094237 -0.033457 0.000000
vn -0.094319 -0.033225 0.000000
vn -0.094616 -0.032371 0.000000
vn -0.094685 -0.032167 0.000000
vn -0.095053 -0.031064 0.000000
vn -0.095108 -0.030895 0.000000
vn -0.095587 -0.029380 0.000000
vn -0.095621 -0.029268 0.000000
vn -0.096283 -0.027011 0.000000
vn -0.096283 -0.027011 0.000000
vn 0.099563 -0.009340 0.000000
vn 0.099360 -0.011293 0.000000
vn 0.099868 -0.005138 0.000000
vn 0.099993 -0.001182 0.000000
vn 0.099995 0.001001 0.000000
vn 0.099754 0.007007 0.000000
vn 0.099746 0.007127 0.000000
vn 0.099124 0.013210 0.000000
vn 0.098843 0.015168 0.000000
vn 0.098152 0.019136 0.000000
vn 0.097274 0.023188 0.000000
vn 0.096849 0.024904 0.000000
vn 0.095053 0.031063 0.000000
vn 0.095228 0.030523 0.000000
vn 0.092182 0.038763 0.000000
vn 0.091084 0.041276 0.000000
vn 0.088707 0.046164 0.000000
vn 0.085802 0.051362 0.000000
vn 0.084639 0.053256 0.000000
vn 0.079373 0.060827 -0.000000
vn 0.079980 0.060026 0.000000
vn 0.074805 0.066364 0.000000
vn 0.071903 0.069498 0.000000
vn 0.069137 0.072250 0.000000
vn 0.069137 0.072250 0.000000
vn 0.064246 0.076632 -0.000000
vn 0.066728 0.074480 0.000000
vn 0.063169 0.077522 0.000000
vn 0.059077 0.080684 -0.000000
vn 0.058847 0.080852 0.000000
vn 0.053811 0.084287 0.000000
vn 0.053678 0.084372 -0.000000
vn 0.048204 0.087615 0.000000
vn 0.048049 0.087700 -0.000000
vn 0.042189 0.090665 0.000000
vn 0.049477 0.086902 0.000000
vn 0.056406 0.082574 0.000000
vn 0.062975 0.077680 0.000000
vn 0.069485 0.071915 0.000000
vn 0.071903 0.069498 0.000000
vn 0.071274 0.070143 0.000000
vn 0.071744 0.069662 0.000000
vn 0.071903 0.069498 0.000000
vn 0.099271 -0.012054 0.000000
vn 0.099271 -0.012054 0.000000
vn 0.100000 0.000000 0.000000
vn 0.099271 -0.012054 0.000000
vn 0.100000 0.000000 0.000000
vn 0.099271 -0.012054 0.000000
vn 0.097094 -0.023932 0.000000
vn 0.097094 -0.023932 0.000000
vn 0.093502 -0.035460 0.000000
vn 0.093502 -0.035460 0.000000
vn 0.088546 -0.046472 0.000000
vn 0.088546 -0.046472 0.000000
vn 0.082298 -0.056806 0.000000
vn 0.082298 -0.056806 0.000000
vn 0.074851 -0.066312 0.000000
vn 0.074851 -0.066312 0.000000
vn 0.066312 -0.074851 0.000000
vn 0.066312 -0.074851 0.000000
vn 0.056806 -0.082298 0.000000
vn 0.056806 -0.082298 0.000000
vn 0.046472 -0.088546 0.000000
vn 0.046472 -0.088546 0.000000
vn 0.035460 -0.093502 0.000000
vn 0.035460 -0.093502 0.000000
vn 0.023932 -0.097094 0.000000
vn 0.023932 -0.097094 0.000000
vn 0.012054 -0.099271 0.000000
vn 0.012054 -0.099271 0.000000
vn 0.000000 -0.100000 0.000000
vn 0.000000 -0.100000 0.000000
vn -0.012054 -0.099271 0.000000
vn -0.012054 -0.099271 0.000000
vn -0.023932 -0.097094 0.000000
vn -0.023932 -0.097094 0.000000
vn -0.035460 -0.093502 0.000000
vn -0.035460 -0.093502 0.000000
vn -0.046472 -0.088546 0.000000
vn -0.046472 -0.088546 0.000000
vn -0.056806 -0.082298 0.000000
vn -0.056806 -0.082298 0.000000
vn -0.066312 -0.074851 0.000000
vn -0.066312 -0.074851 0.000000
vn -0.074851 -0.066312 0.000000
vn -0.074851 -0.066312 0.000000
vn -0.082298 -0.056806 0.000000
vn -0.082298 -0.056806 0.000000
vn -0.088546 -0.046472 0.000000
vn -0.088546 -0.046472 0.000000
vn -0.093502 -0.035460 0.000000
vn -0.093502 -0.035460 0.000000
vn -0.097094 -0.023932 0.000000
vn -0.097094 -0.023932 0.000000
vn -0.099271 -0.012054 0.000000
vn -0.099271 -0.012054 0.000000
vn -0.099271 -0.012054 0.000000
vn -0.099271 -0.012054 0.000000
vn -0.097094 -0.023932 0.000000
vn -0.097094 -0.023932 0.000000
vn -0.093502 -0.035460 0.000000
vn -0.093502 -0.035460 0.000000
vn -0.088546 -0.046472 0.000000
vn -0.088546 -0.046472 0.000000
vn -0.082298 -0.056806 0.000000
vn -0.082298 -0.056806 0.000000
vn -0.074851 -0.066312 0.000000
vn -0.074851 -0.066312 0.000000
vn -0.066312 -0.074851 0.000000
vn -0.066312 -0.074851 0.000000
vn -0.056806 -0.082298 0.000000
vn -0.056806 -0.082298 0.000000
vn -0.046472 -0.088546 0.000000
vn -0.046472 -0.088546 0.000000
vn -0.035460 -0.093502 0.000000
vn -0.035460 -0.093502 0.000000
vn -0.023932 -0.097094 0.000000
vn -0.023932 -0.097094 0.000000
vn -0.012054 -0.099271 0.000000
vn -0.012054 -0.099271 0.000000
vn 0.000000 -0.100000 0.000000
vn 0.000000 -0.100000 0.000000
vn 0.012054 -0.099271 0.000000
vn 0.012054 -0.099271 0.000000
vn 0.023932 -0.097094 0.000000
vn 0.023932 -0.097094 0.000000
vn 0.035460 -0.093502 0.000000
vn 0.035460 -0.093502 0.000000
vn 0.046472 -0.088546 0.000000
vn 0.046472 -0.088546 0.000000
vn 0.056806 -0.082298 0.000000
vn 0.056806 -0.082298 0.000000
vn 0.066312 -0.074851 0.000000
vn 0.066312 -0.074851 0.000000
vn 0.074851 -0.066312 0.000000
vn 0.074851 -0.066312 0.000000
vn 0.082298 -0.056806 0.000000
vn 0.082298 -0.056806 0.000000
vn 0.088546 -0.046472 0.000000
vn 0.088546 -0.046472 0.000000
vn 0.093502 -0.035460 0.000000
vn 0.093502 -0.035460 0.000000
vn 0.097094 -0.023932 0.000000
vn 0.097094 -0.023932 0.000000
vn 0.099920 0.003992 0.000000
vn 0.099951 0.003126 0.000000
vn 0.099873 0.005031 0.000000
vn 0.099774 0.006721 0.000000
vn 0.099641 0.008468 0.000000
vn 0.099424 0.010714 0.000000
vn 0.099254 0.012192 0.000000
vn 0.098870 0.014990 0.000000
vn 0.098694 0.016110 0.000000
vn 0.098098 0.019409 0.000000
vn 0.097957 0.020112 0.000000
vn 0.097138 0.023751 0.000000
vn 0.097077 0.024000 0.000000
vn 0.096165 0.027428 0.000000
vn 0.096198 0.027313 0.000000
vn 0.095375 0.030061 0.000000
vn 0.095262 0.030416 0.000000
vn 0.094642 0.032292 0.000000
vn 0.094475 0.032778 0.000000
vn 0.093924 0.034326 0.000000
vn 0.093924 0.034326 0.000000
vn 0.093607 0.035182 0.000000
vn 0.093607 0.035182 0.000000
vn 0.093510 0.035439 0.000000
vn 0.099954 0.003026 0.000000
vn 0.099977 0.002158 0.000000
vn 0.099990 0.001413 0.000000
vn 0.099997 0.000809 0.000000
vn 0.099999 0.000365 0.000000
vn 0.100000 0.000092 0.000000
vn 0.100000 0.000000 0.000000
vn 0.099951 0.003126 0.000000
vn 0.099951 0.003126 0.000000
vn 0.099774 0.006721 0.000000
vn 0.099774 0.006721 0.000000
vn 0.099424 0.010714 0.000000
vn 0.099424 0.010714 0.000000
vn 0.098870 0.014990 0.000000
vn 0.098870 0.014990 0.000000
vn 0.098098 0.019409 0.000000
vn 0.098098 0.019409 0.000000
vn 0.097138 0.023751 0.000000
vn 0.097138 0.023751 0.000000
vn 0.096165 0.027428 0.000000
vn 0.096165 0.027428 0.000000
vn 0.095262 0.030416 0.000000
vn 0.095262 0.030416 0.000000
vn 0.094475 0.032778 0.000000
vn 0.094475 0.032778 0.000000
vn 0.093924 0.034326 0.000000
vn 0.093510 0.035439 0.000000
vn 0.093554 0.035321 0.000000
vn 0.093554 0.035321 0.000000
vn 0.093670 0.035012 0.000000
vn 0.093670 0.035012 0.000000
vn 0.093870 0.034473 0.000000
vn 0.093870 0.034473 0.000000
vn 0.094170 0.033646 0.000000
vn 0.094170 0.033646 0.000000
vn 0.094592 0.032440 0.000000
vn 0.094592 0.032440 0.000000
vn 0.095068 0.031018 0.000000
vn 0.095068 0.031018 0.000000
vn 0.095620 0.029273 0.000000
vn 0.095620 0.029273 0.000000
vn 0.096283 0.027011 0.000000
vn 0.096283 0.027011 0.000000
vn 0.096283 0.027011 0.000000
vn 0.096283 0.027011 0.000000
vn 0.096283 0.027011 0.000000
vn 0.096283 0.027011 0.000000
vn 0.095678 0.029081 0.000000
vn 0.095620 0.029273 0.000000
vn 0.095167 0.030711 0.000000
vn 0.095068 0.031018 0.000000
vn 0.094724 0.032054 0.000000
vn 0.094592 0.032440 0.000000
vn 0.094317 0.033231 0.000000
vn 0.094170 0.033646 0.000000
vn 0.094001 0.034115 0.000000
vn 0.093870 0.034473 0.000000
vn 0.093775 0.034731 0.000000
vn 0.093670 0.035012 0.000000
vn 0.093538 0.035364 0.000000
vn 0.093554 0.035321 0.000000
vn 0.093510 0.035439 0.000000
vn 0.093531 0.035383 0.000000
vn 0.093607 0.035182 0.000000
vn 0.093714 0.034894 0.000000
vn 0.000000 0.000000 0.100000
vn 0.000000 0.000000 0.100000
vn 0.000000 0.000000 0.100000
vn 0.000000 0.000000 0.100000
vn 0.000000 0.000000 0.100000
vn 0.000000 0.000000 0.100000
vn 0.000000 0.000000 0.100000
vn 0.000000 0.000000 0.100000
vn 0.000000 0.000000 0.100000
vn 0.000000 0.000000 0.100000
vn 0.000000 0.000000 0.100000
vn 0.000000 0.000000 0.100000
vn 0.000000 0.000000 0.100000
vn 0.000000 0.000000 0.100000
vn 0.000000 0.000000 0.100000
vn 0.000000 0.000000 0.100000
vn 0.000000 0.000000 0.100000
vn 0.000000 0.000000 0.100000
vn 0.000000 0.000000 0.100000
vn 0.000000 0.000000 0.100000
vn 0.000000 0.000000 0.100000
vn 0.000000 0.000000 0.100000
vn 0.000000 0.000000 0.100000
vn 0.000000 0.000000 0.100000
vn 0.000000 0.000000 0.100000
vn 0.000000 0.000000 0.100000
vn 0.000000 0.000000 0.100000
vn 0.000000 0.000000 0.100000
vn 0.000000 0.000000 0.100000
vn 0.000000 0.000000 0.100000
vn 0.000000 0.000000 0.100000
vn 0.000000 0.000000 0.100000
vn 0.000000 0.000000 0.100000
vn 0.000000 0.000000 0.100000
vn 0.000000 0.000000 0.100000
vn 0.000000 0.000000 0.100000
vn 0.000000 0.000000 0.100000
vn 0.000000 0.000000 0.100000
vn 0.000000 0.000000 0.100000
vn 0.000000 0.000000 0.100000
vn 0.000000 0.000000 0.100000
vn 0.000000 0.000000 0.100000
vn 0.000000 0.000000 0.100000
vn 0.000000 0.000000 0.100000
vn 0.000000 0.000000 0.100000
vn 0.000000 0.000000 0.100000
vn 0.000000 0.000000 0.100000
vn 0.000000 0.000000 0.100000
vn 0.000000 0.000000 0.100000
vn 0.000000 0.000000 0.100000
vn 0.000000 0.000000 0.100000
vn 0.000000 0.000000 0.100000
vn 0.000000 0.000000 0.100000
vn 0.000000 0.000000 0.100000
vn 0.000000 0.000000 0.100000
vn 0.000000 0.000000 0.100000
vn 0.000000 0.000000 0.100000
vn 0.000000 0.000000 0.100000
vn 0.000000 0.000000 0.100000
vn 0.000000 0.000000 0.100000
vn 0.000000 0.000000 0.100000
vn 0.000000 0.000000 0.100000
vn 0.000000 0.000000 0.100000
vn 0.000000 0.000000 0.100000
vn 0.000000 0.000000 0.100000
vn 0.000000 0.000000 0.100000
vn 0.000000 0.000000 0.100000
vn 0.000000 0.000000 0.100000
vn 0.000000 0.000000 0.100000
vn 0.000000 0.000000 0.100000
vn 0.000000 0.000000 0.100000
vn 0.000000 0.000000 0.100000
vn 0.000000 0.000000 0.100000
vn 0.000000 0.000000 0.100000
vn 0.000000 0.000000 0.100000
vn 0.000000 0.000000 0.100000
vn 0.000000 0.000000 0.100000
vn 0.000000 0.000000 0.100000
vn 0.000000 0.000000 0.100000
vn 0.000000 0.000000 0.100000
vn 0.000000 0.000000 0.100000
vn 0.000000 0.000000 0.100000
vn 0.000000 0.000000 0.100000
vn 0.000000 0.000000 0.100000
vn 0.000000 0.000000 0.100000
vn 0.000000 0.000000 0.100000
vn 0.000000 0.000000 0.100000
vn 0.000000 0.000000 0.100000
vn 0.000000 0.000000 0.100000
vn 0.000000 0.000000 0.100000
vn 0.000000 0.000000 0.100000
vn 0.000000 0.000000 0.100000
vn 0.000000 0.000000 0.100000
vn 0.000000 0.000000 0.100000
vn 0.000000 0.000000 0.100000
vn 0.000000 0.000000 0.100000
vn 0.000000 0.000000 0.100000
vn 0.000000 0.000000 0.100000
vn 0.000000 0.000000 0.100000
vn 0.000000 0.000000 0.100000
vn 0.000000 0.000000 0.100000
vn 0.000000 0.000000 0.100000
vn 0.000000 0.000000 0.100000
vn 0.000000 0.000000 0.100000
vn 0.000000 0.000000 0.100000
vn 0.000000 0.000000 0.100000
vn 0.000000 0.000000 0.100000
vn 0.000000 0.000000 0.100000
vn 0.000000 0.000000 0.100000
vn 0.000000 0.000000 0.100000
vn 0.000000 0.000000 0.100000
vn 0.000000 0.000000 0.100000
vn 0.000000 0.000000 0.100000
vn 0.000000 0.000000 0.100000
vn 0.000000 0.000000 0.100000
vn 0.000000 0.000000 0.100000
vn 0.000000 0.000000 0.100000
vn 0.000000 0.000000 0.100000
vn 0.000000 0.000000 0.100000
vn 0.000000 0.000000 0.100000
vn 0.000000 0.000000 0.100000
vn 0.000000 0.000000 0.100000
vn 0.000000 0.000000 0.100000
vn 0.000000 0.000000 0.100000
vn 0.000000 0.000000 0.100000
vn 0.000000 0.000000 0.100000
vn 0.000000 0.000000 0.100000
vn 0.000000 0.000000 0.100000
vn 0.000000 0.000000 0.100000
vn 0.000000 0.000000 0.100000
vn 0.000000 0.000000 0.100000
vn 0.000000 0.000000 0.100000
vn 0.000000 0.000000 0.100000
vn 0.000000 0.000000 0.100000
vn 0.000000 0.000000 0.100000
vn 0.000000 0.000000 0.100000
vn 0.000000 0.000000 0.100000
vn 0.000000 0.000000 0.100000
vn 0.000000 0.000000 0.100000
vn 0.000000 0.000000 0.100000
usemtl Steel_-_Satin
f 1/1/1 2/2/2 24/3/3
f 24/3/3 2/2/2 3/4/4
f 24/3/3 3/4/4 4/5/5
f 24/3/3 4/5/5 23/6/6
f 23/6/6 4/5/5 5/7/7
f 23/6/6 5/7/7 22/8/8
f 22/8/8 5/7/7 6/9/9
f 22/8/8 6/9/9 21/10/10
f 21/10/10 6/9/9 7/11/11
f 21/10/10 7/11/11 20/12/12
f 20/12/12 7/11/11 8/13/13
f 20/12/12 8/13/13 19/14/14
f 19/14/14 8/13/13 9/15/15
f 19/14/14 9/15/15 18/16/16
f 18/16/16 9/15/15 10/17/17
f 18/16/16 10/17/17 17/18/18
f 17/18/18 10/17/17 11/19/19
f 17/18/18 11/19/19 16/20/20
f 16/20/20 11/19/19 12/21/21
f 16/20/20 12/21/21 15/22/22
f 15/22/22 12/21/21 13/23/23
f 15/22/22 13/23/23 14/24/24
f 25/25/25 60/26/26 2/27/2
f 2/27/2 60/26/26 62/28/27
f 2/27/2 62/28/27 3/29/28
f 3/29/28 62/28/27 4/30/29
f 4/30/29 62/28/27 63/31/30
f 4/30/29 63/31/30 78/32/31
f 78/32/31 63/31/30 64/33/32
f 78/32/31 64/33/32 77/34/33
f 77/34/33 64/33/32 65/35/34
f 77/34/33 65/35/34 76/36/35
f 76/36/35 65/35/34 66/37/36
f 76/36/35 66/37/36 75/38/37
f 75/38/37 66/37/36 67/39/38
f 75/38/37 67/39/38 74/40/39
f 74/40/39 67/39/38 68/41/40
f 74/40/39 68/41/40 73/42/41
f 73/42/41 68/41/40 69/43/42
f 73/42/41 69/43/42 72/44/43
f 72/44/43 69/43/42 61/45/44
f 72/44/43 61/45/44 71/46/45
f 71/46/45 61/45/44 13/47/46
f 71/46/45 13/47/46 12/48/47
f 26/49/48 79/50/49 25/25/25
f 25/25/25 79/50/49 96/51/50
f 25/25/25 96/51/50 184/52/51
f 184/52/51 96/51/50 95/53/52
f 184/52/51 95/53/52 183/54/53
f 183/54/53 95/53/52 94/55/54
f 183/54/53 94/55/54 182/56/55
f 182/56/55 94/55/54 93/57/56
f 182/56/55 93/57/56 181/58/57
f 181/58/57 93/57/56 92/59/58
f 181/58/57 92/59/58 180/60/59
f 180/60/59 92/59/58 91/61/60
f 180/60/59 91/61/60 179/62/61
f 179/62/61 91/61/60 90/63/62
f 179/62/61 90/63/62 178/64/63
f 178/64/63 90/63/62 89/65/64
f 178/64/63 89/65/64 177/66/65
f 177/66/65 89/65/64 88/67/66
f 177/66/65 88/67/66 176/68/67
f 176/68/67 88/67/66 57/69/68
f 176/68/67 57/69/68 70/70/69
f 70/70/69 57/69/68 61/45/44
f 70/70/69 61/45/44 69/43/42
f 79/50/49 26/49/48 97/71/70
f 97/71/70 26/49/48 27/72/71
f 97/71/70 27/72/71 106/73/72
f 106/73/72 27/72/71 28/74/73
f 106/73/72 28/74/73 58/75/74
f 58/75/74 28/74/73 29/76/75
f 58/75/74 29/76/75 139/77/76
f 139/77/76 29/76/75 123/78/77
f 139/77/76 123/78/77 124/79/78
f 124/79/78 123/78/77 141/80/79
f 124/79/78 141/80/79 142/81/80
f 142/81/80 141/80/79 164/82/81
f 142/81/80 164/82/81 163/83/82
f 163/83/82 164/82/81 152/84/83
f 163/83/82 152/84/83 153/85/84
f 153/85/84 152/84/83 171/86/85
f 153/85/84 171/86/85 172/87/86
f 172/87/86 171/86/85 37/88/87
f 172/87/86 37/88/87 173/89/88
f 173/89/88 37/88/87 38/90/89
f 173/89/88 38/90/89 174/91/90
f 174/91/90 38/90/89 39/92/91
f 174/91/90 39/92/91 175/93/92
f 175/93/92 39/92/91 41/94/93
f 175/93/92 41/94/93 42/95/94
f 29/76/75 30/96/95 123/78/77
f 123/78/77 30/96/95 140/97/96
f 123/78/77 140/97/96 141/80/79
f 141/80/79 140/97/96 165/98/97
f 141/80/79 165/98/97 164/82/81
f 164/82/81 165/98/97 151/99/98
f 164/82/81 151/99/98 152/84/83
f 152/84/83 151/99/98 170/100/99
f 152/84/83 170/100/99 171/86/85
f 171/86/85 170/100/99 36/101/100
f 171/86/85 36/101/100 37/88/87
f 30/96/95 31/102/101 140/97/96
f 140/97/96 31/102/101 166/103/102
f 140/97/96 166/103/102 165/98/97
f 165/98/97 166/103/102 150/104/103
f 165/98/97 150/104/103 151/99/98
f 151/99/98 150/104/103 169/105/104
f 151/99/98 169/105/104 170/100/99
f 170/100/99 169/105/104 35/106/105
f 170/100/99 35/106/105 36/101/100
f 166/103/102 31/102/101 149/107/106
f 149/107/106 31/102/101 32/108/107
f 149/107/106 32/108/107 167/109/108
f 167/109/108 32/108/107 33/110/109
f 167/109/108 33/110/109 34/111/110
f 167/109/108 34/111/110 168/112/111
f 168/112/111 34/111/110 35/106/105
f 168/112/111 35/106/105 169/105/104
f 39/92/91 40/113/112 41/94/93
f 175/93/92 42/95/94 157/114/113
f 157/114/113 42/95/94 43/115/114
f 157/114/113 43/115/114 158/116/115
f 158/116/115 43/115/114 44/117/116
f 158/116/115 44/117/116 148/118/117
f 148/118/117 44/117/116 45/119/118
f 148/118/117 45/119/118 131/120/119
f 131/120/119 45/119/118 59/121/120
f 131/120/119 59/121/120 132/122/121
f 132/122/121 59/121/120 121/123/122
f 132/122/121 121/123/122 120/124/123
f 120/124/123 121/123/122 112/125/124
f 120/124/123 112/125/124 111/126/125
f 111/126/125 112/125/124 102/127/126
f 111/126/125 102/127/126 101/128/127
f 101/128/127 102/127/126 83/129/128
f 101/128/127 83/129/128 82/130/129
f 82/130/129 83/129/128 93/57/56
f 82/130/129 93/57/56 94/55/54
f 45/119/118 46/131/130 59/121/120
f 59/121/120 46/131/130 47/132/131
f 59/121/120 47/132/131 122/133/132
f 122/133/132 47/132/131 48/134/133
f 122/133/132 48/134/133 49/135/134
f 122/133/132 49/135/134 114/136/135
f 114/136/135 49/135/134 50/137/136
f 114/136/135 50/137/136 51/138/137
f 51/138/137 52/139/138 114/136/135
f 114/136/135 52/139/138 53/140/139
f 114/136/135 53/140/139 105/141/140
f 105/141/140 53/140/139 54/142/141
f 105/141/140 54/142/141 87/143/142
f 87/143/142 54/142/141 55/144/143
f 87/143/142 55/144/143 56/145/144
f 87/143/142 56/145/144 88/67/66
f 88/67/66 56/145/144 57/69/68
f 57/69/68 13/47/46 61/45/44
f 12/48/47 11/146/145 71/46/45
f 71/46/45 11/146/145 10/147/146
f 71/46/45 10/147/146 72/44/43
f 72/44/43 10/147/146 9/148/147
f 72/44/43 9/148/147 73/42/41
f 73/42/41 9/148/147 8/149/148
f 73/42/41 8/149/148 74/40/39
f 74/40/39 8/149/148 75/38/37
f 8/149/148 7/150/149 75/38/37
f 75/38/37 7/150/149 76/36/35
f 7/150/149 6/151/150 76/36/35
f 76/36/35 6/151/150 77/34/33
f 6/151/150 5/152/151 77/34/33
f 77/34/33 5/152/151 78/32/31
f 5/152/151 4/30/29 78/32/31
f 60/26/26 25/25/25 184/52/51
f 63/31/30 62/28/27 191/153/152
f 191/153/152 62/28/27 60/26/26
f 191/153/152 60/26/26 183/54/53
f 183/54/53 60/26/26 184/52/51
f 64/33/32 63/31/30 190/154/153
f 190/154/153 63/31/30 191/153/152
f 190/154/153 191/153/152 182/56/55
f 182/56/55 191/153/152 183/54/53
f 65/35/34 64/33/32 189/155/154
f 189/155/154 64/33/32 190/154/153
f 189/155/154 190/154/153 181/58/57
f 181/58/57 190/154/153 182/56/55
f 66/37/36 65/35/34 188/156/155
f 188/156/155 65/35/34 189/155/154
f 188/156/155 189/155/154 180/60/59
f 180/60/59 189/155/154 181/58/57
f 67/39/38 66/37/36 187/157/156
f 187/157/156 66/37/36 188/156/155
f 187/157/156 188/156/155 179/62/61
f 179/62/61 188/156/155 180/60/59
f 68/41/40 67/39/38 186/158/157
f 186/158/157 67/39/38 187/157/156
f 186/158/157 187/157/156 178/64/63
f 178/64/63 187/157/156 179/62/61
f 69/43/42 68/41/40 185/159/158
f 185/159/158 68/41/40 186/158/157
f 185/159/158 186/158/157 177/66/65
f 177/66/65 186/158/157 178/64/63
f 95/53/52 96/51/50 80/160/159
f 80/160/159 96/51/50 79/50/49
f 80/160/159 79/50/49 98/161/160
f 98/161/160 79/50/49 97/71/70
f 98/161/160 97/71/70 107/162/161
f 107/162/161 97/71/70 106/73/72
f 107/162/161 106/73/72 115/163/162
f 115/163/162 106/73/72 58/75/74
f 115/163/162 58/75/74 138/164/163
f 138/164/163 58/75/74 139/77/76
f 138/164/163 139/77/76 124/79/78
f 94/55/54 95/53/52 81/165/164
f 81/165/164 95/53/52 80/160/159
f 81/165/164 80/160/159 99/166/165
f 99/166/165 80/160/159 98/161/160
f 99/166/165 98/161/160 108/167/166
f 108/167/166 98/161/160 107/162/161
f 108/167/166 107/162/161 116/168/167
f 116/168/167 107/162/161 115/163/162
f 116/168/167 115/163/162 137/169/168
f 137/169/168 115/163/162 138/164/163
f 137/169/168 138/164/163 125/170/169
f 125/170/169 138/164/163 124/79/78
f 125/170/169 124/79/78 142/81/80
f 94/55/54 81/165/164 82/130/129
f 82/130/129 81/165/164 100/171/170
f 82/130/129 100/171/170 101/128/127
f 101/128/127 100/171/170 110/172/171
f 101/128/127 110/172/171 111/126/125
f 111/126/125 110/172/171 119/173/172
f 111/126/125 119/173/172 120/124/123
f 120/124/123 119/173/172 133/174/173
f 120/124/123 133/174/173 132/122/121
f 132/122/121 133/174/173 130/175/174
f 132/122/121 130/175/174 131/120/119
f 131/120/119 130/175/174 148/118/117
f 100/171/170 81/165/164 99/166/165
f 92/59/58 93/57/56 83/129/128
f 91/61/60 92/59/58 84/176/175
f 84/176/175 92/59/58 83/129/128
f 84/176/175 83/129/128 102/127/126
f 90/63/62 91/61/60 85/177/176
f 85/177/176 91/61/60 84/176/175
f 85/177/176 84/176/175 103/178/177
f 103/178/177 84/176/175 102/127/126
f 103/178/177 102/127/126 112/125/124
f 89/65/64 90/63/62 86/179/178
f 86/179/178 90/63/62 85/177/176
f 86/179/178 85/177/176 104/180/179
f 104/180/179 85/177/176 103/178/177
f 104/180/179 103/178/177 113/181/180
f 113/181/180 103/178/177 112/125/124
f 113/181/180 112/125/124 121/123/122
f 88/67/66 89/65/64 87/143/142
f 87/143/142 89/65/64 86/179/178
f 87/143/142 86/179/178 105/141/140
f 105/141/140 86/179/178 104/180/179
f 105/141/140 104/180/179 114/136/135
f 114/136/135 104/180/179 113/181/180
f 114/136/135 113/181/180 122/133/132
f 122/133/132 113/181/180 121/123/122
f 122/133/132 121/123/122 59/121/120
f 100/171/170 99/166/165 109/182/181
f 109/182/181 99/166/165 108/167/166
f 109/182/181 108/167/166 117/183/182
f 117/183/182 108/167/166 116/168/167
f 117/183/182 116/168/167 136/184/183
f 136/184/183 116/168/167 137/169/168
f 136/184/183 137/169/168 126/185/184
f 126/185/184 137/169/168 125/170/169
f 126/185/184 125/170/169 143/186/185
f 143/186/185 125/170/169 142/81/80
f 143/186/185 142/81/80 163/83/82
f 100/171/170 109/182/181 110/172/171
f 110/172/171 109/182/181 118/187/186
f 110/172/171 118/187/186 119/173/172
f 119/173/172 118/187/186 134/188/187
f 119/173/172 134/188/187 133/174/173
f 133/174/173 134/188/187 129/189/188
f 133/174/173 129/189/188 130/175/174
f 130/175/174 129/189/188 147/190/189
f 130/175/174 147/190/189 148/118/117
f 148/118/117 147/190/189 158/116/115
f 118/187/186 109/182/181 117/183/182
f 118/187/186 117/183/182 135/191/190
f 135/191/190 117/183/182 136/184/183
f 135/191/190 136/184/183 127/192/191
f 127/192/191 136/184/183 126/185/184
f 127/192/191 126/185/184 144/193/192
f 144/193/192 126/185/184 143/186/185
f 144/193/192 143/186/185 162/194/193
f 162/194/193 143/186/185 163/83/82
f 162/194/193 163/83/82 153/85/84
f 127/192/191 128/195/194 135/191/190
f 135/191/190 128/195/194 134/188/187
f 135/191/190 134/188/187 118/187/186
f 134/188/187 128/195/194 129/189/188
f 129/189/188 128/195/194 146/196/195
f 129/189/188 146/196/195 147/190/189
f 147/190/189 146/196/195 159/197/196
f 147/190/189 159/197/196 158/116/115
f 158/116/115 159/197/196 157/114/113
f 128/195/194 127/192/191 145/198/197
f 145/198/197 127/192/191 144/193/192
f 145/198/197 144/193/192 161/199/198
f 161/199/198 144/193/192 162/194/193
f 161/199/198 162/194/193 154/200/199
f 154/200/199 162/194/193 153/85/84
f 154/200/199 153/85/84 172/87/86
f 128/195/194 145/198/197 146/196/195
f 146/196/195 145/198/197 160/201/200
f 146/196/195 160/201/200 159/197/196
f 159/197/196 160/201/200 156/202/201
f 159/197/196 156/202/201 157/114/113
f 157/114/113 156/202/201 175/93/92
f 160/201/200 145/198/197 161/199/198
f 166/103/102 149/107/106 150/104/103
f 150/104/103 149/107/106 168/112/111
f 150/104/103 168/112/111 169/105/104
f 167/109/108 168/112/111 149/107/106
f 160/201/200 161/199/198 155/203/202
f 155/203/202 161/199/198 154/200/199
f 155/203/202 154/200/199 173/89/88
f 173/89/88 154/200/199 172/87/86
f 160/201/200 155/203/202 156/202/201
f 156/202/201 155/203/202 174/91/90
f 156/202/201 174/91/90 175/93/92
f 174/91/90 155/203/202 173/89/88
f 185/159/158 177/66/65 176/68/67
f 69/43/42 185/159/158 70/70/69
f 70/70/69 185/159/158 176/68/67
f 193/204/203 240/205/204 192/206/205
f 192/206/205 240/205/204 230/207/206
f 192/206/205 230/207/206 222/208/207
f 222/208/207 230/207/206 270/209/208
f 222/208/207 270/209/208 229/210/209
f 229/210/209 270/209/208 269/211/210
f 229/210/209 269/211/210 278/212/211
f 278/212/211 269/211/210 268/213/212
f 278/212/211 268/213/212 277/214/213
f 277/214/213 268/213/212 267/215/214
f 277/214/213 267/215/214 276/216/215
f 276/216/215 267/215/214 266/217/216
f 276/216/215 266/217/216 275/218/217
f 275/218/217 266/217/216 265/219/218
f 275/218/217 265/219/218 274/220/219
f 274/220/219 265/219/218 264/221/220
f 274/220/219 264/221/220 273/222/221
f 273/222/221 264/221/220 263/223/222
f 273/222/221 263/223/222 272/224/223
f 272/224/223 263/223/222 262/225/224
f 272/224/223 262/225/224 271/226/225
f 271/226/225 262/225/224 205/227/226
f 271/226/225 205/227/226 206/228/227
f 193/204/203 194/229/228 240/205/204
f 240/205/204 194/229/228 239/230/229
f 240/205/204 239/230/229 230/207/206
f 230/207/206 239/230/229 261/231/230
f 230/207/206 261/231/230 270/209/208
f 270/209/208 261/231/230 269/211/210
f 195/232/231 242/233/232 194/229/228
f 194/229/228 242/233/232 241/234/233
f 194/229/228 241/234/233 239/230/229
f 239/230/229 241/234/233 242/233/232
f 239/230/229 242/233/232 238/235/234
f 238/235/234 242/233/232 243/236/235
f 238/235/234 243/236/235 237/237/236
f 237/237/236 243/236/235 244/238/237
f 237/237/236 244/238/237 236/239/238
f 236/239/238 244/238/237 245/240/239
f 236/239/238 245/240/239 235/241/240
f 235/241/240 245/240/239 246/242/241
f 235/241/240 246/242/241 234/243/242
f 234/243/242 246/242/241 247/244/243
f 234/243/242 247/244/243 233/245/244
f 233/245/244 247/244/243 248/246/245
f 233/245/244 248/246/245 232/247/246
f 232/247/246 248/246/245 202/248/247
f 232/247/246 202/248/247 203/249/248
f 196/250/249 249/251/250 195/232/231
f 195/232/231 249/251/250 243/236/235
f 195/232/231 243/236/235 242/233/232
f 249/251/250 196/250/249 250/252/251
f 250/252/251 196/250/249 197/253/252
f 250/252/251 197/253/252 251/254/253
f 251/254/253 197/253/252 252/255/254
f 251/254/253 252/255/254 245/240/239
f 245/240/239 252/255/254 246/242/241
f 197/253/252 198/256/255 252/255/254
f 252/255/254 198/256/255 253/257/256
f 252/255/254 253/257/256 246/242/241
f 246/242/241 253/257/256 247/244/243
f 198/256/255 199/258/257 253/257/256
f 253/257/256 199/258/257 231/259/258
f 253/257/256 231/259/258 247/244/243
f 247/244/243 231/259/258 248/246/245
f 199/258/257 200/260/259 231/259/258
f 231/259/258 200/260/259 201/261/260
f 231/259/258 201/261/260 248/246/245
f 248/246/245 201/261/260 202/248/247
f 232/247/246 203/249/248 254/262/261
f 254/262/261 203/249/248 204/263/262
f 254/262/261 204/263/262 262/225/224
f 262/225/224 204/263/262 205/227/226
f 271/226/225 206/228/227 279/264/263
f 279/264/263 206/228/227 207/265/264
f 279/264/263 207/265/264 288/266/265
f 288/266/265 207/265/264 226/267/266
f 288/266/265 226/267/266 311/268/267
f 311/268/267 226/267/266 297/269/268
f 311/268/267 297/269/268 298/270/269
f 298/270/269 297/269/268 314/271/270
f 298/270/269 314/271/270 315/272/271
f 315/272/271 314/271/270 323/273/272
f 315/272/271 323/273/272 324/274/273
f 324/274/273 323/273/272 333/275/274
f 324/274/273 333/275/274 334/276/275
f 334/276/275 333/275/274 342/277/276
f 334/276/275 342/277/276 343/278/277
f 343/278/277 342/277/276 352/279/278
f 343/278/277 352/279/278 353/280/279
f 353/280/279 352/279/278 361/281/280
f 353/280/279 361/281/280 362/282/281
f 362/282/281 361/281/280 371/283/282
f 362/282/281 371/283/282 216/284/283
f 216/284/283 371/283/282 33/285/109
f 33/285/109 371/283/282 34/286/110
f 34/286/110 371/283/282 370/287/284
f 34/286/110 370/287/284 35/288/105
f 35/288/105 370/287/284 369/289/285
f 35/288/105 369/289/285 36/290/100
f 36/290/100 369/289/285 368/291/286
f 36/290/100 368/291/286 367/292/287
f 367/292/287 368/291/286 358/293/288
f 367/292/287 358/293/288 357/294/289
f 357/294/289 358/293/288 349/295/290
f 357/294/289 349/295/290 348/296/291
f 348/296/291 349/295/290 339/297/292
f 348/296/291 339/297/292 338/298/293
f 338/298/293 339/297/292 330/299/294
f 338/298/293 330/299/294 329/300/295
f 329/300/295 330/299/294 320/301/296
f 329/300/295 320/301/296 211/302/297
f 211/302/297 320/301/296 210/303/298
f 210/303/298 320/301/296 312/304/299
f 210/303/298 312/304/299 209/305/300
f 209/305/300 312/304/299 296/306/301
f 209/305/300 296/306/301 208/307/302
f 208/307/302 296/306/301 226/267/266
f 208/307/302 226/267/266 207/265/264
f 211/302/297 212/308/303 329/300/295
f 329/300/295 212/308/303 337/309/304
f 329/300/295 337/309/304 338/298/293
f 338/298/293 337/309/304 347/310/305
f 338/298/293 347/310/305 348/296/291
f 348/296/291 347/310/305 356/311/306
f 348/296/291 356/311/306 357/294/289
f 357/294/289 356/311/306 366/312/307
f 357/294/289 366/312/307 367/292/287
f 367/292/287 366/312/307 37/313/87
f 367/292/287 37/313/87 36/290/100
f 212/308/303 213/314/308 337/309/304
f 337/309/304 213/314/308 346/315/309
f 337/309/304 346/315/309 347/310/305
f 347/310/305 346/315/309 355/316/310
f 347/310/305 355/316/310 356/311/306
f 356/311/306 355/316/310 365/317/311
f 356/311/306 365/317/311 366/312/307
f 366/312/307 365/317/311 38/318/89
f 366/312/307 38/318/89 37/313/87
f 213/314/308 214/319/312 346/315/309
f 346/315/309 214/319/312 354/320/313
f 346/315/309 354/320/313 355/316/310
f 355/316/310 354/320/313 364/321/314
f 355/316/310 364/321/314 365/317/311
f 365/317/311 364/321/314 38/318/89
f 214/319/312 215/322/315 354/320/313
f 354/320/313 215/322/315 363/323/316
f 354/320/313 363/323/316 364/321/314
f 364/321/314 363/323/316 39/324/91
f 364/321/314 39/324/91 38/318/89
f 215/322/315 40/325/112 363/323/316
f 363/323/316 40/325/112 39/324/91
f 362/282/281 216/284/283 223/326/317
f 223/326/317 216/284/283 217/327/318
f 223/326/317 217/327/318 345/328/319
f 345/328/319 217/327/318 224/329/320
f 345/328/319 224/329/320 336/330/321
f 336/330/321 224/329/320 327/331/322
f 336/330/321 327/331/322 326/332/323
f 326/332/323 327/331/322 318/333/324
f 326/332/323 318/333/324 317/334/325
f 317/334/325 318/333/324 301/335/326
f 317/334/325 301/335/326 300/336/327
f 300/336/327 301/335/326 308/337/328
f 300/336/327 308/337/328 309/338/329
f 309/338/329 308/337/328 291/339/330
f 309/338/329 291/339/330 290/340/331
f 290/340/331 291/339/330 281/341/332
f 290/340/331 281/341/332 280/342/333
f 280/342/333 281/341/332 272/224/223
f 280/342/333 272/224/223 271/226/225
f 217/327/318 218/343/334 224/329/320
f 224/329/320 218/343/334 328/344/335
f 224/329/320 328/344/335 327/331/322
f 327/331/322 328/344/335 319/345/336
f 327/331/322 319/345/336 318/333/324
f 318/333/324 319/345/336 302/346/337
f 318/333/324 302/346/337 301/335/326
f 301/335/326 302/346/337 307/347/338
f 301/335/326 307/347/338 308/337/328
f 308/337/328 307/347/338 292/348/339
f 308/337/328 292/348/339 291/339/330
f 291/339/330 292/348/339 282/349/340
f 291/339/330 282/349/340 281/341/332
f 281/341/332 282/349/340 273/222/221
f 281/341/332 273/222/221 272/224/223
f 328/344/335 218/343/334 225/350/341
f 225/350/341 218/343/334 219/351/342
f 225/350/341 219/351/342 304/352/343
f 304/352/343 219/351/342 227/353/344
f 304/352/343 227/353/344 305/354/345
f 305/354/345 227/353/344 295/355/346
f 305/354/345 295/355/346 294/356/347
f 294/356/347 295/355/346 285/357/348
f 294/356/347 285/357/348 284/358/349
f 284/358/349 285/357/348 276/216/215
f 284/358/349 276/216/215 275/218/217
f 219/351/342 220/359/350 227/353/344
f 227/353/344 220/359/350 228/360/351
f 227/353/344 228/360/351 295/355/346
f 295/355/346 228/360/351 286/361/352
f 295/355/346 286/361/352 285/357/348
f 285/357/348 286/361/352 277/214/213
f 285/357/348 277/214/213 276/216/215
f 220/359/350 221/362/353 228/360/351
f 228/360/351 221/362/353 287/363/354
f 228/360/351 287/363/354 286/361/352
f 286/361/352 287/363/354 278/212/211
f 286/361/352 278/212/211 277/214/213
f 287/363/354 221/362/353 229/210/209
f 229/210/209 221/362/353 222/208/207
f 233/245/244 232/247/246 255/364/355
f 255/364/355 232/247/246 254/262/261
f 255/364/355 254/262/261 263/223/222
f 263/223/222 254/262/261 262/225/224
f 234/243/242 233/245/244 256/365/356
f 256/365/356 233/245/244 255/364/355
f 256/365/356 255/364/355 264/221/220
f 264/221/220 255/364/355 263/223/222
f 235/241/240 234/243/242 257/366/357
f 257/366/357 234/243/242 256/365/356
f 257/366/357 256/365/356 265/219/218
f 265/219/218 256/365/356 264/221/220
f 236/239/238 235/241/240 258/367/358
f 258/367/358 235/241/240 257/366/357
f 258/367/358 257/366/357 266/217/216
f 266/217/216 257/366/357 265/219/218
f 237/237/236 236/239/238 259/368/359
f 259/368/359 236/239/238 258/367/358
f 259/368/359 258/367/358 267/215/214
f 267/215/214 258/367/358 266/217/216
f 261/231/230 239/230/229 238/235/234
f 238/235/234 237/237/236 260/369/360
f 260/369/360 237/237/236 259/368/359
f 260/369/360 259/368/359 268/213/212
f 268/213/212 259/368/359 267/215/214
f 251/254/253 245/240/239 244/238/237
f 249/251/250 250/252/251 243/236/235
f 243/236/235 250/252/251 244/238/237
f 250/252/251 251/254/253 244/238/237
f 269/211/210 261/231/230 260/369/360
f 260/369/360 261/231/230 238/235/234
f 269/211/210 260/369/360 268/213/212
f 273/222/221 282/349/340 274/220/219
f 274/220/219 282/349/340 283/370/361
f 274/220/219 283/370/361 275/218/217
f 275/218/217 283/370/361 284/358/349
f 287/363/354 229/210/209 278/212/211
f 271/226/225 279/264/263 280/342/333
f 280/342/333 279/264/263 289/371/362
f 280/342/333 289/371/362 290/340/331
f 290/340/331 289/371/362 310/372/363
f 290/340/331 310/372/363 309/338/329
f 309/338/329 310/372/363 299/373/364
f 309/338/329 299/373/364 300/336/327
f 300/336/327 299/373/364 316/374/365
f 300/336/327 316/374/365 317/334/325
f 317/334/325 316/374/365 325/375/366
f 317/334/325 325/375/366 326/332/323
f 326/332/323 325/375/366 335/376/367
f 326/332/323 335/376/367 336/330/321
f 336/330/321 335/376/367 344/377/368
f 336/330/321 344/377/368 345/328/319
f 345/328/319 344/377/368 223/326/317
f 282/349/340 292/348/339 283/370/361
f 283/370/361 292/348/339 293/378/369
f 283/370/361 293/378/369 284/358/349
f 284/358/349 293/378/369 294/356/347
f 279/264/263 288/266/265 289/371/362
f 289/371/362 288/266/265 311/268/267
f 289/371/362 311/268/267 310/372/363
f 310/372/363 311/268/267 298/270/269
f 310/372/363 298/270/269 299/373/364
f 299/373/364 298/270/269 315/272/271
f 299/373/364 315/272/271 316/374/365
f 316/374/365 315/272/271 324/274/273
f 316/374/365 324/274/273 325/375/366
f 325/375/366 324/274/273 334/276/275
f 325/375/366 334/276/275 335/376/367
f 335/376/367 334/276/275 343/278/277
f 335/376/367 343/278/277 344/377/368
f 344/377/368 343/278/277 353/280/279
f 344/377/368 353/280/279 223/326/317
f 223/326/317 353/280/279 362/282/281
f 292/348/339 307/347/338 293/378/369
f 293/378/369 307/347/338 306/379/370
f 293/378/369 306/379/370 294/356/347
f 294/356/347 306/379/370 305/354/345
f 226/267/266 296/306/301 297/269/268
f 297/269/268 296/306/301 313/380/371
f 297/269/268 313/380/371 314/271/270
f 314/271/270 313/380/371 322/381/372
f 314/271/270 322/381/372 323/273/272
f 323/273/272 322/381/372 332/382/373
f 323/273/272 332/382/373 333/275/274
f 333/275/274 332/382/373 341/383/374
f 333/275/274 341/383/374 342/277/276
f 342/277/276 341/383/374 351/384/375
f 342/277/276 351/384/375 352/279/278
f 352/279/278 351/384/375 360/385/376
f 352/279/278 360/385/376 361/281/280
f 361/281/280 360/385/376 370/287/284
f 361/281/280 370/287/284 371/283/282
f 306/379/370 307/347/338 302/346/337
f 305/354/345 306/379/370 303/386/377
f 303/386/377 306/379/370 302/346/337
f 303/386/377 302/346/337 319/345/336
f 225/350/341 304/352/343 303/386/377
f 303/386/377 304/352/343 305/354/345
f 225/350/341 303/386/377 319/345/336
f 296/306/301 312/304/299 313/380/371
f 313/380/371 312/304/299 321/387/378
f 313/380/371 321/387/378 322/381/372
f 322/381/372 321/387/378 331/388/379
f 322/381/372 331/388/379 332/382/373
f 332/382/373 331/388/379 340/389/380
f 332/382/373 340/389/380 341/383/374
f 341/383/374 340/389/380 350/390/381
f 341/383/374 350/390/381 351/384/375
f 351/384/375 350/390/381 359/391/382
f 351/384/375 359/391/382 360/385/376
f 360/385/376 359/391/382 369/289/285
f 360/385/376 369/289/285 370/287/284
f 328/344/335 225/350/341 319/345/336
f 312/304/299 320/301/296 321/387/378
f 321/387/378 320/301/296 330/299/294
f 321/387/378 330/299/294 331/388/379
f 331/388/379 330/299/294 339/297/292
f 331/388/379 339/297/292 340/389/380
f 340/389/380 339/297/292 349/295/290
f 340/389/380 349/295/290 350/390/381
f 350/390/381 349/295/290 358/293/288
f 350/390/381 358/293/288 359/391/382
f 359/391/382 358/293/288 368/291/286
f 359/391/382 368/291/286 369/289/285
f 410/392/383 372/393/384 421/394/385
f 421/394/385 372/393/384 373/395/386
f 421/394/385 373/395/386 420/396/387
f 420/396/387 373/395/386 374/397/388
f 420/396/387 374/397/388 419/398/389
f 419/398/389 374/397/388 375/399/390
f 419/398/389 375/399/390 418/400/391
f 418/400/391 375/399/390 417/401/392
f 418/400/391 417/401/392 427/402/393
f 427/402/393 417/401/392 426/403/394
f 427/402/393 426/403/394 435/404/395
f 435/404/395 426/403/394 434/405/396
f 435/404/395 434/405/396 451/406/397
f 451/406/397 434/405/396 452/407/398
f 451/406/397 452/407/398 444/408/399
f 444/408/399 452/407/398 443/409/400
f 444/408/399 443/409/400 462/410/401
f 462/410/401 443/409/400 461/411/402
f 462/410/401 461/411/402 477/412/403
f 477/412/403 461/411/402 478/413/404
f 477/412/403 478/413/404 470/414/405
f 470/414/405 478/413/404 469/415/406
f 470/414/405 469/415/406 494/416/407
f 494/416/407 469/415/406 495/417/408
f 494/416/407 495/417/408 487/418/409
f 487/418/409 495/417/408 486/419/410
f 487/418/409 486/419/410 505/420/411
f 505/420/411 486/419/410 504/421/412
f 505/420/411 504/421/412 520/422/413
f 520/422/413 504/421/412 521/423/414
f 520/422/413 521/423/414 513/424/415
f 513/424/415 521/423/414 512/425/416
f 513/424/415 512/425/416 537/426/417
f 537/426/417 512/425/416 538/427/418
f 537/426/417 538/427/418 530/428/419
f 530/428/419 538/427/418 529/429/420
f 530/428/419 529/429/420 392/430/421
f 392/430/421 529/429/420 391/431/422
f 391/431/422 529/429/420 528/432/423
f 391/431/422 528/432/423 527/433/424
f 527/433/424 528/432/423 540/434/425
f 527/433/424 540/434/425 541/435/426
f 541/435/426 540/434/425 509/436/427
f 541/435/426 509/436/427 415/437/428
f 415/437/428 509/436/427 414/438/429
f 415/437/428 414/438/429 386/439/430
f 386/439/430 414/438/429 385/440/431
f 385/440/431 414/438/429 500/441/432
f 385/440/431 500/441/432 482/442/433
f 482/442/433 500/441/432 501/443/434
f 482/442/433 501/443/434 483/444/435
f 483/444/435 501/443/434 502/445/436
f 483/444/435 502/445/436 484/446/437
f 484/446/437 502/445/436 503/447/438
f 484/446/437 503/447/438 485/448/439
f 485/448/439 503/447/438 504/421/412
f 485/448/439 504/421/412 486/419/410
f 375/399/390 376/449/440 417/401/392
f 417/401/392 376/449/440 416/450/441
f 417/401/392 416/450/441 426/403/394
f 426/403/394 416/450/441 425/451/442
f 426/403/394 425/451/442 434/405/396
f 434/405/396 425/451/442 433/452/443
f 434/405/396 433/452/443 452/407/398
f 452/407/398 433/452/443 453/453/444
f 452/407/398 453/453/444 443/409/400
f 443/409/400 453/453/444 442/454/445
f 443/409/400 442/454/445 461/411/402
f 461/411/402 442/454/445 460/455/446
f 461/411/402 460/455/446 478/413/404
f 478/413/404 460/455/446 479/456/447
f 478/413/404 479/456/447 469/415/406
f 469/415/406 479/456/447 468/457/448
f 469/415/406 468/457/448 495/417/408
f 495/417/408 468/457/448 496/458/449
f 495/417/408 496/458/449 486/419/410
f 486/419/410 496/458/449 485/448/439
f 376/449/440 377/459/450 416/450/441
f 416/450/441 377/459/450 425/451/442
f 425/451/442 377/459/450 424/460/451
f 424/460/451 377/459/450 378/461/452
f 424/460/451 378/461/452 423/462/453
f 423/462/453 378/461/452 422/463/454
f 423/462/453 422/463/454 431/464/455
f 431/464/455 422/463/454 411/465/456
f 431/464/455 411/465/456 455/466/457
f 455/466/457 411/465/456 456/467/458
f 455/466/457 456/467/458 440/468/459
f 440/468/459 456/467/458 439/469/460
f 440/468/459 439/469/460 458/470/461
f 458/470/461 439/469/460 457/471/462
f 458/470/461 457/471/462 481/472/463
f 481/472/463 457/471/462 412/473/464
f 481/472/463 412/473/464 466/474/465
f 466/474/465 412/473/464 413/475/466
f 466/474/465 413/475/466 498/476/467
f 498/476/467 413/475/466 499/477/468
f 498/476/467 499/477/468 483/444/435
f 483/444/435 499/477/468 482/442/433
f 378/461/452 379/478/469 422/463/454
f 422/463/454 379/478/469 411/465/456
f 379/478/469 380/479/470 411/465/456
f 411/465/456 380/479/470 381/480/471
f 411/465/456 381/480/471 456/467/458
f 456/467/458 381/480/471 439/469/460
f 381/480/471 382/481/472 439/469/460
f 439/469/460 382/481/472 457/471/462
f 457/471/462 382/481/472 412/473/464
f 412/473/464 382/481/472 383/482/473
f 412/473/464 383/482/473 413/475/466
f 413/475/466 383/482/473 384/483/474
f 413/475/466 384/483/474 499/477/468
f 499/477/468 384/483/474 482/442/433
f 384/483/474 385/440/431 482/442/433
f 386/439/430 387/484/475 415/437/428
f 415/437/428 387/484/475 542/485/476
f 415/437/428 542/485/476 541/435/426
f 541/435/426 542/485/476 526/486/477
f 541/435/426 526/486/477 527/433/424
f 527/433/424 526/486/477 390/487/478
f 527/433/424 390/487/478 391/431/422
f 542/485/476 387/484/475 525/488/479
f 525/488/479 387/484/475 388/489/480
f 525/488/479 388/489/480 389/490/481
f 525/488/479 389/490/481 526/486/477
f 526/486/477 389/490/481 390/487/478
f 392/430/421 393/491/482 530/428/419
f 530/428/419 393/491/482 531/492/483
f 530/428/419 531/492/483 537/426/417
f 537/426/417 531/492/483 536/493/484
f 537/426/417 536/493/484 513/424/415
f 513/424/415 536/493/484 514/494/485
f 513/424/415 514/494/485 520/422/413
f 520/422/413 514/494/485 519/495/486
f 520/422/413 519/495/486 505/420/411
f 505/420/411 519/495/486 506/496/487
f 505/420/411 506/496/487 487/418/409
f 487/418/409 506/496/487 488/497/488
f 487/418/409 488/497/488 494/416/407
f 494/416/407 488/497/488 493/498/489
f 494/416/407 493/498/489 470/414/405
f 470/414/405 493/498/489 471/499/490
f 470/414/405 471/499/490 477/412/403
f 477/412/403 471/499/490 476/500/491
f 477/412/403 476/500/491 462/410/401
f 462/410/401 476/500/491 463/501/492
f 462/410/401 463/501/492 444/408/399
f 444/408/399 463/501/492 445/502/493
f 444/408/399 445/502/493 451/406/397
f 451/406/397 445/502/493 450/503/494
f 451/406/397 450/503/494 435/404/395
f 435/404/395 450/503/494 436/504/495
f 435/404/395 436/504/495 427/402/393
f 427/402/393 436/504/495 428/505/496
f 427/402/393 428/505/496 418/400/391
f 418/400/391 428/505/496 419/398/389
f 531/492/483 393/491/482 532/506/497
f 532/506/497 393/491/482 394/507/498
f 532/506/497 394/507/498 533/508/499
f 533/508/499 394/507/498 395/509/500
f 533/508/499 395/509/500 396/510/501
f 533/508/499 396/510/501 534/511/502
f 534/511/502 396/510/501 397/512/503
f 534/511/502 397/512/503 516/513/504
f 516/513/504 397/512/503 398/514/505
f 516/513/504 398/514/505 517/515/506
f 517/515/506 398/514/505 399/516/507
f 517/515/506 399/516/507 508/517/508
f 508/517/508 399/516/507 400/518/509
f 508/517/508 400/518/509 490/519/510
f 490/519/510 400/518/509 401/520/511
f 490/519/510 401/520/511 491/521/512
f 491/521/512 401/520/511 402/522/513
f 491/521/512 402/522/513 473/523/514
f 473/523/514 402/522/513 403/524/515
f 473/523/514 403/524/515 474/525/516
f 474/525/516 403/524/515 404/526/517
f 474/525/516 404/526/517 465/527/518
f 465/527/518 404/526/517 405/528/519
f 465/527/518 405/528/519 447/529/520
f 447/529/520 405/528/519 406/530/521
f 447/529/520 406/530/521 448/531/522
f 448/531/522 406/530/521 407/532/523
f 448/531/522 407/532/523 438/533/524
f 438/533/524 407/532/523 408/534/525
f 438/533/524 408/534/525 430/535/526
f 430/535/526 408/534/525 409/536/527
f 430/535/526 409/536/527 421/394/385
f 421/394/385 409/536/527 410/392/383
f 430/535/526 421/394/385 420/396/387
f 420/396/387 419/398/389 429/537/528
f 429/537/528 419/398/389 428/505/496
f 429/537/528 428/505/496 437/538/529
f 437/538/529 428/505/496 436/504/495
f 437/538/529 436/504/495 449/539/530
f 449/539/530 436/504/495 450/503/494
f 449/539/530 450/503/494 446/540/531
f 446/540/531 450/503/494 445/502/493
f 446/540/531 445/502/493 464/541/532
f 464/541/532 445/502/493 463/501/492
f 464/541/532 463/501/492 475/542/533
f 475/542/533 463/501/492 476/500/491
f 475/542/533 476/500/491 472/543/534
f 472/543/534 476/500/491 471/499/490
f 472/543/534 471/499/490 492/544/535
f 492/544/535 471/499/490 493/498/489
f 492/544/535 493/498/489 489/545/536
f 489/545/536 493/498/489 488/497/488
f 489/545/536 488/497/488 507/546/537
f 507/546/537 488/497/488 506/496/487
f 507/546/537 506/496/487 518/547/538
f 518/547/538 506/496/487 519/495/486
f 518/547/538 519/495/486 515/548/539
f 515/548/539 519/495/486 514/494/485
f 515/548/539 514/494/485 535/549/540
f 535/549/540 514/494/485 536/493/484
f 535/549/540 536/493/484 532/506/497
f 532/506/497 536/493/484 531/492/483
f 433/452/443 425/451/442 424/460/451
f 424/460/451 423/462/453 432/550/541
f 432/550/541 423/462/453 431/464/455
f 432/550/541 431/464/455 454/551/542
f 454/551/542 431/464/455 455/466/457
f 454/551/542 455/466/457 441/552/543
f 441/552/543 455/466/457 440/468/459
f 441/552/543 440/468/459 459/553/544
f 459/553/544 440/468/459 458/470/461
f 459/553/544 458/470/461 480/554/545
f 480/554/545 458/470/461 481/472/463
f 480/554/545 481/472/463 467/555/546
f 467/555/546 481/472/463 466/474/465
f 467/555/546 466/474/465 497/556/547
f 497/556/547 466/474/465 498/476/467
f 497/556/547 498/476/467 484/446/437
f 484/446/437 498/476/467 483/444/435
f 438/533/524 430/535/526 429/537/528
f 429/537/528 430/535/526 420/396/387
f 438/533/524 429/537/528 437/538/529
f 453/453/444 433/452/443 432/550/541
f 432/550/541 433/452/443 424/460/451
f 453/453/444 432/550/541 454/551/542
f 448/531/522 438/533/524 437/538/529
f 448/531/522 437/538/529 449/539/530
f 453/453/444 454/551/542 442/454/445
f 442/454/445 454/551/542 441/552/543
f 442/454/445 441/552/543 460/455/446
f 460/455/446 441/552/543 459/553/544
f 460/455/446 459/553/544 479/456/447
f 479/456/447 459/553/544 480/554/545
f 479/456/447 480/554/545 468/457/448
f 468/457/448 480/554/545 467/555/546
f 468/457/448 467/555/546 496/458/449
f 496/458/449 467/555/546 497/556/547
f 496/458/449 497/556/547 485/448/439
f 485/448/439 497/556/547 484/446/437
f 448/531/522 449/539/530 447/529/520
f 447/529/520 449/539/530 446/540/531
f 447/529/520 446/540/531 465/527/518
f 465/527/518 446/540/531 464/541/532
f 465/527/518 464/541/532 474/525/516
f 474/525/516 464/541/532 475/542/533
f 474/525/516 475/542/533 473/523/514
f 473/523/514 475/542/533 472/543/534
f 473/523/514 472/543/534 491/521/512
f 491/521/512 472/543/534 492/544/535
f 491/521/512 492/544/535 490/519/510
f 490/519/510 492/544/535 489/545/536
f 490/519/510 489/545/536 508/517/508
f 508/517/508 489/545/536 507/546/537
f 508/517/508 507/546/537 517/515/506
f 517/515/506 507/546/537 518/547/538
f 517/515/506 518/547/538 516/513/504
f 516/513/504 518/547/538 515/548/539
f 516/513/504 515/548/539 534/511/502
f 534/511/502 515/548/539 535/549/540
f 534/511/502 535/549/540 533/508/499
f 533/508/499 535/549/540 532/506/497
f 501/443/434 500/441/432 524/557/548
f 524/557/548 500/441/432 414/438/429
f 524/557/548 414/438/429 509/436/427
f 502/445/436 501/443/434 523/558/549
f 523/558/549 501/443/434 524/557/548
f 523/558/549 524/557/548 510/559/550
f 510/559/550 524/557/548 509/436/427
f 510/559/550 509/436/427 540/434/425
f 521/423/414 504/421/412 503/447/438
f 503/447/438 502/445/436 522/560/551
f 522/560/551 502/445/436 523/558/549
f 522/560/551 523/558/549 511/561/552
f 511/561/552 523/558/549 510/559/550
f 511/561/552 510/559/550 539/562/553
f 539/562/553 510/559/550 540/434/425
f 539/562/553 540/434/425 528/432/423
f 511/561/552 512/425/416 522/560/551
f 522/560/551 512/425/416 521/423/414
f 522/560/551 521/423/414 503/447/438
f 512/425/416 511/561/552 538/427/418
f 538/427/418 511/561/552 539/562/553
f 538/427/418 539/562/553 529/429/420
f 529/429/420 539/562/553 528/432/423
f 525/488/479 526/486/477 542/485/476
f 14/563/554 543/564/555 15/565/556
f 15/565/556 543/564/555 687/566/557
f 15/565/556 687/566/557 572/567/558
f 572/567/558 687/566/557 573/568/559
f 572/567/558 573/568/559 16/569/560
f 16/569/560 573/568/559 17/570/561
f 17/570/561 573/568/559 18/571/562
f 18/571/562 573/568/559 574/572/563
f 18/571/562 574/572/563 19/573/564
f 19/573/564 574/572/563 575/574/565
f 19/573/564 575/574/565 576/575/566
f 576/575/566 575/574/565 690/576/567
f 576/575/566 690/576/567 691/577/568
f 691/577/568 690/576/567 699/578/569
f 691/577/568 699/578/569 698/579/570
f 698/579/570 699/578/569 681/580/571
f 698/579/570 681/580/571 680/581/572
f 680/581/572 681/580/571 592/582/573
f 680/581/572 592/582/573 591/583/574
f 591/583/574 592/582/573 588/584/575
f 591/583/574 588/584/575 589/585/576
f 589/585/576 588/584/575 607/586/577
f 589/585/576 607/586/577 566/587/578
f 566/587/578 607/586/577 565/588/579
f 565/588/579 607/586/577 616/589/580
f 565/588/579 616/589/580 564/590/581
f 564/590/581 616/589/580 569/591/582
f 564/590/581 569/591/582 563/592/583
f 563/592/583 569/591/582 632/593/584
f 563/592/583 632/593/584 642/594/585
f 642/594/585 632/593/584 631/595/586
f 642/594/585 631/595/586 643/596/587
f 643/596/587 631/595/586 630/597/588
f 643/596/587 630/597/588 644/598/589
f 644/598/589 630/597/588 629/599/590
f 644/598/589 629/599/590 645/600/591
f 645/600/591 629/599/590 628/601/592
f 645/600/591 628/601/592 646/602/593
f 646/602/593 628/601/592 627/603/594
f 646/602/593 627/603/594 647/604/595
f 647/604/595 627/603/594 626/605/596
f 647/604/595 626/605/596 648/606/597
f 648/606/597 626/605/596 625/607/598
f 648/606/597 625/607/598 649/608/599
f 649/608/599 625/607/598 568/609/600
f 649/608/599 568/609/600 650/610/601
f 650/610/601 568/609/600 555/611/602
f 650/610/601 555/611/602 633/612/603
f 633/612/603 555/611/602 556/613/604
f 633/612/603 556/613/604 651/614/605
f 651/614/605 556/613/604 557/615/606
f 651/614/605 557/615/606 660/616/607
f 660/616/607 557/615/606 558/617/608
f 660/616/607 558/617/608 669/618/609
f 669/618/609 558/617/608 559/619/610
f 669/618/609 559/619/610 395/620/500
f 544/621/611 581/622/612 543/564/555
f 543/564/555 581/622/612 598/623/613
f 543/564/555 598/623/613 686/624/614
f 686/624/614 598/623/613 597/625/615
f 686/624/614 597/625/615 685/626/616
f 685/626/616 597/625/615 596/627/617
f 685/626/616 596/627/617 684/628/618
f 684/628/618 596/627/617 595/629/619
f 684/628/618 595/629/619 683/630/620
f 683/630/620 595/629/619 594/631/621
f 683/630/620 594/631/621 682/632/622
f 682/632/622 594/631/621 593/633/623
f 682/632/622 593/633/623 681/580/571
f 681/580/571 593/633/623 592/582/573
f 544/621/611 545/634/624 581/622/612
f 581/622/612 545/634/624 546/635/625
f 581/622/612 546/635/625 599/636/626
f 599/636/626 546/635/625 547/637/627
f 599/636/626 547/637/627 608/638/628
f 608/638/628 547/637/627 548/639/629
f 608/638/628 548/639/629 549/640/630
f 549/640/630 550/641/631 608/638/628
f 608/638/628 550/641/631 551/642/632
f 608/638/628 551/642/632 617/643/633
f 617/643/633 551/642/632 552/644/634
f 617/643/633 552/644/634 553/645/635
f 617/643/633 553/645/635 568/609/600
f 568/609/600 553/645/635 554/646/636
f 568/609/600 554/646/636 555/611/602
f 395/620/500 394/647/498 669/618/609
f 669/618/609 394/647/498 670/648/637
f 669/618/609 670/648/637 660/616/607
f 660/616/607 670/648/637 661/649/638
f 660/616/607 661/649/638 652/650/639
f 652/650/639 661/649/638 653/651/640
f 652/650/639 653/651/640 634/652/641
f 634/652/641 653/651/640 635/653/642
f 634/652/641 635/653/642 649/608/599
f 649/608/599 635/653/642 648/606/597
f 394/647/498 393/654/482 670/648/637
f 670/648/637 393/654/482 671/655/643
f 670/648/637 671/655/643 661/649/638
f 661/649/638 671/655/643 662/656/644
f 661/649/638 662/656/644 653/651/640
f 653/651/640 662/656/644 654/657/645
f 653/651/640 654/657/645 635/653/642
f 635/653/642 654/657/645 636/658/646
f 635/653/642 636/658/646 648/606/597
f 648/606/597 636/658/646 647/604/595
f 671/655/643 393/654/482 672/659/647
f 672/659/647 393/654/482 392/660/421
f 672/659/647 392/660/421 673/661/648
f 673/661/648 392/660/421 391/662/422
f 673/661/648 391/662/422 674/663/649
f 674/663/649 391/662/422 675/664/650
f 674/663/649 675/664/650 665/665/651
f 665/665/651 675/664/650 666/666/652
f 665/665/651 666/666/652 657/667/653
f 657/667/653 666/666/652 658/668/654
f 657/667/653 658/668/654 639/669/655
f 639/669/655 658/668/654 640/670/656
f 639/669/655 640/670/656 644/598/589
f 644/598/589 640/670/656 643/596/587
f 391/662/422 390/671/478 675/664/650
f 675/664/650 390/671/478 676/672/657
f 675/664/650 676/672/657 666/666/652
f 666/666/652 676/672/657 667/673/658
f 666/666/652 667/673/658 658/668/654
f 658/668/654 667/673/658 659/674/659
f 658/668/654 659/674/659 640/670/656
f 640/670/656 659/674/659 641/675/660
f 640/670/656 641/675/660 643/596/587
f 643/596/587 641/675/660 642/594/585
f 390/671/478 389/676/481 676/672/657
f 676/672/657 389/676/481 677/677/661
f 676/672/657 677/677/661 667/673/658
f 667/673/658 677/677/661 668/678/662
f 667/673/658 668/678/662 659/674/659
f 659/674/659 668/678/662 561/679/663
f 659/674/659 561/679/663 641/675/660
f 641/675/660 561/679/663 562/680/664
f 641/675/660 562/680/664 642/594/585
f 642/594/585 562/680/664 563/592/583
f 389/676/481 388/681/480 677/677/661
f 677/677/661 388/681/480 560/682/665
f 677/677/661 560/682/665 668/678/662
f 668/678/662 560/682/665 561/679/663
f 566/587/578 567/683/666 589/585/576
f 589/585/576 567/683/666 590/684/667
f 589/585/576 590/684/667 591/583/574
f 591/583/574 590/684/667 679/685/668
f 591/583/574 679/685/668 680/581/572
f 680/581/572 679/685/668 697/686/669
f 680/581/572 697/686/669 698/579/570
f 698/579/570 697/686/669 692/687/670
f 698/579/570 692/687/670 691/577/568
f 691/577/568 692/687/670 577/688/671
f 691/577/568 577/688/671 576/575/566
f 576/575/566 577/688/671 20/689/672
f 576/575/566 20/689/672 19/573/564
f 1/690/1 571/691/673 567/683/666
f 567/683/666 571/691/673 678/692/674
f 567/683/666 678/692/674 590/684/667
f 590/684/667 678/692/674 679/685/668
f 571/691/673 1/690/1 695/693/675
f 695/693/675 1/690/1 24/694/676
f 695/693/675 24/694/676 23/695/677
f 695/693/675 23/695/677 580/696/678
f 580/696/678 23/695/677 22/697/679
f 580/696/678 22/697/679 579/698/680
f 579/698/680 22/697/679 578/699/681
f 579/698/680 578/699/681 693/700/682
f 693/700/682 578/699/681 692/687/670
f 693/700/682 692/687/670 697/686/669
f 22/697/679 21/701/683 578/699/681
f 578/699/681 21/701/683 577/688/671
f 578/699/681 577/688/671 692/687/670
f 21/701/683 20/689/672 577/688/671
f 16/569/560 15/565/556 572/567/558
f 543/564/555 686/624/614 570/702/684
f 570/702/684 686/624/614 685/626/616
f 570/702/684 685/626/616 702/703/685
f 702/703/685 685/626/616 684/628/618
f 702/703/685 684/628/618 701/704/686
f 701/704/686 684/628/618 683/630/620
f 701/704/686 683/630/620 700/705/687
f 700/705/687 683/630/620 682/632/622
f 700/705/687 682/632/622 699/578/569
f 699/578/569 682/632/622 681/580/571
f 574/572/563 573/568/559 688/706/688
f 688/706/688 573/568/559 687/566/557
f 688/706/688 687/566/557 702/703/685
f 702/703/685 687/566/557 570/702/684
f 575/574/565 574/572/563 689/707/689
f 689/707/689 574/572/563 688/706/688
f 689/707/689 688/706/688 701/704/686
f 701/704/686 688/706/688 702/703/685
f 580/696/678 579/698/680 694/708/690
f 694/708/690 579/698/680 693/700/682
f 694/708/690 693/700/682 696/709/691
f 696/709/691 693/700/682 697/686/669
f 696/709/691 697/686/669 679/685/668
f 597/625/615 598/623/613 582/710/692
f 582/710/692 598/623/613 581/622/612
f 582/710/692 581/622/612 600/711/693
f 600/711/693 581/622/612 599/636/626
f 600/711/693 599/636/626 609/712/694
f 609/712/694 599/636/626 608/638/628
f 609/712/694 608/638/628 618/713/695
f 618/713/695 608/638/628 617/643/633
f 618/713/695 617/643/633 625/607/598
f 625/607/598 617/643/633 568/609/600
f 596/627/617 597/625/615 583/714/696
f 583/714/696 597/625/615 582/710/692
f 583/714/696 582/710/692 601/715/697
f 601/715/697 582/710/692 600/711/693
f 601/715/697 600/711/693 610/716/698
f 610/716/698 600/711/693 609/712/694
f 610/716/698 609/712/694 619/717/699
f 619/717/699 609/712/694 618/713/695
f 619/717/699 618/713/695 626/605/596
f 626/605/596 618/713/695 625/607/598
f 595/629/619 596/627/617 584/718/700
f 584/718/700 596/627/617 583/714/696
f 584/718/700 583/714/696 602/719/701
f 602/719/701 583/714/696 601/715/697
f 602/719/701 601/715/697 611/720/702
f 611/720/702 601/715/697 610/716/698
f 611/720/702 610/716/698 620/721/703
f 620/721/703 610/716/698 619/717/699
f 620/721/703 619/717/699 627/603/594
f 627/603/594 619/717/699 626/605/596
f 594/631/621 595/629/619 585/722/704
f 585/722/704 595/629/619 584/718/700
f 585/722/704 584/718/700 603/723/705
f 603/723/705 584/718/700 602/719/701
f 603/723/705 602/719/701 612/724/706
f 612/724/706 602/719/701 611/720/702
f 612/724/706 611/720/702 621/725/707
f 621/725/707 611/720/702 620/721/703
f 621/725/707 620/721/703 628/601/592
f 628/601/592 620/721/703 627/603/594
f 593/633/623 594/631/621 586/726/708
f 586/726/708 594/631/621 585/722/704
f 586/726/708 585/722/704 604/727/709
f 604/727/709 585/722/704 603/723/705
f 604/727/709 603/723/705 613/728/710
f 613/728/710 603/723/705 612/724/706
f 613/728/710 612/724/706 622/729/711
f 622/729/711 612/724/706 621/725/707
f 622/729/711 621/725/707 629/599/590
f 629/599/590 621/725/707 628/601/592
f 592/582/573 593/633/623 587/730/712
f 587/730/712 593/633/623 586/726/708
f 587/730/712 586/726/708 605/731/713
f 605/731/713 586/726/708 604/727/709
f 605/731/713 604/727/709 614/732/714
f 614/732/714 604/727/709 613/728/710
f 614/732/714 613/728/710 623/733/715
f 623/733/715 613/728/710 622/729/711
f 623/733/715 622/729/711 630/597/588
f 630/597/588 622/729/711 629/599/590
f 592/582/573 587/730/712 588/584/575
f 588/584/575 587/730/712 606/734/716
f 588/584/575 606/734/716 607/586/577
f 607/586/577 606/734/716 616/589/580
f 606/734/716 587/730/712 605/731/713
f 606/734/716 605/731/713 615/735/717
f 615/735/717 605/731/713 614/732/714
f 615/735/717 614/732/714 624/736/718
f 624/736/718 614/732/714 623/733/715
f 624/736/718 623/733/715 631/595/586
f 631/595/586 623/733/715 630/597/588
f 569/591/582 616/589/580 615/735/717
f 615/735/717 616/589/580 606/734/716
f 569/591/582 615/735/717 624/736/718
f 632/593/584 569/591/582 624/736/718
f 632/593/584 624/736/718 631/595/586
f 649/608/599 650/610/601 634/652/641
f 634/652/641 650/610/601 633/612/603
f 634/652/641 633/612/603 652/650/639
f 652/650/639 633/612/603 651/614/605
f 652/650/639 651/614/605 660/616/607
f 646/602/593 647/604/595 637/737/719
f 637/737/719 647/604/595 636/658/646
f 637/737/719 636/658/646 655/738/720
f 655/738/720 636/658/646 654/657/645
f 655/738/720 654/657/645 663/739/721
f 663/739/721 654/657/645 662/656/644
f 663/739/721 662/656/644 672/659/647
f 672/659/647 662/656/644 671/655/643
f 645/600/591 646/602/593 638/740/722
f 638/740/722 646/602/593 637/737/719
f 638/740/722 637/737/719 656/741/723
f 656/741/723 637/737/719 655/738/720
f 656/741/723 655/738/720 664/742/724
f 664/742/724 655/738/720 663/739/721
f 664/742/724 663/739/721 673/661/648
f 673/661/648 663/739/721 672/659/647
f 644/598/589 645/600/591 639/669/655
f 639/669/655 645/600/591 638/740/722
f 639/669/655 638/740/722 657/667/653
f 657/667/653 638/740/722 656/741/723
f 657/667/653 656/741/723 665/665/651
f 665/665/651 656/741/723 664/742/724
f 665/665/651 664/742/724 674/663/649
f 674/663/649 664/742/724 673/661/648
f 696/709/691 679/685/668 678/692/674
f 543/564/555 570/702/684 687/566/557
f 575/574/565 689/707/689 690/576/567
f 690/576/567 689/707/689 700/705/687
f 690/576/567 700/705/687 699/578/569
f 700/705/687 689/707/689 701/704/686
f 571/691/673 695/693/675 694/708/690
f 694/708/690 695/693/675 580/696/678
f 571/691/673 694/708/690 696/709/691
f 571/691/673 696/709/691 678/692/674
f 200/743/725 199/744/726 744/745/727
f 744/745/727 199/744/726 198/746/728
f 744/745/727 198/746/728 197/747/729
f 197/747/729 196/748/730 744/745/727
f 744/745/727 196/748/730 765/749/731
f 744/745/727 765/749/731 745/750/732
f 745/750/732 765/749/731 764/751/733
f 745/750/732 764/751/733 766/752/734
f 766/752/734 764/751/733 763/753/735
f 766/752/734 763/753/735 767/754/736
f 767/754/736 763/753/735 762/755/737
f 767/754/736 762/755/737 768/756/738
f 768/756/738 762/755/737 761/757/739
f 768/756/738 761/757/739 769/758/740
f 769/758/740 761/757/739 760/759/741
f 769/758/740 760/759/741 770/760/742
f 770/760/742 760/759/741 759/761/743
f 770/760/742 759/761/743 771/762/744
f 771/762/744 759/761/743 758/763/745
f 771/762/744 758/763/745 772/764/746
f 772/764/746 758/763/745 757/765/747
f 772/764/746 757/765/747 773/766/748
f 773/766/748 757/765/747 756/767/749
f 773/766/748 756/767/749 774/768/750
f 774/768/750 756/767/749 755/769/751
f 774/768/750 755/769/751 775/770/752
f 775/770/752 755/769/751 754/771/753
f 775/770/752 754/771/753 776/772/754
f 776/772/754 754/771/753 753/773/755
f 776/772/754 753/773/755 777/774/756
f 777/774/756 753/773/755 752/775/757
f 777/774/756 752/775/757 778/776/758
f 778/776/758 752/775/757 751/777/759
f 778/776/758 751/777/759 779/778/760
f 779/778/760 751/777/759 750/779/761
f 779/778/760 750/779/761 780/780/762
f 780/780/762 750/779/761 749/781/763
f 780/780/762 749/781/763 781/782/764
f 781/782/764 749/781/763 748/783/765
f 781/782/764 748/783/765 782/784/766
f 782/784/766 748/783/765 747/785/767
f 782/784/766 747/785/767 783/786/768
f 783/786/768 747/785/767 746/787/769
f 783/786/768 746/787/769 784/788/770
f 784/788/770 746/787/769 722/789/771
f 784/788/770 722/789/771 723/790/772
f 196/748/730 195/791/773 765/749/731
f 765/749/731 195/791/773 194/792/774
f 765/749/731 194/792/774 193/793/775
f 193/793/775 192/794/776 765/749/731
f 765/749/731 192/794/776 764/751/733
f 192/794/776 703/795/777 764/751/733
f 764/751/733 703/795/777 763/753/735
f 703/795/777 704/796/778 763/753/735
f 763/753/735 704/796/778 762/755/737
f 704/796/778 705/797/779 762/755/737
f 762/755/737 705/797/779 761/757/739
f 705/797/779 706/798/780 761/757/739
f 761/757/739 706/798/780 760/759/741
f 706/798/780 707/799/781 760/759/741
f 760/759/741 707/799/781 759/761/743
f 707/799/781 708/800/782 759/761/743
f 759/761/743 708/800/782 709/801/783
f 759/761/743 709/801/783 758/763/745
f 758/763/745 709/801/783 710/802/784
f 758/763/745 710/802/784 757/765/747
f 757/765/747 710/802/784 756/767/749
f 710/802/784 711/803/785 756/767/749
f 756/767/749 711/803/785 755/769/751
f 711/803/785 712/804/786 755/769/751
f 755/769/751 712/804/786 754/771/753
f 712/804/786 713/805/787 754/771/753
f 754/771/753 713/805/787 753/773/755
f 753/773/755 713/805/787 752/775/757
f 752/775/757 713/805/787 714/806/788
f 752/775/757 714/806/788 751/777/759
f 751/777/759 714/806/788 715/807/789
f 751/777/759 715/807/789 750/779/761
f 750/779/761 715/807/789 716/808/790
f 750/779/761 716/808/790 749/781/763
f 749/781/763 716/808/790 717/809/791
f 749/781/763 717/809/791 748/783/765
f 748/783/765 717/809/791 718/810/792
f 748/783/765 718/810/792 747/785/767
f 747/785/767 718/810/792 719/811/793
f 747/785/767 719/811/793 746/787/769
f 746/787/769 719/811/793 720/812/794
f 746/787/769 720/812/794 721/813/795
f 721/813/795 722/789/771 746/787/769
f 723/790/772 724/814/796 784/788/770
f 784/788/770 724/814/796 783/786/768
f 724/814/796 725/815/797 783/786/768
f 783/786/768 725/815/797 782/784/766
f 725/815/797 726/816/798 782/784/766
f 782/784/766 726/816/798 781/782/764
f 726/816/798 727/817/799 781/782/764
f 781/782/764 727/817/799 780/780/762
f 727/817/799 728/818/800 780/780/762
f 780/780/762 728/818/800 779/778/760
f 728/818/800 729/819/801 779/778/760
f 779/778/760 729/819/801 778/776/758
f 729/819/801 730/820/802 778/776/758
f 778/776/758 730/820/802 777/774/756
f 730/820/802 731/821/803 777/774/756
f 777/774/756 731/821/803 776/772/754
f 731/821/803 732/822/804 776/772/754
f 776/772/754 732/822/804 775/770/752
f 732/822/804 733/823/805 775/770/752
f 775/770/752 733/823/805 774/768/750
f 733/823/805 734/824/806 774/768/750
f 774/768/750 734/824/806 773/766/748
f 734/824/806 735/825/807 773/766/748
f 773/766/748 735/825/807 772/764/746
f 735/825/807 736/826/808 772/764/746
f 772/764/746 736/826/808 771/762/744
f 736/826/808 737/827/809 771/762/744
f 771/762/744 737/827/809 770/760/742
f 737/827/809 738/828/810 770/760/742
f 770/760/742 738/828/810 769/758/740
f 738/828/810 739/829/811 769/758/740
f 769/758/740 739/829/811 768/756/738
f 739/829/811 740/830/812 768/756/738
f 768/756/738 740/830/812 767/754/736
f 740/830/812 741/831/813 767/754/736
f 767/754/736 741/831/813 766/752/734
f 741/831/813 742/832/814 766/752/734
f 766/752/734 742/832/814 745/750/732
f 742/832/814 743/833/815 745/750/732
f 745/750/732 743/833/815 744/745/727
f 192/834/816 222/835/817 703/836/818
f 703/836/818 222/835/817 221/837/353
f 703/836/818 221/837/353 704/838/819
f 704/838/819 221/837/353 220/839/350
f 704/838/819 220/839/350 219/840/342
f 219/840/342 218/841/334 704/838/819
f 704/838/819 218/841/334 217/842/318
f 704/838/819 217/842/318 705/843/820
f 705/843/820 217/842/318 216/844/283
f 705/843/820 216/844/283 33/845/109
f 33/845/109 32/846/107 705/843/820
f 705/843/820 32/846/107 706/847/821
f 706/847/821 32/846/107 707/848/822
f 707/848/822 32/846/107 31/849/101
f 707/848/822 31/849/101 708/850/823
f 708/850/823 31/849/101 30/851/95
f 708/850/823 30/851/95 709/852/824
f 709/852/824 30/851/95 29/853/75
f 709/852/824 29/853/75 710/854/825
f 710/854/825 29/853/75 711/855/826
f 711/855/826 29/853/75 28/856/73
f 711/855/826 28/856/73 712/857/827
f 712/857/827 28/856/73 713/858/828
f 713/858/828 28/856/73 27/859/71
f 713/858/828 27/859/71 714/860/829
f 714/860/829 27/859/71 26/861/48
f 714/860/829 26/861/48 715/862/830
f 715/862/830 26/861/48 716/863/831
f 716/863/831 26/861/48 25/864/25
f 716/863/831 25/864/25 717/865/832
f 717/865/832 25/864/25 718/866/833
f 718/866/833 25/864/25 719/867/834
f 719/867/834 25/864/25 720/868/835
f 720/868/835 25/864/25 721/869/836
f 721/869/836 25/864/25 2/870/2
f 721/869/836 2/870/2 1/871/1
f 1/871/1 567/872/666 721/869/836
f 721/869/836 567/872/666 802/873/837
f 802/873/837 567/872/666 801/874/838
f 801/874/838 567/872/666 800/875/839
f 800/875/839 567/872/666 799/876/840
f 799/876/840 567/872/666 798/877/841
f 798/877/841 567/872/666 566/878/578
f 798/877/841 566/878/578 797/879/842
f 797/879/842 566/878/578 796/880/843
f 796/880/843 566/878/578 565/881/579
f 796/880/843 565/881/579 795/882/844
f 795/882/844 565/881/579 564/883/581
f 795/882/844 564/883/581 794/884/845
f 794/884/845 564/883/581 793/885/846
f 793/885/846 564/883/581 563/886/583
f 793/885/846 563/886/583 792/887/847
f 792/887/847 563/886/583 791/888/848
f 791/888/848 563/886/583 562/889/664
f 791/888/848 562/889/664 790/890/849
f 790/890/849 562/889/664 561/891/663
f 790/890/849 561/891/663 789/892/850
f 789/892/850 561/891/663 560/893/665
f 789/892/850 560/893/665 788/894/851
f 788/894/851 560/893/665 787/895/852
f 787/895/852 560/893/665 388/896/480
f 787/895/852 388/896/480 387/897/475
f 387/897/475 386/898/430 787/895/852
f 787/895/852 386/898/430 786/899/853
f 786/899/853 386/898/430 385/900/431
f 786/899/853 385/900/431 384/901/474
f 384/901/474 383/902/473 786/899/853
f 786/899/853 383/902/473 382/903/854
f 786/899/853 382/903/854 785/904/855
f 785/904/855 382/903/854 381/905/856
f 785/904/855 381/905/856 380/906/857
f 41/907/858 40/908/859 837/909/860
f 837/909/860 40/908/859 803/910/861
f 837/909/860 803/910/861 840/911/862
f 840/911/862 803/910/861 804/912/863
f 840/911/862 804/912/863 805/913/864
f 805/913/864 806/914/865 840/911/862
f 840/911/862 806/914/865 841/915/866
f 840/911/862 841/915/866 817/916/867
f 817/916/867 841/915/866 816/917/868
f 816/917/868 841/915/866 842/918/869
f 816/917/868 842/918/869 815/919/870
f 815/919/870 842/918/869 812/920/871
f 815/919/870 812/920/871 813/921/872
f 806/914/865 807/922/873 841/915/866
f 841/915/866 807/922/873 808/923/874
f 841/915/866 808/923/874 809/924/875
f 841/915/866 809/924/875 842/918/869
f 842/918/869 809/924/875 810/925/876
f 842/918/869 810/925/876 811/926/877
f 811/926/877 812/920/871 842/918/869
f 813/921/872 814/927/878 815/919/870
f 817/916/867 818/928/879 840/911/862
f 840/911/862 818/928/879 837/909/860
f 818/928/879 819/929/880 837/909/860
f 837/909/860 819/929/880 844/930/881
f 837/909/860 844/930/881 41/907/858
f 41/907/858 844/930/881 42/931/882
f 42/931/882 844/930/881 843/932/883
f 42/931/882 843/932/883 43/933/884
f 43/933/884 843/932/883 845/934/885
f 43/933/884 845/934/885 44/935/886
f 44/935/886 845/934/885 846/936/887
f 44/935/886 846/936/887 45/937/888
f 45/937/888 846/936/887 847/938/889
f 45/937/888 847/938/889 848/939/890
f 848/939/890 847/938/889 823/940/891
f 848/939/890 823/940/891 824/941/892
f 844/930/881 819/929/880 843/932/883
f 843/932/883 819/929/880 820/942/893
f 843/932/883 820/942/893 845/934/885
f 845/934/885 820/942/893 821/943/894
f 845/934/885 821/943/894 846/936/887
f 846/936/887 821/943/894 822/944/895
f 846/936/887 822/944/895 847/938/889
f 847/938/889 822/944/895 823/940/891
f 848/939/890 824/941/892 849/945/896
f 849/945/896 824/941/892 825/946/897
f 849/945/896 825/946/897 850/947/898
f 850/947/898 825/946/897 826/948/899
f 850/947/898 826/948/899 851/949/900
f 851/949/900 826/948/899 827/950/901
f 851/949/900 827/950/901 852/951/902
f 852/951/902 827/950/901 828/952/903
f 852/951/902 828/952/903 853/953/904
f 853/953/904 828/952/903 829/954/905
f 853/953/904 829/954/905 838/955/906
f 838/955/906 829/954/905 830/956/907
f 838/955/906 830/956/907 854/957/908
f 854/957/908 830/956/907 831/958/909
f 854/957/908 831/958/909 855/959/910
f 855/959/910 831/958/909 832/960/911
f 855/959/910 832/960/911 857/961/912
f 857/961/912 832/960/911 833/962/913
f 857/961/912 833/962/913 856/963/914
f 856/963/914 833/962/913 834/964/915
f 856/963/914 834/964/915 858/965/916
f 858/965/916 834/964/915 859/966/917
f 858/965/916 859/966/917 57/967/918
f 57/967/918 859/966/917 839/968/919
f 57/967/918 839/968/919 860/969/920
f 860/969/920 839/968/919 835/970/921
f 860/969/920 835/970/921 836/971/922
f 859/966/917 834/964/915 839/968/919
f 839/968/919 834/964/915 835/970/921
f 836/971/922 13/972/923 860/969/920
f 860/969/920 13/972/923 57/967/918
f 57/967/918 56/973/924 858/965/916
f 858/965/916 56/973/924 856/963/914
f 56/973/924 55/974/925 856/963/914
f 856/963/914 55/974/925 857/961/912
f 55/974/925 54/975/926 857/961/912
f 857/961/912 54/975/926 855/959/910
f 54/975/926 53/976/927 855/959/910
f 855/959/910 53/976/927 52/977/928
f 855/959/910 52/977/928 854/957/908
f 854/957/908 52/977/928 51/978/929
f 854/957/908 51/978/929 838/955/906
f 838/955/906 51/978/929 50/979/930
f 838/955/906 50/979/930 853/953/904
f 853/953/904 50/979/930 852/951/902
f 50/979/930 49/980/931 852/951/902
f 852/951/902 49/980/931 851/949/900
f 49/980/931 48/981/932 851/949/900
f 851/949/900 48/981/932 850/947/898
f 48/981/932 47/982/933 850/947/898
f 850/947/898 47/982/933 849/945/896
f 47/982/933 46/983/934 849/945/896
f 849/945/896 46/983/934 848/939/890
f 46/983/934 45/937/888 848/939/890
f 836/984/935 835/985/936 885/986/937
f 885/986/937 835/985/936 884/987/938
f 884/987/938 835/985/936 886/988/939
f 884/987/938 886/988/939 908/989/940
f 908/989/940 886/988/939 906/990/941
f 908/989/940 906/990/941 905/991/942
f 905/991/942 906/990/941 832/992/943
f 905/991/942 832/992/943 831/993/944
f 886/988/939 835/985/936 907/994/945
f 907/994/945 835/985/936 834/995/946
f 907/994/945 834/995/946 833/996/947
f 907/994/945 833/996/947 906/990/941
f 906/990/941 833/996/947 832/992/943
f 905/991/942 831/993/944 904/997/948
f 904/997/948 831/993/944 830/998/949
f 904/997/948 830/998/949 903/999/950
f 903/999/950 830/998/949 829/1000/951
f 903/999/950 829/1000/951 902/1001/952
f 902/1001/952 829/1000/951 828/1002/953
f 902/1001/952 828/1002/953 901/1003/954
f 901/1003/954 828/1002/953 827/1004/955
f 901/1003/954 827/1004/955 900/1005/956
f 900/1005/956 827/1004/955 826/1006/957
f 900/1005/956 826/1006/957 825/1007/958
f 824/1008/959 898/1009/960 825/1007/958
f 825/1007/958 898/1009/960 899/1010/961
f 825/1007/958 899/1010/961 900/1005/956
f 900/1005/956 899/1010/961 914/1011/962
f 900/1005/956 914/1011/962 913/1012/963
f 913/1012/963 914/1011/962 878/1013/964
f 913/1012/963 878/1013/964 879/1014/965
f 898/1009/960 824/1008/959 897/1015/966
f 897/1015/966 824/1008/959 823/1016/967
f 897/1015/966 823/1016/967 896/1017/968
f 896/1017/968 823/1016/967 822/1018/969
f 896/1017/968 822/1018/969 895/1019/970
f 895/1019/970 822/1018/969 821/1020/971
f 895/1019/970 821/1020/971 894/1021/972
f 894/1021/972 821/1020/971 820/1022/973
f 894/1021/972 820/1022/973 893/1023/974
f 893/1023/974 820/1022/973 819/1024/975
f 893/1023/974 819/1024/975 892/1025/976
f 892/1025/976 819/1024/975 818/1026/977
f 892/1025/976 818/1026/977 891/1027/978
f 891/1027/978 818/1026/977 817/1028/979
f 891/1027/978 817/1028/979 890/1029/980
f 890/1029/980 817/1028/979 816/1030/981
f 890/1029/980 816/1030/981 889/1031/982
f 889/1031/982 816/1030/981 815/1032/983
f 889/1031/982 815/1032/983 861/1033/984
f 861/1033/984 815/1032/983 814/1034/985
f 889/1031/982 861/1033/984 888/1035/986
f 888/1035/986 861/1033/984 862/1036/987
f 888/1035/986 862/1036/987 863/1037/988
f 888/1035/986 863/1037/988 887/1038/989
f 887/1038/989 863/1037/988 864/1039/990
f 887/1038/989 864/1039/990 865/1040/991
f 865/1040/991 866/1041/992 887/1038/989
f 887/1038/989 866/1041/992 925/1042/993
f 887/1038/989 925/1042/993 888/1035/986
f 888/1035/986 925/1042/993 889/1031/982
f 866/1041/992 867/1043/994 925/1042/993
f 925/1042/993 867/1043/994 924/1044/995
f 925/1042/993 924/1044/995 889/1031/982
f 889/1031/982 924/1044/995 890/1029/980
f 867/1043/994 868/1045/996 924/1044/995
f 924/1044/995 868/1045/996 923/1046/997
f 924/1044/995 923/1046/997 890/1029/980
f 890/1029/980 923/1046/997 891/1027/978
f 868/1045/996 869/1047/998 923/1046/997
f 923/1046/997 869/1047/998 922/1048/999
f 923/1046/997 922/1048/999 891/1027/978
f 891/1027/978 922/1048/999 892/1025/976
f 869/1047/998 870/1049/1000 922/1048/999
f 922/1048/999 870/1049/1000 921/1050/1001
f 922/1048/999 921/1050/1001 892/1025/976
f 892/1025/976 921/1050/1001 893/1023/974
f 870/1049/1000 871/1051/1002 921/1050/1001
f 921/1050/1001 871/1051/1002 920/1052/1003
f 921/1050/1001 920/1052/1003 893/1023/974
f 893/1023/974 920/1052/1003 894/1021/972
f 871/1051/1002 872/1053/1004 920/1052/1003
f 920/1052/1003 872/1053/1004 919/1054/1005
f 920/1052/1003 919/1054/1005 894/1021/972
f 894/1021/972 919/1054/1005 895/1019/970
f 872/1053/1004 873/1055/1006 919/1054/1005
f 919/1054/1005 873/1055/1006 918/1056/1007
f 919/1054/1005 918/1056/1007 895/1019/970
f 895/1019/970 918/1056/1007 896/1017/968
f 873/1055/1006 874/1057/1008 918/1056/1007
f 918/1056/1007 874/1057/1008 917/1058/1009
f 918/1056/1007 917/1058/1009 896/1017/968
f 896/1017/968 917/1058/1009 897/1015/966
f 874/1057/1008 875/1059/1010 917/1058/1009
f 917/1058/1009 875/1059/1010 916/1060/1011
f 917/1058/1009 916/1060/1011 897/1015/966
f 897/1015/966 916/1060/1011 898/1009/960
f 875/1059/1010 876/1061/1012 916/1060/1011
f 916/1060/1011 876/1061/1012 915/1062/1013
f 916/1060/1011 915/1062/1013 898/1009/960
f 898/1009/960 915/1062/1013 899/1010/961
f 876/1061/1012 877/1063/1014 915/1062/1013
f 915/1062/1013 877/1063/1014 914/1011/962
f 915/1062/1013 914/1011/962 899/1010/961
f 877/1063/1014 878/1013/964 914/1011/962
f 913/1012/963 879/1014/965 912/1064/1015
f 912/1064/1015 879/1014/965 880/1065/1016
f 912/1064/1015 880/1065/1016 911/1066/1017
f 911/1066/1017 880/1065/1016 881/1067/1018
f 911/1066/1017 881/1067/1018 910/1068/1019
f 910/1068/1019 881/1067/1018 882/1069/1020
f 910/1068/1019 882/1069/1020 909/1070/1021
f 909/1070/1021 882/1069/1020 883/1071/1022
f 909/1070/1021 883/1071/1022 908/989/940
f 908/989/940 883/1071/1022 884/987/938
f 906/990/941 886/988/939 907/994/945
f 900/1005/956 913/1012/963 901/1003/954
f 901/1003/954 913/1012/963 912/1064/1015
f 901/1003/954 912/1064/1015 902/1001/952
f 902/1001/952 912/1064/1015 911/1066/1017
f 902/1001/952 911/1066/1017 903/999/950
f 903/999/950 911/1066/1017 910/1068/1019
f 903/999/950 910/1068/1019 904/997/948
f 904/997/948 910/1068/1019 909/1070/1021
f 904/997/948 909/1070/1021 905/991/942
f 905/991/942 909/1070/1021 908/989/940
f 543/1072/1023 14/1073/1024 963/1074/1025
f 963/1074/1025 14/1073/1024 836/1075/1026
f 963/1074/1025 836/1075/1026 926/1076/1027
f 963/1074/1025 926/1076/1027 962/1077/1028
f 962/1077/1028 926/1076/1027 927/1078/1029
f 962/1077/1028 927/1078/1029 983/1079/1030
f 983/1079/1030 927/1078/1029 965/1080/1031
f 983/1079/1030 965/1080/1031 543/1072/1023
f 543/1072/1023 965/1080/1031 544/1081/1032
f 544/1081/1032 965/1080/1031 964/1082/1033
f 544/1081/1032 964/1082/1033 545/1083/1034
f 545/1083/1034 964/1082/1033 966/1084/1035
f 545/1083/1034 966/1084/1035 546/1085/1036
f 546/1085/1036 966/1084/1035 967/1086/1037
f 546/1085/1036 967/1086/1037 547/1087/1038
f 547/1087/1038 967/1086/1037 548/1088/1039
f 548/1088/1039 967/1086/1037 968/1089/1040
f 548/1088/1039 968/1089/1040 549/1090/1041
f 549/1090/1041 968/1089/1040 961/1091/1042
f 549/1090/1041 961/1091/1042 550/1092/1043
f 550/1092/1043 961/1091/1042 969/1093/1044
f 550/1092/1043 969/1093/1044 970/1094/1045
f 970/1094/1045 969/1093/1044 933/1095/1046
f 970/1094/1045 933/1095/1046 934/1096/1047
f 965/1080/1031 927/1078/1029 964/1082/1033
f 964/1082/1033 927/1078/1029 928/1097/1048
f 964/1082/1033 928/1097/1048 966/1084/1035
f 966/1084/1035 928/1097/1048 929/1098/1049
f 966/1084/1035 929/1098/1049 967/1086/1037
f 967/1086/1037 929/1098/1049 930/1099/1050
f 967/1086/1037 930/1099/1050 968/1089/1040
f 968/1089/1040 930/1099/1050 931/1100/1051
f 968/1089/1040 931/1100/1051 961/1091/1042
f 961/1091/1042 931/1100/1051 932/1101/1052
f 961/1091/1042 932/1101/1052 969/1093/1044
f 969/1093/1044 932/1101/1052 933/1095/1046
f 970/1094/1045 934/1096/1047 971/1102/1053
f 971/1102/1053 934/1096/1047 935/1103/1054
f 971/1102/1053 935/1103/1054 972/1104/1055
f 972/1104/1055 935/1103/1054 936/1105/1056
f 972/1104/1055 936/1105/1056 973/1106/1057
f 973/1106/1057 936/1105/1056 937/1107/1058
f 973/1106/1057 937/1107/1058 974/1108/1059
f 974/1108/1059 937/1107/1058 938/1109/1060
f 974/1108/1059 938/1109/1060 975/1110/1061
f 975/1110/1061 938/1109/1060 939/1111/1062
f 975/1110/1061 939/1111/1062 976/1112/1063
f 976/1112/1063 939/1111/1062 940/1113/1064
f 976/1112/1063 940/1113/1064 977/1114/1065
f 977/1114/1065 940/1113/1064 941/1115/1066
f 977/1114/1065 941/1115/1066 978/1116/1067
f 978/1116/1067 941/1115/1066 942/1117/1068
f 978/1116/1067 942/1117/1068 979/1118/1069
f 979/1118/1069 942/1117/1068 960/1119/1070
f 979/1118/1069 960/1119/1070 559/1120/1071
f 559/1120/1071 960/1119/1070 395/1121/1072
f 395/1121/1072 960/1119/1070 959/1122/1073
f 959/1122/1073 960/1119/1070 980/1123/1074
f 959/1122/1073 980/1123/1074 958/1124/1075
f 958/1124/1075 980/1123/1074 957/1125/1076
f 957/1125/1076 980/1123/1074 981/1126/1077
f 957/1125/1076 981/1126/1077 956/1127/1078
f 956/1127/1078 981/1126/1077 955/1128/1079
f 955/1128/1079 981/1126/1077 954/1129/1080
f 954/1129/1080 981/1126/1077 953/1130/1081
f 953/1130/1081 981/1126/1077 982/1131/1082
f 953/1130/1081 982/1131/1082 952/1132/1083
f 952/1132/1083 982/1131/1082 951/1133/1084
f 951/1133/1084 982/1131/1082 950/1134/1085
f 950/1134/1085 982/1131/1082 946/1135/1086
f 950/1134/1085 946/1135/1086 949/1136/1087
f 949/1136/1087 946/1135/1086 948/1137/1088
f 948/1137/1088 946/1135/1086 947/1138/1089
f 942/1117/1068 943/1139/1090 960/1119/1070
f 960/1119/1070 943/1139/1090 980/1123/1074
f 943/1139/1090 944/1140/1091 980/1123/1074
f 980/1123/1074 944/1140/1091 981/1126/1077
f 944/1140/1091 945/1141/1092 981/1126/1077
f 981/1126/1077 945/1141/1092 982/1131/1082
f 945/1141/1092 946/1135/1086 982/1131/1082
f 559/1120/1071 558/1142/1093 979/1118/1069
f 979/1118/1069 558/1142/1093 978/1116/1067
f 558/1142/1093 557/1143/1094 978/1116/1067
f 978/1116/1067 557/1143/1094 977/1114/1065
f 557/1143/1094 556/1144/1095 977/1114/1065
f 977/1114/1065 556/1144/1095 976/1112/1063
f 556/1144/1095 555/1145/1096 976/1112/1063
f 976/1112/1063 555/1145/1096 975/1110/1061
f 975/1110/1061 555/1145/1096 974/1108/1059
f 974/1108/1059 555/1145/1096 554/1146/1097
f 974/1108/1059 554/1146/1097 973/1106/1057
f 973/1106/1057 554/1146/1097 553/1147/1098
f 973/1106/1057 553/1147/1098 972/1104/1055
f 972/1104/1055 553/1147/1098 552/1148/1099
f 972/1104/1055 552/1148/1099 971/1102/1053
f 971/1102/1053 552/1148/1099 551/1149/1100
f 971/1102/1053 551/1149/1100 970/1094/1045
f 970/1094/1045 551/1149/1100 550/1092/1043
f 983/1079/1030 543/1072/1023 962/1077/1028
f 962/1077/1028 543/1072/1023 963/1074/1025
f 14/1150/24 13/1151/23 836/1152/1101
f 863/1153/988 984/1154/1102 1051/1155/1103
f 1051/1155/1103 984/1154/1102 1059/1156/1104
f 1051/1155/1103 1059/1156/1104 1050/1157/1105
f 1050/1157/1105 1059/1156/1104 1065/1158/1106
f 1050/1157/1105 1065/1158/1106 1049/1159/1107
f 1049/1159/1107 1065/1158/1106 1071/1160/1108
f 1049/1159/1107 1071/1160/1108 1048/1161/1109
f 1048/1161/1109 1071/1160/1108 1077/1162/1110
f 1048/1161/1109 1077/1162/1110 1047/1163/1111
f 1047/1163/1111 1077/1162/1110 1083/1164/1112
f 1047/1163/1111 1083/1164/1112 1046/1165/1113
f 1046/1165/1113 1083/1164/1112 1089/1166/1114
f 1046/1165/1113 1089/1166/1114 1045/1167/1115
f 1045/1167/1115 1089/1166/1114 1095/1168/1116
f 1045/1167/1115 1095/1168/1116 1044/1169/1117
f 1044/1169/1117 1095/1168/1116 1101/1170/1118
f 1044/1169/1117 1101/1170/1118 1043/1171/1119
f 1043/1171/1119 1101/1170/1118 1106/1172/1120
f 1043/1171/1119 1106/1172/1120 1042/1173/1121
f 1042/1173/1121 1106/1172/1120 1113/1174/1122
f 1042/1173/1121 1113/1174/1122 1041/1175/1123
f 1041/1175/1123 1113/1174/1122 1112/1176/1124
f 1041/1175/1123 1112/1176/1124 1040/1177/1125
f 1040/1177/1125 1112/1176/1124 1124/1178/1126
f 1040/1177/1125 1124/1178/1126 1039/1179/1127
f 1039/1179/1127 1124/1178/1126 1130/1180/1128
f 1039/1179/1127 1130/1180/1128 1038/1181/1129
f 1038/1181/1129 1130/1180/1128 1136/1182/1130
f 1038/1181/1129 1136/1182/1130 1037/1183/1131
f 1037/1183/1131 1136/1182/1130 1142/1184/1132
f 1037/1183/1131 1142/1184/1132 1036/1185/1133
f 1036/1185/1133 1142/1184/1132 1148/1186/1134
f 1036/1185/1133 1148/1186/1134 1035/1187/1135
f 1035/1187/1135 1148/1186/1134 1154/1188/1136
f 1035/1187/1135 1154/1188/1136 1034/1189/1137
f 1034/1189/1137 1154/1188/1136 1160/1190/1138
f 1034/1189/1137 1160/1190/1138 1033/1191/1139
f 1033/1191/1139 1160/1190/1138 1166/1192/1140
f 1033/1191/1139 1166/1192/1140 1032/1193/1141
f 1032/1193/1141 1166/1192/1140 1173/1194/1142
f 1032/1193/1141 1173/1194/1142 1031/1195/1143
f 1031/1195/1143 1173/1194/1142 1172/1196/1144
f 1031/1195/1143 1172/1196/1144 1030/1197/1145
f 1030/1197/1145 1172/1196/1144 1183/1198/1146
f 1030/1197/1145 1183/1198/1146 1029/1199/1147
f 1029/1199/1147 1183/1198/1146 1189/1200/1148
f 1029/1199/1147 1189/1200/1148 1028/1201/1149
f 1028/1201/1149 1189/1200/1148 1195/1202/1150
f 1028/1201/1149 1195/1202/1150 1027/1203/1151
f 1027/1203/1151 1195/1202/1150 1201/1204/1152
f 1027/1203/1151 1201/1204/1152 1026/1205/1153
f 1026/1205/1153 1201/1204/1152 1207/1206/1154
f 1026/1205/1153 1207/1206/1154 1025/1207/1155
f 1025/1207/1155 1207/1206/1154 1213/1208/1156
f 1025/1207/1155 1213/1208/1156 1024/1209/1157
f 1024/1209/1157 1213/1208/1156 1219/1210/1158
f 1024/1209/1157 1219/1210/1158 1023/1211/1159
f 1023/1211/1159 1219/1210/1158 1021/1212/1160
f 1023/1211/1159 1021/1212/1160 1022/1213/1161
f 984/1154/1102 985/1214/1162 1059/1156/1104
f 1059/1156/1104 985/1214/1162 1058/1215/1163
f 1059/1156/1104 1058/1215/1163 1065/1158/1106
f 1065/1158/1106 1058/1215/1163 1064/1216/1164
f 1065/1158/1106 1064/1216/1164 1071/1160/1108
f 1071/1160/1108 1064/1216/1164 1070/1217/1165
f 1071/1160/1108 1070/1217/1165 1077/1162/1110
f 1077/1162/1110 1070/1217/1165 1076/1218/1166
f 1077/1162/1110 1076/1218/1166 1083/1164/1112
f 1083/1164/1112 1076/1218/1166 1082/1219/1167
f 1083/1164/1112 1082/1219/1167 1089/1166/1114
f 1089/1166/1114 1082/1219/1167 1088/1220/1168
f 1089/1166/1114 1088/1220/1168 1095/1168/1116
f 1095/1168/1116 1088/1220/1168 1094/1221/1169
f 1095/1168/1116 1094/1221/1169 1101/1170/1118
f 1101/1170/1118 1094/1221/1169 1100/1222/1170
f 1101/1170/1118 1100/1222/1170 1106/1172/1120
f 1106/1172/1120 1100/1222/1170 1105/1223/1171
f 1106/1172/1120 1105/1223/1171 1113/1174/1122
f 1113/1174/1122 1105/1223/1171 1114/1224/1172
f 1113/1174/1122 1114/1224/1172 1112/1176/1124
f 1112/1176/1124 1114/1224/1172 1111/1225/1173
f 1112/1176/1124 1111/1225/1173 1124/1178/1126
f 1124/1178/1126 1111/1225/1173 1123/1226/1174
f 1124/1178/1126 1123/1226/1174 1130/1180/1128
f 1130/1180/1128 1123/1226/1174 1129/1227/1175
f 1130/1180/1128 1129/1227/1175 1136/1182/1130
f 1136/1182/1130 1129/1227/1175 1135/1228/1176
f 1136/1182/1130 1135/1228/1176 1142/1184/1132
f 1142/1184/1132 1135/1228/1176 1141/1229/1177
f 1142/1184/1132 1141/1229/1177 1148/1186/1134
f 1148/1186/1134 1141/1229/1177 1147/1230/1178
f 1148/1186/1134 1147/1230/1178 1154/1188/1136
f 1154/1188/1136 1147/1230/1178 1153/1231/1179
f 1154/1188/1136 1153/1231/1179 1160/1190/1138
f 1160/1190/1138 1153/1231/1179 1159/1232/1180
f 1160/1190/1138 1159/1232/1180 1166/1192/1140
f 1166/1192/1140 1159/1232/1180 1165/1233/1181
f 1166/1192/1140 1165/1233/1181 1173/1194/1142
f 1173/1194/1142 1165/1233/1181 1174/1234/1182
f 1173/1194/1142 1174/1234/1182 1172/1196/1144
f 1172/1196/1144 1174/1234/1182 1171/1235/1183
f 1172/1196/1144 1171/1235/1183 1183/1198/1146
f 1183/1198/1146 1171/1235/1183 1182/1236/1184
f 1183/1198/1146 1182/1236/1184 1189/1200/1148
f 1189/1200/1148 1182/1236/1184 1188/1237/1185
f 1189/1200/1148 1188/1237/1185 1195/1202/1150
f 1195/1202/1150 1188/1237/1185 1194/1238/1186
f 1195/1202/1150 1194/1238/1186 1201/1204/1152
f 1201/1204/1152 1194/1238/1186 1200/1239/1187
f 1201/1204/1152 1200/1239/1187 1207/1206/1154
f 1207/1206/1154 1200/1239/1187 1206/1240/1188
f 1207/1206/1154 1206/1240/1188 1213/1208/1156
f 1213/1208/1156 1206/1240/1188 1212/1241/1189
f 1213/1208/1156 1212/1241/1189 1219/1210/1158
f 1219/1210/1158 1212/1241/1189 1218/1242/1190
f 1219/1210/1158 1218/1242/1190 1021/1212/1160
f 1021/1212/1160 1218/1242/1190 1020/1243/1191
f 1020/1243/1191 1218/1242/1190 1217/1244/1192
f 1020/1243/1191 1217/1244/1192 1019/1245/1193
f 1019/1245/1193 1217/1244/1192 1216/1246/1194
f 1019/1245/1193 1216/1246/1194 1018/1247/1195
f 1018/1247/1195 1216/1246/1194 1215/1248/1196
f 1018/1247/1195 1215/1248/1196 1017/1249/1197
f 1017/1249/1197 1215/1248/1196 1214/1250/1198
f 1017/1249/1197 1214/1250/1198 1016/1251/1199
f 1016/1251/1199 1214/1250/1198 1015/1252/1200
f 1015/1252/1200 1214/1250/1198 1014/1253/1201
f 1014/1253/1201 1214/1250/1198 1208/1254/1202
f 1014/1253/1201 1208/1254/1202 1013/1255/1203
f 1013/1255/1203 1208/1254/1202 1202/1256/1204
f 1013/1255/1203 1202/1256/1204 1012/1257/1205
f 1012/1257/1205 1202/1256/1204 1196/1258/1206
f 1012/1257/1205 1196/1258/1206 1011/1259/1207
f 1011/1259/1207 1196/1258/1206 1190/1260/1208
f 1011/1259/1207 1190/1260/1208 1010/1261/1209
f 1010/1261/1209 1190/1260/1208 1184/1262/1210
f 1010/1261/1209 1184/1262/1210 1009/1263/1211
f 1009/1263/1211 1184/1262/1210 1178/1264/1212
f 1009/1263/1211 1178/1264/1212 1008/1265/1213
f 1008/1265/1213 1178/1264/1212 1167/1266/1214
f 1008/1265/1213 1167/1266/1214 1007/1267/1215
f 1007/1267/1215 1167/1266/1214 1053/1268/1216
f 1007/1267/1215 1053/1268/1216 1006/1269/1217
f 1006/1269/1217 1053/1268/1216 1161/1270/1218
f 1006/1269/1217 1161/1270/1218 1155/1271/1219
f 1155/1271/1219 1161/1270/1218 1162/1272/1220
f 1155/1271/1219 1162/1272/1220 1156/1273/1221
f 1156/1273/1221 1162/1272/1220 1163/1274/1222
f 1156/1273/1221 1163/1274/1222 1157/1275/1223
f 1157/1275/1223 1163/1274/1222 1164/1276/1224
f 1157/1275/1223 1164/1276/1224 1158/1277/1225
f 1158/1277/1225 1164/1276/1224 1165/1233/1181
f 1158/1277/1225 1165/1233/1181 1159/1232/1180
f 985/1214/1162 986/1278/1226 1058/1215/1163
f 1058/1215/1163 986/1278/1226 1057/1279/1227
f 1058/1215/1163 1057/1279/1227 1064/1216/1164
f 1064/1216/1164 1057/1279/1227 1063/1280/1228
f 1064/1216/1164 1063/1280/1228 1070/1217/1165
f 1070/1217/1165 1063/1280/1228 1069/1281/1229
f 1070/1217/1165 1069/1281/1229 1076/1218/1166
f 1076/1218/1166 1069/1281/1229 1075/1282/1230
f 1076/1218/1166 1075/1282/1230 1082/1219/1167
f 1082/1219/1167 1075/1282/1230 1081/1283/1231
f 1082/1219/1167 1081/1283/1231 1088/1220/1168
f 1088/1220/1168 1081/1283/1231 1087/1284/1232
f 1088/1220/1168 1087/1284/1232 1094/1221/1169
f 1094/1221/1169 1087/1284/1232 1093/1285/1233
f 1094/1221/1169 1093/1285/1233 1100/1222/1170
f 1100/1222/1170 1093/1285/1233 1099/1286/1234
f 1100/1222/1170 1099/1286/1234 1105/1223/1171
f 1105/1223/1171 1099/1286/1234 1104/1287/1235
f 1105/1223/1171 1104/1287/1235 1114/1224/1172
f 1114/1224/1172 1104/1287/1235 1115/1288/1236
f 1114/1224/1172 1115/1288/1236 1111/1225/1173
f 1111/1225/1173 1115/1288/1236 1110/1289/1237
f 1111/1225/1173 1110/1289/1237 1123/1226/1174
f 1123/1226/1174 1110/1289/1237 1122/1290/1238
f 1123/1226/1174 1122/1290/1238 1129/1227/1175
f 1129/1227/1175 1122/1290/1238 1128/1291/1239
f 1129/1227/1175 1128/1291/1239 1135/1228/1176
f 1135/1228/1176 1128/1291/1239 1134/1292/1240
f 1135/1228/1176 1134/1292/1240 1141/1229/1177
f 1141/1229/1177 1134/1292/1240 1140/1293/1241
f 1141/1229/1177 1140/1293/1241 1147/1230/1178
f 1147/1230/1178 1140/1293/1241 1146/1294/1242
f 1147/1230/1178 1146/1294/1242 1153/1231/1179
f 1153/1231/1179 1146/1294/1242 1152/1295/1243
f 1153/1231/1179 1152/1295/1243 1159/1232/1180
f 1159/1232/1180 1152/1295/1243 1158/1277/1225
f 986/1278/1226 987/1296/1244 1057/1279/1227
f 1057/1279/1227 987/1296/1244 1056/1297/1245
f 1057/1279/1227 1056/1297/1245 1063/1280/1228
f 1063/1280/1228 1056/1297/1245 1062/1298/1246
f 1063/1280/1228 1062/1298/1246 1069/1281/1229
f 1069/1281/1229 1062/1298/1246 1068/1299/1247
f 1069/1281/1229 1068/1299/1247 1075/1282/1230
f 1075/1282/1230 1068/1299/1247 1074/1300/1248
f 1075/1282/1230 1074/1300/1248 1081/1283/1231
f 1081/1283/1231 1074/1300/1248 1080/1301/1249
f 1081/1283/1231 1080/1301/1249 1087/1284/1232
f 1087/1284/1232 1080/1301/1249 1086/1302/1250
f 1087/1284/1232 1086/1302/1250 1093/1285/1233
f 1093/1285/1233 1086/1302/1250 1092/1303/1251
f 1093/1285/1233 1092/1303/1251 1099/1286/1234
f 1099/1286/1234 1092/1303/1251 1098/1304/1252
f 1099/1286/1234 1098/1304/1252 1104/1287/1235
f 1104/1287/1235 1098/1304/1252 1103/1305/1253
f 1104/1287/1235 1103/1305/1253 1115/1288/1236
f 1115/1288/1236 1103/1305/1253 1116/1306/1254
f 1115/1288/1236 1116/1306/1254 1110/1289/1237
f 1110/1289/1237 1116/1306/1254 1109/1307/1255
f 1110/1289/1237 1109/1307/1255 1122/1290/1238
f 1122/1290/1238 1109/1307/1255 1121/1308/1256
f 1122/1290/1238 1121/1308/1256 1128/1291/1239
f 1128/1291/1239 1121/1308/1256 1127/1309/1257
f 1128/1291/1239 1127/1309/1257 1134/1292/1240
f 1134/1292/1240 1127/1309/1257 1133/1310/1258
f 1134/1292/1240 1133/1310/1258 1140/1293/1241
f 1140/1293/1241 1133/1310/1258 1139/1311/1259
f 1140/1293/1241 1139/1311/1259 1146/1294/1242
f 1146/1294/1242 1139/1311/1259 1145/1312/1260
f 1146/1294/1242 1145/1312/1260 1152/1295/1243
f 1152/1295/1243 1145/1312/1260 1151/1313/1261
f 1152/1295/1243 1151/1313/1261 1158/1277/1225
f 1158/1277/1225 1151/1313/1261 1157/1275/1223
f 987/1296/1244 988/1314/1262 1056/1297/1245
f 1056/1297/1245 988/1314/1262 1055/1315/1263
f 1056/1297/1245 1055/1315/1263 1062/1298/1246
f 1062/1298/1246 1055/1315/1263 1061/1316/1264
f 1062/1298/1246 1061/1316/1264 1068/1299/1247
f 1068/1299/1247 1061/1316/1264 1067/1317/1265
f 1068/1299/1247 1067/1317/1265 1074/1300/1248
f 1074/1300/1248 1067/1317/1265 1073/1318/1266
f 1074/1300/1248 1073/1318/1266 1080/1301/1249
f 1080/1301/1249 1073/1318/1266 1079/1319/1267
f 1080/1301/1249 1079/1319/1267 1086/1302/1250
f 1086/1302/1250 1079/1319/1267 1085/1320/1268
f 1086/1302/1250 1085/1320/1268 1092/1303/1251
f 1092/1303/1251 1085/1320/1268 1091/1321/1269
f 1092/1303/1251 1091/1321/1269 1098/1304/1252
f 1098/1304/1252 1091/1321/1269 1097/1322/1270
f 1098/1304/1252 1097/1322/1270 1103/1305/1253
f 1103/1305/1253 1097/1322/1270 1102/1323/1271
f 1103/1305/1253 1102/1323/1271 1116/1306/1254
f 1116/1306/1254 1102/1323/1271 1117/1324/1272
f 1116/1306/1254 1117/1324/1272 1109/1307/1255
f 1109/1307/1255 1117/1324/1272 1108/1325/1273
f 1109/1307/1255 1108/1325/1273 1121/1308/1256
f 1121/1308/1256 1108/1325/1273 1120/1326/1274
f 1121/1308/1256 1120/1326/1274 1127/1309/1257
f 1127/1309/1257 1120/1326/1274 1126/1327/1275
f 1127/1309/1257 1126/1327/1275 1133/1310/1258
f 1133/1310/1258 1126/1327/1275 1132/1328/1276
f 1133/1310/1258 1132/1328/1276 1139/1311/1259
f 1139/1311/1259 1132/1328/1276 1138/1329/1277
f 1139/1311/1259 1138/1329/1277 1145/1312/1260
f 1145/1312/1260 1138/1329/1277 1144/1330/1278
f 1145/1312/1260 1144/1330/1278 1151/1313/1261
f 1151/1313/1261 1144/1330/1278 1150/1331/1279
f 1151/1313/1261 1150/1331/1279 1157/1275/1223
f 1157/1275/1223 1150/1331/1279 1156/1273/1221
f 988/1314/1262 989/1332/1280 1055/1315/1263
f 1055/1315/1263 989/1332/1280 1054/1333/1281
f 1055/1315/1263 1054/1333/1281 1061/1316/1264
f 1061/1316/1264 1054/1333/1281 1060/1334/1282
f 1061/1316/1264 1060/1334/1282 1067/1317/1265
f 1067/1317/1265 1060/1334/1282 1066/1335/1283
f 1067/1317/1265 1066/1335/1283 1073/1318/1266
f 1073/1318/1266 1066/1335/1283 1072/1336/1284
f 1073/1318/1266 1072/1336/1284 1079/1319/1267
f 1079/1319/1267 1072/1336/1284 1078/1337/1285
f 1079/1319/1267 1078/1337/1285 1085/1320/1268
f 1085/1320/1268 1078/1337/1285 1084/1338/1286
f 1085/1320/1268 1084/1338/1286 1091/1321/1269
f 1091/1321/1269 1084/1338/1286 1090/1339/1287
f 1091/1321/1269 1090/1339/1287 1097/1322/1270
f 1097/1322/1270 1090/1339/1287 1096/1340/1288
f 1097/1322/1270 1096/1340/1288 1102/1323/1271
f 1102/1323/1271 1096/1340/1288 1052/1341/1289
f 1102/1323/1271 1052/1341/1289 1117/1324/1272
f 1117/1324/1272 1052/1341/1289 1118/1342/1290
f 1117/1324/1272 1118/1342/1290 1108/1325/1273
f 1108/1325/1273 1118/1342/1290 1107/1343/1291
f 1108/1325/1273 1107/1343/1291 1120/1326/1274
f 1120/1326/1274 1107/1343/1291 1119/1344/1292
f 1120/1326/1274 1119/1344/1292 1126/1327/1275
f 1126/1327/1275 1119/1344/1292 1125/1345/1293
f 1126/1327/1275 1125/1345/1293 1132/1328/1276
f 1132/1328/1276 1125/1345/1293 1131/1346/1294
f 1132/1328/1276 1131/1346/1294 1138/1329/1277
f 1138/1329/1277 1131/1346/1294 1137/1347/1295
f 1138/1329/1277 1137/1347/1295 1144/1330/1278
f 1144/1330/1278 1137/1347/1295 1143/1348/1296
f 1144/1330/1278 1143/1348/1296 1150/1331/1279
f 1150/1331/1279 1143/1348/1296 1149/1349/1297
f 1150/1331/1279 1149/1349/1297 1156/1273/1221
f 1156/1273/1221 1149/1349/1297 1155/1271/1219
f 989/1332/1280 744/1350/1298 1054/1333/1281
f 1054/1333/1281 744/1350/1298 990/1351/1299
f 1054/1333/1281 990/1351/1299 1060/1334/1282
f 1060/1334/1282 990/1351/1299 991/1352/1300
f 1060/1334/1282 991/1352/1300 1066/1335/1283
f 1066/1335/1283 991/1352/1300 992/1353/1301
f 1066/1335/1283 992/1353/1301 1072/1336/1284
f 1072/1336/1284 992/1353/1301 993/1354/1302
f 1072/1336/1284 993/1354/1302 1078/1337/1285
f 1078/1337/1285 993/1354/1302 994/1355/1303
f 1078/1337/1285 994/1355/1303 1084/1338/1286
f 1084/1338/1286 994/1355/1303 995/1356/1304
f 1084/1338/1286 995/1356/1304 1090/1339/1287
f 1090/1339/1287 995/1356/1304 996/1357/1305
f 1090/1339/1287 996/1357/1305 1096/1340/1288
f 1096/1340/1288 996/1357/1305 997/1358/1306
f 1096/1340/1288 997/1358/1306 1052/1341/1289
f 1052/1341/1289 997/1358/1306 998/1359/1307
f 1052/1341/1289 998/1359/1307 1118/1342/1290
f 1118/1342/1290 998/1359/1307 1107/1343/1291
f 998/1359/1307 999/1360/1308 1107/1343/1291
f 1107/1343/1291 999/1360/1308 1119/1344/1292
f 999/1360/1308 1000/1361/1309 1119/1344/1292
f 1119/1344/1292 1000/1361/1309 1125/1345/1293
f 1000/1361/1309 1001/1362/1310 1125/1345/1293
f 1125/1345/1293 1001/1362/1310 1131/1346/1294
f 1001/1362/1310 1002/1363/1311 1131/1346/1294
f 1131/1346/1294 1002/1363/1311 1137/1347/1295
f 1002/1363/1311 1003/1364/1312 1137/1347/1295
f 1137/1347/1295 1003/1364/1312 1143/1348/1296
f 1003/1364/1312 1004/1365/1313 1143/1348/1296
f 1143/1348/1296 1004/1365/1313 1149/1349/1297
f 1004/1365/1313 1005/1366/1314 1149/1349/1297
f 1149/1349/1297 1005/1366/1314 1155/1271/1219
f 1005/1366/1314 1006/1269/1217 1155/1271/1219
f 1162/1272/1220 1161/1270/1218 1177/1367/1315
f 1177/1367/1315 1161/1270/1218 1053/1268/1216
f 1177/1367/1315 1053/1268/1216 1168/1368/1316
f 1168/1368/1316 1053/1268/1216 1167/1266/1214
f 1168/1368/1316 1167/1266/1214 1179/1369/1317
f 1179/1369/1317 1167/1266/1214 1178/1264/1212
f 1179/1369/1317 1178/1264/1212 1185/1370/1318
f 1185/1370/1318 1178/1264/1212 1184/1262/1210
f 1185/1370/1318 1184/1262/1210 1191/1371/1319
f 1191/1371/1319 1184/1262/1210 1190/1260/1208
f 1191/1371/1319 1190/1260/1208 1197/1372/1320
f 1197/1372/1320 1190/1260/1208 1196/1258/1206
f 1197/1372/1320 1196/1258/1206 1203/1373/1321
f 1203/1373/1321 1196/1258/1206 1202/1256/1204
f 1203/1373/1321 1202/1256/1204 1209/1374/1322
f 1209/1374/1322 1202/1256/1204 1208/1254/1202
f 1209/1374/1322 1208/1254/1202 1215/1248/1196
f 1215/1248/1196 1208/1254/1202 1214/1250/1198
f 1163/1274/1222 1162/1272/1220 1176/1375/1323
f 1176/1375/1323 1162/1272/1220 1177/1367/1315
f 1176/1375/1323 1177/1367/1315 1169/1376/1324
f 1169/1376/1324 1177/1367/1315 1168/1368/1316
f 1169/1376/1324 1168/1368/1316 1180/1377/1325
f 1180/1377/1325 1168/1368/1316 1179/1369/1317
f 1180/1377/1325 1179/1369/1317 1186/1378/1326
f 1186/1378/1326 1179/1369/1317 1185/1370/1318
f 1186/1378/1326 1185/1370/1318 1192/1379/1327
f 1192/1379/1327 1185/1370/1318 1191/1371/1319
f 1192/1379/1327 1191/1371/1319 1198/1380/1328
f 1198/1380/1328 1191/1371/1319 1197/1372/1320
f 1198/1380/1328 1197/1372/1320 1204/1381/1329
f 1204/1381/1329 1197/1372/1320 1203/1373/1321
f 1204/1381/1329 1203/1373/1321 1210/1382/1330
f 1210/1382/1330 1203/1373/1321 1209/1374/1322
f 1210/1382/1330 1209/1374/1322 1216/1246/1194
f 1216/1246/1194 1209/1374/1322 1215/1248/1196
f 1174/1234/1182 1165/1233/1181 1164/1276/1224
f 1164/1276/1224 1163/1274/1222 1175/1383/1331
f 1175/1383/1331 1163/1274/1222 1176/1375/1323
f 1175/1383/1331 1176/1375/1323 1170/1384/1332
f 1170/1384/1332 1176/1375/1323 1169/1376/1324
f 1170/1384/1332 1169/1376/1324 1181/1385/1333
f 1181/1385/1333 1169/1376/1324 1180/1377/1325
f 1181/1385/1333 1180/1377/1325 1187/1386/1334
f 1187/1386/1334 1180/1377/1325 1186/1378/1326
f 1187/1386/1334 1186/1378/1326 1193/1387/1335
f 1193/1387/1335 1186/1378/1326 1192/1379/1327
f 1193/1387/1335 1192/1379/1327 1199/1388/1336
f 1199/1388/1336 1192/1379/1327 1198/1380/1328
f 1199/1388/1336 1198/1380/1328 1205/1389/1337
f 1205/1389/1337 1198/1380/1328 1204/1381/1329
f 1205/1389/1337 1204/1381/1329 1211/1390/1338
f 1211/1390/1338 1204/1381/1329 1210/1382/1330
f 1211/1390/1338 1210/1382/1330 1217/1244/1192
f 1217/1244/1192 1210/1382/1330 1216/1246/1194
f 1170/1384/1332 1171/1235/1183 1175/1383/1331
f 1175/1383/1331 1171/1235/1183 1174/1234/1182
f 1175/1383/1331 1174/1234/1182 1164/1276/1224
f 1171/1235/1183 1170/1384/1332 1182/1236/1184
f 1182/1236/1184 1170/1384/1332 1181/1385/1333
f 1182/1236/1184 1181/1385/1333 1188/1237/1185
f 1188/1237/1185 1181/1385/1333 1187/1386/1334
f 1188/1237/1185 1187/1386/1334 1194/1238/1186
f 1194/1238/1186 1187/1386/1334 1193/1387/1335
f 1194/1238/1186 1193/1387/1335 1200/1239/1187
f 1200/1239/1187 1193/1387/1335 1199/1388/1336
f 1200/1239/1187 1199/1388/1336 1206/1240/1188
f 1206/1240/1188 1199/1388/1336 1205/1389/1337
f 1206/1240/1188 1205/1389/1337 1212/1241/1189
f 1212/1241/1189 1205/1389/1337 1211/1390/1338
f 1212/1241/1189 1211/1390/1338 1218/1242/1190
f 1218/1242/1190 1211/1390/1338 1217/1244/1192
f 1015/1391/1200 1220/1392/1339 1016/1393/1340
f 1016/1393/1340 1220/1392/1339 1221/1394/1341
f 1016/1393/1340 1221/1394/1341 1017/1395/1342
f 1017/1395/1342 1221/1394/1341 1222/1396/1343
f 1017/1395/1342 1222/1396/1343 1018/1397/1344
f 1018/1397/1344 1222/1396/1343 1223/1398/1345
f 1018/1397/1344 1223/1398/1345 1019/1399/1346
f 1019/1399/1346 1223/1398/1345 1224/1400/1347
f 1019/1399/1346 1224/1400/1347 1020/1401/1348
f 1020/1401/1348 1224/1400/1347 1225/1402/1349
f 1020/1401/1348 1225/1402/1349 1021/1403/1350
f 1021/1403/1350 1225/1402/1349 1226/1404/1351
f 1021/1403/1350 1226/1404/1351 1227/1405/1352
f 1228/1406/1353 1022/1407/1161 1227/1405/1352
f 1227/1405/1352 1022/1407/1161 1021/1403/1350
f 862/1408/1354 1229/1409/1355 863/1410/988
f 863/1410/988 1229/1409/1355 984/1411/1356
f 984/1411/1356 1229/1409/1355 1230/1412/1357
f 984/1411/1356 1230/1412/1357 1231/1413/1358
f 984/1411/1356 1231/1413/1358 985/1414/1359
f 985/1414/1359 1231/1413/1358 1232/1415/1360
f 985/1414/1359 1232/1415/1360 986/1416/1361
f 986/1416/1361 1232/1415/1360 1233/1417/1362
f 986/1416/1361 1233/1417/1362 987/1418/1363
f 987/1418/1363 1233/1417/1362 1234/1419/1364
f 987/1418/1363 1234/1419/1364 988/1420/1365
f 988/1420/1365 1234/1419/1364 1235/1421/1366
f 988/1420/1365 1235/1421/1366 989/1422/1367
f 989/1422/1367 1235/1421/1366 1236/1423/1368
f 989/1422/1367 1236/1423/1368 744/1424/1298
f 1051/1425/1103 1267/1426/1369 863/1427/988
f 863/1427/988 1267/1426/1369 1268/1428/1370
f 863/1427/988 1268/1428/1370 1266/1429/1371
f 1266/1429/1371 1268/1428/1370 1265/1430/1372
f 1265/1430/1372 1268/1428/1370 1270/1431/1373
f 1265/1430/1372 1270/1431/1373 1264/1432/1374
f 1264/1432/1374 1270/1431/1373 1272/1433/1375
f 1264/1432/1374 1272/1433/1375 1263/1434/1376
f 1263/1434/1376 1272/1433/1375 1274/1435/1377
f 1263/1434/1376 1274/1435/1377 1262/1436/1378
f 1262/1436/1378 1274/1435/1377 1276/1437/1379
f 1262/1436/1378 1276/1437/1379 1261/1438/1380
f 1261/1438/1380 1276/1437/1379 1278/1439/1381
f 1261/1438/1380 1278/1439/1381 1260/1440/1382
f 1260/1440/1382 1278/1439/1381 1280/1441/1383
f 1260/1440/1382 1280/1441/1383 1259/1442/1384
f 1259/1442/1384 1280/1441/1383 1282/1443/1385
f 1259/1442/1384 1282/1443/1385 1258/1444/1386
f 1258/1444/1386 1282/1443/1385 1284/1445/1387
f 1258/1444/1386 1284/1445/1387 1257/1446/1388
f 1257/1446/1388 1284/1445/1387 1286/1447/1389
f 1257/1446/1388 1286/1447/1389 1256/1448/1390
f 1256/1448/1390 1286/1447/1389 1288/1449/1391
f 1256/1448/1390 1288/1449/1391 1255/1450/1392
f 1255/1450/1392 1288/1449/1391 1290/1451/1393
f 1255/1450/1392 1290/1451/1393 1254/1452/1394
f 1254/1452/1394 1290/1451/1393 1292/1453/1395
f 1254/1452/1394 1292/1453/1395 1253/1454/1396
f 1253/1454/1396 1292/1453/1395 1294/1455/1397
f 1253/1454/1396 1294/1455/1397 1252/1456/1398
f 1252/1456/1398 1294/1455/1397 1296/1457/1399
f 1252/1456/1398 1296/1457/1399 1251/1458/1400
f 1251/1458/1400 1296/1457/1399 1298/1459/1401
f 1251/1458/1400 1298/1459/1401 1250/1460/1402
f 1250/1460/1402 1298/1459/1401 1300/1461/1403
f 1250/1460/1402 1300/1461/1403 1249/1462/1404
f 1249/1462/1404 1300/1461/1403 1302/1463/1405
f 1249/1462/1404 1302/1463/1405 1248/1464/1406
f 1248/1464/1406 1302/1463/1405 1304/1465/1407
f 1248/1464/1406 1304/1465/1407 1247/1466/1408
f 1247/1466/1408 1304/1465/1407 1306/1467/1409
f 1247/1466/1408 1306/1467/1409 1246/1468/1410
f 1246/1468/1410 1306/1467/1409 1308/1469/1411
f 1246/1468/1410 1308/1469/1411 1245/1470/1412
f 1245/1470/1412 1308/1469/1411 1310/1471/1413
f 1245/1470/1412 1310/1471/1413 1244/1472/1414
f 1244/1472/1414 1310/1471/1413 1312/1473/1415
f 1244/1472/1414 1312/1473/1415 1243/1474/1416
f 1243/1474/1416 1312/1473/1415 1314/1475/1417
f 1243/1474/1416 1314/1475/1417 1242/1476/1418
f 1242/1476/1418 1314/1475/1417 1316/1477/1419
f 1242/1476/1418 1316/1477/1419 1241/1478/1420
f 1241/1478/1420 1316/1477/1419 1318/1479/1421
f 1241/1478/1420 1318/1479/1421 1240/1480/1422
f 1240/1480/1422 1318/1479/1421 1320/1481/1423
f 1240/1480/1422 1320/1481/1423 1239/1482/1424
f 1239/1482/1424 1320/1481/1423 1322/1483/1425
f 1239/1482/1424 1322/1483/1425 1238/1484/1426
f 1238/1484/1426 1322/1483/1425 1237/1485/1427
f 1237/1485/1427 1322/1483/1425 1321/1486/1428
f 1237/1485/1427 1321/1486/1428 1023/1487/1159
f 1023/1487/1159 1321/1486/1428 1024/1488/1157
f 1024/1488/1157 1321/1486/1428 1319/1489/1429
f 1024/1488/1157 1319/1489/1429 1025/1490/1155
f 1025/1490/1155 1319/1489/1429 1317/1491/1430
f 1025/1490/1155 1317/1491/1430 1026/1492/1153
f 1026/1492/1153 1317/1491/1430 1315/1493/1431
f 1026/1492/1153 1315/1493/1431 1027/1494/1151
f 1027/1494/1151 1315/1493/1431 1313/1495/1432
f 1027/1494/1151 1313/1495/1432 1028/1496/1149
f 1028/1496/1149 1313/1495/1432 1311/1497/1433
f 1028/1496/1149 1311/1497/1433 1029/1498/1147
f 1029/1498/1147 1311/1497/1433 1309/1499/1434
f 1029/1498/1147 1309/1499/1434 1030/1500/1145
f 1030/1500/1145 1309/1499/1434 1307/1501/1435
f 1030/1500/1145 1307/1501/1435 1031/1502/1143
f 1031/1502/1143 1307/1501/1435 1305/1503/1436
f 1031/1502/1143 1305/1503/1436 1032/1504/1141
f 1032/1504/1141 1305/1503/1436 1303/1505/1437
f 1032/1504/1141 1303/1505/1437 1033/1506/1139
f 1033/1506/1139 1303/1505/1437 1301/1507/1438
f 1033/1506/1139 1301/1507/1438 1034/1508/1137
f 1034/1508/1137 1301/1507/1438 1299/1509/1439
f 1034/1508/1137 1299/1509/1439 1035/1510/1135
f 1035/1510/1135 1299/1509/1439 1297/1511/1440
f 1035/1510/1135 1297/1511/1440 1036/1512/1133
f 1036/1512/1133 1297/1511/1440 1295/1513/1441
f 1036/1512/1133 1295/1513/1441 1037/1514/1131
f 1037/1514/1131 1295/1513/1441 1293/1515/1442
f 1037/1514/1131 1293/1515/1442 1038/1516/1129
f 1038/1516/1129 1293/1515/1442 1291/1517/1443
f 1038/1516/1129 1291/1517/1443 1039/1518/1127
f 1039/1518/1127 1291/1517/1443 1289/1519/1444
f 1039/1518/1127 1289/1519/1444 1040/1520/1125
f 1040/1520/1125 1289/1519/1444 1287/1521/1445
f 1040/1520/1125 1287/1521/1445 1041/1522/1123
f 1041/1522/1123 1287/1521/1445 1285/1523/1446
f 1041/1522/1123 1285/1523/1446 1042/1524/1121
f 1042/1524/1121 1285/1523/1446 1283/1525/1447
f 1042/1524/1121 1283/1525/1447 1043/1526/1119
f 1043/1526/1119 1283/1525/1447 1281/1527/1448
f 1043/1526/1119 1281/1527/1448 1044/1528/1117
f 1044/1528/1117 1281/1527/1448 1279/1529/1449
f 1044/1528/1117 1279/1529/1449 1045/1530/1115
f 1045/1530/1115 1279/1529/1449 1277/1531/1450
f 1045/1530/1115 1277/1531/1450 1046/1532/1113
f 1046/1532/1113 1277/1531/1450 1275/1533/1451
f 1046/1532/1113 1275/1533/1451 1047/1534/1111
f 1047/1534/1111 1275/1533/1451 1273/1535/1452
f 1047/1534/1111 1273/1535/1452 1048/1536/1109
f 1048/1536/1109 1273/1535/1452 1271/1537/1453
f 1048/1536/1109 1271/1537/1453 1049/1538/1107
f 1049/1538/1107 1271/1537/1453 1269/1539/1454
f 1049/1538/1107 1269/1539/1454 1050/1540/1105
f 1050/1540/1105 1269/1539/1454 1267/1426/1369
f 1050/1540/1105 1267/1426/1369 1051/1425/1103
f 1023/1487/1159 1022/1541/1161 1237/1485/1427
f 1266/1429/1371 864/1542/990 863/1427/988
f 1270/1431/1373 1268/1428/1370 1267/1426/1369
f 1272/1433/1375 1270/1431/1373 1269/1539/1454
f 1269/1539/1454 1270/1431/1373 1267/1426/1369
f 1274/1435/1377 1272/1433/1375 1271/1537/1453
f 1271/1537/1453 1272/1433/1375 1269/1539/1454
f 1276/1437/1379 1274/1435/1377 1273/1535/1452
f 1273/1535/1452 1274/1435/1377 1271/1537/1453
f 1278/1439/1381 1276/1437/1379 1275/1533/1451
f 1275/1533/1451 1276/1437/1379 1273/1535/1452
f 1280/1441/1383 1278/1439/1381 1277/1531/1450
f 1277/1531/1450 1278/1439/1381 1275/1533/1451
f 1282/1443/1385 1280/1441/1383 1279/1529/1449
f 1279/1529/1449 1280/1441/1383 1277/1531/1450
f 1284/1445/1387 1282/1443/1385 1281/1527/1448
f 1281/1527/1448 1282/1443/1385 1279/1529/1449
f 1286/1447/1389 1284/1445/1387 1283/1525/1447
f 1283/1525/1447 1284/1445/1387 1281/1527/1448
f 1288/1449/1391 1286/1447/1389 1285/1523/1446
f 1285/1523/1446 1286/1447/1389 1283/1525/1447
f 1290/1451/1393 1288/1449/1391 1287/1521/1445
f 1287/1521/1445 1288/1449/1391 1285/1523/1446
f 1292/1453/1395 1290/1451/1393 1289/1519/1444
f 1289/1519/1444 1290/1451/1393 1287/1521/1445
f 1294/1455/1397 1292/1453/1395 1291/1517/1443
f 1291/1517/1443 1292/1453/1395 1289/1519/1444
f 1296/1457/1399 1294/1455/1397 1293/1515/1442
f 1293/1515/1442 1294/1455/1397 1291/1517/1443
f 1298/1459/1401 1296/1457/1399 1295/1513/1441
f 1295/1513/1441 1296/1457/1399 1293/1515/1442
f 1300/1461/1403 1298/1459/1401 1297/1511/1440
f 1297/1511/1440 1298/1459/1401 1295/1513/1441
f 1302/1463/1405 1300/1461/1403 1299/1509/1439
f 1299/1509/1439 1300/1461/1403 1297/1511/1440
f 1304/1465/1407 1302/1463/1405 1301/1507/1438
f 1301/1507/1438 1302/1463/1405 1299/1509/1439
f 1306/1467/1409 1304/1465/1407 1303/1505/1437
f 1303/1505/1437 1304/1465/1407 1301/1507/1438
f 1308/1469/1411 1306/1467/1409 1305/1503/1436
f 1305/1503/1436 1306/1467/1409 1303/1505/1437
f 1310/1471/1413 1308/1469/1411 1307/1501/1435
f 1307/1501/1435 1308/1469/1411 1305/1503/1436
f 1312/1473/1415 1310/1471/1413 1309/1499/1434
f 1309/1499/1434 1310/1471/1413 1307/1501/1435
f 1314/1475/1417 1312/1473/1415 1311/1497/1433
f 1311/1497/1433 1312/1473/1415 1309/1499/1434
f 1316/1477/1419 1314/1475/1417 1313/1495/1432
f 1313/1495/1432 1314/1475/1417 1311/1497/1433
f 1318/1479/1421 1316/1477/1419 1315/1493/1431
f 1315/1493/1431 1316/1477/1419 1313/1495/1432
f 1320/1481/1423 1318/1479/1421 1317/1491/1430
f 1317/1491/1430 1318/1479/1421 1315/1493/1431
f 1322/1483/1425 1320/1481/1423 1319/1489/1429
f 1319/1489/1429 1320/1481/1423 1317/1491/1430
f 1321/1486/1428 1322/1483/1425 1319/1489/1429
f 1015/1543/1455 372/1544/384 1328/1545/1456
f 1328/1545/1456 372/1544/384 410/1546/1457
f 1328/1545/1456 410/1546/1457 1327/1547/1458
f 1327/1547/1458 410/1546/1457 409/1548/1459
f 1327/1547/1458 409/1548/1459 1326/1549/1460
f 1326/1549/1460 409/1548/1459 408/1550/1461
f 1326/1549/1460 408/1550/1461 1325/1551/1462
f 1325/1551/1462 408/1550/1461 407/1552/1463
f 1325/1551/1462 407/1552/1463 1324/1553/1464
f 1324/1553/1464 407/1552/1463 947/1554/1465
f 1324/1553/1464 947/1554/1465 1323/1555/1466
f 407/1552/1463 406/1556/1467 947/1554/1465
f 947/1554/1465 406/1556/1467 948/1557/1468
f 948/1557/1468 406/1556/1467 405/1558/1469
f 948/1557/1468 405/1558/1469 949/1559/1470
f 949/1559/1470 405/1558/1469 404/1560/1471
f 949/1559/1470 404/1560/1471 403/1561/1472
f 949/1559/1470 403/1561/1472 950/1562/1473
f 950/1562/1473 403/1561/1472 402/1563/1474
f 950/1562/1473 402/1563/1474 951/1564/1475
f 951/1564/1475 402/1563/1474 401/1565/1476
f 951/1564/1475 401/1565/1476 952/1566/1477
f 952/1566/1477 401/1565/1476 953/1567/1478
f 953/1567/1478 401/1565/1476 400/1568/1479
f 953/1567/1478 400/1568/1479 954/1569/1480
f 954/1569/1480 400/1568/1479 399/1570/1481
f 954/1569/1480 399/1570/1481 955/1571/1482
f 955/1571/1482 399/1570/1481 398/1572/1483
f 955/1571/1482 398/1572/1483 956/1573/1484
f 956/1573/1484 398/1572/1483 957/1574/1485
f 957/1574/1485 398/1572/1483 397/1575/1486
f 957/1574/1485 397/1575/1486 958/1576/1487
f 958/1576/1487 397/1575/1486 396/1577/1488
f 958/1576/1487 396/1577/1488 959/1578/1489
f 959/1578/1489 396/1577/1488 395/1579/500
f 1228/1580/1490 1227/1581/1491 1323/1555/1466
f 1323/1555/1466 1227/1581/1491 1226/1582/1492
f 1323/1555/1466 1226/1582/1492 1225/1583/1493
f 1323/1555/1466 1225/1583/1493 1324/1553/1464
f 1324/1553/1464 1225/1583/1493 1224/1584/1494
f 1324/1553/1464 1224/1584/1494 1325/1551/1462
f 1325/1551/1462 1224/1584/1494 1223/1585/1495
f 1325/1551/1462 1223/1585/1495 1326/1549/1460
f 1326/1549/1460 1223/1585/1495 1222/1586/1496
f 1326/1549/1460 1222/1586/1496 1221/1587/1497
f 1326/1549/1460 1221/1587/1497 1327/1547/1458
f 1327/1547/1458 1221/1587/1497 1220/1588/1498
f 1327/1547/1458 1220/1588/1498 1328/1545/1456
f 1328/1545/1456 1220/1588/1498 1015/1543/1455
f 947/1589/1499 946/1590/1500 1323/1591/1501
f 1323/1591/1501 946/1590/1500 1370/1592/1502
f 1323/1591/1501 1370/1592/1502 1228/1593/1503
f 1228/1593/1503 1370/1592/1502 1022/1594/1161
f 1022/1594/1161 1370/1592/1502 1349/1595/1504
f 1022/1594/1161 1349/1595/1504 1237/1596/1427
f 1237/1596/1427 1349/1595/1504 1348/1597/1505
f 1348/1597/1505 1349/1595/1504 1371/1598/1506
f 1348/1597/1505 1371/1598/1506 1347/1599/1507
f 1347/1599/1507 1371/1598/1506 1372/1600/1508
f 1347/1599/1507 1372/1600/1508 1346/1601/1509
f 1346/1601/1509 1372/1600/1508 1373/1602/1510
f 1346/1601/1509 1373/1602/1510 1345/1603/1511
f 1345/1603/1511 1373/1602/1510 1374/1604/1512
f 1345/1603/1511 1374/1604/1512 1344/1605/1513
f 1344/1605/1513 1374/1604/1512 1375/1606/1514
f 1344/1605/1513 1375/1606/1514 1343/1607/1515
f 1343/1607/1515 1375/1606/1514 1376/1608/1516
f 1343/1607/1515 1376/1608/1516 1342/1609/1517
f 1342/1609/1517 1376/1608/1516 1377/1610/1518
f 1342/1609/1517 1377/1610/1518 1341/1611/1519
f 1341/1611/1519 1377/1610/1518 1378/1612/1520
f 1341/1611/1519 1378/1612/1520 1340/1613/1521
f 1340/1613/1521 1378/1612/1520 1379/1614/1522
f 1340/1613/1521 1379/1614/1522 1339/1615/1523
f 1339/1615/1523 1379/1614/1522 1380/1616/1524
f 1339/1615/1523 1380/1616/1524 1338/1617/1525
f 1338/1617/1525 1380/1616/1524 1381/1618/1526
f 1338/1617/1525 1381/1618/1526 1337/1619/1527
f 1337/1619/1527 1381/1618/1526 1382/1620/1528
f 1337/1619/1527 1382/1620/1528 1336/1621/1529
f 1336/1621/1529 1382/1620/1528 1383/1622/1530
f 1336/1621/1529 1383/1622/1530 1335/1623/1531
f 1335/1623/1531 1383/1622/1530 1384/1624/1532
f 1335/1623/1531 1384/1624/1532 1334/1625/1533
f 1334/1625/1533 1384/1624/1532 1385/1626/1534
f 1334/1625/1533 1385/1626/1534 1333/1627/1535
f 1333/1627/1535 1385/1626/1534 1386/1628/1536
f 1333/1627/1535 1386/1628/1536 1332/1629/1537
f 1332/1629/1537 1386/1628/1536 1387/1630/1538
f 1332/1629/1537 1387/1630/1538 1331/1631/1539
f 1331/1631/1539 1387/1630/1538 1388/1632/1540
f 1331/1631/1539 1388/1632/1540 1330/1633/1541
f 1330/1633/1541 1388/1632/1540 1350/1634/1542
f 1330/1633/1541 1350/1634/1542 1329/1635/1543
f 1329/1635/1543 1350/1634/1542 926/1636/1544
f 1329/1635/1543 926/1636/1544 885/1637/1545
f 885/1637/1545 926/1636/1544 836/1638/1546
f 1370/1592/1502 946/1590/1500 1369/1639/1547
f 1369/1639/1547 946/1590/1500 945/1640/1548
f 1369/1639/1547 945/1640/1548 1368/1641/1549
f 1368/1641/1549 945/1640/1548 944/1642/1550
f 1368/1641/1549 944/1642/1550 1367/1643/1551
f 1367/1643/1551 944/1642/1550 943/1644/1552
f 1367/1643/1551 943/1644/1552 1366/1645/1553
f 1366/1645/1553 943/1644/1552 942/1646/1554
f 1366/1645/1553 942/1646/1554 1365/1647/1555
f 1365/1647/1555 942/1646/1554 941/1648/1556
f 1365/1647/1555 941/1648/1556 1364/1649/1557
f 1364/1649/1557 941/1648/1556 940/1650/1558
f 1364/1649/1557 940/1650/1558 1363/1651/1559
f 1363/1651/1559 940/1650/1558 939/1652/1560
f 1363/1651/1559 939/1652/1560 1362/1653/1561
f 1362/1653/1561 939/1652/1560 938/1654/1562
f 1362/1653/1561 938/1654/1562 1361/1655/1563
f 1361/1655/1563 938/1654/1562 937/1656/1564
f 1361/1655/1563 937/1656/1564 1360/1657/1565
f 1360/1657/1565 937/1656/1564 936/1658/1566
f 1360/1657/1565 936/1658/1566 1359/1659/1567
f 1359/1659/1567 936/1658/1566 935/1660/1568
f 1359/1659/1567 935/1660/1568 1358/1661/1569
f 1358/1661/1569 935/1660/1568 934/1662/1570
f 1358/1661/1569 934/1662/1570 1357/1663/1571
f 1357/1663/1571 934/1662/1570 933/1664/1572
f 1357/1663/1571 933/1664/1572 1356/1665/1573
f 1356/1665/1573 933/1664/1572 932/1666/1574
f 1356/1665/1573 932/1666/1574 1355/1667/1575
f 1355/1667/1575 932/1666/1574 931/1668/1576
f 1355/1667/1575 931/1668/1576 1354/1669/1577
f 1354/1669/1577 931/1668/1576 930/1670/1578
f 1354/1669/1577 930/1670/1578 1353/1671/1579
f 1353/1671/1579 930/1670/1578 929/1672/1580
f 1353/1671/1579 929/1672/1580 1352/1673/1581
f 1352/1673/1581 929/1672/1580 928/1674/1582
f 1352/1673/1581 928/1674/1582 1351/1675/1583
f 1351/1675/1583 928/1674/1582 927/1676/1584
f 1351/1675/1583 927/1676/1584 926/1636/1544
f 1351/1675/1583 926/1636/1544 1350/1634/1542
f 1350/1634/1542 1388/1632/1540 1351/1675/1583
f 1351/1675/1583 1388/1632/1540 1352/1673/1581
f 1388/1632/1540 1387/1630/1538 1352/1673/1581
f 1352/1673/1581 1387/1630/1538 1353/1671/1579
f 1387/1630/1538 1386/1628/1536 1353/1671/1579
f 1353/1671/1579 1386/1628/1536 1354/1669/1577
f 1386/1628/1536 1385/1626/1534 1354/1669/1577
f 1354/1669/1577 1385/1626/1534 1355/1667/1575
f 1385/1626/1534 1384/1624/1532 1355/1667/1575
f 1355/1667/1575 1384/1624/1532 1356/1665/1573
f 1384/1624/1532 1383/1622/1530 1356/1665/1573
f 1356/1665/1573 1383/1622/1530 1357/1663/1571
f 1383/1622/1530 1382/1620/1528 1357/1663/1571
f 1357/1663/1571 1382/1620/1528 1358/1661/1569
f 1382/1620/1528 1381/1618/1526 1358/1661/1569
f 1358/1661/1569 1381/1618/1526 1359/1659/1567
f 1381/1618/1526 1380/1616/1524 1359/1659/1567
f 1359/1659/1567 1380/1616/1524 1360/1657/1565
f 1380/1616/1524 1379/1614/1522 1360/1657/1565
f 1360/1657/1565 1379/1614/1522 1361/1655/1563
f 1379/1614/1522 1378/1612/1520 1361/1655/1563
f 1361/1655/1563 1378/1612/1520 1362/1653/1561
f 1378/1612/1520 1377/1610/1518 1362/1653/1561
f 1362/1653/1561 1377/1610/1518 1363/1651/1559
f 1377/1610/1518 1376/1608/1516 1363/1651/1559
f 1363/1651/1559 1376/1608/1516 1364/1649/1557
f 1376/1608/1516 1375/1606/1514 1364/1649/1557
f 1364/1649/1557 1375/1606/1514 1365/1647/1555
f 1375/1606/1514 1374/1604/1512 1365/1647/1555
f 1365/1647/1555 1374/1604/1512 1366/1645/1553
f 1374/1604/1512 1373/1602/1510 1366/1645/1553
f 1366/1645/1553 1373/1602/1510 1367/1643/1551
f 1373/1602/1510 1372/1600/1508 1367/1643/1551
f 1367/1643/1551 1372/1600/1508 1368/1641/1549
f 1349/1595/1504 1370/1592/1502 1369/1639/1547
f 1372/1600/1508 1371/1598/1506 1368/1641/1549
f 1368/1641/1549 1371/1598/1506 1369/1639/1547
f 1371/1598/1506 1349/1595/1504 1369/1639/1547
f 40/1677/112 215/1678/1585 803/1679/1586
f 803/1679/1586 215/1678/1585 804/1680/1587
f 804/1680/1587 215/1678/1585 214/1681/1588
f 804/1680/1587 214/1681/1588 805/1682/1589
f 805/1682/1589 214/1681/1588 213/1683/1590
f 805/1682/1589 213/1683/1590 806/1684/1591
f 806/1684/1591 213/1683/1590 807/1685/1592
f 807/1685/1592 213/1683/1590 212/1686/1593
f 807/1685/1592 212/1686/1593 808/1687/1594
f 808/1687/1594 212/1686/1593 211/1688/1595
f 808/1687/1594 211/1688/1595 809/1689/1596
f 809/1689/1596 211/1688/1595 210/1690/1597
f 809/1689/1596 210/1690/1597 810/1691/1598
f 810/1691/1598 210/1690/1597 209/1692/1599
f 810/1691/1598 209/1692/1599 811/1693/1600
f 811/1693/1600 209/1692/1599 208/1694/1601
f 811/1693/1600 208/1694/1601 812/1695/1602
f 812/1695/1602 208/1694/1601 207/1696/1603
f 812/1695/1602 207/1696/1603 813/1697/1604
f 813/1697/1604 207/1696/1603 206/1698/1605
f 813/1697/1604 206/1698/1605 205/1699/1606
f 813/1697/1604 205/1699/1606 814/1700/1607
f 814/1700/1607 205/1699/1606 204/1701/1608
f 814/1700/1607 204/1701/1608 1393/1702/1609
f 1393/1702/1609 204/1701/1608 1392/1703/1610
f 1393/1702/1609 1392/1703/1610 1232/1704/1611
f 1232/1704/1611 1392/1703/1610 1233/1705/1612
f 1233/1705/1612 1392/1703/1610 1391/1706/1613
f 1233/1705/1612 1391/1706/1613 1234/1707/1614
f 1234/1707/1614 1391/1706/1613 1235/1708/1615
f 1235/1708/1615 1391/1706/1613 1390/1709/1616
f 1235/1708/1615 1390/1709/1616 1236/1710/1617
f 1236/1710/1617 1390/1709/1616 1389/1711/1618
f 1236/1710/1617 1389/1711/1618 744/1712/1619
f 744/1712/1619 1389/1711/1618 200/1713/259
f 200/1713/259 1389/1711/1618 201/1714/1620
f 201/1714/1620 1389/1711/1618 1390/1709/1616
f 201/1714/1620 1390/1709/1616 202/1715/1621
f 202/1715/1621 1390/1709/1616 1391/1706/1613
f 202/1715/1621 1391/1706/1613 203/1716/1622
f 203/1716/1622 1391/1706/1613 1392/1703/1610
f 203/1716/1622 1392/1703/1610 204/1701/1608
f 1232/1704/1611 1231/1717/1623 1393/1702/1609
f 1393/1702/1609 1231/1717/1623 861/1718/1624
f 1393/1702/1609 861/1718/1624 814/1700/1607
f 1231/1717/1623 1230/1719/1625 861/1718/1624
f 861/1718/1624 1230/1719/1625 1229/1720/1626
f 861/1718/1624 1229/1720/1626 862/1721/1627
f 1014/1722/1628 1420/1723/1629 1015/1724/1630
f 1015/1724/1630 1420/1723/1629 1421/1725/1631
f 1015/1724/1630 1421/1725/1631 1419/1726/1632
f 1419/1726/1632 1421/1725/1631 1418/1727/1633
f 1418/1727/1633 1421/1725/1631 1417/1728/1634
f 1417/1728/1634 1421/1725/1631 1423/1729/1635
f 1417/1728/1634 1423/1729/1635 1416/1730/1636
f 1416/1730/1636 1423/1729/1635 1425/1731/1637
f 1416/1730/1636 1425/1731/1637 1415/1732/1638
f 1415/1732/1638 1425/1731/1637 1427/1733/1639
f 1415/1732/1638 1427/1733/1639 1414/1734/1640
f 1414/1734/1640 1427/1733/1639 1429/1735/1641
f 1414/1734/1640 1429/1735/1641 1413/1736/1642
f 1413/1736/1642 1429/1735/1641 1431/1737/1643
f 1413/1736/1642 1431/1737/1643 1412/1738/1644
f 1412/1738/1644 1431/1737/1643 1433/1739/1645
f 1412/1738/1644 1433/1739/1645 1411/1740/1646
f 1411/1740/1646 1433/1739/1645 1435/1741/1647
f 1411/1740/1646 1435/1741/1647 1410/1742/1648
f 1410/1742/1648 1435/1741/1647 1437/1743/1649
f 1410/1742/1648 1437/1743/1649 1409/1744/1650
f 1409/1744/1650 1437/1743/1649 1439/1745/1651
f 1409/1744/1650 1439/1745/1651 1408/1746/1652
f 1408/1746/1652 1439/1745/1651 1441/1747/1653
f 1408/1746/1652 1441/1747/1653 1407/1748/1654
f 1407/1748/1654 1441/1747/1653 1443/1749/1655
f 1407/1748/1654 1443/1749/1655 1406/1750/1656
f 1406/1750/1656 1443/1749/1655 1445/1751/1657
f 1406/1750/1656 1445/1751/1657 1405/1752/1658
f 1405/1752/1658 1445/1751/1657 1447/1753/1659
f 1405/1752/1658 1447/1753/1659 1404/1754/1660
f 1404/1754/1660 1447/1753/1659 1449/1755/1661
f 1404/1754/1660 1449/1755/1661 1403/1756/1662
f 1403/1756/1662 1449/1755/1661 1451/1757/1663
f 1403/1756/1662 1451/1757/1663 1402/1758/1664
f 1402/1758/1664 1451/1757/1663 1453/1759/1665
f 1402/1758/1664 1453/1759/1665 1401/1760/1666
f 1401/1760/1666 1453/1759/1665 1455/1761/1667
f 1401/1760/1666 1455/1761/1667 1400/1762/1668
f 1400/1762/1668 1455/1761/1667 1457/1763/1669
f 1400/1762/1668 1457/1763/1669 1399/1764/1670
f 1399/1764/1670 1457/1763/1669 1459/1765/1671
f 1399/1764/1670 1459/1765/1671 1398/1766/1672
f 1398/1766/1672 1459/1765/1671 1461/1767/1673
f 1398/1766/1672 1461/1767/1673 1397/1768/1674
f 1397/1768/1674 1461/1767/1673 1463/1769/1675
f 1397/1768/1674 1463/1769/1675 1396/1770/1676
f 1396/1770/1676 1463/1769/1675 1465/1771/1677
f 1396/1770/1676 1465/1771/1677 1395/1772/1678
f 1395/1772/1678 1465/1771/1677 1467/1773/1679
f 1395/1772/1678 1467/1773/1679 1394/1774/1680
f 1394/1774/1680 1467/1773/1679 1469/1775/1681
f 1394/1774/1680 1469/1775/1681 743/1776/815
f 743/1776/815 1469/1775/1681 1468/1777/1682
f 743/1776/815 1468/1777/1682 744/1778/727
f 744/1778/727 1468/1777/1682 990/1779/1683
f 990/1779/1683 1468/1777/1682 991/1780/1684
f 991/1780/1684 1468/1777/1682 1466/1781/1685
f 991/1780/1684 1466/1781/1685 992/1782/1686
f 992/1782/1686 1466/1781/1685 1464/1783/1687
f 992/1782/1686 1464/1783/1687 993/1784/1688
f 993/1784/1688 1464/1783/1687 1462/1785/1689
f 993/1784/1688 1462/1785/1689 994/1786/1690
f 994/1786/1690 1462/1785/1689 1460/1787/1691
f 994/1786/1690 1460/1787/1691 995/1788/1692
f 995/1788/1692 1460/1787/1691 1458/1789/1693
f 995/1788/1692 1458/1789/1693 996/1790/1694
f 996/1790/1694 1458/1789/1693 1456/1791/1695
f 996/1790/1694 1456/1791/1695 997/1792/1696
f 997/1792/1696 1456/1791/1695 1454/1793/1697
f 997/1792/1696 1454/1793/1697 998/1794/1698
f 998/1794/1698 1454/1793/1697 1452/1795/1699
f 998/1794/1698 1452/1795/1699 999/1796/1700
f 999/1796/1700 1452/1795/1699 1450/1797/1701
f 999/1796/1700 1450/1797/1701 1000/1798/1702
f 1000/1798/1702 1450/1797/1701 1448/1799/1703
f 1000/1798/1702 1448/1799/1703 1001/1800/1704
f 1001/1800/1704 1448/1799/1703 1446/1801/1705
f 1001/1800/1704 1446/1801/1705 1002/1802/1706
f 1002/1802/1706 1446/1801/1705 1444/1803/1707
f 1002/1802/1706 1444/1803/1707 1003/1804/1708
f 1003/1804/1708 1444/1803/1707 1442/1805/1709
f 1003/1804/1708 1442/1805/1709 1004/1806/1710
f 1004/1806/1710 1442/1805/1709 1440/1807/1711
f 1004/1806/1710 1440/1807/1711 1005/1808/1712
f 1005/1808/1712 1440/1807/1711 1438/1809/1713
f 1005/1808/1712 1438/1809/1713 1006/1810/1714
f 1006/1810/1714 1438/1809/1713 1436/1811/1715
f 1006/1810/1714 1436/1811/1715 1007/1812/1716
f 1007/1812/1716 1436/1811/1715 1434/1813/1717
f 1007/1812/1716 1434/1813/1717 1008/1814/1718
f 1008/1814/1718 1434/1813/1717 1432/1815/1719
f 1008/1814/1718 1432/1815/1719 1009/1816/1720
f 1009/1816/1720 1432/1815/1719 1430/1817/1721
f 1009/1816/1720 1430/1817/1721 1010/1818/1722
f 1010/1818/1722 1430/1817/1721 1428/1819/1723
f 1010/1818/1722 1428/1819/1723 1011/1820/1724
f 1011/1820/1724 1428/1819/1723 1426/1821/1725
f 1011/1820/1724 1426/1821/1725 1012/1822/1726
f 1012/1822/1726 1426/1821/1725 1424/1823/1727
f 1012/1822/1726 1424/1823/1727 1013/1824/1728
f 1013/1824/1728 1424/1823/1727 1422/1825/1729
f 1013/1824/1728 1422/1825/1729 1014/1722/1628
f 1014/1722/1628 1422/1825/1729 1420/1723/1629
f 1423/1729/1635 1421/1725/1631 1420/1723/1629
f 1423/1729/1635 1420/1723/1629 1422/1825/1729
f 1425/1731/1637 1423/1729/1635 1422/1825/1729
f 1425/1731/1637 1422/1825/1729 1424/1823/1727
f 1427/1733/1639 1425/1731/1637 1424/1823/1727
f 1427/1733/1639 1424/1823/1727 1426/1821/1725
f 1429/1735/1641 1427/1733/1639 1426/1821/1725
f 1429/1735/1641 1426/1821/1725 1428/1819/1723
f 1431/1737/1643 1429/1735/1641 1428/1819/1723
f 1431/1737/1643 1428/1819/1723 1430/1817/1721
f 1433/1739/1645 1431/1737/1643 1430/1817/1721
f 1433/1739/1645 1430/1817/1721 1432/1815/1719
f 1435/1741/1647 1433/1739/1645 1432/1815/1719
f 1435/1741/1647 1432/1815/1719 1434/1813/1717
f 1437/1743/1649 1435/1741/1647 1434/1813/1717
f 1437/1743/1649 1434/1813/1717 1436/1811/1715
f 1439/1745/1651 1437/1743/1649 1436/1811/1715
f 1439/1745/1651 1436/1811/1715 1438/1809/1713
f 1441/1747/1653 1439/1745/1651 1438/1809/1713
f 1441/1747/1653 1438/1809/1713 1440/1807/1711
f 1443/1749/1655 1441/1747/1653 1440/1807/1711
f 1443/1749/1655 1440/1807/1711 1442/1805/1709
f 1445/1751/1657 1443/1749/1655 1442/1805/1709
f 1445/1751/1657 1442/1805/1709 1444/1803/1707
f 1447/1753/1659 1445/1751/1657 1444/1803/1707
f 1447/1753/1659 1444/1803/1707 1446/1801/1705
f 1449/1755/1661 1447/1753/1659 1446/1801/1705
f 1449/1755/1661 1446/1801/1705 1448/1799/1703
f 1451/1757/1663 1449/1755/1661 1448/1799/1703
f 1451/1757/1663 1448/1799/1703 1450/1797/1701
f 1453/1759/1665 1451/1757/1663 1450/1797/1701
f 1453/1759/1665 1450/1797/1701 1452/1795/1699
f 1455/1761/1667 1453/1759/1665 1452/1795/1699
f 1455/1761/1667 1452/1795/1699 1454/1793/1697
f 1457/1763/1669 1455/1761/1667 1454/1793/1697
f 1457/1763/1669 1454/1793/1697 1456/1791/1695
f 1459/1765/1671 1457/1763/1669 1456/1791/1695
f 1459/1765/1671 1456/1791/1695 1458/1789/1693
f 1461/1767/1673 1459/1765/1671 1458/1789/1693
f 1461/1767/1673 1458/1789/1693 1460/1787/1691
f 1463/1769/1675 1461/1767/1673 1460/1787/1691
f 1463/1769/1675 1460/1787/1691 1462/1785/1689
f 1465/1771/1677 1463/1769/1675 1462/1785/1689
f 1465/1771/1677 1462/1785/1689 1464/1783/1687
f 1467/1773/1679 1465/1771/1677 1464/1783/1687
f 1467/1773/1679 1464/1783/1687 1466/1781/1685
f 1469/1775/1681 1467/1773/1679 1466/1781/1685
f 1469/1775/1681 1466/1781/1685 1468/1777/1682
f 379/1826/1730 1492/1827/1731 380/1828/1732
f 380/1828/1732 1492/1827/1731 1493/1829/1733
f 380/1828/1732 1493/1829/1733 785/1830/1734
f 785/1830/1734 1493/1829/1733 1494/1831/1735
f 785/1830/1734 1494/1831/1735 786/1832/1736
f 786/1832/1736 1494/1831/1735 1495/1833/1737
f 786/1832/1736 1495/1833/1737 787/1834/1738
f 787/1834/1738 1495/1833/1737 1496/1835/1739
f 787/1834/1738 1496/1835/1739 788/1836/1740
f 788/1836/1740 1496/1835/1739 1497/1837/1741
f 788/1836/1740 1497/1837/1741 789/1838/1742
f 789/1838/1742 1497/1837/1741 1498/1839/1743
f 789/1838/1742 1498/1839/1743 790/1840/1744
f 790/1840/1744 1498/1839/1743 791/1841/1745
f 791/1841/1745 1498/1839/1743 1499/1842/1746
f 791/1841/1745 1499/1842/1746 792/1843/1747
f 792/1843/1747 1499/1842/1746 1500/1844/1748
f 792/1843/1747 1500/1844/1748 1501/1845/1749
f 1501/1845/1749 1500/1844/1748 1521/1846/1750
f 1501/1845/1749 1521/1846/1750 1520/1847/1751
f 1520/1847/1751 1521/1846/1750 1480/1848/1752
f 1520/1847/1751 1480/1848/1752 1481/1849/1753
f 379/1826/1730 378/1850/1754 1492/1827/1731
f 1492/1827/1731 378/1850/1754 377/1851/1755
f 1492/1827/1731 377/1851/1755 376/1852/1756
f 1492/1827/1731 376/1852/1756 1015/1853/1630
f 1015/1853/1630 376/1852/1756 375/1854/1757
f 1015/1853/1630 375/1854/1757 374/1855/1758
f 374/1855/1758 373/1856/1759 1015/1853/1630
f 1015/1853/1630 373/1856/1759 372/1857/1760
f 1492/1827/1731 1015/1853/1630 1491/1858/1761
f 1491/1858/1761 1015/1853/1630 1419/1859/1632
f 1491/1858/1761 1419/1859/1632 1470/1860/1762
f 1470/1860/1762 1471/1861/1763 1491/1858/1761
f 1491/1858/1761 1471/1861/1763 1529/1862/1764
f 1491/1858/1761 1529/1862/1764 1492/1827/1731
f 1492/1827/1731 1529/1862/1764 1493/1829/1733
f 1471/1861/1763 1472/1863/1765 1529/1862/1764
f 1529/1862/1764 1472/1863/1765 1528/1864/1766
f 1529/1862/1764 1528/1864/1766 1493/1829/1733
f 1493/1829/1733 1528/1864/1766 1494/1831/1735
f 1472/1863/1765 1473/1865/1767 1528/1864/1766
f 1528/1864/1766 1473/1865/1767 1527/1866/1768
f 1528/1864/1766 1527/1866/1768 1494/1831/1735
f 1494/1831/1735 1527/1866/1768 1495/1833/1737
f 1473/1865/1767 1474/1867/1769 1527/1866/1768
f 1527/1866/1768 1474/1867/1769 1526/1868/1770
f 1527/1866/1768 1526/1868/1770 1495/1833/1737
f 1495/1833/1737 1526/1868/1770 1496/1835/1739
f 1474/1867/1769 1475/1869/1771 1526/1868/1770
f 1526/1868/1770 1475/1869/1771 1525/1870/1772
f 1526/1868/1770 1525/1870/1772 1496/1835/1739
f 1496/1835/1739 1525/1870/1772 1497/1837/1741
f 1475/1869/1771 1476/1871/1773 1525/1870/1772
f 1525/1870/1772 1476/1871/1773 1524/1872/1774
f 1525/1870/1772 1524/1872/1774 1497/1837/1741
f 1497/1837/1741 1524/1872/1774 1498/1839/1743
f 1476/1871/1773 1477/1873/1775 1524/1872/1774
f 1524/1872/1774 1477/1873/1775 1523/1874/1776
f 1524/1872/1774 1523/1874/1776 1498/1839/1743
f 1498/1839/1743 1523/1874/1776 1499/1842/1746
f 1477/1873/1775 1478/1875/1777 1523/1874/1776
f 1523/1874/1776 1478/1875/1777 1522/1876/1778
f 1523/1874/1776 1522/1876/1778 1499/1842/1746
f 1499/1842/1746 1522/1876/1778 1500/1844/1748
f 1478/1875/1777 1479/1877/1779 1522/1876/1778
f 1522/1876/1778 1479/1877/1779 1521/1846/1750
f 1522/1876/1778 1521/1846/1750 1500/1844/1748
f 1479/1877/1779 1480/1848/1752 1521/1846/1750
f 1520/1847/1751 1481/1849/1753 1519/1878/1780
f 1519/1878/1780 1481/1849/1753 1482/1879/1781
f 1519/1878/1780 1482/1879/1781 1518/1880/1782
f 1518/1880/1782 1482/1879/1781 1483/1881/1783
f 1518/1880/1782 1483/1881/1783 1517/1882/1784
f 1517/1882/1784 1483/1881/1783 1484/1883/1785
f 1517/1882/1784 1484/1883/1785 1516/1884/1786
f 1516/1884/1786 1484/1883/1785 1485/1885/1787
f 1516/1884/1786 1485/1885/1787 1515/1886/1788
f 1515/1886/1788 1485/1885/1787 1486/1887/1789
f 1515/1886/1788 1486/1887/1789 1514/1888/1790
f 1514/1888/1790 1486/1887/1789 1487/1889/1791
f 1514/1888/1790 1487/1889/1791 1513/1890/1792
f 1513/1890/1792 1487/1889/1791 1488/1891/1793
f 1513/1890/1792 1488/1891/1793 1512/1892/1794
f 1512/1892/1794 1488/1891/1793 1489/1893/1795
f 1512/1892/1794 1489/1893/1795 1490/1894/1796
f 1490/1894/1796 1489/1893/1795 722/1895/1797
f 1490/1894/1796 722/1895/1797 721/1896/1798
f 1490/1894/1796 721/1896/1798 1511/1897/1799
f 1511/1897/1799 721/1896/1798 802/1898/1800
f 1511/1897/1799 802/1898/1800 801/1899/1801
f 1511/1897/1799 801/1899/1801 1510/1900/1802
f 1510/1900/1802 801/1899/1801 800/1901/1803
f 1510/1900/1802 800/1901/1803 1509/1902/1804
f 1509/1902/1804 800/1901/1803 799/1903/1805
f 1509/1902/1804 799/1903/1805 1508/1904/1806
f 1508/1904/1806 799/1903/1805 798/1905/1807
f 1508/1904/1806 798/1905/1807 1507/1906/1808
f 1507/1906/1808 798/1905/1807 797/1907/1809
f 1507/1906/1808 797/1907/1809 1506/1908/1810
f 1506/1908/1810 797/1907/1809 796/1909/1811
f 1506/1908/1810 796/1909/1811 1505/1910/1812
f 1505/1910/1812 796/1909/1811 795/1911/1813
f 1505/1910/1812 795/1911/1813 1504/1912/1814
f 1504/1912/1814 795/1911/1813 1503/1913/1815
f 1504/1912/1814 1503/1913/1815 1518/1880/1782
f 1518/1880/1782 1503/1913/1815 1519/1878/1780
f 795/1911/1813 794/1914/1816 1503/1913/1815
f 1503/1913/1815 794/1914/1816 1502/1915/1817
f 1503/1913/1815 1502/1915/1817 1519/1878/1780
f 1519/1878/1780 1502/1915/1817 1520/1847/1751
f 794/1914/1816 793/1916/1818 1502/1915/1817
f 1502/1915/1817 793/1916/1818 1501/1845/1749
f 1502/1915/1817 1501/1845/1749 1520/1847/1751
f 793/1916/1818 792/1843/1747 1501/1845/1749
f 1518/1880/1782 1517/1882/1784 1504/1912/1814
f 1504/1912/1814 1517/1882/1784 1505/1910/1812
f 1517/1882/1784 1516/1884/1786 1505/1910/1812
f 1505/1910/1812 1516/1884/1786 1506/1908/1810
f 1516/1884/1786 1515/1886/1788 1506/1908/1810
f 1506/1908/1810 1515/1886/1788 1507/1906/1808
f 1515/1886/1788 1514/1888/1790 1507/1906/1808
f 1507/1906/1808 1514/1888/1790 1508/1904/1806
f 1514/1888/1790 1513/1890/1792 1508/1904/1806
f 1508/1904/1806 1513/1890/1792 1509/1902/1804
f 1490/1894/1796 1511/1897/1799 1510/1900/1802
f 1513/1890/1792 1512/1892/1794 1509/1902/1804
f 1509/1902/1804 1512/1892/1794 1510/1900/1802
f 1512/1892/1794 1490/1894/1796 1510/1900/1802
f 1418/1917/1819 1239/1918/1820 1419/1919/1821
f 1419/1919/1821 1239/1918/1820 1238/1920/1822
f 1419/1919/1821 1238/1920/1822 1237/1921/1823
f 1417/1922/1824 1241/1923/1825 1418/1917/1819
f 1418/1917/1819 1241/1923/1825 1240/1924/1826
f 1418/1917/1819 1240/1924/1826 1239/1918/1820
f 1241/1923/1825 1417/1922/1824 1242/1925/1827
f 1242/1925/1827 1417/1922/1824 1416/1926/1828
f 1242/1925/1827 1416/1926/1828 1243/1927/1829
f 1243/1927/1829 1416/1926/1828 1415/1928/1830
f 1243/1927/1829 1415/1928/1830 1244/1929/1831
f 1244/1929/1831 1415/1928/1830 1414/1930/1832
f 1244/1929/1831 1414/1930/1832 1245/1931/1833
f 1245/1931/1833 1414/1930/1832 1413/1932/1834
f 1245/1931/1833 1413/1932/1834 1246/1933/1835
f 1246/1933/1835 1413/1932/1834 1412/1934/1836
f 1246/1933/1835 1412/1934/1836 1247/1935/1837
f 1247/1935/1837 1412/1934/1836 1411/1936/1838
f 1247/1935/1837 1411/1936/1838 1248/1937/1839
f 1248/1937/1839 1411/1936/1838 1410/1938/1840
f 1248/1937/1839 1410/1938/1840 1249/1939/1841
f 1249/1939/1841 1410/1938/1840 1409/1940/1842
f 1249/1939/1841 1409/1940/1842 1250/1941/1843
f 1250/1941/1843 1409/1940/1842 1408/1942/1844
f 1250/1941/1843 1408/1942/1844 1251/1943/1845
f 1251/1943/1845 1408/1942/1844 1407/1944/1846
f 1251/1943/1845 1407/1944/1846 1252/1945/1847
f 1252/1945/1847 1407/1944/1846 1406/1946/1848
f 1252/1945/1847 1406/1946/1848 1405/1947/1849
f 1252/1945/1847 1405/1947/1849 1253/1948/1850
f 1253/1948/1850 1405/1947/1849 1404/1949/1851
f 1253/1948/1850 1404/1949/1851 1254/1950/1852
f 1254/1950/1852 1404/1949/1851 1403/1951/1853
f 1254/1950/1852 1403/1951/1853 1255/1952/1854
f 1255/1952/1854 1403/1951/1853 1402/1953/1855
f 1255/1952/1854 1402/1953/1855 1256/1954/1856
f 1256/1954/1856 1402/1953/1855 1401/1955/1857
f 1256/1954/1856 1401/1955/1857 1257/1956/1858
f 1257/1956/1858 1401/1955/1857 1400/1957/1859
f 1257/1956/1858 1400/1957/1859 1258/1958/1860
f 1258/1958/1860 1400/1957/1859 1399/1959/1861
f 1258/1958/1860 1399/1959/1861 1259/1960/1862
f 1259/1960/1862 1399/1959/1861 1398/1961/1863
f 1259/1960/1862 1398/1961/1863 1260/1962/1864
f 1260/1962/1864 1398/1961/1863 1397/1963/1865
f 1260/1962/1864 1397/1963/1865 1261/1964/1866
f 1261/1964/1866 1397/1963/1865 1396/1965/1867
f 1261/1964/1866 1396/1965/1867 1262/1966/1868
f 1262/1966/1868 1396/1965/1867 1395/1967/1869
f 1262/1966/1868 1395/1967/1869 1263/1968/1870
f 1263/1968/1870 1395/1967/1869 1394/1969/1871
f 1263/1968/1870 1394/1969/1871 1264/1970/1872
f 1264/1970/1872 1394/1969/1871 1265/1971/1873
f 1265/1971/1873 1394/1969/1871 743/1972/1874
f 1265/1971/1873 743/1972/1874 1266/1973/1875
f 1266/1973/1875 743/1972/1874 864/1974/1876
f 864/1974/1876 743/1972/1874 865/1975/1877
f 865/1975/1877 743/1972/1874 742/1976/1878
f 865/1975/1877 742/1976/1878 866/1977/1879
f 866/1977/1879 742/1976/1878 741/1978/1880
f 866/1977/1879 741/1978/1880 867/1979/1881
f 867/1979/1881 741/1978/1880 740/1980/1882
f 867/1979/1881 740/1980/1882 868/1981/1883
f 868/1981/1883 740/1980/1882 739/1982/1884
f 868/1981/1883 739/1982/1884 869/1983/1885
f 869/1983/1885 739/1982/1884 870/1984/1886
f 870/1984/1886 739/1982/1884 738/1985/1887
f 870/1984/1886 738/1985/1887 871/1986/1888
f 871/1986/1888 738/1985/1887 737/1987/1889
f 871/1986/1888 737/1987/1889 872/1988/1890
f 872/1988/1890 737/1987/1889 736/1989/1891
f 872/1988/1890 736/1989/1891 873/1990/1892
f 873/1990/1892 736/1989/1891 735/1991/1893
f 873/1990/1892 735/1991/1893 874/1992/1894
f 874/1992/1894 735/1991/1893 734/1993/1895
f 874/1992/1894 734/1993/1895 875/1994/1896
f 875/1994/1896 734/1993/1895 733/1995/1897
f 875/1994/1896 733/1995/1897 876/1996/1898
f 876/1996/1898 733/1995/1897 732/1997/1899
f 876/1996/1898 732/1997/1899 877/1998/1900
f 877/1998/1900 732/1997/1899 878/1999/1901
f 878/1999/1901 732/1997/1899 731/2000/1902
f 878/1999/1901 731/2000/1902 879/2001/1903
f 879/2001/1903 731/2000/1902 880/2002/1904
f 880/2002/1904 731/2000/1902 730/2003/1905
f 880/2002/1904 730/2003/1905 881/2004/1906
f 881/2004/1906 730/2003/1905 729/2005/1907
f 881/2004/1906 729/2005/1907 882/2006/1908
f 882/2006/1908 729/2005/1907 728/2007/1909
f 882/2006/1908 728/2007/1909 883/2008/1910
f 883/2008/1910 728/2007/1909 884/2009/1911
f 884/2009/1911 728/2007/1909 727/2010/1912
f 884/2009/1911 727/2010/1912 726/2011/1913
f 726/2011/1913 725/2012/1914 884/2009/1911
f 884/2009/1911 725/2012/1914 724/2013/1915
f 884/2009/1911 724/2013/1915 723/2014/1916
f 723/2014/1916 722/2015/1917 884/2009/1911
f 884/2009/1911 722/2015/1917 885/2016/1918
f 885/2016/1918 722/2015/1917 1329/2017/1919
f 1329/2017/1919 722/2015/1917 1489/2018/1920
f 1329/2017/1919 1489/2018/1920 1488/2019/1921
f 1488/2019/1921 1487/2020/1922 1329/2017/1919
f 1329/2017/1919 1487/2020/1922 1486/2021/1923
f 1329/2017/1919 1486/2021/1923 1485/2022/1924
f 1485/2022/1924 1484/2023/1925 1329/2017/1919
f 1329/2017/1919 1484/2023/1925 1330/2024/1926
f 1330/2024/1926 1484/2023/1925 1331/2025/1927
f 1331/2025/1927 1484/2023/1925 1483/2026/1928
f 1331/2025/1927 1483/2026/1928 1332/2027/1929
f 1332/2027/1929 1483/2026/1928 1482/2028/1930
f 1332/2027/1929 1482/2028/1930 1333/2029/1931
f 1333/2029/1931 1482/2028/1930 1481/2030/1932
f 1333/2029/1931 1481/2030/1932 1334/2031/1933
f 1334/2031/1933 1481/2030/1932 1335/2032/1934
f 1335/2032/1934 1481/2030/1932 1480/2033/1935
f 1335/2032/1934 1480/2033/1935 1336/2034/1936
f 1336/2034/1936 1480/2033/1935 1337/2035/1937
f 1337/2035/1937 1480/2033/1935 1479/2036/1938
f 1337/2035/1937 1479/2036/1938 1338/2037/1939
f 1338/2037/1939 1479/2036/1938 1478/2038/1940
f 1338/2037/1939 1478/2038/1940 1339/2039/1941
f 1339/2039/1941 1478/2038/1940 1477/2040/1942
f 1339/2039/1941 1477/2040/1942 1340/2041/1943
f 1340/2041/1943 1477/2040/1942 1476/2042/1944
f 1340/2041/1943 1476/2042/1944 1341/2043/1945
f 1341/2043/1945 1476/2042/1944 1475/2044/1946
f 1341/2043/1945 1475/2044/1946 1342/2045/1947
f 1342/2045/1947 1475/2044/1946 1474/2046/1948
f 1342/2045/1947 1474/2046/1948 1343/2047/1949
f 1343/2047/1949 1474/2046/1948 1473/2048/1950
f 1343/2047/1949 1473/2048/1950 1344/2049/1951
f 1344/2049/1951 1473/2048/1950 1345/2050/1952
f 1345/2050/1952 1473/2048/1950 1472/2051/1953
f 1345/2050/1952 1472/2051/1953 1346/2052/1954
f 1346/2052/1954 1472/2051/1953 1471/2053/1955
f 1346/2052/1954 1471/2053/1955 1347/2054/1956
f 1347/2054/1956 1471/2053/1955 1470/2055/1957
f 1347/2054/1956 1470/2055/1957 1348/2056/1958
f 1348/2056/1958 1470/2055/1957 1419/1919/1821
f 1348/2056/1958 1419/1919/1821 1237/1921/1823
# 1529 vertices
# 2056 texture params
# 1958 normals
# 3058 facets

# 1 groups
