# WaveFront *.obj file (generated by Autodesk ATF)

mtllib Top winder housing.mtl

g Body1

v 14.500000 -0.000000 100.000000
v 14.483124 -1.622163 100.000000
v 14.433327 -3.165604 100.000000
v 14.351855 -4.637037 100.000000
v 14.239951 -6.043175 100.000000
v 14.098863 -7.390734 100.000000
v 13.929835 -8.686426 100.000000
v 13.734113 -9.936965 100.000000
v 13.512941 -11.149066 100.000000
v 13.267566 -12.329441 100.000000
v 12.999233 -13.484805 100.000000
v 12.397571 -15.748922 100.000000
v 11.720234 -17.971248 100.000000
v 10.984381 -20.159625 100.000000
v 10.207227 -22.321699 100.000000
v 9.405983 -24.465118 100.000000
v 9.001706 -25.532222 100.000000
v 8.606275 -26.575812 100.000000
v 8.426660 -27.052102 100.000000
v 8.260154 -27.495504 100.000000
v 8.106088 -27.907807 100.000000
v 7.963790 -28.290798 100.000000
v 7.711818 -28.975994 100.000000
v 7.498871 -29.565393 100.000000
v 7.319586 -30.073295 100.000000
v 7.168596 -30.514001 100.000000
v 7.040536 -30.901812 100.000000
v 6.930041 -31.251029 100.000000
v 6.740282 -31.890880 100.000000
v -0.000000 -55.915707 100.000000
v -0.000000 -55.915707 97.000000
v 6.739547 -31.890669 97.000000
v 6.915667 -31.299396 97.000000
v 7.126218 -30.649456 97.000000
v 7.368301 -29.944144 97.000000
v 7.638430 -29.187828 97.000000
v 7.933119 -28.384879 97.000000
v 8.248881 -27.539666 97.000000
v 8.582232 -26.656557 97.000000
v 8.929684 -25.739923 97.000000
v 9.652948 -23.823554 97.000000
v 10.390785 -21.825513 97.000000
v 11.115307 -19.780755 97.000000
v 11.798623 -17.724235 97.000000
v 12.414915 -15.687357 97.000000
v 12.955726 -13.658178 97.000000
v 13.418994 -11.607328 97.000000
v 13.802657 -9.505435 97.000000
v 13.963991 -8.426169 97.000000
v 14.104651 -7.323127 97.000000
v 14.224378 -6.192639 97.000000
v 14.322914 -5.031033 97.000000
v 14.400003 -3.834638 97.000000
v 14.455385 -2.599781 97.000000
v 14.488803 -1.322793 97.000000
v 14.500000 -0.000000 97.000000
v -3.378510 -43.872558 100.000000
v -5.067765 -37.850984 100.000000
v -5.912393 -34.840197 100.000000
v -6.334706 -33.334803 100.000000
v -6.545007 -32.586784 100.000000
v -6.745915 -31.892547 100.000000
v -6.956566 -31.195219 100.000000
v -7.162759 -30.544914 100.000000
v -7.583697 -29.308192 100.000000
v -7.809405 -28.683185 100.000000
v -8.052583 -28.028019 100.000000
v -8.318710 -27.323398 100.000000
v -8.613270 -26.550027 100.000000
v -8.941743 -25.688610 100.000000
v -9.120411 -25.218855 100.000000
v -9.309612 -24.719853 100.000000
v -9.510033 -24.189191 100.000000
v -9.721261 -23.627347 100.000000
v -10.138208 -22.507464 100.000000
v -10.922667 -20.337418 100.000000
v -11.638477 -18.233928 100.000000
v -12.282358 -16.165310 100.000000
v -12.851031 -14.099881 100.000000
v -13.341216 -12.005958 100.000000
v -13.749631 -9.851856 100.000000
v -13.922150 -8.742337 100.000000
v -14.072997 -7.605893 100.000000
v -14.201762 -6.438562 100.000000
v -14.308034 -5.236385 100.000000
v -14.391404 -3.995400 100.000000
v -14.451462 -2.711648 100.000000
v -14.487797 -1.381168 100.000000
v -14.500000 0.000000 100.000000
v -14.500000 0.000000 97.000000
v -14.484914 -1.534115 97.000000
v -14.440201 -3.001217 97.000000
v -14.366677 -4.406971 97.000000
v -14.265159 -5.757038 97.000000
v -14.136463 -7.057080 97.000000
v -13.981405 -8.312760 97.000000
v -13.800802 -9.529740 97.000000
v -13.595470 -10.713683 97.000000
v -13.366226 -11.870251 97.000000
v -13.113886 -13.005106 97.000000
v -12.543395 -15.231660 97.000000
v -11.898107 -17.412456 97.000000
v -11.192820 -19.558168 97.000000
v -10.440174 -21.685276 97.000000
v -9.652812 -23.810259 97.000000
v -8.847677 -25.938466 97.000000
v -8.661506 -26.430237 97.000000
v -8.488280 -26.888868 97.000000
v -8.327264 -27.316476 97.000000
v -8.177720 -27.715179 97.000000
v -7.910103 -28.434348 97.000000
v -7.679539 -29.063321 97.000000
v -7.480134 -29.619044 97.000000
v -7.305997 -30.118465 97.000000
v -7.009958 -31.016184 97.000000
v -6.744285 -31.892054 97.000000
v -6.556100 -32.547236 97.000000
v -6.348600 -33.285279 97.000000
v -5.925360 -34.793974 97.000000
v -5.078880 -37.811365 97.000000
v -3.385920 -43.846145 97.000000
v -14.441627 1.299770 100.000000
v -14.266979 2.589075 100.000000
v -13.977461 3.857534 100.000000
v -13.575406 5.094935 100.000000
v -13.064049 6.291314 100.000000
v -12.447508 7.437040 100.000000
v -11.730746 8.522886 100.000000
v -10.919536 9.540112 100.000000
v -10.020408 10.480526 100.000000
v -9.040602 11.336556 100.000000
v -7.988006 12.101312 100.000000
v -6.871096 12.768635 100.000000
v -5.698863 13.333153 100.000000
v -4.480746 13.790319 100.000000
v -3.226554 14.136455 100.000000
v -1.946382 14.368772 100.000000
v -0.650540 14.485399 100.000000
v 0.650540 14.485399 100.000000
v 1.946382 14.368772 100.000000
v 3.226554 14.136455 100.000000
v 4.480746 13.790319 100.000000
v 5.698863 13.333153 100.000000
v 6.871096 12.768635 100.000000
v 7.988006 12.101312 100.000000
v 9.040602 11.336556 100.000000
v 10.020408 10.480526 100.000000
v 10.919536 9.540112 100.000000
v 11.730746 8.522886 100.000000
v 12.447508 7.437040 100.000000
v 13.064049 6.291314 100.000000
v 13.575406 5.094935 100.000000
v 13.977461 3.857534 100.000000
v 14.266979 2.589075 100.000000
v 14.441627 1.299770 100.000000
v 14.441627 1.299770 97.000000
v 14.266979 2.589075 97.000000
v 13.977461 3.857534 97.000000
v 13.575406 5.094935 97.000000
v 13.064049 6.291314 97.000000
v 12.447508 7.437040 97.000000
v 11.730746 8.522886 97.000000
v 10.919536 9.540112 97.000000
v 10.020408 10.480526 97.000000
v 9.040602 11.336556 97.000000
v 7.988006 12.101312 97.000000
v 6.871096 12.768635 97.000000
v 5.698863 13.333153 97.000000
v 4.480746 13.790319 97.000000
v 3.226554 14.136455 97.000000
v 1.946382 14.368772 97.000000
v 0.650540 14.485399 97.000000
v -0.650540 14.485399 97.000000
v -1.946382 14.368772 97.000000
v -3.226554 14.136455 97.000000
v -4.480746 13.790319 97.000000
v -5.698863 13.333153 97.000000
v -6.871096 12.768635 97.000000
v -7.988006 12.101312 97.000000
v -9.040602 11.336556 97.000000
v -10.020408 10.480526 97.000000
v -10.919536 9.540112 97.000000
v -11.730746 8.522886 97.000000
v -12.447508 7.437040 97.000000
v -13.064049 6.291314 97.000000
v -13.575406 5.094935 97.000000
v -13.977461 3.857534 97.000000
v -14.266979 2.589075 97.000000
v -14.441627 1.299770 97.000000
v 0.000000 -44.808976 97.000000
v 3.851322 -31.080426 97.000000
v 4.007542 -30.549540 97.000000
v 4.199220 -29.944464 97.000000
v 4.425068 -29.270150 97.000000
v 4.683690 -28.532291 97.000000
v 4.971925 -27.737491 97.000000
v 5.285621 -26.891636 97.000000
v 5.620623 -26.000605 97.000000
v 5.972776 -25.070274 97.000000
v 6.711912 -23.115225 97.000000
v 7.469788 -21.073510 97.000000
v 8.213024 -18.992148 97.000000
v 8.908536 -16.907519 97.000000
v 9.538261 -14.827314 97.000000
v 10.088400 -12.754569 97.000000
v 10.545415 -10.691910 97.000000
v 10.905534 -8.629298 97.000000
v 11.174877 -6.547398 97.000000
v 11.359618 -4.427612 97.000000
v 11.465934 -2.251345 97.000000
v 11.500000 -0.000000 97.000000
v 11.440997 1.163436 97.000000
v 11.264594 2.314933 97.000000
v 10.972601 3.442676 97.000000
v 10.568015 4.535092 97.000000
v 10.054986 5.580973 97.000000
v 9.438780 6.569584 97.000000
v 8.725718 7.490784 97.000000
v 7.923120 8.335117 97.000000
v 7.039219 9.093921 97.000000
v 6.083086 9.759409 97.000000
v 5.064533 10.324752 97.000000
v 3.994010 10.784150 97.000000
v 2.882504 11.132887 97.000000
v 1.741419 11.367386 97.000000
v 0.582465 11.485240 97.000000
v -0.582465 11.485240 97.000000
v -1.741419 11.367386 97.000000
v -2.882504 11.132887 97.000000
v -3.994010 10.784150 97.000000
v -5.064533 10.324752 97.000000
v -6.083086 9.759409 97.000000
v -7.039219 9.093921 97.000000
v -7.923120 8.335117 97.000000
v -8.725718 7.490784 97.000000
v -9.438780 6.569584 97.000000
v -10.054986 5.580973 97.000000
v -10.568015 4.535092 97.000000
v -10.972601 3.442676 97.000000
v -11.264594 2.314933 97.000000
v -11.440997 1.163436 97.000000
v -11.500000 0.000000 97.000000
v -11.465934 -2.251345 97.000000
v -11.359618 -4.427612 97.000000
v -11.174877 -6.547398 97.000000
v -10.905534 -8.629298 97.000000
v -10.545415 -10.691910 97.000000
v -10.088400 -12.754569 97.000000
v -9.538261 -14.827314 97.000000
v -8.908536 -16.907519 97.000000
v -8.213024 -18.992148 97.000000
v -7.469788 -21.073510 97.000000
v -6.711912 -23.115225 97.000000
v -5.972776 -25.070274 97.000000
v -5.620623 -26.000605 97.000000
v -5.285621 -26.891636 97.000000
v -4.971925 -27.737491 97.000000
v -4.683690 -28.532291 97.000000
v -4.425068 -29.270150 97.000000
v -4.199220 -29.944464 97.000000
v -4.007542 -30.549540 97.000000
v -3.851322 -31.080426 97.000000
v 11.500000 -0.000000 103.000000
v 11.440997 1.163436 103.000000
v 11.264594 2.314933 103.000000
v 10.972601 3.442676 103.000000
v 10.568015 4.535092 103.000000
v 10.054986 5.580973 103.000000
v 9.438780 6.569584 103.000000
v 8.725718 7.490784 103.000000
v 7.923120 8.335117 103.000000
v 7.039219 9.093921 103.000000
v 6.083086 9.759409 103.000000
v 5.064533 10.324752 103.000000
v 3.994010 10.784150 103.000000
v 2.882504 11.132887 103.000000
v 1.741419 11.367386 103.000000
v 0.582465 11.485240 103.000000
v -0.582465 11.485240 103.000000
v -1.741419 11.367386 103.000000
v -2.882504 11.132887 103.000000
v -3.994010 10.784150 103.000000
v -5.064533 10.324752 103.000000
v -6.083086 9.759409 103.000000
v -7.039219 9.093921 103.000000
v -7.923120 8.335117 103.000000
v -8.725718 7.490784 103.000000
v -9.438780 6.569584 103.000000
v -10.054986 5.580973 103.000000
v -10.568015 4.535092 103.000000
v -10.972601 3.442676 103.000000
v -11.264594 2.314933 103.000000
v -11.440997 1.163436 103.000000
v -11.500000 0.000000 103.000000
v -11.465934 -2.251345 103.000000
v -11.359618 -4.427612 103.000000
v -11.174877 -6.547398 103.000000
v -10.905534 -8.629298 103.000000
v -10.545415 -10.691910 103.000000
v -10.088400 -12.754569 103.000000
v -9.538261 -14.827314 103.000000
v -8.908536 -16.907519 103.000000
v -8.213024 -18.992148 103.000000
v -7.469788 -21.073510 103.000000
v -6.711912 -23.115225 103.000000
v -5.972776 -25.070274 103.000000
v -5.620623 -26.000605 103.000000
v -5.285621 -26.891636 103.000000
v -4.971925 -27.737491 103.000000
v -4.683690 -28.532291 103.000000
v -4.425068 -29.270150 103.000000
v -4.199220 -29.944464 103.000000
v -4.007542 -30.549540 103.000000
v -3.851322 -31.080426 103.000000
v 0.000000 -44.808976 103.000000
v 3.851322 -31.080426 103.000000
v 4.007542 -30.549540 103.000000
v 4.199220 -29.944464 103.000000
v 4.425068 -29.270150 103.000000
v 4.683690 -28.532291 103.000000
v 4.971925 -27.737491 103.000000
v 5.285621 -26.891636 103.000000
v 5.620623 -26.000605 103.000000
v 5.972776 -25.070274 103.000000
v 6.711912 -23.115225 103.000000
v 7.469788 -21.073510 103.000000
v 8.213024 -18.992148 103.000000
v 8.908536 -16.907519 103.000000
v 9.538261 -14.827314 103.000000
v 10.088400 -12.754569 103.000000
v 10.545415 -10.691910 103.000000
v 10.905534 -8.629298 103.000000
v 11.174877 -6.547398 103.000000
v 11.359618 -4.427612 103.000000
v 11.465934 -2.251345 103.000000
v 14.500000 -0.000000 103.000000
v 14.441627 1.299770 103.000000
v 14.266979 2.589075 103.000000
v 13.977461 3.857534 103.000000
v 13.575406 5.094935 103.000000
v 13.064049 6.291314 103.000000
v 12.447508 7.437040 103.000000
v 11.730746 8.522886 103.000000
v 10.919536 9.540112 103.000000
v 10.020408 10.480526 103.000000
v 9.040602 11.336556 103.000000
v 7.988006 12.101312 103.000000
v 6.871096 12.768635 103.000000
v 5.698863 13.333153 103.000000
v 4.480746 13.790319 103.000000
v 3.226554 14.136455 103.000000
v 1.946382 14.368772 103.000000
v 0.650540 14.485399 103.000000
v -0.650540 14.485399 103.000000
v -1.946382 14.368772 103.000000
v -3.226554 14.136455 103.000000
v -4.480746 13.790319 103.000000
v -5.698863 13.333153 103.000000
v -6.871096 12.768635 103.000000
v -7.988006 12.101312 103.000000
v -9.040602 11.336556 103.000000
v -10.020408 10.480526 103.000000
v -10.919536 9.540112 103.000000
v -11.730746 8.522886 103.000000
v -12.447508 7.437040 103.000000
v -13.064049 6.291314 103.000000
v -13.575406 5.094935 103.000000
v -13.977461 3.857534 103.000000
v -14.266979 2.589075 103.000000
v -14.441627 1.299770 103.000000
v -14.500000 0.000000 103.000000
v -14.484914 -1.534115 103.000000
v -14.440201 -3.001217 103.000000
v -14.366677 -4.406971 103.000000
v -14.265159 -5.757038 103.000000
v -14.136463 -7.057080 103.000000
v -13.981405 -8.312760 103.000000
v -13.800802 -9.529740 103.000000
v -13.595470 -10.713683 103.000000
v -13.366226 -11.870251 103.000000
v -13.113886 -13.005106 103.000000
v -12.543395 -15.231660 103.000000
v -11.898107 -17.412456 103.000000
v -11.192820 -19.558168 103.000000
v -10.440174 -21.685276 103.000000
v -9.652812 -23.810259 103.000000
v -8.847677 -25.938466 103.000000
v -8.661506 -26.430237 103.000000
v -8.488280 -26.888868 103.000000
v -8.327264 -27.316476 103.000000
v -8.177720 -27.715179 103.000000
v -7.910103 -28.434348 103.000000
v -7.679539 -29.063321 103.000000
v -7.480134 -29.619044 103.000000
v -7.305997 -30.118465 103.000000
v -7.009958 -31.016184 103.000000
v -6.744285 -31.892054 103.000000
v -6.556100 -32.547236 103.000000
v -6.348600 -33.285279 103.000000
v -5.925360 -34.793974 103.000000
v -5.078880 -37.811365 103.000000
v -3.385920 -43.846145 103.000000
v -0.000000 -55.915707 103.000000
v 6.739547 -31.890669 103.000000
v 6.915667 -31.299396 103.000000
v 7.126218 -30.649456 103.000000
v 7.368301 -29.944144 103.000000
v 7.638430 -29.187828 103.000000
v 7.933119 -28.384879 103.000000
v 8.248881 -27.539666 103.000000
v 8.582232 -26.656557 103.000000
v 8.929684 -25.739923 103.000000
v 9.652948 -23.823554 103.000000
v 10.390785 -21.825513 103.000000
v 11.115307 -19.780755 103.000000
v 11.798623 -17.724235 103.000000
v 12.414915 -15.687357 103.000000
v 12.955726 -13.658178 103.000000
v 13.418994 -11.607328 103.000000
v 13.802657 -9.505435 103.000000
v 13.963991 -8.426169 103.000000
v 14.104651 -7.323127 103.000000
v 14.224378 -6.192639 103.000000
v 14.322914 -5.031033 103.000000
v 14.400003 -3.834638 103.000000
v 14.455385 -2.599781 103.000000
v 14.488803 -1.322793 103.000000
v -14.500000 0.000000 104.000000
v -14.498491 -0.491240 104.024190
v -14.493968 -0.977589 104.096499
v -14.486515 -1.454273 104.216163
v -14.476356 -1.915940 104.381648
v -14.463833 -2.359094 104.591522
v -14.449304 -2.780259 104.844262
v -14.433323 -3.173919 105.136552
v -14.416517 -3.536688 105.465622
v -14.399490 -3.865927 105.829099
v -14.382912 -4.158292 106.223562
v -14.367516 -4.410099 106.643939
v -14.353885 -4.619587 107.087040
v -14.342605 -4.784997 107.549548
v -14.334252 -4.904050 108.025160
v -14.329078 -4.975871 108.509358
v -14.327267 -5.000001 108.998641
v -14.329000 -4.976001 109.489300
v -14.334231 -4.904119 109.974487
v -14.342626 -4.785257 110.449596
v -14.353837 -4.620313 110.911206
v -14.367475 -4.410495 111.355320
v -14.382888 -4.158674 111.775865
v -14.399433 -3.867053 112.169526
v -14.416481 -3.537673 112.533394
v -14.433312 -3.174236 112.863188
v -14.449275 -2.780726 113.155426
v -14.463814 -2.359997 113.407994
v -14.476368 -1.916057 113.618304
v -14.486518 -1.454088 113.783893
v -14.493970 -0.977502 113.903518
v -14.498492 -0.491195 113.975814
v -14.500000 0.000000 114.000000
v -14.500000 0.000000 118.000000
v -14.464370 -2.347464 118.000000
v -14.352640 -4.632973 118.000000
v -14.157549 -6.872280 118.000000
v -13.871837 -9.081138 118.000000
v -13.488227 -11.275289 118.000000
v -13.001736 -13.465208 118.000000
v -12.422771 -15.648324 118.000000
v -11.766251 -17.820161 118.000000
v -11.047096 -19.976246 118.000000
v -10.286124 -22.106908 118.000000
v -9.517530 -24.174788 118.000000
v -9.141118 -25.170712 118.000000
v -8.775691 -26.133573 118.000000
v -8.425547 -27.057581 118.000000
v -8.094982 -27.936948 118.000000
v -7.788293 -28.765883 118.000000
v -7.510066 -29.537550 118.000000
v -7.264002 -30.243185 118.000000
v -7.052217 -30.875450 118.000000
v -6.876793 -31.427064 118.000000
v -6.739813 -31.890746 118.000000
v -0.000000 -55.915707 118.000000
v 17.500000 0.000000 114.000000
v 17.498546 -0.491220 113.975812
v 17.494192 -0.977596 113.903499
v 17.487033 -1.454059 113.783902
v 17.477273 -1.916670 113.618049
v 17.465218 -2.360232 113.407868
v 17.451312 -2.780753 113.155408
v 17.436009 -3.175048 112.862521
v 17.419913 -3.538221 112.532844
v 17.403659 -3.867038 112.169544
v 17.387851 -4.159096 111.775233
v 17.373162 -4.411197 111.354005
v 17.360218 -4.620392 110.911013
v 17.349498 -4.785274 110.449536
v 17.341484 -4.904417 109.972982
v 17.336601 -4.976150 109.487800
v 17.334956 -5.000002 108.998727
v 17.336590 -4.975863 108.509294
v 17.341536 -4.903688 108.023347
v 17.349580 -4.784473 107.547824
v 17.360287 -4.619571 107.087003
v 17.373218 -4.410235 106.644194
v 17.387920 -4.157866 106.222924
v 17.403725 -3.865790 105.828934
v 17.419983 -3.536776 105.465709
v 17.436088 -3.173159 105.135927
v 17.451352 -2.779178 104.843539
v 17.465221 -2.359280 104.591623
v 17.477260 -1.916560 104.381905
v 17.487034 -1.454200 104.216141
v 17.494191 -0.977580 104.096497
v 17.498546 -0.491231 104.024189
v 17.500000 0.000000 104.000000
v 17.493066 0.479677 104.023834
v 17.472718 0.965297 104.095451
v 17.439641 1.447895 104.215021
v 17.394520 1.918511 104.382715
v 17.338786 2.368750 104.597532
v 17.275524 2.792292 104.853917
v 17.207897 3.183279 105.145220
v 17.139070 3.535856 105.464788
v 17.069935 3.855350 105.817409
v 17.001486 4.146532 106.208366
v 16.937021 4.402779 106.631817
v 16.879841 4.617465 107.081922
v 16.833261 4.785066 107.552385
v 16.798956 4.904581 108.034844
v 16.777761 4.976172 108.520362
v 16.770510 5.000000 109.000000
v 16.777761 4.976172 109.479638
v 16.798956 4.904581 109.965156
v 16.833261 4.785066 110.447615
v 16.879841 4.617465 110.918078
v 16.937021 4.402779 111.368183
v 17.001486 4.146532 111.791634
v 17.069935 3.855350 112.182591
v 17.139070 3.535856 112.535212
v 17.207897 3.183279 112.854780
v 17.275524 2.792292 113.146083
v 17.338786 2.368750 113.402468
v 17.394520 1.918511 113.617285
v 17.439641 1.447895 113.784979
v 17.472718 0.965297 113.904549
v 17.493066 0.479677 113.976166
v 14.500000 0.000000 104.000000
v 14.498492 -0.491195 104.024186
v 14.493970 -0.977502 104.096482
v 14.486518 -1.454088 104.216107
v 14.476368 -1.916057 104.381696
v 14.463814 -2.359997 104.592006
v 14.449275 -2.780726 104.844574
v 14.433312 -3.174236 105.136812
v 14.416481 -3.537673 105.466606
v 14.399433 -3.867053 105.830474
v 14.382888 -4.158674 106.224135
v 14.367475 -4.410495 106.644680
v 14.353837 -4.620313 107.088794
v 14.342626 -4.785257 107.550404
v 14.334231 -4.904119 108.025513
v 14.329000 -4.976001 108.510700
v 14.327267 -5.000001 109.001359
v 14.329078 -4.975871 109.490642
v 14.334252 -4.904050 109.974840
v 14.342605 -4.784997 110.450452
v 14.353885 -4.619587 110.912960
v 14.367516 -4.410099 111.356061
v 14.382912 -4.158292 111.776438
v 14.399490 -3.865927 112.170901
v 14.416517 -3.536688 112.534378
v 14.433323 -3.173919 112.863448
v 14.449304 -2.780259 113.155738
v 14.463833 -2.359094 113.408478
v 14.476356 -1.915940 113.618352
v 14.486515 -1.454273 113.783837
v 14.493968 -0.977589 113.903501
v 14.498491 -0.491240 113.975810
v 14.500000 0.000000 114.000000
v 14.491595 0.480883 113.976047
v 14.466934 0.967337 113.904142
v 14.426849 1.450396 113.784219
v 14.372175 1.921093 113.616211
v 14.304628 2.371067 113.401231
v 14.227911 2.794095 113.144887
v 14.145827 3.184409 112.853860
v 14.062183 3.536242 112.534825
v 13.977988 3.855114 112.182895
v 13.894436 4.145877 111.792647
v 13.815570 4.401915 111.369816
v 13.745433 4.616609 110.920136
v 13.688136 4.784410 110.449776
v 13.645833 4.904213 109.967025
v 13.619637 4.976061 109.480795
v 13.610658 5.000000 109.000000
v 13.619637 4.976061 108.519205
v 13.645833 4.904213 108.032975
v 13.688136 4.784410 107.550224
v 13.745433 4.616609 107.079864
v 13.815570 4.401915 106.630184
v 13.894436 4.145877 106.207353
v 13.977988 3.855114 105.817105
v 14.062183 3.536242 105.465175
v 14.145827 3.184409 105.146140
v 14.227911 2.794095 104.855113
v 14.304628 2.371067 104.598769
v 14.372175 1.921093 104.383789
v 14.426849 1.450396 104.215781
v 14.466934 0.967337 104.095858
v 14.491595 0.480883 104.023953
v -14.491595 0.480883 104.023953
v -14.466934 0.967337 104.095858
v -14.426849 1.450396 104.215781
v -14.372175 1.921093 104.383789
v -14.304628 2.371067 104.598769
v -14.227911 2.794095 104.855113
v -14.145827 3.184409 105.146140
v -14.062183 3.536242 105.465175
v -13.977988 3.855114 105.817105
v -13.894436 4.145877 106.207353
v -13.815570 4.401915 106.630184
v -13.745433 4.616609 107.079864
v -13.688136 4.784410 107.550224
v -13.645833 4.904213 108.032975
v -13.619637 4.976061 108.519205
v -13.610658 5.000000 109.000000
v -13.619637 4.976061 109.480795
v -13.645833 4.904213 109.967025
v -13.688136 4.784410 110.449776
v -13.745433 4.616609 110.920136
v -13.815570 4.401915 111.369816
v -13.894436 4.145877 111.792647
v -13.977988 3.855114 112.182895
v -14.062183 3.536242 112.534825
v -14.145827 3.184409 112.853860
v -14.227911 2.794095 113.144887
v -14.304628 2.371067 113.401231
v -14.372175 1.921093 113.616211
v -14.426849 1.450396 113.784219
v -14.466934 0.967337 113.904142
v -14.491595 0.480883 113.976047
v -17.500000 0.000000 104.000000
v -17.498546 -0.491220 104.024188
v -17.494192 -0.977596 104.096501
v -17.487033 -1.454059 104.216098
v -17.477273 -1.916670 104.381951
v -17.465218 -2.360232 104.592132
v -17.451312 -2.780753 104.844592
v -17.436009 -3.175048 105.137479
v -17.419913 -3.538221 105.467156
v -17.403659 -3.867038 105.830456
v -17.387851 -4.159096 106.224767
v -17.373162 -4.411197 106.645995
v -17.360218 -4.620392 107.088987
v -17.349498 -4.785274 107.550464
v -17.341484 -4.904417 108.027018
v -17.336601 -4.976150 108.512200
v -17.334956 -5.000002 109.001273
v -17.336590 -4.975863 109.490706
v -17.341536 -4.903688 109.976653
v -17.349580 -4.784473 110.452176
v -17.360287 -4.619571 110.912997
v -17.373218 -4.410235 111.355806
v -17.387920 -4.157866 111.777076
v -17.403725 -3.865790 112.171066
v -17.419983 -3.536776 112.534291
v -17.436088 -3.173159 112.864073
v -17.451352 -2.779178 113.156461
v -17.465221 -2.359280 113.408377
v -17.477260 -1.916560 113.618095
v -17.487034 -1.454200 113.783859
v -17.494191 -0.977580 113.903503
v -17.498546 -0.491231 113.975811
v -17.500000 0.000000 114.000000
v -17.493066 0.479677 113.976166
v -17.472718 0.965297 113.904549
v -17.439641 1.447895 113.784979
v -17.394520 1.918511 113.617285
v -17.338786 2.368750 113.402468
v -17.275524 2.792292 113.146083
v -17.207897 3.183279 112.854780
v -17.139070 3.535856 112.535212
v -17.069935 3.855350 112.182591
v -17.001486 4.146532 111.791634
v -16.937021 4.402779 111.368183
v -16.879841 4.617465 110.918078
v -16.833261 4.785066 110.447615
v -16.798956 4.904581 109.965156
v -16.777761 4.976172 109.479638
v -16.770510 5.000000 109.000000
v -16.777761 4.976172 108.520362
v -16.798956 4.904581 108.034844
v -16.833261 4.785066 107.552385
v -16.879841 4.617465 107.081922
v -16.937021 4.402779 106.631817
v -17.001486 4.146532 106.208366
v -17.069935 3.855350 105.817409
v -17.139070 3.535856 105.464788
v -17.207897 3.183279 105.145220
v -17.275524 2.792292 104.853917
v -17.338786 2.368750 104.597532
v -17.394520 1.918511 104.382715
v -17.439641 1.447895 104.215021
v -17.472718 0.965297 104.095451
v -17.493066 0.479677 104.023834
v 14.500000 0.000000 118.000000
v 14.441627 1.299770 118.000000
v 14.266979 2.589075 118.000000
v 13.977461 3.857534 118.000000
v 13.575406 5.094935 118.000000
v 13.064049 6.291314 118.000000
v 12.447508 7.437040 118.000000
v 11.730746 8.522886 118.000000
v 10.919536 9.540112 118.000000
v 10.020408 10.480526 118.000000
v 9.040602 11.336556 118.000000
v 7.988006 12.101312 118.000000
v 6.871096 12.768635 118.000000
v 5.698863 13.333153 118.000000
v 4.480746 13.790319 118.000000
v 3.226554 14.136455 118.000000
v 1.946382 14.368772 118.000000
v 0.650540 14.485399 118.000000
v -0.650540 14.485399 118.000000
v -1.946382 14.368772 118.000000
v -3.226554 14.136455 118.000000
v -4.480746 13.790319 118.000000
v -5.698863 13.333153 118.000000
v -6.871096 12.768635 118.000000
v -7.988006 12.101312 118.000000
v -9.040602 11.336556 118.000000
v -10.020408 10.480526 118.000000
v -10.919536 9.540112 118.000000
v -11.730746 8.522886 118.000000
v -12.447508 7.437040 118.000000
v -13.064049 6.291314 118.000000
v -13.575406 5.094935 118.000000
v -13.977461 3.857534 118.000000
v -14.266979 2.589075 118.000000
v -14.441627 1.299770 118.000000
v 17.500000 0.000000 100.000000
v 17.443253 1.408165 100.000000
v 17.273380 2.807197 100.000000
v 16.991482 4.188024 100.000000
v 16.599388 5.541690 100.000000
v 16.099640 6.859416 100.000000
v 15.495480 8.132656 100.000000
v 14.790826 9.353152 100.000000
v 13.990248 10.512990 100.000000
v 13.098938 11.604647 100.000000
v 12.122676 12.621043 100.000000
v 11.067794 13.555587 100.000000
v 9.941133 14.402218 100.000000
v 8.750000 15.155445 100.000000
v 7.502120 15.810383 100.000000
v 6.205586 16.362784 100.000000
v 4.868806 16.809067 100.000000
v 3.500450 17.146336 100.000000
v 2.109392 17.372405 100.000000
v 0.704654 17.485807 100.000000
v -0.704654 17.485807 100.000000
v -2.109392 17.372405 100.000000
v -3.500450 17.146336 100.000000
v -4.868806 16.809067 100.000000
v -6.205586 16.362784 100.000000
v -7.502120 15.810383 100.000000
v -8.750000 15.155445 100.000000
v -9.941133 14.402218 100.000000
v -11.067794 13.555587 100.000000
v -12.122676 12.621043 100.000000
v -13.098938 11.604647 100.000000
v -13.990248 10.512990 100.000000
v -14.790826 9.353152 100.000000
v -15.495480 8.132656 100.000000
v -16.099640 6.859416 100.000000
v -16.599388 5.541690 100.000000
v -16.991482 4.188024 100.000000
v -17.273380 2.807197 100.000000
v -17.443253 1.408165 100.000000
v -17.500000 0.000000 100.000000
v -17.500000 0.000000 118.000000
v -17.443253 1.408165 118.000000
v -17.273380 2.807197 118.000000
v -16.991482 4.188024 118.000000
v -16.599388 5.541690 118.000000
v -16.099640 6.859416 118.000000
v -15.495480 8.132656 118.000000
v -14.790826 9.353152 118.000000
v -13.990248 10.512990 118.000000
v -13.098938 11.604647 118.000000
v -12.122676 12.621043 118.000000
v -11.067794 13.555587 118.000000
v -9.941133 14.402218 118.000000
v -8.750000 15.155445 118.000000
v -7.502120 15.810383 118.000000
v -6.205586 16.362784 118.000000
v -4.868806 16.809067 118.000000
v -3.500450 17.146336 118.000000
v -2.109392 17.372405 118.000000
v -0.704654 17.485807 118.000000
v 0.704654 17.485807 118.000000
v 2.109392 17.372405 118.000000
v 3.500450 17.146336 118.000000
v 4.868806 16.809067 118.000000
v 6.205586 16.362784 118.000000
v 7.502120 15.810383 118.000000
v 8.750000 15.155445 118.000000
v 9.941133 14.402218 118.000000
v 11.067794 13.555587 118.000000
v 12.122676 12.621043 118.000000
v 13.098938 11.604647 118.000000
v 13.990248 10.512990 118.000000
v 14.790826 9.353152 118.000000
v 15.495480 8.132656 118.000000
v 16.099640 6.859416 118.000000
v 16.599388 5.541690 118.000000
v 16.991482 4.188024 118.000000
v 17.273380 2.807197 118.000000
v 17.443253 1.408165 118.000000
v 17.500000 0.000000 118.000000
v 6.739813 -31.890746 118.000000
v 6.876793 -31.427064 118.000000
v 7.052217 -30.875450 118.000000
v 7.264002 -30.243185 118.000000
v 7.510066 -29.537550 118.000000
v 7.788293 -28.765883 118.000000
v 8.094982 -27.936948 118.000000
v 8.425547 -27.057581 118.000000
v 8.775691 -26.133573 118.000000
v 9.141118 -25.170712 118.000000
v 9.517530 -24.174788 118.000000
v 10.286124 -22.106908 118.000000
v 11.047096 -19.976246 118.000000
v 11.766251 -17.820161 118.000000
v 12.422771 -15.648324 118.000000
v 13.001736 -13.465208 118.000000
v 13.488227 -11.275289 118.000000
v 13.871837 -9.081138 118.000000
v 14.157549 -6.872280 118.000000
v 14.352640 -4.632973 118.000000
v 14.464370 -2.347464 118.000000
v 17.462877 -2.443071 118.000000
v 17.345851 -4.836847 118.000000
v 17.140439 -7.195081 118.000000
v 16.838158 -9.531528 118.000000
v 16.430370 -11.859002 118.000000
v 15.914998 -14.174531 118.000000
v 15.306967 -16.468754 118.000000
v 14.623295 -18.733503 118.000000
v 13.881003 -20.960611 118.000000
v 13.103023 -23.139217 118.000000
v 12.324599 -25.233438 118.000000
v 11.946141 -26.234436 118.000000
v 11.580676 -27.196974 118.000000
v 11.232573 -28.115266 118.000000
v 10.906198 -28.983524 118.000000
v 10.605975 -29.795873 118.000000
v 10.337053 -30.543596 118.000000
v 10.102505 -31.217050 118.000000
v 9.904650 -31.807162 118.000000
v 9.745810 -32.304859 118.000000
v 9.628305 -32.701065 118.000000
v 0.000000 -67.022438 118.000000
v 0.000000 -67.022438 100.000000
v 9.628305 -32.701065 100.000000
v 9.745810 -32.304859 100.000000
v 9.904650 -31.807162 100.000000
v 10.102505 -31.217050 100.000000
v 10.337053 -30.543596 100.000000
v 10.605975 -29.795873 100.000000
v 10.906198 -28.983524 100.000000
v 11.232573 -28.115266 100.000000
v 11.580676 -27.196974 100.000000
v 11.946141 -26.234436 100.000000
v 12.324599 -25.233438 100.000000
v 13.103023 -23.139217 100.000000
v 13.881003 -20.960611 100.000000
v 14.623295 -18.733503 100.000000
v 15.306967 -16.468754 100.000000
v 15.914998 -14.174531 100.000000
v 16.430370 -11.859002 100.000000
v 16.838158 -9.531528 100.000000
v 17.140439 -7.195081 100.000000
v 17.345851 -4.836847 100.000000
v 17.462877 -2.443071 100.000000
v -17.462877 -2.443071 100.000000
v -17.345851 -4.836847 100.000000
v -17.140439 -7.195081 100.000000
v -16.838158 -9.531528 100.000000
v -16.430370 -11.859002 100.000000
v -15.914998 -14.174531 100.000000
v -15.306967 -16.468754 100.000000
v -14.623295 -18.733503 100.000000
v -13.881003 -20.960611 100.000000
v -13.103023 -23.139217 100.000000
v -12.324599 -25.233438 100.000000
v -11.946141 -26.234436 100.000000
v -11.580676 -27.196974 100.000000
v -11.232573 -28.115266 100.000000
v -10.906198 -28.983524 100.000000
v -10.605975 -29.795873 100.000000
v -10.337053 -30.543596 100.000000
v -10.102505 -31.217050 100.000000
v -9.904650 -31.807162 100.000000
v -9.745810 -32.304859 100.000000
v -9.628305 -32.701065 100.000000
v -9.628305 -32.701065 118.000000
v -9.745810 -32.304859 118.000000
v -9.904650 -31.807162 118.000000
v -10.102505 -31.217050 118.000000
v -10.337053 -30.543596 118.000000
v -10.605975 -29.795873 118.000000
v -10.906198 -28.983524 118.000000
v -11.232573 -28.115266 118.000000
v -11.580676 -27.196974 118.000000
v -11.946141 -26.234436 118.000000
v -12.324599 -25.233438 118.000000
v -13.103023 -23.139217 118.000000
v -13.881003 -20.960611 118.000000
v -14.623295 -18.733503 118.000000
v -15.306967 -16.468754 118.000000
v -15.914998 -14.174531 118.000000
v -16.430370 -11.859002 118.000000
v -16.838158 -9.531528 118.000000
v -17.140439 -7.195081 118.000000
v -17.345851 -4.836847 118.000000
v -17.462877 -2.443071 118.000000
vt -4.394665 0.600000 0.000000
vt -4.394665 0.300000 0.000000
vt -4.335308 0.600000 0.000000
vt -4.321576 0.300000 0.000000
vt -4.275951 0.600000 0.000000
vt -4.248994 0.300000 0.000000
vt -4.216594 0.600000 0.000000
vt -4.176988 0.300000 0.000000
vt -4.157237 0.600000 0.000000
vt -4.105619 0.300000 0.000000
vt -4.097880 0.600000 0.000000
vt -4.034939 0.300000 0.000000
vt -4.038523 0.600000 0.000000
vt -3.979166 0.600000 0.000000
vt -3.964984 0.300000 0.000000
vt -3.919810 0.600000 0.000000
vt -3.895775 0.300000 0.000000
vt -3.827310 0.300000 0.000000
vt -3.801096 0.600000 0.000000
vt -3.759566 0.300000 0.000000
vt -3.682382 0.600000 0.000000
vt -3.692504 0.300000 0.000000
vt -3.560069 0.300000 0.000000
vt -3.430677 0.300000 0.000000
vt -3.444954 0.600000 0.000000
vt -3.563668 0.600000 0.000000
vt -3.326240 0.600000 0.000000
vt -3.304362 0.300000 0.000000
vt -3.207526 0.600000 0.000000
vt -3.178333 0.300000 0.000000
vt -3.088812 0.600000 0.000000
vt -3.049614 0.300000 0.000000
vt -2.970099 0.600000 0.000000
vt -2.983141 0.300000 0.000000
vt -2.915912 0.300000 0.000000
vt -2.910742 0.600000 0.000000
vt -2.884319 0.300000 0.000000
vt -2.851385 0.600000 0.000000
vt -2.854292 0.300000 0.000000
vt -2.825767 0.300000 0.000000
vt -2.792028 0.600000 0.000000
vt -2.798680 0.300000 0.000000
vt -2.748567 0.300000 0.000000
vt -2.732671 0.600000 0.000000
vt -2.703428 0.300000 0.000000
vt -2.673314 0.600000 0.000000
vt -2.662678 0.300000 0.000000
vt -2.625632 0.300000 0.000000
vt -2.613957 0.600000 0.000000
vt -2.591467 0.300000 0.000000
vt -2.554600 0.600000 0.000000
vt -2.559187 0.300000 0.000000
vt -2.495243 0.300000 0.000000
vt -2.495243 0.600000 0.000000
vt 0.000000 0.300000 0.000000
vt 0.000000 0.600000 0.000000
vt -4.342892 0.300000 0.000000
vt -3.092085 0.300000 0.000000
vt -4.342892 0.600000 0.000000
vt -3.089342 0.600000 0.000000
vt -2.466682 0.300000 0.000000
vt -2.462567 0.600000 0.000000
vt -2.153980 0.300000 0.000000
vt -2.149179 0.600000 0.000000
vt -1.997629 0.300000 0.000000
vt -1.992486 0.600000 0.000000
vt -1.918570 0.300000 0.000000
vt -1.914139 0.600000 0.000000
vt -1.835794 0.300000 0.000000
vt -1.835792 0.600000 0.000000
vt -1.744760 0.300000 0.000000
vt -1.721055 0.600000 0.000000
vt -1.659355 0.300000 0.000000
vt -1.606318 0.600000 0.000000
vt -1.516277 0.300000 0.000000
vt -1.548949 0.600000 0.000000
vt -1.491581 0.600000 0.000000
vt -1.456285 0.300000 0.000000
vt -1.434212 0.600000 0.000000
vt -1.401052 0.300000 0.000000
vt -1.376844 0.600000 0.000000
vt -1.348777 0.300000 0.000000
vt -1.348160 0.600000 0.000000
vt -1.298152 0.300000 0.000000
vt -1.319475 0.600000 0.000000
vt -1.248273 0.300000 0.000000
vt -1.290791 0.600000 0.000000
vt -1.262107 0.600000 0.000000
vt -1.223060 0.300000 0.000000
vt -1.196299 0.300000 0.000000
vt -1.147370 0.600000 0.000000
vt -1.167776 0.300000 0.000000
vt -1.137516 0.300000 0.000000
vt -1.077071 0.300000 0.000000
vt -1.032633 0.600000 0.000000
vt -0.959855 0.300000 0.000000
vt -0.917896 0.600000 0.000000
vt -0.846866 0.300000 0.000000
vt -0.803159 0.600000 0.000000
vt -0.737184 0.300000 0.000000
vt -0.688422 0.600000 0.000000
vt -0.629745 0.300000 0.000000
vt -0.573685 0.600000 0.000000
vt -0.523086 0.300000 0.000000
vt -0.516316 0.600000 0.000000
vt -0.458948 0.600000 0.000000
vt -0.417028 0.300000 0.000000
vt -0.401579 0.600000 0.000000
vt -0.364261 0.300000 0.000000
vt -0.344211 0.600000 0.000000
vt -0.311680 0.300000 0.000000
vt -0.286842 0.600000 0.000000
vt -0.259288 0.300000 0.000000
vt -0.229474 0.600000 0.000000
vt -0.207084 0.300000 0.000000
vt -0.172105 0.600000 0.000000
vt -0.155062 0.300000 0.000000
vt -0.114737 0.600000 0.000000
vt -0.103214 0.300000 0.000000
vt -0.057368 0.600000 0.000000
vt -0.051531 0.300000 0.000000
vt 0.000000 0.600000 0.000000
vt 0.000000 0.300000 0.000000
vt -0.600000 -4.555309 0.000000
vt -0.300000 -4.555309 0.000000
vt -0.600000 -4.425158 0.000000
vt -0.300000 -4.425158 0.000000
vt -0.600000 -4.295006 0.000000
vt -0.300000 -4.295006 0.000000
vt -0.600000 -4.164854 0.000000
vt -0.300000 -4.164854 0.000000
vt -0.600000 -4.034703 0.000000
vt -0.300000 -4.034703 0.000000
vt -0.600000 -3.904551 0.000000
vt -0.300000 -3.904551 0.000000
vt -0.600000 -3.774399 0.000000
vt -0.300000 -3.774399 0.000000
vt -0.600000 -3.644247 0.000000
vt -0.300000 -3.644247 0.000000
vt -0.600000 -3.514096 0.000000
vt -0.300000 -3.514096 0.000000
vt -0.600000 -3.383944 0.000000
vt -0.300000 -3.383944 0.000000
vt -0.600000 -3.253792 0.000000
vt -0.300000 -3.253792 0.000000
vt -0.600000 -3.123641 0.000000
vt -0.300000 -3.123641 0.000000
vt -0.600000 -2.993489 0.000000
vt -0.300000 -2.993489 0.000000
vt -0.600000 -2.863337 0.000000
vt -0.300000 -2.863337 0.000000
vt -0.600000 -2.733186 0.000000
vt -0.300000 -2.733186 0.000000
vt -0.600000 -2.603034 0.000000
vt -0.300000 -2.603034 0.000000
vt -0.600000 -2.472882 0.000000
vt -0.300000 -2.472882 0.000000
vt -0.600000 -2.342731 0.000000
vt -0.300000 -2.342731 0.000000
vt -0.600000 -2.212579 0.000000
vt -0.300000 -2.212579 0.000000
vt -0.600000 -2.082427 0.000000
vt -0.300000 -2.082427 0.000000
vt -0.600000 -1.952275 0.000000
vt -0.300000 -1.952275 0.000000
vt -0.600000 -1.822124 0.000000
vt -0.300000 -1.822124 0.000000
vt -0.600000 -1.691972 0.000000
vt -0.300000 -1.691972 0.000000
vt -0.600000 -1.561820 0.000000
vt -0.300000 -1.561820 0.000000
vt -0.600000 -1.431669 0.000000
vt -0.300000 -1.431669 0.000000
vt -0.600000 -1.301517 0.000000
vt -0.300000 -1.301517 0.000000
vt -0.600000 -1.171365 0.000000
vt -0.300000 -1.171365 0.000000
vt -0.600000 -1.041214 0.000000
vt -0.300000 -1.041214 0.000000
vt -0.600000 -0.911062 0.000000
vt -0.300000 -0.911062 0.000000
vt -0.600000 -0.780910 0.000000
vt -0.300000 -0.780910 0.000000
vt -0.600000 -0.650758 0.000000
vt -0.300000 -0.650758 0.000000
vt -0.600000 -0.520607 0.000000
vt -0.300000 -0.520607 0.000000
vt -0.600000 -0.390455 0.000000
vt -0.300000 -0.390455 0.000000
vt -0.600000 -0.260303 0.000000
vt -0.300000 -0.260303 0.000000
vt -0.600000 -0.130152 0.000000
vt -0.300000 -0.130152 0.000000
vt -0.600000 0.000000 0.000000
vt -0.300000 0.000000 0.000000
vt 0.385132 1.036830 0.000000
vt 0.673955 1.117854 0.000000
vt 0.000000 2.409684 0.000000
vt -0.000000 3.520358 0.000000
vt -0.338592 2.313401 0.000000
vt 0.400754 0.983741 0.000000
vt 0.419922 0.923233 0.000000
vt 0.442507 0.855802 0.000000
vt 0.468369 0.782016 0.000000
vt 0.497192 0.702536 0.000000
vt 0.691567 1.058727 0.000000
vt 0.528562 0.617951 0.000000
vt 0.712622 0.993733 0.000000
vt 0.736830 0.923201 0.000000
vt 0.562062 0.528847 0.000000
vt 0.763843 0.847570 0.000000
vt 0.597278 0.435814 0.000000
vt 0.793312 0.767275 0.000000
vt 0.671191 0.240309 0.000000
vt 0.824888 0.682754 0.000000
vt 0.858223 0.594443 0.000000
vt 0.892968 0.502779 0.000000
vt 0.746979 0.036138 0.000000
vt 0.965295 0.311142 0.000000
vt 0.821302 -0.171998 0.000000
vt 1.039079 0.111338 0.000000
vt 0.890854 -0.380461 0.000000
vt 1.111531 -0.093138 0.000000
vt 0.953826 -0.588482 0.000000
vt 1.179862 -0.298790 0.000000
vt 1.008840 -0.795756 0.000000
vt 1.241492 -0.502477 0.000000
vt 1.054541 -1.002022 0.000000
vt 1.295573 -0.705395 0.000000
vt 1.341899 -0.910480 0.000000
vt 1.090553 -1.208283 0.000000
vt 1.380266 -1.120670 0.000000
vt 1.117488 -1.416473 0.000000
vt 1.396399 -1.228596 0.000000
vt 1.410465 -1.338900 0.000000
vt 1.135962 -1.628452 0.000000
vt 1.422438 -1.451949 0.000000
vt 1.432291 -1.568110 0.000000
vt 1.440000 -1.687749 0.000000
vt 1.146593 -1.846079 0.000000
vt 1.445538 -1.811235 0.000000
vt 1.448880 -1.938934 0.000000
vt 1.150000 -2.071213 0.000000
vt 1.450000 -2.071213 0.000000
vt 1.444163 -2.201190 0.000000
vt 1.426698 -2.330121 0.000000
vt 1.144100 -2.187557 0.000000
vt 1.397746 -2.456966 0.000000
vt 1.357541 -2.580707 0.000000
vt 1.126459 -2.302706 0.000000
vt 1.306405 -2.700344 0.000000
vt 1.097260 -2.415481 0.000000
vt 1.244751 -2.814917 0.000000
vt 1.056801 -2.524722 0.000000
vt 1.173075 -2.923502 0.000000
vt 1.005499 -2.629310 0.000000
vt 1.091954 -3.025224 0.000000
vt 0.943878 -2.728172 0.000000
vt 1.002041 -3.119266 0.000000
vt 0.872572 -2.820291 0.000000
vt 0.904060 -3.204869 0.000000
vt 0.792312 -2.904725 0.000000
vt 0.798801 -3.281344 0.000000
vt 0.703922 -2.980605 0.000000
vt 0.687110 -3.348077 0.000000
vt 0.608309 -3.047154 0.000000
vt 0.569886 -3.404528 0.000000
vt 0.506453 -3.103688 0.000000
vt 0.448075 -3.450245 0.000000
vt 0.399401 -3.149628 0.000000
vt 0.322655 -3.484859 0.000000
vt 0.288250 -3.184502 0.000000
vt 0.194638 -3.508090 0.000000
vt 0.174142 -3.207952 0.000000
vt 0.065054 -3.519753 0.000000
vt 0.058247 -3.219737 0.000000
vt -0.058247 -3.219737 0.000000
vt -0.065054 -3.519753 0.000000
vt -0.174142 -3.207952 0.000000
vt -0.194638 -3.508090 0.000000
vt -0.288250 -3.184502 0.000000
vt -0.322655 -3.484859 0.000000
vt -0.399401 -3.149628 0.000000
vt -0.448075 -3.450245 0.000000
vt -0.506453 -3.103688 0.000000
vt -0.569886 -3.404528 0.000000
vt -0.608309 -3.047154 0.000000
vt -0.687110 -3.348077 0.000000
vt -0.703922 -2.980605 0.000000
vt -0.798801 -3.281344 0.000000
vt -0.792312 -2.904725 0.000000
vt -0.904060 -3.204869 0.000000
vt -0.872572 -2.820291 0.000000
vt -1.002041 -3.119266 0.000000
vt -0.943878 -2.728172 0.000000
vt -1.091954 -3.025224 0.000000
vt -1.005499 -2.629310 0.000000
vt -1.173075 -2.923502 0.000000
vt -1.056801 -2.524722 0.000000
vt -1.244751 -2.814917 0.000000
vt -1.097260 -2.415481 0.000000
vt -1.306405 -2.700344 0.000000
vt -1.126459 -2.302706 0.000000
vt -1.357541 -2.580707 0.000000
vt -1.144100 -2.187557 0.000000
vt -1.397746 -2.456966 0.000000
vt -1.426698 -2.330121 0.000000
vt -1.150000 -2.071213 0.000000
vt -1.444163 -2.201190 0.000000
vt -1.450000 -2.071213 0.000000
vt -1.448491 -1.917802 0.000000
vt -1.146593 -1.846079 0.000000
vt -1.444020 -1.771091 0.000000
vt -1.436668 -1.630516 0.000000
vt -1.135962 -1.628452 0.000000
vt -1.426516 -1.495509 0.000000
vt -1.413646 -1.365505 0.000000
vt -1.117488 -1.416473 0.000000
vt -1.398141 -1.239937 0.000000
vt -1.380080 -1.118239 0.000000
vt -1.090553 -1.208283 0.000000
vt -1.359547 -0.999845 0.000000
vt -1.336623 -0.884188 0.000000
vt -1.311389 -0.770702 0.000000
vt -1.054541 -1.002022 0.000000
vt -1.254340 -0.548047 0.000000
vt -1.008840 -0.795756 0.000000
vt -1.189811 -0.329967 0.000000
vt -0.953826 -0.588482 0.000000
vt -1.119282 -0.115396 0.000000
vt -0.890854 -0.380461 0.000000
vt -1.044017 0.097315 0.000000
vt -0.821302 -0.171998 0.000000
vt -0.965281 0.309813 0.000000
vt -0.746979 0.036138 0.000000
vt -0.884768 0.522634 0.000000
vt -0.671191 0.240309 0.000000
vt -0.866151 0.571811 0.000000
vt -0.848828 0.617674 0.000000
vt -0.832726 0.660434 0.000000
vt -0.817772 0.700305 0.000000
vt -0.597278 0.435814 0.000000
vt -0.791010 0.772222 0.000000
vt -0.767954 0.835119 0.000000
vt -0.748013 0.890691 0.000000
vt -0.562062 0.528847 0.000000
vt -0.730600 0.940633 0.000000
vt -0.528562 0.617951 0.000000
vt -0.700996 1.030405 0.000000
vt -0.497192 0.702536 0.000000
vt -0.674428 1.117992 0.000000
vt -0.468369 0.782016 0.000000
vt -0.655610 1.183511 0.000000
vt -0.442507 0.855802 0.000000
vt -0.634860 1.257315 0.000000
vt -0.419922 0.923233 0.000000
vt -0.400754 0.983741 0.000000
vt -0.592536 1.408184 0.000000
vt -0.385132 1.036830 0.000000
vt -0.507888 1.709923 0.000000
vt -0.300000 0.000000 0.000000
vt 0.300000 -0.000000 0.000000
vt -0.300000 0.116543 0.000000
vt 0.300000 0.116543 0.000000
vt -0.300000 0.233086 0.000000
vt 0.300000 0.233086 0.000000
vt -0.300000 0.349629 0.000000
vt 0.300000 0.349629 0.000000
vt -0.300000 0.466172 0.000000
vt 0.300000 0.466172 0.000000
vt -0.300000 0.582715 0.000000
vt 0.300000 0.582715 0.000000
vt -0.300000 0.699258 0.000000
vt 0.300000 0.699258 0.000000
vt -0.300000 0.815801 0.000000
vt 0.300000 0.815801 0.000000
vt -0.300000 0.932344 0.000000
vt 0.300000 0.932344 0.000000
vt -0.300000 1.048887 0.000000
vt 0.300000 1.048887 0.000000
vt -0.300000 1.165430 0.000000
vt 0.300000 1.165430 0.000000
vt -0.300000 1.281972 0.000000
vt 0.300000 1.281972 0.000000
vt -0.300000 1.398515 0.000000
vt 0.300000 1.398515 0.000000
vt -0.300000 1.515058 0.000000
vt 0.300000 1.515058 0.000000
vt -0.300000 1.631601 0.000000
vt 0.300000 1.631601 0.000000
vt -0.300000 1.748144 0.000000
vt 0.300000 1.748144 0.000000
vt -0.300000 1.864687 0.000000
vt 0.300000 1.864687 0.000000
vt -0.300000 1.981230 0.000000
vt 0.300000 1.981230 0.000000
vt -0.300000 2.097773 0.000000
vt 0.300000 2.097773 0.000000
vt -0.300000 2.214316 0.000000
vt 0.300000 2.214316 0.000000
vt -0.300000 2.330859 0.000000
vt 0.300000 2.330859 0.000000
vt -0.300000 2.447402 0.000000
vt 0.300000 2.447402 0.000000
vt -0.300000 2.563945 0.000000
vt 0.300000 2.563945 0.000000
vt -0.300000 2.680488 0.000000
vt 0.300000 2.680488 0.000000
vt -0.300000 2.797031 0.000000
vt 0.300000 2.797031 0.000000
vt -0.300000 2.913574 0.000000
vt 0.300000 2.913574 0.000000
vt -0.300000 3.030117 0.000000
vt 0.300000 3.030117 0.000000
vt -0.300000 3.146660 0.000000
vt 0.300000 3.146660 0.000000
vt -0.300000 3.263203 0.000000
vt 0.300000 3.263203 0.000000
vt -0.300000 3.379746 0.000000
vt 0.300000 3.379746 0.000000
vt -0.300000 3.496289 0.000000
vt 0.300000 3.496289 0.000000
vt -0.300000 3.612832 0.000000
vt 0.300000 3.612832 0.000000
vt 0.000000 0.300000 0.000000
vt -0.168175 0.300000 0.000000
vt 0.000000 -0.300000 0.000000
vt -0.168175 -0.300000 0.000000
vt -0.336350 0.300000 0.000000
vt -0.336350 -0.300000 0.000000
vt -0.504525 0.300000 0.000000
vt -0.504525 -0.300000 0.000000
vt -0.672700 0.300000 0.000000
vt -0.672700 -0.300000 0.000000
vt -0.840875 0.300000 0.000000
vt -0.840875 -0.300000 0.000000
vt -1.009050 0.300000 0.000000
vt -1.009050 -0.300000 0.000000
vt -1.177225 0.300000 0.000000
vt -1.177225 -0.300000 0.000000
vt -1.345400 0.300000 0.000000
vt -1.345400 -0.300000 0.000000
vt -1.513575 0.300000 0.000000
vt -1.513575 -0.300000 0.000000
vt -1.681750 0.300000 0.000000
vt -1.681750 -0.300000 0.000000
vt -1.849925 0.300000 0.000000
vt -1.849925 -0.300000 0.000000
vt -2.018100 0.300000 0.000000
vt -2.018100 -0.300000 0.000000
vt -2.102187 0.300000 0.000000
vt -2.102187 -0.300000 0.000000
vt -2.186275 0.300000 0.000000
vt -2.186275 -0.300000 0.000000
vt -2.270362 0.300000 0.000000
vt -2.270362 -0.300000 0.000000
vt -2.354450 0.300000 0.000000
vt -2.354450 -0.300000 0.000000
vt -2.438537 0.300000 0.000000
vt -2.438537 -0.300000 0.000000
vt -2.522625 -0.300000 0.000000
vt -2.522625 0.300000 0.000000
vt -2.606712 -0.300000 0.000000
vt -2.606712 0.300000 0.000000
vt -2.690800 0.300000 0.000000
vt -2.690800 -0.300000 0.000000
vt -4.640992 0.300000 0.000000
vt -4.640992 -0.300000 0.000000
vt 4.639905 0.300000 0.000000
vt 2.690170 0.300000 0.000000
vt 4.639905 -0.300000 0.000000
vt 2.690170 -0.300000 0.000000
vt 2.606102 0.300000 0.000000
vt 2.606102 -0.300000 0.000000
vt 2.522034 0.300000 0.000000
vt 2.522034 -0.300000 0.000000
vt 2.437966 0.300000 0.000000
vt 2.437966 -0.300000 0.000000
vt 2.353898 0.300000 0.000000
vt 2.353898 -0.300000 0.000000
vt 2.269831 0.300000 0.000000
vt 2.269831 -0.300000 0.000000
vt 2.185763 0.300000 0.000000
vt 2.185763 -0.300000 0.000000
vt 2.101695 0.300000 0.000000
vt 2.101695 -0.300000 0.000000
vt 2.017627 0.300000 0.000000
vt 2.017627 -0.300000 0.000000
vt 1.849492 0.300000 0.000000
vt 1.849492 -0.300000 0.000000
vt 1.681356 0.300000 0.000000
vt 1.681356 -0.300000 0.000000
vt 1.513220 0.300000 0.000000
vt 1.513220 -0.300000 0.000000
vt 1.345085 0.300000 0.000000
vt 1.345085 -0.300000 0.000000
vt 1.176949 0.300000 0.000000
vt 1.176949 -0.300000 0.000000
vt 1.008814 0.300000 0.000000
vt 1.008814 -0.300000 0.000000
vt 0.840678 0.300000 0.000000
vt 0.840678 -0.300000 0.000000
vt 0.672542 0.300000 0.000000
vt 0.672542 -0.300000 0.000000
vt 0.504407 0.300000 0.000000
vt 0.504407 -0.300000 0.000000
vt 0.336271 0.300000 0.000000
vt 0.336271 -0.300000 0.000000
vt 0.168136 0.300000 0.000000
vt 0.168136 -0.300000 0.000000
vt 0.000000 0.300000 0.000000
vt 0.000000 -0.300000 0.000000
vt -1.146593 -1.846079 0.000000
vt -1.448880 -1.938934 0.000000
vt -1.150000 -2.071213 0.000000
vt -1.450000 -2.071213 0.000000
vt -1.444163 -2.201190 0.000000
vt -1.135962 -1.628452 0.000000
vt -1.440000 -1.687749 0.000000
vt -1.445538 -1.811235 0.000000
vt -1.117488 -1.416473 0.000000
vt -1.410465 -1.338900 0.000000
vt -1.422438 -1.451949 0.000000
vt -1.432291 -1.568110 0.000000
vt -1.090553 -1.208283 0.000000
vt -1.380266 -1.120670 0.000000
vt -1.396399 -1.228596 0.000000
vt -1.341899 -0.910480 0.000000
vt -1.054541 -1.002022 0.000000
vt -1.295573 -0.705395 0.000000
vt -1.241492 -0.502477 0.000000
vt -1.008840 -0.795756 0.000000
vt -1.179862 -0.298790 0.000000
vt -0.953826 -0.588482 0.000000
vt -1.111531 -0.093138 0.000000
vt -0.890854 -0.380461 0.000000
vt -1.039079 0.111338 0.000000
vt -0.821302 -0.171998 0.000000
vt -0.965295 0.311142 0.000000
vt -0.746979 0.036138 0.000000
vt -0.892968 0.502779 0.000000
vt -0.671191 0.240309 0.000000
vt -0.858223 0.594443 0.000000
vt -0.824888 0.682754 0.000000
vt -0.793312 0.767275 0.000000
vt -0.597278 0.435814 0.000000
vt -0.763843 0.847570 0.000000
vt -0.562062 0.528847 0.000000
vt -0.736830 0.923201 0.000000
vt -0.528562 0.617951 0.000000
vt -0.712622 0.993733 0.000000
vt -0.691567 1.058727 0.000000
vt -0.497192 0.702536 0.000000
vt -0.673955 1.117854 0.000000
vt -0.468369 0.782016 0.000000
vt -0.442507 0.855802 0.000000
vt -0.419922 0.923233 0.000000
vt -0.400754 0.983741 0.000000
vt -0.385132 1.036830 0.000000
vt -0.000000 2.409684 0.000000
vt 0.000000 3.520358 0.000000
vt 0.338592 2.313401 0.000000
vt 0.385132 1.036830 0.000000
vt 0.507888 1.709923 0.000000
vt 0.592536 1.408184 0.000000
vt 0.400754 0.983741 0.000000
vt 0.634860 1.257315 0.000000
vt 0.419922 0.923233 0.000000
vt 0.442507 0.855802 0.000000
vt 0.655610 1.183511 0.000000
vt 0.468369 0.782016 0.000000
vt 0.674428 1.117992 0.000000
vt 0.497192 0.702536 0.000000
vt 0.700996 1.030405 0.000000
vt 0.528562 0.617951 0.000000
vt 0.730600 0.940633 0.000000
vt 0.562062 0.528847 0.000000
vt 0.748013 0.890691 0.000000
vt 0.597278 0.435814 0.000000
vt 0.767954 0.835119 0.000000
vt 0.791010 0.772222 0.000000
vt 0.817772 0.700305 0.000000
vt 0.671191 0.240309 0.000000
vt 0.832726 0.660434 0.000000
vt 0.848828 0.617674 0.000000
vt 0.866151 0.571811 0.000000
vt 0.884768 0.522634 0.000000
vt 0.746979 0.036138 0.000000
vt 0.965281 0.309813 0.000000
vt 0.821302 -0.171998 0.000000
vt 1.044017 0.097315 0.000000
vt 0.890854 -0.380461 0.000000
vt 1.119282 -0.115396 0.000000
vt 0.953826 -0.588482 0.000000
vt 1.189811 -0.329967 0.000000
vt 1.008840 -0.795756 0.000000
vt 1.254340 -0.548047 0.000000
vt 1.054541 -1.002022 0.000000
vt 1.311389 -0.770702 0.000000
vt 1.090553 -1.208283 0.000000
vt 1.336623 -0.884188 0.000000
vt 1.359547 -0.999845 0.000000
vt 1.380080 -1.118239 0.000000
vt 1.117488 -1.416473 0.000000
vt 1.398141 -1.239937 0.000000
vt 1.413646 -1.365505 0.000000
vt 1.135962 -1.628452 0.000000
vt 1.426516 -1.495509 0.000000
vt 1.436668 -1.630516 0.000000
vt 1.146593 -1.846079 0.000000
vt 1.444020 -1.771091 0.000000
vt 1.448491 -1.917802 0.000000
vt 1.150000 -2.071213 0.000000
vt 1.450000 -2.071213 0.000000
vt 1.444163 -2.201190 0.000000
vt 1.426698 -2.330121 0.000000
vt 1.144100 -2.187557 0.000000
vt 1.397746 -2.456966 0.000000
vt 1.357541 -2.580707 0.000000
vt 1.126459 -2.302706 0.000000
vt 1.306405 -2.700344 0.000000
vt 1.097260 -2.415481 0.000000
vt 1.244751 -2.814917 0.000000
vt 1.056801 -2.524722 0.000000
vt 1.173075 -2.923502 0.000000
vt 1.005499 -2.629310 0.000000
vt 1.091954 -3.025224 0.000000
vt 0.943878 -2.728172 0.000000
vt 1.002041 -3.119266 0.000000
vt 0.872572 -2.820291 0.000000
vt 0.904060 -3.204869 0.000000
vt 0.792312 -2.904725 0.000000
vt 0.798801 -3.281344 0.000000
vt 0.703922 -2.980605 0.000000
vt 0.687110 -3.348077 0.000000
vt 0.608309 -3.047154 0.000000
vt 0.569886 -3.404528 0.000000
vt 0.506453 -3.103688 0.000000
vt 0.448075 -3.450245 0.000000
vt 0.399401 -3.149628 0.000000
vt 0.322655 -3.484859 0.000000
vt 0.288250 -3.184502 0.000000
vt 0.194638 -3.508090 0.000000
vt 0.174142 -3.207952 0.000000
vt 0.065054 -3.519753 0.000000
vt 0.058247 -3.219737 0.000000
vt -0.058247 -3.219737 0.000000
vt -0.065054 -3.519753 0.000000
vt -0.174142 -3.207952 0.000000
vt -0.194638 -3.508090 0.000000
vt -0.288250 -3.184502 0.000000
vt -0.322655 -3.484859 0.000000
vt -0.399401 -3.149628 0.000000
vt -0.448075 -3.450245 0.000000
vt -0.506453 -3.103688 0.000000
vt -0.569886 -3.404528 0.000000
vt -0.608309 -3.047154 0.000000
vt -0.687110 -3.348077 0.000000
vt -0.703922 -2.980605 0.000000
vt -0.798801 -3.281344 0.000000
vt -0.792312 -2.904725 0.000000
vt -0.904060 -3.204869 0.000000
vt -0.872572 -2.820291 0.000000
vt -1.002041 -3.119266 0.000000
vt -0.943878 -2.728172 0.000000
vt -1.091954 -3.025224 0.000000
vt -1.005499 -2.629310 0.000000
vt -1.173075 -2.923502 0.000000
vt -1.056801 -2.524722 0.000000
vt -1.244751 -2.814917 0.000000
vt -1.097260 -2.415481 0.000000
vt -1.306405 -2.700344 0.000000
vt -1.126459 -2.302706 0.000000
vt -1.357541 -2.580707 0.000000
vt -1.144100 -2.187557 0.000000
vt -1.397746 -2.456966 0.000000
vt -1.426698 -2.330121 0.000000
vt -4.462580 0.300000 0.000000
vt -3.209030 0.300000 0.000000
vt -4.462580 1.800000 0.000000
vt -1.967337 1.800000 0.000000
vt -2.582255 0.300000 0.000000
vt -2.268868 0.300000 0.000000
vt -2.112174 0.300000 0.000000
vt -2.035508 0.300000 0.000000
vt -1.967342 0.300000 0.000000
vt -1.905858 1.800000 0.000000
vt -1.859102 0.300000 0.000000
vt -1.844379 1.800000 0.000000
vt -1.771594 0.300000 0.000000
vt -1.782899 1.800000 0.000000
vt -1.721420 1.800000 0.000000
vt -1.728254 0.300000 0.000000
vt -1.683072 0.300000 0.000000
vt -1.659941 1.800000 0.000000
vt -1.634875 0.300000 0.000000
vt -1.598461 1.800000 0.000000
vt -1.582642 0.300000 0.000000
vt -1.554757 0.300000 0.000000
vt -1.536982 1.800000 0.000000
vt -1.525567 0.300000 0.000000
vt -1.494979 0.300000 0.000000
vt -1.475503 1.800000 0.000000
vt -1.462899 0.300000 0.000000
vt -1.414024 1.800000 0.000000
vt -1.330505 0.300000 0.000000
vt -1.352544 1.800000 0.000000
vt -1.229586 1.800000 0.000000
vt -1.205040 0.300000 0.000000
vt -1.106627 1.800000 0.000000
vt -1.082674 0.300000 0.000000
vt -0.983669 1.800000 0.000000
vt -0.960477 0.300000 0.000000
vt -0.860710 1.800000 0.000000
vt -0.837151 0.300000 0.000000
vt -0.737751 1.800000 0.000000
vt -0.711874 0.300000 0.000000
vt -0.648174 0.300000 0.000000
vt -0.614793 1.800000 0.000000
vt -0.583299 0.300000 0.000000
vt -0.491834 1.800000 0.000000
vt -0.516943 0.300000 0.000000
vt -0.448931 0.300000 0.000000
vt -0.368876 1.800000 0.000000
vt -0.379115 0.300000 0.000000
vt -0.307380 0.300000 0.000000
vt -0.233635 0.300000 0.000000
vt -0.254193 0.754955 0.000000
vt -0.260683 0.802516 0.000000
vt -0.264601 0.850936 0.000000
vt -0.157829 0.300000 0.000000
vt -0.186575 0.546562 0.000000
vt -0.204330 0.582910 0.000000
vt -0.220145 0.622356 0.000000
vt -0.079945 0.300000 0.000000
vt -0.123577 0.459152 0.000000
vt -0.146014 0.484426 0.000000
vt -0.167082 0.513655 0.000000
vt 0.000000 0.300000 0.000000
vt -0.025424 0.402419 0.000000
vt -0.050759 0.409650 0.000000
vt -0.075745 0.421616 0.000000
vt 0.000000 0.400000 0.000000
vt -0.100085 0.438165 0.000000
vt -0.233802 0.664394 0.000000
vt -0.245188 0.708704 0.000000
vt -0.265918 0.899864 0.000000
vt -0.264609 0.948930 0.000000
vt -0.260687 0.997449 0.000000
vt -0.245917 1.800000 0.000000
vt -0.254207 1.044960 0.000000
vt -0.245227 1.091121 0.000000
vt -0.233823 1.135532 0.000000
vt -0.220166 1.177586 0.000000
vt -0.204391 1.216953 0.000000
vt -0.186628 1.253339 0.000000
vt -0.167099 1.286319 0.000000
vt -0.122959 1.800000 0.000000
vt -0.146039 1.315543 0.000000
vt -0.123625 1.340799 0.000000
vt -0.100092 1.361830 0.000000
vt -0.075735 1.378389 0.000000
vt -0.050755 1.390352 0.000000
vt 0.000000 1.800000 0.000000
vt -0.025422 1.397581 0.000000
vt 0.000000 1.400000 0.000000
vt 1.749307 0.737349 0.000000
vt 1.750000 0.785398 0.000000
vt 1.450000 0.785398 0.000000
vt 1.749855 0.834600 0.000000
vt 1.449849 0.834602 0.000000
vt 1.749419 0.883792 0.000000
vt 1.449397 0.883791 0.000000
vt 1.748703 0.932936 0.000000
vt 1.448651 0.932958 0.000000
vt 1.747727 0.982100 0.000000
vt 1.447636 0.982021 0.000000
vt 1.446383 1.031074 0.000000
vt 1.746522 1.031204 0.000000
vt 1.745131 1.080272 0.000000
vt 1.444930 1.080212 0.000000
vt 1.743601 1.129409 0.000000
vt 1.443332 1.129263 0.000000
vt 1.441652 1.178261 0.000000
vt 1.741991 1.178477 0.000000
vt 1.740366 1.227498 0.000000
vt 1.439949 1.227322 0.000000
vt 1.738785 1.276587 0.000000
vt 1.438291 1.276442 0.000000
vt 1.436752 1.325464 0.000000
vt 1.737316 1.325697 0.000000
vt 1.736022 1.374707 0.000000
vt 1.435389 1.374496 0.000000
vt 1.734950 1.423731 0.000000
vt 1.434261 1.423636 0.000000
vt 1.433425 1.472684 0.000000
vt 1.734148 1.472873 0.000000
vt 1.432908 1.521653 0.000000
vt 1.733660 1.521939 0.000000
vt 1.432727 1.570660 0.000000
vt 1.733496 1.570924 0.000000
vt 1.432900 1.619805 0.000000
vt 1.432900 -1.521788 0.000000
vt 1.733496 -1.570669 0.000000
vt 1.733659 -1.521647 0.000000
vt 1.433423 -1.472720 0.000000
vt 1.734154 -1.472499 0.000000
vt 1.434263 -1.423725 0.000000
vt 1.734958 -1.423456 0.000000
vt 1.435384 -1.374686 0.000000
vt 1.736029 -1.374492 0.000000
vt 1.436748 -1.325548 0.000000
vt 1.737322 -1.325493 0.000000
vt 1.438289 -1.276511 0.000000
vt 1.738792 -1.276365 0.000000
vt 1.439943 -1.227500 0.000000
vt 1.740372 -1.227301 0.000000
vt 1.441648 -1.178400 0.000000
vt 1.741998 -1.178273 0.000000
vt 1.443331 -1.129304 0.000000
vt 1.743609 -1.129164 0.000000
vt 1.444927 -1.080268 0.000000
vt 1.745135 -1.080082 0.000000
vt 1.446381 -1.031177 0.000000
vt 1.746522 -1.031096 0.000000
vt 1.447637 -0.982033 0.000000
vt 1.747726 -0.982088 0.000000
vt 1.748703 -0.932950 0.000000
vt 1.448652 -0.932939 0.000000
vt 1.749419 -0.883790 0.000000
vt 1.449397 -0.883782 0.000000
vt 1.749855 -0.834601 0.000000
vt 1.449849 -0.834597 0.000000
vt 1.450000 -0.785398 0.000000
vt 1.750000 -0.785398 0.000000
vt 1.749307 -0.737349 0.000000
vt 1.449159 -0.737228 0.000000
vt 1.747272 -0.688232 0.000000
vt 1.446693 -0.688024 0.000000
vt 1.743964 -0.638482 0.000000
vt 1.442685 -0.638220 0.000000
vt 1.739452 -0.588497 0.000000
vt 1.437217 -0.588218 0.000000
vt 1.733879 -0.538587 0.000000
vt 1.430463 -0.538324 0.000000
vt 1.727552 -0.489047 0.000000
vt 1.422791 -0.488830 0.000000
vt 1.720790 -0.440260 0.000000
vt 1.414583 -0.440114 0.000000
vt 1.713907 -0.392654 0.000000
vt 1.406218 -0.392599 0.000000
vt 1.706994 -0.345049 0.000000
vt 1.397799 -0.345087 0.000000
vt 1.389444 -0.296392 0.000000
vt 1.700149 -0.296272 0.000000
vt 1.693702 -0.246747 0.000000
vt 1.687984 -0.196854 0.000000
vt 1.374543 -0.197077 0.000000
vt 1.381557 -0.246931 0.000000
vt 1.683326 -0.146887 0.000000
vt 1.368814 -0.147113 0.000000
vt 1.679896 -0.097152 0.000000
vt 1.364583 -0.097342 0.000000
vt 1.361964 -0.048161 0.000000
vt 1.677776 -0.048045 0.000000
vt 1.677051 0.000000 0.000000
vt 1.361066 0.000000 0.000000
vt 1.677776 0.048045 0.000000
vt 1.361964 0.048161 0.000000
vt 1.679896 0.097152 0.000000
vt 1.364583 0.097342 0.000000
vt 1.683326 0.146887 0.000000
vt 1.368814 0.147113 0.000000
vt 1.687984 0.196854 0.000000
vt 1.374543 0.197077 0.000000
vt 1.693702 0.246747 0.000000
vt 1.381557 0.246931 0.000000
vt 1.700149 0.296272 0.000000
vt 1.389444 0.296392 0.000000
vt 1.706994 0.345049 0.000000
vt 1.397799 0.345087 0.000000
vt 1.406218 0.392599 0.000000
vt 1.713907 0.392654 0.000000
vt 1.414583 0.440114 0.000000
vt 1.720790 0.440260 0.000000
vt 1.422791 0.488830 0.000000
vt 1.727552 0.489047 0.000000
vt 1.430463 0.538324 0.000000
vt 1.733879 0.538587 0.000000
vt 1.437217 0.588218 0.000000
vt 1.739452 0.588497 0.000000
vt 1.442685 0.638220 0.000000
vt 1.743964 0.638482 0.000000
vt 1.446693 0.688024 0.000000
vt 1.747272 0.688232 0.000000
vt 1.449159 0.737228 0.000000
vt -1.449849 0.834597 0.000000
vt -1.749855 0.834601 0.000000
vt -1.450000 0.785398 0.000000
vt -1.750000 0.785398 0.000000
vt -1.749307 0.737349 0.000000
vt -1.449397 0.883782 0.000000
vt -1.749419 0.883790 0.000000
vt -1.448652 0.932939 0.000000
vt -1.748703 0.932950 0.000000
vt -1.447637 0.982033 0.000000
vt -1.747726 0.982088 0.000000
vt -1.746522 1.031096 0.000000
vt -1.446381 1.031177 0.000000
vt -1.745135 1.080082 0.000000
vt -1.444927 1.080268 0.000000
vt -1.743609 1.129164 0.000000
vt -1.443331 1.129304 0.000000
vt -1.741998 1.178273 0.000000
vt -1.441648 1.178400 0.000000
vt -1.740372 1.227301 0.000000
vt -1.439943 1.227500 0.000000
vt -1.738792 1.276365 0.000000
vt -1.438289 1.276511 0.000000
vt -1.737322 1.325493 0.000000
vt -1.436748 1.325548 0.000000
vt -1.736029 1.374492 0.000000
vt -1.435384 1.374686 0.000000
vt -1.734958 1.423456 0.000000
vt -1.434263 1.423725 0.000000
vt -1.734154 1.472499 0.000000
vt -1.433423 1.472720 0.000000
vt -1.733659 1.521647 0.000000
vt -1.432900 1.521788 0.000000
vt -1.733496 1.570669 0.000000
vt -1.432727 1.570932 0.000000
vt -1.733660 1.619654 0.000000
vt -1.733660 -1.521939 0.000000
vt -1.432727 -1.570660 0.000000
vt -1.432908 -1.521653 0.000000
vt -1.734148 -1.472873 0.000000
vt -1.433425 -1.472684 0.000000
vt -1.734950 -1.423731 0.000000
vt -1.434261 -1.423636 0.000000
vt -1.435389 -1.374496 0.000000
vt -1.736022 -1.374707 0.000000
vt -1.436752 -1.325464 0.000000
vt -1.737316 -1.325697 0.000000
vt -1.738785 -1.276587 0.000000
vt -1.438291 -1.276442 0.000000
vt -1.439949 -1.227322 0.000000
vt -1.740366 -1.227498 0.000000
vt -1.441652 -1.178261 0.000000
vt -1.741991 -1.178477 0.000000
vt -1.743601 -1.129409 0.000000
vt -1.443332 -1.129263 0.000000
vt -1.444930 -1.080212 0.000000
vt -1.745131 -1.080272 0.000000
vt -1.446383 -1.031074 0.000000
vt -1.746522 -1.031204 0.000000
vt -1.747727 -0.982100 0.000000
vt -1.447636 -0.982021 0.000000
vt -1.448651 -0.932958 0.000000
vt -1.748703 -0.932936 0.000000
vt -1.449397 -0.883791 0.000000
vt -1.749419 -0.883792 0.000000
vt -1.449849 -0.834602 0.000000
vt -1.749855 -0.834600 0.000000
vt -1.450000 -0.785398 0.000000
vt -1.750000 -0.785398 0.000000
vt -1.749307 -0.737349 0.000000
vt -1.449159 -0.737228 0.000000
vt -1.747272 -0.688232 0.000000
vt -1.446693 -0.688024 0.000000
vt -1.743964 -0.638482 0.000000
vt -1.442685 -0.638220 0.000000
vt -1.739452 -0.588497 0.000000
vt -1.437217 -0.588218 0.000000
vt -1.733879 -0.538587 0.000000
vt -1.430463 -0.538324 0.000000
vt -1.727552 -0.489047 0.000000
vt -1.422791 -0.488830 0.000000
vt -1.720790 -0.440260 0.000000
vt -1.414583 -0.440114 0.000000
vt -1.713907 -0.392654 0.000000
vt -1.406218 -0.392599 0.000000
vt -1.706994 -0.345049 0.000000
vt -1.397799 -0.345087 0.000000
vt -1.389444 -0.296392 0.000000
vt -1.700149 -0.296272 0.000000
vt -1.381557 -0.246931 0.000000
vt -1.693702 -0.246747 0.000000
vt -1.374543 -0.197077 0.000000
vt -1.687984 -0.196854 0.000000
vt -1.368814 -0.147113 0.000000
vt -1.683326 -0.146887 0.000000
vt -1.364583 -0.097342 0.000000
vt -1.679896 -0.097152 0.000000
vt -1.361964 -0.048161 0.000000
vt -1.677776 -0.048045 0.000000
vt -1.361066 0.000000 0.000000
vt -1.677051 0.000000 0.000000
vt -1.361964 0.048161 0.000000
vt -1.677776 0.048045 0.000000
vt -1.679896 0.097152 0.000000
vt -1.364583 0.097342 0.000000
vt -1.368814 0.147113 0.000000
vt -1.683326 0.146887 0.000000
vt -1.374543 0.197077 0.000000
vt -1.687984 0.196854 0.000000
vt -1.693702 0.246747 0.000000
vt -1.381557 0.246931 0.000000
vt -1.389444 0.296392 0.000000
vt -1.397799 0.345087 0.000000
vt -1.706994 0.345049 0.000000
vt -1.700149 0.296272 0.000000
vt -1.406218 0.392599 0.000000
vt -1.713907 0.392654 0.000000
vt -1.414583 0.440114 0.000000
vt -1.720790 0.440260 0.000000
vt -1.422791 0.488830 0.000000
vt -1.727552 0.489047 0.000000
vt -1.430463 0.538324 0.000000
vt -1.733879 0.538587 0.000000
vt -1.437217 0.588218 0.000000
vt -1.739452 0.588497 0.000000
vt -1.442685 0.638220 0.000000
vt -1.743964 0.638482 0.000000
vt -1.446693 0.688024 0.000000
vt -1.747272 0.688232 0.000000
vt -1.449159 0.737228 0.000000
vt 0.400000 -4.555309 0.000000
vt 0.300000 -4.555309 0.000000
vt 0.402395 -4.603408 0.000000
vt 0.300000 -4.685461 0.000000
vt 0.409586 -4.652120 0.000000
vt 0.421578 -4.700596 0.000000
vt 0.438379 -4.747985 0.000000
vt 0.300000 -4.815613 0.000000
vt 0.459877 -4.793489 0.000000
vt 0.485511 -4.836484 0.000000
vt 0.514614 -4.876371 0.000000
vt 0.300000 -4.945764 0.000000
vt 0.546517 -4.912536 0.000000
vt 0.581710 -4.945517 0.000000
vt 0.620735 -4.975771 0.000000
vt 0.663018 -5.002563 0.000000
vt 0.300000 -5.075916 0.000000
vt 0.707986 -5.025149 0.000000
vt 0.755022 -5.042880 0.000000
vt 0.803298 -5.055585 0.000000
vt 0.851920 -5.063233 0.000000
vt 0.900000 -5.065789 0.000000
vt 1.800000 -5.075916 0.000000
vt 0.948080 -5.063233 0.000000
vt 0.996702 -5.055585 0.000000
vt 1.044978 -5.042880 0.000000
vt 1.092014 -5.025149 0.000000
vt 1.136982 -5.002563 0.000000
vt 1.800000 -4.945764 0.000000
vt 1.179265 -4.975771 0.000000
vt 1.218290 -4.945517 0.000000
vt 1.253483 -4.912536 0.000000
vt 1.285386 -4.876371 0.000000
vt 1.800000 -4.815613 0.000000
vt 1.314489 -4.836484 0.000000
vt 1.340123 -4.793489 0.000000
vt 1.361621 -4.747985 0.000000
vt 1.800000 -4.685461 0.000000
vt 1.378422 -4.700596 0.000000
vt 1.390414 -4.652120 0.000000
vt 1.397605 -4.603408 0.000000
vt 1.800000 -4.555309 0.000000
vt 1.400000 -4.555309 0.000000
vt 1.800000 -5.206068 0.000000
vt 0.300000 -5.206068 0.000000
vt 1.800000 -5.336220 0.000000
vt 0.300000 -5.336220 0.000000
vt 1.800000 -5.466371 0.000000
vt 0.300000 -5.466371 0.000000
vt 1.800000 -5.596523 0.000000
vt 0.300000 -5.596523 0.000000
vt 1.800000 -5.726675 0.000000
vt 0.300000 -5.726675 0.000000
vt 1.800000 -5.856826 0.000000
vt 0.300000 -5.856826 0.000000
vt 1.800000 -5.986978 0.000000
vt 0.300000 -5.986978 0.000000
vt 1.800000 -6.117130 0.000000
vt 0.300000 -6.117130 0.000000
vt 1.800000 -6.247281 0.000000
vt 0.300000 -6.247281 0.000000
vt 1.800000 -6.377433 0.000000
vt 0.300000 -6.377433 0.000000
vt 1.800000 -6.507585 0.000000
vt 0.300000 -6.507585 0.000000
vt 1.800000 -6.637736 0.000000
vt 0.300000 -6.637736 0.000000
vt 1.800000 -6.767888 0.000000
vt 0.300000 -6.767888 0.000000
vt 1.800000 -6.898040 0.000000
vt 0.300000 -6.898040 0.000000
vt 1.800000 -7.028192 0.000000
vt 0.300000 -7.028192 0.000000
vt 1.800000 -7.158343 0.000000
vt 0.300000 -7.158343 0.000000
vt 1.800000 -7.288495 0.000000
vt 0.300000 -7.288495 0.000000
vt 1.800000 -7.418647 0.000000
vt 0.300000 -7.418647 0.000000
vt 1.800000 -7.548798 0.000000
vt 0.300000 -7.548798 0.000000
vt 1.800000 -7.678950 0.000000
vt 0.300000 -7.678950 0.000000
vt 1.800000 -7.809102 0.000000
vt 0.300000 -7.809102 0.000000
vt 1.800000 -7.939253 0.000000
vt 0.300000 -7.939253 0.000000
vt 1.800000 -8.069405 0.000000
vt 0.300000 -8.069405 0.000000
vt 1.800000 -8.199557 0.000000
vt 0.300000 -8.199557 0.000000
vt 1.800000 -8.329709 0.000000
vt 0.300000 -8.329709 0.000000
vt 1.800000 -8.459860 0.000000
vt 0.300000 -8.459860 0.000000
vt 1.800000 -8.590012 0.000000
vt 0.300000 -8.590012 0.000000
vt 0.900000 -8.600139 0.000000
vt 0.851920 -8.602695 0.000000
vt 0.803298 -8.610343 0.000000
vt 0.755022 -8.623048 0.000000
vt 0.707986 -8.640779 0.000000
vt 0.663018 -8.663365 0.000000
vt 0.300000 -8.720164 0.000000
vt 0.620735 -8.690157 0.000000
vt 0.581710 -8.720411 0.000000
vt 0.546517 -8.753392 0.000000
vt 0.514614 -8.789557 0.000000
vt 0.300000 -8.850315 0.000000
vt 0.485511 -8.829444 0.000000
vt 0.459877 -8.872439 0.000000
vt 0.438379 -8.917943 0.000000
vt 0.300000 -8.980467 0.000000
vt 0.421578 -8.965332 0.000000
vt 0.409586 -9.013808 0.000000
vt 0.402395 -9.062520 0.000000
vt 0.300000 -9.110619 0.000000
vt 0.400000 -9.110619 0.000000
vt 0.948080 -8.602695 0.000000
vt 0.996702 -8.610343 0.000000
vt 1.044978 -8.623048 0.000000
vt 1.092014 -8.640779 0.000000
vt 1.136982 -8.663365 0.000000
vt 1.800000 -8.720164 0.000000
vt 1.179265 -8.690157 0.000000
vt 1.218290 -8.720411 0.000000
vt 1.253483 -8.753392 0.000000
vt 1.285386 -8.789557 0.000000
vt 1.800000 -8.850315 0.000000
vt 1.314489 -8.829444 0.000000
vt 1.340123 -8.872439 0.000000
vt 1.361621 -8.917943 0.000000
vt 1.800000 -8.980467 0.000000
vt 1.378422 -8.965332 0.000000
vt 1.390414 -9.013808 0.000000
vt 1.397605 -9.062520 0.000000
vt 1.800000 -9.110619 0.000000
vt 1.400000 -9.110619 0.000000
vt -1.400000 0.000000 0.000000
vt -1.397617 0.047975 0.000000
vt -1.800000 0.000000 0.000000
vt -1.800000 0.140969 0.000000
vt -1.390455 0.096582 0.000000
vt -1.378498 0.144958 0.000000
vt -1.361728 0.192237 0.000000
vt -1.800000 0.281938 0.000000
vt -1.340247 0.237607 0.000000
vt -1.314608 0.280432 0.000000
vt -1.285478 0.320113 0.000000
vt -1.253521 0.356037 0.000000
vt -1.800000 0.422907 0.000000
vt -1.218259 0.388726 0.000000
vt -1.179163 0.418639 0.000000
vt -1.136818 0.445062 0.000000
vt -1.091808 0.467279 0.000000
vt -1.044762 0.484675 0.000000
vt -0.996516 0.497109 0.000000
vt -1.800000 0.563876 0.000000
vt -0.947964 0.504575 0.000000
vt -0.900000 0.507065 0.000000
vt -0.000000 0.563876 0.000000
vt -0.852036 0.504575 0.000000
vt -0.803484 0.497109 0.000000
vt -0.755238 0.484675 0.000000
vt -0.000000 0.422907 0.000000
vt -0.708192 0.467279 0.000000
vt -0.663182 0.445062 0.000000
vt -0.620837 0.418639 0.000000
vt -0.581741 0.388726 0.000000
vt -0.546479 0.356037 0.000000
vt -0.000000 0.281938 0.000000
vt -0.514522 0.320113 0.000000
vt -0.485392 0.280432 0.000000
vt -0.459753 0.237607 0.000000
vt -0.438272 0.192237 0.000000
vt -0.000000 0.140969 0.000000
vt -0.421502 0.144958 0.000000
vt -0.409545 0.096582 0.000000
vt -0.402383 0.047975 0.000000
vt -0.000000 0.000000 0.000000
vt -0.400000 0.000000 0.000000
vt -0.000000 0.704845 0.000000
vt -1.800000 0.704845 0.000000
vt -0.000000 0.845813 0.000000
vt -1.800000 0.845813 0.000000
vt -0.000000 0.986782 0.000000
vt -1.800000 0.986782 0.000000
vt -0.000000 1.127751 0.000000
vt -1.800000 1.127751 0.000000
vt -0.000000 1.268720 0.000000
vt -1.800000 1.268720 0.000000
vt -0.000000 1.409689 0.000000
vt -1.800000 1.409689 0.000000
vt -0.000000 1.550658 0.000000
vt -1.800000 1.550658 0.000000
vt -0.000000 1.691627 0.000000
vt -1.800000 1.691627 0.000000
vt -0.000000 1.832596 0.000000
vt -1.800000 1.832596 0.000000
vt -0.000000 1.973565 0.000000
vt -1.800000 1.973565 0.000000
vt -0.000000 2.114534 0.000000
vt -1.800000 2.114534 0.000000
vt -0.000000 2.255502 0.000000
vt -1.800000 2.255502 0.000000
vt -0.000000 2.396471 0.000000
vt -1.800000 2.396471 0.000000
vt -0.000000 2.537440 0.000000
vt -1.800000 2.537440 0.000000
vt -0.000000 2.678409 0.000000
vt -1.800000 2.678409 0.000000
vt -0.000000 2.819378 0.000000
vt -1.800000 2.819378 0.000000
vt -0.000000 2.960347 0.000000
vt -1.800000 2.960347 0.000000
vt -0.000000 3.101316 0.000000
vt -1.800000 3.101316 0.000000
vt -0.000000 3.242285 0.000000
vt -1.800000 3.242285 0.000000
vt -0.000000 3.383254 0.000000
vt -1.800000 3.383254 0.000000
vt -0.000000 3.524223 0.000000
vt -1.800000 3.524223 0.000000
vt -0.000000 3.665191 0.000000
vt -1.800000 3.665191 0.000000
vt -0.000000 3.806160 0.000000
vt -1.800000 3.806160 0.000000
vt -0.000000 3.947129 0.000000
vt -1.800000 3.947129 0.000000
vt -0.000000 4.088098 0.000000
vt -1.800000 4.088098 0.000000
vt -0.000000 4.229067 0.000000
vt -1.800000 4.229067 0.000000
vt -0.000000 4.370036 0.000000
vt -1.800000 4.370036 0.000000
vt -0.000000 4.511005 0.000000
vt -1.800000 4.511005 0.000000
vt -0.000000 4.651974 0.000000
vt -1.800000 4.651974 0.000000
vt -0.000000 4.792943 0.000000
vt -1.800000 4.792943 0.000000
vt -0.000000 4.933912 0.000000
vt -1.800000 4.933912 0.000000
vt -0.900000 4.990722 0.000000
vt -0.947964 4.993212 0.000000
vt -0.000000 5.074880 0.000000
vt -0.755238 5.013112 0.000000
vt -0.803484 5.000678 0.000000
vt -0.852036 4.993212 0.000000
vt -0.000000 5.215849 0.000000
vt -0.546479 5.141750 0.000000
vt -0.581741 5.109061 0.000000
vt -0.620837 5.079149 0.000000
vt -0.000000 5.356818 0.000000
vt -0.438272 5.305550 0.000000
vt -0.459753 5.260181 0.000000
vt -0.485392 5.217355 0.000000
vt -0.000000 5.497787 0.000000
vt -0.402383 5.449812 0.000000
vt -0.409545 5.401205 0.000000
vt -0.421502 5.352829 0.000000
vt -0.400000 5.497787 0.000000
vt -0.514522 5.177674 0.000000
vt -0.663182 5.052725 0.000000
vt -0.708192 5.030508 0.000000
vt -0.996516 5.000678 0.000000
vt -1.044762 5.013112 0.000000
vt -1.800000 5.074880 0.000000
vt -1.091808 5.030508 0.000000
vt -1.136818 5.052725 0.000000
vt -1.179163 5.079149 0.000000
vt -1.218259 5.109061 0.000000
vt -1.253521 5.141750 0.000000
vt -1.800000 5.215849 0.000000
vt -1.285478 5.177674 0.000000
vt -1.314608 5.217355 0.000000
vt -1.340247 5.260181 0.000000
vt -1.361728 5.305550 0.000000
vt -1.800000 5.356818 0.000000
vt -1.378498 5.352829 0.000000
vt -1.390455 5.401205 0.000000
vt -1.397617 5.449812 0.000000
vt -1.800000 5.497787 0.000000
vt -1.400000 5.497787 0.000000
vt 0.000000 0.400000 0.000000
vt 0.000000 0.300000 0.000000
vt 0.025422 0.402419 0.000000
vt 0.068839 0.300000 0.000000
vt 0.050755 0.409648 0.000000
vt 0.075735 0.421611 0.000000
vt 0.100092 0.438170 0.000000
vt 0.136387 0.300000 0.000000
vt 0.123625 0.459201 0.000000
vt 0.146039 0.484457 0.000000
vt 0.167099 0.513681 0.000000
vt 0.202643 0.300000 0.000000
vt 0.186628 0.546661 0.000000
vt 0.204391 0.583047 0.000000
vt 0.220166 0.622414 0.000000
vt 0.267621 0.300000 0.000000
vt 0.233823 0.664468 0.000000
vt 0.245227 0.708879 0.000000
vt 0.254207 0.755040 0.000000
vt 0.260687 0.802551 0.000000
vt 0.331350 0.300000 0.000000
vt 0.264609 0.851070 0.000000
vt 0.265918 0.900136 0.000000
vt 0.264601 0.949064 0.000000
vt 0.245917 1.800000 0.000000
vt 0.260683 0.997484 0.000000
vt 0.254193 1.045045 0.000000
vt 0.245188 1.091296 0.000000
vt 0.233802 1.135606 0.000000
vt 0.220145 1.177644 0.000000
vt 0.204330 1.217090 0.000000
vt 0.186575 1.253438 0.000000
vt 0.122959 1.800000 0.000000
vt 0.167082 1.286345 0.000000
vt 0.146014 1.315574 0.000000
vt 0.123577 1.340848 0.000000
vt 0.100085 1.361835 0.000000
vt 0.075745 1.378384 0.000000
vt 0.050759 1.390350 0.000000
vt 0.000000 1.800000 0.000000
vt 0.025424 1.397581 0.000000
vt 0.000000 1.400000 0.000000
vt 0.368876 1.800000 0.000000
vt 0.393879 0.300000 0.000000
vt 0.455270 0.300000 0.000000
vt 0.491834 1.800000 0.000000
vt 0.515601 0.300000 0.000000
vt 0.614793 1.800000 0.000000
vt 0.633444 0.300000 0.000000
vt 0.737751 1.800000 0.000000
vt 0.748580 0.300000 0.000000
vt 0.860710 1.800000 0.000000
vt 0.862865 0.300000 0.000000
vt 0.978190 0.300000 0.000000
vt 0.983669 1.800000 0.000000
vt 1.095425 0.300000 0.000000
vt 1.106627 1.800000 0.000000
vt 1.213158 0.300000 0.000000
vt 1.229586 1.800000 0.000000
vt 1.331205 0.300000 0.000000
vt 1.352544 1.800000 0.000000
vt 1.449992 0.300000 0.000000
vt 1.414024 1.800000 0.000000
vt 1.509848 0.300000 0.000000
vt 1.475503 1.800000 0.000000
vt 1.536982 1.800000 0.000000
vt 1.570157 0.300000 0.000000
vt 1.598461 1.800000 0.000000
vt 1.631078 0.300000 0.000000
vt 1.659941 1.800000 0.000000
vt 1.692855 0.300000 0.000000
vt 1.721420 1.800000 0.000000
vt 1.756066 0.300000 0.000000
vt 1.782899 1.800000 0.000000
vt 1.821543 0.300000 0.000000
vt 1.844379 1.800000 0.000000
vt 1.890777 0.300000 0.000000
vt 1.905858 1.800000 0.000000
vt 1.967337 0.300000 0.000000
vt 1.967337 1.800000 0.000000
vt 4.462580 0.300000 0.000000
vt 4.462580 1.800000 0.000000
vt 0.000000 0.400000 0.000000
vt -0.024492 0.402419 0.000000
vt 0.000000 0.000000 0.000000
vt -0.048860 0.409650 0.000000
vt -0.122959 0.000000 0.000000
vt -0.072851 0.421614 0.000000
vt -0.096225 0.438191 0.000000
vt -0.118696 0.459162 0.000000
vt -0.140088 0.484354 0.000000
vt -0.160226 0.513593 0.000000
vt -0.245917 0.000000 0.000000
vt -0.178867 0.546571 0.000000
vt -0.195778 0.582893 0.000000
vt -0.210824 0.622292 0.000000
vt -0.223849 0.664419 0.000000
vt -0.234669 0.708700 0.000000
vt -0.243204 0.754782 0.000000
vt -0.249379 0.802335 0.000000
vt -0.368876 0.000000 0.000000
vt -0.253120 0.850929 0.000000
vt -0.254372 0.899873 0.000000
vt -0.368876 1.800000 0.000000
vt -0.253135 0.948780 0.000000
vt -0.249417 0.997298 0.000000
vt -0.245917 1.800000 0.000000
vt -0.243245 1.044954 0.000000
vt -0.234712 1.091101 0.000000
vt -0.223898 1.135400 0.000000
vt -0.210887 1.177523 0.000000
vt -0.195842 1.216954 0.000000
vt -0.178941 1.253284 0.000000
vt -0.160322 1.286252 0.000000
vt -0.122959 1.800000 0.000000
vt -0.140168 1.315541 0.000000
vt -0.118745 1.340787 0.000000
vt -0.096230 1.361805 0.000000
vt -0.072843 1.378390 0.000000
vt -0.048861 1.390350 0.000000
vt 0.000000 1.800000 0.000000
vt -0.024492 1.397581 0.000000
vt 0.000000 1.400000 0.000000
vt -0.491834 1.800000 0.000000
vt -0.491834 0.000000 0.000000
vt -0.614793 1.800000 0.000000
vt -0.614793 0.000000 0.000000
vt -0.737751 1.800000 0.000000
vt -0.737751 0.000000 0.000000
vt -0.860710 1.800000 0.000000
vt -0.860710 0.000000 0.000000
vt -0.983669 1.800000 0.000000
vt -0.983669 0.000000 0.000000
vt -1.106627 1.800000 0.000000
vt -1.106627 0.000000 0.000000
vt -1.229586 1.800000 0.000000
vt -1.229586 0.000000 0.000000
vt -1.352544 1.800000 0.000000
vt -1.352544 0.000000 0.000000
vt -1.414024 1.800000 0.000000
vt -1.414024 0.000000 0.000000
vt -1.475503 1.800000 0.000000
vt -1.475503 0.000000 0.000000
vt -1.536982 1.800000 0.000000
vt -1.536982 0.000000 0.000000
vt -1.598461 1.800000 0.000000
vt -1.598461 0.000000 0.000000
vt -1.659941 1.800000 0.000000
vt -1.659941 0.000000 0.000000
vt -1.721420 1.800000 0.000000
vt -1.721420 0.000000 0.000000
vt -1.782899 1.800000 0.000000
vt -1.782899 0.000000 0.000000
vt -1.844379 1.800000 0.000000
vt -1.844379 0.000000 0.000000
vt -1.905858 1.800000 0.000000
vt -1.905858 0.000000 0.000000
vt -1.967337 1.800000 0.000000
vt -1.967337 0.000000 0.000000
vt -5.531970 1.800000 0.000000
vt -5.531970 0.000000 0.000000
vt 0.000000 1.400000 0.000000
vt 0.024492 1.397581 0.000000
vt 0.000000 1.800000 0.000000
vt 0.048860 1.390350 0.000000
vt 0.072851 1.378386 0.000000
vt 0.122959 1.800000 0.000000
vt 0.096225 1.361809 0.000000
vt 0.118696 1.340838 0.000000
vt 0.140088 1.315646 0.000000
vt 0.160226 1.286407 0.000000
vt 0.178867 1.253429 0.000000
vt 0.245917 1.800000 0.000000
vt 0.195778 1.217107 0.000000
vt 0.210824 1.177708 0.000000
vt 0.223849 1.135581 0.000000
vt 0.234669 1.091300 0.000000
vt 0.243204 1.045218 0.000000
vt 0.249379 0.997665 0.000000
vt 0.368876 1.800000 0.000000
vt 0.253120 0.949071 0.000000
vt 0.254372 0.900127 0.000000
vt 0.368876 0.000000 0.000000
vt 0.253135 0.851220 0.000000
vt 0.249417 0.802702 0.000000
vt 0.245917 0.000000 0.000000
vt 0.243245 0.755046 0.000000
vt 0.234712 0.708899 0.000000
vt 0.223898 0.664600 0.000000
vt 0.210887 0.622477 0.000000
vt 0.195842 0.583046 0.000000
vt 0.178941 0.546716 0.000000
vt 0.160322 0.513748 0.000000
vt 0.122959 0.000000 0.000000
vt 0.140168 0.484459 0.000000
vt 0.118745 0.459213 0.000000
vt 0.096230 0.438195 0.000000
vt 0.072843 0.421610 0.000000
vt 0.048861 0.409650 0.000000
vt 0.000000 0.000000 0.000000
vt 0.024492 0.402419 0.000000
vt 0.000000 0.400000 0.000000
vt 0.491834 0.000000 0.000000
vt 0.491834 1.800000 0.000000
vt 0.614793 0.000000 0.000000
vt 0.614793 1.800000 0.000000
vt 0.737751 0.000000 0.000000
vt 0.737751 1.800000 0.000000
vt 0.860710 0.000000 0.000000
vt 0.860710 1.800000 0.000000
vt 0.983669 0.000000 0.000000
vt 0.983669 1.800000 0.000000
vt 1.106627 0.000000 0.000000
vt 1.106627 1.800000 0.000000
vt 1.229586 0.000000 0.000000
vt 1.229586 1.800000 0.000000
vt 1.352544 0.000000 0.000000
vt 1.352544 1.800000 0.000000
vt 1.414024 0.000000 0.000000
vt 1.414024 1.800000 0.000000
vt 1.475503 0.000000 0.000000
vt 1.475503 1.800000 0.000000
vt 1.536982 0.000000 0.000000
vt 1.536982 1.800000 0.000000
vt 1.598461 0.000000 0.000000
vt 1.598461 1.800000 0.000000
vt 1.659941 0.000000 0.000000
vt 1.659941 1.800000 0.000000
vt 1.721420 0.000000 0.000000
vt 1.721420 1.800000 0.000000
vt 1.782899 0.000000 0.000000
vt 1.782899 1.800000 0.000000
vt 1.844379 0.000000 0.000000
vt 1.844379 1.800000 0.000000
vt 1.905858 0.000000 0.000000
vt 1.905858 1.800000 0.000000
vt 1.967337 0.000000 0.000000
vt 1.967337 1.800000 0.000000
vt 5.531970 0.000000 0.000000
vt 5.531970 1.800000 0.000000
vt -1.444163 2.606590 0.000000
vt -1.744325 2.617430 0.000000
vt -1.450000 2.476613 0.000000
vt -1.750000 2.476613 0.000000
vt -1.746288 2.232306 0.000000
vt -1.426698 2.735521 0.000000
vt -1.699148 2.895416 0.000000
vt -1.727338 2.757333 0.000000
vt -1.397746 2.862367 0.000000
vt -1.609964 3.162555 0.000000
vt -1.659939 3.030782 0.000000
vt -1.549548 3.289879 0.000000
vt -1.357541 2.986107 0.000000
vt -1.479083 3.411929 0.000000
vt -1.306405 3.105745 0.000000
vt -1.399025 3.527912 0.000000
vt -1.244751 3.220317 0.000000
vt -1.309894 3.637078 0.000000
vt -1.173075 3.328902 0.000000
vt -1.212268 3.738718 0.000000
vt -1.091954 3.430625 0.000000
vt -1.106779 3.832172 0.000000
vt -1.002041 3.524666 0.000000
vt -0.994113 3.916835 0.000000
vt -0.904060 3.610269 0.000000
vt -0.875000 3.992158 0.000000
vt -0.798801 3.686745 0.000000
vt -0.750212 4.057652 0.000000
vt -0.687110 3.753477 0.000000
vt -0.620559 4.112892 0.000000
vt -0.569886 3.809929 0.000000
vt -0.486881 4.157520 0.000000
vt -0.448075 3.855645 0.000000
vt -0.350045 4.191247 0.000000
vt -0.322655 3.890259 0.000000
vt -0.210939 4.213854 0.000000
vt -0.194638 3.913491 0.000000
vt -0.070465 4.225194 0.000000
vt -0.065054 3.925153 0.000000
vt 0.065054 3.925153 0.000000
vt 0.070465 4.225194 0.000000
vt 0.194638 3.913491 0.000000
vt 0.210939 4.213854 0.000000
vt 0.322655 3.890259 0.000000
vt 0.350045 4.191247 0.000000
vt 0.448075 3.855645 0.000000
vt 0.486881 4.157520 0.000000
vt 0.569886 3.809929 0.000000
vt 0.620559 4.112892 0.000000
vt 0.687110 3.753477 0.000000
vt 0.750212 4.057652 0.000000
vt 0.798801 3.686745 0.000000
vt 0.875000 3.992158 0.000000
vt 0.904060 3.610269 0.000000
vt 0.994113 3.916835 0.000000
vt 1.002041 3.524666 0.000000
vt 1.106779 3.832172 0.000000
vt 1.091954 3.430625 0.000000
vt 1.212268 3.738718 0.000000
vt 1.173075 3.328902 0.000000
vt 1.309894 3.637078 0.000000
vt 1.244751 3.220317 0.000000
vt 1.399025 3.527912 0.000000
vt 1.306405 3.105745 0.000000
vt 1.479083 3.411929 0.000000
vt 1.357541 2.986107 0.000000
vt 1.549548 3.289879 0.000000
vt 1.397746 2.862367 0.000000
vt 1.609964 3.162555 0.000000
vt 1.426698 2.735521 0.000000
vt 1.659939 3.030782 0.000000
vt 1.699148 2.895416 0.000000
vt 1.444163 2.606590 0.000000
vt 1.727338 2.757333 0.000000
vt 1.744325 2.617430 0.000000
vt 1.450000 2.476613 0.000000
vt 1.750000 2.476613 0.000000
vt 1.746288 2.232306 0.000000
vt 1.446437 2.241867 0.000000
vt 1.734585 1.992929 0.000000
vt 1.435264 2.013316 0.000000
vt 1.714044 1.757105 0.000000
vt 1.415755 1.789385 0.000000
vt 1.683816 1.523461 0.000000
vt 1.387184 1.568500 0.000000
vt 1.643037 1.290713 0.000000
vt 1.348823 1.349085 0.000000
vt 1.591500 1.059160 0.000000
vt 1.530697 0.829738 0.000000
vt 1.300174 1.130093 0.000000
vt 1.462330 0.603263 0.000000
vt 1.242277 0.911781 0.000000
vt 1.388100 0.380552 0.000000
vt 1.176625 0.694597 0.000000
vt 1.310302 0.162692 0.000000
vt 1.104710 0.478989 0.000000
vt 1.232460 -0.046730 0.000000
vt 1.028612 0.265923 0.000000
vt 1.194614 -0.146830 0.000000
vt 1.158068 -0.243084 0.000000
vt 0.951753 0.059135 0.000000
vt 1.123257 -0.334913 0.000000
vt 0.914112 -0.040458 0.000000
vt 1.090620 -0.421739 0.000000
vt 1.060597 -0.502974 0.000000
vt 0.877569 -0.136744 0.000000
vt 1.033705 -0.577746 0.000000
vt 0.842555 -0.229145 0.000000
vt 1.010250 -0.645092 0.000000
vt 0.809498 -0.317081 0.000000
vt 0.990465 -0.704103 0.000000
vt 0.974581 -0.753872 0.000000
vt 0.778829 -0.399975 0.000000
vt 0.962830 -0.793493 0.000000
vt 0.751007 -0.477142 0.000000
vt 0.726400 -0.547705 0.000000
vt 0.705222 -0.610932 0.000000
vt 0.687679 -0.666093 0.000000
vt 0.673981 -0.712461 0.000000
vt -0.000000 -3.114957 0.000000
vt 0.000000 -4.225630 0.000000
vt -0.962830 -0.793493 0.000000
vt -0.673981 -0.712461 0.000000
vt -0.687679 -0.666093 0.000000
vt -0.705222 -0.610932 0.000000
vt -0.726400 -0.547705 0.000000
vt -0.751007 -0.477142 0.000000
vt -0.778829 -0.399975 0.000000
vt -0.974581 -0.753872 0.000000
vt -0.809498 -0.317081 0.000000
vt -0.990465 -0.704103 0.000000
vt -1.010250 -0.645092 0.000000
vt -0.842555 -0.229145 0.000000
vt -1.033705 -0.577746 0.000000
vt -0.877569 -0.136744 0.000000
vt -1.060597 -0.502974 0.000000
vt -0.914112 -0.040458 0.000000
vt -1.090620 -0.421739 0.000000
vt -1.123257 -0.334913 0.000000
vt -0.951753 0.059135 0.000000
vt -1.158068 -0.243084 0.000000
vt -1.028612 0.265923 0.000000
vt -1.194614 -0.146830 0.000000
vt -1.232460 -0.046730 0.000000
vt -1.104710 0.478989 0.000000
vt -1.310302 0.162692 0.000000
vt -1.176625 0.694597 0.000000
vt -1.388100 0.380552 0.000000
vt -1.242277 0.911781 0.000000
vt -1.462330 0.603263 0.000000
vt -1.300174 1.130093 0.000000
vt -1.530697 0.829738 0.000000
vt -1.348823 1.349085 0.000000
vt -1.591500 1.059160 0.000000
vt -1.643037 1.290713 0.000000
vt -1.387184 1.568500 0.000000
vt -1.683816 1.523461 0.000000
vt -1.415755 1.789385 0.000000
vt -1.714044 1.757105 0.000000
vt -1.435264 2.013316 0.000000
vt -1.734585 1.992929 0.000000
vt -1.446437 2.241867 0.000000
vt 1.448780 2.338497 0.000000
vt 1.750000 2.476613 0.000000
vt 1.450000 2.476613 0.000000
vt 1.744325 2.617430 0.000000
vt 1.444163 2.606590 0.000000
vt 1.727338 2.757333 0.000000
vt 1.699148 2.895416 0.000000
vt 1.746288 2.232306 0.000000
vt 1.445146 2.205449 0.000000
vt 1.734585 1.992929 0.000000
vt 1.439140 2.077073 0.000000
vt 1.430803 1.952975 0.000000
vt 1.714044 1.757105 0.000000
vt 1.420176 1.832757 0.000000
vt 1.683816 1.523461 0.000000
vt 1.407300 1.716024 0.000000
vt 1.392215 1.602380 0.000000
vt 1.643037 1.290713 0.000000
vt 1.374963 1.491428 0.000000
vt 1.591500 1.059160 0.000000
vt 1.334122 1.276018 0.000000
vt 1.530697 0.829738 0.000000
vt 1.285103 1.066625 0.000000
vt 1.462330 0.603263 0.000000
vt 1.228236 0.860082 0.000000
vt 1.388100 0.380552 0.000000
vt 1.163848 0.653221 0.000000
vt 1.310302 0.162692 0.000000
vt 1.092267 0.442872 0.000000
vt 1.232460 -0.046730 0.000000
vt 1.013821 0.225867 0.000000
vt 1.194614 -0.146830 0.000000
vt 1.158068 -0.243084 0.000000
vt 0.972126 0.113879 0.000000
vt 1.123257 -0.334913 0.000000
vt 0.951003 0.057694 0.000000
vt 0.930961 0.004628 0.000000
vt 1.090620 -0.421739 0.000000
vt 0.912041 -0.045272 0.000000
vt 0.894174 -0.092248 0.000000
vt 1.060597 -0.502974 0.000000
vt 0.861327 -0.178389 0.000000
vt 1.033705 -0.577746 0.000000
vt 0.831871 -0.255726 0.000000
vt 1.010250 -0.645092 0.000000
vt 0.805258 -0.326188 0.000000
vt 0.990465 -0.704103 0.000000
vt 0.974581 -0.753872 0.000000
vt 0.780941 -0.391705 0.000000
vt 0.962830 -0.793493 0.000000
vt 0.758370 -0.454206 0.000000
vt 0.716276 -0.577878 0.000000
vt 0.695657 -0.642908 0.000000
vt 0.674592 -0.712641 0.000000
vt 0.654501 -0.782065 0.000000
vt 0.633471 -0.856867 0.000000
vt 0.591239 -1.007406 0.000000
vt 0.506777 -1.308485 0.000000
vt 0.337851 -1.910642 0.000000
vt -0.000000 -4.225630 0.000000
vt 0.000000 -3.114957 0.000000
vt -0.962830 -0.793493 0.000000
vt -0.674028 -0.712475 0.000000
vt -0.693004 -0.648489 0.000000
vt -0.704054 -0.613568 0.000000
vt -0.716860 -0.574787 0.000000
vt -0.731959 -0.530716 0.000000
vt -0.749887 -0.479926 0.000000
vt -0.771182 -0.420986 0.000000
vt -0.974581 -0.753872 0.000000
vt -0.796379 -0.352466 0.000000
vt -0.990465 -0.704103 0.000000
vt -0.810609 -0.314167 0.000000
vt -1.010250 -0.645092 0.000000
vt -0.826015 -0.272937 0.000000
vt -0.842666 -0.228597 0.000000
vt -1.033705 -0.577746 0.000000
vt -0.860628 -0.180968 0.000000
vt -1.060597 -0.502974 0.000000
vt -0.900171 -0.076609 0.000000
vt -1.090620 -0.421739 0.000000
vt -0.940598 0.030102 0.000000
vt -1.123257 -0.334913 0.000000
vt -1.158068 -0.243084 0.000000
vt -1.020723 0.244443 0.000000
vt -1.194614 -0.146830 0.000000
vt -1.232460 -0.046730 0.000000
vt -1.098438 0.460651 0.000000
vt -1.310302 0.162692 0.000000
vt -1.172023 0.679489 0.000000
vt -1.388100 0.380552 0.000000
vt -1.239757 0.901721 0.000000
vt -1.462330 0.603263 0.000000
vt -1.299923 1.128133 0.000000
vt -1.530697 0.829738 0.000000
vt -1.326757 1.243669 0.000000
vt -1.591500 1.059160 0.000000
vt -1.351294 1.361707 0.000000
vt -1.373411 1.482917 0.000000
vt -1.643037 1.290713 0.000000
vt -1.392984 1.607971 0.000000
vt -1.683816 1.523461 0.000000
vt -1.409886 1.737540 0.000000
vt -1.423995 1.872296 0.000000
vt -1.714044 1.757105 0.000000
vt -1.435185 2.012910 0.000000
vt -1.734585 1.992929 0.000000
vt -1.443333 2.160053 0.000000
vt -1.746288 2.232306 0.000000
vt -1.448312 2.314397 0.000000
vt -1.750000 2.476613 0.000000
vt -1.450000 2.476613 0.000000
vt -1.744325 2.617430 0.000000
vt -1.444163 2.606590 0.000000
vt -1.727338 2.757333 0.000000
vt -1.699148 2.895416 0.000000
vt -1.426698 2.735521 0.000000
vt -1.659939 3.030782 0.000000
vt -1.609964 3.162555 0.000000
vt -1.397746 2.862367 0.000000
vt -1.549548 3.289879 0.000000
vt -1.357541 2.986107 0.000000
vt -1.479083 3.411929 0.000000
vt -1.306405 3.105745 0.000000
vt -1.399025 3.527912 0.000000
vt -1.244751 3.220317 0.000000
vt -1.309894 3.637078 0.000000
vt -1.173075 3.328902 0.000000
vt -1.212268 3.738718 0.000000
vt -1.091954 3.430625 0.000000
vt -1.106779 3.832172 0.000000
vt -1.002041 3.524666 0.000000
vt -0.994113 3.916835 0.000000
vt -0.904060 3.610269 0.000000
vt -0.875000 3.992158 0.000000
vt -0.798801 3.686745 0.000000
vt -0.750212 4.057652 0.000000
vt -0.687110 3.753477 0.000000
vt -0.620559 4.112892 0.000000
vt -0.569886 3.809929 0.000000
vt -0.486881 4.157520 0.000000
vt -0.448075 3.855645 0.000000
vt -0.350045 4.191247 0.000000
vt -0.322655 3.890259 0.000000
vt -0.210939 4.213854 0.000000
vt -0.194638 3.913491 0.000000
vt -0.070465 4.225194 0.000000
vt -0.065054 3.925153 0.000000
vt 0.065054 3.925153 0.000000
vt 0.070465 4.225194 0.000000
vt 0.194638 3.913491 0.000000
vt 0.210939 4.213854 0.000000
vt 0.322655 3.890259 0.000000
vt 0.350045 4.191247 0.000000
vt 0.448075 3.855645 0.000000
vt 0.486881 4.157520 0.000000
vt 0.569886 3.809929 0.000000
vt 0.620559 4.112892 0.000000
vt 0.687110 3.753477 0.000000
vt 0.750212 4.057652 0.000000
vt 0.798801 3.686745 0.000000
vt 0.875000 3.992158 0.000000
vt 0.904060 3.610269 0.000000
vt 0.994113 3.916835 0.000000
vt 1.002041 3.524666 0.000000
vt 1.106779 3.832172 0.000000
vt 1.091954 3.430625 0.000000
vt 1.212268 3.738718 0.000000
vt 1.173075 3.328902 0.000000
vt 1.309894 3.637078 0.000000
vt 1.244751 3.220317 0.000000
vt 1.399025 3.527912 0.000000
vt 1.306405 3.105745 0.000000
vt 1.479083 3.411929 0.000000
vt 1.357541 2.986107 0.000000
vt 1.549548 3.289879 0.000000
vt 1.397746 2.862367 0.000000
vt 1.609964 3.162555 0.000000
vt 1.426698 2.735521 0.000000
vt 1.659939 3.030782 0.000000
vn 0.100000 0.000000 0.000000
vn 0.100000 0.000000 0.000000
vn 0.099985 -0.001720 -0.000000
vn 0.099977 -0.002132 -0.000000
vn 0.099937 -0.003538 -0.000000
vn 0.099903 -0.004394 -0.000000
vn 0.099852 -0.005447 -0.000000
vn 0.099771 -0.006765 -0.000000
vn 0.099723 -0.007435 -0.000000
vn 0.099574 -0.009217 -0.000000
vn 0.099549 -0.009488 -0.000000
vn 0.099311 -0.011718 -0.000000
vn 0.099326 -0.011590 -0.000000
vn 0.099054 -0.013719 -0.000000
vn 0.098982 -0.014230 -0.000000
vn 0.098735 -0.015854 -0.000000
vn 0.098593 -0.016715 -0.000000
vn 0.098152 -0.019135 -0.000000
vn 0.097971 -0.020044 -0.000000
vn 0.097671 -0.021456 -0.000000
vn 0.097086 -0.023966 -0.000000
vn 0.097164 -0.023647 -0.000000
vn 0.096132 -0.027544 -0.000000
vn 0.095182 -0.030666 0.000000
vn 0.095280 -0.030359 -0.000000
vn 0.096160 -0.027447 -0.000000
vn 0.094545 -0.032576 0.000000
vn 0.094430 -0.032908 0.000000
vn 0.093999 -0.034119 0.000000
vn 0.093895 -0.034407 0.000000
vn 0.093648 -0.035073 0.000000
vn 0.093576 -0.035263 0.000000
vn 0.093505 -0.035452 0.000000
vn 0.093510 -0.035440 0.000000
vn 0.093517 -0.035419 0.000000
vn 0.093521 -0.035409 0.000000
vn 0.093549 -0.035334 0.000000
vn 0.093604 -0.035189 0.000000
vn 0.093599 -0.035204 0.000000
vn 0.093663 -0.035032 0.000000
vn 0.093763 -0.034764 0.000000
vn 0.093741 -0.034823 0.000000
vn 0.093934 -0.034299 0.000000
vn 0.094009 -0.034092 0.000000
vn 0.094168 -0.033651 0.000000
vn 0.094360 -0.033109 0.000000
vn 0.094435 -0.032894 0.000000
vn 0.094731 -0.032032 0.000000
vn 0.094836 -0.031721 0.000000
vn 0.095054 -0.031060 0.000000
vn 0.095464 -0.029775 0.000000
vn 0.095410 -0.029950 0.000000
vn 0.096140 -0.027514 0.000000
vn 0.096140 -0.027514 0.000000
vn 0.096283 -0.027011 0.000000
vn 0.096283 -0.027011 0.000000
vn -0.096283 -0.027011 0.000000
vn -0.096283 -0.027011 0.000000
vn -0.096283 -0.027011 0.000000
vn -0.096283 -0.027011 0.000000
vn -0.096283 -0.027011 0.000000
vn -0.096283 -0.027011 0.000000
vn -0.096283 -0.027011 0.000000
vn -0.096283 -0.027011 0.000000
vn -0.096283 -0.027011 0.000000
vn -0.096283 -0.027011 0.000000
vn -0.096226 -0.027213 0.000000
vn -0.096217 -0.027244 0.000000
vn -0.095979 -0.028073 0.000000
vn -0.095979 -0.028073 0.000000
vn -0.095505 -0.029644 0.000000
vn -0.095355 -0.030123 0.000000
vn -0.094944 -0.031396 0.000000
vn -0.094597 -0.032424 0.000000
vn -0.094105 -0.033826 0.000000
vn -0.094266 -0.033375 0.000000
vn -0.093998 -0.034122 0.000000
vn -0.093867 -0.034481 0.000000
vn -0.093798 -0.034670 0.000000
vn -0.093710 -0.034906 0.000000
vn -0.093657 -0.035047 0.000000
vn -0.093607 -0.035181 0.000000
vn -0.093606 -0.035183 0.000000
vn -0.093542 -0.035354 0.000000
vn -0.093566 -0.035290 0.000000
vn -0.093503 -0.035457 0.000000
vn -0.093535 -0.035373 0.000000
vn -0.093512 -0.035434 0.000000
vn -0.093505 -0.035452 0.000000
vn -0.093526 -0.035396 0.000000
vn -0.093604 -0.035189 0.000000
vn -0.093566 -0.035291 0.000000
vn -0.093626 -0.035131 0.000000
vn -0.093803 -0.034656 0.000000
vn -0.093979 -0.034174 0.000000
vn -0.094348 -0.033144 0.000000
vn -0.094601 -0.032414 0.000000
vn -0.095089 -0.030954 0.000000
vn -0.095420 -0.029917 0.000000
vn -0.095953 -0.028161 0.000000
vn -0.096364 -0.026720 0.000000
vn -0.096874 -0.024808 0.000000
vn -0.097367 -0.022798 0.000000
vn -0.097800 -0.020861 0.000000
vn -0.097856 -0.020595 0.000000
vn -0.098315 -0.018281 0.000000
vn -0.098622 -0.016542 0.000000
vn -0.098729 -0.015894 0.000000
vn -0.098969 -0.014320 0.000000
vn -0.099088 -0.013472 0.000000
vn -0.099265 -0.012098 0.000000
vn -0.099387 -0.011053 0.000000
vn -0.099508 -0.009903 0.000000
vn -0.099623 -0.008671 0.000000
vn -0.099699 -0.007757 0.000000
vn -0.099798 -0.006353 0.000000
vn -0.099839 -0.005681 0.000000
vn -0.099915 -0.004124 0.000000
vn -0.099932 -0.003689 0.000000
vn -0.099980 -0.002002 0.000000
vn -0.099984 -0.001793 0.000000
vn -0.100000 0.000000 0.000000
vn -0.100000 0.000000 0.000000
vn -0.099597 0.008964 0.000000
vn -0.099597 0.008964 0.000000
vn -0.098393 0.017856 0.000000
vn -0.098393 0.017856 0.000000
vn -0.096396 0.026604 0.000000
vn -0.096396 0.026604 0.000000
vn -0.093623 0.035137 0.000000
vn -0.093623 0.035137 0.000000
vn -0.090097 0.043388 0.000000
vn -0.090097 0.043388 0.000000
vn -0.085845 0.051290 0.000000
vn -0.085845 0.051290 0.000000
vn -0.080902 0.058779 0.000000
vn -0.080902 0.058779 0.000000
vn -0.075307 0.065794 0.000000
vn -0.075307 0.065794 0.000000
vn -0.069106 0.072279 0.000000
vn -0.069106 0.072279 0.000000
vn -0.062349 0.078183 0.000000
vn -0.062349 0.078183 0.000000
vn -0.055090 0.083457 0.000000
vn -0.055090 0.083457 0.000000
vn -0.047387 0.088060 0.000000
vn -0.047387 0.088060 0.000000
vn -0.039303 0.091953 0.000000
vn -0.039303 0.091953 0.000000
vn -0.030902 0.095106 0.000000
vn -0.030902 0.095106 0.000000
vn -0.022252 0.097493 0.000000
vn -0.022252 0.097493 0.000000
vn -0.013423 0.099095 0.000000
vn -0.013423 0.099095 0.000000
vn -0.004486 0.099899 0.000000
vn -0.004486 0.099899 0.000000
vn 0.004486 0.099899 0.000000
vn 0.004486 0.099899 0.000000
vn 0.013423 0.099095 0.000000
vn 0.013423 0.099095 0.000000
vn 0.022252 0.097493 0.000000
vn 0.022252 0.097493 0.000000
vn 0.030902 0.095106 0.000000
vn 0.030902 0.095106 0.000000
vn 0.039303 0.091953 0.000000
vn 0.039303 0.091953 0.000000
vn 0.047387 0.088060 0.000000
vn 0.047387 0.088060 0.000000
vn 0.055090 0.083457 0.000000
vn 0.055090 0.083457 0.000000
vn 0.062349 0.078183 0.000000
vn 0.062349 0.078183 0.000000
vn 0.069106 0.072279 0.000000
vn 0.069106 0.072279 0.000000
vn 0.075307 0.065794 0.000000
vn 0.075307 0.065794 0.000000
vn 0.080902 0.058779 0.000000
vn 0.080902 0.058779 0.000000
vn 0.085845 0.051290 0.000000
vn 0.085845 0.051290 0.000000
vn 0.090097 0.043388 0.000000
vn 0.090097 0.043388 0.000000
vn 0.093623 0.035137 0.000000
vn 0.093623 0.035137 0.000000
vn 0.096396 0.026604 0.000000
vn 0.096396 0.026604 0.000000
vn 0.098393 0.017856 0.000000
vn 0.098393 0.017856 0.000000
vn 0.099597 0.008964 0.000000
vn 0.099597 0.008964 0.000000
vn -0.000000 0.000000 -0.100000
vn -0.000000 0.000000 -0.100000
vn -0.000000 0.000000 -0.100000
vn -0.000000 0.000000 -0.100000
vn -0.000000 0.000000 -0.100000
vn -0.000000 0.000000 -0.100000
vn -0.000000 0.000000 -0.100000
vn -0.000000 0.000000 -0.100000
vn -0.000000 0.000000 -0.100000
vn -0.000000 0.000000 -0.100000
vn -0.000000 0.000000 -0.100000
vn -0.000000 0.000000 -0.100000
vn -0.000000 0.000000 -0.100000
vn -0.000000 0.000000 -0.100000
vn -0.000000 0.000000 -0.100000
vn -0.000000 0.000000 -0.100000
vn -0.000000 0.000000 -0.100000
vn -0.000000 0.000000 -0.100000
vn -0.000000 0.000000 -0.100000
vn -0.000000 0.000000 -0.100000
vn -0.000000 0.000000 -0.100000
vn -0.000000 0.000000 -0.100000
vn -0.000000 0.000000 -0.100000
vn -0.000000 0.000000 -0.100000
vn -0.000000 0.000000 -0.100000
vn -0.000000 0.000000 -0.100000
vn -0.000000 0.000000 -0.100000
vn -0.000000 0.000000 -0.100000
vn -0.000000 0.000000 -0.100000
vn -0.000000 0.000000 -0.100000
vn -0.000000 0.000000 -0.100000
vn -0.000000 0.000000 -0.100000
vn -0.000000 0.000000 -0.100000
vn -0.000000 0.000000 -0.100000
vn -0.000000 0.000000 -0.100000
vn -0.000000 0.000000 -0.100000
vn -0.000000 0.000000 -0.100000
vn -0.000000 0.000000 -0.100000
vn -0.000000 0.000000 -0.100000
vn -0.000000 0.000000 -0.100000
vn -0.000000 0.000000 -0.100000
vn -0.000000 0.000000 -0.100000
vn -0.000000 0.000000 -0.100000
vn -0.000000 0.000000 -0.100000
vn -0.000000 0.000000 -0.100000
vn -0.000000 0.000000 -0.100000
vn -0.000000 0.000000 -0.100000
vn -0.000000 0.000000 -0.100000
vn -0.000000 0.000000 -0.100000
vn -0.000000 0.000000 -0.100000
vn -0.000000 0.000000 -0.100000
vn -0.000000 0.000000 -0.100000
vn -0.000000 0.000000 -0.100000
vn -0.000000 0.000000 -0.100000
vn -0.000000 0.000000 -0.100000
vn -0.000000 0.000000 -0.100000
vn -0.000000 0.000000 -0.100000
vn -0.000000 0.000000 -0.100000
vn -0.000000 0.000000 -0.100000
vn -0.000000 0.000000 -0.100000
vn -0.000000 0.000000 -0.100000
vn -0.000000 0.000000 -0.100000
vn -0.000000 0.000000 -0.100000
vn -0.000000 0.000000 -0.100000
vn -0.000000 0.000000 -0.100000
vn -0.000000 0.000000 -0.100000
vn -0.000000 0.000000 -0.100000
vn -0.000000 0.000000 -0.100000
vn -0.000000 0.000000 -0.100000
vn -0.000000 0.000000 -0.100000
vn -0.000000 0.000000 -0.100000
vn -0.000000 0.000000 -0.100000
vn -0.000000 0.000000 -0.100000
vn -0.000000 0.000000 -0.100000
vn -0.000000 0.000000 -0.100000
vn -0.000000 0.000000 -0.100000
vn -0.000000 0.000000 -0.100000
vn -0.000000 0.000000 -0.100000
vn -0.000000 0.000000 -0.100000
vn -0.000000 0.000000 -0.100000
vn -0.000000 0.000000 -0.100000
vn -0.000000 0.000000 -0.100000
vn -0.000000 0.000000 -0.100000
vn -0.000000 0.000000 -0.100000
vn -0.000000 0.000000 -0.100000
vn -0.000000 0.000000 -0.100000
vn -0.000000 0.000000 -0.100000
vn -0.000000 0.000000 -0.100000
vn -0.000000 0.000000 -0.100000
vn -0.000000 0.000000 -0.100000
vn -0.000000 0.000000 -0.100000
vn -0.000000 0.000000 -0.100000
vn -0.000000 0.000000 -0.100000
vn -0.000000 0.000000 -0.100000
vn -0.000000 0.000000 -0.100000
vn -0.000000 0.000000 -0.100000
vn -0.000000 0.000000 -0.100000
vn -0.000000 0.000000 -0.100000
vn -0.000000 0.000000 -0.100000
vn -0.000000 0.000000 -0.100000
vn -0.000000 0.000000 -0.100000
vn -0.000000 0.000000 -0.100000
vn -0.000000 0.000000 -0.100000
vn -0.000000 0.000000 -0.100000
vn -0.000000 0.000000 -0.100000
vn -0.000000 0.000000 -0.100000
vn -0.000000 0.000000 -0.100000
vn -0.000000 0.000000 -0.100000
vn -0.000000 0.000000 -0.100000
vn -0.000000 0.000000 -0.100000
vn -0.000000 0.000000 -0.100000
vn -0.000000 0.000000 -0.100000
vn -0.000000 0.000000 -0.100000
vn -0.000000 0.000000 -0.100000
vn -0.000000 0.000000 -0.100000
vn -0.000000 0.000000 -0.100000
vn -0.000000 0.000000 -0.100000
vn -0.000000 0.000000 -0.100000
vn -0.000000 0.000000 -0.100000
vn -0.000000 0.000000 -0.100000
vn -0.000000 0.000000 -0.100000
vn -0.000000 0.000000 -0.100000
vn -0.000000 0.000000 -0.100000
vn -0.000000 0.000000 -0.100000
vn -0.000000 0.000000 -0.100000
vn -0.000000 0.000000 -0.100000
vn -0.000000 0.000000 -0.100000
vn -0.000000 0.000000 -0.100000
vn -0.000000 0.000000 -0.100000
vn -0.000000 0.000000 -0.100000
vn -0.000000 0.000000 -0.100000
vn -0.000000 0.000000 -0.100000
vn -0.000000 0.000000 -0.100000
vn -0.000000 0.000000 -0.100000
vn -0.000000 0.000000 -0.100000
vn -0.000000 0.000000 -0.100000
vn -0.000000 0.000000 -0.100000
vn -0.000000 0.000000 -0.100000
vn -0.000000 0.000000 -0.100000
vn -0.000000 0.000000 -0.100000
vn -0.000000 0.000000 -0.100000
vn -0.000000 0.000000 -0.100000
vn -0.000000 0.000000 -0.100000
vn -0.000000 0.000000 -0.100000
vn -0.000000 0.000000 -0.100000
vn -0.000000 0.000000 -0.100000
vn -0.000000 0.000000 -0.100000
vn -0.000000 0.000000 -0.100000
vn -0.000000 0.000000 -0.100000
vn -0.000000 0.000000 -0.100000
vn -0.000000 0.000000 -0.100000
vn -0.000000 0.000000 -0.100000
vn -0.000000 0.000000 -0.100000
vn -0.000000 0.000000 -0.100000
vn -0.000000 0.000000 -0.100000
vn -0.000000 0.000000 -0.100000
vn -0.000000 0.000000 -0.100000
vn -0.000000 0.000000 -0.100000
vn -0.000000 0.000000 -0.100000
vn -0.000000 0.000000 -0.100000
vn -0.000000 0.000000 -0.100000
vn -0.000000 0.000000 -0.100000
vn -0.000000 0.000000 -0.100000
vn -0.000000 0.000000 -0.100000
vn -0.000000 0.000000 -0.100000
vn -0.100000 0.000000 0.000000
vn -0.100000 0.000000 0.000000
vn -0.099487 -0.010117 -0.000000
vn -0.099487 -0.010117 -0.000000
vn -0.097953 -0.020130 -0.000000
vn -0.097953 -0.020130 -0.000000
vn -0.095414 -0.029936 -0.000000
vn -0.095414 -0.029936 -0.000000
vn -0.091896 -0.039436 -0.000000
vn -0.091896 -0.039436 -0.000000
vn -0.087435 -0.048530 -0.000000
vn -0.087435 -0.048530 -0.000000
vn -0.082076 -0.057127 -0.000000
vn -0.082076 -0.057127 -0.000000
vn -0.075876 -0.065137 -0.000000
vn -0.075876 -0.065137 -0.000000
vn -0.068897 -0.072479 -0.000000
vn -0.068897 -0.072479 -0.000000
vn -0.061211 -0.079078 -0.000000
vn -0.061211 -0.079078 -0.000000
vn -0.052896 -0.084864 -0.000000
vn -0.052896 -0.084864 -0.000000
vn -0.044039 -0.089780 -0.000000
vn -0.044039 -0.089780 -0.000000
vn -0.034731 -0.093775 -0.000000
vn -0.034731 -0.093775 -0.000000
vn -0.025065 -0.096808 -0.000000
vn -0.025065 -0.096808 -0.000000
vn -0.015143 -0.098847 -0.000000
vn -0.015143 -0.098847 -0.000000
vn -0.005065 -0.099872 -0.000000
vn -0.005065 -0.099872 -0.000000
vn 0.005065 -0.099872 -0.000000
vn 0.005065 -0.099872 -0.000000
vn 0.015143 -0.098847 -0.000000
vn 0.015143 -0.098847 -0.000000
vn 0.025065 -0.096808 -0.000000
vn 0.025065 -0.096808 -0.000000
vn 0.034731 -0.093775 -0.000000
vn 0.034731 -0.093775 -0.000000
vn 0.044039 -0.089780 -0.000000
vn 0.044039 -0.089780 -0.000000
vn 0.052896 -0.084864 -0.000000
vn 0.052896 -0.084864 -0.000000
vn 0.061211 -0.079078 -0.000000
vn 0.061211 -0.079078 -0.000000
vn 0.068897 -0.072479 -0.000000
vn 0.068897 -0.072479 -0.000000
vn 0.075876 -0.065137 -0.000000
vn 0.075876 -0.065137 -0.000000
vn 0.082076 -0.057127 -0.000000
vn 0.082076 -0.057127 -0.000000
vn 0.087435 -0.048530 -0.000000
vn 0.087435 -0.048530 -0.000000
vn 0.091896 -0.039436 -0.000000
vn 0.091896 -0.039436 -0.000000
vn 0.095414 -0.029936 -0.000000
vn 0.095414 -0.029936 -0.000000
vn 0.097953 -0.020130 -0.000000
vn 0.097953 -0.020130 -0.000000
vn 0.099487 -0.010117 -0.000000
vn 0.099487 -0.010117 -0.000000
vn 0.100000 -0.000000 -0.000000
vn 0.100000 -0.000000 -0.000000
vn 0.099951 0.003127 0.000000
vn 0.099951 0.003127 0.000000
vn 0.099774 0.006722 0.000000
vn 0.099774 0.006722 0.000000
vn 0.099425 0.010712 0.000000
vn 0.099425 0.010712 0.000000
vn 0.098870 0.014990 0.000000
vn 0.098870 0.014990 0.000000
vn 0.098097 0.019416 0.000000
vn 0.098097 0.019416 0.000000
vn 0.097137 0.023756 0.000000
vn 0.097137 0.023756 0.000000
vn 0.096167 0.027421 0.000000
vn 0.096167 0.027421 0.000000
vn 0.095264 0.030410 0.000000
vn 0.095264 0.030410 0.000000
vn 0.094474 0.032783 0.000000
vn 0.094474 0.032783 0.000000
vn 0.093926 0.034321 0.000000
vn 0.093926 0.034321 0.000000
vn 0.093607 0.035182 0.000000
vn 0.093607 0.035182 0.000000
vn 0.093508 0.035444 0.000000
vn 0.093508 0.035444 0.000000
vn 0.093552 0.035328 0.000000
vn 0.093552 0.035328 0.000000
vn 0.093668 0.035019 0.000000
vn 0.093668 0.035019 0.000000
vn 0.093869 0.034477 0.000000
vn 0.093869 0.034477 0.000000
vn 0.094171 0.033642 0.000000
vn 0.094171 0.033642 0.000000
vn 0.094594 0.032433 0.000000
vn 0.094594 0.032433 0.000000
vn 0.095068 0.031017 0.000000
vn 0.095068 0.031017 0.000000
vn 0.095618 0.029277 0.000000
vn 0.095618 0.029277 0.000000
vn 0.096283 0.027011 0.000000
vn 0.096283 0.027011 0.000000
vn 0.096283 0.027011 0.000000
vn 0.096283 0.027011 0.000000
vn -0.096283 0.027011 0.000000
vn -0.096283 0.027011 0.000000
vn -0.096283 0.027011 0.000000
vn -0.096283 0.027011 0.000000
vn -0.095618 0.029277 0.000000
vn -0.095618 0.029277 0.000000
vn -0.095068 0.031017 0.000000
vn -0.095068 0.031017 0.000000
vn -0.094594 0.032433 0.000000
vn -0.094594 0.032433 0.000000
vn -0.094171 0.033642 0.000000
vn -0.094171 0.033642 0.000000
vn -0.093869 0.034477 0.000000
vn -0.093869 0.034477 0.000000
vn -0.093668 0.035019 0.000000
vn -0.093668 0.035019 0.000000
vn -0.093552 0.035328 0.000000
vn -0.093552 0.035328 0.000000
vn -0.093508 0.035444 0.000000
vn -0.093508 0.035444 0.000000
vn -0.093607 0.035182 0.000000
vn -0.093607 0.035182 0.000000
vn -0.093926 0.034321 0.000000
vn -0.093926 0.034321 0.000000
vn -0.094474 0.032783 0.000000
vn -0.094474 0.032783 0.000000
vn -0.095264 0.030410 0.000000
vn -0.095264 0.030410 0.000000
vn -0.096167 0.027421 0.000000
vn -0.096167 0.027421 0.000000
vn -0.097137 0.023756 0.000000
vn -0.097137 0.023756 0.000000
vn -0.098097 0.019416 0.000000
vn -0.098097 0.019416 0.000000
vn -0.098870 0.014990 0.000000
vn -0.098870 0.014990 0.000000
vn -0.099425 0.010712 0.000000
vn -0.099425 0.010712 0.000000
vn -0.099774 0.006722 0.000000
vn -0.099774 0.006722 0.000000
vn -0.099951 0.003127 0.000000
vn -0.099951 0.003127 0.000000
vn 0.000000 -0.000000 0.100000
vn 0.000000 -0.000000 0.100000
vn 0.000000 -0.000000 0.100000
vn 0.000000 -0.000000 0.100000
vn 0.000000 -0.000000 0.100000
vn 0.000000 -0.000000 0.100000
vn 0.000000 -0.000000 0.100000
vn 0.000000 -0.000000 0.100000
vn 0.000000 -0.000000 0.100000
vn 0.000000 -0.000000 0.100000
vn 0.000000 -0.000000 0.100000
vn 0.000000 -0.000000 0.100000
vn 0.000000 -0.000000 0.100000
vn 0.000000 -0.000000 0.100000
vn 0.000000 -0.000000 0.100000
vn 0.000000 -0.000000 0.100000
vn 0.000000 -0.000000 0.100000
vn 0.000000 -0.000000 0.100000
vn 0.000000 -0.000000 0.100000
vn 0.000000 -0.000000 0.100000
vn 0.000000 -0.000000 0.100000
vn 0.000000 -0.000000 0.100000
vn 0.000000 -0.000000 0.100000
vn 0.000000 -0.000000 0.100000
vn 0.000000 -0.000000 0.100000
vn 0.000000 -0.000000 0.100000
vn 0.000000 -0.000000 0.100000
vn 0.000000 -0.000000 0.100000
vn 0.000000 -0.000000 0.100000
vn 0.000000 -0.000000 0.100000
vn 0.000000 -0.000000 0.100000
vn 0.000000 -0.000000 0.100000
vn 0.000000 -0.000000 0.100000
vn 0.000000 -0.000000 0.100000
vn 0.000000 -0.000000 0.100000
vn 0.000000 -0.000000 0.100000
vn 0.000000 -0.000000 0.100000
vn 0.000000 -0.000000 0.100000
vn 0.000000 -0.000000 0.100000
vn 0.000000 -0.000000 0.100000
vn 0.000000 -0.000000 0.100000
vn 0.000000 -0.000000 0.100000
vn 0.000000 -0.000000 0.100000
vn 0.000000 -0.000000 0.100000
vn 0.000000 -0.000000 0.100000
vn 0.000000 -0.000000 0.100000
vn 0.000000 -0.000000 0.100000
vn 0.000000 -0.000000 0.100000
vn 0.000000 -0.000000 0.100000
vn 0.000000 -0.000000 0.100000
vn 0.000000 -0.000000 0.100000
vn 0.000000 -0.000000 0.100000
vn 0.000000 -0.000000 0.100000
vn 0.000000 -0.000000 0.100000
vn 0.000000 -0.000000 0.100000
vn 0.000000 -0.000000 0.100000
vn 0.000000 -0.000000 0.100000
vn 0.000000 -0.000000 0.100000
vn 0.000000 -0.000000 0.100000
vn 0.000000 -0.000000 0.100000
vn 0.000000 -0.000000 0.100000
vn 0.000000 -0.000000 0.100000
vn 0.000000 -0.000000 0.100000
vn 0.000000 -0.000000 0.100000
vn 0.000000 -0.000000 0.100000
vn 0.000000 -0.000000 0.100000
vn 0.000000 -0.000000 0.100000
vn 0.000000 -0.000000 0.100000
vn 0.000000 -0.000000 0.100000
vn 0.000000 -0.000000 0.100000
vn 0.000000 -0.000000 0.100000
vn 0.000000 -0.000000 0.100000
vn 0.000000 -0.000000 0.100000
vn 0.000000 -0.000000 0.100000
vn 0.000000 -0.000000 0.100000
vn 0.000000 -0.000000 0.100000
vn 0.000000 -0.000000 0.100000
vn 0.000000 -0.000000 0.100000
vn 0.000000 -0.000000 0.100000
vn 0.000000 -0.000000 0.100000
vn 0.000000 -0.000000 0.100000
vn 0.000000 -0.000000 0.100000
vn 0.000000 -0.000000 0.100000
vn 0.000000 -0.000000 0.100000
vn 0.000000 -0.000000 0.100000
vn 0.000000 -0.000000 0.100000
vn 0.000000 -0.000000 0.100000
vn 0.000000 -0.000000 0.100000
vn 0.000000 -0.000000 0.100000
vn 0.000000 -0.000000 0.100000
vn 0.000000 -0.000000 0.100000
vn 0.000000 -0.000000 0.100000
vn 0.000000 -0.000000 0.100000
vn 0.000000 -0.000000 0.100000
vn 0.000000 -0.000000 0.100000
vn 0.000000 -0.000000 0.100000
vn 0.000000 -0.000000 0.100000
vn 0.000000 -0.000000 0.100000
vn 0.000000 -0.000000 0.100000
vn 0.000000 -0.000000 0.100000
vn 0.000000 -0.000000 0.100000
vn 0.000000 -0.000000 0.100000
vn 0.000000 -0.000000 0.100000
vn 0.000000 -0.000000 0.100000
vn 0.000000 -0.000000 0.100000
vn 0.000000 -0.000000 0.100000
vn 0.000000 -0.000000 0.100000
vn 0.000000 -0.000000 0.100000
vn 0.000000 -0.000000 0.100000
vn 0.000000 -0.000000 0.100000
vn 0.000000 -0.000000 0.100000
vn 0.000000 -0.000000 0.100000
vn 0.000000 -0.000000 0.100000
vn 0.000000 -0.000000 0.100000
vn 0.000000 -0.000000 0.100000
vn 0.000000 -0.000000 0.100000
vn 0.000000 -0.000000 0.100000
vn 0.000000 -0.000000 0.100000
vn 0.000000 -0.000000 0.100000
vn 0.000000 -0.000000 0.100000
vn 0.000000 -0.000000 0.100000
vn 0.000000 -0.000000 0.100000
vn 0.000000 -0.000000 0.100000
vn 0.000000 -0.000000 0.100000
vn 0.000000 -0.000000 0.100000
vn 0.000000 -0.000000 0.100000
vn 0.000000 -0.000000 0.100000
vn 0.000000 -0.000000 0.100000
vn 0.000000 -0.000000 0.100000
vn 0.000000 -0.000000 0.100000
vn 0.000000 -0.000000 0.100000
vn 0.000000 -0.000000 0.100000
vn 0.000000 -0.000000 0.100000
vn 0.000000 -0.000000 0.100000
vn 0.000000 -0.000000 0.100000
vn 0.000000 -0.000000 0.100000
vn 0.000000 -0.000000 0.100000
vn 0.000000 -0.000000 0.100000
vn 0.000000 -0.000000 0.100000
vn 0.000000 -0.000000 0.100000
vn 0.000000 -0.000000 0.100000
vn 0.000000 -0.000000 0.100000
vn 0.000000 -0.000000 0.100000
vn 0.000000 -0.000000 0.100000
vn 0.000000 -0.000000 0.100000
vn 0.000000 -0.000000 0.100000
vn 0.000000 -0.000000 0.100000
vn 0.000000 -0.000000 0.100000
vn 0.000000 -0.000000 0.100000
vn 0.000000 -0.000000 0.100000
vn 0.000000 -0.000000 0.100000
vn 0.000000 -0.000000 0.100000
vn 0.000000 -0.000000 0.100000
vn 0.000000 -0.000000 0.100000
vn 0.000000 -0.000000 0.100000
vn 0.000000 -0.000000 0.100000
vn 0.000000 -0.000000 0.100000
vn 0.000000 -0.000000 0.100000
vn 0.000000 -0.000000 0.100000
vn 0.000000 -0.000000 0.100000
vn 0.000000 -0.000000 0.100000
vn 0.000000 -0.000000 0.100000
vn 0.000000 -0.000000 0.100000
vn 0.000000 -0.000000 0.100000
vn 0.000000 -0.000000 0.100000
vn 0.096283 0.027011 0.000000
vn 0.096283 0.027011 0.000000
vn 0.096283 0.027011 0.000000
vn 0.096283 0.027011 0.000000
vn 0.096283 0.027011 0.000000
vn 0.096283 0.027011 0.000000
vn 0.096283 0.027011 0.000000
vn 0.096283 0.027011 0.000000
vn 0.096283 0.027011 0.000000
vn 0.095579 0.029405 0.000000
vn 0.095164 0.030722 0.000000
vn 0.095048 0.031079 0.000000
vn 0.094544 0.032579 0.000000
vn 0.094616 0.032369 0.000000
vn 0.094244 0.033437 0.000000
vn 0.094283 0.033326 0.000000
vn 0.094031 0.034031 0.000000
vn 0.093913 0.034356 0.000000
vn 0.093805 0.034649 0.000000
vn 0.093681 0.034985 0.000000
vn 0.093637 0.035101 0.000000
vn 0.093575 0.035266 0.000000
vn 0.093545 0.035346 0.000000
vn 0.093529 0.035388 0.000000
vn 0.093500 0.035466 0.000000
vn 0.093491 0.035490 0.000000
vn 0.093488 0.035495 0.000000
vn 0.093507 0.035447 0.000000
vn 0.093629 0.035122 0.000000
vn 0.093586 0.035236 0.000000
vn 0.093917 0.034345 0.000000
vn 0.094009 0.034092 0.000000
vn 0.094466 0.032806 0.000000
vn 0.094614 0.032377 0.000000
vn 0.095273 0.030382 0.000000
vn 0.095437 0.029862 0.000000
vn 0.096177 0.027386 0.000000
vn 0.096358 0.026742 0.000000
vn 0.097134 0.023768 0.000000
vn 0.097337 0.022923 0.000000
vn 0.097831 0.020713 0.000000
vn 0.098085 0.019479 0.000000
vn 0.098310 0.018308 0.000000
vn 0.098870 0.014993 0.000000
vn 0.098729 0.015895 0.000000
vn 0.099089 0.013470 0.000000
vn 0.099425 0.010705 0.000000
vn 0.099387 0.011052 0.000000
vn 0.099624 0.008668 0.000000
vn 0.099799 0.006342 0.000000
vn 0.099756 0.006977 0.000000
vn 0.099742 0.007179 0.000000
vn 0.099733 0.007302 0.000000
vn 0.099916 0.004104 0.000000
vn 0.099878 0.004934 0.000000
vn 0.099851 0.005458 0.000000
vn 0.099824 0.005932 0.000000
vn 0.099980 0.001981 0.000000
vn 0.099950 0.003147 0.000000
vn 0.099929 0.003770 0.000000
vn 0.099905 0.004368 0.000000
vn 0.100000 0.000000 0.000000
vn 0.099998 0.000608 0.000000
vn 0.099992 0.001234 0.000000
vn 0.099982 0.001872 0.000000
vn 0.100000 0.000000 0.000000
vn 0.099968 0.002512 0.000000
vn 0.099798 0.006347 0.000000
vn 0.099775 0.006697 0.000000
vn 0.099730 0.007343 0.000000
vn 0.099733 0.007302 0.000000
vn 0.099742 0.007179 0.000000
vn 0.099774 0.006720 0.000000
vn 0.099756 0.006977 0.000000
vn 0.099775 0.006699 0.000000
vn 0.099798 0.006348 0.000000
vn 0.099824 0.005933 0.000000
vn 0.099851 0.005460 0.000000
vn 0.099878 0.004935 0.000000
vn 0.099905 0.004369 0.000000
vn 0.099951 0.003130 0.000000
vn 0.099929 0.003771 0.000000
vn 0.099950 0.003149 0.000000
vn 0.099968 0.002512 0.000000
vn 0.099982 0.001871 0.000000
vn 0.099992 0.001234 0.000000
vn 0.100000 0.000000 0.000000
vn 0.099998 0.000608 0.000000
vn 0.100000 0.000000 0.000000
vn 0.000000 -0.009595 -0.099539
vn 0.000000 -0.000000 -0.100000
vn 0.000000 -0.000000 -0.100000
vn 0.000000 0.009824 -0.099516
vn 0.000000 0.009825 -0.099516
vn 0.000000 0.019552 -0.098070
vn 0.000000 0.019552 -0.098070
vn 0.000000 0.029081 -0.095678
vn 0.000000 0.029085 -0.095677
vn 0.000000 0.038333 -0.092361
vn 0.000000 0.038319 -0.092367
vn 0.000000 0.047182 -0.088170
vn 0.000000 0.047205 -0.088157
vn 0.000000 0.055615 -0.083108
vn 0.000000 0.055605 -0.083115
vn 0.000000 0.063501 -0.077250
vn 0.000000 0.063478 -0.077269
vn 0.000000 0.070734 -0.070688
vn 0.000000 0.070764 -0.070657
vn 0.000000 0.077341 -0.063391
vn 0.000000 0.077319 -0.063418
vn 0.000000 0.083182 -0.055505
vn 0.000000 0.083166 -0.055529
vn 0.000000 0.088202 -0.047121
vn 0.000000 0.088224 -0.047080
vn 0.000000 0.092408 -0.038220
vn 0.000000 0.092392 -0.038259
vn 0.000000 0.095705 -0.028991
vn 0.000000 0.095700 -0.029009
vn 0.000000 0.098081 -0.019497
vn 0.000000 0.098088 -0.019460
vn 0.000000 0.099517 -0.009813
vn 0.000000 0.099523 -0.009756
vn 0.000000 0.100000 -0.000027
vn 0.000000 0.100000 0.000025
vn 0.000000 0.099520 0.009786
vn 0.000000 0.099517 0.009814
vn 0.000000 0.098082 0.019490
vn 0.000000 0.098074 0.019533
vn 0.000000 0.095705 0.028992
vn 0.000000 0.095689 0.029044
vn 0.000000 0.092406 0.038224
vn 0.000000 0.092391 0.038260
vn 0.000000 0.088210 0.047106
vn 0.000000 0.088205 0.047116
vn 0.000000 0.083173 0.055517
vn 0.000000 0.083157 0.055542
vn 0.000000 0.077341 0.063391
vn 0.000000 0.077316 0.063421
vn 0.000000 0.070753 0.070668
vn 0.000000 0.070736 0.070686
vn 0.000000 0.063485 0.077264
vn 0.000000 0.063463 0.077281
vn 0.000000 0.055615 0.083109
vn 0.000000 0.055584 0.083129
vn 0.000000 0.047200 0.088160
vn 0.000000 0.047186 0.088168
vn 0.000000 0.038321 0.092366
vn 0.000000 0.038331 0.092362
vn 0.000000 0.029084 0.095677
vn 0.000000 0.029082 0.095678
vn 0.000000 0.019552 0.098070
vn 0.000000 0.019550 0.098070
vn 0.000000 0.009825 0.099516
vn 0.000000 0.009824 0.099516
vn 0.000000 -0.000000 0.100000
vn 0.000000 -0.000000 0.100000
vn 0.000000 -0.009595 0.099539
vn 0.000000 -0.009619 0.099536
vn 0.000000 -0.019311 0.098118
vn 0.000000 -0.019352 0.098110
vn 0.000000 -0.028962 0.095714
vn 0.000000 -0.029012 0.095699
vn 0.000000 -0.038370 0.092346
vn 0.000000 -0.038422 0.092324
vn 0.000000 -0.047382 0.088062
vn 0.000000 -0.047428 0.088037
vn 0.000000 -0.055860 0.082943
vn 0.000000 -0.055896 0.082919
vn 0.000000 -0.063675 0.077107
vn 0.000000 -0.063697 0.077088
vn 0.000000 -0.070717 0.070704
vn 0.000000 -0.070725 0.070697
vn 0.000000 -0.077118 0.063661
vn 0.000000 -0.077113 0.063667
vn 0.000000 -0.082939 0.055867
vn 0.000000 -0.082952 0.055847
vn 0.000000 -0.088068 0.047371
vn 0.000000 -0.092349 0.038362
vn 0.000000 -0.092332 0.038403
vn 0.000000 -0.088051 0.047403
vn 0.000000 -0.095716 0.028957
vn 0.000000 -0.095703 0.029000
vn 0.000000 -0.098118 0.019308
vn 0.000000 -0.098111 0.019346
vn 0.000000 -0.099536 0.009617
vn 0.000000 -0.099539 0.009594
vn 0.000000 -0.100000 0.000000
vn 0.000000 -0.100000 0.000000
vn 0.000000 -0.099539 -0.009594
vn 0.000000 -0.099536 -0.009617
vn 0.000000 -0.098118 -0.019308
vn 0.000000 -0.098111 -0.019346
vn 0.000000 -0.095716 -0.028957
vn 0.000000 -0.095703 -0.029000
vn 0.000000 -0.092349 -0.038362
vn 0.000000 -0.092332 -0.038403
vn 0.000000 -0.088068 -0.047371
vn 0.000000 -0.088051 -0.047403
vn 0.000000 -0.082952 -0.055847
vn 0.000000 -0.082939 -0.055867
vn 0.000000 -0.077118 -0.063661
vn 0.000000 -0.077113 -0.063667
vn 0.000000 -0.070725 -0.070697
vn 0.000000 -0.070717 -0.070704
vn 0.000000 -0.063697 -0.077088
vn 0.000000 -0.063675 -0.077107
vn 0.000000 -0.055896 -0.082919
vn 0.000000 -0.055860 -0.082943
vn 0.000000 -0.047428 -0.088037
vn 0.000000 -0.047382 -0.088062
vn 0.000000 -0.038422 -0.092324
vn 0.000000 -0.038370 -0.092346
vn 0.000000 -0.029012 -0.095699
vn 0.000000 -0.028962 -0.095714
vn 0.000000 -0.019352 -0.098110
vn 0.000000 -0.019311 -0.098118
vn 0.000000 -0.009619 -0.099536
vn 0.000000 0.009824 -0.099516
vn 0.000000 0.009825 -0.099516
vn 0.000000 -0.000000 -0.100000
vn 0.000000 -0.000000 -0.100000
vn 0.000000 -0.009595 -0.099539
vn 0.000000 0.019550 -0.098070
vn 0.000000 0.019552 -0.098070
vn 0.000000 0.029082 -0.095678
vn 0.000000 0.029084 -0.095677
vn 0.000000 0.038321 -0.092366
vn 0.000000 0.038331 -0.092362
vn 0.000000 0.047186 -0.088168
vn 0.000000 0.047200 -0.088160
vn 0.000000 0.055584 -0.083129
vn 0.000000 0.055615 -0.083109
vn 0.000000 0.063463 -0.077281
vn 0.000000 0.063485 -0.077264
vn 0.000000 0.070736 -0.070686
vn 0.000000 0.070753 -0.070668
vn 0.000000 0.077316 -0.063421
vn 0.000000 0.077341 -0.063391
vn 0.000000 0.083157 -0.055542
vn 0.000000 0.083173 -0.055517
vn 0.000000 0.088205 -0.047116
vn 0.000000 0.088210 -0.047106
vn 0.000000 0.092391 -0.038260
vn 0.000000 0.092406 -0.038224
vn 0.000000 0.095689 -0.029044
vn 0.000000 0.095705 -0.028992
vn 0.000000 0.098074 -0.019533
vn 0.000000 0.098082 -0.019490
vn 0.000000 0.099517 -0.009814
vn 0.000000 0.099520 -0.009786
vn 0.000000 0.100000 -0.000025
vn 0.000000 0.100000 0.000027
vn 0.000000 0.099523 0.009756
vn 0.000000 0.099517 0.009813
vn 0.000000 0.098088 0.019460
vn 0.000000 0.098081 0.019497
vn 0.000000 0.095705 0.028991
vn 0.000000 0.095700 0.029009
vn 0.000000 0.092392 0.038259
vn 0.000000 0.092408 0.038220
vn 0.000000 0.088202 0.047121
vn 0.000000 0.088224 0.047080
vn 0.000000 0.083182 0.055505
vn 0.000000 0.083166 0.055529
vn 0.000000 0.077319 0.063418
vn 0.000000 0.077341 0.063391
vn 0.000000 0.070734 0.070688
vn 0.000000 0.070764 0.070657
vn 0.000000 0.063501 0.077250
vn 0.000000 0.063478 0.077269
vn 0.000000 0.055605 0.083115
vn 0.000000 0.055615 0.083108
vn 0.000000 0.047182 0.088170
vn 0.000000 0.047205 0.088157
vn 0.000000 0.038333 0.092361
vn 0.000000 0.038319 0.092367
vn 0.000000 0.029085 0.095677
vn 0.000000 0.029081 0.095678
vn 0.000000 0.019552 0.098070
vn 0.000000 0.019552 0.098070
vn 0.000000 0.009825 0.099516
vn 0.000000 0.009824 0.099516
vn 0.000000 -0.000000 0.100000
vn 0.000000 -0.000000 0.100000
vn 0.000000 -0.009595 0.099539
vn 0.000000 -0.009619 0.099536
vn 0.000000 -0.019311 0.098118
vn 0.000000 -0.019352 0.098110
vn 0.000000 -0.028962 0.095714
vn 0.000000 -0.029012 0.095699
vn 0.000000 -0.038370 0.092346
vn 0.000000 -0.038422 0.092324
vn 0.000000 -0.047382 0.088062
vn 0.000000 -0.047428 0.088037
vn 0.000000 -0.055860 0.082943
vn 0.000000 -0.055896 0.082919
vn 0.000000 -0.063675 0.077107
vn 0.000000 -0.063697 0.077088
vn 0.000000 -0.070717 0.070704
vn 0.000000 -0.070725 0.070697
vn 0.000000 -0.077118 0.063661
vn 0.000000 -0.077113 0.063667
vn 0.000000 -0.082939 0.055867
vn 0.000000 -0.082952 0.055847
vn 0.000000 -0.088051 0.047403
vn 0.000000 -0.088068 0.047371
vn 0.000000 -0.092332 0.038403
vn 0.000000 -0.092349 0.038362
vn 0.000000 -0.095703 0.029000
vn 0.000000 -0.095716 0.028957
vn 0.000000 -0.098111 0.019346
vn 0.000000 -0.098118 0.019308
vn 0.000000 -0.099536 0.009617
vn 0.000000 -0.099539 0.009594
vn 0.000000 -0.100000 -0.000000
vn 0.000000 -0.100000 0.000000
vn 0.000000 -0.099536 -0.009617
vn 0.000000 -0.099539 -0.009594
vn 0.000000 -0.098118 -0.019308
vn 0.000000 -0.098111 -0.019346
vn 0.000000 -0.095703 -0.029000
vn 0.000000 -0.095716 -0.028957
vn 0.000000 -0.092332 -0.038403
vn 0.000000 -0.092349 -0.038362
vn 0.000000 -0.088068 -0.047371
vn 0.000000 -0.088051 -0.047403
vn 0.000000 -0.082939 -0.055867
vn 0.000000 -0.077113 -0.063667
vn 0.000000 -0.077118 -0.063661
vn 0.000000 -0.082952 -0.055847
vn 0.000000 -0.070725 -0.070697
vn 0.000000 -0.070717 -0.070704
vn 0.000000 -0.063697 -0.077088
vn 0.000000 -0.063675 -0.077107
vn 0.000000 -0.055896 -0.082919
vn 0.000000 -0.055860 -0.082943
vn 0.000000 -0.047428 -0.088037
vn 0.000000 -0.047382 -0.088062
vn 0.000000 -0.038422 -0.092324
vn 0.000000 -0.038370 -0.092346
vn 0.000000 -0.029012 -0.095699
vn 0.000000 -0.028962 -0.095714
vn 0.000000 -0.019352 -0.098110
vn 0.000000 -0.019311 -0.098118
vn 0.000000 -0.009619 -0.099536
vn 0.099945 -0.003317 0.000000
vn 0.099597 -0.008964 0.000000
vn 0.099777 -0.006672 0.000000
vn 0.099498 -0.010003 0.000000
vn 0.099118 -0.013249 0.000000
vn 0.098393 -0.017856 0.000000
vn 0.098654 -0.016352 0.000000
vn 0.098126 -0.019270 0.000000
vn 0.097559 -0.021962 0.000000
vn 0.096396 -0.026604 0.000000
vn 0.096981 -0.024388 0.000000
vn 0.096401 -0.026587 0.000000
vn 0.095825 -0.028593 0.000000
vn 0.095281 -0.030358 0.000000
vn 0.093623 -0.035137 0.000000
vn 0.094796 -0.031839 0.000000
vn 0.094400 -0.032995 0.000000
vn 0.094107 -0.033821 0.000000
vn 0.093927 -0.034317 0.000000
vn 0.093867 -0.034483 0.000000
vn 0.093623 -0.035137 0.000000
vn 0.093927 -0.034317 0.000000
vn 0.094107 -0.033821 0.000000
vn 0.094400 -0.032995 0.000000
vn 0.094796 -0.031839 0.000000
vn 0.095281 -0.030358 0.000000
vn 0.096396 -0.026604 0.000000
vn 0.095825 -0.028593 0.000000
vn 0.096401 -0.026587 0.000000
vn 0.096981 -0.024388 0.000000
vn 0.097559 -0.021962 0.000000
vn 0.098393 -0.017856 0.000000
vn 0.098126 -0.019270 0.000000
vn 0.098654 -0.016352 0.000000
vn 0.099118 -0.013249 0.000000
vn 0.099597 -0.008964 0.000000
vn 0.099498 -0.010003 0.000000
vn 0.099777 -0.006672 0.000000
vn 0.099945 -0.003317 0.000000
vn 0.090097 -0.043388 0.000000
vn 0.090097 -0.043388 0.000000
vn 0.085845 -0.051290 0.000000
vn 0.085845 -0.051290 0.000000
vn 0.080902 -0.058779 0.000000
vn 0.080902 -0.058779 0.000000
vn 0.075307 -0.065794 0.000000
vn 0.075307 -0.065794 0.000000
vn 0.069106 -0.072279 0.000000
vn 0.069106 -0.072279 0.000000
vn 0.062349 -0.078183 0.000000
vn 0.062349 -0.078183 0.000000
vn 0.055090 -0.083457 0.000000
vn 0.055090 -0.083457 0.000000
vn 0.047387 -0.088060 0.000000
vn 0.047387 -0.088060 0.000000
vn 0.039303 -0.091953 0.000000
vn 0.039303 -0.091953 0.000000
vn 0.030902 -0.095106 0.000000
vn 0.030902 -0.095106 0.000000
vn 0.022252 -0.097493 0.000000
vn 0.022252 -0.097493 0.000000
vn 0.013423 -0.099095 0.000000
vn 0.013423 -0.099095 0.000000
vn 0.004486 -0.099899 0.000000
vn 0.004486 -0.099899 0.000000
vn -0.004486 -0.099899 0.000000
vn -0.004486 -0.099899 0.000000
vn -0.013423 -0.099095 0.000000
vn -0.013423 -0.099095 0.000000
vn -0.022252 -0.097493 0.000000
vn -0.022252 -0.097493 0.000000
vn -0.030902 -0.095106 0.000000
vn -0.030902 -0.095106 0.000000
vn -0.039303 -0.091953 0.000000
vn -0.039303 -0.091953 0.000000
vn -0.047387 -0.088060 0.000000
vn -0.047387 -0.088060 0.000000
vn -0.055090 -0.083457 0.000000
vn -0.055090 -0.083457 0.000000
vn -0.062349 -0.078183 0.000000
vn -0.062349 -0.078183 0.000000
vn -0.069106 -0.072279 0.000000
vn -0.069106 -0.072279 0.000000
vn -0.075307 -0.065794 0.000000
vn -0.075307 -0.065794 0.000000
vn -0.080902 -0.058779 0.000000
vn -0.080902 -0.058779 0.000000
vn -0.085845 -0.051290 0.000000
vn -0.085845 -0.051290 0.000000
vn -0.090097 -0.043388 0.000000
vn -0.090097 -0.043388 0.000000
vn -0.093623 -0.035137 0.000000
vn -0.093623 -0.035137 0.000000
vn -0.093867 -0.034483 0.000000
vn -0.093927 -0.034317 0.000000
vn -0.094107 -0.033821 0.000000
vn -0.094400 -0.032995 0.000000
vn -0.094796 -0.031839 0.000000
vn -0.095281 -0.030358 0.000000
vn -0.096396 -0.026604 0.000000
vn -0.095825 -0.028593 0.000000
vn -0.096401 -0.026587 0.000000
vn -0.096981 -0.024388 0.000000
vn -0.097559 -0.021962 0.000000
vn -0.098393 -0.017856 0.000000
vn -0.098126 -0.019270 0.000000
vn -0.098654 -0.016352 0.000000
vn -0.099118 -0.013249 0.000000
vn -0.099597 -0.008964 0.000000
vn -0.099498 -0.010003 0.000000
vn -0.099777 -0.006672 0.000000
vn -0.099945 -0.003317 0.000000
vn -0.100000 -0.000000 0.000000
vn -0.100000 -0.000000 0.000000
vn -0.093927 -0.034317 0.000000
vn -0.094107 -0.033821 0.000000
vn -0.094400 -0.032995 0.000000
vn -0.094796 -0.031839 0.000000
vn -0.095281 -0.030358 0.000000
vn -0.096396 -0.026604 0.000000
vn -0.095825 -0.028593 0.000000
vn -0.096401 -0.026587 0.000000
vn -0.096981 -0.024388 0.000000
vn -0.097559 -0.021962 0.000000
vn -0.098393 -0.017856 0.000000
vn -0.098126 -0.019270 0.000000
vn -0.098654 -0.016352 0.000000
vn -0.099118 -0.013249 0.000000
vn -0.099597 -0.008964 0.000000
vn -0.099498 -0.010003 0.000000
vn -0.099777 -0.006672 0.000000
vn -0.099945 -0.003317 0.000000
vn -0.100000 -0.000000 0.000000
vn -0.100000 -0.000000 0.000000
vn 0.100000 0.000000 0.000000
vn 0.099962 0.002741 0.000000
vn 0.100000 0.000000 0.000000
vn 0.099676 0.008047 0.000000
vn 0.099848 0.005516 0.000000
vn 0.099657 0.008274 0.000000
vn 0.099397 0.010963 0.000000
vn 0.098705 0.016041 0.000000
vn 0.099080 0.013536 0.000000
vn 0.098719 0.015956 0.000000
vn 0.098332 0.018190 0.000000
vn 0.097938 0.020205 0.000000
vn 0.097094 0.023932 0.000000
vn 0.097543 0.022031 0.000000
vn 0.097152 0.023695 0.000000
vn 0.096783 0.025159 0.000000
vn 0.096456 0.026386 0.000000
vn 0.096189 0.027343 0.000000
vn 0.095992 0.028026 0.000000
vn 0.094854 0.031667 0.000000
vn 0.095872 0.028435 0.000000
vn 0.095831 0.028571 0.000000
vn 0.094854 0.031667 0.000000
vn 0.095872 0.028435 0.000000
vn 0.095992 0.028026 0.000000
vn 0.096189 0.027343 0.000000
vn 0.097094 0.023932 0.000000
vn 0.096456 0.026386 0.000000
vn 0.096783 0.025159 0.000000
vn 0.097152 0.023695 0.000000
vn 0.097543 0.022031 0.000000
vn 0.097938 0.020205 0.000000
vn 0.098705 0.016041 0.000000
vn 0.098332 0.018190 0.000000
vn 0.098719 0.015956 0.000000
vn 0.099080 0.013536 0.000000
vn 0.099397 0.010963 0.000000
vn 0.099676 0.008047 0.000000
vn 0.099657 0.008274 0.000000
vn 0.099848 0.005516 0.000000
vn 0.099962 0.002741 0.000000
vn 0.100000 0.000000 0.000000
vn 0.100000 0.000000 0.000000
vn 0.091998 0.039197 0.000000
vn 0.091998 0.039197 0.000000
vn 0.088546 0.046472 0.000000
vn 0.088546 0.046472 0.000000
vn 0.084519 0.053447 0.000000
vn 0.084519 0.053447 0.000000
vn 0.079944 0.060074 0.000000
vn 0.079944 0.060074 0.000000
vn 0.074851 0.066312 0.000000
vn 0.074851 0.066312 0.000000
vn 0.069272 0.072120 0.000000
vn 0.069272 0.072120 0.000000
vn 0.063245 0.077460 0.000000
vn 0.063245 0.077460 0.000000
vn 0.056806 0.082298 0.000000
vn 0.056806 0.082298 0.000000
vn 0.050000 0.086603 0.000000
vn 0.050000 0.086603 0.000000
vn 0.042869 0.090345 0.000000
vn 0.042869 0.090345 0.000000
vn 0.035460 0.093502 0.000000
vn 0.035460 0.093502 0.000000
vn 0.027822 0.096052 0.000000
vn 0.027822 0.096052 0.000000
vn 0.020003 0.097979 0.000000
vn 0.020003 0.097979 0.000000
vn 0.012054 0.099271 0.000000
vn 0.012054 0.099271 0.000000
vn 0.004027 0.099919 0.000000
vn 0.004027 0.099919 0.000000
vn -0.004027 0.099919 -0.000000
vn -0.004027 0.099919 -0.000000
vn -0.012054 0.099271 -0.000000
vn -0.012054 0.099271 -0.000000
vn -0.020003 0.097979 -0.000000
vn -0.020003 0.097979 -0.000000
vn -0.027822 0.096052 -0.000000
vn -0.027822 0.096052 -0.000000
vn -0.035460 0.093502 -0.000000
vn -0.035460 0.093502 -0.000000
vn -0.042869 0.090345 -0.000000
vn -0.042869 0.090345 -0.000000
vn -0.050000 0.086603 -0.000000
vn -0.050000 0.086603 -0.000000
vn -0.056806 0.082298 -0.000000
vn -0.056806 0.082298 -0.000000
vn -0.063245 0.077460 -0.000000
vn -0.063245 0.077460 -0.000000
vn -0.069272 0.072120 -0.000000
vn -0.069272 0.072120 -0.000000
vn -0.074851 0.066312 -0.000000
vn -0.074851 0.066312 -0.000000
vn -0.079944 0.060074 -0.000000
vn -0.079944 0.060074 -0.000000
vn -0.084519 0.053447 -0.000000
vn -0.084519 0.053447 -0.000000
vn -0.088546 0.046472 -0.000000
vn -0.088546 0.046472 -0.000000
vn -0.091998 0.039197 -0.000000
vn -0.091998 0.039197 -0.000000
vn -0.094854 0.031667 -0.000000
vn -0.094854 0.031667 -0.000000
vn -0.095831 0.028571 -0.000000
vn -0.095872 0.028435 -0.000000
vn -0.097094 0.023932 -0.000000
vn -0.096189 0.027343 -0.000000
vn -0.095992 0.028026 -0.000000
vn -0.095872 0.028435 -0.000000
vn -0.098705 0.016041 -0.000000
vn -0.097938 0.020205 -0.000000
vn -0.097543 0.022031 -0.000000
vn -0.097152 0.023695 -0.000000
vn -0.099676 0.008047 -0.000000
vn -0.099397 0.010963 -0.000000
vn -0.099080 0.013536 -0.000000
vn -0.098719 0.015956 -0.000000
vn -0.100000 0.000000 -0.000000
vn -0.099962 0.002741 -0.000000
vn -0.099848 0.005516 -0.000000
vn -0.099657 0.008274 -0.000000
vn -0.100000 0.000000 -0.000000
vn -0.098332 0.018190 -0.000000
vn -0.096783 0.025159 -0.000000
vn -0.096456 0.026386 -0.000000
vn -0.095992 0.028026 -0.000000
vn -0.096189 0.027343 -0.000000
vn -0.097094 0.023932 -0.000000
vn -0.096456 0.026386 -0.000000
vn -0.096783 0.025159 -0.000000
vn -0.097152 0.023695 -0.000000
vn -0.097543 0.022031 -0.000000
vn -0.097938 0.020205 -0.000000
vn -0.098705 0.016041 -0.000000
vn -0.098332 0.018190 -0.000000
vn -0.098719 0.015956 -0.000000
vn -0.099080 0.013536 -0.000000
vn -0.099397 0.010963 -0.000000
vn -0.099676 0.008047 -0.000000
vn -0.099657 0.008274 -0.000000
vn -0.099848 0.005516 -0.000000
vn -0.099962 0.002741 -0.000000
vn -0.100000 0.000000 -0.000000
vn -0.100000 0.000000 -0.000000
vn -0.099998 0.000608 0.000000
vn -0.099986 0.001693 0.000000
vn -0.099992 0.001234 0.000000
vn -0.099982 0.001871 0.000000
vn -0.099968 0.002512 0.000000
vn -0.099939 0.003501 0.000000
vn -0.099950 0.003149 0.000000
vn -0.099929 0.003771 0.000000
vn -0.099905 0.004369 0.000000
vn -0.099854 0.005408 0.000000
vn -0.099878 0.004935 0.000000
vn -0.099851 0.005460 0.000000
vn -0.099824 0.005933 0.000000
vn -0.099726 0.007397 0.000000
vn -0.099798 0.006348 0.000000
vn -0.099775 0.006699 0.000000
vn -0.099756 0.006977 0.000000
vn -0.099742 0.007179 0.000000
vn -0.099552 0.009452 0.000000
vn -0.099733 0.007302 0.000000
vn -0.099730 0.007343 0.000000
vn -0.099733 0.007302 0.000000
vn -0.099774 0.006720 0.000000
vn -0.099742 0.007179 0.000000
vn -0.099756 0.006977 0.000000
vn -0.099775 0.006697 0.000000
vn -0.099798 0.006347 0.000000
vn -0.099824 0.005932 0.000000
vn -0.099851 0.005458 0.000000
vn -0.099878 0.004934 0.000000
vn -0.099951 0.003130 0.000000
vn -0.099905 0.004368 0.000000
vn -0.099929 0.003770 0.000000
vn -0.099950 0.003147 0.000000
vn -0.099968 0.002512 0.000000
vn -0.099982 0.001872 0.000000
vn -0.099992 0.001234 0.000000
vn -0.099998 0.000608 0.000000
vn -0.099425 0.010705 0.000000
vn -0.099330 0.011556 0.000000
vn -0.099058 0.013693 0.000000
vn -0.098870 0.014993 0.000000
vn -0.098736 0.015847 0.000000
vn -0.098085 0.019479 0.000000
vn -0.097944 0.020175 0.000000
vn -0.097134 0.023768 0.000000
vn -0.097049 0.024113 0.000000
vn -0.096177 0.027386 0.000000
vn -0.096161 0.027443 0.000000
vn -0.095311 0.030261 0.000000
vn -0.095273 0.030382 0.000000
vn -0.094534 0.032607 0.000000
vn -0.094466 0.032806 0.000000
vn -0.093978 0.034179 0.000000
vn -0.093917 0.034345 0.000000
vn -0.093628 0.035126 0.000000
vn -0.093586 0.035236 0.000000
vn -0.093489 0.035493 0.000000
vn -0.093507 0.035447 0.000000
vn -0.093512 0.035434 0.000000
vn -0.093491 0.035490 0.000000
vn -0.093545 0.035346 0.000000
vn -0.093607 0.035181 0.000000
vn -0.093681 0.034985 0.000000
vn -0.093791 0.034689 0.000000
vn -0.093913 0.034356 0.000000
vn -0.094084 0.033884 0.000000
vn -0.094244 0.033437 0.000000
vn -0.094448 0.032857 0.000000
vn -0.094616 0.032369 0.000000
vn -0.094878 0.031592 0.000000
vn -0.095048 0.031079 0.000000
vn -0.095436 0.029864 0.000000
vn -0.095579 0.029405 0.000000
vn -0.096283 0.027011 0.000000
vn -0.096283 0.027011 0.000000
vn -0.096283 0.027011 0.000000
vn -0.096283 0.027011 0.000000
vn 0.099998 -0.000585 0.000000
vn 0.099993 -0.001186 0.000000
vn 0.099951 -0.003130 0.000000
vn 0.099984 -0.001797 0.000000
vn 0.099971 -0.002409 0.000000
vn 0.099955 -0.003014 0.000000
vn 0.099935 -0.003603 0.000000
vn 0.099913 -0.004171 0.000000
vn 0.099774 -0.006717 0.000000
vn 0.099889 -0.004707 0.000000
vn 0.099865 -0.005202 0.000000
vn 0.099840 -0.005650 0.000000
vn 0.099817 -0.006042 0.000000
vn 0.099797 -0.006371 0.000000
vn 0.099780 -0.006633 0.000000
vn 0.099767 -0.006824 0.000000
vn 0.099426 -0.010703 0.000000
vn 0.099759 -0.006940 0.000000
vn 0.099756 -0.006979 0.000000
vn 0.099426 -0.010703 0.000000
vn 0.099759 -0.006941 0.000000
vn 0.099767 -0.006825 0.000000
vn 0.099774 -0.006717 0.000000
vn 0.099780 -0.006635 0.000000
vn 0.099797 -0.006373 0.000000
vn 0.099817 -0.006043 0.000000
vn 0.099840 -0.005651 0.000000
vn 0.099864 -0.005204 0.000000
vn 0.099889 -0.004709 0.000000
vn 0.099913 -0.004174 0.000000
vn 0.099951 -0.003130 0.000000
vn 0.099935 -0.003606 0.000000
vn 0.099955 -0.003015 0.000000
vn 0.099971 -0.002409 0.000000
vn 0.099984 -0.001797 0.000000
vn 0.099993 -0.001186 0.000000
vn 0.099998 -0.000585 0.000000
vn 0.098868 -0.015001 0.000000
vn 0.098868 -0.015001 0.000000
vn 0.098069 -0.019558 0.000000
vn 0.098069 -0.019558 0.000000
vn 0.097132 -0.023777 0.000000
vn 0.097132 -0.023777 0.000000
vn 0.096186 -0.027356 0.000000
vn 0.096186 -0.027356 0.000000
vn 0.095283 -0.030350 0.000000
vn 0.095283 -0.030350 0.000000
vn 0.094466 -0.032805 0.000000
vn 0.094466 -0.032805 0.000000
vn 0.093918 -0.034342 0.000000
vn 0.093918 -0.034342 0.000000
vn 0.093583 -0.035244 0.000000
vn 0.093583 -0.035244 0.000000
vn 0.093502 -0.035459 0.000000
vn 0.093502 -0.035459 0.000000
vn 0.093485 -0.035503 0.000000
vn 0.093485 -0.035503 0.000000
vn 0.093542 -0.035353 0.000000
vn 0.093542 -0.035353 0.000000
vn 0.093685 -0.034972 0.000000
vn 0.093685 -0.034972 0.000000
vn 0.093939 -0.034284 0.000000
vn 0.093939 -0.034284 0.000000
vn 0.094266 -0.033375 0.000000
vn 0.094266 -0.033375 0.000000
vn 0.094619 -0.032360 0.000000
vn 0.094619 -0.032360 0.000000
vn 0.095028 -0.031141 0.000000
vn 0.095028 -0.031141 0.000000
vn 0.095544 -0.029520 0.000000
vn 0.095544 -0.029520 0.000000
vn 0.096283 -0.027011 0.000000
vn 0.096283 -0.027011 0.000000
vn 0.096283 -0.027011 0.000000
vn 0.096283 -0.027011 0.000000
vn -0.099998 -0.000585 0.000000
vn -0.099993 -0.001186 0.000000
vn -0.099984 -0.001797 0.000000
vn -0.099951 -0.003130 0.000000
vn -0.099971 -0.002409 0.000000
vn -0.099955 -0.003014 0.000000
vn -0.099935 -0.003603 0.000000
vn -0.099913 -0.004171 0.000000
vn -0.099889 -0.004707 0.000000
vn -0.099774 -0.006717 0.000000
vn -0.099865 -0.005202 0.000000
vn -0.099840 -0.005650 0.000000
vn -0.099817 -0.006042 0.000000
vn -0.099797 -0.006371 0.000000
vn -0.099780 -0.006633 0.000000
vn -0.099767 -0.006824 0.000000
vn -0.099426 -0.010703 0.000000
vn -0.099759 -0.006940 0.000000
vn -0.099756 -0.006979 0.000000
vn -0.099426 -0.010703 0.000000
vn -0.099759 -0.006941 0.000000
vn -0.099767 -0.006825 0.000000
vn -0.099774 -0.006717 0.000000
vn -0.099780 -0.006635 0.000000
vn -0.099797 -0.006373 0.000000
vn -0.099817 -0.006043 0.000000
vn -0.099840 -0.005651 0.000000
vn -0.099864 -0.005204 0.000000
vn -0.099889 -0.004709 0.000000
vn -0.099913 -0.004174 0.000000
vn -0.099951 -0.003130 0.000000
vn -0.099935 -0.003606 0.000000
vn -0.099955 -0.003015 0.000000
vn -0.099971 -0.002409 0.000000
vn -0.099984 -0.001797 0.000000
vn -0.099993 -0.001186 0.000000
vn -0.099998 -0.000585 0.000000
vn -0.098868 -0.015001 0.000000
vn -0.098868 -0.015001 0.000000
vn -0.098069 -0.019558 0.000000
vn -0.098069 -0.019558 0.000000
vn -0.097132 -0.023777 0.000000
vn -0.097132 -0.023777 0.000000
vn -0.096186 -0.027356 0.000000
vn -0.096186 -0.027356 0.000000
vn -0.095283 -0.030350 0.000000
vn -0.095283 -0.030350 0.000000
vn -0.094466 -0.032805 0.000000
vn -0.094466 -0.032805 0.000000
vn -0.093918 -0.034342 0.000000
vn -0.093918 -0.034342 0.000000
vn -0.093583 -0.035244 0.000000
vn -0.093583 -0.035244 0.000000
vn -0.093502 -0.035459 0.000000
vn -0.093502 -0.035459 0.000000
vn -0.093485 -0.035503 0.000000
vn -0.093485 -0.035503 0.000000
vn -0.093542 -0.035353 0.000000
vn -0.093542 -0.035353 0.000000
vn -0.093685 -0.034972 0.000000
vn -0.093685 -0.034972 0.000000
vn -0.093939 -0.034284 0.000000
vn -0.093939 -0.034284 0.000000
vn -0.094266 -0.033375 0.000000
vn -0.094266 -0.033375 0.000000
vn -0.094619 -0.032360 0.000000
vn -0.094619 -0.032360 0.000000
vn -0.095028 -0.031141 0.000000
vn -0.095028 -0.031141 0.000000
vn -0.095544 -0.029520 0.000000
vn -0.095544 -0.029520 0.000000
vn -0.096283 -0.027011 0.000000
vn -0.096283 -0.027011 0.000000
vn -0.096283 -0.027011 0.000000
vn -0.096283 -0.027011 0.000000
vn 0.000000 0.000000 0.100000
vn 0.000000 0.000000 0.100000
vn 0.000000 0.000000 0.100000
vn 0.000000 0.000000 0.100000
vn 0.000000 0.000000 0.100000
vn 0.000000 0.000000 0.100000
vn 0.000000 0.000000 0.100000
vn 0.000000 0.000000 0.100000
vn 0.000000 0.000000 0.100000
vn 0.000000 0.000000 0.100000
vn 0.000000 0.000000 0.100000
vn 0.000000 0.000000 0.100000
vn 0.000000 0.000000 0.100000
vn 0.000000 0.000000 0.100000
vn 0.000000 0.000000 0.100000
vn 0.000000 0.000000 0.100000
vn 0.000000 0.000000 0.100000
vn 0.000000 0.000000 0.100000
vn 0.000000 0.000000 0.100000
vn 0.000000 0.000000 0.100000
vn 0.000000 0.000000 0.100000
vn 0.000000 0.000000 0.100000
vn 0.000000 0.000000 0.100000
vn 0.000000 0.000000 0.100000
vn 0.000000 0.000000 0.100000
vn 0.000000 0.000000 0.100000
vn 0.000000 0.000000 0.100000
vn 0.000000 0.000000 0.100000
vn 0.000000 0.000000 0.100000
vn 0.000000 0.000000 0.100000
vn 0.000000 0.000000 0.100000
vn 0.000000 0.000000 0.100000
vn 0.000000 0.000000 0.100000
vn 0.000000 0.000000 0.100000
vn 0.000000 0.000000 0.100000
vn 0.000000 0.000000 0.100000
vn 0.000000 0.000000 0.100000
vn 0.000000 0.000000 0.100000
vn 0.000000 0.000000 0.100000
vn 0.000000 0.000000 0.100000
vn 0.000000 0.000000 0.100000
vn 0.000000 0.000000 0.100000
vn 0.000000 0.000000 0.100000
vn 0.000000 0.000000 0.100000
vn 0.000000 0.000000 0.100000
vn 0.000000 0.000000 0.100000
vn 0.000000 0.000000 0.100000
vn 0.000000 0.000000 0.100000
vn 0.000000 0.000000 0.100000
vn 0.000000 0.000000 0.100000
vn 0.000000 0.000000 0.100000
vn 0.000000 0.000000 0.100000
vn 0.000000 0.000000 0.100000
vn 0.000000 0.000000 0.100000
vn 0.000000 0.000000 0.100000
vn 0.000000 0.000000 0.100000
vn 0.000000 0.000000 0.100000
vn 0.000000 0.000000 0.100000
vn 0.000000 0.000000 0.100000
vn 0.000000 0.000000 0.100000
vn 0.000000 0.000000 0.100000
vn 0.000000 0.000000 0.100000
vn 0.000000 0.000000 0.100000
vn 0.000000 0.000000 0.100000
vn 0.000000 0.000000 0.100000
vn 0.000000 0.000000 0.100000
vn 0.000000 0.000000 0.100000
vn 0.000000 0.000000 0.100000
vn 0.000000 0.000000 0.100000
vn 0.000000 0.000000 0.100000
vn 0.000000 0.000000 0.100000
vn 0.000000 0.000000 0.100000
vn 0.000000 0.000000 0.100000
vn 0.000000 0.000000 0.100000
vn 0.000000 0.000000 0.100000
vn 0.000000 0.000000 0.100000
vn 0.000000 0.000000 0.100000
vn 0.000000 0.000000 0.100000
vn 0.000000 0.000000 0.100000
vn 0.000000 0.000000 0.100000
vn 0.000000 0.000000 0.100000
vn 0.000000 0.000000 0.100000
vn 0.000000 0.000000 0.100000
vn 0.000000 0.000000 0.100000
vn 0.000000 0.000000 0.100000
vn 0.000000 0.000000 0.100000
vn 0.000000 0.000000 0.100000
vn 0.000000 0.000000 0.100000
vn 0.000000 0.000000 0.100000
vn 0.000000 0.000000 0.100000
vn 0.000000 0.000000 0.100000
vn 0.000000 0.000000 0.100000
vn 0.000000 0.000000 0.100000
vn 0.000000 0.000000 0.100000
vn 0.000000 0.000000 0.100000
vn 0.000000 0.000000 0.100000
vn 0.000000 0.000000 0.100000
vn 0.000000 0.000000 0.100000
vn 0.000000 0.000000 0.100000
vn 0.000000 0.000000 0.100000
vn 0.000000 0.000000 0.100000
vn 0.000000 0.000000 0.100000
vn 0.000000 0.000000 0.100000
vn 0.000000 0.000000 0.100000
vn 0.000000 0.000000 0.100000
vn 0.000000 0.000000 0.100000
vn 0.000000 0.000000 0.100000
vn 0.000000 0.000000 0.100000
vn 0.000000 0.000000 0.100000
vn 0.000000 0.000000 0.100000
vn 0.000000 0.000000 0.100000
vn 0.000000 0.000000 0.100000
vn 0.000000 0.000000 0.100000
vn 0.000000 0.000000 0.100000
vn 0.000000 0.000000 0.100000
vn 0.000000 0.000000 0.100000
vn 0.000000 0.000000 0.100000
vn 0.000000 0.000000 0.100000
vn 0.000000 0.000000 0.100000
vn 0.000000 0.000000 0.100000
vn 0.000000 0.000000 0.100000
vn 0.000000 0.000000 0.100000
vn 0.000000 0.000000 0.100000
vn 0.000000 0.000000 0.100000
vn 0.000000 0.000000 0.100000
vn 0.000000 0.000000 0.100000
vn 0.000000 0.000000 0.100000
vn 0.000000 0.000000 0.100000
vn 0.000000 0.000000 0.100000
vn 0.000000 0.000000 0.100000
vn 0.000000 0.000000 0.100000
vn 0.000000 0.000000 0.100000
vn 0.000000 0.000000 0.100000
vn 0.000000 0.000000 0.100000
vn 0.000000 0.000000 0.100000
vn 0.000000 0.000000 0.100000
vn 0.000000 0.000000 0.100000
vn 0.000000 0.000000 0.100000
vn 0.000000 0.000000 0.100000
vn 0.000000 0.000000 0.100000
vn 0.000000 0.000000 0.100000
vn 0.000000 0.000000 0.100000
vn 0.000000 0.000000 0.100000
vn 0.000000 0.000000 0.100000
vn 0.000000 0.000000 0.100000
vn 0.000000 0.000000 0.100000
vn 0.000000 0.000000 0.100000
vn 0.000000 0.000000 0.100000
vn 0.000000 0.000000 0.100000
vn 0.000000 0.000000 0.100000
vn 0.000000 0.000000 0.100000
vn 0.000000 0.000000 0.100000
vn 0.000000 0.000000 0.100000
vn 0.000000 0.000000 0.100000
vn 0.000000 0.000000 0.100000
vn 0.000000 0.000000 0.100000
vn 0.000000 0.000000 0.100000
vn 0.000000 0.000000 0.100000
vn 0.000000 0.000000 0.100000
vn 0.000000 0.000000 0.100000
vn 0.000000 0.000000 0.100000
vn 0.000000 0.000000 0.100000
vn 0.000000 0.000000 -0.100000
vn 0.000000 0.000000 -0.100000
vn 0.000000 0.000000 -0.100000
vn 0.000000 0.000000 -0.100000
vn 0.000000 0.000000 -0.100000
vn 0.000000 0.000000 -0.100000
vn 0.000000 0.000000 -0.100000
vn 0.000000 0.000000 -0.100000
vn 0.000000 0.000000 -0.100000
vn 0.000000 0.000000 -0.100000
vn 0.000000 0.000000 -0.100000
vn 0.000000 0.000000 -0.100000
vn 0.000000 0.000000 -0.100000
vn 0.000000 0.000000 -0.100000
vn 0.000000 0.000000 -0.100000
vn 0.000000 0.000000 -0.100000
vn 0.000000 0.000000 -0.100000
vn 0.000000 0.000000 -0.100000
vn 0.000000 0.000000 -0.100000
vn 0.000000 0.000000 -0.100000
vn 0.000000 0.000000 -0.100000
vn 0.000000 0.000000 -0.100000
vn 0.000000 0.000000 -0.100000
vn 0.000000 0.000000 -0.100000
vn 0.000000 0.000000 -0.100000
vn 0.000000 0.000000 -0.100000
vn 0.000000 0.000000 -0.100000
vn 0.000000 0.000000 -0.100000
vn 0.000000 0.000000 -0.100000
vn 0.000000 0.000000 -0.100000
vn 0.000000 0.000000 -0.100000
vn 0.000000 0.000000 -0.100000
vn 0.000000 0.000000 -0.100000
vn 0.000000 0.000000 -0.100000
vn 0.000000 0.000000 -0.100000
vn 0.000000 0.000000 -0.100000
vn 0.000000 0.000000 -0.100000
vn 0.000000 0.000000 -0.100000
vn 0.000000 0.000000 -0.100000
vn 0.000000 0.000000 -0.100000
vn 0.000000 0.000000 -0.100000
vn 0.000000 0.000000 -0.100000
vn 0.000000 0.000000 -0.100000
vn 0.000000 0.000000 -0.100000
vn 0.000000 0.000000 -0.100000
vn 0.000000 0.000000 -0.100000
vn 0.000000 0.000000 -0.100000
vn 0.000000 0.000000 -0.100000
vn 0.000000 0.000000 -0.100000
vn 0.000000 0.000000 -0.100000
vn 0.000000 0.000000 -0.100000
vn 0.000000 0.000000 -0.100000
vn 0.000000 0.000000 -0.100000
vn 0.000000 0.000000 -0.100000
vn 0.000000 0.000000 -0.100000
vn 0.000000 0.000000 -0.100000
vn 0.000000 0.000000 -0.100000
vn 0.000000 0.000000 -0.100000
vn 0.000000 0.000000 -0.100000
vn 0.000000 0.000000 -0.100000
vn 0.000000 0.000000 -0.100000
vn 0.000000 0.000000 -0.100000
vn 0.000000 0.000000 -0.100000
vn 0.000000 0.000000 -0.100000
vn 0.000000 0.000000 -0.100000
vn 0.000000 0.000000 -0.100000
vn 0.000000 0.000000 -0.100000
vn 0.000000 0.000000 -0.100000
vn 0.000000 0.000000 -0.100000
vn 0.000000 0.000000 -0.100000
vn 0.000000 0.000000 -0.100000
vn 0.000000 0.000000 -0.100000
vn 0.000000 0.000000 -0.100000
vn 0.000000 0.000000 -0.100000
vn 0.000000 0.000000 -0.100000
vn 0.000000 0.000000 -0.100000
vn 0.000000 0.000000 -0.100000
vn 0.000000 0.000000 -0.100000
vn 0.000000 0.000000 -0.100000
vn 0.000000 0.000000 -0.100000
vn 0.000000 0.000000 -0.100000
vn 0.000000 0.000000 -0.100000
vn 0.000000 0.000000 -0.100000
vn 0.000000 0.000000 -0.100000
vn 0.000000 0.000000 -0.100000
vn 0.000000 0.000000 -0.100000
vn 0.000000 0.000000 -0.100000
vn 0.000000 0.000000 -0.100000
vn 0.000000 0.000000 -0.100000
vn 0.000000 0.000000 -0.100000
vn 0.000000 0.000000 -0.100000
vn 0.000000 0.000000 -0.100000
vn 0.000000 0.000000 -0.100000
vn 0.000000 0.000000 -0.100000
vn 0.000000 0.000000 -0.100000
vn 0.000000 0.000000 -0.100000
vn 0.000000 0.000000 -0.100000
vn 0.000000 0.000000 -0.100000
vn 0.000000 0.000000 -0.100000
vn 0.000000 0.000000 -0.100000
vn 0.000000 0.000000 -0.100000
vn 0.000000 0.000000 -0.100000
vn 0.000000 0.000000 -0.100000
vn 0.000000 0.000000 -0.100000
vn 0.000000 0.000000 -0.100000
vn 0.000000 0.000000 -0.100000
vn 0.000000 0.000000 -0.100000
vn 0.000000 0.000000 -0.100000
vn 0.000000 0.000000 -0.100000
vn 0.000000 0.000000 -0.100000
vn 0.000000 0.000000 -0.100000
vn 0.000000 0.000000 -0.100000
vn 0.000000 0.000000 -0.100000
vn 0.000000 0.000000 -0.100000
vn 0.000000 0.000000 -0.100000
vn 0.000000 0.000000 -0.100000
vn 0.000000 0.000000 -0.100000
vn 0.000000 0.000000 -0.100000
vn 0.000000 0.000000 -0.100000
vn 0.000000 0.000000 -0.100000
vn 0.000000 0.000000 -0.100000
vn 0.000000 0.000000 -0.100000
vn 0.000000 0.000000 -0.100000
vn 0.000000 0.000000 -0.100000
vn 0.000000 0.000000 -0.100000
vn 0.000000 0.000000 -0.100000
vn 0.000000 0.000000 -0.100000
vn 0.000000 0.000000 -0.100000
vn 0.000000 0.000000 -0.100000
vn 0.000000 0.000000 -0.100000
vn 0.000000 0.000000 -0.100000
vn 0.000000 0.000000 -0.100000
vn 0.000000 0.000000 -0.100000
vn 0.000000 0.000000 -0.100000
vn 0.000000 0.000000 -0.100000
vn 0.000000 0.000000 -0.100000
vn 0.000000 0.000000 -0.100000
vn 0.000000 0.000000 -0.100000
vn 0.000000 0.000000 -0.100000
vn 0.000000 0.000000 -0.100000
vn 0.000000 0.000000 -0.100000
vn 0.000000 0.000000 -0.100000
vn 0.000000 0.000000 -0.100000
vn 0.000000 0.000000 -0.100000
vn 0.000000 0.000000 -0.100000
vn 0.000000 0.000000 -0.100000
vn 0.000000 0.000000 -0.100000
vn 0.000000 0.000000 -0.100000
vn 0.000000 0.000000 -0.100000
vn 0.000000 0.000000 -0.100000
vn 0.000000 0.000000 -0.100000
vn 0.000000 0.000000 -0.100000
vn 0.000000 0.000000 -0.100000
vn 0.000000 0.000000 -0.100000
vn 0.000000 0.000000 -0.100000
vn 0.000000 0.000000 -0.100000
vn 0.000000 0.000000 -0.100000
vn 0.000000 0.000000 -0.100000
vn 0.000000 0.000000 -0.100000
vn 0.000000 0.000000 -0.100000
vn 0.000000 0.000000 -0.100000
vn 0.000000 0.000000 -0.100000
vn 0.000000 0.000000 -0.100000
vn 0.000000 0.000000 -0.100000
vn 0.000000 0.000000 -0.100000
vn 0.000000 0.000000 -0.100000
vn 0.000000 0.000000 -0.100000
vn 0.000000 0.000000 -0.100000
vn 0.000000 0.000000 -0.100000
vn 0.000000 0.000000 -0.100000
vn 0.000000 0.000000 -0.100000
vn 0.000000 0.000000 -0.100000
vn 0.000000 0.000000 -0.100000
vn 0.000000 0.000000 -0.100000
vn 0.000000 0.000000 -0.100000
vn 0.000000 0.000000 -0.100000
vn 0.000000 0.000000 -0.100000
vn 0.000000 0.000000 -0.100000
vn 0.000000 0.000000 -0.100000
vn 0.000000 0.000000 -0.100000
usemtl Steel_-_Satin
f 56/1/1 1/2/2 55/3/3
f 55/3/3 1/2/2 2/4/4
f 55/3/3 2/4/4 54/5/5
f 54/5/5 2/4/4 3/6/6
f 54/5/5 3/6/6 53/7/7
f 53/7/7 3/6/6 4/8/8
f 53/7/7 4/8/8 52/9/9
f 52/9/9 4/8/8 5/10/10
f 52/9/9 5/10/10 51/11/11
f 51/11/11 5/10/10 6/12/12
f 51/11/11 6/12/12 50/13/13
f 50/13/13 6/12/12 49/14/14
f 49/14/14 6/12/12 7/15/15
f 49/14/14 7/15/15 48/16/16
f 48/16/16 7/15/15 8/17/17
f 48/16/16 8/17/17 9/18/18
f 48/16/16 9/18/18 47/19/19
f 47/19/19 9/18/18 10/20/20
f 47/19/19 10/20/20 46/21/21
f 46/21/21 10/20/20 11/22/22
f 46/21/21 11/22/22 12/23/23
f 13/24/24 44/25/25 12/23/23
f 12/23/23 44/25/25 45/26/26
f 12/23/23 45/26/26 46/21/21
f 44/25/25 13/24/24 43/27/27
f 43/27/27 13/24/24 14/28/28
f 43/27/27 14/28/28 42/29/29
f 42/29/29 14/28/28 15/30/30
f 42/29/29 15/30/30 41/31/31
f 41/31/31 15/30/30 16/32/32
f 41/31/31 16/32/32 40/33/33
f 40/33/33 16/32/32 17/34/34
f 40/33/33 17/34/34 18/35/35
f 40/33/33 18/35/35 39/36/36
f 39/36/36 18/35/35 19/37/37
f 39/36/36 19/37/37 38/38/38
f 38/38/38 19/37/37 20/39/39
f 38/38/38 20/39/39 21/40/40
f 38/38/38 21/40/40 37/41/41
f 37/41/41 21/40/40 22/42/42
f 37/41/41 22/42/42 23/43/43
f 37/41/41 23/43/43 36/44/44
f 36/44/44 23/43/43 24/45/45
f 36/44/44 24/45/45 35/46/46
f 35/46/46 24/45/45 25/47/47
f 35/46/46 25/47/47 26/48/48
f 35/46/46 26/48/48 34/49/49
f 34/49/49 26/48/48 27/50/50
f 34/49/49 27/50/50 33/51/51
f 33/51/51 27/50/50 28/52/52
f 33/51/51 28/52/52 29/53/53
f 33/51/51 29/53/53 32/54/54
f 32/54/54 29/53/53 30/55/55
f 32/54/54 30/55/55 31/56/56
f 30/57/57 57/58/58 31/59/59
f 31/59/59 57/58/58 121/60/60
f 121/60/60 57/58/58 58/61/61
f 121/60/60 58/61/61 120/62/62
f 120/62/62 58/61/61 59/63/63
f 120/62/62 59/63/63 119/64/64
f 119/64/64 59/63/63 60/65/65
f 119/64/64 60/65/65 118/66/66
f 118/66/66 60/65/65 61/67/67
f 118/66/66 61/67/67 117/68/68
f 117/68/68 61/67/67 62/69/69
f 117/68/68 62/69/69 116/70/70
f 116/70/70 62/69/69 63/71/71
f 116/70/70 63/71/71 115/72/72
f 115/72/72 63/71/71 64/73/73
f 115/72/72 64/73/73 114/74/74
f 114/74/74 64/73/73 65/75/75
f 114/74/74 65/75/75 113/76/76
f 113/76/76 65/75/75 112/77/77
f 112/77/77 65/75/75 66/78/78
f 112/77/77 66/78/78 111/79/79
f 111/79/79 66/78/78 67/80/80
f 111/79/79 67/80/80 110/81/81
f 110/81/81 67/80/80 68/82/82
f 110/81/81 68/82/82 109/83/83
f 109/83/83 68/82/82 69/84/84
f 109/83/83 69/84/84 108/85/85
f 108/85/85 69/84/84 70/86/86
f 108/85/85 70/86/86 107/87/87
f 107/87/87 70/86/86 106/88/88
f 106/88/88 70/86/86 71/89/89
f 106/88/88 71/89/89 72/90/90
f 106/88/88 72/90/90 105/91/91
f 105/91/91 72/90/90 73/92/92
f 105/91/91 73/92/92 74/93/93
f 74/93/93 75/94/94 105/91/91
f 105/91/91 75/94/94 104/95/95
f 104/95/95 75/94/94 76/96/96
f 104/95/95 76/96/96 103/97/97
f 103/97/97 76/96/96 77/98/98
f 103/97/97 77/98/98 102/99/99
f 102/99/99 77/98/98 78/100/100
f 102/99/99 78/100/100 101/101/101
f 101/101/101 78/100/100 79/102/102
f 101/101/101 79/102/102 100/103/103
f 100/103/103 79/102/102 80/104/104
f 100/103/103 80/104/104 99/105/105
f 99/105/105 80/104/104 98/106/106
f 98/106/106 80/104/104 81/107/107
f 98/106/106 81/107/107 97/108/108
f 97/108/108 81/107/107 82/109/109
f 97/108/108 82/109/109 96/110/110
f 96/110/110 82/109/109 83/111/111
f 96/110/110 83/111/111 95/112/112
f 95/112/112 83/111/111 84/113/113
f 95/112/112 84/113/113 94/114/114
f 94/114/114 84/113/113 85/115/115
f 94/114/114 85/115/115 93/116/116
f 93/116/116 85/115/115 86/117/117
f 93/116/116 86/117/117 92/118/118
f 92/118/118 86/117/117 87/119/119
f 92/118/118 87/119/119 91/120/120
f 91/120/120 87/119/119 88/121/121
f 91/120/120 88/121/121 90/122/122
f 90/122/122 88/121/121 89/123/123
f 90/124/122 89/125/123 189/126/124
f 189/126/124 89/125/123 122/127/125
f 189/126/124 122/127/125 188/128/126
f 188/128/126 122/127/125 123/129/127
f 188/128/126 123/129/127 187/130/128
f 187/130/128 123/129/127 124/131/129
f 187/130/128 124/131/129 186/132/130
f 186/132/130 124/131/129 125/133/131
f 186/132/130 125/133/131 185/134/132
f 185/134/132 125/133/131 126/135/133
f 185/134/132 126/135/133 184/136/134
f 184/136/134 126/135/133 127/137/135
f 184/136/134 127/137/135 183/138/136
f 183/138/136 127/137/135 128/139/137
f 183/138/136 128/139/137 182/140/138
f 182/140/138 128/139/137 129/141/139
f 182/140/138 129/141/139 181/142/140
f 181/142/140 129/141/139 130/143/141
f 181/142/140 130/143/141 180/144/142
f 180/144/142 130/143/141 131/145/143
f 180/144/142 131/145/143 179/146/144
f 179/146/144 131/145/143 132/147/145
f 179/146/144 132/147/145 178/148/146
f 178/148/146 132/147/145 133/149/147
f 178/148/146 133/149/147 177/150/148
f 177/150/148 133/149/147 134/151/149
f 177/150/148 134/151/149 176/152/150
f 176/152/150 134/151/149 135/153/151
f 176/152/150 135/153/151 175/154/152
f 175/154/152 135/153/151 136/155/153
f 175/154/152 136/155/153 174/156/154
f 174/156/154 136/155/153 137/157/155
f 174/156/154 137/157/155 173/158/156
f 173/158/156 137/157/155 138/159/157
f 173/158/156 138/159/157 172/160/158
f 172/160/158 138/159/157 139/161/159
f 172/160/158 139/161/159 171/162/160
f 171/162/160 139/161/159 140/163/161
f 171/162/160 140/163/161 170/164/162
f 170/164/162 140/163/161 141/165/163
f 170/164/162 141/165/163 169/166/164
f 169/166/164 141/165/163 142/167/165
f 169/166/164 142/167/165 168/168/166
f 168/168/166 142/167/165 143/169/167
f 168/168/166 143/169/167 167/170/168
f 167/170/168 143/169/167 144/171/169
f 167/170/168 144/171/169 166/172/170
f 166/172/170 144/171/169 145/173/171
f 166/172/170 145/173/171 165/174/172
f 165/174/172 145/173/171 146/175/173
f 165/174/172 146/175/173 164/176/174
f 164/176/174 146/175/173 147/177/175
f 164/176/174 147/177/175 163/178/176
f 163/178/176 147/177/175 148/179/177
f 163/178/176 148/179/177 162/180/178
f 162/180/178 148/179/177 149/181/179
f 162/180/178 149/181/179 161/182/180
f 161/182/180 149/181/179 150/183/181
f 161/182/180 150/183/181 160/184/182
f 160/184/182 150/183/181 151/185/183
f 160/184/182 151/185/183 159/186/184
f 159/186/184 151/185/183 152/187/185
f 159/186/184 152/187/185 158/188/186
f 158/188/186 152/187/185 153/189/187
f 158/188/186 153/189/187 157/190/188
f 157/190/188 153/189/187 154/191/189
f 157/190/188 154/191/189 156/192/190
f 156/192/190 154/191/189 155/193/191
f 156/192/190 155/193/191 56/194/1
f 56/194/1 155/193/191 1/195/2
f 191/196/192 32/197/193 190/198/194
f 190/198/194 32/197/193 31/199/195
f 190/198/194 31/199/195 121/200/196
f 191/196/192 192/201/197 32/197/193
f 32/197/193 192/201/197 193/202/198
f 32/197/193 193/202/198 194/203/199
f 194/203/199 195/204/200 32/197/193
f 32/197/193 195/204/200 196/205/201
f 32/197/193 196/205/201 33/206/202
f 33/206/202 196/205/201 197/207/203
f 33/206/202 197/207/203 34/208/204
f 34/208/204 197/207/203 35/209/205
f 35/209/205 197/207/203 198/210/206
f 35/209/205 198/210/206 36/211/207
f 36/211/207 198/210/206 199/212/208
f 36/211/207 199/212/208 37/213/209
f 37/213/209 199/212/208 200/214/210
f 37/213/209 200/214/210 38/215/211
f 38/215/211 200/214/210 39/216/212
f 39/216/212 200/214/210 40/217/213
f 40/217/213 200/214/210 201/218/214
f 40/217/213 201/218/214 41/219/215
f 41/219/215 201/218/214 202/220/216
f 41/219/215 202/220/216 42/221/217
f 42/221/217 202/220/216 203/222/218
f 42/221/217 203/222/218 43/223/219
f 43/223/219 203/222/218 204/224/220
f 43/223/219 204/224/220 44/225/221
f 44/225/221 204/224/220 205/226/222
f 44/225/221 205/226/222 45/227/223
f 45/227/223 205/226/222 206/228/224
f 45/227/223 206/228/224 46/229/225
f 46/229/225 206/228/224 47/230/226
f 47/230/226 206/228/224 207/231/227
f 47/230/226 207/231/227 48/232/228
f 48/232/228 207/231/227 208/233/229
f 48/232/228 208/233/229 49/234/230
f 49/234/230 208/233/229 50/235/231
f 50/235/231 208/233/229 209/236/232
f 50/235/231 209/236/232 51/237/233
f 51/237/233 209/236/232 52/238/234
f 52/238/234 209/236/232 53/239/235
f 53/239/235 209/236/232 210/240/236
f 53/239/235 210/240/236 54/241/237
f 54/241/237 210/240/236 55/242/238
f 55/242/238 210/240/236 211/243/239
f 55/242/238 211/243/239 56/244/240
f 56/244/240 211/243/239 156/245/241
f 156/245/241 211/243/239 157/246/242
f 157/246/242 211/243/239 212/247/243
f 157/246/242 212/247/243 158/248/244
f 158/248/244 212/247/243 159/249/245
f 159/249/245 212/247/243 213/250/246
f 159/249/245 213/250/246 160/251/247
f 160/251/247 213/250/246 214/252/248
f 160/251/247 214/252/248 161/253/249
f 161/253/249 214/252/248 215/254/250
f 161/253/249 215/254/250 162/255/251
f 162/255/251 215/254/250 216/256/252
f 162/255/251 216/256/252 163/257/253
f 163/257/253 216/256/252 217/258/254
f 163/257/253 217/258/254 164/259/255
f 164/259/255 217/258/254 218/260/256
f 164/259/255 218/260/256 165/261/257
f 165/261/257 218/260/256 219/262/258
f 165/261/257 219/262/258 166/263/259
f 166/263/259 219/262/258 220/264/260
f 166/263/259 220/264/260 167/265/261
f 167/265/261 220/264/260 221/266/262
f 167/265/261 221/266/262 168/267/263
f 168/267/263 221/266/262 222/268/264
f 168/267/263 222/268/264 169/269/265
f 169/269/265 222/268/264 223/270/266
f 169/269/265 223/270/266 170/271/267
f 170/271/267 223/270/266 224/272/268
f 170/271/267 224/272/268 171/273/269
f 171/273/269 224/272/268 225/274/270
f 171/273/269 225/274/270 172/275/271
f 172/275/271 225/274/270 226/276/272
f 172/275/271 226/276/272 227/277/273
f 172/275/271 227/277/273 173/278/274
f 173/278/274 227/277/273 228/279/275
f 173/278/274 228/279/275 174/280/276
f 174/280/276 228/279/275 229/281/277
f 174/280/276 229/281/277 175/282/278
f 175/282/278 229/281/277 230/283/279
f 175/282/278 230/283/279 176/284/280
f 176/284/280 230/283/279 231/285/281
f 176/284/280 231/285/281 177/286/282
f 177/286/282 231/285/281 232/287/283
f 177/286/282 232/287/283 178/288/284
f 178/288/284 232/287/283 233/289/285
f 178/288/284 233/289/285 179/290/286
f 179/290/286 233/289/285 234/291/287
f 179/290/286 234/291/287 180/292/288
f 180/292/288 234/291/287 235/293/289
f 180/292/288 235/293/289 181/294/290
f 181/294/290 235/293/289 236/295/291
f 181/294/290 236/295/291 182/296/292
f 182/296/292 236/295/291 237/297/293
f 182/296/292 237/297/293 183/298/294
f 183/298/294 237/297/293 238/299/295
f 183/298/294 238/299/295 184/300/296
f 184/300/296 238/299/295 239/301/297
f 184/300/296 239/301/297 185/302/298
f 185/302/298 239/301/297 240/303/299
f 185/302/298 240/303/299 186/304/300
f 186/304/300 240/303/299 241/305/301
f 186/304/300 241/305/301 187/306/302
f 187/306/302 241/305/301 188/307/303
f 188/307/303 241/305/301 242/308/304
f 188/307/303 242/308/304 189/309/305
f 189/309/305 242/308/304 90/310/306
f 90/310/306 242/308/304 91/311/307
f 91/311/307 242/308/304 243/312/308
f 91/311/307 243/312/308 92/313/309
f 92/313/309 243/312/308 93/314/310
f 93/314/310 243/312/308 244/315/311
f 93/314/310 244/315/311 94/316/312
f 94/316/312 244/315/311 95/317/313
f 95/317/313 244/315/311 245/318/314
f 95/317/313 245/318/314 96/319/315
f 96/319/315 245/318/314 97/320/316
f 97/320/316 245/318/314 246/321/317
f 97/320/316 246/321/317 98/322/318
f 98/322/318 246/321/317 99/323/319
f 99/323/319 246/321/317 100/324/320
f 100/324/320 246/321/317 247/325/321
f 100/324/320 247/325/321 101/326/322
f 101/326/322 247/325/321 248/327/323
f 101/326/322 248/327/323 102/328/324
f 102/328/324 248/327/323 249/329/325
f 102/328/324 249/329/325 103/330/326
f 103/330/326 249/329/325 250/331/327
f 103/330/326 250/331/327 104/332/328
f 104/332/328 250/331/327 251/333/329
f 104/332/328 251/333/329 105/334/330
f 105/334/330 251/333/329 252/335/331
f 105/334/330 252/335/331 106/336/332
f 106/336/332 252/335/331 253/337/333
f 106/336/332 253/337/333 107/338/334
f 107/338/334 253/337/333 108/339/335
f 108/339/335 253/337/333 109/340/336
f 109/340/336 253/337/333 110/341/337
f 110/341/337 253/337/333 254/342/338
f 110/341/337 254/342/338 111/343/339
f 111/343/339 254/342/338 112/344/340
f 112/344/340 254/342/338 113/345/341
f 113/345/341 254/342/338 255/346/342
f 113/345/341 255/346/342 114/347/343
f 114/347/343 255/346/342 256/348/344
f 114/347/343 256/348/344 115/349/345
f 115/349/345 256/348/344 257/350/346
f 115/349/345 257/350/346 116/351/347
f 116/351/347 257/350/346 258/352/348
f 116/351/347 258/352/348 117/353/349
f 117/353/349 258/352/348 259/354/350
f 117/353/349 259/354/350 118/355/351
f 118/355/351 259/354/350 260/356/352
f 118/355/351 260/356/352 261/357/353
f 118/355/351 261/357/353 119/358/354
f 119/358/354 261/357/353 262/359/355
f 119/358/354 262/359/355 120/360/356
f 120/360/356 262/359/355 121/200/196
f 121/200/196 262/359/355 190/198/194
f 211/361/357 263/362/358 212/363/359
f 212/363/359 263/362/358 264/364/360
f 212/363/359 264/364/360 213/365/361
f 213/365/361 264/364/360 265/366/362
f 213/365/361 265/366/362 214/367/363
f 214/367/363 265/366/362 266/368/364
f 214/367/363 266/368/364 215/369/365
f 215/369/365 266/368/364 267/370/366
f 215/369/365 267/370/366 216/371/367
f 216/371/367 267/370/366 268/372/368
f 216/371/367 268/372/368 217/373/369
f 217/373/369 268/372/368 269/374/370
f 217/373/369 269/374/370 218/375/371
f 218/375/371 269/374/370 270/376/372
f 218/375/371 270/376/372 219/377/373
f 219/377/373 270/376/372 271/378/374
f 219/377/373 271/378/374 220/379/375
f 220/379/375 271/378/374 272/380/376
f 220/379/375 272/380/376 221/381/377
f 221/381/377 272/380/376 273/382/378
f 221/381/377 273/382/378 222/383/379
f 222/383/379 273/382/378 274/384/380
f 222/383/379 274/384/380 223/385/381
f 223/385/381 274/384/380 275/386/382
f 223/385/381 275/386/382 224/387/383
f 224/387/383 275/386/382 276/388/384
f 224/387/383 276/388/384 225/389/385
f 225/389/385 276/388/384 277/390/386
f 225/389/385 277/390/386 226/391/387
f 226/391/387 277/390/386 278/392/388
f 226/391/387 278/392/388 227/393/389
f 227/393/389 278/392/388 279/394/390
f 227/393/389 279/394/390 228/395/391
f 228/395/391 279/394/390 280/396/392
f 228/395/391 280/396/392 229/397/393
f 229/397/393 280/396/392 281/398/394
f 229/397/393 281/398/394 230/399/395
f 230/399/395 281/398/394 282/400/396
f 230/399/395 282/400/396 231/401/397
f 231/401/397 282/400/396 283/402/398
f 231/401/397 283/402/398 232/403/399
f 232/403/399 283/402/398 284/404/400
f 232/403/399 284/404/400 233/405/401
f 233/405/401 284/404/400 285/406/402
f 233/405/401 285/406/402 234/407/403
f 234/407/403 285/406/402 286/408/404
f 234/407/403 286/408/404 235/409/405
f 235/409/405 286/408/404 287/410/406
f 235/409/405 287/410/406 236/411/407
f 236/411/407 287/410/406 288/412/408
f 236/411/407 288/412/408 237/413/409
f 237/413/409 288/412/408 289/414/410
f 237/413/409 289/414/410 238/415/411
f 238/415/411 289/414/410 290/416/412
f 238/415/411 290/416/412 239/417/413
f 239/417/413 290/416/412 291/418/414
f 239/417/413 291/418/414 240/419/415
f 240/419/415 291/418/414 292/420/416
f 240/419/415 292/420/416 241/421/417
f 241/421/417 292/420/416 293/422/418
f 241/421/417 293/422/418 242/423/419
f 242/423/419 293/422/418 294/424/420
f 294/425/420 295/426/421 242/427/419
f 242/427/419 295/426/421 243/428/422
f 243/428/422 295/426/421 296/429/423
f 243/428/422 296/429/423 244/430/424
f 244/430/424 296/429/423 297/431/425
f 244/430/424 297/431/425 245/432/426
f 245/432/426 297/431/425 298/433/427
f 245/432/426 298/433/427 246/434/428
f 246/434/428 298/433/427 299/435/429
f 246/434/428 299/435/429 247/436/430
f 247/436/430 299/435/429 300/437/431
f 247/436/430 300/437/431 248/438/432
f 248/438/432 300/437/431 301/439/433
f 248/438/432 301/439/433 249/440/434
f 249/440/434 301/439/433 302/441/435
f 249/440/434 302/441/435 250/442/436
f 250/442/436 302/441/435 303/443/437
f 250/442/436 303/443/437 251/444/438
f 251/444/438 303/443/437 304/445/439
f 251/444/438 304/445/439 252/446/440
f 252/446/440 304/445/439 305/447/441
f 252/446/440 305/447/441 253/448/442
f 253/448/442 305/447/441 306/449/443
f 253/448/442 306/449/443 254/450/444
f 254/450/444 306/449/443 307/451/445
f 254/450/444 307/451/445 255/452/446
f 255/452/446 307/451/445 308/453/447
f 255/452/446 308/453/447 256/454/448
f 256/454/448 308/453/447 309/455/449
f 256/454/448 309/455/449 257/456/450
f 257/456/450 309/455/449 310/457/451
f 257/456/450 310/457/451 258/458/452
f 258/458/452 310/457/451 311/459/453
f 258/458/452 311/459/453 259/460/454
f 259/460/454 311/459/453 260/461/455
f 260/461/455 311/459/453 312/462/456
f 260/461/455 312/462/456 261/463/457
f 261/463/457 312/462/456 313/464/458
f 261/463/457 313/464/458 314/465/459
f 261/463/457 314/465/459 262/466/460
f 262/466/460 314/465/459 315/467/461
f 262/466/460 315/467/461 190/468/462
f 315/469/463 316/470/464 190/471/465
f 190/471/465 316/470/464 191/472/466
f 191/472/466 316/470/464 317/473/467
f 191/472/466 317/473/467 192/474/468
f 192/474/468 317/473/467 318/475/469
f 192/474/468 318/475/469 193/476/470
f 193/476/470 318/475/469 319/477/471
f 193/476/470 319/477/471 194/478/472
f 194/478/472 319/477/471 320/479/473
f 194/478/472 320/479/473 195/480/474
f 195/480/474 320/479/473 321/481/475
f 195/480/474 321/481/475 196/482/476
f 196/482/476 321/481/475 322/483/477
f 196/482/476 322/483/477 197/484/478
f 197/484/478 322/483/477 323/485/479
f 197/484/478 323/485/479 198/486/480
f 198/486/480 323/485/479 324/487/481
f 198/486/480 324/487/481 199/488/482
f 199/488/482 324/487/481 325/489/483
f 199/488/482 325/489/483 200/490/484
f 200/490/484 325/489/483 326/491/485
f 200/490/484 326/491/485 201/492/486
f 201/492/486 326/491/485 327/493/487
f 201/492/486 327/493/487 202/494/488
f 202/494/488 327/493/487 328/495/489
f 202/494/488 328/495/489 203/496/490
f 203/496/490 328/495/489 329/497/491
f 203/496/490 329/497/491 204/498/492
f 204/498/492 329/497/491 330/499/493
f 204/498/492 330/499/493 205/500/494
f 205/500/494 330/499/493 331/501/495
f 205/500/494 331/501/495 206/502/496
f 206/502/496 331/501/495 332/503/497
f 206/502/496 332/503/497 207/504/498
f 207/504/498 332/503/497 333/505/499
f 207/504/498 333/505/499 208/506/500
f 208/506/500 333/505/499 334/507/501
f 208/506/500 334/507/501 209/508/502
f 209/508/502 334/507/501 335/509/503
f 209/508/502 335/509/503 210/510/504
f 210/510/504 335/509/503 263/511/358
f 210/510/504 263/511/358 211/512/357
f 335/513/505 427/514/506 263/515/507
f 263/515/507 427/514/506 336/516/508
f 263/515/507 336/516/508 337/517/509
f 334/518/510 425/519/511 335/513/505
f 335/513/505 425/519/511 426/520/512
f 335/513/505 426/520/512 427/514/506
f 333/521/513 422/522/514 334/518/510
f 334/518/510 422/522/514 423/523/515
f 334/518/510 423/523/515 424/524/516
f 332/525/517 420/526/518 333/521/513
f 333/521/513 420/526/518 421/527/519
f 333/521/513 421/527/519 422/522/514
f 420/526/518 332/525/517 419/528/520
f 419/528/520 332/525/517 331/529/521
f 419/528/520 331/529/521 418/530/522
f 418/530/522 331/529/521 417/531/523
f 417/531/523 331/529/521 330/532/524
f 417/531/523 330/532/524 416/533/525
f 416/533/525 330/532/524 329/534/526
f 416/533/525 329/534/526 415/535/527
f 415/535/527 329/534/526 328/536/528
f 415/535/527 328/536/528 414/537/529
f 414/537/529 328/536/528 327/538/530
f 414/537/529 327/538/530 413/539/531
f 413/539/531 327/538/530 326/540/532
f 413/539/531 326/540/532 412/541/533
f 412/541/533 326/540/532 325/542/534
f 412/541/533 325/542/534 411/543/535
f 411/543/535 325/542/534 410/544/536
f 410/544/536 325/542/534 409/545/537
f 409/545/537 325/542/534 324/546/538
f 409/545/537 324/546/538 408/547/539
f 408/547/539 324/546/538 323/548/540
f 408/547/539 323/548/540 407/549/541
f 407/549/541 323/548/540 322/550/542
f 407/549/541 322/550/542 406/551/543
f 406/551/543 322/550/542 405/552/544
f 405/552/544 322/550/542 321/553/545
f 405/552/544 321/553/545 404/554/546
f 404/554/546 321/553/545 320/555/547
f 404/554/546 320/555/547 319/556/548
f 319/556/548 318/557/549 404/554/546
f 404/554/546 318/557/549 317/558/550
f 404/554/546 317/558/550 316/559/551
f 316/559/551 315/560/552 404/554/546
f 404/554/546 315/560/552 403/561/553
f 403/561/553 315/560/552 402/562/554
f 402/562/554 315/560/552 314/563/555
f 402/562/554 314/563/555 401/564/556
f 401/564/556 314/563/555 400/565/557
f 400/565/557 314/563/555 313/566/558
f 400/565/557 313/566/558 399/567/559
f 399/567/559 313/566/558 312/568/560
f 399/567/559 312/568/560 311/569/561
f 399/567/559 311/569/561 398/570/562
f 398/570/562 311/569/561 310/571/563
f 398/570/562 310/571/563 397/572/564
f 397/572/564 310/571/563 309/573/565
f 397/572/564 309/573/565 396/574/566
f 396/574/566 309/573/565 308/575/567
f 396/574/566 308/575/567 395/576/568
f 395/576/568 308/575/567 307/577/569
f 395/576/568 307/577/569 394/578/570
f 394/578/570 307/577/569 306/579/571
f 394/578/570 306/579/571 393/580/572
f 393/580/572 306/579/571 392/581/573
f 392/581/573 306/579/571 391/582/574
f 391/582/574 306/579/571 305/583/575
f 391/582/574 305/583/575 390/584/576
f 390/584/576 305/583/575 389/585/577
f 389/585/577 305/583/575 388/586/578
f 388/586/578 305/583/575 387/587/579
f 387/587/579 305/583/575 304/588/580
f 387/587/579 304/588/580 386/589/581
f 386/589/581 304/588/580 303/590/582
f 386/589/581 303/590/582 385/591/583
f 385/591/583 303/590/582 302/592/584
f 385/591/583 302/592/584 384/593/585
f 384/593/585 302/592/584 301/594/586
f 384/593/585 301/594/586 383/595/587
f 383/595/587 301/594/586 300/596/588
f 383/595/587 300/596/588 382/597/589
f 382/597/589 300/596/588 299/598/590
f 382/597/589 299/598/590 381/599/591
f 381/599/591 299/598/590 298/600/592
f 381/599/591 298/600/592 380/601/593
f 380/601/593 298/600/592 379/602/594
f 379/602/594 298/600/592 378/603/595
f 378/603/595 298/600/592 297/604/596
f 378/603/595 297/604/596 377/605/597
f 377/605/597 297/604/596 376/606/598
f 376/606/598 297/604/596 296/607/599
f 376/606/598 296/607/599 375/608/600
f 375/608/600 296/607/599 374/609/601
f 374/609/601 296/607/599 295/610/602
f 374/609/601 295/610/602 373/611/603
f 373/611/603 295/610/602 372/612/604
f 372/612/604 295/610/602 294/613/605
f 372/612/604 294/613/605 371/614/606
f 371/614/606 294/613/605 370/615/607
f 370/615/607 294/613/605 369/616/608
f 369/616/608 294/613/605 293/617/609
f 369/616/608 293/617/609 368/618/610
f 368/618/610 293/617/609 367/619/611
f 367/619/611 293/617/609 292/620/612
f 367/619/611 292/620/612 366/621/613
f 366/621/613 292/620/612 291/622/614
f 366/621/613 291/622/614 365/623/615
f 365/623/615 291/622/614 290/624/616
f 365/623/615 290/624/616 364/625/617
f 364/625/617 290/624/616 289/626/618
f 364/625/617 289/626/618 363/627/619
f 363/627/619 289/626/618 288/628/620
f 363/627/619 288/628/620 362/629/621
f 362/629/621 288/628/620 287/630/622
f 362/629/621 287/630/622 361/631/623
f 361/631/623 287/630/622 286/632/624
f 361/631/623 286/632/624 360/633/625
f 360/633/625 286/632/624 285/634/626
f 360/633/625 285/634/626 359/635/627
f 359/635/627 285/634/626 284/636/628
f 359/635/627 284/636/628 358/637/629
f 358/637/629 284/636/628 283/638/630
f 358/637/629 283/638/630 357/639/631
f 357/639/631 283/638/630 282/640/632
f 357/639/631 282/640/632 356/641/633
f 356/641/633 282/640/632 281/642/634
f 356/641/633 281/642/634 355/643/635
f 355/643/635 281/642/634 280/644/636
f 355/643/635 280/644/636 354/645/637
f 354/645/637 280/644/636 279/646/638
f 354/645/637 279/646/638 278/647/639
f 354/645/637 278/647/639 353/648/640
f 353/648/640 278/647/639 277/649/641
f 353/648/640 277/649/641 352/650/642
f 352/650/642 277/649/641 276/651/643
f 352/650/642 276/651/643 351/652/644
f 351/652/644 276/651/643 275/653/645
f 351/652/644 275/653/645 350/654/646
f 350/654/646 275/653/645 274/655/647
f 350/654/646 274/655/647 349/656/648
f 349/656/648 274/655/647 273/657/649
f 349/656/648 273/657/649 348/658/650
f 348/658/650 273/657/649 272/659/651
f 348/658/650 272/659/651 347/660/652
f 347/660/652 272/659/651 271/661/653
f 347/660/652 271/661/653 346/662/654
f 346/662/654 271/661/653 270/663/655
f 346/662/654 270/663/655 345/664/656
f 345/664/656 270/663/655 269/665/657
f 345/664/656 269/665/657 344/666/658
f 344/666/658 269/665/657 268/667/659
f 344/666/658 268/667/659 343/668/660
f 343/668/660 268/667/659 267/669/661
f 343/668/660 267/669/661 342/670/662
f 342/670/662 267/669/661 266/671/663
f 342/670/662 266/671/663 341/672/664
f 341/672/664 266/671/663 265/673/665
f 341/672/664 265/673/665 340/674/666
f 340/674/666 265/673/665 264/675/667
f 340/674/666 264/675/667 339/676/668
f 339/676/668 264/675/667 338/677/669
f 338/677/669 264/675/667 263/515/507
f 338/677/669 263/515/507 337/517/509
f 424/524/516 425/519/511 334/518/510
f 403/678/670 402/679/671 483/680/672
f 483/680/672 402/679/671 482/681/673
f 482/681/673 402/679/671 401/682/674
f 482/681/673 401/682/674 400/683/675
f 400/683/675 399/684/676 482/681/673
f 482/681/673 399/684/676 398/685/677
f 482/681/673 398/685/677 397/686/678
f 482/681/673 397/686/678 481/687/679
f 481/687/679 397/686/678 396/688/680
f 481/687/679 396/688/680 480/689/681
f 480/689/681 396/688/680 395/690/682
f 480/689/681 395/690/682 479/691/683
f 479/691/683 395/690/682 478/692/684
f 478/692/684 395/690/682 394/693/685
f 478/692/684 394/693/685 393/694/686
f 478/692/684 393/694/686 477/695/687
f 477/695/687 393/694/686 392/696/688
f 477/695/687 392/696/688 476/697/689
f 476/697/689 392/696/688 391/698/690
f 476/697/689 391/698/690 390/699/691
f 476/697/689 390/699/691 475/700/692
f 475/700/692 390/699/691 389/701/693
f 475/700/692 389/701/693 388/702/694
f 475/700/692 388/702/694 474/703/695
f 474/703/695 388/702/694 387/704/696
f 474/703/695 387/704/696 473/705/697
f 473/705/697 387/704/696 386/706/698
f 473/705/697 386/706/698 472/707/699
f 472/707/699 386/706/698 471/708/700
f 471/708/700 386/706/698 385/709/701
f 471/708/700 385/709/701 470/710/702
f 470/710/702 385/709/701 384/711/703
f 470/710/702 384/711/703 469/712/704
f 469/712/704 384/711/703 383/713/705
f 469/712/704 383/713/705 468/714/706
f 468/714/706 383/713/705 382/715/707
f 468/714/706 382/715/707 467/716/708
f 467/716/708 382/715/707 381/717/709
f 467/716/708 381/717/709 380/718/710
f 467/716/708 380/718/710 466/719/711
f 466/719/711 380/718/710 379/720/712
f 466/719/711 379/720/712 465/721/713
f 465/721/713 379/720/712 378/722/714
f 465/721/713 378/722/714 377/723/715
f 465/721/713 377/723/715 464/724/716
f 464/724/716 377/723/715 376/725/717
f 464/724/716 376/725/717 375/726/718
f 374/727/719 441/728/720 375/726/718
f 375/726/718 441/728/720 442/729/721
f 375/726/718 442/729/721 443/730/722
f 373/731/723 436/732/724 374/727/719
f 374/727/719 436/732/724 437/733/725
f 374/727/719 437/733/725 438/734/726
f 372/735/727 433/736/728 373/731/723
f 373/731/723 433/736/728 434/737/729
f 373/731/723 434/737/729 435/738/730
f 371/739/731 429/740/732 372/735/727
f 372/735/727 429/740/732 430/741/733
f 372/735/727 430/741/733 431/742/734
f 371/739/731 428/743/735 429/740/732
f 431/742/734 432/744/736 372/735/727
f 372/735/727 432/744/736 433/736/728
f 435/738/730 436/732/724 373/731/723
f 438/734/726 439/745/737 374/727/719
f 374/727/719 439/745/737 440/746/738
f 374/727/719 440/746/738 441/728/720
f 443/730/722 444/747/739 375/726/718
f 375/726/718 444/747/739 445/748/740
f 375/726/718 445/748/740 464/724/716
f 464/724/716 445/748/740 446/749/741
f 464/724/716 446/749/741 463/750/742
f 463/750/742 446/749/741 447/751/743
f 463/750/742 447/751/743 448/752/744
f 448/752/744 449/753/745 463/750/742
f 463/750/742 449/753/745 450/754/746
f 463/750/742 450/754/746 451/755/747
f 451/755/747 452/756/748 463/750/742
f 463/750/742 452/756/748 453/757/749
f 463/750/742 453/757/749 462/758/750
f 462/758/750 453/757/749 454/759/751
f 462/758/750 454/759/751 455/760/752
f 455/760/752 456/761/753 462/758/750
f 462/758/750 456/761/753 457/762/754
f 462/758/750 457/762/754 458/763/755
f 462/758/750 458/763/755 461/764/756
f 461/764/756 458/763/755 459/765/757
f 461/764/756 459/765/757 460/766/758
f 547/767/759 484/768/760 580/769/761
f 580/769/761 484/768/760 485/770/762
f 580/769/761 485/770/762 579/771/763
f 579/771/763 485/770/762 486/772/764
f 579/771/763 486/772/764 578/773/765
f 578/773/765 486/772/764 487/774/766
f 578/773/765 487/774/766 577/775/767
f 577/775/767 487/774/766 488/776/768
f 577/775/767 488/776/768 576/777/769
f 576/777/769 488/776/768 575/778/770
f 575/778/770 488/776/768 489/779/771
f 575/778/770 489/779/771 490/780/772
f 575/778/770 490/780/772 574/781/773
f 574/781/773 490/780/772 491/782/774
f 574/781/773 491/782/774 573/783/775
f 573/783/775 491/782/774 572/784/776
f 572/784/776 491/782/774 492/785/777
f 572/784/776 492/785/777 493/786/778
f 572/784/776 493/786/778 571/787/779
f 571/787/779 493/786/778 494/788/780
f 571/787/779 494/788/780 570/789/781
f 570/789/781 494/788/780 569/790/782
f 569/790/782 494/788/780 495/791/783
f 569/790/782 495/791/783 496/792/784
f 569/790/782 496/792/784 568/793/785
f 568/793/785 496/792/784 497/794/786
f 568/793/785 497/794/786 567/795/787
f 567/795/787 497/794/786 566/796/788
f 566/796/788 497/794/786 498/797/789
f 566/796/788 498/797/789 565/798/790
f 565/798/790 498/797/789 499/799/791
f 565/798/790 499/799/791 564/800/792
f 564/800/792 499/799/791 500/801/793
f 564/800/792 500/801/793 563/802/794
f 563/803/794 500/804/793 501/805/795
f 563/803/794 501/805/795 562/806/796
f 562/806/796 501/805/795 502/807/797
f 562/806/796 502/807/797 561/808/798
f 561/808/798 502/807/797 503/809/799
f 561/808/798 503/809/799 560/810/800
f 560/810/800 503/809/799 504/811/801
f 560/810/800 504/811/801 559/812/802
f 559/812/802 504/811/801 505/813/803
f 559/812/802 505/813/803 558/814/804
f 558/814/804 505/813/803 506/815/805
f 558/814/804 506/815/805 557/816/806
f 557/816/806 506/815/805 507/817/807
f 557/816/806 507/817/807 556/818/808
f 556/818/808 507/817/807 508/819/809
f 556/818/808 508/819/809 555/820/810
f 555/820/810 508/819/809 509/821/811
f 555/820/810 509/821/811 554/822/812
f 554/822/812 509/821/811 510/823/813
f 554/822/812 510/823/813 553/824/814
f 553/824/814 510/823/813 511/825/815
f 553/824/814 511/825/815 552/826/816
f 552/826/816 511/825/815 512/827/817
f 552/826/816 512/827/817 513/828/818
f 552/826/816 513/828/818 551/829/819
f 551/829/819 513/828/818 514/830/820
f 551/829/819 514/830/820 550/831/821
f 550/831/821 514/830/820 515/832/822
f 550/831/821 515/832/822 549/833/823
f 549/833/823 515/832/822 548/834/824
f 548/834/824 515/832/822 516/835/825
f 548/834/824 516/835/825 517/836/826
f 548/834/824 517/836/826 611/837/827
f 611/837/827 517/836/826 518/838/828
f 611/837/827 518/838/828 610/839/829
f 610/839/829 518/838/828 519/840/830
f 610/839/829 519/840/830 609/841/831
f 609/841/831 519/840/830 520/842/832
f 609/841/831 520/842/832 608/843/833
f 608/843/833 520/842/832 521/844/834
f 608/843/833 521/844/834 607/845/835
f 607/845/835 521/844/834 522/846/836
f 607/845/835 522/846/836 606/847/837
f 606/847/837 522/846/836 523/848/838
f 606/847/837 523/848/838 605/849/839
f 605/849/839 523/848/838 524/850/840
f 605/849/839 524/850/840 604/851/841
f 604/851/841 524/850/840 525/852/842
f 604/851/841 525/852/842 603/853/843
f 603/853/843 525/852/842 602/854/844
f 602/854/844 525/852/842 526/855/845
f 602/854/844 526/855/845 527/856/846
f 528/857/847 600/858/848 527/856/846
f 527/856/846 600/858/848 601/859/849
f 527/856/846 601/859/849 602/854/844
f 528/857/847 529/860/850 600/858/848
f 600/858/848 529/860/850 599/861/851
f 599/861/851 529/860/850 530/862/852
f 599/861/851 530/862/852 598/863/853
f 598/863/853 530/862/852 597/864/854
f 597/864/854 530/862/852 531/865/855
f 597/864/854 531/865/855 532/866/856
f 597/864/854 532/866/856 596/867/857
f 596/867/857 532/866/856 533/868/858
f 596/867/857 533/868/858 595/869/859
f 595/869/859 533/868/858 534/870/860
f 595/869/859 534/870/860 594/871/861
f 594/871/861 534/870/860 535/872/862
f 594/871/861 535/872/862 593/873/863
f 593/873/863 535/872/862 536/874/864
f 593/873/863 536/874/864 592/875/865
f 592/875/865 536/874/864 537/876/866
f 592/875/865 537/876/866 591/877/867
f 591/877/867 537/876/866 538/878/868
f 591/877/867 538/878/868 590/879/869
f 590/879/869 538/878/868 539/880/870
f 590/879/869 539/880/870 589/881/871
f 589/881/871 539/880/870 588/882/872
f 588/882/872 539/880/870 540/883/873
f 588/882/872 540/883/873 587/884/874
f 587/884/874 540/883/873 541/885/875
f 587/884/874 541/885/875 586/886/876
f 586/886/876 541/885/875 542/887/877
f 586/886/876 542/887/877 585/888/878
f 585/888/878 542/887/877 543/889/879
f 585/888/878 543/889/879 584/890/880
f 584/890/880 543/889/879 544/891/881
f 584/890/880 544/891/881 583/892/882
f 583/892/882 544/891/881 545/893/883
f 583/892/882 545/893/883 582/894/884
f 582/894/884 545/893/883 546/895/885
f 582/894/884 546/895/885 581/896/886
f 581/896/886 546/895/885 547/767/759
f 581/896/886 547/767/759 580/769/761
f 459/897/887 674/898/888 460/899/889
f 460/899/889 674/898/888 675/900/890
f 460/899/889 675/900/890 676/901/891
f 459/897/887 458/902/892 674/898/888
f 674/898/888 458/902/892 673/903/893
f 673/903/893 458/902/892 457/904/894
f 673/903/893 457/904/894 672/905/895
f 672/905/895 457/904/894 456/906/896
f 672/905/895 456/906/896 671/907/897
f 671/907/897 456/906/896 670/908/898
f 670/908/898 456/906/896 455/909/899
f 670/908/898 455/909/899 669/910/900
f 669/910/900 455/909/899 454/911/901
f 669/910/900 454/911/901 668/912/902
f 668/912/902 454/911/901 453/913/903
f 668/912/902 453/913/903 667/914/904
f 667/914/904 453/913/903 452/915/905
f 667/914/904 452/915/905 666/916/906
f 666/916/906 452/915/905 451/917/907
f 666/916/906 451/917/907 665/918/908
f 665/918/908 451/917/907 450/919/909
f 665/918/908 450/919/909 664/920/910
f 664/920/910 450/919/909 449/921/911
f 664/920/910 449/921/911 663/922/912
f 663/922/912 449/921/911 448/923/913
f 663/922/912 448/923/913 662/924/914
f 662/924/914 448/923/913 447/925/915
f 662/924/914 447/925/915 661/926/916
f 661/926/916 447/925/915 446/927/917
f 661/926/916 446/927/917 660/928/918
f 660/928/918 446/927/917 445/929/919
f 660/928/918 445/929/919 659/930/920
f 659/930/920 445/929/919 444/931/921
f 659/930/920 444/931/921 658/932/922
f 658/933/922 444/934/921 443/935/923
f 658/933/922 443/935/923 657/936/924
f 657/936/924 443/935/923 442/937/925
f 657/936/924 442/937/925 656/938/926
f 656/938/926 442/937/925 441/939/927
f 656/938/926 441/939/927 440/940/928
f 656/938/926 440/940/928 655/941/929
f 655/941/929 440/940/928 439/942/930
f 655/941/929 439/942/930 654/943/931
f 654/943/931 439/942/930 653/944/932
f 653/944/932 439/942/930 438/945/933
f 653/944/932 438/945/933 437/946/934
f 653/944/932 437/946/934 652/947/935
f 652/947/935 437/946/934 436/948/936
f 652/947/935 436/948/936 651/949/937
f 651/949/937 436/948/936 650/950/938
f 650/950/938 436/948/936 435/951/939
f 650/950/938 435/951/939 434/952/940
f 650/950/938 434/952/940 649/953/941
f 649/953/941 434/952/940 433/954/942
f 649/953/941 433/954/942 648/955/943
f 648/955/943 433/954/942 647/956/944
f 647/956/944 433/954/942 432/957/945
f 647/956/944 432/957/945 431/958/946
f 647/956/944 431/958/946 646/959/947
f 646/959/947 431/958/946 430/960/948
f 646/959/947 430/960/948 645/961/949
f 645/961/949 430/960/948 429/962/950
f 645/961/949 429/962/950 644/963/951
f 644/963/951 429/962/950 428/964/952
f 644/963/951 428/964/952 643/965/953
f 643/965/953 428/964/952 706/966/954
f 706/966/954 428/964/952 612/967/955
f 706/966/954 612/967/955 705/968/956
f 705/968/956 612/967/955 613/969/957
f 705/968/956 613/969/957 704/970/958
f 704/970/958 613/969/957 614/971/959
f 704/970/958 614/971/959 703/972/960
f 703/972/960 614/971/959 615/973/961
f 703/972/960 615/973/961 702/974/962
f 702/974/962 615/973/961 616/975/963
f 702/974/962 616/975/963 701/976/964
f 701/976/964 616/975/963 617/977/965
f 701/976/964 617/977/965 700/978/966
f 700/978/966 617/977/965 618/979/967
f 700/978/966 618/979/967 699/980/968
f 699/980/968 618/979/967 619/981/969
f 699/980/968 619/981/969 698/982/970
f 698/982/970 619/981/969 620/983/971
f 698/982/970 620/983/971 621/984/972
f 698/982/970 621/984/972 697/985/973
f 697/985/973 621/984/972 622/986/974
f 697/985/973 622/986/974 696/987/975
f 696/987/975 622/986/974 623/988/976
f 696/987/975 623/988/976 695/989/977
f 695/989/977 623/988/976 624/990/978
f 695/989/977 624/990/978 694/991/979
f 694/991/979 624/990/978 625/992/980
f 694/991/979 625/992/980 693/993/981
f 693/993/981 625/992/980 626/994/982
f 693/993/981 626/994/982 692/995/983
f 692/995/983 626/994/982 627/996/984
f 692/995/983 627/996/984 691/997/985
f 691/997/985 627/996/984 628/998/986
f 691/997/985 628/998/986 690/999/987
f 690/999/987 628/998/986 689/1000/988
f 689/1000/988 628/998/986 629/1001/989
f 689/1000/988 629/1001/989 630/1002/990
f 689/1000/988 630/1002/990 688/1003/991
f 688/1003/991 630/1002/990 631/1004/992
f 688/1003/991 631/1004/992 687/1005/993
f 687/1005/993 631/1004/992 686/1006/994
f 686/1006/994 631/1004/992 632/1007/995
f 686/1006/994 632/1007/995 633/1008/996
f 634/1009/997 684/1010/998 633/1008/996
f 633/1008/996 684/1010/998 685/1011/999
f 633/1008/996 685/1011/999 686/1006/994
f 634/1009/997 635/1012/1000 684/1010/998
f 684/1010/998 635/1012/1000 683/1013/1001
f 683/1013/1001 635/1012/1000 636/1014/1002
f 683/1013/1001 636/1014/1002 682/1015/1003
f 682/1015/1003 636/1014/1002 637/1016/1004
f 682/1015/1003 637/1016/1004 681/1017/1005
f 681/1017/1005 637/1016/1004 638/1018/1006
f 681/1017/1005 638/1018/1006 680/1019/1007
f 680/1019/1007 638/1018/1006 639/1020/1008
f 680/1019/1007 639/1020/1008 679/1021/1009
f 679/1021/1009 639/1020/1008 640/1022/1010
f 679/1021/1009 640/1022/1010 678/1023/1011
f 678/1023/1011 640/1022/1010 641/1024/1012
f 678/1023/1011 641/1024/1012 677/1025/1013
f 677/1025/1013 641/1024/1012 642/1026/1014
f 677/1025/1013 642/1026/1014 676/901/891
f 676/901/891 642/1026/1014 460/899/889
f 428/1027/735 371/1028/731 612/1029/1015
f 612/1029/1015 371/1028/731 370/1030/1016
f 612/1029/1015 370/1030/1016 613/1031/1017
f 613/1031/1017 370/1030/1016 614/1032/1018
f 614/1032/1018 370/1030/1016 615/1033/1019
f 615/1033/1019 370/1030/1016 369/1034/1020
f 615/1033/1019 369/1034/1020 616/1035/1021
f 616/1035/1021 369/1034/1020 617/1036/1022
f 617/1036/1022 369/1034/1020 618/1037/1023
f 618/1037/1023 369/1034/1020 368/1038/1024
f 618/1037/1023 368/1038/1024 619/1039/1025
f 619/1039/1025 368/1038/1024 620/1040/1026
f 620/1040/1026 368/1038/1024 621/1041/1027
f 621/1041/1027 368/1038/1024 622/1042/1028
f 622/1042/1028 368/1038/1024 367/1043/1029
f 622/1042/1028 367/1043/1029 623/1044/1030
f 623/1044/1030 367/1043/1029 624/1045/1031
f 624/1045/1031 367/1043/1029 625/1046/1032
f 625/1046/1032 367/1043/1029 626/1047/1033
f 626/1047/1033 367/1043/1029 627/1048/1034
f 627/1048/1034 367/1043/1029 738/1049/1035
f 627/1048/1034 738/1049/1035 628/1050/1036
f 628/1050/1036 738/1049/1035 629/1051/1037
f 629/1051/1037 738/1049/1035 630/1052/1038
f 630/1052/1038 738/1049/1035 631/1053/1039
f 631/1053/1039 738/1049/1035 632/1054/1040
f 632/1054/1040 738/1049/1035 739/1055/1041
f 632/1054/1040 739/1055/1041 633/1056/1042
f 633/1056/1042 739/1055/1041 634/1057/1043
f 634/1057/1043 739/1055/1041 635/1058/1044
f 635/1058/1044 739/1055/1041 636/1059/1045
f 636/1059/1045 739/1055/1041 740/1060/1046
f 636/1059/1045 740/1060/1046 637/1061/1047
f 637/1061/1047 740/1060/1046 638/1062/1048
f 638/1062/1048 740/1060/1046 639/1063/1049
f 639/1063/1049 740/1060/1046 741/1064/1050
f 639/1063/1049 741/1064/1050 640/1065/1051
f 640/1065/1051 741/1064/1050 641/1066/1052
f 641/1066/1052 741/1064/1050 642/1067/1053
f 642/1067/1053 741/1064/1050 461/1068/756
f 642/1067/1053 461/1068/756 460/1069/758
f 738/1049/1035 367/1043/1029 737/1070/1054
f 737/1070/1054 367/1043/1029 366/1071/1055
f 737/1070/1054 366/1071/1055 736/1072/1056
f 736/1072/1056 366/1071/1055 365/1073/1057
f 736/1072/1056 365/1073/1057 735/1074/1058
f 735/1074/1058 365/1073/1057 364/1075/1059
f 735/1074/1058 364/1075/1059 734/1076/1060
f 734/1076/1060 364/1075/1059 363/1077/1061
f 734/1076/1060 363/1077/1061 733/1078/1062
f 733/1078/1062 363/1077/1061 362/1079/1063
f 733/1078/1062 362/1079/1063 732/1080/1064
f 732/1080/1064 362/1079/1063 361/1081/1065
f 732/1080/1064 361/1081/1065 731/1082/1066
f 731/1082/1066 361/1081/1065 360/1083/1067
f 731/1082/1066 360/1083/1067 730/1084/1068
f 730/1084/1068 360/1083/1067 359/1085/1069
f 730/1084/1068 359/1085/1069 729/1086/1070
f 729/1086/1070 359/1085/1069 358/1087/1071
f 729/1086/1070 358/1087/1071 728/1088/1072
f 728/1088/1072 358/1087/1071 357/1089/1073
f 728/1088/1072 357/1089/1073 727/1090/1074
f 727/1090/1074 357/1089/1073 356/1091/1075
f 727/1090/1074 356/1091/1075 726/1092/1076
f 726/1092/1076 356/1091/1075 355/1093/1077
f 726/1092/1076 355/1093/1077 725/1094/1078
f 725/1094/1078 355/1093/1077 354/1095/1079
f 725/1094/1078 354/1095/1079 724/1096/1080
f 724/1096/1080 354/1095/1079 353/1097/1081
f 724/1096/1080 353/1097/1081 723/1098/1082
f 723/1098/1082 353/1097/1081 352/1099/1083
f 723/1098/1082 352/1099/1083 722/1100/1084
f 722/1100/1084 352/1099/1083 351/1101/1085
f 722/1100/1084 351/1101/1085 721/1102/1086
f 721/1102/1086 351/1101/1085 350/1103/1087
f 721/1102/1086 350/1103/1087 720/1104/1088
f 720/1104/1088 350/1103/1087 349/1105/1089
f 720/1104/1088 349/1105/1089 719/1106/1090
f 719/1106/1090 349/1105/1089 348/1107/1091
f 719/1106/1090 348/1107/1091 718/1108/1092
f 718/1108/1092 348/1107/1091 347/1109/1093
f 718/1108/1092 347/1109/1093 717/1110/1094
f 717/1110/1094 347/1109/1093 346/1111/1095
f 717/1110/1094 346/1111/1095 716/1112/1096
f 716/1112/1096 346/1111/1095 345/1113/1097
f 716/1112/1096 345/1113/1097 715/1114/1098
f 715/1114/1098 345/1113/1097 344/1115/1099
f 715/1114/1098 344/1115/1099 714/1116/1100
f 714/1116/1100 344/1115/1099 343/1117/1101
f 714/1116/1100 343/1117/1101 713/1118/1102
f 713/1118/1102 343/1117/1101 342/1119/1103
f 713/1118/1102 342/1119/1103 712/1120/1104
f 712/1120/1104 342/1119/1103 341/1121/1105
f 712/1120/1104 341/1121/1105 711/1122/1106
f 711/1122/1106 341/1121/1105 340/1123/1107
f 711/1122/1106 340/1123/1107 596/1124/1108
f 596/1124/1108 340/1123/1107 597/1125/1109
f 597/1125/1109 340/1123/1107 598/1126/1110
f 598/1126/1110 340/1123/1107 599/1127/1111
f 599/1127/1111 340/1123/1107 600/1128/1112
f 600/1128/1112 340/1123/1107 601/1129/1113
f 601/1129/1113 340/1123/1107 339/1130/1114
f 601/1129/1113 339/1130/1114 602/1131/1115
f 602/1131/1115 339/1130/1114 603/1132/1116
f 603/1132/1116 339/1130/1114 604/1133/1117
f 604/1133/1117 339/1130/1114 605/1134/1118
f 605/1134/1118 339/1130/1114 338/1135/1119
f 605/1134/1118 338/1135/1119 606/1136/1120
f 606/1136/1120 338/1135/1119 607/1137/1121
f 607/1137/1121 338/1135/1119 608/1138/1122
f 608/1138/1122 338/1135/1119 337/1139/1123
f 608/1138/1122 337/1139/1123 609/1140/1124
f 609/1140/1124 337/1139/1123 610/1141/1125
f 610/1141/1125 337/1139/1123 611/1142/1126
f 611/1142/1126 337/1139/1123 336/1143/1127
f 611/1142/1126 336/1143/1127 548/1144/1128
f 596/1124/1108 595/1145/1129 711/1122/1106
f 711/1122/1106 595/1145/1129 594/1146/1130
f 711/1122/1106 594/1146/1130 593/1147/1131
f 593/1147/1131 592/1148/1132 711/1122/1106
f 711/1122/1106 592/1148/1132 591/1149/1133
f 711/1122/1106 591/1149/1133 710/1150/1134
f 710/1150/1134 591/1149/1133 590/1151/1135
f 710/1150/1134 590/1151/1135 589/1152/1136
f 589/1152/1136 588/1153/1137 710/1150/1134
f 710/1150/1134 588/1153/1137 587/1154/1138
f 710/1150/1134 587/1154/1138 709/1155/1139
f 709/1155/1139 587/1154/1138 586/1156/1140
f 709/1155/1139 586/1156/1140 585/1157/1141
f 585/1157/1141 584/1158/1142 709/1155/1139
f 709/1155/1139 584/1158/1142 708/1159/1143
f 708/1159/1143 584/1158/1142 583/1160/1144
f 708/1159/1143 583/1160/1144 582/1161/1145
f 582/1161/1145 581/1162/1146 708/1159/1143
f 708/1159/1143 581/1162/1146 707/1163/1147
f 707/1163/1147 581/1162/1146 580/1164/1148
f 484/1165/1149 547/1166/1150 821/1167/1151
f 821/1167/1151 547/1166/1150 820/1168/1152
f 820/1168/1152 547/1166/1150 546/1169/1153
f 820/1168/1152 546/1169/1153 545/1170/1154
f 545/1170/1154 544/1171/1155 820/1168/1152
f 820/1168/1152 544/1171/1155 819/1172/1156
f 819/1172/1156 544/1171/1155 543/1173/1157
f 819/1172/1156 543/1173/1157 542/1174/1158
f 542/1174/1158 541/1175/1159 819/1172/1156
f 819/1172/1156 541/1175/1159 540/1176/1160
f 819/1172/1156 540/1176/1160 818/1177/1161
f 818/1177/1161 540/1176/1160 539/1178/1162
f 818/1177/1161 539/1178/1162 538/1179/1163
f 538/1179/1163 537/1180/1164 818/1177/1161
f 818/1177/1161 537/1180/1164 536/1181/1165
f 818/1177/1161 536/1181/1165 535/1182/1166
f 535/1182/1166 534/1183/1167 818/1177/1161
f 818/1177/1161 534/1183/1167 817/1184/1168
f 817/1184/1168 534/1183/1167 533/1185/1169
f 817/1184/1168 533/1185/1169 532/1186/1170
f 817/1184/1168 532/1186/1170 746/1187/1171
f 746/1187/1171 532/1186/1170 531/1188/1172
f 746/1187/1171 531/1188/1172 530/1189/1173
f 530/1189/1173 529/1190/1174 746/1187/1171
f 746/1187/1171 529/1190/1174 745/1191/1175
f 745/1191/1175 529/1190/1174 528/1192/1176
f 745/1191/1175 528/1192/1176 527/1193/1177
f 527/1193/1177 526/1194/1178 745/1191/1175
f 745/1191/1175 526/1194/1178 525/1195/1179
f 745/1191/1175 525/1195/1179 524/1196/1180
f 745/1191/1175 524/1196/1180 744/1197/1181
f 744/1197/1181 524/1196/1180 523/1198/1182
f 744/1197/1181 523/1198/1182 522/1199/1183
f 522/1199/1183 521/1200/1184 744/1197/1181
f 744/1197/1181 521/1200/1184 520/1201/1185
f 744/1197/1181 520/1201/1185 743/1202/1186
f 743/1202/1186 520/1201/1185 519/1203/1187
f 743/1202/1186 519/1203/1187 518/1204/1188
f 518/1204/1188 517/1205/1189 743/1202/1186
f 743/1202/1186 517/1205/1189 742/1206/1190
f 742/1206/1190 517/1205/1189 516/1207/1191
f 746/1187/1171 747/1208/1192 817/1184/1168
f 817/1184/1168 747/1208/1192 816/1209/1193
f 816/1209/1193 747/1208/1192 748/1210/1194
f 816/1209/1193 748/1210/1194 815/1211/1195
f 815/1211/1195 748/1210/1194 749/1212/1196
f 815/1211/1195 749/1212/1196 814/1213/1197
f 814/1213/1197 749/1212/1196 750/1214/1198
f 814/1213/1197 750/1214/1198 813/1215/1199
f 813/1215/1199 750/1214/1198 751/1216/1200
f 813/1215/1199 751/1216/1200 812/1217/1201
f 812/1217/1201 751/1216/1200 752/1218/1202
f 812/1217/1201 752/1218/1202 811/1219/1203
f 811/1219/1203 752/1218/1202 753/1220/1204
f 811/1219/1203 753/1220/1204 810/1221/1205
f 810/1221/1205 753/1220/1204 754/1222/1206
f 810/1221/1205 754/1222/1206 809/1223/1207
f 809/1223/1207 754/1222/1206 755/1224/1208
f 809/1223/1207 755/1224/1208 808/1225/1209
f 808/1225/1209 755/1224/1208 756/1226/1210
f 808/1225/1209 756/1226/1210 807/1227/1211
f 807/1227/1211 756/1226/1210 757/1228/1212
f 807/1227/1211 757/1228/1212 806/1229/1213
f 806/1229/1213 757/1228/1212 758/1230/1214
f 806/1229/1213 758/1230/1214 805/1231/1215
f 805/1231/1215 758/1230/1214 759/1232/1216
f 805/1231/1215 759/1232/1216 804/1233/1217
f 804/1233/1217 759/1232/1216 760/1234/1218
f 804/1233/1217 760/1234/1218 803/1235/1219
f 803/1235/1219 760/1234/1218 761/1236/1220
f 803/1235/1219 761/1236/1220 802/1237/1221
f 802/1237/1221 761/1236/1220 762/1238/1222
f 802/1237/1221 762/1238/1222 801/1239/1223
f 801/1239/1223 762/1238/1222 763/1240/1224
f 801/1239/1223 763/1240/1224 800/1241/1225
f 800/1241/1225 763/1240/1224 764/1242/1226
f 800/1241/1225 764/1242/1226 799/1243/1227
f 799/1243/1227 764/1242/1226 765/1244/1228
f 799/1243/1227 765/1244/1228 798/1245/1229
f 798/1245/1229 765/1244/1228 766/1246/1230
f 798/1245/1229 766/1246/1230 797/1247/1231
f 797/1247/1231 766/1246/1230 767/1248/1232
f 797/1247/1231 767/1248/1232 796/1249/1233
f 796/1249/1233 767/1248/1232 768/1250/1234
f 796/1249/1233 768/1250/1234 795/1251/1235
f 795/1251/1235 768/1250/1234 769/1252/1236
f 795/1251/1235 769/1252/1236 794/1253/1237
f 794/1253/1237 769/1252/1236 770/1254/1238
f 794/1253/1237 770/1254/1238 793/1255/1239
f 793/1255/1239 770/1254/1238 771/1256/1240
f 793/1255/1239 771/1256/1240 792/1257/1241
f 792/1257/1241 771/1256/1240 772/1258/1242
f 792/1257/1241 772/1258/1242 791/1259/1243
f 791/1259/1243 772/1258/1242 773/1260/1244
f 791/1259/1243 773/1260/1244 790/1261/1245
f 790/1261/1245 773/1260/1244 774/1262/1246
f 790/1261/1245 774/1262/1246 789/1263/1247
f 789/1263/1247 774/1262/1246 775/1264/1248
f 789/1263/1247 775/1264/1248 788/1265/1249
f 788/1265/1249 775/1264/1248 776/1266/1250
f 788/1265/1249 776/1266/1250 787/1267/1251
f 787/1267/1251 776/1266/1250 777/1268/1252
f 787/1267/1251 777/1268/1252 786/1269/1253
f 786/1269/1253 777/1268/1252 691/1270/1254
f 786/1269/1253 691/1270/1254 690/1271/1255
f 778/1272/1256 694/1273/1257 777/1268/1252
f 777/1268/1252 694/1273/1257 693/1274/1258
f 777/1268/1252 693/1274/1258 692/1275/1259
f 779/1276/1260 699/1277/1261 778/1272/1256
f 778/1272/1256 699/1277/1261 698/1278/1262
f 778/1272/1256 698/1278/1262 697/1279/1263
f 780/1280/1264 703/1281/1265 779/1276/1260
f 779/1276/1260 703/1281/1265 702/1282/1266
f 779/1276/1260 702/1282/1266 701/1283/1267
f 781/1284/1268 706/1285/1269 780/1280/1264
f 780/1280/1264 706/1285/1269 705/1286/1270
f 780/1280/1264 705/1286/1270 704/1287/1271
f 781/1284/1268 643/1288/1272 706/1285/1269
f 704/1287/1271 703/1281/1265 780/1280/1264
f 701/1283/1267 700/1289/1273 779/1276/1260
f 779/1276/1260 700/1289/1273 699/1277/1261
f 697/1279/1263 696/1290/1274 778/1272/1256
f 778/1272/1256 696/1290/1274 695/1291/1275
f 778/1272/1256 695/1291/1275 694/1273/1257
f 692/1275/1259 691/1270/1254 777/1268/1252
f 690/1271/1255 689/1292/1276 786/1269/1253
f 786/1269/1253 689/1292/1276 688/1293/1277
f 786/1269/1253 688/1293/1277 785/1294/1278
f 785/1294/1278 688/1293/1277 687/1295/1279
f 785/1294/1278 687/1295/1279 686/1296/1280
f 686/1296/1280 685/1297/1281 785/1294/1278
f 785/1294/1278 685/1297/1281 684/1298/1282
f 785/1294/1278 684/1298/1282 683/1299/1283
f 785/1294/1278 683/1299/1283 784/1300/1284
f 784/1300/1284 683/1299/1283 682/1301/1285
f 784/1300/1284 682/1301/1285 681/1302/1286
f 681/1302/1286 680/1303/1287 784/1300/1284
f 784/1300/1284 680/1303/1287 679/1304/1288
f 784/1300/1284 679/1304/1288 783/1305/1289
f 783/1305/1289 679/1304/1288 678/1306/1290
f 783/1305/1289 678/1306/1290 677/1307/1291
f 677/1307/1291 676/1308/1292 783/1305/1289
f 783/1305/1289 676/1308/1292 782/1309/1293
f 782/1309/1293 676/1308/1292 675/1310/1294
f 548/1311/1128 336/1312/1127 549/1313/1295
f 549/1313/1295 336/1312/1127 427/1314/1296
f 549/1313/1295 427/1314/1296 550/1315/1297
f 550/1315/1297 427/1314/1296 551/1316/1298
f 551/1316/1298 427/1314/1296 552/1317/1299
f 552/1317/1299 427/1314/1296 426/1318/1300
f 552/1317/1299 426/1318/1300 553/1319/1301
f 553/1319/1301 426/1318/1300 554/1320/1302
f 554/1320/1302 426/1318/1300 555/1321/1303
f 555/1321/1303 426/1318/1300 425/1322/1304
f 555/1321/1303 425/1322/1304 556/1323/1305
f 556/1323/1305 425/1322/1304 557/1324/1306
f 557/1324/1306 425/1322/1304 558/1325/1307
f 558/1325/1307 425/1322/1304 424/1326/1308
f 558/1325/1307 424/1326/1308 559/1327/1309
f 559/1327/1309 424/1326/1308 560/1328/1310
f 560/1328/1310 424/1326/1308 561/1329/1311
f 561/1329/1311 424/1326/1308 562/1330/1312
f 562/1330/1312 424/1326/1308 423/1331/1313
f 562/1330/1312 423/1331/1313 563/1332/1314
f 563/1332/1314 423/1331/1313 564/1333/1315
f 564/1333/1315 423/1331/1313 565/1334/1316
f 565/1334/1316 423/1331/1313 841/1335/1317
f 565/1334/1316 841/1335/1317 566/1336/1318
f 566/1336/1318 841/1335/1317 567/1337/1319
f 567/1337/1319 841/1335/1317 568/1338/1320
f 568/1338/1320 841/1335/1317 569/1339/1321
f 569/1339/1321 841/1335/1317 570/1340/1322
f 570/1340/1322 841/1335/1317 571/1341/1323
f 571/1341/1323 841/1335/1317 572/1342/1324
f 572/1342/1324 841/1335/1317 842/1343/1325
f 572/1342/1324 842/1343/1325 573/1344/1326
f 573/1344/1326 842/1343/1325 574/1345/1327
f 574/1345/1327 842/1343/1325 575/1346/1328
f 575/1346/1328 842/1343/1325 576/1347/1329
f 576/1347/1329 842/1343/1325 577/1348/1330
f 577/1348/1330 842/1343/1325 578/1349/1331
f 578/1349/1331 842/1343/1325 707/1350/1147
f 578/1349/1331 707/1350/1147 579/1351/1332
f 579/1351/1332 707/1350/1147 580/1352/1148
f 841/1335/1317 423/1331/1313 840/1353/1333
f 840/1353/1333 423/1331/1313 422/1354/1334
f 840/1353/1333 422/1354/1334 421/1355/1335
f 840/1353/1333 421/1355/1335 839/1356/1336
f 839/1356/1336 421/1355/1335 420/1357/1337
f 839/1356/1336 420/1357/1337 838/1358/1338
f 838/1358/1338 420/1357/1337 419/1359/1339
f 838/1358/1338 419/1359/1339 837/1360/1340
f 837/1360/1340 419/1359/1339 418/1361/1341
f 837/1360/1340 418/1361/1341 836/1362/1342
f 836/1362/1342 418/1361/1341 417/1363/1343
f 836/1362/1342 417/1363/1343 416/1364/1344
f 836/1362/1342 416/1364/1344 835/1365/1345
f 835/1365/1345 416/1364/1344 415/1366/1346
f 835/1365/1345 415/1366/1346 834/1367/1347
f 834/1367/1347 415/1366/1346 414/1368/1348
f 834/1367/1347 414/1368/1348 833/1369/1349
f 833/1369/1349 414/1368/1348 413/1370/1350
f 833/1369/1349 413/1370/1350 832/1371/1351
f 832/1371/1351 413/1370/1350 412/1372/1352
f 832/1371/1351 412/1372/1352 831/1373/1353
f 831/1373/1353 412/1372/1352 411/1374/1354
f 831/1373/1353 411/1374/1354 830/1375/1355
f 830/1375/1355 411/1374/1354 829/1376/1356
f 829/1376/1356 411/1374/1354 410/1377/1357
f 829/1376/1356 410/1377/1357 828/1378/1358
f 828/1378/1358 410/1377/1357 409/1379/1359
f 828/1378/1358 409/1379/1359 827/1380/1360
f 827/1380/1360 409/1379/1359 408/1381/1361
f 827/1380/1360 408/1381/1361 826/1382/1362
f 826/1382/1362 408/1381/1361 407/1383/1363
f 826/1382/1362 407/1383/1363 825/1384/1364
f 825/1384/1364 407/1383/1363 406/1385/1365
f 825/1384/1364 406/1385/1365 824/1386/1366
f 824/1386/1366 406/1385/1365 405/1387/1367
f 824/1386/1366 405/1387/1367 823/1388/1368
f 823/1388/1368 405/1387/1367 404/1389/1369
f 823/1388/1368 404/1389/1369 822/1390/1370
f 822/1390/1370 404/1389/1369 403/1391/1371
f 822/1390/1370 403/1391/1371 483/1392/1372
f 516/1393/1191 515/1394/1373 742/1395/1190
f 742/1395/1190 515/1394/1373 514/1396/1374
f 742/1395/1190 514/1396/1374 886/1397/1375
f 886/1397/1375 514/1396/1374 513/1398/1376
f 886/1397/1375 513/1398/1376 512/1399/1377
f 512/1399/1377 511/1400/1378 886/1397/1375
f 886/1397/1375 511/1400/1378 510/1401/1379
f 886/1397/1375 510/1401/1379 509/1402/1380
f 886/1397/1375 509/1402/1380 885/1403/1381
f 885/1403/1381 509/1402/1380 508/1404/1382
f 885/1403/1381 508/1404/1382 507/1405/1383
f 507/1405/1383 506/1406/1384 885/1403/1381
f 885/1403/1381 506/1406/1384 505/1407/1385
f 885/1403/1381 505/1407/1385 504/1408/1386
f 504/1408/1386 503/1409/1387 885/1403/1381
f 885/1403/1381 503/1409/1387 502/1410/1388
f 885/1403/1381 502/1410/1388 884/1411/1389
f 884/1411/1389 502/1410/1388 501/1412/1390
f 884/1411/1389 501/1412/1390 500/1413/1391
f 884/1411/1389 500/1413/1391 845/1414/1392
f 845/1414/1392 500/1413/1391 499/1415/1393
f 845/1414/1392 499/1415/1393 498/1416/1394
f 845/1414/1392 498/1416/1394 844/1417/1395
f 844/1417/1395 498/1416/1394 497/1418/1396
f 844/1417/1395 497/1418/1396 496/1419/1397
f 496/1419/1397 495/1420/1398 844/1417/1395
f 844/1417/1395 495/1420/1398 494/1421/1399
f 844/1417/1395 494/1421/1399 493/1422/1400
f 493/1422/1400 492/1423/1401 844/1417/1395
f 844/1417/1395 492/1423/1401 491/1424/1402
f 844/1417/1395 491/1424/1402 843/1425/1403
f 843/1425/1403 491/1424/1402 490/1426/1404
f 843/1425/1403 490/1426/1404 489/1427/1405
f 489/1427/1405 488/1428/1406 843/1425/1403
f 843/1425/1403 488/1428/1406 487/1429/1407
f 843/1425/1403 487/1429/1407 486/1430/1408
f 843/1425/1403 486/1430/1408 821/1431/1151
f 821/1431/1151 486/1430/1408 485/1432/1409
f 821/1431/1151 485/1432/1409 484/1433/1149
f 845/1414/1392 846/1434/1410 884/1411/1389
f 884/1411/1389 846/1434/1410 883/1435/1411
f 883/1435/1411 846/1434/1410 847/1436/1412
f 883/1435/1411 847/1436/1412 882/1437/1413
f 882/1437/1413 847/1436/1412 848/1438/1414
f 882/1437/1413 848/1438/1414 881/1439/1415
f 881/1439/1415 848/1438/1414 849/1440/1416
f 881/1439/1415 849/1440/1416 880/1441/1417
f 880/1441/1417 849/1440/1416 850/1442/1418
f 880/1441/1417 850/1442/1418 879/1443/1419
f 879/1443/1419 850/1442/1418 851/1444/1420
f 879/1443/1419 851/1444/1420 878/1445/1421
f 878/1445/1421 851/1444/1420 852/1446/1422
f 878/1445/1421 852/1446/1422 877/1447/1423
f 877/1447/1423 852/1446/1422 853/1448/1424
f 877/1447/1423 853/1448/1424 876/1449/1425
f 876/1449/1425 853/1448/1424 854/1450/1426
f 876/1449/1425 854/1450/1426 875/1451/1427
f 875/1451/1427 854/1450/1426 855/1452/1428
f 875/1451/1427 855/1452/1428 874/1453/1429
f 874/1453/1429 855/1452/1428 856/1454/1430
f 874/1453/1429 856/1454/1430 873/1455/1431
f 873/1455/1431 856/1454/1430 857/1456/1432
f 873/1455/1431 857/1456/1432 872/1457/1433
f 872/1457/1433 857/1456/1432 858/1458/1434
f 872/1457/1433 858/1458/1434 871/1459/1435
f 871/1459/1435 858/1458/1434 859/1460/1436
f 871/1459/1435 859/1460/1436 870/1461/1437
f 870/1461/1437 859/1460/1436 860/1462/1438
f 870/1461/1437 860/1462/1438 869/1463/1439
f 869/1463/1439 860/1462/1438 861/1464/1440
f 869/1463/1439 861/1464/1440 868/1465/1441
f 868/1465/1441 861/1464/1440 862/1466/1442
f 868/1465/1441 862/1466/1442 867/1467/1443
f 867/1467/1443 862/1466/1442 863/1468/1444
f 867/1467/1443 863/1468/1444 866/1469/1445
f 866/1469/1445 863/1468/1444 864/1470/1446
f 866/1469/1445 864/1470/1446 865/1471/1447
f 675/1472/1294 674/1473/1448 782/1474/1293
f 782/1474/1293 674/1473/1448 673/1475/1449
f 782/1474/1293 673/1475/1449 672/1476/1450
f 782/1474/1293 672/1476/1450 928/1477/1451
f 928/1477/1451 672/1476/1450 671/1478/1452
f 928/1477/1451 671/1478/1452 670/1479/1453
f 670/1479/1453 669/1480/1454 928/1477/1451
f 928/1477/1451 669/1480/1454 668/1481/1455
f 928/1477/1451 668/1481/1455 667/1482/1456
f 928/1477/1451 667/1482/1456 927/1483/1457
f 927/1483/1457 667/1482/1456 666/1484/1458
f 927/1483/1457 666/1484/1458 665/1485/1459
f 665/1485/1459 664/1486/1460 927/1483/1457
f 927/1483/1457 664/1486/1460 663/1487/1461
f 927/1483/1457 663/1487/1461 662/1488/1462
f 662/1488/1462 661/1489/1463 927/1483/1457
f 927/1483/1457 661/1489/1463 926/1490/1464
f 926/1490/1464 661/1489/1463 660/1491/1465
f 926/1490/1464 660/1491/1465 659/1492/1466
f 926/1490/1464 659/1492/1466 889/1493/1467
f 889/1493/1467 659/1492/1466 658/1494/1468
f 889/1493/1467 658/1494/1468 657/1495/1469
f 889/1493/1467 657/1495/1469 888/1496/1470
f 888/1496/1470 657/1495/1469 656/1497/1471
f 888/1496/1470 656/1497/1471 655/1498/1472
f 655/1498/1472 654/1499/1473 888/1496/1470
f 888/1496/1470 654/1499/1473 653/1500/1474
f 888/1496/1470 653/1500/1474 652/1501/1475
f 652/1501/1475 651/1502/1476 888/1496/1470
f 888/1496/1470 651/1502/1476 650/1503/1477
f 888/1496/1470 650/1503/1477 887/1504/1478
f 887/1504/1478 650/1503/1477 649/1505/1479
f 887/1504/1478 649/1505/1479 648/1506/1480
f 648/1506/1480 647/1507/1481 887/1504/1478
f 887/1504/1478 647/1507/1481 646/1508/1482
f 887/1504/1478 646/1508/1482 645/1509/1483
f 887/1504/1478 645/1509/1483 781/1510/1268
f 781/1510/1268 645/1509/1483 644/1511/1484
f 781/1510/1268 644/1511/1484 643/1512/1272
f 889/1493/1467 890/1513/1485 926/1490/1464
f 926/1490/1464 890/1513/1485 925/1514/1486
f 925/1514/1486 890/1513/1485 891/1515/1487
f 925/1514/1486 891/1515/1487 924/1516/1488
f 924/1516/1488 891/1515/1487 892/1517/1489
f 924/1516/1488 892/1517/1489 923/1518/1490
f 923/1518/1490 892/1517/1489 893/1519/1491
f 923/1518/1490 893/1519/1491 922/1520/1492
f 922/1520/1492 893/1519/1491 894/1521/1493
f 922/1520/1492 894/1521/1493 921/1522/1494
f 921/1522/1494 894/1521/1493 895/1523/1495
f 921/1522/1494 895/1523/1495 920/1524/1496
f 920/1524/1496 895/1523/1495 896/1525/1497
f 920/1524/1496 896/1525/1497 919/1526/1498
f 919/1526/1498 896/1525/1497 897/1527/1499
f 919/1526/1498 897/1527/1499 918/1528/1500
f 918/1528/1500 897/1527/1499 898/1529/1501
f 918/1528/1500 898/1529/1501 917/1530/1502
f 917/1530/1502 898/1529/1501 899/1531/1503
f 917/1530/1502 899/1531/1503 916/1532/1504
f 916/1532/1504 899/1531/1503 900/1533/1505
f 916/1532/1504 900/1533/1505 915/1534/1506
f 915/1534/1506 900/1533/1505 901/1535/1507
f 915/1534/1506 901/1535/1507 914/1536/1508
f 914/1536/1508 901/1535/1507 902/1537/1509
f 914/1536/1508 902/1537/1509 913/1538/1510
f 913/1538/1510 902/1537/1509 903/1539/1511
f 913/1538/1510 903/1539/1511 912/1540/1512
f 912/1540/1512 903/1539/1511 904/1541/1513
f 912/1540/1512 904/1541/1513 911/1542/1514
f 911/1542/1514 904/1541/1513 905/1543/1515
f 911/1542/1514 905/1543/1515 910/1544/1516
f 910/1544/1516 905/1543/1515 906/1545/1517
f 910/1544/1516 906/1545/1517 909/1546/1518
f 909/1546/1518 906/1545/1517 907/1547/1519
f 909/1546/1518 907/1547/1519 908/1548/1520
f 908/1548/1520 907/1547/1519 865/1549/1521
f 908/1548/1520 865/1549/1521 864/1550/1522
f 741/1551/1523 783/1552/1524 461/1553/1525
f 461/1553/1525 783/1552/1524 782/1554/1526
f 461/1553/1525 782/1554/1526 928/1555/1527
f 740/1556/1528 785/1557/1529 741/1551/1523
f 741/1551/1523 785/1557/1529 784/1558/1530
f 741/1551/1523 784/1558/1530 783/1552/1524
f 739/1559/1531 787/1560/1532 740/1556/1528
f 740/1556/1528 787/1560/1532 786/1561/1533
f 740/1556/1528 786/1561/1533 785/1557/1529
f 787/1560/1532 739/1559/1531 788/1562/1534
f 788/1562/1534 739/1559/1531 738/1563/1535
f 788/1562/1534 738/1563/1535 789/1564/1536
f 789/1564/1536 738/1563/1535 737/1565/1537
f 789/1564/1536 737/1565/1537 790/1566/1538
f 790/1566/1538 737/1565/1537 736/1567/1539
f 790/1566/1538 736/1567/1539 791/1568/1540
f 791/1568/1540 736/1567/1539 735/1569/1541
f 791/1568/1540 735/1569/1541 792/1570/1542
f 792/1570/1542 735/1569/1541 734/1571/1543
f 792/1570/1542 734/1571/1543 793/1572/1544
f 793/1572/1544 734/1571/1543 733/1573/1545
f 793/1572/1544 733/1573/1545 794/1574/1546
f 794/1574/1546 733/1573/1545 732/1575/1547
f 794/1574/1546 732/1575/1547 795/1576/1548
f 795/1576/1548 732/1575/1547 731/1577/1549
f 795/1576/1548 731/1577/1549 796/1578/1550
f 796/1578/1550 731/1577/1549 730/1579/1551
f 796/1578/1550 730/1579/1551 797/1580/1552
f 797/1580/1552 730/1579/1551 729/1581/1553
f 797/1580/1552 729/1581/1553 798/1582/1554
f 798/1582/1554 729/1581/1553 728/1583/1555
f 798/1582/1554 728/1583/1555 799/1584/1556
f 799/1584/1556 728/1583/1555 727/1585/1557
f 799/1584/1556 727/1585/1557 800/1586/1558
f 800/1586/1558 727/1585/1557 726/1587/1559
f 800/1586/1558 726/1587/1559 801/1588/1560
f 801/1588/1560 726/1587/1559 725/1589/1561
f 801/1588/1560 725/1589/1561 724/1590/1562
f 801/1588/1560 724/1590/1562 802/1591/1563
f 802/1591/1563 724/1590/1562 723/1592/1564
f 802/1591/1563 723/1592/1564 803/1593/1565
f 803/1593/1565 723/1592/1564 722/1594/1566
f 803/1593/1565 722/1594/1566 804/1595/1567
f 804/1595/1567 722/1594/1566 721/1596/1568
f 804/1595/1567 721/1596/1568 805/1597/1569
f 805/1597/1569 721/1596/1568 720/1598/1570
f 805/1597/1569 720/1598/1570 806/1599/1571
f 806/1599/1571 720/1598/1570 719/1600/1572
f 806/1599/1571 719/1600/1572 807/1601/1573
f 807/1601/1573 719/1600/1572 718/1602/1574
f 807/1601/1573 718/1602/1574 808/1603/1575
f 808/1603/1575 718/1602/1574 717/1604/1576
f 808/1603/1575 717/1604/1576 809/1605/1577
f 809/1605/1577 717/1604/1576 716/1606/1578
f 809/1605/1577 716/1606/1578 810/1607/1579
f 810/1607/1579 716/1606/1578 715/1608/1580
f 810/1607/1579 715/1608/1580 811/1609/1581
f 811/1609/1581 715/1608/1580 714/1610/1582
f 811/1609/1581 714/1610/1582 812/1611/1583
f 812/1611/1583 714/1610/1582 713/1612/1584
f 812/1611/1583 713/1612/1584 813/1613/1585
f 813/1613/1585 713/1612/1584 712/1614/1586
f 813/1613/1585 712/1614/1586 814/1615/1587
f 814/1615/1587 712/1614/1586 711/1616/1588
f 814/1615/1587 711/1616/1588 815/1617/1589
f 815/1617/1589 711/1616/1588 710/1618/1590
f 815/1617/1589 710/1618/1590 816/1619/1591
f 816/1619/1591 710/1618/1590 709/1620/1592
f 816/1619/1591 709/1620/1592 817/1621/1593
f 817/1621/1593 709/1620/1592 818/1622/1594
f 818/1622/1594 709/1620/1592 708/1623/1595
f 818/1622/1594 708/1623/1595 819/1624/1596
f 819/1624/1596 708/1623/1595 820/1625/1597
f 820/1625/1597 708/1623/1595 707/1626/1598
f 820/1625/1597 707/1626/1598 821/1627/1599
f 821/1627/1599 707/1626/1598 843/1628/1600
f 843/1628/1600 707/1626/1598 842/1629/1601
f 843/1628/1600 842/1629/1601 844/1630/1602
f 844/1630/1602 842/1629/1601 841/1631/1603
f 844/1630/1602 841/1631/1603 845/1632/1604
f 845/1632/1604 841/1631/1603 840/1633/1605
f 845/1632/1604 840/1633/1605 846/1634/1606
f 846/1634/1606 840/1633/1605 839/1635/1607
f 846/1634/1606 839/1635/1607 847/1636/1608
f 847/1636/1608 839/1635/1607 838/1637/1609
f 847/1636/1608 838/1637/1609 848/1638/1610
f 848/1638/1610 838/1637/1609 849/1639/1611
f 849/1639/1611 838/1637/1609 837/1640/1612
f 849/1639/1611 837/1640/1612 850/1641/1613
f 850/1641/1613 837/1640/1612 836/1642/1614
f 850/1641/1613 836/1642/1614 851/1643/1615
f 851/1643/1615 836/1642/1614 835/1644/1616
f 851/1643/1615 835/1644/1616 852/1645/1617
f 852/1645/1617 835/1644/1616 834/1646/1618
f 852/1645/1617 834/1646/1618 853/1647/1619
f 853/1647/1619 834/1646/1618 833/1648/1620
f 853/1647/1619 833/1648/1620 854/1649/1621
f 854/1649/1621 833/1648/1620 855/1650/1622
f 855/1650/1622 833/1648/1620 832/1651/1623
f 855/1650/1622 832/1651/1623 856/1652/1624
f 856/1652/1624 832/1651/1623 831/1653/1625
f 856/1652/1624 831/1653/1625 857/1654/1626
f 857/1654/1626 831/1653/1625 858/1655/1627
f 858/1655/1627 831/1653/1625 830/1656/1628
f 858/1655/1627 830/1656/1628 859/1657/1629
f 859/1657/1629 830/1656/1628 829/1658/1630
f 859/1657/1629 829/1658/1630 860/1659/1631
f 860/1659/1631 829/1658/1630 828/1660/1632
f 860/1659/1631 828/1660/1632 861/1661/1633
f 861/1661/1633 828/1660/1632 862/1662/1634
f 862/1662/1634 828/1660/1632 827/1663/1635
f 862/1662/1634 827/1663/1635 863/1664/1636
f 863/1664/1636 827/1663/1635 826/1665/1637
f 863/1664/1636 826/1665/1637 825/1666/1638
f 825/1666/1638 824/1667/1639 863/1664/1636
f 863/1664/1636 824/1667/1639 823/1668/1640
f 863/1664/1636 823/1668/1640 822/1669/1641
f 822/1669/1641 483/1670/1642 863/1664/1636
f 863/1664/1636 483/1670/1642 864/1671/1643
f 864/1671/1643 483/1670/1642 908/1672/1644
f 908/1672/1644 483/1670/1642 482/1673/1645
f 908/1672/1644 482/1673/1645 481/1674/1646
f 481/1674/1646 480/1675/1647 908/1672/1644
f 908/1672/1644 480/1675/1647 479/1676/1648
f 908/1672/1644 479/1676/1648 478/1677/1649
f 478/1677/1649 477/1678/1650 908/1672/1644
f 908/1672/1644 477/1678/1650 909/1679/1651
f 909/1679/1651 477/1678/1650 476/1680/1652
f 909/1679/1651 476/1680/1652 910/1681/1653
f 910/1681/1653 476/1680/1652 911/1682/1654
f 911/1682/1654 476/1680/1652 475/1683/1655
f 911/1682/1654 475/1683/1655 912/1684/1656
f 912/1684/1656 475/1683/1655 474/1685/1657
f 912/1684/1656 474/1685/1657 913/1686/1658
f 913/1686/1658 474/1685/1657 473/1687/1659
f 913/1686/1658 473/1687/1659 914/1688/1660
f 914/1688/1660 473/1687/1659 915/1689/1661
f 915/1689/1661 473/1687/1659 472/1690/1662
f 915/1689/1661 472/1690/1662 916/1691/1663
f 916/1691/1663 472/1690/1662 471/1692/1664
f 916/1691/1663 471/1692/1664 917/1693/1665
f 917/1693/1665 471/1692/1664 918/1694/1666
f 918/1694/1666 471/1692/1664 470/1695/1667
f 918/1694/1666 470/1695/1667 919/1696/1668
f 919/1696/1668 470/1695/1667 469/1697/1669
f 919/1696/1668 469/1697/1669 920/1698/1670
f 920/1698/1670 469/1697/1669 468/1699/1671
f 920/1698/1670 468/1699/1671 921/1700/1672
f 921/1700/1672 468/1699/1671 467/1701/1673
f 921/1700/1672 467/1701/1673 922/1702/1674
f 922/1702/1674 467/1701/1673 466/1703/1675
f 922/1702/1674 466/1703/1675 923/1704/1676
f 923/1704/1676 466/1703/1675 924/1705/1677
f 924/1705/1677 466/1703/1675 465/1706/1678
f 924/1705/1677 465/1706/1678 925/1707/1679
f 925/1707/1679 465/1706/1678 464/1708/1680
f 925/1707/1679 464/1708/1680 926/1709/1681
f 926/1709/1681 464/1708/1680 463/1710/1682
f 926/1709/1681 463/1710/1682 927/1711/1683
f 927/1711/1683 463/1710/1682 462/1712/1684
f 927/1711/1683 462/1712/1684 928/1555/1527
f 928/1555/1527 462/1712/1684 461/1553/1525
f 88/1713/1685 781/1714/1686 89/1715/1687
f 89/1715/1687 781/1714/1686 780/1716/1688
f 89/1715/1687 780/1716/1688 122/1717/1689
f 122/1717/1689 780/1716/1688 779/1718/1690
f 122/1717/1689 779/1718/1690 778/1719/1691
f 781/1714/1686 88/1713/1685 887/1720/1692
f 887/1720/1692 88/1713/1685 87/1721/1693
f 887/1720/1692 87/1721/1693 888/1722/1694
f 888/1722/1694 87/1721/1693 86/1723/1695
f 888/1722/1694 86/1723/1695 85/1724/1696
f 888/1722/1694 85/1724/1696 889/1725/1697
f 889/1725/1697 85/1724/1696 84/1726/1698
f 889/1725/1697 84/1726/1698 890/1727/1699
f 890/1727/1699 84/1726/1698 83/1728/1700
f 890/1727/1699 83/1728/1700 82/1729/1701
f 890/1727/1699 82/1729/1701 891/1730/1702
f 891/1730/1702 82/1729/1701 81/1731/1703
f 891/1730/1702 81/1731/1703 892/1732/1704
f 892/1732/1704 81/1731/1703 80/1733/1705
f 892/1732/1704 80/1733/1705 893/1734/1706
f 893/1734/1706 80/1733/1705 79/1735/1707
f 893/1734/1706 79/1735/1707 894/1736/1708
f 894/1736/1708 79/1735/1707 78/1737/1709
f 894/1736/1708 78/1737/1709 895/1738/1710
f 895/1738/1710 78/1737/1709 77/1739/1711
f 895/1738/1710 77/1739/1711 896/1740/1712
f 896/1740/1712 77/1739/1711 76/1741/1713
f 896/1740/1712 76/1741/1713 897/1742/1714
f 897/1742/1714 76/1741/1713 75/1743/1715
f 897/1742/1714 75/1743/1715 898/1744/1716
f 898/1744/1716 75/1743/1715 899/1745/1717
f 899/1745/1717 75/1743/1715 74/1746/1718
f 899/1745/1717 74/1746/1718 900/1747/1719
f 900/1747/1719 74/1746/1718 73/1748/1720
f 900/1747/1719 73/1748/1720 72/1749/1721
f 900/1747/1719 72/1749/1721 901/1750/1722
f 901/1750/1722 72/1749/1721 71/1751/1723
f 901/1750/1722 71/1751/1723 70/1752/1724
f 901/1750/1722 70/1752/1724 902/1753/1725
f 902/1753/1725 70/1752/1724 69/1754/1726
f 902/1753/1725 69/1754/1726 903/1755/1727
f 903/1755/1727 69/1754/1726 68/1756/1728
f 903/1755/1727 68/1756/1728 904/1757/1729
f 904/1757/1729 68/1756/1728 67/1758/1730
f 904/1757/1729 67/1758/1730 905/1759/1731
f 905/1759/1731 67/1758/1730 906/1760/1732
f 906/1760/1732 67/1758/1730 66/1761/1733
f 906/1760/1732 66/1761/1733 907/1762/1734
f 907/1762/1734 66/1761/1733 65/1763/1735
f 907/1762/1734 65/1763/1735 64/1764/1736
f 64/1764/1736 63/1765/1737 907/1762/1734
f 907/1762/1734 63/1765/1737 62/1766/1738
f 907/1762/1734 62/1766/1738 61/1767/1739
f 61/1767/1739 60/1768/1740 907/1762/1734
f 907/1762/1734 60/1768/1740 59/1769/1741
f 907/1762/1734 59/1769/1741 58/1770/1742
f 58/1770/1742 57/1771/1743 907/1762/1734
f 907/1762/1734 57/1771/1743 865/1772/1744
f 865/1772/1744 57/1771/1743 30/1773/1745
f 865/1772/1744 30/1773/1745 866/1774/1746
f 866/1774/1746 30/1773/1745 29/1775/1747
f 866/1774/1746 29/1775/1747 28/1776/1748
f 28/1776/1748 27/1777/1749 866/1774/1746
f 866/1774/1746 27/1777/1749 26/1778/1750
f 866/1774/1746 26/1778/1750 25/1779/1751
f 25/1779/1751 24/1780/1752 866/1774/1746
f 866/1774/1746 24/1780/1752 23/1781/1753
f 866/1774/1746 23/1781/1753 867/1782/1754
f 867/1782/1754 23/1781/1753 22/1783/1755
f 867/1782/1754 22/1783/1755 868/1784/1756
f 868/1784/1756 22/1783/1755 21/1785/1757
f 868/1784/1756 21/1785/1757 869/1786/1758
f 869/1786/1758 21/1785/1757 20/1787/1759
f 869/1786/1758 20/1787/1759 19/1788/1760
f 869/1786/1758 19/1788/1760 870/1789/1761
f 870/1789/1761 19/1788/1760 18/1790/1762
f 870/1789/1761 18/1790/1762 871/1791/1763
f 871/1791/1763 18/1790/1762 17/1792/1764
f 871/1791/1763 17/1792/1764 872/1793/1765
f 872/1793/1765 17/1792/1764 16/1794/1766
f 872/1793/1765 16/1794/1766 873/1795/1767
f 873/1795/1767 16/1794/1766 874/1796/1768
f 874/1796/1768 16/1794/1766 15/1797/1769
f 874/1796/1768 15/1797/1769 875/1798/1770
f 875/1798/1770 15/1797/1769 876/1799/1771
f 876/1799/1771 15/1797/1769 14/1800/1772
f 876/1799/1771 14/1800/1772 877/1801/1773
f 877/1801/1773 14/1800/1772 13/1802/1774
f 877/1801/1773 13/1802/1774 878/1803/1775
f 878/1803/1775 13/1802/1774 12/1804/1776
f 878/1803/1775 12/1804/1776 879/1805/1777
f 879/1805/1777 12/1804/1776 11/1806/1778
f 879/1805/1777 11/1806/1778 880/1807/1779
f 880/1807/1779 11/1806/1778 10/1808/1780
f 880/1807/1779 10/1808/1780 881/1809/1781
f 881/1809/1781 10/1808/1780 9/1810/1782
f 881/1809/1781 9/1810/1782 8/1811/1783
f 881/1809/1781 8/1811/1783 882/1812/1784
f 882/1812/1784 8/1811/1783 7/1813/1785
f 882/1812/1784 7/1813/1785 883/1814/1786
f 883/1814/1786 7/1813/1785 6/1815/1787
f 883/1814/1786 6/1815/1787 5/1816/1788
f 883/1814/1786 5/1816/1788 884/1817/1789
f 884/1817/1789 5/1816/1788 4/1818/1790
f 884/1817/1789 4/1818/1790 885/1819/1791
f 885/1819/1791 4/1818/1790 3/1820/1792
f 885/1819/1791 3/1820/1792 886/1821/1793
f 886/1821/1793 3/1820/1792 2/1822/1794
f 886/1821/1793 2/1822/1794 742/1823/1795
f 742/1823/1795 2/1822/1794 1/1824/1796
f 742/1823/1795 1/1824/1796 743/1825/1797
f 743/1825/1797 1/1824/1796 155/1826/1798
f 743/1825/1797 155/1826/1798 744/1827/1799
f 744/1827/1799 155/1826/1798 745/1828/1800
f 745/1828/1800 155/1826/1798 154/1829/1801
f 745/1828/1800 154/1829/1801 746/1830/1802
f 746/1830/1802 154/1829/1801 747/1831/1803
f 747/1831/1803 154/1829/1801 153/1832/1804
f 747/1831/1803 153/1832/1804 748/1833/1805
f 748/1833/1805 153/1832/1804 152/1834/1806
f 748/1833/1805 152/1834/1806 749/1835/1807
f 749/1835/1807 152/1834/1806 151/1836/1808
f 749/1835/1807 151/1836/1808 750/1837/1809
f 750/1837/1809 151/1836/1808 150/1838/1810
f 750/1837/1809 150/1838/1810 751/1839/1811
f 751/1839/1811 150/1838/1810 149/1840/1812
f 751/1839/1811 149/1840/1812 752/1841/1813
f 752/1841/1813 149/1840/1812 148/1842/1814
f 752/1841/1813 148/1842/1814 753/1843/1815
f 753/1843/1815 148/1842/1814 147/1844/1816
f 753/1843/1815 147/1844/1816 754/1845/1817
f 754/1845/1817 147/1844/1816 146/1846/1818
f 754/1845/1817 146/1846/1818 755/1847/1819
f 755/1847/1819 146/1846/1818 145/1848/1820
f 755/1847/1819 145/1848/1820 756/1849/1821
f 756/1849/1821 145/1848/1820 144/1850/1822
f 756/1849/1821 144/1850/1822 757/1851/1823
f 757/1851/1823 144/1850/1822 143/1852/1824
f 757/1851/1823 143/1852/1824 758/1853/1825
f 758/1853/1825 143/1852/1824 142/1854/1826
f 758/1853/1825 142/1854/1826 759/1855/1827
f 759/1855/1827 142/1854/1826 141/1856/1828
f 759/1855/1827 141/1856/1828 760/1857/1829
f 760/1857/1829 141/1856/1828 140/1858/1830
f 760/1857/1829 140/1858/1830 761/1859/1831
f 761/1859/1831 140/1858/1830 139/1860/1832
f 761/1859/1831 139/1860/1832 138/1861/1833
f 761/1859/1831 138/1861/1833 762/1862/1834
f 762/1862/1834 138/1861/1833 137/1863/1835
f 762/1862/1834 137/1863/1835 763/1864/1836
f 763/1864/1836 137/1863/1835 136/1865/1837
f 763/1864/1836 136/1865/1837 764/1866/1838
f 764/1866/1838 136/1865/1837 135/1867/1839
f 764/1866/1838 135/1867/1839 765/1868/1840
f 765/1868/1840 135/1867/1839 134/1869/1841
f 765/1868/1840 134/1869/1841 766/1870/1842
f 766/1870/1842 134/1869/1841 133/1871/1843
f 766/1870/1842 133/1871/1843 767/1872/1844
f 767/1872/1844 133/1871/1843 132/1873/1845
f 767/1872/1844 132/1873/1845 768/1874/1846
f 768/1874/1846 132/1873/1845 131/1875/1847
f 768/1874/1846 131/1875/1847 769/1876/1848
f 769/1876/1848 131/1875/1847 130/1877/1849
f 769/1876/1848 130/1877/1849 770/1878/1850
f 770/1878/1850 130/1877/1849 129/1879/1851
f 770/1878/1850 129/1879/1851 771/1880/1852
f 771/1880/1852 129/1879/1851 128/1881/1853
f 771/1880/1852 128/1881/1853 772/1882/1854
f 772/1882/1854 128/1881/1853 127/1883/1855
f 772/1882/1854 127/1883/1855 773/1884/1856
f 773/1884/1856 127/1883/1855 126/1885/1857
f 773/1884/1856 126/1885/1857 774/1886/1858
f 774/1886/1858 126/1885/1857 125/1887/1859
f 774/1886/1858 125/1887/1859 775/1888/1860
f 775/1888/1860 125/1887/1859 124/1889/1861
f 775/1888/1860 124/1889/1861 776/1890/1862
f 776/1890/1862 124/1889/1861 123/1891/1863
f 776/1890/1862 123/1891/1863 777/1892/1864
f 777/1892/1864 123/1891/1863 778/1719/1691
f 778/1719/1691 123/1891/1863 122/1717/1689
# 928 vertices
# 1892 texture params
# 1864 normals
# 1864 facets

# 1 groups
